v,off,size,flag,key,head16
2,93328,198596,1,9221c31a,a50d0000c301000030ce0000b41c922a
3,291924,251756,1,168a494d,e4b7143ac588e24c09a22452a494124a
4,543680,87680,1,efd8bc4c,00666f7263656669656c642e70707400
5,631360,43892,1,8879ad17,c6a9796e357ca25e2d055ec13864ad06
6,675252,532468,1,25da211c,ffffffffffffffffffffffffffffffff
7,1207720,1674320,1,e988c4a4,004dfb1b004dfb18004dfb13004dfb34
8,2882040,530952,1,57e7aa9c,8def7de65a3f93a7fcf9c12195fb584d
9,3412992,3027096,1,d4e8ed14,bb3b0000001d0000003b080002a447d6
10,6440088,343400,1,97192ada,444884a2772b8b2242a3baa098f929b4
11,6783488,474881,1,d64f203a,921c0000ce010000c0cb00000c99b956
12,7258369,14998,1,94b2621c,4e47016a4269f9580d3565dc788aa1e0
13,7273367,11446,1,2971f5aa,087fcf4ebd91292924903f22d0b3cb6f
14,7284813,35137,1,249618e2,6b77db5aadb6b7ddda6e7db415d1de6a
15,7319950,14470,1,f995246b,6677a366dc11cc6f76a50e71c7f00cd1
16,7334420,17388,1,aad89e59,f101e5e5b367cf5e3479fc8c0d01ccc2
17,7351808,1472,1,8a43788f,00000000000000000000000000000000
18,7353280,534768,1,ba9348df,ff9847228faab50d85d7ada9aeabafaf
19,7888048,527620,1,de6d9a70,3400000034070000d9c42983e4000000
20,8415668,467724,1,5415271a,74006430315f30342e70707400643031
21,8883392,66560,1,0cd70a21,1de57fba571a91f130b6ed420a378787
22,8949952,337728,1,bc12b202,655f6d657630305f3032302e61726300
23,9287680,78088,0,90605a69,4e424900040000000000000000000000
24,9365768,552312,1,bd1c851f,01010101010101010101010101010101
25,9918080,274872,1,d40541ab,1f8b0808b245a44c0003707761303031
26,10192952,196424,1,ed78e489,ac42000066ce192b5101000074200000
27,10389376,844,1,99cde0a0,00000000000000000000000000000000
28,10390220,302772,1,69750eaa,a593c81698666d66353cc2fbb9b6faa4
29,10692992,56960,1,c78bd984,a639246637044433f53aa69649398608
30,10749952,380928,1,774e61a7,455a42494e4400000800000040000000
31,11130880,50176,0,da8ee93c,4e424900020000000000000000000000
32,11181056,373760,1,6a4b511f,f74d12e630cdff3e8713ebf93f2c8d22
33,11554816,322000,0,526e6ed0,4e424900090000000000000000000000
34,11876816,581848,1,6d8b2f35,ae2642473a038a8b567055a051552072
35,12458664,14904,1,5b45b40b,c4d8d1cdaf16e429d8bcda27e36ca918
36,12473568,106976,1,12909992,990f8c94b053ce228281d5dbe6e34b22
37,12580544,352,1,66259dbb,00000000000000000000000000000000
38,12580896,217952,1,076c353d,eb0000008a410000cc0c000066ce192b
39,12798848,48384,1,3a0c1c8d,62ee8447a42f7bf8be9d2bbef8bedafa
40,12847232,355704,1,e08cc9e2,d2030000283a000080c800009f6d3bf2
41,13202936,25032,1,79a63db9,c385be91a894e725025cf4b100c3e5ee
42,13227968,270784,1,8d6672c4,6cd27657f238a2c5a669f09124ca8e8a
43,13498752,90304,1,03f2ffa1,ffffffffffffffffffffffffffffffff
44,13589056,201600,1,eef3651b,617433004e4139305f303030385f3038
45,13790656,94592,1,2ff0b022,11000000ffffffffffffffff800c0000
46,13885248,1792,1,13b55dca,00000000000000000000000000000000
47,13887040,67712,1,58963aeb,63cb2f6df386982327ce34affa32e676
48,13954752,320,1,e85382c8,00000000000000000000000000000000
49,13955072,75280,0,e965681b,4e424900020000000000000000000000
50,14030352,401136,1,9dd06c32,a48c438b916003974fe3b129a1502cc5
51,14431488,1348,1,a5483966,00000000000000000000000000000000
52,14432836,11516,1,f929708f,15e2b7b76fd8b0a1ad8de87326107d77
53,14444352,8512,1,c449593f,9da6c78ecfd4092f996edf7f0723af12
54,14452864,32320,1,9076b59b,f201000053040000001a00004e54f962
55,14485184,320,1,20b30db8,00000000000000000000000000000000
56,14485504,75520,0,664a4f8e,4e424900020000000000000000000000
57,14561024,1728,1,11d23a99,00000000000000000000000000000000
58,14562752,47680,1,a11782ba,c0cb2614e54403a32d7cf74cc2687cca
59,14610432,172312,0,1c1a930e,4e424900070000000000000000000000
60,14782744,474600,1,1f36403b,7c832a198ffaea5fc77d3b0dc2e46543
61,15257344,1664,1,e544b0b6,00000000000000000000000000000000
62,15259008,17060,1,9ecc64cd,78bfb998026d1df30a73aaffb12259b5
63,15276068,55580,1,97464837,3e4fa7ea92a81619d0b9ee875fe55606
64,15331648,46784,1,2783f014,70707400464143453038365f30325f64
65,15378432,322756,0,a58e7ffa,4e4249000b0000000000000000000000
66,15701188,31292,1,21ea355e,396cc8b2a15ed7627f3037c0ab5ccde2
67,15732480,2048,1,eab6e6fb,00000000000000000000000000000000
68,15734528,256,1,5a735ed8,00000000000000000000000000000000
69,15734784,32512,0,d7d6cf4b,4e424900010000000000000000000000
70,15767296,408,1,033e9712,00000000000000000000000000000000
71,15767704,2038,1,3e5ebea2,e81ddcfeb9b77fee7adc5659f01f3d42
72,15769742,2023,1,79fec472,548c90162154889f32fcc432081dc1ed
73,15771765,3758,1,5d86bb2d,9fb99ef37fe7fcdf7fbef39f7b76b84e
74,15775523,8404,1,e84fcb0d,48e3b6914dca59a1f77a7843e2a55ad0
75,15783927,18978,1,15424a0b,255e4c9c8db1d40000ee2dffc7af00ac
76,15802905,7402,1,6832f06f,fca3dc6c613d4b59cf524a7f53f562bf
77,15810307,7504,1,646873c2,3f6c9d6ec6f8de60eb80db02b613d831
78,15817811,9087,1,d8c3da2c,7f92fb33e5f90d24f757c17e82fdb5e2
79,15826898,21120,1,25ce5b2a,5d6ddb0198f46f6a4aa7500dfa408cca
80,15848018,6816,1,51dc3880,8cfd87edc73e097d99f834ea93f1c569
81,15854834,8377,1,84eead16,f2c7be3fd3ec1b8e576b5f5b2fb8bfca
82,15863211,5964,1,599d4a3f,c363324f9d8bf8dd5b39d69f139ac464
83,15869175,21770,1,a490cb39,56beefe0b22ae78dbf74d93efe78aeff
84,15890945,5929,1,b15ae654,dac7df817781cbbe17d877709dd274e6
85,15896874,5856,1,bd0065f9,30566669faa0f4e0e0f491529a8618fc
86,15902730,4660,1,69115b1e,6166325f62735f775f61726d2e617263
87,15907390,23341,1,941cda18,17e8599a4bca365bf57416e829d4146a
88,15930731,7648,1,88b42ebb,8df5eead83a37c80f10f56a67edf7c3e
89,15938379,6079,1,b472607f,7cd94bd6ee95d74724fd45fd26951414
90,15944458,8103,1,6dc30f0e,9b91a14a97f64f4f8fb6eefcfd9dd09f
91,15952561,22807,1,90ce8e08,05c9d3e380d163ae7b89df03ba97f83d
92,15975368,7572,1,81c62b3d,aed3af933febe8177874c10fd3822699
93,15982940,8599,1,8d9ca890,cf22d4cfd4a7e56731ea27f069f97919
94,15991539,7869,1,5d4f1e2f,e0f9576bc9fce0cb1bfbf794f343a0bf
95,15999408,22976,1,a0429f29,75655ae7cca7bb404f79595e719e53f4
96,16022384,7650,1,b828e3d2,6db4f4b2bdf4ecd111d24d432d299f13
97,16030034,9396,1,c3ecb28f,12ea2774b4fcac44fdcc1e2d3fab503f
98,16039430,8239,1,d00963c0,b4c9c63e5d0b75ba22627597a8ec597b
99,16047669,21291,1,2d04e2c6,c7d81f0179fd528e175cbf4e5e58c658
100,16068960,7302,1,f658f9cd,bf7f7050b0474090906f4d9e3fd69f9c
101,16076262,9841,1,fa027a60,dc689bbe167dea171932e984ad7fd3db
102,16086103,10947,1,e08572e1,4b79bcfdcfacf25c7cadec7f2544ff47
103,16097050,23088,1,1d88f3e7,7eed8bb26579cc6f41a1dd433fffb64c
104,16120138,6332,1,cfb63122,3f62a602d3fff8ad5d73677ee6cfc8ad
105,16126470,8302,1,792f53ca,373b70e5da6542c1a906e20fdb66fbf5
106,16134772,8877,1,d605153e,b8dee5d7c73967f478edfaae4cf634e0
107,16143649,24293,1,2b089438,7bbd7fa3b232f3455c83cfa7573edd79
108,16167942,4066,1,4c9b1888,89266ecf74e728d7071dcfd727d50147
109,16172008,5776,1,40c19b25,9ff46f4547b7e50ef9e0f33d753b727f
110,16177784,9351,1,e689041f,79bf95acfec67f6df06bfce9817f2fe7
111,16187135,23869,1,7575d067,2a93eef94dc2c6ddf916febbf3131146
112,16211004,6379,1,976337a9,90d7debfb9cc37f8673ac473d55f7163
113,16217383,9287,1,025069b8,50e5d0fbd316b5574f9b13abe5989096
114,16226670,22028,1,ff5de8be,ca985b5383555322760fdd18e18f9e07
115,16248698,6046,1,a2d77ceb,1cbc525a5d3064c84aa36cc84aef3629
116,16254744,7717,1,ae8dff46,a65e2f4bdfd418f060f7ab5a5fd7afdc
117,16262461,9808,1,32dc7899,a7fb1ba78c4d653c0bbfdbf0a46bf94a
118,16272269,21460,1,cfd1f99f,e43f87d69bec9baecda55f08863e1f26
119,16293729,6083,1,9b39b404,72897a1e620e3986ea70b0f5e0fc8d55
120,16299812,7648,1,076820ce,1d197b927d4b57aef972f01ed51edd40
121,16307460,6743,1,d1169654,f2fa41b4ff79d43f2f6d525611f797a8
122,16314203,21349,1,2c1b1752,a5960865cfac5926fb6c69cfda3719fd
123,16335552,7156,1,32dc6b8c,9ccfda77b3f607c877677f48e773f1bd
124,16342708,6762,1,3e86e821,e7a945c7d2fed9fe115ac5964f06af1a
125,16349470,5870,1,e19a8775,c9ae14cf2726a57810b98ff5136afd4d
126,16355340,21236,1,1c970673,325f6b675f775f626f64792e61726300
127,16376576,7324,1,0b32a363,13cee7cedf25752b1be72d51686264fd
128,16383900,7777,1,e855852e,7587291ebf4ee9f0b3c1d711c8864b6f
129,16391677,4902,1,71f34989,6a71dd32cfdf1b90d6db71b71da8d9b8
130,16396579,21839,1,8cfec88f,785181afaf2f0ecac928cce240f9d94b
131,16418418,5160,1,dde1ce6c,f8c252311e3a177406690ab6de48f943
132,16423578,5569,1,d1bb4dc1,8d7f5c9f0de34d6bb4ebd7b0f6f4fc12
133,16429147,7392,1,417f58a8,62ae977ce4d4bc1c7ec6bc3c03fd75cd
134,16436539,22821,1,bc72d9ae,689bc93ffbc69bfd8bcfcc4cc98acaca
135,16459360,5244,1,e40f0683,cba8994e69a37b56609e0870fa7cfeb5
136,16464604,6385,1,e24f17e9,4fdbf777d50796df99fae0af37c4f76f
137,16470989,8169,1,74f90408,dc26a9fdc1f697cd9f282e323c89bd45
138,16479158,22106,1,89f4850e,96ffc456695de0823c966d036f4fdbe7
139,16501264,6618,1,d7fb5cab,ee7395fa2b0a0ac755d4bd18df4ecc75
140,16507882,7705,1,dba1df06,e73f97baa78bf20a69fbf02fbab71c47
141,16515587,9339,1,44751529,bb46b67a0dbf7b698da7d2f3639ea42a
142,16524926,21398,1,b978942f,ffabe7ecbf6394fea5d6dbb07fd537a6
143,16546324,7564,1,ee159444,52d9f86c6a3731d7e3fecaf58d973ae9
144,16553888,10055,1,f67a3267,d69e773e749f5de6ce2c7e4e4bc2ed1b
145,16563943,7329,1,7eed9f0a,b3711cae16a13d502d40325e2f908cd7
146,16571272,28468,1,83e01e0c,1cb737e9fe08fe102e99ff54adb7d8f7
147,16599740,4919,1,c3ce7925,9f3ad9e3a3d8d1ac9df9fb4eb33f6590
148,16604659,6727,1,cf94fa88,17d5fb637a26fef7e38479811d5677a8
149,16611386,6591,1,4e618e2b,0e8828e080c84b4d6146b3424daf9985
150,16617977,30887,1,b36c0f2d,d23367416e714a0e7d47eaf4f4a2eaa1
151,16648864,3566,1,fa20b1ca,6b81e6f7095fcb884cc5eafd3e593f14
152,16652430,7946,1,545f1ad9,e0b3103e95f0f9063edd7a18ed5905ff
153,16660376,7200,1,529624a9,fc0b1644bcd836fbe272d90e197ff325
154,16667576,24123,1,af9ba5af,e811316cd9f831853939c5bee46f1a5a
155,16691699,5993,1,61eb519b,b2d9c7f788572266df0fd9efddb75bf1
156,16697692,7483,1,6db1d236,b1ecc8713bfd1bcb8e1f6ee7f3c6b2e3
157,16705175,6980,1,621a3588,f6d9d5e53bc63ab379862d4d60c48bcd
158,16712155,24643,1,9f17b48e,b252c56c8543fcf8b2fc54142247a10e
159,16736798,7313,1,58059974,d92f5d9d1f507aab76848b9aabb7be3d
160,16744111,6883,1,a54301b5,e9a3ee9a26985d2117800d1142dbd03d
161,16750994,6619,1,166315c1,97262e4f94c52fd7165ba7c78fec57ce
162,16757613,17887,1,eb6e94c7,e4bf73e2cd231df59fb83d675f72ceda
163,16775500,7776,1,90f74af7,fde3528c46a7d32be3f1a3a22bd0fd77
164,16783276,7369,1,9cadc95a,69c53d7fd4ff88da671c76c404331b5c
165,16790645,6797,1,26ef04e0,3e1d5f07fd59cde9afce3cfd3598b68f
166,16797442,23473,1,dbe285e6,385448ebd35eb5d72c2ecf36daf85f68
167,16820915,7049,1,a9198218,6e7354101a42caf394ecd204b6f4fa84
168,16827964,7407,1,4df6cbf6,2c21c78ef3f79b16e77020beff71f0ef
169,16835371,5443,1,f95eb021,d1c3a85d9e6c3e659ffee80e57bea77b
170,16840814,24409,1,04533127,a767faa86e183a6376be6f64e6c7abf7
171,16865223,6074,1,784280b4,0b2127fe7909fdc1ab52c8415a33e770
172,16871297,7096,1,74180319,b4ba9043be9b35d8386bbaab22fc0b97
173,16878393,6232,1,c9d2a100,4eb19f39aba1cfc3f234edecf274fdc9
174,16884625,23610,1,34df2006,01b6fe90e79deaa3662f6571ebfdf86e
175,16908235,6045,1,41ac485b,93f8ba84f6905529e460a9a973f8b813
176,16914280,7668,1,a38a7f07,c31590478cd053e8f9730f1cca6fbf3a
177,16921948,5036,1,330a0e1f,740d2bffe893382b27e3e6b3c7b2cb8e
178,16926984,22172,1,ce078f19,d9888f64a5660a90ec9c5401525022e0
179,16949156,6878,1,963e3445,2cc9edb00420bae93d353adfa3eaf9ed
180,16956034,8419,1,9a64b7e8,4cfa2d81fe499c0f4a02d33595fe0d64
181,16964453,6002,1,03861f3e,311ec5f5cf12c6fb32e299fd21bfc4d6
182,16970455,27085,1,fe8b9e38,a4022bf5a907c74e16dc17ac1337a991
183,16997540,5459,1,afd0fcaa,65bf86d95f6b9f3841edcf7ef52ff06d
184,17002999,9320,1,b86a8d83,be3df5f891fe06f5a8c6fece9f717fad
185,17012319,5163,1,d9c4a9d4,6b9e134f4b450cff26879e67bd792287
186,17017482,21596,1,24c928d2,0214eb42b22bf4e07a4cb92e905439a7
187,17039078,4310,1,8ddec6c1,0cfebb35331f5a0cdef9be990f2d06ef
188,17043388,4262,1,8184456c,ad256f5e99efafcc475db74f78117446
189,17047650,4231,1,e948b8f5,14f0c07a40bd38b2d3f7cddbd99df766
190,17051881,25554,1,144539f3,09e879a6d38cfee8b3331c3f48029c46
191,17077435,3695,1,b4300e2e,ea89fe8cea7f61c997cffc5a59a57488
192,17081130,5655,1,e6cf4af0,826968bc7cfae563efeeebe2ef4fe8f3
193,17086785,6337,1,10962c95,3ff27abae701f01742481767f43f1527
194,17093122,22765,1,ed9bad93,1f499e2461664ff8416b90addecfb222
195,17115887,6974,1,d37b01b2,add2cb754a4fb810d4fdf759e3c9f8a4
196,17122861,7005,1,df21821f,f670033e1bcac22b42b0fae454c3f6ad
197,17129866,5969,1,201a3db4,ce5d367498c9cc3a9a1f29b3ce3e2225
198,17135835,27156,1,dd17bcb2,95351cf51c88bfafeb8ebff73041c1ff
199,17162991,6624,1,ea95c95d,28d52839e24250f7df578d27e3939cdd
200,17169615,8393,1,de179581,f56f97c6ebf367b87f39f699f3d5d9d7
201,17178008,7442,1,37acb5e0,edfe138edfb620ef38a31443ffb02973
202,17185450,19019,1,caa134e6,75869e0820a80b84d5e6ac9e61405c17
203,17204469,6687,1,eba3dec3,4e5c74b43f754edf0da18c40840a5408
204,17211156,7245,1,e7f95d6e,8f013c1a623a661f41a5f8082a8544c6
205,17218401,7585,1,0720a4c1,869f9508d3c783f88fc6fe072d710b31
206,17225986,21495,1,fa2d25c7,082f59765abd24559d915a969aae5d5c
207,17247481,6391,1,d24d162c,a1b8be08a5a91072a23e1338211dd034
208,17253872,8248,1,55cc89b6,45a6ff76a3a18bde6700e4312e01912d
209,17262120,5896,1,077f83ba,8d991f56adf1409c270caca1069b73f3
210,17268016,6244,1,867e34d2,d70c6b7a5df6acef51bea4c5c89ecd37
211,17274260,21564,1,7b73b5d4,b8b79cc8c610fc2e0071f418001b733d
212,17295824,5741,1,32cbc8f8,fad99af6a2fb95ea31936be08550e642
213,17301565,6092,1,3e914b55,b95642c6464c2e1bbec336be0cd33763
214,17307657,5323,1,b6f225f3,0361665f62735f775f61726d2e617263
215,17312980,22617,1,4bffa4f5,d747c6a35c1f3583236c5a1f82f1ac7d
216,17335597,7583,1,0b250017,9a64e076f09dc098cbde3c0e7fd04501
217,17343180,5906,1,37e34ed3,a93f2cafdff0fa2bf52bbeadb427fa11
218,17349086,8026,1,b22071e3,90f4d0f4f7c9b818db18ccaadfec03d3
219,17357112,23132,1,4f2df0e5,95100781522efb729060037ba3ec2ff8
220,17380244,7623,1,02570591,fd84d7962e8a1e82e7dc900c8601b077
221,17387867,8313,1,0e0d863c,ed844e979d4cd44ed874d9598bda099f
222,17396180,8502,1,82ac60c2,bff9c17f1f7cd0f1739767fc9b945db0
223,17404682,22773,1,7fa1e1c4,aae9a4f38fa693ce3f9a4e3aff683ae9
224,17427455,7511,1,3bb9cd7e,e5390fbd70fdea637df4e59f1c8ffec7
225,17434966,9662,1,407d9c23,e5271df513f9b8fce4a07ea21e979f55
226,17444628,7699,1,0fea1d2d,5b29dd6b7b095b96c965d347b30e434f
227,17452327,21552,1,f2e79c2b,f3a4945953d579d306fe1e1a3577cf99
228,17473879,7529,1,75c9d761,7368b1bdbcbe32be9192828239c57332
229,17481408,9431,1,799354cc,e4196dc93433986c089c41e16dc3bfd8
230,17490839,10900,1,3f660c0c,19fffcd873439fcf1918f89a0f1bdfdc
231,17501739,23314,1,c26b8d0a,2fc5799bca5f0d979255f21faff68af8
232,17525053,6244,1,4c271f8e,86d90767497566a7d4abe1f023a72bd0
233,17531297,8461,1,fabe7d66,71b89f377bca4f3c379f1eaa9b829b4f
234,17539758,8789,1,09e66bd3,7f319d9f3b329fb7ef4fd81f26f96387
235,17548547,23997,1,f4ebead5,e08e37eeef3f743ee8f35763c9f9e08e
236,17572544,4628,1,cf0a3624,3bcfeeaff67c3fe1ed2e82b95ccef753
237,17577172,5600,1,c350b589,71fe0e7ae42ff3fb36e4afc9df6c66f2
238,17582772,7689,1,396a7af2,2ee773f63ddfd5fe40565edfbcff9574
239,17590461,23531,1,f6e4fecb,efc700d8326c53d929f87db204fea806
240,17613992,4990,1,14f21905,f9afa0f5aa7d13e4bf31d3fe1336fb1f
241,17618982,9680,1,ddb31755,3d9a4aa688973c2a8a1afc9eb88fdc44
242,17628662,20994,1,20be9653,de717d255fffb0fe08e4eb17bf5eb07e
243,17649656,2697,1,21465247,f3e9f507620df91bacc2f0bc002d0000
244,17652353,7465,1,2d1cd1ea,82e92fd937ada4ba4c63fadcbb37c466
245,17659818,8327,1,ed3f0674,15c39ac4b163dc17df9f8edbf6e0d127
246,17668145,20416,1,10328772,104672c380dcc171415054641b590402
247,17688561,2771,1,18a89aa8,378da8417fe657307b9ab4ff32ccfde9
248,17691332,6880,1,84f90e62,a57db92b8b7a621fb1ff40fecc4b93ba
249,17698212,5372,1,0ef5e8b9,6a4cfae6ceff443bc99ea4b0f0d9ebef
250,17703584,20615,1,f3f869bf,e9103d010c3d45d948519803f4f4c6e8
251,17724199,5948,1,b14d4520,dd2d2323f6297a976b9b2fdaa71fdd81
252,17730147,6225,1,bd17c68d,1d25bcffe2e9afdb77deccb93536ee6b
253,17736372,6442,1,3e79f998,bf33f383adefefdf5f697ec0fc6beacc
254,17742814,20359,1,c374789e,fe63d6e68fdf9e8d2f31bb70453e2938
255,17763173,5790,1,88a38dcf,74db551dbc7cf2be0868fc75a5fca333
256,17768963,6822,1,6bc4ab82,60d3c5af5ffd65ffae69aa6facb3708f
257,17775785,6084,1,ae103764,b35ef2f4f8f1e7678e7ed5fe52faa978
258,17781869,20765,1,531db662,b63f4017d7379b7f9d589fa58c67e3eb
259,17802634,6214,1,5e70e0c0,8be934db80ccecc9bdf6568c9995d36b
260,17808848,6636,1,522a636d,3773630748941f3d54bb26e3170dcbe2
261,17815484,8237,1,9e9c2645,18536e239e66fa125e53676577267eb1
262,17823721,21871,1,6391a743,4d1a0cd1458a97bd22fddf6f1856ea70
263,17845592,5746,1,679e282f,844aadac92dd5714ce329b6db6722aa1
264,17851338,6178,1,61de3945,31f7c5faaf675f4dbab3314e37238ad6
265,17857516,7860,1,ab1a7ae5,bffade34d7d30b9aa7bb592bcfef6dc6
266,17865376,22978,1,5617fbe3,63b89ec9a6d0f338e09c0b3cabcd583d
267,17888354,5911,1,546a7207,49af7f12f645c7cbb7cf9f2f54bf2afe
268,17894265,7789,1,5830f1aa,e3eeb878ac3d513277e649ad7dc6f5a7
269,17902054,9292,1,9b966bc4,42cd8bb85c8629eccb6390b5805bb7cf
270,17911346,22038,1,669beac2,7fff62ea05fb575dd332acffe9345e19
271,17933384,5625,1,6d84bae8,2fafbcf0fc2735ff5588e5af329afc25
272,17939009,9421,1,75eb1ccb,e55b3c2fca3a4aa6b3af89816ab37efd
273,17948430,7503,1,a10ee1e7,c0f82596e48809bc0b65883944ecd211
274,17955933,28266,1,5c0360e1,1ff39bdf7fb5bc3fdbb39eb7ef1ed487
275,17984199,4890,1,405f5789,fc7da7e17f254b2d7069b58771efd23c
276,17989089,6855,1,4c05d424,4e9a7ae2cc8aa61ee3d557e0c745fdc1
277,17995944,6312,1,9182f0c6,af25f8b612216d3ff2bcb8a17e29c12b
278,18002256,31073,1,6c8f71c0,1f834ceb98cb9cfc7c4da11190ba7563
279,18033329,5302,1,79b19f66,fb7b09bdc2a6ec36f2c31e7b5d7c1fe1
280,18038631,6450,1,d7ce3475,5e564a84139e5d91d76d147fbf1880c8
281,18045081,6669,1,8d755a44,63884020473f9b27224c00b0eb138140
282,18051750,24552,1,7078db42,5baa87ec8e857a064af5f85b43cf2010
283,18076302,6045,1,e27a7f37,874d79a37f61b1b3e658710d8f7df7f7
284,18082347,7338,1,ee20fc9a,52ff4ad78f19df036f1027177adb65cb
285,18089685,6487,1,bdf94b65,29bcbb135b339fe217eee9c4d67c70b2
286,18096172,25151,1,40f4ca63,002e8860ad4576590411912252aa620c
287,18121323,7262,1,db94b7d8,7cb37d2f203f2cf203fb372b3f04e79b
288,18128585,6941,1,26d22f19,121c638e9447a79755c736ae6e569d35
289,18135526,7487,1,c9806b2c,2c2393e473930c87a7bc7170d591f4bf
290,18143013,17057,1,348dea2a,70922ddc34005d440fad3e286c6076f8
291,18160070,6046,1,1366645b,89fc6e1e5d9097f024cd3067f21e645e
292,18166116,6357,1,1f3ce7f6,f2b31cf733a9a7fcacc4fd38052eee19
293,18172473,3860,1,f90c7a0d,14e223613a24e736c9b98dd8b7fff1a5
294,18176333,22176,1,0401fb0b,bb3ff719f93052c57ed66101ba30e862
295,18198509,4574,1,2a88acb4,07de2d6a7e5fc72a5431871d4b7bf76a
296,18203083,7097,1,ce67e55a,b2b6f51f5956d96c74b25e3dc74eb55a
297,18210180,5174,1,26bdcecc,a7c7c4cbdbba3497c0b84e8c80e4ad31
298,18215354,23300,1,dbb04fca,9fa22c4b9b9e56aace5285a425da404e
299,18238654,5433,1,fbd3ae18,8ec8d73f8dece5e35352ffc6848fea57
300,18244087,7069,1,f7892db5,cfdeb461c3a68d9bdaba36d2741bf6fa
301,18251156,5822,1,1631dfed,6b83c76c56e836a25136a8a8187ef3f1
302,18256978,22636,1,eb3c5eeb,c1e8af5fb77e42fd0d7d8cc49eebf678
303,18279614,5404,1,c23d66f7,1f55fd53857f46a17eb5afbf46a87f1a
304,18285018,7284,1,201b51ab,5ccfb4dbdf867e0b66cd0eb7f04afe6d
305,18292302,6383,1,ece970f2,bc9fcef86e04991dbee441e9b911a416
306,18298685,24076,1,11e4f1f4,968c6f8d8f7e1bdf54fb2727df0d3ee6
307,18322761,5764,1,15af1ae9,3b2fa5fcccb9d8b64453af8e2d58d26a
308,18328525,7665,1,19f59944,b35f5b46b63f5e7d021f6424327d439a
309,18336190,7733,1,dc6561d3,942b9997a1273c82b03a987084591759
310,18343923,25903,1,2168e0d5,b3fe7ff670b1e75f93e5e9fcda899f8a
311,18369826,6643,1,2c41d206,db96e06d4828069d7632776fafbd7608
312,18376469,7995,1,3bfba32f,35732067214e6fc187b0ca31569ba7be
313,18384464,4813,1,0627d739,793f5ef3cd14323b5cce77dda7a7905a
314,18389277,21913,1,fb2a563f,2c0502a06459b110282d5b26042a5709
315,18411190,4553,1,0e4fe86d,b06465068470f313964e6bb8110a3990
316,18415743,4768,1,02156bc0,376cf2ced973cf39f79c7bcefdc85eb8
317,18420511,6168,1,36abc618,57fed46756b63dd6f4e580ed63f21bfb
318,18426679,25183,1,cba6471e,8c067afb8259e233826f87e43613ed8c
319,18451862,3314,1,37a12082,786f75dc1769c7906478b79a0402d840
320,18455176,5953,1,655e645c,9f09f51b4d517d2f3c3f59f2cf9bf14e
321,18461129,5707,1,cf755278,615ebca5e0f463a3c767653e8c8d377f
322,18466836,21898,1,3278d37e,64792e61726300cc5c095853c7da9e00
323,18488734,5131,1,50ea2f1e,2417743c51fe65f1f4fe112235713566
324,18493865,6124,1,5cb0acb3,b2b24be7dbb4f768bccd19bd4dbb642f
325,18499989,7569,1,fff94359,56ec30960296f67bab9c4bda69e32d62
326,18507558,26225,1,02f4c25f,67d27a9d7dadf65fabe41bf19f49ebd9
327,18533783,6220,1,6904e7f1,7baf9557a6d1f912eaf8047c9346e79d
328,18540003,7770,1,13833d26,f1d19d9a51423ac4ccd034b7dfea4754
329,18547773,9183,1,c5dade3b,74beab0b2bdbc5fe3158a9be4afb5f24
330,18556956,10114,1,2dc5b01d,54d5d63fa3c20823323ae0ccc08028a6
331,18567070,7616,1,e69963b8,4cb5ccc6194aa55a862ca8bbeeb9ebea
332,18574686,12369,1,600d1116,ce4adaa5e77b87f25331947967f223ff
333,18587055,8435,1,ab51c2b3,2768f2b0f29d378f2e4372be72f1d098
334,18595490,6382,1,b654f20b,32c4e0eb4550f7389f718f83e639dd0f
335,18601872,13120,1,7d0821ae,ec09fd72a7744d77ef7c841a584df3fa
336,18614992,8139,1,fb9c5300,f35767cbf9309537c6f796e783a4bf8b
337,18623131,8262,1,30c080a5,7f101dcc6fc9fc4b15eb7357f425f8fe
338,18631393,25988,1,c1963270,ec4774853c4f7cbdea9be293f6363f40
339,18657381,8165,1,0acae1d5,bf3bb3f3fbedec3c7eece2e6e7fe3fff
340,18665546,13411,1,7ea8e537,eb47ae52e01a2a948aa2f1a589bbb9a9
341,18678957,11826,1,b5f43692,3e3a5f1bdf5b819dcf5d1acfdaa7e77c
342,18690783,12732,1,2e657484,0fafff71235a753e64c70bf9fd51e703
343,18703515,12112,1,a8f1062a,17dcff797cb6fb3fe7fd19bb7e53cefb
344,18715627,13977,1,e937f41e,ce2178cf05f1903400febd62b068dff2
345,18729604,13871,1,226b27bb,61e40ffdd31d6f758dca5ff3e6d3f59b
346,18743475,5363,1,a4ff5515,dab65a445f45efd95201307d56dbb61f
347,18748838,5172,1,6fa386b0,cdd7ffabaab87fd70ef0bc3059bb6bf6
348,18754010,15963,1,72a6b608,738ed8c8f179c9c7e070cbdf88e471ff
349,18769973,14431,1,b9fa65ad,5dea82965d89c82a2ab60ad1cfa56a71
350,18784404,15024,1,3f6e1703,097d333af6a167c12c446b12c4566bcb
351,18799428,14301,1,f432c4a6,d9562925434c8a687b97b7ab4fc5c79d
352,18813729,13070,1,05647673,c63ecdd16dab7efbbe49059d326adfd8
353,18826799,15740,1,2c90ca90,d55f8241be992ac7522e02e4441890c6
354,18842539,15374,1,e7cc1935,92a222f8ee21fb6f33037e3a32a84aa3
355,18857913,8957,1,61586b9b,e82a7c307be95c0b54e53e2357376109
356,18866870,12514,1,7c5d5b23,1f32ff3666efb53e38ede9fcfeacf501
357,18879384,7903,1,fac9298d,5b34fad1b508d334f7d9facf459ff1ff
358,18887287,12986,1,3195fa28,f8a0431cc4c7855925b8560aae959c7f
359,18900273,16736,1,c0c348fd,cf9178f2868855977fbf7ff0079c6906
360,18917009,11625,1,0b9f9b58,d8b39d9effb202cccb7cc91abb74dad7
361,18928634,12996,1,8ae7c124,e3547ccafffc6b8e6edf04df70767750
362,18941630,10833,1,41bb1281,9c679b848e94dac69a37f8abf36d9f79
363,18952463,13653,1,c72f602f,c2716e629a062e0bf9bda4f59c8494e3
364,18966116,15034,1,0c73b38a,2b8837d34c4336adc8796571be456fff
365,18981150,13189,1,11768332,f0973b26d2c3e6f86b70f1ff5a8239b3
366,18994339,12680,1,da2a5097,995fd2fb6d34bf8a6ff068f34f257969
367,19007019,13313,1,97e2f19c,4de9696793ea77c75757b9bfbd4b9d80
368,19020332,15328,1,66b44349,635f407c7a328bfbe4d57f9ee2337d65
369,19035660,9405,1,ade890ec,d67f6969cf1807835e4817c74e6584ae
370,19045065,8470,1,bb0fdbb9,fb51614f951f8cfa86f87eadfcc0f6ed
371,19053535,9352,1,7053081c,28324553f9c7e4f6b8ccbf4cbfba9fb5
372,19062887,9468,1,f6c77ab2,0549be7c6ff8869d7be6dcff9c7bcfb9
373,19072355,8073,1,3d9ba917,4523fbf09849ff7f680bd8f8c9a33fd6
374,19080428,7536,1,209e99af,78f5abe7d6b738f56f48f399fa32b5df
375,19087964,8738,1,ebc24a0a,6bf5c31962423fad9a1d46d78d46d72a
376,19096702,7536,1,1d78d00d,33f1b5d3ffca78f3f71199bf86b18ffb
377,19104238,14914,1,d62403a8,da67dd4bc97911548a6452fbe21844b4
378,19119152,16228,1,50b07106,cfaa488ab901dbc7d6f79dc32c47557a
379,19135380,7993,1,9beca2a3,b73fc30fbc7d567e7a84ecf7539a0f4f
380,19143373,17478,1,86e9921b,7fb0ea5bfdfbadf607c21fccfea0ebdb
381,19160851,16087,1,4db541be,e8bf7ac86242af956f97bbc7d0177b1e
382,19176938,10595,1,cb213310,3bbdd44a0e0e36d353653ee1d9733ed4
383,19187533,9459,1,007de0b5,c0b2b8f077eb9f8c6a4a5dd355e02393
384,19196992,8223,1,f12b5260,b33ea99ec045f6ef7ac6abfcd32ce2eb
385,19205215,16257,1,eb30a0e4,7a7fe3f9ca74fdc3de1f81e9faa5cb17
386,19221472,9247,1,206c7341,eb7db9e57f2e8f34594282fe4cfbc7fd
387,19230719,11401,1,a6f801ef,47b70a17f0aa6515e864e5433cb21e10
388,19242120,17091,1,6da4d24a,af3a92faa5f30feb57fda5444cfd33c9
389,19259211,10538,1,70a1e2f2,7c2cb996d124a5a4cf2c429a02a5877e
390,19269749,11632,1,bbfd3157,7f89f97f99f9d699f9be31c7c8f1e1c3
391,19281381,16403,1,3d6943f9,7da4ec7b94b7a5f73614bb1f05b26234
392,19297784,11794,1,f635905c,63f4e28e1c20694accebbffddee4531f
393,19309578,5689,1,07632289,8f6f3efa8cf8589b78bef673373768ee
394,19315267,5862,1,cc3ff12c,8367fa661ebfa5882abd7e3a6a1f5d43
395,19321129,7564,1,4d47ab50,5f8f9a25cb990cd7bdf0cd078a2e1c79
396,19328693,15572,1,861b78f5,7fce9794cff552ca0c873abb3ef77dd7
397,19344265,12022,1,008f0a5b,51e154f708fdce43f6f78be77044fae1
398,19356287,15992,1,cbd3d9fe,3b26ecc3fc0c07e97628d7efccf455e3
399,19372279,7184,1,d6d6e946,21c2ce0df6ae71e086867b1db89191f5
400,19379463,13654,1,1d8a3ae3,fa41ff6a1ff700d3ff46353f7cd9ca15
401,19393117,9515,1,9b1e484d,eb9b6cda59731de657c7372edc588b6d
402,19402632,8042,1,50429be8,8f56a3d200d7ab8f36bf7960e31afd67
403,19410674,7080,1,a114293d,ca67389255656b8e72d68d2073676b6e
404,19417754,5746,1,6a48fa98,3b02f6f1fa0c564bfb83e7373efd507c
405,19423500,13336,1,206b592f,bdb90cd5f9e0c327ca4dfce1a93af725
406,19436836,5411,1,a6ff2b81,8b9ef3f874b2131e8af2bd4fd5bfbbb6
407,19442247,16112,1,6da3f824,b37c79a0f548d58d95f639c377c45be4
408,19458359,15496,1,70a6c89c,96a139509411356fa6812afe5f0f3f0f
409,19473855,18271,1,bbfa1b39,494b47aca1862de292041296bb2669a1
410,19492126,16140,1,3d6e6997,d37c223eb1fe2c65bf85e8afed8b4e63
411,19508266,5924,1,544d30cb,81a9abebfbea3b8961bdec7607a77573
412,19514190,14754,1,2a6df5c9,59b7cf420efbeefcef3b22ffa9b0ea83
413,19528944,9109,1,fc3416d4,3fee68f547da7f7464a059af1b92984e
414,19538053,10006,1,1d49a13c,f59299fef65eeb7c7ef79cf33bbadff3
415,19548059,6597,1,d6157299,9295614692a9922103aadb67669eebd9
416,19554656,9293,1,50810037,d0f909fe67fc4c65fab1fda7dae3852e
417,19563949,8432,1,9bddd392,997defc1a1ba6548ce035b1968b40aeb
418,19572381,6375,1,86d8e32a,917614b531e47a51cc3deec8b9c7d1ca
419,19578756,12849,1,4d84308f,bd0f85deef639bc1e8d341c50a69a55d
420,19591605,9583,1,cb104221,b737f9e73caea060ceec39b9bad95cbe
421,19601188,6944,1,004c9184,7b5d30e9cf47687f4ef80e0ef2085bdf
422,19608132,26582,1,f11a2351,972f5f7e28a68b286318f6f973d5d397
423,19634714,7719,1,3a46f0f4,2f6d8520f0bcbc121dbeafec73da04c1
424,19642433,13226,1,47462dd8,079ca728a2608c9018410ca888888209
425,19655659,12010,1,8c1afe7d,1d72bf9871d759ca2141b4ebba2e7c6f
426,19667669,12710,1,178bbc6b,4bc1a232142f14b03296e6dcc94b57ef
427,19680379,12141,1,911fcec5,495bda12cdd6c599c1dd8402a215553f
428,19692520,13969,1,d0d93cf1,3d04ef39221e9206c057cbdf16ec4c0c
429,19706489,13925,1,1b85ef54,6f66921b8f6e323ac0aa1d3afed03ff7
430,19720414,5283,1,9d119dfa,0b209f53dfdca82d5ebad8b4d8343ca9
431,19725697,5212,1,564d4e5f,f1d26bd740a7aba8eb91af9acbaf6fec
432,19730909,15968,1,4b487ee7,b191e3f3908ffee192bf21c963fe45e7
433,19746877,15324,1,8014ad42,f113215a575ab5d5f7b4b6bccae7d285
434,19762201,14147,1,0680dfec,48f371dcf0f351db5d6f681fbdbf4b6c
435,19776348,14293,1,cddc0c49,fcd6f969b7d77cfe468913231645b11c
436,19790641,13050,1,3c8abe9c,d1fbcbcedf84e8e5f131093c450ca79e
437,19803691,15802,1,157e027f,1d494cc45381ec6642e096b15ab7a0cf
438,19819493,15322,1,de22d1da,d0b05fbd03ed7d08fda6f627fd932766
439,19834815,9368,1,58b6a374,d92799d28a2444ea4beed7db4e80a60c
440,19844183,12043,1,45b393cc,f5abe2ac12a97f26b527f3eba0fe6968
441,19856226,7926,1,c327e162,e985de85796ca973f5b3c549c661a2fe
442,19864152,12784,1,087b32c7,02e3d6acb4923ed9be5706f93cf462ae
443,19876936,16971,1,f92d8012,7e08d7abeb27560187cb7ffff707251b
444,19893907,11674,1,327153b7,55dbfe6d0ccbe70fc0bc6c133e74be6c
445,19905581,12941,1,b30909cb,ea3b4353639743f800f707bb3db33ebe
446,19918522,10813,1,7855da6e,366c0fc365f14f4f4dab2cb934ed744f
447,19929335,13810,1,fec1a8c0,5c5c58ac14177f204c8a4b484896e292
448,19943145,14879,1,359d7b65,78359c975d9e81f7ab2eecb7197835f4
449,19958024,13226,1,28984bdd,5b446abd8b1efc1926bb264eec2468dc
450,19971250,12649,1,e3c49878,bc74ff14d73f8a7ed9f54af44be205ea
451,19983899,13319,1,ae0c3973,4fcc2e54ebd60d65afba73d6d553dd1c
452,19997218,15335,1,5f5a8ba6,5fe0d85f7c70d19bea3f63e66bed0b10
453,20012553,9399,1,94065803,ff3db35f90f979bc6d343acd68ee2303
454,20021952,8465,1,82e11356,ddad1d2575ed3dab0f9f78f1e8cece35
455,20030417,9361,1,49bdc0f3,80c32f52ffcadab7e58f13111a1c45a6
456,20039778,9464,1,cf29b25d,ef0e5ba6b1e0264f9e7f78869d7be6dc
457,20049242,8067,1,047561f8,0d2e415fd61bab5e7eb7e439b7bfeec0
458,20057309,7621,1,19705140,f56f44f379f689d53f39f9edbcfad575
459,20064930,8591,1,d22c82e5,afcff97afd92feccfdd166e3fe68a3ef
460,20073521,8061,1,efcacb47,9921bd5c1ffcf66cffc432604ff5bff7
461,20081582,16351,1,695eb9e9,35245847d2f49d77d797c0478f5efe4d
462,20097933,7820,1,a2026a4c,fd99fcda5c2ef368a5f023c89b6766d5
463,20105753,17502,1,bf075af4,2cd12ef1c58be11533333b7bf14c8b2c
464,20123255,16254,1,745b8951,340cd645899c8d8f9ffc6262b15071f6
465,20139509,10558,1,f2cffbff,3c489b55a25df0d827b95979f2dd2d1c
466,20150067,9484,1,3993285a,7bc86f97bbf9b2d4ab5f3d3388540c7c
467,20159551,8052,1,c8c59a8f,1ba67191fd1bcb78957f9a453c56fdce
468,20167603,16420,1,d2de680b,5297b23abbb5b5b5229e9113174ca54b
469,20184023,9255,1,1982bbae,defe61ff5adabb5577c847dff4d76d4e
470,20193278,11199,1,9f16c900,8b38d5b21674b20a865477f38aec05f1
471,20204477,17280,1,544a1aa5,e335900dc65fee3faeff763c3939abe1
472,20221757,10530,1,494f2a1d,09819bb133642b96cf77c2de140d42d6
473,20232287,11500,1,8213f9b8,38f3fd3373ce9c33e73cf356dddbf7de
474,20243787,16444,1,04878b16,f96acaf1c932c2c7575d93e165a10e81
475,20260231,11906,1,cfdb58b3,7f292f5efc97ed475bdb451f43f2e565
476,20272137,5683,1,3e8dea66,f795da3c7eff6623cff08fb58967abbf
477,20277820,5847,1,f5d139c3,19cfe2f385b76de699bec8895b57782a
478,20283667,7554,1,74a963bf,7c84c12560891b1e1d656f1d3c39a661
479,20291221,15622,1,bff5b01a,65ced0a5ee569253fbea6920df3b59d2
480,20306843,12004,1,3961c2b4,04947e706f0b79d47379fd6dee2d76bf
481,20318847,15857,1,f23d1111,c3fa0c0668b729d6efd4f495e3f38a0f
482,20334704,7699,1,ef3821a9,bb77f6f09d7dced95fcabd86cc11444c
483,20342403,7105,1,2464f20c,46b77bae35faa54c89311e7dfd6ef988
484,20349508,9543,1,a2f080a2,03066afb74e157d9872344837d2a332b
485,20359051,8034,1,69ac5307,561ab2e072af8da3ef167a3d7935ba58
486,20367085,7044,1,98fae1d2,e0795a962925eb7357355d485695ab39
487,20374129,5779,1,53a63277,e640d87d5bd87d1bebbfafe79e297d9f
488,20379908,13031,1,89fbc147,c8835a54ed9ef920716f0643753ef8f0
489,20392939,21775,1,126a8351,3f7cc04aeb9f39ed39ff204308fe716e
490,20414714,32501,1,2f8ccaf3,31773d4a86de7a6540e0b3f8fa005c8f
491,20447215,31294,1,a918b85d,82d0c62be3cae0c9e57656690fc94279
492,20478509,33431,1,7f415b40,3215c7135579a62790a027c10b7afaca
493,20511940,40638,1,3289fa4b,b935f6d98c3f243fae6e8a33f6d92dcf
494,20552578,34341,1,734f087f,8b22675c9bf9fa30f1605ebcf8d9349f
495,20586919,32784,1,b813dbda,2916647245a60a631e5dfb5d375bb45a
496,20619703,33761,1,3e87a974,ec7b70b153e7c54f8f4fcf4f4c654544
497,20653464,27888,1,f5db7ad1,fd54ff4535fd65bb796797ce8d7f149f
498,20681352,37144,1,e8de4a69,d6c266a79e8180d817a674851e746d45
499,20718496,33485,1,238299cc,911e5bf8af7f57004aa7176596cf2c28
500,20751981,32467,1,a516eb62,92924fd4af6386f22d1ddf72fec3d6bf
501,20784448,34569,1,6e4a38c7,3ff741aef27c62ee1b20d6fba8713e59
502,20819017,34411,1,9f1c8a12,cdcf4c3b76b965ba119f33bbbd7e7c8b
503,20853428,35673,1,b6e836f1,0b2c146fe4ee1fb8eaf464145a687f40
504,20889101,33374,1,7db4e554,ff64c66f310911cafad9b39ed08f2a62
505,20922475,30621,1,fb2097fa,ee9d85e7f86b3e9f57f3be73ee39e79e
506,20953096,35302,1,e625a742,000361726d6f725f6d5f3432612e6172
507,20988398,21795,1,109f3d45,aed03382a527b330251da7437f3d703a
508,21010193,36217,1,dbc3eee0,ed7f2e8d97c647e97f0ed987fdabd6eb
509,21046410,37354,1,5d579c4e,7f0c4ac91109fa5d681fc6e76cba67a5
510,21083764,32648,1,960b4feb,04f2f98b9d2f98bf0e9ea044f9cfa6f6
511,21116412,36818,1,8b0e7f53,4d8cde9df16378cc3865fbba335e629f
512,21153230,35909,1,4052acf6,e37f7367cbe92486b8ef66600e8f21f4
513,21189139,31861,1,c6c6de58,99a54176c74e3d1e423de2ddb1534f7b
514,21221000,26432,1,0d9a0dfd,28a85f0d84fa65d60febd7c9d36558fd
515,21247432,31819,1,fcccbf28,ac3e847fca953fa46c400457bebdeddb
516,21279251,39924,1,37906c8d,4a59db69e75e811db6dec811d967474e
517,21319175,31329,1,217727d8,4ebfc959c5921ef2fb0d3aa5dce5c503
518,21350504,35671,1,ea2bf47d,f7cecc7bbc72ef0cc338eebeef1b98f7
519,21386175,22482,1,6cbf86d3,7805e8b7ff0cfbd20bcb6c5a67e63502
520,21408657,24682,1,b01509a8,6795a71fb629d9bd7e07aff4313af66f
521,21433339,22108,1,2b844bbe,874cd5fe19d39ef50f3284e01febe639
522,21455447,27383,1,1662021c,86fab162f94996244b08cb63a01fd812
523,21482830,33125,1,90f670b2,94b0a672e552c75d0e8fcd3a786a4ec8
524,21515955,32554,1,46af93af,71fc3a7ea24c16ff1c6a2fda6725fed5
525,21548509,39844,1,0b6732a4,7e0e4718f7bd58fe99c9df8d35940f1f
526,21588353,34953,1,4aa1c090,9d41e12eea8991753b56470e839f830c
527,21623306,33262,1,81fd1335,bad4c4eef0039721b5d54f764541992e
528,21656568,30125,1,0769619b,b113b29ee4376b485472cab264343dfd
529,21686693,29363,1,cc35b23e,468d84f731a6cb0f5e81f042b6a3fdf3
530,21716056,38878,1,d1308286,66f9704f617538f9b194fc707948edc1
531,21754934,33061,1,1a6c5123,e835c4a259bed0ca3efef4f7317cff99
532,21787995,32824,1,9cf8238d,5b365156c41df56d0d159dee9434c1e3
533,21820819,34710,1,57a4f028,dcf4bce0bc6cf6a8737be54149e2a809
534,21855529,34063,1,a6f242fd,da3eb2bc66fd2d9456e465163236317a
535,21889592,35132,1,8f06fe1e,5ca3d5d8a82780a74717d7f698cf2346
536,21924724,34052,1,445a2dbb,e721e27dc15acf43c4fb82b59e8788f7
537,21958776,30666,1,c2ce5f15,7e03ddfff957bd57af5ebd7aaf7a6062
538,21989442,37724,1,dfcb6fad,d4e2d64ad5f56a5584d57ab45aadc7aa
539,22027166,20363,1,e22d260f,ed6a90b7461d3b43ce13fecd735c9891
540,22047529,37529,1,64b954a1,07cda782f671d07caaeca1f58fb287d6
541,22085058,32777,1,afe58704,eea5435354f121438e9c9d02dff1e76a
542,22117835,37039,1,b2e0b7bc,38f9e84fb8b79ccce510fc2e0271580c
543,22154874,37146,1,79bc6419,f25f9dc4fe690cfb79da3fce5fb5e2fe
544,22192020,32670,1,ff2816b7,da59487bb37d50ffd92cdfb5a17fdda9
545,22224690,26197,1,3474c512,f1caa00ac9d9af67ed79ff74e82f0f6e
546,22250887,32251,1,c52277c7,ab9a9db65c1db47dccf6a6fd77997a05
547,22283138,39775,1,0e7ea462,c129761e6fb3e386bf6eef86d0d35525
548,22322913,32910,1,1899ef37,bf3d98fdcb906fc3fdabf9c74cc1fe67
549,22355823,35892,1,d3c53c92,07f6563fc9785ebf2213febbbef9dd86
550,22391715,22565,1,55514e3c,d46ce72fc5ec1b3fa662c1824a50afff
551,22414280,24350,1,12ff549e,686226c5b7ce97d7f827fe9b5c9e9f97
552,22438630,37645,1,946b2630,4df8e99eba0d23fc88b4b5937e860bfc
553,22476275,35872,1,5f37f595,0c60637e9f98d79669c79db6c977767d
554,22512147,27262,1,4232c52d,e042f2a4f53c23d29355989dd23efbe9
555,22539409,23412,1,896e1688,60fa13fc5c8e30c7a3a03fb5fac33834
556,22562821,21000,1,0ffa6426,80e04c0003626f64795f6f6d6b5f6d5f
557,22583821,13132,1,c4a6b783,3b483be37ac34eb4c84ea55eaada3cb5
558,22596953,18499,1,35f00556,f51fbfffeb092dabc78c0f1b61d7efee
559,22615452,17127,1,feacd6f3,c8d5b7ca46bed14a7ef4fa185d764a52
560,22632579,54562,1,7fd48c8f,73ef7ba8a366458f9d3812005f004014
561,22687141,26486,1,b4885f2a,a97f7149b1f21492a269fe910ec635fe
562,22713627,27338,1,321c2d84,9beb712d3c3afd604d6860454f7ca6ad
563,22740965,16410,1,23174e03,ed7ae29cf3dede3e857948f2b4ccd778
564,22757375,28805,1,6edfef08,92edbeafbcd4499feb1319761a0de535
565,22786180,35829,1,b8860c15,9b16335e380e00470040343c4fc0f33b
566,22822009,24657,1,3e127ebb,37243fb8e3bbf7f71fca0f987f4586e4
567,22846666,89001,1,f54ead1e,e040378c27f2bd4721cdc7166b2739e0
568,22935667,30232,1,04181fcb,be6f74f2cf7fcff9efb9e7ae03442544
569,22965899,24406,1,cf44cc6e,56ead3a73cad6f0c3a5caabb3e956bdd
570,22990305,28583,1,2deca328,b2f3c932eb9f4afe983e05eb1f5f6efe
571,23018888,27860,1,e6b0708d,c4454d8b9a932ae01bf068ebf9fee5a3
572,23046748,26190,1,60240223,daacf3c80b32496633f73c24b399bf2e
573,23072938,25465,1,ab78d186,9ca5eeffa6c861bba9cf6726d5fc44dd
574,23098403,24344,1,b67de13e,835a941fc8f13afb5a2b3fa07e4bf283
575,23122747,31121,1,7d21329b,33b88ca37c6bed1f261ea68b153fabc6
576,23153868,29981,1,fbb54035,5bdf77f58ef9e2d454c77fabe2d36c3c
577,23183849,28264,1,30e99390,52246ac8f923b5e3d2e2edcc8b4f6ac1
578,23212113,26247,1,c1bf2145,a94eb5555bbbd2c50a626de5af532b75
579,23238360,29857,1,2b119c71,5bfdd511452afde81c62a47e158efe18
580,23268217,28528,1,ad85eedf,1b343337b720bf203d2f9fa49bcbf3c7
581,23296745,26051,1,66d93d7a,e07da125fc7909d3d332710bc2f438d8
582,23322796,28324,1,7bdc0dc2,6d6ac02fefd9e37f7c8b3fdfbb6d93bd
583,23351120,23150,1,b080de67,f2b045e81b5a0321b447cc42fe2cc410
584,23374270,18716,1,3614acc9,9cccbc2c7ddfece72e911c4356727a72
585,23392986,12401,1,fd487f6c,4e008cb2e6e72f34d07740cdfadc91b9
586,23405387,19353,1,0c1ecdb9,fd53f37b4480fdac02ef985921a931ab
587,23424740,16739,1,c7421e1c,ce666733d9ead46c3523e7c55906295b
588,23441479,39109,1,463a4460,994917af75afedd56bebb35aabd67a7b
589,23480588,27345,1,8d6697c5,d3b7e1b513b1ef2b81dea3ae1c8f4b8b
590,23507933,27810,1,0bf2e56b,96a6d2c353defa685d55ee83527dcef0
591,23535743,15748,1,d1a55549,e7eb592bff5aff5a7bafbd5692b61973
592,23551491,25601,1,9c6df442,f1c48810fceaea16fcee633df83fb6ac
593,23577092,32794,1,4a34175f,f9934898a31c5fadfd397e2449c289d2
594,23609886,39536,1,07fcb654,7818471acd1b1f3ab2477ad2bc1f877e
595,23649422,90346,1,cca065f1,31eb816f7dc6a262ba112a47b76d599b
596,23739768,28964,1,3df6d724,35427430fa8eaf7818b73e73ec19fa58
597,23768732,27118,1,f6aa0481,959bfcabb5fe711a3f3a409c91952183
598,23795850,25725,1,14026bc7,03c001002083e73678fe1b9e6a110067
599,23821575,24188,1,df5eb862,cb1f1ed4c58ff26fa93d1ddf38b18475
600,23845763,24995,1,59cacacc,98af62e7828e922e397335f2d1678855
601,23870758,33194,1,92961969,87dfc7228c7b2f945f1975765cfdf251
602,23903952,31358,1,8f9329d1,bbf5f0699ed5fb2b9aa333b4db1b16e1
603,23935310,32514,1,44cffa74,7d27db8b9f9d3acfd3d3938f38146896
604,23967824,28903,1,c25b88da,96f09566e6352ef6a596e6254d3f0bef
605,23996727,29745,1,09075b7f,6cb8b88c0a34879795a8026524a510c8
606,24026472,30021,1,f851e9aa,67e5b3fc8b5d5dbd0f87ffe1eee340d6
607,24056493,33136,1,2e10d754,b3ad37f6057c573dbf2ff47e3fda7da1
608,24089629,5058,1,a884a5fa,485043c8a8e8c043f261c69774cddedc
609,24094687,5130,1,63d8765f,21ed1f92751c69461b0a2e64333c7a86
610,24099817,4672,1,7edd46e7,8464e2dcabdc7426eadb9676540e2237
611,24104489,6771,1,b5819542,26d5fbfb71a9c66132f2c41aa08ffd7e
612,24111260,5847,1,3315e7ec,6bc6008476c3fbd8ebdc7935f0de4f83
613,24117107,4656,1,f8493449,7456e5e0ced8bd6ce41b5f7252d9631a
614,24121763,7613,1,091f869c,0792a6a7f58b634fbf98723f9df416fb
615,24129376,8163,1,c2435539,9e518eaa8ca9a71089d15104aaadc8b4
616,24137539,4612,1,433b0f45,bf067dc6a0acade9ffe0326b52dffd52
617,24142151,6481,1,8867dce0,21dc51a4ab91671ba870be1fbfe95813
618,24148632,6478,1,0ef3ae4e,891d4deef5f80fcc27f24398d2b7c506
619,24155110,5767,1,c5af7deb,91f6fcac32f1902c4b45bccdd86287cd
620,24160877,3634,1,d8aa4d53,8286303907771e5efcb288fa1b66d739
621,24164511,7893,1,d4a41e6c,567a905b0160f1fc9c3c1672bbd1f0f0
622,24172404,5648,1,1ff8cdc9,036338da3362b94ff25cc27db2efb33e
623,24178052,4826,1,996cbf67,9bbacee2984df58963b6c02789d9d4fb
624,24182878,3033,1,52306cc2,86104d480c1a1e25d560101112c588e1
625,24185911,4742,1,4f355c7a,2697d37ddf30f979bffbb5477af68dbc
626,24190653,7981,1,84698fdf,2bbdb83af070ba3dacbdce0a3f6babb5
627,24198634,7220,1,02fdfd71,b86f7e236d426a9e1a193a2801119e5b
628,24205854,6757,1,c9a12ed4,18db5660b09ef8e0b05eabcae145e785
629,24212611,4283,1,38f79c01,765d17b5118567345fe2fd869f955877
630,24216894,6075,1,f3ab4fa4,31f83bcd5fbfd3cab755eb96caf6ef3f
631,24222969,5746,1,110320e2,7fb0a84efdab45cb0621a3d64b5f60de
632,24228715,8556,1,da5ff347,dc431aaa5b5170cb7943cf49b39eb534
633,24237271,8972,1,5ccb81e9,8ce560f5c272f07be35b0eda63f507d1
634,24246243,7769,1,9797524c,841b3e4193760119e535e319bcb74c9f
635,24254012,6284,1,8a9262f4,555951197da9445bf69b131fc258d344
636,24260296,5445,1,41ceb151,9188f4a798ebb62e3c9ce27492051ccc
637,24265741,5383,1,c75ac3ff,0b5f505c77fb63cb25a65e7773891917
638,24271124,7119,1,0c06105a,194eee4e0b6831eb36b02d7816cc37fe
639,24278243,5132,1,fd50a28f,b2aa29426e558d39c633359e97b10642
640,24283375,6970,1,360c712a,8659d35e99c5683ca4d1d7f8cf0aa3f5
641,24290345,3783,1,b7742b56,ff4333c9fcd28e1c19651f14ef2d0dcf
642,24294128,4896,1,7c28f8f3,f7afc8a82a5db1eee65771ed97688a75
643,24299024,2724,1,fabc8a5d,faa2d8c8880d5b29769c3e85e70f17c7
644,24301748,2831,1,31e059f8,da30bbb61b3fdfab036490cfa8dd7ae2
645,24304579,6727,1,2ce56940,c6365db1efd5ffa144bc2138587a5a19
646,24311306,8044,1,aa711bee,f46697ccd3d337efc9deebc1f3e06e96
647,24319350,2813,1,5b27a93b,7cbc28a489a28fcf12f80cc1642f7665
648,24322163,4928,1,869c31cb,f77d9e731ac754c7c97cab2904a14810
649,24327091,3476,1,4dc0e26e,d6f71077ec588de9f3edbd4272d2d2d2
650,24330567,6412,1,cb5490c0,1aac9ca61a1b3279d2a4a94603d2d963
651,24336979,5321,1,00084365,c3b4ed33cf18eb585cae6cd5263480cf
652,24342300,4303,1,1d0d73dd,e8cf3427b62c59510439100a552f5890
653,24346603,5091,1,d651a078,2bccfa9fb60e63a436122dad76611abe
654,24351694,4735,1,50c5d2d6,d49d68dc149cc98bb597fc67b2af5dd3
655,24356429,3175,1,9b990173,49b956d9e909bae2c8281987e4a75264
656,24359604,3809,1,6acfb3a6,1715ade2c5afd717f1705e5e310f1715
657,24363413,9507,1,a1936003,72d856ff887ff2bcfff07eb8eee760eb
658,24372920,6028,1,20eb3a7f,6ec2b70f8ff3215d0edc888939669f5f
659,24378948,6245,1,ebb7e9da,0d99757eed4deaec31c8ad17cc7ebdf0
660,24385193,6599,1,6d239b74,2c370200d6838bfb4c6781dbc1b37077
661,24391792,4189,1,a67f48d1,983aefdc5ababb9698c6b9df57549fbf
662,24395981,4812,1,bb7a7869,b7df1358b1a4b1b6b96949ed44f7fc31
663,24400793,5637,1,7026abcc,c884bd5cb93b1ed6f7f17eee366f0ec0
664,24406430,7503,1,f6b2d962,d5502ae52288f350ba0a94f0090862fb
665,24413933,7114,1,3dee0ac7,b00470e57db2e63e920f8a741755de82
666,24421047,5486,1,ccb8b812,c4e697033e9cb5517bee68dc873ac12f
667,24426533,5906,1,07e46bb7,dcc7dc3b93791a42660c31243c122041
668,24432439,5576,1,d6a34a96,83bff55c67fd26c5314fe0c9636667ca
669,24438015,4562,1,1dff9933,2cc98288aec88661644adcc2055cfa39
670,24442577,7366,1,9b6beb9d,99f360e3ac4498a39e8f47c69fcd66ce
671,24449943,3853,1,50373838,0f5e88b3bd8ecf1096d723cc6d669379
672,24453796,2378,1,4d320880,4e618cea333306d60fb9ecb72297a173
673,24456174,7101,1,866edb25,7ca99d8d651409a61973acc333a60b34
674,24463275,7304,1,00faa98b,0de4dffd4e7ef975ddfce7bfc9c0f3d1
675,24470579,5850,1,cba67a2e,9277861e1643f22efffe525c99ecaa93
676,24476429,6474,1,f1f6d4ff,d4d74366ee06d9cb9361666ab02ee859
677,24482903,32974,1,3aaa075a,48ffe6c65f238ecfb6b4e7f47b04eb83
678,24515877,29763,1,ecf3e447,6e4418ad0fe29fb2e50faced1fcf96ef
679,24545640,33808,1,a13b454c,1b8512c760b0dc80058f42867f86f26c
680,24579448,29967,1,8dd66f69,fbf85f74b61cc3d710fa6d1ce6583080
681,24609415,36830,1,468abccc,63fc36dc4c0f10d62af58c90e8c92ccb
682,24646245,33914,1,c01ece62,17cd4f66d6520badd367687ef2e1be60
683,24680159,33098,1,0b421dc7,bfece3fdab5af01badff59353e3e6a6e
684,24713257,35569,1,16472d7f,0564d758c0854d51b6022a288a2820e2
685,24748826,32847,1,dd1bfeda,f0f0d6efa78afa186c9ef93a8864c70c
686,24781673,32668,1,5b8f8c74,5fef47b063aee707d85c30d3f3036c2e
687,24814341,33570,1,90d35fd1,7abaf1f418f71cdffd15ddb39af424a8
688,24847911,36865,1,6185ed04,faf767f64fb1ea57e3d31719f5cfacf6
689,24884776,33228,1,aad93ea1,3fd847583f53c673f4e305b1a9fc47e5
690,24918004,33634,1,487151e7,21fc6a3ea804a081173e890d3f9abe34
691,24951638,32795,1,05b9f0ec,3e15df0b8e7a3e15df0b8e7a3e15dd0b
692,24984433,34997,1,18bcc054,7f6a732e3845cf684e8f2bfc1de80f40
693,25019430,20178,1,ee065a53,60559bd8768bcb05fdf81a614748faa3
694,25039608,34800,1,255a89f6,83716b1be584008bba6097fb99c89783
695,25074408,37468,1,a3cefb58,7a280745dbf4f4b6d4433928daa6c75f
696,25111876,35956,1,689228fd,8ca7fd8bd46a1648fbc7d1c3c62edcdf
697,25147832,23291,1,75971845,7460670ccdcebce29c427eb63bb245da
698,25171123,24595,1,c8181c10,c7a4f581b4d7c5f7a6d607b46fcafa60
699,25195718,32684,1,0344cfb5,bbf47c17c95f18b8a6718cdd5ec9dda5
700,25228402,30604,1,d51d2ca8,3d3fbef7697da0f5576dcffa90b617da
701,25259006,32920,1,98d58da3,67c61fc68bf09f55eb39fb528af3cd0f
702,25291926,30649,1,b438a786,87d9f106ffe2b33217515c43d79e1b7b
703,25322575,37637,1,7f647423,fdced78fea73658eb8ba75fdda276fed
704,25360212,38081,1,f9f0068d,e7ea1187a059ea9a5b39327fcf30249f
705,25398293,35236,1,32acd528,3c30396c469f212d82e60b07efa32bbe
706,25433529,35796,1,2fa9e590,b02443019b075c7f52875edb31b84627
707,25469325,33142,1,e4f53635,be2d3f0459150486fe34e6e5d0a798f7
708,25502467,32442,1,6261449b,7d78e737f268b0ce4e07821d5b9de37d
709,25534909,32987,1,a93d973e,bd9b9758c7cb90b6d6840f2c9c008031
710,25567896,37572,1,586b25eb,e341912385f5c03af6f407ff8df890f9
711,25605468,32486,1,9337f64e,9c189b82286238f5a4929d53e974b307
712,25637954,30392,1,719f9908,e8eab1d6c427da9e89ef79b1f9811eb3
713,25668346,32831,1,3c573803,ee537fcdf3239636997efc01762fd8a4
714,25701177,35397,1,215208bb,9fe651dffb348ffadea779d4f73ecda3
715,25736574,19796,1,d7e892bc,47c17b7c5f0d18af0fe38784f21f5c11
716,25756370,34892,1,1cb44119,968369accc93e3652c07d35899276734
717,25791262,37717,1,9a2033b7,a0fcc7440fcd6d76ea190566fb8243ce
718,25828979,35832,1,517ce012,a67fd2f1a6fe4ab9fe89ce47a05cbf3a
719,25864811,23582,1,4c79d0aa,768c13376f0d3b9865d4403b232876e4
720,25888393,22950,1,7d3061c8,f6caf878f6bf4ad6fa3b44d8bf54f76d
721,25911343,4109,1,44dea927,7914da002d48dba4d0f2a845162814e4
722,25915452,5272,1,2bdb6c49,25230226a54020a0143196b562e9f6a5
723,25920724,18522,1,1235a4a6,ee5f77d77efe96ceb23fa1fb3a8c99bf
724,25939246,20629,1,a0335d41,79ea289fbddf8ec4f7e8792dc6387d08
725,25959875,5836,1,99dd95ae,f43755bfb3f9fe3f1d47314f9b044d5f
726,25965711,5712,1,1d24a344,4b0ffd93cee7f1957aff23ce474abd7f
727,25971423,9557,1,1ac88b96,019dfeeef495a1e34af3f9098e0731cf
728,25980980,9020,1,cc91688b,30c828530043182204116408c8208e28
729,25990000,7488,1,4a051a25,97df2bc118bdeec73c693dc43f44eacf
730,25997488,4121,1,0bc3e811,07bba0fb99f99a02a447f9a21f3d01d8
731,26001609,8983,1,8d579abf,42efb71e4eff50775e0dec1f702dfd2e
732,26010592,12822,1,460b491a,313e657bf75436934ea1af4e53531b50
733,26023414,10426,1,5b0e79a2,f27aff1f1cab81a1a620ed98bc5f5c4c
734,26033840,12560,1,16c6d8a9,77b6928a6a6895d78f6a060752ccbb66
735,26046400,6837,1,dd9a0b0c,77a821dfd1363ef2943b232db35dd3a1
736,26053237,13020,1,2cccb9d9,9e8eef6fd81f8c7fcfde6fb53f24c7d3
737,26066257,10874,1,e7906a7c,f681db9b6539d8f9f67aaf046c8e4d9e
738,26077131,13797,1,0538053a,f39ae9429324acd9bea8c3d9ab782641
739,26090928,9336,1,ce64d69f,ee12de109f1e97da7e4173ec7b5c2c46
740,26100264,15590,1,48f0a431,be2c1da0f3cf9cfe5aff204304fcd3ba
741,26115854,5419,1,55f59489,f2ad4b5dec31d870a052d687d9e17c24
742,26121273,5771,1,a34f0e8e,62f5a3fe75e4836641ff734b9ef1cf49
743,26127044,11274,1,6813dd2b,876b105efae6a54bef9fe976df4ff079
744,26138318,7648,1,ee87af85,cf9db6b94a6c7e5e77c7281f43a51f58
745,26145966,9454,1,25db7c20,acfef9349ed597091eeb5fbbf21beb57
746,26155420,12908,1,38de4c98,1b717e1ad64329a4f5d36b3c96df521e
747,26168328,18928,1,f3829f3d,b21f5ce8b6f2f18d451e830f5704c7aa
748,26187256,10873,1,7516ed93,b15eb3f7b57abfba2a4b4ca67e2e8c70
749,26198129,9131,1,be4a3e36,b48ddf37fce64092f73fef6cf79e7bce
750,26207260,17097,1,4f1c8ce3,3598a9a336607ad6fddd71681376c1bc
751,26224357,9677,1,84405f46,cceb2fa6c9757c47209fdedecbaea115
752,26234034,10941,1,92a71413,0be213dbff42d9bf22d8bfae33eff1f6
753,26244975,12454,1,59fbc7b6,3feac7f0ca2faaef0976fd5ee6b043fd
754,26257429,12349,1,df6fb518,726300dc5b097853d5b6de8142a7a403
755,26269778,8718,1,143366bd,a83151341ae3fa30c96fd4c4accf685e
756,26278496,9721,1,09365605,7f3e8afa83e8647dd3e717b2e7b32afb
757,26288217,5503,1,c26a85a0,61d595234ab9b2ea6e29022e08ba1605
758,26293720,14134,1,44fef70e,467e8ba5cfc996b7e5460ea14cc8ff58
759,26307854,11155,1,8fa224ab,4dfa7152b57d6d96ed7107bd17836392
760,26319009,10691,1,7ef4967e,bf6a609a8ff1e13df1af11086dbd6f60
761,26329700,11195,1,b5a845db,755482d63bd4f6f1fa6f0826f469ceaf
762,26340895,6358,1,34d01fa7,589ceacf4618ef18677b0b537e565b44
763,26347253,11570,1,ff8ccc02,c48c9eee1f532e76e4cc044d251bc953
764,26358823,7225,1,7918beac,4e66ea43ca8d3cdf727fc8fbcbe26362
765,26366048,6789,1,b2446d09,acb5f63aacbb4f2672921302a4ef7bdf
766,26372837,13775,1,af415db1,5c2d652ad412c53ee7cdad4db3b5cf28
767,26386612,6533,1,641d8e14,b133bf80cbc331f0231dfa371f3b7314
768,26393145,8421,1,e289fcba,1568945725f68fee21d646e53f00fa77
769,26401566,14918,1,29d52f1f,a64af3854ebfefc58cac393f7fce9723
770,26416484,11102,1,d8839dca,08f1997dcd7048ee938f1e0eb6108673
771,26427586,14261,1,13df4e6f,df18ae390df0b9e0fbab1710e4eca370
772,26441847,14591,1,c2986f4e,34635082ffdcc8400c53c7308c059f0a
773,26456438,12354,1,09c4bceb,53cede3e2cbac7e8447a94fb93f81152
774,26468792,12232,1,8f50ce45,3f283844e545d1aa9269edab63508d25
775,26481024,10750,1,440c1de0,fb3f9373e27267d74f763c19dfd73e41
776,26491774,12034,1,59092d58,fb2bfd1b1f9dc8ba431ebcccf45fc4d9
777,26503808,5680,1,de7ea293,4de31fb5adcfaed89bf8fd0efbc3ec5f
778,26509488,11066,1,bdae97a9,af14e33ff18270267bd3d6a7f0e1f624
779,26520554,7284,1,40f67643,fd45856d47f4f92d67bc627e119b78b9
780,26527838,6494,1,e16d5525,6bb99ee7ff3cffd373bbefe79ceff239
781,26534332,6291,1,b6be06aa,91c4c7e79ef4dc97dee191b131f9a336
782,26540623,8343,1,7de2d50f,fa954c9f3f3ea7555e7d898fb4feb07d
783,26548966,15606,1,60e7e5b7,ffc639f165b3757e5338bb7c9cfc887f
784,26564572,8067,1,f0637e1d,9ae276271133bf35eef654629e55352d
785,26572639,19378,1,76f70cb3,e16bae59d7e784811ee86859f4e0c617
786,26592017,22630,1,bdabdf16,d1379f1affbbff5af1b6e747fb6322eb
787,26614647,21761,1,a0aeefae,5fb9847ba61c5f73eb2bf1250706f25b
788,26636408,9400,1,6bf23c0b,963e66368e160431872008137434a0e3
789,26645808,8124,1,ed664ea5,b28dd78bb2a4d29b81f44daefd0c8a9a
790,26653932,12172,1,263a9d00,10eddb9da29e74f08239fb249ea27ea3
791,26666104,8919,1,d76c2fd5,7dae51d1d76a0dfa3a830ff5f57a7d82
792,26675023,7269,1,1c30fc70,14a32c665293cd4f71679f09a486ccc6
793,26682292,8435,1,9d48a60c,d7b926fbaeea5be3575d57a9d1e24734
794,26690727,18258,1,561475a9,f3253ebc64da7dc87af7f9d394efee53
795,26708985,6836,1,d0800707,9facc587ae856dd596fbdbd1fee1c1c3
796,26715821,7902,1,1bdcd4a2,aec6328278faf255195504710aee553a
797,26723723,7267,1,06d9e41a,5f9ffd8ca679f28dcd7e550cae4585c1
798,26730990,7568,1,cd8537bf,7c63fa3bbbb4cb53ed93ebf26b893ce7
799,26738558,22308,1,4b114511,bb2632f2c76b9f5c9bbe87695ebdeb1d
800,26760866,4623,1,804d96b4,7118f98c31466632641d436308c3197c
801,26765489,10260,1,711b2461,f0a4a8d4aafac62770ea856df953d4e3
802,26775749,9482,1,ba47f7c4,af6086e97b00f701af1f58a13df233ab
803,26785231,19008,1,aca0bc91,ace68c21916326ac2ee72dda464147e8
804,26804239,13285,1,67fc6f34,6f6d6b5f6d5f3230612e61726300ec3c
805,26817524,18459,1,e1681d9a,3c253fec1077d4fff875f31db7bcf871
806,26835983,3889,1,2a34ce3f,6149f6df07bf59f97beeffe4ebb3d7f7
807,26839872,5273,1,3731fe87,cfd99f5145dab7aaafee0ffa029d7c78
808,26845145,9610,1,fc6d2d22,56cdd887a8170426e63d9b0d93d6b30b
809,26854755,2908,1,0ad7b725,63f8cce92bf86687c381fa07eb6b59ad
810,26857663,5345,1,c18b6480,b582cfbb10d2eed871b21ff5e1150667
811,26863008,9024,1,471f162e,0e1b824cfb613dcd86f1d9086dacb255
812,26872032,9795,1,8c43c58b,78558897b858154a4a4a55855297c503
813,26881827,9171,1,9146f533,dbfd47eecfe97f868801adc3dcabaff3
814,26890998,3963,1,5a1a2696,d83f2c2ff6dfaef63d9ddbba2c8718e3
815,26894961,6786,1,f46bff50,d4f53998f1527c0fe07c78ec0f1d745f
816,26901747,21686,1,0edf3668,67bbf849f651e5676bf2d9a4fc5af069
817,26923433,9145,1,c583e5cd,da08c2a3880c35a5b57779eabbc30585
818,26932578,3553,1,f1178fb0,0fbe3cb5f070149f397d15dfc3c1a0bf
819,26936131,14644,1,add44d3c,576f6ee4beefac5c0ea8fd1b98bcc6bf
820,26950775,10156,1,36450f2a,ffd9ac7fe714f56bc84afd12ed43fd1a
821,26960931,5247,1,fd19dc8f,b0d75e280c79425f37cafe608ef78c8f
822,26966178,12526,1,7b8dae21,f0838d615622615f11b82cd107ba53c1
823,26978704,9759,1,b0d17d84,e4196703d8fcaddfca9f0824ae61c676
824,26988463,4792,1,687373b2,ea93cc178c6f4557b705f39086a3ffb7
825,26993255,15015,1,a32fa017,5fd0316b20fef5399ef46f615ff581fa
826,27008270,12346,1,25bbd2b9,80daf3fdf370fe0dc93e9c5fa7149704
827,27020616,10205,1,ce047806,c6910b7bad4b09f1b71e63c7b7e5749d
828,27030821,13564,1,0558aba3,cc3b8060b0c99a400016dcb9bc36101b
829,27044385,15227,1,48900aa8,d47c62a3b7cf92f93afbd00e31619fce
830,27059612,8927,1,55953a10,0a3a884046c897f9a25f10c4cd2fbd38
831,27068539,13928,1,9ec9e9b5,c07ccf3de7dc33f7bc2e99716ea4dffc
832,27082467,12977,1,185d9b1b,8f669575176633f160a6d8a2c6aaae18
833,27095444,14582,1,d30148be,27af2f8e6f65d836c616b4e02463531c
834,27110026,14075,1,2257fa6b,fab0d89f3ae9a9ea8376bcd9bf3fab3e
835,27124101,10245,1,e90b29ce,bb9b3fc5f162ff2252e616a4f3392789
836,27134346,11130,1,ffec629b,3264b69a6d1d9fcfd86735362525233d
837,27145476,8654,1,af21f328,2e3abe834e652147abc7f5334e8cde98
838,27154130,6717,1,599b692f,98328f9df4bf61df8c65309a318c5833
839,27160847,13292,1,92c7ba8a,bc8f3d8991e263c11c930a9ee1efee4b
840,27174139,17086,1,1453c824,cda7a1201d9e60252feb17e88f1cd981
841,27191225,5310,1,df0f1b81,821a1fceab49fd7d9b8e74ff9522f277
842,27196535,16456,1,c20a2b39,46ffeb91bd327fbafb9f967ff5f12afc
843,27212991,9402,1,0956f89c,cffc775efb1bf2d7c1b6af76aaf35f44
844,27222393,13023,1,8fc28a32,cbeb93f199cc8b8b4b4a4c8a884f5415
845,27235416,6427,1,449e5997,c07aa1fad5777c25adfe65641fe63742
846,27241843,8733,1,b5c8eb42,e583c6bf7ea27ff2c78b5a60974673b5
847,27250576,8115,1,7e9438e7,fbee60c5ae75663ca71720cffdb6bf6c
848,27258691,17651,1,afd319c6,c27e91e1107687a8330187c43ec44821
849,27276342,10128,1,648fca63,bf8a5fff74e7238a5fbfa8bfa07eed79
850,27286470,14786,1,e21bb8cd,8a16b28f4c7adc60dfa05ffbd83f42f6
851,27301256,9589,1,29476b68,41662846020737ffeadddbca2a721ffa
852,27310845,10239,1,34425bd0,d52f7c97847cb1767d18d35f95df3c83
853,27321084,27508,1,ff1e8875,9c1c417d17c26a98ea1fcb3a8adf8efd
854,27348592,7446,1,c8f9475f,fa2bcf87f83c3b0cd641dfac98dbfb5d
855,27356038,14639,1,48147301,ed1baaaf3d1f4405d1fd8664f3d34ef6
856,27370677,7996,1,9e4d901c,af875ed829e4e749d557fb57223f1f35
857,27378673,9724,1,d3853117,257a1dd2c0bfd5259ffb4bd861513efe
858,27388397,13533,1,22d383c2,a3d395ab93b0a3151610da775b61593b
859,27401930,14303,1,b97c88a5,5f51a16b9da6dfbd86f1c97c3d718039
860,27416233,15928,1,72205b00,1f67791c5a519f267e2f42737a213139
861,27432161,9269,1,f4b429ae,56ffa492a7f827aafe49d25f40a95fc5
862,27441430,13982,1,3fe8fa0b,6fc0c7434fb8cc0bd63f6afb66614b31
863,27455412,8374,1,22edcab3,3cff15b9a7edd5793c84239983d092d1
864,27463786,8358,1,e9b11916,f3bf379364324b4830f5bc73fe9713cd
865,27472144,17429,1,6f256bb8,83a5eba27981cf1c5b871d94627bb4c2
866,27489573,12094,1,a479b81d,bf2559193929f3d1e13745c8fa3d7bfd
867,27501667,14995,1,552f0ac8,efeb7b17f9e8ea1cf2e4bde6f9d05caf
868,27516662,15854,1,9e73d96d,d967edb39707c7b55ab53eefd703ea31
869,27532516,6968,1,383a9ba8,dd62ecbf7783f42fdf791bfad7ad5f0d
870,27539484,11288,1,75f23aa3,5355badee79ca43d695292923449d3b4
871,27550772,16377,1,3434c897,5fe09db4f5b56971072349ffdded6fcb
872,27567149,16668,1,ff681b32,446a8aa6938f69c4b84abe0a2f339bed
873,27583817,9782,1,79fc699c,c7f8f9cfaef17cfb2ce4bf51c987f9eb
874,27593599,9071,1,b2a0ba39,ef7795fc3981b5fbfc439fd7f42e035b
875,27602670,16147,1,afa58a81,894140536caa64c7d4b595eb43d7565e
876,27618817,14964,1,64f95924,f561b99ccf7e537447e8858f7beb6169
877,27633781,15072,1,e26d2b8a,ddd5fdc38c9f07ba4cf19a4c109a0441
878,27648853,11458,1,2931f82f,4b26a6d44d30a9e6e42ecf379eb14fd8
879,27660311,13536,1,d8674afa,00d45b075c5457b33f80348105645941
880,27673847,15476,1,f193f619,a8b7e1f95577370e3bff2c9a6f881fff
881,27689323,15950,1,3acf25bc,cf22ba1f8f67e5279cee67c6b3f21341
882,27705273,12100,1,bc5b5712,adfa3838e58e53c6e722426e201eb9a7
883,27717373,15977,1,a15e67aa,cdca7d3f6a8b0f79ef33dc6352c543d6
884,27733350,12713,1,27ca1504,9b3908089ba58a97bffbc198b341d75c
885,27746063,10525,1,ec96c6a1,dde84a990f8e5f3f838cf256d3fa19e4
886,27756588,14361,1,1dc07474,56632482b0821895432e0f348a200b82
887,27770949,15322,1,d69ca7d1,f55b517cd55dbbbe8bc50760b12aa0f0
888,27786271,13422,1,57e4fdad,2a8b0605d714a4f87fa2b66f6c7fedfc
889,27799693,13990,1,9cb82e08,22043e32f85c800fa14310b9273c8bfe
890,27813683,13511,1,1a2c5ca6,738675c15e5ffb4dfc734e4f6734f387
891,27827194,15541,1,d1708f03,e713e783f2823cd43c4cfe55eddc9fdb
892,27842735,13776,1,cc75bfbb,6f6b5a05c0130cc138570c6b0ada9a76
893,27856511,13901,1,07296c1e,9e8d478d5afeaf9d7d201b650ef36a97
894,27870412,11832,1,4ae1cd15,15da37773ecfff8cf6bf7251ff2a93e9
895,27882244,14358,1,bbb77fc0,fab9ce07ef7cbd7d7fd7f940f22d391f
896,27896602,7498,1,70ebac65,7603d59f3877fdc0c4fb3f1ab37ffcf5
897,27904100,7993,1,660ce730,a32111c668bd3a7d97ee7bab2edd48fc
898,27912093,4206,1,ad503495,df7f618fa2ce8febda33c9f5939dd599
899,27916299,7503,1,2bc4463b,65675f6d5f3631612e61726300ec5c09
900,27923802,7607,1,e098959e,572e3c50f7605fe0ab3b7f3891abfb1c
901,27931409,11016,1,fd9da526,f5a1d89ff3efd75a1fa0df9bf521edcf
902,27942425,12229,1,36c17683,43f669df5a58b6f71f00ffe2734bc976
903,27954654,7402,1,c07bec84,cde68d11435da327aedbf5cd195f97d3
904,27962056,16157,1,0b273f21,a6f5d7f72fe06f5b9ec43fc6fac3fa03
905,27978213,8869,1,8db34d8f,878e1c3e323c72d8ccb6595f3fca7fe6
906,27987082,19179,1,46ef9e2a,3fecf311a8ee5f92f582fdabf64232d6
907,28006261,15439,1,5beaae92,1946be700ecc2923868670142b156baa
908,28021700,14760,1,90b67d37,a5c7e3da57206c414e1febcbaf516eca
909,28036460,11073,1,16220f99,ed8e3849cdbfb0f6978d9d585aa180a8
910,28047533,12078,1,dd7edc3c,472e21cea6235d8fc0e55f0be14704ee
911,28059611,17079,1,e774bd4c,2c628ec234cf433cf13ccf4728135fba
912,28076690,12983,1,36339c6d,c917337e065e815f2e7cbaff73cb6785
913,28089673,15565,1,fd6f4fc8,af1d9f8efe372cfbb87f5d356e63f53f
914,28105238,14028,1,7bfb3d66,8077cf2e3d4ff68bfc228e53f357e980
915,28119266,12710,1,b0a7eec3,926227452647f6f388ee15139f82382e
916,28131976,13456,1,ada2de7b,2c69cff90757888c7f9c9b15d8773df6
917,28145432,16558,1,66fe0dde,12c150e6e081a967300b67cba21e1bbe
918,28161990,10827,1,e06a7f70,2d6c26ae88993144759003a90ce6ce0b
919,28172817,9855,1,2b36acd5,8eb3bd39edd7a45d02fb3016e61fd201
920,28182672,14423,1,da601e00,5a189638b573ed97f0d5e223f8a18d61
921,28197095,15815,1,113ccda5,f8b15822f6f189775f9824c574942421
922,28212910,15047,1,904497d9,4219eada19a20af6d8026db0c77400fe
923,28227957,12416,1,5b18447c,2b513ba1c2b43fc6ce32d44ed81f6527
924,28240373,16742,1,dd8c36d2,b2f349ff7ca212d263d99c1b5a1bbe3e
925,28257115,14129,1,16d0e577,f64f5d7ef4fcad28a81314553080181a
926,28271244,11806,1,0bd5d5cf,2dbb17fb88fc43f9ea1fb2fb625f8feb
927,28283050,11220,1,c089066a,db5f53db7321369800c7cd4390ba4fd4
928,28294270,12939,1,461d74c4,76d23ee0af21aafd70f5bdd77f41f96f
929,28307209,13149,1,8d41a761,353658726f4a993af18683338fb719af
930,28320358,9342,1,7c1715b4,e11da2273e75989d5acf0aad6785da7e
931,28329700,15641,1,b74bc611,3efa28c0fed92fb4c0099f4f22ee5d93
932,28345341,14574,1,4e0441c0,fc3f17ddb7f9106a616d3455285fd5f9
933,28359915,7736,1,c890336e,0f683e135f2ffdb983d31f5a04faabf6
934,28367651,20281,1,03cce0cb,3e6544e783763ce1df5f753ea07e47ce
935,28387932,21767,1,1ec9d073,f6df9e033156fcf5acf08f0dfbd47367
936,28409699,19836,1,d59503d6,6d7dbf8d1971943bbc7da18ebf81221b
937,28429535,17927,1,53017178,ed062ce7fedffdb3dfff79aecfa8fe8d
938,28447462,8996,1,985da2dd,b7d46ef78869caea3366b4b5fed43ffd
939,28456458,8397,1,690b1008,f7638ff22929a69545684ea08de2c78d
940,28464855,7632,1,a257c3ad,13b6aae3a2e4a42d085f616853425221
941,28472487,8041,1,232f99d1,99baba1e209829c4601c0b1323775753
942,28480528,8734,1,e8734a74,41fe63b5d803f585c7389bc7f1676bb1
943,28489262,7210,1,f17efb81,48cf4107cd1748d3909d8be32b56e62e
944,28496472,20332,1,3a222824,8b5082d3e4f26536e023e2cedd865fe3
945,28516804,21846,1,2727189c,ce9c3715672931ce7b6f2ace32629cb9
946,28538650,20443,1,ec7bcb39,96983d8d320589d3fb7727e3ebb9253b
947,28559093,17384,1,6aefb997,29df368504a177ecb8ecfb48742ca614
948,28576477,9005,1,a1b36a32,a4ac365d5d403ff4a0ee96daed1e314d
949,28585482,8393,1,50e5d8e7,7eec319e25c5b4b250b549b431bcb871
950,28593875,7636,1,9bb90b42,427e1e1b2724c46e65e38284f82d085f
951,28601511,8038,1,1ac1513e,5c0e12cc1461300edf78b09b8b0985c5
952,28609549,8772,1,d19d829b,65e7ee0a0e18afc51aac2f3cc6393c76
953,28618321,7852,1,71fabbee,dd8c2c2abc8dd7ee5200ef33c637e72c
954,28626173,7990,1,a7a358f3,46302127138ec0e520649074042cc719
955,28634163,9597,1,ea6bf9f8,2dcb4343a98a05b90a7b8a718ac5bc2a
956,28643760,13582,1,1b3d4b2d,a3476762636363361b3b383818d36c6c
957,28657342,14315,1,89f09984,af8484e1838cf5a46ca4b78bcbf041c6
958,28671657,15946,1,42ac4a21,5a51c6382b12d18afa2ced07119ad38b
959,28687603,8828,1,c438388f,df9cfcc9fda564cafd6f46eb1bee5f63
960,28696431,10320,1,0f64eb2a,b3b14c22e3a993a62692abe0237ccb7c
961,28706751,8303,1,1261db92,fdf10e40823027126b188fd815195063
962,28715054,8172,1,d93d0837,97585454b4ee02822ba0964511100554
963,28723226,17671,1,5fa97a99,bd075454c9132f7cc5808a481095a828
964,28740897,12094,1,94f5a93c,e8fa15e566e7a7cf4787df7421ebf7f0
965,28752991,15018,1,65a31be9,1c638def6b07237d0cf58f79f25ff07c
966,28768009,15832,1,aeffc84c,3bc6f92162eafab405a36b8388594e5b
967,28783841,8924,1,01d45347,9559d1565afe04c8643fc4b90bc5e73b
968,28792765,11148,1,4c1cf24c,159e20b4154613464e47bbaebc0655fb
969,28803913,16623,1,0dda0078,e0b30ce1d420e37c3279583c2b68cd69
970,28820536,16561,1,c686d3dd,95f29578a9a9b37bd1d23f5d3c666bb6
971,28837097,9872,1,4012a173,b68cabbbbbbbe7bd6301cbc365d49e20
972,28846969,9251,1,8b4e72d6,3e851c71efdafb5d25ffe2c0966effc8
973,28856220,15972,1,964b426e,67f7c610a3cfff2ee4ccd4dc333d9b6e
974,28872192,14978,1,5d1791cb,2b947cf69baa339219d9f13ed0c258cb
975,28887170,15039,1,db83e365,f491a1cf25f4a17428eaf4d0fb926fd0
976,28902209,13451,1,10df30c0,9b21e329fb3c23c2df15b68f25879e3b
977,28915660,13606,1,e1898215,3119fe3aa34ccf8e94b3bc229fe4838c
978,28929266,15515,1,c87d3ef6,5df3e9fb3fdefc57cbc85f6738f29759
979,28944781,15909,1,0321ed53,c87ee63f293ff1643f0b9e949f35643f
980,28960690,11820,1,85b59ffd,0c0979c9a81269c5a690793b2ec51e88
981,28972510,16261,1,98b0af45,9ae8bef398914e3b6888d48916c7367f
982,28988771,12723,1,1e24ddeb,cfc6fb1084df528258e74f1039f08f39
983,29001494,10755,1,d5780e4e,75b3c8286f35ac9b45ee824fe1ebb28b
984,29012249,14130,1,242ebc9b,5b8ce953af51d4480d2efe5f8b97bb27
985,29026379,15316,1,ef726f3e,5edfa5e203b0582ba0f0696f8f47ec43
986,29041695,13421,1,6e0a3542,a829720aac2f48f1fd5465dfd8fe9af9
987,29055116,13816,1,a556e6e7,1021f091c2e73c7c082d82f0a9b5dcb2
988,29068932,13111,1,23c29449,4dfe5bbc9dbe9540331462418f3bd363
989,29082043,16090,1,e89e47ec,133b5c7a96c27aa60d575e1b603d71c3
990,29098133,13820,1,f59b7754,872eaf2cda08be163882bf0404f1934e
991,29111953,13913,1,3ec7a4f1,e4567530e1bf465375a4da6dae10e912
992,29125866,11795,1,730f05fa,f214acff9935df903fe3fd4f625fb85e
993,29137661,15584,1,8259b72f,06fbfe84f36194ef35ea95ce07ef7c83
994,29153245,14368,1,4905648a,d8fd39e2d99d702506f7f24f63ae0cc3
995,29167613,8144,1,5fe22fdf,2909a906c4818c7f62426ca22117b19f
996,29175757,4171,1,94befc7a,cebc0706199fb4bfabb5a5d15de95ee8
997,29179928,7446,1,122a8ed4,ec5c09745465967e49a596a49254924a
998,29187374,7650,1,d9765d71,7f171129198004133f44fce8e2af7a0c
999,29195024,11017,1,c4736dc9,eb03f4fbb23ee4fd85fcfe48eb83acbf
1000,29206041,12251,1,0f2fbe6c,21f78053fab7d6366d7dfac2bff8bc52
1001,29218292,7155,1,32c9f7ce,b362ca865ebdd4b9a79ac7268018dc28
1002,29225447,8646,1,b45d8560,26b54e9c77dc40ce987a825a7efccebc
1003,29234093,19228,1,7f0156c5,fba4a71b5958d86fb7d9bf79b3c94dff
1004,29253321,15623,1,6204667d,b3ff0a1ba7e7b6b63772f07753fb8553
1005,29268944,14692,1,a958b5d8,be4cda17dd7ccabe1a9fcfb3bb48d822
1006,29283636,11113,1,2fccc776,bcaa7eb55e30bfeace0da5e65fabf6eb
1007,29294749,11814,1,e49014d3,9df0f92ff89034425ef8b0ebd0bd7059
1008,29306563,17395,1,de9a75a3,18ef7b4f1e3df0f2f2d9b72f3a3a3a32
1009,29323958,12945,1,0fdd5482,05d53cc45c7730d71d41fe9dffb2adb4
1010,29336903,15338,1,c4818727,bbff19a4af1d9f8efe372afbb87f5d32
1011,29352241,14261,1,4215f589,d7592822c6df3aff58f1c70693630caf
1012,29366502,12628,1,8949262c,1797c8e2b339626cae802da624e744c6
1013,29379130,13348,1,944c1694,8888301e2f3c3c3e393998b065a11161
1014,29392478,16703,1,5f10c531,101643252b77f5f27173737376e1dab3
1015,29409181,10861,1,d984b79f,9c20c02f00e80fcc139c07e262e22026
1016,29420042,9883,1,12d8643a,2fac55508fe3ac6f4e7a9bb48b7f1fc6
1017,29429925,14400,1,e38ed6ef,da4426f89a630c74adc0faa4dac43cc0
1018,29444325,15817,1,28d2054a,9fb82a25f123c90a89b777bcfbc22429
1019,29460142,15050,1,a9aa5f36,2128435e3b4d54c11e5bab04f69832c0
1020,29475192,12404,1,62f68c93,f4dfc7ce52d44ee8ef652719b5b3f0f7
1021,29487596,16270,1,e462fe3d,d0df74f6ad93238d9ff27cd2bf80d8e4
1022,29503866,12196,1,2f3e2d98,9984618e711111dbcddf57150c531d63
1023,29516062,14245,1,323b1d20,96c244c46c8278c88288ffd76d7b5008
1024,29530307,11195,1,f967ce85,b8ed22570baf578d83b2cd312cc2719b
1025,29541502,12919,1,7ff3bc2b,5f1c62fe6ec23ee0af21b2fd68f503d7
1026,29554421,13335,1,b4af6f8e,ab5965d8d6eeb70ad72f8897a34f4626
1027,29567756,9150,1,45f9dd5b,479f8c6f707a6a1a7b7c6a76547dd7dc
1028,29576906,15643,1,8ea50efe,ec483189a47e6e7e5ae795e861978c43
1029,29592549,14315,1,44fa7afe,3aa4698f9966b5172767f2e483e76590
1030,29606864,6144,1,035a002e,a7663b25252525346699b5cfe1d58a4d
1031,29613008,6138,1,d999f685,84401606060606113b7899bed9c26628
1032,29619146,6150,1,3e3a299e,dbddddff9afeb8ffaae3e9ffe0dfdeff
1033,29625296,5382,1,8eb21276,87451809090909123f7da5b7d6c6692e
1034,29630678,13032,1,907b22c5,f3c1fffc1d80a7578e7bba247b7ac9ac
1035,29643710,10340,1,b8180044,b54a4fc1b4430b01db0c00fc2c4e026c
1036,29654050,14770,1,e469e59e,223c038e52983d7c1c7384a40c6d66d0
1037,29668820,4123,1,a3c99f4e,f2e77a45ff33652fc68fdcff54f8f2f5
1038,29672943,3047,1,9ea9b6fe,97bdc02f4efd0bc9f2ef984afd12ffbf
1039,29675990,5414,1,2c896aee,f62b80fc8a88cf835521653a204ecc88
1040,29681404,3126,1,11e9435e,ab9b065ffdc3bb9df8c56b0b47e43ec2
1041,29684530,5080,1,5649398e,8292dc92324f790d5e3390a53da2bbfe
1042,29689610,3908,1,6b29103e,778734dd4a145dcbd813f6e29d343b68
1043,29693518,3841,1,e97987ef,ded4be9fe6666f01e0a502001a1f0660
1044,29697359,4769,1,d419ae5f,c6f518c8547f583ea0c79fbb6d964b8f
1045,29702128,3983,1,12551f8b,527acf547a7b29ad52ff6a95bc7f5b2c
1046,29706111,4113,1,2f35363b,126ae87d95dabb20351f2286c2fb1a35
1047,29710224,2766,1,68954ceb,79271b24066f7fd0c90689c1dbc373b2
1048,29712990,4286,1,55f5655b,6a4515cae0602f09cc60a70a497ab5ab
1049,29717276,3532,1,e7d5b94b,ccafb8a6b3b3a7bba725d4cde39672fc
1050,29720808,5567,1,dab590fb,0555653e6f6d7d5dfaf8d13e5f3d22e9
1051,29726375,3015,1,689d17eb,4e83703a1e7a64013bfa5118745d773c
1052,29729390,12798,1,76542758,2fa6a031b70c6c6322bc82a10ed010c7
1053,29742188,10442,1,6a312562,c28e73932beaac7468b54211e0280194
1054,29752630,4435,1,2d915fb2,f0f5da0bf12b295feeac92b768257c20
1055,29757065,2958,1,10f17602,421c7f987f5038b0c5fad7dc2b4fec98
1056,29760023,4465,1,a2d1aa12,db50d766b5c11707e703438e8c596d4e
1057,29764488,4343,1,9fb183a2,53c625097612c60146fb3f7a886b9b5c
1058,29768831,3510,1,d811f972,d6e421ed0f537b29be07b53f30be93fd
1059,29772341,4092,1,e571d0c2,0553c681f13bf9d8dcf8411821312723
1060,29776433,3866,1,67214713,25910521113cedc4306428c0389505d1
1061,29780299,4346,1,5a416ea3,b3db8945a0ed1229d07060f30000682a
1062,29784645,3535,1,9c0ddf77,2711777088204a2e6293a87249e082ce
1063,29788180,4335,1,a16df6c7,302e61726300ed5c0b5455551adec8e5
1064,29792515,4466,1,e6cd8c17,8b75e396d5bae7b5a32595915fc09d85
1065,29796981,4104,1,dbada5a7,b0e564648329f0f727e726a6daffbba3
1066,29801085,4936,1,698d79b7,fe3e7b7e5483f9d74df5ab7dcec77f30
1067,29806021,3507,1,54ed5007,8d3f5561fc6e1e1fd6af5631be56fbe0
1068,29809528,4422,1,1e90389a,6ac226f008b9f29dc04efdbec4daa53e
1069,29813950,32642,1,98044a34,61fa61e3cba5393230a8cba2f1b3e520
1070,29846592,26704,1,53589991,30bd981f3384600c2532c80e42526061
1071,29873296,24539,1,c8c9db87,750f11a0a950e7d1701a860ff0f20273
1072,29897835,27900,1,399f6952,c9122c9d6b91c54b9a6669222d2c0986
1073,29925735,25768,1,f2c3baf7,d2fbd9d9d9517e451cc7d6e1783caec0
1074,29951503,32713,1,f52f9225,8c9860489d90b58c0d6b5cb340b7fc25
1075,29984216,31110,1,e82aa29d,a5266b1104e88c67db03baa85a3cd841
1076,30015326,29186,1,23767138,62ce222681b8826e188436c016168065
1077,30044512,32931,1,54b4b143,ffd9580b00746945dea7a5a585d81334
1078,30077443,29761,1,4253fa16,4f193ea7fe1de3f9e5e71d531a923ee2
1079,30107204,30985,1,890f29b3,b8a8474505a451e9e36775a966a0d800
1080,30138189,34788,1,e424f1a2,87f845339bc66071772928ecff319867
1081,30172977,34257,1,2f782207,0e1cf4531b1b843ec09d80fa1c5d479b
1082,30207234,33002,1,a9ec50a9,75420b8bd3b06883d12403b11ab76796
1083,30240236,35203,1,62b0830c,8d063b93364da131a58ca56bb11a0828
1084,30275439,28943,1,7fb5b3b4,03b4621e6358e8533d3eea2f8f71d3ab
1085,30304382,30525,1,b4e96011,670c1b3b7104420184d010fc79017fee
1086,30334907,32185,1,327d12bf,f92059482088911ddf5942b1d25c533c
1087,30367092,29324,1,714e5e9f,2f861e7ffcf1d0830f3e18baedb6db42
1088,30396416,24102,1,87f4c498,1f8b08085880e04c0003726f62655f6d
1089,30420518,32748,1,4ca8173d,9c1acaaf56558f547029570d697d7deb
1090,30453266,33446,1,ca3c6593,848c6e4c5ae38a055ec35f522fa5d3fc
1091,30486712,38255,1,0160b636,6b0042258fed8a3f63fd7ee0258b1e88
1092,30524967,35963,1,1c65868e,c15ad2d6fcb69211d3ae933a2f1b70a5
1093,30560930,32253,1,d739552b,d3927a4c8d62182cad0e2e4886bd5efa
1094,30593183,32626,1,51ad2785,7ae4c58f006e87ff3a07a117de4e3ff8
1095,30625809,29424,1,9af1f420,3536612e61726300d47d096014451676
1096,30655233,32224,1,6ba746f5,4746e90f7b1d41c0282a5cf63a4a0739
1097,30687457,34555,1,a0fb9550,f597dd30616f89c70c97f80dc67ebdfe
1098,30722012,22188,1,b61cde05,6438b586cd4238cf27b2a6788cb2a6e0
1099,30744200,21364,1,277ef075,999b838edae71c1edb15ce85f2e0a993
1100,30765564,31265,1,a1ea82db,b6f6fcf2f5b62e35c91e89897e4d8289
1101,30796829,26828,1,6ab6517e,9564b0dc8e966d809633704521ade269
1102,30823657,24111,1,f1271368,f0100a5b92b32a6e64c8b33355738af5
1103,30847768,31131,1,0071a1bd,0e30a101f6c08e80f8f231691826f220
1104,30878899,31152,1,cb2d7218,351d52d801091cf0c03239b33f350819
1105,30910051,32521,1,ccc15aca,0aded47becc204ef3c4892c279cb1367
1106,30942572,29505,1,d1c46a72,eeebeb2b3ffcf0c3e5fbeebbaf7cf7dd
1107,30972077,30104,1,1a98b9d7,f9dd930233feec284246ee3ee28a5f08
1108,31002181,33009,1,6d5a79ac,5491e852b32000fd06114429ac595a05
1109,31035190,36915,1,7bbd32f9,175f2420349126f1626ff2f1b108ed8f
1110,31072105,34710,1,b0e1e15c,69040872e8457d49133d59388a705684
1111,31106815,30962,1,ddca394d,3f64507c1465f6c51759109a4893f562
1112,31137777,35835,1,1696eae8,8c7307bca32c37d904a2cf371873b2e8
1113,31173612,33336,1,90029846,07a6d94ae845d32e21207f0bd9dad493
1114,31206948,34027,1,5b5e4be3,1c5a5da5553ba555959dc6385d42fd41
1115,31240975,29757,1,465b7b5b,0077695a218a6408bc89a068c2504928
1116,31270732,30882,1,8d07a8fe,4fd475e265899f85fe9e1fb2eb1ef660
1117,31301614,31853,1,0b93da50,1bb6e778d14163371388d7c3022dd434
1118,31333467,31524,1,48a09670,c02ad04a820c1490b110751d1c373425
1119,31364991,24527,1,be1a0c77,83ff07f8f9075980e8f2b1bd0b8df83a
1120,31389518,32621,1,7546dfd2,b9e461803c2c9f633783bd0cd477bd80
1121,31422139,34126,1,f3d2ad7c,0bb387aa68ba09e11c43b558344aab4c
1122,31456265,37835,1,388e7ed9,89616c17661ba874865b94d855795be0
1123,31494100,35076,1,258b4e61,9b3f962fc7be00759039079c84f0129a
1124,31529176,32655,1,eed79dc4,0ae3c3088df9fce8c056181fd030bfee
1125,31561831,32800,1,6843ef6a,ccbd737709317edf777565cfef9e69e7
1126,31594631,29585,1,a31f3ccf,ffefd37fff8ffecf9962ee65b31734cc
1127,31624216,31831,1,52498e1a,aab2dbe22e896b8512845fe3acc86c94
1128,31656047,33082,1,99155dbf,467ca2dccecc37dfbcee0376afdba403
1129,31689129,21051,1,8ff216ea,5284c898c245742842664af528ded45d
1130,31710180,21484,1,23a65d60,c710872911aa7d05506a1243df2ed436
1131,31731664,4096,1,640627b0,000000ff000000ff000000ff000000ff
1132,31735760,4096,1,59660e00,540000ff0000c0ff000000ffc07680ff
1133,31739856,2443,1,1161cc0a,000000ff000000ff000000ff000000ff
1134,31742299,2281,1,ff244b63,8b7586b57a9c39affe098d07bfff62f5
1135,31744580,4281,1,79b039cd,668f99d6bd959e7089c4b45fe1620408
1136,31748861,6682,1,b2ecea68,3e70fc67a3085f759f1af85af6c9cfe2
1137,31755543,6186,1,afe9dad0,21fa8cc20b35d167149eaf395f537314
1138,31761729,6202,1,64b50975,dd6e29c806d1fadcafef480c88666e97
1139,31767931,9011,1,0590825b,d35f7e7eede9b1b65dcda5952d4ddde7
1140,31776942,8216,1,cecc51fe,4604a16cbae0b3196ee7c1ef38e02b97
1141,31785158,4113,1,48582350,c9d9c0c0c0c29971b6323098e0e8e84c
1142,31789271,3945,1,8304f0f5,c4b1d30ffcecd8cd7beebde181fb7ede
1143,31793216,4913,1,9e01c04d,35b2e5f025e30f6ca3609e8dd7e52bc6
1144,31798129,3696,1,555d13e8,3fb1b0a8b75c69631de697af59cb1726
1145,31801825,5747,1,ed0ac647,1f8f471071fb2fe3e3e9693b764ee0e3
1146,31807572,7864,1,f00264aa,b66daa6d776b379bf6f3ff3e86ec3476
1147,31815436,4019,1,992758fc,f10909af54615e8e972d50e0a465f317
1148,31819455,6676,1,d1b34c81,63724359f366cbed31d9a2ac694f0cd7
1149,31826131,6658,1,0494dabb,4b203afac097c0014a04ecef1caeb62e
1150,31832789,6429,1,2598d38a,49930085803e37a401368cec4d4ad053
1151,31839218,6784,1,3e844e69,22ad037b8f743fed06dd113a7cbc6c96
1152,31846002,8149,1,f2b6abe9,53bf5ef3b24a3a66129f649ad65f7932
1153,31854151,5261,1,42eb8101,48898860d3e9d3ff75aebf491f5b1559
1154,31859412,14902,1,c47ff3af,3ade42de39ab8284f92397a16ee59fde
1155,31874314,14295,1,0f23200a,5f4dcbcc2a68bc85382202b170f59dec
1156,31888609,14670,1,122610b2,e3a30ad87abc1fd723730aa74de1dca9
1157,31903279,14636,1,d97ac317,f88777b021565656d056a3b7a38d0571
1158,31917915,16410,1,5feeb1b9,70c65a1e9105fb507e142496768e7546
1159,31934325,15280,1,65e4d0c9,45c7c2c6de11875acedb972f9e3448eb
1160,31949605,15157,1,aeb8036c,a62ec6cd33ff31ceec839eda2307ab76
1161,31964762,6921,1,e49c8ab5,f1da205da6a1d8da5a9cdaf038250957
1162,31971683,6515,1,6208f81b,aba6b6a9fd8f5e78db79abed52535325
1163,31978198,6130,1,25a882cb,c65d324c94e222f727c600f71b6bf258
1164,31984328,5894,1,b85f4839,79edf5195886688b2873d8870a7ebadf
1165,31990222,13465,1,73039b9c,a5390529930e21a5e691229b520ef213
1166,32003687,14271,1,f597e932,c6201e09d435a4db404455b32f20b7e4
1167,32017958,15487,1,3ecb3a97,863853f6b27552627ec848597a1547cc
1168,32033445,14735,1,23ce0a2f,59c368e78c339a93a99d3cce684e8b76
1169,32048180,13993,1,e892d98a,6e00ea7bc6642105f7e039c53df8dac0
1170,32062173,15524,1,6e06ab24,35a3f97c8f45c9c35229c3ca689dd1ba
1171,32077697,7591,1,a55a7881,43bf4aa01af42a0177b8faa7d40e871a
1172,32085288,6885,1,5fe323ec,3ce68f8ccfdc9c8ace6c31aa8a03e669
1173,32092173,4313,1,d9775142,5f626f773031612e61726300ed5c7d8c
1174,32096486,8844,1,122b82e7,f1492415858ca0508276c5c70621b2a4
1175,32105330,11260,1,0f2eb25f,f90b58e4eb1a5e8432b13cbea2d79a55
1176,32116590,12722,1,c47261fa,4464b86b806463902f1257ebc5067316
1177,32129312,13201,1,42e61354,ac271a7fec2aca8f361888f09d6a3dd2
1178,32142513,11109,1,89bac0f1,4c3a46a5b9397b39c744068b631672e6
1179,32153622,11608,1,78ec7224,726300ec9b795853c7fac743696db5de
1180,32165230,8863,1,b3b0a181,12080b2793a77a83bf3e5b717da65d2b
1181,32174093,4216,1,32c8fbfd,5f626f773039612e61726300ad5a095c
1182,32178309,4994,1,f9942858,6582ae59e8d21a445117d0fd2783dba6
1183,32183303,5606,1,7f005af6,3cdb253a64e98745dcb53a22513ac68e
1184,32188909,6307,1,38a02026,60a75efd9cc498c1d4d797c00c2b83db
1185,32195216,7120,1,a557ead4,d225959bcd8cf449d8154810257a79b7
1186,32202336,10038,1,6e0b3971,fa11f5371efba5e251e58f9b47752f79
1187,32212374,9774,1,e89f4bdf,3c3094c4e7c182c7acf1fc43bf9c7a64
1188,32222148,10411,1,23c3987a,38ca069fa3cf339d8ea9be92f71013f7
1189,32232559,13791,1,3ec6a8c2,b806595d54be42ebeddab10195f5d3e1
1190,32246350,13507,1,f59a7b67,6c461fb8907c48494a0324e1fd36f2fd
1191,32259857,13840,1,730e09c9,c9c175877a56090d9c8bfb53664e47ab
1192,32273697,5247,1,b852da6c,715f318d4bc759dcd693fd8f6eaf5352
1193,32278944,7356,1,60f0d45a,14a348fc84ec72ddac78b90ff8fd32e2
1194,32286300,14886,1,abac07ff,e6a0ec46daf1a02abc973d6f03f7321a
1195,32301186,13335,1,2d387551,4b7ce6ce9f0d8039006026fad9807e2c
1196,32314521,14495,1,e664a6f4,a9d586b73ee2373eca3aa39d86bdf55e
1197,32329016,14742,1,d04a1896,4af687ead59fd92b35d4c594ce3fba98
1198,32343758,14354,1,56de6a38,646ef46dfc29af0bac3bf1fb17eccea9
1199,32358112,13635,1,9d82b99d,d4f3ff4450b00f614830df6dee2506bf
1200,32371747,13330,1,80878925,1e487a3c0fba9d3a2bc6ac2390720f03
1201,32385077,15513,1,4bdb5a80,2c25541004a980c8a2288b41645fa42a
1202,32400590,13173,1,cd4f282e,36a600a167780671695c7bcb19a400a1
1203,32413763,14539,1,0613fb8b,212a8288826047405051b12218050415
1204,32428302,15673,1,f745495e,887ea89fbcff7ae4b9f184b8ad3e0dee
1205,32443975,15264,1,3c199afb,edca95bfc93b7bdf6bbb2b5da894f8dc
1206,32459239,14349,1,bd61c087,c794b1d6272b299bfd58ecc3236e5228
1207,32473588,14409,1,763d1322,d15becf5a4bed4abd9edd483a2011ef6
1208,32487997,14387,1,f0a9618c,1bcef9b6aad2464c897638f9b1f91be6
1209,32502384,13755,1,3bf5b229,ea67feac953b8ff7e331f2f8ca3def8c
1210,32516139,13291,1,26f08291,8590eba0521897ac5ca65ccb9645449b
1211,32529430,13607,1,edac5134,dd55f1ba01d3e641717ee83d6a860951
1212,32543037,14149,1,6b38239a,38d8d9397d7246121f9132b82140be3e
1213,32557186,6470,1,a064f03f,0f96af2786a96218b60a7efce1275d1b
1214,32563656,6380,1,513242ea,abe666f3975fbf95efd9c77231e3cf5b
1215,32570036,5691,1,9a6e914f,1573c231143362a8981fe5a198b5af21
1216,32575727,7303,1,8c89da1a,a5daec4bce703fe8c08bf2d1ef7a03e7
1217,32583030,9899,1,47d509bf,c68c1d658a6eec969a6da85b700fad84
1218,32592929,9892,1,c1417b11,55e8b95a6037ff34037ae078c81e3cd7
1219,32602821,10652,1,98de0ceb,f20805f08d3dfcaaecc838bfe007fa2f
1220,32613473,11680,1,1e4a7e45,fa78546d3c023d6c54d746b5d3fda56a
1221,32625153,14548,1,d516ade0,dcf43b17d5b6ffc627ae943490cb9fce
1222,32639701,17249,1,c8139d58,18bfc71ffb6610265383dc62a24e5d8d
1223,32656950,11832,1,034f4efd,cfd0bbd7cd1539c9090916fd7fd556c3
1224,32668782,14575,1,85db3c53,ea59c8abbc570df9bf69cdce662eb659
1225,32683357,14221,1,4e87eff6,a4b9f90eca4fc21cc2a05652d2d478f7
1226,32697578,15758,1,bfd15d23,e9100ebd1eec185c808768e688f08948
1227,32713336,12276,1,748d8e86,641b0f1bd3279afe8891fecb9808a1ec
1228,32725612,5722,1,f5f5d4fa,b01d9c9c02e3e2d8ecbc0ca38c274d69
1229,32731334,6365,1,3ea9075f,6de69ccc857ee9e999d8a2f43495262d
1230,32737699,9044,1,b83d75f1,b6be340be749ff907881a4eb9f166dbb
1231,32746743,5829,1,ff9d0f21,b83129698259e5be122e2151791a076a
1232,32752572,6623,1,626ac5d3,046d2cacf468e74d7f7647b6aff599d3
1233,32759195,9058,1,a9361676,64f9103564ebfabb86581f0113791631
1234,32768253,13017,1,2fa264d8,62e5c74b47ab31e764246a26ceb4807e
1235,32781270,13034,1,e4feb77d,0e35f3d219e18e8bc9c33bee76bfbc8c
1236,32794304,10395,1,f9fb87c5,6d5318eb1843c9acd1fb14f6af880cc6
1237,32804699,14460,1,32a75460,7e8077a6d7cb2c062a517169e2ef7e7b
1238,32819159,12795,1,b43326ce,3912a8b08273b1847969b9a1958fabb9
1239,32831954,13622,1,7f6ff56b,2ac7dcbe45433e24fc619722df181e95
1240,32845576,13709,1,8e3947be,a8d97ec819921e728619f6391614f3d7
1241,32859285,13452,1,4565941b,1aa727b41394cd51316b18c45fc3b91d
1242,32872737,7671,1,eaac8250,a2b83a01103d7cd00043e25b6f25391c
1243,32880408,9229,1,6c38f0fe,1a8b436153118a92506846b128490de5
1244,32889637,12456,1,a764235b,402a95161416351c6e3d763504734141
1245,32902093,9897,1,ba6113e3,921337b7509e256e9a10e321c5b79e1e
1246,32911990,8621,1,713dc046,5e9949a8fff9f3044e8a202310d89d32
1247,32920611,11768,1,f7a9b2e8,6a388e93962376b9786935990994b1c2
1248,32932379,10171,1,3cf5614d,eb05b7a3cde170bb4719cf3de4e869eb
1249,32942550,13513,1,cda3d398,53fc4e587cdc4ea30fcd7d8a1fbe1356
1250,32956063,8480,1,06ff003d,be2b8ccb460d5de325a8e58c8133a46e
1251,32964543,7584,1,87875a41,610ababb6526ba7dd40ffde3e84cf4e3
1252,32972127,8652,1,10184b68,f53c1a21c1a976c45a8e4654f5a8a3d6
1253,32980779,14867,1,db4498cd,67b22a9ebb8e19ab37fcb8d9f997e267
1254,32995646,16638,1,5dd0ea63,c7eff1b0e4c57a982088dbf563d3f517
1255,33012284,15680,1,968c39c6,1838ef15ad7ff88cb0263effe1c8ff08
1256,33027964,15863,1,8b89097e,c326ba57b53e7a0228abb37aa654dbbb
1257,33043827,15291,1,40d5dadb,6e389b7d3f57eb2a7ff7707f1d148b94
1258,33059118,16604,1,c641a875,f8dc6b828eb9e3bbc72cc3a77a58aae3
1259,33075722,15379,1,0d1d7bd0,ca52de6649e70c3f0399b34c2ea4b6ab
1260,33091101,17831,1,fc4bc905,664bca2ccee895088d3f22f2424888f9
1261,33108932,7624,1,d5bf75e6,7ed372decc2ca04bb4947ec4cb714e3f
1262,33116556,17706,1,1ee3a643,2e4ada54250f1096c68a39c381501791
1263,33134262,18089,1,9877d4ed,7f69fb74bed0fad5734341ac7f0ed567
1264,33152351,20885,1,532b0748,4df5c6b4bf1a103a69dbe1817d0bf4fe
1265,33173236,16945,1,4e2e37f0,f9c9136c74ab41dbfc3cde5749562325
1266,33190181,18998,1,8a7994cc,7272d3b5924e5b05733415a788aeb426
1267,33209179,13545,1,0cede662,563b13f24fc4d98d1d3376d2cca512f2
1268,33222724,14214,1,c7b135c7,21f682d8d04463123576a3b1a0063f35
1269,33236938,14000,1,dab4057f,f9784c4b25e843b0c929629e7f4acccf
1270,33250938,15434,1,11e8d6da,4b1d1524524a12811082347534353494
1271,33266372,12923,1,977ca474,53872b5349ef34d46b23f367acdabb90
1272,33279295,13309,1,5c2077d1,1f9f18f505c5148fb7a0d2fc78779378
1273,33292604,17148,1,d91d26f3,8d96d41a012656f6d5fc525b4c1c9c6c
1274,33309752,10848,1,3674c953,0000803f000100002417000042050000
1275,33320600,2324,1,2c9de351,00000000000000000000000000000000
1276,33322924,1077,1,ad76c504,00000000000000000000000000000000
1277,33324001,10137,1,662a16a1,242a7eda3e93ec6539b5ff131c6ca6be
1278,33334138,5832,1,e7524cdd,35725f13f90115b51893d752a8c5e331
1279,33339970,6717,1,2c0e9f78,5e8a047b6244610c5a1f9c29abb6ad52
1280,33346687,6105,1,aa9aedd6,ce6fd5d6a2a2ad2a4dbea3eb9d64cad5
1281,33352792,6043,1,ed3a9706,53f79eb8f6db2b92ddbde33ffff6dc9d
1282,33358835,5399,1,61c63e73,e328c7dabb968cc554fe9ee25171b4cc
1283,33364234,4763,1,266644a3,b2533ba3dd06c8583579808c93a7d01f
1284,33368997,5341,1,7cc30ecb,b424233f44c6346c901fb334e447f69c
1285,33374338,8345,1,3b63741b,6531ec22bab6990ebfb4984b638331ec
1286,33382683,9670,1,bb918e51,d790d4912913332cfcd3235fc53d5a3b
1287,33392353,11935,1,3d05fcff,949fb9a9096b300b53afc54c29e1b53a
1288,33404288,12616,1,f6592f5a,475eacd41309d7f363dea3ddb291a9f6
1289,33416904,12303,1,eb5c1fe2,7f5743f03381cf3f13fa74e0276792e8
1290,33429207,13764,1,2000cc47,43a2b1508df144c9bdf0fb857ecb503b
1291,33442971,14582,1,a694bee9,c95137fd6d4dc17f747687812cbecd93
1292,33457553,13027,1,6dc86d4c,91ce2c7db214ed2114cff452a8f348a1
1293,33470580,12523,1,9c9edf99,f99f739e99d9f901f3dcbd5c09622c41
1294,33483103,7746,1,b56a637a,a5553492fb7bfd47fcad4697d5ff85bf
1295,33490849,13581,1,7e36b0df,ff3da7d40ce27cd5d370be0614d90c52
1296,33504430,10125,1,f8a2c271,6da3d44ece7bc472c9d110e99479631d
1297,33514555,13380,1,33fe11d4,7e843c9a562b8fa35601e86e8a1a7284
1298,33527935,14156,1,58aca029,ef44f3a012840241108ef0150f5f97d5
1299,33542091,19192,1,de38d287,a3d8db073938388430caece3edbf671d
1300,33561283,21450,1,15640122,f46ccfb225b367cffef0a6eb56735d2d
1301,33582733,16703,1,0861319a,6fa1375b053efc88c7a69e8d656edc56
1302,33599436,39314,1,c33de23f,34de96ae19fdd627afe59e906b6087b4
1303,33638750,19627,1,45a99091,d3770018fb72b326c1c9cade7e180f02
1304,33658377,26642,1,8ef54334,b7091040351ecffcc2f2c7af93209883
1305,33685019,17936,1,7fa3f1e1,a3aac50a2daaae1608e242918d0101fc
1306,33702955,20488,1,b4ff2244,d8da29686d73e37a1b23bd88b2e6ae6b
1307,33723443,19245,1,35877838,8e5f13ed125018017c94e4f868671fe0
1308,33742688,14638,1,fedbab9d,b001b98a8a8ab4160af372d0ed454e4e
1309,33757326,9704,1,784fd933,83fa59d72ffc1dd8c163fd31cc6eec3f
1310,33767030,17416,1,b3130a96,9ac0fd47694048243f45945b5c52ddd6
1311,33784446,8395,1,ae163a2e,f18b175f0c7cfafad7dbd783fdaed6fb
1312,33792841,8531,1,e9b640fe,2ea51539af124898c59c737bce40b0e9
1313,33801372,7769,1,654ae98b,affede59f0f7cfb2bf5fd0e9df130a41
1314,33809141,8872,1,22ea935b,0203f5efddc2eeabec15f7be203060de
1315,33818013,7837,1,a2186911,38eaf5f93f9825e15bf3c68e1c2940e7
1316,33825850,9519,1,6944bab4,54b7f7145c8350695479e67532d0e36e
1317,33835369,13660,1,efd0c81a,a27431a044e00083a1fe73ee06366c9c
1318,33849029,13523,1,248c1bbf,39b32acacaae5ebe7cf16c61e1e9dcdc
1319,33862552,15161,1,39892b07,95621f2fc4e13e7d5b22fa33de45a274
1320,33877713,13335,1,f2d5f8a2,976f0f16ac42cb6d9fa8b3b63f41ec48
1321,33891048,14766,1,74418a0c,898f7ebb796d7ffe356736eef34fe382
1322,33905814,11485,1,bf1d59a9,29aec6d431e3da4bbd52616524f51057
1323,33917299,13234,1,4e4beb7c,b216cf1f7c7de55153bb533758ea84ab
1324,33930533,13594,1,851738d9,6cbdf09fe6e2ff792df19f85adb3d4d0
1325,33944127,13806,1,67bf579f,fcd77fd78a983da2652b16349c7e3d9f
1326,33957933,13436,1,ace3843a,9ab4243392c8de3bb2b7ec906c951252
1327,33971369,11364,1,2a77f694,63e3ebc9e1ce96fa1a64a55939c8a6c7
1328,33982733,12393,1,e12b2531,29107d860df9ad34a0559411cf95b985
1329,33995126,15399,1,fc2e1589,f9ed930497d99d5c9ef3ced60187ab3c
1330,34010525,14371,1,3772c62c,41de3337e0ff06e2516fe8fe1f89a923
1331,34024896,13167,1,b1e6b482,6073efcc4fcaacc166da99a30e5b9b66
1332,34038063,6680,1,77e90e03,363eee2ffaf2efaf472af1f7fd9b405f
1333,34044743,13854,1,3a21af08,587e74522eb995dedde5f7d67ec4de8a
1334,34058597,13205,1,27249fb0,1bb87d1d603e447aa8d158db28e7e3a1
1335,34071802,14361,1,ec784c15,77bcd6ed9b7fae9b292fae21bf3a80a8
1336,34086163,15406,1,6aec3ebb,7ab86d114bc97851fc06e533d8d3d5d1
1337,34101569,10538,1,a1b0ed1e,3b32393132709b88f674dfec1f1c1819
1338,34112107,14397,1,50e65fcb,f8d18bb7ce1f7571d9abb270169513ef
1339,34126504,13248,1,9bba8c6e,84731d05d1d5d57e36834ff971b8b270
1340,34139752,14814,1,1ac2d612,c92df37179c9ce9d6949b99911368e69
1341,34154566,7139,1,d19e05b7,d444da2d95a5551a5263504d9b318d32
1342,34161705,7583,1,570a7719,6f781a70f420e59196d3c77832d20bc9
1343,34169288,6764,1,9c56a4bc,100a2f405985a4a1a9ada5398c5535b4
1344,34176052,6053,1,dbf6de6c,85d5941ceabb282068694808f5ef78be
1345,34182105,6740,1,81539404,08cd89c9c93b8bca2e1a6a9761deb933
1346,34188845,6083,1,c6f3eed4,ce441142237d98a89aeee34071c66142
1347,34194928,5570,1,4a0f47a1,e0bb89bed3935f47baaf93ef47bae767
1348,34200498,6351,1,0daf3d71,c7b92d5bf092e4bfa7d1e88c97dcde07
1349,34206849,5427,1,8d5dc73b,ca54d3475b164363d666d1dc7d78e555
1350,34212276,11112,1,4601149e,11ec0fbba848fbf884d11532cbd6370d
1351,34223388,9208,1,c0956630,8e5cb4d7eaa365d07d168fe2f1b486ee
1352,34232596,6008,1,0bc9b595,78eaeb9f7e0ea0d3e918e06d2b1dc326
1353,34238604,6091,1,16cc852d,0f3ed55f830ff8965963aeec0bbebf21
1354,34244695,9803,1,dd905688,c2f3aeb5f7399c3abab7dfe7beef3fef
1355,34254498,9088,1,5b042426,51097d1285616eecadf6535f43661fe6
1356,34263586,15340,1,9058f783,8179e6ef70545f3f3a0a6bf96fc5c26a
1357,34278926,13796,1,610e4556,a16c6ae9a6385175c45ce4cb14b3d5e9
1358,34292722,12052,1,aa5296f3,60488b7ff9d145dd518abb5f6c879a97
1359,34304774,14386,1,48faf9b5,412745d4280cc76a577d213b10b01368
1360,34319160,11350,1,83a62a10,38b35657612fb95a747f34b1208f3c5b
1361,34330510,12000,1,053258be,3e26769be053f60ca315740a3875b6a1
1362,34342510,13187,1,ce6e8b1b,257d49b1b1af280982e3a87576503c06
1363,34355697,14482,1,d36bbba3,1219d9c07c1b6a47c2818f7e0ec5ec59
1364,34370179,11966,1,18376806,681cb42e6a2e45c7a83cd333501ea450
1365,34382145,13537,1,9ea31aa8,3fdb7f6cf5f8ffcbcfdadfc727d06393
1366,34395682,12702,1,55ffc90d,6a5a38ccca69829febe81e515327eca1
1367,34408384,14095,1,a4a97bd8,8959cb32555306885940f5ecb77d326c
1368,34422479,16670,1,6ff5a87d,064129cb4ea54090cf58bc0816c73384
1369,34439149,13538,1,521fb968,ef06ff4e46f2dc3238e38c3dad77cc60
1370,34452687,10027,1,99436acd,96978d5f86fa9144b3b0d5a367217fb7
1371,34462714,9754,1,1fd71863,04902d65834581c3057f1975c1a258da
1372,34472468,11457,1,d48bcbc6,4b06afaa0f41cc45b3e1abe9518b072e
1373,34483925,10537,1,c98efb7e,5ecb7072e7cd7438751eced1f954f52b
1374,34494462,9222,1,02d228db,65664aac99dd5236c3fe962c0cbb1eca
1375,34503684,10203,1,84465a75,bba20179ee54668c59cb26f24aa032b7
1376,34513887,10840,1,4f1a89d0,734c944a45b8e7f3a0840b299ff6e205
1377,34524727,10312,1,be4c3b05,d1780941ac6f1d7f1c6b3218173524cf
1378,34535039,10212,1,7510e8a0,de70a4fdedf641ad7fb038dfbf2914ad
1379,34545251,12406,1,97b887e6,fa14c557c17b2c345abec7982ff4f378
1380,34557657,10091,1,5ce45443,876e1f777737778fa064a89f3973c6c8
1381,34567748,11073,1,da7026ed,4685aba3ada9ce54d7d4d2626aaaab8e
1382,34578821,11987,1,112cf548,87b6e5ff4b7ef32374ff517e94f170dd
1383,34590808,7696,1,0c29c5f0,4d6b29590a6986a556a846a44dcdfcdf
1384,34598504,7107,1,c7751655,1559e3165d469d778cd075c21f31ea2c
1385,34605611,6028,1,41e164fb,e39cf26efba295cb18035792fe45eaca
1386,34611639,7546,1,8abdb75e,a0b54e0e5b1989acc7e26fdf1c3fe3c2
1387,34619185,9838,1,7beb058b,f7e9826cfb47f521d9638486ec0d321e
1388,34629023,10160,1,a29858c8,9b83f357867d864f0e72379d84e7e9f3
1389,34639183,3896,1,69c48b6d,24ffd80e62e7b5d3b44ea36915a571df
1390,34643079,3193,1,42d823a4,dfff8e8cfcf668e8d77b3fddbef556df
1391,34646272,786738,1,1b12aee2,2c25000053000000609f0000b18d1dbb
1392,35433010,46430,1,193e0027,630ed7436d593a6a4397da04ad413561
1393,35479440,4556080,1,3ef91361,020308ff010205ff020207ff02040aff
1394,40035520,4903936,1,db55d2ba,9709000014760000c0e84700cd4eceab
1395,44939456,70464,1,e635fb0a,6430316230345f736f7461692e6d646c
1396,45009920,71680,1,9d3a5a29,26f2f5436cd3cf7102eb378aef09d219
1397,45081600,86720,1,51905ab7,92701d5e093eb42edc5dd7a45bd3c45f
1398,45168320,62656,1,16302067,8e67cbe5b7da896d2eb7191b30a3e690
1399,45230976,97216,1,5b5553ae,d9fef2d9323b9abdec70e61ecd3ebff4
1400,45328192,70976,1,1cf5297e,6b8cbbdbc9138da9d5b5b40f717c36b6
1401,45399168,75136,1,97ff5330,f62a13f233e2c6baeb42be2cbbe372ab
1402,45474304,64704,1,d05f29e0,3976f50ef0227ff39326b09fff948b3f
1403,45539008,65984,1,ed3f0050,0814e6c2c1169050dd8d9253c2307d18
1404,45604992,77632,1,5f1fdc40,5301000051130000c0db00003d0067ce
1405,45682624,76480,1,197054d3,0233ece8042f168e26e7280a186d3f60
1406,45759104,63488,1,5ed02e03,c5f98b662fccff3fb38ffdbbbae955fb
1407,45822592,85120,1,d5da544d,27ea25c5d1d78a13fd92e218a8e2d0cf
1408,45907712,76864,1,927a2e9d,83a589f790c7916f599664f5981c70c3
1409,45984576,53120,1,0cfa46e1,e37b746fefc9a5f2c7858bc237627a5f
1410,46037696,72192,1,4b5a3c31,269fd0ef9e6eddd3d02fbb80faa5259f
1411,46109888,70016,1,c050467f,d2ddd79594e1f33886be0b267ce79e67
1412,46179904,64640,1,87f03caf,9b2c26b509ac74becbf987b121dfef36
1413,46244544,64000,1,c8644917,f731b4ef63bf7e62a9eb63699f58cafb
1414,46308544,78080,1,04ce4989,76dea536cf5e96ccad77e04fc9b8f98c
1415,46386624,88000,1,436e3359,55f3f28d2e56626f2d6fafaf02bf9d10
1416,46474624,93888,1,7e0e1ae9,8ad54427cf06397633ec9570dda46773
1417,46568512,80192,1,cc2ec6f9,ce6af3a84e99646d6dde2b67d5e1cbcd
1418,46648704,75200,1,8a414e6a,30768bc266bafb9ca6b95b3176cc03a3
1419,46723904,64000,1,cde134ba,c4160c9c96f5514fc4589d105b60114f
1420,46787904,73600,1,f0811d0a,44e741f97a4d99e82cccaec9b2f1d3e9
1421,46861504,70080,1,42a1c11a,6259735d99fd6f9b71ef6fc943bdfcdb
1422,46931584,64064,1,46eb4ef4,02a9aee31908e8d8199c0b331e8ac1fb
1423,46995648,86424,1,50072ed3,006431336230315f736f7461692e6e6f
1424,47082072,170292,1,eb671aeb,636c3031332e70707400636c3031342e
1425,47252364,22312,1,31b917a1,0a51c751e5a8fb285234b545f9a106a0
1426,47274676,25684,1,3a96be5f,aa3155431377b2b24de43fb6597b40dd
1427,47300360,18668,1,e147aa82,8c2bcec346fc7928e334c45319cf659e
1428,47319028,28016,1,7087b64a,6d213f32528953a274dfd24ad9778d88
1429,47347044,23436,1,3aee0c1e,c16ee433ff034cf5c20de46229c4e72e
1430,47370480,21200,1,2fe25376,d9d227f2a37dc29c853efd93e313636d
1431,47391680,24940,1,c1e2af0a,a6407864de30a1c8e703387068e20be7
1432,47416620,18100,1,deadb421,39be6d46a8409aeac85313ccae7d23f4
1433,47434720,18780,1,b79c9738,4c006400e6028a00ebda36ef7bc15c2d
1434,47453500,28088,1,71f39ebf,5d520e5b928c2c0b3aa0de90deb26506
1435,47481588,18732,1,9c0efe06,81f88204837c033212641ac812900d20
1436,47500320,20364,1,26dac6aa,7440362e3c22374feb5b4f326727500d
1437,47520684,17716,1,baccd9e8,b5ee25948cf88fddd11b2e849d66df81
1438,47538400,27116,1,99248129,14714c05c4248c9d18d6c12bc9ab9362
1439,47565516,20600,1,52783254,9ba0ad82cd84b84973fc8c9e1db39d06
1440,47586116,30824,1,d3567d16,f71f9cc8dfad7f48fe3d17c745c2a55b
1441,47616940,24876,1,fd16ea27,b0694404799199494e5667089fef7b36
1442,47641816,23756,1,1e25aca1,455c91f8f6c761b8c513c8cf55c36d81
1443,47665572,19756,1,642cf471,8498f1135273d3f20a97c058d1313231
1444,47685328,21260,1,be928e32,cd41ec7d9407b1f7e608d6b9df10360f
1445,47706588,21936,1,94ad7812,c130e3e3162d8a6fb27a18a6d79a37f3
1446,47728524,29856,1,cc469c8c,88ade4fe18e69f99bea0baefc5aaed73
1447,47758380,22092,1,b881e263,fa24b64f6a2e7cfa6201efeea0627c6f
1448,47780472,22004,1,5dfe3205,f7f74fc8484b9ded742caf2f396e6c52
1449,47802476,24768,1,ba4016ff,1b948e20a30add40a3b68ac638444d4c
1450,47827244,22192,1,61174f78,c6e4b8e8a8a818adef6911f43866d898
1451,47849436,18676,1,acd22178,e810c9881c4409a21451817073461ea1
1452,47868112,21660,1,3c351382,8d9c61c6037e59f071ee397dfaec59b3
1453,47889772,18312,1,e30a9109,6330529730afab796635b75111654b1c
1454,47908084,15120,1,30ef8abc,86544e802dc0b07d1bdf0179ac9ea347
1455,47923204,24476,1,0d8fa30c,4e440000010000000400000020000000
1456,47947680,21672,1,4a2fd9dc,046d0399412741bf81ee8114c0fd2890
1457,47969352,20984,1,2d5197e6,3d5e720f2784fdcd56768ec6474f2fa1
1458,47990336,19088,1,6f9129eb,4909f85ca7c831dfce016bbd6df1e87a
1459,48009424,17324,1,76c1a2e7,6834b3d35392f59c522b275f1e956cd4
1460,48026748,21868,1,fcc5b943,270d4ef6e50d6e4a3243698dbfdba389
1461,48048616,21540,1,dd14943e,799e829d8dd73e297bb6424c68a97836
1462,48070156,22056,1,145c9842,afad866a3fc700a2bb00e0d53a9a5db3
1463,48092212,18120,1,09e28518,9a718f4a21be561a2607c614f97a3bf6
1464,48110332,15984,1,78ec4393,539018641992867c8a5423279106e477
1465,48126316,23272,1,e248352a,7c46a6a64d4c55f179f29e3d9ea67cd2
1466,48149588,22208,1,1c20d786,601cb900f2036ef41f8548d9a31e6df7
1467,48171796,19108,1,2a6f57c8,720df7c95e303533cba14ffffdcdfa9f
1468,48190904,20272,1,56d466e3,af9b1f46f873bf2fa6cd562d13d27d3e
1469,48211176,15200,1,c5d58eb7,7beb1b60b36423d4efa2fe35a6ef38d0
1470,48226376,21992,1,28aea354,6900ec5a7b5854d5dadfcc200c8237bc
1471,48248368,19932,1,839852c6,af9d82f1bfa8d21b762691ccddedc9b3
1472,48268300,18908,1,12348eca,ec2ff8c2a0e321706804c9afb54c98e2
1473,48287208,17368,1,34955d0e,ec06c3de2d469b4ac9fa486ccef36d30
1474,48304576,18756,1,7959527e,8b891caa6cc2749d5ed2a6d3d0f17667
1475,48323332,3020,1,ba62e8ac,db99c36d83459d554ec1f2f5f3617334
1476,48326352,24392,1,5719c54f,dd28185f5f97191fbc098c1967eded7c
1477,48350744,16880,1,764ea568,8a2dcd82b7de69116f132deeed187794
1478,48367624,19868,1,b99f7469,010000000400000020000000c8470000
1479,48387492,20628,1,d89a5818,2be217b26c8087b9b7bd17e6aac1fa79
1480,48408120,22676,1,d25f5101,957320bf3e4eee6a482cfe3215f20b50
1481,48430796,16976,1,aee4602a,47c8f3d91921cf7b6b4737f5d1495e47
1482,48447772,19780,1,5ec4e9e3,c85fbe67ccd4d898a9767cfc142f7cc2
1483,48467552,19488,1,926ee97d,0230b916af6f988aa9336960dc2d6ff1
1484,48487040,23200,1,e410d14f,595b956d02ffb1cd8b1dca365133c744
1485,48510240,17336,1,4a69d5e3,e6d16c29898d9de5888fbadef22d09d9
1486,48527576,19944,1,b1e33bad,7a1941c845758cffeb93264d993c2536
1487,48547520,19304,1,f90335c9,aa26fe82e4711add401ecfa50de4716f
1488,48566824,18368,1,d7735015,dcf7b4b9736c0b94696729631413ee81
1489,48585192,19216,1,0ca244c8,8809fb2feb75ff8dc6eb15e628040d8f
1490,48604408,19728,1,751ec071,0eef088af3445e6b607cc0528e68502d
1491,48624136,24592,1,28f2917d,c76af57d91b0f1679d7feb8b31db25fb
1492,48648728,16896,1,1e58a843,5fd147f16a03a0cfa0ffcb182ea1d719
1493,48665624,20256,1,7195dc36,f8f571e257efbfcb056f758327ddbb41
1494,48685880,18820,1,0f3a521c,016ea220b4010403a200a301d3004b00
1495,48704700,20924,1,f1ac4fab,0edb64c6b5970c6d512b70f5d2c32c7c
1496,48725624,23652,1,553bf698,eed9e133aa7d207705458caa4e7cf7f4
1497,48749276,29892,1,e79381f0,49722ea75c88dd27ac5e1fb70ae6f3e1
1498,48779168,21536,1,476ce3cf,0e12505987db09fe61d4ba7ab030fdc9
1499,48800704,16744,1,e7ff0a8f,803302500392016980f90003601d6007
1500,48817448,23176,1,f459f954,90bf13fdc861333bf00be667af224317
1501,48840624,23448,1,5e8b11fe,315a5c3fb531e23a6b8f11d763c35889
1502,48864072,15856,1,41c40ad5,ec2a630d8c7d65acab2c33778c8d66cc
1503,48879928,13820,1,a67a2e2f,b1717afaa9b7d69e7372aabeb16e0fd4
1504,48893748,10608,1,9b1a079f,eccc51d461882f0e36e031abddfbc3e5
1505,48904356,3600,1,9035ae61,64095ff2f4ed35cff3beef3def77df35
1506,48907956,14848,1,4be4babc,da3faa65956951873eb5f41e9daf7b75
1507,48922804,20084,1,da24a674,7a12497dfae93a69ecd8044b2bc95f2d
1508,48942888,16224,1,904d1c20,05e093a80806e8e829bddf26920ff26f
1509,48959112,7720,1,85414348,a796ee079a5629a4bd8626e1b17a9d1d
1510,48966832,14664,1,6b41bf34,c071d61c66dd8574eeaa1d1937f19505
1511,48981496,11832,1,740ea41f,73fa3061837e8d560c65d3f120982b26
1512,48993328,20308,1,1d3f8706,7fe0912a3817628cacf26279155aaf0f
1513,49013636,20120,1,db508e81,d27b3eb72d3503fc3cf91e3c704b4695
1514,49033756,17620,1,36adee38,a8a1cfa72181d67cee814f50d0d8fa34
1515,49051376,16760,1,8c79d694,709231e97d4ec8cf9a021b5467238e13
1516,49068136,10104,1,106fc9d6,523234974857e6799ec9989950a1b576
1517,49078240,13540,1,33879117,c8c809d4d8fa07bb4695ee29f702ce73
1518,49091780,14080,1,f8db226a,1a7c9447c647daec5482198513c799d5
1519,49105860,21220,1,79f56d28,8ebb2c76a27667a882a97d01fb31ee1e
1520,49127080,15192,1,57b5fa19,563b9c1628e5749d893ac96c7b960376
1521,49142272,8220,1,b486bc9f,a4eab4240ec2ef5d9517ee3cf4fb33cf
1522,49150492,30908,1,ce8fe44f,d034fd7da41ee8c3aae08ff7259d6758
1523,49181400,11088,1,14319e0c,7391b70f3fb7b4ad017066c565c78401
1524,49192488,18120,1,3e0e682c,c8ecc027e468918d033787321c9f3a36
1525,49210608,11244,1,66e58cb2,83172ad095f03f6877a38a0d3c624473
1526,49221852,9604,1,1222f25d,5713f24133213a6161dc3c7d9a2de65a
1527,49231456,12380,1,f75d223b,b0041330ffee62fe991596532cffec2d
1528,49243836,17444,1,10e306c1,5f2e85c936687d344773bcca9a2a45be
1529,49261280,11360,1,cbb45f46,cd1e9b3fb6386c69d80ab1dd1337268f
1530,49272640,12624,1,06713146,54891a855e96cb5ac673ab263af0bbcf
1531,49285264,9552,1,969603bc,1a8deff68596616698bc9cf38ef79cd2
1532,49294816,18996,1,49a98137,18ca6b12b56cb7f9f0fdb6c5d8bfb192
1533,49313812,9448,1,9a4c9a82,ba1f0000300000008542156c6b6e6730
1534,49323260,16068,1,a72cb332,e37d535474edaa28c22bf70baa036af1
1535,49339328,16136,1,87f287d8,60f4553d30f0b002232de723ff4e126e
1536,49355464,9740,1,c53239d5,7715ff4c5134e9d5560d8be1adddac53
1537,49365204,14940,1,dc62b2d9,add648c724e9132dc774b67f1513201d
1538,49380144,9504,1,5666a97d,3902ab81b153884189502b2c188b4c1c
1539,49389648,14760,1,77b78400,0e771def033320c82028a369827865ce
1540,49404408,12616,1,beff887c,1bd2ab85a1bef35469a17498c23a0cf1
1541,49417024,19616,1,a3419526,d1d21c8d96a8db31353ef65cfdfbcfa4
1542,49436640,11788,1,d24f53ad,beeb4f01ff5cf8552cfdaef8de774e13
1543,49448428,18296,1,48eb2514,245f0f4b1fd90c8bf795f4b41c37ccc9
1544,49466724,9128,1,b683c7b8,7f491af3b0d1d3588e33651fcb193fc6
1545,49475852,24076,1,80cc47f6,c04c3fdfdfb6b9ada140d0a72feed314
1546,49499928,12628,1,fc7776dd,1caa906ceaeb357c395e1c1c87e2a59a
1547,49512556,18260,1,6f769e89,55570103c19c30ac69d55582a04c3f83
1548,49530816,10528,1,820db36a,696f4cb57b7991c3d99acbb2468cd7cb
1549,49541344,17224,1,293b42f8,ea73ba05054f1b553a01aec83afa9c9e
1550,49558568,14252,1,cd143a03,c448d44a5ee4eb68c9056f7d87f54eb4
1551,49572820,19200,1,f07413b3,dc8c74f1fce326c4ad3f6e7eb8cdc46d
1552,49592020,17460,1,882237ed,366cc2baf3cb41fc6afa7ea92f66e663
1553,49609480,15704,1,b5421e5d,390e520cf20f48254389c416c41d2400
1554,49625184,16424,1,cf637128,ae2e884b00111589316a045954141104
1555,49641608,10240,1,f2035898,88d822c6028afacd0cacc0de65f3fb37
1556,49651848,10352,1,f6ee4ded,88d822c6028afacd0cacc0de65f3fb37
1557,49662200,14240,1,cb8e645d,3945e618d146f489494c99933ccb563f
1558,49676440,15220,1,250b5658,54430b768ff7fdf27ebb6f3fcf1f1e4f
1559,49691660,16972,1,186b7fe8,ef7fb3c5f9e5105f271977a9d01afbdb
1560,49708632,15412,1,b8979ef4,c76a5ecf1d688485b9d9e0f4732578db
1561,49724044,21928,1,4f394426,c9ccf88b755d43fcff58a730e3376efc
1562,49745972,12992,1,72596d96,93b1bb4c0003706b313030305f30302e
1563,49758964,10976,1,dc70be67,65ee13d343b6b9a09f8ffcc06cf94809
1564,49769940,14612,1,e11097d7,9a02ca04ad00594185a072d025500dc8
1565,49784552,17300,1,af6ac7ed,8f629f6b6e5fd8846f339bb157b28a72
1566,49801852,15404,1,920aee5d,c35a3e65c80df069ac4be98e2806b9a1
1567,49817256,15612,1,f8c5d2a2,8dd672bc7e21c0a9f0c7dfd249d58fbf
1568,49832868,8192,1,c5a5fb12,f119685377272b80c1d12a36ad3a8a8e
1569,49841060,8452,1,579bf83c,f119685377272b80c1d12a36ad3a8a8e
1570,49849512,14336,1,6afbd18c,37d14f2ceb105d3a99b379f411311fde
1571,49863848,14684,1,0de2eef9,37d14f2ceb105d3a99b379f411311fde
1572,49878532,13228,1,3082c749,7f72bd33e1f4402235d144223dd142a2
1573,49891760,12084,1,c6be5d84,7014b33baac99d3613b322963e2f232d
1574,49903844,14628,1,fbde7434,665a9a22541e231f3c3371deb4c93353
1575,49918472,14572,1,00d15403,4c9e139fa61992bfa68fc6618bc0272c
1576,49933044,14944,1,3db17db3,1dc4fa1deb0ad623431214ae332c6b2c
1577,49947988,14608,1,9e364d30,ad3c5e984ef2b8d274d2137f76f238d5
1578,49962596,11472,1,b7d36f25,7833a9e662751fd4179c106f83f843fb
1579,49974068,13316,1,8ab34695,680b683fa8ccd5314fd7540cbd252d3c
1580,49987384,16480,1,63a33359,0ad0371dca78117357dc9cd5da722213
1581,50003864,14784,1,5ec31ae9,e7c73285ee77b6a0c42395bc3f16a0d6
1582,50018648,12168,1,50eb0685,e3435ee627aefdfcac0cb18e63fbbd0e
1583,50030816,14952,1,d3fa4240,f3c2277446c2349d599f71ad259f205d
1584,50045768,1624,1,10c1f892,ead8c557bf69d36f50761b9ff74a86f9
1585,50047392,11284,1,fdbad571,efb161c12d840dd6fb37c62538aa45b4
1586,50058676,23856,1,dcedb556,a7cb85309974d00c6375ce60ca483ca7
1587,50082532,7472,1,133c6457,40b51e66c084348a6931c280993e3b62
1588,50090004,23592,1,72394826,ba57000030000000b39f420272687430
1589,50113596,19852,1,78fc413f,d56c73fd0d0e7c9944435dd475a83e6a
1590,50133448,17676,1,04477014,e37048db41273689b592c495ab335be7
1591,50151124,25056,1,f467f9dd,60f3ad529bbfa2f885be33c809c65306
1592,50176180,13728,1,38cdf943,7d81202c62928585c5f839d38367091a
1593,50189908,12932,1,4eb3c171,c1334626518426772cc5b5dcf5a57784
1594,50202840,16252,1,e0cac5dd,974f607cd4f8c83f8ed34249ead3cf38
1595,50219092,11436,1,1b402b93,896204248892242a4c55810415132012
1596,50230528,14876,1,53a025f7,c41fb3ce15f984e32ff22bd0614bd948
1597,50245404,25624,1,7dd0402b,dab11018652e05175433919b4a1af56d
1598,50271028,12256,1,a60154f6,8c6c8d1fbb2fc09ece7d908ad57269d8
1599,50283284,15172,1,dfbdd04f,56b65c4756d0f27eefc6e7ada75244a5
1600,50298456,11004,1,82518143,9585131f5be1e12ba688ff487c2f9c40
1601,50309460,10056,1,b4fbb87d,bfd3bc07d10909f6f174f1f4086d64de
1602,50319516,10352,1,db36cc08,87b5de9f6bad75b56a88d3289e024f7c
1603,50329868,13152,1,a5994222,5c419e8189310b1362132d268cc33e1a
1604,50343020,14896,1,5b0f5f95,6765abb17db8af586e0c37a49f3b6ef8
1605,50357916,20252,1,ff98e6a6,cb0d6ab7ae8607719d29a3a6cf9b8175
1606,50378168,15344,1,4d3091ce,dcd3bc08bc99c5d9d7454630bbbc337e
1607,50393512,21656,1,edcff3f1,95f329d7380e7c9af7606fe9212db35f
1608,50415168,10880,1,703c3301,7d627c941b0c7f1ee1747f900d5c32a5
1609,50426048,17660,1,4d5c1ab1,cf9f1b2868edaa54160806cf5d686a66
1610,50443708,3568,1,5efae96a,ba1ebf9e5089772dd8ec59b9d349f6a1
1611,50447276,21268,1,b4876e38,c8989741bcf8f112c24b0a2f59bc6ce2
1612,50468544,27968,1,489245f2,225baa9d4ac2e4489403741ffa2d916e
1613,50496512,22144,1,9ac24faa,088f22e018c920c4f3889069e694c8fc
1614,50518656,24768,1,1980984e,79ce03f5a98a45104727e831f098489f
1615,50543424,14144,1,37cc2cb0,16a7193c311faa468c0ff78ad3509eaf
1616,50557568,43008,1,20eebc79,fe36e76f1f6d2e3ec7e97f71bf02b246
1617,50600576,31552,1,d58d34d2,8adaa6c8a81f65c1f9ba4df1fd3373d1
1618,50632128,30336,1,837d8c14,9d5193e7598628d7a3fe325ec6b0c44c
1619,50662464,20608,1,b4fcead9,5f5815965346c4554cf44dc313a41012
1620,50683072,18624,1,48e9c113,444a6b86b0d756210a6da794145664f1
1621,50701696,24064,1,718e7048,873d413b42ab89f19a864464b1d79369
1622,50725760,30912,1,7c90000f,d568b0d1df682b3446a2e18cc6023462
1623,50756672,15360,1,0425995b,bf56019381f75156526b64f5375fbba3
1624,50772032,24832,1,2e9568f4,653030305f32352e616e690000000000
1625,50796864,22272,1,61d2d490,6181b23963295f72e60787797b7e9b02
1626,50819136,31488,1,d683c8b1,6c3030305f32352e616e690000000000
1627,50850624,37120,1,1e7ae660,c0a2188b722cee63f10a8b2a2c9ab0e8
1628,50887744,37056,1,3a5616c8,7bfd99ac38f7d44f7dd1e5ddf6140a9d
1629,50924800,30656,1,926039dd,fdcbb1e667a8a9222b45955994318224
1630,50955456,22080,1,60060186,2199b425ee7a03367ecdec00310a956d
1631,50977536,38848,1,848e6756,ac13ffdb9c3fad13befe6f5a9e656ffb
1632,51016384,18880,1,ef0a390c,689ce43414359a18398d8d1a0d574e33
1633,51035264,20608,1,2e5060b8,1c5f602a89ab9fbf4940ccbedf07bb7e
1634,51055872,28800,1,66f5b9a6,ee19e21bc221d68f5dc8db9f1fcb9f9a
1635,51084672,20992,1,08ae7e79,7def8a77dffbb2b4ef9dd938e0bd29e8
1636,51105664,32320,1,bdda85f3,dd725c884cea5dcc83bbfd7a4e1f1dea
1637,51137984,21056,1,6f8a8fab,415e2e875fdb81563259c931ace5d061
1638,51159040,26496,1,09ffb320,455a42494e4400000200000040000000
1639,51185536,31104,1,a3f532ba,7ad602f2d5cf8536ea174c8f5a40beaa
1640,51216640,28352,1,8571faea,e0618107af2f893425312a2ac57614e9
1641,51244992,23744,1,5eb08659,aeae14fd2ce4f2e7226b6541031bec3f
1642,51268736,22592,1,eb10cd19,2e824ea6dc55b2e5c22d548f9a40230a
1643,51291328,23488,1,6e350214,f670c3e32a368cf6f8099a347690e14a
1644,51314816,18176,1,f742a012,1f8b0808a2507f4c00036b6f68303030
1645,51332992,23360,1,219dace6,05218cbad6c0984c3c2fc86f644c6e95
1646,51356352,21760,1,6b809148,18c31ff36bca7b379c222fd8efddf0af
1647,51378112,256,1,619396e3,00000000000000000000000000000000
1648,51378368,37888,1,beddecfc,0504257b07150b8a888a0a0a82a2f4de
1649,51416256,18304,1,34e15f65,5a52b934e6f6fb6958f2b439a4fe6fdf
1650,51434560,25536,1,17b39bdc,c1a3006dd4c1cba9648b575631a24261
1651,51460096,13632,1,bdc3ccd7,455a42494e4400000200000040000000
1652,51473728,33408,1,1bb4c763,e54292b8e4e1581f7984bead7cbd9492
1653,51507136,30848,1,31a2978b,d8f187b6cf185222701df7595d739ac9
1654,51537984,25984,1,7d141952,6f3030305f32352e616e690000000000
1655,51563968,16960,1,fe56ceb6,68adef8a14ade400bf927786a2785114
1656,51580928,20608,1,d9f84f5e,455a42494e4400000400000040000000
1657,51601536,34688,1,a9fe2e45,1f8b0808cb507f4c00036d7274303030
1658,51636224,14720,1,99723f64,455a42494e4400000200000040000000
1659,51650944,37696,1,10bfbe40,e95bfb1ce792f3b63eab5a57e6bcadcf
1660,51688640,39296,1,336ffe1f,57e9f9299adfc8c1f31391370ddf281c
1661,51727936,34816,1,8323499a,cac7c777e98b306b9be279e3fda324a4
1662,51762752,25280,1,a4195e05,75f85e409009caf2da78023b94f577ee
1663,51788032,21184,1,94954f24,d4ace05fcd312c3a64899d9dddfc98c5
1664,51809216,38976,1,03e2bd4e,0f14ed281814f4dca2d045310a85098a
1665,51848192,28480,1,eb2da19c,166d33d7e618ef6b686e8cd476a936d7
1666,51876672,31744,1,efd1e4cd,c27e52b05a4019fb3943320bff35f421
1667,51908416,29056,1,0d0dffb4,3e47063cf05dfc5dac675f2e031e508a
1668,51937472,27968,1,2aa37e5c,5dbbae7dade8a262057557292a66827d
1669,51965440,31360,1,a4ffd9ff,97d236cc1e56df89dcdc097253e90dc2
1670,51996800,28224,1,4b3db2c1,1f8b080840507f4c0003727562303030
1671,52025024,27840,1,8e4f2850,c598bcb138f3712cd6b48fc51b0a6934
1672,52052864,14336,1,8b90b1d5,73792fca0bde7976dbc2b5a7b14b79a5
1673,52067200,23872,1,a2d8e7ab,ebafe2411ff0700966f960cf4fb907f0
1674,52091072,28032,1,44f12cef,802822f682a89909562c8888bd821da5
1675,52119104,46016,1,54a41d5b,231abb8f572dda17f9923376e42af22c
1676,52165120,19648,1,7ae8a9a5,cfddf387bc8ef7d0fc889787e937cd8f
1677,52184768,43904,1,a53a82d1,fc193a7424c3df1bee7b8379c3c1dfa0
1678,52228672,31296,1,15e3f153,20e75777a3c4eda7f7e13fdc0b35f7bf
1679,52259968,13888,1,0b23548c,8c980faab373870e3f672b6d77263f56
1680,52273856,17472,1,0e0303d7,1dd30135835da7c6eabb8cfa893918d6
1681,52291328,20160,1,6b681f77,f8728b6e95cee07b73c197dfd0fbcce7
1682,52311488,18560,1,a3eab547,7f0a9cba90a18f16f657b2afeb7562ba
1683,52330048,36352,1,e53c7fc8,3fd0f4cfef6272f5b94d6bb3956c0ce3
1684,52366400,10496,1,8679c850,9c9c626df0fb83ef6283fe08dd00f0b3
1685,52376896,33728,1,29eeb028,a89368d75e32d0c24364c13a920fbb5e
1686,52410624,19328,1,148e9998,d3d7a450d6f8aef45abf7ce92aafc5ab
1687,52429952,19840,1,532ee348,bcb2108912abd24daef9c8175d84fb2d
1688,52449792,18752,1,6e4ecaf8,a20972dc58e537a2b73a2798ffcc9913
1689,52468544,17152,1,dc6e16e8,45f888c0071f1f1bf1b11b1f29f8388d
1690,52485696,17280,1,e10e3f58,d75aa605bdafd15101f0fa9169497f6f
1691,52502976,21376,1,d8249906,9cbf3a3f37cd7b3e8be5ffe1b3b052d8
1692,52524352,15424,1,9f84e3d6,a073d5c2f175d08a037dbd9a0f8e412b
1693,52539776,17600,1,a2e4ca66,63f92b7c735dbe2181239d8f239dac71
1694,52557376,12608,1,10c41676,5dd7bcf5ff7716f09de1349f0fd09f73
1695,52569984,15424,1,2da43fc6,73493fb256a9352070c321da4f2ac2e2
1696,52585408,15872,1,7d1b42e7,57e6bb3b583988b954d5f7875297c030
1697,52601280,24448,1,f2c3fc19,b3edef8f9981fd18e777d7c70893feae
1698,52625728,45824,1,12cc5b79,5fbdeeafc7ca52141ec752c7f46f3abd
1699,52671552,21952,1,3d217fd6,e4134aa81437b214efe72738b03a3fb8
1700,52693504,4288,1,7a810506,991083c84954c9899831339124e50219
1701,52697792,6528,1,47e12cb6,6d08a457ed451d706ea6c8d52c5e0a2d
1702,52704320,6464,1,f5c1f0a6,4af6cb304a2c6b1ae3abfc7a334a6b0a
1703,52710784,4864,1,4abfad26,cab934be9e22370258b869199d7aa9e2
1704,52715648,9472,1,0d1fd7f6,0000000000000000666163740c000000
1705,52725120,10240,1,307ffe46,62e507610d50258c6e441088c52ea45d
1706,52735360,9472,1,825f2256,2bd2a7fbed369b6cf4516eb142e4a207
1707,52744832,11008,1,d11ae149,7d4764190752993e298239d68c290255
1708,52755840,6336,1,96ba9b99,6b6fff5f6efcb140c3acf2c2cd56cf04
1709,52762176,7040,1,abdab229,60635a0028aab9b578b652fddc1f0011
1710,52769216,8960,1,19fa6e39,930db90ecf37f6c9bb7e4c6db2f93005
1711,52778176,8384,1,a58208c6,55761fea28f9d29285993d5eba04b5b2
1712,52786560,5568,1,e2227216,3a0454c048242995341eadb139579a40
1713,52792128,9152,1,df425ba6,df554bb8f9323feec84ca56151a996dc
1714,52801280,9088,1,6d6287b6,d79d2fd3862112d221106c0bfebe9133
1715,52810368,9920,1,5002ae06,4b29605af07839af42822d64b9d89a22
1716,52820288,6720,1,3e2744a9,ef163fb433bedb3809c0ce35f91b00fb
1717,52827008,4608,1,79873e79,aae60ff6868e4b52d51ae30228502ead
1718,52831616,5824,1,44e717c9,6827d5667928cc519a8e80093bd253e1
1719,52837440,5184,1,f6c7cbd9,18da41736bf572139847b8146b44938f
1720,52842624,5760,1,49b99659,0000000000000000666163740c000000
1721,52848384,4672,1,0e19ec89,2a044927544a385bf8a8fdc2bc35382b
1722,52853056,7808,1,3379c539,6eeceb4a205afce2973f13d97610eccb
1723,52860864,6656,1,81591929,b8506b8b00f7835b0c3f2b7830ee33aa
1724,52867520,9536,1,d21cda36,90710b80f963261fefb1462829e91a5e
1725,52877056,6144,1,95bca0e6,67e6e28df0a3be5635639386fd739c7e
1726,52883200,9856,1,a8dc8956,1b36bf76041debb30b913c0e365ed43c
1727,52893056,8960,1,1afc5546,9450019f173f7f6778c6ebe4a46640a6
1728,52902016,9472,1,a0884547,0000000000000000666163740c000000
1729,52911488,9920,1,e7283f97,03451a9376aee47a25c9de9e9c000d4d
1730,52921408,6848,1,da481627,da62cae0d28353d924eeccbfd91c5a7c
1731,52928256,9664,1,6868ca37,722b71fa90b1c5d7d5339f3d350db429
1732,52937920,7296,1,3b2d0928,8b564748cd544ac5d93d20a8c3e0d092
1733,52945216,7040,1,7c8d73f8,82e5f58af4187e917db8dd63d4169e39
1734,52952256,7872,1,41ed5a48,25ba747097f182c02b1ba3bbec9b7678
1735,52960128,3328,1,f3cd8658,3a96161f738583fd69a68ef78f092e41
1736,52963456,4480,1,7b12ea3c,0000000000000000666163740c000000
1737,52967936,4992,1,3cb290ec,0be8701d0869f0081e3904460213ce02
1738,52972928,8960,1,01d2b95c,9aaaf577a9aa6d34271c6391300cb757
1739,52981888,4992,1,b3f2654c,0000000000000000666163740c000000
1740,52986880,9344,1,e0b7a653,329ad8c8f5b2c71cc453a6d5c1802bc8
1741,52996224,8384,1,a717dc83,0000000000000000666163740c000000
1742,53004608,7424,1,9a77f533,1cf91ff1afe6430a6b682bdd1d6bbdb1
1743,53012032,7232,1,28572923,ded36bc0b8d8f57c1f73e2f83a36acc0
1744,53019264,11584,1,972974a3,69af18024e9b58431b902232572456a5
1745,53030848,6912,1,d0890e73,497b542b05c788200008f41eac4eff25
1746,53037760,19840,1,ede927c3,903877b7168cfe810ad8a74910492ced
1747,53057600,13952,1,5fc9fbd3,524946465c2f000057415645666d7420
1748,53071552,14400,1,0c8c38cc,1084725da59567f8e3afb72f5273abc5
1749,53085952,4800,1,4b2c421c,c4ccb12e7000002d0fe7dff2be9cad87
1750,53090752,9728,1,764c6bac,d007eee90c36dfb397982fb80348b402
1751,53100480,7040,1,c46cb7bc,ef7ad26fde5c3aeba0017d6569c5956e
1752,53107520,11712,1,7814d143,54aba3f57584efb725977ed444ce5a27
1753,53119232,10240,1,3fb4ab93,99fcbd7779e93af9f695739994a64a7b
1754,53129472,11072,1,02d48223,8858e6bc759679febcfacf5fdda26b80
1755,53140544,5184,1,b0f45e33,8921a82451c4b4c54e4d380859c634c0
1756,53145728,10048,1,e3b19d2c,0000000000000000666163740c000000
1757,53155776,8000,1,a411e7fc,8e577065b40605462b0400010dc54a6c
1758,53163776,5440,1,9971ce4c,9c361e2e8ed291d3a613184e40109438
1759,53169216,6656,1,2b51125c,d3ef98def55482640f49f3226201f141
1760,53175872,8192,1,16313bec,3d2b36d97e6a55a23beed5bb1be29cce
1761,53184064,7680,1,942f4fdc,dd1034c6900155b3288d918e67213bcd
1762,53191744,6656,1,d38f350c,3b06ac044c870f5755139bc1062583bd
1763,53198400,7936,1,eeef1cbc,cbc220896341283549a18014a7b4e9db
1764,53206336,17216,1,5ccfc0ac,e5fe5995ec2b2f71b407bffc0d7a4351
1765,53223552,9664,1,0f8a03b3,0000000000000000666163740c000000
1766,53233216,7552,1,482a7963,db5647660029954fb371eb3025f4464c
1767,53240768,15168,1,754a50d3,eb3f18397bbb13230c60b6cf3067f1d3
1768,53255936,5440,1,c76a8cc3,1d45b2d7325ee23acd39da26e8c14d7d
1769,53261376,6464,1,7d1e9cc2,7badddf8f07394b96adb742025604f52
1770,53267840,6720,1,3abee612,e4229a1e07d439e707ff8754c8018c67
1771,53274560,7040,1,07decfa2,165056857a96bbef17e802fbe156952a
1772,53281600,12672,1,b5fe13b2,b100080877d44bdbc8ebea15f26fd163
1773,53294272,7808,1,e6bbd0ad,fa5c72ce2c0a745297103000e83304e3
1774,53302080,8192,1,a11baa7d,6b003bb6e1766e3ddbcdd8b7e3f35500
1775,53310272,8576,1,9c7b83cd,9b2b705fbd7aeee3775a02324af0acff
1776,53318848,7808,1,2e5b5fdd,ef02af6549b00506b383f79200dfd8ea
1777,53326656,9152,1,c6d886f2,a0a3982f20ce0105f075209a9a30bd5e
1778,53335808,4672,1,8178fc22,5e4bdf8de8575d0c43c0fe8fda146325
1779,53340480,7232,1,bc18d592,ea1d89002f858f744df37d6f210d9769
1780,53347712,9088,1,0e380982,6b8f24b45a98b19adab1afc24067330a
1781,53356800,11968,1,5d7dca9d,b59ba6458cb269ad50905b4b2679df8e
1782,53368768,6528,1,1addb04d,4705b017488632387d2dc8050280506e
1783,53375296,6912,1,27bd99fd,b8e3dcaae02dfcf080ae0cd81fbfbf43
1784,53382208,5184,1,959d45ed,b7b3006830c02e8ac7e50c491e7f0d9b
1785,53387392,4672,1,2ae3186d,0000000000000000666163740c000000
1786,53392064,6272,1,6d4362bd,c52805e9cc23f4e669de123b854c707e
1787,53398336,7808,1,50234b0d,6bb5e33f4db93edfe31930f32c698f08
1788,53406144,8576,1,e203971d,6ed4b138dba65be12fed9e1e9d299d83
1789,53414720,9280,1,df63bead,64fda64343d0e3ce0a50014c6027a8fd
1790,53424000,11968,1,98c3c47d,7a774ff20f3ba6759b7d5c0641b1e6c8
1791,53435968,7808,1,b1465402,89cf55d1ed22f56b6ecd89c69edcb28d
1792,53443776,8896,1,f6e62ed2,100300722952c91d9ec4c6066f2786fb
1793,53452672,10688,1,cb860762,ecfc4c50a45fdd7f7757b29b83e5f26a
1794,53463360,7296,1,79a6db72,a7f372ff8ebe0e5fecdc4d814f653702
1795,53470656,20416,1,44c6f2c2,34b16e0ac40696679b4b1bf38d379a95
1796,53491072,10432,1,c5debd8d,f5a88ae4923196365e61d62c032ff37d
1797,53501504,7104,1,827ec75d,8e32fdadc8ef021bbd00210ebf8f4fd3
1798,53508608,5376,1,bf1eeeed,28a1803a10256862572342c21a0298d2
1799,53513984,9088,1,0d3e32fd,51eb0a0cb44d8d22c3477856f9cc951a
1800,53523072,10816,1,5e7bf1e2,93587a68d3e78fd6fd6f8d7828698d27
1801,53533888,8768,1,19db8b32,ee26164ca90ce873f27c3a73098548d7
1802,53542656,5760,1,24bba282,5f962b5877225500deba9ad608bb8098
1803,53548416,4736,1,969b7e92,1e9c979e1735286ae0ef6f10d6c9d251
1804,53553152,16512,1,29e52312,455a42494e4400000100000040000000
1805,53569664,4480,1,6e4559c2,0000000000000000666163740c000000
1806,53574144,3904,1,53257072,3611ab20c2810348ec48018804080404
1807,53578048,6656,1,e105ac62,1eb8f0516bb4c7e7caaa5cbffc8ffa66
1808,53584704,7808,1,b2406f7d,8d5d098ff437f0c952e539a78d92158f
1809,53592512,13248,1,f5e015ad,c67d2557e20024a1f93cdd35d8f3fcf1
1810,53605760,9280,1,c8803c1d,a88868c7edc0c35cb6d6efa22fa0261f
1811,53615040,9728,1,7aa0e00d,e99ff18cf003b34ede3f2b7601e94ffd
1812,53624768,6528,1,c0d4f00c,14113f974a7f9962b2bb9326eb39973e
1813,53631296,6272,1,87748adc,e8496c179ac9dfd5954c0cc96cc9d8c1
1814,53637568,8320,1,ba14a36c,5fdc43e10e70226b3f59c9904b128e2a
1815,53645888,14400,1,08347f7c,f24e25001424c04a3d3b35db936076e7
1816,53660288,10560,1,5b71bc63,74a69e96345aa695171f4fe1ab0c70a7
1817,53670848,13440,1,1cd1c6b3,ba5e1c7ab566a2925cca1c8a4337d2f4
1818,53684288,13568,1,21b1ef03,524946465c2f000057415645666d7420
1819,53697856,14912,1,93913313,54de534183d6e4852fbbd7f53b7754a2
1820,53712768,16064,1,aef11aa3,3b3263e2477328a012da8b48fc577d9b
1821,53728832,6912,1,1b4e5f77,1777c6f2dc3faa3243f395f035c70000
1822,53735744,6656,1,5cee25a7,07d8048c2399f94009d7e5639c19803a
1823,53742400,8448,1,618e0c17,0ad737beebfa3af907db7d1732d61158
1824,53750848,5376,1,d3aed007,b6cefa79997a3bb3924643446baad683
1825,53756224,6272,1,80eb1318,1c36c572308393d710782c637fb3320e
1826,53762496,13632,1,c74b69c8,0260da2f9f26df5f6dfd9a5db0f5aa3f
1827,53776128,9152,1,fa2b4078,6ffef5bdc6e76add1500161616deea5e
1828,53785280,19904,1,480b9c68,ade9cb27416cf71d8daab4335c652b73
1829,53805184,22976,1,f775c1e8,0000000000000000666163740c000000
1830,53828160,17984,1,b0d5bb38,96be6ea64f015bf4eebdad79def60627
1831,53846144,22656,1,8db59288,0000000000000000666163740c000000
1832,53868800,14528,1,3f954e98,98c851e354397bdd91cf7af58d3725ef
1833,53883328,13248,1,6cd08d87,09e4c67c9b49ff187f180da6cfbbb77c
1834,53896576,10240,1,2b70f757,7fb5d7a1230a7241b6692efef02dbf7e
1835,53906816,5888,1,1610dee7,8944e7160d853dbbe8de78f6383b273c
1836,53912704,16640,1,a43002f7,3d3d9e008218a0205148d2c39b71c72f
1837,53929344,9792,1,18486408,3b49dbec5cca92314a542ba25e477248
1838,53939136,17728,1,5fe81ed8,6ef1b5ccc062bd7e3dad4e3c4e6e59d8
1839,53956864,14528,1,62883768,eeffde4c9c3a7c7afdd2bb0ce618a459
1840,53971392,8192,1,d0a8eb78,58e2b3f6e4732f5a1f571fdbce00d717
1841,53979584,7872,1,83ed2867,f3ca70509c1a4c9c47c9931feed7769d
1842,53987456,5056,1,c44d52b7,0000000000000000666163740c000000
1843,53992512,5760,1,f92d7b07,2583a64e46177478b99c174dca9b9616
1844,53998272,5504,1,4b0da717,1d8fb3c6376c917971a780c13c5f24f7
1845,54003776,14208,1,766d8ea7,524946465c2f000057415645666d7420
1846,54017984,7296,1,f473fa97,cf06608a9625de4674fff2ea662c089a
1847,54025280,6464,1,b3d38047,fbd37bee70e7ab3bbbfe3ef4b6e2895e
1848,54031744,6016,1,8eb3a9f7,93159728e498186bf0e8f3912963737d
1849,54037760,2816,1,3c9375e7,747375f7fab12ecfe31514431a2d32c8
1850,54040576,3456,1,6fd6b6f8,455a42494e4400000100000040000000
1851,54044032,6528,1,2876cc28,3a61700060c5e88259ccc3e8ad89457f
1852,54050560,6016,1,1516e598,88adfddbcc75cf9aff1492ae86c97236
1853,54056576,3136,1,a7363988,304745301a60700001de106001430781
1854,54059712,7232,1,1d422989,984b2c24abbb05ad8a6b904a16e41457
1855,54066944,9856,1,5ae25359,bc769928f5914581c30a8a96eee9a757
1856,54076800,6336,1,67827ae9,90b03440abf0082460209d736c6f69dd
1857,54083136,8192,1,d5a2a6f9,e90bcde34d8deddf8bc5ebfaccfdbcce
1858,54091328,7040,1,86e765e6,86e540160551a466c4862aaad55845b9
1859,54098368,8448,1,c1471f36,f510906229fbbb3245a562bce8ee0c02
1860,54106816,6080,1,fc273686,b8d933e531aef3235c2e0f372f0c762d
1861,54112896,10432,1,4e07ea96,85c731ace3a6503ed2b7be635d126e6e
1862,54123328,8576,1,663d592f,bbb06882bdbdd358030f696385d577f9
1863,54131904,8384,1,219d23ff,7736797369ff69f4d731e08081e57b23
1864,54140288,10432,1,1cfd0a4f,2290514e1f67f4d81328148d3942b0c8
1865,54150720,8128,1,aeddd65f,3acc34da95855541ccbb101476cc2ce1
1866,54158848,11840,1,fd981540,47a6f7aab52c750831a14e4c4e61da41
1867,54170688,6464,1,ba386f90,567bdee432d64e9ecbf189db22529577
1868,54177152,5760,1,87584620,feb240a24be968ec74263465c2564475
1869,54182912,11200,1,35789a30,561218b5e6e57caa8da2d5b801ad86ee
1870,54194112,7616,1,8a06c7b0,227dcf0403aa41ded76937914acc1d4d
1871,54201728,4864,1,cda6bd60,5f74dc7038030ca066b049e85b548923
1872,54206592,9664,1,f0c694d0,0000000000000000666163740c000000
1873,54216256,7040,1,42e648c0,fc2bc5aa1ad11f7fbd631f7bf4feeb32
1874,54223296,8576,1,11a38bdf,c4d0481f77e585b26d5cf34b0670bbd3
1875,54231872,7488,1,5603f10f,59b3f98687a3712de05bc922cb34801d
1876,54239360,5248,1,6b63d8bf,0000000000000000666163740c000000
1877,54244608,2944,1,d94304af,4e70ebc160f46357189c56061a654786
1878,54247552,5184,1,653b6250,0000000000000000666163740c000000
1879,54252736,7104,1,229b1880,fcfee0063c5bb9df5335b0dbf6079012
1880,54259840,8896,1,1ffb3130,0000000000000000666163740c000000
1881,54268736,7488,1,addbed20,a8ff647609bc55ce53edb051ac745c1f
1882,54276224,8192,1,fe9e2e3f,0000000000000000666163740c000000
1883,54284416,5888,1,b93e54ef,0000000000000000666163740c000000
1884,54290304,12352,1,845e7d5f,6526d6cbff312dc3db2ef59e27359327
1885,54302656,7296,1,367ea14f,3aa2dd3f9fb7bb12e46678c1400c4ba7
1886,54309952,5504,1,8900fccf,f9db483240aad16f82ab9bbcfbbd5ac8
1887,54315456,9728,1,cea0861f,27d8090c8cfa3b5f1e671369e900138d
1888,54325184,8192,1,f3c0afaf,9c0059cb42a02efae0ff59cbf25a7630
1889,54333376,8192,1,41e073bf,e14cf09d6f5f37db32e5d79cb7b1ab10
1890,54341568,6336,1,12a5b0a0,a1f3f729440308faa2806f5c91610544
1891,54347904,9152,1,5505ca70,0000000000000000666163740c000000
1892,54357056,5120,1,6865e3c0,c39d39a570915625a126222cf7250fcf
1893,54362176,12864,1,da453fd0,524946465c2f000057415645666d7420
1894,54375040,11136,1,60312fd1,a8576a47144183e5fbdf5331d97e421b
1895,54386176,15424,1,27915501,508528911aa2664577967de7ddc03800
1896,54401600,15552,1,1af17cb1,b7470c5ac7bab77870c3eff027174c94
1897,54417152,5440,1,a8d1a0a1,abe33667e46218564b42fc4805ce3455
1898,54422592,5568,1,fb9463be,132e4ada62252967f44a41cc42c9c0be
1899,54428160,3904,1,bc34196e,1061e2319d408191c882301133980896
1900,54432064,6528,1,815430de,a6eb2a27d3b84b2ff16b18bd33ada3fd
1901,54438592,6144,1,3374ecce,646905e1bb231000060b54a98d2cb7b1
1902,54444736,7360,1,0e14c57e,08c88948c468e810bfe552c65ed56b2f
1903,54452096,11264,1,bbab80aa,834104b9d9d98c12a325cc0c16729c2a
1904,54463360,3328,1,fc0bfa7a,b201147fabae5699b5529eb75f5c8b78
1905,54466688,5760,1,c16bd3ca,0000000000000000666163740c000000
1906,54472448,4992,1,734b0fda,11665f9a2234e9c159acba04ef9d6aab
1907,54477440,10112,1,200eccc5,d5a82701a023fd48a41e51b76542b7c8
1908,54487552,3712,1,67aeb615,2684823621933426429a0a059e041721
1909,54491264,5568,1,5ace9fa5,0000000000000000666163740c000000
1910,54496832,6912,1,e8ee43b5,f2a6da2c99dd4e998ab18e0b6729324c
1911,54503744,7232,1,57901e35,fdfe630935144350dbfdffc43073c0d0
1912,54510976,6656,1,103064e5,f81b8a6234558ac0b60fddb12cdb63ed
1913,54517632,10496,1,2d504d55,17fc45afcb189a7abcc00b077e4cae33
1914,54528128,8896,1,9f709145,0000000000000000666163740c000000
1915,54537024,9280,1,cc35525a,f7bfce7bbafdf3ff7ab39d574f400c45
1916,54546304,10816,1,8b95288a,f4acce7affedfe3e36f788f608e0892b
1917,54557120,12736,1,b6f5013a,bf5bf01c800adbcd2dfda586d3ccdf1f
1918,54569856,4736,1,04d5dd2a,eaaafac92faf6ba889be6f464c940555
1919,54574592,11072,1,b8adbbd5,debd23426718d240296abad70856f21c
1920,54585664,6080,1,ff0dc105,d6540a9e5139d404e3f0a0491def4c01
1921,54591744,10688,1,c26de8b5,c16e2afea62b42c883bacd84f8aa743f
1922,54602432,6656,1,704d34a5,a005a603440cb6e8b997fd391f0a3d4f
1923,54609088,8064,1,2308f7ba,d3608226e860beecd13d59696c500789
1924,54617152,5952,1,64a88d6a,752d902ea72a6d2814d9a0cb0b8ebf88
1925,54623104,4096,1,59c8a4da,21223e8ac344a74ac0ff7568a502a559
1926,54627200,3712,1,ebe878ca,69297475a6b587007fabb48022a0fabb
1927,54630912,4096,1,5496254a,c906a5d0d2a9a91c29aa0451d3113334
1928,54635008,5568,1,13365f9a,a83299904a05a62503d308e79c086ef2
1929,54640576,7488,1,2e56762a,800b71ce3638b83d7d464b86f4408010
1930,54648064,4608,1,9c76aa3a,ba415f10f15abb278c73ee561a653e6d
1931,54652672,4864,1,cf336925,c74532a709cce8bc4a4e85f4573bbbb3
1932,54657536,5376,1,889313f5,244244510654090f4469b722088a91a8
1933,54662912,10048,1,b5f33a45,dac13f95fa982c288457ee46ec47f9dc
1934,54672960,6912,1,07d3e655,7eb2e745bb573ad58c6f14ec42ae4032
1935,54679872,6912,1,bda7f654,ec8319fe40c774b8f0be6f03c4bd60a3
1936,54686784,5184,1,fa078c84,541480689befd3c19518c68055636d3e
1937,54691968,9600,1,c767a534,0000000000000000666163740c000000
1938,54701568,12288,1,75477924,f390589be6b39125a6ec86e7b1c1718e
1939,54713856,10880,1,2602ba3b,4854a9616ec23a4f60498a00b0299d68
1940,54724736,4096,1,61a2c0eb,0000000000000000666163740c000000
1941,54728832,5056,1,5cc2e95b,0000000000000000666163740c000000
1942,54733888,5312,1,eee2354b,a53950ad8a751244a44a95ce346b2684
1943,54739200,10688,1,0661ec64,ba3fc1e70f8408d67b877fbe591d3aee
1944,54749888,5760,1,41c196b4,f7cd5f77d2ee030cfbbb08122da7e2f7
1945,54755648,7424,1,7ca1bf04,21f46f55aaa25c4b9b97419bfc0d7e70
1946,54763072,7040,1,ce816314,9e5b3829215d0841a2c3601100bbfe45
1947,54770112,12544,1,9dc4a00b,ff01fbc8096ffe37ffbc8da971f5fcb2
1948,54782656,7040,1,da64dadb,ddd545e7e033a3691c85896b3ba1ae97
1949,54789696,7488,1,e704f36b,f34c836f26889765d43e41b835268f46
1950,54797184,4224,1,55242f7b,3ffd5a5bd04d554d3526bed45e29c97e
1951,54801408,10432,1,ea5a72fb,7e31bb7af8f95cdeb9b38577b8e8e5eb
1952,54811840,8768,1,adfa082b,d8ab93e0ff9be17fd6cfd382e09ac270
1953,54820608,9856,1,909a219b,afe18fd51a0a3442242ae9229a293226
1954,54830464,5184,1,22bafd8b,5309d81575690518ae83f9c8c28dc5f2
1955,54835648,8064,1,71ff3e94,8de61b4cef1e3e99c4beef1f4e4d3b5e
1956,54843712,7232,1,365f4444,d6be30a9145e5caf89895f0bf8e41210
1957,54850944,10624,1,0b3f6df4,df666841aff61b1323530511f5d42514
1958,54861568,9664,1,b91fb1e4,d7ee55d89f9ae11104be72932a9186fa
1959,54871232,8768,1,0567d71b,5d181caec57c1be9bc44abf79e79481c
1960,54880000,4480,1,42c7adcb,83d3ce8690ed61121c04060f0715866d
1961,54884480,4096,1,7fa7847b,0000000000000000666163740c000000
1962,54888576,5632,1,cd87586b,0000000000000000666163740c000000
1963,54894208,17600,1,f0e771db,229b35801a60f018d72764e9c43c472c
1964,54911808,7680,1,9ec29b74,5619bea98a1b93a59acc61d98b4a81b1
1965,54919488,6656,1,d962e1a4,132731044ed6443adb59935fff57ffdf
1966,54926144,8576,1,e402c814,1764be2919af764fc2129aebf860f681
1967,54934720,8384,1,56221404,a1fccfbcf6ddd7baff27b69694982418
1968,54943104,10432,1,e95c4984,ab293b186e39ca8938032a9742d3574b
1969,54953536,6784,1,aefc3354,fd565e3145820829ef78dd129bad95d8
1970,54960320,18944,1,939c1ae4,4ca37834f86ea5ab51bfbe3a1f45a2f8
1971,54979264,21568,1,21bcc6f4,c67255eec659b65d71c084e6ab558ca4
1972,55000832,10432,1,72f905eb,83d8e8eb5c5990ad5257e120cfda2cc8
1973,55011264,7232,1,35597f3b,f368445c7b6d209524d326792eba3098
1974,55018496,9472,1,0839568b,bd411363dfbba5370424828dc3d6d8fc
1975,55027968,11776,1,ba198a9b,db81909a00c8b2d43aeed1b766dd39c2
1976,55039744,4864,1,006d9a9a,18814850cebbcdf1efc3a56348480ab4
1977,55044608,5184,1,47cde04a,e0e445884cb10322c41103223b104604
1978,55049792,7168,1,7aadc9fa,41e74f7ccd8ac01200bbb0129055e284
1979,55056960,19200,1,c88d15ea,894346ce58cb8964b3f5901a947273f8
1980,55076160,13696,1,9bc8d6f5,66be31d9cd4c63b73ff557c33d076743
1981,55089856,5568,1,dc68ac25,d53a180302ecd1ab1ad10bacaf352324
1982,55095424,4288,1,e1088595,0000000000000000666163740c000000
1983,55099712,7232,1,53285985,38015989766dc7f8c7d7d64b6dff965e
1984,55106944,5248,1,dbf735e1,49fc94a853a3fc3ec123a027d6ded3ce
1985,55112192,4992,1,9c574f31,19c588018840ac224e02274081254214
1986,55117184,6720,1,a1376681,08a357ba9e357772e020764862dadcb4
1987,55123904,6656,1,1317ba91,a5781f9c46228149598edf15b1ec3778
1988,55130560,7872,1,4052798e,cbcc634b12c1c7b4b7f8896df5e49419
1989,55138432,5760,1,07f2035e,0000000000000000666163740c000000
1990,55144192,8768,1,3a922aee,3f3b4f8ee684910af775909fc77e62fa
1991,55152960,7808,1,88b2f6fe,df03f1e8c1292ab14727857456f7f3c9
1992,55160768,6336,1,37ccab7e,5e563d7117b3be5686fa9a9fcca746f2
1993,55167104,5760,1,706cd1ae,0000000000000000666163740c000000
1994,55172864,5056,1,4d0cf81e,34e1f27a347dd73005c519cc021b2abc
1995,55177920,5568,1,ff2c240e,98d285b15ea8155e52bbab24b20ac845
1996,55183488,8768,1,ac69e711,0000000000000000666163740c000000
1997,55192256,5568,1,ebc99dc1,043a6aa523845afbc2c71fee58535cc7
1998,55197824,5248,1,d6a9b471,0000000000000000666163740c000000
1999,55203072,4608,1,64896861,86cd856d4de6d38c616180981a6d453d
2000,55207680,6336,1,d8f10e9e,1ee76a17d8dbc438c35f235ecc5a4e52
2001,55214016,6656,1,9f51744e,d3590e80ac06771ff53266e8813d0e3b
2002,55220672,9728,1,a2315dfe,44845fe3b8f4ce3e5c7cc67edebbaf3e
2003,55230400,7424,1,101181ee,e2d85e41e2f9794673a22775764de6b1
2004,55237824,7808,1,2d71a85e,a0b715d3fb5caf61d5b5401418e5a669
2005,55245632,8768,1,435442f1,18d3330dbc8fde417c724efffa769591
2006,55254400,5376,1,04f43821,24281b62fc5efa099c839a97c2a4096d
2007,55259776,11200,1,39941191,c9035e402e273c60c1bae390df91ed7b
2008,55270976,7680,1,8bb4cd81,76ceb0a96eee1ce76e1725d413618a77
2009,55278656,5312,1,6722acbb,c6016b0195361abc1a8d1abd4b421753
2010,55283968,10240,1,2082d66b,84b35f9ef32aed33ffa39136321666ba
2011,55294208,11776,1,1de2ffdb,7b95155009720fe2f584b02f512580b0
2012,55305984,8896,1,afc223cb,ccc9e78d8b70a5944d832d8f95c37e2a
2013,55314880,12224,1,92a20a7b,819e20dfbb1162b198cdcfd762d619fe
2014,55327104,21568,1,d50270ab,fe4fd9b9c2993f92c6193f4dbfe5e2c5
2015,55348672,20736,1,e862591b,f0da6e390425f597b9e320cbeb4bc710
2016,55369408,13312,1,10bc7e4b,51c57f401650e77594c479052d2ad2c0
2017,55382720,7232,1,571c049b,53542f8b9c964156c567d9d5fd6cfa97
2018,55389952,9280,1,6a7c2d2b,24892241b5729f91475dbc34f5e64b8d
2019,55399232,9152,1,d85cf13b,9a091b7ae238284b5ea7e7676a3a003d
2020,55408384,10432,1,8b193224,a4442436548400fadcac05698851a2ce
2021,55418816,6848,1,ccb948f4,75628880243d8ccb40049ba4cadfd6f0
2022,55425664,10048,1,f1d96144,8603edb6db6c4852dfc3ae8001516bf5
2023,55435712,13056,1,43f9bd54,e43ffce37e001b71f70e0d726a6b83ff
2024,55448768,12160,1,ff81dbab,ebfe3a9e64b909f47f6dc011c50b005b
2025,55460928,6208,1,b821a17b,711b609893bd07473d7cbddfb3a3a797
2026,55467136,15872,1,854188cb,3b51a0f1cb199ff5888dcbd71cc6a082
2027,55483008,9856,1,376154db,d9005c5154253058640b2f66388963c9
2028,55492864,11904,1,642497c4,adb04259002aaa40bdffdb25eeb15954
2029,55504768,14592,1,2384ed14,001aba413b284a64f72e51288f09f7b7
2030,55519360,8640,1,1ee4c4a4,0000000000000000666163740c000000
2031,55528000,17856,1,acc418b4,64f86ca55a7b2cbcc06ac977479adb04
2032,55545856,16512,1,13ba4534,455a42494e4400000100000040000000
2033,55562368,5952,1,541a3fe4,0000000000000000666163740c000000
2034,55568320,6656,1,697a1654,d81260a64f971db700eeeef1d16b5a95
2035,55574976,9344,1,db5aca44,a1b79e7e28fdef55de6fb3b6d7ac0c81
2036,55584320,6912,1,fa8b962a,395e3621bb74b9ca6c7d15bd60f0834c
2037,55591232,6912,1,bd2becfa,faa121649d2eab048367f9b20a0e7cff
2038,55598144,5696,1,804bc54a,0d541c2ea6987206302d69f7d63f9370
2039,55603840,10624,1,326b195a,94e8a01cdb6e30b0c8dd9f5650bb502a
2040,55614464,10048,1,612eda45,1f443b55a3ff67ef8bc917e3aba6aed5
2041,55624512,8448,1,268ea095,c41215a928e132d377eda5c02041004e
2042,55632960,5888,1,1bee8925,140429b067864eb89da2d893c7dff6a5
2043,55638848,11520,1,a9ce5535,42ea8e0bf6bdbe296b7df8b88240be57
2044,55650368,13888,1,21113951,524946465c2f000057415645666d7420
2045,55664256,2944,1,66b14381,d89e60061a6070000063c848bc404a00
2046,55667200,4416,1,5bd16a31,0e5604248e049907624827011322c2d2
2047,55671616,7808,1,e9f1b621,02316cd21cd13208c3555e62a27f37ee
2048,55679424,8576,1,bab4753e,9ffbf1c10007cf9ffff201c339c9bf6d
2049,55688000,8192,1,fd140fee,371ff57ada77bb3c3308185bb4480835
2050,55696192,9152,1,c074265e,32153d00b390c2b9013e7412e4300343
2051,55705344,9984,1,7254fa4e,ac2af78c0fd5575894ea117970704a7d
2052,55715328,11584,1,65b778fe,b6d5a3bfdf85efe7ce550122201670d9
2053,55726912,12992,1,ce2c9cb1,121b91b7942f74fba2fa5cea73c4eeef
2054,55739904,15552,1,898ce661,00023d78dd9a533612b74d08c7bfbb1b
2055,55755456,20160,1,b4eccfd1,b79e20d0063ece40a9540508e2651b2a
2056,55775616,21568,1,06cc13c1,00041ff8058273d6ffffbcdfe4fffe6f
2057,55797184,20544,1,5589d0de,8f715d52c69762175dfeb3ce4f147b87
2058,55817728,15552,1,1229aa0e,00023d78dd9a533612b74d08c7bfbb1b
2059,55833280,20160,1,2f4983be,b79e20d0063ece40a9540508e2651b2a
2060,55853440,21568,1,9d695fae,00041ff8058273d6ffffbcdfe4fffe6f
2061,55875008,19776,1,debe97ec,8f715d52c69762175dfeb3ce4f147b87
2062,55894784,2148,1,0ec7e57c,fe9b69c7ae0e5352f2438bfc1cbbdd71
2063,55896932,65140,1,f5077b55,00000000000000000000000000000000
2064,55962072,310592,1,e876c9e9,487101003d66c781c8060000e00c0000
2065,56272664,54600,1,4b9f9793,00000000000000003823000038520000
2066,56327264,206460,1,3347aede,5d3c1affa36a30ffd2d1c5ffd4d3c7ff
2067,56533724,231176,1,a9fd1725,174cc608000044a0812ab041070cc114
2068,56764900,230999,1,84b1da8d,48e7034cce0c00001af9d1c1fe383f90
2069,56995899,46862,1,79a2f162,000000d90d0000320a000040000000b0
2070,57042761,20527,1,35aef26b,0b2a88021c5ae7139d815944bfa99e10
2071,57063288,188364,1,7ae38b52,113216067ed534b45a2344579e8c3209
2072,57251652,1034300,1,7a101daa,9d9339d50891380a0da74d8ad1c66c0f
2073,58285952,128,1,b6ba1d34,00000000000000000000000000000000
2074,58286080,13952,1,f11a67e4,455a42494e4400000300000040000000
2075,58300032,12480,1,cc7a4e54,f05a6df28d118bd13236d8d9dbd73774
2076,58312512,12480,1,7e5a9244,21e8cb424f8d802e8a0b7805785e4d40
2077,58324992,13888,1,433abbf4,455a42494e4400000300000040000000
2078,58338880,13952,1,049ac124,cd07e93331f9cb0a3531f96da6e8246e
2079,58352832,12928,1,39fae894,121d71b386f853cbfb4b4369c4613239
2080,58365760,13056,1,38351ad7,26888ede44b75252ae445f095a74d249
2081,58378816,12608,1,7f956007,69c9a9a90101eabcec66763efa55f526
2082,58391424,11712,1,42f549b7,e19e54ce1d4ee3ab9c189ace7c4c862d
2083,58403136,13120,1,f0d595a7,75e588e02182a054068cfacb7d8779ba
2084,58416256,13376,1,cdb5bc17,1e1babf771e43b27cc941f15191d161a
2085,58429632,12352,1,8a15c6c7,43ebc2588a264422441081801bb5288a
2086,58441984,14016,1,f49f1a49,99f5fc2ec339bf73eefdcec9c9f94e92
2087,58456000,10688,1,b33f6099,142112daa24e108ba082a82872d16a8b
2088,58466688,11072,1,8e5f4929,a6bd6eceb7fd3d420821841042082184
2089,58477760,12096,1,3c7f9539,94a0afeb1c6ef4fc11f6b6d360155361
2090,58489856,13184,1,011fbc89,cde92a741a2ea1ee78054c8f6f2373d9
2091,58503040,1024,1,fe5a1350,00000000000000000000000000000000
2092,58504064,15104,1,b9fa6980,61b2290f6c21bb98dd4c5c1e3e7d0fc9
2093,58519168,13696,1,849a4030,6723f647cd66cdccdc50a82acd7a15e0
2094,58532864,14400,1,36ba9c20,44e9e4289d13a5edffe3b9647c312cb3
2095,58547264,13888,1,0bdab590,14455114455114455114455114455114
2096,58561152,15168,1,4c7acf40,9ed1b6a69616bd29e61f3dbceb82d1d0
2097,58576320,13120,1,32f013ce,63fc4c8abb7d9650489a85649b3a5cd3
2098,58589440,14144,1,7550691e,645955699a5436f57e6ce9fa7beff9fd
2099,58603584,13888,1,fa109cbe,464143453030355f30325f616e696d2e
2100,58617472,13696,1,c770b50e,8bb2bc14d8482e47cdabe42e3d86bb2a
2101,58631168,15232,1,bc7f142d,371ab8dde5f9fd79617ad86cb0e957da
2102,58646400,13568,1,fbdf6efd,38d7bd1e5f0f0de2e70e19db56afc063
2103,58659968,11264,1,c6bf474d,ff9606b6bb5ab68e65ab8ed5b03dba75
2104,58671232,13952,1,749f9b5d,1f8b0808d47ee04c0003464143453030
2105,58685184,13056,1,49ffb2ed,24970b1997f2d128f299b421db6593b9
2106,58698240,13504,1,0e5fc83d,33f168bbdb2610eaebcaa4879d5681c8
2107,58711744,12608,1,333fe18d,176b2db8d56c2bd1e4ef1dda8b122543
2108,58724352,13504,1,70d514b3,455a42494e4400000300000040000000
2109,58737856,13120,1,37756e63,5eb25f1e4579e3463aa1b1d3c81d2d07
2110,58750976,12160,1,0a1547d3,455a42494e4400000300000040000000
2111,58763136,13504,1,b8359bc3,08e9b4c219771d578f2df21e01df7a84
2112,58776640,11840,1,8555b273,04a5aa1967b9cd4da6638a864f0cb29c
2113,58788480,12032,1,c2f5c8a3,687235767040dd842df4ff6e34d6c30b
2114,58800512,13824,1,ff95e113,a7ce497aa9844e15ef76509c207a7093
2115,58814336,12608,1,7dc576c2,fb06c63026bb16395a48a86a9464e38d
2116,58826944,12672,1,a9f5061f,402fb07adf959c95562befd650075aa4
2117,58839616,13760,1,ee557ccf,4eeb9a3d4239c59afc44cca0caaf6185
2118,58853376,13312,1,d335557f,455a42494e4400000300000040000000
2119,58866688,13696,1,6115896f,9b59b33829c031ac85921da29842c74a
2120,58880384,14080,1,5c75a0df,21a52573b6d5edf1e8c8874c21e5b546
2121,58894464,14848,1,1bd5da0f,1f8b0808d47ee04c0003464143453030
2122,58909312,15616,1,26b5f3bf,eed0a85b7b1bb5bb6c2e630ccbd8d571
2123,58924928,2048,1,a4e5646e,00000000000000000000000000000000
2124,58926976,512,1,655f0681,00000000000000000000000000000000
2125,58927488,13696,1,22ff7c51,913e7f4e9f742465d3e480913f3da9cf
2126,58941184,10496,1,1f9f55e1,1f8b0808d47ee04c0003464143453030
2127,58951680,12736,1,adbf89f1,455a42494e4400000300000040000000
2128,58964416,12608,1,90dfa041,11b988c79e19db9e7d97377c913556c5
2129,58977024,13184,1,6d6b09e9,0f6bb58a4bc98e72ca94329d4de7b784
2130,58990208,14080,1,2acb7339,b868fec67bb17dbe95e4742e93ddec83
2131,59004288,14080,1,17ab5a89,27baf95292a2af6a85442ad5e5e979b9
2132,59018368,14016,1,a58b8699,3aed446f18ef4181e7cd010c181107e5
2133,59032384,15424,1,98ebaf29,5cb97ad3c081483c120a8d1cb762436b
2134,59047808,2048,1,df4bd5f9,00000000000000000000000000000000
2135,59049856,832,1,a1c10977,00000000000000000000000000000000
2136,59050688,14464,1,e66173a7,3d2663a8cd60e8be644ca7b6ac5c2a79
2137,59065152,11520,1,db015a17,84857a2bf5b6ca8da829cfc7e9aa4d38
2138,59076672,13376,1,69218607,464143453031315f30335f616e696d2e
2139,59090048,13504,1,5441afb7,2be8e9610370f729a3c3c7a3eeb5845b
2140,59103552,15808,1,2f4e0e94,6ff69be365acc3bdb7a5db4e992c6e4a
2141,59119360,11712,1,68ee7444,e40d5fb8eeba2baf9c36c334748b53a6
2142,59131072,11904,1,558e5df4,ae63b25cb468a6339eb592c158f32606
2143,59142976,14272,1,e7ae81e4,566665a689b4f0f5e50a368025dd5e9e
2144,59157248,9984,1,dacea854,a2288aa2288aa2288aa2a8ff484ece1c
2145,59167232,9728,1,e3e40e0a,d464f0b365b5d9bcf69bdb9db2115efb
2146,59176960,17728,1,a44474da,455a42494e4400000300000040000000
2147,59194688,14400,1,99245d6a,e27d14b5577ec3f0c367880c3c8dc743
2148,59209088,16640,1,2b04817a,3dd8952af54375e97b4ac02d4d95a1ca
2149,59225728,16640,1,1664a8ca,7abf363254501719f1d3105f1d50e858
2150,59242368,1984,1,e9210713,00000000000000000000000000000000
2151,59244352,14464,1,ae817dc3,4c9c386102396122464f1e3c37610c14
2152,59258816,14016,1,93e15473,3d49192cb737a7b2dce961ffbfc0e96d
2153,59272832,14656,1,21c18863,c7533a6bc4976c669271d471e4adc61f
2154,59287488,12416,1,1ca1a1d3,e681471e8b72c0221948ca9004f5d760
2155,59299904,12224,1,5b01db03,464143453031345f30355f616e696d2e
2156,59312128,14976,1,6661f2b3,455a42494e4400000300000040000000
2157,59327104,15232,1,258b078d,136c5c10b7b2d1682293e03996657170
2158,59342336,12928,1,622b7d5d,aa6f7c57ff56c697055f7f7f45f45de3
2159,59355264,12352,1,5f4b54ed,1f8b0808d57ee04c0003464143453031
2160,59367616,12096,1,ed6b88fd,521e43501e138f8d766a510a0cd80aa3
2161,59379712,14016,1,d00ba14d,455a42494e4400000300000040000000
2162,59393728,13888,1,97abdb9d,03eaca0a30bf340f4b6617a3b2cc8479
2163,59407616,14400,1,aacbf22d,ff45acb6057da7ae245f55ae2ed3cff4
2164,59422016,13952,1,ab04006e,0e97a5c2779beb9ae3fb21ebe8ef40f6
2165,59435968,13248,1,eca47abe,91a3933946a6e218364e6e1a0d4d23a5
2166,59449216,10496,1,d1c4530e,01205183d53044000000000000000000
2167,59459712,12416,1,63e48f1e,1f8b0808d57ee04c0003464143453031
2168,59472128,13056,1,5e84a6ae,a1c7a449a7dd8ffe587ddffef6bda7b7
2169,59485184,13888,1,1924dc7e,c645c5a3537c0dd093cccb50fbfa536f
2170,59499072,13696,1,67ae00f0,43da481a4942b416d0369b8db251a1eb
2171,59512768,14016,1,200e7a20,06869f129c60868971a54285d21ac621
2172,59526784,13632,1,1d6e5390,ec97f5bb5eafd3e90d0c63f2fbc432ec
2173,59540416,14528,1,af4e8f80,d1688fd3b8f854838b2f6792e9b90113
2174,59554944,12416,1,922ea630,51144551144551144551144551144551
2175,59567360,12928,1,d58edce0,fd02381c31894931bceb37c1c827eac8
2176,59580288,1472,1,be8e125c,00000000000000000000000000000000
2177,59581760,16256,1,f92e688c,c4eb62f8d3539fcacecaca9cfc344bbc
2178,59598016,14976,1,c44e413c,8bda88ded4429c9f5b8081b4d7b18ddd
2179,59612992,15552,1,766e9d2c,7179db6a9c5cb504e1cb8da83f77161b
2180,59628544,14720,1,4b0eb49c,16795e2158abd021cf3d18d35d3db142
2181,59643264,16512,1,0caece4c,f36a96a54c7c66bda36eb557f311948d
2182,59659776,13504,1,722412c2,5d8a951323b0566fc69ad048949136dd
2183,59673280,14400,1,35846812,5ce82d3d9d6d73db723bc514fe2c0845
2184,59687680,13440,1,08e441a2,4a607e58013cae82e97e399e55e54073
2185,59701120,16384,1,bac49db2,9b6b941487e25118279b5dba32165151
2186,59717504,512,1,87a4b402,00000000000000000000000000000000
2187,59718016,12864,1,c004ced2,51c54be75914046b8f5126daf8a9feec
2188,59730880,15872,1,54e6352c,1614169c4626c91ca525558aa4649542
2189,59746752,13632,1,13464ffc,fcd8c8692cec193d1aec95a65bb5dab0
2190,59760384,13376,1,2e26664c,83a2ecf393791dc56b4cd2ab3333b5b7
2191,59773760,11584,1,9c06ba5c,76b7be92eeaa49170805c1fedca049d7
2192,59785344,12352,1,a16693ec,1f8b0808d57ee04c0003464143453032
2193,59797696,12352,1,e6c6e93c,e669c0601086c82b010916f10a2c5668
2194,59810048,13376,1,dba6c08c,ce66d7d39df33e399cfbbef7de77ef2f
2195,59823424,12800,1,59f6575d,f8c03d9c3d5c8b8e6f4fe35a7b292e74
2196,59836224,13952,1,64967eed,b77a4e464abc731e6f9f1ce779998cb8
2197,59850176,10880,1,a2dacf39,e370828276d80210ebcf4d0aa00248d6
2198,59861056,11840,1,9fbae689,464143453032305f31305f616e696d2e
2199,59872896,14656,1,d81a9c59,72b678d01e24101e549b2ad9fcb91655
2200,59887552,12864,1,e57ab5e9,31b48d1e8eb9d597ddc17ddc48b274a6
2201,59900416,12160,1,575a69f9,4fb8304924126516219f2d93941c8aca
2202,59912576,10560,1,6a3a4049,1478bd20087d378e25cbf2e6cfbcc458
2203,59923136,13440,1,2d9a3a99,25e11a82d51469747836496224e22833
2204,59936576,11072,1,984c35b2,7d90a738108bd134cba202b29d2182a8
2205,59947648,15296,1,dfec4f62,c7d933bd0637ed1d36e73d038efeee83
2206,59962944,12672,1,e28c66d2,dc034dd77bf673ea7bbfe554b161c3e6
2207,59975616,12864,1,50acbac2,9edbb1052fec7a1e66cb0eb4b4ec46bb
2208,59988480,12096,1,6dcc9372,772e70a13f56d4c2e081a18169127b9a
2209,60000576,12096,1,2a6ce9a2,413ffc5353b383326ab53abd956118a7
2210,60012672,13120,1,170cc012,1f8b0808d57ee04c0003464143453032
2211,60025792,15104,1,955c57c3,b7cce8d3f3343302b707c717644dc4b8
2212,60040896,12736,1,a83c7e73,31098a92250676587b5024b5f33efd7d
2213,60053632,12480,1,6e70cfa7,1f8b0808d57ee04c0003464143453032
2214,60066112,13696,1,16c33251,892ec952a448a65cbcd97993628834c9
2215,60079808,16640,1,51634881,78458c44e79747421e2baff5cbab212f
2216,60096448,15104,1,6c036131,c3fd89236a5249ab6164f24c4d3c2253
2217,60111552,13824,1,de23bd21,aa2c5c94f6ec9321bf31a4291c6a1c76
2218,60125376,12992,1,e3439491,9182521015b9977b511658100456505c
2219,60138368,13504,1,a4e3ee41,b85584a35f1f29649895e9325289b1ce
2220,60151872,15488,1,9983c7f1,464143453032325f30365f616e696d2e
2221,60167360,11520,1,1bd35020,833f94dd95833cba7a92c7d74fc18dc3
2222,60178880,14656,1,26b37990,2d5f2f2a727547d08e49f2d9a3bdcb75
2223,60193536,12992,1,e0ffc844,f6ebb05cbf115b67a9b6723d2e0eab71
2224,60206528,14144,1,da6932cf,3b1e9dc78b271d60866ee2c5d36e60f0
2225,60220672,13760,1,9dc9481f,e9e6d7f582b8d271ceb04ce578538256
2226,60234432,13056,1,a0a961af,e60b6ffaf94961ab57fc14af2caeb7d8
2227,60247488,14464,1,1289bdbf,62cf556549f7078b75cde20ba2164757
2228,60261952,13440,1,2fe9940f,6fa14b78eef1ae9e61372abc6c616767
2229,60275392,13504,1,6849eedf,c93e7b82f8e414b2e2b2309c2ee44a8c
2230,60288896,13952,1,5529c76f,41613219f5a3fc5731173495e8bbb76e
2231,60302848,12544,1,d77950be,12c572a1ae8646d534d0194b0399119b
2232,60315392,10112,1,d0ac3bd6,7268e4c40936ca45e11fdb7212d2a115
2233,60325504,10752,1,970c4106,e5e1f24c9c2e3f49eec16b89a38b9383
2234,60336256,11264,1,aa6c68b6,1f8b0808d57ee04c0003464143453032
2235,60347520,12928,1,184cb4a6,cb697f03b739235ece0b3a7c0d586796
2236,60360448,11008,1,252c9d16,8dfd2c1f2bdde1eae991120ef41b8705
2237,60371456,10368,1,628ce7c6,4dae2ddebcb7b37e8ce3b959c9ed1aee
2238,60381824,9984,1,1c063b48,dca2aecad37736a9372b16fd6d8a9048
2239,60391808,14464,1,5ba64198,0da522014151b1a3d28108cf19541a86
2240,60406272,15616,1,66c66828,8de1556a53974a56b3a545f514cbb29f
2241,60421888,16512,1,d4e6b438,15daa58404eddce77215a8c9d40afe23
2242,60438400,512,1,e9869d88,00000000000000000000000000000000
2243,60438912,12992,1,ae26e758,e513d32e5f0bd026ab89ab657e367e3f
2244,60451904,13120,1,9346cee8,4fbdeb2a6fdcbd83d91018cd96ed0778
2245,60465024,192,1,92893cab,00000000000000000000000000000000
2246,60465216,10944,1,d529467b,464143453032365f30315f616e696d2e
2247,60476160,10880,1,e8496fcb,f4f41896136b236b9ccf76b5c5204c26
2248,60487040,12672,1,5a69b3db,3e0c0e0e62dba64d68d8b70f8f2f5d42
2249,60499712,12224,1,67099a6b,ab3875e2349e5df173ecaa6bc0b1d787
2250,60511936,10624,1,20a9e0bb,62fe7578b5dd8e816e0e5b22166c8fae
2251,60522560,11904,1,1dc9c90b,464143453032365f30365f616e696d2e
2252,60534464,10880,1,9f995eda,1e6a84f131ae46b0b8a54be3ed2998c0
2253,60545344,10688,1,a2f9776a,c865c5dae50e66c135fddbe5b81dac2f
2254,60556032,11456,1,64b5c6be,1766b514569d0ca5994970e79a71bc3c
2255,60567488,12224,1,5e233c35,fb7f84e63ae2dfd106afab0d3e9315dd
2256,60579712,13632,1,198346e5,f7d041e7fa55f741d4baadb871e675f4
2257,60593344,11264,1,24e36f55,edaa93ac5a11ce271f7fcd47cbb61311
2258,60604608,12544,1,96c3b345,0c4bea4c07b7357d48eab0ace28b5782
2259,60617152,13760,1,aba39af5,4c12b89c6c30ecd378a93cdc65123712
2260,60630912,14272,1,ec03e025,c99e95787bddb3f874ebefd05df76bec
2261,60645184,12608,1,87032e99,5f8bf3cd65e8ac2ac0bd89314c0c7870
2262,60657792,14080,1,c0a35449,1f8b0808d67ee04c0003464143453032
2263,60671872,11200,1,fdc37df9,4e7c60b141b166ebf77f9fefe7ffdbd2
2264,60683072,13056,1,4fe3a1e9,5fb7dcf7f8325482e13b2353026b7fb3
2265,60696128,10944,1,72838859,dfde8fdcc44f519a1687ea6be7f0eea1
2266,60707072,10496,1,3523f289,fdfdbedeefcff7974f68e85e4da45a41
2267,60717568,12480,1,0843db39,1c05c1517cb1559624671244e6fdc2ac
2268,60730048,12032,1,8a134ce8,398b07e55b84685577338c52295ddded
2269,60742080,11840,1,4ba92e07,81b9f8b90289423c56a9431341aceda9
2270,60753920,13696,1,0c0954d7,455a42494e4400000300000040000000
2271,60767616,14528,1,31697d67,943079279f60ba544712e77dd0d14217
2272,60782144,13120,1,8349a177,5f203be3ca65012bc0d2b5a2a23ec4b0
2273,60795264,13504,1,be2988c7,9c1f2b5a19a7420c46cdb5c399ab16db
2274,60808768,14464,1,f989f217,baefbe283d314fdcedff5c63e2e262be
2275,60823232,11392,1,c4e9dba7,28f05a0bb14de1286677c00484197479
2276,60834624,15296,1,439d216f,c2d0e887220676c71deacfa48a9e4cb5
2277,60849920,12544,1,043d5bbf,980a833c05c5b367a264fe1c385905f8
2278,60862464,13440,1,395d720f,455a42494e4400000300000040000000
2279,60875904,13312,1,8b7dae1f,bf086b50c9702cadb9664db2482caade
2280,60889216,13632,1,b61d87af,1f8b0808d67ee04c0003464143453033
2281,60902848,12800,1,8f3721f1,458529ca104e159c2aab1814a70a531c
2282,60915648,13952,1,c8975b21,df41ff7f4ee28b775b71adf33406cfbf
2283,60929600,12288,1,f5f77291,71489c6fff8daae46229894338bea337
2284,60941888,12800,1,47d7ae81,e805aa39970ffd24cb9be247b0c42e92
2285,60954688,12352,1,7ab78731,464143453033315f30345f616e696d2e
2286,60967040,13760,1,3d17fde1,1f8b0808d67ee04c0003464143453033
2287,60980800,14592,1,0077d451,94693d199231912bc1b5fc707432e9f0
2288,60995392,13568,1,01b82612,735e0ef2b232f1d1e143887a791e562e
2289,61008960,13120,1,46185cc2,aa78e2dbc4edf6998a75e3f53d89add4
2290,61022080,11008,1,7b787572,01e993e9ecfb21319f24353a40054ca4
2291,61033088,13568,1,c958a962,e13cc61f1bb7100c306aad71797c244e
2292,61046656,11328,1,f43880d2,f7f2ffbfb4dca2f9871d706656c4b3fe
2293,61057984,12608,1,b398fa02,bd74e20c9ae8b62474db97596c8152f2
2294,61070592,12224,1,8ef8d3b2,b4644ccbf7c3bc2d1c937bcbf0f797b3
2295,61082816,11712,1,0ca84463,53163e137010535353989999c1dcdc1c
2296,61094528,12800,1,31c86dd3,635ee567749a84eb6aa72972042e4fab
2297,61107328,11200,1,f784dc07,fea7fc5a17e9d74ace29d771553eb9df
2298,61118528,10176,1,cd12268c,464143453033325f31305f616e696d2e
2299,61128704,12480,1,8ab25c5c,455a42494e4400000300000040000000
2300,61141184,14016,1,b7d275ec,0db65e31adb5dd3fed5c5bd7eeaab3d6
2301,61155200,320,1,05f2a9fc,00000000000000000000000000000000
2302,61155520,12736,1,3892804c,ed74dc56273c499b903669699a6949a0
2303,61168256,11136,1,7f32fa9c,f735517a6d66dff0504f43734696424d
2304,61179392,14336,1,4252d32c,a05274d03b00872e1812cba8a40346ab
2305,61193728,14720,1,c7d72f95,60c8cdd04cac7d302c8617716a56872c
2306,61208448,13312,1,80775545,0b7bd2fe1f77c1e3d68a17876a8e548e
2307,61221760,11456,1,bd177cf5,0efc6c893c46439ad8b46a096ddab6d6
2308,61233216,12480,1,0f37a0e5,464143453033345f30335f616e696d2e
2309,61245696,14016,1,32578955,ccdc4c6f3a9dde4cf7c324cbe7d9679f
2310,61259712,14272,1,75f7f385,8ced47b98f81d78b596caa49f5de53b4
2311,61273984,12608,1,4897da35,5b27f761e8d47edc3edd08fcc381cfdb
2312,61286592,13312,1,cac74de4,a9c3432b6977a515c120110c2184284e
2313,61299904,13568,1,f7a76454,9429ba9bf5499c1419fd3e264fc74380
2314,61313472,12160,1,31ebd580,e42713b2b96c7b9659c6f344a9c8a701
2315,61325632,12608,1,0c8bfc30,1765165c0c3995820e35e65199eae49a
2316,61338240,13952,1,4b2b86e0,3554e2751fb36a5d11a91d606a6986c5
2317,61352192,13120,1,0b7d2f0b,f47ceedcb9f7fb3be7fcce3db9bfdfef
2318,61365312,13312,1,4cdd55db,942a9523d2a22f528abf28c5e868e499
2319,61378624,12800,1,71bd7c6b,464143453033355f30325f616e696d2e
2320,61391424,15424,1,c39da07b,d35c9552b14ac8b7db19ac7b715e7a95
2321,61406848,13952,1,fefd89cb,bdefd7ad762fcbfbcd93eebe67dc3d84
2322,61420800,14272,1,b95df31b,b4cfe577bad061605a800eb6d3dcd146
2323,61435072,11392,1,843ddaab,eeebc5818fff88d4af45d8ff5e34623e
2324,61446464,14208,1,066d4d7a,c72d7199c85b9c9d120a1518b7b6b332
2325,61460672,15616,1,3b0d64ca,770964bd6c36ba1e10c15008cb1f0532
2326,61476288,11392,1,fd41d51e,4236af0ac30f8611743c0897a2632015
2327,61487680,13952,1,c021fcae,728076598b67d4ea040ed26e6371f1f9
2328,61501632,15616,1,8781867e,ca58566a5bb615abde3c9aa44953ca23
2329,61517248,14720,1,85f228e8,3930e4830a3fcbf25cc0edc0442fc35c
2330,61531968,12672,1,c2525238,b79af0166dc611bb15479ded789bb6e0
2331,61544640,13440,1,ff327b88,f04ab479cf25b997bcdc1de17277bb7b
2332,61558080,14656,1,4d12a798,1ad2db27f885be1696d116a4f909550a
2333,61572736,13696,1,70728e28,c1c1c1c1c1c1c1c1c1c1c1c1c1c1c1c1
2334,61586432,14592,1,37d2f4f8,782963764ebb389cf593770a93233761
2335,61601024,13888,1,0ab2dd48,9e1dcdbbe991b0e965897ab9e7d6e411
2336,61614912,3712,1,49582876,4ac9a5c7bac637585c012861d7b5732b
2337,61618624,14336,1,0ef852a6,58714bb582b313d42b4e65c5e8b3fa35
2338,61632960,14912,1,33987b16,f4805967e40ca29425eaca02c1a0dd1e
2339,61647872,15872,1,81b8a706,1575017b6bc061634c5aab3573bdcfe3
2340,61663744,11904,1,bcd88eb6,21841042082184104208218410420821
2341,61675648,15808,1,fb78f466,1f8b0808d77ee04c0003464143453033
2342,61691456,12928,1,90783ada,77be3fbedff7c7b710c2b3ee7badf779
2343,61704384,15680,1,d7d8400a,d0c00ca1448288cdbb46b4469c3849ab
2344,61720064,14720,1,eab869ba,a9e9eafeba67e69920fd7739773bff39
2345,61734784,2048,1,5898b5aa,00000000000000000000000000000000
2346,61736832,14784,1,65f89c1a,3c50ad7193496919f134ace859f6c862
2347,61751616,15744,1,2258e6ca,b4d6c7f8e014555162aead4675ac9589
2348,61767360,15552,1,5cd23a44,3c69e65541ed766302204852888c7004
2349,61782912,13696,1,1b724094,5ec9e6e3d824ab8c6f2ea7066f0ff5f7
2350,61796608,14208,1,26126924,b976eef08126dfbfd7e35f6befefffff
2351,61810816,15296,1,9432b534,1f8b0808d77ee04c0003464143453033
2352,61826112,13376,1,a9529c84,bbfad8d7fff387426eeabdccd8f32bf6
2353,61839488,14080,1,eef2e654,1f8b0808d77ee04c0003464143453033
2354,61853568,384,1,27fc4ca6,00000000000000000000000000000000
2355,61853952,13312,1,605c3676,e3b427273da7f3e35c66fedfbdf7bb77
2356,61867264,12544,1,5d3c1fc6,af8e858bb1122e5bf6e3faaddbf05d9f
2357,61879808,13248,1,ef1cc3d6,219d948b240cf9b9b9b962deb332a556
2358,61893056,12928,1,d27cea66,b9697c8bcfefa1455692041d43d3bcbe
2359,61905984,11584,1,95dc90b6,237f273c8c65f02cd8038fe27d68b7df
2360,61917568,14464,1,a8bcb906,0f8544c4e3f1d3625f71e950d96087be
2361,61932032,12480,1,2aec2ed7,add5e9341aad5c2ac81261a41c57610a
2362,61944512,14144,1,eb564c38,46422d293909fbfeb04c16955c09e349
2363,61958656,14272,1,acf636e8,a63dd16ed2275eb6c1a0733a376daaa8
2364,61972928,14720,1,91961f58,5ccba071829a8c1fc158adbcf3854c98
2365,61987648,17472,1,23b6c348,82ea7f7738c088525a233bfbfb0fd879
2366,62005120,14912,1,1ed6eaf8,3f79f2a42850ce23a74f9f38fdc59545
2367,62020032,14656,1,59769028,d4545cdce1f18583a18668b4215213f0
2368,62034688,14784,1,6416b998,fdde883e694fa6b2a2cbeff579935e67
2369,62049472,16960,1,e6462e49,3333333b2307161e85e4b7e56ac4a551
2370,62066432,15360,1,65d94bdb,7ffd6b5cef9ed65ea456ab7d6a0dc2ad
2371,62081792,13696,1,2279310b,ad3869dddab5f764a1dbed3755a2d9cf
2372,62095488,12928,1,1f1918bb,1f8b0808d77ee04c0003464143453034
2373,62108416,14080,1,ad39c4ab,cdeeb47575e5e5b7db72422106a7cd31
2374,62122496,14464,1,9059ed1b,4b3706cd6aa40d5bcb084ea9496b581f
2375,62136960,14784,1,d7f997cb,ae37b3258eedb99995e5b64aa53cd61f
2376,62151744,13632,1,ea99be7b,702b2c32139a2f340594ce5ac0bb7514
2377,62165376,15872,1,68c929aa,f4b0db12e56b148b14b5bb488eea879d
2378,62181248,128,1,a9734b45,00000000000000000000000000000000
2379,62181376,14272,1,eed33195,455a42494e4400000300000040000000
2380,62195648,12352,1,d3b31825,5c4392229518c3689461390bb3397cfe
2381,62208000,14208,1,6193c435,455a42494e4400000300000040000000
2382,62222208,12608,1,5cf3ed85,9948fa1f04733e13295b1f08e24c64aa
2383,62234816,13952,1,1b539755,cd9540ee94ba96b69b74dd5a2c55dbfa
2384,62248768,13952,1,a3b6425c,bcef750d43f2a4187b4da3b6b9c3ff22
2385,62262720,14272,1,e416388c,3c1c42d79b2b617edb0369ae541322e0
2386,62276992,12160,1,d976113c,1f8b0808d77ee04c0003464143453034
2387,62289152,14848,1,6b56cd2c,301a0d38d9d4626e0897ebc94a013194
2388,62304000,14464,1,5636e49c,56335a44058686859dbb37ecdefbee26
2389,62318464,1920,1,6f1c42c2,00000000000000000000000000000000
2390,62320384,10496,1,28bc3812,c3f50bafc0b2c53761e5d29b30de7607
2391,62330880,10432,1,15dc11a2,455a42494e4400000300000040000000
2392,62341312,13056,1,a7fccdb2,83468c25a1cc20218f67243b3372f023
2393,62354368,12672,1,e1934521,09be2390b61ae5d25b1f8f9f3137d5f1
2394,62367040,12480,1,a6333ff1,ef2e945eefe57fc3c36d7251af8b181d
2395,62379520,11840,1,9b531641,6b93c9683295cc3ed5c3d203543cbe89
2396,62391360,12480,1,2973ca51,102cbd565c573ece47e70dde1eca6729
2397,62403840,12160,1,1413e3e1,fb0d3eb2378877eac8825134fdc168c4
2398,62416000,12416,1,53b39931,81c1c1a04a359cd6f9cdf940dc1ab28a
2399,62428416,11136,1,2d3945bf,1457a832b96d9bebe65cc65af42f832a
2400,62439552,12480,1,6a993f6f,1f8b0808d77ee04c0003464143453034
2401,62452032,11392,1,57f916df,ea35dec65959bcd5342b0b33c7ada39e
2402,62463424,13248,1,e5d9cacf,0f9367adc5e57246b54dd2cf34e912b6
2403,62476672,13824,1,d8b9e37f,2b9828db34b390140c2d88d688e0d96a
2404,62490496,13440,1,9f1999af,163b191c3d62aca4f59389bec97412a5
2405,62503936,13440,1,f4195713,f4316d2e1b46e8ca15a55450a191e9ca
2406,62517376,12864,1,b3b92dc3,1f8b0808d77ee04c0003464143453034
2407,62530240,11136,1,8ed90473,614331879569d168ca4f647515389512
2408,62541376,11712,1,3cf9d863,ea8b78ed9910f6ee7c12fb7777e0c09e
2409,62553088,11136,1,0199f1d3,028375a4b8f270a6e633765c0c030785
2410,62564224,2048,1,46398b03,00000000000000000000000000000000
2411,62566272,1920,1,38b3578d,00000000000000000000000000000000
2412,62568192,14144,1,7f132d5d,93ab2d06aef61cfca143f2fc0f419690
2413,62582336,14720,1,427304ed,8f2bc1fb38e1e44a756d92f73477c4bf
2414,62597056,14016,1,f053d8fd,f0fc3f5054948bdd8b458c6940902409
2415,62611072,13824,1,cd33f14d,aed89177d6406f427f939fc95f89de64
2416,62624896,14144,1,8a938b9d,434565ae0b1658b8476f92e62d984b64
2417,62639040,11328,1,b7f3a22d,5b2fcb6877ef09a5e8d8ff004f7a7cab
2418,62650368,12416,1,35a335fc,455a42494e4400000300000040000000
2419,62662784,12608,1,08c31c4c,1f8b0808d77ee04c0003464143453034
2420,62675392,14528,1,ce8fad98,723282507f264ea579ad8c8e4eced39b
2421,62689920,11712,1,f3ef8428,45511445511445511445511445511445
2422,62701632,13376,1,b44ffef8,464143453034395f31315f616e696d2e
2423,62715008,12800,1,308758e5,c270366c23c283d6213f360495698790
2424,62727808,12224,1,77272235,b664385fcdc589837bd05a6341a12506
2425,62740032,12352,1,4a470b85,59b115c34e33f09777803f4fa1524cc1
2426,62752384,12352,1,f867d795,e3d5b604fc7a3809172f9cc3c34fefc3
2427,62764736,11840,1,c507fe25,b8e195f1e46c44c653bec455a93c71b5
2428,62776576,12736,1,82a784f5,64fe2a32ff29a709f1af1e224ef6f4cf
2429,62789312,10752,1,fc2d587b,161ce8e9e0d1d5e6c448df2188632d30
2430,62800064,11008,1,bb8d22ab,ce8e068ebadd9dedb6b4d6ad25614502
2431,62811072,9536,1,86ed0b1b,3da8ca8b4575c13e280f6e41456e0c52
2432,62820608,10368,1,34cdd70b,4ca7fbb9b9b9fbfeeeb7ffdf7f97df77
2433,62830976,10880,1,09adfebb,4ec2711ccb325c90506a0915cc970406
2434,62841856,9792,1,4e0d846b,b1f9f53869dac05a1dea0d6bf0c198d1
2435,62851648,11136,1,736daddb,24627b7b077b1ecf5b1a38b4aec0ba7a
2436,62862784,12800,1,72a25f98,a7cb71a0320b7fdfb114179b8bf0f581
2437,62875584,12608,1,35022548,eb631b831deda15e74b5b67a77bd353a
2438,62888192,12608,1,08620cf8,9e9ee48ff92cb333df7befdcdfbd77ef
2439,62900800,13120,1,ba42d0e8,ed5cf8cf9cff99733e144a0fdbcb9b72
2440,62913920,12672,1,8722f958,1f8b0808d87ee04c0003464143453035
2441,62926592,10496,1,c0828388,0c9fbf908b078526a189c8f6e9ef16c8
2442,62937088,12800,1,fde2aa38,455a42494e4400000300000040000000
2443,62949888,13440,1,7fb23de9,5c5daeb6876b4b72ecfe0b1ad9302873
2444,62963328,13504,1,42d21459,dbf607a3fc87d52779ef8ea214fe7707
2445,62976832,4096,1,be085f06,e0895befa86fae407687b2df7dd93738
2446,62980928,15488,1,f9a825d6,26190e6da5786e0a51951c1605db8841
2447,62996416,12864,1,c4c80c66,b6e2ec4db9e236bda6929ca016fc42be
2448,63009280,15616,1,76e8d076,ac50644f229ab290f5ee8decefea6ce9
2449,63024896,13120,1,4b88f9c6,dfb51e275b37e170f31a9cdaff03bc75
2450,63038016,15360,1,0c288316,f8b8a6eb81dd7dbd9dbbbaf6394857c7
2451,63053376,14720,1,3148aaa6,3c766edd82edd51194b19370fdfd3fe1
2452,63068096,12864,1,b3183d77,55aefc27abac1d3a479342412a0562ab
2453,63080960,13120,1,8e7814c7,37bdab8a39f7ed194e9e3846dbf6663c
2454,63094080,14016,1,4834a513,c1cb8241cbc55d062d74250d3a9d887f
2455,63108096,16384,1,b4cd561f,087e0b696f35165db6985c4e01611cd2
2456,63124480,14016,1,f36d2ccf,4a8f0632e9d0b3de8ce1637d3a68ebe8
2457,63138496,14592,1,ce0d057f,aa1f562e13638c539d2093ebfd4651a2
2458,63153088,14848,1,7c2dd96f,53dce84f1c173bd5ca36308c60eccc40
2459,63167936,13568,1,414df0df,4a4b1237bf2a4a9323bb796d9416d9f2
2460,63181504,14208,1,06ed8a0f,2229418aa5082cd9a5fa482622126d91
2461,63195712,12672,1,3b8da3bf,dbf55f12ba622ef16b1790f4bd17bbfc
2462,63208384,13632,1,78675681,a414ad99efd57a4a6fb4db73929caebe
2463,63222016,12288,1,3fc72c51,9d7647ffb81f26e47ecfef9cdfc939fc
2464,63234304,12096,1,02a705e1,49b5d3793e37cfecf37d9edff33cbbcf
2465,63246400,12608,1,8de7f041,464143453035355f30335f616e696d2e
2466,63259008,11904,1,ca478a91,d5aac178ad79bd6fca7f15ffeecb60ad
2467,63270912,13568,1,f6e85162,455a42494e4400000300000040000000
2468,63284480,13568,1,b1482bb2,6971f8e8ec9fe897355cfd54fdb5d042
2469,63298048,15552,1,0368f7a2,247540273254548981e65c828bd27116
2470,63313600,13376,1,3a4251fc,ec3569c134242cf2466adc2c2c0f11e2
2471,63326976,14016,1,7de22b2c,522d230983b1c16f570b044219515d49
2472,63340992,12608,1,4082029c,0c81e35589327da0bb1c854ca0bb3dc5
2473,63353600,14656,1,f2a2de8c,da0817b071f52a4584abd9446e8ebae8
2474,63368256,14080,1,cfc2f73c,b8ae2ea33839591c5f9f2051d3a42e66
2475,63382336,17472,1,e3624350,839603d05250ec2159512fa4dfecfc54
2476,63399808,14400,1,a4c23980,a879632bbe59fe016ebff90774bcb60d
2477,63414208,11712,1,99a21030,74dfa2d1984d1d4d6bcb713b46461c1b
2478,63425920,13440,1,2b82cc20,963ccee3b3f6fbca7c3458e93c66542c
2479,63439360,13248,1,2fc843ce,fa7a95d66853138fa8349f409eb84acb
2480,63452608,13888,1,6868391e,abc0d3d3249613a5b13a461a3b4e697a
2481,63466496,12864,1,550810ae,868e8c515ca8869e8c6328ca4709192b
2482,63479360,14528,1,e728ccbe,64c2fb9ed0e224ff910564dbd68f2c10
2483,63493888,14144,1,da48e50e,90909090909090909090909090909090
2484,63508032,13952,1,9de89fde,33674f77977e393b69a70eeba72920dc
2485,63521984,13760,1,a088b66e,6fc9c41fc6b676e8c54f4606e9271b46
2486,63535744,14208,1,22d821bf,b20af49f4e69648d3a0d898653a6a38c
2487,63549952,12928,1,1fb8080f,3e57ac09995ac2733f530bfc5d5ef6d7
2488,63562880,14848,1,090a6420,2392e1acc50a492754e7270b49ed4dee
2489,63577728,13504,1,4eaa1ef0,e4f5c58fc7b7983f7178763435648620
2490,63591232,12800,1,73ca3740,b9f1237ebb7911ddd7bec71392af9ef8
2491,63604032,13184,1,c1eaeb50,445d3318acf9c8608d1701ca8c3378fa
2492,63617216,13056,1,fc8ac2e0,b5d5da4e2b0d75a6c3f8aea4054a0a22
2493,63630272,13952,1,bb2ab830,6b6eb39058e03e79e2c3a2c673b1c958
2494,63644224,12224,1,c5a064be,a8b4aa522a15955a02582b7bf7360e4b
2495,63656448,13632,1,82001e6e,29f41ae5a481641149763892c42f7ae2
2496,63670080,11200,1,bf6037de,877ea018798a14741da99fc8a9900aac
2497,63681280,12928,1,0d40ebce,19225cc5e9f92561d7b352251b91774e
2498,63694208,12224,1,3020c27e,b44cffd81ca33136eeb159c604f14865
2499,63706432,12160,1,7780b8ae,45643a707d0e7045de024519e2f67ac4
2500,63718592,11968,1,4b2f635d,f5faf745de8f5edfbed648ed3ad0daf2
2501,63730560,13824,1,0c8f198d,4ba56aecfd4fb1f238ed6c1d13f2fd34
2502,63744384,12096,1,31ef303d,4ef51aaf9a4797ffeb76bc66b85d4ea7
2503,63756480,14592,1,83cfec2d,58dc2d37c956ed6e52b5bb552ffb91c8
2504,63771072,14080,1,beafc59d,7bc1f6c24212363e244c668dadf58999
2505,63785152,18112,1,f90fbf4d,5333f78f9b906c36269b9bec6eb22132
2506,63803264,15232,1,c46f96fd,a7a10b6f9f10ae53421726828df61414
2507,63818496,15424,1,463f012c,d7e973f1b75baf581af940b06da8e36f
2508,63833920,15552,1,878563c3,4e64d2f4a6b3ebd74d0bf953a612e3c4
2509,63849472,12224,1,c0251913,e7a39cdcdc60c2148d4eefecb445a5fb
2510,63861696,12352,1,fd4530a3,956db734f3214549babd64c8d4d6118b
2511,63874048,13312,1,4f65ecb3,38acfdb15020d51ec694fc5fa9b49754
2512,63887360,10944,1,7205c503,455a42494e4400000300000040000000
2513,63898304,12800,1,35a5bfd3,ec4db62dbee9a6b35daccd68407eeb76
2514,63911104,12352,1,8d406ada,68682af5dd69aa48e6e96a47439daf44
2515,63923456,12224,1,cae0100a,5a96a16f879d3c17688665c36fab1887
2516,63935680,12288,1,f78039ba,325249018f7608d67b159cd7e3d78fa6
2517,63947968,11648,1,45a0e5aa,439b0bfd6a8f6f48a60ab170f566039b
2518,63959616,12288,1,78c0cc1a,b8f74afbc99357761dbe123b142ff6b1
2519,63971904,12800,1,3f60b6ca,c1d9fc1fd5858a4799bd99f291b1579f
2520,63984704,12672,1,02009f7a,107d65ef8183c9fbe164c7e114dd7d26
2521,63997376,12480,1,41ea6a44,0b48b2d9e04c4e869be31032660c2689
2522,64009856,12416,1,064a1094,10b8ffc8c87826eefb7149773408369b
2523,64022272,11520,1,3b2a3924,1d2ec148d16b18acde8fe3f95b5195b7
2524,64033792,13248,1,890ae534,319a57ced0aade6b3f553d8b3c18b2d8
2525,64047040,11392,1,b46acc84,372e2e5c05dbfbe9f0d7b7c05fd30c5f
2526,64058432,11264,1,f3cab654,92ed777af526dc499ae47725692adccf
2527,64069696,12096,1,cf656da7,464143453036355f30365f616e696d2e
2528,64081792,14400,1,88c51777,2c983611ee0d8fe372f32e7c7d78072e
2529,64096192,14144,1,b5a53ec7,7777e3dafb6ebc5fbb01fda43efcde1e
2530,64110336,12928,1,0785e2d7,90aeafd8c999b1d45ce17e2ef47b40c0
2531,64123264,13504,1,3ae5cb67,ca0683a53d9960ee6d2b0cb54a3bb4a0
2532,64136768,13952,1,7d45b1b7,02ad565b765f8e5aab2b2c260c85d127
2533,64150720,14656,1,03cf6d39,851a91aac7ff950ffc3f7cf0261efbeb
2534,64165376,16000,1,446f17e9,3b613b509c2051d4d9f7421c81fb423b
2535,64181376,13312,1,790f3e59,fed455ce551a1d5ee6ea6ee8acdc5ac8
2536,64194688,12416,1,cb2fe249,1f8b0808d97ee04c0003464143453036
2537,64207104,12160,1,f64fcbf9,6e9c71fa87533b7d3e37cfec7e779f67
2538,64219264,14656,1,b1efb129,1f8b0808d97ee04c0003464143453036
2539,64233920,14400,1,8c8f9899,7b983061f1fea0418b3af40f0582fd64
2540,64248320,14848,1,0edf0f48,2fd7e79c3b37adf4b07b30d34db68d71
2541,64263168,14016,1,33bf26f8,8326195660189a49fb9ab31e76efdeb9
2542,64277184,13120,1,f5f3972c,73b2622b67f7bdc98d13750c5e6ce141
2543,64290304,13760,1,c893be9c,34e106c2967e63d07e8f116bbf4369d1
2544,64304064,15232,1,8f33c44c,1342d82a2c31013ccd3ac86027290d16
2545,64319296,15168,1,daef7f95,86c8927d541034343514a8bc86d28688
2546,64334464,13440,1,9d4f0545,6f999aa46926309226895b266926368c
2547,64347904,13120,1,a02f2cf5,396d528d44b2fc384dc91e45b1fc386d
2548,64361024,13312,1,120ff0e5,be31539e3230f43e84a0f50a96c68c3b
2549,64374336,12736,1,2f6fd955,5e9fcf3be1c8880227069cf63ddb1b5a
2550,64387072,13376,1,68cfa385,455a42494e4400000300000040000000
2551,64400448,12416,1,16457f0b,43656a51886e9f0bd5b29cbb43b46626
2552,64412864,12928,1,51e505db,121d71b386f853cbfb4b4369c4613239
2553,64425792,13760,1,6c852c6b,26888ede44b75252ae445f095a74d249
2554,64439552,12416,1,dea5f07b,b1630b4cd7c4f012b9627c3ca3905312
2555,64451968,11712,1,e3c5d9cb,b39790ab7b66727d24eb54b38766f873
2556,64463680,12992,1,a465a31b,9fc22ba275a3fdb43e4a1566a478d9e8
2557,64476672,12800,1,99058aab,660ba1955763d59d28a524dbb8c483ce
2558,64489472,11136,1,1b551d7a,455a42494e4400000300000040000000
2559,64500608,11392,1,263534ca,9f00b9b984dd647cd5062d8e51ac5be2
2560,64512000,13952,1,e079851e,455a42494e4400000300000040000000
2561,64525952,10688,1,1e717063,f05a6df28d118bd13236d8d9dbd73774
2562,64536640,12224,1,59d10ab3,464143453037305f30315f616e696d2e
2563,64548864,12608,1,64b12303,455a42494e4400000300000040000000
2564,64561472,12352,1,d691ff13,c194b59c7ed1e3d9dfd75fb531d8dc54
2565,64573824,10688,1,ebf1d6a3,d7b3e6d827b2f4946cf71004e131f791
2566,64584512,11840,1,ac51ac73,b8a9c9df5db9dee3dae56fde5b1b24ca
2567,64596352,13504,1,913185c3,0442d5b252c986906f814dcfb1b29660
2568,64609856,14656,1,13611212,5729b913c40b1b82aec5b901e0c5bd41
2569,64624512,12480,1,2e013ba2,a631d0ff4b6138aea5a84470752ea9c9
2570,64636992,14464,1,e84d8a76,464143453037305f30395f616e696d2e
2571,64651456,13824,1,d52da3c6,90d44249082440d16dd79e76b7455ea2
2572,64665280,12992,1,928dd916,a628775b74763ed0949265cbc292d679
2573,64678272,14656,1,d2db70fd,fdef6edacdb476b7da477abbcd0f1e32
2574,64692928,14080,1,957b0a2d,425aac38cb627aabb1add7af73e8700d
2575,64707008,12608,1,a81b239d,18c16ab1aaa4cfe61e3b2b2bc63a0c57
2576,64719616,15040,1,1a3bff8d,c3fe982fba4a5046c83930a97aa181f2
2577,64734656,13248,1,275bd63d,236361abde624fc31938eacc54c064a2
2578,64747904,14592,1,60fbaced,c7b0a2820049bd4d0de563e58915c497
2579,64762496,14656,1,5d9b855d,c65bbfc6e5b36ba74422914ea7d3eb1d
2580,64777152,14464,1,dfcb128c,66056120298a2070044150d1ce0de51a
2581,64791616,11776,1,e2ab3b3c,7654e1bd4dabd0786027f0dbcfc84e4f
2582,64803392,14592,1,24e78ae8,e39a4e8a6b15af623e4aef234903468e
2583,64817984,15360,1,5c54771e,1c1c09561cd6d1836e4567a7c23318d6
2584,64833344,13056,1,1bf40dce,fab6aec2af777661a5a50ed999e9d0d4
2585,64846400,14080,1,2694247e,e766ada039b47a52b4a242389c46cb73
2586,64860480,17600,1,94b4f86e,51a433cd0db5d22c429096552af016d9
2587,64878080,12032,1,a9d4d1de,00e294f226a12055241594f7a3094a45
2588,64890112,13376,1,ee74ab0e,63e57d479fd9e06c3298d3692bb576f6
2589,64903488,11968,1,d31482be,07e79bf0f95c66cec49f5d65734e90d0
2590,64915456,12800,1,5144156f,455a42494e4400000300000040000000
2591,64928256,14336,1,6c243cdf,4eb899d32973052684c561c9ac19b905
2592,64942592,15616,1,90fe7780,5d9392bca69c2b2a16aaa73767acbe5f
2593,64958208,13184,1,d75e0d50,9588c9720daed512b81e6d0d291e353b
2594,64971392,12608,1,ea3e24e0,82200882200882200882200882200882
2595,64984000,14976,1,581ef8f0,818184c074aa5032545e184c1ff57207
2596,64998976,14464,1,657ed140,f5ecbed97de44520f4ef556ed4923d57
2597,65013440,13888,1,22deab90,b72a9f656e8e0b1f748403d172b1b4a4
2598,65027328,15040,1,9a3b7e99,3526658e67ecc464dc80d264da5da1ec
2599,65042368,14784,1,dd9b0449,45eff4423636e00887186e423a525f81
2600,65057152,13504,1,e0fb2df9,a75dd1fe775d39c01ebb073a2ba3fd93
2601,65070656,13248,1,52dbf1e9,2a12c7ffd2c86c052f315a9ab0769ad9
2602,65083904,13440,1,6fbbd859,0885e870878e69346b3dd347d5cc4d36
2603,65097344,14144,1,56917e07,d6cd4c7a9aba1cad2d85d39b5099c5d0
2604,65111488,15936,1,113104d7,a472a46ba244ad86235397201868ca11
2605,65127424,14272,1,2c512d67,bb4119dc0bcea42c248b0aa95fa5d4af
2606,65141696,16192,1,9e71f177,539d8150ba8a22bcce912bce60a9f40c
2607,65157888,15552,1,a311d8c7,606c6a83c2723132335bdc3724636fef
2608,65173440,17856,1,e4b1a217,472cdcd59128bd9d8a728f44918d6720
2609,65191296,13504,1,d9d18ba7,182a3cc271d4251072d760546c4ac3d1
2610,65204800,16896,1,d81e79e4,c13b02f54e3676d1d0d1e5d0e119f564
2611,65221696,14336,1,a2de2a84,72375e06b148392f36d6cbc0aaa6c7ce
2612,65236032,15232,1,14b4797a,e749952c1d2f146695f93d24de4fb288
2613,65251264,15104,1,e134dfba,0e0c7936e2587311de6ed9882172ec2d
2614,65266368,19008,1,cd946bd6,5ce49c43fceac66faab6803cb1022638
2615,65285376,11264,1,b75438b6,8113691ea28484c4a73b54f4cf736f7c
2616,65296640,13312,1,013e6b48,eeccfd6432f77ecf3dbf737ebfcbef9c
2617,65309952,14592,1,469e1198,64549c605339c4fae88bd878b8b23c10
2618,65324544,14400,1,7bfe3828,72287ec1e672593cad0b913b7a3fb22f
2619,65338944,16512,1,f4becd88,8c5a2349d692daa417d6ae5dc3655212
2620,65355456,16256,1,c1c8bfb2,16c39f563972066e8cd4f2c56047497b
2621,65371712,13696,1,bb08ecd2,2ec2a240d21449266744382f4fa7b388
2622,65385408,13824,1,0d62bf2c,b1469e03375b599be9596a5048d22beb
2623,65399232,8768,1,4ac2c5fc,221b618952ea8a8c8a8c5c24b5ca0d44
2624,65408000,8832,1,77a2ec4c,e2543624aa2b119bae4752ba16da6966
2625,65416832,9024,1,c582305c,e61576e5496cf36d5b6163343bc7b799
2626,65425856,8640,1,f8e219ec,5693bfaaf6cb8a41eb1a902768bb3ede
2627,65434496,10048,1,bf42633c,0dfd6a322cb25d93fd9ae59715a4157c
2628,65444544,12800,1,83edb8cf,2079cdf66696daf3bdbc1ae0ecefedea
2629,65457344,9664,1,c44dc21f,5dcf04d2e467236c5a6e62faa82df544
2630,65467008,10176,1,4f47b851,bcf87c7c51f71779a0c8ffdbf8a1f2dd
2631,65477184,9920,1,08e7c281,5c6ecd9af0bc2b145f814b1493583c88
2632,65487104,11968,1,4582b148,fbac494302d46ddcc74a4edfdffff7ff
2633,65499072,11712,1,0222cb98,c33748bdeb32466f2430f6fb04ee9236
2634,65510784,12352,1,8928b1d6,b2de33a5d2ec6cc58fbe9cceadc494ae
2635,65523136,11136,1,ce88cb06,21afba6e838c50a64c288cb4b5b6d864
2636,65534272,11072,1,f3e8e2b6,46094e9bdb6677982c16b522f9af86cc
2637,65545344,11008,1,41c83ea6,528ded01173e5198e32c9ddb317a07f6
2638,65556352,9216,1,7ca81716,d229ddfed6a17eca05e966fc6dc3fd83
2639,65565568,11904,1,07a7b635,2b0ac7d6b0bc7763dd5695e37170c181
2640,65577472,13632,1,4007cce5,f2d8b8d33a77219da5fdb6bcc704ce69
2641,65591104,12160,1,7d67e555,d900382b3b3793c0e2cb998464656766
2642,65603264,13376,1,cf473945,b4269da79653fccc19d99059312dd5bb
2643,65616640,11840,1,f22710f5,9359940c638c745b49924bd3bcbe78b6
2644,65628480,13312,1,b5876a25,d84093d0c0b8da065d88699e46eab10a
2645,65641792,12480,1,88e74395,7e56e4637d595539ab95dbf5c261d677
2646,65654272,12864,1,0ab7d444,b00a5a65218da1b1a2f8b1d2ca82f065
2647,65667136,12800,1,122da407,464143453038365f30385f616e696d2e
2648,65679936,12416,1,558dded7,2a3b2d7e5c19568739121d37698a74d2
2649,65692352,11904,1,e7ad02c7,d6ad5267506fe39af8cfa8684a4c6842
2650,65704256,12288,1,a00d7817,7cc604ad4d7f6336c58d7a5e86b1c938
2651,65716544,12928,1,de87a499,9cdcd9f944e76b9c44eb55cb330cb85c
2652,65729472,11648,1,9927de49,b04d922697998b1853a39b150699bf9c
2653,65741120,10688,1,a447f7f9,119697f2a36356a3a32cbbad1b199dc4
2654,65751808,12352,1,16672be9,b4413fa32f6686a6bc039953b335a93c
2655,65764160,12096,1,2b070259,a76560aa6d71e1d131d591b8d51b98fe
2656,65776256,12224,1,6ca77889,0901df98384f99234ecb6445c621577f
2657,65788480,12160,1,d6b3abf1,f86aea1d92645f6559bdc33f3d3ebfd6
2658,65800640,10432,1,9113d121,a2a352f4e81c2b2452925ca41476f453
2659,65811072,7744,1,ac73f891,300cc3300cc3300cc3300cc330ff4762
2660,65818816,11264,1,1e532481,18f2204800d1f519b14504df2c4504a3
2661,65830080,9536,1,23330d31,8dab3addc3223518269e09c7703efe48
2662,65839616,10176,1,649377e1,e99c2b8d041aca56f37891743fa381e8
2663,65849792,10048,1,59f35e51,40a1968cd757125cd910b54789e33826
2664,65859840,11904,1,dba3c980,c981cb6f66eebc7333ef333397356bd6
2665,65871744,12096,1,1a19ab6f,ae2a4ca74647a8135e8e8ed01e0690d4
2666,65883840,5248,1,5db9d1bf,bfd686e15cfbce7a8cddc3fadee869c4
2667,65889088,6784,1,d2f9241f,cb19d5a959d8fe428e841604c6dfb691
2668,65895872,7616,1,ef990daf,a6e8d8b8f8a2177f45af504da6f4f4ac
2669,65903488,8768,1,52f9a50b,c40200224af01d1d9e9fb1f2f111f3e4
2670,65912256,9728,1,1559dfdb,5028140a8542a15028140a8542a15028
2671,65921984,7744,1,2839f66b,5de04eef864a9287c7e3a3b83b2aac7f
2672,65929728,8320,1,9a192a7b,a0409a104cc96ac069d25def8ac0ef2a
2673,65938048,7744,1,a77903cb,54af2f97ebc3cce2eded947d1c63b346
2674,65945792,10816,1,e0d9791b,9549a733f9c319bcbb6a5b9408ee0641
2675,65956608,11456,1,9e53a595,8b25cc6d07067805872dce0e13790a99
2676,65968064,15744,1,e493f6f5,4fe0d8c10934bed845d6f11d74bc9a40
2677,65983808,15168,1,56b32ae5,8f83cdc9e1e6835562925c27852e9977
2678,65998976,15040,1,6bd30355,1f8b0808da7ee04c0003464143453039
2679,66014016,15168,1,2c737985,f75193a64a437d2f93fc4c17878b7daa
2680,66029184,16192,1,dc76a2e8,3ae47239e4f3797c7ce60cf2a49fece8
2681,66045376,11136,1,9bd6d838,21afba6e838c50a64c288cb4b5b6d864
2682,66056512,11072,1,a6b6f188,46094e9bdb6677982c16b522f9af86cc
2683,66067584,11008,1,14962d98,528ded01173e5198e32c9ddb317a07f6
2684,66078592,9216,1,29f60428,d229ddfed6a17eca05e966fc6dc3fd83
2685,66087808,12352,1,0556b044,2b0ac7d6b0bc7763dd5695e37170c181
2686,66100160,12672,1,42f6ca94,a6adee318c4951e4e2743d50e938abdd
2687,66112832,12480,1,7f96e324,cf5f01889df0bc8af1b465211e47047e
2688,66125312,12288,1,cdb63f34,d6b9be4bb2d63c618c9414858e73328a
2689,66137600,12032,1,f0d61684,8cb736d26e3d6ad423458cc6ad93bb5e
2690,66149632,12288,1,b7766c54,1a16ae653d9736fc8a558eda692dbbde
2691,66161920,12160,1,c9fcb0da,3da2eaaa9956ebf5b55a6db599bc6302
2692,66174080,7616,1,8e5cca0a,ee80f95a231c77dbb169e31a5497e462
2693,66181696,8384,1,b33ce3ba,0cd9e79f28eccab050fda4df23c6e2f9
2694,66190080,8768,1,011c3faa,1c78d6e7657dc315a918ab4ac37c7b3e
2695,66198848,8384,1,3c7c161a,1f8b0808da7ee04c0003464143453039
2696,66207232,7360,1,7bdc6cca,6f15548482cb8dfc242c7cb4e3f8899e
2697,66214592,7744,1,5978760a,b0faee7dfca9723752f58c5464723270
2698,66222336,10176,1,1ed80cda,cf279339f9de7bcef9dddfb9bfefb937
2699,66232512,10432,1,acf8d0ca,56482db444fad0a681262979341479f4
2700,66242944,11328,1,d7f771e9,adb326bb8e594dcc82316c74baef1dff
2701,66254272,9280,1,1b5d7177,58ab66c4fefce23ef6bf6a0a8542a150
2702,66263552,12800,1,619d2217,6b8e1ea61882442e63662b5621c9da92
2703,66276352,14400,1,1198786e,3da77eecfcffb9a3279fe48a6907e5a0
2704,66290752,12288,1,dd3278f0,f8aeacea638c4ff9f984cc77e9d3c47a
2705,66303040,11200,1,53bd7f13,a5d1f1fa13850d2e27b941de3a4f2765
2706,66314240,9088,1,297d2c73,455a42494e4400000300000040000000
2707,66323328,10752,1,9f177f8d,f75a7e5f54a44aa8f13459188e499759
2708,66334080,9920,1,e5d72ced,729202be1af0ac4f8363c58a1590c964
2709,66344000,9152,1,46376d21,01a7886c58354debb54f1295c78b8c3c
2710,66353152,10496,1,8ed7e251,455a42494e4400000300000040000000
2711,66363648,11456,1,8a9d6dbf,09ad1b1a9bf4fb5cd9d7dfe37b7fe7f7
2712,66375104,10240,1,cd3d176f,15547d4168a42c67ade7d854aac62889
2713,66385344,9024,1,699ed9d4,02d3ea50072febe3a0b732acab9665e2
2714,66394368,15744,1,a17e56a4,645955699a5436f57e6ce9fa7beff9fd
2715,66410112,13696,1,9c1e7f14,8bb2bc14d8482e47cdabe42e3d86bb2a
2716,66423808,13568,1,a534d94a,371ab8dde5f9fd79617ad86cb0e957da
2717,66437376,15744,1,6dd4563a,645955699a5436f57e6ce9fa7beff9fd
2718,66453120,13696,1,50b47f8a,8bb2bc14d8482e47cdabe42e3d86bb2a
2719,66466816,13376,1,2bbbdea9,371ab8dde5f9fd79617ad86cb0e957da
2720,66480192,13824,1,6c1ba479,464143453231325f30315f616e696d2e
2721,66494016,12224,1,517b8dc9,71489c6fff8daae46229894338bea337
2722,66506240,12800,1,e35b51d9,4aecb41bcd65067d50331bed9d4fedef
2723,66519040,12480,1,de3b7869,455a42494e4400000300000040000000
2724,66531520,13696,1,999b02b9,bad6ead6372a0ff1818a8a0808248040
2725,66545216,14592,1,a4fb2b09,94693d199231912bc1b5fc707432e9f0
2726,66559808,12544,1,e711de37,735e0ef2b232f1d1e143887a791e562e
2727,66572352,13824,1,a0b1a4e7,464143453231335f30315f616e696d2e
2728,66586176,12224,1,9dd18d57,71489c6fff8daae46229894338bea337
2729,66598400,12800,1,2ff15147,4aecb41bcd65067d50331bed9d4fedef
2730,66611200,12480,1,129178f7,455a42494e4400000300000040000000
2731,66623680,13696,1,55310227,bad6ead6372a0ff1818a8a0808248040
2732,66637376,14592,1,68512b97,94693d199231912bc1b5fc707432e9f0
2733,66651968,12756,1,69e239f8,735e0ef2b232f1d1e143887a791e562e
2734,66664724,34476,1,cf95324c,8d1a6d630266eca47b7f6bed7dcea9a2
2735,66699200,34628,1,3cb6a3b0,f31aa8ad7d204b9066e62e05367ab017
2736,66733828,38208,1,580a2365,5b8ca103056b9ac3b548b23b082eb3d9
2737,66772036,35716,1,033f32d2,f81cb2462a7276f65964c815229a20b2
2738,66807752,14328,1,51071d75,520b62a5968b851cae1f9a799d2c941b
2739,66822080,14028,1,8db03531,599295595cd1cce5323909f1d28cd882
2740,66836108,30592,1,bc582fac,a260fe0afabb7973fe1763d734b777f6
2741,66866700,24480,1,1a2f2418,0c0a994223181c4c420b6c79d3d32e77
2742,66891180,29236,1,e76d3e1b,b1e6d6d636a1e8eeeaeffde94e4b3334
2743,66920416,41600,1,f8798576,961cee2be960acb68137a97f4f720e67
2744,66962016,44540,1,c9919feb,8692d2d2d3e79750041d75fdfcbcdefe
2745,67006556,44860,1,411a35af,bd0d63abc40000005400000050a70000
2746,67051416,41624,1,3572c568,94c31f2f5e317b3665373f6a8035fc61
2747,67093040,47972,1,c967eea2,1f1f1f18122810c4f3b9f164c2f42205
2748,67141012,45576,1,1b37e4fa,0790a791a7e076fb1d686a9b81968e09
2749,67186588,70612,1,bd40ef4e,0000000000000000f458000042697030
2750,67257200,40048,1,9875331e,eaaa03111bb1b8ee04c1e240381bb1b1
2751,67297248,46468,1,b63987e0,4558745c6cc52a7afbfb383b32d17cc7
2752,67343716,58568,1,a11b1729,bfbf5f4d9342d3d2557ff4fc9150485c
2753,67402284,52592,1,c48fd8b3,212c9135e97446326ee95ef43c774dba
2754,67454876,58312,1,d3f4ccf0,c990b29377e5c263dfbe38b54496ce93
2755,67513188,48444,1,d6655fec,f80a8944233168b57abd5a2e6d54c864
2756,67561632,68916,1,ea79f035,786c006d63626f6d3032305f30302e61
2757,67630548,66716,1,70125458,000000000000000000000000146e0000
2758,67697264,43844,1,fd02e476,2acb661364da5857a72b85011e47f6a4
2759,67741108,52316,1,100a566b,297bd52ae8437a3658cd295cb566cd9a
2760,67793424,53300,1,dca056f5,a38ed0696330aaf5b5c558788f4e55ff
2761,67846724,59708,1,9e855188,e4ff7efc17efdb74619cc58f3fffeff9
2762,67906432,73860,1,833b4cd2,9375f6130f6fb5283fd91bea81e22713
2763,67980292,38304,1,254c4766,2f8db00c2dc2ab73757a928f94ba3947
2764,68018596,37092,1,14a45dfb,13f3d3b1431fff63dfa59ed87819c9a8
2765,68055688,59960,1,b2d3564f,b6bbfbe623e500b04d8f4d2dba666e97
2766,68115648,33924,1,777468c1,d4c6ec8acb4cafd74fea6bb182283fdb
2767,68149572,34800,1,d1036375,1b892e46ea4801252a6e5a6dcf7b2601
2768,68184372,43208,1,00298ad0,01214015390806051b892e46ea480125
2769,68227580,48240,1,eb17a4bf,7da9871187cee19cf7e0a3bcdc34cd00
2770,68275820,36156,1,4d60af0b,7cf7ddbfc1dd9fee7ef2cf7fa202820b
2771,68311976,35452,1,daffbe22,dba76f8e3113c4629a9eb443181193c5
2772,68347428,35760,1,27bda421,81b1e17716804173fc7716b107c60646
2773,68383188,32524,1,81caaf95,70974cf3f31ad500979644a1248d1216
2774,68415712,36256,1,c3f7965d,ec74ce4c6980c96d323b9d2621eda494
2775,68451968,35656,1,b022b508,f551b0df89e3c7820e78ee3d72ecf8c9
2776,68487624,36064,1,1655bebc,6d6de731e08b0ef9e8a3932c67714de1
2777,68523688,18708,1,81d29120,e5724d797bdfec79e68ec72291cfd46f
2778,68542396,34072,1,d3f28032,8bc7242f031942c932077bb82dc1a203
2779,68576468,24148,1,a932a3c2,814d4aca050216bb061702d255514192
2780,68600616,32156,1,0738b09b,50287ce59557ce7cb1b884d4e22f7253
2781,68632772,47384,1,36d0aa06,493031627374303230795f2e70707400
2782,68680156,33828,1,0f45a876,0d35f05e3bac88413946daeeb145d53b
2783,68713984,33048,1,5d7d87d1,d3de67d05134efb29bbcd36eb7bbcdd4
2784,68747032,32460,1,cae296f8,9869509425bcf3f180bedf645ce2b496
2785,68779492,31716,1,6598a35c,79acdb6856d1769d2bc8de9977ded642
2786,68811208,44400,1,c3efa8e8,2c1689f9f6f23928c48686c6866fea68
2787,68855608,39284,1,c92aa1f1,e0cf3297bf7f4e8e2ae7db9c9ca34750
2788,68894892,67748,1,f8c2bb6c,30302e616e6900001f8b08089a517f4c
2789,68962640,84472,1,a3f7aadb,11d9caeea2d56271912e058bac823fab
2790,69047112,27352,1,52b1c7cf,07317e86dadf1762f083efc16060dfbe
2791,69074464,38408,1,3468bbf2,82b79a9a3a3b348c2d2d9d481a3a06c4
2792,69112872,40360,1,921fb046,9fd2630a865bed158218409142a3d1ea
2793,69153232,38976,1,54789f82,874d86586f341a0d464392c56e93c814
2794,69192208,56504,1,02882744,c4bad4a77c4b1bddaf3e6276d2ee5e5d
2795,69248712,40208,1,35094189,629cdd34bde4ead4a953274f3eeceb24
2796,69288920,37976,1,c91c6a43,96cb360a03cc28fb00328002c33e1020
2797,69326896,73176,1,f07bdb18,f1000000fd0600009009000068e4ef40
2798,69400072,54676,1,fd65ab5f,ec6bbb39913fd6ca6a3955f782cc9e7f
2799,69454748,41628,1,8c3b9271,ad943d88d44014c7d724f31193cc6693
2800,69496376,46812,1,85d0320b,0eeaa2145c92c4435d928a5b6502783b
2801,69543188,44828,1,af60c3a4,666b6bef3a78302dad26a726edf973e2
2802,69588016,42440,1,9d5f0670,6023d7295e63a316166273a59ddef3e5
2803,69630456,7140,1,e0277fc0,825cc510f376f737c7c446444747555c
2804,69637596,40044,1,91ec82e9,f9a9ff93c202ff87fa7983dd05000c2d
2805,69677640,36052,1,421a4c2a,1d9625677b3cd71ea904718ec6eaea1a
2806,69713692,58416,1,577663e1,3198217cb682e48a6848caa2202d8f86
2807,69772108,47580,1,4b8b65f4,309ee1d7f3752cdf94d4a96b1bf3590b
2808,69819688,34868,1,f9888659,94c4662715171fff5bc780bf6b202b29
2809,69854556,48516,1,7a637f69,017a3c79c2062d717979556941c18d87
2810,69903072,33916,1,dc1474dd,f0faf5eb5708e317e1158f4547afe43f
2811,69936988,29600,1,a51c6024,077eb8ee1a9a9bcdcded3697420feec7
2812,69966588,34148,1,7fb5c388,87befefa50b1ba4aad52e93efb22223e
2813,70000736,37816,1,3283710d,4d5f493031656e6d3034307a2e707074
2814,70038552,29788,1,3d90c4f5,56b7c76de8c5423b9c6ebbc56483f1e6
2815,70068340,30724,1,51534437,3034325f30302e616e6900656e6d3034
2816,70099064,33380,1,cfc16b0e,302e616e6900656e6d3034345f736f74
2817,70132444,23140,1,585e7a27,0bf2f7c5933a578fdbc984bc403f5f3c
2818,70155584,22748,1,3b8e4f1d,2b63bd854ca981e946a7060fb6620528
2819,70178332,21888,1,e7396759,5b2fcea771ced5996d91befebe01a63d
2820,70200220,22048,1,5143eb0e,ecfcfb6b4982d53f226867a24f41b38b
2821,70222268,25536,1,414e6ced,e9b5befe4f4349f8efd377aff5793eed
2822,70247804,21584,1,2b9367c7,d926befe2b1c4eb80dbd5e4ff55f6347
2823,70269388,48040,1,8de46c73,484e36564c363b7146f8897c3e9fc94e
2824,70317428,57112,1,bc0c76ee,a6a646d506dc5859c9023e565b7bcc0e
2825,70374540,58876,1,9981309c,3a606f9d45d9120e075c4e4247b8bc35
2826,70433416,25660,1,54c47edf,5a52d292f198c519efec241725501320
2827,70459076,31012,1,652c6442,ba6bd7ae03070ebc7bfc5cfa0b2facdb
2828,70490088,29744,1,8efa24df,c5ed2d80dacc69d46393fbf7ef0fe187
2829,70519832,26132,1,986e7e41,97025e9536755554f47457f0a19658bc
2830,70545964,25460,1,a98664dc,c160c4c4c74627cb2572b95cc6e38a44
2831,70571424,28124,1,362d7a9d,242c35c23b4ddea5500ea9fd70d548af
2832,70599548,23008,1,905a7129,914b44e3ee5c56bda047a59ad1e3b85c
2833,70622556,27032,1,a1b26bb4,9494941d624949884c9956005b234352
2834,70649588,25252,1,55fd4fa7,186e36644f88a6d86f14f6f111c1bd4e
2835,70674840,24456,1,fa877a03,c5da956bd782d62e8a50fff8a6f3fb4d
2836,70699296,23376,1,6d186b2a,f674dab3ef6fedef4bc0ce3d3377fe98
2837,70722672,29092,1,cb6f609e,4a54142b95c423e84981b1b70a37ef4a
2838,70751764,24776,1,a8bf55a4,2bde23703e7edabc454bdf5b4b781218
2839,70776540,25212,1,9f8f4d30,e4701ef7707b66747474389fefc194f8
2840,70801752,56052,1,bba3bd98,692e74786c006573743030305f746174
2841,70857804,52976,1,1395928d,020f1e647caf5956234d4a0d0a0c1cb0
2842,70910780,44016,1,20e1247d,5fc1b585ab30357d02b6e1348cf575c1
2843,70954796,19920,1,86962fc9,2419c6c4e5b71b0db4c2ede41613954b
2844,70974716,26860,1,b77e3554,59a17577dffbfaebaf9b9b9b91ba9b9b
2845,71001576,20952,1,d4ae006e,707fd97b146e2082f766b394d270898c
2846,71022528,19372,1,43311147,838d4d4c0cdbc989718020bc7dd08f35
2847,71041900,27396,1,e5461af3,9ddbdadada8781cb730f9757a1b0b676
2848,71069296,26396,1,62c42300,f1dac073d28b7e704facf8a38fa0d7cc
2849,71095692,33004,1,c4b328b4,f97c102c2ed6f447f5515ca01939f9e0
2850,71128696,31320,1,532c399d,63be3a57ab43096a0b757a7d69694909
2851,71160016,34216,1,30fc0ca7,7b7b209569bbb7a697d249643b8cd398
2852,71194232,33588,1,ae6e239e,de62b5d90e5a0fc204306977996d7a83
2853,71227820,19540,1,5a21078d,80e648c2b3060ad05e303c90346bd60b
2854,71247360,15560,1,cdbe16a4,83906cd871f0fd93070e1f6ad4f3ed34
2855,71262920,18188,1,a4ab2a87,32a89027c93efae8bdf7d6a545cc23ad
2856,71281108,38096,1,306b8690,93681c02010e3b7804610cd9901c3c72
2857,71319204,33380,1,33343bae,6c5d5cfc3c6d03938e03322c08af5861
2858,71352584,37804,1,e1f3aad6,3080f5b66960147ce45c93587f559b46
2859,71390388,61420,1,12595ccf,28f82312a263cfe5c6f029aa0aaa7bd8
2860,71451808,54808,1,057bcc06,61726d00000000000000000000000000
2861,71506616,59448,1,6eff925c,fb09d319ff4731673027717b63fb34e7
2862,71566064,45200,1,afa5cbe8,9d356aab2b483dc9bc5c5aaf4e555641
2863,71611264,49132,1,e70012f6,c57994efc3d8cece8ed58328ef14e997
2864,71660396,48756,1,9459270b,bc61cc23c78c9b38e92fa4f7264d7a6b
2865,71709152,48192,1,a5b13d96,ebe9f35fbc72f9cac54b5074f1e2b0df
2866,71757344,42396,1,58f32795,7e9548abe55f454672314c36baab02c4
2867,71799740,58044,1,691b3d08,eb45a2f0a2e4e42c9648c44a666525a7
2868,71857784,51208,1,d67c2076,cbce199e45ba8ac5dc4263056191d2ad
2869,71908992,47188,1,e7943aeb,81d76d81da57833a576137b066f97abf
2870,71956180,42636,1,217287cd,bde6a7fff99f3fc5712b7d0428dc298f
2871,71998816,36284,1,1ad620e8,9012c66190ab55d9b90a9934bfec7f91
2872,72035100,38536,1,b6642245,6a31bbec8485923d2f697ad29c3497c3
2873,72073636,82044,1,21fb336c,9211f56024128d46e382c0b12c87ff32
2874,72155680,85192,1,7ace22db,d9ce3c62a71fe17f70770dff20ff55fb
2875,72240872,38020,1,6380e4da,f18fa9c1cc28e46a11bb5c5c022e91cb
2876,72278892,39212,1,5268fe47,48986c462cbdb779f816bbefca75108f
2877,72318104,37144,1,4b263846,e1396f2236d7e8bddbe169f764c0c140
2878,72355248,41332,1,f4412538,f9f8b30e9bc564b7d80b78b241f0cac1
2879,72396580,57248,1,5a0dd81f,a56ced046ea7bacd1206b324691c35d5
2880,72453828,49520,1,6be5c282,10dad664945694662c04593e96dd1efd
2881,72503348,50156,1,52362e8c,af2b0000408e0000fc7f1a9792000000
2882,72553504,57968,1,895bd529,9a3367ce70f6ec59f2f3f33977ee1ce7
2883,72611472,50452,1,3c2f2ea3,5077f5220e5d6ec4d1ebcd3871fb2aae
2884,72661924,47664,1,ee7f24fb,80f4b1580cbca9a5ad9d33e2a4ab5183
2885,72709588,72352,1,880a1870,362da11dce983533e975ea7c9c9dec25
2886,72781940,50712,1,220099ea,7d4000007c4b0000739cdc322a010000
2887,72832652,51156,1,048451ba,0421e9161177b864740d740dd7a35062
2888,72883808,49880,1,df452d09,3750079f3452712f481b89d7759014ac
2889,72933688,48472,1,cc926dfd,616e69001f8b0808364d7f4c00036b6e
2890,72982160,41868,1,6ae56649,f3d3592cc5159df3c494e8f5bf6bc4ed
2891,73024028,43828,1,5b0d7cd4,c320f2690c102efc60f1e2c5c758d68c
2892,73067856,42744,1,efc0a944,4217bce6f990d88b7fe37f79f94d0d2e
2893,73110600,50208,1,76b70b42,1f18e8270c0c10e358e800b1bf7fcc33
2894,73160808,61236,1,a06807b6,8c320000cd18f3f92901000021470000
2895,73222044,44664,1,ea753a18,35e3dce6c9da64b90d889ca30ee47f71
2896,73266708,28272,1,4c0231ac,67585c405040036ee8153502ee20028a
2897,73294980,63812,1,7dea2b31,d53c3b076f27cff331932e5df4d06aa8
2898,73358792,71340,1,db9d2085,a34faac83131714963c1194fa929592c
2899,73430132,8792,1,e0663db3,9bff6ba797086d9806c3ccaf8ced16a3
2900,73438924,66352,1,3f2847ac,b02dbc53e85eb6f08e4f4acd144a69f9
2901,73505276,46976,1,b514f435,0e0a0a72727272476ff7952b577a7979
2902,73552252,41836,1,9646308c,afe4ea7c4708257db11b6a489334ad69
2903,73594088,60524,1,3c366787,357676c20a957d605743a95e65bf84f7
2904,73654612,47236,1,9a416c33,5f30302e616e69001f8b0808eb4f7f4c
2905,73701848,45356,1,b0573cdb,00000000000000000c07000042697030
2906,73747204,47708,1,0e610da3,3839b9fbf1cd792336f531db5224adef
2907,73794912,42668,1,fce1b202,fb9dbf25b1336b8f20c543181fc450c1
2908,73837580,44220,1,7fa365e6,2f2fc68c1983b7b7373e3e3ea8d56a7c
2909,73881800,40180,1,83b64e2c,65796530312e707074006d7264303030
2910,73921980,34004,1,580de40e,46696e676572304e7562000000000000
2911,73955984,51360,1,280b8515,e40536f53935c3924d75e0ab7bb67687
2912,74007344,50020,1,18879434,85bceca7399f4d9320eed90909f3cca7
2913,74057364,42868,1,6a289fa7,34c8b97739f7f5102011c8060a955e5e
2914,74100232,28772,1,cc5f9413,c4d70d8af3c1849f151326624f2b2678
2915,74129004,25672,1,914a1510,cdbbfe8361118460b10e1ecb1c1cb66e
2916,74154676,62576,1,b28d15ae,bd761ca55575be373ec53e5575be373e
2917,74217252,34836,1,14fa1e1a,200a906cd1ee5cc03940b903ff9d4309
2918,74252088,33376,1,25120487,62719f8200e300e9800580f7004580bd
2919,74285464,51888,1,83650f33,33b8bbcf97f7cbbb7d5de7defbea53dd
2920,74337352,34940,1,46c231bd,de698511bd31dcc09dbca3a0f16a882f
2921,74372292,50700,1,e0b53a09,d54fe7e2875462512381bd5e47c3e0e2
2922,74422992,35132,1,d15d2094,274334c6d97dce7c50ff7c391b01f91c
2923,74458124,38912,1,772a2b20,612a7e33e117a60d46fecb554cb9816f
2924,74497036,37060,1,81625bc9,122f5c93853643ac16620923ee30169d
2925,74534096,36560,1,2715507d,418be6427d10bbf64b1d93e048e3b963
2926,74570656,36472,1,7e271530,f364e377d237abad74bfedced0bdcd91
2927,74607128,39900,1,d8501e84,ddff613fe183ea9e9fdfefa72240107a
2928,74647028,48024,1,e9b80419,9ffe5aaaeb9e7bbc51634d351fd23104
2929,74695052,36032,1,8a683123,1fdfbfde755db75e3c3eb3d633eb70df
2930,74731084,48744,1,2c1f3a97,ee30da0be5391978d78961c0e77e3cd5
2931,74779828,71540,1,1df7200a,fcf30d355b00f5d6d5e2468d8843778d
2932,74851368,27612,1,bb802bbe,2dc1ada9cf5edb20549962963fdc9c88
2933,74878980,74144,1,b29a554f,4e4400000a00000004000000b0000000
2934,74953124,46684,1,4e86ebe9,2c8d32cb4be6f87879cdd2303da33273
2935,74999808,36536,1,f7bdad7d,455a42494e4400000900000004000000
2936,75036344,38048,1,51caa6c9,7c2c78ccfa3245b650eb50faf4be543d
2937,75074392,29692,1,c655b7e0,52d549a5b50a479f5e25f5d825b51231
2938,75104084,35284,1,3b17ade3,9a4c285e12a1d5ec8bf9ad7234198f05
2939,75139368,23124,1,7a2b9f56,6b3f092f9e3bf7de73cfbd9ff9e32e6a
2940,75162492,24080,1,0affb77e,2113e1760f29d8d5ab5f3db867bb6372
2941,75186572,22156,1,b598aa00,d7ebcfd05f9ea1b79ea10d426f6d903f
2942,75208728,40404,1,43a6a393,b00000004d0878bc6d00000070150000
2943,75249132,38408,1,13efa1b4,9ffa5726b84bb09c4dad5af5d6bf3ebf
2944,75287540,39384,1,7932aa9e,2fb2bfa4a424f80dfb8b4152c8351d22
2945,75326924,17968,1,54ddb7d0,0fc6090da1a11852575d87075608ab6f
2946,75344892,19100,1,eeadbbb7,d3f841d4fdd306821265076620e1d825
2947,75363992,17488,1,2b0a8539,a7ae7f833c78bd1179dbb66da98dd83c
2948,75381480,18556,1,1ae29fa4,86e790a09e3bdbd8cdca4867f6f3a463
2949,75400036,18960,1,a63321aa,181919606b6980d61786d6e33274dbe8
2950,75418996,38612,1,02d6e2ca,dd55c6cc5d01ebf079d9c3d5ed04b6e1
2951,75457608,51864,1,bd56cb61,e079fdf7be7664404ade1a62409f9ff9
2952,75509472,8540,1,25ecf555,e2bf49c0c4ffeec94bfe07e4acfb1f5e
2953,75518012,40340,1,1560e474,3bbded51d100000087010000a82d0000
2954,75558352,62952,1,8217161e,bc158fffe4360e769050a63b6a957153
2955,75621304,52260,1,6ad80acc,555a2373a7354d6be2e4de63375d5223
2956,75673564,59952,1,6e244f9d,0d177907f0e7c69608df6f0f3ce41707
2957,75733516,46660,1,8cf854e4,a73466e2fcc1c63b24223a6c6e6336ae
2958,75780176,46084,1,ab56d50c,f2000000840100005c3f0000e58ed6ab
2959,75826260,48764,1,869185de,48db3dc174ff8ff94ccab26147b71d59
2960,75875024,23220,1,250a72af,26c9fabafc42d579686d14d89f5055ce
2961,75898244,47736,1,cac81991,e7201379673bf8e7efe348afa944dc01
2962,75945980,43384,1,0fba8300,43e3b47c50e6c2697983d50f8d73e617
2963,75989364,51132,1,be49b93a,44141454c42acaabc688f7e0a542bd2b
2964,76040496,50292,1,0a651a85,736f7461692e6d646c0073616c303030
2965,76090788,40744,1,232d4cfb,87354c7d6fc9e15eee375c5d07e696ea
2966,76131532,49776,1,c50487bf,f78e7d41022f3c2ff972a564cb469b77
2967,76181308,47532,1,d551b60b,8feb209e987183ccce351e4fb437fdf7
2968,76228840,49316,1,fb1d02f5,692e70707400736e673030305f657965
2969,76278156,50576,1,24cf2981,35190657825245dc5b2da0a2a0a85411
2970,76328732,53100,1,753d6e08,1583ca5b4a736056a24adc3cd50d7bec
2971,76381832,34852,1,e2a27f21,8d6bd71a5a4584396cdfb8f17bb4651a
2972,76416684,35060,1,b9976e96,dec5a59b0f70fbfe133c7ff112d1a245
2973,76451744,26560,1,1fe06522,c8136aa744d11685fbe74cf0e267cd0e
2974,76478304,30224,1,94165a03,6a18750c06d8a754a9add49bad567875
2975,76508528,43528,1,8ad6ffdc,e0c9452c50473de619839ae97e9c03da
2976,76552056,35364,1,8ff6a887,48b463d87d567a5b895c46ee51131ff0
2977,76587420,47328,1,ea9db427,414510c5303c71baa919e2a96ea9a894
2978,76634748,53096,1,221f1e17,aefc3e6f72fe302e6a4eece438de04d4
2979,76687844,47188,1,64c9d498,015e11f173d31253ede9b457083aefa7
2980,76735032,64144,1,145b23f4,db35e419959cee3bcc73727af2bc2459
2981,76799176,36940,1,078c6300,6b9347e21c6540401563f1b383d67b4e
2982,76836116,47636,1,fceee9b7,d0ed0669e1ab98dffd1ad2eebc4019d6
2983,76883752,47952,1,af1cdbec,7d98cf8f92f1d426ef2a6196e7184866
2984,76931704,45020,1,73365749,733640f31847732e7d161397367791a3
2985,76976724,61520,1,d5415cfd,5f525f636c617669636c650000000000
2986,77038244,60892,1,9339f029,459fc8b4e4547b1ef0ddc39afa8acbcd
2987,77099136,64044,1,508dd5b6,7501000028060000bc62000038b4ef9a
2988,77163180,128000,1,0be0f66f,00000000000000000000000000000000
2989,77291180,109568,1,657ccbf2,00000000000000000000000000000000
2990,77400748,128000,1,435e93d7,00000000000000000000000000000000
2991,77528748,109568,1,e7f69058,00000000000000000000000000000000
2992,77638316,162300,1,c83561c9,00000000000000000000000000000000
2993,77800616,187652,1,5c2d4efc,00000000000000000000000000000000
2994,77988268,166400,1,ee525797,00000000000000000000000000000000
2995,78154668,156924,1,6cb53345,00000000000000000000000000000000
2996,78311592,170240,1,cbb03582,00000000000000000000000000000000
2997,78481832,201988,1,506fb2b1,00000000000000000000000000000000
2998,78683820,179712,1,3e8ecf90,00000000000000000000000000000000
2999,78863532,189184,1,b87d2377,00000000000000000000000000000000
3000,79052716,209404,1,25f549cf,00000000000000000000000000000000
3001,79262120,201476,1,cf4a9b68,00000000000000000000000000000000
3002,79463596,153340,1,4d40f8b1,00000000000000000000000000000000
3003,79616936,193024,1,8d71914b,00000000000000000000000000000000
3004,79809960,219396,1,376e120b,b9a494ffa68671ffe4c1a8fffbdfcaff
3005,80029356,145408,1,4de0dea1,00000000000000000000000000000000
3006,80174764,179200,1,b50735d9,00000000000000000000000000000000
3007,80353964,197376,1,46c036b5,00000000000000000000000000000000
3008,80551340,184832,1,d4786158,00000000000000000000000000000000
3009,80736172,209404,1,7605ac43,00000000000000000000000000000000
3010,80945576,236032,1,df7919b8,00000000000000000000000000000000
3011,81181608,122372,1,cd2f42d4,00000000000000000000000000000000
3012,81303980,131584,1,8e427644,00000000000000000000000000000000
3013,81435564,157952,1,b41ca6f4,00000000000000000000000000000000
3014,81593516,153088,1,55fa338a,00000000000000000000000000000000
3015,81746604,197628,1,344a20d5,00000000000000000000000000000000
3016,81944232,145156,1,e112b844,00000000000000000000000000000000
3017,82089388,148992,1,851eec02,00000000000000000000000000000000
3018,82238380,158720,1,6e4e2f1e,00000000000000000000000000000000
3019,82397100,106240,1,2ff49930,00000000000000000000000000000000
3020,82503340,178944,1,5da199ed,00000000000000000000000000000000
3021,82682284,200960,1,251d7776,00000000000000000000000000000000
3022,82883244,126464,1,aa11ca66,00000000000000000000000000000000
3023,83009708,169984,1,7d3fcd32,00000000000000000000000000000000
3024,83179692,170496,1,ea791595,00000000000000000000000000000000
3025,83350188,92672,1,c12ee78d,00000000000000000000000000000000
3026,83442860,187388,1,d9e3c1c8,00000000000000000000000000000000
3027,83630248,136196,1,84c3d718,000000020000000b0000001c00000037
3028,83766444,188160,1,d9f5a799,00000000000000000000000000000000
3029,83954604,123648,1,55ac54f7,00000000000000000000000000000000
3030,84078252,109056,1,aa5c2e58,00000000000000000000000000000000
3031,84187308,135680,1,6da30de8,00000000000000000000000000000000
3032,84322988,92672,1,1f6b5fc7,00000000000000000000000000000000
3033,84415660,119040,1,218f5ae1,00000000000000000000000000000000
3034,84534700,115200,1,14057488,00000000000000000000000000000000
3035,84649900,139520,1,d26a7d0f,00000000000000000000000000000000
3036,84789420,136192,1,597d5369,00000000000000000000000000000000
3037,84925612,119292,1,9e872c67,00000000000000000000000000000000
3038,85044904,110596,1,83b292e6,00000000000000000000000000000000
3039,85155500,178944,1,d98047cf,00000000000000000000000000000000
3040,85334444,165884,1,17b3e7bf,00000000000000000000000000000000
3041,85500328,235268,1,7b26e910,00000000000000000000000000000000
3042,85735596,171264,1,1bdff9d2,00000000000000000000000000000000
3043,85906860,218112,1,4e03a32b,00000000000000000000000000000000
3044,86124972,200448,1,226b1fb5,00000000000000000000000000000000
3045,86325420,135424,1,0073680f,00000000000000000000000000000000
3046,86460844,166656,1,f8624121,00000000000000000000000000000000
3047,86627500,153088,1,a2bd53d6,00000000000000000000000000000000
3048,86780588,161792,1,23a6c8a7,00000000000000000000000000000000
3049,86942380,128256,1,43a805b7,00000000000000000000000000000000
3050,87070636,174848,1,b66f2e5f,00000000000000000000000000000000
3051,87245484,126464,1,29e0da0f,00000000000000000000000000000000
3052,87371948,135168,1,f25db065,00000000000000000000000000000000
3053,87507116,100352,1,cf736cd0,00000000000000000000000000000000
3054,87607468,100352,1,608a6db9,00000000000000000000000000000000
3055,87707820,135936,1,ea56777a,00000000000000000000000000000000
3056,87843756,158208,1,4592c056,00000000000000000000000000000000
3057,88001964,183296,1,1b786ec9,00000000000000000000000000000000
3058,88185260,96000,1,cffa9e02,00000000000000000000000000000000
3059,88281260,136700,1,34bc75ac,00000000000000000000000000000000
3060,88417960,250116,1,1c64e723,0000000c0000000d0000000d0000000d
3061,88668076,104704,1,fc3f4055,00000000000000000000000000000000
3062,88772780,206080,1,2f02030b,00000000000000000000000000000000
3063,88978860,183548,1,b9865c55,00000000000000000000000000000000
3064,89162408,128004,1,4103062a,00000000000000000000000000000004
3065,89290412,179456,1,6e7a3d31,00000000000000000000000000000000
3066,89469868,193276,1,203c2e53,00000000000000000000000000000000
3067,89663144,145412,1,5e42d2d0,00000000000000000000000000000000
3068,89808556,110336,1,4342bbff,00000000000000000000000000000000
3069,89918892,149760,1,a8e45456,00000000000000000000000000000000
3070,90068652,109824,1,eccbc9e4,00000000000000000000000000000000
3071,90178476,157440,1,f7f68bd4,00000000000000000000000000000000
3072,90335916,162560,1,c3bc92cf,00000000000000000000000000000000
3073,90498476,287996,1,11587661,00000000000000000000000000000000
3074,90786472,128256,1,ccceafe4,00000000000000000000000000000000
3075,90914728,106500,1,879c5f78,00000000000000000000000000000000
3076,91021228,175356,1,e5b8e864,00000000000000000000000000000000
3077,91196584,154116,1,7438821f,00000000000000000000000000000000
3078,91350700,110588,1,b44ef1a1,00000000000000000000000000000000
3079,91461288,110340,1,8f866553,00000000000000000000000000000000
3080,91571628,114684,1,64334433,00000000000000000000000000000000
3081,91686312,148876,1,2ab9698b,00000000000000000000000000000000
3082,91835188,44156,1,38f1e4fa,a5d9a5eb00a5e1a5eba5c7a5a300a5c1
3083,91879344,88064,1,f0116b8a,00000000000000000000000000000000
3084,91967408,59392,1,20faa8eb,8f8b87ffa7a69dff808b91ff1c3375ff
3085,92026800,81920,1,cd71423a,00000000000000000000000000000000
3086,92108720,73728,1,b7b1115a,00000000000000000000000000000000
3087,92182448,88064,1,35e1868b,00000000000000000000000000000000
3088,92270512,59904,1,0881af3b,00000000000000000000000000000000
3089,92330416,45568,1,c061204b,e3d7d1ffaa9190ff9b8384ff9a7e81ff
3090,92375984,95232,1,65715ac8,00000000000000000000000000000000
3091,92471216,45056,1,1fb109a8,85673cf988683ef986673df984673df9
3092,92516272,92416,1,22d12018,b5366bffc54e88ffc35b97f59b5196d8
3093,92608688,91392,1,66dac281,00000000000000000000000000000000
3094,92700080,87552,1,90f1fc08,00000000000000000000000000000000
3095,92787632,83968,1,ea31af68,d99a7f3aca6132190000000000000001
3096,92871600,95232,1,d75186d8,00000000000000000000000000000000
3097,92966832,80896,1,a5b8d8de,00000000000000000000000000000000
3098,93047728,46592,1,98d8f16e,fefefee6f9f9f98af0f0f043d5d5d518
3099,93094320,104144,1,35837011,00000000000000000000000000000000
3100,93198464,18304,1,08e359a1,786c004d5f6c3031616d703030302e70
3101,93216768,81664,1,93f47ba5,455a42494e4400001500000040000000
3102,93298432,20288,1,95af8876,ccbb8193bbd937e1a64f1ecff8d928e6
3103,93318720,23872,1,046b6a8c,f8dda3987283034f6c9294f12799c6c6
3104,93342592,21312,1,5f5e7b3b,d5bf24fe0a172bc66fbfda13fbfe8ff1
3105,93363904,10240,1,0d66549c,59f8ad7cd064f3197e9e58fbc7ae63f3
3106,93374144,10048,1,d1d17cd8,2cfc563e68b2f90c3f4facfd63d7b179
3107,93384192,30592,1,ecb15568,a71655eb1b33b98feec4ca382f916d28
3108,93414784,118848,1,e0396645,c94f3de69c54cae8f8cb0736dc9c4143
3109,93533632,24448,1,464e6df1,3d9e17d974e775f18c0f5827db91eb19
3110,93558080,28672,1,bb0c77f2,8a1d706ebcf0d9ad3fe349fa9c7aa98f
3111,93586752,25344,1,866c5e42,3e28a7bfed117defb00185fc715f14ca
3112,93612096,145280,1,5160aeb0,da010000040d0000004c000077fb92fe
3113,93757376,30272,1,6088b42d,f86e6886edf6b9463ec5659d8c166baf
3114,93787648,28480,1,1d7b7c46,f17c9d549144e4d4a598a6ba19972fab
3115,93816128,26752,1,69138c81,fdba8c6700b0c00900ef0b0c60055f9c
3116,93842880,36992,1,5473a531,edcf6a6c59a3ab6cc5dd47c3366befcf
3117,93879872,249984,1,9506a74b,38aa3fcdc56ecd1241707840bf7164dd
3118,94129856,31104,1,a8668efb,3d922fad2d3d4d3e52e92bbdec15fa25
3119,94160960,283392,1,4756ad13,9a0200009e130000c082000065fd3661
3120,94444352,45184,1,7a3684a3,1cc8d737bf2af1bc9cf98cef84e893fc
3121,94489536,377088,1,e121a6a7,5f30312e616e6900616e733030305f30
3122,94866624,28480,1,c4147af7,46a4ae4f177b425f37f9b94a2dbf8a28
3123,94895104,63296,1,f9745347,a712cf2f7aef0730fc7372fe6db1bff9
3124,94958400,266624,1,ea58ce09,616e69006172633030305f32392e616e
3125,95225024,44096,1,d738e7b9,dcebbc21e867df77a97f60c7fbfa6927
3126,95269120,486912,1,fd7a5ec0,b20400009415000000a10200cce6fcd3
3127,95756032,39360,1,c01a7770,4ff1ba07c2380253fe31e905460698fe
3128,95795392,357696,1,6d96f375,6a040000b50e0000409d0100a7f58693
3129,96153088,36288,1,50f6dac5,9cacd79729dba6ee19e7b47d654baae9
3130,96189376,179712,1,7aede736,f35ff7f9736b7a4efeeb3e7f6e4de4d4
3131,96369088,35008,1,478dce86,0d1e798ffdcdc13154fe8b5334796c31
3132,96404096,194112,1,8a041605,1f8b08083f527f4c0003626f6d303130
3133,96598208,40640,1,b7643fb5,1f8b080840527f4c0003626f6d303230
3134,96638848,298816,1,4360dbf3,ad54c27fbce8fa355cbf4f2ac29c7199
3135,96937664,27840,1,2c731db1,c2e81b6a21be86c88be32b57bfadd5bf
3136,96965504,4608,1,11133401,4b87d0ec5ecfcc9d2fbdecff9e1fa817
3137,96970112,8768,1,541bcfb0,230a88cdc48eb0d07a228b65c38b3f75
3138,96978880,36992,1,697be600,f0dcc3d9f4cc7c85cbab009f0f4d7244
3139,97015872,207552,1,4c6b1f82,8d010000e03f0000c09400003c2cdf46
3140,97223424,40512,1,710b3632,737c787db07713b78bc762647d06b93b
3141,97263936,155776,1,80c11f1c,6a0200001f130000400e02005d9125f5
3142,97419712,38016,1,bda136ac,31fb329664ce717084da97dd9b27da5a
3143,97457728,184896,1,c2e41861,48994df6183f3009f4f1c98efa0113b2
3144,97642624,46208,1,ff8431d1,626f6d3037305f736f7461692e6d646c
3145,97688832,185216,1,df5a053b,6c63a5d0863766b08db5429baab108e2
3146,97874048,29952,1,e23a2c8b,00626f6d3130305f736f7461692e6e6f
3147,97904000,126976,1,792d0e8f,b5793dbd3cffcafb9f7bfe25a9d44da0
3148,98030976,25280,1,444d273f,51fdc2fa5375f18b1d92fd4d217949fb
3149,98056256,134592,1,48c51412,87020000040f000000340000f04e09fa
3150,98190848,26368,1,75a53da2,acd299b718963144c8943a2629ff7ee1
3151,98217216,120640,1,eeb21fa6,30312e70707400736e6970666f726365
3152,98337856,22080,1,d3d23616,f65b7e72d89753d9c18181a16c7fb879
3153,98359936,139392,1,2b152128,6566666563742e61726300706b313030
3154,98499328,27840,1,16750898,c8ef637cc85d2fd22f20313e1da11a76
3155,98527168,148864,1,8d622a9c,bcc8a54b97888d8de5f2e5cb5cb97285
3156,98676032,26752,1,b002032c,a57f04c0cd43f7a29ed8d76bf9dcc405
3157,98702784,108480,1,5c48c339,cc23e2477eadaa5d9eecf010337da287
3158,98811264,33984,1,6128ea89,3cffda0b71be43e20ac62738b64f1f6a
3159,98845248,187072,1,b776ed56,616e69006272623030305f31332e616e
3160,99032320,28544,1,8a16c4e6,be843690c34f7feeab246d962bc8fda7
3161,99060864,73152,1,1101e6e2,256deb69fb0c75d5d003b49da0ad08fc
3162,99134016,27264,1,869ef7cb,1f2c5d203f5655aeb1cf90f6aaf94dcf
3163,99161280,28800,1,7bdcedc8,efdf4b667c3d7a777243ffeee43b5e34
3164,99190080,23488,1,46bcc478,e692d4e5abfe6a38dc5ac8bdc20ab0c4
3165,99213568,88960,1,ddabe67c,420200004015000080e000004649e49e
3166,99302528,26048,1,6aeebd9b,b54fdeeaef237b86847d492f29f04b35
3167,99328576,27456,1,ec43fce1,2fc23b9a8510f819f39798cfd8e9c9d5
3168,99356032,26560,1,4a34f755,b093e26ea0deb954cd961b9657c859d8
3169,99382592,15936,1,28cbbae6,ac219cf1db06cfe28276f13512ffdcbb
3170,99398528,23808,1,8f93c9db,78375dc70ed93fd9f1bde703f4780a2f
3171,99422336,15232,1,f553ea2b,786c004d5f6273743031342e70707400
3172,99437568,23104,1,c833c39b,89a274da38a87f6ded317dc3d267e2de
3173,99460672,118464,1,ae219b5d,250498dd3bbd9cfafaef07c1c06cffe9
3174,99579136,21952,1,9fc981c0,f234fb50f92b4bbf889a7f77ce580b69
3175,99601088,23552,1,5324e19f,a9bd223ef7c4c8c431d1c11ac6173165
3176,99624640,22784,1,011cce38,462e005cb22bf2fd9ac538963a3e8f07
3177,99647424,22272,1,9683df11,07fb25b3008871ac4920e60766034079
3178,99669696,20992,1,39f9eab5,b86477e4fb35abd12c4d7c1e0f8071f1
3179,99690688,24064,1,0499c305,1f8b080898517f4c0003627374303330
3180,99714752,118656,1,9f8ee101,54a55e6fb35257e4033d1479575d7f49
3181,99833408,19264,1,954be818,b88ed080ebe75ca1fe02f1d817e6563e
3182,99852672,43072,1,a82bc1a8,7c8c46a32bf187473800534bcbe2faf6
3183,99895744,246720,1,a4a3f285,743034315f30332e616e690062737430
3184,100142464,47936,1,ff96e332,e4cfea3393bf8704f9a742e49f8c8eef
3185,100190400,25856,1,c2f6ca82,1f8b08089e517f4c0003627374303530
3186,100216256,122688,1,fba8ec09,2458967d8e886f91f7d8841ec15a3bb0
3187,100338944,26112,1,6809f21b,47ff6757ecb91a62fdcbc51372200e3f
3188,100365056,28032,1,ce7ef9af,f7adeaf767c4bf2cf52b6a8febfb56f5
3189,100393088,28416,1,0819d66b,786c004d5f4930316273743035332e70
3190,100421504,47168,1,3579ffdb,f49e14dcd1a7b0118c74c4b78496f7e1
3191,100468672,267840,1,5ee96ead,a4591dc1090ba0cda75e6968ac7ff986
3192,100736512,39808,1,6389471d,fcd8390b3e2b059f959af8efd7bc26bb
3193,100776320,236160,1,69680860,d203000040090000c0a001009f58f48f
3194,101012480,37312,1,540821d0,47718d79edbab9abe6f8368df17c623e
3195,101049792,280576,1,957d23aa,616e69006368653030305f34322e616e
3196,101330368,39808,1,a81d0a1a,09a4449a2f71476cb4fd13f15af0a027
3197,101370176,343040,1,ac1a92f1,ba030000b710000080120300a6773bc9
3198,101713216,45056,1,917abb41,a47f6bc75be29733274b3b9fdf8271fe
3199,101758272,372672,1,a104e2b6,69006368723030305f34362e616e6900
3200,102130944,28480,1,9c64cb06,d147f215a5d5b50356a8ea04c6b3cd14
3201,102159424,245248,1,d05adb98,6368743030305f34352e616e69006368
3202,102404672,35008,1,ed3af228,10c4e882ecec42cc4a7a7dd660d6c98f
3203,102439680,3392,1,d9b17be2,28fc68d947e22c9321dc656f0c85bb96
3204,102443072,32128,1,e4d15252,d3000000c4080000c0450000bc371bdd
3205,102475200,345984,1,f3018a4d,636c653030305f34312e616e6900636c
3206,102821184,30784,1,ce61a3fd,d428b2eaaedb08a4f8b2b23cccf4858b
3207,102851968,314368,1,af9176dd,5f31342e616e6900636c733030305f32
3208,103166336,15616,1,bc463629,bbadcd40dad011d00df8d7e9988fe323
3209,103181952,28160,1,81261f99,0eeeaf86a993be9641ffa6550b71f133
3210,103210112,236672,1,cd8dcb00,616e6900636f6c3030305f31322e616e
3211,103446784,29504,1,1e7b05c3,6b696e30302e70707400637570303030
3212,103476288,36096,1,231b2c73,ff60b476b14c5e6f1f39bae6ea7feb5c
3213,103512384,213248,1,0b172a08,aa020000b83900000028010041b91fbc
3214,103725632,37248,1,367703b8,cfc4197333ff99bac1879c69078ec1ed
3215,103762880,408576,1,17ea2c1d,656d6c3030305f30302e616e6900656d
3216,104171456,27520,1,2a8a05ad,17c1bbcd93a73774300ac67d5ee94022
3217,104198976,86976,1,5091ad9f,97bd61e3e78d948f3ddfc4c484c4dac6
3218,104285952,26240,1,26023680,df44b3f5a780735ce7b6ff8d90d247fb
3219,104312192,26944,1,80753d34,6f22f6660c00d3e6d99803b045ef792a
3220,104339136,29568,1,f97d29cd,323adb69a2f990f515c1c78d1f842fee
3221,104368704,24320,1,c41d007d,b384e3d7ff859c3f9e63ccfaf3a431bf
3222,104393024,63104,1,d6ace84e,6a020000ef09000040d60000a2a0358c
3223,104456128,28288,1,6ee238e4,df06e5e1887be23c84f9d3cd08b26fcf
3224,104484416,20608,1,53821154,af8cca87ae6f7863cd65df2f95e6e7db
3225,104505024,68544,1,9489ef33,829f35501ea1b7299b487e39b8b5a394
3226,104573568,21824,1,0d320dde,bc47f79c792d95f33f86f76fcabd3d57
3227,104595392,24192,1,93a022e7,8776f5c85b1aa48af62de83a369b6c1d
3228,104619584,19136,1,aec00b57,e9976fecf4f01ee1d9af038e53e15438
3229,104638720,44928,1,043f33ce,72020000b3080000806f00009d47c572
3230,104683648,18688,1,67ef06f4,786c004d5f3031656e6d3035332e7070
3231,104702336,18176,1,bb582eb0,8fafdd277661293393f266e7fe9bf791
3232,104720512,18688,1,86380700,786c004d5f493031656e6d3036302e70
3233,104739200,54592,1,f85ac0c8,f20200009604000040ba000026da0929
3234,104793792,21440,1,1d2f2504,bff650fba1f50be26d937353e79f2eb8
3235,104815232,18752,1,77f22e2e,9a4ae5d6849cf77efb34b3606c9bfa55
3236,104833984,43584,1,4a92079e,e55d92a6e3b7b5bc4edfd2a404f81f66
3237,104877568,139712,1,d185259a,12f8af7113e890b4cfb2cb28d1bffd9a
3238,105017280,36672,1,e06d3f07,fc1400b67830750963c1b581cc5c85b0
3239,105053952,38208,1,30981b5a,a9b25b57575630ade35957fbd913b21f
3240,105092160,23936,1,08a53736,5fea4c7d79278bd5bff7dc39ff91eecd
3241,105116096,23680,1,35c51e86,1eaf60fe5661c6b2abd0fcaa41f55fd9
3242,105139776,44160,1,394d2dab,fa96099ffb77d4d935f8bfc984cf80f7
3243,105183936,23680,1,27e30f19,3cc63eb321ebfeb9675c127ff75bb4da
3244,105207616,24768,1,c40f37a8,eed616ad77688c175fee647a1b691ba2
3245,105232384,22912,1,f96f1e18,455a42494e4400000500000040000000
3246,105255296,19008,1,f5e72d35,39315f30332e616e6900656e6d303931
3247,105274304,27200,1,6a4c3374,24a24e35d1105a9dee75d7f30c9b5328
3248,105301504,16576,1,572c1ac4,f3f08c46c63a0a96643106f6f2a307fe
3249,105318080,96576,1,cc3b38c0,ec5e820f08ca09aa09ea69ddc2a7ee7a
3250,105414656,18816,1,fdd3225d,455a42494e4400000400000040000000
3251,105433472,19072,1,099c064e,9dd91f4774081966e4f48ce8a52f304e
3252,105452544,18752,1,a6e633ea,67c64fc757862f88cfedbadf1a9ff1fa
3253,105471296,18496,1,9b861a5a,c0d2a18794dd97e57a77554d7944b25f
3254,105489792,47872,1,317922c3,69c388fbdd025a8d620f574dc1c1e8d8
3255,105537664,22976,1,970e2977,786c004d5f493031656e6d3131322e70
3256,105560640,18624,1,f4de1c4d,c3698c279f647e571d5b1076a9c93666
3257,105579264,21632,1,c3ee04d9,16abc74f5e034ca0faa8c6c9ff2c155c
3258,105600896,43712,1,fe8e2d69,06b29bd13638bfaafed4f850f55596ff
3259,105644608,398208,1,e7c2f471,0a050000da22000080100400da9f38cf
3260,106042816,40064,1,daa2ddc1,9dfaaf6a4a809e1f468d8f32fcf9a101
3261,106082880,341568,1,4ff4db64,aa050000ef0b00000003030053900f4a
3262,106424448,27712,1,7294f2d4,0a010000940a0000c05c000004eccf8f
3263,106452160,264064,1,7c806d94,5f31342e616e69006661723030305f31
3264,106716224,15040,1,41e04424,fd69e35bf1fdc3c71da47ccafced567b
3265,106731264,58112,1,daf76620,d1b723805d888e93ff8a9a3919785351
3266,106789376,20736,1,eb1f7cbd,6f58fcd888c07f4a3f7f1f7b9faee8a7
3267,106810112,14784,1,88cf4987,906fcafc13b7c7fabdfe5a3a6bf95b37
3268,106824896,13248,1,1f5058ae,e5f9edd85688171f50925b186da358b8
3269,106838144,21248,1,b927531a,786c004d5f666c793030362e70707400
3270,106859392,20544,1,3ea56ae9,5ff0ec252dbfaded55fa01ee6ffdaa1c
3271,106879936,27008,1,03c54359,27a5f81f81f0bf09a4ff75f30f0c9352
3272,106906944,75648,1,98d2615d,3db415a0ad096d23681b2f8b20b3d066
3273,106982592,27200,1,0f4d7074,bcdaffd0d73f60b8ffa8e6df4bff438e
3274,107009792,27136,1,6c9d454e,d3d85c7a7b29cde72b83736df820e761
3275,107036928,30784,1,f20f6a77,20e6de416b8b56dbbab7d58a4b7dea73
3276,107067712,14720,1,cf6f43c7,09f29d0886838ed7b99bdec5bcd5f9c2
3277,107082432,33472,1,06404e64,1f8b0808e3517f4c0003666c79303330
3278,107115904,11456,1,91df5f4d,a75d16f11dab75944dc4fc33734aa269
3279,107127360,15360,1,f8ca636e,5fd7c62ae57df10759bf3e1d2fcfcf05
3280,107142720,29120,1,c5aa4ade,7a520d505b2cb4a873e38f9133075926
3281,107171840,99072,1,9972ad56,455a42494e4400001b00000040000000
3282,107270912,27136,1,6f557247,b27f55db4bec7342db67b12b901b90f6
3283,107298048,30016,1,bd92e33f,bdd758c79dbe7be707fd94e81f92989a
3284,107328064,52032,1,80f2ca8f,cdc294c494d894b96988f260d4dca765
3285,107380096,476736,1,4e381526,653030305f31322e616e690066726530
3286,107856832,42048,1,73583c96,80352a8b4fe8ef345685b3afe9bba552
3287,107898880,133696,1,591a85ef,455a42494e4400001600000040000000
3288,108032576,44736,1,647aac5f,3a7dffbd751a71eb400e76fb1421afe4
3289,108077312,323456,1,329edbb5,02030000a90b000040ec010042b369c5
3290,108400768,30720,1,0ffef205,080100007715000000620000f70ff4dc
3291,108431488,367872,1,f3c48201,b20400005f29000040300100bf8d36f2
3292,108799360,39232,1,cea4abb1,b0f92eee9f3be3e5fb8f228b89e51ee4
3293,108838592,348928,1,bb615b1f,2694e5a465e7bd9adb95803e7205cb99
3294,109187520,34240,1,860172af,e2d3995e8160020040e27cbc54e7f2b2
3295,109221760,316160,1,c8386ee2,26bf3f87e95943cd7a2745b62069a977
3296,109537920,33472,1,f5584752,5facebb482c2b905087d619f65d61df9
3297,109571392,100736,1,f9d0747f,cf15c0a821b70cfb58a29f7d31418cba
3298,109672128,28928,1,04926e7c,a52056283e3cbe50fca3f1bc705e3eb5
3299,109701056,34944,1,39f247cc,a9d8f986c3997d05d917f9f0ed4f7038
3300,109736000,94848,1,357a74e1,ba010000cd260000006b0000372e29f5
3301,109830848,28096,1,8a1d699f,0f425a8f5b9b4ecc5481ce9811ec45b2
3302,109858944,38272,1,b77d402f,68756d3032315f736f7461692e6d646c
3303,109897216,166720,1,bbf57302,5617a4d0ee1bb99871d283514395292b
3304,110063936,32896,1,886bac0b,b9084c02000ccb7c5079669589306fff
3305,110096832,30080,1,46b76901,1775d89d5424bf177e86b18a54e3e64b
3306,110126912,31616,1,7bd740b1,af07fdecf8bc71a5531b67883349fb8a
3307,110158528,112768,1,ea056bac,616e690068756d3033315f35302e616e
3308,110271296,49472,1,d765421c,7dfdb9f19d239ac2fcc0ad82e260db41
3309,110320768,194560,1,7d9a7a85,66626d1efc3f7502212876cb0a9d15de
3310,110515328,48640,1,26af6b32,f6fc201b3a84312288583dce5e1a9fbc
3311,110563968,28160,1,1bcf4282,82d1a791d9407b2fc7d95f547a3ce853
3312,110592128,167616,1,ca99cf1c,920200004d17000000670000c6da850f
3313,110759744,28992,1,fb71d581,052eec7ec3cbc3fec4cbcb6be4afe8fb
3314,110788736,26880,1,174771af,692e74786c00435f62303068756d3035
3315,110815616,31296,1,a8206cd1,6fbabf632f1445bbae3326e0dfb98eff
3316,110846912,35648,1,95404561,b3732bd9a78d2f28e6375792df52ff94
3317,110882560,117888,1,f314f3d9,c472a4b7b6f5d720f0bde290fee83969
3318,111000448,29056,1,c2fce944,5bb19bfcb0fa0e9c24a96fce68a3573e
3319,111029504,27584,1,0e576765,389e398afdf9103f1b7d7cb8de5b502b
3320,111057088,35584,1,d53a9cc0,1f8b080828527f4c000368756d303631
3321,111092672,36992,1,e85ab570,3cafbe5471ea839c501f983a4429eb43
3322,111129664,324672,1,604e674a,342e616e69006972693030305f30352e
3323,111454336,37120,1,5d2e4efa,290100006f02000000610000b5f9f8c1
3324,111491456,409280,1,b21e6d12,220400007f0500008025030089c3233e
3325,111900736,38080,1,8f7e44a2,d3000000720900008049000068477d13
3326,111938816,493632,1,d46b5199,5f31392e616e69006a61793030305f32
3327,112432448,40512,1,e90b7829,ffb61d5850e57e43afba358ef4cff28f
3328,112472960,402624,1,7e61d003,a20700001d140000c0040400fc978e6d
3329,112875584,38144,1,4301f9b3,d3000000fd060000405b000067c51a3f
3330,112913728,360192,1,58e51853,616e69006a75643030305f33332e616e
3331,113273920,52928,1,658531e3,4fd980418c9830be4889a1f32adfcbf6
3332,113326848,337280,1,832464e0,30305f33352e616e69006b656c303030
3333,113664128,35712,1,be444d50,0a010000e2150000807100000ffffd7c
3334,113699840,277696,1,90f32414,616e69006b6e673030305f32362e616e
3335,113977536,47872,1,ad930da4,006b6e6f3030305f736f7461692e6e6f
3336,114025408,354880,1,36842fa0,616e69006b6e6f3030315f32312e616e
3337,114380288,50560,1,0be40610,fd1f72bcfaa4aa9e7ebc5f2f49f9a8a1
3338,114430848,355968,1,b3a1e0ad,6f3030315f30382e616e69006b6e6f30
3339,114786816,41344,1,8ec1c91d,2fd06834d98b2a8b0b01f9654816be7b
3340,114828160,284928,1,2ad642ab,5f34342e616e69006b6f683030305f34
3341,115113088,49408,1,17b66b1b,983b11d77fb7cbc37c264c78ccbc5f99
3342,115162496,273536,1,fc094e5f,30305f34382e616e69006b7261303030
3343,115436032,31424,1,c16967ef,482ac84803e8973e84ffb6f5efa91749
3344,115467456,274432,1,b61473f1,30305f32332e616e69006b796c303030
3345,115741888,14592,1,10637845,c1f559ebfecd5c0b020fd7d74256fdeb
3346,115756480,51264,1,2d0351f5,f598fa2a353f5a5febfed292a8cf72c5
3347,115807744,237312,1,218b62d8,f85f6d0c66796c6868a2e56cccbf7d4c
3348,116045056,54784,1,1ceb4b68,17e17780c5dcfbb54c19dcfbf281d2e4
3349,116099840,356608,1,87fc696c,63742e61726300637574696e2e707074
3350,116456448,8512,1,ba9c40dc,353cb5be99f5fc04421eedc2abe91a78
3351,116464960,52160,1,bc07745a,f380a0bfc7f8aed6db9d97ae8a47ffd0
3352,116517120,56064,1,81675dea,6c6c6f3030305f736f7461692e6d646c
3353,116573184,264000,1,63490e45,616e69004c6c6f3030305f33312e616e
3354,116837184,34304,1,5e2927f5,73cdb637f7776a3e795d137204a279c7
3355,116871488,278528,1,e975bddc,2a04000066090000001e02005860969f
3356,117150016,30720,1,d415946c,1f8b0808cf4d7f4c00036c6e69303030
3357,117180736,298944,1,ca277965,6a040000380b0000c0af01008e3ea6b0
3358,117479680,36352,1,f74750d5,2e707074006c6f6e3030305f6d6f7574
3359,117516032,325952,1,60572e6e,6300637574696e2e7070740000000000
3360,117841984,37440,1,5d3707de,d3000000030a0000404e0000a04b4705
3361,117879424,300288,1,c62025da,ea050000d00a000000080300b6a0ecda
3362,118179712,37120,1,fb400c6a,6c40ff80d3fe8ff353ae915f83f4847f
3363,118216832,261504,1,ec367532,220400000b0b0000805d000089397a24
3364,118478336,51200,1,d1565c82,f6fef7db7bd527df6f61dae84354fd4f
3365,118529536,290624,1,5200444a,4bcad53c83545930875c0dc6e212e7c5
3366,118820160,34496,1,6f606dfa,cd2a7dfe7c1a9f91999e2192c005395f
3367,118854656,241728,1,a080fbeb,382e616e69006d696d3030305f30392e
3368,119096384,33984,1,9de0d25b,f2fe4adf5ea3eff5f494c58cfa00c2bf
3369,119130368,349376,1,23c22c0f,92030000c9050000c0070200c16ecc13
3370,119479744,30720,1,1ea205bf,bbec197d3cfd99cbbff9fe49c63fe8af
3371,119510464,300096,1,dfd707c5,1f8b0808354e7f4c00036d7264303030
3372,119810560,16640,1,e2b72e75,1d5ab27cfd7c75333eb4783cebdff4e4
3373,119827200,114560,1,046cade7,1f8b0808ac507f4c00036d726d303030
3374,119941760,42624,1,390c8457,f199d9210c6f0e4ef49d3681a5cdfef6
3375,119984384,442624,1,746accfc,62040000e52f00000061020029bdb1bd
3376,120427008,36672,1,490ae54c,252709a3e3c1eb000091f275f5c6e16b
3377,120463680,300928,1,44e6dddd,ea030000810d000080a80200f61785d2
3378,120764608,32768,1,7986f46d,64006e61743030305f736f7461692e74
3379,120797376,428992,1,3649d64e,aa03000011330000404f0200da8e26a3
3380,121226368,21440,1,903eddfa,ff88f3ef88d6fcaa27cc2fd5fead520e
3381,121247808,24512,1,cd2b5cf9,93000000731a0000403900002b93b378
3382,121272320,37440,1,f04b7549,455a42494e4400000900000040000000
3383,121309760,324544,1,eeec5c47,7a0400003605000080d00200c12940a3
3384,121634304,25216,1,489b57f3,3c036c66e0ef88d40193a3aea2a6a1aa
3385,121659520,24960,1,79734d6e,6e70633030315f736f7461692e6d646c
3386,121684480,34752,1,df0446da,89fd34dffafd1dce05643299629ee8f7
3387,121719232,25280,1,1aa37854,75dfc67d0f75010a8542f51ce9dff61c
3388,121744512,35264,1,bcd473e0,c200523ef817cfbdc9640ce19f9d51f5
3389,121779776,25664,1,8d3c697d,dd41bc1c09337ed42c497476d66873c7
3390,121805440,27712,1,2b4b62c9,8c97eb176215999a96924aa19b2068f3
3391,121833152,26688,1,dd031220,2c3288029b9ee2c2c8bac0b282adcf13
3392,121859840,26304,1,7b741994,57375f3d9e2abe73f0e2dab38beebc1c
3393,121886144,26112,1,46143024,95837d2f5767d1c1f177690eb3104712
3394,121912256,104064,1,22465cd9,bbaba26b41561151b15304261411b0eb
3395,122016320,23040,1,8431576d,638feae309b2d300e1931c5ca9cbd2cf
3396,122039360,36672,1,b5d94df0,6969ff13f30c1ca4fd0fd5be6f3e4867
3397,122076032,24832,1,d60978ca,cdfe66ce78957fe3b233b2c8feb1ec30
3398,122100864,36992,1,707e737e,6b16787facb2ad92f48fff17db5bba91
3399,122137856,20672,1,419669e3,edfb2065e52ed512b798c4d999eeaede
3400,122158528,14528,1,e7e16257,161f62a2a6fbd57fef8f4c5f7378604f
3401,122173056,27584,1,59dd501e,7e7d510d1bef6b62357c198ef3f1b802
3402,122200640,319872,1,162c5271,1a060000c60d000040e30200e0364274
3403,122520512,162944,1,ffaa5baa,5f61635f6d5f626f64792e6e6f640061
3404,122683456,322496,1,da8652ef,5a0400008e2700004058000007e2d186
3405,123005952,186432,1,e791b7f7,61665f61635f775f6c65672e6e6f6400
3406,123192384,259968,1,cf44444a,1f8b08084b45a44c0003706273303030
3407,123452352,159552,1,41e6bc43,706e5f726f643134612e6e6f64006166
3408,123611904,263168,1,03ee44d4,372e616e69007062733030315f30382e
3409,123875072,169472,1,cea33718,9ce97322cbf4ab85cff73fd71f33f0f5
3410,124044544,269952,1,ffd88923,616e69007064663030305f32392e616e
3411,124314496,190208,1,68d43cac,665f6d5f61726d2e6d646c0061665f64
3412,124504704,268992,1,337289bd,f2050000a907000040650200d9fed725
3413,124773696,193344,1,57415119,7070740077706e5f73776f7264333161
3414,124967040,260672,1,88465bd3,92030000d424000080f20000ced83e3b
3415,125227712,165952,1,f1365aad,6530315f30302e7070740070636d3030
3416,125393664,256256,1,44ec5b4d,c2050000a10c00004046030015ac9819
3417,125649920,184000,1,449611ed,626f64792e74786c0061665f67665f77
3418,125833920,304640,1,3285ba96,0a0600000d110000001303007c54309e
3419,126138560,181760,1,e2e11a59,8c0300003cce0000006300009be13eba
3420,126320320,312064,1,fe2fba08,742e61726300637574696e2e70707400
3421,126632384,177280,1,eefb1ca6,970400003400000040ce0100c8e042e8
3422,126809664,38080,1,d39b3516,fd15be23d99f558a8f96df9f159a3fd2
3423,126847744,297792,1,12e7a200,30305f31372e616e690070686c303030
3424,127145536,29888,1,06935eef,0fb9ec45f16524a5a6f2d11f4b1ccf4b
3425,127175424,326528,1,dcc9def5,52070000fc0a0000c0b00200ac25b2b9
3426,127501952,146752,1,a0e4555b,7d4f645941b508f87e77fd11035fbf68
3427,127648704,330240,1,1063de6b,fa0700002e050000008103009f74e5db
3428,127978944,146240,1,b299a8e0,0a1fe78e2b1327878943797df9e2e8fd
3429,128125184,294336,1,4cc2c992,42040000030e0000005f01005c24738c
3430,128419520,167360,1,14eea354,c08bab5f54f65e7c0b1d367b48c243e2
3431,128586880,295424,1,8068c90c,5f31332e616e6900706b673030315f31
3432,128882304,165888,1,abdce494,f5eb7508fc38fd15fcfda76e886dcb58
3433,129048192,29376,1,96bccd24,26c85d34b17af918001e752eb3535c34
3434,129077568,111104,1,0dabef20,ea020000031e000000e400001ee1143d
3435,129188672,21440,1,9a34fe09,d667cee65c69cf5579e1b5bf1fd7c5e3
3436,129210112,28032,1,6776e40a,1f1c5facdf03eaf7ce1ad50cc02e9a3d
3437,129238144,20608,1,5a16cdba,1d7774feb2ca51a5ef8ddd9f09c0f79f
3438,129258752,61888,1,d332b490,df516b5cb93aa97188da5fced5cced4f
3439,129320640,22080,1,569efe97,a1cc3f3cf86c34425fd6f7a3666d44db
3440,129342720,20480,1,e9f9e3e9,13875e9aab526f144ef9d1c2bf4a5d69
3441,129363200,35072,1,d499ca59,c8ba87173e124a96da172a807d63c76b
3442,129398272,103616,1,eabf8855,c7f8fabf58f27d6d335e5fe7ad0c4c8e
3443,129501888,32192,1,4f8ee85d,ba5c5da9227e28f85cb5462029ed28a9
3444,129534080,33536,1,2553e377,786c004d5f706c613032312e70707400
3445,129567616,13824,1,1833cac7,18f06d71db6316c7f84dd276ea62bbd7
3446,129581440,69632,1,fdc49c16,f20200001e09000000d00000584822ae
3447,129651072,15040,1,b2ccf25e,b39691bed6c7e9fe6fe8bfb3af919111
3448,129666112,13376,1,776bccd0,f97953dcf5849dbeb75e3f14e866d7bf
3449,129679488,14464,1,4683d64d,786c004d5f706c613033352e70707400
3450,129693952,15936,1,5a2c62a3,4b8858de174c9eb1c41263a2b1e59948
3451,129709888,268160,1,a3ff6c72,720b85f35b86a2ba038e710a84b12d2b
3452,129978048,158592,1,fc5b6917,7d4f645941b508f87e77fd11035fbf68
3453,130136640,273280,1,6f556cec,30315f33312e616e6900706d67303031
3454,130409920,165312,1,4010822d,c777cefdceb927a1b3a7e5c11fc1f370
3455,130575232,251776,1,a9e5feb5,d206000021050000800c0300f6680ea1
3456,130827008,148864,1,e6678999,6d6b5f6d5f686561642e6d646c006166
3457,130975872,255424,1,654ffe2b,32040000300f000080b500003f91649e
3458,131231296,142528,1,74694331,9ce97322cbf4ab85cff73fd71f33f0f5
3459,131373824,260928,1,bdd0db3b,22060000cd100000000d0300f60e23f4
3460,131634752,185728,1,d21e4885,9d73bf73eef943e74e2f805f83f7e5bc
3461,131820480,265216,1,717adba5,5f33302e616e6900706d733030315f33
3462,132085696,196032,1,36308f12,9ce97322cbf4ab85cff73fd71f33f0f5
3463,132281728,289600,1,1ff5f385,706e6a3030305f34352e616e6900706e
3464,132571328,161088,1,904784a6,3c03000074c30000005900005ead3dc7
3465,132732416,296576,1,d35ff31b,63652e707074006566666563742e6172
3466,133028992,165376,1,fa526843,006e696e746f752e7070740070315f70
3467,133194368,27520,1,fec9a1c3,0a51be297dffd07e76b9b1cf40e3476d
3468,133221888,214016,1,eee9e8e9,a6cf210955af537d9f990e2fdabcaecf
3469,133435904,147136,1,58beaa77,790400009008000080100200f41aa9ba
3470,133583040,219904,1,2243e877,fa020000510b0000800101003a96065f
3471,133802944,161920,1,f3d7d184,706e5f726f643133612e6e6f64006166
3472,133964864,273984,1,065c22aa,616e69007070743030305f30352e616e
3473,134238848,184448,1,55a0da30,66050000d000000080c9020038cad0c0
3474,134423296,277248,1,caf62234,120600006b0b000080150300c69f950a
3475,134700544,182080,1,5eb7ab23,4d1f69e80368296d547cac808cf840c4
3476,134882624,43520,1,63d78293,f28282d8fd75269ee10fba887456fff5
3477,134926144,278336,1,81020c86,f3a36bbe69f26de647d77c7390cc6bfd
3478,135204480,263808,1,e820965b,773030305f36312e616e690070737730
3479,135468288,171200,1,27750732,776f72642e7070740070315f70636d30
3480,135639488,261376,1,248a96c5,4a050000d613000040830100d8072994
3481,135900864,192000,1,6055f3d3,0a1fe78e2b1327878943797df9e2e8fd
3482,136092864,254336,1,f3c064df,322e616e69007074663030305f31342e
3483,136347200,156160,1,c622f867,1fe7d62b13278f8943797df9e2e8837e
3484,136503360,262528,1,3f6a6441,ca0300007f1b0000007300005b97db77
3485,136765888,169920,1,1b6b8eab,4b040000b01000000001020081c04a82
3486,136935808,272448,1,ad65a3ac,c2040000d117000080980100f36a288d
3487,137208256,164352,1,61cfa332,830400003400000000a7010011bb7a06
3488,137372608,185728,1,e1378288,6e5f6178653132612e6d646c0077706e
3489,137558336,9728,1,798dbcbc,6451a8b470b4cc25733797b072491f4d
3490,137568064,29696,1,44ed950c,a37aff9df80897e1af49f9347d387fb9
3491,137597760,303872,1,4901ad9d,362e616e690072616c3030305f31372e
3492,137901632,53376,1,7461842d,de51cc17018f19128ef6ffbd9def8bf1
3493,137955008,478400,1,de765ff7,322e616e69007261763030305f39392e
3494,138433408,41280,1,e3167647,2a3a2274e6e97973fb9c291d0fff4ebf
3495,138474688,184448,1,36b94325,2c23e55a0136b39318ebe35725a991db
3496,138659136,50432,1,0bd96a95,7ad7a89fef0db1d7e8d3798c236e187d
3497,138709568,462272,1,32450674,4e0500005f040000805605004c1ed706
3498,139171840,34240,1,0f252fc4,455a42494e4400000900000040000000
3499,139206080,316992,1,d0991d0d,3f6acda79c9191a12d7e1283d1d314e5
3500,139523072,32320,1,edf934bd,8e0f7fba3df13ffdbff53ac587ec15f3
3501,139555392,274048,1,f7379ce5,a4050000d10c0000c0970200efc5021c
3502,139829440,39168,1,ca57b555,64007269743030305f736f7461692e74
3503,139868608,459840,1,daf0cc37,8b06000047090000c0880100b6c4f36b
3504,140328448,15808,1,796b3b46,c92349fa4dade2d75776f9f0ef3284d1
3505,140344256,33536,1,440b12f6,c7cd0693fe89bfc740bb550db72b50fe
3506,140377792,245440,1,96a95078,63301abe6844a2214223018dd568a4a0
3507,140623232,35392,1,abc979c8,25525f25357fb7d1f5d9a0f5aaf8e1f5
3508,140658624,261888,1,53dbcae9,113e33ff630d37903ee33c5ca604cc74
3509,140920512,40896,1,6ebbe359,ce7abf59af556d3a6bb17b78de7079fc
3510,140961408,292480,1,e228f0d3,69b8f5867fb54290457362e607872d88
3511,141253888,40512,1,df48d963,ee2278b3227a0ce6ba5fc0ac7f29c620
3512,141294400,199168,1,5604536c,690073616c3030305f33362e616e6900
3513,141493568,28480,1,6b647adc,4d1a8ffd93d19752517d1711f4c17a9e
3514,141522048,368640,1,7f4c0512,e20800001f1e0000400d0400f28b84d8
3515,141890688,39360,1,422c2ca2,3165acff7afd46d6bfabe3797ea3e232
3516,141930048,340224,1,9965ce56,8bf9de9c45a3bec67c6fce1cb37edff5
3517,142270272,40256,1,a405e7e6,7c4a41b4fd5c6544a36ded73610e0877
3518,142310528,371456,1,8930ffe2,73686c3030305f33372e616e69007368
3519,142681984,39488,1,b450d652,a000c91e6ef9bfc8da9aef7a6ce4eab5
3520,142721472,364864,1,a77c4b1c,da050000f8080000004a0200b516e0bc
3521,143086336,41536,1,9a1c62ac,01f03dafbe487166fa01bf5537a655c1
3522,143127872,357888,1,78ae6068,736f663030305f34302e616e6900736f
3523,143485760,40704,1,45ce49d8,b1b1301780c3e01415b3ad22803f7f53
3524,143526464,250432,1,295c27e1,8a0500001f0b000000460200588ad3cf
3525,143776896,23616,1,143c0e51,06977ac1ef8f203b589c94ff49f5a7b6
3526,143800512,70592,1,bec336c8,6a020000ca05000040790000099f66bf
3527,143871104,25088,1,e5f6277f,21ecc83778fb8b39176ab5cc412da815
3528,143896192,19008,1,d8960ecf,db6684d138ba2e71f149f735894fbaaf
3529,143915200,129664,1,43812ccb,0a03000092120000808100001937f492
3530,144044864,19648,1,7ee1057b,7f2f41fb9ee2f3bf40c9df808e97e62f
3531,144064512,130880,1,c87713ea,455a42494e4400002600000040000000
3532,144195392,31168,1,f5173a5a,c54d78beb6efc6b500acb9f2af6aa89b
3533,144226560,341376,1,d6b7b635,12050000700f0000c0c3010016b2db54
3534,144567936,25216,1,ebd79f85,b0fe0e78b33e947ca97f1eae0f95fd6e
3535,144593152,293696,1,d397e16e,82040000370c0000806001007b44d997
3536,144886848,36544,1,eef7c8de,efe45e57be76f7328bf551fd497d230c
3537,144923392,299776,1,b6fcfdce,bd050000800a01008040030079f10009
3538,145223168,44160,1,8b9cd47e,4e41339b825d6331e517e89e3f04a643
3539,145267328,375296,1,7e7e57fe,a20600006f0a000000f20200b64b7922
3540,145642624,37248,1,431e7e4e,c05e195692d3b791f64f7e16030c36fe
3541,145679872,358016,1,38a89d71,76616e3030305f36332e616e69007661
3542,146037888,49408,1,05c8b4c1,a77d45eeecd235fb0e7df8d5ed8a7fb7
3543,146087296,302592,1,483a6a1d,69007669673030305f34332e616e6900
3544,146389888,37248,1,755a43ad,c690cf6d19713be539d747483f3d7ca8
3545,146427136,244032,1,5bed2ae9,76c39861da4b5026448bf6263bb5f610
3546,146671168,37312,1,668d0359,1ed7b754767aca773d333ebcff8d0af5
3547,146708480,363264,1,a08fa05e,455a42494e4400002d00000040000000
3548,147071744,37312,1,9def89ee,bfa96939259938e7cc6bb35e1f211ee2
3549,147109056,322368,1,f37d9205,643030305f30392e616e6900776f6430
3550,147431424,36672,1,ce1dbbb5,455a42494e4400000900000040000000
3551,147468096,265024,1,2f571ea0,ca72855478d51f7ef4ae1613b1f8e48d
3552,147733120,42688,1,12373710,63696bbfbf465fff71336614ce2e4c2f
3553,147775808,498816,1,89201514,ee060000e40b000040b102008a661436
3554,148274624,45376,1,cf58b9c0,bb385777f2b77e5fcc698fdea6e2d7d6
3555,148320000,55488,1,f2389070,7cff99a4cfe507d7d5c5f79fc7cf64fd
3556,148375488,284676,1,87f3616f,b60bece7e35131c38505e2318311ffa0
3557,148660164,290420,1,fd33320f,e9773c36af13273f53f62c36afbff9bc
3558,148950584,440800,1,c0531bbf,79857e2ce6473f687ed3fd4f138b7fbd
3559,149391384,586364,1,7273c7af,d0040000fb8fa4037602000064160000
3560,149977748,548808,1,4f13ee1f,5f736176655f6566666563742e62696e
3561,150526556,475616,1,08b394cf,33362e62696e007061725f33372e6269
3562,151002172,549336,1,35d3bd7f,6a5f303662726964676530312e62696e
3563,151551508,500452,1,b7832aae,37b1b2596f9bd084cdde411bb8dc4a27
3564,152051960,394208,1,8ae3031e,3ccf0300929244f58f02000038450000
3565,152446168,540932,1,4cafb2ca,7061725f32342e62696e0000455a4249
3566,152987100,405624,1,71cf9b7a,6a9867181bee318c7a1be7d8f5854bec
3567,153392724,452200,1,366fe1aa,bbf55780b819af35e8aab78609ed8f3b
3568,153844924,458088,1,0b0fc81a,7461692e74786c00636f6d6d6f6e5f62
3569,154303012,249856,1,b92f140a,adcd2d38fd000000e9000000f0070000
3570,154552868,251336,1,5f0f3be5,adcd2d38fd000000e9000000f0070000
3571,154804204,109784,1,18af4135,381dc5c11271e04422ce2d114f248875
3572,154913988,142320,1,25cf6885,47add2c0b562b5548262ba83ea8b35c8
3573,155056308,101004,1,97efb495,aa060000bca00000f9edb8ffda010000
3574,155157312,105392,1,aa8f9d25,57e575134af75afd759a7c6780adf6bd
3575,155262704,42672,1,ed2fe7f5,7a746e8aaddfdde1486bfcc8f19ec1d1
3576,155305376,83080,1,d04fce45,4e2e8b97b26a87cd786efb14c5e6588f
3577,155388456,124644,1,521f5994,745f73335f30375f30372e7070740000
3578,155513100,41596,1,6f7f7024,305f30395f30342e707074006430305f
3579,155554696,65536,1,a933c1f0,42040e0ab0c977417b117efe827c1c3d
3580,155620232,65236,1,9453e840,42040e0ab0c977417b117efe827c1c3d
3581,155685468,62764,1,d3f39290,bc79f3e6cf1f336e225bdec2850b1fc0
3582,155748232,75084,1,ee93bb20,9cebd3d4b48665d7c8f5615e0ebe95e3
3583,155823316,42660,1,5cb36730,fd66096360576c70d84be1f59443916d
3584,155865976,88028,1,61d34e80,c41789bff7c4a1d02dbb59c677a96cba
3585,155954004,81472,1,26733450,fe41fa9e1a915213ea7487274fcad143
3586,156035476,47300,1,1b131de0,2e74786c00745f6430305f30385f3035
3587,156082776,61000,1,99438a31,9d3f66ccbc79f3e6cf1f336e225bdec2
3588,156143776,62448,1,a423a381,690100006c6e0000006400002b480dae
3589,156206224,65536,1,2fa7b35e,6db7475b5d4e46f15d8aa2b82e25eb3c
3590,156271760,64524,1,12c79aee,6db7475b5d4e46f15d8aa2b82e25eb3c
3591,156336284,61320,1,5567e03e,fd3367b1690100006d6e000000640000
3592,156397604,61440,1,6807c98e,9603000004090000ccb80e000c010000
3593,156459044,62972,1,da27159e,9603000004090000ccb80e000c010000
3594,156522016,53708,1,e7473c2e,d438da61907ec8276249c266b3c92ab7
3595,156575724,60552,1,a0e746fe,bf1f86703804f8560126d33ccccf1bc1
3596,156636276,63488,1,9d876f4e,accdb53f2b5b1cd79675642c2f1fee70
3597,156699764,63488,1,1fd7f89f,accdb53f2b5b1cd79675642c2f1fee70
3598,156763252,64376,1,22b7d12f,accdb53f2b5b1cd79675642c2f1fee70
3599,156827628,59648,1,e4fb60fb,bf1f86703804f8560126d33ccccf1bc1
3600,156887276,59392,1,d99b494b,29a0489b6430305f30395f30362e7070
3601,156946668,59392,1,9e3b339b,29a0489b6430305f30395f30362e7070
3602,157006060,59844,1,a35b1a2b,29a0489b6430305f30395f30362e7070
3603,157065904,249488,1,93a53b7b,1edf744f7fbdbff97efd7d5fcfe0dcb9
3604,157315392,188404,1,2185e76b,6430315f30322e707074006430315f30
3605,157503796,238772,1,1ce5cedb,7b170000fc51030042d5bca025020000
3606,157742568,311692,1,9eb5590a,b54e565a402eb7e31f296d78bc3da4fd
3607,158054260,106212,1,a3d570ba,507b33d083e526ea374ce9221c9c2f4c
3608,158160472,230040,1,6599c16e,cc325747fafc61c9db3a8c24404ab4c2
3609,158390512,257372,1,58f9e8de,da01000094080000bc940300223ca560
3610,158647884,106308,1,1f59920e,409c15251a32e1257c08d0ac7bb87107
3611,158754192,128608,1,2239bbbe,59946ff00e623f1c0963530470239724
3612,158882800,273396,1,901967ae,6ed6280920f40df72a6152159461744d
3613,159156196,288260,1,ad794e1e,4d607e341a65ba3306d890c2a0f50935
3614,159444456,103944,1,ead934ce,b54e565a402eb7e31f296d78bc3da4fd
3615,159548400,176900,1,d7b91d7e,424db8db96a1e32689dc2e20f3d208f2
3616,159725300,372184,1,55e98aaf,da86860693d168aa35d61befff94304b
3617,160097484,91800,1,6889a31f,a199e9e918171195b978fece7dfbe399
3618,160189284,230564,1,e30db3c0,b455a499a593c81698666d66353cc2fb
3619,160419848,89516,1,a4adc910,0d00000004000000e0000000550b0000
3620,160509364,128404,1,168d1500,3c823d7641de19e76d823ca30cc1ddab
3621,160637768,189248,1,2bed3cb0,4a45f36e49e48b86e44bc94a0b03da57
3622,160827016,417624,1,1d2a3c98,b2abeaea5a5ab4f536bdbea5a6c668c4
3623,161244640,202560,1,5a8a4648,f8280e491168c65202b8e15c10b455d3
3624,161447200,441540,1,67ea6ff8,55f2727ea12829290bb8b63c53182a0a
3625,161888740,200584,1,d5cab3e8,0003cd7a7b5c9367bee70814b90da84c
3626,162089324,149620,1,e8aa9a58,6d736f006430326130342e6e6f640064
3627,162238944,205608,1,af0ae088,2106c25591720b940201891762ab1040
3628,162444552,486552,1,926ac938,92f1090edbb9032949786047087f4ddc
3629,162931104,149732,1,103a5ee9,6130332e70707400745f6430325f6b75
3630,163080836,226700,1,2d5a7759,3afa9bfc91e42fa2bf7ec2e1f08449c2
3631,163307536,382644,1,eb16c68d,f00000009c320000bc0100004da307c6
3632,163690180,639708,1,d676ef3d,b59af67641c3be7d0d7569393939d019
3633,164329888,150200,1,91d695ed,6130332e70707400745f6430325f6b75
3634,164480088,202296,1,acb6bc5d,c70e7945f6810364a507784979195507
3635,164682384,216612,1,1e96604d,241e2a6602fb718499c20cb4e1708442
3636,164898996,331368,1,23f649fd,5435000010190200a9c594c05d020000
3637,165230364,213760,1,6456332d,d4132bd9ddd33b79ffbe76f6fefdfb0f
3638,165444124,226968,1,59361a9d,31e56e8090e152202106c25591720b94
3639,165671092,330628,1,d1803c06,5435000010190200a9c594c05d020000
3640,166001720,128592,1,962046d6,bff7d941037d8bb4ca4549d366e5bc24
3641,166130312,293316,1,ab406f66,0062c09a46b850f53ccb945d37954ab9
3642,166423628,252932,1,1960b376,dce39ceb15aaf333981f5335cb9245d3
3643,166676560,236736,1,24009ac6,4c010000da090000a4b4000062fa1560
3644,166913296,81432,1,63a0e016,3cd523ae73ac3cc6eeeb5c5f2dccd3cd
3645,166994728,82652,1,5ec0c9a6,a6d5462005759a8d3a3d9dc9a0e40b5e
3646,167077380,107732,1,dc905e77,a88c80adf8703c3e31afbe001a8e7bde
3647,167185112,375184,1,e1f077c7,fa811f04b198393cbcbd6778786cccc7
3648,167560296,249648,1,27bcc613,18e43a561b55bc57bff7d941037d8bb4
3649,167809944,251680,1,1adcefa3,cd4014826693e3daa8d20e388ee32587
3650,168061624,104288,1,5d7c9573,f6066efaab4dd66f7475b5515f6dbe43
3651,168165912,84204,1,601cbcc3,0b55cbb20062c09a46b850f53ccb945d
3652,168250116,428824,1,d23c60d3,06f9b234321c4fca72cc8f0ad0123ac1
3653,168678940,107284,1,ef5c4963,f7633be26a6fd9f3e2f1f8938fbe77f7
3654,168786224,337036,1,a8fc33b3,080200001d060000b01805007debf563
3655,169123260,120464,1,959c1a03,f0f059475d5ed6b469140c0d0d0ff74e
3656,169243724,376576,1,17cc8dd2,7f343bfac00345b1785afdfce7bf7f62
3657,169620300,309164,1,2aaca462,805a754c8e2733f206f9b234321c4fca
3658,169929464,82112,1,a128b4bd,b198393cbcbd6778786cccc7ed802363
3659,170011576,111908,1,9c489d0d,6ab8757c1cd870ec42c123d669ca1e33
3660,170123484,215236,1,dbe8e7dd,7debf5636430335f30312e7070740064
3661,170338720,275376,1,e688ce6d,32322e6d6e6d006430336132322e6d73
3662,170614096,82032,1,54a8127d,7dd36343b0a1ceb9d77de09ee5823e0d
3663,170696128,215312,1,69c83bcd,5734c2ba56263859f76555ddbe3da1e9
3664,170911440,83444,1,2e68411d,c49eff52cce7b2cafc952b84d5ef79e0
3665,170994884,168076,1,130868ad,c322d2cfe9e9e8e72656519baaecc682
3666,171162960,92360,1,9158ff7c,5734c2ba56263859f76555ddbe3da1e9
3667,171255320,97352,1,ac38d6cc,98e3c873e7ced56a8e532e8f4c539fce
3668,171352672,98264,1,6a746718,ae75ed9a6739a8130492c473f57afded
3669,171450936,103732,1,57144ea8,a2adbbd8d77b64d971aa9aa6398ec428
3670,171554668,276208,1,db45351f,18a75850478bb1c2e77b5e10199d396d
3671,171830876,169180,1,9ce54fcf,e236290c87fa18e63e2c26e915f7b02e
3672,172000056,440476,1,a185667f,eacee28d7e2de5b23fbc4c2e65a3ddb8
3673,172440532,100452,1,13a5ba6f,5d7cc696093d452e248378a75f18866b
3674,172540984,400724,1,2ec593df,6b61384a0fd44e2f674c2a2b6dcfdfa0
3675,172941708,148100,1,6965e90f,312e707074006430346130352e6d616f
3676,173089808,203168,1,5405c0bf,07f2ca4c1586d65435c47d0222656367
3677,173292976,342776,1,d655576e,a277ad2410d5e2cc5c6573d6e2266e65
3678,173635752,236548,1,eb357ede,007f01009efced7d8f01000023380000
3679,173872300,216032,1,2d79cf0a,9c29e974d9707420abb22a65b7639d53
3680,174088332,439712,1,1019e6ba,9cac217acd010000742f0000cc300100
3681,174528044,427184,1,57b99c6a,e4575d745f7eb5a12c56806656d66297
3682,174955228,245916,1,6ad9b5da,b0e04a458b4f53c332199673a1a360bc
3683,175201144,204404,1,d8f969ca,1ab551a741e37b9267b3cb9c14f9ea2e
3684,175405548,117004,1,e599407a,d99d99f3faffeffffec7b9fbeea2f100
3685,175522552,282136,1,a2393aaa,b02c8ce59190415ea7b51dcbb957290f
3686,175804688,291700,1,9f59131a,510200002338000094f7020064b02c82
3687,176096388,217128,1,1d0984cb,ec60c224344a0ac124971c77baca160e
3688,176313516,170788,1,2069ad7b,ee985216d5fce243c91c123d03abecba
3689,176484304,233760,1,abedbda4,3088cd1b1c7b3954db11b85ba8a05b66
3690,176718064,107776,1,968d9414,6430345f30302e707074006430345f30
3691,176825840,234844,1,d12deec4,1f4bbeed74b95cf61d8ad8e440a0304e
3692,177060684,294428,1,ec4dc774,7de8e3facde0a6eb2ac6b8e08c33bc5c
3693,177355112,291660,1,17ef3581,e8440400f19841b49302000034020000
3694,177646772,100036,1,504f4f51,cb5a4648a4a01455b97ddb6edc5f5a86
3695,177746808,104240,1,6d2f66e1,36a77ddbf6e3ed5c1c4a584aa5104d0f
3696,177851048,192224,1,df0fbaf1,f4c3efcbbfcbcf97533ffcfa5cbdf51d
3697,178043272,309092,1,e26f9341,5b8fa41e253d72dca4ca546bcaaabb4b
3698,178352364,196560,1,a5cfe991,2e707074006430355f31302e70707400
3699,178548924,104908,1,98afc021,92ccb4c6590100002b18000044730100
3700,178653832,176124,1,1aff57f0,55d32d95d57363f2511c2b3b6d8f4a56
3701,178829956,284752,1,279f7e40,627c17c70d4bc6e53b953721a5eb0c88
3702,179114708,350352,1,e1d3cf94,75faa6945b6b147780bb5dbe8b746450
3703,179465060,331096,1,dcb3e624,becf25d350a2921cbedf6e2fb5ed5efc
3704,179796156,104840,1,9b139cf4,b2ea47ca590100002b18000044730100
3705,179900996,119228,1,a673b544,b193b6ccfe699ff4b6738dd2fa146f78
3706,180020224,179692,1,14536954,3d1dd5b35836824620dc194c4a4fdffc
3707,180199916,379528,1,293340e4,3f6792bf1ffddcfff4c3efcbbfcbcf97
3708,180579444,191000,1,6e933a34,f6e3ed5c1c4a584aa5104d0f1af6e041
3709,180770444,322180,1,53f31384,7328f864d1368f5b79737c7230f609be
3710,181092624,421628,1,d1a38455,6c006430356131372e6d6e6d00643035
3711,181514252,329348,1,ecc3ade5,04000000e00000003638000074010000
3712,181843600,202636,1,6747bd3a,e6b97d48817852d1b2a120b060dc9531
3713,182046236,322208,1,5a27948a,e3f1389f10ba9d2ae420d85fe30c23e1
3714,182368444,105800,1,1d87ee5a,87056ace590100002b18000044730100
3715,182474244,578644,1,20e7c7ea,f60989e4aaff76fd9d77f2a6e90fab9e
3716,183052888,235940,1,92c71bfa,70707400745f6430355f32392e707074
3717,183288828,436664,1,afa7324a,6430355f32342e70707400745f643035
3718,183725492,393992,1,e807489a,ab0dc39539379184523a9934ac4473b1
3719,184119484,105648,1,d567612a,3c02f9ce590100002b18000044730100
3720,184225132,76624,1,5737f6fb,899c28ba902fb9364eaee1695c28f73c
3721,184301756,105212,1,6a57df4b,1e3432cf590100002b18000044730100
3722,184406968,333432,1,ac1b6e9f,32322e70707400745f6430355f735f30
3723,184740400,192204,1,917b472f,d9455bb25b8fa41e253d72dca4ca546b
3724,184932604,177176,1,d6db3dff,37fa8bd2150200001004000038220200
3725,185109780,133600,1,ebbb144f,f3e0c5e1bd7b8984b3e2dc7336cd83d6
3726,185243380,205448,1,599bc85f,742e89077755b78c0c48bd29ab0dc395
3727,185448828,236160,1,64fbe1ef,d5fb15136430355f30312e7070740064
3728,185684988,436156,1,235b9b3f,6430355f32342e70707400745f643035
3729,186121144,333684,1,99603262,32322e70707400745f6430355f735f30
3730,186454828,250468,1,dec048b2,583737ee6c53403a31c4dcae63b31b01
3731,186705296,375604,1,e3a06102,2c33ae55200c06d36c8ed48f2c4ab00e
3732,187080900,137812,1,5180bd12,50000000d0090200a758c0e084010000
3733,187218712,210612,1,6ce094a2,d3e8027c667a7efed3a9e7a3308e078b
3734,187429324,209608,1,2b40ee72,00034dbb0b5c1359b6373ab7735b4827
3735,187638932,218520,1,1620c7c2,91686daaab1d6a6a6b76545ffb6f3a56
3736,187857452,510588,1,94705013,30366130372e6d736f00643036613037
3737,188368040,332604,1,a91079a3,a1aa76d091686daaab1d6a6a6b76545f
3738,188700644,146028,1,6f5cc877,0f93798610873f11e8202611004c9380
3739,188846672,233064,1,523ce1c7,ccf434f6e1e1f4493a262892604f4008
3740,189079736,251292,1,159c9b17,64b001006c3fa9e489010000c1100000
3741,189331028,387712,1,28fcb2a7,e8c5ac8b479214c566ef0a89fbc8aca9
3742,189718740,138500,1,9adc6eb7,78020000100a02003678e2e48f010000
3743,189857240,206288,1,a7bc4707,104c910c16c5e1282c558d300c1c8b85
3744,190063528,237040,1,e01c3dd7,e1f694234a4a8dd328c124c4607273ed
3745,190300568,255704,1,55ca32fc,2e707074006430365f31352e70707400
3746,190556272,164516,1,126a482c,520100003927000064f200005ca2dacd
3747,190720788,154484,1,2f0a619c,9729cb7ca337f49422334c4d59c8b49d
3748,190875272,377876,1,9d2abd8c,25d525954a698a73d2e814ba147aafd0
3749,191253148,398732,1,a04a943c,4a5bdf180b29a5e05ca73c994a6306d0
3750,191651880,131632,1,e7eaeeec,140f0000d28a29c936010000152f0000
3751,191783512,224572,1,da8ac75c,ef2a6b893adab96a92ca1a43644dbe23
3752,192008084,172568,1,58da508d,43952d8b51a345ad95e8b46ed5a5453e
3753,192180652,430268,1,65ba793d,736f006430376130382e6e6f64006430
3754,192610920,378892,1,a3f6c8e9,4a5bdf180b29a5e05ca73c994a6306d0
3755,192989812,402516,1,9e96e159,4a6306d0ef2a6b893adab96a92ca1a43
3756,193392328,103160,1,d9369b89,d472ba2cca6a3c99d780994d2453db54
3757,193495488,290128,1,e456b239,6d646c006430376131322e6d6e6d0064
3758,193785616,503648,1,56766e29,cde50b23f1d2e9d1163207f3d472ba2c
3759,194289264,417576,1,6b164799,8a799e6303ea14c11986362f5d6632e5
3760,194706840,122764,1,2cb63d49,e6a1cbe8c4685e0d876a3c9d07a35284
3761,194829604,119988,1,11d614f9,2d2540cb9514d2636f42ba5078890614
3762,194949592,494364,1,93868328,6131372e74786c00745f6430375f3033
3763,195443956,396184,1,aee6aa98,b9de4304ded3ec87cc1b3eedd0096247
3764,195840140,110932,1,2562ba47,3ed413ce68010000e801000020410100
3765,195951072,211480,1,180293f7,5e3eb9ac4da7828dd77a5ff0bc646de4
3766,196162552,411092,1,5fa2e927,4c3a3f6db44eb59b4deb423377f31d7e
3767,196573644,245380,1,62c2c097,5653d786f4b219293f9347020ec4f15b
3768,196819024,246016,1,d0e21c87,1c010000f3230000989a0000a5557fc9
3769,197065040,245076,1,ed823537,5f32312e707074006430376132342e6d
3770,197310116,360924,1,aa224fe7,53e5944ad4057a06578340c609ca1a3b
3771,197671040,235088,1,8cea2050,3d010000980100004426010097d3bb03
3772,197906128,458428,1,cb4a5a80,a3fee2ed55155c227cc78887fb54d0b1
3773,198364556,371776,1,f62a7330,2eba18146dcf6587c2c065eb9c613e7a
3774,198736332,321720,1,440aaf20,5f30382e707074006430385f30392e70
3775,199058052,205536,1,796a8690,30342e6d646c006430386130342e6d6e
3776,199263588,205080,1,3ecafc40,229b9b0f1f3e7d0af91e6fab756c6c6b
3777,199468668,121096,1,03aad5f0,939f1dc115f0b9a2c010727c49594544
3778,199589764,408192,1,81fa4221,9992e8df1017141454162ccfcc64fa83
3779,199997956,205692,1,bc9a6b91,32312e707074006430385f32332e7070
3780,200203648,205368,1,7ad6da45,dba37d1d796202f27962e2da35c8c78d
3781,200409016,224348,1,47b6f3f5,e7b51cb2fdee776fce00b37276321bf4
3782,200633364,169520,1,00168925,c40441603736c227e63361b7fff18f0d
3783,200802884,201860,1,3d76a095,adbd76f6ef7ffd2785f0eba73ff96fe4
3784,201004744,121096,1,8f567c85,ebebe9041557c062411ef9bea9ab784c
3785,201125840,117912,1,b2365535,69a5bd74fdfa6eaf8bbd17fb282f5d76
3786,201243752,262732,1,f5962fe5,fb5166f1e3a3ff056ee870c5c19999ca
3787,201506484,389232,1,c8f60655,43bdb2759f7cb1e337617eea8efcfe92
3788,201895716,146708,1,4aa69184,411ef9bea9ab784c1eb1b9aa70620158
3789,202042424,169876,1,404020ce,5a2da8b878602018e472b105029badb4
3790,202212300,110708,1,07e05a1e,3396d4a79648f45e0f49a39ffcf0bd4c
3791,202323008,263668,1,3a8073ae,19f92f23bf7de78ea248d6f4a5bfdd7d
3792,202586676,300908,1,88a0afbe,c55148293193b34c8b76ce59ed39c987
3793,202887584,100124,1,b5c0860e,6d646c006430396130342e6d6e6d0064
3794,202987708,206332,1,f260fcde,16ff1d309901000005ce01002c110100
3795,203194040,312836,1,cf00d56e,dfbe367d62421800efe0c1dac3fb1ece
3796,203506876,263672,1,4d5042bf,6c3a7cc7df232f051fef8ebeb2bcd4c7
3797,203770548,86688,1,70306b0f,e9dcb9730d978af636995a2cb60433f1
3798,203857236,258916,1,b67cdadb,82aa9230cc7f8b746c2761d407cbb6dd
3799,204116152,311708,1,8b1cf36b,a4e9000069858606b9010000550b0000
3800,204427860,100436,1,ccbc89bb,f369a18f96fc02b3338379f3debc376f
3801,204528296,99736,1,f1dca00b,c216294d09be9b6545b29a3211ec15d4
3802,204628032,307196,1,43fc7c1b,81010000c2120000a8700000ceb625fe
3803,204935228,251796,1,7e9c55ab,dd1d09fe31010000c21200001c700000
3804,205187024,70592,1,393c2f7b,a62b9e52bacaa852f7f42341c27c15b8
3805,205257616,354020,1,045c06cb,adfbd7a0efcd00bba09bdcf5f369a18f
3806,205611636,250228,1,860c911a,36095eaf47ec060fc3d77d67f31621f4
3807,205861864,272240,1,bb6cb8aa,e239c046bb27ffb99aed3b52de42fea5
3808,206134104,320604,1,30e8a875,cea3438f0cefd74b50666585c115b98f
3809,206454708,71636,1,0d8881c5,a4f42adfdef65590a9d2124c1bbce558
3810,206526344,119828,1,4a28fb15,b19ca5f5b876e4288e5fd7fe0e0d8542
3811,206646172,267196,1,7748d2a5,85cd4db6a2003345b686ef42fd39bba3
3812,206913368,118212,1,c5680eb5,091bca59fd435c21098f1d7a501d1ad2
3813,207031580,316100,1,f8082705,18129fdc4c59be5954a8d7eb190e91c5
3814,207347680,271048,1,bfa85dd5,23cd940f0ad653861bcd26eb1fd21429
3815,207618728,359324,1,82c87465,395f33302e707074006430395f33312e
3816,207978052,277168,1,48742fa6,b9fb2e93449a0a27fee0e7ee5352ae1b
3817,208255220,249340,1,0fd45576,74006431305f30332e70707400643130
3818,208504560,365680,1,32b47cc6,562b950a8569b3513a19f4fbdd46a340
3819,208870240,275708,1,8094a0d6,ced46a51f3d9f5e86a341a0e87c460bc
3820,209145948,430460,1,bdf48966,1c9608e107010000573b00002c800100
3821,209576408,195344,1,fa54f3b6,b3b3cb4ffc4dbcee7fe26fb07fe945f6
3822,209771752,209088,1,c734da06,f85725871067188cc46e562de909cbe5
3823,209980840,122068,1,45644dd7,b7e7ef3ddfcfe59e1f1e1e3c3f1e9c34
3824,210102908,12564,1,78046467,d439e7f7dae4428f67fa3b9fd655fdf9
3825,210115472,268340,1,be48d5b3,b8d369e503aee9f47a3a9d4c2667e34e
3826,210383812,378628,1,8328fc03,5bad7cbb33aa8ec71382c0f97abd35ca
3827,210762440,456652,1,c48886d3,189e664be5e37eb3dbfba0dbedb4ae46
3828,211219092,210188,1,f9e8af63,e41a35e7e07c9180cb978916b232c9ba
3829,211429280,174912,1,4bc87373,b191c589b3857c26082266e3cc554664
3830,211604192,437768,1,76a85ac3,5eb3ffc149a735bc189e664be5e37eb3
3831,212041960,184072,1,31082013,305f30332e707074006431305f30352e
3832,212226032,197532,1,0c6809a3,f9b9070b24df79b4ce932d2e8aa8795e
3833,212423564,216940,1,8e389e72,5ab0b3c9b8d369e503aee9f47a3a9d4c
3834,212640504,196892,1,b358b7c2,0a2f0e5fb43add766b7c7b59ec1fb7ab
3835,212837396,123420,1,38dca71d,1b6e32efba572e56e97677774331ce81
3836,212960816,25068,1,05bc8ead,28f7d1c8507f63635f715fff00dca2f0
3837,212985884,254984,1,84de2f38,679979e0cb000000382d0000902d0000
3838,213240868,402964,1,c37e55e8,e58593f0b45a50721cb6bc72a6b184c2
3839,213643832,372236,1,fe1e7c58,6f006431316130322e6e6f6400643131
3840,214016068,135480,1,4c3ea048,8f11000020bf000029136afb2c010000
3841,214151548,373572,1,715e89f8,31315f30332e707074006431315f3034
3842,214525120,153708,1,36fef328,22548dac0d09209dc1a8ab94cc3a0cc2
3843,214678828,232536,1,0b9eda98,f87760d8aef392e3b42cab2ce3f8713c
3844,214911364,210040,1,89ce4d49,006431316130372e6e6f640064313161
3845,215121404,290940,1,b4ae64f9,f8280a70f09d8cac543636689189c7e0
3846,215412344,162936,1,72e2d52d,efdc2a18cd4d100b88c9ae1155d6a3c8
3847,215575280,329608,1,4f82fc9d,4900d7d22dc2c6440111414aa99656d1
3848,215904888,362124,1,0822864d,6431315f7475746130312e7070740000
3849,216267012,219640,1,3542affd,31312e707074006431315f31322e7070
3850,216486652,269608,1,876273ed,9a9323251ebfd02cc74f7213266368ac
3851,216756260,160784,1,ba025a5d,a42e00002043000065aff7fa26010000
3852,216917044,330660,1,fda2208d,78573169336c90186d767d1bf56d8b46
3853,217247704,348556,1,c0c2093d,ee42f9ee410507a2e3c3fd8331a11111
3854,217596260,288004,1,42929eec,6431316131372e6d646c006431316131
3855,217884264,163180,1,7ff2b75c,661482b97f3b3cd84fdf450cfb9f2745
3856,218047444,329692,1,f476a783,163238f68aecb43159db2d61a57bf6d8
3857,218377136,291884,1,c9168e33,9ff93de636bb177786048741cb63a7ef
3858,218669020,160848,1,8eb6f4e3,f30f37d4c81543fc786ed4d2c34d0599
3859,218829868,329492,1,b3d6dd53,1cb6bc72a6b184c278573169336c9018
3860,219159360,507928,1,01f60143,9a9323251ebfd02cc74f7213266368ac
3861,219667288,283360,1,3c9628f3,975795b3a131f77e94ac928b76d4d5c0
3862,219950648,136516,1,7b365223,6f70cb9218a99c4a9d2477409656c84b
3863,220087164,153828,1,46567b93,35498b06b76e80550e5b2fc903e64aa2
3864,220240992,391308,1,c406ec42,1b64c480f7289c29b771a03cae904ea1
3865,220632300,350196,1,f966c5f2,cd4f4b39bda7dc64e9ebb71edb14e073
3866,220982496,154032,1,3f2a7426,182ab888acab26dcec3bca7a69ddab5b
3867,221136528,136788,1,024a5d96,3e571059c458a99d4d678fd2c2882185
3868,221273316,154024,1,45ea2746,acab26dcec3bca7a69ddab5b807a5da8
3869,221427340,136272,1,788a0ef6,8a4059e93e571059c458a99d4d678fd2
3870,221563612,330076,1,caaad2e6,c1be7639d8dd5ac824e062a55f11908a
3871,221893688,329556,1,f7cafb56,336c90186d767d1bf56d8b46588067ca
3872,222223244,329888,1,b06a8186,605ad20b1e53189f52b4ab5ca26b134e
3873,222553132,329636,1,8d0aa836,1cb6bc72a6b184c278573169336c9018
3874,222882768,352816,1,0a5128db,2b4491538359b399c4695cb86422ba24
3875,223235584,122384,1,4df1520b,9fa03e9503a0a4924ced471713a0a1a1
3876,223357968,362240,1,70917bbb,e1efc927519d70352e4928dced4eca8e
3877,223720208,94156,1,c2b1a7ab,8b7aa359d47748d0cdf1d94653d74521
3878,223814364,87212,1,ffd18e1b,bc6ab55d16844ec7aa3d36e581932828
3879,223901576,190000,1,b871f4cb,70202800ceaa45abe85be68aa6a53862
3880,224091576,99064,1,8511dd7b,461753a0b1b16412ab330673b5380ba1
3881,224190640,325564,1,07414aaa,bf010000c8030000002e01007ed8c347
3882,224516204,92156,1,3a21631a,095b211632010000e8010000e4bf0000
3883,224608360,92708,1,fc6dd2ce,0c960000600afd472201000027930000
3884,224701068,339380,1,c10dfb7e,3455ba51abf891ca293561387f14f677
3885,225040448,124768,1,86ad81ae,21010000602c0000c08100000d17a723
3886,225165216,91356,1,bbcda81e,a42a6c6f7ff659e2336e0b022a2453c9
3887,225256572,100096,1,09ed740e,df98c6fc98aa99a6a35b960b25331937
3888,225356668,86232,1,348d5dbe,2c8b3715c6c7cd0d5e327b3dd5f73cc6
3889,225442900,76096,1,732d276e,e740c97cc60d1098eb2c4368b09a4546
3890,225518996,99588,1,4e4d0ede,4eceee4e92e0a5b9d5d52437929413bb
3891,225618584,207252,1,cc1d990f,238ab6cd1be572f9a38f4ca2c1c03485
3892,225825836,330608,1,f17db0bf,31bd6bc71505c02ba9aa2acb7ab71bf7
3893,226156444,83156,1,7af9a060,0abd420e9270466b6b9f6fa652904348
3894,226239600,82984,1,479989d0,4060aebb0ca1c16a561849f483ad1d16
3895,226322584,331208,1,0039f300,34de0000ee785c4f64010000b1580000
3896,226653792,88044,1,3d59dab0,e5f8d817ffa86f322ea52169f1bfbdc4
3897,226741836,96952,1,8f7906a0,68ab298e6b341a8f1effeed3dffbde8b
3898,226838788,105220,1,b2192f10,3d060000bc9001003126041c6431325f
3899,226944008,64852,1,f5b955c0,92fa18df1cc72d5eb6a43e61a139df05
3900,227008860,66180,1,c8d97c70,1f8b0800867db04c0003857b8b7bdbd6
3901,227075040,71596,1,4a89eba1,597ae491ef2e8fa5d3dadcdebdc0cf9f
3902,227146636,99480,1,77e9c211,a9aa2acb7ab71bf7706ba9041cc87e36
3903,227246116,124484,1,b1a573c5,e22b00001c2c0000722c591516010000
3904,227370600,64316,1,8cc55a75,8744d72c3556bf9ed6619c44b98616c5
3905,227434916,117972,1,cb6520a5,33312e74786c00745f6431325f30352e
3906,227552888,73672,1,f6050915,0c2c490f24b4f8665fec93e8dad9f6d2
3907,227626560,187732,1,4425d505,461753a0b1b16412ab330673b5380ba1
3908,227814292,87048,1,7945fcb5,1111f779ac287ec6e3d9a4c7f37cb9cc
3909,227901340,92128,1,3ee58665,8a09d8dfa42a6c6f7ff659e2336e0b02
3910,227993468,104624,1,0385afd5,f9fcb3540abd420e9270466b6b9f6fa6
3911,228098092,337348,1,81d53804,722c591536010000b52f000038580000
3912,228435440,92200,1,bcb511b4,13a0a1a1540aab330473b5360ba14af5
3913,228527640,73764,1,aca0437d,c971ed76fb3f1cfdde4be7cfbf38db5e
3914,228601404,326580,1,91c06acd,de4be7cfbf38db5ebac77152bbfabdef
3915,228927984,320664,1,d660101d,707400745f6431325f30355f662e7070
3916,229248648,120576,1,eb0039ad,dbd3dc69e94b3c94b89148a4f11b967b
3917,229369224,93756,1,5920e5bd,929413bb131c615aceb8274d4d4e4e4e
3918,229462980,70864,1,6440cc0d,36daed5356716141fd42bcec6d488ffc
3919,229533844,95268,1,23e0b6dd,00030000003c01004419135833010000
3920,229629112,389460,1,1e809f6d,042cc21da9ecf441c2b0a85395a60461
3921,230018572,96476,1,9cd008bc,442235bbd6181a5ad61801fb8dd94663
3922,230115048,411776,1,a1b0210c,24b4f8665fec93e8dad9f6d2d7130e8c
3923,230526824,97016,1,67fc90d8,caaee5fb70202800ceaa45abe85be68a
3924,230623840,81188,1,5a9cb968,10c45eafb6ad9835a2de464cb22449b5
3925,230705028,83336,1,1d3cc3b8,a42a6c6f7ff659e2336e0b022a2453c9
3926,230788364,68160,1,205cea08,b6ed038385c5fd7d9c76093b6e8ae052
3927,230856524,297396,1,927c3618,3dccb8a2caaee5fb70202800ceaa45ab
3928,231153920,99964,1,af1c1fa8,006431325f30362e707074006431325f
3929,231253884,376916,1,e8bc6578,cf1489bc2569636303eec49b9981512c
3930,231630800,208728,1,d5dc4cc8,195789c3fec6146d73f3b3cfe29f711b
3931,231839528,64132,1,578cdb19,a6a5386291ee3856a9e8b8c9145589c7
3932,231903660,136888,1,6aecf2a9,00745f6431325f30355f662e70707400
3933,232040548,170836,1,e168e276,11110000c8aa000080e2c6ec78010000
3934,232211384,73932,1,dc08cbc6,eb746c46e5bef8c7c79f0dd0b74eab9c
3935,232285316,194664,1,c6fb2845,cc6cdd107396ffbb3f16ad23fb77fca8
3936,232479980,209928,1,cc3e215c,5ff8ef95d54f15f55355fd54533fd5d5
3937,232689908,66608,1,cd96a0bd,b3995103b8287e366476b7119ceb9d95
3938,232756516,110472,1,6821d9e5,2ca0dc123e8f16af433e8ae218b7681d
3939,232866988,205924,1,6d009000,6f6e5f625f63686573745f30315f736f
3940,233072912,1087292,1,2a0ea236,100700009016000010c602000359ec3f
3941,234160204,1729684,1,5d05d6de,9105ad2c281300000e17000070460000
3942,235889888,1039216,1,c397f71d,48406bf1e00a9fb611c143a6f177aa39
3943,236929104,586304,1,84378dcd,095374b57c1c424a5f6bc6fad37c5a5f
3944,237515408,580488,1,b957a47d,cceb019db1b19379ccf5276f2ccede12
3945,238095896,626048,1,0b77786d,1f332142122147e6395249d334756110
3946,238721944,441536,1,361751dd,42660e95bfd135c0f328132ca0e22fa4
3947,239163480,476088,1,71b72b0d,5f6b86fad3d75ad03883e928972f72d1
3948,239639568,575856,1,4cd702bd,02409ea09ec2c70526917b181c240c4a
3949,240215424,793096,1,ce87956c,6f175c6c9f4ba0113cdf5862963d56fa
3950,241008520,484560,1,f3e7bcdc,cfaac5470597bfebcb15214887ad64d3
3951,241493080,511024,1,35ab0d08,45ea31b5a9762ec9a98ce248bd44c51f
3952,242004104,530064,1,08cb24b8,98f82e130687054d4d13761f3d9f4465
3953,242534168,456336,1,4f6b5e68,58579f4f3dc5be22ac420fb127006686
3954,242990504,453240,1,720b77d8,8bcfe9c678580b6c49cd8011a7001f92
3955,243443744,462352,1,c02babc8,5c762689934fc8ea78b416c0dc67d987
3956,243906096,366928,1,fd4b8278,a557172d8b41e4a57723e16936db6d4b
3957,244273024,451584,1,baebf8a8,d30b5296d41d70fd1f886132ee9b310d
3958,244724608,415640,1,878bd118,57d8f6252608b6046b06f4f804d03eab
3959,245140248,634704,1,05db46c9,74c32ecad6a5f40191cf0b43642fee19
3960,245774952,558496,1,38bb6f79,9b34026b3bf7f7d9e244305403b2c4e6
3961,246333448,291472,1,b33f7fa6,5c7b8e41f4076aee68937a53e91f825b
3962,246624920,470168,1,8e5f5616,8927955c0d55d7faab8a5404e3ff27be
3963,247095088,625616,1,c9ff2cc6,0998943cf994bce6392cc04125fc6dd8
3964,247720704,608072,1,f49f0576,7e1ef4f56cfbe3e6bacac1e51d58b332
3965,248328776,642688,1,46bfd966,7bfdfc82d896e30403860c689609eccf
3966,248971464,432832,1,7bdff0d6,4c341e8153477a604cd4c9992433b225
3967,249404296,377056,1,3c7f8a06,c0488d807b5e740ba4e5e7fb3dd957f2
3968,249781352,506760,1,011fa3b6,effdcba6b0975ee9249a169c055dba13
3969,250288112,551984,1,834f3467,c06b29f15eb5d31ff61b62a0d0d2a8ca
3970,250840096,641240,1,be2f1dd7,986220cc33ee63bf65511780f1923a95
3971,251481336,306208,1,7863ac03,bc17ce841f31660e60e648092648cbf3
3972,251787544,474040,1,450385b3,987a686d3dca0c36bce022abc68fdc2b
3973,252261584,502544,1,02a3ff63,e196aa6a813cfece3d116256afe19cc6
3974,252764128,487304,1,3fc3d6d3,b0585ec5a208a04644803a0178534bcd
3975,253251432,567488,1,8de30ac3,a5cc1de21a2e9fd581dc60a4067ecc04
3976,253818920,709784,1,b0832373,78da16c0d467cb87f5f256b8917fe345
3977,254528704,1223936,1,f72359a3,432f10a63ecb58389e68723eb1b8cfdd
3978,255752640,588704,1,ca437013,39522767d60142511ae3ff7769c3708b
3979,256341344,1019160,1,4813e7c2,69637554c2f5ea2761cb50464448cc1f
3980,257360504,1055152,1,7573ce72,f07418b75920f5df7cb84b321009a67f
3981,258415656,1319504,1,65669cbb,c68afade9cc57dbb54915cf0655ed844
3982,259735160,445448,1,5806b50b,d866c8f38174ffef9cbe1d61280c47d6
3983,260180608,371520,1,1fa6cfdb,8d65e57dca56916c8bc2e7b0b444d827
3984,260552128,624152,1,22c6e66b,64c001f33004f3ab2e8d7eeb4f2fa544
3985,261176280,489384,1,90e63a7b,d637697c15e6affbcac4c4a7d4318138
3986,261665664,558320,1,ad8613cb,948101ed00c40b3a3c81a60121128d8a
3987,262223984,431088,1,ea26691b,cca11479ef1dd68a687b0da2dc57da0a
3988,262655072,473736,1,d74640ab,7fb759c4ba2cbfc1f9df63236669b81b
3989,263128808,401888,1,5516d77a,595c80a64c65c58050643cd0ffb4e7e6
3990,263530696,433656,1,6876feca,8a3a1e81194728604c1fc99936339225
3991,263964352,453232,1,ae3a4f1e,a2e43831a6541145c15192bd511db5b4
3992,264417584,429672,1,935a66ae,9fc1ff7369b726d39bfdbd7e7326fdce
3993,264847256,407400,1,d4fa1c7e,cf0963d235cf54b4fa1fd53a5a7dee6b
3994,265254656,500016,1,e99a35ce,27db35bd69d5029222efe7164f02bbb6
3995,265754672,670488,1,5bbae9de,4c0f5687917f5045914e6ea395975130
3996,266425160,401232,1,66dac06e,48c88bda7bd79d829d707f6b8d95dff6
3997,266826392,541168,1,217ababe,6fcbcb436f0caea0f97ebdeec13fd4e7
3998,267367560,635848,1,9e4a04df,07cdb7fdcf2a7e91222be222c8e7c0d8
3999,268003408,514560,1,a32a2d6f,ff53bbb57c5c42725f6b2dfad3905a20
4000,268517968,604128,1,28ae3db0,a522db11d83a722ac806e4adb9ce8bb0
4001,269122096,688216,1,15ce1400,bf30eca17ec4e2c3a118eb7e79e11eef
4002,269810312,834624,1,6f0e4760,19bff3f559a7f27f1fdace32de165821
4003,270644936,1274176,1,dd2e9b70,00000001fef20aa6f7cd30aafdfd5ac7
4004,271919112,363848,1,e04eb2c0,5c7b1641f4076ae168930e531b1f8279
4005,272282960,453008,1,a7eec810,af3edbe6ec0469484836be864c0312ee
4006,272735968,369648,1,9a8ee1a0,11f8d5e294d6271b60ed9bc9236de48d
4007,273105616,699664,1,18de7671,a55b11633b863a0c396482fe0eacd866
4008,273805280,558120,1,25be5fc1,1367325bce1575105911dc800680027c
4009,274363400,685640,1,e3f2ee15,a4b0c94d494ac68f9823ce2e837574a7
4010,275049040,1106352,1,de92c7a5,854c57b5b3296be7d200458000000000
4011,276155392,797168,1,9932bd75,396ac2e86b9e9266aa350149974730bc
4012,276952560,677040,1,a45294c5,442ae72321711f5f6f42b37bd7544a7d
4013,277629600,644808,1,167248d5,f33891c78f7e8f2ded441c4c322a65c7
4014,278274408,443816,1,2b126165,f1f3ff0787301bfbf43c7d19e083d7fe
4015,278718224,566864,1,6cb21bb5,b9d9234db049118e4d818b079d2695bb
4016,279285088,446976,1,51d23205,15e38d54ce04e636664d8911abb78ba0
4017,279732064,678360,1,d382a5d4,bcac8c412f23c7bf032e015fdd12676d
4018,280410424,389688,1,eee28c64,60251ac2cc368046201325f1e6000000
4019,280800112,1066752,1,12a45cc0,d0240bc1f2e003ab88f35825c686ecf0
4020,281866864,377272,1,2fc47570,0a342290e386fa6545af739dfb6151ae
4021,282244136,529944,1,68640fa0,7b667ecbcd940a3394ca5cbf65de033a
4022,282774080,681512,1,55042610,c3eb111ff3fcf3259cfad2022024c3d2
4023,283455592,540928,1,e724fa00,399bb161652f8a98ad321479681dd63a
4024,283996520,299200,1,da44d3b0,01010101010101010101010101010101
4025,284295720,441504,1,9de4a960,8e7ccd31ce72368e724f6231e5389613
4026,284737224,200512,1,a08480d0,2f0d42a02fe08b974888807c5d89b727
4027,284937736,632320,1,22d41701,ab6aa92e04295c29ec97f6f58f1e22ac
4028,285570056,184680,1,1fb43eb1,7e7110ebd2919cb1e49522302850bcdf
4029,285754736,224608,1,d9f88f65,d48083b21b6d4dfee72b84610c045da1
4030,285979344,769472,1,e498a6d5,047a8024751bb00639646260eac02186
4031,286748816,418304,1,a338dc05,2a1376173d9f4465792b8eff0c8c1a7d
4032,287167120,437496,1,9e58f5b5,e73e5b233beb2c1f6a19284b60741a88
4033,287604616,126792,1,2c7829a5,b46c867f74126bf7fed6ccc5e10fcc7b
4034,287731408,447064,1,11180015,01efbe2aeed842a35efe346c53c084c4
4035,288178472,539456,1,56b87ac5,fafe2edd6ac393559518e103a4a7084e
4036,288717928,218296,1,6bd85375,110184fdff704433fc24286560b057b3
4037,288936224,362648,1,5880d519,4ebce2c1f21938807a52e314f111691f
4038,289298872,483648,1,65e0fca9,f4005207530520063964a1b768eb8067
4039,289782520,503392,1,22408679,ae0d1992afe9c934ff72707ff95ce5b6
4040,290285912,448672,1,1f20afc9,9e9aa3aeba7eae5be3aafcf63f79876d
4041,290734584,388216,1,ad0073d9,77d7efaa1fea352a9f1aba63cb164a72
4042,291122800,484064,1,d7c020b9,7bb5acddc8c701a82c934bae9cd67aab
4043,291606864,489080,1,eaa00909,01010101010101010101010101010101
4044,292095944,459520,1,68f09ed8,409b6f4a446cec548df9c2c9da0a9bc8
4045,292555464,379400,1,5590b768,01010101010101010101010101010101
4046,292934864,286712,1,93dc06bc,b9e015681bef03ada4fb99f9fe5eb738
4047,293221576,468416,1,aebc2f0c,fc3cf6a01c3162e211e37de6dfd2760f
4048,293689992,619320,1,e91c55dc,01010101010101010101010101010101
4049,294309312,480648,1,d47c7c6c,53bcfec75bc353fe90af663c2ca9b951
4050,294789960,402064,1,665ca07c,2d2710f5bbe3502efe506cb48b61fc6a
4051,295192024,363148,1,5b3c89cc,2058de2d3addb60b95bce29dd059b7cc
4052,295555172,30720,1,1c9cf31c,a72f6baa39d665161e2fc3d004f814e0
4053,295585892,30648,1,21fcdaac,a72f6baa39d665161e2fc3d004f814e0
4054,295616540,4703636,1,a3ac4d7d,1fcd1e6be03426e4d34f5ceada5c1691
4055,300320176,917652,1,95fe343b,7344f3596022148920117c022198234b
4056,301237828,25576,1,d25e4eeb,67e7a900b4ee595febd05cfea4a6537b
4057,301263404,35056,1,ef3e675b,b2c9524e0e07542dac5e1d1ed1f8e846
4058,301298460,13672,1,5d1ebb4b,5fb3c18a6a52a32725baedfb4bb0373f
4059,301312132,19920,1,607e92fb,c6fb74f4f1ee112c0e7461c2169671e8
4060,301332052,20712,1,27dee82b,b5e873c87e70924d64b8ea8d3cf4711e
4061,301352764,38472,1,1abec19b,640648c7e3ac28a52ae323160a2b63fa
4062,301391236,27712,1,98ee564a,6bcf9db776bbc665178bc9cb58fba373
4063,301418948,39552,1,63c2ce2e,9c0c104a133a8df66110e55494d1188b
4064,301458500,8768,1,5ea2e79e,d20ead8d156c0d263b801d1b927fb71b
4065,301467268,73448,1,19029d4e,ae9a933de24652add814c054fede9791
4066,301540716,72340,1,836f7501,580bc78ba5d5e58bb20f9890575946e0
4067,301613056,15296,1,c4cf0fd1,455a42494e4400000300000040000000
4068,301628352,56768,1,18785705,0c0000000c00000000000000ffffffff
4069,301685120,50944,1,25187eb5,50505047a8020000ffffffffffffffff
4070,301736064,50816,1,62b80465,0a0100009b040000c0b90000c5493ebb
4071,301786880,61248,1,5fd82dd5,540000000000000000000000ffffffff
4072,301848128,64064,1,edf8f1c5,7f000000ffffffffffffffffb80b0000
4073,301912192,47680,1,d098d875,fa000000b100000080b5000054793ff5
4074,301959872,6912,1,9738a2a5,ffffffffffffffffffffffffffffffff
4075,301966784,46464,1,aa588b15,ffffffffffffffff7805000068000000
4076,302013248,65600,1,28081cc4,ffffffffffffffffffffffffffffffff
4077,302078848,58752,1,15683574,ffffffffffffffffffffffffffffffff
4078,302137600,45376,1,d32484a0,0c000000000000000000000000000000
4079,302182976,45184,1,ee44ad10,ffffffffffffffffffffffffffffffff
4080,302228160,55680,1,a9e4d7c0,ffffffffffffffffffffffffffffffff
4081,302283840,63488,1,29904d98,000000000000000000000000ffffffff
4082,302347328,927936,1,b0803b66,3e130000a600000040620b007ba12726
4083,303275264,65152,1,f72041b6,0f000000ffffffffffffffff100e0000
4084,303340416,88960,1,ca406806,00000000ffffffffffffffff00000000
4085,303429376,93568,1,7860b416,44ac0000d06f0000ffffffff00000000
4086,303522944,112896,1,45009da6,e39f0000ffffffffffffffff03000000
4087,303635840,85760,1,02a0e776,0000000000000000ffffffff0c000000
4088,303721600,96384,1,3fc0cec6,e39f0000ffffffffffffffff03000000
4089,303817984,126144,1,bd905917,0f000000ffffffffffffffff800c0000
4090,303944128,99904,1,80f070a7,ffffffffffffffffffffffffffffffff
4091,304044032,62272,1,46bcc173,455a42494e4400000300000040000000
4092,304106304,84736,1,7bdce8c3,0500000006000000070000005050544e
4093,304191040,97856,1,3c7c9213,0000000000000000ffffffff0c000000
4094,304288896,88896,1,011cbba3,e39f0000ffffffffffffffff03000000
4095,304377792,103744,1,b33c67b3,1b00f0f1000fb0f0404bf0f14c1f0f00
4096,304481536,88448,1,8e5c4e03,0f000000ffffffffffffffff800c0000
4097,304569984,99648,1,c9fc34d3,07000000ffffffffffffffff00000000
4098,304669632,101952,1,f49c1d63,e09f0000ffffffffffffffff01000000
4099,304771584,59840,1,76cc8ab2,ffffffffffffffffffffffffffffffff
4100,304831424,99264,1,4baca302,e09f0000ffffffffffffffff01000000
4101,304930688,92352,1,c028b3dd,3c00100f101eff01e0e0dd2000ee23d0
4102,305023040,99456,1,fd489a6d,73653832302e62696e0073653832302e
4103,305122496,79232,1,bae8e0bd,0000000000000000ffffffff0c000000
4104,305201728,77504,1,8788c90d,ffffffffffffffffffffffffffffffff
4105,305279232,92928,1,35a8151d,5050504744020000ffffffffffffffff
4106,305372160,113280,1,08c83cad,0000000000000000ffffffff0c000000
4107,305485440,92736,1,4f68467d,07000000ffffffffffffffff00000000
4108,305578176,93248,1,72086fcd,505048443800000000000100ffffffff
4109,305671424,95872,1,f058f81c,0f000000ffffffffffffffff800c0000
4110,305767296,128896,1,cd38d1ac,00000000ffffffffffffffff00000000
4111,305896192,107712,1,0b746078,ffffffffffffffffffffffffffffffff
4112,306003904,83904,1,361449c8,2b00aef1e9237ebbd222215b21b4c1a0
4113,306087808,89344,1,71b43318,1c0010211110e1ffddfeef1d4dff2333
4114,306177152,62528,1,4cd41aa8,e39f0000ffffffffffffffff03000000
4115,306239680,101312,1,fef4c6b8,505048443800000000000100ffffffff
4116,306340992,100800,1,c394ef08,e39f0000ffffffffffffffff03000000
4117,306441792,106816,1,843495d8,0000000000000000ffffffff0c000000
4118,306548608,97856,1,b954bc68,4c00f0101f0101000f1e22e3ffe0f222
4119,306646464,60928,1,06640209,11000000ffffffffffffffff800c0000
4120,306707392,84416,1,167150c0,e09f0000ffffffffffffffff01000000
4121,306791808,103168,1,2b117970,0000000000000000ffffffff0c000000
4122,306894976,74560,1,6cb103a0,38000000000000000000000000000000
4123,306969536,94080,1,51d12a10,e09f0000ffffffffffffffff01000000
4124,307063616,83072,1,e3f1f600,0500000006000000070000005050544e
4125,307146688,93248,1,de91dfb0,2900cf3e03ed0211fd31ef1f11d030d1
4126,307239936,88832,1,9931a560,0000000000000000ffffffff0c000000
4127,307328768,95296,1,a4518cd0,c08f0000e0740000ffffffff00000000
4128,307424064,94720,1,26011b01,0500000006000000070000005050544e
4129,307518784,87104,1,1b6132b1,e39f0000ffffffffffffffff05000000
4130,307605888,81792,1,dd2d8365,ffffffffffffffffffffffffffffffff
4131,307687680,73664,1,e04daad5,5050504744020000ffffffffffffffff
4132,307761344,66624,1,a7edd005,505048443800000000000100ffffffff
4133,307827968,85696,1,9a8df9b5,0f000000ffffffffffffffff800c0000
4134,307913664,91200,1,28ad25a5,e09f0000ffffffffffffffff01000000
4135,308004864,105472,1,15cd0c15,455a42494e4400000300000040000000
4136,308110336,93312,1,526d76c5,0000000000000000ffffffff0c000000
4137,308203648,73088,1,6f0d5f75,47000000000000000000000000000000
4138,308276736,66176,1,ed5dc8a4,e39f0000ffffffffffffffff07000000
4139,308342912,108928,1,d03de114,49000000000000000000000000000000
4140,308451840,100160,1,5bb9f1cb,ffffffffffffffffffffffffffffffff
4141,308552000,104000,1,66d9d87b,ffffffffffffffffffffffffffffffff
4142,308656000,81152,1,2179a2ab,3b00000f1f0f012030513222540043cc
4143,308737152,111680,1,1c198b1b,e39f0000ffffffffffffffff03000000
4144,308848832,97664,1,ae39570b,505048443800000000000100ffffffff
4145,308946496,90048,1,93597ebb,0000000000000000ffffffff0c000000
4146,309036544,108160,1,d4f9046b,e39f0000ffffffffffffffff07000000
4147,309144704,84736,1,e9992ddb,e39f0000ffffffffffffffff03000000
4148,309229440,109376,1,6bc9ba0a,3a000000f101f021ff1f2f0f100e03fc
4149,309338816,104832,1,56a993ba,ffffffffffffffffffffffffffffffff
4150,309443648,74880,1,90e5226e,0d000000ffffffffffffffffd80e0000
4151,309518528,116608,1,ad850bde,505048443800000000000100ffffffff
4152,309635136,111616,1,ea25710e,73653837312e62696e0073653837312e
4153,309746752,97088,1,d74558be,0d000000ffffffffffffffffa00f0000
4154,309843840,78336,1,656584ae,3b00100ff0f21f00e11df1fd41db220b
4155,309922176,121728,1,5805ad1e,ffffffffffffffffffffffffffffffff
4156,310043904,125888,1,1fa5d7ce,0f000000ffffffffffffffff800c0000
4157,310169792,347392,1,22c5fe7e,505048443800000000000100ffffffff
4158,310517184,313024,1,a09569af,40000000100000000000000000000000
4159,310830208,337920,1,9df5401f,66000000000000000d0000000d000000
4160,311168128,323840,1,61b390bb,4000000000000000400000000d000000
4161,311491968,335616,1,51c3db7a,000000001000000010000000ffffffff
4162,311827584,131392,1,6ca3f2ca,e39f0000ffffffffffffffff03000000
4163,311958976,103680,1,d02f107e,11000000ffffffffffffffff800c0000
4164,312062656,356992,1,ed4f39ce,ffffffffffffffffffffffffffffffff
4165,312419648,356608,1,5f6fe5de,12000000ffffffffffffffff800c0000
4166,312776256,362880,1,620fcc6e,6b000000000000001500000015000000
4167,313139136,332928,1,9a9f08df,ffffffffff800000e39f0000ffffffff
4168,313472064,346688,1,16f730d2,0c0000000c00000000000000ffffffff
4169,313818752,72640,1,51574a02,07000000ffffffffffffffff00000000
4170,313891392,90880,1,6c3763b2,ffffffffffffffffffffffffffffffff
4171,313982272,68672,1,de17bfa2,e39f0000ffffffffffffffff05000000
4172,314050944,84352,1,e3779612,ffffffffffffffffffffffffffffffff
4173,314135296,96384,1,a4d7ecc2,ffffffffffffffffffffffffffffffff
4174,314231680,76800,1,99b7c572,00000000ffffffffffffffff00000000
4175,314308480,85824,1,1be752a3,3c00100fd1dfff0ffc0df03033f032d2
4176,314394304,92224,1,26877b13,40830000601f0000ffffffff203f0000
4177,314486528,37440,1,e0cbcac7,803e0000402b0000ffffffff00000000
4178,314523968,86400,1,ddabe377,ffffffffffffffffffffffffffffffff
4179,314610368,62400,1,9a0b99a7,ffffffffffffffffffffffffffffffff
4180,314672768,67968,1,a76bb017,07000000ffffffffffffffff00000000
4181,314740736,100864,1,154b6c07,455a42494e4400000300000040000000
4182,314841600,81408,1,282b45b7,ffffffffffffffffffffffffffffffff
4183,314923008,92608,1,6f8b3f67,455a42494e4400000300000040000000
4184,315015616,70784,1,52eb16d7,ffffffffffffffffffffffffffffffff
4185,315086400,101184,1,d0bb8106,0000000000000000ffffffff0c000000
4186,315187584,50816,1,eddba8b6,ffffffffffffffffffffffffffffffff
4187,315238400,72640,1,665fb869,455a42494e4400000300000040000000
4188,315311040,65216,1,cac60814,e09f0000ffffffffffffffff01000000
4189,315376256,78592,1,f7a621a4,ffffffffffffffffffffffffffffffff
4190,315454848,87232,1,4586fdb4,0000000000000000ffffffff0c000000
4191,315542080,79616,1,78e6d404,ffffffffffffffffffffffffffffffff
4192,315621696,74304,1,3f46aed4,ffffffffffffffffffffffffffffffff
4193,315696000,74752,1,02268764,00000000ffffffffffffffff00000000
4194,315770752,85376,1,807610b5,3b00101e102ef020d12f04ce33002b42
4195,315856128,76352,1,bd163905,0f000000ffffffffffffffff800c0000
4196,315932480,86976,1,7b5a88d1,00000000000000000000000000000000
4197,316019456,95680,1,463aa161,ffffffffffffffffffffffffffffffff
4198,316115136,87424,1,019adbb1,505048443800000000000100ffffffff
4199,316202560,72896,1,3cfaf201,0000000000000000ffffffff0c000000
4200,316275456,76736,1,8eda2e11,ffffffffffffffffffffffffffffffff
4201,316352192,87616,1,b3ba07a1,44ac0000b02d0000ffffffff405b0000
4202,316439808,95616,1,f41a7d71,0f000000ffffffffffffffff800c0000
4203,316535424,72128,1,c97a54c1,ffffffffffffffffffffffffffffffff
4204,316607552,79744,1,4b2ac310,0d000000ffffffffffffffff800c0000
4205,316687296,69824,1,764aeaa0,e09f0000ffffffffffffffff01000000
4206,316757120,75456,1,fdcefa7f,e39f0000ffffffffffffffff03000000
4207,316832576,86656,1,d2c1547c,0500000006000000070000005050544e
4208,316919232,200256,1,95612eac,0000000000000000666163740c000000
4209,317119488,199680,1,a801071c,33004e4139305f303031305f3030325f
4210,317319168,203136,1,1a21db0c,455a42494e4400001a00000040000000
4211,317522304,243200,1,2741f2bc,f3030000bc1b000000ab02003639a7c4
4212,317765504,142656,1,60e1886c,2ff9fc273f5852450b17204eaf4b92a2
4213,317908160,249984,1,5d81a1dc,4e4139305f303031305f3030365f3238
4214,318158144,226944,1,dfd1360d,0000000000000000666163740c000000
4215,318385088,227840,1,e2b11fbd,385f31342e617433004e4139305f3030
4216,318612928,255552,1,24fdae69,2b04e3fdbedf6eb9896d6b9850bfd2db
4217,318868480,221824,1,199d87d9,5f31382e617433004e4139305f303031
4218,319090304,219584,1,5e3dfd09,44a168b8eae91dfbfe78a0d77352b9d0
4219,319309888,302016,1,635dd4b9,ff01000044390000007700006bc3a777
4220,319611904,245888,1,d17d08a9,305f3031335f31392e617433004e4139
4221,319857792,232256,1,ec1d2119,5f3031345f32332e617433004e413930
4222,320090048,239104,1,abbd5bc9,037253fb5f57ff9b5e1381304316a18b
4223,320329152,281792,1,96dd7279,c77cd6767a9d800c125052d21325de34
4224,320610944,263168,1,148de5a8,31375f30312e617433004e4139305f30
4225,320874112,213312,1,29edcc18,7c1b4afdbfd348de390549f0efa1e462
4226,321087424,298688,1,a269dcc7,45b7d7bbb6e4bb54db534358d927360f
4227,321386112,246720,1,9f09f577,f7f4fa6fa6b720e18e139439869d5c31
4228,321632832,198336,1,d8a98fa7,315f30312e617433004e4139305f3030
4229,321831168,223680,1,e5c9a617,5b0300006c0c000080b30100569d2d2f
4230,322054848,276288,1,57e97a07,7433004e4139305f303030385f303233
4231,322331136,164160,1,6a8953b7,7433004e4139305f303030385f303234
4232,322495296,166656,1,2d292967,524946462415000057415645666d7420
4233,322661952,265152,1,104900d7,f965812de186d7fe1b7935351726de4a
4234,322927104,231168,1,92199706,bb0400009c310000403b0300308da9b7
4235,323158272,246464,1,af79beb6,4b0300002c15000000c80100a48b76cd
4236,323404736,223104,1,69350f62,617433004e4139305f303031305f3032
4237,323627840,212928,1,545526d2,3033305f31302e617433004e4139305f
4238,323840768,224576,1,13f55c02,5f303031305f3033315f30382e617433
4239,324065344,312960,1,2e9575b2,6f02000094250000807b00002de9d517
4240,324378304,246272,1,9cb5a9a2,faf3a7e9b2c298ea1c368bd8316b45ce
4241,324624576,255808,1,a1d58012,37030000b40f00000094010022259130
4242,324880384,246336,1,e675fac2,455a42494e4400002100000040000000
4243,325126720,210432,1,db15d372,33365f30312e617433004e4139305f30
4244,325337152,268800,1,594544a3,af020000f4060000003e00006e5abd9b
4245,325605952,254976,1,64256d13,4139305f303030375f3033395f30322e
4246,325860928,241408,1,74303fda,fd3b37f736812f600226a9517fdc9137
4247,326102336,273280,1,4950166a,61743300000000000000000000000000
4248,326375616,207232,1,0ef06cba,d70200004416000000410100e93de5cb
4249,326582848,269952,1,3390450a,2f0500006423000040fa0300dedce4f1
4250,326852800,191616,1,81b0991a,970200005c170000c03b01000338a800
4251,327044416,247232,1,bcd0b0aa,0000000000000000666163740c000000
4252,327291648,292608,1,fb70ca7a,305f303030385f3034365f30362e6174
4253,327584256,294976,1,c610e3ca,4e4139305f303030355f3034375f3031
4254,327879232,227136,1,4440741b,4e4139305f303030355f3034385f3031
4255,328106368,250304,1,79205dab,13040000bc1b0000c0670200fbf5ea88
4256,328356672,206400,1,bf6cec7f,4e4139305f303031305f3035305f3132
4257,328563072,256768,1,820cc5cf,03040000d41c000040a402007420f685
4258,328819840,293504,1,c5acbf1f,004e4139305f303031305f3035325f32
4259,329113344,300544,1,f8cc96af,2102a3cee14c50971140e26258b47f16
4260,329413888,237504,1,4aec4abf,524946465c23000057415645666d7420
4261,329651392,243776,1,778c630f,303031305f3035355f32372e61743300
4262,329895168,216704,1,302c19df,f6bd9eb0086a83c497f4e91420a79b5b
4263,330111872,234816,1,0d4c306f,3031305f3035375f31342e617433004e
4264,330346688,250688,1,8f1ca7be,f7020000a41a000040b80100183f453a
4265,330597376,245376,1,b27c8e0e,5f31392e617433004e4139305f303031
4266,330842752,245760,1,39f89ed1,30385f3036305f30322e617433004e41
4267,331088512,257792,1,0498b761,30385f3036315f30322e617433004e41
4268,331346304,255296,1,4338cdb1,13040000840d000080ee020062b06e70
4269,331601600,266176,1,7e58e401,f5e61c88517eed360b85816b0c81a072
4270,331867776,277312,1,cc783811,ce1064c0020db1c2c958271a2765f624
4271,332145088,234944,1,f11811a1,57040000b40f000040c50200b8ac09c3
4272,332380032,243200,1,b6b86b71,0b3b647780e93e265e0003d5ef032e50
4273,332623232,279232,1,8bd842c1,0000000000000000666163740c000000
4274,332902464,268672,1,0988d510,bf020000d41c0000806800001e106426
4275,333171136,203776,1,34e8fca0,470400004c220000c08a0200eca08f2c
4276,333374912,212416,1,f2a44d74,bb4b746ed0f4e4fbbe2b487efebe6e4d
4277,333587328,242816,1,cfc464c4,004e4139305f303031305f3037315f30
4278,333830144,278080,1,88641e14,455a42494e4400002400000040000000
4279,334108224,235648,1,b50437a4,9d39ec65417c1fffee190b4603c71148
4280,334343872,228672,1,0724ebb4,76127ddd8f4e962a0183d32dfe39e71f
4281,334572544,263616,1,3a44c204,305f3037355f32302e617433004e4139
4282,334836160,26944,1,7de4b8d4,4a58e2dbc9f89d7aa768247cf7da50fc
4283,334863104,75776,1,40849164,807c63e47e55a5915ad6650f90018b38
4284,334938880,34368,1,c2d406b5,2a00f6b9c3dc9ab359b5c52865ea5a09
4285,334973248,59072,1,ffb42f05,0e0d82d8a0bffa7709f2a29afd5d4327
4286,335032320,46592,1,3e92d611,455a42494e4400000300000040000000
4287,335078912,227648,1,7932acc1,58a1ac3d8f1015589c82c90b443b40f8
4288,335306560,185152,1,44528571,82a0e38cdb2f2bb8f39c061558f3c8d7
4289,335491712,13120,1,f6725961,df9e8d0dced3def66af953f3c2a3290a
4290,335504832,31168,1,cb1270d1,a482e71e4c5a49130c2f146849f29167
4291,335536000,23744,1,8cb20a01,c1fd7a627191be5a9c376aba953ecee5
4292,335559744,35968,1,b1d223b1,e578f8379d33923d69c615bcc1fca581
4293,335595712,44032,1,3382b460,0000000000000000666163740c000000
4294,335639744,255808,1,0ee29dd0,33004e4139305f303031305f3130315f
4295,335895552,259392,1,c8ae2c04,2e617433004e4139305f303031305f31
4296,336154944,321152,1,f5ce05b4,2f040000e4110000002a020035169abc
4297,336476096,267008,1,b26e7f64,51df4e2814b357af03b9c685dea6d0dd
4298,336743104,289792,1,8f0e56d4,30355f30312e617433004e4139305f30
4299,337032896,262976,1,3d2e8ac4,2646809009713214ffbf647bff583fe3
4300,337295872,290560,1,004ea374,2b050000d41c0000404c030020577b2a
4301,337586432,299776,1,47eed9a4,db03000074180000c0bc010047020b3d
4302,337886208,351680,1,7a8ef014,2e617433004e4139305f303031305f31
4303,338237888,287680,1,f8de67c5,d70400004c220000009702007779713e
4304,338525568,253760,1,c5be4e75,4139305f303031305f3131315f32362e
4305,338779328,265024,1,49d67678,33004e4139305f303031305f3131325f
4306,339044352,281536,1,74b65fc8,455a42494e4400002900000040000000
4307,339325888,261248,1,33162518,342e617433004e4139305f303031305f
4308,339587136,267328,1,0e760ca8,df02000014140000003c000063cd773f
4309,339854464,239040,1,bc56d0b8,7433004e4139305f303031305f313136
4310,340093504,283968,1,8136f908,7f050000d41c000040980300c5cd04fb
4311,340377472,230656,1,c69683d8,7c34ce13585caf698de3b1dffbca8ce0
4312,340608128,271232,1,fbf6aa68,7433004e4139305f303031305f313139
4313,340879360,266112,1,44c61409,455a42494e4400002900000040000000
4314,341145472,274048,1,828aa5dd,fafe449ea493cf6d50abd9e65db3c2c2
4315,341419520,301120,1,bfea8c6d,524946465417000057415645666d7420
4316,341720640,257664,1,f84af6bd,0000000000000000666163740c000000
4317,341978304,318080,1,c52adf0d,33004e4139305f303031305f3230355f
4318,342296384,310016,1,770a031d,3f1c4bd606041c9ccfdf25d3ee07a2be
4319,342606400,264320,1,4a6a2aad,7f050000041f0000c06103006975433e
4320,342870720,237824,1,0dca507d,30385f30312e617433004e4139305f30
4321,343108544,254784,1,30aa79cd,342e617433004e4139305f303031305f
4322,343363328,276032,1,b2faee1c,2d9893383cffd39880e2757bb8b21f08
4323,343639360,266816,1,8f9ac7ac,4e4139305f303031305f3231315f3233
4324,343906176,270720,1,041ed773,80dd7b18165e131e4265324e40baa148
4325,344176896,281792,1,397efec3,db0300008c190000006401006c5e909c
4326,344458688,280768,1,7ede8413,39305f303031305f3231345f32392e61
4327,344739456,291840,1,43beada3,a961db04e921585ab9c8c9379b6fafe0
4328,345031296,246720,1,f19e71b3,d3050000b40f0000c09b03006c906ff7
4329,345278016,258688,1,ccfe5803,0000000000000000666163740c000000
4330,345536704,265664,1,8b5e22d3,870300009c0e000000050100e96b0520
4331,345802368,260608,1,b63e0b63,f05c2621086167becf1cade3c9cd4d44
4332,346062976,255872,1,d71bd85f,33030000cc10000040ac00004c8d6f9f
4333,346318848,512000,0,518faaf1,4e4249001a0000000000000000000000
4334,346830848,444416,0,9ad37954,4e4249000d0000000000000000000000
4335,347275264,890880,0,ee96e49a,4e424900190000000000000000000000
4336,348166144,274432,0,f9edf0d9,4e424900080000000000000000000000
4337,348440576,499712,0,7f798277,4e424900110000000000000000000000
4338,348940288,362496,0,b42551d2,4e4249000a0000000000000000000000
4339,349302784,606208,0,9d8c9d10,4e424900110000000000000000000000
4340,349908992,397312,0,1b18efbe,4e424900100000000000000000000000
4341,350306304,436224,0,d0443c1b,4e424900100000000000000000000000
4342,350742528,305152,0,cd410ca3,4e4249000b0000000000000000000000
4343,351047680,344064,0,061ddf06,4e4249000c0000000000000000000000
4344,351391744,481280,0,8089ada8,4e4249000b0000000000000000000000
4345,351873024,370688,0,8af78953,4e4249000c0000000000000000000000
4346,352243712,497664,0,0c63fbfd,4e4249000f0000000000000000000000
4347,352741376,352256,0,c73f2858,4e4249000c0000000000000000000000
4348,353093632,815104,0,da3a18e0,4e424900100000000000000000000000
4349,353908736,526336,0,b37ab596,4e424900140000000000000000000000
4350,354435072,745472,0,35eec738,4e424900130000000000000000000000
4351,355180544,374784,0,a401a1d5,4e4249000c0000000000000000000000
4352,355555328,436224,0,2295d37b,4e4249000f0000000000000000000000
4353,355991552,784384,0,e9c900de,4e424900140000000000000000000000
4354,356775936,522240,0,7bb86e04,4e424900150000000000000000000000
4355,357298176,370688,0,fd2c1caa,4e4249000a0000000000000000000000
4356,357668864,520192,0,6cc37a47,4e424900100000000000000000000000
4357,358189056,444416,0,ea5708e9,4e424900130000000000000000000000
4358,358633472,569344,0,2fa2a722,4e424900130000000000000000000000
4359,359202816,698368,0,a936d58c,4e424900150000000000000000000000
4360,359901184,346112,0,38d9b361,4e424900110000000000000000000000
4361,360247296,628736,0,01548fa4,4e4249000f0000000000000000000000
4362,360876032,505856,0,162f9be7,4e424900100000000000000000000000
4363,361381888,397312,0,724ef62e,4e4249000e0000000000000000000000
4364,361779200,514048,0,f4da8480,4e424900110000000000000000000000
4365,362293248,673792,0,6535e26d,4e424900160000000000000000000000
4366,362967040,782336,0,5cb8dea8,4e424900120000000000000000000000
4367,363749376,679936,0,da2cac06,4e424900190000000000000000000000
4368,364429312,442368,0,11707fa3,4e4249000c0000000000000000000000
4369,364871680,489472,0,0c754f1b,4e4249000c0000000000000000000000
4370,365361152,475136,0,4bc3caeb,4e4249000d0000000000000000000000
4371,365836288,403456,0,cd57b845,4e4249000f0000000000000000000000
4372,366239744,473088,0,060b6be0,4e424900130000000000000000000000
4373,366712832,598016,0,947a053a,4e424900160000000000000000000000
4374,367310848,942080,0,83011179,4e424900170000000000000000000000
4375,368252928,614400,0,059563d7,4e424900190000000000000000000000
4376,368867328,448512,0,c4951c21,4e4249000d0000000000000000000000
4377,369315840,575488,0,42016e8f,4e424900110000000000000000000000
4378,369891328,325632,0,895dbd2a,4e424900090000000000000000000000
4379,370216960,362496,0,94588d92,4e4249000b0000000000000000000000
4380,370579456,462848,0,5f045e37,4e424900090000000000000000000000
4381,371042304,671744,0,d3ee0862,4e4249001a0000000000000000000000
4382,371714048,325632,0,557a7acc,4e4249000f0000000000000000000000
4383,372039680,395264,0,9e26a969,4e4249000b0000000000000000000000
4384,372434944,450560,0,ea6334a7,4e4249000c0000000000000000000000
4385,372885504,415744,0,6cf74609,4e4249000e0000000000000000000000
4386,373301248,526336,0,a7ab95ac,4e424900120000000000000000000000
4387,373827584,206848,0,baaea514,4e424900090000000000000000000000
4388,374034432,669696,0,fd1820e4,4e424900120000000000000000000000
4389,374704128,483328,0,7b8c524a,4e424900100000000000000000000000
4390,375187456,389120,0,b0d081ef,4e4249000b0000000000000000000000
4391,375576576,808960,0,99794d2d,4e424900160000000000000000000000
4392,376385536,393216,0,8e02596e,4e4249000c0000000000000000000000
4393,376778752,436224,0,08962bc0,4e4249000f0000000000000000000000
4394,377214976,176128,0,c3caf865,4e4249000a0000000000000000000000
4395,377391104,178176,0,b78f65ab,4e4249000a0000000000000000000000
4396,377569280,278528,0,311b1705,4e424900070000000000000000000000
4397,377847808,595968,0,fa47c4a0,4e4249001b0000000000000000000000
4398,378443776,507904,0,e742f418,4e424900110000000000000000000000
4399,378951680,227328,0,a0f471e8,4e424900070000000000000000000000
4400,379179008,350208,0,7f4dbe39,4e4249000d0000000000000000000000
4401,379529216,454656,0,f9d9cc97,4e4249000c0000000000000000000000
4402,379983872,460800,0,32851f32,4e4249000e0000000000000000000000
4403,380444672,491520,0,2f802f8a,4e424900100000000000000000000000
4404,380936192,395264,0,6836aa7a,4e4249000e0000000000000000000000
4405,381331456,411648,0,eea2d8d4,4e4249000f0000000000000000000000
4406,381743104,227328,0,2b57771f,4e4249000b0000000000000000000000
4407,381970432,335872,0,adc305b1,4e4249000a0000000000000000000000
4408,382306304,294912,0,669fd614,4e4249000b0000000000000000000000
4409,382601216,202752,0,7b9ae6ac,4e424900050000000000000000000000
4410,382803968,919552,0,b0c63509,4e424900210000000000000000000000
4411,383723520,280576,0,3c2c635c,4e424900090000000000000000000000
4412,384004096,258048,0,bab811f2,4e424900060000000000000000000000
4413,384262144,380928,0,71e4c257,4e4249000d0000000000000000000000
4414,384643072,344064,0,6ce1f2ef,4e4249000e0000000000000000000000
4415,384987136,710656,0,05a15f99,4e424900140000000000000000000000
4416,385697792,401408,0,83352d37,4e424900100000000000000000000000
4417,386099200,606208,0,4869fe92,4e424900160000000000000000000000
4418,386705408,503808,0,556cce2a,4e4249000c0000000000000000000000
4419,387209216,698368,0,9e301d8f,4e424900150000000000000000000000
4420,387907584,585728,0,12da4bda,4e424900100000000000000000000000
4421,388493312,165888,0,944e3974,4e4249000d0000000000000000000000
4422,388659200,223232,0,5f12ead1,4e4249000b0000000000000000000000
4423,388882432,548864,0,76bb2613,4e4249000f0000000000000000000000
4424,389431296,501760,0,f02f54bd,4e424900150000000000000000000000
4425,389933056,626688,0,3b738718,4e424900180000000000000000000000
4426,390559744,692224,0,2676b7a0,4e424900150000000000000000000000
4427,391251968,376832,0,ed2a6405,4e424900110000000000000000000000
4428,391628800,647168,0,61c03250,4e424900170000000000000000000000
4429,392275968,477184,0,e75440fe,4e4249000f0000000000000000000000
4430,392753152,407552,0,2c08935b,4e4249000c0000000000000000000000
4431,393160704,800768,0,310da3e3,4e4249001a0000000000000000000000
4432,393961472,243712,0,fa517046,4e424900080000000000000000000000
4433,394205184,444416,0,584d0e95,4e4249000d0000000000000000000000
4434,394649600,268288,0,4f361ad6,4e4249000a0000000000000000000000
4435,394917888,512000,0,c9a26878,4e424900110000000000000000000000
4436,395429888,370688,0,02febbdd,4e4249000d0000000000000000000000
4437,395800576,444416,0,1ffb8b65,4e424900120000000000000000000000
4438,396244992,256000,0,908fd507,4e4249000a0000000000000000000000
4439,396500992,544768,0,161ba7a9,4e424900120000000000000000000000
4440,397045760,446464,0,dd47740c,4e424900110000000000000000000000
4441,397492224,610304,0,c04244b4,4e424900120000000000000000000000
4442,398102528,419840,0,87f4c144,4e4249000d0000000000000000000000
4443,398522368,587776,0,0160b3ea,4e424900160000000000000000000000
4444,399110144,475136,0,ca3c604f,4e424900160000000000000000000000
4445,399585280,772096,0,c98b6c66,4e4249001c0000000000000000000000
4446,400357376,370688,0,4f1f1ec8,4e4249000e0000000000000000000000
4447,400728064,233472,0,def07825,4e424900050000000000000000000000
4448,400961536,239616,0,58640a8b,4e424900090000000000000000000000
4449,401201152,616448,0,9338d92e,4e424900120000000000000000000000
4450,401817600,565248,0,8e3de996,4e424900120000000000000000000000
4451,402382848,284672,0,e77d44e0,4e4249000b0000000000000000000000
4452,402667520,319488,0,61e9364e,4e4249000f0000000000000000000000
4453,402987008,444416,0,f00650a3,4e4249000f0000000000000000000000
4454,403431424,374784,0,7692220d,4e4249000e0000000000000000000000
4455,403806208,444416,0,bdcef1a8,4e4249000f0000000000000000000000
4456,404250624,299008,0,94673d6a,4e424900080000000000000000000000
4457,404549632,348160,0,831c2929,4e424900090000000000000000000000
4458,404897792,487424,0,ba9115ec,4e4249000d0000000000000000000000
4459,405385216,729088,0,adea01af,4e424900150000000000000000000000
4460,406114304,536576,0,2b7e7301,4e424900140000000000000000000000
4461,406650880,354304,0,e022a0a4,4e424900110000000000000000000000
4462,407005184,378880,0,7253ce7e,4e4249000d0000000000000000000000
4463,407384064,493568,0,f4c7bcd0,4e4249000c0000000000000000000000
4464,407877632,362496,0,6528da3d,4e424900090000000000000000000000
4465,408240128,538624,0,e3bca893,4e424900160000000000000000000000
4466,408778752,483328,0,28e07b36,4e424900130000000000000000000000
4467,409262080,378880,0,35e54b8e,4e4249000c0000000000000000000000
4468,409640960,440320,0,feb9982b,4e4249000c0000000000000000000000
4469,410081280,538624,0,782dea85,4e424900160000000000000000000000
4470,410619904,786432,0,26490758,4e424900150000000000000000000000
4471,411406336,503808,0,6b81a653,4e424900100000000000000000000000
4472,411910144,438272,0,3132131b,4e4249000d0000000000000000000000
4473,412348416,413696,0,b7a661b5,4e424900100000000000000000000000
4474,412762112,479232,0,7cfab210,4e4249000f0000000000000000000000
4475,413241344,598016,0,61ff82a8,4e424900150000000000000000000000
4476,413839360,671744,0,08bf2fde,4e424900110000000000000000000000
4477,414511104,559104,0,8e2b5d70,4e424900110000000000000000000000
4478,415070208,567296,0,45778ed5,4e4249000d0000000000000000000000
4479,415637504,352256,0,1fc43b9d,4e4249000a0000000000000000000000
4480,415989760,534528,0,7ba55654,4e4249000f0000000000000000000000
4481,416524288,827392,0,fd3124fa,4e424900150000000000000000000000
4482,417351680,673792,0,366df75f,4e424900120000000000000000000000
4483,418025472,305152,0,2b68c7e7,4e4249000b0000000000000000000000
4484,418330624,829440,0,6cde4217,4e424900160000000000000000000000
4485,419160064,727040,0,ea4a30b9,4e424900180000000000000000000000
4486,419887104,616448,0,55537ed2,4e424900170000000000000000000000
4487,420503552,518144,0,d3c70c7c,4e424900100000000000000000000000
4488,421021696,452608,0,189bdfd9,4e4249000e0000000000000000000000
4489,421474304,499712,0,42286a91,4e4249000c0000000000000000000000
4490,421974016,509952,0,c4bc183f,4e424900160000000000000000000000
4491,422483968,315392,0,0fe0cb9a,4e4249000e0000000000000000000000
4492,422799360,278528,0,12e5fb22,4e4249000b0000000000000000000000
4493,423077888,493568,0,d9b92887,4e424900120000000000000000000000
4494,423571456,280576,0,9d91a540,4e4249000b0000000000000000000000
4495,423852032,495616,0,1b05d7ee,4e424900110000000000000000000000
4496,424347648,591872,0,d059044b,4e424900180000000000000000000000
4497,424939520,423936,0,cd5c34f3,4e4249000b0000000000000000000000
4498,425363456,561152,0,0600e756,4e4249000f0000000000000000000000
4499,425924608,528384,0,8aeab103,4e4249000c0000000000000000000000
4500,426452992,450560,0,0c7ec3ad,4e4249000e0000000000000000000000
4501,426903552,251904,0,c7221008,4e424900090000000000000000000000
4502,427155456,516096,0,da2720b0,4e4249000f0000000000000000000000
4503,427671552,256000,0,cd7ebc5b,4e424900090000000000000000000000
4504,427927552,352256,0,4beacef5,4e4249000f0000000000000000000000
4505,428279808,864256,0,80b61d50,4e424900180000000000000000000000
4506,429144064,296960,0,9db32de8,4e424900080000000000000000000000
4507,429441024,475136,0,56effe4d,4e4249000e0000000000000000000000
4508,429916160,307200,0,da05a818,4e4249000b0000000000000000000000
4509,430223360,301056,0,5c91dab6,4e4249000c0000000000000000000000
4510,430524416,419840,0,97cd0913,4e4249000c0000000000000000000000
4511,430944256,393216,0,8ac839ab,4e4249000d0000000000000000000000
4512,431337472,344064,0,4194ea0e,4e4249000d0000000000000000000000
4513,431681536,350208,0,c70098a0,4e4249000a0000000000000000000000
4514,432031744,221184,0,0c5c4b05,4e424900090000000000000000000000
4515,432252928,342016,0,e38894dd,4e4249000b0000000000000000000000
4516,432594944,296960,0,651ce673,4e4249000c0000000000000000000000
4517,432891904,618496,0,ae4035d6,4e424900160000000000000000000000
4518,433510400,579584,0,b345056e,4e424900110000000000000000000000
4519,434089984,987136,0,f4f3809e,4e424900130000000000000000000000
4520,435077120,325632,0,9092ed57,4e424900120000000000000000000000
4521,435402752,290816,0,16069ff9,4e4249000b0000000000000000000000
4522,435693568,595968,0,dd5a4c5c,4e424900140000000000000000000000
4523,436289536,489472,0,c05f7ce4,4e424900130000000000000000000000
4524,436779008,598016,0,0b03af41,4e424900100000000000000000000000
4525,437377024,702464,0,87e9f914,4e424900140000000000000000000000
4526,438079488,897024,0,017d8bba,4e4249001e0000000000000000000000
4527,438976512,350208,0,ca21581f,4e4249000d0000000000000000000000
4528,439326720,241664,0,d72468a7,4e4249000c0000000000000000000000
4529,439568384,452608,0,be64c5d1,4e424900100000000000000000000000
4530,440020992,290816,0,38f0b77f,4e4249000c0000000000000000000000
4531,440311808,292864,0,f3ac64da,4e424900070000000000000000000000
4532,440604672,831488,0,eea95462,4e424900140000000000000000000000
4533,441436160,974848,0,a91fd192,4e4249001f0000000000000000000000
4534,442411008,325632,0,2f8ba33c,4e4249000e0000000000000000000000
4535,442736640,657408,0,e4d77099,4e424900150000000000000000000000
4536,443394048,729088,0,76a61e43,4e424900160000000000000000000000
4537,444123136,606208,0,f0326ced,4e4249000f0000000000000000000000
4538,444729344,368640,0,3b6ebf48,4e4249000a0000000000000000000000
4539,445097984,473088,0,266b8ff0,4e4249000d0000000000000000000000
4540,445571072,335872,0,61dd0a00,4e4249000a0000000000000000000000
4541,445906944,794624,0,22bcd765,4e4249001b0000000000000000000000
4542,446701568,903168,0,a428a5cb,4e424900180000000000000000000000
4543,447604736,419840,0,6f74766e,4e4249000d0000000000000000000000
4544,448024576,337920,0,727146d6,4e4249000e0000000000000000000000
4545,448362496,376832,0,b92d9573,4e4249000f0000000000000000000000
4546,448739328,501760,0,35c7c326,4e424900120000000000000000000000
4547,449241088,415744,0,b353b188,4e4249000c0000000000000000000000
4548,449656832,489472,0,780f622d,4e424900110000000000000000000000
4549,450146304,425984,0,650a5295,4e4249000e0000000000000000000000
4550,450572288,466944,0,ae568130,4e4249000f0000000000000000000000
4551,451039232,387072,0,0c4affe3,4e4249000d0000000000000000000000
4552,451426304,538624,0,8ade8d4d,4e424900110000000000000000000000
4553,451964928,778240,0,41825ee8,4e4249001a0000000000000000000000
4554,452743168,464896,0,5c876e50,4e424900110000000000000000000000
4555,453208064,522240,0,1b31eba0,4e424900100000000000000000000000
4556,453730304,714752,0,9da5990e,4e424900170000000000000000000000
4557,454445056,612352,0,56f94aab,4e424900100000000000000000000000
4558,455057408,829440,0,4bfc7a13,4e424900190000000000000000000000
4559,455886848,380928,0,7f508669,4e424900090000000000000000000000
4560,456267776,571392,0,f9c4f4c7,4e424900120000000000000000000000
4561,456839168,346112,0,682b922a,4e4249000f0000000000000000000000
4562,457185280,530432,0,eebfe084,4e424900110000000000000000000000
4563,457715712,532480,0,3c75e7d6,4e424900100000000000000000000000
4564,458248192,397312,0,bae19578,4e4249000b0000000000000000000000
4565,458645504,555008,0,71bd46dd,4e4249000e0000000000000000000000
4566,459200512,755712,0,6cb87665,4e424900140000000000000000000000
4567,459956224,1146880,0,a7e4a5c0,4e424900180000000000000000000000
4568,461103104,815104,0,2170d76e,4e424900120000000000000000000000
4569,461918208,1603584,0,ea2c04cb,4e424900250000000000000000000000
4570,463521792,897024,0,1b7ab61e,4e4249001a0000000000000000000000
4571,464418816,706560,0,d02665bb,4e424900150000000000000000000000
4572,465125376,827392,0,515e3fc7,4e424900170000000000000000000000
4573,465952768,708608,0,2b0ef395,4e424900120000000000000000000000
4574,466661376,212992,0,ad9a813b,4e424900060000000000000000000000
4575,466874368,1280000,0,66c6529e,4e424900250000000000000000000000
4576,468154368,288768,0,7bc36226,4e424900060000000000000000000000
4577,468443136,450560,0,b09fb183,4e4249000d0000000000000000000000
4578,468893696,540672,0,360bc32d,4e4249000a0000000000000000000000
4579,469434368,374784,0,fd571088,4e424900080000000000000000000000
4580,469809152,462848,0,0c01a25d,4e4249000a0000000000000000000000
4581,470272000,206848,0,c75d71f8,4e424900040000000000000000000000
4582,470478848,145408,0,46252b84,4e424900030000000000000000000000
4583,470624256,647168,0,ecdf23b1,4e424900110000000000000000000000
4584,471271424,331776,0,d6d542c1,4e424900080000000000000000000000
4585,471603200,841728,0,57ad18bd,4e424900190000000000000000000000
4586,472444928,258048,0,9cf1cb18,4e424900080000000000000000000000
4587,472702976,331776,0,1a65b9b6,4e424900090000000000000000000000
4588,473034752,102400,0,d1396a13,4e424900030000000000000000000000
4589,473137152,256000,0,cc3c5aab,4e424900080000000000000000000000
4590,473393152,270336,0,0760890e,4e424900070000000000000000000000
4591,473663488,378880,0,81f4fba0,4e4249000b0000000000000000000000
4592,474042368,395264,0,4aa82805,4e4249000a0000000000000000000000
4593,474437632,153600,0,bbfe9ad0,4e424900050000000000000000000000
4594,474591232,423936,0,70a24975,4e4249000f0000000000000000000000
4595,475015168,923648,0,66450220,4e424900160000000000000000000000
4596,475938816,301056,0,ad19d185,4e424900090000000000000000000000
4597,476239872,585728,0,2b8da32b,4e4249000e0000000000000000000000
4598,476825600,122880,0,e0d1708e,4e424900020000000000000000000000
4599,476948480,442368,0,fdd44036,4e4249000a0000000000000000000000
4600,477390848,548864,0,36889393,4e4249000c0000000000000000000000
4601,477939712,456704,0,b01ce13d,4e4249000c0000000000000000000000
4602,478396416,1101824,0,7b403298,4e4249001b0000000000000000000000
4603,479498240,1101824,0,8a16804d,4e424900170000000000000000000000
4604,480600064,92160,0,414a53e8,4e424900030000000000000000000000
4605,480692224,659456,0,7c2a7a58,4e424900110000000000000000000000
4606,481351680,1038336,0,3b8a0088,4e4249001b0000000000000000000000
4607,482390016,473088,0,06ea2938,4e4249000c0000000000000000000000
4608,482863104,870400,0,b4caf528,4e4249001a0000000000000000000000
4609,483733504,239616,0,2dfdd4ef,4e424900080000000000000000000000
4610,483973120,274432,0,ab69a641,4e424900070000000000000000000000
4611,484247552,415744,0,603575e4,4e4249000d0000000000000000000000
4612,484663296,454656,0,7d30455c,4e4249000c0000000000000000000000
4613,485117952,843776,0,b66c96f9,4e424900140000000000000000000000
4614,485961728,108544,0,30f8e457,4e424900020000000000000000000000
4615,486070272,970752,0,fba437f2,4e424900170000000000000000000000
4616,487041024,225280,0,0af28527,4e424900060000000000000000000000
4617,487266304,1073152,0,c1ae5682,4e4249001b0000000000000000000000
4618,488339456,483328,0,40d60cfe,4e4249000e0000000000000000000000
4619,488822784,415744,0,8b8adf5b,4e4249000b0000000000000000000000
4620,489238528,921600,0,1470e82a,4e4249001a0000000000000000000000
4621,490160128,145408,0,92e49a84,4e424900040000000000000000000000
4622,490305536,509952,0,59b84921,4e4249000d0000000000000000000000
4623,490815488,540672,0,44bd7999,4e4249000c0000000000000000000000
4624,491356160,714752,0,8c5df6e9,4e424900100000000000000000000000
4625,492070912,102400,0,cbfd8c39,4e424900030000000000000000000000
4626,492173312,40960,0,f69da589,4e424900010000000000000000000000
4627,492214272,161792,0,8fe1aa3c,4e424900050000000000000000000000
4628,492376064,884736,0,0975d892,4e424900170000000000000000000000
4629,493260800,131072,0,c2290b37,4e424900030000000000000000000000
4630,493391872,901120,0,337fb9e2,4e424900170000000000000000000000
4631,494292992,112640,0,f8236a47,4e424900040000000000000000000000
4632,494405632,552960,0,795b303b,4e424900130000000000000000000000
4633,494958592,915456,0,030bfc69,4e424900150000000000000000000000
4634,495874048,163840,0,859f8ec7,4e424900050000000000000000000000
4635,496037888,356352,0,4ec35d62,4e4249000a0000000000000000000000
4636,496394240,659456,0,53c66dda,4e4249000f0000000000000000000000
4637,497053696,528384,0,989abe7f,4e4249000f0000000000000000000000
4638,497582080,215040,0,1e0eccd1,4e424900060000000000000000000000
4639,497797120,757760,0,d5521f74,4e424900160000000000000000000000
4640,498554880,620544,0,676a91a0,4e4249000f0000000000000000000000
4641,499175424,145408,0,e1fee30e,4e424900060000000000000000000000
4642,499320832,454656,0,291e6c7e,4e4249000b0000000000000000000000
4643,499775488,165888,0,2aa230ab,4e424900040000000000000000000000
4644,499941376,927744,0,37a70013,4e424900120000000000000000000000
4645,500869120,114688,0,fcfbd3b6,4e424900040000000000000000000000
4646,500983808,34816,0,7a6fa118,4e424900020000000000000000000000
4647,501018624,808960,0,b13372bd,4e424900130000000000000000000000
4648,501827584,790528,0,4065c068,4e424900120000000000000000000000
4649,502618112,581632,0,8b3913cd,4e424900130000000000000000000000
4650,503199744,716800,0,0a4149b1,4e424900150000000000000000000000
4651,503916544,339968,0,c11d9a14,4e424900080000000000000000000000
4652,504256512,92160,0,4789e8ba,4e424900030000000000000000000000
4653,504348672,241664,0,8cd53b1f,4e424900070000000000000000000000
4654,504590336,659456,0,701185e3,4e4249000e0000000000000000000000
4655,505249792,251904,0,f685f74d,4e424900070000000000000000000000
4656,505501696,690176,0,3e65783d,4e424900110000000000000000000000
4657,506191872,137216,0,79c502ed,4e424900060000000000000000000000
4658,506329088,34816,0,44a52b5d,4e424900020000000000000000000000
4659,506363904,100352,0,3dd924e8,4e424900030000000000000000000000
4660,506464256,260096,0,20dc1450,4e4249000b0000000000000000000000
4661,506724352,471040,0,eb80c7f5,4e424900110000000000000000000000
4662,507195392,38912,0,6d14b55b,4e424900020000000000000000000000
4663,507234304,1081344,0,a64866fe,4e4249001d0000000000000000000000
4664,508315648,378880,0,571ed42b,4e4249000a0000000000000000000000
4665,508694528,372736,0,9c42078e,4e4249000c0000000000000000000000
4666,509067264,645120,0,1d3a5df2,4e4249000f0000000000000000000000
4667,509712384,552960,0,d6668e57,4e4249000f0000000000000000000000
4668,510265344,1054720,0,50f2fcf9,4e424900210000000000000000000000
4669,511320064,657408,0,499cb926,4e424900100000000000000000000000
4670,511977472,276480,0,cf08cb88,4e424900060000000000000000000000
4671,512253952,436224,0,07e844f8,4e4249000c0000000000000000000000
4672,512690176,73728,0,0454182d,4e424900030000000000000000000000
4673,512763904,376832,0,19512895,4e4249000b0000000000000000000000
4674,513140736,147456,0,d20dfb30,4e424900060000000000000000000000
4675,513288192,36864,0,5499899e,4e424900010000000000000000000000
4676,513325056,933888,0,9fc55a3b,4e4249001d0000000000000000000000
4677,514258944,434176,0,6e93e8ee,4e4249000c0000000000000000000000
4678,514693120,659456,0,a5cf3b4b,4e424900120000000000000000000000
4679,515352576,503808,0,24b76137,4e4249000e0000000000000000000000
4680,515856384,421888,0,efebb292,4e4249000d0000000000000000000000
4681,516278272,212992,0,697fc03c,4e424900080000000000000000000000
4682,516491264,598016,0,a2231399,4e424900100000000000000000000000
4683,517089280,677888,0,bf262321,4e424900100000000000000000000000
4684,517767168,436224,0,5ee7ad65,4e4249000b0000000000000000000000
4685,518203392,264192,0,d873dfcb,4e424900060000000000000000000000
4686,518467584,753664,0,109350bb,4e424900150000000000000000000000
4687,519221248,98304,0,132f0c6e,4e424900040000000000000000000000
4688,519319552,444416,0,0e2a3cd6,4e4249000c0000000000000000000000
4689,519763968,856064,0,c576ef73,4e4249001a0000000000000000000000
4690,520620032,509952,0,43e29ddd,4e4249000d0000000000000000000000
4691,521129984,880640,0,88be4e78,4e424900130000000000000000000000
4692,522010624,700416,0,79e8fcad,4e4249000f0000000000000000000000
4693,522711040,837632,0,b2b42f08,4e4249001a0000000000000000000000
4694,523548672,755712,0,33cc7574,4e424900160000000000000000000000
4695,524304384,571392,0,f890a6d1,4e424900100000000000000000000000
4696,524875776,1134592,0,7e04d47f,4e424900210000000000000000000000
4697,526010368,462848,0,815e62b4,4e4249000b0000000000000000000000
4698,526473216,296960,0,07ca101a,4e424900070000000000000000000000
4699,526770176,557056,0,cc96c3bf,4e4249000f0000000000000000000000
4700,527327232,708608,0,d193f307,4e424900120000000000000000000000
4701,528035840,98304,0,1acf20a2,4e424900020000000000000000000000
4702,528134144,643072,0,9c5b520c,4e424900100000000000000000000000
4703,528777216,540672,0,570781a9,4e4249000b0000000000000000000000
4704,529317888,776192,0,a651337c,4e424900120000000000000000000000
4705,530094080,395264,0,6d0de0d9,4e4249000c0000000000000000000000
4706,530489344,1062912,0,ec75baa5,4e424900190000000000000000000000
4707,531552256,331776,0,27296900,4e424900080000000000000000000000
4708,531884032,237568,0,a1bd1bae,4e424900050000000000000000000000
4709,532121600,149504,0,6ae1c80b,4e424900050000000000000000000000
4710,532271104,1202176,0,77e4f8b3,4e424900200000000000000000000000
4711,533473280,550912,0,bcb82b16,4e424900170000000000000000000000
4712,534024192,245760,0,3a2c59b8,4e424900070000000000000000000000
4713,534269952,1097728,0,f1708a1d,4e4249001e0000000000000000000000
4714,535367680,135168,0,962576f7,4e424900060000000000000000000000
4715,535502848,180224,0,10b10459,4e424900040000000000000000000000
4716,535683072,518144,0,dbedd7fc,4e4249000d0000000000000000000000
4717,536201216,600064,0,c6e8e744,4e4249000d0000000000000000000000
4718,536801280,557056,0,0db434e1,4e424900140000000000000000000000
4719,537358336,49152,0,8b20464f,4e424900010000000000000000000000
4720,537407488,249856,0,407c95ea,4e424900070000000000000000000000
4721,537657344,1216512,0,b12a273f,4e424900290000000000000000000000
4722,538873856,575488,0,7a76f49a,4e4249000e0000000000000000000000
4723,539449344,700416,0,fb0eaee6,4e424900130000000000000000000000
4724,540149760,839680,0,30527d43,4e424900160000000000000000000000
4725,540989440,546816,0,b6c60fed,4e424900110000000000000000000000
4726,541536256,542720,0,7d9adc48,4e4249000e0000000000000000000000
4727,542078976,239616,0,609fecf0,4e4249000a0000000000000000000000
4728,542318592,276480,0,abc33f55,4e424900090000000000000000000000
4729,542595072,1421312,0,2d574dfb,4e424900280000000000000000000000
4730,544016384,655360,0,e60b9e5e,4e424900120000000000000000000000
4731,544671744,155648,0,175d2c8b,4e424900040000000000000000000000
4732,544827392,806912,0,dc01ff2e,4e4249001b0000000000000000000000
4733,545634304,796672,0,d544ab92,4e424900120000000000000000000000
4734,546430976,681984,0,53d0d93c,4e424900100000000000000000000000
4735,547112960,798720,0,9b30564c,4e424900150000000000000000000000
4736,547911680,112640,0,988c0a99,4e424900050000000000000000000000
4737,548024320,194560,0,85893a21,4e424900060000000000000000000000
4738,548218880,65536,0,4ed5e984,4e424900020000000000000000000000
4739,548284416,38912,0,c8419b2a,4e424900020000000000000000000000
4740,548323328,223232,0,031d488f,4e424900070000000000000000000000
4741,548546560,700416,0,f24bfa5a,4e424900120000000000000000000000
4742,549246976,530432,0,391729ff,4e424900120000000000000000000000
4743,549777408,387072,0,b86f7383,4e4249000e0000000000000000000000
4744,550164480,415744,0,7333a026,4e4249000f0000000000000000000000
4745,550580224,167936,0,f5a7d288,4e424900070000000000000000000000
4746,550748160,552960,0,3efb012d,4e424900160000000000000000000000
4747,551301120,184320,0,e8a2e230,4e424900060000000000000000000000
4748,551485440,141312,0,c23fbfd1,4e424900050000000000000000000000
4749,551626752,153600,0,44abcd7f,4e424900050000000000000000000000
4750,551780352,679936,0,8ff71eda,4e424900100000000000000000000000
4751,552460288,540672,0,92f22e62,4e4249000e0000000000000000000000
4752,553000960,1052672,0,59aefdc7,4e424900180000000000000000000000
4753,554053632,718848,0,df3a8f69,4e4249000e0000000000000000000000
4754,554772480,954368,0,14665ccc,4e424900170000000000000000000000
4755,555726848,225280,0,e530ee19,4e424900080000000000000000000000
4756,555952128,2383872,0,af1467c0,4e424900390000000000000000000000
4757,558336000,790528,0,67f4e8b0,4e424900110000000000000000000000
4758,559126528,77824,0,6448b465,4e424900030000000000000000000000
4759,559204352,413696,0,e2dcc6cb,4e4249000c0000000000000000000000
4760,559618048,794624,0,2980156e,4e424900160000000000000000000000
4761,560412672,997376,0,348525d6,4e424900190000000000000000000000
4762,561410048,1120256,0,fbb28314,4e4249001a0000000000000000000000
4763,562530304,276480,0,7d26f1ba,4e424900080000000000000000000000
4764,562806784,303104,0,b5c67eca,4e424900070000000000000000000000
4765,563109888,77824,0,b67a221f,4e424900040000000000000000000000
4766,563187712,946176,0,ab7f12a7,4e424900140000000000000000000000
4767,564133888,440320,0,6023c102,4e4249000c0000000000000000000000
4768,564574208,90112,0,e6b7b3ac,4e424900020000000000000000000000
4769,564664320,366592,0,2deb6009,4e4249000b0000000000000000000000
4770,565030912,358400,0,dcbdd2dc,4e4249000c0000000000000000000000
4771,565389312,108544,0,17e10179,4e424900040000000000000000000000
4772,565497856,354304,0,96995b05,4e424900080000000000000000000000
4773,565852160,366592,0,5dc588a0,4e424900080000000000000000000000
4774,566218752,641024,0,db51fa0e,4e424900160000000000000000000000
4775,566859776,851968,0,100d29ab,4e424900160000000000000000000000
4776,567711744,45056,0,0d081913,4e424900020000000000000000000000
4777,567756800,1005568,0,c654cab6,4e4249001b0000000000000000000000
4778,568762368,51200,0,40c0b818,4e424900030000000000000000000000
4779,568813568,464896,0,8b9c6bbd,4e4249000f0000000000000000000000
4780,569278464,331776,0,ecc99757,4e4249000a0000000000000000000000
4781,569610240,415744,0,6a5de5f9,4e4249000b0000000000000000000000
4782,570025984,628736,0,a101365c,4e4249000f0000000000000000000000
4783,570654720,77824,0,bc0406e4,4e424900040000000000000000000000
4784,570732544,51200,0,7758d541,4e424900020000000000000000000000
4785,570783744,116736,0,bfb85a31,4e424900040000000000000000000000
4786,570900480,47104,0,f1cca7ef,4e424900020000000000000000000000
4787,570947584,198656,0,3a90744a,4e424900070000000000000000000000
4788,571146240,434176,0,f270fb3a,4e424900100000000000000000000000
4789,571580416,59392,0,cbc6c69f,4e424900020000000000000000000000
4790,571639808,471040,0,009a153a,4e4249000d0000000000000000000000
4791,572110848,1089536,0,81e24f46,4e4249001c0000000000000000000000
4792,573200384,808960,0,88a8fa9e,4e424900140000000000000000000000
4793,574009344,360448,0,0e3c8830,4e4249000c0000000000000000000000
4794,574369792,804864,0,c5605b95,4e424900150000000000000000000000
4795,575174656,165888,0,d8656b2d,4e424900050000000000000000000000
4796,575340544,319488,0,1339b888,4e4249000c0000000000000000000000
4797,575660032,444416,0,95adca26,4e4249000f0000000000000000000000
4798,576104448,1130496,0,5ef11983,4e424900200000000000000000000000
4799,577234944,546816,0,afa7ab56,4e424900140000000000000000000000
4800,577781760,1355776,0,9fd3eedd,4e424900280000000000000000000000
4801,579137536,131072,0,19479c73,4e424900040000000000000000000000
4802,579268608,475136,0,d21b4fd6,4e4249000b0000000000000000000000
4803,579743744,139264,0,cf1e7f6e,4e424900060000000000000000000000
4804,579883008,38912,0,07fef01e,4e424900020000000000000000000000
4805,579921920,36864,0,0442accb,4e424900020000000000000000000000
4806,579958784,497664,0,82d6de65,4e4249000e0000000000000000000000
4807,580456448,1071104,0,498a0dc0,4e424900210000000000000000000000
4808,581527552,362496,0,b8dcbf15,4e4249000e0000000000000000000000
4809,581890048,471040,0,73806cb0,4e4249000b0000000000000000000000
4810,582361088,946176,0,f2f836cc,4e4249001e0000000000000000000000
4811,583307264,585728,0,39a4e569,4e4249000c0000000000000000000000
4812,583892992,1099776,0,bf3097c7,4e424900220000000000000000000000
4813,584992768,223232,0,a65ed218,4e424900070000000000000000000000
4814,585216000,440320,0,20caa0b6,4e4249000b0000000000000000000000
4815,585656320,600064,0,e82a2fc6,4e4249000f0000000000000000000000
4816,586256384,49152,0,eb967313,4e424900020000000000000000000000
4817,586305536,167936,0,f69343ab,4e4249000b0000000000000000000000
4818,586473472,1376256,0,3dcf900e,4e424900200000000000000000000000
4819,587849728,77824,0,bb5be2a0,4e424900040000000000000000000000
4820,587927552,245760,0,70073105,4e4249000a0000000000000000000000
4821,588173312,344064,0,815183d0,4e4249000b0000000000000000000000
4822,588517376,198656,0,4a0d5075,4e424900060000000000000000000000
4823,588716032,108544,0,b125c65b,4e424900040000000000000000000000
4824,588824576,145408,0,37b1b4f5,4e424900050000000000000000000000
4825,588969984,534528,0,fced6750,4e424900170000000000000000000000
4826,589504512,329728,0,e1e857e8,4e4249000a0000000000000000000000
4827,589834240,67584,0,2ab4844d,4e424900040000000000000000000000
4828,589901824,32768,0,ac20f6e3,4e424900020000000000000000000000
4829,589934592,868352,0,677c2546,4e424900160000000000000000000000
4830,590802944,509952,0,962a9793,4e424900120000000000000000000000
4831,591312896,815104,0,5d764436,4e424900140000000000000000000000
4832,592128000,1286144,0,dc0e1e4a,4e4249001e0000000000000000000000
4833,593414144,190464,0,6e9c098a,4e424900080000000000000000000000
4834,593604608,319488,0,e8087b24,4e4249000a0000000000000000000000
4835,593924096,741376,0,20e8f454,4e424900120000000000000000000000
4836,594665472,270336,0,2354a881,4e424900080000000000000000000000
4837,594935808,194560,0,ebb427f1,4e424900060000000000000000000000
4838,595130368,542720,0,3e519839,4e4249000f0000000000000000000000
4839,595673088,790528,0,f50d4b9c,4e4249001b0000000000000000000000
4840,596463616,67584,0,73993932,4e424900040000000000000000000000
4841,596531200,1374208,0,bb79b642,4e424900240000000000000000000000
4842,597905408,229376,0,b8c5ea97,4e424900090000000000000000000000
4843,598134784,483328,0,49935842,4e4249000e0000000000000000000000
4844,598618112,833536,0,82cf8be7,4e424900100000000000000000000000
4845,599451648,798720,0,03b7d19b,4e424900150000000000000000000000
4846,600250368,995328,0,c8eb023e,4e4249001f0000000000000000000000
4847,601245696,440320,0,79e71dc9,4e4249000d0000000000000000000000
4848,601686016,661504,0,ff736f67,4e424900100000000000000000000000
4849,602347520,765952,0,342fbcc2,4e424900170000000000000000000000
4850,603113472,106496,0,292a8c7a,4e424900060000000000000000000000
4851,603219968,1148928,0,e2765fdf,4e4249001e0000000000000000000000
4852,604368896,59392,0,2a96d0af,4e424900020000000000000000000000
4853,604428288,26624,0,505683cf,4e424900010000000000000000000000
4854,604454912,303104,0,64e22d71,4e424900090000000000000000000000
4855,604758016,1880064,0,afbefed4,4e424900250000000000000000000000
4856,606638080,88064,0,5ee84c01,4e424900030000000000000000000000
4857,606726144,278528,0,95b49fa4,4e424900070000000000000000000000
4858,607004672,266240,0,14ccc5d8,4e424900080000000000000000000000
4859,607270912,860160,0,df90167d,4e424900190000000000000000000000
4860,608131072,151552,0,590464d3,4e424900040000000000000000000000
4861,608282624,235520,0,9258b776,4e424900080000000000000000000000
4862,608518144,260096,0,8f5d87ce,4e424900090000000000000000000000
4863,608778240,663552,0,4401546b,4e424900130000000000000000000000
4864,609441792,567296,0,3e731091,4e4249000e0000000000000000000000
4865,610009088,393216,0,b8e7623f,4e4249000b0000000000000000000000
4866,610402304,366592,0,7007ed4f,4e424900080000000000000000000000
4867,610768896,196608,0,73bbb19a,4e424900060000000000000000000000
4868,610965504,866304,0,6ebe8122,4e424900160000000000000000000000
4869,611831808,47104,0,a5e25287,4e424900020000000000000000000000
4870,611878912,83968,0,23762029,4e424900030000000000000000000000
4871,611962880,448512,0,e82af38c,4e4249000b0000000000000000000000
4872,612411392,147456,0,197c4159,4e424900040000000000000000000000
4873,612558848,71680,0,d22092fc,4e424900030000000000000000000000
4874,612630528,638976,0,1ac01d8c,4e424900140000000000000000000000
4875,613269504,550912,0,5358c880,4e424900140000000000000000000000
4876,613820416,120832,0,290804d2,4e424900040000000000000000000000
4877,613941248,614400,0,af9c767c,4e424900100000000000000000000000
4878,614555648,626688,0,64c0a5d9,4e4249000f0000000000000000000000
4879,615182336,487424,0,ac202aa9,4e424900100000000000000000000000
4880,615669760,354304,0,79c59561,4e4249000e0000000000000000000000
4881,616024064,235520,0,b29946c4,4e424900080000000000000000000000
4882,616259584,110592,0,7a79c9b4,4e424900040000000000000000000000
4883,616370176,223232,0,340d346a,4e424900080000000000000000000000
4884,616593408,411648,0,ff51e7cf,4e4249000d0000000000000000000000
4885,617005056,1568768,0,0e07551a,4e424900280000000000000000000000
4886,618573824,333824,0,c55b86bf,4e424900070000000000000000000000
4887,618907648,1007616,0,4423dcc3,4e4249001c0000000000000000000000
4888,619915264,409600,0,8f7f0f66,4e424900090000000000000000000000
4889,620324864,272384,0,10853817,4e424900090000000000000000000000
4890,620597248,202752,0,96114ab9,4e424900050000000000000000000000
4891,620800000,159744,0,5d4d991c,4e424900050000000000000000000000
4892,620959744,57344,0,4048a9a4,4e424900020000000000000000000000
4893,621017088,53248,0,8b147a01,4e424900020000000000000000000000
4894,621070336,161792,0,0d8008af,4e424900060000000000000000000000
4895,621232128,57344,0,c6dcdb0a,4e424900030000000000000000000000
4896,621289472,26624,0,378a69df,4e424900010000000000000000000000
4897,621316096,94208,0,fcd6ba7a,4e424900050000000000000000000000
4898,621410304,32768,0,7daee006,4e424900020000000000000000000000
4899,621443072,26624,0,b6f233a3,4e424900020000000000000000000000
4900,621469696,55296,0,3066410d,4e424900030000000000000000000000
4901,621524992,524288,0,fb3a92a8,4e4249000d0000000000000000000000
4902,622049280,653312,0,e63fa210,4e424900110000000000000000000000
4903,622702592,149504,0,07fe2c54,4e424900050000000000000000000000
4904,622852096,288768,0,816a5efa,4e424900090000000000000000000000
4905,623140864,376832,0,4a368d5f,4e4249000a0000000000000000000000
4906,623517696,372736,0,5733bde7,4e4249000d0000000000000000000000
4907,623890432,595968,0,9c6f6e42,4e4249000e0000000000000000000000
4908,624486400,225280,0,1afb1cec,4e424900080000000000000000000000
4909,624711680,59392,0,d1a7cf49,4e424900020000000000000000000000
4910,624771072,8192,0,20f17d9c,4e424900010000000000000000000000
4911,624779264,370688,0,ebadae39,4e4249000c0000000000000000000000
4912,625149952,974848,0,6ad5f445,4e4249001c0000000000000000000000
4913,626124800,264192,0,639f419d,4e424900090000000000000000000000
4914,626388992,286720,0,e50b3333,4e424900080000000000000000000000
4915,626675712,741376,0,d86b1a83,4e4249000f0000000000000000000000
4916,627417088,149504,0,9fcb6053,4e424900050000000000000000000000
4917,627566592,215040,0,a2ab49e3,4e424900060000000000000000000000
4918,627781632,274432,0,108b95f3,4e424900080000000000000000000000
4919,628056064,243712,0,2debbc43,4e424900070000000000000000000000
4920,628299776,83968,0,6a4bc693,4e424900020000000000000000000000
4921,628383744,83968,0,572bef23,4e424900020000000000000000000000
4922,628467712,83968,0,d57b78f2,4e424900020000000000000000000000
4923,628551680,83968,0,2e57e096,4e424900020000000000000000000000
4924,628635648,110592,0,3352d02e,4e424900030000000000000000000000
4925,628746240,1128448,0,f80e038b,4e4249001e0000000000000000000000
4926,629874688,43008,0,7e9a7125,4e424900010000000000000000000000
4927,629917696,618496,0,b5c6a280,4e424900100000000000000000000000
4928,630536192,75776,0,44901055,4e424900020000000000000000000000
4929,630611968,700416,0,8fccc3f0,4e4249000f0000000000000000000000
4930,631312384,632832,0,74e455de,4e4249000e0000000000000000000000
4931,631945216,366592,0,4d69691b,4e4249000a0000000000000000000000
4932,632311808,477184,0,8589e66b,4e424900100000000000000000000000
4933,632788992,737280,0,cbfd1bb5,4e424900160000000000000000000000
4934,633526272,354304,0,00a1c810,4e4249000a0000000000000000000000
4935,633880576,630784,0,1da4f8a8,4e424900120000000000000000000000
4936,634511360,931840,0,d6f82b0d,4e424900190000000000000000000000
4937,635443200,319488,0,506c59a3,4e4249000b0000000000000000000000
4938,635762688,569344,0,9b308a06,4e424900150000000000000000000000
4939,636332032,681984,0,6a6638d3,4e424900190000000000000000000000
4940,637014016,720896,0,a13aeb76,4e424900160000000000000000000000
4941,637734912,387072,0,0340cbce,4e4249000d0000000000000000000000
4942,638121984,167936,0,538d5a7d,4e424900060000000000000000000000
4943,638289920,458752,0,98d189d8,4e4249000c0000000000000000000000
4944,638748672,102400,0,3acdf70b,4e424900040000000000000000000000
4945,638851072,782336,0,77055600,4e4249001b0000000000000000000000
4946,639633408,270336,0,6a0066b8,4e4249000a0000000000000000000000
4947,639903744,806912,0,57604f08,4e4249001b0000000000000000000000
4948,640710656,524288,0,27c8c7b3,4e424900150000000000000000000000
4949,641234944,739328,0,2db6e348,4e4249001d0000000000000000000000
4950,641974272,585728,0,7d7b72fb,4e424900120000000000000000000000
4951,642560000,327680,0,b627a15e,4e424900090000000000000000000000
4952,642887680,485376,0,fbef0055,4e424900110000000000000000000000
4953,643373056,542720,0,49d78e81,4e4249000f0000000000000000000000
4954,643915776,526336,0,cf43fc2f,4e424900140000000000000000000000
4955,644442112,231424,0,041f2f8a,4e4249000a0000000000000000000000
4956,644673536,47104,0,191a1f32,4e424900020000000000000000000000
4957,644720640,483328,0,247a3682,4e4249000e0000000000000000000000
4958,645203968,346112,0,d246cc97,4e424900090000000000000000000000
4959,645550080,505856,0,54d2be39,4e424900110000000000000000000000
4960,646055936,321536,0,9f8e6d9c,4e4249000c0000000000000000000000
4961,646377472,81920,0,6ed8df49,4e424900050000000000000000000000
4962,646459392,59392,0,5eac9ac2,4e424900040000000000000000000000
4963,646518784,477184,0,d838e86c,4e424900190000000000000000000000
4964,646995968,151552,0,13643bc9,4e424900050000000000000000000000
4965,647147520,77824,0,0e610b71,4e424900020000000000000000000000
4966,647225344,423936,0,c53dd8d4,4e4249000b0000000000000000000000
4967,647649280,399360,0,43a9aa7a,4e424900110000000000000000000000
4968,648048640,135168,0,88f579df,4e424900050000000000000000000000
4969,648183808,538624,0,79a3cb0a,4e424900140000000000000000000000
4970,648722432,88064,0,6721a607,4e424900040000000000000000000000
4971,648810496,317440,0,2ae9070c,4e424900080000000000000000000000
4972,649127936,440320,0,fcb0e411,4e4249000d0000000000000000000000
4973,649568256,329728,0,b178451a,4e424900090000000000000000000000
4974,649897984,968704,0,705ab244,4e4249001c0000000000000000000000
4975,650866688,778240,0,209723f7,4e424900170000000000000000000000
4976,651644928,653312,0,ebcbf052,4e424900100000000000000000000000
4977,652298240,632832,0,6d5f82fc,4e424900110000000000000000000000
4978,652931072,669696,0,a6035159,4e424900150000000000000000000000
4979,653600768,526336,0,afe37d95,4e4249000a0000000000000000000000
4980,654127104,499712,0,ff2eec26,4e4249000d0000000000000000000000
4981,654626816,548864,0,34723f83,4e424900100000000000000000000000
4982,655175680,372736,0,79ba9e88,4e4249000d0000000000000000000000
4983,655548416,1085440,0,b89869d6,4e424900130000000000000000000000
4984,656633856,477184,0,e855f865,4e4249000f0000000000000000000000
4985,657111040,389120,0,23092bc0,4e4249000b0000000000000000000000
4986,657500160,1136640,0,a59d596e,4e424900170000000000000000000000
4987,658636800,897024,0,6ec18acb,4e424900190000000000000000000000
4988,659533824,413696,0,fbf9b4b3,4e4249000c0000000000000000000000
4989,659947520,626688,0,ab342500,4e424900160000000000000000000000
4990,660574208,610304,0,96540cb0,4e424900110000000000000000000000
4991,661184512,507904,0,6068f6a5,4e424900100000000000000000000000
4992,661692416,811008,0,ec82a0f0,4e424900180000000000000000000000
4993,662503424,753664,0,6a16d25e,4e4249001a0000000000000000000000
4994,663257088,272384,0,a14a01fb,4e424900080000000000000000000000
4995,663529472,126976,0,bc4f3143,4e424900050000000000000000000000
4996,663656448,499712,0,812f18f3,4e424900130000000000000000000000
4997,664156160,307200,0,7713e2e6,4e4249000d0000000000000000000000
4998,664463360,129024,0,f1879048,4e424900050000000000000000000000
4999,664592384,532480,0,d50f9c35,4e424900150000000000000000000000
5000,665124864,350208,0,85c20d86,4e4249000d0000000000000000000000
5001,665475072,614400,0,b8a22436,4e424900140000000000000000000000
5002,666089472,768000,0,4e9ede23,4e424900170000000000000000000000
5003,666857472,839680,0,c2748876,4e424900190000000000000000000000
5004,667697152,415744,0,92b919c5,4e4249000d0000000000000000000000
5005,668112896,651264,0,afd93075,4e4249001a0000000000000000000000
5006,668764160,679936,0,59e5ca60,4e424900130000000000000000000000
5007,669444096,456704,0,a615e5bf,4e424900150000000000000000000000
5008,669900800,491520,0,20819711,4e4249000e0000000000000000000000
5009,670392320,421888,0,ebdd44b4,4e4249000f0000000000000000000000
5010,670814208,178176,0,f6d8740c,4e424900050000000000000000000000
5011,670992384,505856,0,cbb85dbc,4e424900110000000000000000000000
5012,671498240,526336,0,8c18276c,4e4249000f0000000000000000000000
5013,672024576,612352,0,3d84a7a9,4e424900110000000000000000000000
5014,672636928,188416,0,bb10d507,4e424900080000000000000000000000
5015,672825344,450560,0,b16ef1fc,4e4249000e0000000000000000000000
5016,673275904,503808,0,e1a3604f,4e424900170000000000000000000000
5017,673779712,579584,0,2affb3ea,4e424900150000000000000000000000
5018,674359296,434176,0,88e3cd39,4e424900110000000000000000000000
5019,674793472,657408,0,d82e5c8a,4e424900130000000000000000000000
5020,675450880,710656,0,13728f2f,4e424900120000000000000000000000
5021,676161536,897024,0,95e6fd81,4e424900180000000000000000000000
5022,677058560,526336,0,9f98d97a,4e424900120000000000000000000000
5023,677584896,258048,0,cf5548c9,4e4249000a0000000000000000000000
5024,677842944,450560,0,f2356179,4e4249000b0000000000000000000000
5025,678293504,364544,0,04099b6c,4e4249000a0000000000000000000000
5026,678658048,610304,0,c6b56405,4e424900150000000000000000000000
5027,679268352,428032,0,10ec8718,4e424900070000000000000000000000
5028,679696384,690176,0,dbb054bd,4e424900110000000000000000000000
5029,680386560,548864,0,5d242613,4e4249000d0000000000000000000000
5030,680935424,1079296,0,575a02e8,4e4249001d0000000000000000000000
5031,682014720,888832,0,0797935b,4e424900190000000000000000000000
5032,682903552,634880,0,3af7baeb,4e424900190000000000000000000000
5033,683538432,542720,0,cccb40fe,4e4249000f0000000000000000000000
5034,684081152,167936,0,40039e03,4e424900070000000000000000000000
5035,684249088,602112,0,8b5f4da6,4e424900120000000000000000000000
5036,684851200,581632,0,0dcb3f08,4e424900110000000000000000000000
5037,685432832,446464,0,07b51bf3,4e4249000e0000000000000000000000
5038,685879296,227328,0,57788a40,4e424900080000000000000000000000
5039,686106624,131072,0,9c2459e5,4e424900050000000000000000000000
5040,686237696,722944,0,1ab02b4b,4e424900140000000000000000000000
5041,686960640,473088,0,3e382736,4e4249000d0000000000000000000000
5042,687433728,237568,0,6ef5b685,4e424900060000000000000000000000
5043,687671296,327680,0,a5a96520,4e4249000b0000000000000000000000
5044,687998976,178176,0,233d178e,4e424900060000000000000000000000
5045,688177152,714752,0,e861c42b,4e424900190000000000000000000000
5046,688891904,219136,0,29433375,4e4249000c0000000000000000000000
5047,689111040,159744,0,798ea2c6,4e4249000b0000000000000000000000
5048,689270784,370688,0,b2d27163,4e4249000a0000000000000000000000
5049,689641472,475136,0,344603cd,4e424900100000000000000000000000
5050,690116608,499712,0,4d225ebc,4e424900100000000000000000000000
5051,690616320,598016,0,1defcf0f,4e424900130000000000000000000000
5052,691214336,284672,0,d6b31caa,4e424900080000000000000000000000
5053,691499008,1069056,0,50276e04,4e4249001c0000000000000000000000
5054,692568064,944128,0,0a94db4c,4e4249001c0000000000000000000000
5055,693512192,720896,0,c1c808e9,4e424900170000000000000000000000
5056,694233088,579584,0,475c7a47,4e424900140000000000000000000000
5057,694812672,452608,0,63d4763a,4e424900100000000000000000000000
5058,695265280,524288,0,2e1cd731,4e424900110000000000000000000000
5059,695789568,192512,0,3319e789,4e424900060000000000000000000000
5060,695982080,411648,0,f845342c,4e4249000c0000000000000000000000
5061,696393728,593920,0,74af6279,4e424900130000000000000000000000
5062,696987648,309248,0,2462f3ca,4e424900090000000000000000000000
5063,697296896,708608,0,ef3e206f,4e424900100000000000000000000000
5064,698005504,403456,0,69aa52c1,4e4249000d0000000000000000000000
5065,698408960,319488,0,ab16ada8,4e4249000c0000000000000000000000
5066,698728448,282624,0,fbdb3c1b,4e424900090000000000000000000000
5067,699011072,208896,0,3087efbe,4e424900080000000000000000000000
5068,699219968,471040,0,b6139d10,4e424900100000000000000000000000
5069,699691008,731136,0,7d4f4eb5,4e4249001b0000000000000000000000
5070,700422144,200704,0,bc6db9eb,4e424900060000000000000000000000
5071,700622848,350208,0,eca02858,4e424900090000000000000000000000
5072,700973056,376832,0,27fcfbfd,4e424900090000000000000000000000
5073,701349888,296960,0,a1688953,4e4249000b0000000000000000000000
5074,701646848,204800,0,ff0c648e,4e424900080000000000000000000000
5075,701851648,129024,0,afc1f53d,4e424900030000000000000000000000
5076,701980672,198656,0,649d2698,4e424900050000000000000000000000
5077,702179328,456704,0,e2095436,4e4249000d0000000000000000000000
5078,702636032,428032,0,e87770cd,4e424900110000000000000000000000
5079,703064064,327680,0,b8bae17e,4e424900080000000000000000000000
5080,703391744,493568,0,73e632db,4e4249000f0000000000000000000000
5081,703885312,919552,0,d1fa4c08,4e424900230000000000000000000000
5082,704804864,116736,0,8137ddbb,4e424900050000000000000000000000
5083,704921600,258048,0,4a6b0e1e,4e424900070000000000000000000000
5084,705179648,696320,0,ccff7cb0,4e424900170000000000000000000000
5085,705875968,589824,0,40152ae5,4e424900170000000000000000000000
5086,706465792,372736,0,964cc9f8,4e4249000c0000000000000000000000
5087,706838528,118784,0,5d101a5d,4e424900060000000000000000000000
5088,706957312,288768,0,db8468f3,4e4249000b0000000000000000000000
5089,707246080,806912,0,a2e03582,4e424900190000000000000000000000
5090,708052992,292864,0,f22da431,4e4249000d0000000000000000000000
5091,708345856,516096,0,39717794,4e424900110000000000000000000000
5092,708861952,1386496,0,bfe5053a,4e4249002b0000000000000000000000
5093,710248448,409600,0,b59b21c1,4e4249000c0000000000000000000000
5094,710658048,643072,0,2e0a63d7,4e424900180000000000000000000000
5095,711301120,888832,0,a89e1179,4e4249001d0000000000000000000000
5096,712189952,509952,0,8c161d04,4e424900140000000000000000000000
5097,712699904,421888,0,dcdb8cb7,4e4249000d0000000000000000000000
5098,713121792,458752,0,17875f12,4e4249000f0000000000000000000000
5099,713580544,759808,0,91132dbc,4e424900190000000000000000000000
5100,714340352,471040,0,53afd2d5,4e424900110000000000000000000000
5101,714811392,356352,0,1e6773de,4e4249000d0000000000000000000000
5102,715167744,147456,0,c83e90c3,4e424900040000000000000000000000
5103,715315200,624640,0,4eaae26d,4e424900100000000000000000000000
5104,715939840,139264,0,1dd07ff7,4e424900040000000000000000000000
5105,716079104,389120,0,86413de1,4e4249000a0000000000000000000000
5106,716468224,258048,0,0aab6bb4,4e424900080000000000000000000000
5107,716726272,313344,0,913a29a2,4e424900090000000000000000000000
5108,717039616,442368,0,33265771,4e4249000c0000000000000000000000
5109,717481984,403456,0,a8b71567,4e4249000d0000000000000000000000
5110,717885440,221184,0,245d4332,4e424900080000000000000000000000
5111,718106624,591872,0,6995e239,4e424900120000000000000000000000
5112,718698496,237568,0,bfcc0124,4e424900060000000000000000000000
5113,718936064,311296,0,3958738a,4e424900090000000000000000000000
5114,719247360,143360,0,f204a02f,4e424900030000000000000000000000
5115,719390720,391168,0,c6a85c55,4e4249000b0000000000000000000000
5116,719781888,131072,0,dbad6ced,4e424900030000000000000000000000
5117,719912960,124928,0,5d391e43,4e424900040000000000000000000000
5118,720037888,180224,0,b173c9ac,4e424900080000000000000000000000
5119,720218112,233472,0,37e7bb02,4e424900050000000000000000000000
5120,720451584,75776,0,ac76f914,4e424900020000000000000000000000
5121,720527360,184320,0,04209f72,4e424900050000000000000000000000
5122,720711680,860160,0,135b8b31,4e4249001b0000000000000000000000
5123,721571840,530432,0,631c7e85,4e424900110000000000000000000000
5124,722102272,397312,0,e5880c2b,4e424900090000000000000000000000
5125,722499584,282624,0,2ed4df8e,4e424900080000000000000000000000
5126,722782208,481280,0,33d1ef36,4e424900120000000000000000000000
5127,723263488,116736,0,f88d3c93,4e424900050000000000000000000000
5128,723380224,28672,0,7e194e3d,4e424900020000000000000000000000
5129,723408896,30720,0,b5459d98,4e424900010000000000000000000000
5130,723439616,139264,0,44132f4d,4e424900060000000000000000000000
5131,723578880,172032,0,8f4ffce8,4e424900050000000000000000000000
5132,723750912,116736,0,5a914240,4e424900030000000000000000000000
5133,723867648,172032,0,dc0530ee,4e424900060000000000000000000000
5134,724039680,497664,0,1759e34b,4e4249000c0000000000000000000000
5135,724537344,260096,0,0a5cd3f3,4e424900070000000000000000000000
5136,724797440,692224,0,c1000056,4e424900140000000000000000000000
5137,725489664,81920,0,479472f8,4e424900030000000000000000000000
5138,725571584,26624,0,8cc8a15d,4e424900010000000000000000000000
5139,725598208,313344,0,7d9e1388,4e4249000b0000000000000000000000
5140,725911552,163840,0,b6c2c02d,4e424900060000000000000000000000
5141,726075392,274432,0,4dea5603,4e424900070000000000000000000000
5142,726349824,407552,0,cb7e24ad,4e424900100000000000000000000000
5143,726757376,573440,0,0022f708,4e424900110000000000000000000000
5144,727330816,143360,0,1d27c7b0,4e424900050000000000000000000000
5145,727474176,624640,0,d67b1415,4e4249000e0000000000000000000000
5146,728098816,45056,0,50ef66bb,4e424900020000000000000000000000
5147,728143872,233472,0,9bb3b51e,4e4249000b0000000000000000000000
5148,728377344,409600,0,298b3bca,4e4249000c0000000000000000000000
5149,728786944,888832,0,af1f4964,4e424900140000000000000000000000
5150,729675776,385024,0,64439ac1,4e4249000a0000000000000000000000
5151,730060800,126976,0,7946aa79,4e424900050000000000000000000000
5152,730187776,120832,0,b21a79dc,4e424900040000000000000000000000
5153,730308608,559104,0,348e0b72,4e4249000e0000000000000000000000
5154,730867712,133120,0,ffd2d8d7,4e424900040000000000000000000000
5155,731000832,18432,0,0e846a02,4e424900020000000000000000000000
5156,731019264,1067008,0,c5d8b9a7,4e424900160000000000000000000000
5157,732086272,342016,0,3ef02f89,4e424900080000000000000000000000
5158,732428288,618496,0,b8645d27,4e4249000c0000000000000000000000
5159,733046784,69632,0,73388e82,4e424900010000000000000000000000
5160,733116416,184320,0,077d134c,4e424900040000000000000000000000
5161,733300736,110592,0,81e961e2,4e424900030000000000000000000000
5162,733411328,63488,0,4ab5b247,4e424900010000000000000000000000
5163,733474816,129024,0,1006070f,4e424900030000000000000000000000
5164,733603840,77824,0,969275a1,4e424900010000000000000000000000
5165,733681664,133120,0,5dcea604,4e424900020000000000000000000000
5166,733814784,188416,0,ff28968b,4e424900020000000000000000000000
5167,734003200,509952,0,0aa8304b,4e4249000a0000000000000000000000
5168,734513152,32768,0,4d084a9b,4e424900010000000000000000000000
5169,734545920,454656,0,7068632b,4e4249000a0000000000000000000000
5170,735000576,212992,0,f238f4fa,4e424900050000000000000000000000
5171,735213568,227328,0,cf58dd4a,4e424900050000000000000000000000
5172,735440896,219136,0,09146c9e,4e424900050000000000000000000000
5173,735660032,92160,0,3474452e,4e424900020000000000000000000000
5174,735752192,231424,0,73d43ffe,4e424900060000000000000000000000
5175,735983616,133120,0,4eb4164e,4e424900020000000000000000000000
5176,736116736,102400,0,c1f4e3ee,4e424900020000000000000000000000
5177,736219136,497664,0,8654993e,4e4249000b0000000000000000000000
5178,736716800,182272,0,3964275f,4e424900040000000000000000000000
5179,736899072,296960,0,04040eef,4e424900050000000000000000000000
5180,737196032,372736,0,c82064e0,4e424900070000000000000000000000
5181,737568768,155648,0,7a00b8f0,4e424900040000000000000000000000
5182,737724416,86016,0,1e6f78dd,4e424900010000000000000000000000
5183,737810432,26624,0,59cf020d,4e424900020000000000000000000000
5184,737837056,92160,0,ebefde1d,4e424900030000000000000000000000
5185,737929216,43008,0,ac4fa4cd,4e424900010000000000000000000000
5186,737972224,96256,0,2e1f331c,4e424900030000000000000000000000
5187,738068480,34816,0,967ec4dd,4e424900010000000000000000000000
5188,738103296,65536,0,ab1eed6d,4e424900010000000000000000000000
5189,738168832,47104,0,245e18cd,4e424900010000000000000000000000
5190,738215936,49152,0,63fe621d,4e424900010000000000000000000000
5191,738265088,79872,0,dccedc7c,4e424900020000000000000000000000
5192,738344960,149504,0,27e24418,4e424900030000000000000000000000
5193,738494464,63488,0,1a826da8,4e424900010000000000000000000000
5194,738557952,61440,0,5d221778,4e424900010000000000000000000000
5195,738619392,79872,0,60423ec8,4e424900020000000000000000000000
5196,738699264,36864,0,d262e2d8,4e424900010000000000000000000000
5197,738736128,32768,0,c6a5aa4e,4e424900010000000000000000000000
5198,738768896,55296,0,8105d09e,4e424900020000000000000000000000
5199,738824192,79872,0,bc65f92e,4e424900020000000000000000000000
5200,738904064,229376,0,33250c8e,4e424900060000000000000000000000
5201,739133440,32768,0,7485765e,4e424900010000000000000000000000
5202,739166208,63488,0,cbb5c83f,4e424900020000000000000000000000
5203,739229696,73728,0,f6d5e18f,4e424900030000000000000000000000
5204,739303424,26624,0,77392a8b,4e424900010000000000000000000000
5205,739330048,53248,0,c519f69b,4e424900010000000000000000000000
5206,739383296,45056,0,f879df2b,4e424900010000000000000000000000
5207,739428352,208896,0,bfd9a5fb,4e424900040000000000000000000000
5208,739637248,24576,0,82b98c4b,4e424900010000000000000000000000
5209,739661824,65536,0,00e91b9a,4e424900020000000000000000000000
5210,739727360,188416,0,3d89322a,4e424900060000000000000000000000
5211,739915776,284672,0,b60d22f5,4e424900070000000000000000000000
5212,740200448,354304,0,8b6d0b45,4e424900060000000000000000000000
5213,740554752,169984,0,cccd7195,4e424900040000000000000000000000
5214,740724736,53248,0,f1ad5825,4e424900020000000000000000000000
5215,740777984,63488,0,438d8435,4e424900010000000000000000000000
5216,740841472,47104,0,7eedad85,4e424900020000000000000000000000
5217,740888576,184320,0,394dd755,4e424900040000000000000000000000
5218,741072896,143360,0,867d6934,4e424900020000000000000000000000
5219,741216256,143360,0,bb1d4084,4e424900040000000000000000000000
5220,741359616,34816,0,7d51f150,4e424900010000000000000000000000
5221,741394432,71680,0,4031d8e0,4e424900020000000000000000000000
5222,741466112,36864,0,0791a230,4e424900010000000000000000000000
5223,741502976,47104,0,3af18b80,4e424900010000000000000000000000
5224,741550080,34816,0,a2c4c787,4e424900010000000000000000000000
5225,741584896,215040,0,e564bd57,4e424900050000000000000000000000
5226,741799936,75776,0,d80494e7,4e424900020000000000000000000000
5227,741875712,49152,0,57446147,4e424900010000000000000000000000
5228,741924864,28672,0,10e41b97,4e424900010000000000000000000000
5229,741953536,118784,0,2d843227,4e424900040000000000000000000000
5230,742072320,57344,0,afd4a5f6,4e424900020000000000000000000000
5231,742129664,59392,0,92b48c46,4e424900020000000000000000000000
5232,742189056,24576,0,69981422,4e424900010000000000000000000000
5233,742213632,73728,0,13584742,4e424900020000000000000000000000
5234,742287360,55296,0,a1789b52,4e424900020000000000000000000000
5235,742342656,67584,0,dbb8c832,4e424900030000000000000000000000
5236,742410240,49152,0,e6d8e182,4e424900020000000000000000000000
5237,742459392,174080,0,59e85fe3,4e424900040000000000000000000000
5238,742633472,32768,0,d26c4f3c,4e424900010000000000000000000000
5239,742666240,555008,0,ef0c668c,4e4249000f0000000000000000000000
5240,743221248,65536,0,a8ac1c5c,4e424900020000000000000000000000
5241,743286784,63488,0,95cc35ec,4e424900020000000000000000000000
5242,743350272,59392,0,1a8cc04c,4e424900020000000000000000000000
5243,743409664,43008,0,5d2cba9c,4e424900010000000000000000000000
5244,743452672,186368,0,604c932c,4e424900040000000000000000000000
5245,743639040,83968,0,b5bfd3c4,4e424900020000000000000000000000
5246,743723008,157696,0,f21fa914,4e424900040000000000000000000000
5247,743880704,57344,0,cf7f80a4,4e424900010000000000000000000000
5248,743938048,55296,0,7d5f5cb4,4e424900020000000000000000000000
5249,743993344,34816,0,403f7504,4e424900010000000000000000000000
5250,744028160,114688,0,079f0fd4,4e424900030000000000000000000000
5251,744142848,278528,0,3aff2664,4e424900050000000000000000000000
5252,744421376,57344,0,b8afb1b5,4e424900030000000000000000000000
5253,744478720,88064,0,85cf9805,4e424900020000000000000000000000
5254,744566784,38912,0,438329d1,4e424900010000000000000000000000
5255,744605696,555008,0,39437ab1,4e4249000c0000000000000000000000
5256,745160704,159744,0,04235301,4e424900040000000000000000000000
5257,745320448,32768,0,8c32ef01,4e424900010000000000000000000000
5258,745353216,366592,0,cb9295d1,4e4249000a0000000000000000000000
5259,745719808,309248,0,f6f2bc61,4e424900090000000000000000000000
5260,746029056,317440,0,44d26071,4e424900080000000000000000000000
5261,746346496,280576,0,79b249c1,4e424900080000000000000000000000
5262,746627072,735232,0,3e123311,4e424900100000000000000000000000
5263,747362304,131072,0,03721aa1,4e424900040000000000000000000000
5264,747493376,124928,0,81228d70,4e424900060000000000000000000000
5265,747618304,219136,0,bc42a4c0,4e424900070000000000000000000000
5266,747837440,292864,0,7a0e1514,4e424900090000000000000000000000
5267,748130304,80576,0,67de607c,4e424900020000000000000000000000
5268,748210880,198400,1,e14a12d2,3030315f30325f616e696d2e70707400
5269,748409280,81728,1,2a16c177,3030315f30335f616e696d2e70707400
5270,748491008,124288,1,3713f1cf,350300001000000000ed0000d6c1a03f
5271,748615296,62528,1,fc4f226a,0ce3722bcb5438ea97da3cab905ee5d6
5272,748677824,98816,1,7adb50c4,6173652e70707400464143453032305f
5273,748776640,128448,1,3b1da2f0,663c53be9a80504ab16d3aa1a5f4c34e
5274,748905088,62080,1,5e535cb9,1f8b0808e4f1e04c000363657630315f
5275,748967168,97600,1,d8c72e17,adce9d0ed39a6de76ba4a20ff4aafea9
5276,749064768,60224,1,139bfdb2,31325f30355f626173652e7070740046
5277,749124992,154624,1,0e9ecd0a,4fbace42c220079842c89b91580a05aa
5278,749279616,78208,1,c5c21eaf,6300464143453030325f30315f616e69
5279,749357824,67776,1,02909e35,078fe2954ef1ea3be0b7291688f6763d
5280,749425600,73216,1,492848fa,4147e9240dd21815cc64636c9aedb028
5281,749498816,94720,1,cfbc3a54,31312e61726300464143453030335f30
5282,749593536,45376,1,04e0e9f1,a8dd0ef86d9ae8cb87c485822bb7f863
5283,749638912,165376,1,19e5d949,2d70113a25873cf9bbadc57e209cda42
5284,749804288,79040,1,d2b90aec,00000000000000000000000000000000
5285,749883328,85248,1,542d7842,46d7dc8a32acc4f528bf5a7b612d009a
5286,749968576,142080,1,9f71abe7,8cbf358d9d364e9326766d67edd86dc2
5287,750110656,125568,1,6e271932,840000001400000040170000e6a94185
5288,750236224,144192,1,a57bca97,4143453030335f30315f616e696d2e70
5289,750380416,154368,1,15eb8a76,300f324830ea00dc0787d63c04a9e6d5
5290,750534784,43520,1,2d492533,66010000ed0600004051000002a6279f
5291,750578304,127680,1,abdd579d,335f626173652e707074004641434530
5292,750705984,85504,1,60818438,dc4c0d877262b1cbc425c60994f2c936
5293,750791488,104512,1,7d84b480,707400464143453038365f30345f6261
5294,750896000,92992,1,b6d86725,e399d09ac4a654db84d226313569f34f
5295,750988992,114624,1,304c158b,455a42494e4400000500000040000000
5296,751103616,104064,1,fb10c62e,1f8b0808dd4e104c0003656230315f30
5297,751207680,78272,1,0a4674fb,f484021d31ea56d27bcb7690fb862647
5298,751285952,125504,1,718ae7bf,f9e0834e5acbbcfbb0cbe8289c60db76
5299,751411456,81152,1,3a323170,660200001000000000050100c3358d26
5300,751492608,92032,1,bca643de,9cc03aaad1f8c237b44a1994332bdcd8
5301,751584640,48640,1,77fa907b,a14c639e1f925995d7905ed431c972a0
5302,751633280,41216,1,6affa0c3,caa1d69027102a01475c60ce4157d5d3
5303,751674496,233152,1,a1a37366,5f626173652e70707400464143453036
5304,751907648,103744,1,273701c8,464143453032325f30395f646174612e
5305,752011392,296512,1,ec6bd26d,35030000cb080000406f0000aed6e718
5306,752307904,86592,1,1d3d60b8,52fe8b27b11db34cec5cbe374e2e2617
5307,752394496,65856,1,66f1f3fc,3b0200002525000080d90000301fd087
5308,752460352,41216,1,03bf0db5,002bb00f3540d4b8880156b08e4ae5d4
5309,752501568,116864,1,852b7f1b,43453031365f30325f616e696d2e7070
5310,752618432,97024,1,4e77acbe,ccebaa820a088b2f005444a30691f946
5311,752715456,111040,1,53729c06,840000001000000080120000ccaf7e50
5312,752826496,101248,1,982e4fa3,0502000045050000c0660000f0047188
5313,752927744,103424,1,1eba3d0d,4fa23659844edb34ad75324c6d93090d
5314,753031168,184448,1,d5e6eea8,455a42494e4400002f00000040000000
5315,753215616,136896,1,24b05c7d,3f0200003e250000407700000da2d8f3
5316,753352512,101184,1,5f7ccf39,76cf79812f2fc3bbfeb55935c5fc715f
5317,753453696,86528,1,14c419f6,7400464143453030365f30355f626173
5318,753540224,125120,1,92506b58,1f8b0808a1f1e04c000363657630375f
5319,753665344,108864,1,590cb8fd,16068d31cf9dfa0e7f37b0870c7ceba6
5320,753774208,130304,1,44098845,4283ab69f6a3f32456b1e2044b6ba864
5321,753904512,113088,1,8f555be0,62696e00464143453036325f30355f61
5322,754017600,117696,1,09c1294e,e9cb5de7a1f3c2c938e7ce9d099ca812
5323,754135296,155520,1,c29dfaeb,650300001000000000f7000086964aad
5324,754290816,93568,1,33cb483e,d5010000610c0000406900005a07a892
5325,754384384,93440,1,4807db7a,455a42494e4400000500000040000000
5326,754477824,96320,1,cb7dd627,7400464143453030375f30365f646174
5327,754574144,124672,1,4de9a489,00464143453036325f30355f616e696d
5328,754698816,102976,1,86b5772c,4143453032305f30315f616e696d2e70
5329,754801792,104192,1,9bb04794,3e12e6af2d28ea860a66a8d57f304542
5330,754905984,103040,1,50ec9431,612e62696e0000000000000000000000
5331,755009024,101760,1,d678e69f,70707400656230315f32642e62696e00
5332,755110784,121216,1,1d24353a,bfc083eff55b026d238117fb8352682d
5333,755232000,60480,1,97be14ab,1f8b0808e34e104c0003656230345f30
5334,755292480,83136,1,dc06c264,63657630385f3230302e736372004641
5335,755375616,189824,1,5a92b0ca,5f30325f616e696d2e70707400464143
5336,755565440,193024,1,91ce636f,4143453031365f30325f646174612e62
5337,755758464,137472,1,8ccb53d7,a0150c224fcfdee866eb734f6593eca1
5338,755895936,133056,1,47978072,6184000e91d6f480df332fadef6ccb4c
5339,756028992,104896,1,c103f2dc,b91fe087503075607c328e2a2398a458
5340,756133888,101696,1,0a5f2179,455a42494e4400001900000040000000
5341,756235584,92224,1,fb0993ac,de5aa151b2c6b11d9c9cae298115fc60
5342,756327808,137408,1,30554009,bb7cbfc9dfe014c4d0147b78cc1ea19f
5343,756465216,94720,1,b12d1a75,6c83c0b8850355672f234e108d14c518
5344,756559936,72576,1,80c500e8,7b0100005a2400008015000080bb77f0
5345,756632512,59648,1,9f671f01,e0eef405be2001693c461b7398c79369
5346,756692160,197504,1,19f36daf,5f30355f646174612e62696e00464143
5347,756889664,129920,1,d2afbe0a,10020000d709000000300000baa6dcfc
5348,757019584,78528,1,cfaa8eb2,0d4c1bdbf882f1cb8fe8735b177d78a8
5349,757098112,159744,1,04f65d17,f91cf93a33e2771237469428b2b786e2
5350,757257856,145216,1,82622fb9,b645dccf8543625fff8f7ba3faccd03e
5351,757403072,62336,1,493efc1c,455a42494e4400000500000040000000
5352,757465408,202944,1,b8684ec9,7504000023090000c0470100eb951c41
5353,757668352,57408,1,c3a4dd8d,3031375f30355f646174612e62696e00
5354,757725760,53504,1,881c0b42,9353c4f8818ae821da588488a4126c04
5355,757779264,108224,1,0e8879ec,707400464143453035335f30375f6261
5356,757887488,122496,1,c5d4aa49,656230362e61726300656230372e6172
5357,758009984,103168,1,d8d19af1,0a020000100000008081000071c1965d
5358,758113152,77376,1,138d4954,2303e2470ff044fcc706c48f1f509d12
5359,758190528,76480,1,95193bfa,6174612e62696e00464143453034375f
5360,758267008,157248,1,5e45e85f,62696e00464143453035345f30365f61
5361,758424256,83904,1,d4dfc9ce,464143453034385f30335f626173652e
5362,758508160,66624,1,b1913787,1f8b0808e5f1e04c000363657631315f
5363,758574784,167616,1,37054529,a4d1ecd13d8e71ebd02993bf65f28dfa
5364,758742400,135488,1,fc59968c,35d0b2ecce58179eb91de027811eb5f4
5365,758877888,69184,1,e15ca634,3017d8ce39e465ce5ac038c1598bf34c
5366,758947072,119744,1,2a007591,8fac4fd692d5b74c6c883a0652c66f73
5367,759066816,143552,1,ac94073f,6a0200001109000080b50000b602f308
5368,759210368,88768,1,67c8d49a,30392e61726300656231352e61726300
5369,759299136,81472,1,ed52f50b,a06fb0338e2bc75daca18d236dd3b8c1
5370,759380608,56064,1,a6ea23c4,1f8b0808e5f1e04c000363657631325f
5371,759436672,94720,1,207e516a,a63b5a137d3dac3311c30baaac7365ff
5372,759531392,129920,1,eb2282cf,455a42494e4400000500000040000000
5373,759661312,85248,1,f627b277,8ea336295220b4d42a9593266ad2501c
5374,759746560,179520,1,3d7b61d2,455a42494e4400002300000040000000
5375,759926080,71488,1,bbef137c,1f8b0808dd4e104c0003656230315f30
5376,759997568,79424,1,70b3c0d9,d0535dd5d575e833e002ce4f24b53fb5
5377,760076992,72512,1,81e5720c,0ad4ca97802d33143250176afc481bab
5378,760149504,100352,1,4ab9a1a9,c8f9423bff8cb8dcfe21c5d1bb3dc48c
5379,760249856,135616,1,fa29e148,cd31fca0921232cfb4636d0526b4994a
5380,760385472,60672,1,c28b4e0d,96ed51445bd1d136526ae702b0fe7e61
5381,760446144,135360,1,441f3ca3,6174612e62696e00464143453037305f
5382,760581504,188416,1,8f43ef06,2e70707400464143453031345f30375f
5383,760769920,144192,1,9246dfbe,53ad50870ceae0b18e71316c6a4e056a
5384,760914112,167872,1,591a0c1b,39030000ff0a000040b5000083d85bb6
5385,761081984,90240,1,df8e7eb5,000200009a250000405b0000aaea6e48
5386,761172224,96192,1,14d2ad10,a00200006e0e0000c0e000001c7d0817
5387,761268416,66432,1,e5841fc5,eb010000d3090000409d0000fa4a7a39
5388,761334848,64192,1,2ed8cc60,df7ec23f326a539b3d04000000000000
5389,761399040,112448,1,9e488c81,3d3a3c99d24214db5b7c2b5a1fb19c4f
5390,761511488,92544,1,d5f05a4e,61aba10c2758e4c7194c875c42d2d760
5391,761604032,119872,1,536428e0,70707400656230345f32642e62696e00
5392,761723904,107264,1,9838fb45,916b44ac0dc5e7fd811ddfeb51dfdaa5
5393,761831168,121728,1,853dcbfd,455a42494e4400000500000040000000
5394,761952896,105792,1,4e611858,74612e62696e00464143453035335f30
5395,762058688,99712,1,c8f56af6,eca90736333b10561ccfdabde19aa1ed
5396,762158400,261376,1,f5954346,1f8b0808a8f1e04c000363657631355f
5397,762419776,259136,1,893398c2,df04000010000000c0460200fa29f5d5
5398,762678912,89536,1,ec7d668b,166ab9242db4f868f5671e172f522d5a
5399,762768448,148288,1,6ae91425,2324bdf560d5eb24a897369a7132aa56
5400,762916736,93120,1,a1b5c780,52fe8b27b11db34cec5cbe374e2e2617
5401,763009856,95296,1,bcb0f738,2e70707400464143453032345f30355f
5402,763105152,107008,1,77ec249d,02050a9082588a141429504491484836
5403,763212160,112832,1,f1785633,45030000ea2e000040870100f8d64315
5404,763324992,92288,1,3a248596,43453031365f30355f626173652e7070
5405,763417280,97216,1,cb723743,696e00464143453037355f30345f616e
5406,763514496,139968,1,002ee4e6,9bcee5200e88fbd4e0887d6328a753c4
5407,763654464,63040,1,8156be9a,652e70707400464143453031345f3031
5408,763717504,119296,1,b0bea407,455a42494e4400000500000040000000
5409,763836800,71360,1,fb0672c8,5f646174612e62696e00464143453031
5410,763908160,91712,1,7d920066,b00100002b0b0000403200007137a59f
5411,763999872,119488,1,b6ced3c3,62a9104325f6bac490ed33c0f67dacb7
5412,764119360,188992,1,abcbe37b,4a04000010000000c02d0100c420ea28
5413,764308352,131904,1,609730de,7400464143453037335f30365f646174
5414,764440256,96448,1,e6034270,edcaffabdd0a1148273a6959bc4537aa
5415,764536704,104384,1,2d5f91d5,76cf79812f2fc3bbfeb55935c5fc715f
5416,764641088,174400,1,dc092300,9084341192cab7c649c56042aadd96d5
5417,764815488,141504,1,1755f0a5,95020000190c0000007c00008d4d07dd
5418,764956992,100544,1,a7c5b044,f50200002b0b0000002c01007137a59f
5419,765057536,62848,1,24bfbd19,375f30345f646174612e62696e004641
5420,765120384,177280,1,a22bcfb7,750d0a52775f9f3768311d9dc0c922e8
5421,765297664,78400,1,69771c12,44e1982f3165a7181039cca275290ca3
5422,765376064,154112,1,74722caa,a0b57120e0a4af8d8702ca719b64d6de
5423,765530176,80064,1,bf2eff0f,60010000c00b000080230000360ac9c3
5424,765610240,109824,1,39ba8da1,a0020000720c0000c0090100fb0ff0d2
5425,765720064,127296,1,f2e65e04,1b361751d466d6f4c20e55b7cdee2caa
5426,765847360,130496,1,03b0ecd1,455a42494e4400000500000040000000
5427,765977856,76352,1,787c7f95,455a42494e4400000500000040000000
5428,766054208,85248,1,33c4a95a,76542e5bb189b311222b1681c6ff8efa
5429,766139456,297792,1,b550dbf4,30365f616e696d2e7070740046414345
5430,766437248,104768,1,7e0c0851,975573a1872209526d17c5233ac79a95
5431,766542016,162240,1,630938e9,400300001000000080b400000d9a40f7
5432,766704256,218176,1,a855eb4c,ba0500004f260000408c0200f9504f41
5433,766922432,148672,1,2ec199e2,3846476e96995fab7e10ac48d16a1eed
5434,767071104,204224,1,e59d4a47,7137e50c815269a181526b3b540a9d0e
5435,767275328,71552,1,6f076bd6,315f616e696d2e707074004641434530
5436,767346880,67968,1,7450a402,e6010000a728000080a20000c934cebe
5437,767414848,127296,1,f2c4d6ac,30365f30315f626173652e7070740046
5438,767542144,107904,1,39980509,626173652e7070740046414345303430
5439,767650048,83584,1,249d35b1,70020000b509000000eb00005d02e4e4
5440,767733632,85760,1,efc1e614,a08fe088da0e33672d09b99c3c5157a7
5441,767819392,248384,1,695594ba,63000000000000000000000000000000
5442,768067776,136768,1,a209471f,ef02000010000000c0ad0000023a38ce
5443,768204544,55680,1,535ff5ca,36c5c954c7ed5c366ca909abe95cea73
5444,768260224,86080,1,9803266f,da01000010000000c0700000deedab2f
5445,768346304,190784,1,2893668e,69030000ed06000040b7000002a6279f
5446,768537088,187328,1,632bb041,86050000ee0d0000c0cc0100282b4049
5447,768724416,221184,1,e5bfc2ef,8b891ba3c92bf7ab16aa2035b4ca5f09
5448,768945600,78336,1,2ee3114a,6a9f97f5733ea7d569351b2d9a8a3b2e
5449,769023936,80896,1,33e621f2,e0fbd226a5ad97ec27d0e9cc49b25620
5450,769104832,165760,1,f8baf257,43453032305f30315f646174612e6269
5451,769270592,288384,1,7e2e80f9,fa0700002928000080280300578f4534
5452,769558976,152768,1,3fe872cd,2f0400004d05000080ab01009291e365
5453,769711744,123968,1,5aa68c84,a2254a5386e778814ff229fea48315df
5454,769835712,299008,1,dc32fe2a,ee050000a817000000a30200a791ee0a
5455,770134720,213632,1,176e2d8f,3a0600001000000000df0200b0eb286e
5456,770348352,72960,1,0a6b1d37,c4292cd8e049e122458a605c24209052
5457,770421312,275136,1,c137ce92,9a05000084050000403e0200452cff88
5458,770696448,229056,1,47a3bc3c,325f31305f616e696d2e707074004641
5459,770925504,131328,1,8cff6f99,5f30315f646174612e62696e00464143
5460,771056832,93760,1,7da9dd4c,d415d79ad3e1c535f8cabe6ec532d9cc
5461,771150592,98304,1,06654e08,70707400464143453032355f30355f64
5462,771248896,132608,1,4ddd98c7,43453032325f30355f616e696d2e7070
5463,771381504,105536,1,cb49ea69,a0020000bf0b0000c0f40000af6cbb3c
5464,771487040,83648,1,001539cc,be551415d11523fa0ffafdaf657d0300
5465,771570688,152704,1,1d100974,2e70707400464143453032335f30345f
5466,771723392,137280,1,d64cdad1,54020000801500004070000009d51ec4
5467,771860672,119552,1,50d8a87f,690200000506000080bb0000e709d18d
5468,771980224,148800,1,9b847bda,6173652e70707400464143453032335f
5469,772129024,107648,1,6ad2c90f,a50200001000000040110100a65096de
5470,772236672,142336,1,111e5a4b,4143453038345f30325f616e696d2e70
5471,772379008,95808,1,29bcf50e,5603000010000000406e0100eb2503b9
5472,772474816,130112,1,af2887a0,8c718e939c239556715992f31460e457
5473,772604928,113024,1,64745405,365f646174612e62696e000000000000
5474,772717952,253248,1,797164bd,464143453034305f30325f616e696d2e
5475,772971200,75200,1,b22db718,1f8b0808b1f1e04c000363657632345f
5476,773046400,117568,1,34b9c5b6,90020000942000004050000063bab8b0
5477,773163968,148608,1,ffe51613,355f616e696d2e707074004641434530
5478,773312576,78208,1,0eb3a4c6,8001000080140000002e000016ec35c0
5479,773390784,84864,1,c5ef7763,616e696d2e7070740046414345303234
5480,773475648,74240,1,44972d1f,455a42494e4400000500000040000000
5481,773549888,126528,1,757f3782,e917b8d6477bd6c762cbf5bd8755bce6
5482,773676416,62656,1,3ec7e14d,4b1cb5cd66eb3f3d3ceaa09c14cdb24e
5483,773739072,130560,1,b85393e3,464143453031325f30325f616e696d2e
5484,773869632,206080,1,730f4046,b601000010000000c02d0000421f2107
5485,774075712,146368,1,6e0a70fe,2870113129288874058a2840b2845350
5486,774222080,143104,1,a556a35b,8a020000162c000000f1000087220d47
5487,774365184,73536,1,23c2d1f5,455a42494e4400001200000040000000
5488,774438720,74432,1,e89e0250,d54ade1fb3c50c2efce2e6e43e729db9
5489,774513152,72832,1,620423c1,4143453033365f30345f626173652e70
5490,774585984,66304,1,074add88,20b5e3788e3c80e2b8baf633ba9545d3
5491,774652288,61376,1,81deaf26,7400464143453032365f30345f646174
5492,774713664,231360,1,4a827c83,db0400001000000080270100c59af554
5493,774945024,187136,1,57874c3b,d0030000b5040000c0c10000f3c71ceb
5494,775132160,48896,1,9cdb9f9e,8400000010000000400b0000ba3ff73a
5495,775181056,100928,1,1a4fed30,32365f30325f626173652e7070740046
5496,775281984,117312,1,5b891f04,59660e513d12ab0bf7f104772ac46512
5497,775399296,103552,1,1031c9cb,08d7fea34c139ba6e97caeec7bbee7fc
5498,775502848,97856,1,96a5bb65,eb165fb0f8298bbf79ae7f91fc595f9d
5499,775600704,110720,1,5df968c0,696d2e70707400464143453032365f30
5500,775711424,116160,1,40fc5878,3032375f30335f616e696d2e70707400
5501,775827584,134272,1,8ba08bdd,8b020000100000000077000025288138
5502,775961856,194688,1,0d34f973,707400464143453033345f30385f6261
5503,776156544,108992,1,c6682ad6,36aa965d28011f6a950aaaca09a6e9e3
5504,776265536,144064,1,373e9803,70707400656230335f32642e62696e00
5505,776409600,115200,1,4cf20b47,656231312e61726300656231352e6172
5506,776524800,73984,1,cf88061a,6e455c8048883d61f94de7bc50cc5a70
5507,776598784,104640,1,491c74b4,4299d12679357385c4975f811d650315
5508,776703424,85824,1,8240a711,840000001000000080120000ccaf7e50
5509,776789248,172672,1,9f4597a9,315f626173652e707074004641434530
5510,776961920,113280,1,5419440c,06cafd2ad47a418852aecccce679c96b
5511,777075200,120256,1,d28d36a2,63657632385f3035302e736372006562
5512,777195456,173824,1,19d1e507,e575112d34a45068b0278486b9f037e2
5513,777369280,103424,1,e88757d2,e875c618abbd6bc271bed6cb1ead7299
5514,777472704,89152,1,23db8477,2e62696e00464143453035375f30345f
5515,777561856,161088,1,a2a3de0b,d65183654c077454115e4ca1b5d2441d
5516,777722944,144128,1,934bc496,62696e00464143453032305f31335f61
5517,777867072,90432,1,d8f31259,35908a35cb810bdb39943f65fe4ad8fc
5518,777957504,239168,1,5e6760f7,20040000642400004055000025301935
5519,778196672,210432,1,953bb352,305f31315f616e696d2e707074004641
5520,778407104,99264,1,883e83ea,ae43afc24543559c0c169025b8862411
5521,778506368,152768,1,4362504f,d40200006f070000807d0000d5681a77
5522,778659136,52864,1,8430d0d5,c4292cd8e049e122458a605c24209052
5523,778712000,88064,1,9b92cf3c,92e76f7df7524affc9c9562e238e228e
5524,778800064,80320,1,1d06bd92,a69ec923b46c1411d456f11641009451
5525,778880384,291456,1,d65a6e37,53700d1d9f9185853ac2d844023b38a0
5526,779171840,29440,1,cb5f5e8f,455a42494e4400000800000040000000
5527,779201280,320768,1,00038d2a,1e0800001000000040e40200985de82c
5528,779522048,47296,1,8697ff84,455a42494e4400000c00000040000000
5529,779569344,111296,1,4dcb2c21,8002000010000000c0ba0000e0364c66
5530,779680640,112128,1,bc9d9ef4,305f30335f616e696d2e707074004641
5531,779792768,91584,1,77c14d51,1f03000010000000405e0100bee8f590
5532,779884352,55488,1,c7510db0,46d7dc8a32acc4f528bf5a7b612d009a
5533,779939840,63040,1,8ce9db7f,455a42494e4400001000000040000000
5534,780002880,69440,1,0a7da9d1,3b7c4f97effcf47873ad599ab58ffe69
5535,780072320,101696,1,c1217a74,487e9f2b76ed5e01f70998a0a7bdad18
5536,780174016,117248,1,dc244acc,612e62696e00464143453031345f3035
5537,780291264,180096,1,17789969,7400464143453032325f30325f626173
5538,780471360,202304,1,2a18b0d9,707400464143453030345f30325f6261
5539,780673664,181824,1,d02a19f3,af0500004d0a0000c0650200a9a5187b
5540,780855488,87488,1,b564e7ba,46020000372600004098000026aa2461
5541,780942976,87744,1,33f09514,70707400656230345f32642e62696e00
5542,781030720,219584,1,f8ac46b1,464143453037305f30385f626173652e
5543,781250304,163200,1,e5a97609,43504c806a93f731b6881a4b1cc3b333
5544,781413504,134976,1,2ef5a5ac,00464143453038325f30315f62617365
5545,781548480,100672,1,a861d702,43453033325f30395f616e696d2e7070
5546,781649152,90432,1,633d04a7,c1475ba513f1fa12769083574c2b3b8f
5547,781739584,73344,1,926bb672,cca84b5369f17ae38d952e873fb02235
5548,781812928,194496,1,593765d7,5f646174612e62696e00464143453033
5549,782007424,177152,1,e9a72536,62696e00464143453036365f30315f61
5550,782184576,110592,1,a21ff3f9,86020000d2080000405a0000d0f59b78
5551,782295168,52288,1,248b8157,66010000ca140000c06100003c7903a9
5552,782347456,59840,1,efd752f2,70707400656230345f32642e62696e00
5553,782407296,165760,1,f2d2624a,76807a29088e20f282c00611ef367ae8
5554,782573056,46080,1,398eb1ef,2c851ad831b02febbe36819dc9fb81a5
5555,782619136,184768,1,bf1ac341,450500006108000000c901009583313e
5556,782803904,107456,1,744610e4,c63d4e133b919dda75ecd8ae3fc6b1e3
5557,782911360,120512,1,8510a231,cef8bf477b79cfda47efae3e23f9aaf3
5558,783031872,65600,1,fedc3175,52fe8b27b11db34cec5cbe374e2e2617
5559,783097472,73280,1,c67e9e30,0de37ab3d3d95c5b633693dfa2d154eb
5560,783170752,178368,1,40eaec9e,696d2e70707400464143453036305f30
5561,783349120,199872,1,8bb63f3b,325f646174612e62696e004641434530
5562,783548992,96960,1,96b30f83,00464143453033345f30345f616e696d
5563,783645952,205504,1,5defdc26,6d2e70707400464143453035375f3031
5564,783851456,142208,1,db7bae88,780edc73e19db0c3a1849cade24c193b
5565,783993664,48768,1,10277d2d,840000001000000080120000ccaf7e50
5566,784042432,89216,1,e171cff8,3033345f30345f616e696d2e70707400
5567,784131648,119360,1,2a2d1c5d,aab0853695382c9cba15ce2aca14b889
5568,784251008,118784,1,ab554621,b5010000ee090000007400001c77135d
5569,784369792,118016,1,9abd5cbc,15020000d50d000000520000a1316970
5570,784487808,148608,1,d1058a73,df623b5324a14a0d267d15bba6a59820
5571,784636416,173696,1,5791f8dd,ea0400001000000040f3010033411653
5572,784810112,119424,1,9ccd2b78,5b02000010000000807c000025288138
5573,784929536,164608,1,81c81bc0,70707400464143453033345f30345f64
5574,785094144,100480,1,4a94c865,1f8b0808ea4e104c0003656230385f30
5575,785194624,145792,1,cc00bacb,2e1d41d5809810eb624bb8e2f6f8c8d8
5576,785340416,112768,1,075c696e,455a42494e4400001c00000040000000
5577,785453184,117632,1,f60adbbb,3a02000010000000407a0000f9afe9a9
5578,785570816,114112,1,3d56081e,21729f15dfcf4b82f8d75f3c67c4c9d6
5579,785684928,113792,1,bc2e5262,c50300001000000000b601003db6c179
5580,785798720,180032,1,8dc648ff,1f8b0808bcf1e04c000363657633355f
5581,785978752,157824,1,e888b6b6,df22dc4b4c2b3158693146fa0049632b
5582,786136576,79424,1,6e1cc418,2870113129288874058a2840b2845350
5583,786216000,113856,1,a54017bd,417e52487cf7c93445dcc7f155c5894b
5584,786329856,95744,1,b8452705,a0020000e709000000dd00008fb26f0b
5585,786425600,72960,1,7319f4a0,8ccb6d6b42a573680e461e6bdba14ba5
5586,786498560,67200,1,f58d860e,44df6ca1855e20c58349e30327e8c141
5587,786565760,170624,1,3ed155ab,30312e61726300656230342e61726300
5588,786736384,156032,1,b44b743a,325f30335f616e696d2e707074004641
5589,786892416,81984,1,fff3a2f5,d40766cfc8be11ba9e159179a9977367
5590,786974400,151232,1,7967d05b,878963a8dccf93c2e92de16fdd1d98fe
5591,787125632,113984,1,b23b03fe,fc631c49bcf6cea326f62f7b9ac409bc
5592,787239616,131328,1,af3e3346,62696e00464143453031395f30355f61
5593,787370944,66560,1,6462e0e3,4a8452630f3bd5a8dd446b0a07c6b70a
5594,787437504,114112,1,e2f6924d,edcaffabdd0a1148273a6959bc4537aa
5595,787551616,66688,1,29aa41e8,58714bb582b313d42b4e65c5e8b3fa35
5596,787618304,130880,1,d8fcf33d,2e040000a817000000e60100a791ee0a
5597,787749184,95232,1,13a02098,f0020000d4230000c01b0100b8b899f5
5598,787844416,82304,1,a3306079,7467675b194ac3686d3da79d1d67d5ad
5599,787926720,82944,1,204a6d24,f634ed488eb3a6c7ac4d9f20034c7127
5600,788009664,95616,1,a6de1f8a,696e00464143453033385f30315f616e
5601,788105280,204544,1,6d82cc2f,0b030000902c00000016000054d28e8b
5602,788309824,196544,1,7087fc97,ad206d613c28a7753c283dc40832feb8
5603,788506368,130944,1,bbdb2f32,00000000000000000000000000000000
5604,788637312,147264,1,3d4f5d9c,fcb48ef08e038db3095dcdd5476dbdc9
5605,788784576,88384,1,f6138e39,05d00d7d570fdb4e343d48e01610b89d
5606,788872960,110336,1,07453cec,8f32fd5d8656ada1134be492dd1d6083
5607,788983296,102976,1,cc19ef49,d4b452d3c42d73a3b5d6dd652dcd0e22
5608,789086272,83072,1,7c89afa8,7b010000762b0000401700007dad6120
5609,789169344,71936,1,37317967,2e9ce55fcd22b5db771557d7baa8149e
5610,789241280,238400,1,b1a50bc9,72630000000000000000000000000000
5611,789479680,185920,1,7af9d86c,1b0400009123000000d60000b22099a9
5612,789665600,131904,1,67fce8d4,ac94d060a5ac09ab6cdd3572befe043a
5613,789797504,101632,1,aca03b71,385f30355f626173652e707074004641
5614,789899136,60224,1,2a3449df,f84bc85121bced995de392bfe01565ee
5615,789959360,124992,1,e1689a7a,00464143453032385f30325f64617461
5616,790084352,63104,1,103e28af,148dcf343b45696e823caabf3e257fe3
5617,790147456,74432,1,db62fb0a,30315f646174612e62696e0046414345
5618,790221888,95232,1,6bf2bbeb,63f3eaac45206b9bae9bf42e8ba89920
5619,790317120,68416,1,794ed445,4601000010000000c037000063cee8ab
5620,790385536,115520,1,ffdaa6eb,73652e70707400464143453035305f30
5621,790501056,57344,1,3486754e,9f5acfaca5523f395b299e6905d541ab
5622,790558400,111232,1,298345f6,455a42494e4400000500000040000000
5623,790669632,69312,1,e2df9653,315f616e696d2e707074004641434530
5624,790738944,116544,1,644be4fd,455a42494e4400001e00000040000000
5625,790855488,171392,1,af173758,f9958b72119fd1de94066006c768bbcd
5626,791026880,126528,1,5e41858d,425b4d29c57e50a02dadb4294ec18488
5627,791153408,87232,1,951d5628,1f8b0808c1f1e04c000363657634305f
5628,791240640,75648,1,14650c54,60b35856c28f4353f2d3d07e916967fd
5629,791316288,106304,1,258d16c9,6ecd90fd6d7b5b756b46553dd6e7ec1c
5630,791422592,100288,1,6e35c006,239dfdf3e60d68c84c9dd52d11a93728
5631,791522880,131648,1,e8a1b2a8,455a42494e4400000500000040000000
5632,791654528,108096,1,23fd610d,05020000bf0b000040710000af6cbb3c
5633,791762624,144768,1,3ef851b5,d94ec119708aceb6c31c5ff9c5b9e421
5634,791907392,66688,1,f5a48210,0d6c8ace51eb109b4b8b00affa344801
5635,791974080,65344,1,7330f0be,eb010000e60b0000c0a60000bb46cf91
5636,792039424,129472,1,b86c231b,455a42494e4400001f00000040000000
5637,792168896,119744,1,493a91ce,a40300001000000000ce01009f9e961a
5638,792288640,101696,1,8266426b,455a42494e4400000500000040000000
5639,792390336,77952,1,031e1817,1f8b0808c2f1e04c000363657634315f
5640,792468288,117248,1,32f6028a,6174612e62696e00464143453034315f
5641,792585536,115648,1,57b8fcc3,e87cfc05005ff812079ee7cbdcb32d7f
5642,792701184,105152,1,d12c8e6d,a0020000460a000080070100e72fb8f6
5643,792806336,158784,1,1a705dc8,626173652e7070740046414345303539
5644,792965120,152640,1,07756d70,455a42494e4400002300000040000000
5645,793117760,61440,1,cc29bed5,455a42494e4400000300000040000000
5646,793179200,114176,1,4abdcc7b,e801799e38ab3441afbcfe59a7498a28
5647,793293376,73792,1,81e11fde,34325f30345f626173652e7070740046
5648,793367168,109568,1,70b7ad0b,30315f626173652e7070740046414345
5649,793476736,144512,1,bbeb7eae,f55a2ea1f65d94a01dd8dd4647e834dd
5650,793621248,200256,1,3a9324d2,cb060000e70b000080d702008a3ff10c
5651,793821504,103872,1,0b7b3e4f,c5020000e70d0000c0580100196ff246
5652,793925376,94464,1,40c3e880,7db4a820d816b7e704661b74f873ecbe
5653,794019840,96512,1,c6579a2e,455a42494e4400001800000040000000
5654,794116352,82368,1,0d0b498b,9602000010000000c0ec000074a00ab8
5655,794198720,59904,1,100e7933,e9d78c69d119d3b1c0ca479405ed8290
5656,794258624,137280,1,db52aa96,fa0f9ce10c262d6d91e1a3802d183e06
5657,794395904,66944,1,5dc6d838,aeae765b757b7b637dddb6adbbf73f5a
5658,794462848,134848,1,969a0b9d,707400464143453030365f30315f6461
5659,794597696,91264,1,1c002a0c,c5020000f30500008030010033629bb6
5660,794688960,74432,1,24a28549,bab9d11316de3e193d192ee8d1c72c9e
5661,794763392,72192,1,a236f7e7,c6010000710b00000067000013c4177d
5662,794835584,126336,1,696a2442,2e70707400464143453031315f30315f
5663,794961920,158016,1,746f14fa,455a42494e4400002700000040000000
5664,795119936,94976,1,bf33c75f,ca0200001000000080390100b9913f8a
5665,795214912,124288,1,39a7b5f1,464143453039305f30365f646174612e
5666,795339200,130304,1,f2fb6654,1b040000fd210000c0a40100c9052c49
5667,795469504,100352,1,03add481,840000001400000040170000e6a94185
5668,795569856,98752,1,c8f10724,00000000000000000000000000000000
5669,795668608,130368,1,786147c5,3a0200001000000040a20000137dabb0
5670,795798976,50624,1,33d9910a,a6c6fc64c3bb0d4be451712a493f9b70
5671,795849600,56896,1,b54de3a4,d5d95ade87934f2e6c630e2b00cbd8d8
5672,795906496,56000,1,7e113001,464143453034355f30325f646174612e
5673,795962496,79680,1,631400b9,1ba1cb3aacc4c2aaa8537b08491eaa5f
5674,796042176,84224,1,a848d31c,f55cc877d4f49ecbcb0effebe911b293
5675,796126400,77440,1,2edca1b2,1c655ea043e1c1347a47d172335dd4b9
5676,796203840,80128,1,e5807217,ae9cb44d6211073b4ed2a676ec145028
5677,796283968,144832,1,6f1a5386,5f30315f616e696d2e70707400464143
5678,796428800,44800,1,0a54adcf,1f8b0808e9f1e04c000363657634355f
5679,796473600,245440,1,8cc0df61,6f040000a90b000000e90000ceb61ab3
5680,796719040,189376,1,479c0cc4,a3951dd5ef6f78b68bb35dc4575259fa
5681,796908416,127680,1,5a993c7c,74612e62696e00464143453033305f30
5682,797036096,116288,1,91c5efd9,6b4ca7829cd41a7ae5357738ce463187
5683,797152384,77440,1,17519d77,e9e8105fa58caf6ccf77389d4d4e9869
5684,797229824,208128,1,dc0d4ed2,453034365f30365f646174612e62696e
5685,797437952,127232,1,2d5bfc07,455a42494e4400001e00000040000000
5686,797565184,99904,1,e6072fa2,a50200001000000040ec0000392ea07d
5687,797665088,173056,1,677f75de,39609db12e5b0deb8df5b37dcc3e65f7
5688,797838144,61760,1,56976f43,586bcebc8b736102c7cb67660acfd929
5689,797899904,67648,1,1d2fb98c,1f8b0808e9f1e04c0003464143453034
5690,797967552,140032,1,9bbbcb22,e67bdca26d3555b150d262a985f25328
5691,798107584,136384,1,50e71887,455a42494e4400000500000040000000
5692,798243968,160256,1,4de2283f,3034375f30365f626173652e70707400
5693,798404224,94208,1,86befb9a,1f8b0808dd4e104c0003656230315f30
5694,798498432,149888,1,002a8934,a60b9f30cfa68432af7ba28802254f6a
5695,798648320,114880,1,cb765a91,455a42494e4400001c00000040000000
5696,798763200,133696,1,41ec7b00,b50200007a220000009d0000c626b8ee
5697,798896896,73216,1,c296765d,94121b4ac3328b8a3089dab410235c45
5698,798970112,90560,1,440204f3,a00200002d0a0000c0cd0000b5594567
5699,799060672,83584,1,8f5ed756,464143453037325f30385f626173652e
5700,799144256,108416,1,925be7ee,da02000010000000801301000b22fe4a
5701,799252672,97856,1,5907344b,2f0200001000000040bd0000dbdf955f
5702,799350528,87168,1,df9346e5,edcaffabdd0a1148273a6959bc4537aa
5703,799437696,91712,1,14cf9540,c930f79aeb693db1534113efef626c6a
5704,799529408,123584,1,e5992795,cf0300000e140000809f010079184622
5705,799652992,85888,1,9e55b4d1,711472bf51d1882ab188820923b1a216
5706,799738880,42112,1,d5ed621e,6b68d33031b4833e47d27eeffdefd8f7
5707,799780992,153856,1,537910b0,df020000022500008073000054f875f4
5708,799934848,163968,1,9825c315,7a0400005a080000c0350100cf4ceed6
5709,800098816,116224,1,8520f3ad,6173652e70707400464143453034315f
5710,800215040,86208,1,4e7c2008,455a42494e4400001700000040000000
5711,800301248,161600,1,c8e852a6,2503000098240000809a000068e2cc41
5712,800462848,184000,1,03b48103,455a42494e4400002600000040000000
5713,800646848,103168,1,f2e233d6,48bc33f68a5f100487c5e72feb1bc494
5714,800750016,118912,1,39bee073,cf0300009704000080a501001d13dc3a
5715,800868928,160000,1,892ea092,5005000010000000c00c0200985de82c
5716,801028928,149824,1,968cbf7b,5f626173652e70707400464143453034
5717,801178752,171328,1,1018cdd5,30315f646174612e62696e0046414345
5718,801350080,32960,1,db441e70,260e2a4aa32686348eea2ac569ed2c20
5719,801383040,90176,1,c6412ec8,5f626173652e70707400464143453035
5720,801473216,164096,1,0d1dfd6d,5f626173652e70707400464143453031
5721,801637312,171008,1,8b898fc3,6173652e70707400464143453034395f
5722,801808320,74880,1,ca4f7df7,dab5c29d15b4acec7ccbe78df037336b
5723,801883200,66304,1,81f7ab38,78f17ced513abb03b7607b6ff606de3d
5724,801949504,140992,1,0763d996,4d281a62ae8849d04842e670aa0c45e6
5725,802090496,102464,1,cc3f0a33,1740b6f53fb318d9711cd13790e1e09c
5726,802192960,151360,1,d13a3a8b,5ef8f85d7a89ee19ae9ba1181974c520
5727,802344320,106240,1,1a66e92e,567771883ebad2acd5dcdca3df5062e5
5728,802450560,138432,1,9cf29b80,92a38132662943979072ea3f9427e516
5729,802588992,100608,1,57ae4825,2a03000010000000401601005252b4e2
5730,802689600,38336,1,a6f8faf0,a97a4e0c79198deab29e47d1533ecf3e
5731,802727936,136448,1,6da42955,455a42494e4400001f00000040000000
5732,802864384,142400,1,dd3469b4,1f8b0808ccf1e04c000363657635315f
5733,803006784,70720,1,b87a97fd,e60200001508000000e500007da0671e
5734,803077504,210368,1,3eeee553,4143453035315f30315f626173652e70
5735,803287872,103680,1,f5b236f6,43453036325f30345f646174612e6269
5736,803391552,53056,1,e8b7064e,1601000010000000c0330000165c1f0b
5737,803444608,154432,1,23ebd5eb,328c49645557ec24fe608db84a74695c
5738,803599040,202240,1,a57fa745,656231352e6172630046414345303334
5739,803801280,87040,1,6e2374e0,25020000b4220000009d0000017d5a31
5740,803888320,65280,1,9f75c635,455a42494e4400000500000040000000
5741,803953600,112064,1,e4b95571,2e70707400464143453035325f30385f
5742,804065664,98304,1,af0183be,860300008a260000404b01007510055a
5743,804163968,131072,1,2995f110,a50300009c210000007f0100b51bd5fb
5744,804295040,162944,1,e2c922b5,0a0400001e0a00000071010029d12798
5745,804457984,200704,1,ffcc120d,30385f616e696d2e7070740046414345
5746,804658688,211520,1,3490c1a8,5f616e696d2e70707400464143453035
5747,804870208,123392,1,b204b306,3002000040100000002f000027a3e5c3
5748,804993600,146112,1,795860a3,63657635335f3036302e736372006562
5749,805139712,105536,1,880ed276,c8b1ffabb72119c281ac9481449519ef
5750,805245248,95296,1,f3c24132,eb02000010000000403c01000519ac28
5751,805340544,133440,1,cb60ee77,37b81de064a39de07681938d7683db03
5752,805473984,87296,1,4df49cd9,1e2fd7aa7140e7d130858437dbb14e88
5753,805561280,63360,1,86a84f7c,e6de755bee70ec5cec6a0cdb48a3ea4d
5754,805624640,96256,1,9bad7fc4,1f8b0808cef1e04c000363657635345f
5755,805720896,91648,1,50f1ac61,1f8b0808cef1e04c000363657635345f
5756,805812544,112832,1,d665decf,2a03000010000000c0370100cc018bab
5757,805925376,62016,1,1d390d6a,3035345f30355f646174612e62696e00
5758,805987392,105216,1,97a32cfb,342e10d753d8279e921bec122f0cb027
5759,806092608,92800,1,dc1bfa34,db9c1929668cc5a372a6c76becdcf843
5760,806185408,97152,1,5a8f889a,5f646174612e62696e00464143453035
5761,806282560,119552,1,91d35b3f,313a8c3fa2f127bae25e287f58dc4766
5762,806402112,133056,1,8cd66b87,3002000080150000c01f000009d51ec4
5763,806535168,150912,1,478ab822,455a42494e4400001300000040000000
5764,806686080,94144,1,c11eca8c,35f5c3f3fd1e94c7ff143dac668af842
5765,806780224,74752,1,0a421929,de335554f5d5caee88d2b2e86a54ba9c
5766,806854976,102976,1,fb14abfc,a5020000404e000080400100594f5229
5767,806957952,124608,1,80d838b8,315f30365f616e696d2e707074004641
5768,807082560,62592,1,e596c6f1,5f646174612e62696e00000000000000
5769,807145152,138048,1,6302b45f,fc3baf72559589eb280bb8c47ba068a9
5770,807283200,66496,1,a85e67fa,365f30335f646174612e62696e004641
5771,807349696,106240,1,b55b5742,4cabf6abde226b1b4d5a1873e2dcb0bb
5772,807455936,78464,1,7e0784e7,70707400656230325f32642e62696e00
5773,807534400,72128,1,f893f649,debbccff28ff3d812804fc08e723d45c
5774,807606528,115008,1,33cf25ec,8a020000e51e0000c0d700009a3dcf89
5775,807721536,72064,1,c2999739,707400464143453035365f30315f6461
5776,807793600,123072,1,b955047d,62696e00464143453038345f30315f61
5777,807916672,40896,1,f2edd2b2,95f94a27960fca26918f0121319565a7
5778,807957568,143872,1,7479a01c,81ec305887e94db53d46ed08ee2fc9e3
5779,808101440,90496,1,bf2573b9,70707400656230345f32642e62696e00
5780,808191936,103936,1,a2204301,46d7dc8a32acc4f528bf5a7b612d009a
5781,808295872,105920,1,697c90a4,3aa28f4195e462a2bcbac4ccef5c9460
5782,808401792,83328,1,efe8e20a,23c139c60f6882dfa638499ef2cf2793
5783,808485120,99520,1,ae2e103e,7a0200005d260000c0fa0000f1400c49
5784,808584640,68608,1,2d541d63,151772b9938fea64a4dab3cba1263180
5785,808653248,122304,1,abc06fcd,f00300004a0d000000a70100b6dd6f04
5786,808775552,210880,1,609cbc68,50230e94bf33429c7a42881b52d799e7
5787,808986432,73216,1,7d998cd0,739c924951abd5f1212d6859259f9aac
5788,809059648,57664,1,b6c55f75,c11e72422b36b061d9a5767e8e945da9
5789,809117312,63936,1,30512ddb,70418922170e02712e5c505058e0c246
5790,809181248,190208,1,fb0dfe7e,10030000c0060000c03900004571acc3
5791,809371456,102080,1,0a5b4cab,cef8bf477b79cfda47efae3e23f9aaf3
5792,809473536,108352,1,7197dfef,ea6a388b52130ca8cc1244b1f2369833
5793,809581888,49472,1,3a2f0920,45fdbd3e45fa279902d77a7adc273e75
5794,809631360,86592,1,bcbb7b8e,70707400656230315f32642e62696e00
5795,809717952,124416,1,77e7a82b,ab0200005e0a0000c0bb0000f1a4631d
5796,809842368,104384,1,6ae29893,1f8b0808d2f1e04c0003464143453032
5797,809946752,92480,1,a1be4b36,252e7fdfa76aa8ef55e35c4fa4925ed2
5798,810039232,140160,1,272a3998,455a42494e4400000500000040000000
5799,810179392,155136,1,66eccbac,7400464143453031345f30345f646174
5800,810334528,114624,1,7dbb0478,46030000230b000040290100058fba6a
5801,810449152,180416,1,fb2f76d6,ca0300007024000000e500005e6d211b
5802,810629568,210496,1,3073a573,1f050000b7260000c0a5010065ca9700
5803,810840064,194944,1,2d7695cb,455a42494e4400001d00000040000000
5804,811035008,86784,1,e62a466e,43453030375f30315f616e696d2e7070
5805,811121792,133696,1,60be34c0,1f8b0808d3f1e04c000363657636305f
5806,811255488,111872,1,abe2e765,1f8b0808dd4e104c0003656230315f30
5807,811367360,97280,1,5ab455b0,13dde348c725127487d278d5e4e3f8a2
5808,811464640,179328,1,2178c6f4,bbb8882b382247a5b44c777bf61f5cc3
5809,811643968,76544,1,6ac0103b,80d7b2afdd8bfe898214fc8182ca0554
5810,811720512,84992,1,ec546295,474bdd67110b58f010e8018b8b1e97f7
5811,811805504,158912,1,2708b130,43453035335f30355f626173652e7070
5812,811964416,85248,1,3a0d8188,455a42494e4400001b00000040000000
5813,812049664,109248,1,f151522d,045d164443e4ba2a8e5017ad1d366393
5814,812158912,113280,1,77c52083,c4292cd8e049e122458a605c24209052
5815,812272192,77632,1,bc99f326,707400464143453036315f30325f6461
5816,812349824,111552,1,4dcf41f3,55030000cb200000806b0100cfccce0a
5817,812461376,85248,1,3603d2b7,3c76e9a2494cc0eb61840c6af886d7da
5818,812546624,68096,1,534d2cfe,43453036315f30355f616e696d2e7070
5819,812614720,147904,1,d5d95e50,657636325f3031302e61726300000000
5820,812762624,194624,1,1e858df5,cb917e514ff0aedf8a1fd85f215f9fa8
5821,812957248,110464,1,0380bd4d,93ea09cdd8edefc1ebef355a4a853eeb
5822,813067712,122240,1,c8dc6ee8,7d12ff2e9e8f3f8bbf35f5cd1476d043
5823,813189952,212352,1,4e481c46,453035395f30315f626173652e707074
5824,813402304,275904,1,8514cfe3,b00300001000000080b4000051074b2c
5825,813678208,325312,1,74427d36,453033385f30315f616e696d2e707074
5826,814003520,523072,1,bf1eae93,550c00003c280000802905008c400267
5827,814526592,81856,1,0f8eee72,fb0100001000000080730000d0a5749f
5828,814608448,113728,1,443638bd,d601000010000000803900004beb1e8c
5829,814722176,113536,1,c2a24a13,ce52c5102243093268659f6888849075
5830,814835712,60032,1,09fe99b6,455a42494e4400001100000040000000
5831,814895744,198592,1,14fba90e,616e696d2e7070740046414345303633
5832,815094336,101888,1,dfa77aab,652e70707400464143453030325f3034
5833,815196224,89920,1,59330805,800100002b0b0000c03400007137a59f
5834,815286144,95104,1,926fdba0,d54ade1fb3c50c2efce2e6e43e729db9
5835,815381248,44608,1,63396975,780a6ffdd74607db4ceda1e82ebab1bb
5836,815425856,49280,1,18f5fa31,696e00464143453031325f30325f616e
5837,815475136,69760,1,20575574,612e62696e00464143453036335f3033
5838,815544896,92160,1,a6c327da,3034305f30335f626173652e70707400
5839,815637056,184512,1,6d9ff47f,7b050000cc090000404b020007ea0328
5840,815821568,125952,1,709ac4c7,33385f30325f646174612e62696e0046
5841,815947520,62080,1,bbc61762,2a6c91b847d5e072253244b98a3cdd41
5842,816009600,138432,1,3d5265cc,940300002820000080740100a941c1a6
5843,816148032,92288,1,f60eb669,840000001000000080120000ccaf7e50
5844,816240320,109440,1,075804bc,3ae52651e0e9d6f4ef2ff3fe142fa962
5845,816349760,120640,1,cc04d719,453030395f30315f626173652e707074
5846,816470400,118016,1,4d7c8d65,2a03000040680000405e010003618073
5847,816588416,150720,1,7c9497f8,e20762ac0276a4facf686047c789e349
5848,816739136,80704,1,372c4137,1f8b0808ebf1e04c000363657636345f
5849,816819840,214720,1,b1b83399,2e70707400464143453036355f30365f
5850,817034560,134912,1,7ae4e03c,23a2794c769ea411ba4c8379ddcd5174
5851,817169472,121920,1,67e1d084,3036355f30345f646174612e62696e00
5852,817291392,119232,1,acbd0321,6a02000010000000c0840000480cab31
5853,817410624,68096,1,6bef83bb,2e70707400464143453036355f30325f
5854,817478720,65728,1,0ea17df2,330530e0b5f60232f0f12f128ee1e1a6
5855,817544448,60288,1,88350f5c,70707400656230335f32642e62696e00
5856,817604736,68352,1,4369dcf9,960100004d0a000000750000a9a5187b
5857,817673088,97600,1,5e6cec41,365f30365f646174612e62696e000000
5858,817770688,288960,1,95303fe4,da0400000907000040b7000025947009
5859,818059648,87616,1,13a44d4a,30332e61726300656230392e61726300
5860,818147264,124544,1,d8f89eef,bb13ecde12654a99df33cdcc42663328
5861,818271808,108736,1,29ae2c3a,8e5a8c04000000000000000000000000
5862,818380544,123456,1,5262bf7e,70707400656231315f32642e62696e00
5863,818504000,76480,1,19da69b1,63657636365f3230302e736372004641
5864,818580480,215168,1,9f4e1b1f,2e70707400464143453032325f30315f
5865,818795648,239552,1,5412c8ba,30325f626173652e7070740046414345
5866,819035200,155264,1,4917f802,43453036375f30365f646174612e6269
5867,819190464,199424,1,824b2ba7,2a0600001000000040cf0200efefd315
5868,819389888,109632,1,04df5909,76cf86deb6bb025ec22786aa8e4c336c
5869,819499520,133440,1,cf838aac,4f0400007226000040df01003aba6217
5870,819632960,137280,1,3ed53879,6d2e70707400464143453036375f3036
5871,819770240,70464,1,f589ebdc,a3bf13aae1cffe02ff67a1a695010000
5872,819840704,128832,1,4519ab3d,840000001000000080120000ccaf7e50
5873,819969536,161472,1,c663a660,ce3c0f9c0f9ceecc9780cb076738f3a5
5874,820131008,78656,1,40f7d4ce,7993f21ddd241276ecd5a7d82689c33c
5875,820209664,93056,1,8bab076b,455a42494e4400001700000040000000
5876,820302720,171584,1,96ae37d3,36385f30365f616e696d2e7070740046
5877,820474304,56960,1,5df2e476,464143453036385f30315f646174612e
5878,820531264,86528,1,db6696d8,b00100006f07000080250000d5681a77
5879,820617792,126656,1,103a457d,656230352e61726300656230392e6172
5880,820744448,308864,1,e16cf7a8,c402000010000000c02601001ae44007
5881,821053312,135552,1,2a30240d,1f8b0808dd4e104c0003656230315f30
5882,821188864,78592,1,ab487e71,450200001000000040ff0000c04d5ebf
5883,821267456,157888,1,9aa064ec,36385f30355f626173652e7070740046
5884,821425344,74432,1,d118b223,82eb0bb10318db41c42005dd6d43ac5d
5885,821499776,180416,1,578cc08d,11521cef22be4f11474f50e53da5f2ae
5886,821680192,129536,1,9cd01328,4002000080070000c02f0000f81d6fc0
5887,821809728,94400,1,81d52390,696e00464143453030345f30345f616e
5888,821904128,114688,1,4a89f035,453036395f30315f626173652e707074
5889,822018816,71040,1,cc1d829b,e239776a3f2e86c5bba0b78f1be33c57
5890,822089856,48576,1,0741513e,450100007a0a0000006300002634639e
5891,822138432,113088,1,f617e3eb,2cde939282a4af532d80ede4fe620acd
5892,822251520,156032,1,8ddb70af,455a42494e4400002800000040000000
5893,822407552,91776,1,92796f46,660300007e200000c04501006130cd7d
5894,822499328,253824,1,14ed1de8,455a42494e4400003000000040000000
5895,822753152,131392,1,dfb1ce4d,c1079c3daad5221685724895aa9c5645
5896,822884544,174272,1,c2b4fef5,5b0200002c0a000080a10000741619fa
5897,823058816,163584,1,09e82d50,5b040000a6090000c05e0100a6c6a420
5898,823222400,168512,1,8f7c5ffe,2003000067210000406700001648ef0f
5899,823390912,52032,1,44208c5b,e6676a2a7278c33d1a68b77c2f59877b
5900,823442944,116416,1,cebaadca,04cb98320b35e9b93aa5f7f5929ed6bb
5901,823559360,148672,1,85027b05,612e62696e00464143453037305f3131
5902,823708032,161472,1,039609ab,2b040000dc0c0000c0760100838df148
5903,823869504,128960,1,c8cada0e,eb01000098250000402900006f3f4327
5904,823998464,257472,1,d5cfeab6,455a42494e4400003200000040000000
5905,824255936,119040,1,1e933913,50fb8cf758c48e7d4c6ed3a9a28486d6
5906,824374976,72192,1,98074bbd,7997b8f42207fc62149bd5cee68c4b93
5907,824447168,66240,1,535b9818,e601000075290000c0a700006bb7212b
5908,824513408,154688,1,a20d2acd,30315f626173652e7070740046414345
5909,824668096,99584,1,d9c1b989,efa1bb2edeb7b8b31d718e306bdfbb6b
5910,824767680,132672,1,bc8f47c0,6f229428a45568420ab44059a212b15c
5911,824900352,196544,1,3a1b356e,464143453030345f30315f616e696d2e
5912,825096896,317440,1,f147e6cb,8b06000010000000c0e402009464755a
5913,825414336,136704,1,ec42d673,464143453037305f30375f646174612e
5914,825551040,175232,1,271e05d6,4a0300006104000080c10000af50f344
5915,825726272,163392,1,a18a7778,315f626173652e707074004641434530
5916,825889664,116608,1,6ad6a4dd,63657637325f3036302e617263000000
5917,826006272,173760,1,9b801608,30315f646174612e62696e0046414345
5918,826180032,167808,1,e04c854c,8f040000be080000409401009abdee55
5919,826347840,118656,1,abf45383,46030000600a000040340100b81cf1c9
5920,826466496,260480,1,2d60212d,1f0400001000000040bd00009b16751e
5921,826726976,88768,1,e63cf288,6d2e70707400464143453037335f3031
5922,826815744,286208,1,fb39c230,30325f626173652e7070740046414345
5923,827101952,56704,1,30651195,515a646cd6754ebb2ee9b4398dcf6bfc
5924,827158656,89600,1,b6f1633b,d5010000fc040000c065000038af324c
5925,827248256,142848,1,7dadb09e,e1bcb828ae8947624ce4c592e80a9d0b
5926,827391104,76416,1,8cfb024b,b3cb85358ede4d6f608ead54f1952da5
5927,827467520,71360,1,f737910f,9dacf8b00c75d884b6c78aa77dec86d3
5928,827538880,77184,1,cf953e4a,e8f40416bbe8ebe35d46063350d1f965
5929,827616064,128384,1,49014ce4,00464143453035345f30345f64617461
5930,827744448,115904,1,825d9f41,8a0200006a0a000080a400008199daf0
5931,827860352,92928,1,9f58aff9,e43829a777e89fe3b6ac9f5fe42debec
5932,827953280,167424,1,54047c5c,840200003209000000790000de63ba71
5933,828120704,114688,1,9356fcc6,7bf44f34a49cfd01c25225a097050000
5934,828235392,65280,1,d8ee2a09,b4d8574d89f2f8c226a5b921f19cac63
5935,828300672,96256,1,5e7a58a7,cbfbd5457e0d3273b5734ff55ae457b0
5936,828396928,144896,1,95268b02,85bbf82e3ddccbbc5d9e0b9a679c7a77
5937,828541824,138496,1,8823bbba,5f646174612e62696e00464143453037
5938,828680320,149184,1,437f681f,6a02000010000000009f0000fc68769b
5939,828829504,161536,1,c5eb1ab1,c01c201b54cde416513aca855004bfe0
5940,828991040,134912,1,0eb7c914,840000001000000080120000ccaf7e50
5941,829125952,121728,1,ffe17bc1,3bdc412fba310c76718ca2890a28e348
5942,829247680,106496,1,34bda864,800200001000000080a00000b4734a6a
5943,829354176,86272,1,b5c5f218,fa010000c20a0000c0a300000dd78d52
5944,829440448,121984,1,842de885,c50300001000000000d601008c386a6a
5945,829562432,104640,1,bda0d440,b1946dcd9c547b9f8b7c63f6bc25a7fa
5946,829667072,27136,1,aadbc003,280cc8350e6a57cc6ebf70add14b134b
5947,829694208,33664,1,75620fd2,612e62696e0000000000000000000000
5948,829727872,25088,1,62191b91,b2d2d1d6959e7d58af4f6feced0a045a
5949,829752960,55808,1,3fb1f647,39f54e9ab89cd7e344c33982b72a3777
5950,829808768,27200,1,28cae204,63657638305f3230302e736372004641
5951,829835968,54016,1,1147dec1,1f8b0808ecf1e04c000363657638315f
5952,829889984,19456,1,063cca82,72118611da2b628b950db7793adaab1a
5953,829909440,20992,1,625da74b,6115d0c6ff0c1c8c218cb18c2b193731
5954,829930432,22848,1,7526b308,ccd09506434e26024419dd391da10d06
5955,829953280,51456,1,4cab8fcd,76df6b0fa200f7b7f33ce4cab307db22
5956,830004736,96256,1,8469545f,a624552e61e3aca4bd044fff24374d9b
5957,830100992,49280,1,9312401c,bdc8458257af239e4eb44625fd2701ce
5958,830150272,69184,1,8cb05ff5,25286edfac9901657a1ca1e690700d17
5959,830219456,84032,1,0a242d5b,280aba4d8fa156f059f77351490e3e39
5960,830303488,70848,1,c178fefe,07a8e63fb26798a216f88c683ac13d82
5961,830374336,156480,1,dc7dce46,500400003310000080b901008eedf971
5962,830530816,128320,1,17211de3,90c2bf30117f45e18fe341157f55f173
5963,830659136,88576,1,91b56f4d,707400464143453036325f30315f6461
5964,830747712,53888,1,5ae9bce8,784d7c234e881b628be743cfcf1ef244
5965,830801600,111232,1,abbf0e3d,d6b499226e1a0fd8bbc096251d7bdc30
5966,830912832,164608,1,60e3dd98,60030000211a0000000f01000eed41aa
5967,831077440,131392,1,e19b87e4,652e70707400464143453038395f3031
5968,831208832,134848,1,d0739d79,604ed8e49cc47904d818bd45378730b6
5969,831343680,76992,1,9bcb4bb6,3432388f89ec9ffae12ce593fef3fff9
5970,831420672,35264,1,1d5f3918,365f30325f616e696d2e707074004641
5971,831455936,72512,1,d603eabd,1f8b0808e4f1e04c000363657639315f
5972,831528448,26752,1,cb06da05,966e58bf13696a7e20ddb0de61940742
5973,831555200,24256,1,005a09a0,a98cd0d5e16ba72c44ce41450156bfa0
5974,831579456,29376,1,86ce7b0e,e348616f923570be5a32756f53fb366f
5975,831608832,11072,1,4d92a8ab,455a42494e4400000500000040000000
5976,831619904,59904,1,bcc41a7e,2e904097f5dfedcfd06c0e70605aa523
5977,831679808,28800,1,7798c9db,42329a592ad34c77146e5bccf12c95fb
5978,831708608,5440,1,f6e093a7,be924371ecfee4b8ca9ab63ae93c42b6
5979,831714048,118592,1,c708893a,707400464143453038385f30315f6461
5980,831832640,25920,1,fe85b5ff,00e30635ce438c1bd6388f306e94394f
5981,831858560,1856,1,e9fea1bc,00000000000000000000000000000000
5982,831860416,384,1,8d9fcc75,00000000000000000000000000000000
5983,831860800,52544,1,9ae4d836,6601000010000000002600008c543262
5984,831913344,73600,1,b412f0b0,a122d2b8c5cdf34c72bba83609f65a41
5985,831986944,50880,1,e41ac48e,76df6b0fa200f7b7f33ce4cab307db22
5986,832037824,4672,1,d97aed3e,6372006d6170536869705f33302e7363
5987,832042496,3264,1,9eda97ee,1f8b0808aa03824b00036d6170443031
5988,832045760,2880,1,a3babe5e,1f8b0808aa03824b00036d6170443032
5989,832048640,2880,1,119a624e,1f8b0808aa03824b00036d6170443033
5990,832051520,3136,1,2cfa4bfe,704430344130322e736372006d617044
5991,832054656,3392,1,6b5a312e,1f8b0808aa03824b00036d6170443035
5992,832058048,1344,1,563a189e,1f8b0808ab03824b00036d6170443036
5993,832059392,2624,1,d46a8f4f,455a42494e4400001500000040000000
5994,832062016,3264,1,e90aa6ff,1f8b0808ab03824b00036d6170443038
5995,832065280,2688,1,2f46172b,1f8b0808ab03824b00036d6170443039
5996,832067968,3072,1,12263e9b,72006d61704431304130382e73637200
5997,832071040,3136,1,5586444b,1f8b0808ac03824b00036d6170443131
5998,832074176,7616,1,68e66dfb,4a05000034000000000e0000c680b363
5999,832081792,796,1,f46a25f0,00000000000000000000000000000000
6000,832082588,3108,1,e7103f52,c95fd15abfcfe13cccb06b2b59278b59
6001,832085696,2048,1,a0b04582,00000000000000000000000000000000
6002,832087744,2048,1,5530e342,00000000000000000000000000000000
6003,832089792,1856,1,6850caf2,00000000000000000000000000000000
6004,832091648,2368,1,ea005d23,00000000000000000000000000000000
6005,832094016,1920,1,d7607493,00000000000000000000000000000000
6006,832095936,1856,1,112cc547,00000000000000000000000000000000
6007,832097792,2368,1,2c4cecf7,00000000000000000000000000000000
6008,832100160,1856,1,6bec9627,00000000000000000000000000000000
6009,832102016,1856,1,568cbf97,00000000000000000000000000000000
6010,832103872,1664,1,e4ac6387,00000000000000000000000000000000
6011,832105536,2816,1,d9cc4a37,00000000000000000000000000000000
6012,832108352,1984,1,9e6c30e7,00000000000000000000000000000000
6013,832110336,1792,1,a30c1957,00000000000000000000000000000000
6014,832112128,2112,1,215c8e86,00000000000000000000000000000000
6015,832114240,2240,1,1c3ca736,00000000000000000000000000000000
6016,832116480,1984,1,97b8b7e9,00000000000000000000000000000000
6017,832118464,2176,1,d018cd39,00000000000000000000000000000000
6018,832120640,2112,1,62381129,00000000000000000000000000000000
6019,832122752,1984,1,5f583899,00000000000000000000000000000000
6020,832124736,1920,1,699f38b1,00000000000000000000000000000000
6021,832126656,1984,1,2e3f4261,00000000000000000000000000000000
6022,832128640,2176,1,135f6bd1,00000000000000000000000000000000
6023,832130816,2112,1,a17fb7c1,00000000000000000000000000000000
6024,832132928,1984,1,9c1f9e71,00000000000000000000000000000000
6025,832134912,1408,1,dbbfe4a1,00000000000000000000000000000000
6026,832136320,2752,1,e6dfcd11,00000000000000000000000000000000
6027,832139072,2048,1,648f5ac0,00000000000000000000000000000000
6028,832141120,1856,1,59ef7370,00000000000000000000000000000000
6029,832142976,1280,1,9fa3c2a4,00000000000000000000000000000000
6030,832144256,3008,1,a2c3eb14,6720036ed11d15271072a13618afab22
6031,832147264,1984,1,e56391c4,00000000000000000000000000000000
6032,832149248,2112,1,d803b874,00000000000000000000000000000000
6033,832151360,2048,1,6a236464,00000000000000000000000000000000
6034,832153408,2048,1,57434dd4,00000000000000000000000000000000
6035,832155456,2048,1,10e33704,00000000000000000000000000000000
6036,832157504,2112,1,2d831eb4,00000000000000000000000000000000
6037,832159616,1728,1,a535382f,00000000000000000000000000000000
6038,832161344,1600,1,e29542ff,00000000000000000000000000000000
6039,832162944,2176,1,dff56b4f,00000000000000000000000000000000
6040,832165120,2432,1,6dd5b75f,00000000000000000000000000000000
6041,832167552,2240,1,50b59eef,00000000000000000000000000000000
6042,832169792,2048,1,1715e43f,00000000000000000000000000000000
6043,832171840,1920,1,2a75cd8f,00000000000000000000000000000000
6044,832173760,1088,1,a8255a5e,00000000000000000000000000000000
6045,832174848,2432,1,954573ee,d832175956c611e6b3775d3eede812ee
6046,832177280,2240,1,5309c23a,00000000000000000000000000000000
6047,832179520,2560,1,6e69eb8a,00000000000000000000000000000000
6048,832182080,1984,1,29c9915a,00000000000000000000000000000000
6049,832184064,1472,1,14a9b8ea,00000000000000000000000000000000
6050,832185536,2496,1,a68964fa,00000000000000000000000000000000
6051,832188032,576,1,9be94d4a,00000000000000000000000000000000
6052,832188608,3456,1,dc49379a,fcce9c33731fbb6e537cf3335b37bdf7
6053,832192064,1216,1,e1291e2a,00000000000000000000000000000000
6054,832193280,1536,1,637989fb,025d3955843057525506f328faeb9d88
6055,832194816,3584,1,5e19a04b,36e3f36d316a886b2ecd1033de76d9ae
6056,832198400,1984,1,d59db094,00000000000000000000000000000000
6057,832200384,1600,1,e8fd9924,00000000000000000000000000000000
6058,832201984,1920,1,af5de3f4,00000000000000000000000000000000
6059,832203904,2752,1,923dca44,00000000000000000000000000000000
6060,832206656,2048,1,201d1654,00000000000000000000000000000000
6061,832208704,2048,1,1d7d3fe4,00000000000000000000000000000000
6062,832210752,1408,1,5add4534,00000000000000000000000000000000
6063,832212160,2368,1,67bd6c84,00000000000000000000000000000000
6064,832214528,2368,1,e5edfb55,00000000000000000000000000000000
6065,832216896,2112,1,d88dd2e5,00000000000000000000000000000000
6066,832219008,1984,1,1ec16331,00000000000000000000000000000000
6067,832220992,2048,1,23a14a81,00000000000000000000000000000000
6068,832223040,1920,1,aff03136,00000000000000000000000000000000
6069,832224960,1472,1,e8504be6,00000000000000000000000000000000
6070,832226432,2688,1,d5306256,00000000000000000000000000000000
6071,832229120,1536,1,6710be46,00000000000000000000000000000000
6072,832230656,2624,1,5a7097f6,00000000000000000000000000000000
6073,832233280,1984,1,1dd0ed26,00000000000000000000000000000000
6074,832235264,1600,1,20b0c496,00000000000000000000000000000000
6075,832236864,2112,1,a2e05347,00000000000000000000000000000000
6076,832238976,2368,1,9f807af7,00000000000000000000000000000000
6077,832241344,1536,1,59cccb23,00000000000000000000000000000000
6078,832242880,2496,1,64ace293,00000000000000000000000000000000
6079,832245376,2048,1,230c9843,00000000000000000000000000000000
6080,832247424,1984,1,1e6cb1f3,00000000000000000000000000000000
6081,832249408,2304,1,ac4c6de3,00000000000000000000000000000000
6082,832251712,1984,1,912c4453,00000000000000000000000000000000
6083,832253696,2048,1,d68c3e83,00000000000000000000000000000000
6084,832255744,1984,1,ebec1733,00000000000000000000000000000000
6085,832257728,1984,1,69bc80e2,00000000000000000000000000000000
6086,832259712,2176,1,54dca952,00000000000000000000000000000000
6087,832261888,2176,1,df58b98d,00000000000000000000000000000000
6088,832264064,1984,1,e238903d,00000000000000000000000000000000
6089,832266048,2112,1,a598eaed,00000000000000000000000000000000
6090,832268160,2048,1,98f8c35d,00000000000000000000000000000000
6091,832270208,1984,1,635a31a8,00000000000000000000000000000000
6092,832272192,2048,1,24fa4b78,00000000000000000000000000000000
6093,832274240,1920,1,199a62c8,00000000000000000000000000000000
6094,832276160,1856,1,abbabed8,00000000000000000000000000000000
6095,832278016,2112,1,96da9768,00000000000000000000000000000000
6096,832280128,2304,1,d17aedb8,00000000000000000000000000000000
6097,832282432,1984,1,ec1ac408,00000000000000000000000000000000
6098,832284416,1856,1,6e4a53d9,00000000000000000000000000000000
6099,832286272,1600,1,532a7a69,00000000000000000000000000000000
6100,832287872,2496,1,9566cbbd,00000000000000000000000000000000
6101,832290368,2304,1,a806e20d,00000000000000000000000000000000
6102,832292672,2048,1,efa698dd,00000000000000000000000000000000
6103,832294720,1856,1,d2c6b16d,00000000000000000000000000000000
6104,832296576,1984,1,60e66d7d,00000000000000000000000000000000
6105,832298560,2240,1,5d8644cd,00000000000000000000000000000000
6106,832300800,1792,1,1a263e1d,00000000000000000000000000000000
6107,832302592,2304,1,274617ad,00000000000000000000000000000000
6108,832304896,1920,1,a516807c,00000000000000000000000000000000
6109,832306816,1920,1,9876a9cc,00000000000000000000000000000000
6110,832308736,2112,1,13f2b913,00000000000000000000000000000000
6111,832310848,2304,1,2e9290a3,00000000000000000000000000000000
6112,832313152,1664,1,6932ea73,00000000000000000000000000000000
6113,832314816,2432,1,5452c3c3,00000000000000000000000000000000
6114,832317248,2048,1,e6721fd3,00000000000000000000000000000000
6115,832319296,1664,1,db123663,00000000000000000000000000000000
6116,832320960,2432,1,9cb24cb3,00000000000000000000000000000000
6117,832323392,1920,1,a1d26503,00000000000000000000000000000000
6118,832325312,2176,1,2382f2d2,00000000000000000000000000000000
6119,832327488,2112,1,1ee2db62,00000000000000000000000000000000
6120,832329600,1920,1,d8ae6ab6,00000000000000000000000000000000
6121,832331520,2176,1,e5ce4306,00000000000000000000000000000000
6122,832333696,1984,1,a26e39d6,00000000000000000000000000000000
6123,832335680,2048,1,9f0e1066,00000000000000000000000000000000
6124,832337728,2048,1,2d2ecc76,00000000000000000000000000000000
6125,832339776,2112,1,104ee5c6,00000000000000000000000000000000
6126,832341888,2048,1,57ee9f16,00000000000000000000000000000000
6127,832343936,1408,1,edd5364b,00000000000000000000000000000000
6128,832345344,2432,1,aa754c9b,00000000000000000000000000000000
6129,832347776,2240,1,9715652b,00000000000000000000000000000000
6130,832350016,2048,1,2535b93b,00000000000000000000000000000000
6131,832352064,1984,1,1855908b,00000000000000000000000000000000
6132,832354048,2048,1,5ff5ea5b,00000000000000000000000000000000
6133,832356096,320,1,6295c3eb,00000000000000000000000000000000
6134,832356416,3392,1,e0c5543a,1f8b080812f2e04c00036d6170443036
6135,832359808,1344,1,dda57d8a,00000000000000000000000000000000
6136,832361152,5120,1,1be9cc5e,97258acb5ac565a9e2b25229e1554a54
6137,832366272,2112,1,2689e5ee,00000000000000000000000000000000
6138,832368384,1984,1,61299f3e,00000000000000000000000000000000
6139,832370368,2176,1,5c49b68e,00000000000000000000000000000000
6140,832372544,1920,1,ee696a9e,00000000000000000000000000000000
6141,832374464,2176,1,d309432e,00000000000000000000000000000000
6142,832376640,2112,1,94a939fe,00000000000000000000000000000000
6143,832378752,1856,1,217f36d5,00000000000000000000000000000000
6144,832380608,2048,1,66df4c05,00000000000000000000000000000000
6145,832382656,1984,1,5bbf65b5,00000000000000000000000000000000
6146,832384640,1664,1,e99fb9a5,00000000000000000000000000000000
6147,832386304,2624,1,d4ff9015,00000000000000000000000000000000
6148,832388928,1856,1,935feac5,00000000000000000000000000000000
6149,832390784,2112,1,ae3fc375,00000000000000000000000000000000
6150,832392896,1728,1,2c6f54a4,00000000000000000000000000000000
6151,832394624,2240,1,110f7d14,00000000000000000000000000000000
6152,832396864,2112,1,d743ccc0,00000000000000000000000000000000
6153,832398976,2240,1,ea23e570,00000000000000000000000000000000
6154,832401216,2048,1,ad839fa0,00000000000000000000000000000000
6155,832403264,1472,1,90e3b610,00000000000000000000000000000000
6156,832404736,2368,1,22c36a00,00000000000000000000000000000000
6157,832407104,2304,1,1fa343b0,00000000000000000000000000000000
6158,832409408,2048,1,58033960,00000000000000000000000000000000
6159,832411456,1344,1,656310d0,00000000000000000000000000000000
6160,832412800,2496,1,e7338701,00000000000000000000000000000000
6161,832415296,2304,1,da53aeb1,00000000000000000000000000000000
6162,832417600,1920,1,51d7be6e,00000000000000000000000000000000
6163,832419520,1920,1,6cb797de,00000000000000000000000000000000
6164,832421440,2176,1,2b17ed0e,00000000000000000000000000000000
6165,832423616,1984,1,1677c4be,00000000000000000000000000000000
6166,832425600,2304,1,a45718ae,00000000000000000000000000000000
6167,832427904,2048,1,9937311e,00000000000000000000000000000000
6168,832429952,1984,1,de974bce,00000000000000000000000000000000
6169,832431936,2048,1,f85f2479,00000000000000000000000000000000
6170,832433984,2048,1,bfff5ea9,00000000000000000000000000000000
6171,832436032,1600,1,829f7719,00000000000000000000000000000000
6172,832437632,2368,1,30bfab09,00000000000000000000000000000000
6173,832440000,2048,1,0ddf82b9,00000000000000000000000000000000
6174,832442048,2176,1,4a7ff869,00000000000000000000000000000000
6175,832444224,1472,1,771fd1d9,00000000000000000000000000000000
6176,832445696,2432,1,f54f4608,00000000000000000000000000000000
6177,832448128,2112,1,c82f6fb8,00000000000000000000000000000000
6178,832450240,1728,1,0e63de6c,00000000000000000000000000000000
6179,832451968,2368,1,3303f7dc,00000000000000000000000000000000
6180,832454336,1984,1,74a38d0c,00000000000000000000000000000000
6181,832456320,2240,1,49c3a4bc,00000000000000000000000000000000
6182,832458560,2048,1,fbe378ac,00000000000000000000000000000000
6183,832460608,1664,1,c683511c,00000000000000000000000000000000
6184,832462272,2432,1,81232bcc,00000000000000000000000000000000
6185,832464704,2048,1,bc43027c,00000000000000000000000000000000
6186,832466752,2112,1,3e1395ad,00000000000000000000000000000000
6187,832468864,1984,1,34f524e7,00000000000000000000000000000000
6188,832470848,1856,1,73555e37,00000000000000000000000000000000
6189,832472704,1856,1,4e357787,00000000000000000000000000000000
6190,832474560,2432,1,fc15ab97,00000000000000000000000000000000
6191,832476992,1984,1,c1758227,00000000000000000000000000000000
6192,832478976,1856,1,86d5f8f7,00000000000000000000000000000000
6193,832480832,2176,1,bbb5d147,00000000000000000000000000000000
6194,832483008,2176,1,39e54696,00000000000000000000000000000000
6195,832485184,2048,1,04856f26,00000000000000000000000000000000
6196,832487232,1600,1,c2c9def2,00000000000000000000000000000000
6197,832488832,2496,1,ffa9f742,00000000000000000000000000000000
6198,832491328,2048,1,b8098d92,00000000000000000000000000000000
6199,832493376,1920,1,8569a422,00000000000000000000000000000000
6200,832495296,1792,1,37497832,00000000000000000000000000000000
6201,832497088,2432,1,0a295182,00000000000000000000000000000000
6202,832499520,1984,1,4d892b52,00000000000000000000000000000000
6203,832501504,2048,1,70e902e2,00000000000000000000000000000000
6204,832503552,1984,1,f2b99533,00000000000000000000000000000000
6205,832505536,1984,1,cfd9bc83,00000000000000000000000000000000
6206,832507520,2240,1,445dac5c,00000000000000000000000000000000
6207,832509760,1920,1,793d85ec,00000000000000000000000000000000
6208,832511680,2112,1,3e9dff3c,00000000000000000000000000000000
6209,832513792,2048,1,03fdd68c,00000000000000000000000000000000
6210,832515840,1856,1,b1dd0a9c,00000000000000000000000000000000
6211,832517696,2368,1,8cbd232c,00000000000000000000000000000000
6212,832520064,2048,1,cb1d59fc,00000000000000000000000000000000
6213,832522112,2048,1,f67d704c,00000000000000000000000000000000
6214,832524160,1984,1,3cc12b8f,00000000000000000000000000000000
6215,832526144,1856,1,7b61515f,00000000000000000000000000000000
6216,832528000,2176,1,460178ef,00000000000000000000000000000000
6217,832530176,1920,1,f421a4ff,00000000000000000000000000000000
6218,832532096,2176,1,c9418d4f,00000000000000000000000000000000
6219,832534272,2112,1,8ee1f79f,00000000000000000000000000000000
6220,832536384,1920,1,b381de2f,00000000000000000000000000000000
6221,832538304,2240,1,31d149fe,00000000000000000000000000000000
6222,832540544,1920,1,0cb1604e,00000000000000000000000000000000
6223,832542464,1920,1,cafdd19a,00000000000000000000000000000000
6224,832544384,2048,1,f79df82a,00000000000000000000000000000000
6225,832546432,2240,1,b03d82fa,00000000000000000000000000000000
6226,832548672,1984,1,8d5dab4a,00000000000000000000000000000000
6227,832550656,1728,1,3f7d775a,00000000000000000000000000000000
6228,832552384,2432,1,021d5eea,00000000000000000000000000000000
6229,832554816,1920,1,45bd243a,00000000000000000000000000000000
6230,832556736,2176,1,78dd0d8a,00000000000000000000000000000000
6231,832558912,2048,1,fa8d9a5b,00000000000000000000000000000000
6232,832560960,2048,1,c7edb3eb,00000000000000000000000000000000
6233,832563008,2112,1,4c69a334,00000000000000000000000000000000
6234,832565120,1984,1,71098a84,00000000000000000000000000000000
6235,832567104,1728,1,f06b2b11,00000000000000000000000000000000
6236,832568832,2368,1,b7cb51c1,00000000000000000000000000000000
6237,832571200,2048,1,8aab7871,00000000000000000000000000000000
6238,832573248,2048,1,388ba461,00000000000000000000000000000000
6239,832575296,2048,1,05eb8dd1,00000000000000000000000000000000
6240,832577344,1600,1,424bf701,00000000000000000000000000000000
6241,832578944,2304,1,7f2bdeb1,00000000000000000000000000000000
6242,832581248,2240,1,fd7b4960,00000000000000000000000000000000
6243,832583488,2048,1,c01b60d0,00000000000000000000000000000000
6244,832585536,1920,1,0657d104,00000000000000000000000000000000
6245,832587456,2176,1,3b37f8b4,00000000000000000000000000000000
6246,832589632,1856,1,7c978264,00000000000000000000000000000000
6247,832591488,2240,1,41f7abd4,00000000000000000000000000000000
6248,832593728,2048,1,f3d777c4,00000000000000000000000000000000
6249,832595776,1920,1,ceb75e74,00000000000000000000000000000000
6250,832597696,2176,1,891724a4,00000000000000000000000000000000
6251,832599872,1408,1,b4770d14,00000000000000000000000000000000
6252,832601280,2688,1,36279ac5,00000000000000000000000000000000
6253,832603968,1920,1,0b47b375,00000000000000000000000000000000
6254,832605888,1728,1,80c3a3aa,00000000000000000000000000000000
6255,832607616,2496,1,bda38a1a,00000000000000000000000000000000
6256,832610112,1920,1,fa03f0ca,00000000000000000000000000000000
6257,832612032,1280,1,c763d97a,00000000000000000000000000000000
6258,832613312,2304,1,7543056a,d1f49bb068372e8afacdbe097762db02
6259,832615616,2496,1,48232cda,00000000000000000000000000000000
6260,832618112,2240,1,0f83560a,00000000000000000000000000000000
6261,832620352,2048,1,32e37fba,00000000000000000000000000000000
6262,832622400,2048,1,b0b3e86b,00000000000000000000000000000000
6263,832624448,2048,1,8dd3c1db,00000000000000000000000000000000
6264,832626496,2048,1,4b9f700f,00000000000000000000000000000000
6265,832628544,2048,1,76ff59bf,00000000000000000000000000000000
6266,832630592,2048,1,315f236f,00000000000000000000000000000000
6267,832632640,2112,1,0c3f0adf,00000000000000000000000000000000
6268,832634752,2048,1,be1fd6cf,00000000000000000000000000000000
6269,832636800,2048,1,837fff7f,00000000000000000000000000000000
6270,832638848,2048,1,c4df85af,00000000000000000000000000000000
6271,832640896,1984,1,f9bfac1f,00000000000000000000000000000000
6272,832642880,1792,1,7ee42cf2,00000000000000000000000000000000
6273,832644672,2240,1,39445622,00000000000000000000000000000000
6274,832646912,2048,1,04247f92,00000000000000000000000000000000
6275,832648960,2112,1,b604a382,00000000000000000000000000000000
6276,832651072,1984,1,8b648a32,00000000000000000000000000000000
6277,832653056,2112,1,ccc4f0e2,00000000000000000000000000000000
6278,832655168,2048,1,f1a4d952,00000000000000000000000000000000
6279,832657216,2048,1,73f44e83,00000000000000000000000000000000
6280,832659264,2048,1,4e946733,00000000000000000000000000000000
6281,832661312,2048,1,88d8d6e7,00000000000000000000000000000000
6282,832663360,1920,1,b5b8ff57,00000000000000000000000000000000
6283,832665280,2176,1,f2188587,00000000000000000000000000000000
6284,832667456,1856,1,cf78ac37,00000000000000000000000000000000
6285,832669312,2240,1,7d587027,00000000000000000000000000000000
6286,832671552,2048,1,40385997,00000000000000000000000000000000
6287,832673600,1920,1,07982347,00000000000000000000000000000000
6288,832675520,2112,1,3af80af7,00000000000000000000000000000000
6289,832677632,2112,1,b8a89d26,00000000000000000000000000000000
6290,832679744,1920,1,85c8b496,00000000000000000000000000000000
6291,832681664,2176,1,0e4ca449,00000000000000000000000000000000
6292,832683840,2048,1,332c8df9,00000000000000000000000000000000
6293,832685888,1920,1,748cf729,00000000000000000000000000000000
6294,832687808,1856,1,49ecde99,00000000000000000000000000000000
6295,832689664,2368,1,fbcc0289,00000000000000000000000000000000
6296,832692032,2048,1,c6ac2b39,00000000000000000000000000000000
6297,832694080,2048,1,810c51e9,00000000000000000000000000000000
6298,832696128,2048,1,bc6c7859,00000000000000000000000000000000
6299,832698176,2048,1,3e3cef88,00000000000000000000000000000000
6300,832700224,1920,1,035cc638,00000000000000000000000000000000
6301,832702144,2176,1,c51077ec,00000000000000000000000000000000
6302,832704320,1664,1,f8705e5c,00000000000000000000000000000000
6303,832705984,2432,1,bfd0248c,00000000000000000000000000000000
6304,832708416,1984,1,82b00d3c,00000000000000000000000000000000
6305,832710400,1920,1,3090d12c,00000000000000000000000000000000
6306,832712320,2240,1,0df0f89c,00000000000000000000000000000000
6307,832714560,1600,1,4a50824c,00000000000000000000000000000000
6308,832716160,2368,1,7730abfc,00000000000000000000000000000000
6309,832718528,2176,1,f5603c2d,00000000000000000000000000000000
6310,832720704,2048,1,c800159d,00000000000000000000000000000000
6311,832722752,2048,1,d8154754,00000000000000000000000000000000
6312,832724800,1984,1,e5756ee4,00000000000000000000000000000000
6313,832726784,2048,1,a2d51434,00000000000000000000000000000000
6314,832728832,1984,1,9fb53d84,00000000000000000000000000000000
6315,832730816,2176,1,2d95e194,00000000000000000000000000000000
6316,832732992,1984,1,10f5c824,00000000000000000000000000000000
6317,832734976,1408,1,5755b2f4,00000000000000000000000000000000
6318,832736384,2624,1,6a359b44,00000000000000000000000000000000
6319,832739008,2048,1,e8650c95,00000000000000000000000000000000
6320,832741056,2048,1,d5052525,00000000000000000000000000000000
6321,832743104,2048,1,134994f1,00000000000000000000000000000000
6322,832745152,2112,1,2e29bd41,00000000000000000000000000000000
6323,832747264,2112,1,6989c791,00000000000000000000000000000000
6324,832749376,1984,1,54e9ee21,00000000000000000000000000000000
6325,832751360,1984,1,e6c93231,00000000000000000000000000000000
6326,832753344,2048,1,dba91b81,00000000000000000000000000000000
6327,832755392,2112,1,9c096151,00000000000000000000000000000000
6328,832757504,1920,1,a16948e1,00000000000000000000000000000000
6329,832759424,2176,1,2339df30,00000000000000000000000000000000
6330,832761600,1664,1,1e59f680,00000000000000000000000000000000
6331,832763264,2432,1,95dde65f,00000000000000000000000000000000
6332,832765696,1728,1,a8bdcfef,00000000000000000000000000000000
6333,832767424,2432,1,b24e2c6c,00000000000000000000000000000000
6334,832769856,512,1,f404c159,00000000000000000000000000000000
6335,832770368,85184,1,b3a4bb89,6b6e6f3030325f62756b692e70707400
6336,832855552,61824,1,8ec49239,1f8b0808db4d7f4c000363656c303030
6337,832917376,48640,1,3ce44e29,1b1bd1d0d000994c86bb77efa2bebe1e
6338,832966016,92608,1,01846799,a3c0c594525319727bbea80e60a8000e
6339,833058624,1216,1,46241d49,00000000000000000000000000000000
6340,833059840,145664,1,7b4434f9,eb7f3622dc16088cd3931ecdcb96bffe
6341,833205504,129600,1,f914a328,624482112d74f1222924ac8cb0d08840
6342,833335104,1216,1,c4748a98,00000000000000000000000000000000
6343,833336320,335808,1,02383b4c,c5d7082fa1d27dc5096f711ce13aa0ce
6344,833672128,182400,1,3f5812fc,2828181aea66a7a7272727a7b3d9ec1e
6345,833854528,244544,1,78f8682c,fdb6ebfce79f77f77c9e659e97d7585f
6346,834099072,1984,1,4598419c,00000000000000000000000000000000
6347,834101056,1920,1,f7b89d8c,00000000000000000000000000000000
6348,834102976,155392,1,cad8b43c,5cfa3af8a56d1f1415c641a590084dc5
6349,834258368,237952,1,8d78ceec,9f0efbaff97f7cccad53a96c6d7d416a
6350,834496320,1536,1,b018e75c,00000000000000000000000000000000
6351,834497856,208256,1,3248708d,cd35b92a97d5ba5610b8add62d059384
6352,834706112,198848,1,0f28593d,374452bad91a1dc6707ee6ba73e73a3a
6353,834904960,282432,1,84ac49e2,b0accdd40f07f4235db4f044cbf98484
6354,835187392,219520,1,b9cc6052,1f8b08085c4e7f4c0003636f6c303030
6355,835406912,232128,1,fe6c1a82,91c38f812ce4119328753d4f330b2306
6356,835639040,168256,1,c30c3332,8e37919ae131c30b1aa977fdb6a4de8d
6357,835807296,177344,1,712cef22,75000000c0f1000000be0100923c71fd
6358,835984640,124672,1,4c4cc692,32312142a1705ce9af7db4de9ea8e6e6
6359,836109312,181632,1,0becbc42,3fc9c9b9b82c5454b4b777f4f393e463
6360,836290944,197376,1,368c95f2,74006661723030305f6d6f7574683030
6361,836488320,245760,1,b4dc0223,e1d07928cd979acc7f3cf396a9c9fea1
6362,836734080,191488,1,89bc2b93,aa34fa92c95c6b94fac0c2432af5d8d5
6363,836925568,99072,1,4ff09a47,455a42494e4400000b00000040000000
6364,837024640,103488,1,7290b3f7,c68c932751504d2cba8bae944f8393e8
6365,837128128,193536,1,3530c927,8841b06c3da47919c8546f4786aa0439
6366,837321664,191360,1,0850e097,57a99a9a9a9b9b9b3ea53a356c2955a9
6367,837513024,2112,1,3534373e,00000000000000000000000000000000
6368,837515136,448,1,5c1a9b92,00000000000000000000000000000000
6369,837515584,398848,1,ad4c2947,840000001400000040160000f326a39f
6370,837914432,1856,1,6610fae2,00000000000000000000000000000000
6371,837916288,201088,1,e768a09e,fbfbfbf23b6a67dd286f3e4c9c59d2b5
6372,838117376,26176,1,2c34733b,455a42494e4400000700000040000000
6373,838143552,67584,1,aaa00195,a58e4ddc8c1355da93ea28bd0b733776
6374,838211136,26752,1,61fcd230,a70b9ed3c237f3a23d29ff3dd8787359
6375,838237888,47488,1,7cf9e288,7b4f6f4c13c7b5483435511ba8f17623
6376,838285376,28544,1,b7a5312d,bc000000250500008036000092c085db
6377,838313920,50240,1,31314383,f31b753b5380e7cb6532995c96e6251e
6378,838364160,60416,1,fa6d9026,42a597c4759c73152bd4e89b71cba6d2
6379,838424576,14336,1,0b3b22f3,455a42494e4400000400000040000000
6380,838438912,101440,1,c067f156,455a42494e4400001900000040000000
6381,838540352,114304,1,d680ba03,455a42494e4400000500000040000000
6382,838654656,50752,1,1ddc69a6,7b3bac5919b25d754c7b574182fd08e3
6383,838705408,91712,1,9b481b08,656231352e6172630046414345303234
6384,838797120,13568,1,5014c8ad,49532eeab655a2c88ed8932294376541
6385,838810688,22400,1,4d11f815,8e6b352a4a41992563d38dbdbd837d51
6386,838833088,61760,1,864d2bb0,8a5af4bda81554ce65d5ac5ad3594fb6
6387,838894848,55936,1,00d9591e,4ba56aecfd4fb1f238ed6c1d13f2fd34
6388,838950784,337408,1,cb858abb,e514a4168ca0293240882e56e706587b
6389,839288192,187008,1,3ad3386e,8e773654ab9d94965d54d6ce38fea0b9
6390,839475200,173568,1,f18febcb,455a42494e4400000a00000040000000
6391,839648768,366400,1,ccefc27b,f50000004719000040120000464366c3
6392,840015168,378112,1,8b4fb8ab,8c010000131c000040d80000b13dcae9
6393,840393280,204288,1,b62f911b,6173652e70707400464143453039305f
6394,840597568,87424,1,040f4d0b,590100009c210000c0740000b51bd5fb
6395,840684992,196416,1,9d386ccc,2b982bac0d0c340e0bb6315e676c131c
6396,840881408,40256,1,1bac1e62,7c0310c2b1b02b85e5b63c0542948ca6
6397,840921664,113600,1,d0f0cdc7,5f646174612e62696e00464143453033
6398,841035264,117440,1,cdf5fd7f,d42e4e4f306794b1ec2db4c2db9bf518
6399,841152704,563200,1,06a92eda,4c010000806c0100c02a0700ee87b558
6400,841715904,508224,1,803d5c74,6d633030312e617263006d657630315f
6401,842224128,616256,1,4b618fd1,a0010000f327000040d800001ac626df
6402,842840384,167104,1,ba373d04,4143453036325f30315f646174612e62
6403,843007488,437376,1,716beea1,020100007605000040160000bc3fe3fe
6404,843444864,224128,1,f013b4dd,707400464143453033385f30345f6461
6405,843668992,167040,1,3b4f6778,45c4b201b5508f0b2e960af9bc9aafe9
6406,843836032,434432,1,a4b55009,94050000c0f700004058040083f75162
6407,844270464,26112,1,222122a7,525eda3b41e427c5216742b696a4486c
6408,844296576,96128,1,e97df102,6c030000100000008073010057a96ae9
6409,844392704,75072,1,f478c1ba,6c0200005808000040f4000067778f0b
6410,844467776,73664,1,3c984eca,f1aabc58a4cf343798e8446921e5899a
6411,844541440,409472,1,7b38341a,65734c932ce6fbc22b44cd2d2cf0a168
6412,844950912,406592,1,46581daa,8dab130d12da3e7d3e6e79618d7197d3
6413,845357504,324480,1,3f24121f,c0010000f327000080d800001ac626df
6414,845681984,472128,1,b9b060b1,140100004f040000401900009e230360
6415,846154112,29504,1,72ecb314,12d8bea6d319d9ed76bbedceee0ed2d6
6416,846183616,430592,1,83ba01c1,626173652e7070740046414345303632
6417,846614208,163200,1,48e6d264,9fd0a46bb3f9b9b5dd8f299e2ef0d4a3
6418,846777408,517824,1,c99e8818,32335f30315f646174612e62696e0046
6419,847295232,356352,1,b3ce444a,32325f30355f646174612e62696e0046
6420,847651584,40192,1,355a36e4,8134fb03652ccb8417b32c4748597fa1
6421,847691776,57280,1,fe06e541,455a42494e4400000e00000040000000
6422,847749056,129088,1,e303d5f9,c3f50bafc0b2c53761e5d29b30de7607
6423,847878144,345856,1,285f065c,455a42494e4400000b00000040000000
6424,848224000,217088,1,aecb74f2,791879de86bd4c3a3a3baae1ea6c095b
6425,848441088,353984,1,6597a757,2b982bac0d0c340e0bb6315e676c131c
6426,848795072,171392,1,d7af2983,fbfbfbf23b6a67dd286f3e4c9c59d2b5
6427,848966464,40512,1,513b5b2d,bfbfb6a6b2d2969f6fcde36849c72557
6428,849006976,274048,1,99dbd45d,70707400464143453032315f30315f62
6429,849281024,277568,1,9a678888,455a42494e4400000700000040000000
6430,849558592,74560,1,8762b830,d73a4d1fa11957db4397c2da2fb02eff
6431,849633152,415936,1,4c3e6b95,973e715086cd776700f0a2606d1f00ba
6432,850049088,416896,1,caaa193b,c100000040320000c0e50200f0e50746
6433,850465984,454976,1,01f6ca9e,652e70707400464143453130315f3035
6434,850920960,368000,1,f0a0784b,673030305f30312e616e69006d63616e
6435,851288960,286080,1,3bfcabee,4143453036325f30355f616e696d2e70
6436,851575040,398336,1,ba84f192,930300001000000080e8010084024009
6437,851973376,100864,1,71d82237,d7a1a38a11eeb89f948ecc7068768ce5
6438,852074240,47360,1,f74c5099,4af8d2aab0e4b3e319fa5da36db6b63d
6439,852121600,245120,1,3c10833c,455a42494e4400000800000040000000
6440,852366720,146304,1,c0d43dc0,723bc264780da8accac3335bb6619919
6441,852513024,28928,1,46404f6e,302e7363720000000000000000000000
6442,852541952,357248,1,8ea0c01e,790400003b040000c00d04009804f1f5
6443,852899200,360640,1,c900bace,c4900800000000000000000000000000
6444,853259840,360832,1,f460937e,0d0b5155006ddb8609e525bc0fadca24
6445,853620672,37184,1,8d1c9ccb,174af2a775218115f2f3fbbbea8180c0
6446,853657856,52096,1,9019ac73,6173652e70707400464143453030315f
6447,853709952,334848,1,5b457fd6,7eeab50c63d0fcb305c74b0277ad0861
6448,854044800,276480,1,ddd10d78,e100000080d7000000600300401fc95f
6449,854321280,841088,1,168ddedd,3d020000f0240000400c0200f8cc24a4
6450,855162368,201280,1,e7db6c08,fbfbfbf23b6a67dd286f3e4c9c59d2b5
6451,855363648,267840,1,2c87bfad,7a010000bb270000c0f301009d67ad51
6452,855631488,297664,1,adffe5d1,e7f3270f487e4820052ec9a57e0343f8
6453,855929152,214592,1,66a33674,315f616e696d2e707074004641434530
6454,856143744,454400,1,e03744da,70707400656231355f32642e62696e00
6455,856598144,271744,1,f9590105,f46afcc294fe45fbed0961f4e9ab016b
6456,856869888,43264,1,7fcd73ab,7510355f6da2a5344d636b8bd56ab521
6457,856913152,64896,1,b72dfcdb,b572bca4b8a8fc747975c3d144c7058e
6458,856978048,294912,1,b491a00e,cef8bf477b79cfda47efae3e23f9aaf3
6459,857272960,84352,1,a99490b6,455a42494e4400000300000040000000
6460,857357312,315584,1,62c84313,1a3745797e8aeb463f21f78a56940264
6461,857672896,315648,1,e45c31bd,50cea333b936652e88b9a0596b747028
6462,857988544,359232,1,2f00e218,1f8b0808457b184c0003656230395f30
6463,858347776,362304,1,de5650cd,d30200001000000000f401005fd575d9
6464,858710080,209152,1,150a8368,cc010000ad08000040330000845267e2
6465,858919232,422976,1,9472d914,5a0300001000000000f202004beb1e8c
6466,859342208,202752,1,5f2e0ab1,b1922cbdccf52d29a15cf7edb5f39be3
6467,859544960,368512,1,d9ba781f,e211b98f700422047085704930e11010
6468,859913472,515456,1,12e6abba,1c8391b7db76daa1e6f8c9d9350de481
6469,860428928,405504,1,0fe39b02,335f616e696d2e707074004641434530
6470,860834432,297664,1,ee221546,32325f30315f646174612e62696e0046
6471,861132096,15680,1,68b667e8,a38c909addf2acf3ffbb8e0b9e6856b4
6472,861147776,348544,1,a056e898,453034315f30375f616e696d2e707074
6473,861496320,194880,1,a3eab44d,7bb6d0609b8ce3e48cf7eae3dc107632
6474,861691200,27392,1,beef84f5,11868eae4fab239cc42b8f300a5e5a44
6475,861718592,673472,1,75b35750,b9020000801500008020000009d51ec4
6476,862392064,332992,1,f32725fe,fbfbfbf23b6a67dd286f3e4c9c59d2b5
6477,862725056,373568,1,387bf65b,79743030302e61726300000000000000
6478,863098624,572224,1,c92d448e,85185b9f3b943c30e979197911ab9738
6479,863670848,294592,1,0271972b,355f626173652e707074004641434530
6480,863965440,409664,1,8309cd57,2f0300005808000040ff020067778f0b
6481,864375104,337216,1,48551ef2,23030000640b0000c0170200652eefd4
6482,864712320,472256,1,cec16c5c,4143453036325f30345f626173652e70
6483,865184576,205312,1,319bda97,140100004f040000401900009e230360
6484,865389888,16896,1,b70fa839,a38c909addf2acf3ffbb8e0b9e6856b4
6485,865406784,268224,1,7c537b9c,791879de86bd4c3a3a3baae1ea6c095b
6486,865675008,540224,1,61564b24,a57e10836680f6b5d93e82f635c4a019
6487,866215232,318656,1,aa0a9881,7962a1585cd5e4c6645aedb4b2727779
6488,866533888,639616,1,2c9eea2f,5a0100006c0e0000407b0000a481730c
6489,867173504,371136,1,e7c2398a,d7a1a38a11eeb89f948ecc7068768ce5
6490,867544640,346048,1,16948b5f,723bc264780da8accac3335bb6619919
6491,867890688,1283328,1,ddc858fa,b0df75c6e78ed8af42df957d07d6c33e
6492,869174016,277504,1,5cb00286,39302e73637200000000000000000000
6493,869451520,285952,1,97ecd123,fbfbfbf23b6a67dd286f3e4c9c59d2b5
6494,869737472,168640,1,1178a38d,2966b6aca4c452ea2bb59494a836d260
6495,869906112,171712,1,da247028,e5e2c52ca7638e6c36fbf449e7ed2626
6496,870077824,260736,1,c7214090,d5d0f9ddace8fc4a26f3ab9a122307ae
6497,870338560,60672,1,0c7d9335,455a42494e4400001000000040000000
6498,870399232,191872,1,8ae9e19b,e7f3270f487e4820052ec9a57e0343f8
6499,870591104,540288,1,41b5323e,9a06000016280000c05104000786ac53
6500,871131392,156224,1,26e0ced4,345f30325f626173652e707074004641
6501,871287616,26048,1,a074bc7a,9a6adcad489da9d6a433342f6ba8fa0f
6502,871313664,158336,1,6b286fdf,ac020000cc0c0000c0ed00004574a3a3
6503,871472000,53312,1,762d5f67,44d768ec21019d8bcacf32b54ba0b079
6504,871525312,389760,1,bd718cc2,e6cdf8ffdecc9b75bdfe6a6c345689f5
6505,871915072,383488,1,3be5fe6c,697adc401154e7ce4aa9ec2f97f29aee
6506,872298560,488896,1,f0b92dc9,bf000000c006000080f701004571acc3
6507,872787456,527232,1,01ef9f1c,43453035375f30345f626173652e7070
6508,873314688,311168,1,cab34cb9,8a030000dc0c000080810300838df148
6509,873625856,380352,1,4bcb16c5,fa0200009d26000000c402001c5b60a3
6510,874006208,256256,1,8097c560,e7f3270f487e4820052ec9a57e0343f8
6511,874262464,286464,1,0603b7ce,e392931889f172a3ab9e1315a7df2f8d
6512,874548928,268416,1,cd5f646b,123b0987765f8613cbeb707ee50d5c3d
6513,874817344,323712,1,d05a54d3,dfeb6bef8dc718d3d91707dbd36f1c14
6514,875141056,227520,1,1b068776,e5e2c52ca7638e6c36fbf449e7ed2626
6515,875368576,751936,1,9d92f5d8,4e0500007324000080380200a075c321
6516,876120512,426752,1,56ce267d,1c0500008108000000b801008521fcec
6517,876547264,77696,1,a79894a8,9c191d282bcb08ce8c390533cc743d12
6518,876624960,478336,1,6cc4470d,696e00464143453031345f30355f616e
6519,877103296,454272,1,658113b1,b102000010000000c09503002459ec2d
6520,877557568,29120,1,e315611f,f039a35221354a247a7396cbaf127126
6521,877586688,86784,1,2bf5ee6f,9c020000810a000080f3000096190562
6522,877673472,227584,1,2849b2ba,1da80874147419f4a8e19bbd6ae226f0
6523,877901056,37568,1,354c8202,371ab8dde5f9fd79617ad86cb0e957da
6524,877938624,374912,1,fe1051a7,cf371faee299e6f6e77dd75020f1afaa
6525,878313536,376576,1,78842309,c300000040280000009e0100e17e2446
6526,878690112,319616,1,b3d8f0ac,2152fbd9e98bda140b133b2fca847938
6527,879009728,434368,1,428e4279,f780d13ed5f3b9728594848447ebebea
6528,879444096,314368,1,89d291dc,bc020000fd21000040700000561b2fc2
6529,879758464,107968,1,08aacba0,640c9529bb5e4d5b870232b37c02c3b9
6530,879866432,326400,1,c3f61805,4143453038365f30315f626173652e70
6531,880192832,360832,1,45626aab,a8519410f59250b80a1ca2531e863c30
6532,880553664,701440,1,8e3eb90e,1c8391b7db76daa1e6f8c9d9350de481
6533,881255104,607360,1,933b89b6,2e70707400464143453036375f30315f
6534,881862464,448,1,58675a13,00000000000000000000000000000000
6535,881862912,583296,1,def328bd,b602000010000000005b0100fc1d0c2e
6536,882446208,576,1,72fa07f2,00000000000000000000000000000000
6537,882446784,15360,1,f46e755c,32f2727bfd0615af9e96299914969b69
6538,882462144,372544,1,3f32a6f9,9084341192cab7c649c56042aadd96d5
6539,882834688,315456,1,22379641,b27738b35aa18afb633f96d838fa32e7
6540,883150144,341568,1,e96b45e4,6ad6d691d598ac9026db507b71364a37
6541,883491712,310720,1,6fff374a,f4126e9ad1caf96aa1becd7b481eba16
6542,883802432,359872,1,a4a3e4ef,140300004f0c0000002f0300bd8f6fc8
6543,884162304,86528,1,55f5563a,2c3dcdf1fc1ed8a52ddf9fecbc4f4e6c
6544,884248832,695872,1,9ea9859f,fc03000010000000002f01008f624832
6545,884944704,2112,1,1fd1dfe3,00000000000000000000000000000000
6546,884946816,549824,1,d7315093,4ecee42c73a147452d749858f30ad464
6547,885496640,166528,1,d48d0c46,54278515c36f9fc6f95ac96ad8c9f647
6548,885663168,255424,1,52197ee8,fbfbfbf23b6a67dd286f3e4c9c59d2b5
6549,885918592,170560,1,9945ad4d,a624552e61e3aca4bd044fff24374d9b
6550,886089152,380672,1,84409df5,63656c3030305f65796530302e707074
6551,886469824,237120,1,4b773b37,0413cb66dc9ce63e95624db1281cb131
6552,886706944,28608,1,cde34999,bfbfb6a6b2d2969f6fcde36849c72557
6553,886735552,73792,1,0503c6e9,8400000010000000001400001a9ec7ee
6554,886809344,172224,1,06bf9a3c,0436733b686c069197bf162343ddd3e3
6555,886981568,76928,1,1bbaaa84,61aba10c2758e4c7194c875c42d2d760
6556,887058496,420672,1,d0e67921,d200000080140100008b010088235f09
6557,887479168,403776,1,56720b8f,ce3437af0ee58412a16868807acb474a
6558,887882944,417152,1,9d2ed82a,c52cbdf976546465dd13c7a8655df512
6559,888300096,203968,1,6c786aff,3033315f30315f646174612e62696e00
6560,888504064,160768,1,a724b95a,c2f3f1b0465bc86fa2bdefc16b0a93d9
6561,888664832,179008,1,265ce326,8c010000131c000040d80000b13dcae9
6562,888843840,256704,1,ed003083,a0d20336d4afa83c69dfd8b80ce4136e
6563,889100544,278208,1,6b94422d,c30200001000000040e201004beb1e8c
6564,889378752,71936,1,a0c89188,c6331a60693df5f68406694a730e0965
6565,889450688,82816,1,bdcda130,6d657631325f3133302e736372000000
6566,889533504,506624,1,76917295,30302e616e690065765f656666656374
6567,890040128,48576,1,f005003b,afe4eff1d9a35ea3ec908aff98014cb3
6568,890088704,95552,1,3b59d39e,f84bc85121bced995de392bfe01565ee
6569,890184256,143232,1,5c0c2f74,673030305f30312e616e69006d63616e
6570,890327488,162048,1,da985dda,020100007605000040160000bc3fe3fe
6571,890489536,55872,1,11c48e7f,1aa85724bc68b79ed6ed1c0a6db53a26
6572,890545408,340096,1,0cc1bec7,6aecdce4f8d47e87e8aa86856e73c476
6573,890885504,339712,1,c79d6d62,abfee2e8575a16b8f1e7eec7e3317f63
6574,891225216,271680,1,0f7de212,2f67fb1be60ec906380300001f8b0808
6575,891496896,163392,1,41091fcc,3c8e637b201036bb5f5f2b3ccd3c6632
6576,891660288,45632,1,8a55cc69,455a42494e4400000d00000040000000
6577,891705920,536448,1,42b54319,65765f6566666563745f30302e6d646c
6578,892242368,348544,1,7b037ebc,30302e616e690065765f656666656374
6579,892590912,245184,1,b05fad19,020100007605000040160000bc3fe3fe
6580,892836096,213632,1,3127f765,430300001000000000040200694a2100
6581,893049728,286848,1,386d42bd,4143453036325f30365f616e696d2e70
6582,893336576,65920,1,bef93013,421a9d6fa79b693eca86593fe9acda31
6583,893402496,93120,1,75a5e3b6,efa1bb2edeb7b8b31d718e306bdfbb6b
6584,893495616,401408,1,bd456cc6,455a42494e4400000500000040000000
6585,893897024,24320,1,68a0d30e,1f8b08088bf1e04c0003464143453030
6586,893921344,221952,1,a3fc00ab,a00000002c030000802c0000e6e17341
6587,894143296,312960,1,25687205,4143453030375f30375f626173652e70
6588,894456256,271168,1,ee34a1a0,230500001000000040c00200be04be88
6589,894727424,241984,1,1f621375,8c010000131c000040d80000b13dcae9
6590,894969408,353216,1,2f1656fe,a1f1004a79861079148d9a025aa53ea8
6591,895322624,14528,1,a9822450,d96c35d5dbf754edb7af24a486792421
6592,895337152,75136,1,62def7f5,1f8b080817a8e44c0003464143453030
6593,895412288,111296,1,aa3e7885,5c0100004c0700008036000058be075c
6594,895523584,39552,1,7fdbc74d,dbc0e8a74283448b575956e83d5da66b
6595,895563136,140608,1,b73b483d,c5003377b460d9dfa73033f3f6325755
6596,895703744,85760,1,b48714e8,952facaa13790b4747b67f736d285a35
6597,895789504,128320,1,32136646,1c0400004a0d0000c0bb0100b6dd6f04
6598,895917824,520896,1,f94fb5e3,2ecc8f3b581732d676318e1f5bb00bea
6599,896438720,497856,1,08190736,4a0400001000000080970200193b9365
6600,896936576,253120,1,c0f98846,63006b6e6f3030322e617263006d6576
6601,897189696,2176,1,8759f296,00000000000000000000000000000000
6602,897191872,17920,1,c345d493,b8ac4342706ddf9714122a15c10e46eb
6603,897209792,521536,1,423d8eef,30335f626173652e7070740046414345
6604,897731328,123904,1,89615d4a,81fc3651d06f0fab08862194811c8683
6605,897855232,295680,1,0ff52fe4,bca7baa59864f8e62e759399628400e7
6606,898150912,228096,1,169b6a3b,455a42494e4400000c00000040000000
6607,898379008,147776,1,900f1895,723bc264780da8accac3335bb6619919
6608,898526784,57280,1,58ef97e5,29f322965e99b5d8167f1e653199d21d
6609,898584064,173312,1,5b53cb30,e352b9c1a8bb9901e889169016151c44
6610,898757376,232256,1,4656fb88,2e617263000000000000000000000000
6611,898989632,519680,1,8d0a282d,54a4e519e38bac58b77efdba156facd2
6612,899509312,514176,1,0b9e5a83,caf3e4a6dbb629140ae6aecef696d650
6613,900023488,562368,1,c0c28926,607a2f67d344a79ac7c0212b2ce481a9
6614,900585856,339904,1,31943bf3,d3030000f2180000803a02009d1c43e4
6615,900925760,261120,1,fac8e856,707400464143453036315f30315f6461
6616,901186880,169472,1,01e07e78,fbfbfbf23b6a67dd286f3e4c9c59d2b5
6617,901356352,26944,1,87740cd6,9a6adcad489da9d6a433342f6ba8fa0f
6618,901383296,83392,1,4c28df73,8dcc56739a7056a3fd3af742e234ebe6
6619,901466688,188160,1,512defcb,683030305f30312e616e69006d636173
6620,901654848,438336,1,9a713c6e,455a42494e4400000d00000040000000
6621,902093184,437888,1,1ce54ec0,120100005601000040190000ee22a4f2
6622,902531072,267840,1,d7b99d65,455a42494e4400000e00000040000000
6623,902798912,322688,1,26ef2fb0,673030305f30312e616e69006d63616e
6624,903121600,129280,1,edb3fc15,9af6ec1cdc0b37cfd9fdf484f0bdf7f7
6625,903250880,364672,1,6ccba669,6d657631375f3039302e736372006d72
6626,903615552,196416,1,de59b1a9,e211b98f700422047085704930e11010
6627,903811968,42176,1,58cdc307,9a6adcad489da9d6a433342f6ba8fa0f
6628,903854144,315264,1,902d4c77,2b020000ec15000040280000d0f6a6ae
6629,904169408,360512,1,939110a2,c8d59b81f03c2815881e2486828fab4d
6630,904529920,285888,1,5b719fd2,455a42494e4400000c00000040000000
6631,904815808,62016,1,8e94201a,b2cc90bfef0f0f47e3dadf9d97c25966
6632,904877824,249664,1,45c8f3bf,1b42caa8053a3b48923c9d15786751ba
6633,905127488,44352,1,c35c8111,37ef6af679e5c66838bd87df685c6214
6634,905171840,902528,1,0bbc0e61,6174612e62696e00464143453039355f
6635,906074368,234048,1,080052b4,3e020000806d0000c03b0200e17e2446
6636,906308416,296448,1,f956e061,315f626173652e707074004641434530
6637,906604864,254272,1,320a33c4,ae02000080ef000040ef0200b4b3f2ef
6638,906859136,135872,1,b37269b8,a624552e61e3aca4bd044fff24374d9b
6639,906995008,234816,1,782eba1d,91847ff7fbd59f40fffadf4fffe55ffe
6640,907229824,117184,1,c922a5ea,25251952c2e9887b30e90d28ccd49629
6641,907347008,216384,1,4fb6d744,8c010000131c000040d80000b13dcae9
6642,907563392,85760,1,84ea04e1,464143453035365f30315f616e696d2e
6643,907649152,13632,1,99ef3459,30315f646174612e62696e006d657631
6644,907662784,284480,1,52b3e7fc,95f94a27960fca26918f0121319565a7
6645,907947264,457216,1,9a53688c,e357717f4be4c7fccd93aa0fb9e225eb
6646,908404480,425280,1,e0933bec,4d7978a51296bff6b909076bd86f5f14
6647,908829760,307200,1,d4279552,f9f97f8f9f43bcbab17d3796745bcf13
6648,909136960,674624,1,1f7b46f7,bf339b3f875fcf8e71fb188c9b3d0fc6
6649,909811584,17152,1,ee2df422,dcf6fde13f0553af9da1f5cbd1ec9cb7
6650,909828736,578944,1,25712787,5630085e3b604413c5453280208a6090
6651,910407680,337600,1,a4097dfb,455a42494e4400000800000040000000
6652,910745280,410304,1,6f55ae5e,455a42494e4400000c00000040000000
6653,911155584,700096,1,e9c1dcf0,302e61726300656231322e6172630065
6654,911855680,13056,1,229d0f55,8c00000079010000402e00006aeb90e2
6655,911868736,723264,1,3f983fed,5a010000f40e000080890000268e21c6
6656,912592000,450880,1,f4c4ec48,696d2e70707400464143453033315f30
6657,913042880,300416,1,8eb6a8b2,736f7461692e6d646c00616e67303030
6658,913343296,172544,1,0822da1c,673030305f30312e616e69006d63616e
6659,913515840,57984,1,c0c2556c,c5a53acb6b2d745579c179e166c659a5
6660,913573824,55616,1,c37e09b9,d992de1d074a134e451fbbc97d7074b6
6661,913629440,112512,1,de7b3901,fc020000ae0c000080ea000075902426
6662,913741952,419200,1,1527eaa4,ef000000008b0100003f0300955a5c16
6663,914161152,414912,1,93b3980a,e2c58b60d26aaada34745757577035d9
6664,914576064,241856,1,58ef4baf,5f30335f30312e616e690065765f6566
6665,914817920,326720,1,a9b9f97a,673030305f30312e616e69006d63616e
6666,915144640,73664,1,62e52adf,5f8ec47d1e7f2ca5d9df758163fe5866
6667,915218304,480320,1,aa05a5af,d42e4e4f306794b1ec2db4c2db9bf518
6668,915698624,686656,1,e39d70a3,65765f6566666563745f31302e6d646c
6669,916385280,93760,1,99cdbcf1,7236e3387b3ff2bd8e5ab0ce63bd4ebb
6670,916479040,227904,1,1f59ce5f,8c010000131c000040d80000b13dcae9
6671,916706944,50944,1,d4051dfa,ebe8fe597534ad2ea5c7df3ee6bc78d0
6672,916757888,62400,1,1ce5928a,5e7816c705dcb8c529712a1709093857
6673,916820288,189120,1,c9002d42,1f8b0808457b184c0003656230395f30
6674,917009408,50752,1,025cfee7,c12522158eceadb4f4eefcad4826a073
6675,917060160,374080,1,cabc7197,1f8b08087c20c64c000365765f656666
6676,917434240,364032,1,84c88c49,93139e238c62fb848c0f1de00d51e8f3
6677,917798272,304896,1,4f945fec,1f8b080850507f4c0003616e67303030
6678,918103168,481216,1,bec2ed39,3036375f30325f616e696d2e70707400
6679,918584384,202496,1,759e3e9c,041f5172b01a39a2246b931e5f6b98c7
6680,918786880,326272,1,f4e664e0,3036375f30325f646174612e62696e00
6681,919113152,84096,1,3fbab745,de33e01419d7aed6c5d98145a8a25e34
6682,919197248,189184,1,a0408034,723bc264780da8accac3335bb6619919
6683,919386432,29184,1,26d4f29a,1f8b080893f1e04c0003464143453036
6684,919415616,59328,1,ed88213f,fbe4e5272f5b8bcf8bcf25f4cb05dbbe
6685,919474944,424000,1,f08d1187,df27bed46ab52df123a92700f2b87925
6686,919898944,424064,1,3bd1c222,a070fefc79c1c1580bf57d3019b2ffcb
6687,920323008,249664,1,bd45b08c,dfbdb0f7eb0551c6bd5f2fbf105fcaab
6688,920572672,424064,1,76196329,df27bed46ab52df123a92700f2b87925
6689,920996736,423040,1,874fd1fc,b03099a5f631dbd3ec0bef3efb265969
6690,921419776,264000,1,4faf5e8c,455a42494e4400000d00000040000000
6691,921683776,25600,1,4c130259,2e87b86d9e7bfebb87fc3dc1f0ffa5c6
6692,921709376,424000,1,cd6b5825,a070fefc79c1c1580bf57d3019b2ffcb
6693,922133376,424128,1,06378b80,b03099a5f631dbd3ec0bef3efb265969
6694,922557504,252160,1,ced704f0,82f3a41cddb9b47ecf8cf1483f99667e
6695,922809664,12544,1,80a3f92e,07971a2bf0b376076c3b22e0c8dc89c9
6696,922822208,416448,1,4bff2a8b,e211b98f700422047085704930e11010
6697,923238656,105024,1,56fa1a33,3036305f30345f616e696d2e70707400
6698,923343680,269696,1,b73b9477,455a42494e4400000c00000040000000
6699,923613376,29632,1,31afe6d9,3036325f30365f616e696d2e70707400
6700,923643008,101952,1,faf3357c,2c5fbebcbcba4def5ebc74f9d28d2bdb
6701,923744960,409792,1,e7f605c4,646174612e62696e0046414345303637
6702,924154752,63808,1,2caad661,ddc718a8ff8d41db96a86137ecde50d4
6703,924218560,348864,1,aa3ea4cf,9ae580b11cb25f1ececffa78c92cd774
6704,924567424,15040,1,6162776a,5e74706010d75b274f844e4d72e92876
6705,924582464,442112,1,9034c5bf,aaab6d69a082450419d14250602ea86d
6706,925024576,754048,1,5b68161a,2e617263006d657632335f3038302e73
6707,925778624,278080,1,da104c66,696d2e70707400464143453036325f30
6708,926056704,103488,1,d35af9be,3036375f30345f616e696d2e70707400
6709,926160192,16192,1,55ce8b10,a38c909addf2acf3ffbb8e0b9e6856b4
6710,926176384,18112,1,68aea2a0,b10d8bd81f77b1a9b1be852d8f488a4d
6711,926194496,338688,1,2f0ed870,a46ed5a156ffde000c1b1c2479897918
6712,926533184,378368,1,126ef1c0,ad95ede6cdc5317b9d293656d6368eab
6713,926911552,364416,1,a04e2dd0,5e9fd48f2289c6afdeffe84ccf77b97c
6714,927275968,371840,1,9d2e0460,f3765d62e1928e7a055ad54d5dedd234
6715,927647808,132544,1,da8e7eb0,9000000040280000c06b0100e17e2446
6716,927780352,127616,1,e7ee5700,ad95ede6cdc5317b9d293656d6368eab
6717,927907968,175488,1,65bec0d1,626f6d3130302e61726300626f6d3130
6718,928083456,164672,1,9e9258b5,5251e84fa30a43d6d4c6ec8acb4cafd7
6719,928248128,10816,1,8397680d,73cf3dff73cebd61f5eaf57db6a09fbf
6720,928258944,481856,1,48cbbba8,3dbdf67d573ace775e6732ce77c55cf7
6721,928740800,425664,1,ce5fc906,ba6e3b8ac2d2484dd582da5ab5a26d55
6722,929166464,715136,1,05031aa3,abd1338d6a06f9a36b04fd8d597d115f
6723,929881600,5760,1,f455a876,4aaa6c6ebbfe2239368162f1e9c3499d
6724,929887360,667072,1,3f097bd3,e3918137f7df9539acf7c77691078c7a
6725,930554432,264064,1,c421edfd,693030305f30312e616e69006d636972
6726,930818496,64640,1,fdacd138,62696e00464143453036365f30315f61
6727,930883136,441792,1,354c5e48,f516ea7dbf78ffa792ca0b1f56b89117
6728,931324928,548800,1,7b38a396,6174612e62696e00464143453038365f
6729,931873728,34432,1,b0647033,94fb39e97af0bae7cf47a6196d0fcc5f
6730,931908160,227776,1,ad61408b,395f30315f616e696d2e707074004641
6731,932135936,316480,1,663d932e,325f646174612e62696e006b6e6f3030
6732,932452416,262144,1,e0a9e180,710200001000000000390000f9804734
6733,932714560,266496,1,2bf53225,ac020000ff0a0000c035000083d85bb6
6734,932981056,313280,1,daa380f0,9c0300004f2200000025010032aa1f1f
6735,933294336,284416,1,11ff5355,530300001000000000fc0100da1a20c6
6736,933578752,333952,1,d6cefa17,455a42494e4400002000000040000000
6737,933912704,2112,1,916e80c7,3c6bf4e0c1989878d0d3ccbeb3423b65
6738,933914816,2176,1,ac0ea977,ef1e7fe9fd63275f361e35a471f3e617
6739,933916992,2432,1,1e2e7567,fc7c5865fdf68d332a47afcafae1f1b3
6740,933919424,1536,1,234e5cd7,f1fc4daaf11480ce5330c1b2488bc244
6741,933920960,2240,1,64ee2607,f5cfffce16b369cab16321653a7b971d
6742,933923200,1728,1,598e0fb7,bd57242e3fbd2a3e6efa87e5ed3574e8
6743,933924928,2048,1,dbde9866,1f8b080821a8e44c00036e657630315f
6744,933926976,2688,1,e6beb1d6,1f8b080821a8e44c00036e657630315f
6745,933929664,2112,1,20f20002,6f32db2ea6c2b8600c11781dc972c502
6746,933931776,1664,1,1d9229b2,134b467b804ebf61aed0e529d8811240
6747,933933440,2560,1,5a325362,53f220db50f2107ba4e461802ae511e6
6748,933936000,1856,1,67527ad2,38c174ad2ce423a5449203f20b9520ed
6749,933937856,2304,1,d572a6c2,a79f5a8d4dd34d3731962852459b2e06
6750,933940160,2048,1,e8128f72,806fca9c4c3525f268f38016e932e3a1
6751,933942208,1664,1,afb2f5a2,baa293595d21a47464167be50675d643
6752,933943872,2240,1,92d2dc12,5669da1e9fbe5942b0b08275439f4fd1
6753,933946112,1792,1,10824bc3,51a09992abd41ba44aff9003eb2812b6
6754,933947904,1792,1,2de26273,be233b14a436402cd00afe5bb0b48caa
6755,933949696,1984,1,a66672ac,9bf274589e0ecb537e1b71adbf7af5dc
6756,933951680,2176,1,9b065b1c,2fbffad41b87df79c6badbba60fdfdf7
6757,933953856,2048,1,dca621cc,ef97580fe99b832f7cabcf1fd6e8175e
6758,933955904,2560,1,e1c6087c,5b413f4248bc0d067efce0bcfcfe9cdc
6759,933958464,1728,1,53e6d46c,2c0a53b6ec3ebb13506fe1ca429b3a48
6760,933960192,2304,1,6e86fddc,52c8e7cd7c47b632dda41df792e89673
6761,933962496,2048,1,2926870c,15eb90ce404115ae98e836cb4c659d56
6762,933964544,1792,1,1446aebc,f5d8e2beb86f71ee7bec6855159dd9e8
6763,933966336,2432,1,9616396d,ed0fec4bb435da166d97b6473ba87daa
6764,933968768,1792,1,ab7610dd,aed0472079ff0547a307f9b322e1486c
6765,933970560,1600,1,6d3aa109,1b71be30a8c879fc1a0e1948afc3ebb6
6766,933972160,2560,1,505a88b9,dee77d3fbefac69b6ffdf8f76fbcfb53
6767,933974720,2304,1,17faf269,ccb3baa12a86cdb8e4b3349d042ae930
6768,933977024,1728,1,2a9adbd9,5f0eb072a52238ff77b7d86b8b1edfe1
6769,933978752,1792,1,98ba07c9,f8140d5399f22e271fd5433cc50dee17
6770,933980544,3520,1,a5da2e79,db7e786e4c7b7b4a22f2dbd3f236dfde
6771,933984064,3136,1,e27a54a9,1e84aaba0076481ce2219d91479241d1
6772,933987200,1728,1,df1a7d19,aabda705259d24afdf1a890ee8c64440
6773,933988928,1472,1,5d4aeac8,194462033a4c015c409721cf9b1d7301
6774,933990400,2752,1,602ac378,455a42494e4400000100000040000000
6775,933993152,2048,1,703f91b1,6b3db59c41cff214958a785a5a1b6a03
6776,933995200,1856,1,4d5fb801,645d80ff002507e6eebf2b1ccb73a226
6777,933997056,1728,1,0affc2d1,ed0e45f450f30eade1a585e4945a4252
6778,933998784,2368,1,379feb61,70f4a313275f319e30668c7ffef976e0
6779,934001152,1664,1,85bf3771,ba656fcec2fd08f7365e0cf1779b76c8
6780,934002816,2304,1,b8df1ec1,12171621f6b287bd2cd2ee01714042ac
6781,934005120,2496,1,ff7f6411,d80d9c09fe1a3c35f9d3e45f9317a636
6782,934007616,1984,1,c21f4da1,5647602f7038bdc1b4fa8dcaa67b91aa
6783,934009600,2112,1,404fda70,65409b16701e40772450a3ab3ad475bc
6784,934011712,2112,1,7d2ff3c0,9ee8cb23622da484dd406112726eb57c
6785,934013824,1984,1,bb634214,f21f21c9d854f99ed862e66ba4e9da03
6786,934015808,1984,1,86036ba4,0e99b86b84ef73bf5bdc0a4561638e00
6787,934017792,1856,1,c1a31174,c47b5e15bfa2c95cf9bc81c5cefdf45f
6788,934019648,1856,1,fcc338c4,dda5d47f23dbd35a1da3a071e51f5aa4
6789,934021504,2048,1,4ee3e4d4,b43b91b1445bc01a287a215b42729142
6790,934023552,2624,1,7383cd64,83a67da15dd6de19991f793ef055602d
6791,934026176,2112,1,3423b7b4,c472a1cceb8d5411a7f7cda9b4cd12c2
6792,934028288,1472,1,09439e04,00000000000000000000000000000000
6793,934029760,3008,1,8b1309d5,2bf60977ac565c819719c11954114312
6794,934032768,3008,1,b6732065,0895c2c42e6a41a82ac8247590597927
6795,934035776,1856,1,3df730ba,d65bfd1ee36b5eede7d543bcaa9e9ed1
6796,934037632,2624,1,0097190a,44372c58f258c002b14095d0b5cf751b
6797,934040256,3136,1,473763da,b1bebeb25d7c4c29eff7d53f70dca13e
6798,934043392,3008,1,7a574a6a,b68f0f4d1572a7c4906e2ca9836cfd45
6799,934046400,1984,1,c877967a,68270c16771241f14c6b0b83c5900d31
6800,934048384,1856,1,f517bfca,86eb8669dbd4b01e23067abb4f708bff
6801,934050240,2304,1,b2b7c51a,64d36daad20c35d460c0af2ee9937a57
6802,934052544,3264,1,8fd7ecaa,dd455aacb35071211352c9be5450d9db
6803,934055808,2688,1,0d877b7b,cec944e5578f9b468e43b2e16df87f6f
6804,934058496,1728,1,30e752cb,b16e2b2ac39c48b589522daac6cfc1a1
6805,934060224,2368,1,f6abe31f,e8eba3273f14fb852b1e3dfa25784434
6806,934062592,2112,1,cbcbcaaf,7c8f1cda5e4920518d9c70082dc54ceb
6807,934064704,2432,1,8c6bb07f,6598796a702db98977a22e0fe757d0c5
6808,934067136,2112,1,b10b99cf,f41e2a18d7254b05fa4bdcb0c2466616
6809,934069248,2176,1,032b45df,00000000000000000000000000000000
6810,934071424,1920,1,3e4b6c6f,00000000000000000000000000000000
6811,934073344,2048,1,3a9d787a,00000000000000000000000000000000
6812,934075392,1408,1,7d3d02aa,00000000000000000000000000000000
6813,934076800,2048,1,405d2b1a,89ec90feb29fdeb064fdac943b7b7cd9
6814,934078848,2048,1,f27df70a,121992c8d2918b5dde774a34fbc95569
6815,934080896,2240,1,cf1ddeba,fec217e7a56487d4c97c332d3cb885e5
6816,934083136,3456,1,88bda46a,24385077239f75392d637291f2912c02
6817,934086592,5888,1,b5dd8dda,0792f6252e7e6ad4dfa57ce112937cf4
6818,934092480,1792,1,378d1a0b,00000000000000000000000000000000
6819,934094272,1920,1,0aed33bb,00000000000000000000000000000000
6820,934096192,1344,1,cca1826f,00000000000000000000000000000000
6821,934097536,3712,1,f1c1abdf,0fcadee6b7ddc69787d6ac7ec5ac3e6c
6822,934101248,3584,1,392124af,565e7bff0d45d9a464767eb05b51fa14
6823,934104832,2048,1,7e815e7f,00000000000000000000000000000000
6824,934106880,704,1,b38573ed,00000000000000000000000000000000
6825,934107584,23808,1,35110143,7f7c3efbc7cef7d9679f7d36bbbfddcd
6826,934131392,12288,1,fe4dd2e6,2cf46947495d072a8ef608fd2ec15072
6827,934143680,11904,1,e348e25e,2cf46947495d072a8ef608fd2ec15072
6828,934155584,49856,1,281431fb,debbccff28ff3d812804fc08e723d45c
6829,934205440,22464,1,ae804355,455a42494e4400000700000040000000
6830,934227904,20608,1,8a084f28,e89b581b9180d7d76910b494434c623a
6831,934248512,421824,1,0c9c3d86,1d03000080150000402b010009d51ec4
6832,934670336,94656,1,c7c0ee23,455a42494e4400001700000040000000
6833,934764992,100224,1,dac5de9b,31395f30325f616e696d2e7070740046
6834,934865216,133760,1,e7a5f72b,600300009e09000080370100f76b06df
6835,934998976,332672,1,11990d3e,43453033345f30315f646174612e6269
6836,935331648,97344,1,970d7f90,e5f3b367ed18fbba5e07deb3e08b047c
6837,935428992,148736,1,9d735b6b,375f30325f646174612e62696e004641
6838,935577728,135232,1,1be729c5,460200001000000080810000726189f2
6839,935712960,22656,1,d0bbfa60,3036345f30325f616e696d2e70707400
6840,935735616,22976,1,cdbecad8,1f8b0808eff1e04c0003464143453036
6841,935758592,37056,1,06e2197d,52fe8b27b11db34cec5cbe374e2e2617
6842,935795648,286208,1,80766bd3,612e62696e00464143453036395f3035
6843,936081856,111680,1,4b2ab876,1c040000a2050000c08301003a1ebaeb
6844,936193536,327936,1,ba7c0aa3,ad4cb7ce38bc31e80f347eede0685aa3
6845,936521472,271424,1,f91236a2,788131516e54bd90eddfaacfdc8e0fc8
6846,936792896,126016,1,7f86440c,5f30355f616e696d2e70707400464143
6847,936918912,62784,1,b4da97a9,8c9bd50ffcdfccd83bf86719e9689592
6848,936981696,21760,1,a9dfa711,854fcd993c55ee2427db36f97952ab6d
6849,937003456,38720,1,94bf8ea1,455a42494e4400000500000040000000
6850,937042176,38656,1,628374b4,5f626173652e70707400464143453032
6851,937080832,222976,1,e417061a,455a42494e4400001000000040000000
6852,937303808,44992,1,2f4bd5bf,5bb1abaa1cb5b9197097a8b0ab281b6e
6853,937348800,272640,1,de1d676a,5bb1abaa1cb5b9197097a8b0ab281b6e
6854,937621440,248576,1,ee6922e1,240e4baedf2c5db430ac78296105e68b
6855,937870016,448576,1,68fd504f,43453030375f30365f616e696d2e7070
6856,938318592,25472,1,a3a183ea,70ad3768eb0ab3960e7fd9d36c09745f
6857,938344064,13184,1,bea4b352,a3cbd12bfdc2eb45bfffd6dab2968e76
6858,938357248,25216,1,75f860f7,5a683eefe6f3dde74d1e8cc7e30b7267
6859,938382464,205632,1,f36c1259,152673d67d358aa294ed4d3cb79ff829
6860,938588096,28992,1,3830c1fc,1476113129288874058a2840b28453b8
6861,938617088,358784,1,c9667329,aa020000100000004003010057f4d456
6862,938975872,170944,1,d7e41e24,1f8b0808cd4d7f4c00036a7564303030
6863,939146816,49856,1,51706c8a,b2dbca1d0ea7dbe926683be90ba7fdd5
6864,939196672,71232,1,9a2cbf2f,6c0200006306000080e1000087607db2
6865,939267904,74304,1,87298f97,9b78f9499685b8049dd66c99aecdc5d3
6866,939342208,62784,1,4c755c32,6174612e62696e00464143453030325f
6867,939404992,481472,1,cae12e9c,1f89cbd2337b99c47896e10971f43c01
6868,939886464,65856,1,01bdfd39,b3cc1795b9ffcf3ce261417fa3ceadf2
6869,939952320,426304,1,f0eb4fec,a102000010000000407f03009cbf22c0
6870,940378624,337728,1,c09f0a67,6368653030305f65796530302e707074
6871,940716352,156672,1,460b78c9,e10300005c080000c04001005eab9186
6872,940873024,102208,1,8d57ab6c,6ddbd7b6f1e243bbd15faa4edbf6dc36
6873,940975232,39808,1,90529bd4,16607bcb191cdbf606abdb63c826317b
6874,941015040,122624,1,5b0e4871,455a42494e4400001e00000040000000
6875,941137664,514432,1,dd9a3adf,162c6309f0df3458961fd839efd0ba41
6876,941652096,209536,1,16c6e97a,b10300006e0e0000406f00001c7d0817
6877,941861632,486016,1,e7905baf,623030305f35392e616e69006d636272
6878,942347648,405888,1,1f26c5b6,08ff4194500c252334204c88231c072b
6879,942753536,283712,1,99b2b718,7b24d2abd3eb4c3a0d90e8d9d58ed6a6
6880,943037248,46464,1,52ee64bd,0b52b4ab97af59fdaf3865021ccf79bd
6881,943083712,46912,1,4feb5405,bc0100001000000000b600000a820bb6
6882,943130624,97408,1,728b7db5,455a42494e4400001a00000040000000
6883,943228032,14848,1,84b787a0,b844abbb52229fd0de3eb2d2bf05fc28
6884,943242880,483712,1,0223f50e,000c70b3b37370717253db7e74c08166
6885,943726592,45248,1,c97f26ab,455a42494e4400000d00000040000000
6886,943771840,500096,1,3829947e,b3020000c6260000c0a10100c61c997d
6887,944271936,416192,1,085dd1f5,6f7461692e6e6f6400636f6c3030305f
6888,944688128,494400,1,8ec9a35b,43453034305f30335f616e696d2e7070
6889,945182528,91392,1,459570fe,adc7e392b0066ee6694a729fc9ecf374
6890,945273920,40512,1,58904046,399812c7d061f409e2c54ca0c7bbd898
6891,945314432,108544,1,93cc93e3,3034305f30335f646174612e62696e00
6892,945422976,410688,1,1558e14d,6e696d2e70707400464143453034325f
6893,945833664,577344,1,de0432e8,020100007605000040160000bc3fe3fe
6894,946411008,455424,1,2f52803d,67172d25853d716229e6450be7f4f414
6895,946866432,374592,1,4b3c0c90,455a42494e4400000d00000040000000
6896,947241024,167168,1,cda87e3e,2602000070240000003800005e6d211b
6897,947408192,68864,1,06f4ad9b,0293c641cad51bb41ec7a876cfd7687b
6898,947477056,86336,1,1bf19d23,395f31305f626173652e707074004641
6899,947563392,99968,1,2691b493,455a42494e4400000500000040000000
6900,947663360,74432,1,d0ad4e86,5f616e696d2e70707400464143453035
6901,947737792,383616,1,56393c28,020100005601000040190000ee22a4f2
6902,948121408,330304,1,9d65ef8d,7962a1585cd5e4c6645aedb4b2727779
6903,948451712,400448,1,6c335d58,9803000080330100c0bd02007c15f7c1
6904,948852160,317312,1,5c4718d3,9049d892329de21a86d7ca17e76c91eb
6905,949169472,186624,1,dad36a7d,43453032325f30365f616e696d2e7070
6906,949356096,121600,1,118fb9d8,eca90736333b10561ccfdabde19aa1ed
6907,949477696,68160,1,0c8a8960,6300464143453032305f30315f616e69
6908,949545856,206080,1,31eaa0d0,7400464143453032315f30315f626173
6909,949751936,111488,1,c7d65ac5,5c0200006d210000406f0000a577f049
6910,949863424,64000,1,4142286b,42a597c4759c73152bd4e89b71cba6d2
6911,949927424,220608,1,65ca2416,2e70707400464143453032325f30355f
6912,950148032,147328,1,e35e56b8,5f30345f646174612e62696e00464143
6913,950295360,128384,1,2802851d,6174612e62696e00464143453037325f
6914,950423744,127232,1,3507b5a5,b6020000f20a0000c0aa0000c95f64ac
6915,950550976,147200,1,08679c15,510400001000000000d5010048c140c4
6916,950698176,186752,1,fe5b6600,9c0300001000000040c5000092f91772
6917,950884928,141056,1,78cf14ae,00464143453037305f30315f64617461
6918,951025984,81856,1,b393c70b,c102000045020000403c01001269b34f
6919,951107840,544384,1,42c575de,7f02000040260100802b03008a72f27e
6920,951652224,459456,1,72b13055,31b62055b8f2cb4f88fec31d1933508c
6921,952111680,62912,1,f42542fb,455a42494e4400000500000040000000
6922,952174592,12480,1,3f79915e,455a42494e4400000400000040000000
6923,952187072,83264,1,227ca1e6,210200003122000040c00000fe6e4461
6924,952270336,96064,1,1f1c8856,3017d8ce39e465ce5ac038c1598bf34c
6925,952366400,120320,1,e9207243,6e28a08832b77011240a74e582489670
6926,952486720,119488,1,6fb400ed,74612e62696e00464143453036305f30
6927,952606208,212736,1,a4e8d348,626173652e7070740046414345303632
6928,952818944,641344,1,55be619d,78090514114be182481428a22092259c
6929,953460288,343232,1,16d05d9c,f5dbb6c3387e22432c0e5cf4e2b4d8c1
6930,953803520,84224,1,90442f32,840000001400000040160000f326a39f
6931,953887744,83328,1,5b18fc97,3c8e637b201036bb5f5f2b3ccd3c6632
6932,953971072,49408,1,461dcc2f,464143453035355f30315f646174612e
6933,954020480,112000,1,7b7de59f,612e62696e00464143453034355f3031
6934,954132480,122048,1,3cdd9f4f,455a42494e4400001c00000040000000
6935,954254528,266944,1,8d411f8a,455a42494e4400000500000040000000
6936,954521472,82496,1,0bd56d24,bf9bd85f2a0b89181b645ea8d9088fb3
6937,954603968,88576,1,01ab49df,2e62696e00464143453034315f30325f
6938,954692544,67904,1,873f3b71,52fe8b27b11db34cec5cbe374e2e2617
6939,954760448,88192,1,4c63e8d4,d54ade1fb3c50c2efce2e6e43e729db9
6940,954848640,74368,1,5166d86c,0293c641cad51bb41ec7a876cfd7687b
6941,954923008,124288,1,9a3a0bc9,455a42494e4400001f00000040000000
6942,955047296,101632,1,1cae7967,d42e4e4f306794b1ec2db4c2db9bf518
6943,955148928,63232,1,3826751a,8400000010000000001400001a9ec7ee
6944,955212160,345088,1,beb207b4,df03000010000000409c02000a8c2a27
6945,955557248,69504,1,75eed411,a9f7521ddb8b93789cff339ff16f7668
6946,955626752,94336,1,68ebe4a9,9831f0a5439b516d79f09804fed8186d
6947,955721088,158720,1,a3b7370c,840000001400000000160000271b2909
6948,955879808,193600,1,252345a2,85040000650d0000407101001a5a4f49
6949,956073408,198848,1,2f5d6159,30315f616e696d2e7070740046414345
6950,956272256,49408,1,a9c913f7,da6872f7cf3eefc951594033edac6fa0
6951,956321664,15168,1,6295c052,af1de6aa5294ec7810fbf6ee41bfa301
6952,956336832,15232,1,7f90f0ea,8a3f1089f7d33cef8cb74c671d706a33
6953,956352064,49088,1,42f0d95a,c8d59b81f03c2815881e2486828fab4d
6954,956401152,47552,1,b4cc234f,1ef779b7d6a31ce547cac1f9cc4e2b71
6955,956448704,174272,1,325851e1,02784a09e6938884100c6539a5e9bc08
6956,956622976,33280,1,f9048244,110100002c010000407e000077c72660
6957,956656256,361600,1,08523091,6e69006d63626f6d3037305f35302e61
6958,957017856,348288,1,f0e4ae88,adb4e8c9bc7fcd98e9570c26efa7f65b
6959,957366144,44672,1,7670dc26,d992de1d074a134e451fbbc97d7074b6
6960,957410816,28928,1,bd2c0f83,f67b165f652bed8f11c9533b60d226fd
6961,957439744,13632,1,a0293f3b,0be8b97a0edf5c3e838eaf3ec1ad2f4e
6962,957453376,63488,1,6b75ec9e,0436733b686c069197bf162343ddd3e3
6963,957516864,84224,1,ede19e30,d54ade1fb3c50c2efce2e6e43e729db9
6964,957601088,169024,1,e79fbacb,0436733b686c069197bf162343ddd3e3
6965,957770112,174592,1,610bc865,be03000010000000c091010036208aad
6966,957944704,52864,1,aa571bc0,e6b497f7f6f67a79de39369b47196e7e
6967,957997568,45248,1,b7522b78,cedc8d73e37833ee37337df9f4fdfbed
6968,958042816,157184,1,8a3202c8,5f30325f616e696d2e70707400464143
6969,958200000,79424,1,7c0ef8dd,f60100004d050000c0bb00009291e365
6970,958279424,68992,1,fa9a8a73,1a1fb242db27a24f05713ffddcae6a6d
6971,958348416,73600,1,a00bb793,aaa3012dddf1d6fc0f83357f50b43e48
6972,958422016,60608,1,269fc53d,d54ade1fb3c50c2efce2e6e43e729db9
6973,958482624,36992,1,edc31698,70707400464143453030315f30315f62
6974,958519616,25472,1,f0c62620,1f8b0808fbf1e04c0003464143453030
6975,958545088,67008,1,3b9af585,b27738b35aa18afb633f96d838fa32e7
6976,958612096,262592,1,bd0e872b,696e00464143453030325f30345f616e
6977,958874688,115648,1,b770a3d0,3030335f30345f646174612e62696e00
6978,958990336,369728,1,31e4d17e,455a42494e4400002000000040000000
6979,959360064,342464,1,e7bd3263,4a0100006c0e0000407b0000a481730c
6980,959702528,222528,1,2ce1e1c6,59323fd16bbe6e7187473ce30d1fd17d
6981,959925056,117376,1,aa759368,9084341192cab7c649c56042aadd96d5
6982,960042432,200256,1,8efd9f15,8e773654ab9d94965d54d6ce38fea0b9
6983,960242688,14848,1,0869edbb,f594af535139c8dd6d900a97c682a3de
6984,960257536,42176,1,de300ea6,fd8bfa712bab5d50ccd3303fe4de9cfc
6985,960299712,352512,1,156cdd03,8b259a39072b966e5a9a3327f17032e8
6986,960652224,88640,1,93f8afad,8e4458f34f4faf8912c9736dbeb92dde
6987,960740864,165312,1,58a47c08,455a42494e4400000500000040000000
6988,960906176,303872,1,a9f2cedd,b27738b35aa18afb633f96d838fa32e7
6989,961210048,132736,1,99868b56,7aa8db99bdde5f113abd1ecfc4b56bb5
6990,961342784,203456,1,1f12f9f8,e0fbd226a5ad97ec27d0e9cc49b25620
6991,961546240,27904,1,d44e2a5d,455a42494e4400000700000040000000
6992,961574144,14336,1,c94b1ae5,1c871b3c36ca1635a9e9d41c4dbeb515
6993,961588480,42624,1,0217c940,7581fd18bd49a08dc53b57540bcc780b
6994,961631104,210624,1,8483bbee,30302e7070740063686c3030305f736b
6995,961841728,115584,1,fde7e69f,30365f30325f626173652e7070740046
6996,961957312,523008,1,7b739431,6e696d2e70707400464143453034305f
6997,962480320,80704,1,ad2a772c,21020000ad250000409c0000cdd8b7b2
6998,962561024,268160,1,6676a489,70707400656230315f32642e62696e00
6999,962829184,291200,1,e0e2d627,3032385f30345f626173652e70707400
7000,963120384,521280,1,ea9cf2dc,00464143453032385f30325f64617461
7001,963641664,226368,1,6c088072,e602000010000000402c0100748442c0
7002,963868032,54080,1,a75453d7,7581fd18bd49a08dc53b57540bcc780b
7003,963922112,60736,1,ba51636f,c6010000240a0000c0b400001382681c
7004,963982848,300736,1,710db0ca,840000001000000080120000ccaf7e50
7005,964283584,296320,1,f799c264,999db616956185fe6eb1bf5bda52a090
7006,964579904,131072,1,d311ce19,4143453033315f30315f626173652e70
7007,964710976,282624,1,5585bcb7,bb040000cf030000c0490400f2e8ba8e
7008,964993600,37248,1,9ed96f12,70707400656231315f32642e62696e00
7009,965030848,36160,1,83dc5faa,5994209c69b634428fafdc0d4118b208
7010,965067008,58240,1,48808c0f,1b0200006c02000080dc00007139219b
7011,965125248,271040,1,ce14fea1,70707400656230315f32642e62696e00
7012,965396288,64448,1,c46ada5a,da6872f7cf3eefc951594033edac6fa0
7013,965460736,20160,1,42fea8f4,7bb6d0609b8ce3e48cf7eae3dc107632
7014,965480896,15744,1,89a27b51,716aa8dbcbe7f539cb73d9c6c87e74b7
7015,965496640,19328,1,94a74be9,1476113129288874058a2840b28453b8
7016,965515968,54528,1,5ffb984c,2870113129288874058a2840b2845350
7017,965570496,304896,1,d96feae2,8c9bd50ffcdfccd83bf86719e9689592
7018,965875392,106432,1,1bd3158b,c660774173cf6a4dd851b6993f787e7b
7019,965981824,175616,1,9d476725,7962a1585cd5e4c6645aedb4b2727779
7020,966157440,43776,1,4b1e8438,4ba56aecfd4fb1f238ed6c1d13f2fd34
7021,966201216,292032,1,8042579d,927c88972f5fe5efffec19f1332ed78c
7022,966493248,226816,1,06d62533,1f8b0808db4e7f4c0003636c65303030
7023,966720064,361600,1,cd8af696,070500003f05000040e30200dd949343
7024,967081664,273216,1,3cdc4443,1a0f09a1cbf1f9727489ffa37364f870
7025,967354880,200000,1,0ca801c8,696e30312e70707400636c653030305f
7026,967554880,71424,1,8a3c7366,da6872f7cf3eefc951594033edac6fa0
7027,967626304,25280,1,4160a0c3,03f59e853435d376a9cfd9f2b3e639c5
7028,967651584,33280,1,5c65907b,453034335f30345f646174612e62696e
7029,967684864,58176,1,973943de,1f8b0808dd4e104c0003656230315f30
7030,967743040,252992,1,11ad3170,36c5c954c7ed5c366ca909abe95cea73
7031,967996032,88384,1,4fc9dcad,464143453034335f30365f646174612e
7032,968084416,12864,1,c95dae03,176df668245909489ccfd6b671c447bb
7033,968097280,30784,1,1f044d1e,06d408aac3ebffeb4e6e2dd743322e86
7034,968128064,156224,1,d4589ebb,4af8d2aab0e4b3e319fa5da36db6b63d
7035,968284288,97344,1,52ccec15,2601000010000000c0770000d17409aa
7036,968381632,282816,1,58b2c8ee,455a42494e4400000a00000040000000
7037,968664448,49728,1,de26ba40,b47ade7fe12bfa74fde0fff1357b2dfc
7038,968714176,25216,1,157a69e5,a11d5c5bc7c4d53c8ec2fe3f124ca252
7039,968739392,47040,1,087f595d,70707400656230325f32642e62696e00
7040,968786432,50688,1,c3238af8,840000001000000080120000ccaf7e50
7041,968837120,294656,1,45b7f856,455a42494e4400002300000040000000
7042,969131776,83776,1,613ff42b,6d86b8d12e37cbcdbf46fc9d7db2bf0c
7043,969215552,45120,1,e7ab8685,c8d59b81f03c2815881e2486828fab4d
7044,969260672,14144,1,2cf75520,eca197966e1b48e486e7ecb00d34e159
7045,969274816,25408,1,31f26598,1a1fb242db27a24f05713ffddcae6a6d
7046,969300224,38464,1,faaeb63d,464143453035325f30325f626173652e
7047,969338688,254592,1,7c3ac493,8a4d92931c2acb6142888ad1bfc2c4f7
7048,969593280,182208,1,7644e068,700400001000000080f00100e7b9a9b4
7049,969775488,41152,1,f0d092c6,840000001000000080120000ccaf7e50
7050,969816640,82048,1,268971db,646174612e62696e0046414345303632
7051,969898688,225152,1,edd5a27e,52fe8b27b11db34cec5cbe374e2e2617
7052,970123840,181248,1,6b41d0d0,64006273743035305f736f7461692e74
7053,970305088,539136,1,12258da1,355f626173652e707074004641434530
7054,970844224,112256,1,94b1ff0f,9601000028200000801b0000a941c1a6
7055,970956480,44352,1,5fed2caa,aa9b52edb33b6c3e81d76ac8a29c5ac1
7056,971000832,54784,1,42e81c12,d54ade1fb3c50c2efce2e6e43e729db9
7057,971055616,63424,1,89b4cfb7,5f616e696d2e70707400464143453036
7058,971119040,374784,1,0f20bd19,a8040000a9200000008d020043d1ca09
7059,971493824,72256,1,055e99e2,453036345f30345f646174612e62696e
7060,971566080,329664,1,83caeb4c,00464143453036325f30375f62617365
7061,971895744,262336,1,489638e9,7400616e673030305f6d6f7574683030
7062,972158080,67456,1,55930851,8b259a39072b966e5a9a3327f17032e8
7063,972225536,139328,1,9ecfdbf4,43453037315f30365f646174612e6269
7064,972364864,578240,1,185ba95a,6300656231332e61726300656231352e
7065,972943104,416832,1,3cd3a527,7400616e673030305f6d6f7574683030
7066,973359936,306688,1,ba47d789,335f30355f646174612e62696e004641
7067,973666624,41664,1,711b042c,3037345f30315f626173652e70707400
7068,973708288,41216,1,6c1e3494,623a9489a932479d3dc762ba92649a0d
7069,973749504,115520,1,a742e731,dbe682b9dc9f8d9cded01866ef8fcfc5
7070,973865024,430400,1,21d6959f,0f030000001d0000004b020061efa6bf
7071,974295424,403776,1,2ba8b164,cb0300004d050000807d04009291e365
7072,974699200,80256,1,ad3cc3ca,d074ae21e2b2375a4a707715b5935b63
7073,974779456,43456,1,6660106f,13d746aa5058c634ed13f284a0c4a2e4
7074,974822912,26624,1,7b6520d7,566f679ce4e830dbe295ac82ec9c45ab
7075,974849536,13504,1,b039f372,d246ad22368a3cd9e8cc902e09468db2
7076,974863040,178688,1,36ad81dc,a3000000950a0000040b00005b5c448c
7077,975041728,168896,1,fdf15279,8e773654ab9d94965d54d6ce38fea0b9
7078,975210624,120832,1,0ca7e0ac,657633375f3037302e7363720073655f
7079,975331456,120704,1,f4117eb5,657633375f3038302e7363720073655f
7080,975452160,28800,1,72850c1b,455a42494e4400000700000040000000
7081,975480960,47808,1,b9d9dfbe,1f8b080805f2e04c000371657633385f
7082,975528768,40704,1,e36a6af6,bfbfb6a6b2d2969f6fcde36849c72557
7083,975569472,50496,1,65fe1858,70707400656230325f32642e62696e00
7084,975619968,26496,1,aea2cbfd,5c4e3bfad6ff2de922cc73b6af55abeb
7085,975646464,38976,1,78fb28e0,d068095e61c65434ec548cccd13c6122
7086,975685440,338368,1,fe6f5a4e,1ef779b7d6a31ce547cac1f9cc4e2b71
7087,976023808,21952,1,ad15c7d4,8400000010000000801c0000d92ce06a
7088,976045760,61376,1,2b81b57a,c8d59b81f03c2815881e2486828fab4d
7089,976107136,26880,1,e0dd66df,e4a2d3214f9ea6524d35f3b94d656d1e
7090,976134016,14080,1,368485c2,21956a57cf2f1bff5a49fe9b7fdac734
7091,976148096,305408,1,b010f76c,1ef779b7d6a31ce547cac1f9cc4e2b71
7092,976453504,25344,1,ba6ed397,5c4e3bfad6ff2de922cc73b6af55abeb
7093,976478848,66816,1,3cfaa139,840000001000000080120000ccaf7e50
7094,976545664,26560,1,f7a6729c,5c4e3bfad6ff2de922cc73b6af55abeb
7095,976572224,26048,1,21ff9181,79b6ff049523f3c9786da3d3f925990f
7096,976598272,353344,1,a76be32f,0436733b686c069197bf162343ddd3e3
7097,976951616,20864,1,83e3ef52,70707400656230325f32642e62696e00
7098,976972480,89280,1,05779dfc,335f616e696d2e707074004641434530
7099,977061760,14336,1,ce2b4e59,21956a57cf2f1bff5a49fe9b7fdac734
7100,977076096,25408,1,1872ad44,5c4e3bfad6ff2de922cc73b6af55abeb
7101,977101504,326848,1,9ee6dfea,62696e0071657634325f3035302e7363
7102,977428352,26432,1,9498fb11,5c4e3bfad6ff2de922cc73b6af55abeb
7103,977454784,84032,1,120c89bf,6d86b8d12e37cbcdbf46fc9d7db2bf0c
7104,977538816,26560,1,d9505a1a,14cfcd3318f4b8bbd2f739a20fcec0d2
7105,977565376,25856,1,0f09b907,d068095e61c65434ec548cccd13c6122
7106,977591232,240512,1,899dcba9,bf8104d7704ca7dde32da663758d9b93
7107,977831744,12608,1,42c1180c,4ff3f84932aff60d33c55987cdd3f1ba
7108,977844352,215040,1,b397aad9,91010000120f000040730000370685aa
7109,978059392,172608,1,f0f996d8,617263006d696d3030302e6172630071
7110,978232000,10368,1,766de476,ce9a507214b970afdba8b5859c894e72
7111,978242368,11200,1,6b68d4ce,d951b2c118f46d951a499f1d1ae21cf5
7112,978253568,101568,1,edfca660,4670f7c33c3bff5201f7509e8b87b7d3
7113,978355136,147392,1,e782829b,c237cbc236f8fcfc5dc5b9d01db179fc
7114,978502528,23360,1,6116f035,512205c5eab719b6605311230931961b
7115,978525888,11648,1,fa87b223,dbd588f3bb57e0577b9ad0b17339de79
7116,978537536,139008,1,de0fbe5e,1fb6e3e6e41db43dee44e7442f46a69f
7117,978676544,23424,1,589bccf0,c3797f44a286f27267ee389319634545
7118,978699968,11584,1,c30a8ee6,dbd588f3bb57e0577b9ad0b17339de79
7119,978711552,139136,1,c974aa1d,8fb9c80becbc580e697b3a328ee4222f
7120,978850688,23296,1,4fe0d8b3,512205c5eab719b6605311230931961b
7121,978873984,11712,1,d4719aa5,bfc68b67bf3f0fadabead1b65ac0ee75
7122,978885696,139008,1,16cd65cc,1fb6e3e6e41db43dee44e7442f46a69f
7123,979024704,23360,1,90591762,c3797f44a286f27267ee389319634545
7124,979048064,11584,1,0bc85574,bfc68b67bf3f0fadabead1b65ac0ee75
7125,979059648,138496,1,01b6718f,4cb3a8552408aa6eacd12c16c74978bf
7126,979198144,33152,1,87220321,70707400464143453038355f30315f62
7127,979231296,48832,1,1cb34137,edcaffabdd0a1148273a6959bc4537aa
7128,979280128,33280,1,42d7acea,464143453038355f30325f626173652e
7129,979313408,22720,1,c443de44,a8251162bbc9c873c1d6201f9f6290ca
7130,979336128,59328,1,5fd29c52,2c851ad831b02febbe36819dc9fb81a5
7131,979395456,21888,1,55acb8a9,c6de1fe9c9d2f5af4381a4470711bc2c
7132,979417344,33024,1,d338ca07,464143453038355f30325f626173652e
7133,979450368,50560,1,48a98811,2870113129288874058a2840b2845350
7134,979500928,25728,1,6c21846c,fdfe145b616d5d21b912603cf5e8f139
7135,979526656,31808,1,eab5f6c2,bb1a8c2549ae79b8a6a7bb6bb75ec94e
7136,979558464,59904,1,7124b4d4,d100000010000000c03d00002823bd8a
7137,979618368,12800,1,7b5a902f,7bc552bf905a71b8663be188717066da
7138,979631168,33472,1,fdcee281,b87beb325b78c76465823a733144d100
7139,979664640,58176,1,665fa097,e5302a7a5d9ccb9d1af05504bf4f3d0e
7140,979722816,12736,1,1f3bfde6,7bc552bf905a71b8663be188717066da
7141,979735552,19520,1,99af8f48,c0a82145fae0186da4201f9174869822
7142,979755072,60416,1,023ecd5e,d100000010000000c03d00002823bd8a
7143,979815488,19264,1,0840e9a5,44e0497d03150fb4301d444693f13083
7144,979834752,22976,1,8ed49b0b,59d79aef7ee8a115c692542125563c58
7145,979857728,59648,1,1545d91d,3032302e7363720073655f7165763535
7146,979917376,13184,1,31cdd560,7bc552bf905a71b8663be188717066da
7147,979930560,38144,1,b759a7ce,2c3dcdf1fc1ed8a52ddf9fecbc4f4e6c
7148,979968704,55104,1,2cc8e5d8,9084341192cab7c649c56042aadd96d5
7149,980023808,12224,1,26b6c123,1b0b771af073d6805deed4ee63688b9b
7150,980036032,12288,1,a022b38d,0c225cfe8d154ab55520142b458cc0e1
7151,980048320,57472,1,3bb3f19b,70707400656230315f32642e62696e00
7152,980105792,12736,1,f90f0ef2,7bc552bf905a71b8663be188717066da
7153,980118528,32256,1,7f9b7c5c,bb1a8c2549ae79b8a6a7bb6bb75ec94e
7154,980150784,49920,1,e40a3e4a,2870113129288874058a2840b2845350
7155,980200704,29184,1,ee741ab1,3b5a17b1364cd0debc9198a256aa4329
7156,980229888,33472,1,68e0681f,fc0dde936794588dbf4bf58a0fcfd7b1
7157,980263360,57856,1,f3712a09,70707400656230315f32642e62696e00
7158,980321216,14272,1,b4e52751,d2f72e8ec338ad30e28cf53a65ef19c6
7159,980335488,333440,1,a39e3312,3031325f30315f616e696d2e70707400
7160,980668928,325376,1,d3d9c6a6,8004000000fe0000400b020008d1945e
7161,980994304,188544,1,554db408,22020000c202000000dc020025d1b0aa
7162,981182848,56704,1,9e1167ad,6174612e62696e00464143453032345f
7163,981239552,349888,1,83145715,a9ccbceb228455794cd569d60a14b530
7164,981589440,477440,1,484884b0,cba4f4e3f521b8307dfff9db0304fb14
7165,982066880,437248,1,cedcf61e,13fb9b898f483f1f1f8bfe2e0d24be8a
7166,982504128,14336,1,058025bb,a01e1612fa01096880e833a7955c13dd
7167,982518464,360192,1,f4d6976e,bf346cae6f686c6c58bba97ec122dc5e
7168,982878656,38464,1,3f8a44cb,902dc9c2f227c6d83246806d30981803
7169,982917120,12928,1,ea54fa63,455a42494e4400000400000040000000
7170,982930048,186496,1,6cc088cd,020100007605000040160000bc3fe3fe
7171,983116544,227200,1,a79c5b68,3032302e736372000000000000000000
7172,983343744,78784,1,ba996bd0,464143453037315f31305f626173652e
7173,983422528,89152,1,71c5b875,d15cbeb8be9c6ec3bd1c10d696a6542b
7174,983511680,290112,1,f751cadb,30305f30322e616e69006d63636f6c30
7175,983801792,201536,1,3c0d197e,1f8b08085c4e7f4c0003636f6c303030
7176,984003328,419968,1,cd5babab,0073655f73657630325f3037302e6172
7177,984423296,294592,1,0607780e,63d5b5f118633ae39f975e11beac1e77
7178,984717888,200256,1,fd2fee20,4143453036325f30355f626173652e70
7179,984918144,155264,1,7bbb9c8e,f401000095090000c0650000905262a0
7180,985073408,164160,1,b0e74f2b,7962a1585cd5e4c6645aedb4b2727779
7181,985237568,44096,1,ade27f93,2c0100006e050000002e00000b980c8d
7182,985281664,203904,1,66beac36,dbe682b9dc9f8d9cded01866ef8fcfc5
7183,985485568,16384,1,e02ade98,1f8b08080bf2e04c0003464143453038
7184,985501952,54336,1,2b760d3d,6563695f3031372e7070740046414345
7185,985556288,237888,1,994e83e9,673030305f30312e616e69006d63616e
7186,985794176,246272,1,1fdaf147,fd9abb485767ee27eb05e9e9ea68c7c9
7187,986040448,64128,1,d48622e2,9c010000102a0000c07800001b7003a1
7188,986104576,29568,1,c983125a,e0fcf880786f575ddfc898363e573a3f
7189,986134144,172096,1,02dfc1ff,55fcc160e645d110793a0be8cd10bd14
7190,986306240,45504,1,844bb351,86bb0a6a52146ea44f771c6f8be3c7e3
7191,986351744,297024,1,4f1760f4,e4000000eb01000080850400f18fa02f
7192,986648768,298624,1,be41d221,3030312e617263006e69653030302e61
7193,986947392,305984,1,751d0184,dfeb6bef8dc718d3d91707dbd36f1c14
7194,987253376,280832,1,8e3597aa,74612e62696e006b6e6f3030312e6172
7195,987534208,106240,1,08a1e504,da2a8a8d276552ae7c99b3401a1f7f62
7196,987640448,83776,1,c3fd36a1,826cb26841110447a91a9140246c4590
7197,987724224,128064,1,b7b8ab6f,696e30312e70707400646f733030305f
7198,987852288,108992,1,312cd9c1,850f07d0fbae7975b436d78bc5ff4e98
7199,987961280,120064,1,fa700a64,d6180774c75f401ff7325ea67a6220c5
7200,988081344,206272,1,a0c3bf2c,af2993dc1bf2ebedfd4fafd7e33cfa97
7201,988287616,84864,1,2657cd82,826cb26841110447a91a9140246c4590
7202,988372480,72256,1,ed0b1e27,0300000065766f626a5f303031000000
7203,988444736,38976,1,4fed2ea8,ec000000c1090000c0340000e8a9c322
7204,988483712,29952,1,084d5478,464143453036325f30315f616e696d2e
7205,988513664,20800,1,352d7dc8,5dcf04d2e467236c5a6e62faa82df544
7206,988534464,1920,1,870da1d8,00000000000000000000000000000000
7207,988536384,1664,1,ba6d8868,00000000000000000000000000000000
7208,988538048,12352,1,fdcdf2b8,4a18201eb93645134d5e5d7e3298780b
7209,988550400,11904,1,c0addb08,8ab422d13d52e113afc4a658b63090f0
7210,988562304,22528,1,42fd4cd9,512205c5eab719b6605311230931961b
7211,988584832,22656,1,7f9d6569,512205c5eab719b6605311230931961b
7212,988607488,22592,1,b9d1d4bd,549bd3e522c5a87d898ac79cce274a6c
7213,988630080,37120,1,84b1fd0d,d2f72e8ec338ad30e28cf53a65ef19c6
7214,988667200,22464,1,c31187dd,4a18201eb93645134d5e5d7e3298780b
7215,988689664,5312,1,fe71ae6d,fa3ac6608c51c436e9422fefc0a51b8d
7216,988694976,15552,1,4c51727d,7222abd7c4f79afbfaa256c65ae1c444
7217,988710528,2112,1,71315bcd,00000000000000000000000000000000
7218,988712640,11712,1,3691211d,6595cc96c866440705fa87b02633252d
7219,988724352,29120,1,0bf108ad,8e8a4a30999c72bcda8258ece1c8b491
7220,988753472,1216,1,89a19f7c,00000000000000000000000000000000
7221,988754688,21504,1,b4c1b6cc,b31b8bce681ff7b3cb3aeddd682d3523
7222,988776192,18368,1,3f45a613,457835752ede7af9050cfefd189a1d16
7223,988794560,2112,1,02258fa3,00000000000000000000000000000000
7224,988796672,2048,1,4585f573,00000000000000000000000000000000
7225,988798720,1408,1,78e5dcc3,00000000000000000000000000000000
7226,988800128,43840,1,cac500d3,4ba56aecfd4fb1f238ed6c1d13f2fd34
7227,988843968,15488,1,c9795c06,8582c0af9897462bb9d80bdbb3a6f752
7228,988859456,12928,1,2256698b,424cb415516a62db2403287e562a331f
7229,988872384,2112,1,ad169c2b,00000000000000000000000000000000
7230,988874496,2048,1,5586589a,00000000000000000000000000000000
7231,988876544,2048,1,68e6712a,00000000000000000000000000000000
7232,988878592,1728,1,aeaac0fe,00000000000000000000000000000000
7233,988880320,14656,1,93cae94e,141b0de8582c2661c2e18c8111ca2956
7234,988894976,2048,1,d46a939e,00000000000000000000000000000000
7235,988897024,1600,1,e90aba2e,00000000000000000000000000000000
7236,988898624,61952,1,5b2a663e,1a9c9999a9c15959591afce0c125f263
7237,988960576,12608,1,1c8a1cee,2ee1ccfdca6709f786eab2e43b3d6acc
7238,988973184,26304,1,9eda8b3f,464143453038365f30335f616e696d2e
7239,988999488,14272,1,611b062e,2ee1ccfdca6709f786eab2e43b3d6acc
7240,989013760,2176,1,26bb7cfe,00000000000000000000000000000000
7241,989015936,16768,1,1bdb554e,128389b12519436355e4293a3a94e1c8
7242,989032704,13760,1,a9fb895e,a624552e61e3aca4bd044fff24374d9b
7243,989046464,576,1,949ba0ee,00000000000000000000000000000000
7244,989047040,12224,1,d33bda3e,a624552e61e3aca4bd044fff24374d9b
7245,989059264,13888,1,ee5bf38e,1f8b080898f1e04c0003464143453038
7246,989073152,2240,1,6c0b645f,00000000000000000000000000000000
7247,989075392,24384,1,516b4def,dcf6fde13f0553af9da1f5cbd1ec9cb7
7248,989099776,512,1,9727fc3b,00000000000000000000000000000000
7249,989100288,12288,1,aa47d58b,a624552e61e3aca4bd044fff24374d9b
7250,989112576,12224,1,ede7af5b,a624552e61e3aca4bd044fff24374d9b
7251,989124800,12352,1,d08786eb,1f8b080898f1e04c0003464143453038
7252,989137152,12288,1,62a75afb,a624552e61e3aca4bd044fff24374d9b
7253,989149440,12288,1,7660126d,a624552e61e3aca4bd044fff24374d9b
7254,989161728,12608,1,31c068bd,a624552e61e3aca4bd044fff24374d9b
7255,989174336,14400,1,0ca0410d,8134fb03652ccb8417b32c4748597fa1
7256,989188736,42048,1,be809d1d,32f2727bfd0615af9e96299914969b69
7257,989230784,960,1,83e0b4ad,00000000000000000000000000000000
7258,989231744,13952,1,c440ce7d,bfbfb6a6b2d2969f6fcde36849c72557
7259,989245696,13824,1,f920e7cd,a624552e61e3aca4bd044fff24374d9b
7260,989259520,256,1,7b70701c,00000000000000000000000000000000
7261,989259776,22848,1,461059ac,455a42494e4400000700000040000000
7262,989282624,13632,1,805ce878,9af6ec1cdc0b37cfd9fdf484f0bdf7f7
7263,989296256,2112,1,bd3cc1c8,00000000000000000000000000000000
7264,989298368,1984,1,fa9cbb18,00000000000000000000000000000000
7265,989300352,640,1,c7fc92a8,00000000000000000000000000000000
7266,989300992,12288,1,75dc4eb8,a624552e61e3aca4bd044fff24374d9b
7267,989313280,12864,1,48bc6708,a624552e61e3aca4bd044fff24374d9b
7268,989326144,26048,1,0f1c1dd8,9a6adcad489da9d6a433342f6ba8fa0f
7269,989352192,12224,1,327c3468,a624552e61e3aca4bd044fff24374d9b
7270,989364416,13184,1,b02ca3b9,1f8b080899f1e04c0003464143453038
7271,989377600,53504,1,8d4c8a09,694d940ed76888d6b4c435dba7558928
7272,989431104,19456,1,06c89ad6,64ba6f7262ec8120a36aec815cbbba27
7273,989450560,21568,1,3ba8b366,1f8b080899f1e04c0003464143453038
7274,989472128,22336,1,7c08c9b6,acbe094b9a300795f9a7848d94d038bd
7275,989494464,12928,1,4168e006,4a18201eb93645134d5e5d7e3298780b
7276,989507392,12672,1,f3483c16,2ee1ccfdca6709f786eab2e43b3d6acc
7277,989520064,25216,1,ce2815a6,3038365f30385f616e696d2e70707400
7278,989545280,27712,1,89886f76,9a6adcad489da9d6a433342f6ba8fa0f
7279,989572992,28672,1,b4e846c6,69a13d92932090994c263bde1f754b58
7280,989601664,192,1,36b8d117,00000000000000000000000000000000
7281,989601856,12480,1,0bd8f8a7,8c00000053010000402e0000153770f9
7282,989614336,12992,1,cd944973,a624552e61e3aca4bd044fff24374d9b
7283,989627328,25920,1,f0f460c3,7510355f6da2a5344d636b8bd56ab521
7284,989653248,12288,1,b7541a13,a624552e61e3aca4bd044fff24374d9b
7285,989665536,12288,1,8a3433a3,a624552e61e3aca4bd044fff24374d9b
7286,989677824,12800,1,12017fa4,a624552e61e3aca4bd044fff24374d9b
7287,989690624,41792,1,55a10574,8134fb03652ccb8417b32c4748597fa1
7288,989732416,15040,1,68c12cc4,f10c43d127f615ce9842a703beefdccc
7289,989747456,13824,1,dae1f0d4,a624552e61e3aca4bd044fff24374d9b
7290,989761280,512,1,e781d964,00000000000000000000000000000000
7291,989761792,14016,1,a021a3b4,a624552e61e3aca4bd044fff24374d9b
7292,989775808,22912,1,9d418a04,dcf6fde13f0553af9da1f5cbd1ec9cb7
7293,989798720,24512,1,1f111dd5,1f8b080899f1e04c0003464143453038
7294,989823232,12288,1,22713465,a624552e61e3aca4bd044fff24374d9b
7295,989835520,13760,1,e43d85b1,a624552e61e3aca4bd044fff24374d9b
7296,989849280,1728,1,d95dac01,00000000000000000000000000000000
7297,989851008,14720,1,9efdd6d1,9241054ddc2593cb6665ba6643a60b07
7298,989865728,1984,1,a39dff61,00000000000000000000000000000000
7299,989867712,1728,1,11bd2371,00000000000000000000000000000000
7300,989869440,14720,1,2cdd0ac1,9241054ddc2593cb6665ba6643a60b07
7301,989884160,448,1,6b7d7011,00000000000000000000000000000000
7302,989884608,13952,1,561d59a1,1f8b08089af1e04c0003464143453038
7303,989898560,24512,1,d44dce70,1acdbacc4c586cd26b579697ebb92578
7304,989923072,512,1,e92de7c0,00000000000000000000000000000000
7305,989923584,12992,1,62a9f71f,a624552e61e3aca4bd044fff24374d9b
7306,989936576,68928,1,5fc9deaf,d96c35d5dbf754edb7af24a486792421
7307,990005504,28480,1,1869a47f,312e7363720000000000000000000000
7308,990033984,22592,1,25098dcf,bc0000003d050000c02e0000987e6d90
7309,990056576,13952,1,972951df,30315f646174612e62696e0074657630
7310,990070528,512,1,aa49786f,00000000000000000000000000000000
7311,990071040,12352,1,ede902bf,a624552e61e3aca4bd044fff24374d9b
7312,990083392,28352,1,d0892b0f,1f8b08089af1e04c0003464143453036
7313,990111744,22912,1,057a6be7,455a42494e4400000700000040000000
7314,990134656,28416,1,42da1137,12d8bea6d319d9ed76bbedceee0ed2d6
7315,990163072,12416,1,7fba3887,30325f646174612e62696e0074657630
7316,990175488,12288,1,cd9ae497,a624552e61e3aca4bd044fff24374d9b
7317,990187776,12224,1,f0facd27,a624552e61e3aca4bd044fff24374d9b
7318,990200000,26304,1,b75ab7f7,3038365f30385f616e696d2e70707400
7319,990226304,13888,1,8a3a9e47,468d46d398e5da48188899c1fe0daa1a
7320,990240192,26240,1,086a0996,856fe08fc534380b75248aa6c153cf31
7321,990266432,25792,1,350a2026,d2f72e8ec338ad30e28cf53a65ef19c6
7322,990292224,12544,1,f34691f2,a624552e61e3aca4bd044fff24374d9b
7323,990304768,64704,1,ce26b842,464143453038365f30325f616e696d2e
7324,990369472,1408,1,8986c292,00000000000000000000000000000000
7325,990370880,354688,1,b4e6eb22,73caedc65867b73253968f19dc608005
7326,990725568,13056,1,3cf75722,141b0de8582c2661c2e18c8111ca2956
7327,990738624,56320,1,7b572df2,c6010000850a000000a400006b1b79ff
7328,990794944,99264,1,46370442,02050a9082588a141429504491484836
7329,990894208,124352,1,f417d852,91020000670d0000406f0000a9895083
7330,991018560,82880,1,c977f1e2,ddec540d9437643eff247324f2b82cb6
7331,991101440,143296,1,8ed78b32,a60400001000000000f9010051d8a8b6
7332,991244736,90496,1,b3b7a282,5f626173652e70707400464143453034
7333,991335232,556736,1,31e73553,b82288a857a55720010145904d4021ac
7334,991891968,94400,1,0c871ce3,652e70707400464143453034375f3034
7335,991986368,117248,1,cacbad37,5f616e696d2e70707400464143453034
7336,992103616,53888,1,f7ab8487,8cd8051c634c6dcc31afa0aa275b851e
7337,992157504,960,1,ddb0b974,00000000000000000000000000000000
7338,992158464,17664,1,e0d090c4,02d7cd7a686e60c1b28963839f3a38ec
7339,992176128,10880,1,a770ea14,455a42494e4400000400000040000000
7340,992187008,19712,1,9a10c3a4,a2a352f4e81c2b2452925ca41476f453
7341,992206720,1472,1,020976a5,00000000000000000000000000000000
7342,992208192,28672,1,849d040b,d670c9e4d62a5dca8a8c9cd9add02a3c
7343,992236864,27584,1,157262e6,d670c9e4d62a5dca8a8c9cd9add02a3c
7344,992264448,9984,1,da33de45,420c11a2b6d576b4d05845055d89912f
7345,992274432,2048,0,6295f8ae,00000000000000000000000000000000
