entrada_v,arquivo,codec,chars,texto
19,encount_sotai.mdl,shift_jis,8,オブジェクト03
19,encount_sotai.mdl,shift_jis,6,オブジェクト
19,encount_sotai.mdl,shift_jis,6,オブジェクト
19,encount_sotai.mdl,shift_jis,6,オブジェクト
19,encount_sotai.mdl,shift_jis,6,オブジェクト
19,encount_sotai.mdl,shift_jis,6,オブジェクト
19,encount_sotai.mdl,shift_jis,6,オブジェクト
19,encount_sotai.mdl,shift_jis,6,オブジェクト
19,encount_sotai.mdl,shift_jis,6,オブジェクト
19,encount_sotai.mdl,shift_jis,6,オブジェクト
19,encount_sotai.mdl,shift_jis,6,オブジェクト
19,encount_sotai.mdl,shift_jis,6,オブジェクト
19,encount_sotai.mdl,shift_jis,6,オブジェクト
19,encount_sotai.mdl,shift_jis,6,オブジェクト
19,encount_sotai.mdl,shift_jis,6,オブジェクト
19,encount_sotai.mdl,shift_jis,6,オブジェクト
19,encount_sotai.mdl,shift_jis,6,オブジェクト
19,encount_sotai.mdl,shift_jis,6,オブジェクト
19,encount_sotai.mdl,shift_jis,6,オブジェクト
19,encount_sotai.mdl,shift_jis,6,オブジェクト
19,encount_sotai.mdl,shift_jis,6,オブジェクト
19,encount_sotai.mdl,shift_jis,6,オブジェクト
19,encount_sotai.mdl,shift_jis,6,オブジェクト
19,encount_sotai.mdl,shift_jis,6,オブジェクト
19,encount_sotai.mdl,shift_jis,6,オブジェクト
19,encount_sotai.mdl,shift_jis,6,オブジェクト
19,encount_sotai.mdl,shift_jis,6,オブジェクト
19,encount_sotai.mdl,shift_jis,6,オブジェクト
19,encount_sotai.mdl,shift_jis,6,オブジェクト
19,encount_sotai.mdl,shift_jis,6,オブジェクト
19,encount_sotai.mdl,shift_jis,6,オブジェクト
19,encount_sotai.mdl,shift_jis,6,オブジェクト
19,encount_sotai.mdl,shift_jis,6,オブジェクト
19,encount_sotai.mdl,shift_jis,6,オブジェクト
19,encount_sotai.mdl,shift_jis,6,オブジェクト
19,encount_sotai.mdl,shift_jis,6,オブジェクト
19,encount_sotai.mdl,shift_jis,6,オブジェクト
19,encount_sotai.mdl,shift_jis,6,オブジェクト
19,encount_sotai.mdl,shift_jis,6,オブジェクト
19,encount_sotai.mdl,shift_jis,6,オブジェクト
19,encount_sotai.mdl,shift_jis,6,オブジェクト
19,encount_sotai.mdl,shift_jis,6,オブジェクト
19,encount_sotai.mdl,shift_jis,6,オブジェクト
19,encount_sotai.mdl,shift_jis,6,オブジェクト
19,encount_sotai.mdl,shift_jis,6,オブジェクト
19,encount_sotai.mdl,shift_jis,6,オブジェクト
19,encount_sotai.mdl,shift_jis,6,オブジェクト
19,encount_sotai.mdl,shift_jis,6,オブジェクト
19,encount_sotai.mdl,shift_jis,6,オブジェクト
19,encount_sotai.mdl,shift_jis,6,オブジェクト
19,encount_sotai.mdl,shift_jis,6,オブジェクト
19,encount_sotai.mdl,shift_jis,6,オブジェクト
19,encount_sotai.mdl,shift_jis,6,オブジェクト
19,encount_sotai.mdl,shift_jis,6,オブジェクト
19,encount_sotai.mdl,shift_jis,6,オブジェクト
19,encount_sotai.nod,shift_jis,8,オブジェクト03
19,encount_sotai.nod,shift_jis,8,オブジェクト04
19,encount_sotai.nod,shift_jis,8,オブジェクト05
19,encount_sotai.nod,shift_jis,8,オブジェクト06
19,encount_sotai.nod,shift_jis,8,オブジェクト07
19,encount_sotai.nod,shift_jis,8,オブジェクト08
19,encount_sotai.nod,shift_jis,8,オブジェクト09
19,encount_sotai.nod,shift_jis,8,オブジェクト11
19,encount_sotai.nod,shift_jis,8,オブジェクト12
19,encount_sotai.nod,shift_jis,8,オブジェクト13
19,encount_sotai.nod,shift_jis,8,オブジェクト15
19,encount_sotai.nod,shift_jis,8,オブジェクト16
19,encount_sotai.nod,shift_jis,8,オブジェクト17
19,encount_sotai.nod,shift_jis,8,オブジェクト18
19,encount_sotai.nod,shift_jis,8,オブジェクト19
19,encount_sotai.nod,shift_jis,8,オブジェクト20
19,encount_sotai.nod,shift_jis,8,オブジェクト21
19,encount_sotai.nod,shift_jis,8,オブジェクト22
19,encount_sotai.nod,shift_jis,8,オブジェクト23
19,encount_sotai.nod,shift_jis,8,オブジェクト24
19,encount_sotai.nod,shift_jis,8,オブジェクト25
19,encount_sotai.nod,shift_jis,8,オブジェクト26
19,encount_sotai.nod,shift_jis,8,オブジェクト27
19,encount_sotai.nod,shift_jis,8,オブジェクト28
19,encount_sotai.nod,shift_jis,8,オブジェクト29
19,encount_sotai.nod,shift_jis,8,オブジェクト30
19,encount_sotai.nod,shift_jis,8,オブジェクト31
19,encount_sotai.nod,shift_jis,8,オブジェクト32
19,encount_sotai.nod,shift_jis,8,オブジェクト33
19,encount_sotai.nod,shift_jis,8,オブジェクト34
19,encount_sotai.nod,shift_jis,8,オブジェクト35
19,encount_sotai.nod,shift_jis,8,オブジェクト36
19,encount_sotai.nod,shift_jis,8,オブジェクト37
19,encount_sotai.nod,shift_jis,8,オブジェクト38
19,encount_sotai.nod,shift_jis,8,オブジェクト01
19,encount_sotai.nod,shift_jis,8,オブジェクト02
19,encount_sotai.nod,shift_jis,8,オブジェクト10
19,encount_sotai.nod,shift_jis,8,オブジェクト14
19,encount_sotai.nod,shift_jis,8,オブジェクト39
19,encount_sotai.nod,shift_jis,8,オブジェクト40
19,encount_sotai.nod,shift_jis,8,オブジェクト41
19,encount_sotai.nod,shift_jis,8,オブジェクト42
19,encount_sotai.nod,shift_jis,8,オブジェクト43
19,encount_sotai.nod,shift_jis,8,オブジェクト44
19,encount_sotai.nod,shift_jis,8,オブジェクト45
19,encount_sotai.nod,shift_jis,8,オブジェクト46
19,encount_sotai.nod,shift_jis,8,オブジェクト47
19,encount_sotai.nod,shift_jis,8,オブジェクト48
19,encount_sotai.nod,shift_jis,8,オブジェクト49
19,encount_sotai.nod,shift_jis,8,オブジェクト50
19,encount_sotai.nod,shift_jis,8,オブジェクト51
19,encount_sotai.nod,shift_jis,8,オブジェクト52
19,encount_sotai.nod,shift_jis,8,オブジェクト53
19,encount_sotai.nod,shift_jis,8,オブジェクト54
19,encount_sotai.nod,shift_jis,8,オブジェクト55
19,encount_motion_00.ani,shift_jis,8,オブジェクト03
19,encount_motion_00.ani,shift_jis,8,オブジェクト04
19,encount_motion_00.ani,shift_jis,8,オブジェクト05
19,encount_motion_00.ani,shift_jis,8,オブジェクト06
19,encount_motion_00.ani,shift_jis,8,オブジェクト07
19,encount_motion_00.ani,shift_jis,8,オブジェクト08
19,encount_motion_00.ani,shift_jis,8,オブジェクト09
19,encount_motion_00.ani,shift_jis,8,オブジェクト11
19,encount_motion_00.ani,shift_jis,8,オブジェクト12
19,encount_motion_00.ani,shift_jis,8,オブジェクト13
19,encount_motion_00.ani,shift_jis,8,オブジェクト15
19,encount_motion_00.ani,shift_jis,8,オブジェクト16
19,encount_motion_00.ani,shift_jis,8,オブジェクト17
19,encount_motion_00.ani,shift_jis,8,オブジェクト18
19,encount_motion_00.ani,shift_jis,8,オブジェクト19
19,encount_motion_00.ani,shift_jis,8,オブジェクト20
19,encount_motion_00.ani,shift_jis,8,オブジェクト21
19,encount_motion_00.ani,shift_jis,8,オブジェクト22
19,encount_motion_00.ani,shift_jis,8,オブジェクト23
19,encount_motion_00.ani,shift_jis,8,オブジェクト24
19,encount_motion_00.ani,shift_jis,8,オブジェクト25
19,encount_motion_00.ani,shift_jis,8,オブジェクト26
19,encount_motion_00.ani,shift_jis,8,オブジェクト27
19,encount_motion_00.ani,shift_jis,8,オブジェクト28
19,encount_motion_00.ani,shift_jis,8,オブジェクト29
19,encount_motion_00.ani,shift_jis,8,オブジェクト30
19,encount_motion_00.ani,shift_jis,8,オブジェクト31
19,encount_motion_00.ani,shift_jis,8,オブジェクト32
19,encount_motion_00.ani,shift_jis,8,オブジェクト33
19,encount_motion_00.ani,shift_jis,8,オブジェクト34
19,encount_motion_00.ani,shift_jis,8,オブジェクト35
19,encount_motion_00.ani,shift_jis,8,オブジェクト36
19,encount_motion_00.ani,shift_jis,8,オブジェクト37
19,encount_motion_00.ani,shift_jis,8,オブジェクト38
19,encount_motion_00.ani,shift_jis,8,オブジェクト01
19,encount_motion_00.ani,shift_jis,8,オブジェクト02
19,encount_motion_00.ani,shift_jis,8,オブジェクト10
19,encount_motion_00.ani,shift_jis,8,オブジェクト14
19,encount_motion_00.ani,shift_jis,8,オブジェクト39
19,encount_motion_00.ani,shift_jis,8,オブジェクト40
19,encount_motion_00.ani,shift_jis,8,オブジェクト41
19,encount_motion_00.ani,shift_jis,8,オブジェクト42
19,encount_motion_00.ani,shift_jis,8,オブジェクト43
19,encount_motion_00.ani,shift_jis,8,オブジェクト44
19,encount_motion_00.ani,shift_jis,8,オブジェクト45
19,encount_motion_00.ani,shift_jis,8,オブジェクト46
19,encount_motion_00.ani,shift_jis,8,オブジェクト47
19,encount_motion_00.ani,shift_jis,8,オブジェクト48
19,encount_motion_00.ani,shift_jis,8,オブジェクト49
19,encount_motion_00.ani,shift_jis,8,オブジェクト50
19,encount_motion_00.ani,shift_jis,8,オブジェクト51
19,encount_motion_00.ani,shift_jis,8,オブジェクト52
19,encount_motion_00.ani,shift_jis,8,オブジェクト53
19,encount_motion_00.ani,shift_jis,8,オブジェクト54
19,encount_motion_00.ani,shift_jis,8,オブジェクト55
19,encount_motion_01.ani,shift_jis,8,オブジェクト03
19,encount_motion_01.ani,shift_jis,8,オブジェクト04
19,encount_motion_01.ani,shift_jis,8,オブジェクト05
19,encount_motion_01.ani,shift_jis,8,オブジェクト06
19,encount_motion_01.ani,shift_jis,8,オブジェクト07
19,encount_motion_01.ani,shift_jis,8,オブジェクト08
19,encount_motion_01.ani,shift_jis,8,オブジェクト09
19,encount_motion_01.ani,shift_jis,8,オブジェクト11
19,encount_motion_01.ani,shift_jis,8,オブジェクト12
19,encount_motion_01.ani,shift_jis,8,オブジェクト13
19,encount_motion_01.ani,shift_jis,8,オブジェクト15
19,encount_motion_01.ani,shift_jis,8,オブジェクト16
19,encount_motion_01.ani,shift_jis,8,オブジェクト17
19,encount_motion_01.ani,shift_jis,8,オブジェクト18
19,encount_motion_01.ani,shift_jis,8,オブジェクト19
19,encount_motion_01.ani,shift_jis,8,オブジェクト20
19,encount_motion_01.ani,shift_jis,8,オブジェクト21
19,encount_motion_01.ani,shift_jis,8,オブジェクト22
19,encount_motion_01.ani,shift_jis,8,オブジェクト23
19,encount_motion_01.ani,shift_jis,8,オブジェクト24
19,encount_motion_01.ani,shift_jis,8,オブジェクト25
19,encount_motion_01.ani,shift_jis,8,オブジェクト26
19,encount_motion_01.ani,shift_jis,8,オブジェクト27
19,encount_motion_01.ani,shift_jis,8,オブジェクト28
19,encount_motion_01.ani,shift_jis,8,オブジェクト29
19,encount_motion_01.ani,shift_jis,8,オブジェクト30
19,encount_motion_01.ani,shift_jis,8,オブジェクト31
19,encount_motion_01.ani,shift_jis,8,オブジェクト32
19,encount_motion_01.ani,shift_jis,8,オブジェクト33
19,encount_motion_01.ani,shift_jis,8,オブジェクト34
19,encount_motion_01.ani,shift_jis,8,オブジェクト35
19,encount_motion_01.ani,shift_jis,8,オブジェクト36
19,encount_motion_01.ani,shift_jis,8,オブジェクト37
19,encount_motion_01.ani,shift_jis,8,オブジェクト38
19,encount_motion_01.ani,shift_jis,8,オブジェクト01
19,encount_motion_01.ani,shift_jis,8,オブジェクト02
19,encount_motion_01.ani,shift_jis,8,オブジェクト10
19,encount_motion_01.ani,shift_jis,8,オブジェクト14
19,encount_motion_01.ani,shift_jis,8,オブジェクト39
19,encount_motion_01.ani,shift_jis,8,オブジェクト40
19,encount_motion_01.ani,shift_jis,8,オブジェクト41
19,encount_motion_01.ani,shift_jis,8,オブジェクト42
19,encount_motion_01.ani,shift_jis,8,オブジェクト43
19,encount_motion_01.ani,shift_jis,8,オブジェクト44
19,encount_motion_01.ani,shift_jis,8,オブジェクト45
19,encount_motion_01.ani,shift_jis,8,オブジェクト46
19,encount_motion_01.ani,shift_jis,8,オブジェクト47
19,encount_motion_01.ani,shift_jis,8,オブジェクト48
19,encount_motion_01.ani,shift_jis,8,オブジェクト49
19,encount_motion_01.ani,shift_jis,8,オブジェクト50
19,encount_motion_01.ani,shift_jis,8,オブジェクト51
19,encount_motion_01.ani,shift_jis,8,オブジェクト52
19,encount_motion_01.ani,shift_jis,8,オブジェクト53
19,encount_motion_01.ani,shift_jis,8,オブジェクト54
19,encount_motion_01.ani,shift_jis,8,オブジェクト55
22,se_mev00_020_00001.mid,shift_jis,4,デバイス
344,arm_m_16a.ppt,euc_jp,7,いいい烽栩杞
428,arm_w_16a.ppt,euc_jp,7,いいい烽栩杞
546,armor_w_57c.ppt,shift_jis,4,ャナャヮ
1360,wpn_sword40b.ppt,euc_jp,8,j陰いいいいいば
1418,d011_bt19r.ppt,euc_jp,4,ゥゥイい
1420,d12b02_05.ppt,euc_jp,4,ヒぃぃヰ
1424,cl002.ppt,euc_jp,5,ゥゥゥ`哥
2071,B2F.ppt,euc_jp,9,ぅゥイぎいXiS
2071,B2F.ppt,euc_jp,4,ゥいぎい
2071,B2F.ppt,euc_jp,4,いいぎね
2777,mcbst013_00.ani,shift_jis,8,オブジェクト01
2821,M_I01enm060z.ppt,euc_jp,4,いイゥィ
3143,larme.mdl,shift_jis,6,オブジェクト
3143,larme.mdl,shift_jis,6,オブジェクト
3143,larme.mdl,shift_jis,6,オブジェクト
3143,larme.nod,shift_jis,8,オブジェクト01
3143,larme.nod,shift_jis,8,オブジェクト05
3143,larme.nod,shift_jis,8,オブジェクト04
3165,bst010_15.ani,shift_jis,8,オブジェクト01
3234,M_I01enm060z.ppt,euc_jp,4,いイゥィ
3291,jujisyo.mdl,shift_jis,6,オブジェクト
3291,jujisyo.mdl,shift_jis,6,オブジェクト
3291,jujisyo.mdl,shift_jis,6,オブジェクト
3291,jujisyo.nod,shift_jis,8,オブジェクト01
3291,jujisyo.nod,shift_jis,8,オブジェクト05
3291,jujisyo.nod,shift_jis,8,オブジェクト04
3330,cJudas_Majinrengokusatsu_0.zqe,euc_jp,8,チガ　チヲコバム
3330,cJudas_Majinrengokusatsu_0.zqe,euc_jp,12,ココロガ　ココロヲクダク
3330,cJudas_Majinrengokusatsu_0.zqe,euc_jp,12,ココロガ　ココロヲクダク
3330,cJudas_Majinrengokusatsu_0.zqe,euc_jp,10,キセキハオトズレナイ
3330,cJudas_Majinrengokusatsu_0.zqe,euc_jp,7,ユメナド・・・
3330,cJudas_Majinrengokusatsu_0.zqe,euc_jp,15,ソコニハソンザイシナイノダカラ
3330,cJudas_Majinrengokusatsu_0.zqe,euc_jp,6,アラガウカ！
3497,richter_caliber_06_sotai.mdl,shift_jis,6,オブジェクト
3497,richter_caliber_06_sotai.nod,shift_jis,8,オブジェクト01
3499,ricardo_sickle_05.ppt,euc_jp,5,ゥゥいゥう
3529,larme.mdl,shift_jis,6,オブジェクト
3529,larme.mdl,shift_jis,6,オブジェクト
3529,larme.mdl,shift_jis,6,オブジェクト
3529,larme.nod,shift_jis,8,オブジェクト01
3529,larme.nod,shift_jis,8,オブジェクト05
3529,larme.nod,shift_jis,8,オブジェクト04
3531,larme.mdl,shift_jis,6,オブジェクト
3531,larme.mdl,shift_jis,6,オブジェクト
3531,larme.mdl,shift_jis,6,オブジェクト
3531,larme.nod,shift_jis,8,オブジェクト01
3531,larme.nod,shift_jis,8,オブジェクト05
3531,larme.nod,shift_jis,8,オブジェクト04
3537,larme.mdl,shift_jis,6,オブジェクト
3537,larme.mdl,shift_jis,6,オブジェクト
3537,larme.mdl,shift_jis,6,オブジェクト
3537,larme.nod,shift_jis,8,オブジェクト01
3537,larme.nod,shift_jis,8,オブジェクト05
3537,larme.nod,shift_jis,8,オブジェクト04
3557,encount_sotai.mdl,shift_jis,8,オブジェクト03
3557,encount_sotai.mdl,shift_jis,6,オブジェクト
3557,encount_sotai.mdl,shift_jis,6,オブジェクト
3557,encount_sotai.mdl,shift_jis,6,オブジェクト
3557,encount_sotai.mdl,shift_jis,6,オブジェクト
3557,encount_sotai.mdl,shift_jis,6,オブジェクト
3557,encount_sotai.mdl,shift_jis,6,オブジェクト
3557,encount_sotai.mdl,shift_jis,6,オブジェクト
3557,encount_sotai.mdl,shift_jis,6,オブジェクト
3557,encount_sotai.mdl,shift_jis,6,オブジェクト
3557,encount_sotai.mdl,shift_jis,6,オブジェクト
3557,encount_sotai.mdl,shift_jis,6,オブジェクト
3557,encount_sotai.mdl,shift_jis,6,オブジェクト
3557,encount_sotai.mdl,shift_jis,6,オブジェクト
3557,encount_sotai.mdl,shift_jis,6,オブジェクト
3557,encount_sotai.mdl,shift_jis,6,オブジェクト
3557,encount_sotai.mdl,shift_jis,6,オブジェクト
3557,encount_sotai.mdl,shift_jis,6,オブジェクト
3557,encount_sotai.mdl,shift_jis,6,オブジェクト
3557,encount_sotai.mdl,shift_jis,6,オブジェクト
3557,encount_sotai.mdl,shift_jis,6,オブジェクト
3557,encount_sotai.mdl,shift_jis,6,オブジェクト
3557,encount_sotai.mdl,shift_jis,6,オブジェクト
3557,encount_sotai.mdl,shift_jis,6,オブジェクト
3557,encount_sotai.mdl,shift_jis,6,オブジェクト
3557,encount_sotai.mdl,shift_jis,6,オブジェクト
3557,encount_sotai.mdl,shift_jis,6,オブジェクト
3557,encount_sotai.mdl,shift_jis,6,オブジェクト
3557,encount_sotai.mdl,shift_jis,6,オブジェクト
3557,encount_sotai.mdl,shift_jis,6,オブジェクト
3557,encount_sotai.mdl,shift_jis,6,オブジェクト
3557,encount_sotai.mdl,shift_jis,6,オブジェクト
3557,encount_sotai.mdl,shift_jis,6,オブジェクト
3557,encount_sotai.mdl,shift_jis,6,オブジェクト
3557,encount_sotai.mdl,shift_jis,6,オブジェクト
3557,encount_sotai.mdl,shift_jis,6,オブジェクト
3557,encount_sotai.mdl,shift_jis,6,オブジェクト
3557,encount_sotai.mdl,shift_jis,6,オブジェクト
3557,encount_sotai.mdl,shift_jis,6,オブジェクト
3557,encount_sotai.mdl,shift_jis,6,オブジェクト
3557,encount_sotai.mdl,shift_jis,6,オブジェクト
3557,encount_sotai.mdl,shift_jis,6,オブジェクト
3557,encount_sotai.mdl,shift_jis,6,オブジェクト
3557,encount_sotai.mdl,shift_jis,6,オブジェクト
3557,encount_sotai.mdl,shift_jis,6,オブジェクト
3557,encount_sotai.mdl,shift_jis,6,オブジェクト
3557,encount_sotai.mdl,shift_jis,6,オブジェクト
3557,encount_sotai.mdl,shift_jis,6,オブジェクト
3557,encount_sotai.mdl,shift_jis,6,オブジェクト
3557,encount_sotai.mdl,shift_jis,6,オブジェクト
3557,encount_sotai.mdl,shift_jis,6,オブジェクト
3557,encount_sotai.mdl,shift_jis,6,オブジェクト
3557,encount_sotai.mdl,shift_jis,6,オブジェクト
3557,encount_sotai.mdl,shift_jis,6,オブジェクト
3557,encount_sotai.mdl,shift_jis,6,オブジェクト
3557,encount_sotai.nod,shift_jis,8,オブジェクト03
3557,encount_sotai.nod,shift_jis,8,オブジェクト04
3557,encount_sotai.nod,shift_jis,8,オブジェクト05
3557,encount_sotai.nod,shift_jis,8,オブジェクト06
3557,encount_sotai.nod,shift_jis,8,オブジェクト07
3557,encount_sotai.nod,shift_jis,8,オブジェクト08
3557,encount_sotai.nod,shift_jis,8,オブジェクト09
3557,encount_sotai.nod,shift_jis,8,オブジェクト11
3557,encount_sotai.nod,shift_jis,8,オブジェクト12
3557,encount_sotai.nod,shift_jis,8,オブジェクト13
3557,encount_sotai.nod,shift_jis,8,オブジェクト15
3557,encount_sotai.nod,shift_jis,8,オブジェクト16
3557,encount_sotai.nod,shift_jis,8,オブジェクト17
3557,encount_sotai.nod,shift_jis,8,オブジェクト18
3557,encount_sotai.nod,shift_jis,8,オブジェクト19
3557,encount_sotai.nod,shift_jis,8,オブジェクト20
3557,encount_sotai.nod,shift_jis,8,オブジェクト21
3557,encount_sotai.nod,shift_jis,8,オブジェクト22
3557,encount_sotai.nod,shift_jis,8,オブジェクト23
3557,encount_sotai.nod,shift_jis,8,オブジェクト24
3557,encount_sotai.nod,shift_jis,8,オブジェクト25
3557,encount_sotai.nod,shift_jis,8,オブジェクト26
3557,encount_sotai.nod,shift_jis,8,オブジェクト27
3557,encount_sotai.nod,shift_jis,8,オブジェクト28
3557,encount_sotai.nod,shift_jis,8,オブジェクト29
3557,encount_sotai.nod,shift_jis,8,オブジェクト30
3557,encount_sotai.nod,shift_jis,8,オブジェクト31
3557,encount_sotai.nod,shift_jis,8,オブジェクト32
3557,encount_sotai.nod,shift_jis,8,オブジェクト33
3557,encount_sotai.nod,shift_jis,8,オブジェクト34
3557,encount_sotai.nod,shift_jis,8,オブジェクト35
3557,encount_sotai.nod,shift_jis,8,オブジェクト36
3557,encount_sotai.nod,shift_jis,8,オブジェクト37
3557,encount_sotai.nod,shift_jis,8,オブジェクト38
3557,encount_sotai.nod,shift_jis,8,オブジェクト01
3557,encount_sotai.nod,shift_jis,8,オブジェクト02
3557,encount_sotai.nod,shift_jis,8,オブジェクト10
3557,encount_sotai.nod,shift_jis,8,オブジェクト14
3557,encount_sotai.nod,shift_jis,8,オブジェクト39
3557,encount_sotai.nod,shift_jis,8,オブジェクト40
3557,encount_sotai.nod,shift_jis,8,オブジェクト41
3557,encount_sotai.nod,shift_jis,8,オブジェクト42
3557,encount_sotai.nod,shift_jis,8,オブジェクト43
3557,encount_sotai.nod,shift_jis,8,オブジェクト44
3557,encount_sotai.nod,shift_jis,8,オブジェクト45
3557,encount_sotai.nod,shift_jis,8,オブジェクト46
3557,encount_sotai.nod,shift_jis,8,オブジェクト47
3557,encount_sotai.nod,shift_jis,8,オブジェクト48
3557,encount_sotai.nod,shift_jis,8,オブジェクト49
3557,encount_sotai.nod,shift_jis,8,オブジェクト50
3557,encount_sotai.nod,shift_jis,8,オブジェクト51
3557,encount_sotai.nod,shift_jis,8,オブジェクト52
3557,encount_sotai.nod,shift_jis,8,オブジェクト53
3557,encount_sotai.nod,shift_jis,8,オブジェクト54
3557,encount_sotai.nod,shift_jis,8,オブジェクト55
3557,encount_motion_00.ani,shift_jis,8,オブジェクト03
3557,encount_motion_00.ani,shift_jis,8,オブジェクト04
3557,encount_motion_00.ani,shift_jis,8,オブジェクト05
3557,encount_motion_00.ani,shift_jis,8,オブジェクト06
3557,encount_motion_00.ani,shift_jis,8,オブジェクト07
3557,encount_motion_00.ani,shift_jis,8,オブジェクト08
3557,encount_motion_00.ani,shift_jis,8,オブジェクト09
3557,encount_motion_00.ani,shift_jis,8,オブジェクト11
3557,encount_motion_00.ani,shift_jis,8,オブジェクト12
3557,encount_motion_00.ani,shift_jis,8,オブジェクト13
3557,encount_motion_00.ani,shift_jis,8,オブジェクト15
3557,encount_motion_00.ani,shift_jis,8,オブジェクト16
3557,encount_motion_00.ani,shift_jis,8,オブジェクト17
3557,encount_motion_00.ani,shift_jis,8,オブジェクト18
3557,encount_motion_00.ani,shift_jis,8,オブジェクト19
3557,encount_motion_00.ani,shift_jis,8,オブジェクト20
3557,encount_motion_00.ani,shift_jis,8,オブジェクト21
3557,encount_motion_00.ani,shift_jis,8,オブジェクト22
3557,encount_motion_00.ani,shift_jis,8,オブジェクト23
3557,encount_motion_00.ani,shift_jis,8,オブジェクト24
3557,encount_motion_00.ani,shift_jis,8,オブジェクト25
3557,encount_motion_00.ani,shift_jis,8,オブジェクト26
3557,encount_motion_00.ani,shift_jis,8,オブジェクト27
3557,encount_motion_00.ani,shift_jis,8,オブジェクト28
3557,encount_motion_00.ani,shift_jis,8,オブジェクト29
3557,encount_motion_00.ani,shift_jis,8,オブジェクト30
3557,encount_motion_00.ani,shift_jis,8,オブジェクト31
3557,encount_motion_00.ani,shift_jis,8,オブジェクト32
3557,encount_motion_00.ani,shift_jis,8,オブジェクト33
3557,encount_motion_00.ani,shift_jis,8,オブジェクト34
3557,encount_motion_00.ani,shift_jis,8,オブジェクト35
3557,encount_motion_00.ani,shift_jis,8,オブジェクト36
3557,encount_motion_00.ani,shift_jis,8,オブジェクト37
3557,encount_motion_00.ani,shift_jis,8,オブジェクト38
3557,encount_motion_00.ani,shift_jis,8,オブジェクト01
3557,encount_motion_00.ani,shift_jis,8,オブジェクト02
3557,encount_motion_00.ani,shift_jis,8,オブジェクト10
3557,encount_motion_00.ani,shift_jis,8,オブジェクト14
3557,encount_motion_00.ani,shift_jis,8,オブジェクト39
3557,encount_motion_00.ani,shift_jis,8,オブジェクト40
3557,encount_motion_00.ani,shift_jis,8,オブジェクト41
3557,encount_motion_00.ani,shift_jis,8,オブジェクト42
3557,encount_motion_00.ani,shift_jis,8,オブジェクト43
3557,encount_motion_00.ani,shift_jis,8,オブジェクト44
3557,encount_motion_00.ani,shift_jis,8,オブジェクト45
3557,encount_motion_00.ani,shift_jis,8,オブジェクト46
3557,encount_motion_00.ani,shift_jis,8,オブジェクト47
3557,encount_motion_00.ani,shift_jis,8,オブジェクト48
3557,encount_motion_00.ani,shift_jis,8,オブジェクト49
3557,encount_motion_00.ani,shift_jis,8,オブジェクト50
3557,encount_motion_00.ani,shift_jis,8,オブジェクト51
3557,encount_motion_00.ani,shift_jis,8,オブジェクト52
3557,encount_motion_00.ani,shift_jis,8,オブジェクト53
3557,encount_motion_00.ani,shift_jis,8,オブジェクト54
3557,encount_motion_00.ani,shift_jis,8,オブジェクト55
3557,encount_motion_01.ani,shift_jis,8,オブジェクト03
3557,encount_motion_01.ani,shift_jis,8,オブジェクト04
3557,encount_motion_01.ani,shift_jis,8,オブジェクト05
3557,encount_motion_01.ani,shift_jis,8,オブジェクト06
3557,encount_motion_01.ani,shift_jis,8,オブジェクト07
3557,encount_motion_01.ani,shift_jis,8,オブジェクト08
3557,encount_motion_01.ani,shift_jis,8,オブジェクト09
3557,encount_motion_01.ani,shift_jis,8,オブジェクト11
3557,encount_motion_01.ani,shift_jis,8,オブジェクト12
3557,encount_motion_01.ani,shift_jis,8,オブジェクト13
3557,encount_motion_01.ani,shift_jis,8,オブジェクト15
3557,encount_motion_01.ani,shift_jis,8,オブジェクト16
3557,encount_motion_01.ani,shift_jis,8,オブジェクト17
3557,encount_motion_01.ani,shift_jis,8,オブジェクト18
3557,encount_motion_01.ani,shift_jis,8,オブジェクト19
3557,encount_motion_01.ani,shift_jis,8,オブジェクト20
3557,encount_motion_01.ani,shift_jis,8,オブジェクト21
3557,encount_motion_01.ani,shift_jis,8,オブジェクト22
3557,encount_motion_01.ani,shift_jis,8,オブジェクト23
3557,encount_motion_01.ani,shift_jis,8,オブジェクト24
3557,encount_motion_01.ani,shift_jis,8,オブジェクト25
3557,encount_motion_01.ani,shift_jis,8,オブジェクト26
3557,encount_motion_01.ani,shift_jis,8,オブジェクト27
3557,encount_motion_01.ani,shift_jis,8,オブジェクト28
3557,encount_motion_01.ani,shift_jis,8,オブジェクト29
3557,encount_motion_01.ani,shift_jis,8,オブジェクト30
3557,encount_motion_01.ani,shift_jis,8,オブジェクト31
3557,encount_motion_01.ani,shift_jis,8,オブジェクト32
3557,encount_motion_01.ani,shift_jis,8,オブジェクト33
3557,encount_motion_01.ani,shift_jis,8,オブジェクト34
3557,encount_motion_01.ani,shift_jis,8,オブジェクト35
3557,encount_motion_01.ani,shift_jis,8,オブジェクト36
3557,encount_motion_01.ani,shift_jis,8,オブジェクト37
3557,encount_motion_01.ani,shift_jis,8,オブジェクト38
3557,encount_motion_01.ani,shift_jis,8,オブジェクト01
3557,encount_motion_01.ani,shift_jis,8,オブジェクト02
3557,encount_motion_01.ani,shift_jis,8,オブジェクト10
3557,encount_motion_01.ani,shift_jis,8,オブジェクト14
3557,encount_motion_01.ani,shift_jis,8,オブジェクト39
3557,encount_motion_01.ani,shift_jis,8,オブジェクト40
3557,encount_motion_01.ani,shift_jis,8,オブジェクト41
3557,encount_motion_01.ani,shift_jis,8,オブジェクト42
3557,encount_motion_01.ani,shift_jis,8,オブジェクト43
3557,encount_motion_01.ani,shift_jis,8,オブジェクト44
3557,encount_motion_01.ani,shift_jis,8,オブジェクト45
3557,encount_motion_01.ani,shift_jis,8,オブジェクト46
3557,encount_motion_01.ani,shift_jis,8,オブジェクト47
3557,encount_motion_01.ani,shift_jis,8,オブジェクト48
3557,encount_motion_01.ani,shift_jis,8,オブジェクト49
3557,encount_motion_01.ani,shift_jis,8,オブジェクト50
3557,encount_motion_01.ani,shift_jis,8,オブジェクト51
3557,encount_motion_01.ani,shift_jis,8,オブジェクト52
3557,encount_motion_01.ani,shift_jis,8,オブジェクト53
3557,encount_motion_01.ani,shift_jis,8,オブジェクト54
3557,encount_motion_01.ani,shift_jis,8,オブジェクト55
3558,encount_sotai.mdl,shift_jis,8,オブジェクト03
3558,encount_sotai.mdl,shift_jis,6,オブジェクト
3558,encount_sotai.mdl,shift_jis,6,オブジェクト
3558,encount_sotai.mdl,shift_jis,6,オブジェクト
3558,encount_sotai.mdl,shift_jis,6,オブジェクト
3558,encount_sotai.mdl,shift_jis,6,オブジェクト
3558,encount_sotai.mdl,shift_jis,6,オブジェクト
3558,encount_sotai.mdl,shift_jis,6,オブジェクト
3558,encount_sotai.mdl,shift_jis,6,オブジェクト
3558,encount_sotai.mdl,shift_jis,6,オブジェクト
3558,encount_sotai.mdl,shift_jis,6,オブジェクト
3558,encount_sotai.mdl,shift_jis,6,オブジェクト
3558,encount_sotai.mdl,shift_jis,6,オブジェクト
3558,encount_sotai.mdl,shift_jis,6,オブジェクト
3558,encount_sotai.mdl,shift_jis,6,オブジェクト
3558,encount_sotai.mdl,shift_jis,6,オブジェクト
3558,encount_sotai.mdl,shift_jis,6,オブジェクト
3558,encount_sotai.mdl,shift_jis,6,オブジェクト
3558,encount_sotai.mdl,shift_jis,6,オブジェクト
3558,encount_sotai.mdl,shift_jis,6,オブジェクト
3558,encount_sotai.mdl,shift_jis,6,オブジェクト
3558,encount_sotai.mdl,shift_jis,6,オブジェクト
3558,encount_sotai.mdl,shift_jis,6,オブジェクト
3558,encount_sotai.mdl,shift_jis,6,オブジェクト
3558,encount_sotai.mdl,shift_jis,6,オブジェクト
3558,encount_sotai.mdl,shift_jis,6,オブジェクト
3558,encount_sotai.mdl,shift_jis,6,オブジェクト
3558,encount_sotai.mdl,shift_jis,6,オブジェクト
3558,encount_sotai.mdl,shift_jis,6,オブジェクト
3558,encount_sotai.mdl,shift_jis,6,オブジェクト
3558,encount_sotai.mdl,shift_jis,6,オブジェクト
3558,encount_sotai.mdl,shift_jis,6,オブジェクト
3558,encount_sotai.mdl,shift_jis,6,オブジェクト
3558,encount_sotai.mdl,shift_jis,6,オブジェクト
3558,encount_sotai.mdl,shift_jis,6,オブジェクト
3558,encount_sotai.mdl,shift_jis,6,オブジェクト
3558,encount_sotai.mdl,shift_jis,6,オブジェクト
3558,encount_sotai.mdl,shift_jis,6,オブジェクト
3558,encount_sotai.mdl,shift_jis,6,オブジェクト
3558,encount_sotai.mdl,shift_jis,6,オブジェクト
3558,encount_sotai.mdl,shift_jis,6,オブジェクト
3558,encount_sotai.mdl,shift_jis,6,オブジェクト
3558,encount_sotai.mdl,shift_jis,6,オブジェクト
3558,encount_sotai.mdl,shift_jis,6,オブジェクト
3558,encount_sotai.mdl,shift_jis,6,オブジェクト
3558,encount_sotai.mdl,shift_jis,6,オブジェクト
3558,encount_sotai.mdl,shift_jis,6,オブジェクト
3558,encount_sotai.mdl,shift_jis,6,オブジェクト
3558,encount_sotai.mdl,shift_jis,6,オブジェクト
3558,encount_sotai.mdl,shift_jis,6,オブジェクト
3558,encount_sotai.mdl,shift_jis,6,オブジェクト
3558,encount_sotai.mdl,shift_jis,6,オブジェクト
3558,encount_sotai.mdl,shift_jis,6,オブジェクト
3558,encount_sotai.mdl,shift_jis,6,オブジェクト
3558,encount_sotai.mdl,shift_jis,6,オブジェクト
3558,encount_sotai.nod,shift_jis,8,オブジェクト03
3558,encount_sotai.nod,shift_jis,8,オブジェクト04
3558,encount_sotai.nod,shift_jis,8,オブジェクト05
3558,encount_sotai.nod,shift_jis,8,オブジェクト06
3558,encount_sotai.nod,shift_jis,8,オブジェクト07
3558,encount_sotai.nod,shift_jis,8,オブジェクト08
3558,encount_sotai.nod,shift_jis,8,オブジェクト09
3558,encount_sotai.nod,shift_jis,8,オブジェクト11
3558,encount_sotai.nod,shift_jis,8,オブジェクト12
3558,encount_sotai.nod,shift_jis,8,オブジェクト13
3558,encount_sotai.nod,shift_jis,8,オブジェクト15
3558,encount_sotai.nod,shift_jis,8,オブジェクト16
3558,encount_sotai.nod,shift_jis,8,オブジェクト17
3558,encount_sotai.nod,shift_jis,8,オブジェクト18
3558,encount_sotai.nod,shift_jis,8,オブジェクト19
3558,encount_sotai.nod,shift_jis,8,オブジェクト20
3558,encount_sotai.nod,shift_jis,8,オブジェクト21
3558,encount_sotai.nod,shift_jis,8,オブジェクト22
3558,encount_sotai.nod,shift_jis,8,オブジェクト23
3558,encount_sotai.nod,shift_jis,8,オブジェクト24
3558,encount_sotai.nod,shift_jis,8,オブジェクト25
3558,encount_sotai.nod,shift_jis,8,オブジェクト26
3558,encount_sotai.nod,shift_jis,8,オブジェクト27
3558,encount_sotai.nod,shift_jis,8,オブジェクト28
3558,encount_sotai.nod,shift_jis,8,オブジェクト29
3558,encount_sotai.nod,shift_jis,8,オブジェクト30
3558,encount_sotai.nod,shift_jis,8,オブジェクト31
3558,encount_sotai.nod,shift_jis,8,オブジェクト32
3558,encount_sotai.nod,shift_jis,8,オブジェクト33
3558,encount_sotai.nod,shift_jis,8,オブジェクト34
3558,encount_sotai.nod,shift_jis,8,オブジェクト35
3558,encount_sotai.nod,shift_jis,8,オブジェクト36
3558,encount_sotai.nod,shift_jis,8,オブジェクト37
3558,encount_sotai.nod,shift_jis,8,オブジェクト38
3558,encount_sotai.nod,shift_jis,8,オブジェクト01
3558,encount_sotai.nod,shift_jis,8,オブジェクト02
3558,encount_sotai.nod,shift_jis,8,オブジェクト10
3558,encount_sotai.nod,shift_jis,8,オブジェクト14
3558,encount_sotai.nod,shift_jis,8,オブジェクト39
3558,encount_sotai.nod,shift_jis,8,オブジェクト40
3558,encount_sotai.nod,shift_jis,8,オブジェクト41
3558,encount_sotai.nod,shift_jis,8,オブジェクト42
3558,encount_sotai.nod,shift_jis,8,オブジェクト43
3558,encount_sotai.nod,shift_jis,8,オブジェクト44
3558,encount_sotai.nod,shift_jis,8,オブジェクト45
3558,encount_sotai.nod,shift_jis,8,オブジェクト46
3558,encount_sotai.nod,shift_jis,8,オブジェクト47
3558,encount_sotai.nod,shift_jis,8,オブジェクト48
3558,encount_sotai.nod,shift_jis,8,オブジェクト49
3558,encount_sotai.nod,shift_jis,8,オブジェクト50
3558,encount_sotai.nod,shift_jis,8,オブジェクト51
3558,encount_sotai.nod,shift_jis,8,オブジェクト52
3558,encount_sotai.nod,shift_jis,8,オブジェクト53
3558,encount_sotai.nod,shift_jis,8,オブジェクト54
3558,encount_sotai.nod,shift_jis,8,オブジェクト55
3558,encount_motion_00.ani,shift_jis,8,オブジェクト03
3558,encount_motion_00.ani,shift_jis,8,オブジェクト04
3558,encount_motion_00.ani,shift_jis,8,オブジェクト05
3558,encount_motion_00.ani,shift_jis,8,オブジェクト06
3558,encount_motion_00.ani,shift_jis,8,オブジェクト07
3558,encount_motion_00.ani,shift_jis,8,オブジェクト08
3558,encount_motion_00.ani,shift_jis,8,オブジェクト09
3558,encount_motion_00.ani,shift_jis,8,オブジェクト11
3558,encount_motion_00.ani,shift_jis,8,オブジェクト12
3558,encount_motion_00.ani,shift_jis,8,オブジェクト13
3558,encount_motion_00.ani,shift_jis,8,オブジェクト15
3558,encount_motion_00.ani,shift_jis,8,オブジェクト16
3558,encount_motion_00.ani,shift_jis,8,オブジェクト17
3558,encount_motion_00.ani,shift_jis,8,オブジェクト18
3558,encount_motion_00.ani,shift_jis,8,オブジェクト19
3558,encount_motion_00.ani,shift_jis,8,オブジェクト20
3558,encount_motion_00.ani,shift_jis,8,オブジェクト21
3558,encount_motion_00.ani,shift_jis,8,オブジェクト22
3558,encount_motion_00.ani,shift_jis,8,オブジェクト23
3558,encount_motion_00.ani,shift_jis,8,オブジェクト24
3558,encount_motion_00.ani,shift_jis,8,オブジェクト25
3558,encount_motion_00.ani,shift_jis,8,オブジェクト26
3558,encount_motion_00.ani,shift_jis,8,オブジェクト27
3558,encount_motion_00.ani,shift_jis,8,オブジェクト28
3558,encount_motion_00.ani,shift_jis,8,オブジェクト29
3558,encount_motion_00.ani,shift_jis,8,オブジェクト30
3558,encount_motion_00.ani,shift_jis,8,オブジェクト31
3558,encount_motion_00.ani,shift_jis,8,オブジェクト32
3558,encount_motion_00.ani,shift_jis,8,オブジェクト33
3558,encount_motion_00.ani,shift_jis,8,オブジェクト34
3558,encount_motion_00.ani,shift_jis,8,オブジェクト35
3558,encount_motion_00.ani,shift_jis,8,オブジェクト36
3558,encount_motion_00.ani,shift_jis,8,オブジェクト37
3558,encount_motion_00.ani,shift_jis,8,オブジェクト38
3558,encount_motion_00.ani,shift_jis,8,オブジェクト01
3558,encount_motion_00.ani,shift_jis,8,オブジェクト02
3558,encount_motion_00.ani,shift_jis,8,オブジェクト10
3558,encount_motion_00.ani,shift_jis,8,オブジェクト14
3558,encount_motion_00.ani,shift_jis,8,オブジェクト39
3558,encount_motion_00.ani,shift_jis,8,オブジェクト40
3558,encount_motion_00.ani,shift_jis,8,オブジェクト41
3558,encount_motion_00.ani,shift_jis,8,オブジェクト42
3558,encount_motion_00.ani,shift_jis,8,オブジェクト43
3558,encount_motion_00.ani,shift_jis,8,オブジェクト44
3558,encount_motion_00.ani,shift_jis,8,オブジェクト45
3558,encount_motion_00.ani,shift_jis,8,オブジェクト46
3558,encount_motion_00.ani,shift_jis,8,オブジェクト47
3558,encount_motion_00.ani,shift_jis,8,オブジェクト48
3558,encount_motion_00.ani,shift_jis,8,オブジェクト49
3558,encount_motion_00.ani,shift_jis,8,オブジェクト50
3558,encount_motion_00.ani,shift_jis,8,オブジェクト51
3558,encount_motion_00.ani,shift_jis,8,オブジェクト52
3558,encount_motion_00.ani,shift_jis,8,オブジェクト53
3558,encount_motion_00.ani,shift_jis,8,オブジェクト54
3558,encount_motion_00.ani,shift_jis,8,オブジェクト55
3558,encount_motion_01.ani,shift_jis,8,オブジェクト03
3558,encount_motion_01.ani,shift_jis,8,オブジェクト04
3558,encount_motion_01.ani,shift_jis,8,オブジェクト05
3558,encount_motion_01.ani,shift_jis,8,オブジェクト06
3558,encount_motion_01.ani,shift_jis,8,オブジェクト07
3558,encount_motion_01.ani,shift_jis,8,オブジェクト08
3558,encount_motion_01.ani,shift_jis,8,オブジェクト09
3558,encount_motion_01.ani,shift_jis,8,オブジェクト11
3558,encount_motion_01.ani,shift_jis,8,オブジェクト12
3558,encount_motion_01.ani,shift_jis,8,オブジェクト13
3558,encount_motion_01.ani,shift_jis,8,オブジェクト15
3558,encount_motion_01.ani,shift_jis,8,オブジェクト16
3558,encount_motion_01.ani,shift_jis,8,オブジェクト17
3558,encount_motion_01.ani,shift_jis,8,オブジェクト18
3558,encount_motion_01.ani,shift_jis,8,オブジェクト19
3558,encount_motion_01.ani,shift_jis,8,オブジェクト20
3558,encount_motion_01.ani,shift_jis,8,オブジェクト21
3558,encount_motion_01.ani,shift_jis,8,オブジェクト22
3558,encount_motion_01.ani,shift_jis,8,オブジェクト23
3558,encount_motion_01.ani,shift_jis,8,オブジェクト24
3558,encount_motion_01.ani,shift_jis,8,オブジェクト25
3558,encount_motion_01.ani,shift_jis,8,オブジェクト26
3558,encount_motion_01.ani,shift_jis,8,オブジェクト27
3558,encount_motion_01.ani,shift_jis,8,オブジェクト28
3558,encount_motion_01.ani,shift_jis,8,オブジェクト29
3558,encount_motion_01.ani,shift_jis,8,オブジェクト30
3558,encount_motion_01.ani,shift_jis,8,オブジェクト31
3558,encount_motion_01.ani,shift_jis,8,オブジェクト32
3558,encount_motion_01.ani,shift_jis,8,オブジェクト33
3558,encount_motion_01.ani,shift_jis,8,オブジェクト34
3558,encount_motion_01.ani,shift_jis,8,オブジェクト35
3558,encount_motion_01.ani,shift_jis,8,オブジェクト36
3558,encount_motion_01.ani,shift_jis,8,オブジェクト37
3558,encount_motion_01.ani,shift_jis,8,オブジェクト38
3558,encount_motion_01.ani,shift_jis,8,オブジェクト01
3558,encount_motion_01.ani,shift_jis,8,オブジェクト02
3558,encount_motion_01.ani,shift_jis,8,オブジェクト10
3558,encount_motion_01.ani,shift_jis,8,オブジェクト14
3558,encount_motion_01.ani,shift_jis,8,オブジェクト39
3558,encount_motion_01.ani,shift_jis,8,オブジェクト40
3558,encount_motion_01.ani,shift_jis,8,オブジェクト41
3558,encount_motion_01.ani,shift_jis,8,オブジェクト42
3558,encount_motion_01.ani,shift_jis,8,オブジェクト43
3558,encount_motion_01.ani,shift_jis,8,オブジェクト44
3558,encount_motion_01.ani,shift_jis,8,オブジェクト45
3558,encount_motion_01.ani,shift_jis,8,オブジェクト46
3558,encount_motion_01.ani,shift_jis,8,オブジェクト47
3558,encount_motion_01.ani,shift_jis,8,オブジェクト48
3558,encount_motion_01.ani,shift_jis,8,オブジェクト49
3558,encount_motion_01.ani,shift_jis,8,オブジェクト50
3558,encount_motion_01.ani,shift_jis,8,オブジェクト51
3558,encount_motion_01.ani,shift_jis,8,オブジェクト52
3558,encount_motion_01.ani,shift_jis,8,オブジェクト53
3558,encount_motion_01.ani,shift_jis,8,オブジェクト54
3558,encount_motion_01.ani,shift_jis,8,オブジェクト55
3559,encount_sotai.mdl,shift_jis,8,オブジェクト03
3559,encount_sotai.mdl,shift_jis,6,オブジェクト
3559,encount_sotai.mdl,shift_jis,6,オブジェクト
3559,encount_sotai.mdl,shift_jis,6,オブジェクト
3559,encount_sotai.mdl,shift_jis,6,オブジェクト
3559,encount_sotai.mdl,shift_jis,6,オブジェクト
3559,encount_sotai.mdl,shift_jis,6,オブジェクト
3559,encount_sotai.mdl,shift_jis,6,オブジェクト
3559,encount_sotai.mdl,shift_jis,6,オブジェクト
3559,encount_sotai.mdl,shift_jis,6,オブジェクト
3559,encount_sotai.mdl,shift_jis,6,オブジェクト
3559,encount_sotai.mdl,shift_jis,6,オブジェクト
3559,encount_sotai.mdl,shift_jis,6,オブジェクト
3559,encount_sotai.mdl,shift_jis,6,オブジェクト
3559,encount_sotai.mdl,shift_jis,6,オブジェクト
3559,encount_sotai.mdl,shift_jis,6,オブジェクト
3559,encount_sotai.mdl,shift_jis,6,オブジェクト
3559,encount_sotai.mdl,shift_jis,6,オブジェクト
3559,encount_sotai.mdl,shift_jis,6,オブジェクト
3559,encount_sotai.mdl,shift_jis,6,オブジェクト
3559,encount_sotai.mdl,shift_jis,6,オブジェクト
3559,encount_sotai.mdl,shift_jis,6,オブジェクト
3559,encount_sotai.mdl,shift_jis,6,オブジェクト
3559,encount_sotai.mdl,shift_jis,6,オブジェクト
3559,encount_sotai.mdl,shift_jis,6,オブジェクト
3559,encount_sotai.mdl,shift_jis,6,オブジェクト
3559,encount_sotai.mdl,shift_jis,6,オブジェクト
3559,encount_sotai.mdl,shift_jis,6,オブジェクト
3559,encount_sotai.mdl,shift_jis,6,オブジェクト
3559,encount_sotai.mdl,shift_jis,6,オブジェクト
3559,encount_sotai.mdl,shift_jis,6,オブジェクト
3559,encount_sotai.mdl,shift_jis,6,オブジェクト
3559,encount_sotai.mdl,shift_jis,6,オブジェクト
3559,encount_sotai.mdl,shift_jis,6,オブジェクト
3559,encount_sotai.mdl,shift_jis,6,オブジェクト
3559,encount_sotai.mdl,shift_jis,6,オブジェクト
3559,encount_sotai.mdl,shift_jis,6,オブジェクト
3559,encount_sotai.mdl,shift_jis,6,オブジェクト
3559,encount_sotai.mdl,shift_jis,6,オブジェクト
3559,encount_sotai.mdl,shift_jis,6,オブジェクト
3559,encount_sotai.mdl,shift_jis,6,オブジェクト
3559,encount_sotai.mdl,shift_jis,6,オブジェクト
3559,encount_sotai.mdl,shift_jis,6,オブジェクト
3559,encount_sotai.mdl,shift_jis,6,オブジェクト
3559,encount_sotai.mdl,shift_jis,6,オブジェクト
3559,encount_sotai.mdl,shift_jis,6,オブジェクト
3559,encount_sotai.mdl,shift_jis,6,オブジェクト
3559,encount_sotai.mdl,shift_jis,6,オブジェクト
3559,encount_sotai.mdl,shift_jis,6,オブジェクト
3559,encount_sotai.mdl,shift_jis,6,オブジェクト
3559,encount_sotai.mdl,shift_jis,6,オブジェクト
3559,encount_sotai.mdl,shift_jis,6,オブジェクト
3559,encount_sotai.mdl,shift_jis,6,オブジェクト
3559,encount_sotai.mdl,shift_jis,6,オブジェクト
3559,encount_sotai.mdl,shift_jis,6,オブジェクト
3559,encount_sotai.nod,shift_jis,8,オブジェクト03
3559,encount_sotai.nod,shift_jis,8,オブジェクト04
3559,encount_sotai.nod,shift_jis,8,オブジェクト05
3559,encount_sotai.nod,shift_jis,8,オブジェクト06
3559,encount_sotai.nod,shift_jis,8,オブジェクト07
3559,encount_sotai.nod,shift_jis,8,オブジェクト08
3559,encount_sotai.nod,shift_jis,8,オブジェクト09
3559,encount_sotai.nod,shift_jis,8,オブジェクト11
3559,encount_sotai.nod,shift_jis,8,オブジェクト12
3559,encount_sotai.nod,shift_jis,8,オブジェクト13
3559,encount_sotai.nod,shift_jis,8,オブジェクト15
3559,encount_sotai.nod,shift_jis,8,オブジェクト16
3559,encount_sotai.nod,shift_jis,8,オブジェクト17
3559,encount_sotai.nod,shift_jis,8,オブジェクト18
3559,encount_sotai.nod,shift_jis,8,オブジェクト19
3559,encount_sotai.nod,shift_jis,8,オブジェクト20
3559,encount_sotai.nod,shift_jis,8,オブジェクト21
3559,encount_sotai.nod,shift_jis,8,オブジェクト22
3559,encount_sotai.nod,shift_jis,8,オブジェクト23
3559,encount_sotai.nod,shift_jis,8,オブジェクト24
3559,encount_sotai.nod,shift_jis,8,オブジェクト25
3559,encount_sotai.nod,shift_jis,8,オブジェクト26
3559,encount_sotai.nod,shift_jis,8,オブジェクト27
3559,encount_sotai.nod,shift_jis,8,オブジェクト28
3559,encount_sotai.nod,shift_jis,8,オブジェクト29
3559,encount_sotai.nod,shift_jis,8,オブジェクト30
3559,encount_sotai.nod,shift_jis,8,オブジェクト31
3559,encount_sotai.nod,shift_jis,8,オブジェクト32
3559,encount_sotai.nod,shift_jis,8,オブジェクト33
3559,encount_sotai.nod,shift_jis,8,オブジェクト34
3559,encount_sotai.nod,shift_jis,8,オブジェクト35
3559,encount_sotai.nod,shift_jis,8,オブジェクト36
3559,encount_sotai.nod,shift_jis,8,オブジェクト37
3559,encount_sotai.nod,shift_jis,8,オブジェクト38
3559,encount_sotai.nod,shift_jis,8,オブジェクト01
3559,encount_sotai.nod,shift_jis,8,オブジェクト02
3559,encount_sotai.nod,shift_jis,8,オブジェクト10
3559,encount_sotai.nod,shift_jis,8,オブジェクト14
3559,encount_sotai.nod,shift_jis,8,オブジェクト39
3559,encount_sotai.nod,shift_jis,8,オブジェクト40
3559,encount_sotai.nod,shift_jis,8,オブジェクト41
3559,encount_sotai.nod,shift_jis,8,オブジェクト42
3559,encount_sotai.nod,shift_jis,8,オブジェクト43
3559,encount_sotai.nod,shift_jis,8,オブジェクト44
3559,encount_sotai.nod,shift_jis,8,オブジェクト45
3559,encount_sotai.nod,shift_jis,8,オブジェクト46
3559,encount_sotai.nod,shift_jis,8,オブジェクト47
3559,encount_sotai.nod,shift_jis,8,オブジェクト48
3559,encount_sotai.nod,shift_jis,8,オブジェクト49
3559,encount_sotai.nod,shift_jis,8,オブジェクト50
3559,encount_sotai.nod,shift_jis,8,オブジェクト51
3559,encount_sotai.nod,shift_jis,8,オブジェクト52
3559,encount_sotai.nod,shift_jis,8,オブジェクト53
3559,encount_sotai.nod,shift_jis,8,オブジェクト54
3559,encount_sotai.nod,shift_jis,8,オブジェクト55
3559,encount_motion_00.ani,shift_jis,8,オブジェクト03
3559,encount_motion_00.ani,shift_jis,8,オブジェクト04
3559,encount_motion_00.ani,shift_jis,8,オブジェクト05
3559,encount_motion_00.ani,shift_jis,8,オブジェクト06
3559,encount_motion_00.ani,shift_jis,8,オブジェクト07
3559,encount_motion_00.ani,shift_jis,8,オブジェクト08
3559,encount_motion_00.ani,shift_jis,8,オブジェクト09
3559,encount_motion_00.ani,shift_jis,8,オブジェクト11
3559,encount_motion_00.ani,shift_jis,8,オブジェクト12
3559,encount_motion_00.ani,shift_jis,8,オブジェクト13
3559,encount_motion_00.ani,shift_jis,8,オブジェクト15
3559,encount_motion_00.ani,shift_jis,8,オブジェクト16
3559,encount_motion_00.ani,shift_jis,8,オブジェクト17
3559,encount_motion_00.ani,shift_jis,8,オブジェクト18
3559,encount_motion_00.ani,shift_jis,8,オブジェクト19
3559,encount_motion_00.ani,shift_jis,8,オブジェクト20
3559,encount_motion_00.ani,shift_jis,8,オブジェクト21
3559,encount_motion_00.ani,shift_jis,8,オブジェクト22
3559,encount_motion_00.ani,shift_jis,8,オブジェクト23
3559,encount_motion_00.ani,shift_jis,8,オブジェクト24
3559,encount_motion_00.ani,shift_jis,8,オブジェクト25
3559,encount_motion_00.ani,shift_jis,8,オブジェクト26
3559,encount_motion_00.ani,shift_jis,8,オブジェクト27
3559,encount_motion_00.ani,shift_jis,8,オブジェクト28
3559,encount_motion_00.ani,shift_jis,8,オブジェクト29
3559,encount_motion_00.ani,shift_jis,8,オブジェクト30
3559,encount_motion_00.ani,shift_jis,8,オブジェクト31
3559,encount_motion_00.ani,shift_jis,8,オブジェクト32
3559,encount_motion_00.ani,shift_jis,8,オブジェクト33
3559,encount_motion_00.ani,shift_jis,8,オブジェクト34
3559,encount_motion_00.ani,shift_jis,8,オブジェクト35
3559,encount_motion_00.ani,shift_jis,8,オブジェクト36
3559,encount_motion_00.ani,shift_jis,8,オブジェクト37
3559,encount_motion_00.ani,shift_jis,8,オブジェクト38
3559,encount_motion_00.ani,shift_jis,8,オブジェクト01
3559,encount_motion_00.ani,shift_jis,8,オブジェクト02
3559,encount_motion_00.ani,shift_jis,8,オブジェクト10
3559,encount_motion_00.ani,shift_jis,8,オブジェクト14
3559,encount_motion_00.ani,shift_jis,8,オブジェクト39
3559,encount_motion_00.ani,shift_jis,8,オブジェクト40
3559,encount_motion_00.ani,shift_jis,8,オブジェクト41
3559,encount_motion_00.ani,shift_jis,8,オブジェクト42
3559,encount_motion_00.ani,shift_jis,8,オブジェクト43
3559,encount_motion_00.ani,shift_jis,8,オブジェクト44
3559,encount_motion_00.ani,shift_jis,8,オブジェクト45
3559,encount_motion_00.ani,shift_jis,8,オブジェクト46
3559,encount_motion_00.ani,shift_jis,8,オブジェクト47
3559,encount_motion_00.ani,shift_jis,8,オブジェクト48
3559,encount_motion_00.ani,shift_jis,8,オブジェクト49
3559,encount_motion_00.ani,shift_jis,8,オブジェクト50
3559,encount_motion_00.ani,shift_jis,8,オブジェクト51
3559,encount_motion_00.ani,shift_jis,8,オブジェクト52
3559,encount_motion_00.ani,shift_jis,8,オブジェクト53
3559,encount_motion_00.ani,shift_jis,8,オブジェクト54
3559,encount_motion_00.ani,shift_jis,8,オブジェクト55
3559,encount_motion_01.ani,shift_jis,8,オブジェクト03
3559,encount_motion_01.ani,shift_jis,8,オブジェクト04
3559,encount_motion_01.ani,shift_jis,8,オブジェクト05
3559,encount_motion_01.ani,shift_jis,8,オブジェクト06
3559,encount_motion_01.ani,shift_jis,8,オブジェクト07
3559,encount_motion_01.ani,shift_jis,8,オブジェクト08
3559,encount_motion_01.ani,shift_jis,8,オブジェクト09
3559,encount_motion_01.ani,shift_jis,8,オブジェクト11
3559,encount_motion_01.ani,shift_jis,8,オブジェクト12
3559,encount_motion_01.ani,shift_jis,8,オブジェクト13
3559,encount_motion_01.ani,shift_jis,8,オブジェクト15
3559,encount_motion_01.ani,shift_jis,8,オブジェクト16
3559,encount_motion_01.ani,shift_jis,8,オブジェクト17
3559,encount_motion_01.ani,shift_jis,8,オブジェクト18
3559,encount_motion_01.ani,shift_jis,8,オブジェクト19
3559,encount_motion_01.ani,shift_jis,8,オブジェクト20
3559,encount_motion_01.ani,shift_jis,8,オブジェクト21
3559,encount_motion_01.ani,shift_jis,8,オブジェクト22
3559,encount_motion_01.ani,shift_jis,8,オブジェクト23
3559,encount_motion_01.ani,shift_jis,8,オブジェクト24
3559,encount_motion_01.ani,shift_jis,8,オブジェクト25
3559,encount_motion_01.ani,shift_jis,8,オブジェクト26
3559,encount_motion_01.ani,shift_jis,8,オブジェクト27
3559,encount_motion_01.ani,shift_jis,8,オブジェクト28
3559,encount_motion_01.ani,shift_jis,8,オブジェクト29
3559,encount_motion_01.ani,shift_jis,8,オブジェクト30
3559,encount_motion_01.ani,shift_jis,8,オブジェクト31
3559,encount_motion_01.ani,shift_jis,8,オブジェクト32
3559,encount_motion_01.ani,shift_jis,8,オブジェクト33
3559,encount_motion_01.ani,shift_jis,8,オブジェクト34
3559,encount_motion_01.ani,shift_jis,8,オブジェクト35
3559,encount_motion_01.ani,shift_jis,8,オブジェクト36
3559,encount_motion_01.ani,shift_jis,8,オブジェクト37
3559,encount_motion_01.ani,shift_jis,8,オブジェクト38
3559,encount_motion_01.ani,shift_jis,8,オブジェクト01
3559,encount_motion_01.ani,shift_jis,8,オブジェクト02
3559,encount_motion_01.ani,shift_jis,8,オブジェクト10
3559,encount_motion_01.ani,shift_jis,8,オブジェクト14
3559,encount_motion_01.ani,shift_jis,8,オブジェクト39
3559,encount_motion_01.ani,shift_jis,8,オブジェクト40
3559,encount_motion_01.ani,shift_jis,8,オブジェクト41
3559,encount_motion_01.ani,shift_jis,8,オブジェクト42
3559,encount_motion_01.ani,shift_jis,8,オブジェクト43
3559,encount_motion_01.ani,shift_jis,8,オブジェクト44
3559,encount_motion_01.ani,shift_jis,8,オブジェクト45
3559,encount_motion_01.ani,shift_jis,8,オブジェクト46
3559,encount_motion_01.ani,shift_jis,8,オブジェクト47
3559,encount_motion_01.ani,shift_jis,8,オブジェクト48
3559,encount_motion_01.ani,shift_jis,8,オブジェクト49
3559,encount_motion_01.ani,shift_jis,8,オブジェクト50
3559,encount_motion_01.ani,shift_jis,8,オブジェクト51
3559,encount_motion_01.ani,shift_jis,8,オブジェクト52
3559,encount_motion_01.ani,shift_jis,8,オブジェクト53
3559,encount_motion_01.ani,shift_jis,8,オブジェクト54
3559,encount_motion_01.ani,shift_jis,8,オブジェクト55
3560,encount_sotai.mdl,shift_jis,8,オブジェクト03
3560,encount_sotai.mdl,shift_jis,6,オブジェクト
3560,encount_sotai.mdl,shift_jis,6,オブジェクト
3560,encount_sotai.mdl,shift_jis,6,オブジェクト
3560,encount_sotai.mdl,shift_jis,6,オブジェクト
3560,encount_sotai.mdl,shift_jis,6,オブジェクト
3560,encount_sotai.mdl,shift_jis,6,オブジェクト
3560,encount_sotai.mdl,shift_jis,6,オブジェクト
3560,encount_sotai.mdl,shift_jis,6,オブジェクト
3560,encount_sotai.mdl,shift_jis,6,オブジェクト
3560,encount_sotai.mdl,shift_jis,6,オブジェクト
3560,encount_sotai.mdl,shift_jis,6,オブジェクト
3560,encount_sotai.mdl,shift_jis,6,オブジェクト
3560,encount_sotai.mdl,shift_jis,6,オブジェクト
3560,encount_sotai.mdl,shift_jis,6,オブジェクト
3560,encount_sotai.mdl,shift_jis,6,オブジェクト
3560,encount_sotai.mdl,shift_jis,6,オブジェクト
3560,encount_sotai.mdl,shift_jis,6,オブジェクト
3560,encount_sotai.mdl,shift_jis,6,オブジェクト
3560,encount_sotai.mdl,shift_jis,6,オブジェクト
3560,encount_sotai.mdl,shift_jis,6,オブジェクト
3560,encount_sotai.mdl,shift_jis,6,オブジェクト
3560,encount_sotai.mdl,shift_jis,6,オブジェクト
3560,encount_sotai.mdl,shift_jis,6,オブジェクト
3560,encount_sotai.mdl,shift_jis,6,オブジェクト
3560,encount_sotai.mdl,shift_jis,6,オブジェクト
3560,encount_sotai.mdl,shift_jis,6,オブジェクト
3560,encount_sotai.mdl,shift_jis,6,オブジェクト
3560,encount_sotai.mdl,shift_jis,6,オブジェクト
3560,encount_sotai.mdl,shift_jis,6,オブジェクト
3560,encount_sotai.mdl,shift_jis,6,オブジェクト
3560,encount_sotai.mdl,shift_jis,6,オブジェクト
3560,encount_sotai.mdl,shift_jis,6,オブジェクト
3560,encount_sotai.mdl,shift_jis,6,オブジェクト
3560,encount_sotai.mdl,shift_jis,6,オブジェクト
3560,encount_sotai.mdl,shift_jis,6,オブジェクト
3560,encount_sotai.mdl,shift_jis,6,オブジェクト
3560,encount_sotai.mdl,shift_jis,6,オブジェクト
3560,encount_sotai.mdl,shift_jis,6,オブジェクト
3560,encount_sotai.mdl,shift_jis,6,オブジェクト
3560,encount_sotai.mdl,shift_jis,6,オブジェクト
3560,encount_sotai.mdl,shift_jis,6,オブジェクト
3560,encount_sotai.mdl,shift_jis,6,オブジェクト
3560,encount_sotai.mdl,shift_jis,6,オブジェクト
3560,encount_sotai.mdl,shift_jis,6,オブジェクト
3560,encount_sotai.mdl,shift_jis,6,オブジェクト
3560,encount_sotai.mdl,shift_jis,6,オブジェクト
3560,encount_sotai.mdl,shift_jis,6,オブジェクト
3560,encount_sotai.mdl,shift_jis,6,オブジェクト
3560,encount_sotai.mdl,shift_jis,6,オブジェクト
3560,encount_sotai.mdl,shift_jis,6,オブジェクト
3560,encount_sotai.mdl,shift_jis,6,オブジェクト
3560,encount_sotai.mdl,shift_jis,6,オブジェクト
3560,encount_sotai.mdl,shift_jis,6,オブジェクト
3560,encount_sotai.mdl,shift_jis,6,オブジェクト
3560,encount_sotai.nod,shift_jis,8,オブジェクト03
3560,encount_sotai.nod,shift_jis,8,オブジェクト04
3560,encount_sotai.nod,shift_jis,8,オブジェクト05
3560,encount_sotai.nod,shift_jis,8,オブジェクト06
3560,encount_sotai.nod,shift_jis,8,オブジェクト07
3560,encount_sotai.nod,shift_jis,8,オブジェクト08
3560,encount_sotai.nod,shift_jis,8,オブジェクト09
3560,encount_sotai.nod,shift_jis,8,オブジェクト11
3560,encount_sotai.nod,shift_jis,8,オブジェクト12
3560,encount_sotai.nod,shift_jis,8,オブジェクト13
3560,encount_sotai.nod,shift_jis,8,オブジェクト15
3560,encount_sotai.nod,shift_jis,8,オブジェクト16
3560,encount_sotai.nod,shift_jis,8,オブジェクト17
3560,encount_sotai.nod,shift_jis,8,オブジェクト18
3560,encount_sotai.nod,shift_jis,8,オブジェクト19
3560,encount_sotai.nod,shift_jis,8,オブジェクト20
3560,encount_sotai.nod,shift_jis,8,オブジェクト21
3560,encount_sotai.nod,shift_jis,8,オブジェクト22
3560,encount_sotai.nod,shift_jis,8,オブジェクト23
3560,encount_sotai.nod,shift_jis,8,オブジェクト24
3560,encount_sotai.nod,shift_jis,8,オブジェクト25
3560,encount_sotai.nod,shift_jis,8,オブジェクト26
3560,encount_sotai.nod,shift_jis,8,オブジェクト27
3560,encount_sotai.nod,shift_jis,8,オブジェクト28
3560,encount_sotai.nod,shift_jis,8,オブジェクト29
3560,encount_sotai.nod,shift_jis,8,オブジェクト30
3560,encount_sotai.nod,shift_jis,8,オブジェクト31
3560,encount_sotai.nod,shift_jis,8,オブジェクト32
3560,encount_sotai.nod,shift_jis,8,オブジェクト33
3560,encount_sotai.nod,shift_jis,8,オブジェクト34
3560,encount_sotai.nod,shift_jis,8,オブジェクト35
3560,encount_sotai.nod,shift_jis,8,オブジェクト36
3560,encount_sotai.nod,shift_jis,8,オブジェクト37
3560,encount_sotai.nod,shift_jis,8,オブジェクト38
3560,encount_sotai.nod,shift_jis,8,オブジェクト01
3560,encount_sotai.nod,shift_jis,8,オブジェクト02
3560,encount_sotai.nod,shift_jis,8,オブジェクト10
3560,encount_sotai.nod,shift_jis,8,オブジェクト14
3560,encount_sotai.nod,shift_jis,8,オブジェクト39
3560,encount_sotai.nod,shift_jis,8,オブジェクト40
3560,encount_sotai.nod,shift_jis,8,オブジェクト41
3560,encount_sotai.nod,shift_jis,8,オブジェクト42
3560,encount_sotai.nod,shift_jis,8,オブジェクト43
3560,encount_sotai.nod,shift_jis,8,オブジェクト44
3560,encount_sotai.nod,shift_jis,8,オブジェクト45
3560,encount_sotai.nod,shift_jis,8,オブジェクト46
3560,encount_sotai.nod,shift_jis,8,オブジェクト47
3560,encount_sotai.nod,shift_jis,8,オブジェクト48
3560,encount_sotai.nod,shift_jis,8,オブジェクト49
3560,encount_sotai.nod,shift_jis,8,オブジェクト50
3560,encount_sotai.nod,shift_jis,8,オブジェクト51
3560,encount_sotai.nod,shift_jis,8,オブジェクト52
3560,encount_sotai.nod,shift_jis,8,オブジェクト53
3560,encount_sotai.nod,shift_jis,8,オブジェクト54
3560,encount_sotai.nod,shift_jis,8,オブジェクト55
3560,encount_motion_00.ani,shift_jis,8,オブジェクト03
3560,encount_motion_00.ani,shift_jis,8,オブジェクト04
3560,encount_motion_00.ani,shift_jis,8,オブジェクト05
3560,encount_motion_00.ani,shift_jis,8,オブジェクト06
3560,encount_motion_00.ani,shift_jis,8,オブジェクト07
3560,encount_motion_00.ani,shift_jis,8,オブジェクト08
3560,encount_motion_00.ani,shift_jis,8,オブジェクト09
3560,encount_motion_00.ani,shift_jis,8,オブジェクト11
3560,encount_motion_00.ani,shift_jis,8,オブジェクト12
3560,encount_motion_00.ani,shift_jis,8,オブジェクト13
3560,encount_motion_00.ani,shift_jis,8,オブジェクト15
3560,encount_motion_00.ani,shift_jis,8,オブジェクト16
3560,encount_motion_00.ani,shift_jis,8,オブジェクト17
3560,encount_motion_00.ani,shift_jis,8,オブジェクト18
3560,encount_motion_00.ani,shift_jis,8,オブジェクト19
3560,encount_motion_00.ani,shift_jis,8,オブジェクト20
3560,encount_motion_00.ani,shift_jis,8,オブジェクト21
3560,encount_motion_00.ani,shift_jis,8,オブジェクト22
3560,encount_motion_00.ani,shift_jis,8,オブジェクト23
3560,encount_motion_00.ani,shift_jis,8,オブジェクト24
3560,encount_motion_00.ani,shift_jis,8,オブジェクト25
3560,encount_motion_00.ani,shift_jis,8,オブジェクト26
3560,encount_motion_00.ani,shift_jis,8,オブジェクト27
3560,encount_motion_00.ani,shift_jis,8,オブジェクト28
3560,encount_motion_00.ani,shift_jis,8,オブジェクト29
3560,encount_motion_00.ani,shift_jis,8,オブジェクト30
3560,encount_motion_00.ani,shift_jis,8,オブジェクト31
3560,encount_motion_00.ani,shift_jis,8,オブジェクト32
3560,encount_motion_00.ani,shift_jis,8,オブジェクト33
3560,encount_motion_00.ani,shift_jis,8,オブジェクト34
3560,encount_motion_00.ani,shift_jis,8,オブジェクト35
3560,encount_motion_00.ani,shift_jis,8,オブジェクト36
3560,encount_motion_00.ani,shift_jis,8,オブジェクト37
3560,encount_motion_00.ani,shift_jis,8,オブジェクト38
3560,encount_motion_00.ani,shift_jis,8,オブジェクト01
3560,encount_motion_00.ani,shift_jis,8,オブジェクト02
3560,encount_motion_00.ani,shift_jis,8,オブジェクト10
3560,encount_motion_00.ani,shift_jis,8,オブジェクト14
3560,encount_motion_00.ani,shift_jis,8,オブジェクト39
3560,encount_motion_00.ani,shift_jis,8,オブジェクト40
3560,encount_motion_00.ani,shift_jis,8,オブジェクト41
3560,encount_motion_00.ani,shift_jis,8,オブジェクト42
3560,encount_motion_00.ani,shift_jis,8,オブジェクト43
3560,encount_motion_00.ani,shift_jis,8,オブジェクト44
3560,encount_motion_00.ani,shift_jis,8,オブジェクト45
3560,encount_motion_00.ani,shift_jis,8,オブジェクト46
3560,encount_motion_00.ani,shift_jis,8,オブジェクト47
3560,encount_motion_00.ani,shift_jis,8,オブジェクト48
3560,encount_motion_00.ani,shift_jis,8,オブジェクト49
3560,encount_motion_00.ani,shift_jis,8,オブジェクト50
3560,encount_motion_00.ani,shift_jis,8,オブジェクト51
3560,encount_motion_00.ani,shift_jis,8,オブジェクト52
3560,encount_motion_00.ani,shift_jis,8,オブジェクト53
3560,encount_motion_00.ani,shift_jis,8,オブジェクト54
3560,encount_motion_00.ani,shift_jis,8,オブジェクト55
3560,encount_motion_01.ani,shift_jis,8,オブジェクト03
3560,encount_motion_01.ani,shift_jis,8,オブジェクト04
3560,encount_motion_01.ani,shift_jis,8,オブジェクト05
3560,encount_motion_01.ani,shift_jis,8,オブジェクト06
3560,encount_motion_01.ani,shift_jis,8,オブジェクト07
3560,encount_motion_01.ani,shift_jis,8,オブジェクト08
3560,encount_motion_01.ani,shift_jis,8,オブジェクト09
3560,encount_motion_01.ani,shift_jis,8,オブジェクト11
3560,encount_motion_01.ani,shift_jis,8,オブジェクト12
3560,encount_motion_01.ani,shift_jis,8,オブジェクト13
3560,encount_motion_01.ani,shift_jis,8,オブジェクト15
3560,encount_motion_01.ani,shift_jis,8,オブジェクト16
3560,encount_motion_01.ani,shift_jis,8,オブジェクト17
3560,encount_motion_01.ani,shift_jis,8,オブジェクト18
3560,encount_motion_01.ani,shift_jis,8,オブジェクト19
3560,encount_motion_01.ani,shift_jis,8,オブジェクト20
3560,encount_motion_01.ani,shift_jis,8,オブジェクト21
3560,encount_motion_01.ani,shift_jis,8,オブジェクト22
3560,encount_motion_01.ani,shift_jis,8,オブジェクト23
3560,encount_motion_01.ani,shift_jis,8,オブジェクト24
3560,encount_motion_01.ani,shift_jis,8,オブジェクト25
3560,encount_motion_01.ani,shift_jis,8,オブジェクト26
3560,encount_motion_01.ani,shift_jis,8,オブジェクト27
3560,encount_motion_01.ani,shift_jis,8,オブジェクト28
3560,encount_motion_01.ani,shift_jis,8,オブジェクト29
3560,encount_motion_01.ani,shift_jis,8,オブジェクト30
3560,encount_motion_01.ani,shift_jis,8,オブジェクト31
3560,encount_motion_01.ani,shift_jis,8,オブジェクト32
3560,encount_motion_01.ani,shift_jis,8,オブジェクト33
3560,encount_motion_01.ani,shift_jis,8,オブジェクト34
3560,encount_motion_01.ani,shift_jis,8,オブジェクト35
3560,encount_motion_01.ani,shift_jis,8,オブジェクト36
3560,encount_motion_01.ani,shift_jis,8,オブジェクト37
3560,encount_motion_01.ani,shift_jis,8,オブジェクト38
3560,encount_motion_01.ani,shift_jis,8,オブジェクト01
3560,encount_motion_01.ani,shift_jis,8,オブジェクト02
3560,encount_motion_01.ani,shift_jis,8,オブジェクト10
3560,encount_motion_01.ani,shift_jis,8,オブジェクト14
3560,encount_motion_01.ani,shift_jis,8,オブジェクト39
3560,encount_motion_01.ani,shift_jis,8,オブジェクト40
3560,encount_motion_01.ani,shift_jis,8,オブジェクト41
3560,encount_motion_01.ani,shift_jis,8,オブジェクト42
3560,encount_motion_01.ani,shift_jis,8,オブジェクト43
3560,encount_motion_01.ani,shift_jis,8,オブジェクト44
3560,encount_motion_01.ani,shift_jis,8,オブジェクト45
3560,encount_motion_01.ani,shift_jis,8,オブジェクト46
3560,encount_motion_01.ani,shift_jis,8,オブジェクト47
3560,encount_motion_01.ani,shift_jis,8,オブジェクト48
3560,encount_motion_01.ani,shift_jis,8,オブジェクト49
3560,encount_motion_01.ani,shift_jis,8,オブジェクト50
3560,encount_motion_01.ani,shift_jis,8,オブジェクト51
3560,encount_motion_01.ani,shift_jis,8,オブジェクト52
3560,encount_motion_01.ani,shift_jis,8,オブジェクト53
3560,encount_motion_01.ani,shift_jis,8,オブジェクト54
3560,encount_motion_01.ani,shift_jis,8,オブジェクト55
3560,mobj_04bridge02_sotai.mdl,shift_jis,6,オブジェクト
3560,mobj_04bridge02_sotai.mdl,shift_jis,6,オブジェクト
3560,mobj_04bridge02_sotai.mdl,shift_jis,6,オブジェクト
3560,mobj_04bridge02_sotai.mdl,shift_jis,6,オブジェクト
3560,mobj_04bridge02_sotai.mdl,shift_jis,6,オブジェクト
3560,mobj_04bridge02_sotai.nod,shift_jis,8,オブジェクト03
3560,mobj_04bridge02_sotai.nod,shift_jis,8,オブジェクト02
3560,mobj_04bridge02_sotai.nod,shift_jis,8,オブジェクト04
3560,mobj_04bridge02_sotai.nod,shift_jis,8,オブジェクト05
3560,mobj_04bridge02_sotai.nod,shift_jis,8,オブジェクト01
3560,mobj_04bridge02_00.ani,shift_jis,8,オブジェクト03
3560,mobj_04bridge02_00.ani,shift_jis,8,オブジェクト02
3560,mobj_04bridge02_00.ani,shift_jis,8,オブジェクト04
3560,mobj_04bridge02_00.ani,shift_jis,8,オブジェクト05
3560,mobj_04bridge02_00.ani,shift_jis,8,オブジェクト01
3560,mobj_04bridge02_01.ani,shift_jis,8,オブジェクト03
3560,mobj_04bridge02_01.ani,shift_jis,8,オブジェクト02
3560,mobj_04bridge02_01.ani,shift_jis,8,オブジェクト04
3560,mobj_04bridge02_01.ani,shift_jis,8,オブジェクト05
3560,mobj_04bridge02_01.ani,shift_jis,8,オブジェクト01
3560,mobj_04bridge02_02.ani,shift_jis,8,オブジェクト03
3560,mobj_04bridge02_02.ani,shift_jis,8,オブジェクト02
3560,mobj_04bridge02_02.ani,shift_jis,8,オブジェクト04
3560,mobj_04bridge02_02.ani,shift_jis,8,オブジェクト05
3560,mobj_04bridge02_02.ani,shift_jis,8,オブジェクト01
3560,mobj_04door01_sotai.mdl,shift_jis,6,オブジェクト
3560,mobj_04door01_sotai.mdl,shift_jis,6,オブジェクト
3560,mobj_04door01_sotai.nod,shift_jis,8,オブジェクト01
3560,mobj_04door01_sotai.nod,shift_jis,8,オブジェクト02
3560,mobj_04door01_00.ani,shift_jis,8,オブジェクト01
3560,mobj_04door01_00.ani,shift_jis,8,オブジェクト02
3560,mobj_04door01_01.ani,shift_jis,8,オブジェクト01
3560,mobj_04door01_01.ani,shift_jis,8,オブジェクト02
3560,mobj_04door01_02.ani,shift_jis,8,オブジェクト01
3560,mobj_04door01_02.ani,shift_jis,8,オブジェクト02
3561,encount_sotai.mdl,shift_jis,8,オブジェクト03
3561,encount_sotai.mdl,shift_jis,6,オブジェクト
3561,encount_sotai.mdl,shift_jis,6,オブジェクト
3561,encount_sotai.mdl,shift_jis,6,オブジェクト
3561,encount_sotai.mdl,shift_jis,6,オブジェクト
3561,encount_sotai.mdl,shift_jis,6,オブジェクト
3561,encount_sotai.mdl,shift_jis,6,オブジェクト
3561,encount_sotai.mdl,shift_jis,6,オブジェクト
3561,encount_sotai.mdl,shift_jis,6,オブジェクト
3561,encount_sotai.mdl,shift_jis,6,オブジェクト
3561,encount_sotai.mdl,shift_jis,6,オブジェクト
3561,encount_sotai.mdl,shift_jis,6,オブジェクト
3561,encount_sotai.mdl,shift_jis,6,オブジェクト
3561,encount_sotai.mdl,shift_jis,6,オブジェクト
3561,encount_sotai.mdl,shift_jis,6,オブジェクト
3561,encount_sotai.mdl,shift_jis,6,オブジェクト
3561,encount_sotai.mdl,shift_jis,6,オブジェクト
3561,encount_sotai.mdl,shift_jis,6,オブジェクト
3561,encount_sotai.mdl,shift_jis,6,オブジェクト
3561,encount_sotai.mdl,shift_jis,6,オブジェクト
3561,encount_sotai.mdl,shift_jis,6,オブジェクト
3561,encount_sotai.mdl,shift_jis,6,オブジェクト
3561,encount_sotai.mdl,shift_jis,6,オブジェクト
3561,encount_sotai.mdl,shift_jis,6,オブジェクト
3561,encount_sotai.mdl,shift_jis,6,オブジェクト
3561,encount_sotai.mdl,shift_jis,6,オブジェクト
3561,encount_sotai.mdl,shift_jis,6,オブジェクト
3561,encount_sotai.mdl,shift_jis,6,オブジェクト
3561,encount_sotai.mdl,shift_jis,6,オブジェクト
3561,encount_sotai.mdl,shift_jis,6,オブジェクト
3561,encount_sotai.mdl,shift_jis,6,オブジェクト
3561,encount_sotai.mdl,shift_jis,6,オブジェクト
3561,encount_sotai.mdl,shift_jis,6,オブジェクト
3561,encount_sotai.mdl,shift_jis,6,オブジェクト
3561,encount_sotai.mdl,shift_jis,6,オブジェクト
3561,encount_sotai.mdl,shift_jis,6,オブジェクト
3561,encount_sotai.mdl,shift_jis,6,オブジェクト
3561,encount_sotai.mdl,shift_jis,6,オブジェクト
3561,encount_sotai.mdl,shift_jis,6,オブジェクト
3561,encount_sotai.mdl,shift_jis,6,オブジェクト
3561,encount_sotai.mdl,shift_jis,6,オブジェクト
3561,encount_sotai.mdl,shift_jis,6,オブジェクト
3561,encount_sotai.mdl,shift_jis,6,オブジェクト
3561,encount_sotai.mdl,shift_jis,6,オブジェクト
3561,encount_sotai.mdl,shift_jis,6,オブジェクト
3561,encount_sotai.mdl,shift_jis,6,オブジェクト
3561,encount_sotai.mdl,shift_jis,6,オブジェクト
3561,encount_sotai.mdl,shift_jis,6,オブジェクト
3561,encount_sotai.mdl,shift_jis,6,オブジェクト
3561,encount_sotai.mdl,shift_jis,6,オブジェクト
3561,encount_sotai.mdl,shift_jis,6,オブジェクト
3561,encount_sotai.mdl,shift_jis,6,オブジェクト
3561,encount_sotai.mdl,shift_jis,6,オブジェクト
3561,encount_sotai.mdl,shift_jis,6,オブジェクト
3561,encount_sotai.mdl,shift_jis,6,オブジェクト
3561,encount_sotai.nod,shift_jis,8,オブジェクト03
3561,encount_sotai.nod,shift_jis,8,オブジェクト04
3561,encount_sotai.nod,shift_jis,8,オブジェクト05
3561,encount_sotai.nod,shift_jis,8,オブジェクト06
3561,encount_sotai.nod,shift_jis,8,オブジェクト07
3561,encount_sotai.nod,shift_jis,8,オブジェクト08
3561,encount_sotai.nod,shift_jis,8,オブジェクト09
3561,encount_sotai.nod,shift_jis,8,オブジェクト11
3561,encount_sotai.nod,shift_jis,8,オブジェクト12
3561,encount_sotai.nod,shift_jis,8,オブジェクト13
3561,encount_sotai.nod,shift_jis,8,オブジェクト15
3561,encount_sotai.nod,shift_jis,8,オブジェクト16
3561,encount_sotai.nod,shift_jis,8,オブジェクト17
3561,encount_sotai.nod,shift_jis,8,オブジェクト18
3561,encount_sotai.nod,shift_jis,8,オブジェクト19
3561,encount_sotai.nod,shift_jis,8,オブジェクト20
3561,encount_sotai.nod,shift_jis,8,オブジェクト21
3561,encount_sotai.nod,shift_jis,8,オブジェクト22
3561,encount_sotai.nod,shift_jis,8,オブジェクト23
3561,encount_sotai.nod,shift_jis,8,オブジェクト24
3561,encount_sotai.nod,shift_jis,8,オブジェクト25
3561,encount_sotai.nod,shift_jis,8,オブジェクト26
3561,encount_sotai.nod,shift_jis,8,オブジェクト27
3561,encount_sotai.nod,shift_jis,8,オブジェクト28
3561,encount_sotai.nod,shift_jis,8,オブジェクト29
3561,encount_sotai.nod,shift_jis,8,オブジェクト30
3561,encount_sotai.nod,shift_jis,8,オブジェクト31
3561,encount_sotai.nod,shift_jis,8,オブジェクト32
3561,encount_sotai.nod,shift_jis,8,オブジェクト33
3561,encount_sotai.nod,shift_jis,8,オブジェクト34
3561,encount_sotai.nod,shift_jis,8,オブジェクト35
3561,encount_sotai.nod,shift_jis,8,オブジェクト36
3561,encount_sotai.nod,shift_jis,8,オブジェクト37
3561,encount_sotai.nod,shift_jis,8,オブジェクト38
3561,encount_sotai.nod,shift_jis,8,オブジェクト01
3561,encount_sotai.nod,shift_jis,8,オブジェクト02
3561,encount_sotai.nod,shift_jis,8,オブジェクト10
3561,encount_sotai.nod,shift_jis,8,オブジェクト14
3561,encount_sotai.nod,shift_jis,8,オブジェクト39
3561,encount_sotai.nod,shift_jis,8,オブジェクト40
3561,encount_sotai.nod,shift_jis,8,オブジェクト41
3561,encount_sotai.nod,shift_jis,8,オブジェクト42
3561,encount_sotai.nod,shift_jis,8,オブジェクト43
3561,encount_sotai.nod,shift_jis,8,オブジェクト44
3561,encount_sotai.nod,shift_jis,8,オブジェクト45
3561,encount_sotai.nod,shift_jis,8,オブジェクト46
3561,encount_sotai.nod,shift_jis,8,オブジェクト47
3561,encount_sotai.nod,shift_jis,8,オブジェクト48
3561,encount_sotai.nod,shift_jis,8,オブジェクト49
3561,encount_sotai.nod,shift_jis,8,オブジェクト50
3561,encount_sotai.nod,shift_jis,8,オブジェクト51
3561,encount_sotai.nod,shift_jis,8,オブジェクト52
3561,encount_sotai.nod,shift_jis,8,オブジェクト53
3561,encount_sotai.nod,shift_jis,8,オブジェクト54
3561,encount_sotai.nod,shift_jis,8,オブジェクト55
3561,encount_motion_00.ani,shift_jis,8,オブジェクト03
3561,encount_motion_00.ani,shift_jis,8,オブジェクト04
3561,encount_motion_00.ani,shift_jis,8,オブジェクト05
3561,encount_motion_00.ani,shift_jis,8,オブジェクト06
3561,encount_motion_00.ani,shift_jis,8,オブジェクト07
3561,encount_motion_00.ani,shift_jis,8,オブジェクト08
3561,encount_motion_00.ani,shift_jis,8,オブジェクト09
3561,encount_motion_00.ani,shift_jis,8,オブジェクト11
3561,encount_motion_00.ani,shift_jis,8,オブジェクト12
3561,encount_motion_00.ani,shift_jis,8,オブジェクト13
3561,encount_motion_00.ani,shift_jis,8,オブジェクト15
3561,encount_motion_00.ani,shift_jis,8,オブジェクト16
3561,encount_motion_00.ani,shift_jis,8,オブジェクト17
3561,encount_motion_00.ani,shift_jis,8,オブジェクト18
3561,encount_motion_00.ani,shift_jis,8,オブジェクト19
3561,encount_motion_00.ani,shift_jis,8,オブジェクト20
3561,encount_motion_00.ani,shift_jis,8,オブジェクト21
3561,encount_motion_00.ani,shift_jis,8,オブジェクト22
3561,encount_motion_00.ani,shift_jis,8,オブジェクト23
3561,encount_motion_00.ani,shift_jis,8,オブジェクト24
3561,encount_motion_00.ani,shift_jis,8,オブジェクト25
3561,encount_motion_00.ani,shift_jis,8,オブジェクト26
3561,encount_motion_00.ani,shift_jis,8,オブジェクト27
3561,encount_motion_00.ani,shift_jis,8,オブジェクト28
3561,encount_motion_00.ani,shift_jis,8,オブジェクト29
3561,encount_motion_00.ani,shift_jis,8,オブジェクト30
3561,encount_motion_00.ani,shift_jis,8,オブジェクト31
3561,encount_motion_00.ani,shift_jis,8,オブジェクト32
3561,encount_motion_00.ani,shift_jis,8,オブジェクト33
3561,encount_motion_00.ani,shift_jis,8,オブジェクト34
3561,encount_motion_00.ani,shift_jis,8,オブジェクト35
3561,encount_motion_00.ani,shift_jis,8,オブジェクト36
3561,encount_motion_00.ani,shift_jis,8,オブジェクト37
3561,encount_motion_00.ani,shift_jis,8,オブジェクト38
3561,encount_motion_00.ani,shift_jis,8,オブジェクト01
3561,encount_motion_00.ani,shift_jis,8,オブジェクト02
3561,encount_motion_00.ani,shift_jis,8,オブジェクト10
3561,encount_motion_00.ani,shift_jis,8,オブジェクト14
3561,encount_motion_00.ani,shift_jis,8,オブジェクト39
3561,encount_motion_00.ani,shift_jis,8,オブジェクト40
3561,encount_motion_00.ani,shift_jis,8,オブジェクト41
3561,encount_motion_00.ani,shift_jis,8,オブジェクト42
3561,encount_motion_00.ani,shift_jis,8,オブジェクト43
3561,encount_motion_00.ani,shift_jis,8,オブジェクト44
3561,encount_motion_00.ani,shift_jis,8,オブジェクト45
3561,encount_motion_00.ani,shift_jis,8,オブジェクト46
3561,encount_motion_00.ani,shift_jis,8,オブジェクト47
3561,encount_motion_00.ani,shift_jis,8,オブジェクト48
3561,encount_motion_00.ani,shift_jis,8,オブジェクト49
3561,encount_motion_00.ani,shift_jis,8,オブジェクト50
3561,encount_motion_00.ani,shift_jis,8,オブジェクト51
3561,encount_motion_00.ani,shift_jis,8,オブジェクト52
3561,encount_motion_00.ani,shift_jis,8,オブジェクト53
3561,encount_motion_00.ani,shift_jis,8,オブジェクト54
3561,encount_motion_00.ani,shift_jis,8,オブジェクト55
3561,encount_motion_01.ani,shift_jis,8,オブジェクト03
3561,encount_motion_01.ani,shift_jis,8,オブジェクト04
3561,encount_motion_01.ani,shift_jis,8,オブジェクト05
3561,encount_motion_01.ani,shift_jis,8,オブジェクト06
3561,encount_motion_01.ani,shift_jis,8,オブジェクト07
3561,encount_motion_01.ani,shift_jis,8,オブジェクト08
3561,encount_motion_01.ani,shift_jis,8,オブジェクト09
3561,encount_motion_01.ani,shift_jis,8,オブジェクト11
3561,encount_motion_01.ani,shift_jis,8,オブジェクト12
3561,encount_motion_01.ani,shift_jis,8,オブジェクト13
3561,encount_motion_01.ani,shift_jis,8,オブジェクト15
3561,encount_motion_01.ani,shift_jis,8,オブジェクト16
3561,encount_motion_01.ani,shift_jis,8,オブジェクト17
3561,encount_motion_01.ani,shift_jis,8,オブジェクト18
3561,encount_motion_01.ani,shift_jis,8,オブジェクト19
3561,encount_motion_01.ani,shift_jis,8,オブジェクト20
3561,encount_motion_01.ani,shift_jis,8,オブジェクト21
3561,encount_motion_01.ani,shift_jis,8,オブジェクト22
3561,encount_motion_01.ani,shift_jis,8,オブジェクト23
3561,encount_motion_01.ani,shift_jis,8,オブジェクト24
3561,encount_motion_01.ani,shift_jis,8,オブジェクト25
3561,encount_motion_01.ani,shift_jis,8,オブジェクト26
3561,encount_motion_01.ani,shift_jis,8,オブジェクト27
3561,encount_motion_01.ani,shift_jis,8,オブジェクト28
3561,encount_motion_01.ani,shift_jis,8,オブジェクト29
3561,encount_motion_01.ani,shift_jis,8,オブジェクト30
3561,encount_motion_01.ani,shift_jis,8,オブジェクト31
3561,encount_motion_01.ani,shift_jis,8,オブジェクト32
3561,encount_motion_01.ani,shift_jis,8,オブジェクト33
3561,encount_motion_01.ani,shift_jis,8,オブジェクト34
3561,encount_motion_01.ani,shift_jis,8,オブジェクト35
3561,encount_motion_01.ani,shift_jis,8,オブジェクト36
3561,encount_motion_01.ani,shift_jis,8,オブジェクト37
3561,encount_motion_01.ani,shift_jis,8,オブジェクト38
3561,encount_motion_01.ani,shift_jis,8,オブジェクト01
3561,encount_motion_01.ani,shift_jis,8,オブジェクト02
3561,encount_motion_01.ani,shift_jis,8,オブジェクト10
3561,encount_motion_01.ani,shift_jis,8,オブジェクト14
3561,encount_motion_01.ani,shift_jis,8,オブジェクト39
3561,encount_motion_01.ani,shift_jis,8,オブジェクト40
3561,encount_motion_01.ani,shift_jis,8,オブジェクト41
3561,encount_motion_01.ani,shift_jis,8,オブジェクト42
3561,encount_motion_01.ani,shift_jis,8,オブジェクト43
3561,encount_motion_01.ani,shift_jis,8,オブジェクト44
3561,encount_motion_01.ani,shift_jis,8,オブジェクト45
3561,encount_motion_01.ani,shift_jis,8,オブジェクト46
3561,encount_motion_01.ani,shift_jis,8,オブジェクト47
3561,encount_motion_01.ani,shift_jis,8,オブジェクト48
3561,encount_motion_01.ani,shift_jis,8,オブジェクト49
3561,encount_motion_01.ani,shift_jis,8,オブジェクト50
3561,encount_motion_01.ani,shift_jis,8,オブジェクト51
3561,encount_motion_01.ani,shift_jis,8,オブジェクト52
3561,encount_motion_01.ani,shift_jis,8,オブジェクト53
3561,encount_motion_01.ani,shift_jis,8,オブジェクト54
3561,encount_motion_01.ani,shift_jis,8,オブジェクト55
3562,encount_sotai.mdl,shift_jis,8,オブジェクト03
3562,encount_sotai.mdl,shift_jis,6,オブジェクト
3562,encount_sotai.mdl,shift_jis,6,オブジェクト
3562,encount_sotai.mdl,shift_jis,6,オブジェクト
3562,encount_sotai.mdl,shift_jis,6,オブジェクト
3562,encount_sotai.mdl,shift_jis,6,オブジェクト
3562,encount_sotai.mdl,shift_jis,6,オブジェクト
3562,encount_sotai.mdl,shift_jis,6,オブジェクト
3562,encount_sotai.mdl,shift_jis,6,オブジェクト
3562,encount_sotai.mdl,shift_jis,6,オブジェクト
3562,encount_sotai.mdl,shift_jis,6,オブジェクト
3562,encount_sotai.mdl,shift_jis,6,オブジェクト
3562,encount_sotai.mdl,shift_jis,6,オブジェクト
3562,encount_sotai.mdl,shift_jis,6,オブジェクト
3562,encount_sotai.mdl,shift_jis,6,オブジェクト
3562,encount_sotai.mdl,shift_jis,6,オブジェクト
3562,encount_sotai.mdl,shift_jis,6,オブジェクト
3562,encount_sotai.mdl,shift_jis,6,オブジェクト
3562,encount_sotai.mdl,shift_jis,6,オブジェクト
3562,encount_sotai.mdl,shift_jis,6,オブジェクト
3562,encount_sotai.mdl,shift_jis,6,オブジェクト
3562,encount_sotai.mdl,shift_jis,6,オブジェクト
3562,encount_sotai.mdl,shift_jis,6,オブジェクト
3562,encount_sotai.mdl,shift_jis,6,オブジェクト
3562,encount_sotai.mdl,shift_jis,6,オブジェクト
3562,encount_sotai.mdl,shift_jis,6,オブジェクト
3562,encount_sotai.mdl,shift_jis,6,オブジェクト
3562,encount_sotai.mdl,shift_jis,6,オブジェクト
3562,encount_sotai.mdl,shift_jis,6,オブジェクト
3562,encount_sotai.mdl,shift_jis,6,オブジェクト
3562,encount_sotai.mdl,shift_jis,6,オブジェクト
3562,encount_sotai.mdl,shift_jis,6,オブジェクト
3562,encount_sotai.mdl,shift_jis,6,オブジェクト
3562,encount_sotai.mdl,shift_jis,6,オブジェクト
3562,encount_sotai.mdl,shift_jis,6,オブジェクト
3562,encount_sotai.mdl,shift_jis,6,オブジェクト
3562,encount_sotai.mdl,shift_jis,6,オブジェクト
3562,encount_sotai.mdl,shift_jis,6,オブジェクト
3562,encount_sotai.mdl,shift_jis,6,オブジェクト
3562,encount_sotai.mdl,shift_jis,6,オブジェクト
3562,encount_sotai.mdl,shift_jis,6,オブジェクト
3562,encount_sotai.mdl,shift_jis,6,オブジェクト
3562,encount_sotai.mdl,shift_jis,6,オブジェクト
3562,encount_sotai.mdl,shift_jis,6,オブジェクト
3562,encount_sotai.mdl,shift_jis,6,オブジェクト
3562,encount_sotai.mdl,shift_jis,6,オブジェクト
3562,encount_sotai.mdl,shift_jis,6,オブジェクト
3562,encount_sotai.mdl,shift_jis,6,オブジェクト
3562,encount_sotai.mdl,shift_jis,6,オブジェクト
3562,encount_sotai.mdl,shift_jis,6,オブジェクト
3562,encount_sotai.mdl,shift_jis,6,オブジェクト
3562,encount_sotai.mdl,shift_jis,6,オブジェクト
3562,encount_sotai.mdl,shift_jis,6,オブジェクト
3562,encount_sotai.mdl,shift_jis,6,オブジェクト
3562,encount_sotai.mdl,shift_jis,6,オブジェクト
3562,encount_sotai.nod,shift_jis,8,オブジェクト03
3562,encount_sotai.nod,shift_jis,8,オブジェクト04
3562,encount_sotai.nod,shift_jis,8,オブジェクト05
3562,encount_sotai.nod,shift_jis,8,オブジェクト06
3562,encount_sotai.nod,shift_jis,8,オブジェクト07
3562,encount_sotai.nod,shift_jis,8,オブジェクト08
3562,encount_sotai.nod,shift_jis,8,オブジェクト09
3562,encount_sotai.nod,shift_jis,8,オブジェクト11
3562,encount_sotai.nod,shift_jis,8,オブジェクト12
3562,encount_sotai.nod,shift_jis,8,オブジェクト13
3562,encount_sotai.nod,shift_jis,8,オブジェクト15
3562,encount_sotai.nod,shift_jis,8,オブジェクト16
3562,encount_sotai.nod,shift_jis,8,オブジェクト17
3562,encount_sotai.nod,shift_jis,8,オブジェクト18
3562,encount_sotai.nod,shift_jis,8,オブジェクト19
3562,encount_sotai.nod,shift_jis,8,オブジェクト20
3562,encount_sotai.nod,shift_jis,8,オブジェクト21
3562,encount_sotai.nod,shift_jis,8,オブジェクト22
3562,encount_sotai.nod,shift_jis,8,オブジェクト23
3562,encount_sotai.nod,shift_jis,8,オブジェクト24
3562,encount_sotai.nod,shift_jis,8,オブジェクト25
3562,encount_sotai.nod,shift_jis,8,オブジェクト26
3562,encount_sotai.nod,shift_jis,8,オブジェクト27
3562,encount_sotai.nod,shift_jis,8,オブジェクト28
3562,encount_sotai.nod,shift_jis,8,オブジェクト29
3562,encount_sotai.nod,shift_jis,8,オブジェクト30
3562,encount_sotai.nod,shift_jis,8,オブジェクト31
3562,encount_sotai.nod,shift_jis,8,オブジェクト32
3562,encount_sotai.nod,shift_jis,8,オブジェクト33
3562,encount_sotai.nod,shift_jis,8,オブジェクト34
3562,encount_sotai.nod,shift_jis,8,オブジェクト35
3562,encount_sotai.nod,shift_jis,8,オブジェクト36
3562,encount_sotai.nod,shift_jis,8,オブジェクト37
3562,encount_sotai.nod,shift_jis,8,オブジェクト38
3562,encount_sotai.nod,shift_jis,8,オブジェクト01
3562,encount_sotai.nod,shift_jis,8,オブジェクト02
3562,encount_sotai.nod,shift_jis,8,オブジェクト10
3562,encount_sotai.nod,shift_jis,8,オブジェクト14
3562,encount_sotai.nod,shift_jis,8,オブジェクト39
3562,encount_sotai.nod,shift_jis,8,オブジェクト40
3562,encount_sotai.nod,shift_jis,8,オブジェクト41
3562,encount_sotai.nod,shift_jis,8,オブジェクト42
3562,encount_sotai.nod,shift_jis,8,オブジェクト43
3562,encount_sotai.nod,shift_jis,8,オブジェクト44
3562,encount_sotai.nod,shift_jis,8,オブジェクト45
3562,encount_sotai.nod,shift_jis,8,オブジェクト46
3562,encount_sotai.nod,shift_jis,8,オブジェクト47
3562,encount_sotai.nod,shift_jis,8,オブジェクト48
3562,encount_sotai.nod,shift_jis,8,オブジェクト49
3562,encount_sotai.nod,shift_jis,8,オブジェクト50
3562,encount_sotai.nod,shift_jis,8,オブジェクト51
3562,encount_sotai.nod,shift_jis,8,オブジェクト52
3562,encount_sotai.nod,shift_jis,8,オブジェクト53
3562,encount_sotai.nod,shift_jis,8,オブジェクト54
3562,encount_sotai.nod,shift_jis,8,オブジェクト55
3562,encount_motion_00.ani,shift_jis,8,オブジェクト03
3562,encount_motion_00.ani,shift_jis,8,オブジェクト04
3562,encount_motion_00.ani,shift_jis,8,オブジェクト05
3562,encount_motion_00.ani,shift_jis,8,オブジェクト06
3562,encount_motion_00.ani,shift_jis,8,オブジェクト07
3562,encount_motion_00.ani,shift_jis,8,オブジェクト08
3562,encount_motion_00.ani,shift_jis,8,オブジェクト09
3562,encount_motion_00.ani,shift_jis,8,オブジェクト11
3562,encount_motion_00.ani,shift_jis,8,オブジェクト12
3562,encount_motion_00.ani,shift_jis,8,オブジェクト13
3562,encount_motion_00.ani,shift_jis,8,オブジェクト15
3562,encount_motion_00.ani,shift_jis,8,オブジェクト16
3562,encount_motion_00.ani,shift_jis,8,オブジェクト17
3562,encount_motion_00.ani,shift_jis,8,オブジェクト18
3562,encount_motion_00.ani,shift_jis,8,オブジェクト19
3562,encount_motion_00.ani,shift_jis,8,オブジェクト20
3562,encount_motion_00.ani,shift_jis,8,オブジェクト21
3562,encount_motion_00.ani,shift_jis,8,オブジェクト22
3562,encount_motion_00.ani,shift_jis,8,オブジェクト23
3562,encount_motion_00.ani,shift_jis,8,オブジェクト24
3562,encount_motion_00.ani,shift_jis,8,オブジェクト25
3562,encount_motion_00.ani,shift_jis,8,オブジェクト26
3562,encount_motion_00.ani,shift_jis,8,オブジェクト27
3562,encount_motion_00.ani,shift_jis,8,オブジェクト28
3562,encount_motion_00.ani,shift_jis,8,オブジェクト29
3562,encount_motion_00.ani,shift_jis,8,オブジェクト30
3562,encount_motion_00.ani,shift_jis,8,オブジェクト31
3562,encount_motion_00.ani,shift_jis,8,オブジェクト32
3562,encount_motion_00.ani,shift_jis,8,オブジェクト33
3562,encount_motion_00.ani,shift_jis,8,オブジェクト34
3562,encount_motion_00.ani,shift_jis,8,オブジェクト35
3562,encount_motion_00.ani,shift_jis,8,オブジェクト36
3562,encount_motion_00.ani,shift_jis,8,オブジェクト37
3562,encount_motion_00.ani,shift_jis,8,オブジェクト38
3562,encount_motion_00.ani,shift_jis,8,オブジェクト01
3562,encount_motion_00.ani,shift_jis,8,オブジェクト02
3562,encount_motion_00.ani,shift_jis,8,オブジェクト10
3562,encount_motion_00.ani,shift_jis,8,オブジェクト14
3562,encount_motion_00.ani,shift_jis,8,オブジェクト39
3562,encount_motion_00.ani,shift_jis,8,オブジェクト40
3562,encount_motion_00.ani,shift_jis,8,オブジェクト41
3562,encount_motion_00.ani,shift_jis,8,オブジェクト42
3562,encount_motion_00.ani,shift_jis,8,オブジェクト43
3562,encount_motion_00.ani,shift_jis,8,オブジェクト44
3562,encount_motion_00.ani,shift_jis,8,オブジェクト45
3562,encount_motion_00.ani,shift_jis,8,オブジェクト46
3562,encount_motion_00.ani,shift_jis,8,オブジェクト47
3562,encount_motion_00.ani,shift_jis,8,オブジェクト48
3562,encount_motion_00.ani,shift_jis,8,オブジェクト49
3562,encount_motion_00.ani,shift_jis,8,オブジェクト50
3562,encount_motion_00.ani,shift_jis,8,オブジェクト51
3562,encount_motion_00.ani,shift_jis,8,オブジェクト52
3562,encount_motion_00.ani,shift_jis,8,オブジェクト53
3562,encount_motion_00.ani,shift_jis,8,オブジェクト54
3562,encount_motion_00.ani,shift_jis,8,オブジェクト55
3562,encount_motion_01.ani,shift_jis,8,オブジェクト03
3562,encount_motion_01.ani,shift_jis,8,オブジェクト04
3562,encount_motion_01.ani,shift_jis,8,オブジェクト05
3562,encount_motion_01.ani,shift_jis,8,オブジェクト06
3562,encount_motion_01.ani,shift_jis,8,オブジェクト07
3562,encount_motion_01.ani,shift_jis,8,オブジェクト08
3562,encount_motion_01.ani,shift_jis,8,オブジェクト09
3562,encount_motion_01.ani,shift_jis,8,オブジェクト11
3562,encount_motion_01.ani,shift_jis,8,オブジェクト12
3562,encount_motion_01.ani,shift_jis,8,オブジェクト13
3562,encount_motion_01.ani,shift_jis,8,オブジェクト15
3562,encount_motion_01.ani,shift_jis,8,オブジェクト16
3562,encount_motion_01.ani,shift_jis,8,オブジェクト17
3562,encount_motion_01.ani,shift_jis,8,オブジェクト18
3562,encount_motion_01.ani,shift_jis,8,オブジェクト19
3562,encount_motion_01.ani,shift_jis,8,オブジェクト20
3562,encount_motion_01.ani,shift_jis,8,オブジェクト21
3562,encount_motion_01.ani,shift_jis,8,オブジェクト22
3562,encount_motion_01.ani,shift_jis,8,オブジェクト23
3562,encount_motion_01.ani,shift_jis,8,オブジェクト24
3562,encount_motion_01.ani,shift_jis,8,オブジェクト25
3562,encount_motion_01.ani,shift_jis,8,オブジェクト26
3562,encount_motion_01.ani,shift_jis,8,オブジェクト27
3562,encount_motion_01.ani,shift_jis,8,オブジェクト28
3562,encount_motion_01.ani,shift_jis,8,オブジェクト29
3562,encount_motion_01.ani,shift_jis,8,オブジェクト30
3562,encount_motion_01.ani,shift_jis,8,オブジェクト31
3562,encount_motion_01.ani,shift_jis,8,オブジェクト32
3562,encount_motion_01.ani,shift_jis,8,オブジェクト33
3562,encount_motion_01.ani,shift_jis,8,オブジェクト34
3562,encount_motion_01.ani,shift_jis,8,オブジェクト35
3562,encount_motion_01.ani,shift_jis,8,オブジェクト36
3562,encount_motion_01.ani,shift_jis,8,オブジェクト37
3562,encount_motion_01.ani,shift_jis,8,オブジェクト38
3562,encount_motion_01.ani,shift_jis,8,オブジェクト01
3562,encount_motion_01.ani,shift_jis,8,オブジェクト02
3562,encount_motion_01.ani,shift_jis,8,オブジェクト10
3562,encount_motion_01.ani,shift_jis,8,オブジェクト14
3562,encount_motion_01.ani,shift_jis,8,オブジェクト39
3562,encount_motion_01.ani,shift_jis,8,オブジェクト40
3562,encount_motion_01.ani,shift_jis,8,オブジェクト41
3562,encount_motion_01.ani,shift_jis,8,オブジェクト42
3562,encount_motion_01.ani,shift_jis,8,オブジェクト43
3562,encount_motion_01.ani,shift_jis,8,オブジェクト44
3562,encount_motion_01.ani,shift_jis,8,オブジェクト45
3562,encount_motion_01.ani,shift_jis,8,オブジェクト46
3562,encount_motion_01.ani,shift_jis,8,オブジェクト47
3562,encount_motion_01.ani,shift_jis,8,オブジェクト48
3562,encount_motion_01.ani,shift_jis,8,オブジェクト49
3562,encount_motion_01.ani,shift_jis,8,オブジェクト50
3562,encount_motion_01.ani,shift_jis,8,オブジェクト51
3562,encount_motion_01.ani,shift_jis,8,オブジェクト52
3562,encount_motion_01.ani,shift_jis,8,オブジェクト53
3562,encount_motion_01.ani,shift_jis,8,オブジェクト54
3562,encount_motion_01.ani,shift_jis,8,オブジェクト55
3563,encount_sotai.mdl,shift_jis,8,オブジェクト03
3563,encount_sotai.mdl,shift_jis,6,オブジェクト
3563,encount_sotai.mdl,shift_jis,6,オブジェクト
3563,encount_sotai.mdl,shift_jis,6,オブジェクト
3563,encount_sotai.mdl,shift_jis,6,オブジェクト
3563,encount_sotai.mdl,shift_jis,6,オブジェクト
3563,encount_sotai.mdl,shift_jis,6,オブジェクト
3563,encount_sotai.mdl,shift_jis,6,オブジェクト
3563,encount_sotai.mdl,shift_jis,6,オブジェクト
3563,encount_sotai.mdl,shift_jis,6,オブジェクト
3563,encount_sotai.mdl,shift_jis,6,オブジェクト
3563,encount_sotai.mdl,shift_jis,6,オブジェクト
3563,encount_sotai.mdl,shift_jis,6,オブジェクト
3563,encount_sotai.mdl,shift_jis,6,オブジェクト
3563,encount_sotai.mdl,shift_jis,6,オブジェクト
3563,encount_sotai.mdl,shift_jis,6,オブジェクト
3563,encount_sotai.mdl,shift_jis,6,オブジェクト
3563,encount_sotai.mdl,shift_jis,6,オブジェクト
3563,encount_sotai.mdl,shift_jis,6,オブジェクト
3563,encount_sotai.mdl,shift_jis,6,オブジェクト
3563,encount_sotai.mdl,shift_jis,6,オブジェクト
3563,encount_sotai.mdl,shift_jis,6,オブジェクト
3563,encount_sotai.mdl,shift_jis,6,オブジェクト
3563,encount_sotai.mdl,shift_jis,6,オブジェクト
3563,encount_sotai.mdl,shift_jis,6,オブジェクト
3563,encount_sotai.mdl,shift_jis,6,オブジェクト
3563,encount_sotai.mdl,shift_jis,6,オブジェクト
3563,encount_sotai.mdl,shift_jis,6,オブジェクト
3563,encount_sotai.mdl,shift_jis,6,オブジェクト
3563,encount_sotai.mdl,shift_jis,6,オブジェクト
3563,encount_sotai.mdl,shift_jis,6,オブジェクト
3563,encount_sotai.mdl,shift_jis,6,オブジェクト
3563,encount_sotai.mdl,shift_jis,6,オブジェクト
3563,encount_sotai.mdl,shift_jis,6,オブジェクト
3563,encount_sotai.mdl,shift_jis,6,オブジェクト
3563,encount_sotai.mdl,shift_jis,6,オブジェクト
3563,encount_sotai.mdl,shift_jis,6,オブジェクト
3563,encount_sotai.mdl,shift_jis,6,オブジェクト
3563,encount_sotai.mdl,shift_jis,6,オブジェクト
3563,encount_sotai.mdl,shift_jis,6,オブジェクト
3563,encount_sotai.mdl,shift_jis,6,オブジェクト
3563,encount_sotai.mdl,shift_jis,6,オブジェクト
3563,encount_sotai.mdl,shift_jis,6,オブジェクト
3563,encount_sotai.mdl,shift_jis,6,オブジェクト
3563,encount_sotai.mdl,shift_jis,6,オブジェクト
3563,encount_sotai.mdl,shift_jis,6,オブジェクト
3563,encount_sotai.mdl,shift_jis,6,オブジェクト
3563,encount_sotai.mdl,shift_jis,6,オブジェクト
3563,encount_sotai.mdl,shift_jis,6,オブジェクト
3563,encount_sotai.mdl,shift_jis,6,オブジェクト
3563,encount_sotai.mdl,shift_jis,6,オブジェクト
3563,encount_sotai.mdl,shift_jis,6,オブジェクト
3563,encount_sotai.mdl,shift_jis,6,オブジェクト
3563,encount_sotai.mdl,shift_jis,6,オブジェクト
3563,encount_sotai.mdl,shift_jis,6,オブジェクト
3563,encount_sotai.nod,shift_jis,8,オブジェクト03
3563,encount_sotai.nod,shift_jis,8,オブジェクト04
3563,encount_sotai.nod,shift_jis,8,オブジェクト05
3563,encount_sotai.nod,shift_jis,8,オブジェクト06
3563,encount_sotai.nod,shift_jis,8,オブジェクト07
3563,encount_sotai.nod,shift_jis,8,オブジェクト08
3563,encount_sotai.nod,shift_jis,8,オブジェクト09
3563,encount_sotai.nod,shift_jis,8,オブジェクト11
3563,encount_sotai.nod,shift_jis,8,オブジェクト12
3563,encount_sotai.nod,shift_jis,8,オブジェクト13
3563,encount_sotai.nod,shift_jis,8,オブジェクト15
3563,encount_sotai.nod,shift_jis,8,オブジェクト16
3563,encount_sotai.nod,shift_jis,8,オブジェクト17
3563,encount_sotai.nod,shift_jis,8,オブジェクト18
3563,encount_sotai.nod,shift_jis,8,オブジェクト19
3563,encount_sotai.nod,shift_jis,8,オブジェクト20
3563,encount_sotai.nod,shift_jis,8,オブジェクト21
3563,encount_sotai.nod,shift_jis,8,オブジェクト22
3563,encount_sotai.nod,shift_jis,8,オブジェクト23
3563,encount_sotai.nod,shift_jis,8,オブジェクト24
3563,encount_sotai.nod,shift_jis,8,オブジェクト25
3563,encount_sotai.nod,shift_jis,8,オブジェクト26
3563,encount_sotai.nod,shift_jis,8,オブジェクト27
3563,encount_sotai.nod,shift_jis,8,オブジェクト28
3563,encount_sotai.nod,shift_jis,8,オブジェクト29
3563,encount_sotai.nod,shift_jis,8,オブジェクト30
3563,encount_sotai.nod,shift_jis,8,オブジェクト31
3563,encount_sotai.nod,shift_jis,8,オブジェクト32
3563,encount_sotai.nod,shift_jis,8,オブジェクト33
3563,encount_sotai.nod,shift_jis,8,オブジェクト34
3563,encount_sotai.nod,shift_jis,8,オブジェクト35
3563,encount_sotai.nod,shift_jis,8,オブジェクト36
3563,encount_sotai.nod,shift_jis,8,オブジェクト37
3563,encount_sotai.nod,shift_jis,8,オブジェクト38
3563,encount_sotai.nod,shift_jis,8,オブジェクト01
3563,encount_sotai.nod,shift_jis,8,オブジェクト02
3563,encount_sotai.nod,shift_jis,8,オブジェクト10
3563,encount_sotai.nod,shift_jis,8,オブジェクト14
3563,encount_sotai.nod,shift_jis,8,オブジェクト39
3563,encount_sotai.nod,shift_jis,8,オブジェクト40
3563,encount_sotai.nod,shift_jis,8,オブジェクト41
3563,encount_sotai.nod,shift_jis,8,オブジェクト42
3563,encount_sotai.nod,shift_jis,8,オブジェクト43
3563,encount_sotai.nod,shift_jis,8,オブジェクト44
3563,encount_sotai.nod,shift_jis,8,オブジェクト45
3563,encount_sotai.nod,shift_jis,8,オブジェクト46
3563,encount_sotai.nod,shift_jis,8,オブジェクト47
3563,encount_sotai.nod,shift_jis,8,オブジェクト48
3563,encount_sotai.nod,shift_jis,8,オブジェクト49
3563,encount_sotai.nod,shift_jis,8,オブジェクト50
3563,encount_sotai.nod,shift_jis,8,オブジェクト51
3563,encount_sotai.nod,shift_jis,8,オブジェクト52
3563,encount_sotai.nod,shift_jis,8,オブジェクト53
3563,encount_sotai.nod,shift_jis,8,オブジェクト54
3563,encount_sotai.nod,shift_jis,8,オブジェクト55
3563,encount_motion_00.ani,shift_jis,8,オブジェクト03
3563,encount_motion_00.ani,shift_jis,8,オブジェクト04
3563,encount_motion_00.ani,shift_jis,8,オブジェクト05
3563,encount_motion_00.ani,shift_jis,8,オブジェクト06
3563,encount_motion_00.ani,shift_jis,8,オブジェクト07
3563,encount_motion_00.ani,shift_jis,8,オブジェクト08
3563,encount_motion_00.ani,shift_jis,8,オブジェクト09
3563,encount_motion_00.ani,shift_jis,8,オブジェクト11
3563,encount_motion_00.ani,shift_jis,8,オブジェクト12
3563,encount_motion_00.ani,shift_jis,8,オブジェクト13
3563,encount_motion_00.ani,shift_jis,8,オブジェクト15
3563,encount_motion_00.ani,shift_jis,8,オブジェクト16
3563,encount_motion_00.ani,shift_jis,8,オブジェクト17
3563,encount_motion_00.ani,shift_jis,8,オブジェクト18
3563,encount_motion_00.ani,shift_jis,8,オブジェクト19
3563,encount_motion_00.ani,shift_jis,8,オブジェクト20
3563,encount_motion_00.ani,shift_jis,8,オブジェクト21
3563,encount_motion_00.ani,shift_jis,8,オブジェクト22
3563,encount_motion_00.ani,shift_jis,8,オブジェクト23
3563,encount_motion_00.ani,shift_jis,8,オブジェクト24
3563,encount_motion_00.ani,shift_jis,8,オブジェクト25
3563,encount_motion_00.ani,shift_jis,8,オブジェクト26
3563,encount_motion_00.ani,shift_jis,8,オブジェクト27
3563,encount_motion_00.ani,shift_jis,8,オブジェクト28
3563,encount_motion_00.ani,shift_jis,8,オブジェクト29
3563,encount_motion_00.ani,shift_jis,8,オブジェクト30
3563,encount_motion_00.ani,shift_jis,8,オブジェクト31
3563,encount_motion_00.ani,shift_jis,8,オブジェクト32
3563,encount_motion_00.ani,shift_jis,8,オブジェクト33
3563,encount_motion_00.ani,shift_jis,8,オブジェクト34
3563,encount_motion_00.ani,shift_jis,8,オブジェクト35
3563,encount_motion_00.ani,shift_jis,8,オブジェクト36
3563,encount_motion_00.ani,shift_jis,8,オブジェクト37
3563,encount_motion_00.ani,shift_jis,8,オブジェクト38
3563,encount_motion_00.ani,shift_jis,8,オブジェクト01
3563,encount_motion_00.ani,shift_jis,8,オブジェクト02
3563,encount_motion_00.ani,shift_jis,8,オブジェクト10
3563,encount_motion_00.ani,shift_jis,8,オブジェクト14
3563,encount_motion_00.ani,shift_jis,8,オブジェクト39
3563,encount_motion_00.ani,shift_jis,8,オブジェクト40
3563,encount_motion_00.ani,shift_jis,8,オブジェクト41
3563,encount_motion_00.ani,shift_jis,8,オブジェクト42
3563,encount_motion_00.ani,shift_jis,8,オブジェクト43
3563,encount_motion_00.ani,shift_jis,8,オブジェクト44
3563,encount_motion_00.ani,shift_jis,8,オブジェクト45
3563,encount_motion_00.ani,shift_jis,8,オブジェクト46
3563,encount_motion_00.ani,shift_jis,8,オブジェクト47
3563,encount_motion_00.ani,shift_jis,8,オブジェクト48
3563,encount_motion_00.ani,shift_jis,8,オブジェクト49
3563,encount_motion_00.ani,shift_jis,8,オブジェクト50
3563,encount_motion_00.ani,shift_jis,8,オブジェクト51
3563,encount_motion_00.ani,shift_jis,8,オブジェクト52
3563,encount_motion_00.ani,shift_jis,8,オブジェクト53
3563,encount_motion_00.ani,shift_jis,8,オブジェクト54
3563,encount_motion_00.ani,shift_jis,8,オブジェクト55
3563,encount_motion_01.ani,shift_jis,8,オブジェクト03
3563,encount_motion_01.ani,shift_jis,8,オブジェクト04
3563,encount_motion_01.ani,shift_jis,8,オブジェクト05
3563,encount_motion_01.ani,shift_jis,8,オブジェクト06
3563,encount_motion_01.ani,shift_jis,8,オブジェクト07
3563,encount_motion_01.ani,shift_jis,8,オブジェクト08
3563,encount_motion_01.ani,shift_jis,8,オブジェクト09
3563,encount_motion_01.ani,shift_jis,8,オブジェクト11
3563,encount_motion_01.ani,shift_jis,8,オブジェクト12
3563,encount_motion_01.ani,shift_jis,8,オブジェクト13
3563,encount_motion_01.ani,shift_jis,8,オブジェクト15
3563,encount_motion_01.ani,shift_jis,8,オブジェクト16
3563,encount_motion_01.ani,shift_jis,8,オブジェクト17
3563,encount_motion_01.ani,shift_jis,8,オブジェクト18
3563,encount_motion_01.ani,shift_jis,8,オブジェクト19
3563,encount_motion_01.ani,shift_jis,8,オブジェクト20
3563,encount_motion_01.ani,shift_jis,8,オブジェクト21
3563,encount_motion_01.ani,shift_jis,8,オブジェクト22
3563,encount_motion_01.ani,shift_jis,8,オブジェクト23
3563,encount_motion_01.ani,shift_jis,8,オブジェクト24
3563,encount_motion_01.ani,shift_jis,8,オブジェクト25
3563,encount_motion_01.ani,shift_jis,8,オブジェクト26
3563,encount_motion_01.ani,shift_jis,8,オブジェクト27
3563,encount_motion_01.ani,shift_jis,8,オブジェクト28
3563,encount_motion_01.ani,shift_jis,8,オブジェクト29
3563,encount_motion_01.ani,shift_jis,8,オブジェクト30
3563,encount_motion_01.ani,shift_jis,8,オブジェクト31
3563,encount_motion_01.ani,shift_jis,8,オブジェクト32
3563,encount_motion_01.ani,shift_jis,8,オブジェクト33
3563,encount_motion_01.ani,shift_jis,8,オブジェクト34
3563,encount_motion_01.ani,shift_jis,8,オブジェクト35
3563,encount_motion_01.ani,shift_jis,8,オブジェクト36
3563,encount_motion_01.ani,shift_jis,8,オブジェクト37
3563,encount_motion_01.ani,shift_jis,8,オブジェクト38
3563,encount_motion_01.ani,shift_jis,8,オブジェクト01
3563,encount_motion_01.ani,shift_jis,8,オブジェクト02
3563,encount_motion_01.ani,shift_jis,8,オブジェクト10
3563,encount_motion_01.ani,shift_jis,8,オブジェクト14
3563,encount_motion_01.ani,shift_jis,8,オブジェクト39
3563,encount_motion_01.ani,shift_jis,8,オブジェクト40
3563,encount_motion_01.ani,shift_jis,8,オブジェクト41
3563,encount_motion_01.ani,shift_jis,8,オブジェクト42
3563,encount_motion_01.ani,shift_jis,8,オブジェクト43
3563,encount_motion_01.ani,shift_jis,8,オブジェクト44
3563,encount_motion_01.ani,shift_jis,8,オブジェクト45
3563,encount_motion_01.ani,shift_jis,8,オブジェクト46
3563,encount_motion_01.ani,shift_jis,8,オブジェクト47
3563,encount_motion_01.ani,shift_jis,8,オブジェクト48
3563,encount_motion_01.ani,shift_jis,8,オブジェクト49
3563,encount_motion_01.ani,shift_jis,8,オブジェクト50
3563,encount_motion_01.ani,shift_jis,8,オブジェクト51
3563,encount_motion_01.ani,shift_jis,8,オブジェクト52
3563,encount_motion_01.ani,shift_jis,8,オブジェクト53
3563,encount_motion_01.ani,shift_jis,8,オブジェクト54
3563,encount_motion_01.ani,shift_jis,8,オブジェクト55
3563,mobj_07bridge01_sotai.mdl,shift_jis,8,オブジェクト01
3563,mobj_07bridge01_sotai.mdl,shift_jis,6,オブジェクト
3563,mobj_07bridge01_sotai.nod,shift_jis,8,オブジェクト01
3563,mobj_07bridge01_sotai.nod,shift_jis,8,オブジェクト02
3563,mobj_07bridge01_00.ani,shift_jis,8,オブジェクト01
3563,mobj_07bridge01_00.ani,shift_jis,8,オブジェクト02
3563,mobj_07bridge01_01.ani,shift_jis,8,オブジェクト01
3563,mobj_07bridge01_01.ani,shift_jis,8,オブジェクト02
3563,mobj_07bridge01_02.ani,shift_jis,8,オブジェクト01
3563,mobj_07bridge01_02.ani,shift_jis,8,オブジェクト02
3563,mobj_07bridge02_sotai.mdl,shift_jis,8,オブジェクト01
3563,mobj_07bridge02_sotai.mdl,shift_jis,6,オブジェクト
3563,mobj_07bridge02_sotai.nod,shift_jis,8,オブジェクト01
3563,mobj_07bridge02_sotai.nod,shift_jis,8,オブジェクト02
3563,mobj_07bridge02_00.ani,shift_jis,8,オブジェクト01
3563,mobj_07bridge02_00.ani,shift_jis,8,オブジェクト02
3563,mobj_07bridge02_01.ani,shift_jis,8,オブジェクト01
3563,mobj_07bridge02_01.ani,shift_jis,8,オブジェクト02
3563,mobj_07bridge02_02.ani,shift_jis,8,オブジェクト01
3563,mobj_07bridge02_02.ani,shift_jis,8,オブジェクト02
3564,encount_sotai.mdl,shift_jis,8,オブジェクト03
3564,encount_sotai.mdl,shift_jis,6,オブジェクト
3564,encount_sotai.mdl,shift_jis,6,オブジェクト
3564,encount_sotai.mdl,shift_jis,6,オブジェクト
3564,encount_sotai.mdl,shift_jis,6,オブジェクト
3564,encount_sotai.mdl,shift_jis,6,オブジェクト
3564,encount_sotai.mdl,shift_jis,6,オブジェクト
3564,encount_sotai.mdl,shift_jis,6,オブジェクト
3564,encount_sotai.mdl,shift_jis,6,オブジェクト
3564,encount_sotai.mdl,shift_jis,6,オブジェクト
3564,encount_sotai.mdl,shift_jis,6,オブジェクト
3564,encount_sotai.mdl,shift_jis,6,オブジェクト
3564,encount_sotai.mdl,shift_jis,6,オブジェクト
3564,encount_sotai.mdl,shift_jis,6,オブジェクト
3564,encount_sotai.mdl,shift_jis,6,オブジェクト
3564,encount_sotai.mdl,shift_jis,6,オブジェクト
3564,encount_sotai.mdl,shift_jis,6,オブジェクト
3564,encount_sotai.mdl,shift_jis,6,オブジェクト
3564,encount_sotai.mdl,shift_jis,6,オブジェクト
3564,encount_sotai.mdl,shift_jis,6,オブジェクト
3564,encount_sotai.mdl,shift_jis,6,オブジェクト
3564,encount_sotai.mdl,shift_jis,6,オブジェクト
3564,encount_sotai.mdl,shift_jis,6,オブジェクト
3564,encount_sotai.mdl,shift_jis,6,オブジェクト
3564,encount_sotai.mdl,shift_jis,6,オブジェクト
3564,encount_sotai.mdl,shift_jis,6,オブジェクト
3564,encount_sotai.mdl,shift_jis,6,オブジェクト
3564,encount_sotai.mdl,shift_jis,6,オブジェクト
3564,encount_sotai.mdl,shift_jis,6,オブジェクト
3564,encount_sotai.mdl,shift_jis,6,オブジェクト
3564,encount_sotai.mdl,shift_jis,6,オブジェクト
3564,encount_sotai.mdl,shift_jis,6,オブジェクト
3564,encount_sotai.mdl,shift_jis,6,オブジェクト
3564,encount_sotai.mdl,shift_jis,6,オブジェクト
3564,encount_sotai.mdl,shift_jis,6,オブジェクト
3564,encount_sotai.mdl,shift_jis,6,オブジェクト
3564,encount_sotai.mdl,shift_jis,6,オブジェクト
3564,encount_sotai.mdl,shift_jis,6,オブジェクト
3564,encount_sotai.mdl,shift_jis,6,オブジェクト
3564,encount_sotai.mdl,shift_jis,6,オブジェクト
3564,encount_sotai.mdl,shift_jis,6,オブジェクト
3564,encount_sotai.mdl,shift_jis,6,オブジェクト
3564,encount_sotai.mdl,shift_jis,6,オブジェクト
3564,encount_sotai.mdl,shift_jis,6,オブジェクト
3564,encount_sotai.mdl,shift_jis,6,オブジェクト
3564,encount_sotai.mdl,shift_jis,6,オブジェクト
3564,encount_sotai.mdl,shift_jis,6,オブジェクト
3564,encount_sotai.mdl,shift_jis,6,オブジェクト
3564,encount_sotai.mdl,shift_jis,6,オブジェクト
3564,encount_sotai.mdl,shift_jis,6,オブジェクト
3564,encount_sotai.mdl,shift_jis,6,オブジェクト
3564,encount_sotai.mdl,shift_jis,6,オブジェクト
3564,encount_sotai.mdl,shift_jis,6,オブジェクト
3564,encount_sotai.mdl,shift_jis,6,オブジェクト
3564,encount_sotai.mdl,shift_jis,6,オブジェクト
3564,encount_sotai.nod,shift_jis,8,オブジェクト03
3564,encount_sotai.nod,shift_jis,8,オブジェクト04
3564,encount_sotai.nod,shift_jis,8,オブジェクト05
3564,encount_sotai.nod,shift_jis,8,オブジェクト06
3564,encount_sotai.nod,shift_jis,8,オブジェクト07
3564,encount_sotai.nod,shift_jis,8,オブジェクト08
3564,encount_sotai.nod,shift_jis,8,オブジェクト09
3564,encount_sotai.nod,shift_jis,8,オブジェクト11
3564,encount_sotai.nod,shift_jis,8,オブジェクト12
3564,encount_sotai.nod,shift_jis,8,オブジェクト13
3564,encount_sotai.nod,shift_jis,8,オブジェクト15
3564,encount_sotai.nod,shift_jis,8,オブジェクト16
3564,encount_sotai.nod,shift_jis,8,オブジェクト17
3564,encount_sotai.nod,shift_jis,8,オブジェクト18
3564,encount_sotai.nod,shift_jis,8,オブジェクト19
3564,encount_sotai.nod,shift_jis,8,オブジェクト20
3564,encount_sotai.nod,shift_jis,8,オブジェクト21
3564,encount_sotai.nod,shift_jis,8,オブジェクト22
3564,encount_sotai.nod,shift_jis,8,オブジェクト23
3564,encount_sotai.nod,shift_jis,8,オブジェクト24
3564,encount_sotai.nod,shift_jis,8,オブジェクト25
3564,encount_sotai.nod,shift_jis,8,オブジェクト26
3564,encount_sotai.nod,shift_jis,8,オブジェクト27
3564,encount_sotai.nod,shift_jis,8,オブジェクト28
3564,encount_sotai.nod,shift_jis,8,オブジェクト29
3564,encount_sotai.nod,shift_jis,8,オブジェクト30
3564,encount_sotai.nod,shift_jis,8,オブジェクト31
3564,encount_sotai.nod,shift_jis,8,オブジェクト32
3564,encount_sotai.nod,shift_jis,8,オブジェクト33
3564,encount_sotai.nod,shift_jis,8,オブジェクト34
3564,encount_sotai.nod,shift_jis,8,オブジェクト35
3564,encount_sotai.nod,shift_jis,8,オブジェクト36
3564,encount_sotai.nod,shift_jis,8,オブジェクト37
3564,encount_sotai.nod,shift_jis,8,オブジェクト38
3564,encount_sotai.nod,shift_jis,8,オブジェクト01
3564,encount_sotai.nod,shift_jis,8,オブジェクト02
3564,encount_sotai.nod,shift_jis,8,オブジェクト10
3564,encount_sotai.nod,shift_jis,8,オブジェクト14
3564,encount_sotai.nod,shift_jis,8,オブジェクト39
3564,encount_sotai.nod,shift_jis,8,オブジェクト40
3564,encount_sotai.nod,shift_jis,8,オブジェクト41
3564,encount_sotai.nod,shift_jis,8,オブジェクト42
3564,encount_sotai.nod,shift_jis,8,オブジェクト43
3564,encount_sotai.nod,shift_jis,8,オブジェクト44
3564,encount_sotai.nod,shift_jis,8,オブジェクト45
3564,encount_sotai.nod,shift_jis,8,オブジェクト46
3564,encount_sotai.nod,shift_jis,8,オブジェクト47
3564,encount_sotai.nod,shift_jis,8,オブジェクト48
3564,encount_sotai.nod,shift_jis,8,オブジェクト49
3564,encount_sotai.nod,shift_jis,8,オブジェクト50
3564,encount_sotai.nod,shift_jis,8,オブジェクト51
3564,encount_sotai.nod,shift_jis,8,オブジェクト52
3564,encount_sotai.nod,shift_jis,8,オブジェクト53
3564,encount_sotai.nod,shift_jis,8,オブジェクト54
3564,encount_sotai.nod,shift_jis,8,オブジェクト55
3564,encount_motion_00.ani,shift_jis,8,オブジェクト03
3564,encount_motion_00.ani,shift_jis,8,オブジェクト04
3564,encount_motion_00.ani,shift_jis,8,オブジェクト05
3564,encount_motion_00.ani,shift_jis,8,オブジェクト06
3564,encount_motion_00.ani,shift_jis,8,オブジェクト07
3564,encount_motion_00.ani,shift_jis,8,オブジェクト08
3564,encount_motion_00.ani,shift_jis,8,オブジェクト09
3564,encount_motion_00.ani,shift_jis,8,オブジェクト11
3564,encount_motion_00.ani,shift_jis,8,オブジェクト12
3564,encount_motion_00.ani,shift_jis,8,オブジェクト13
3564,encount_motion_00.ani,shift_jis,8,オブジェクト15
3564,encount_motion_00.ani,shift_jis,8,オブジェクト16
3564,encount_motion_00.ani,shift_jis,8,オブジェクト17
3564,encount_motion_00.ani,shift_jis,8,オブジェクト18
3564,encount_motion_00.ani,shift_jis,8,オブジェクト19
3564,encount_motion_00.ani,shift_jis,8,オブジェクト20
3564,encount_motion_00.ani,shift_jis,8,オブジェクト21
3564,encount_motion_00.ani,shift_jis,8,オブジェクト22
3564,encount_motion_00.ani,shift_jis,8,オブジェクト23
3564,encount_motion_00.ani,shift_jis,8,オブジェクト24
3564,encount_motion_00.ani,shift_jis,8,オブジェクト25
3564,encount_motion_00.ani,shift_jis,8,オブジェクト26
3564,encount_motion_00.ani,shift_jis,8,オブジェクト27
3564,encount_motion_00.ani,shift_jis,8,オブジェクト28
3564,encount_motion_00.ani,shift_jis,8,オブジェクト29
3564,encount_motion_00.ani,shift_jis,8,オブジェクト30
3564,encount_motion_00.ani,shift_jis,8,オブジェクト31
3564,encount_motion_00.ani,shift_jis,8,オブジェクト32
3564,encount_motion_00.ani,shift_jis,8,オブジェクト33
3564,encount_motion_00.ani,shift_jis,8,オブジェクト34
3564,encount_motion_00.ani,shift_jis,8,オブジェクト35
3564,encount_motion_00.ani,shift_jis,8,オブジェクト36
3564,encount_motion_00.ani,shift_jis,8,オブジェクト37
3564,encount_motion_00.ani,shift_jis,8,オブジェクト38
3564,encount_motion_00.ani,shift_jis,8,オブジェクト01
3564,encount_motion_00.ani,shift_jis,8,オブジェクト02
3564,encount_motion_00.ani,shift_jis,8,オブジェクト10
3564,encount_motion_00.ani,shift_jis,8,オブジェクト14
3564,encount_motion_00.ani,shift_jis,8,オブジェクト39
3564,encount_motion_00.ani,shift_jis,8,オブジェクト40
3564,encount_motion_00.ani,shift_jis,8,オブジェクト41
3564,encount_motion_00.ani,shift_jis,8,オブジェクト42
3564,encount_motion_00.ani,shift_jis,8,オブジェクト43
3564,encount_motion_00.ani,shift_jis,8,オブジェクト44
3564,encount_motion_00.ani,shift_jis,8,オブジェクト45
3564,encount_motion_00.ani,shift_jis,8,オブジェクト46
3564,encount_motion_00.ani,shift_jis,8,オブジェクト47
3564,encount_motion_00.ani,shift_jis,8,オブジェクト48
3564,encount_motion_00.ani,shift_jis,8,オブジェクト49
3564,encount_motion_00.ani,shift_jis,8,オブジェクト50
3564,encount_motion_00.ani,shift_jis,8,オブジェクト51
3564,encount_motion_00.ani,shift_jis,8,オブジェクト52
3564,encount_motion_00.ani,shift_jis,8,オブジェクト53
3564,encount_motion_00.ani,shift_jis,8,オブジェクト54
3564,encount_motion_00.ani,shift_jis,8,オブジェクト55
3564,encount_motion_01.ani,shift_jis,8,オブジェクト03
3564,encount_motion_01.ani,shift_jis,8,オブジェクト04
3564,encount_motion_01.ani,shift_jis,8,オブジェクト05
3564,encount_motion_01.ani,shift_jis,8,オブジェクト06
3564,encount_motion_01.ani,shift_jis,8,オブジェクト07
3564,encount_motion_01.ani,shift_jis,8,オブジェクト08
3564,encount_motion_01.ani,shift_jis,8,オブジェクト09
3564,encount_motion_01.ani,shift_jis,8,オブジェクト11
3564,encount_motion_01.ani,shift_jis,8,オブジェクト12
3564,encount_motion_01.ani,shift_jis,8,オブジェクト13
3564,encount_motion_01.ani,shift_jis,8,オブジェクト15
3564,encount_motion_01.ani,shift_jis,8,オブジェクト16
3564,encount_motion_01.ani,shift_jis,8,オブジェクト17
3564,encount_motion_01.ani,shift_jis,8,オブジェクト18
3564,encount_motion_01.ani,shift_jis,8,オブジェクト19
3564,encount_motion_01.ani,shift_jis,8,オブジェクト20
3564,encount_motion_01.ani,shift_jis,8,オブジェクト21
3564,encount_motion_01.ani,shift_jis,8,オブジェクト22
3564,encount_motion_01.ani,shift_jis,8,オブジェクト23
3564,encount_motion_01.ani,shift_jis,8,オブジェクト24
3564,encount_motion_01.ani,shift_jis,8,オブジェクト25
3564,encount_motion_01.ani,shift_jis,8,オブジェクト26
3564,encount_motion_01.ani,shift_jis,8,オブジェクト27
3564,encount_motion_01.ani,shift_jis,8,オブジェクト28
3564,encount_motion_01.ani,shift_jis,8,オブジェクト29
3564,encount_motion_01.ani,shift_jis,8,オブジェクト30
3564,encount_motion_01.ani,shift_jis,8,オブジェクト31
3564,encount_motion_01.ani,shift_jis,8,オブジェクト32
3564,encount_motion_01.ani,shift_jis,8,オブジェクト33
3564,encount_motion_01.ani,shift_jis,8,オブジェクト34
3564,encount_motion_01.ani,shift_jis,8,オブジェクト35
3564,encount_motion_01.ani,shift_jis,8,オブジェクト36
3564,encount_motion_01.ani,shift_jis,8,オブジェクト37
3564,encount_motion_01.ani,shift_jis,8,オブジェクト38
3564,encount_motion_01.ani,shift_jis,8,オブジェクト01
3564,encount_motion_01.ani,shift_jis,8,オブジェクト02
3564,encount_motion_01.ani,shift_jis,8,オブジェクト10
3564,encount_motion_01.ani,shift_jis,8,オブジェクト14
3564,encount_motion_01.ani,shift_jis,8,オブジェクト39
3564,encount_motion_01.ani,shift_jis,8,オブジェクト40
3564,encount_motion_01.ani,shift_jis,8,オブジェクト41
3564,encount_motion_01.ani,shift_jis,8,オブジェクト42
3564,encount_motion_01.ani,shift_jis,8,オブジェクト43
3564,encount_motion_01.ani,shift_jis,8,オブジェクト44
3564,encount_motion_01.ani,shift_jis,8,オブジェクト45
3564,encount_motion_01.ani,shift_jis,8,オブジェクト46
3564,encount_motion_01.ani,shift_jis,8,オブジェクト47
3564,encount_motion_01.ani,shift_jis,8,オブジェクト48
3564,encount_motion_01.ani,shift_jis,8,オブジェクト49
3564,encount_motion_01.ani,shift_jis,8,オブジェクト50
3564,encount_motion_01.ani,shift_jis,8,オブジェクト51
3564,encount_motion_01.ani,shift_jis,8,オブジェクト52
3564,encount_motion_01.ani,shift_jis,8,オブジェクト53
3564,encount_motion_01.ani,shift_jis,8,オブジェクト54
3564,encount_motion_01.ani,shift_jis,8,オブジェクト55
3565,encount_sotai.mdl,shift_jis,8,オブジェクト03
3565,encount_sotai.mdl,shift_jis,6,オブジェクト
3565,encount_sotai.mdl,shift_jis,6,オブジェクト
3565,encount_sotai.mdl,shift_jis,6,オブジェクト
3565,encount_sotai.mdl,shift_jis,6,オブジェクト
3565,encount_sotai.mdl,shift_jis,6,オブジェクト
3565,encount_sotai.mdl,shift_jis,6,オブジェクト
3565,encount_sotai.mdl,shift_jis,6,オブジェクト
3565,encount_sotai.mdl,shift_jis,6,オブジェクト
3565,encount_sotai.mdl,shift_jis,6,オブジェクト
3565,encount_sotai.mdl,shift_jis,6,オブジェクト
3565,encount_sotai.mdl,shift_jis,6,オブジェクト
3565,encount_sotai.mdl,shift_jis,6,オブジェクト
3565,encount_sotai.mdl,shift_jis,6,オブジェクト
3565,encount_sotai.mdl,shift_jis,6,オブジェクト
3565,encount_sotai.mdl,shift_jis,6,オブジェクト
3565,encount_sotai.mdl,shift_jis,6,オブジェクト
3565,encount_sotai.mdl,shift_jis,6,オブジェクト
3565,encount_sotai.mdl,shift_jis,6,オブジェクト
3565,encount_sotai.mdl,shift_jis,6,オブジェクト
3565,encount_sotai.mdl,shift_jis,6,オブジェクト
3565,encount_sotai.mdl,shift_jis,6,オブジェクト
3565,encount_sotai.mdl,shift_jis,6,オブジェクト
3565,encount_sotai.mdl,shift_jis,6,オブジェクト
3565,encount_sotai.mdl,shift_jis,6,オブジェクト
3565,encount_sotai.mdl,shift_jis,6,オブジェクト
3565,encount_sotai.mdl,shift_jis,6,オブジェクト
3565,encount_sotai.mdl,shift_jis,6,オブジェクト
3565,encount_sotai.mdl,shift_jis,6,オブジェクト
3565,encount_sotai.mdl,shift_jis,6,オブジェクト
3565,encount_sotai.mdl,shift_jis,6,オブジェクト
3565,encount_sotai.mdl,shift_jis,6,オブジェクト
3565,encount_sotai.mdl,shift_jis,6,オブジェクト
3565,encount_sotai.mdl,shift_jis,6,オブジェクト
3565,encount_sotai.mdl,shift_jis,6,オブジェクト
3565,encount_sotai.mdl,shift_jis,6,オブジェクト
3565,encount_sotai.mdl,shift_jis,6,オブジェクト
3565,encount_sotai.mdl,shift_jis,6,オブジェクト
3565,encount_sotai.mdl,shift_jis,6,オブジェクト
3565,encount_sotai.mdl,shift_jis,6,オブジェクト
3565,encount_sotai.mdl,shift_jis,6,オブジェクト
3565,encount_sotai.mdl,shift_jis,6,オブジェクト
3565,encount_sotai.mdl,shift_jis,6,オブジェクト
3565,encount_sotai.mdl,shift_jis,6,オブジェクト
3565,encount_sotai.mdl,shift_jis,6,オブジェクト
3565,encount_sotai.mdl,shift_jis,6,オブジェクト
3565,encount_sotai.mdl,shift_jis,6,オブジェクト
3565,encount_sotai.mdl,shift_jis,6,オブジェクト
3565,encount_sotai.mdl,shift_jis,6,オブジェクト
3565,encount_sotai.mdl,shift_jis,6,オブジェクト
3565,encount_sotai.mdl,shift_jis,6,オブジェクト
3565,encount_sotai.mdl,shift_jis,6,オブジェクト
3565,encount_sotai.mdl,shift_jis,6,オブジェクト
3565,encount_sotai.mdl,shift_jis,6,オブジェクト
3565,encount_sotai.mdl,shift_jis,6,オブジェクト
3565,encount_sotai.nod,shift_jis,8,オブジェクト03
3565,encount_sotai.nod,shift_jis,8,オブジェクト04
3565,encount_sotai.nod,shift_jis,8,オブジェクト05
3565,encount_sotai.nod,shift_jis,8,オブジェクト06
3565,encount_sotai.nod,shift_jis,8,オブジェクト07
3565,encount_sotai.nod,shift_jis,8,オブジェクト08
3565,encount_sotai.nod,shift_jis,8,オブジェクト09
3565,encount_sotai.nod,shift_jis,8,オブジェクト11
3565,encount_sotai.nod,shift_jis,8,オブジェクト12
3565,encount_sotai.nod,shift_jis,8,オブジェクト13
3565,encount_sotai.nod,shift_jis,8,オブジェクト15
3565,encount_sotai.nod,shift_jis,8,オブジェクト16
3565,encount_sotai.nod,shift_jis,8,オブジェクト17
3565,encount_sotai.nod,shift_jis,8,オブジェクト18
3565,encount_sotai.nod,shift_jis,8,オブジェクト19
3565,encount_sotai.nod,shift_jis,8,オブジェクト20
3565,encount_sotai.nod,shift_jis,8,オブジェクト21
3565,encount_sotai.nod,shift_jis,8,オブジェクト22
3565,encount_sotai.nod,shift_jis,8,オブジェクト23
3565,encount_sotai.nod,shift_jis,8,オブジェクト24
3565,encount_sotai.nod,shift_jis,8,オブジェクト25
3565,encount_sotai.nod,shift_jis,8,オブジェクト26
3565,encount_sotai.nod,shift_jis,8,オブジェクト27
3565,encount_sotai.nod,shift_jis,8,オブジェクト28
3565,encount_sotai.nod,shift_jis,8,オブジェクト29
3565,encount_sotai.nod,shift_jis,8,オブジェクト30
3565,encount_sotai.nod,shift_jis,8,オブジェクト31
3565,encount_sotai.nod,shift_jis,8,オブジェクト32
3565,encount_sotai.nod,shift_jis,8,オブジェクト33
3565,encount_sotai.nod,shift_jis,8,オブジェクト34
3565,encount_sotai.nod,shift_jis,8,オブジェクト35
3565,encount_sotai.nod,shift_jis,8,オブジェクト36
3565,encount_sotai.nod,shift_jis,8,オブジェクト37
3565,encount_sotai.nod,shift_jis,8,オブジェクト38
3565,encount_sotai.nod,shift_jis,8,オブジェクト01
3565,encount_sotai.nod,shift_jis,8,オブジェクト02
3565,encount_sotai.nod,shift_jis,8,オブジェクト10
3565,encount_sotai.nod,shift_jis,8,オブジェクト14
3565,encount_sotai.nod,shift_jis,8,オブジェクト39
3565,encount_sotai.nod,shift_jis,8,オブジェクト40
3565,encount_sotai.nod,shift_jis,8,オブジェクト41
3565,encount_sotai.nod,shift_jis,8,オブジェクト42
3565,encount_sotai.nod,shift_jis,8,オブジェクト43
3565,encount_sotai.nod,shift_jis,8,オブジェクト44
3565,encount_sotai.nod,shift_jis,8,オブジェクト45
3565,encount_sotai.nod,shift_jis,8,オブジェクト46
3565,encount_sotai.nod,shift_jis,8,オブジェクト47
3565,encount_sotai.nod,shift_jis,8,オブジェクト48
3565,encount_sotai.nod,shift_jis,8,オブジェクト49
3565,encount_sotai.nod,shift_jis,8,オブジェクト50
3565,encount_sotai.nod,shift_jis,8,オブジェクト51
3565,encount_sotai.nod,shift_jis,8,オブジェクト52
3565,encount_sotai.nod,shift_jis,8,オブジェクト53
3565,encount_sotai.nod,shift_jis,8,オブジェクト54
3565,encount_sotai.nod,shift_jis,8,オブジェクト55
3565,encount_motion_00.ani,shift_jis,8,オブジェクト03
3565,encount_motion_00.ani,shift_jis,8,オブジェクト04
3565,encount_motion_00.ani,shift_jis,8,オブジェクト05
3565,encount_motion_00.ani,shift_jis,8,オブジェクト06
3565,encount_motion_00.ani,shift_jis,8,オブジェクト07
3565,encount_motion_00.ani,shift_jis,8,オブジェクト08
3565,encount_motion_00.ani,shift_jis,8,オブジェクト09
3565,encount_motion_00.ani,shift_jis,8,オブジェクト11
3565,encount_motion_00.ani,shift_jis,8,オブジェクト12
3565,encount_motion_00.ani,shift_jis,8,オブジェクト13
3565,encount_motion_00.ani,shift_jis,8,オブジェクト15
3565,encount_motion_00.ani,shift_jis,8,オブジェクト16
3565,encount_motion_00.ani,shift_jis,8,オブジェクト17
3565,encount_motion_00.ani,shift_jis,8,オブジェクト18
3565,encount_motion_00.ani,shift_jis,8,オブジェクト19
3565,encount_motion_00.ani,shift_jis,8,オブジェクト20
3565,encount_motion_00.ani,shift_jis,8,オブジェクト21
3565,encount_motion_00.ani,shift_jis,8,オブジェクト22
3565,encount_motion_00.ani,shift_jis,8,オブジェクト23
3565,encount_motion_00.ani,shift_jis,8,オブジェクト24
3565,encount_motion_00.ani,shift_jis,8,オブジェクト25
3565,encount_motion_00.ani,shift_jis,8,オブジェクト26
3565,encount_motion_00.ani,shift_jis,8,オブジェクト27
3565,encount_motion_00.ani,shift_jis,8,オブジェクト28
3565,encount_motion_00.ani,shift_jis,8,オブジェクト29
3565,encount_motion_00.ani,shift_jis,8,オブジェクト30
3565,encount_motion_00.ani,shift_jis,8,オブジェクト31
3565,encount_motion_00.ani,shift_jis,8,オブジェクト32
3565,encount_motion_00.ani,shift_jis,8,オブジェクト33
3565,encount_motion_00.ani,shift_jis,8,オブジェクト34
3565,encount_motion_00.ani,shift_jis,8,オブジェクト35
3565,encount_motion_00.ani,shift_jis,8,オブジェクト36
3565,encount_motion_00.ani,shift_jis,8,オブジェクト37
3565,encount_motion_00.ani,shift_jis,8,オブジェクト38
3565,encount_motion_00.ani,shift_jis,8,オブジェクト01
3565,encount_motion_00.ani,shift_jis,8,オブジェクト02
3565,encount_motion_00.ani,shift_jis,8,オブジェクト10
3565,encount_motion_00.ani,shift_jis,8,オブジェクト14
3565,encount_motion_00.ani,shift_jis,8,オブジェクト39
3565,encount_motion_00.ani,shift_jis,8,オブジェクト40
3565,encount_motion_00.ani,shift_jis,8,オブジェクト41
3565,encount_motion_00.ani,shift_jis,8,オブジェクト42
3565,encount_motion_00.ani,shift_jis,8,オブジェクト43
3565,encount_motion_00.ani,shift_jis,8,オブジェクト44
3565,encount_motion_00.ani,shift_jis,8,オブジェクト45
3565,encount_motion_00.ani,shift_jis,8,オブジェクト46
3565,encount_motion_00.ani,shift_jis,8,オブジェクト47
3565,encount_motion_00.ani,shift_jis,8,オブジェクト48
3565,encount_motion_00.ani,shift_jis,8,オブジェクト49
3565,encount_motion_00.ani,shift_jis,8,オブジェクト50
3565,encount_motion_00.ani,shift_jis,8,オブジェクト51
3565,encount_motion_00.ani,shift_jis,8,オブジェクト52
3565,encount_motion_00.ani,shift_jis,8,オブジェクト53
3565,encount_motion_00.ani,shift_jis,8,オブジェクト54
3565,encount_motion_00.ani,shift_jis,8,オブジェクト55
3565,encount_motion_01.ani,shift_jis,8,オブジェクト03
3565,encount_motion_01.ani,shift_jis,8,オブジェクト04
3565,encount_motion_01.ani,shift_jis,8,オブジェクト05
3565,encount_motion_01.ani,shift_jis,8,オブジェクト06
3565,encount_motion_01.ani,shift_jis,8,オブジェクト07
3565,encount_motion_01.ani,shift_jis,8,オブジェクト08
3565,encount_motion_01.ani,shift_jis,8,オブジェクト09
3565,encount_motion_01.ani,shift_jis,8,オブジェクト11
3565,encount_motion_01.ani,shift_jis,8,オブジェクト12
3565,encount_motion_01.ani,shift_jis,8,オブジェクト13
3565,encount_motion_01.ani,shift_jis,8,オブジェクト15
3565,encount_motion_01.ani,shift_jis,8,オブジェクト16
3565,encount_motion_01.ani,shift_jis,8,オブジェクト17
3565,encount_motion_01.ani,shift_jis,8,オブジェクト18
3565,encount_motion_01.ani,shift_jis,8,オブジェクト19
3565,encount_motion_01.ani,shift_jis,8,オブジェクト20
3565,encount_motion_01.ani,shift_jis,8,オブジェクト21
3565,encount_motion_01.ani,shift_jis,8,オブジェクト22
3565,encount_motion_01.ani,shift_jis,8,オブジェクト23
3565,encount_motion_01.ani,shift_jis,8,オブジェクト24
3565,encount_motion_01.ani,shift_jis,8,オブジェクト25
3565,encount_motion_01.ani,shift_jis,8,オブジェクト26
3565,encount_motion_01.ani,shift_jis,8,オブジェクト27
3565,encount_motion_01.ani,shift_jis,8,オブジェクト28
3565,encount_motion_01.ani,shift_jis,8,オブジェクト29
3565,encount_motion_01.ani,shift_jis,8,オブジェクト30
3565,encount_motion_01.ani,shift_jis,8,オブジェクト31
3565,encount_motion_01.ani,shift_jis,8,オブジェクト32
3565,encount_motion_01.ani,shift_jis,8,オブジェクト33
3565,encount_motion_01.ani,shift_jis,8,オブジェクト34
3565,encount_motion_01.ani,shift_jis,8,オブジェクト35
3565,encount_motion_01.ani,shift_jis,8,オブジェクト36
3565,encount_motion_01.ani,shift_jis,8,オブジェクト37
3565,encount_motion_01.ani,shift_jis,8,オブジェクト38
3565,encount_motion_01.ani,shift_jis,8,オブジェクト01
3565,encount_motion_01.ani,shift_jis,8,オブジェクト02
3565,encount_motion_01.ani,shift_jis,8,オブジェクト10
3565,encount_motion_01.ani,shift_jis,8,オブジェクト14
3565,encount_motion_01.ani,shift_jis,8,オブジェクト39
3565,encount_motion_01.ani,shift_jis,8,オブジェクト40
3565,encount_motion_01.ani,shift_jis,8,オブジェクト41
3565,encount_motion_01.ani,shift_jis,8,オブジェクト42
3565,encount_motion_01.ani,shift_jis,8,オブジェクト43
3565,encount_motion_01.ani,shift_jis,8,オブジェクト44
3565,encount_motion_01.ani,shift_jis,8,オブジェクト45
3565,encount_motion_01.ani,shift_jis,8,オブジェクト46
3565,encount_motion_01.ani,shift_jis,8,オブジェクト47
3565,encount_motion_01.ani,shift_jis,8,オブジェクト48
3565,encount_motion_01.ani,shift_jis,8,オブジェクト49
3565,encount_motion_01.ani,shift_jis,8,オブジェクト50
3565,encount_motion_01.ani,shift_jis,8,オブジェクト51
3565,encount_motion_01.ani,shift_jis,8,オブジェクト52
3565,encount_motion_01.ani,shift_jis,8,オブジェクト53
3565,encount_motion_01.ani,shift_jis,8,オブジェクト54
3565,encount_motion_01.ani,shift_jis,8,オブジェクト55
3565,t_d09_wood05.ppt,shift_jis,4,ミャャュ
3566,encount_sotai.mdl,shift_jis,8,オブジェクト03
3566,encount_sotai.mdl,shift_jis,6,オブジェクト
3566,encount_sotai.mdl,shift_jis,6,オブジェクト
3566,encount_sotai.mdl,shift_jis,6,オブジェクト
3566,encount_sotai.mdl,shift_jis,6,オブジェクト
3566,encount_sotai.mdl,shift_jis,6,オブジェクト
3566,encount_sotai.mdl,shift_jis,6,オブジェクト
3566,encount_sotai.mdl,shift_jis,6,オブジェクト
3566,encount_sotai.mdl,shift_jis,6,オブジェクト
3566,encount_sotai.mdl,shift_jis,6,オブジェクト
3566,encount_sotai.mdl,shift_jis,6,オブジェクト
3566,encount_sotai.mdl,shift_jis,6,オブジェクト
3566,encount_sotai.mdl,shift_jis,6,オブジェクト
3566,encount_sotai.mdl,shift_jis,6,オブジェクト
3566,encount_sotai.mdl,shift_jis,6,オブジェクト
3566,encount_sotai.mdl,shift_jis,6,オブジェクト
3566,encount_sotai.mdl,shift_jis,6,オブジェクト
3566,encount_sotai.mdl,shift_jis,6,オブジェクト
3566,encount_sotai.mdl,shift_jis,6,オブジェクト
3566,encount_sotai.mdl,shift_jis,6,オブジェクト
3566,encount_sotai.mdl,shift_jis,6,オブジェクト
3566,encount_sotai.mdl,shift_jis,6,オブジェクト
3566,encount_sotai.mdl,shift_jis,6,オブジェクト
3566,encount_sotai.mdl,shift_jis,6,オブジェクト
3566,encount_sotai.mdl,shift_jis,6,オブジェクト
3566,encount_sotai.mdl,shift_jis,6,オブジェクト
3566,encount_sotai.mdl,shift_jis,6,オブジェクト
3566,encount_sotai.mdl,shift_jis,6,オブジェクト
3566,encount_sotai.mdl,shift_jis,6,オブジェクト
3566,encount_sotai.mdl,shift_jis,6,オブジェクト
3566,encount_sotai.mdl,shift_jis,6,オブジェクト
3566,encount_sotai.mdl,shift_jis,6,オブジェクト
3566,encount_sotai.mdl,shift_jis,6,オブジェクト
3566,encount_sotai.mdl,shift_jis,6,オブジェクト
3566,encount_sotai.mdl,shift_jis,6,オブジェクト
3566,encount_sotai.mdl,shift_jis,6,オブジェクト
3566,encount_sotai.mdl,shift_jis,6,オブジェクト
3566,encount_sotai.mdl,shift_jis,6,オブジェクト
3566,encount_sotai.mdl,shift_jis,6,オブジェクト
3566,encount_sotai.mdl,shift_jis,6,オブジェクト
3566,encount_sotai.mdl,shift_jis,6,オブジェクト
3566,encount_sotai.mdl,shift_jis,6,オブジェクト
3566,encount_sotai.mdl,shift_jis,6,オブジェクト
3566,encount_sotai.mdl,shift_jis,6,オブジェクト
3566,encount_sotai.mdl,shift_jis,6,オブジェクト
3566,encount_sotai.mdl,shift_jis,6,オブジェクト
3566,encount_sotai.mdl,shift_jis,6,オブジェクト
3566,encount_sotai.mdl,shift_jis,6,オブジェクト
3566,encount_sotai.mdl,shift_jis,6,オブジェクト
3566,encount_sotai.mdl,shift_jis,6,オブジェクト
3566,encount_sotai.mdl,shift_jis,6,オブジェクト
3566,encount_sotai.mdl,shift_jis,6,オブジェクト
3566,encount_sotai.mdl,shift_jis,6,オブジェクト
3566,encount_sotai.mdl,shift_jis,6,オブジェクト
3566,encount_sotai.mdl,shift_jis,6,オブジェクト
3566,encount_sotai.nod,shift_jis,8,オブジェクト03
3566,encount_sotai.nod,shift_jis,8,オブジェクト04
3566,encount_sotai.nod,shift_jis,8,オブジェクト05
3566,encount_sotai.nod,shift_jis,8,オブジェクト06
3566,encount_sotai.nod,shift_jis,8,オブジェクト07
3566,encount_sotai.nod,shift_jis,8,オブジェクト08
3566,encount_sotai.nod,shift_jis,8,オブジェクト09
3566,encount_sotai.nod,shift_jis,8,オブジェクト11
3566,encount_sotai.nod,shift_jis,8,オブジェクト12
3566,encount_sotai.nod,shift_jis,8,オブジェクト13
3566,encount_sotai.nod,shift_jis,8,オブジェクト15
3566,encount_sotai.nod,shift_jis,8,オブジェクト16
3566,encount_sotai.nod,shift_jis,8,オブジェクト17
3566,encount_sotai.nod,shift_jis,8,オブジェクト18
3566,encount_sotai.nod,shift_jis,8,オブジェクト19
3566,encount_sotai.nod,shift_jis,8,オブジェクト20
3566,encount_sotai.nod,shift_jis,8,オブジェクト21
3566,encount_sotai.nod,shift_jis,8,オブジェクト22
3566,encount_sotai.nod,shift_jis,8,オブジェクト23
3566,encount_sotai.nod,shift_jis,8,オブジェクト24
3566,encount_sotai.nod,shift_jis,8,オブジェクト25
3566,encount_sotai.nod,shift_jis,8,オブジェクト26
3566,encount_sotai.nod,shift_jis,8,オブジェクト27
3566,encount_sotai.nod,shift_jis,8,オブジェクト28
3566,encount_sotai.nod,shift_jis,8,オブジェクト29
3566,encount_sotai.nod,shift_jis,8,オブジェクト30
3566,encount_sotai.nod,shift_jis,8,オブジェクト31
3566,encount_sotai.nod,shift_jis,8,オブジェクト32
3566,encount_sotai.nod,shift_jis,8,オブジェクト33
3566,encount_sotai.nod,shift_jis,8,オブジェクト34
3566,encount_sotai.nod,shift_jis,8,オブジェクト35
3566,encount_sotai.nod,shift_jis,8,オブジェクト36
3566,encount_sotai.nod,shift_jis,8,オブジェクト37
3566,encount_sotai.nod,shift_jis,8,オブジェクト38
3566,encount_sotai.nod,shift_jis,8,オブジェクト01
3566,encount_sotai.nod,shift_jis,8,オブジェクト02
3566,encount_sotai.nod,shift_jis,8,オブジェクト10
3566,encount_sotai.nod,shift_jis,8,オブジェクト14
3566,encount_sotai.nod,shift_jis,8,オブジェクト39
3566,encount_sotai.nod,shift_jis,8,オブジェクト40
3566,encount_sotai.nod,shift_jis,8,オブジェクト41
3566,encount_sotai.nod,shift_jis,8,オブジェクト42
3566,encount_sotai.nod,shift_jis,8,オブジェクト43
3566,encount_sotai.nod,shift_jis,8,オブジェクト44
3566,encount_sotai.nod,shift_jis,8,オブジェクト45
3566,encount_sotai.nod,shift_jis,8,オブジェクト46
3566,encount_sotai.nod,shift_jis,8,オブジェクト47
3566,encount_sotai.nod,shift_jis,8,オブジェクト48
3566,encount_sotai.nod,shift_jis,8,オブジェクト49
3566,encount_sotai.nod,shift_jis,8,オブジェクト50
3566,encount_sotai.nod,shift_jis,8,オブジェクト51
3566,encount_sotai.nod,shift_jis,8,オブジェクト52
3566,encount_sotai.nod,shift_jis,8,オブジェクト53
3566,encount_sotai.nod,shift_jis,8,オブジェクト54
3566,encount_sotai.nod,shift_jis,8,オブジェクト55
3566,encount_motion_00.ani,shift_jis,8,オブジェクト03
3566,encount_motion_00.ani,shift_jis,8,オブジェクト04
3566,encount_motion_00.ani,shift_jis,8,オブジェクト05
3566,encount_motion_00.ani,shift_jis,8,オブジェクト06
3566,encount_motion_00.ani,shift_jis,8,オブジェクト07
3566,encount_motion_00.ani,shift_jis,8,オブジェクト08
3566,encount_motion_00.ani,shift_jis,8,オブジェクト09
3566,encount_motion_00.ani,shift_jis,8,オブジェクト11
3566,encount_motion_00.ani,shift_jis,8,オブジェクト12
3566,encount_motion_00.ani,shift_jis,8,オブジェクト13
3566,encount_motion_00.ani,shift_jis,8,オブジェクト15
3566,encount_motion_00.ani,shift_jis,8,オブジェクト16
3566,encount_motion_00.ani,shift_jis,8,オブジェクト17
3566,encount_motion_00.ani,shift_jis,8,オブジェクト18
3566,encount_motion_00.ani,shift_jis,8,オブジェクト19
3566,encount_motion_00.ani,shift_jis,8,オブジェクト20
3566,encount_motion_00.ani,shift_jis,8,オブジェクト21
3566,encount_motion_00.ani,shift_jis,8,オブジェクト22
3566,encount_motion_00.ani,shift_jis,8,オブジェクト23
3566,encount_motion_00.ani,shift_jis,8,オブジェクト24
3566,encount_motion_00.ani,shift_jis,8,オブジェクト25
3566,encount_motion_00.ani,shift_jis,8,オブジェクト26
3566,encount_motion_00.ani,shift_jis,8,オブジェクト27
3566,encount_motion_00.ani,shift_jis,8,オブジェクト28
3566,encount_motion_00.ani,shift_jis,8,オブジェクト29
3566,encount_motion_00.ani,shift_jis,8,オブジェクト30
3566,encount_motion_00.ani,shift_jis,8,オブジェクト31
3566,encount_motion_00.ani,shift_jis,8,オブジェクト32
3566,encount_motion_00.ani,shift_jis,8,オブジェクト33
3566,encount_motion_00.ani,shift_jis,8,オブジェクト34
3566,encount_motion_00.ani,shift_jis,8,オブジェクト35
3566,encount_motion_00.ani,shift_jis,8,オブジェクト36
3566,encount_motion_00.ani,shift_jis,8,オブジェクト37
3566,encount_motion_00.ani,shift_jis,8,オブジェクト38
3566,encount_motion_00.ani,shift_jis,8,オブジェクト01
3566,encount_motion_00.ani,shift_jis,8,オブジェクト02
3566,encount_motion_00.ani,shift_jis,8,オブジェクト10
3566,encount_motion_00.ani,shift_jis,8,オブジェクト14
3566,encount_motion_00.ani,shift_jis,8,オブジェクト39
3566,encount_motion_00.ani,shift_jis,8,オブジェクト40
3566,encount_motion_00.ani,shift_jis,8,オブジェクト41
3566,encount_motion_00.ani,shift_jis,8,オブジェクト42
3566,encount_motion_00.ani,shift_jis,8,オブジェクト43
3566,encount_motion_00.ani,shift_jis,8,オブジェクト44
3566,encount_motion_00.ani,shift_jis,8,オブジェクト45
3566,encount_motion_00.ani,shift_jis,8,オブジェクト46
3566,encount_motion_00.ani,shift_jis,8,オブジェクト47
3566,encount_motion_00.ani,shift_jis,8,オブジェクト48
3566,encount_motion_00.ani,shift_jis,8,オブジェクト49
3566,encount_motion_00.ani,shift_jis,8,オブジェクト50
3566,encount_motion_00.ani,shift_jis,8,オブジェクト51
3566,encount_motion_00.ani,shift_jis,8,オブジェクト52
3566,encount_motion_00.ani,shift_jis,8,オブジェクト53
3566,encount_motion_00.ani,shift_jis,8,オブジェクト54
3566,encount_motion_00.ani,shift_jis,8,オブジェクト55
3566,encount_motion_01.ani,shift_jis,8,オブジェクト03
3566,encount_motion_01.ani,shift_jis,8,オブジェクト04
3566,encount_motion_01.ani,shift_jis,8,オブジェクト05
3566,encount_motion_01.ani,shift_jis,8,オブジェクト06
3566,encount_motion_01.ani,shift_jis,8,オブジェクト07
3566,encount_motion_01.ani,shift_jis,8,オブジェクト08
3566,encount_motion_01.ani,shift_jis,8,オブジェクト09
3566,encount_motion_01.ani,shift_jis,8,オブジェクト11
3566,encount_motion_01.ani,shift_jis,8,オブジェクト12
3566,encount_motion_01.ani,shift_jis,8,オブジェクト13
3566,encount_motion_01.ani,shift_jis,8,オブジェクト15
3566,encount_motion_01.ani,shift_jis,8,オブジェクト16
3566,encount_motion_01.ani,shift_jis,8,オブジェクト17
3566,encount_motion_01.ani,shift_jis,8,オブジェクト18
3566,encount_motion_01.ani,shift_jis,8,オブジェクト19
3566,encount_motion_01.ani,shift_jis,8,オブジェクト20
3566,encount_motion_01.ani,shift_jis,8,オブジェクト21
3566,encount_motion_01.ani,shift_jis,8,オブジェクト22
3566,encount_motion_01.ani,shift_jis,8,オブジェクト23
3566,encount_motion_01.ani,shift_jis,8,オブジェクト24
3566,encount_motion_01.ani,shift_jis,8,オブジェクト25
3566,encount_motion_01.ani,shift_jis,8,オブジェクト26
3566,encount_motion_01.ani,shift_jis,8,オブジェクト27
3566,encount_motion_01.ani,shift_jis,8,オブジェクト28
3566,encount_motion_01.ani,shift_jis,8,オブジェクト29
3566,encount_motion_01.ani,shift_jis,8,オブジェクト30
3566,encount_motion_01.ani,shift_jis,8,オブジェクト31
3566,encount_motion_01.ani,shift_jis,8,オブジェクト32
3566,encount_motion_01.ani,shift_jis,8,オブジェクト33
3566,encount_motion_01.ani,shift_jis,8,オブジェクト34
3566,encount_motion_01.ani,shift_jis,8,オブジェクト35
3566,encount_motion_01.ani,shift_jis,8,オブジェクト36
3566,encount_motion_01.ani,shift_jis,8,オブジェクト37
3566,encount_motion_01.ani,shift_jis,8,オブジェクト38
3566,encount_motion_01.ani,shift_jis,8,オブジェクト01
3566,encount_motion_01.ani,shift_jis,8,オブジェクト02
3566,encount_motion_01.ani,shift_jis,8,オブジェクト10
3566,encount_motion_01.ani,shift_jis,8,オブジェクト14
3566,encount_motion_01.ani,shift_jis,8,オブジェクト39
3566,encount_motion_01.ani,shift_jis,8,オブジェクト40
3566,encount_motion_01.ani,shift_jis,8,オブジェクト41
3566,encount_motion_01.ani,shift_jis,8,オブジェクト42
3566,encount_motion_01.ani,shift_jis,8,オブジェクト43
3566,encount_motion_01.ani,shift_jis,8,オブジェクト44
3566,encount_motion_01.ani,shift_jis,8,オブジェクト45
3566,encount_motion_01.ani,shift_jis,8,オブジェクト46
3566,encount_motion_01.ani,shift_jis,8,オブジェクト47
3566,encount_motion_01.ani,shift_jis,8,オブジェクト48
3566,encount_motion_01.ani,shift_jis,8,オブジェクト49
3566,encount_motion_01.ani,shift_jis,8,オブジェクト50
3566,encount_motion_01.ani,shift_jis,8,オブジェクト51
3566,encount_motion_01.ani,shift_jis,8,オブジェクト52
3566,encount_motion_01.ani,shift_jis,8,オブジェクト53
3566,encount_motion_01.ani,shift_jis,8,オブジェクト54
3566,encount_motion_01.ani,shift_jis,8,オブジェクト55
3567,encount_sotai.mdl,shift_jis,8,オブジェクト03
3567,encount_sotai.mdl,shift_jis,6,オブジェクト
3567,encount_sotai.mdl,shift_jis,6,オブジェクト
3567,encount_sotai.mdl,shift_jis,6,オブジェクト
3567,encount_sotai.mdl,shift_jis,6,オブジェクト
3567,encount_sotai.mdl,shift_jis,6,オブジェクト
3567,encount_sotai.mdl,shift_jis,6,オブジェクト
3567,encount_sotai.mdl,shift_jis,6,オブジェクト
3567,encount_sotai.mdl,shift_jis,6,オブジェクト
3567,encount_sotai.mdl,shift_jis,6,オブジェクト
3567,encount_sotai.mdl,shift_jis,6,オブジェクト
3567,encount_sotai.mdl,shift_jis,6,オブジェクト
3567,encount_sotai.mdl,shift_jis,6,オブジェクト
3567,encount_sotai.mdl,shift_jis,6,オブジェクト
3567,encount_sotai.mdl,shift_jis,6,オブジェクト
3567,encount_sotai.mdl,shift_jis,6,オブジェクト
3567,encount_sotai.mdl,shift_jis,6,オブジェクト
3567,encount_sotai.mdl,shift_jis,6,オブジェクト
3567,encount_sotai.mdl,shift_jis,6,オブジェクト
3567,encount_sotai.mdl,shift_jis,6,オブジェクト
3567,encount_sotai.mdl,shift_jis,6,オブジェクト
3567,encount_sotai.mdl,shift_jis,6,オブジェクト
3567,encount_sotai.mdl,shift_jis,6,オブジェクト
3567,encount_sotai.mdl,shift_jis,6,オブジェクト
3567,encount_sotai.mdl,shift_jis,6,オブジェクト
3567,encount_sotai.mdl,shift_jis,6,オブジェクト
3567,encount_sotai.mdl,shift_jis,6,オブジェクト
3567,encount_sotai.mdl,shift_jis,6,オブジェクト
3567,encount_sotai.mdl,shift_jis,6,オブジェクト
3567,encount_sotai.mdl,shift_jis,6,オブジェクト
3567,encount_sotai.mdl,shift_jis,6,オブジェクト
3567,encount_sotai.mdl,shift_jis,6,オブジェクト
3567,encount_sotai.mdl,shift_jis,6,オブジェクト
3567,encount_sotai.mdl,shift_jis,6,オブジェクト
3567,encount_sotai.mdl,shift_jis,6,オブジェクト
3567,encount_sotai.mdl,shift_jis,6,オブジェクト
3567,encount_sotai.mdl,shift_jis,6,オブジェクト
3567,encount_sotai.mdl,shift_jis,6,オブジェクト
3567,encount_sotai.mdl,shift_jis,6,オブジェクト
3567,encount_sotai.mdl,shift_jis,6,オブジェクト
3567,encount_sotai.mdl,shift_jis,6,オブジェクト
3567,encount_sotai.mdl,shift_jis,6,オブジェクト
3567,encount_sotai.mdl,shift_jis,6,オブジェクト
3567,encount_sotai.mdl,shift_jis,6,オブジェクト
3567,encount_sotai.mdl,shift_jis,6,オブジェクト
3567,encount_sotai.mdl,shift_jis,6,オブジェクト
3567,encount_sotai.mdl,shift_jis,6,オブジェクト
3567,encount_sotai.mdl,shift_jis,6,オブジェクト
3567,encount_sotai.mdl,shift_jis,6,オブジェクト
3567,encount_sotai.mdl,shift_jis,6,オブジェクト
3567,encount_sotai.mdl,shift_jis,6,オブジェクト
3567,encount_sotai.mdl,shift_jis,6,オブジェクト
3567,encount_sotai.mdl,shift_jis,6,オブジェクト
3567,encount_sotai.mdl,shift_jis,6,オブジェクト
3567,encount_sotai.mdl,shift_jis,6,オブジェクト
3567,encount_sotai.nod,shift_jis,8,オブジェクト03
3567,encount_sotai.nod,shift_jis,8,オブジェクト04
3567,encount_sotai.nod,shift_jis,8,オブジェクト05
3567,encount_sotai.nod,shift_jis,8,オブジェクト06
3567,encount_sotai.nod,shift_jis,8,オブジェクト07
3567,encount_sotai.nod,shift_jis,8,オブジェクト08
3567,encount_sotai.nod,shift_jis,8,オブジェクト09
3567,encount_sotai.nod,shift_jis,8,オブジェクト11
3567,encount_sotai.nod,shift_jis,8,オブジェクト12
3567,encount_sotai.nod,shift_jis,8,オブジェクト13
3567,encount_sotai.nod,shift_jis,8,オブジェクト15
3567,encount_sotai.nod,shift_jis,8,オブジェクト16
3567,encount_sotai.nod,shift_jis,8,オブジェクト17
3567,encount_sotai.nod,shift_jis,8,オブジェクト18
3567,encount_sotai.nod,shift_jis,8,オブジェクト19
3567,encount_sotai.nod,shift_jis,8,オブジェクト20
3567,encount_sotai.nod,shift_jis,8,オブジェクト21
3567,encount_sotai.nod,shift_jis,8,オブジェクト22
3567,encount_sotai.nod,shift_jis,8,オブジェクト23
3567,encount_sotai.nod,shift_jis,8,オブジェクト24
3567,encount_sotai.nod,shift_jis,8,オブジェクト25
3567,encount_sotai.nod,shift_jis,8,オブジェクト26
3567,encount_sotai.nod,shift_jis,8,オブジェクト27
3567,encount_sotai.nod,shift_jis,8,オブジェクト28
3567,encount_sotai.nod,shift_jis,8,オブジェクト29
3567,encount_sotai.nod,shift_jis,8,オブジェクト30
3567,encount_sotai.nod,shift_jis,8,オブジェクト31
3567,encount_sotai.nod,shift_jis,8,オブジェクト32
3567,encount_sotai.nod,shift_jis,8,オブジェクト33
3567,encount_sotai.nod,shift_jis,8,オブジェクト34
3567,encount_sotai.nod,shift_jis,8,オブジェクト35
3567,encount_sotai.nod,shift_jis,8,オブジェクト36
3567,encount_sotai.nod,shift_jis,8,オブジェクト37
3567,encount_sotai.nod,shift_jis,8,オブジェクト38
3567,encount_sotai.nod,shift_jis,8,オブジェクト01
3567,encount_sotai.nod,shift_jis,8,オブジェクト02
3567,encount_sotai.nod,shift_jis,8,オブジェクト10
3567,encount_sotai.nod,shift_jis,8,オブジェクト14
3567,encount_sotai.nod,shift_jis,8,オブジェクト39
3567,encount_sotai.nod,shift_jis,8,オブジェクト40
3567,encount_sotai.nod,shift_jis,8,オブジェクト41
3567,encount_sotai.nod,shift_jis,8,オブジェクト42
3567,encount_sotai.nod,shift_jis,8,オブジェクト43
3567,encount_sotai.nod,shift_jis,8,オブジェクト44
3567,encount_sotai.nod,shift_jis,8,オブジェクト45
3567,encount_sotai.nod,shift_jis,8,オブジェクト46
3567,encount_sotai.nod,shift_jis,8,オブジェクト47
3567,encount_sotai.nod,shift_jis,8,オブジェクト48
3567,encount_sotai.nod,shift_jis,8,オブジェクト49
3567,encount_sotai.nod,shift_jis,8,オブジェクト50
3567,encount_sotai.nod,shift_jis,8,オブジェクト51
3567,encount_sotai.nod,shift_jis,8,オブジェクト52
3567,encount_sotai.nod,shift_jis,8,オブジェクト53
3567,encount_sotai.nod,shift_jis,8,オブジェクト54
3567,encount_sotai.nod,shift_jis,8,オブジェクト55
3567,encount_motion_00.ani,shift_jis,8,オブジェクト03
3567,encount_motion_00.ani,shift_jis,8,オブジェクト04
3567,encount_motion_00.ani,shift_jis,8,オブジェクト05
3567,encount_motion_00.ani,shift_jis,8,オブジェクト06
3567,encount_motion_00.ani,shift_jis,8,オブジェクト07
3567,encount_motion_00.ani,shift_jis,8,オブジェクト08
3567,encount_motion_00.ani,shift_jis,8,オブジェクト09
3567,encount_motion_00.ani,shift_jis,8,オブジェクト11
3567,encount_motion_00.ani,shift_jis,8,オブジェクト12
3567,encount_motion_00.ani,shift_jis,8,オブジェクト13
3567,encount_motion_00.ani,shift_jis,8,オブジェクト15
3567,encount_motion_00.ani,shift_jis,8,オブジェクト16
3567,encount_motion_00.ani,shift_jis,8,オブジェクト17
3567,encount_motion_00.ani,shift_jis,8,オブジェクト18
3567,encount_motion_00.ani,shift_jis,8,オブジェクト19
3567,encount_motion_00.ani,shift_jis,8,オブジェクト20
3567,encount_motion_00.ani,shift_jis,8,オブジェクト21
3567,encount_motion_00.ani,shift_jis,8,オブジェクト22
3567,encount_motion_00.ani,shift_jis,8,オブジェクト23
3567,encount_motion_00.ani,shift_jis,8,オブジェクト24
3567,encount_motion_00.ani,shift_jis,8,オブジェクト25
3567,encount_motion_00.ani,shift_jis,8,オブジェクト26
3567,encount_motion_00.ani,shift_jis,8,オブジェクト27
3567,encount_motion_00.ani,shift_jis,8,オブジェクト28
3567,encount_motion_00.ani,shift_jis,8,オブジェクト29
3567,encount_motion_00.ani,shift_jis,8,オブジェクト30
3567,encount_motion_00.ani,shift_jis,8,オブジェクト31
3567,encount_motion_00.ani,shift_jis,8,オブジェクト32
3567,encount_motion_00.ani,shift_jis,8,オブジェクト33
3567,encount_motion_00.ani,shift_jis,8,オブジェクト34
3567,encount_motion_00.ani,shift_jis,8,オブジェクト35
3567,encount_motion_00.ani,shift_jis,8,オブジェクト36
3567,encount_motion_00.ani,shift_jis,8,オブジェクト37
3567,encount_motion_00.ani,shift_jis,8,オブジェクト38
3567,encount_motion_00.ani,shift_jis,8,オブジェクト01
3567,encount_motion_00.ani,shift_jis,8,オブジェクト02
3567,encount_motion_00.ani,shift_jis,8,オブジェクト10
3567,encount_motion_00.ani,shift_jis,8,オブジェクト14
3567,encount_motion_00.ani,shift_jis,8,オブジェクト39
3567,encount_motion_00.ani,shift_jis,8,オブジェクト40
3567,encount_motion_00.ani,shift_jis,8,オブジェクト41
3567,encount_motion_00.ani,shift_jis,8,オブジェクト42
3567,encount_motion_00.ani,shift_jis,8,オブジェクト43
3567,encount_motion_00.ani,shift_jis,8,オブジェクト44
3567,encount_motion_00.ani,shift_jis,8,オブジェクト45
3567,encount_motion_00.ani,shift_jis,8,オブジェクト46
3567,encount_motion_00.ani,shift_jis,8,オブジェクト47
3567,encount_motion_00.ani,shift_jis,8,オブジェクト48
3567,encount_motion_00.ani,shift_jis,8,オブジェクト49
3567,encount_motion_00.ani,shift_jis,8,オブジェクト50
3567,encount_motion_00.ani,shift_jis,8,オブジェクト51
3567,encount_motion_00.ani,shift_jis,8,オブジェクト52
3567,encount_motion_00.ani,shift_jis,8,オブジェクト53
3567,encount_motion_00.ani,shift_jis,8,オブジェクト54
3567,encount_motion_00.ani,shift_jis,8,オブジェクト55
3567,encount_motion_01.ani,shift_jis,8,オブジェクト03
3567,encount_motion_01.ani,shift_jis,8,オブジェクト04
3567,encount_motion_01.ani,shift_jis,8,オブジェクト05
3567,encount_motion_01.ani,shift_jis,8,オブジェクト06
3567,encount_motion_01.ani,shift_jis,8,オブジェクト07
3567,encount_motion_01.ani,shift_jis,8,オブジェクト08
3567,encount_motion_01.ani,shift_jis,8,オブジェクト09
3567,encount_motion_01.ani,shift_jis,8,オブジェクト11
3567,encount_motion_01.ani,shift_jis,8,オブジェクト12
3567,encount_motion_01.ani,shift_jis,8,オブジェクト13
3567,encount_motion_01.ani,shift_jis,8,オブジェクト15
3567,encount_motion_01.ani,shift_jis,8,オブジェクト16
3567,encount_motion_01.ani,shift_jis,8,オブジェクト17
3567,encount_motion_01.ani,shift_jis,8,オブジェクト18
3567,encount_motion_01.ani,shift_jis,8,オブジェクト19
3567,encount_motion_01.ani,shift_jis,8,オブジェクト20
3567,encount_motion_01.ani,shift_jis,8,オブジェクト21
3567,encount_motion_01.ani,shift_jis,8,オブジェクト22
3567,encount_motion_01.ani,shift_jis,8,オブジェクト23
3567,encount_motion_01.ani,shift_jis,8,オブジェクト24
3567,encount_motion_01.ani,shift_jis,8,オブジェクト25
3567,encount_motion_01.ani,shift_jis,8,オブジェクト26
3567,encount_motion_01.ani,shift_jis,8,オブジェクト27
3567,encount_motion_01.ani,shift_jis,8,オブジェクト28
3567,encount_motion_01.ani,shift_jis,8,オブジェクト29
3567,encount_motion_01.ani,shift_jis,8,オブジェクト30
3567,encount_motion_01.ani,shift_jis,8,オブジェクト31
3567,encount_motion_01.ani,shift_jis,8,オブジェクト32
3567,encount_motion_01.ani,shift_jis,8,オブジェクト33
3567,encount_motion_01.ani,shift_jis,8,オブジェクト34
3567,encount_motion_01.ani,shift_jis,8,オブジェクト35
3567,encount_motion_01.ani,shift_jis,8,オブジェクト36
3567,encount_motion_01.ani,shift_jis,8,オブジェクト37
3567,encount_motion_01.ani,shift_jis,8,オブジェクト38
3567,encount_motion_01.ani,shift_jis,8,オブジェクト01
3567,encount_motion_01.ani,shift_jis,8,オブジェクト02
3567,encount_motion_01.ani,shift_jis,8,オブジェクト10
3567,encount_motion_01.ani,shift_jis,8,オブジェクト14
3567,encount_motion_01.ani,shift_jis,8,オブジェクト39
3567,encount_motion_01.ani,shift_jis,8,オブジェクト40
3567,encount_motion_01.ani,shift_jis,8,オブジェクト41
3567,encount_motion_01.ani,shift_jis,8,オブジェクト42
3567,encount_motion_01.ani,shift_jis,8,オブジェクト43
3567,encount_motion_01.ani,shift_jis,8,オブジェクト44
3567,encount_motion_01.ani,shift_jis,8,オブジェクト45
3567,encount_motion_01.ani,shift_jis,8,オブジェクト46
3567,encount_motion_01.ani,shift_jis,8,オブジェクト47
3567,encount_motion_01.ani,shift_jis,8,オブジェクト48
3567,encount_motion_01.ani,shift_jis,8,オブジェクト49
3567,encount_motion_01.ani,shift_jis,8,オブジェクト50
3567,encount_motion_01.ani,shift_jis,8,オブジェクト51
3567,encount_motion_01.ani,shift_jis,8,オブジェクト52
3567,encount_motion_01.ani,shift_jis,8,オブジェクト53
3567,encount_motion_01.ani,shift_jis,8,オブジェクト54
3567,encount_motion_01.ani,shift_jis,8,オブジェクト55
3568,encount_sotai.mdl,shift_jis,8,オブジェクト03
3568,encount_sotai.mdl,shift_jis,6,オブジェクト
3568,encount_sotai.mdl,shift_jis,6,オブジェクト
3568,encount_sotai.mdl,shift_jis,6,オブジェクト
3568,encount_sotai.mdl,shift_jis,6,オブジェクト
3568,encount_sotai.mdl,shift_jis,6,オブジェクト
3568,encount_sotai.mdl,shift_jis,6,オブジェクト
3568,encount_sotai.mdl,shift_jis,6,オブジェクト
3568,encount_sotai.mdl,shift_jis,6,オブジェクト
3568,encount_sotai.mdl,shift_jis,6,オブジェクト
3568,encount_sotai.mdl,shift_jis,6,オブジェクト
3568,encount_sotai.mdl,shift_jis,6,オブジェクト
3568,encount_sotai.mdl,shift_jis,6,オブジェクト
3568,encount_sotai.mdl,shift_jis,6,オブジェクト
3568,encount_sotai.mdl,shift_jis,6,オブジェクト
3568,encount_sotai.mdl,shift_jis,6,オブジェクト
3568,encount_sotai.mdl,shift_jis,6,オブジェクト
3568,encount_sotai.mdl,shift_jis,6,オブジェクト
3568,encount_sotai.mdl,shift_jis,6,オブジェクト
3568,encount_sotai.mdl,shift_jis,6,オブジェクト
3568,encount_sotai.mdl,shift_jis,6,オブジェクト
3568,encount_sotai.mdl,shift_jis,6,オブジェクト
3568,encount_sotai.mdl,shift_jis,6,オブジェクト
3568,encount_sotai.mdl,shift_jis,6,オブジェクト
3568,encount_sotai.mdl,shift_jis,6,オブジェクト
3568,encount_sotai.mdl,shift_jis,6,オブジェクト
3568,encount_sotai.mdl,shift_jis,6,オブジェクト
3568,encount_sotai.mdl,shift_jis,6,オブジェクト
3568,encount_sotai.mdl,shift_jis,6,オブジェクト
3568,encount_sotai.mdl,shift_jis,6,オブジェクト
3568,encount_sotai.mdl,shift_jis,6,オブジェクト
3568,encount_sotai.mdl,shift_jis,6,オブジェクト
3568,encount_sotai.mdl,shift_jis,6,オブジェクト
3568,encount_sotai.mdl,shift_jis,6,オブジェクト
3568,encount_sotai.mdl,shift_jis,6,オブジェクト
3568,encount_sotai.mdl,shift_jis,6,オブジェクト
3568,encount_sotai.mdl,shift_jis,6,オブジェクト
3568,encount_sotai.mdl,shift_jis,6,オブジェクト
3568,encount_sotai.mdl,shift_jis,6,オブジェクト
3568,encount_sotai.mdl,shift_jis,6,オブジェクト
3568,encount_sotai.mdl,shift_jis,6,オブジェクト
3568,encount_sotai.mdl,shift_jis,6,オブジェクト
3568,encount_sotai.mdl,shift_jis,6,オブジェクト
3568,encount_sotai.mdl,shift_jis,6,オブジェクト
3568,encount_sotai.mdl,shift_jis,6,オブジェクト
3568,encount_sotai.mdl,shift_jis,6,オブジェクト
3568,encount_sotai.mdl,shift_jis,6,オブジェクト
3568,encount_sotai.mdl,shift_jis,6,オブジェクト
3568,encount_sotai.mdl,shift_jis,6,オブジェクト
3568,encount_sotai.mdl,shift_jis,6,オブジェクト
3568,encount_sotai.mdl,shift_jis,6,オブジェクト
3568,encount_sotai.mdl,shift_jis,6,オブジェクト
3568,encount_sotai.mdl,shift_jis,6,オブジェクト
3568,encount_sotai.mdl,shift_jis,6,オブジェクト
3568,encount_sotai.mdl,shift_jis,6,オブジェクト
3568,encount_sotai.nod,shift_jis,8,オブジェクト03
3568,encount_sotai.nod,shift_jis,8,オブジェクト04
3568,encount_sotai.nod,shift_jis,8,オブジェクト05
3568,encount_sotai.nod,shift_jis,8,オブジェクト06
3568,encount_sotai.nod,shift_jis,8,オブジェクト07
3568,encount_sotai.nod,shift_jis,8,オブジェクト08
3568,encount_sotai.nod,shift_jis,8,オブジェクト09
3568,encount_sotai.nod,shift_jis,8,オブジェクト11
3568,encount_sotai.nod,shift_jis,8,オブジェクト12
3568,encount_sotai.nod,shift_jis,8,オブジェクト13
3568,encount_sotai.nod,shift_jis,8,オブジェクト15
3568,encount_sotai.nod,shift_jis,8,オブジェクト16
3568,encount_sotai.nod,shift_jis,8,オブジェクト17
3568,encount_sotai.nod,shift_jis,8,オブジェクト18
3568,encount_sotai.nod,shift_jis,8,オブジェクト19
3568,encount_sotai.nod,shift_jis,8,オブジェクト20
3568,encount_sotai.nod,shift_jis,8,オブジェクト21
3568,encount_sotai.nod,shift_jis,8,オブジェクト22
3568,encount_sotai.nod,shift_jis,8,オブジェクト23
3568,encount_sotai.nod,shift_jis,8,オブジェクト24
3568,encount_sotai.nod,shift_jis,8,オブジェクト25
3568,encount_sotai.nod,shift_jis,8,オブジェクト26
3568,encount_sotai.nod,shift_jis,8,オブジェクト27
3568,encount_sotai.nod,shift_jis,8,オブジェクト28
3568,encount_sotai.nod,shift_jis,8,オブジェクト29
3568,encount_sotai.nod,shift_jis,8,オブジェクト30
3568,encount_sotai.nod,shift_jis,8,オブジェクト31
3568,encount_sotai.nod,shift_jis,8,オブジェクト32
3568,encount_sotai.nod,shift_jis,8,オブジェクト33
3568,encount_sotai.nod,shift_jis,8,オブジェクト34
3568,encount_sotai.nod,shift_jis,8,オブジェクト35
3568,encount_sotai.nod,shift_jis,8,オブジェクト36
3568,encount_sotai.nod,shift_jis,8,オブジェクト37
3568,encount_sotai.nod,shift_jis,8,オブジェクト38
3568,encount_sotai.nod,shift_jis,8,オブジェクト01
3568,encount_sotai.nod,shift_jis,8,オブジェクト02
3568,encount_sotai.nod,shift_jis,8,オブジェクト10
3568,encount_sotai.nod,shift_jis,8,オブジェクト14
3568,encount_sotai.nod,shift_jis,8,オブジェクト39
3568,encount_sotai.nod,shift_jis,8,オブジェクト40
3568,encount_sotai.nod,shift_jis,8,オブジェクト41
3568,encount_sotai.nod,shift_jis,8,オブジェクト42
3568,encount_sotai.nod,shift_jis,8,オブジェクト43
3568,encount_sotai.nod,shift_jis,8,オブジェクト44
3568,encount_sotai.nod,shift_jis,8,オブジェクト45
3568,encount_sotai.nod,shift_jis,8,オブジェクト46
3568,encount_sotai.nod,shift_jis,8,オブジェクト47
3568,encount_sotai.nod,shift_jis,8,オブジェクト48
3568,encount_sotai.nod,shift_jis,8,オブジェクト49
3568,encount_sotai.nod,shift_jis,8,オブジェクト50
3568,encount_sotai.nod,shift_jis,8,オブジェクト51
3568,encount_sotai.nod,shift_jis,8,オブジェクト52
3568,encount_sotai.nod,shift_jis,8,オブジェクト53
3568,encount_sotai.nod,shift_jis,8,オブジェクト54
3568,encount_sotai.nod,shift_jis,8,オブジェクト55
3568,encount_motion_00.ani,shift_jis,8,オブジェクト03
3568,encount_motion_00.ani,shift_jis,8,オブジェクト04
3568,encount_motion_00.ani,shift_jis,8,オブジェクト05
3568,encount_motion_00.ani,shift_jis,8,オブジェクト06
3568,encount_motion_00.ani,shift_jis,8,オブジェクト07
3568,encount_motion_00.ani,shift_jis,8,オブジェクト08
3568,encount_motion_00.ani,shift_jis,8,オブジェクト09
3568,encount_motion_00.ani,shift_jis,8,オブジェクト11
3568,encount_motion_00.ani,shift_jis,8,オブジェクト12
3568,encount_motion_00.ani,shift_jis,8,オブジェクト13
3568,encount_motion_00.ani,shift_jis,8,オブジェクト15
3568,encount_motion_00.ani,shift_jis,8,オブジェクト16
3568,encount_motion_00.ani,shift_jis,8,オブジェクト17
3568,encount_motion_00.ani,shift_jis,8,オブジェクト18
3568,encount_motion_00.ani,shift_jis,8,オブジェクト19
3568,encount_motion_00.ani,shift_jis,8,オブジェクト20
3568,encount_motion_00.ani,shift_jis,8,オブジェクト21
3568,encount_motion_00.ani,shift_jis,8,オブジェクト22
3568,encount_motion_00.ani,shift_jis,8,オブジェクト23
3568,encount_motion_00.ani,shift_jis,8,オブジェクト24
3568,encount_motion_00.ani,shift_jis,8,オブジェクト25
3568,encount_motion_00.ani,shift_jis,8,オブジェクト26
3568,encount_motion_00.ani,shift_jis,8,オブジェクト27
3568,encount_motion_00.ani,shift_jis,8,オブジェクト28
3568,encount_motion_00.ani,shift_jis,8,オブジェクト29
3568,encount_motion_00.ani,shift_jis,8,オブジェクト30
3568,encount_motion_00.ani,shift_jis,8,オブジェクト31
3568,encount_motion_00.ani,shift_jis,8,オブジェクト32
3568,encount_motion_00.ani,shift_jis,8,オブジェクト33
3568,encount_motion_00.ani,shift_jis,8,オブジェクト34
3568,encount_motion_00.ani,shift_jis,8,オブジェクト35
3568,encount_motion_00.ani,shift_jis,8,オブジェクト36
3568,encount_motion_00.ani,shift_jis,8,オブジェクト37
3568,encount_motion_00.ani,shift_jis,8,オブジェクト38
3568,encount_motion_00.ani,shift_jis,8,オブジェクト01
3568,encount_motion_00.ani,shift_jis,8,オブジェクト02
3568,encount_motion_00.ani,shift_jis,8,オブジェクト10
3568,encount_motion_00.ani,shift_jis,8,オブジェクト14
3568,encount_motion_00.ani,shift_jis,8,オブジェクト39
3568,encount_motion_00.ani,shift_jis,8,オブジェクト40
3568,encount_motion_00.ani,shift_jis,8,オブジェクト41
3568,encount_motion_00.ani,shift_jis,8,オブジェクト42
3568,encount_motion_00.ani,shift_jis,8,オブジェクト43
3568,encount_motion_00.ani,shift_jis,8,オブジェクト44
3568,encount_motion_00.ani,shift_jis,8,オブジェクト45
3568,encount_motion_00.ani,shift_jis,8,オブジェクト46
3568,encount_motion_00.ani,shift_jis,8,オブジェクト47
3568,encount_motion_00.ani,shift_jis,8,オブジェクト48
3568,encount_motion_00.ani,shift_jis,8,オブジェクト49
3568,encount_motion_00.ani,shift_jis,8,オブジェクト50
3568,encount_motion_00.ani,shift_jis,8,オブジェクト51
3568,encount_motion_00.ani,shift_jis,8,オブジェクト52
3568,encount_motion_00.ani,shift_jis,8,オブジェクト53
3568,encount_motion_00.ani,shift_jis,8,オブジェクト54
3568,encount_motion_00.ani,shift_jis,8,オブジェクト55
3568,encount_motion_01.ani,shift_jis,8,オブジェクト03
3568,encount_motion_01.ani,shift_jis,8,オブジェクト04
3568,encount_motion_01.ani,shift_jis,8,オブジェクト05
3568,encount_motion_01.ani,shift_jis,8,オブジェクト06
3568,encount_motion_01.ani,shift_jis,8,オブジェクト07
3568,encount_motion_01.ani,shift_jis,8,オブジェクト08
3568,encount_motion_01.ani,shift_jis,8,オブジェクト09
3568,encount_motion_01.ani,shift_jis,8,オブジェクト11
3568,encount_motion_01.ani,shift_jis,8,オブジェクト12
3568,encount_motion_01.ani,shift_jis,8,オブジェクト13
3568,encount_motion_01.ani,shift_jis,8,オブジェクト15
3568,encount_motion_01.ani,shift_jis,8,オブジェクト16
3568,encount_motion_01.ani,shift_jis,8,オブジェクト17
3568,encount_motion_01.ani,shift_jis,8,オブジェクト18
3568,encount_motion_01.ani,shift_jis,8,オブジェクト19
3568,encount_motion_01.ani,shift_jis,8,オブジェクト20
3568,encount_motion_01.ani,shift_jis,8,オブジェクト21
3568,encount_motion_01.ani,shift_jis,8,オブジェクト22
3568,encount_motion_01.ani,shift_jis,8,オブジェクト23
3568,encount_motion_01.ani,shift_jis,8,オブジェクト24
3568,encount_motion_01.ani,shift_jis,8,オブジェクト25
3568,encount_motion_01.ani,shift_jis,8,オブジェクト26
3568,encount_motion_01.ani,shift_jis,8,オブジェクト27
3568,encount_motion_01.ani,shift_jis,8,オブジェクト28
3568,encount_motion_01.ani,shift_jis,8,オブジェクト29
3568,encount_motion_01.ani,shift_jis,8,オブジェクト30
3568,encount_motion_01.ani,shift_jis,8,オブジェクト31
3568,encount_motion_01.ani,shift_jis,8,オブジェクト32
3568,encount_motion_01.ani,shift_jis,8,オブジェクト33
3568,encount_motion_01.ani,shift_jis,8,オブジェクト34
3568,encount_motion_01.ani,shift_jis,8,オブジェクト35
3568,encount_motion_01.ani,shift_jis,8,オブジェクト36
3568,encount_motion_01.ani,shift_jis,8,オブジェクト37
3568,encount_motion_01.ani,shift_jis,8,オブジェクト38
3568,encount_motion_01.ani,shift_jis,8,オブジェクト01
3568,encount_motion_01.ani,shift_jis,8,オブジェクト02
3568,encount_motion_01.ani,shift_jis,8,オブジェクト10
3568,encount_motion_01.ani,shift_jis,8,オブジェクト14
3568,encount_motion_01.ani,shift_jis,8,オブジェクト39
3568,encount_motion_01.ani,shift_jis,8,オブジェクト40
3568,encount_motion_01.ani,shift_jis,8,オブジェクト41
3568,encount_motion_01.ani,shift_jis,8,オブジェクト42
3568,encount_motion_01.ani,shift_jis,8,オブジェクト43
3568,encount_motion_01.ani,shift_jis,8,オブジェクト44
3568,encount_motion_01.ani,shift_jis,8,オブジェクト45
3568,encount_motion_01.ani,shift_jis,8,オブジェクト46
3568,encount_motion_01.ani,shift_jis,8,オブジェクト47
3568,encount_motion_01.ani,shift_jis,8,オブジェクト48
3568,encount_motion_01.ani,shift_jis,8,オブジェクト49
3568,encount_motion_01.ani,shift_jis,8,オブジェクト50
3568,encount_motion_01.ani,shift_jis,8,オブジェクト51
3568,encount_motion_01.ani,shift_jis,8,オブジェクト52
3568,encount_motion_01.ani,shift_jis,8,オブジェクト53
3568,encount_motion_01.ani,shift_jis,8,オブジェクト54
3568,encount_motion_01.ani,shift_jis,8,オブジェクト55
3569,encount_sotai.mdl,shift_jis,8,オブジェクト03
3569,encount_sotai.mdl,shift_jis,6,オブジェクト
3569,encount_sotai.mdl,shift_jis,6,オブジェクト
3569,encount_sotai.mdl,shift_jis,6,オブジェクト
3569,encount_sotai.mdl,shift_jis,6,オブジェクト
3569,encount_sotai.mdl,shift_jis,6,オブジェクト
3569,encount_sotai.mdl,shift_jis,6,オブジェクト
3569,encount_sotai.mdl,shift_jis,6,オブジェクト
3569,encount_sotai.mdl,shift_jis,6,オブジェクト
3569,encount_sotai.mdl,shift_jis,6,オブジェクト
3569,encount_sotai.mdl,shift_jis,6,オブジェクト
3569,encount_sotai.mdl,shift_jis,6,オブジェクト
3569,encount_sotai.mdl,shift_jis,6,オブジェクト
3569,encount_sotai.mdl,shift_jis,6,オブジェクト
3569,encount_sotai.mdl,shift_jis,6,オブジェクト
3569,encount_sotai.mdl,shift_jis,6,オブジェクト
3569,encount_sotai.mdl,shift_jis,6,オブジェクト
3569,encount_sotai.mdl,shift_jis,6,オブジェクト
3569,encount_sotai.mdl,shift_jis,6,オブジェクト
3569,encount_sotai.mdl,shift_jis,6,オブジェクト
3569,encount_sotai.mdl,shift_jis,6,オブジェクト
3569,encount_sotai.mdl,shift_jis,6,オブジェクト
3569,encount_sotai.mdl,shift_jis,6,オブジェクト
3569,encount_sotai.mdl,shift_jis,6,オブジェクト
3569,encount_sotai.mdl,shift_jis,6,オブジェクト
3569,encount_sotai.mdl,shift_jis,6,オブジェクト
3569,encount_sotai.mdl,shift_jis,6,オブジェクト
3569,encount_sotai.mdl,shift_jis,6,オブジェクト
3569,encount_sotai.mdl,shift_jis,6,オブジェクト
3569,encount_sotai.mdl,shift_jis,6,オブジェクト
3569,encount_sotai.mdl,shift_jis,6,オブジェクト
3569,encount_sotai.mdl,shift_jis,6,オブジェクト
3569,encount_sotai.mdl,shift_jis,6,オブジェクト
3569,encount_sotai.mdl,shift_jis,6,オブジェクト
3569,encount_sotai.mdl,shift_jis,6,オブジェクト
3569,encount_sotai.mdl,shift_jis,6,オブジェクト
3569,encount_sotai.mdl,shift_jis,6,オブジェクト
3569,encount_sotai.mdl,shift_jis,6,オブジェクト
3569,encount_sotai.mdl,shift_jis,6,オブジェクト
3569,encount_sotai.mdl,shift_jis,6,オブジェクト
3569,encount_sotai.mdl,shift_jis,6,オブジェクト
3569,encount_sotai.mdl,shift_jis,6,オブジェクト
3569,encount_sotai.mdl,shift_jis,6,オブジェクト
3569,encount_sotai.mdl,shift_jis,6,オブジェクト
3569,encount_sotai.mdl,shift_jis,6,オブジェクト
3569,encount_sotai.mdl,shift_jis,6,オブジェクト
3569,encount_sotai.mdl,shift_jis,6,オブジェクト
3569,encount_sotai.mdl,shift_jis,6,オブジェクト
3569,encount_sotai.mdl,shift_jis,6,オブジェクト
3569,encount_sotai.mdl,shift_jis,6,オブジェクト
3569,encount_sotai.mdl,shift_jis,6,オブジェクト
3569,encount_sotai.mdl,shift_jis,6,オブジェクト
3569,encount_sotai.mdl,shift_jis,6,オブジェクト
3569,encount_sotai.mdl,shift_jis,6,オブジェクト
3569,encount_sotai.mdl,shift_jis,6,オブジェクト
3569,encount_sotai.nod,shift_jis,8,オブジェクト03
3569,encount_sotai.nod,shift_jis,8,オブジェクト04
3569,encount_sotai.nod,shift_jis,8,オブジェクト05
3569,encount_sotai.nod,shift_jis,8,オブジェクト06
3569,encount_sotai.nod,shift_jis,8,オブジェクト07
3569,encount_sotai.nod,shift_jis,8,オブジェクト08
3569,encount_sotai.nod,shift_jis,8,オブジェクト09
3569,encount_sotai.nod,shift_jis,8,オブジェクト11
3569,encount_sotai.nod,shift_jis,8,オブジェクト12
3569,encount_sotai.nod,shift_jis,8,オブジェクト13
3569,encount_sotai.nod,shift_jis,8,オブジェクト15
3569,encount_sotai.nod,shift_jis,8,オブジェクト16
3569,encount_sotai.nod,shift_jis,8,オブジェクト17
3569,encount_sotai.nod,shift_jis,8,オブジェクト18
3569,encount_sotai.nod,shift_jis,8,オブジェクト19
3569,encount_sotai.nod,shift_jis,8,オブジェクト20
3569,encount_sotai.nod,shift_jis,8,オブジェクト21
3569,encount_sotai.nod,shift_jis,8,オブジェクト22
3569,encount_sotai.nod,shift_jis,8,オブジェクト23
3569,encount_sotai.nod,shift_jis,8,オブジェクト24
3569,encount_sotai.nod,shift_jis,8,オブジェクト25
3569,encount_sotai.nod,shift_jis,8,オブジェクト26
3569,encount_sotai.nod,shift_jis,8,オブジェクト27
3569,encount_sotai.nod,shift_jis,8,オブジェクト28
3569,encount_sotai.nod,shift_jis,8,オブジェクト29
3569,encount_sotai.nod,shift_jis,8,オブジェクト30
3569,encount_sotai.nod,shift_jis,8,オブジェクト31
3569,encount_sotai.nod,shift_jis,8,オブジェクト32
3569,encount_sotai.nod,shift_jis,8,オブジェクト33
3569,encount_sotai.nod,shift_jis,8,オブジェクト34
3569,encount_sotai.nod,shift_jis,8,オブジェクト35
3569,encount_sotai.nod,shift_jis,8,オブジェクト36
3569,encount_sotai.nod,shift_jis,8,オブジェクト37
3569,encount_sotai.nod,shift_jis,8,オブジェクト38
3569,encount_sotai.nod,shift_jis,8,オブジェクト01
3569,encount_sotai.nod,shift_jis,8,オブジェクト02
3569,encount_sotai.nod,shift_jis,8,オブジェクト10
3569,encount_sotai.nod,shift_jis,8,オブジェクト14
3569,encount_sotai.nod,shift_jis,8,オブジェクト39
3569,encount_sotai.nod,shift_jis,8,オブジェクト40
3569,encount_sotai.nod,shift_jis,8,オブジェクト41
3569,encount_sotai.nod,shift_jis,8,オブジェクト42
3569,encount_sotai.nod,shift_jis,8,オブジェクト43
3569,encount_sotai.nod,shift_jis,8,オブジェクト44
3569,encount_sotai.nod,shift_jis,8,オブジェクト45
3569,encount_sotai.nod,shift_jis,8,オブジェクト46
3569,encount_sotai.nod,shift_jis,8,オブジェクト47
3569,encount_sotai.nod,shift_jis,8,オブジェクト48
3569,encount_sotai.nod,shift_jis,8,オブジェクト49
3569,encount_sotai.nod,shift_jis,8,オブジェクト50
3569,encount_sotai.nod,shift_jis,8,オブジェクト51
3569,encount_sotai.nod,shift_jis,8,オブジェクト52
3569,encount_sotai.nod,shift_jis,8,オブジェクト53
3569,encount_sotai.nod,shift_jis,8,オブジェクト54
3569,encount_sotai.nod,shift_jis,8,オブジェクト55
3569,encount_motion_00.ani,shift_jis,8,オブジェクト03
3569,encount_motion_00.ani,shift_jis,8,オブジェクト04
3569,encount_motion_00.ani,shift_jis,8,オブジェクト05
3569,encount_motion_00.ani,shift_jis,8,オブジェクト06
3569,encount_motion_00.ani,shift_jis,8,オブジェクト07
3569,encount_motion_00.ani,shift_jis,8,オブジェクト08
3569,encount_motion_00.ani,shift_jis,8,オブジェクト09
3569,encount_motion_00.ani,shift_jis,8,オブジェクト11
3569,encount_motion_00.ani,shift_jis,8,オブジェクト12
3569,encount_motion_00.ani,shift_jis,8,オブジェクト13
3569,encount_motion_00.ani,shift_jis,8,オブジェクト15
3569,encount_motion_00.ani,shift_jis,8,オブジェクト16
3569,encount_motion_00.ani,shift_jis,8,オブジェクト17
3569,encount_motion_00.ani,shift_jis,8,オブジェクト18
3569,encount_motion_00.ani,shift_jis,8,オブジェクト19
3569,encount_motion_00.ani,shift_jis,8,オブジェクト20
3569,encount_motion_00.ani,shift_jis,8,オブジェクト21
3569,encount_motion_00.ani,shift_jis,8,オブジェクト22
3569,encount_motion_00.ani,shift_jis,8,オブジェクト23
3569,encount_motion_00.ani,shift_jis,8,オブジェクト24
3569,encount_motion_00.ani,shift_jis,8,オブジェクト25
3569,encount_motion_00.ani,shift_jis,8,オブジェクト26
3569,encount_motion_00.ani,shift_jis,8,オブジェクト27
3569,encount_motion_00.ani,shift_jis,8,オブジェクト28
3569,encount_motion_00.ani,shift_jis,8,オブジェクト29
3569,encount_motion_00.ani,shift_jis,8,オブジェクト30
3569,encount_motion_00.ani,shift_jis,8,オブジェクト31
3569,encount_motion_00.ani,shift_jis,8,オブジェクト32
3569,encount_motion_00.ani,shift_jis,8,オブジェクト33
3569,encount_motion_00.ani,shift_jis,8,オブジェクト34
3569,encount_motion_00.ani,shift_jis,8,オブジェクト35
3569,encount_motion_00.ani,shift_jis,8,オブジェクト36
3569,encount_motion_00.ani,shift_jis,8,オブジェクト37
3569,encount_motion_00.ani,shift_jis,8,オブジェクト38
3569,encount_motion_00.ani,shift_jis,8,オブジェクト01
3569,encount_motion_00.ani,shift_jis,8,オブジェクト02
3569,encount_motion_00.ani,shift_jis,8,オブジェクト10
3569,encount_motion_00.ani,shift_jis,8,オブジェクト14
3569,encount_motion_00.ani,shift_jis,8,オブジェクト39
3569,encount_motion_00.ani,shift_jis,8,オブジェクト40
3569,encount_motion_00.ani,shift_jis,8,オブジェクト41
3569,encount_motion_00.ani,shift_jis,8,オブジェクト42
3569,encount_motion_00.ani,shift_jis,8,オブジェクト43
3569,encount_motion_00.ani,shift_jis,8,オブジェクト44
3569,encount_motion_00.ani,shift_jis,8,オブジェクト45
3569,encount_motion_00.ani,shift_jis,8,オブジェクト46
3569,encount_motion_00.ani,shift_jis,8,オブジェクト47
3569,encount_motion_00.ani,shift_jis,8,オブジェクト48
3569,encount_motion_00.ani,shift_jis,8,オブジェクト49
3569,encount_motion_00.ani,shift_jis,8,オブジェクト50
3569,encount_motion_00.ani,shift_jis,8,オブジェクト51
3569,encount_motion_00.ani,shift_jis,8,オブジェクト52
3569,encount_motion_00.ani,shift_jis,8,オブジェクト53
3569,encount_motion_00.ani,shift_jis,8,オブジェクト54
3569,encount_motion_00.ani,shift_jis,8,オブジェクト55
3569,encount_motion_01.ani,shift_jis,8,オブジェクト03
3569,encount_motion_01.ani,shift_jis,8,オブジェクト04
3569,encount_motion_01.ani,shift_jis,8,オブジェクト05
3569,encount_motion_01.ani,shift_jis,8,オブジェクト06
3569,encount_motion_01.ani,shift_jis,8,オブジェクト07
3569,encount_motion_01.ani,shift_jis,8,オブジェクト08
3569,encount_motion_01.ani,shift_jis,8,オブジェクト09
3569,encount_motion_01.ani,shift_jis,8,オブジェクト11
3569,encount_motion_01.ani,shift_jis,8,オブジェクト12
3569,encount_motion_01.ani,shift_jis,8,オブジェクト13
3569,encount_motion_01.ani,shift_jis,8,オブジェクト15
3569,encount_motion_01.ani,shift_jis,8,オブジェクト16
3569,encount_motion_01.ani,shift_jis,8,オブジェクト17
3569,encount_motion_01.ani,shift_jis,8,オブジェクト18
3569,encount_motion_01.ani,shift_jis,8,オブジェクト19
3569,encount_motion_01.ani,shift_jis,8,オブジェクト20
3569,encount_motion_01.ani,shift_jis,8,オブジェクト21
3569,encount_motion_01.ani,shift_jis,8,オブジェクト22
3569,encount_motion_01.ani,shift_jis,8,オブジェクト23
3569,encount_motion_01.ani,shift_jis,8,オブジェクト24
3569,encount_motion_01.ani,shift_jis,8,オブジェクト25
3569,encount_motion_01.ani,shift_jis,8,オブジェクト26
3569,encount_motion_01.ani,shift_jis,8,オブジェクト27
3569,encount_motion_01.ani,shift_jis,8,オブジェクト28
3569,encount_motion_01.ani,shift_jis,8,オブジェクト29
3569,encount_motion_01.ani,shift_jis,8,オブジェクト30
3569,encount_motion_01.ani,shift_jis,8,オブジェクト31
3569,encount_motion_01.ani,shift_jis,8,オブジェクト32
3569,encount_motion_01.ani,shift_jis,8,オブジェクト33
3569,encount_motion_01.ani,shift_jis,8,オブジェクト34
3569,encount_motion_01.ani,shift_jis,8,オブジェクト35
3569,encount_motion_01.ani,shift_jis,8,オブジェクト36
3569,encount_motion_01.ani,shift_jis,8,オブジェクト37
3569,encount_motion_01.ani,shift_jis,8,オブジェクト38
3569,encount_motion_01.ani,shift_jis,8,オブジェクト01
3569,encount_motion_01.ani,shift_jis,8,オブジェクト02
3569,encount_motion_01.ani,shift_jis,8,オブジェクト10
3569,encount_motion_01.ani,shift_jis,8,オブジェクト14
3569,encount_motion_01.ani,shift_jis,8,オブジェクト39
3569,encount_motion_01.ani,shift_jis,8,オブジェクト40
3569,encount_motion_01.ani,shift_jis,8,オブジェクト41
3569,encount_motion_01.ani,shift_jis,8,オブジェクト42
3569,encount_motion_01.ani,shift_jis,8,オブジェクト43
3569,encount_motion_01.ani,shift_jis,8,オブジェクト44
3569,encount_motion_01.ani,shift_jis,8,オブジェクト45
3569,encount_motion_01.ani,shift_jis,8,オブジェクト46
3569,encount_motion_01.ani,shift_jis,8,オブジェクト47
3569,encount_motion_01.ani,shift_jis,8,オブジェクト48
3569,encount_motion_01.ani,shift_jis,8,オブジェクト49
3569,encount_motion_01.ani,shift_jis,8,オブジェクト50
3569,encount_motion_01.ani,shift_jis,8,オブジェクト51
3569,encount_motion_01.ani,shift_jis,8,オブジェクト52
3569,encount_motion_01.ani,shift_jis,8,オブジェクト53
3569,encount_motion_01.ani,shift_jis,8,オブジェクト54
3569,encount_motion_01.ani,shift_jis,8,オブジェクト55
3570,encount_sotai.mdl,shift_jis,8,オブジェクト03
3570,encount_sotai.mdl,shift_jis,6,オブジェクト
3570,encount_sotai.mdl,shift_jis,6,オブジェクト
3570,encount_sotai.mdl,shift_jis,6,オブジェクト
3570,encount_sotai.mdl,shift_jis,6,オブジェクト
3570,encount_sotai.mdl,shift_jis,6,オブジェクト
3570,encount_sotai.mdl,shift_jis,6,オブジェクト
3570,encount_sotai.mdl,shift_jis,6,オブジェクト
3570,encount_sotai.mdl,shift_jis,6,オブジェクト
3570,encount_sotai.mdl,shift_jis,6,オブジェクト
3570,encount_sotai.mdl,shift_jis,6,オブジェクト
3570,encount_sotai.mdl,shift_jis,6,オブジェクト
3570,encount_sotai.mdl,shift_jis,6,オブジェクト
3570,encount_sotai.mdl,shift_jis,6,オブジェクト
3570,encount_sotai.mdl,shift_jis,6,オブジェクト
3570,encount_sotai.mdl,shift_jis,6,オブジェクト
3570,encount_sotai.mdl,shift_jis,6,オブジェクト
3570,encount_sotai.mdl,shift_jis,6,オブジェクト
3570,encount_sotai.mdl,shift_jis,6,オブジェクト
3570,encount_sotai.mdl,shift_jis,6,オブジェクト
3570,encount_sotai.mdl,shift_jis,6,オブジェクト
3570,encount_sotai.mdl,shift_jis,6,オブジェクト
3570,encount_sotai.mdl,shift_jis,6,オブジェクト
3570,encount_sotai.mdl,shift_jis,6,オブジェクト
3570,encount_sotai.mdl,shift_jis,6,オブジェクト
3570,encount_sotai.mdl,shift_jis,6,オブジェクト
3570,encount_sotai.mdl,shift_jis,6,オブジェクト
3570,encount_sotai.mdl,shift_jis,6,オブジェクト
3570,encount_sotai.mdl,shift_jis,6,オブジェクト
3570,encount_sotai.mdl,shift_jis,6,オブジェクト
3570,encount_sotai.mdl,shift_jis,6,オブジェクト
3570,encount_sotai.mdl,shift_jis,6,オブジェクト
3570,encount_sotai.mdl,shift_jis,6,オブジェクト
3570,encount_sotai.mdl,shift_jis,6,オブジェクト
3570,encount_sotai.mdl,shift_jis,6,オブジェクト
3570,encount_sotai.mdl,shift_jis,6,オブジェクト
3570,encount_sotai.mdl,shift_jis,6,オブジェクト
3570,encount_sotai.mdl,shift_jis,6,オブジェクト
3570,encount_sotai.mdl,shift_jis,6,オブジェクト
3570,encount_sotai.mdl,shift_jis,6,オブジェクト
3570,encount_sotai.mdl,shift_jis,6,オブジェクト
3570,encount_sotai.mdl,shift_jis,6,オブジェクト
3570,encount_sotai.mdl,shift_jis,6,オブジェクト
3570,encount_sotai.mdl,shift_jis,6,オブジェクト
3570,encount_sotai.mdl,shift_jis,6,オブジェクト
3570,encount_sotai.mdl,shift_jis,6,オブジェクト
3570,encount_sotai.mdl,shift_jis,6,オブジェクト
3570,encount_sotai.mdl,shift_jis,6,オブジェクト
3570,encount_sotai.mdl,shift_jis,6,オブジェクト
3570,encount_sotai.mdl,shift_jis,6,オブジェクト
3570,encount_sotai.mdl,shift_jis,6,オブジェクト
3570,encount_sotai.mdl,shift_jis,6,オブジェクト
3570,encount_sotai.mdl,shift_jis,6,オブジェクト
3570,encount_sotai.mdl,shift_jis,6,オブジェクト
3570,encount_sotai.mdl,shift_jis,6,オブジェクト
3570,encount_sotai.nod,shift_jis,8,オブジェクト03
3570,encount_sotai.nod,shift_jis,8,オブジェクト04
3570,encount_sotai.nod,shift_jis,8,オブジェクト05
3570,encount_sotai.nod,shift_jis,8,オブジェクト06
3570,encount_sotai.nod,shift_jis,8,オブジェクト07
3570,encount_sotai.nod,shift_jis,8,オブジェクト08
3570,encount_sotai.nod,shift_jis,8,オブジェクト09
3570,encount_sotai.nod,shift_jis,8,オブジェクト11
3570,encount_sotai.nod,shift_jis,8,オブジェクト12
3570,encount_sotai.nod,shift_jis,8,オブジェクト13
3570,encount_sotai.nod,shift_jis,8,オブジェクト15
3570,encount_sotai.nod,shift_jis,8,オブジェクト16
3570,encount_sotai.nod,shift_jis,8,オブジェクト17
3570,encount_sotai.nod,shift_jis,8,オブジェクト18
3570,encount_sotai.nod,shift_jis,8,オブジェクト19
3570,encount_sotai.nod,shift_jis,8,オブジェクト20
3570,encount_sotai.nod,shift_jis,8,オブジェクト21
3570,encount_sotai.nod,shift_jis,8,オブジェクト22
3570,encount_sotai.nod,shift_jis,8,オブジェクト23
3570,encount_sotai.nod,shift_jis,8,オブジェクト24
3570,encount_sotai.nod,shift_jis,8,オブジェクト25
3570,encount_sotai.nod,shift_jis,8,オブジェクト26
3570,encount_sotai.nod,shift_jis,8,オブジェクト27
3570,encount_sotai.nod,shift_jis,8,オブジェクト28
3570,encount_sotai.nod,shift_jis,8,オブジェクト29
3570,encount_sotai.nod,shift_jis,8,オブジェクト30
3570,encount_sotai.nod,shift_jis,8,オブジェクト31
3570,encount_sotai.nod,shift_jis,8,オブジェクト32
3570,encount_sotai.nod,shift_jis,8,オブジェクト33
3570,encount_sotai.nod,shift_jis,8,オブジェクト34
3570,encount_sotai.nod,shift_jis,8,オブジェクト35
3570,encount_sotai.nod,shift_jis,8,オブジェクト36
3570,encount_sotai.nod,shift_jis,8,オブジェクト37
3570,encount_sotai.nod,shift_jis,8,オブジェクト38
3570,encount_sotai.nod,shift_jis,8,オブジェクト01
3570,encount_sotai.nod,shift_jis,8,オブジェクト02
3570,encount_sotai.nod,shift_jis,8,オブジェクト10
3570,encount_sotai.nod,shift_jis,8,オブジェクト14
3570,encount_sotai.nod,shift_jis,8,オブジェクト39
3570,encount_sotai.nod,shift_jis,8,オブジェクト40
3570,encount_sotai.nod,shift_jis,8,オブジェクト41
3570,encount_sotai.nod,shift_jis,8,オブジェクト42
3570,encount_sotai.nod,shift_jis,8,オブジェクト43
3570,encount_sotai.nod,shift_jis,8,オブジェクト44
3570,encount_sotai.nod,shift_jis,8,オブジェクト45
3570,encount_sotai.nod,shift_jis,8,オブジェクト46
3570,encount_sotai.nod,shift_jis,8,オブジェクト47
3570,encount_sotai.nod,shift_jis,8,オブジェクト48
3570,encount_sotai.nod,shift_jis,8,オブジェクト49
3570,encount_sotai.nod,shift_jis,8,オブジェクト50
3570,encount_sotai.nod,shift_jis,8,オブジェクト51
3570,encount_sotai.nod,shift_jis,8,オブジェクト52
3570,encount_sotai.nod,shift_jis,8,オブジェクト53
3570,encount_sotai.nod,shift_jis,8,オブジェクト54
3570,encount_sotai.nod,shift_jis,8,オブジェクト55
3570,encount_motion_00.ani,shift_jis,8,オブジェクト03
3570,encount_motion_00.ani,shift_jis,8,オブジェクト04
3570,encount_motion_00.ani,shift_jis,8,オブジェクト05
3570,encount_motion_00.ani,shift_jis,8,オブジェクト06
3570,encount_motion_00.ani,shift_jis,8,オブジェクト07
3570,encount_motion_00.ani,shift_jis,8,オブジェクト08
3570,encount_motion_00.ani,shift_jis,8,オブジェクト09
3570,encount_motion_00.ani,shift_jis,8,オブジェクト11
3570,encount_motion_00.ani,shift_jis,8,オブジェクト12
3570,encount_motion_00.ani,shift_jis,8,オブジェクト13
3570,encount_motion_00.ani,shift_jis,8,オブジェクト15
3570,encount_motion_00.ani,shift_jis,8,オブジェクト16
3570,encount_motion_00.ani,shift_jis,8,オブジェクト17
3570,encount_motion_00.ani,shift_jis,8,オブジェクト18
3570,encount_motion_00.ani,shift_jis,8,オブジェクト19
3570,encount_motion_00.ani,shift_jis,8,オブジェクト20
3570,encount_motion_00.ani,shift_jis,8,オブジェクト21
3570,encount_motion_00.ani,shift_jis,8,オブジェクト22
3570,encount_motion_00.ani,shift_jis,8,オブジェクト23
3570,encount_motion_00.ani,shift_jis,8,オブジェクト24
3570,encount_motion_00.ani,shift_jis,8,オブジェクト25
3570,encount_motion_00.ani,shift_jis,8,オブジェクト26
3570,encount_motion_00.ani,shift_jis,8,オブジェクト27
3570,encount_motion_00.ani,shift_jis,8,オブジェクト28
3570,encount_motion_00.ani,shift_jis,8,オブジェクト29
3570,encount_motion_00.ani,shift_jis,8,オブジェクト30
3570,encount_motion_00.ani,shift_jis,8,オブジェクト31
3570,encount_motion_00.ani,shift_jis,8,オブジェクト32
3570,encount_motion_00.ani,shift_jis,8,オブジェクト33
3570,encount_motion_00.ani,shift_jis,8,オブジェクト34
3570,encount_motion_00.ani,shift_jis,8,オブジェクト35
3570,encount_motion_00.ani,shift_jis,8,オブジェクト36
3570,encount_motion_00.ani,shift_jis,8,オブジェクト37
3570,encount_motion_00.ani,shift_jis,8,オブジェクト38
3570,encount_motion_00.ani,shift_jis,8,オブジェクト01
3570,encount_motion_00.ani,shift_jis,8,オブジェクト02
3570,encount_motion_00.ani,shift_jis,8,オブジェクト10
3570,encount_motion_00.ani,shift_jis,8,オブジェクト14
3570,encount_motion_00.ani,shift_jis,8,オブジェクト39
3570,encount_motion_00.ani,shift_jis,8,オブジェクト40
3570,encount_motion_00.ani,shift_jis,8,オブジェクト41
3570,encount_motion_00.ani,shift_jis,8,オブジェクト42
3570,encount_motion_00.ani,shift_jis,8,オブジェクト43
3570,encount_motion_00.ani,shift_jis,8,オブジェクト44
3570,encount_motion_00.ani,shift_jis,8,オブジェクト45
3570,encount_motion_00.ani,shift_jis,8,オブジェクト46
3570,encount_motion_00.ani,shift_jis,8,オブジェクト47
3570,encount_motion_00.ani,shift_jis,8,オブジェクト48
3570,encount_motion_00.ani,shift_jis,8,オブジェクト49
3570,encount_motion_00.ani,shift_jis,8,オブジェクト50
3570,encount_motion_00.ani,shift_jis,8,オブジェクト51
3570,encount_motion_00.ani,shift_jis,8,オブジェクト52
3570,encount_motion_00.ani,shift_jis,8,オブジェクト53
3570,encount_motion_00.ani,shift_jis,8,オブジェクト54
3570,encount_motion_00.ani,shift_jis,8,オブジェクト55
3570,encount_motion_01.ani,shift_jis,8,オブジェクト03
3570,encount_motion_01.ani,shift_jis,8,オブジェクト04
3570,encount_motion_01.ani,shift_jis,8,オブジェクト05
3570,encount_motion_01.ani,shift_jis,8,オブジェクト06
3570,encount_motion_01.ani,shift_jis,8,オブジェクト07
3570,encount_motion_01.ani,shift_jis,8,オブジェクト08
3570,encount_motion_01.ani,shift_jis,8,オブジェクト09
3570,encount_motion_01.ani,shift_jis,8,オブジェクト11
3570,encount_motion_01.ani,shift_jis,8,オブジェクト12
3570,encount_motion_01.ani,shift_jis,8,オブジェクト13
3570,encount_motion_01.ani,shift_jis,8,オブジェクト15
3570,encount_motion_01.ani,shift_jis,8,オブジェクト16
3570,encount_motion_01.ani,shift_jis,8,オブジェクト17
3570,encount_motion_01.ani,shift_jis,8,オブジェクト18
3570,encount_motion_01.ani,shift_jis,8,オブジェクト19
3570,encount_motion_01.ani,shift_jis,8,オブジェクト20
3570,encount_motion_01.ani,shift_jis,8,オブジェクト21
3570,encount_motion_01.ani,shift_jis,8,オブジェクト22
3570,encount_motion_01.ani,shift_jis,8,オブジェクト23
3570,encount_motion_01.ani,shift_jis,8,オブジェクト24
3570,encount_motion_01.ani,shift_jis,8,オブジェクト25
3570,encount_motion_01.ani,shift_jis,8,オブジェクト26
3570,encount_motion_01.ani,shift_jis,8,オブジェクト27
3570,encount_motion_01.ani,shift_jis,8,オブジェクト28
3570,encount_motion_01.ani,shift_jis,8,オブジェクト29
3570,encount_motion_01.ani,shift_jis,8,オブジェクト30
3570,encount_motion_01.ani,shift_jis,8,オブジェクト31
3570,encount_motion_01.ani,shift_jis,8,オブジェクト32
3570,encount_motion_01.ani,shift_jis,8,オブジェクト33
3570,encount_motion_01.ani,shift_jis,8,オブジェクト34
3570,encount_motion_01.ani,shift_jis,8,オブジェクト35
3570,encount_motion_01.ani,shift_jis,8,オブジェクト36
3570,encount_motion_01.ani,shift_jis,8,オブジェクト37
3570,encount_motion_01.ani,shift_jis,8,オブジェクト38
3570,encount_motion_01.ani,shift_jis,8,オブジェクト01
3570,encount_motion_01.ani,shift_jis,8,オブジェクト02
3570,encount_motion_01.ani,shift_jis,8,オブジェクト10
3570,encount_motion_01.ani,shift_jis,8,オブジェクト14
3570,encount_motion_01.ani,shift_jis,8,オブジェクト39
3570,encount_motion_01.ani,shift_jis,8,オブジェクト40
3570,encount_motion_01.ani,shift_jis,8,オブジェクト41
3570,encount_motion_01.ani,shift_jis,8,オブジェクト42
3570,encount_motion_01.ani,shift_jis,8,オブジェクト43
3570,encount_motion_01.ani,shift_jis,8,オブジェクト44
3570,encount_motion_01.ani,shift_jis,8,オブジェクト45
3570,encount_motion_01.ani,shift_jis,8,オブジェクト46
3570,encount_motion_01.ani,shift_jis,8,オブジェクト47
3570,encount_motion_01.ani,shift_jis,8,オブジェクト48
3570,encount_motion_01.ani,shift_jis,8,オブジェクト49
3570,encount_motion_01.ani,shift_jis,8,オブジェクト50
3570,encount_motion_01.ani,shift_jis,8,オブジェクト51
3570,encount_motion_01.ani,shift_jis,8,オブジェクト52
3570,encount_motion_01.ani,shift_jis,8,オブジェクト53
3570,encount_motion_01.ani,shift_jis,8,オブジェクト54
3570,encount_motion_01.ani,shift_jis,8,オブジェクト55
3674,d04a04.mdl,shift_jis,6,オブジェクト
3674,d04a04.mdl,shift_jis,6,オブジェクト
3674,d04a04.mdl,shift_jis,6,オブジェクト
3674,d04a04.nod,shift_jis,8,オブジェクト03
3674,d04a04.nod,shift_jis,8,オブジェクト01
3674,d04a04.nod,shift_jis,8,オブジェクト02
3746,dtit_07.ppt,euc_jp,4,いゑいゐ
3747,dtit_07.ppt,euc_jp,4,いゑいゐ
3798,t_d09_wood05.ppt,shift_jis,4,ミャャュ
3805,t_d09_18.ppt,euc_jp,7,カゥいカカイた
3814,t_d09_wood05.ppt,shift_jis,4,ミャャュ
3832,d10a16.mdl,shift_jis,6,オブジェクト
3832,d10a16.nod,shift_jis,8,オブジェクト01
3939,encount_motion.ani,shift_jis,8,オブジェクト03
3939,encount_motion.ani,shift_jis,8,オブジェクト04
3939,encount_motion.ani,shift_jis,8,オブジェクト05
3939,encount_motion.ani,shift_jis,8,オブジェクト06
3939,encount_motion.ani,shift_jis,8,オブジェクト07
3939,encount_motion.ani,shift_jis,8,オブジェクト08
3939,encount_motion.ani,shift_jis,8,オブジェクト09
3939,encount_motion.ani,shift_jis,8,オブジェクト11
3939,encount_motion.ani,shift_jis,8,オブジェクト12
3939,encount_motion.ani,shift_jis,8,オブジェクト13
3939,encount_motion.ani,shift_jis,8,オブジェクト15
3939,encount_motion.ani,shift_jis,8,オブジェクト16
3939,encount_motion.ani,shift_jis,8,オブジェクト17
3939,encount_motion.ani,shift_jis,8,オブジェクト18
3939,encount_motion.ani,shift_jis,8,オブジェクト19
3939,encount_motion.ani,shift_jis,8,オブジェクト20
3939,encount_motion.ani,shift_jis,8,オブジェクト21
3939,encount_motion.ani,shift_jis,8,オブジェクト22
3939,encount_motion.ani,shift_jis,8,オブジェクト23
3939,encount_motion.ani,shift_jis,8,オブジェクト24
3939,encount_motion.ani,shift_jis,8,オブジェクト25
3939,encount_motion.ani,shift_jis,8,オブジェクト26
3939,encount_motion.ani,shift_jis,8,オブジェクト27
3939,encount_motion.ani,shift_jis,8,オブジェクト28
3939,encount_motion.ani,shift_jis,8,オブジェクト29
3939,encount_motion.ani,shift_jis,8,オブジェクト30
3939,encount_motion.ani,shift_jis,8,オブジェクト31
3939,encount_motion.ani,shift_jis,8,オブジェクト32
3939,encount_motion.ani,shift_jis,8,オブジェクト33
3939,encount_motion.ani,shift_jis,8,オブジェクト34
3939,encount_motion.ani,shift_jis,8,オブジェクト35
3939,encount_motion.ani,shift_jis,8,オブジェクト36
3939,encount_motion.ani,shift_jis,8,オブジェクト37
3939,encount_motion.ani,shift_jis,8,オブジェクト38
3939,encount_motion.ani,shift_jis,8,オブジェクト01
3939,encount_motion.ani,shift_jis,8,オブジェクト02
3939,encount_motion.ani,shift_jis,8,オブジェクト10
3939,encount_motion.ani,shift_jis,8,オブジェクト14
3939,encount_motion.ani,shift_jis,8,オブジェクト39
3939,encount_motion.ani,shift_jis,8,オブジェクト40
3939,encount_motion.ani,shift_jis,8,オブジェクト41
3939,encount_motion.ani,shift_jis,8,オブジェクト42
3939,encount_motion.ani,shift_jis,8,オブジェクト43
3939,encount_motion.ani,shift_jis,8,オブジェクト44
3939,encount_motion.ani,shift_jis,8,オブジェクト45
3939,encount_motion.ani,shift_jis,8,オブジェクト46
3939,encount_motion.ani,shift_jis,8,オブジェクト47
3939,encount_motion.ani,shift_jis,8,オブジェクト48
3939,encount_motion.ani,shift_jis,8,オブジェクト49
3939,encount_motion.ani,shift_jis,8,オブジェクト50
3939,encount_motion.ani,shift_jis,8,オブジェクト51
3939,encount_motion.ani,shift_jis,8,オブジェクト52
3939,encount_motion.ani,shift_jis,8,オブジェクト53
3939,encount_motion.ani,shift_jis,8,オブジェクト54
3939,encount_motion.ani,shift_jis,8,オブジェクト55
3939,encount_motion1.ani,shift_jis,8,オブジェクト03
3939,encount_motion1.ani,shift_jis,8,オブジェクト04
3939,encount_motion1.ani,shift_jis,8,オブジェクト05
3939,encount_motion1.ani,shift_jis,8,オブジェクト06
3939,encount_motion1.ani,shift_jis,8,オブジェクト07
3939,encount_motion1.ani,shift_jis,8,オブジェクト08
3939,encount_motion1.ani,shift_jis,8,オブジェクト09
3939,encount_motion1.ani,shift_jis,8,オブジェクト11
3939,encount_motion1.ani,shift_jis,8,オブジェクト12
3939,encount_motion1.ani,shift_jis,8,オブジェクト13
3939,encount_motion1.ani,shift_jis,8,オブジェクト15
3939,encount_motion1.ani,shift_jis,8,オブジェクト16
3939,encount_motion1.ani,shift_jis,8,オブジェクト17
3939,encount_motion1.ani,shift_jis,8,オブジェクト18
3939,encount_motion1.ani,shift_jis,8,オブジェクト19
3939,encount_motion1.ani,shift_jis,8,オブジェクト20
3939,encount_motion1.ani,shift_jis,8,オブジェクト21
3939,encount_motion1.ani,shift_jis,8,オブジェクト22
3939,encount_motion1.ani,shift_jis,8,オブジェクト23
3939,encount_motion1.ani,shift_jis,8,オブジェクト24
3939,encount_motion1.ani,shift_jis,8,オブジェクト25
3939,encount_motion1.ani,shift_jis,8,オブジェクト26
3939,encount_motion1.ani,shift_jis,8,オブジェクト27
3939,encount_motion1.ani,shift_jis,8,オブジェクト28
3939,encount_motion1.ani,shift_jis,8,オブジェクト29
3939,encount_motion1.ani,shift_jis,8,オブジェクト30
3939,encount_motion1.ani,shift_jis,8,オブジェクト31
3939,encount_motion1.ani,shift_jis,8,オブジェクト32
3939,encount_motion1.ani,shift_jis,8,オブジェクト33
3939,encount_motion1.ani,shift_jis,8,オブジェクト34
3939,encount_motion1.ani,shift_jis,8,オブジェクト35
3939,encount_motion1.ani,shift_jis,8,オブジェクト36
3939,encount_motion1.ani,shift_jis,8,オブジェクト37
3939,encount_motion1.ani,shift_jis,8,オブジェクト38
3939,encount_motion1.ani,shift_jis,8,オブジェクト01
3939,encount_motion1.ani,shift_jis,8,オブジェクト02
3939,encount_motion1.ani,shift_jis,8,オブジェクト10
3939,encount_motion1.ani,shift_jis,8,オブジェクト14
3939,encount_motion1.ani,shift_jis,8,オブジェクト39
3939,encount_motion1.ani,shift_jis,8,オブジェクト40
3939,encount_motion1.ani,shift_jis,8,オブジェクト41
3939,encount_motion1.ani,shift_jis,8,オブジェクト42
3939,encount_motion1.ani,shift_jis,8,オブジェクト43
3939,encount_motion1.ani,shift_jis,8,オブジェクト44
3939,encount_motion1.ani,shift_jis,8,オブジェクト45
3939,encount_motion1.ani,shift_jis,8,オブジェクト46
3939,encount_motion1.ani,shift_jis,8,オブジェクト47
3939,encount_motion1.ani,shift_jis,8,オブジェクト48
3939,encount_motion1.ani,shift_jis,8,オブジェクト49
3939,encount_motion1.ani,shift_jis,8,オブジェクト50
3939,encount_motion1.ani,shift_jis,8,オブジェクト51
3939,encount_motion1.ani,shift_jis,8,オブジェクト52
3939,encount_motion1.ani,shift_jis,8,オブジェクト53
3939,encount_motion1.ani,shift_jis,8,オブジェクト54
3939,encount_motion1.ani,shift_jis,8,オブジェクト55
3939,encount_sotai.mdl,shift_jis,8,オブジェクト03
3939,encount_sotai.mdl,shift_jis,6,オブジェクト
3939,encount_sotai.mdl,shift_jis,6,オブジェクト
3939,encount_sotai.mdl,shift_jis,6,オブジェクト
3939,encount_sotai.mdl,shift_jis,6,オブジェクト
3939,encount_sotai.mdl,shift_jis,6,オブジェクト
3939,encount_sotai.mdl,shift_jis,6,オブジェクト
3939,encount_sotai.mdl,shift_jis,6,オブジェクト
3939,encount_sotai.mdl,shift_jis,6,オブジェクト
3939,encount_sotai.mdl,shift_jis,6,オブジェクト
3939,encount_sotai.mdl,shift_jis,6,オブジェクト
3939,encount_sotai.mdl,shift_jis,6,オブジェクト
3939,encount_sotai.mdl,shift_jis,6,オブジェクト
3939,encount_sotai.mdl,shift_jis,6,オブジェクト
3939,encount_sotai.mdl,shift_jis,6,オブジェクト
3939,encount_sotai.mdl,shift_jis,6,オブジェクト
3939,encount_sotai.mdl,shift_jis,6,オブジェクト
3939,encount_sotai.mdl,shift_jis,6,オブジェクト
3939,encount_sotai.mdl,shift_jis,6,オブジェクト
3939,encount_sotai.mdl,shift_jis,6,オブジェクト
3939,encount_sotai.mdl,shift_jis,6,オブジェクト
3939,encount_sotai.mdl,shift_jis,6,オブジェクト
3939,encount_sotai.mdl,shift_jis,6,オブジェクト
3939,encount_sotai.mdl,shift_jis,6,オブジェクト
3939,encount_sotai.mdl,shift_jis,6,オブジェクト
3939,encount_sotai.mdl,shift_jis,6,オブジェクト
3939,encount_sotai.mdl,shift_jis,6,オブジェクト
3939,encount_sotai.mdl,shift_jis,6,オブジェクト
3939,encount_sotai.mdl,shift_jis,6,オブジェクト
3939,encount_sotai.mdl,shift_jis,6,オブジェクト
3939,encount_sotai.mdl,shift_jis,6,オブジェクト
3939,encount_sotai.mdl,shift_jis,6,オブジェクト
3939,encount_sotai.mdl,shift_jis,6,オブジェクト
3939,encount_sotai.mdl,shift_jis,6,オブジェクト
3939,encount_sotai.mdl,shift_jis,6,オブジェクト
3939,encount_sotai.mdl,shift_jis,6,オブジェクト
3939,encount_sotai.mdl,shift_jis,6,オブジェクト
3939,encount_sotai.mdl,shift_jis,6,オブジェクト
3939,encount_sotai.mdl,shift_jis,6,オブジェクト
3939,encount_sotai.mdl,shift_jis,6,オブジェクト
3939,encount_sotai.mdl,shift_jis,6,オブジェクト
3939,encount_sotai.mdl,shift_jis,6,オブジェクト
3939,encount_sotai.mdl,shift_jis,6,オブジェクト
3939,encount_sotai.mdl,shift_jis,6,オブジェクト
3939,encount_sotai.mdl,shift_jis,6,オブジェクト
3939,encount_sotai.mdl,shift_jis,6,オブジェクト
3939,encount_sotai.mdl,shift_jis,6,オブジェクト
3939,encount_sotai.mdl,shift_jis,6,オブジェクト
3939,encount_sotai.mdl,shift_jis,6,オブジェクト
3939,encount_sotai.mdl,shift_jis,6,オブジェクト
3939,encount_sotai.mdl,shift_jis,6,オブジェクト
3939,encount_sotai.mdl,shift_jis,6,オブジェクト
3939,encount_sotai.mdl,shift_jis,6,オブジェクト
3939,encount_sotai.mdl,shift_jis,6,オブジェクト
3939,encount_sotai.mdl,shift_jis,6,オブジェクト
3939,encount_sotai.nod,shift_jis,8,オブジェクト03
3939,encount_sotai.nod,shift_jis,8,オブジェクト04
3939,encount_sotai.nod,shift_jis,8,オブジェクト05
3939,encount_sotai.nod,shift_jis,8,オブジェクト06
3939,encount_sotai.nod,shift_jis,8,オブジェクト07
3939,encount_sotai.nod,shift_jis,8,オブジェクト08
3939,encount_sotai.nod,shift_jis,8,オブジェクト09
3939,encount_sotai.nod,shift_jis,8,オブジェクト11
3939,encount_sotai.nod,shift_jis,8,オブジェクト12
3939,encount_sotai.nod,shift_jis,8,オブジェクト13
3939,encount_sotai.nod,shift_jis,8,オブジェクト15
3939,encount_sotai.nod,shift_jis,8,オブジェクト16
3939,encount_sotai.nod,shift_jis,8,オブジェクト17
3939,encount_sotai.nod,shift_jis,8,オブジェクト18
3939,encount_sotai.nod,shift_jis,8,オブジェクト19
3939,encount_sotai.nod,shift_jis,8,オブジェクト20
3939,encount_sotai.nod,shift_jis,8,オブジェクト21
3939,encount_sotai.nod,shift_jis,8,オブジェクト22
3939,encount_sotai.nod,shift_jis,8,オブジェクト23
3939,encount_sotai.nod,shift_jis,8,オブジェクト24
3939,encount_sotai.nod,shift_jis,8,オブジェクト25
3939,encount_sotai.nod,shift_jis,8,オブジェクト26
3939,encount_sotai.nod,shift_jis,8,オブジェクト27
3939,encount_sotai.nod,shift_jis,8,オブジェクト28
3939,encount_sotai.nod,shift_jis,8,オブジェクト29
3939,encount_sotai.nod,shift_jis,8,オブジェクト30
3939,encount_sotai.nod,shift_jis,8,オブジェクト31
3939,encount_sotai.nod,shift_jis,8,オブジェクト32
3939,encount_sotai.nod,shift_jis,8,オブジェクト33
3939,encount_sotai.nod,shift_jis,8,オブジェクト34
3939,encount_sotai.nod,shift_jis,8,オブジェクト35
3939,encount_sotai.nod,shift_jis,8,オブジェクト36
3939,encount_sotai.nod,shift_jis,8,オブジェクト37
3939,encount_sotai.nod,shift_jis,8,オブジェクト38
3939,encount_sotai.nod,shift_jis,8,オブジェクト01
3939,encount_sotai.nod,shift_jis,8,オブジェクト02
3939,encount_sotai.nod,shift_jis,8,オブジェクト10
3939,encount_sotai.nod,shift_jis,8,オブジェクト14
3939,encount_sotai.nod,shift_jis,8,オブジェクト39
3939,encount_sotai.nod,shift_jis,8,オブジェクト40
3939,encount_sotai.nod,shift_jis,8,オブジェクト41
3939,encount_sotai.nod,shift_jis,8,オブジェクト42
3939,encount_sotai.nod,shift_jis,8,オブジェクト43
3939,encount_sotai.nod,shift_jis,8,オブジェクト44
3939,encount_sotai.nod,shift_jis,8,オブジェクト45
3939,encount_sotai.nod,shift_jis,8,オブジェクト46
3939,encount_sotai.nod,shift_jis,8,オブジェクト47
3939,encount_sotai.nod,shift_jis,8,オブジェクト48
3939,encount_sotai.nod,shift_jis,8,オブジェクト49
3939,encount_sotai.nod,shift_jis,8,オブジェクト50
3939,encount_sotai.nod,shift_jis,8,オブジェクト51
3939,encount_sotai.nod,shift_jis,8,オブジェクト52
3939,encount_sotai.nod,shift_jis,8,オブジェクト53
3939,encount_sotai.nod,shift_jis,8,オブジェクト54
3939,encount_sotai.nod,shift_jis,8,オブジェクト55
3941,ship_06.mdl,shift_jis,6,オブジェクト
3941,ship_06.mdl,shift_jis,6,オブジェクト
3941,ship_06.mdl,shift_jis,6,オブジェクト
3941,ship_06.mdl,shift_jis,6,オブジェクト
3941,ship_06.nod,shift_jis,8,オブジェクト05
3941,ship_06.nod,shift_jis,8,オブジェクト01
3941,ship_06.nod,shift_jis,8,オブジェクト02
3941,ship_06.nod,shift_jis,8,オブジェクト03
5684,se_qev07_070_00000.mid,shift_jis,4,デバイス
6399,se_mev01_040_00000.mid,shift_jis,4,デバイス
6399,se_mev01_040_00001.mid,shift_jis,4,デバイス
6401,se_mev01_060_00000.mid,shift_jis,4,デバイス
6401,se_mev01_060_00001.mid,shift_jis,4,デバイス
6411,se_mev02_045_00000.mid,shift_jis,4,デバイス
6412,se_mev02_046_00000.mid,shift_jis,4,デバイス
6418,se_mev02_090_00000.mid,shift_jis,4,デバイス
6425,se_mev03_060_00000.mid,shift_jis,4,デバイス
6435,se_mev04_080_00000.mid,shift_jis,4,デバイス
6447,mcbst013_00.ani,shift_jis,8,オブジェクト01
6447,mcbst013_01.ani,shift_jis,8,オブジェクト01
6447,mcbst013_51.ani,shift_jis,8,オブジェクト01
6447,mcbst013_52.ani,shift_jis,8,オブジェクト01
6448,mcbst013_00.ani,shift_jis,8,オブジェクト01
6448,mcbst013_01.ani,shift_jis,8,オブジェクト01
6448,mcbst013_52.ani,shift_jis,8,オブジェクト01
6449,se_mev05_060_00001.mid,shift_jis,4,デバイス
6449,se_mev05_060_00002.mid,shift_jis,4,デバイス
6449,se_mev05_060_00003.mid,shift_jis,4,デバイス
6453,se_mev05_100_00000.mid,shift_jis,4,デバイス
6462,se_mev06_060_00000.mid,shift_jis,4,デバイス
6464,se_mev06_080_00000.mid,shift_jis,4,デバイス
6472,se_mev07_020_00000.mid,shift_jis,4,デバイス
6475,se_mev07_040_00002.mid,shift_jis,4,デバイス
6479,se_mev07_080_00000.mid,shift_jis,4,デバイス
6485,se_mev08_020_00000.mid,shift_jis,4,デバイス
6485,se_mev08_020_00001.mid,shift_jis,4,デバイス
6486,se_mev08_030_00000.mid,shift_jis,4,デバイス
6488,se_mev08_050_00000.mid,shift_jis,4,デバイス
6489,se_mev08_060_00000.mid,shift_jis,4,デバイス
6490,se_mev08_070_00000.mid,shift_jis,4,デバイス
6491,se_mev08_080_00002.mid,shift_jis,4,デバイス
6518,se_mev09_180_00000.mid,shift_jis,4,デバイス
6526,se_mev10_060_00000.mid,shift_jis,4,デバイス
6556,se_mev12_040_00000.mid,shift_jis,4,デバイス
6578,se_mev13_075_00001.mid,shift_jis,4,デバイス
6611,se_mev16_040_00000.mid,shift_jis,4,デバイス
6613,se_mev16_060_00000.mid,shift_jis,4,デバイス
6613,se_mev16_060_00003.mid,shift_jis,4,デバイス
6634,se_mev18_060_00001.mid,shift_jis,4,デバイス
6668,se_mev20_095_00001.mid,shift_jis,4,デバイス
6673,se_mev21_035_00000.mid,shift_jis,4,デバイス
6687,se_mev20_095_00001.mid,shift_jis,4,デバイス
6690,se_mev20_095_00001.mid,shift_jis,4,デバイス
6694,se_mev20_095_00001.mid,shift_jis,4,デバイス
6711,se_mev24_021_00000.mid,shift_jis,4,デバイス
6712,se_mev24_022_00000.mid,shift_jis,4,デバイス
6713,se_mev24_023_00000.mid,shift_jis,4,デバイス
6714,se_mev24_024_00000.mid,shift_jis,4,デバイス
6861,se_qev05_070_00002.mid,shift_jis,4,デバイス
6877,se_qev07_070_00000.mid,shift_jis,4,デバイス
6886,se_qev08_070_00000.mid,shift_jis,4,デバイス
6887,se_qev08_070_00000.mid,shift_jis,4,デバイス
6980,se_qev21_040_00001.mid,shift_jis,4,デバイス
6988,se_qev22_070_00002.mid,shift_jis,4,デバイス
7021,se_qev28_040_00000.mid,shift_jis,4,デバイス
7023,se_qev28_060_00000.mid,shift_jis,4,デバイス
7024,se_qev28_070_00000.mid,shift_jis,4,デバイス
