tabela_va,idx,va_ponteiro,va_string,secao_string,bytes,jp,original
0x08D41970,0,0x08D41970,0x08B29DE4,.rodata,6,0,cls000
0x08D41970,1,0x08D41974,0x08B29DEC,.rodata,6,0,mnt000
0x08D41970,2,0x08D41978,0x08B29DF4,.rodata,6,0,che000
0x08D41970,3,0x08D4197C,0x08B29DFC,.rodata,6,0,arc000
0x08D41970,4,0x08D41980,0x08B29E04,.rodata,6,0,suz000
0x08D41970,5,0x08D41984,0x08B29E0C,.rodata,6,0,sta000
0x08D41970,6,0x08D41988,0x08B29E14,.rodata,6,0,rut000
0x08D41970,7,0x08D4198C,0x08B29E1C,.rodata,6,0,phl000
0x08D41970,8,0x08D41990,0x08B29E24,.rodata,6,0,lon000
0x08D41970,9,0x08D41994,0x08B29E2C,.rodata,6,0,wod000
0x08D41970,10,0x08D41998,0x08B29E34,.rodata,6,0,chl000
0x08D41970,11,0x08D4199C,0x08B29E3C,.rodata,6,0,kng000
0x08D41970,12,0x08D419A0,0x08B29E44,.rodata,6,0,llt000
0x08D41970,13,0x08D419A4,0x08B29E4C,.rodata,6,0,kyl000
0x08D41970,14,0x08D419A8,0x08B29E54,.rodata,6,0,ral000
0x08D41970,15,0x08D419AC,0x08B29E5C,.rodata,6,0,lni000
0x08D41970,16,0x08D419B0,0x08B29E64,.rodata,6,0,jud000
0x08D41970,17,0x08D419B4,0x08B29E6C,.rodata,6,0,nan000
0x08D41970,18,0x08D419B8,0x08B29E74,.rodata,6,0,hrd000
0x08D41970,19,0x08D419BC,0x08B29E7C,.rodata,6,0,rid000
0x08D41970,20,0x08D419C0,0x08B29E84,.rodata,6,0,far000
0x08D41970,21,0x08D419C4,0x08B29E8C,.rodata,6,0,kel000
0x08D41970,22,0x08D419C8,0x08B29E94,.rodata,6,0,mrd000
0x08D41970,23,0x08D419CC,0x08B29E9C,.rodata,6,0,cht000
0x08D41970,24,0x08D419D0,0x08B29EA4,.rodata,6,0,cel000
0x08D41970,25,0x08D419D4,0x08B29EAC,.rodata,6,0,llo000
0x08D41970,26,0x08D419D8,0x08B29EB4,.rodata,6,0,col000
0x08D41970,27,0x08D419DC,0x08B29EBC,.rodata,6,0,gen000
0x08D41970,28,0x08D419E0,0x08B29EC4,.rodata,6,0,ref000
0x08D41970,29,0x08D419E4,0x08B29ECC,.rodata,6,0,kra000
0x08D41970,30,0x08D419E8,0x08B29ED4,.rodata,6,0,shi000
0x08D41970,31,0x08D419EC,0x08B29EDC,.rodata,6,0,zel000
0x08D41970,32,0x08D419F0,0x08B29EE4,.rodata,6,0,pre000
0x08D41970,33,0x08D419F4,0x08B29EEC,.rodata,6,0,eml000
0x08D41970,34,0x08D419F8,0x08B29EF4,.rodata,6,0,mrt000
0x08D41970,35,0x08D419FC,0x08B29EFC,.rodata,6,0,rht000
0x08D41970,36,0x08D41A00,0x08B29F04,.rodata,6,0,vig000
0x08D41970,37,0x08D41A04,0x08B29F0C,.rodata,6,0,cla000
0x08D41970,38,0x08D41A08,0x08B29F14,.rodata,6,0,eug000
0x08D41970,39,0x08D41A0C,0x08B29F1C,.rodata,6,0,mao000
0x08D41970,40,0x08D41A10,0x08B29F24,.rodata,6,0,tyt000
0x08D41970,41,0x08D41A14,0x08B29F2C,.rodata,6,0,ann000
0x08D41970,42,0x08D41A18,0x08B29F34,.rodata,6,0,sen000
0x08D41970,43,0x08D41A1C,0x08B29F3C,.rodata,6,0,shl000
0x08D41970,44,0x08D41A20,0x08B29F44,.rodata,6,0,wil000
0x08D41970,45,0x08D41A24,0x08B29F4C,.rodata,6,0,cle000
0x08D41970,46,0x08D41A28,0x08B29F54,.rodata,6,0,nom000
0x08D41970,47,0x08D41A2C,0x08B29F5C,.rodata,6,0,jay000
0x08D41970,48,0x08D41A30,0x08B29F64,.rodata,6,0,luk000
0x08D41970,49,0x08D41A34,0x08B29F6C,.rodata,6,0,tea000
0x08D41970,50,0x08D41A38,0x08B29F74,.rodata,6,0,guy000
0x08D41970,51,0x08D41A3C,0x08B29F7C,.rodata,6,0,jad000
0x08D41970,52,0x08D41A40,0x08B29F84,.rodata,6,0,ans000
0x08D41970,53,0x08D41A44,0x08B29F8C,.rodata,6,0,ans001
0x08D41970,54,0x08D41A48,0x08B29F94,.rodata,6,0,nat000
0x08D41970,55,0x08D41A4C,0x08B29F9C,.rodata,6,0,ash000
0x08D41970,56,0x08D41A50,0x08B29FA4,.rodata,6,0,van000
0x08D41970,57,0x08D41A54,0x08B29FAC,.rodata,6,0,cai000
0x08D41970,58,0x08D41A58,0x08B29FB4,.rodata,6,0,rub000
0x08D41970,59,0x08D41A5C,0x08B29FBC,.rodata,6,0,ruc000
0x08D41970,60,0x08D41A60,0x08B29FC4,.rodata,6,0,iri000
0x08D41970,61,0x08D41A64,0x08B29FCC,.rodata,6,0,spa000
0x08D41970,62,0x08D41A68,0x08B29FD4,.rodata,6,0,ang000
0x08D41970,63,0x08D41A6C,0x08B29FDC,.rodata,6,0,ric000
0x08D41970,64,0x08D41A70,0x08B29FE4,.rodata,6,0,yur000
0x08D41970,65,0x08D41A74,0x08B29FEC,.rodata,6,0,yur001
0x08D41970,66,0x08D41A78,0x08B29FF4,.rodata,6,0,est000
0x08D41970,67,0x08D41A7C,0x08B29FFC,.rodata,6,0,jds000
0x08D41970,68,0x08D41A80,0x08B2A004,.rodata,6,0,rit000
0x08D41970,69,0x08D41A84,0x08B2A00C,.rodata,6,0,rav000
0x08D41970,70,0x08D41A88,0x08B2A014,.rodata,6,0,fre000
0x08D41970,71,0x08D41A8C,0x08B2A01C,.rodata,6,0,sng000
0x08D41970,72,0x08D41A90,0x08B2A024,.rodata,6,0,koh000
0x08D41970,73,0x08D41A94,0x08B2A02C,.rodata,6,0,his000
0x08D41970,74,0x08D41A98,0x08B2A034,.rodata,6,0,asb000
0x08D41970,75,0x08D41A9C,0x08B2A03C,.rodata,6,0,sof000
0x08D41970,76,0x08D41AA0,0x08B2A044,.rodata,6,0,chr000
0x08D41970,77,0x08D41AA4,0x08B2A04C,.rodata,6,0,dos000
0x08D41970,78,0x08D41AA8,0x08B2A054,.rodata,6,0,brb000
0x08D41970,79,0x08D41AAC,0x08B2A05C,.rodata,6,0,ygd000
0x08D41970,80,0x08D41AB0,0x08B2A064,.rodata,6,0,sal000
0x08D41970,81,0x08D41AB4,0x08B2A06C,.rodata,6,0,mim000
0x08D41970,82,0x08D41AB8,0x08B2A074,.rodata,6,0,quc000
0x08D41970,83,0x08D41ABC,0x08B2A07C,.rodata,6,0,cup000
0x08D41970,84,0x08D41AC0,0x08B2A084,.rodata,6,0,pip000
0x08D41970,85,0x08D41AC4,0x08B2A08C,.rodata,6,0,pop000
0x08D41970,86,0x08D41AC8,0x08B2A094,.rodata,6,0,cod000
0x08D41970,87,0x08D41ACC,0x08B2A09C,.rodata,6,0,kno002
0x08D41AD4,0,0x08D41AD4,0x08B2A0A4,.rodata,6,0,kno000
0x08D41AD4,1,0x08D41AD8,0x08B2A0AC,.rodata,6,0,kno001
0x08D41AD4,2,0x08D41ADC,0x08B2A0B4,.rodata,6,0,roc000
0x08D41AD4,3,0x08D41AE0,0x08B2A0BC,.rodata,6,0,nie000
0x08D41AD4,4,0x08D41AE4,0x08B2A0C4,.rodata,6,0,wid000
0x08D41AD4,5,0x08D41AE8,0x08B2A0CC,.rodata,6,0,ged000
0x08D41AD4,6,0x08D41AEC,0x08B2A0D4,.rodata,6,0,mrm000
0x08D41AD4,7,0x08D41AF0,0x08B2A0DC,.rodata,6,0,laz001
0x08D41AD4,8,0x08D41AF4,0x08B2A0E4,.rodata,6,0,npc001
0x08D41AD4,9,0x08D41AF8,0x08B2A0EC,.rodata,6,0,npc003
0x08D41AD4,10,0x08D41AFC,0x08B2A0F4,.rodata,6,0,npc000
0x08D41AD4,11,0x08D41B00,0x08B2A0FC,.rodata,6,0,npc005
0x08D41AD4,12,0x08D41B04,0x08B2A104,.rodata,6,0,npc006
0x08D41AD4,13,0x08D41B08,0x08B2A10C,.rodata,6,0,npc007
0x08D41AD4,14,0x08D41B0C,0x08B2A114,.rodata,6,0,npc008
0x08D41AD4,15,0x08D41B10,0x08B2A11C,.rodata,6,0,npc009
0x08D41AD4,16,0x08D41B14,0x08B2A124,.rodata,6,0,npc012
0x08D41AD4,17,0x08D41B18,0x08B2A12C,.rodata,6,0,laz000
0x08D41AD4,18,0x08D41B1C,0x08B2A134,.rodata,6,0,laz002
0x08D41AD4,19,0x08D41B20,0x08B2A13C,.rodata,6,0,npc002
0x08D41AD4,20,0x08D41B24,0x08B2A144,.rodata,6,0,npc004
0x08D41AD4,21,0x08D41B28,0x08B2A14C,.rodata,6,0,npc010
0x08D41AD4,22,0x08D41B2C,0x08B2A154,.rodata,6,0,npc011
0x08D41AD4,23,0x08D41B30,0x08B2A14C,.rodata,6,0,npc010
0x08D41AD4,24,0x08D41B34,0x08B2A15C,.rodata,6,0,npc014
0x08D41AD4,25,0x08D41B38,0x08B2A164,.rodata,6,0,nie001
0x08D41AD4,26,0x08D41B3C,0x08B2A16C,.rodata,6,0,npc015
0x08D41AD4,27,0x08D41B40,0x08B2A174,.rodata,6,0,npc016
0x08D41AD4,28,0x08D41B44,0x08B2A17C,.rodata,6,0,npc017
0x08D41AD4,29,0x08D41B48,0x08B2A184,.rodata,6,0,amp000
0x08D41AD4,30,0x08D41B4C,0x08B2A18C,.rodata,6,0,amp001
0x08D41AD4,31,0x08D41B50,0x08B2A194,.rodata,6,0,amp003
0x08D41AD4,32,0x08D41B54,0x08B2A19C,.rodata,6,0,amp010
0x08D41AD4,33,0x08D41B58,0x08B2A1A4,.rodata,6,0,amp011
0x08D41AD4,34,0x08D41B5C,0x08B2A1AC,.rodata,6,0,amp014
0x08D41AD4,35,0x08D41B60,0x08B2A1B4,.rodata,6,0,amp021
0x08D41AD4,36,0x08D41B64,0x08B2A1BC,.rodata,6,0,amp022
0x08D41AD4,37,0x08D41B68,0x08B2A1C4,.rodata,6,0,amp023
0x08D41AD4,38,0x08D41B6C,0x08B2A1CC,.rodata,6,0,amp030
0x08D41AD4,39,0x08D41B70,0x08B2A1D4,.rodata,7,0,amp030z
0x08D41AD4,40,0x08D41B74,0x08B2A1DC,.rodata,6,0,amp031
0x08D41AD4,41,0x08D41B78,0x08B2A1E4,.rodata,7,0,bom000z
0x08D41AD4,42,0x08D41B7C,0x08B2A1EC,.rodata,7,0,bom010z
0x08D41AD4,43,0x08D41B80,0x08B2A1F4,.rodata,6,0,bom020
0x08D41AD4,44,0x08D41B84,0x08B2A1FC,.rodata,6,0,bom021
0x08D41AD4,45,0x08D41B88,0x08B2A204,.rodata,7,0,bom030z
0x08D41AD4,46,0x08D41B8C,0x08B2A20C,.rodata,6,0,bom040
0x08D41AD4,47,0x08D41B90,0x08B2A214,.rodata,6,0,bom050
0x08D41AD4,48,0x08D41B94,0x08B2A21C,.rodata,6,0,bom070
0x08D41AD4,49,0x08D41B98,0x08B2A224,.rodata,6,0,bst000
0x08D41AD4,50,0x08D41B9C,0x08B2A22C,.rodata,6,0,bst001
0x08D41AD4,51,0x08D41BA0,0x08B2A234,.rodata,6,0,bst003
0x08D41AD4,52,0x08D41BA4,0x08B2A23C,.rodata,6,0,bst010
0x08D41AD4,53,0x08D41BA8,0x08B2A244,.rodata,6,0,bst011
0x08D41AD4,54,0x08D41BAC,0x08B2A24C,.rodata,6,0,bst012
0x08D41AD4,55,0x08D41BB0,0x08B2A254,.rodata,6,0,bst013
0x08D41AD4,56,0x08D41BB4,0x08B2A25C,.rodata,6,0,bst014
0x08D41AD4,57,0x08D41BB8,0x08B2A264,.rodata,6,0,bst020
0x08D41AD4,58,0x08D41BBC,0x08B2A26C,.rodata,7,0,bst020z
0x08D41AD4,59,0x08D41BC0,0x08B2A274,.rodata,6,0,bst021
0x08D41AD4,60,0x08D41BC4,0x08B2A27C,.rodata,6,0,bst024
0x08D41AD4,61,0x08D41BC8,0x08B2A284,.rodata,6,0,bst026
0x08D41AD4,62,0x08D41BCC,0x08B2A28C,.rodata,6,0,bst030
0x08D41AD4,63,0x08D41BD0,0x08B2A294,.rodata,6,0,bst031
0x08D41AD4,64,0x08D41BD4,0x08B2A29C,.rodata,6,0,bst041
0x08D41AD4,65,0x08D41BD8,0x08B2A2A4,.rodata,6,0,bst042
0x08D41AD4,66,0x08D41BDC,0x08B2A2AC,.rodata,6,0,bst050
0x08D41AD4,67,0x08D41BE0,0x08B2A2B4,.rodata,6,0,bst052
0x08D41AD4,68,0x08D41BE4,0x08B2A2BC,.rodata,6,0,bst053
0x08D41AD4,69,0x08D41BE8,0x08B2A2C4,.rodata,6,0,enm011
0x08D41AD4,70,0x08D41BEC,0x08B2A2CC,.rodata,6,0,enm012
0x08D41AD4,71,0x08D41BF0,0x08B2A2D4,.rodata,6,0,enm013
0x08D41AD4,72,0x08D41BF4,0x08B2A2DC,.rodata,6,0,enm040
0x08D41AD4,73,0x08D41BF8,0x08B2A2E4,.rodata,7,0,enm040z
0x08D41AD4,74,0x08D41BFC,0x08B2A2EC,.rodata,6,0,enm042
0x08D41AD4,75,0x08D41C00,0x08B2A2F4,.rodata,6,0,enm044
0x08D41AD4,76,0x08D41C04,0x08B2A2FC,.rodata,6,0,enm051
0x08D41AD4,77,0x08D41C08,0x08B2A304,.rodata,6,0,enm053
0x08D41AD4,78,0x08D41C0C,0x08B2A30C,.rodata,6,0,enm055
0x08D41AD4,79,0x08D41C10,0x08B2A314,.rodata,6,0,enm060
0x08D41AD4,80,0x08D41C14,0x08B2A31C,.rodata,7,0,enm060z
0x08D41AD4,81,0x08D41C18,0x08B2A324,.rodata,6,0,enm061
0x08D41AD4,82,0x08D41C1C,0x08B2A32C,.rodata,6,0,enm070
0x08D41AD4,83,0x08D41C20,0x08B2A334,.rodata,6,0,enm071
0x08D41AD4,84,0x08D41C24,0x08B2A33C,.rodata,6,0,enm072
0x08D41AD4,85,0x08D41C28,0x08B2A344,.rodata,6,0,enm081
0x08D41AD4,86,0x08D41C2C,0x08B2A34C,.rodata,7,0,enm080z
0x08D41AD4,87,0x08D41C30,0x08B2A354,.rodata,6,0,enm082
0x08D41AD4,88,0x08D41C34,0x08B2A35C,.rodata,7,0,enm090z
0x08D41AD4,89,0x08D41C38,0x08B2A364,.rodata,6,0,enm091
0x08D41AD4,90,0x08D41C3C,0x08B2A36C,.rodata,6,0,enm092
0x08D41AD4,91,0x08D41C40,0x08B2A374,.rodata,6,0,enm100
0x08D41AD4,92,0x08D41C44,0x08B2A37C,.rodata,6,0,enm101
0x08D41AD4,93,0x08D41C48,0x08B2A384,.rodata,6,0,enm102
0x08D41AD4,94,0x08D41C4C,0x08B2A38C,.rodata,6,0,enm106
0x08D41AD4,95,0x08D41C50,0x08B2A394,.rodata,6,0,enm110
0x08D41AD4,96,0x08D41C54,0x08B2A39C,.rodata,6,0,enm112
0x08D41AD4,97,0x08D41C58,0x08B2A3A4,.rodata,6,0,enm113
0x08D41AD4,98,0x08D41C5C,0x08B2A3AC,.rodata,6,0,enm115
0x08D41AD4,99,0x08D41C60,0x08B2A3B4,.rodata,6,0,fly000
0x08D41AD4,100,0x08D41C64,0x08B2A3BC,.rodata,6,0,fly001
0x08D41AD4,101,0x08D41C68,0x08B2A3C4,.rodata,6,0,fly002
0x08D41AD4,102,0x08D41C6C,0x08B2A3CC,.rodata,6,0,fly004
0x08D41AD4,103,0x08D41C70,0x08B2A3D4,.rodata,6,0,fly006
0x08D41AD4,104,0x08D41C74,0x08B2A3DC,.rodata,6,0,fly007
0x08D41AD4,105,0x08D41C78,0x08B2A3E4,.rodata,6,0,fly020
0x08D41AD4,106,0x08D41C7C,0x08B2A3EC,.rodata,6,0,fly021
0x08D41AD4,107,0x08D41C80,0x08B2A3F4,.rodata,6,0,fly023
0x08D41AD4,108,0x08D41C84,0x08B2A3FC,.rodata,6,0,fly025
0x08D41AD4,109,0x08D41C88,0x08B2A404,.rodata,6,0,fly030
0x08D41AD4,110,0x08D41C8C,0x08B2A40C,.rodata,6,0,fly034
0x08D41AD4,111,0x08D41C90,0x08B2A414,.rodata,6,0,fly036
0x08D41AD4,112,0x08D41C94,0x08B2A41C,.rodata,6,0,fly040
0x08D41AD4,113,0x08D41C98,0x08B2A424,.rodata,6,0,fly042
0x08D41AD4,114,0x08D41C9C,0x08B2A42C,.rodata,6,0,hum001
0x08D41AD4,115,0x08D41CA0,0x08B2A434,.rodata,6,0,hum002
0x08D41AD4,116,0x08D41CA4,0x08B2A43C,.rodata,6,0,hum011
0x08D41AD4,117,0x08D41CA8,0x08B2A444,.rodata,6,0,hum012
0x08D41AD4,118,0x08D41CAC,0x08B2A44C,.rodata,6,0,hum021
0x08D41AD4,119,0x08D41CB0,0x08B2A454,.rodata,6,0,hum022
0x08D41AD4,120,0x08D41CB4,0x08B2A45C,.rodata,7,0,hum030z
0x08D41AD4,121,0x08D41CB8,0x08B2A464,.rodata,6,0,hum031
0x08D41AD4,122,0x08D41CBC,0x08B2A46C,.rodata,6,0,hum040
0x08D41AD4,123,0x08D41CC0,0x08B2A474,.rodata,6,0,hum042
0x08D41AD4,124,0x08D41CC4,0x08B2A47C,.rodata,6,0,hum050
0x08D41AD4,125,0x08D41CC8,0x08B2A484,.rodata,7,0,hum050y
0x08D41AD4,126,0x08D41CCC,0x08B2A48C,.rodata,7,0,hum050z
0x08D41AD4,127,0x08D41CD0,0x08B2A494,.rodata,6,0,hum053
0x08D41AD4,128,0x08D41CD4,0x08B2A49C,.rodata,6,0,hum060
0x08D41AD4,129,0x08D41CD8,0x08B2A4A4,.rodata,7,0,hum060y
0x08D41AD4,130,0x08D41CDC,0x08B2A4AC,.rodata,7,0,hum060z
0x08D41AD4,131,0x08D41CE0,0x08B2A4B4,.rodata,6,0,hum061
0x08D41AD4,132,0x08D41CE4,0x08B2A4BC,.rodata,6,0,pla000
0x08D41AD4,133,0x08D41CE8,0x08B2A4C4,.rodata,6,0,pla001
0x08D41AD4,134,0x08D41CEC,0x08B2A4CC,.rodata,6,0,pla003
0x08D41AD4,135,0x08D41CF0,0x08B2A4D4,.rodata,6,0,pla010
0x08D41AD4,136,0x08D41CF4,0x08B2A4DC,.rodata,6,0,pla013
0x08D41AD4,137,0x08D41CF8,0x08B2A4E4,.rodata,6,0,pla020
0x08D41AD4,138,0x08D41CFC,0x08B2A4EC,.rodata,7,0,pla020z
0x08D41AD4,139,0x08D41D00,0x08B2A4F4,.rodata,6,0,pla021
0x08D41AD4,140,0x08D41D04,0x08B2A4FC,.rodata,6,0,pla030
0x08D41AD4,141,0x08D41D08,0x08B2A504,.rodata,7,0,pla030z
0x08D41AD4,142,0x08D41D0C,0x08B2A50C,.rodata,6,0,pla032
0x08D41AD4,143,0x08D41D10,0x08B2A514,.rodata,6,0,pla035
0x08D41AD4,144,0x08D41D14,0x08B2A51C,.rodata,6,0,pla036
0x08D41AD4,145,0x08D41D18,0x08B2A524,.rodata,6,0,spi020
0x08D41AD4,146,0x08D41D1C,0x08B2A52C,.rodata,6,0,spi022
0x08D41AD4,147,0x08D41D20,0x08B2A534,.rodata,6,0,spi030
0x08D41AD4,148,0x08D41D24,0x08B2A53C,.rodata,6,0,spi031
0x08D41AD4,149,0x08D41D28,0x08B2A544,.rodata,7,0,bst011z
0x08D41AD4,150,0x08D41D2C,0x08B2A54C,.rodata,7,0,amp001z
0x08D41AD4,151,0x08D41D30,0x08B2A554,.rodata,7,0,pla010z
0x08D41AD4,152,0x08D41D34,0x08B2A55C,.rodata,7,0,bst013z
0x08D41AD4,153,0x08D41D38,0x08B2A564,.rodata,7,0,amp030y
0x08D41AD4,154,0x08D41D3C,0x08B2A56C,.rodata,7,0,enm042z
0x08D41AD4,155,0x08D41D40,0x08B2A574,.rodata,7,0,bst020y
0x08D41AD4,156,0x08D41D44,0x08B2A57C,.rodata,7,0,enm011z
0x08D41AD4,157,0x08D41D48,0x08B2A584,.rodata,7,0,bst050z
0x08D41AD4,158,0x08D41D4C,0x08B2A58C,.rodata,7,0,fly040z
0x08D41AD4,159,0x08D41D50,0x08B2A594,.rodata,6,0,bom100
0x08D41AD4,160,0x08D41D54,0x08B2A59C,.rodata,6,0,bom101
0x08D41AD4,161,0x08D41D58,0x08B2A5A4,.rodata,6,0,bom102
0x08D41AD4,162,0x08D41D5C,0x08B2A5AC,.rodata,6,0,bom103
0x08D41AD4,163,0x08D41D60,0x08B2A5B4,.rodata,6,0,bom104
0x08D41AD4,164,0x08D41D64,0x08B2A5BC,.rodata,7,0,bom020z
0x08D41AD4,165,0x08D41D68,0x08B2A5C4,.rodata,6,0,laz003
0x08D41AD4,166,0x08D41D6C,0x08B2A5CC,.rodata,6,0,bom105
0x08D456A8,0,0x08D456A8,0x08B30BC4,.rodata,6,0,d02b01
0x08D456A8,1,0x08D456AC,0x08B30BCC,.rodata,6,0,d01b01
0x08D456A8,2,0x08D456B0,0x08B30BD4,.rodata,6,0,d01b02
0x08D456A8,3,0x08D456B4,0x08B30BDC,.rodata,6,0,d01b03
0x08D456A8,4,0x08D456B8,0x08B30BE4,.rodata,6,0,d01b04
0x08D456A8,5,0x08D456BC,0x08B30BEC,.rodata,6,0,d01b05
0x08D456A8,6,0x08D456C0,0x08B30BC4,.rodata,6,0,d02b01
0x08D456A8,7,0x08D456C4,0x08B30BF4,.rodata,6,0,d03b01
0x08D456A8,8,0x08D456C8,0x08B30BFC,.rodata,6,0,d03b02
0x08D456A8,9,0x08D456CC,0x08B30C04,.rodata,6,0,d04b01
0x08D456A8,10,0x08D456D0,0x08B30C0C,.rodata,6,0,d04b02
0x08D456A8,11,0x08D456D4,0x08B30C14,.rodata,6,0,d05b01
0x08D456A8,12,0x08D456D8,0x08B30C1C,.rodata,6,0,d05b02
0x08D456A8,13,0x08D456DC,0x08B30C24,.rodata,6,0,d05b03
0x08D456A8,14,0x08D456E0,0x08B30C2C,.rodata,6,0,d05b04
0x08D456A8,15,0x08D456E4,0x08B30C34,.rodata,6,0,d06b01
0x08D456A8,16,0x08D456E8,0x08B30C3C,.rodata,6,0,d06b02
0x08D456A8,17,0x08D456EC,0x08B30C44,.rodata,6,0,d07b01
0x08D456A8,18,0x08D456F0,0x08B30C4C,.rodata,6,0,d07b02
0x08D456A8,19,0x08D456F4,0x08B30C54,.rodata,6,0,d08b01
0x08D456A8,20,0x08D456F8,0x08B30C5C,.rodata,6,0,d08b02
0x08D456A8,21,0x08D456FC,0x08B30C64,.rodata,6,0,d09b01
0x08D456A8,22,0x08D45700,0x08B30C6C,.rodata,6,0,d09b02
0x08D456A8,23,0x08D45704,0x08B30C74,.rodata,6,0,d10b01
0x08D456A8,24,0x08D45708,0x08B30C7C,.rodata,6,0,d11b01
0x08D456A8,25,0x08D4570C,0x08B30C84,.rodata,6,0,d11b02
0x08D456A8,26,0x08D45710,0x08B30C8C,.rodata,6,0,d11b03
0x08D456A8,27,0x08D45714,0x08B30C94,.rodata,6,0,d11b04
0x08D456A8,28,0x08D45718,0x08B30C9C,.rodata,6,0,d12b01
0x08D456A8,29,0x08D4571C,0x08B30CA4,.rodata,6,0,d12b02
0x08D456A8,30,0x08D45720,0x08B30CAC,.rodata,6,0,d12b03
0x08D456A8,31,0x08D45724,0x08B30CB4,.rodata,6,0,d12b04
0x08D456A8,32,0x08D45728,0x08B30CBC,.rodata,6,0,d13b01
0x08D457A4,0,0x08D457A4,0x08B316B0,.rodata,9,0,win000_00
0x08D457A4,1,0x08D457A8,0x08B316BC,.rodata,9,0,win000_01
0x08D457A4,2,0x08D457AC,0x08B316C8,.rodata,9,0,win000_02
0x08D457A4,3,0x08D457B0,0x08B316D4,.rodata,9,0,win000_03
0x08D457A4,4,0x08D457B4,0x08B316E0,.rodata,9,0,win000_04
0x08D457A4,5,0x08D457B8,0x08B316EC,.rodata,9,0,win000_05
0x08D457A4,6,0x08D457BC,0x08B316F8,.rodata,9,0,win001_00
0x08D457A4,7,0x08D457C0,0x08B31704,.rodata,9,0,win001_01
0x08D457A4,8,0x08D457C4,0x08B31710,.rodata,9,0,win001_02
0x08D457A4,9,0x08D457C8,0x08B3171C,.rodata,9,0,win001_03
0x08D457A4,10,0x08D457CC,0x08B31728,.rodata,9,0,win001_04
0x08D457A4,11,0x08D457D0,0x08B31734,.rodata,9,0,win001_05
0x08D45C08,0,0x08D45C08,0x08B40358,.rodata,7,0,barrier
0x08D45C08,1,0x08D45C0C,0x08B40360,.rodata,4,0,bird
0x08D45C08,2,0x08D45C10,0x08B40368,.rodata,5,0,blade
0x08D45C08,3,0x08D45C14,0x08B40370,.rodata,4,0,bomb
0x08D45C08,4,0x08D45C18,0x08B40378,.rodata,6,0,dragon
0x08D45C08,5,0x08D45C1C,0x08B40380,.rodata,10,0,eruption_0
0x08D45C08,6,0x08D45C20,0x08B4038C,.rodata,10,0,eruption_1
0x08D45C08,7,0x08D45C24,0x08B40398,.rodata,7,0,explode
0x08D45C08,8,0x08D45C28,0x08B403A0,.rodata,5,0,knife
0x08D45C08,9,0x08D45C2C,0x08B403A8,.rodata,5,0,kunai
0x08D45C08,10,0x08D45C30,0x08B403B0,.rodata,9,0,lion_blue
0x08D45C08,11,0x08D45C34,0x08B403BC,.rodata,11,0,lion_orange
0x08D45C08,12,0x08D45C38,0x08B403C8,.rodata,9,0,lion_pink
0x08D45C08,13,0x08D45C3C,0x08B403D4,.rodata,6,0,lion_y
0x08D45C08,14,0x08D45C40,0x08B403DC,.rodata,6,0,maruta
0x08D45C08,15,0x08D45C44,0x08B403E4,.rodata,5,0,meteo
0x08D45C08,16,0x08D45C48,0x08B403EC,.rodata,5,0,nurse
0x08D45C08,17,0x08D45C4C,0x08B403F4,.rodata,4,0,rock
0x08D45C08,18,0x08D45C50,0x08B403FC,.rodata,12,0,rockmountain
0x08D45C08,19,0x08D45C54,0x08B4040C,.rodata,4,0,rose
0x08D45C08,20,0x08D45C58,0x08B40414,.rodata,6,0,spread
0x08D45C08,21,0x08D45C5C,0x08B4041C,.rodata,5,0,tidal
0x08D45C08,22,0x08D45C60,0x08B40424,.rodata,2,0,ya
0x08D45C08,23,0x08D45C64,0x08B40428,.rodata,8,0,majinken
0x08D45C08,24,0x08D45C68,0x08B40434,.rodata,10,0,majinken_r
0x08D45C08,25,0x08D45C6C,0x08B40440,.rodata,10,0,majinken_y
0x08D45C08,26,0x08D45C70,0x08B4044C,.rodata,3,0,ice
0x08D45C08,27,0x08D45C74,0x08B40450,.rodata,11,0,rockbreak_0
0x08D45C08,28,0x08D45C78,0x08B4045C,.rodata,11,0,rockbreak_1
0x08D45C08,29,0x08D45C7C,0x08B40468,.rodata,11,0,rockbreak_2
0x08D45C08,30,0x08D45C80,0x08B40474,.rodata,7,0,jujisyo
0x08D45C08,31,0x08D45C84,0x08B4047C,.rodata,7,0,kiretsu
0x08D45C08,32,0x08D45C88,0x08B40484,.rodata,9,0,kiretsu_x
0x08D45C08,33,0x08D45C8C,0x08B40490,.rodata,11,0,iceground_a
0x08D45C08,34,0x08D45C90,0x08B4049C,.rodata,11,0,iceground_b
0x08D45C08,35,0x08D45C94,0x08B404A8,.rodata,6,0,icicle
0x08D45C08,36,0x08D45C98,0x08B404B0,.rodata,7,0,uzumaki
0x08D45C08,37,0x08D45C9C,0x08B404B8,.rodata,15,0,uzumaki_reverse
0x08D45C08,38,0x08D45CA0,0x08B404C8,.rodata,7,0,gravity
0x08D45C08,39,0x08D45CA4,0x08B404D0,.rodata,6,0,bubble
0x08D45C08,40,0x08D45CA8,0x08B404D8,.rodata,7,0,crystal
0x08D45C08,41,0x08D45CAC,0x08B404E0,.rodata,6,0,senpuu
0x08D45C08,42,0x08D45CB0,0x08B404E8,.rodata,7,0,shibuki
0x08D45C08,43,0x08D45CB4,0x08B404F0,.rodata,10,0,rock_small
0x08D45C08,44,0x08D45CB8,0x08B404FC,.rodata,5,0,crown
0x08D45C08,45,0x08D45CBC,0x08B40504,.rodata,6,0,splash
0x08D45C08,46,0x08D45CC0,0x08B4050C,.rodata,8,0,koudan_b
0x08D45C08,47,0x08D45CC4,0x08B40518,.rodata,8,0,koudan_r
0x08D45C08,48,0x08D45CC8,0x08B40524,.rodata,8,0,koudan_y
0x08D45C08,49,0x08D45CCC,0x08B40530,.rodata,14,0,negativegate_a
0x08D45C08,50,0x08D45CD0,0x08B40540,.rodata,14,0,negativegate_b
0x08D45C08,51,0x08D45CD4,0x08B40550,.rodata,8,0,m_hammer
0x08D45C08,52,0x08D45CD8,0x08B4055C,.rodata,9,0,eff_spear
0x08D45C08,53,0x08D45CDC,0x08B40568,.rodata,9,0,eff_sword
0x08D45C08,54,0x08D45CE0,0x08B40574,.rodata,7,0,tornado
0x08D45C08,55,0x08D45CE4,0x08B4057C,.rodata,9,0,tornado_b
0x08D45C08,56,0x08D45CE8,0x08B40588,.rodata,9,0,tornado_g
0x08D45C08,57,0x08D45CEC,0x08B40594,.rodata,9,0,tornado_r
0x08D45C08,58,0x08D45CF0,0x08B405A0,.rodata,9,0,tornado_p
0x08D45C08,59,0x08D45CF4,0x08B405AC,.rodata,9,0,sharp_ice
0x08D45C08,60,0x08D45CF8,0x08B405B8,.rodata,7,0,pikohan
0x08D45C08,61,0x08D45CFC,0x08B405C0,.rodata,9,0,pikohan_g
0x08D45C08,62,0x08D45D00,0x08B405CC,.rodata,8,0,kochihan
0x08D45C08,63,0x08D45D04,0x08B405D8,.rodata,6,0,ripple
0x08D45C08,64,0x08D45D08,0x08B405E0,.rodata,10,0,grandcross
0x08D45C08,65,0x08D45D0C,0x08B405EC,.rodata,8,0,sparkweb
0x08D45C08,66,0x08D45D10,0x08B405F8,.rodata,6,0,dispel
0x08D45C08,67,0x08D45D14,0x08B40600,.rodata,11,0,indignation
0x08D45C08,68,0x08D45D18,0x08B4060C,.rodata,11,0,blackhole_0
0x08D45C08,69,0x08D45D1C,0x08B40618,.rodata,11,0,blackhole_1
0x08D45C08,70,0x08D45D20,0x08B40624,.rodata,5,0,clock
0x08D45C08,71,0x08D45D24,0x08B4062C,.rodata,5,0,larme
0x08D45C08,72,0x08D45D28,0x08B40634,.rodata,4,0,fate
0x08D45C08,73,0x08D45D2C,0x08B4063C,.rodata,6,0,hlance
0x08D45C08,74,0x08D45D30,0x08B40644,.rodata,6,0,dlance
0x08D45C08,75,0x08D45D34,0x08B4064C,.rodata,6,0,flance
0x08D45C08,76,0x08D45D38,0x08B40654,.rodata,5,0,ziria
0x08D45C08,77,0x08D45D3C,0x08B4065C,.rodata,12,0,guy_mahoujin
0x08D45C08,78,0x08D45D40,0x08B4066C,.rodata,5,0,houou
0x08D45C08,79,0x08D45D44,0x08B40674,.rodata,9,0,stonewall
0x08D45C08,80,0x08D45D48,0x08B40680,.rodata,13,0,asch_mahoujin
0x08D45C08,81,0x08D45D4C,0x08B40690,.rodata,11,0,aura_circle
0x08D45C08,82,0x08D45D50,0x08B4069C,.rodata,5,0,rasen
0x08D45C08,83,0x08D45D54,0x08B406A4,.rodata,5,0,shine
0x08D45C08,84,0x08D45D58,0x08B406AC,.rodata,6,0,cage_a
0x08D45C08,85,0x08D45D5C,0x08B406B4,.rodata,6,0,cage_b
0x08D45C08,86,0x08D45D60,0x08B406BC,.rodata,14,0,anise_mahoujin
0x08D45C08,87,0x08D45D64,0x08B406CC,.rodata,12,0,anise_sphere
0x08D45C08,88,0x08D45D68,0x08B406DC,.rodata,8,0,hiougibg
0x08D45C08,89,0x08D45D6C,0x08B406E8,.rodata,10,0,guy_circle
0x08D45C08,90,0x08D45D70,0x08B406F4,.rodata,4,0,wing
0x08D45C08,91,0x08D45D74,0x08B406FC,.rodata,6,0,wing02
0x08D45C08,92,0x08D45D78,0x08B40704,.rodata,5,0,glass
0x08D45C08,93,0x08D45D7C,0x08B4070C,.rodata,7,0,tsunami
0x08D45C08,94,0x08D45D80,0x08B40714,.rodata,10,0,fire_sword
0x08D45C08,95,0x08D45D84,0x08B40720,.rodata,5,0,jdome
0x08D45C08,96,0x08D45D88,0x08B40728,.rodata,8,0,jigenzan
0x08D45C08,97,0x08D45D8C,0x08B40734,.rodata,6,0,impact
0x08D45C08,98,0x08D45D90,0x08B4073C,.rodata,5,0,kokuu
0x08D45C08,99,0x08D45D94,0x08B40744,.rodata,6,0,aqua_0
0x08D45C08,100,0x08D45D98,0x08B4074C,.rodata,6,0,aqua_1
0x08D45C08,101,0x08D45D9C,0x08B40754,.rodata,7,0,tear_bg
0x08D45C08,102,0x08D45DA0,0x08B4075C,.rodata,14,0,lloyd_mahoujin
0x08D45C08,103,0x08D45DA4,0x08B4076C,.rodata,15,0,genius_mahoujin
0x08D45C08,104,0x08D45DA8,0x08B4077C,.rodata,13,0,genius_circle
0x08D45C08,105,0x08D45DAC,0x08B4078C,.rodata,4,0,wolf
0x08D45C08,106,0x08D45DB0,0x08B40794,.rodata,9,0,blackwave
0x08D45C08,107,0x08D45DB4,0x08B407A0,.rodata,6,0,ball_w
0x08D45C08,108,0x08D45DB8,0x08B407A8,.rodata,6,0,ball_y
0x08D45C08,109,0x08D45DBC,0x08B407B0,.rodata,11,0,refill_ring
0x08D45C08,110,0x08D45DC0,0x08B407BC,.rodata,7,0,rainbow
0x08D45C08,111,0x08D45DC4,0x08B407C4,.rodata,9,0,eff_arrow
0x08D45C08,112,0x08D45DC8,0x08B407D0,.rodata,14,0,zelos_mahoujin
0x08D45C08,113,0x08D45DCC,0x08B407E0,.rodata,8,0,eff_wall
0x08D45C08,114,0x08D45DD0,0x08B407EC,.rodata,6,0,manbou
0x08D45C08,115,0x08D45DD4,0x08B407F4,.rodata,15,0,collet_mahoujin
0x08D45C08,116,0x08D45DD8,0x08B40804,.rodata,4,0,aero
0x08D45C08,117,0x08D45DDC,0x08B4080C,.rodata,9,0,jimen_hit
0x08D45C08,118,0x08D45DE0,0x08B40818,.rodata,11,0,presea_ring
0x08D45C08,119,0x08D45DE4,0x08B40824,.rodata,12,0,nanaly_arrow
0x08D45C08,120,0x08D45DE8,0x08B40834,.rodata,7,0,zepujin
0x08D45C08,121,0x08D45DEC,0x08B4083C,.rodata,5,0,syugo
0x08D45C08,122,0x08D45DF0,0x08B40844,.rodata,9,0,rutee_sky
0x08D45C08,123,0x08D45DF4,0x08B40850,.rodata,12,0,rutee_bubble
0x08D45C08,124,0x08D45DF8,0x08B40860,.rodata,11,0,kyle_circle
0x08D45C08,125,0x08D45DFC,0x08B4086C,.rodata,10,0,kyle_slash
0x08D45C08,126,0x08D45E00,0x08B40878,.rodata,8,0,kyle_dot
0x08D45C08,127,0x08D45E04,0x08B40884,.rodata,9,0,eff_cross
0x08D45C08,128,0x08D45E08,0x08B40890,.rodata,14,0,kongman_attack
0x08D45C08,129,0x08D45E0C,0x08B408A0,.rodata,8,0,disaster
0x08D45C08,130,0x08D45E10,0x08B408AC,.rodata,12,0,barbatos_uzu
0x08D45C08,131,0x08D45E14,0x08B408BC,.rodata,8,0,gizagiza
0x08D45C08,132,0x08D45E18,0x08B408C8,.rodata,15,0,gizagiza_circle
0x08D45C08,133,0x08D45E1C,0x08B408D8,.rodata,9,0,lion_aura
0x08D45C08,134,0x08D45E20,0x08B408E4,.rodata,9,0,lion_belt
0x08D45C08,135,0x08D45E24,0x08B408F0,.rodata,10,0,lion_slash
0x08D45C08,136,0x08D45E28,0x08B408FC,.rodata,9,0,roveritem
0x08D45C08,137,0x08D45E2C,0x08B40908,.rodata,9,0,ruca_fire
0x08D45C08,138,0x08D45E30,0x08B40914,.rodata,13,0,ruca_mahoujin
0x08D45C08,139,0x08D45E34,0x08B40924,.rodata,9,0,ruca_stab
0x08D45C08,140,0x08D45E38,0x08B40930,.rodata,10,0,electric_0
0x08D45C08,141,0x08D45E3C,0x08B4093C,.rodata,10,0,electric_1
0x08D45C08,142,0x08D45E40,0x08B40948,.rodata,9,0,spada_hit
0x08D45C08,143,0x08D45E44,0x08B40954,.rodata,11,0,spada_light
0x08D45C08,144,0x08D45E48,0x08B40960,.rodata,13,0,spada_tornado
0x08D45C08,145,0x08D45E4C,0x08B40970,.rodata,10,0,ruca_light
0x08D45C08,146,0x08D45E50,0x08B4097C,.rodata,11,0,caius_slash
0x08D45C08,147,0x08D45E54,0x08B40988,.rodata,12,0,caius_sphere
0x08D45C08,148,0x08D45E58,0x08B40998,.rodata,12,0,hiougi_ninja
0x08D45C08,149,0x08D45E5C,0x08B409A8,.rodata,7,0,s_spear
0x08D45C08,150,0x08D45E60,0x08B409B0,.rodata,11,0,evil_sphere
0x08D45C08,151,0x08D45E64,0x08B409BC,.rodata,12,0,farah_dragon
0x08D45C08,152,0x08D45E68,0x08B409CC,.rodata,11,0,cless_slash
0x08D45C08,153,0x08D45E6C,0x08B409D8,.rodata,6,0,dleben
0x08D45C08,154,0x08D45E70,0x08B409E0,.rodata,7,0,relixir
0x08D45C08,155,0x08D45E74,0x08B409E8,.rodata,16,0,annie_mahoujin_c
0x08D45C08,156,0x08D45E78,0x08B409FC,.rodata,16,0,annie_mahoujin_g
0x08D45C08,157,0x08D45E7C,0x08B40A10,.rodata,16,0,annie_mahoujin_l
0x08D45C08,158,0x08D45E80,0x08B40A24,.rodata,16,0,annie_mahoujin_m
0x08D45C08,159,0x08D45E84,0x08B40A38,.rodata,16,0,annie_mahoujin_p
0x08D45C08,160,0x08D45E88,0x08B40A4C,.rodata,16,0,annie_mahoujin_r
0x08D45C08,161,0x08D45E8C,0x08B40A60,.rodata,14,0,dleben_tornado
0x08D45C08,162,0x08D45E90,0x08B40A70,.rodata,15,0,kanonno_tornado
0x08D45C08,163,0x08D45E94,0x08B40A80,.rodata,12,0,iria_tornado
0x08D45C08,164,0x08D45E98,0x08B40A90,.rodata,12,0,reala_sprite
0x08D45C08,165,0x08D45E9C,0x08B40AA0,.rodata,9,0,reala_ice
0x08D45C08,166,0x08D45EA0,0x08B40AAC,.rodata,14,0,reala_mahoujin
0x08D45C08,167,0x08D45EA4,0x08B40ABC,.rodata,15,0,harold_mahoujin
0x08D45C08,168,0x08D45EA8,0x08B40ACC,.rodata,11,0,reala_light
0x08D45C08,169,0x08D45EAC,0x08B40AD8,.rodata,10,0,reala_ring
0x08D45C08,170,0x08D45EB0,0x08B40AE4,.rodata,5,0,space
0x08D45C08,171,0x08D45EB4,0x08B40AEC,.rodata,6,0,meteor
0x08D45C08,172,0x08D45EB8,0x08B40AF4,.rodata,6,0,planet
0x08D45C08,173,0x08D45EBC,0x08B40AFC,.rodata,8,0,planet_0
0x08D45C08,174,0x08D45EC0,0x08B40B08,.rodata,10,0,fireshot_0
0x08D45C08,175,0x08D45EC4,0x08B40B14,.rodata,10,0,fireshot_1
0x08D45C08,176,0x08D45EC8,0x08B40B20,.rodata,6,0,gede_a
0x08D45C08,177,0x08D45ECC,0x08B40B28,.rodata,6,0,gede_b
0x08D45C08,178,0x08D45ED0,0x08B40B30,.rodata,6,0,gede_c
0x08D45C08,179,0x08D45ED4,0x08B40B38,.rodata,6,0,gede_d
0x08D45C08,180,0x08D45ED8,0x08B40B40,.rodata,6,0,gede_e
0x08D45C08,181,0x08D45EDC,0x08B40B48,.rodata,15,0,hiougi_seikensi
0x08D45C08,182,0x08D45EE0,0x08B40B58,.rodata,16,0,hiougi_seikensib
0x08D45C08,183,0x08D45EE4,0x08B40B6C,.rodata,14,0,woodrow_circle
0x08D45C08,184,0x08D45EE8,0x08B40B7C,.rodata,12,0,woodrow_wind
0x08D45C08,185,0x08D45EEC,0x08B40B8C,.rodata,13,0,woodrow_laser
0x08D45C08,186,0x08D45EF0,0x08B40B9C,.rodata,15,0,hiougi_taikensi
0x08D45C08,187,0x08D45EF4,0x08B40BAC,.rodata,11,0,yuri_impact
0x08D45C08,188,0x08D45EF8,0x08B40BB8,.rodata,9,0,yuri_ring
0x08D45C08,189,0x08D45EFC,0x08B40BC4,.rodata,16,0,hiougi_soukensi0
0x08D45C08,190,0x08D45F00,0x08B40BD8,.rodata,16,0,hiougi_soukensi1
0x08D45C08,191,0x08D45F04,0x08B40BEC,.rodata,12,0,hiougi_monk0
0x08D45C08,192,0x08D45F08,0x08B40BFC,.rodata,12,0,hiougi_monk1
0x08D45C08,193,0x08D45F0C,0x08B40C0C,.rodata,11,0,elemental_0
0x08D45C08,194,0x08D45F10,0x08B40C18,.rodata,11,0,elemental_1
0x08D45C08,195,0x08D45F14,0x08B40C24,.rodata,17,0,s_butterfly_sotai
0x08D45C08,196,0x08D45F18,0x08B40C38,.rodata,7,0,grid_bg
0x08D45C08,197,0x08D45F1C,0x08B40C40,.rodata,8,0,p_line_0
0x08D45C08,198,0x08D45F20,0x08B40C4C,.rodata,12,0,strokequaker
0x08D45C08,199,0x08D45F24,0x08B40C5C,.rodata,11,0,snake_charm
0x08D45C08,200,0x08D45F28,0x08B40C68,.rodata,10,0,saboten_00
0x08D45C08,201,0x08D45F2C,0x08B40C74,.rodata,10,0,saboten_01
0x08D45C08,202,0x08D45F30,0x08B40C80,.rodata,7,0,r_drive
0x08D45C08,203,0x08D45F34,0x08B40C88,.rodata,10,0,r_drive_st
0x08D45C08,204,0x08D45F38,0x08B40C94,.rodata,9,0,snipforce
0x08D45C08,205,0x08D45F3C,0x08B40CA0,.rodata,10,0,grounddash
0x08D45C08,206,0x08D45F40,0x08B40CAC,.rodata,13,0,senkoubattupa
0x08D45C08,207,0x08D45F44,0x08B40CBC,.rodata,8,0,kouhazin
0x08D45C08,208,0x08D45F48,0x08B40CC8,.rodata,9,0,jyuhousen
0x08D45C08,209,0x08D45F4C,0x08B40CD4,.rodata,10,0,sensyousen
0x08D45C08,210,0x08D45F50,0x08B40CE0,.rodata,9,0,gousyouga
0x08D45C08,211,0x08D45F54,0x08B40CEC,.rodata,10,0,gu_sousyou
0x08D45C08,212,0x08D45F58,0x08B40CF8,.rodata,12,0,judas_kiseki
0x08D45C08,213,0x08D45F5C,0x08B40D08,.rodata,12,0,judas_koujin
0x08D45C08,214,0x08D45F60,0x08B40D18,.rodata,12,0,judas_purple
0x08D45C08,215,0x08D45F64,0x08B40D28,.rodata,10,0,judas_ring
0x08D45C08,216,0x08D45F68,0x08B40D34,.rodata,11,0,judas_slash
0x08D45C08,217,0x08D45F6C,0x08B40D40,.rodata,10,0,judas_tame
0x08D45C08,218,0x08D45F70,0x08B40D4C,.rodata,7,0,hyoujyu
0x08D45C08,219,0x08D45F74,0x08B40D54,.rodata,6,0,raiden
0x08D45C08,220,0x08D45F78,0x08B40D5C,.rodata,7,0,huuga00
0x08D45C08,221,0x08D45F7C,0x08B40D64,.rodata,7,0,huuga01
0x08D45C08,222,0x08D45F80,0x08B40D6C,.rodata,11,0,judas_sword
0x08D45C08,223,0x08D45F84,0x08B40D78,.rodata,14,0,strokequaker01
0x08D45C08,224,0x08D45F88,0x08B40D88,.rodata,11,0,fl_bullet_a
0x08D45C08,225,0x08D45F8C,0x08B40D94,.rodata,11,0,fl_bullet_b
0x08D45C08,226,0x08D45F90,0x08B40DA0,.rodata,13,0,judith_circle
0x08D45C08,227,0x08D45F94,0x08B40DB0,.rodata,11,0,judith_edge
0x08D45C08,228,0x08D45F98,0x08B40DBC,.rodata,16,0,judith_lightning
0x08D45C08,229,0x08D45F9C,0x08B40DD0,.rodata,11,0,judith_moon
0x08D45C08,230,0x08D45FA0,0x08B40DDC,.rodata,11,0,judith_roll
0x08D45C08,231,0x08D45FA4,0x08B40DE8,.rodata,12,0,judith_sword
0x08D45C08,232,0x08D45FA8,0x08B40DF8,.rodata,12,0,loni_kiretsu
0x08D45C08,233,0x08D45FAC,0x08B40E08,.rodata,11,0,loni_koujin
0x08D45C08,234,0x08D45FB0,0x08B40E14,.rodata,10,0,loni_laser
0x08D45C08,235,0x08D45FB4,0x08B40E20,.rodata,10,0,loni_slash
0x08D45C08,236,0x08D45FB8,0x08B40E2C,.rodata,11,0,loni_sphere
0x08D45C08,237,0x08D45FBC,0x08B40E38,.rodata,22,0,gunner_buster_01_sotai
0x08D45C08,238,0x08D45FC0,0x08B40E50,.rodata,22,0,gunner_buster_02_sotai
0x08D45C08,239,0x08D45FC4,0x08B40E68,.rodata,22,0,gunner_buster_03_sotai
0x08D45C08,240,0x08D45FC8,0x08B40E80,.rodata,22,0,gunner_buster_04_sotai
0x08D45C08,241,0x08D45FCC,0x08B40E98,.rodata,22,0,gunner_buster_05_sotai
0x08D45C08,242,0x08D45FD0,0x08B40EB0,.rodata,22,0,gunner_buster_06_sotai
0x08D45C08,243,0x08D45FD4,0x08B40EC8,.rodata,22,0,gunner_buster_09_sotai
0x08D45C08,244,0x08D45FD8,0x08B40EE0,.rodata,13,0,judith_kiseki
0x08D45C08,245,0x08D45FDC,0x08B40EF0,.rodata,22,0,shihna_verius_00_sotai
0x08D45C08,246,0x08D45FE0,0x08B40F08,.rodata,22,0,shihna_verius_02_sotai
0x08D45C08,247,0x08D45FE4,0x08B40F20,.rodata,22,0,shihna_verius_03_sotai
0x08D45C08,248,0x08D45FE8,0x08B40F38,.rodata,22,0,shihna_verius_04_sotai
0x08D45C08,249,0x08D45FEC,0x08B40F50,.rodata,22,0,shihna_verius_06_sotai
0x08D45C08,250,0x08D45FF0,0x08B40F68,.rodata,22,0,shihna_verius_07_sotai
0x08D45C08,251,0x08D45FF4,0x08B40F80,.rodata,22,0,shihna_verius_08_sotai
0x08D45C08,252,0x08D45FF8,0x08B40F98,.rodata,22,0,shihna_verius_09_sotai
0x08D45C08,253,0x08D45FFC,0x08B40FB0,.rodata,12,0,frigidcoffin
0x08D45C08,254,0x08D46000,0x08B40FC0,.rodata,23,0,yggdrasill_tim_00_sotai
0x08D45C08,255,0x08D46004,0x08B40FD8,.rodata,23,0,yggdrasill_tim_01_sotai
0x08D45C08,256,0x08D46008,0x08B40FF0,.rodata,23,0,yggdrasill_tim_02_sotai
0x08D45C08,257,0x08D4600C,0x08B41008,.rodata,23,0,yggdrasill_tim_03_sotai
0x08D45C08,258,0x08D46010,0x08B41020,.rodata,23,0,yggdrasill_tim_04_sotai
0x08D45C08,259,0x08D46014,0x08B41038,.rodata,23,0,yggdrasill_tim_05_sotai
0x08D45C08,260,0x08D46018,0x08B41050,.rodata,23,0,yggdrasill_tim_06_sotai
0x08D45C08,261,0x08D4601C,0x08B41068,.rodata,23,0,yggdrasill_tim_07_sotai
0x08D45C08,262,0x08D46020,0x08B41080,.rodata,9,0,loni_ring
0x08D45C08,263,0x08D46024,0x08B4108C,.rodata,13,0,m_rotatelight
0x08D45C08,264,0x08D46028,0x08B4109C,.rodata,7,0,loni_bg
0x08D45C08,265,0x08D4602C,0x08B410A4,.rodata,11,0,b_howling_0
0x08D45C08,266,0x08D46030,0x08B410B0,.rodata,11,0,b_howling_1
0x08D45C08,267,0x08D46034,0x08B410BC,.rodata,14,0,kuro_tuiseki00
0x08D45C08,268,0x08D46038,0x08B410CC,.rodata,14,0,kuro_tuiseki01
0x08D45C08,269,0x08D4603C,0x08B410DC,.rodata,9,0,ai_kaisin
0x08D45C08,270,0x08D46040,0x08B410E8,.rodata,10,0,hotarunari
0x08D45C08,271,0x08D46044,0x08B410F4,.rodata,18,0,shirley_telques_00
0x08D45C08,272,0x08D46048,0x08B41108,.rodata,18,0,shirley_telques_02
0x08D45C08,273,0x08D4604C,0x08B4111C,.rodata,18,0,shirley_telques_04
0x08D45C08,274,0x08D46050,0x08B41130,.rodata,18,0,shirley_telques_05
0x08D45C08,275,0x08D46054,0x08B41144,.rodata,18,0,shirley_telques_06
0x08D45C08,276,0x08D46058,0x08B41158,.rodata,18,0,shirley_telques_07
0x08D45C08,277,0x08D4605C,0x08B4116C,.rodata,9,0,descartes
0x08D45C08,278,0x08D46060,0x08B41178,.rodata,13,0,natalia_arrow
0x08D45C08,279,0x08D46064,0x08B41188,.rodata,13,0,natalia_laser
0x08D45C08,280,0x08D46068,0x08B41198,.rodata,13,0,natalia_light
0x08D45C08,281,0x08D4606C,0x08B411A8,.rodata,16,0,natalia_mahoujin
0x08D45C08,282,0x08D46070,0x08B411BC,.rodata,12,0,natalia_ring
0x08D45C08,283,0x08D46074,0x08B411CC,.rodata,13,0,van_lightline
0x08D45C08,284,0x08D46078,0x08B411DC,.rodata,12,0,van_mahoujin
0x08D45C08,285,0x08D4607C,0x08B411EC,.rodata,11,0,van_tornado
0x08D45C08,286,0x08D46080,0x08B411F8,.rodata,11,0,judas_ken_0
0x08D45C08,287,0x08D46084,0x08B41204,.rodata,11,0,judas_ken_1
0x08D45C08,288,0x08D46088,0x08B41210,.rodata,11,0,judas_ken_2
0x08D45C08,289,0x08D4608C,0x08B4121C,.rodata,8,0,judas_bg
0x08D45C08,290,0x08D46090,0x08B41228,.rodata,20,0,will_hammer_00_sotai
0x08D45C08,291,0x08D46094,0x08B41240,.rodata,20,0,will_hammer_01_sotai
0x08D45C08,292,0x08D46098,0x08B41258,.rodata,20,0,will_hammer_02_sotai
0x08D45C08,293,0x08D4609C,0x08B41270,.rodata,20,0,will_hammer_03_sotai
0x08D45C08,294,0x08D460A0,0x08B41288,.rodata,20,0,will_hammer_04_sotai
0x08D45C08,295,0x08D460A4,0x08B412A0,.rodata,20,0,will_hammer_05_sotai
0x08D45C08,296,0x08D460A8,0x08B412B8,.rodata,20,0,will_hammer_06_sotai
0x08D45C08,297,0x08D460AC,0x08B412D0,.rodata,20,0,will_hammer_07_sotai
0x08D45C08,298,0x08D460B0,0x08B412E8,.rodata,10,0,van_circle
0x08D45C08,299,0x08D460B4,0x08B412F4,.rodata,8,0,booing00
0x08D45C08,300,0x08D460B8,0x08B41300,.rodata,8,0,booing01
0x08D45C08,301,0x08D460BC,0x08B4130C,.rodata,5,0,f_tia
0x08D45C08,302,0x08D460C0,0x08B41314,.rodata,9,0,l_blaster
0x08D45C08,303,0x08D460C4,0x08B41320,.rodata,12,0,prismsword00
0x08D45C08,304,0x08D460C8,0x08B41330,.rodata,12,0,prismsword01
0x08D45C08,305,0x08D460CC,0x08B41340,.rodata,10,0,i_prison_0
0x08D45C08,306,0x08D460D0,0x08B4134C,.rodata,10,0,i_prison_1
0x08D45C08,307,0x08D460D4,0x08B41358,.rodata,10,0,i_prison_2
0x08D45C08,308,0x08D460D8,0x08B41364,.rodata,6,0,c_reid
0x08D45C08,309,0x08D460DC,0x08B4136C,.rodata,10,0,c_reid_ice
0x08D45C08,310,0x08D460E0,0x08B41378,.rodata,9,0,c_raiotto
0x08D45C08,311,0x08D460E4,0x08B41384,.rodata,9,0,voltarrow
0x08D45C08,312,0x08D460E8,0x08B41390,.rodata,12,0,youryu_kinoe
0x08D45C08,313,0x08D460EC,0x08B413A0,.rodata,9,0,s_sougeki
0x08D45C08,314,0x08D460F0,0x08B413AC,.rodata,10,0,saihyoujin
0x08D45C08,315,0x08D460F4,0x08B413B8,.rodata,10,0,houraisatu
0x08D45C08,316,0x08D460F8,0x08B413C4,.rodata,8,0,meizanpu
0x08D45C08,317,0x08D460FC,0x08B413D0,.rodata,13,0,g_syourextupa
0x08D45C08,318,0x08D46100,0x08B413E0,.rodata,9,0,renki_gou
0x08D45C08,319,0x08D46104,0x08B413EC,.rodata,9,0,k_tensyou
0x08D45C08,320,0x08D46108,0x08B413F8,.rodata,7,0,h_arrow
0x08D45C08,321,0x08D4610C,0x08B41400,.rodata,7,0,seijyun
0x08D45C08,322,0x08D46110,0x08B41408,.rodata,8,0,infinite
0x08D45C08,323,0x08D46114,0x08B41414,.rodata,21,0,tytree_fever_00_sotai
0x08D45C08,324,0x08D46118,0x08B4142C,.rodata,21,0,tytree_fever_01_sotai
0x08D45C08,325,0x08D4611C,0x08B41444,.rodata,21,0,tytree_fever_03_sotai
0x08D45C08,326,0x08D46120,0x08B4145C,.rodata,21,0,tytree_fever_04_sotai
0x08D45C08,327,0x08D46124,0x08B41474,.rodata,21,0,tytree_fever_05_sotai
0x08D45C08,328,0x08D46128,0x08B4148C,.rodata,21,0,tytree_fever_06_sotai
0x08D45C08,329,0x08D4612C,0x08B414A4,.rodata,12,0,shing_circle
0x08D45C08,330,0x08D46130,0x08B414B4,.rodata,11,0,shing_laser
0x08D45C08,331,0x08D46134,0x08B414C0,.rodata,11,0,shing_slash
0x08D45C08,332,0x08D46138,0x08B414CC,.rodata,13,0,shing_thunder
0x08D45C08,333,0x08D4613C,0x08B414DC,.rodata,13,0,shing_tornado
0x08D45C08,334,0x08D46140,0x08B414EC,.rodata,22,0,ange_bigmagic_00_sotai
0x08D45C08,335,0x08D46144,0x08B41504,.rodata,22,0,ange_bigmagic_03_sotai
0x08D45C08,336,0x08D46148,0x08B4151C,.rodata,22,0,ange_bigmagic_04_sotai
0x08D45C08,337,0x08D4614C,0x08B41534,.rodata,12,0,shing_koujin
0x08D45C08,338,0x08D46150,0x08B41544,.rodata,22,0,ange_bigmagic_06_sotai
0x08D45C08,339,0x08D46154,0x08B4155C,.rodata,23,0,ricardo_sickle_00_sotai
0x08D45C08,340,0x08D46158,0x08B41574,.rodata,23,0,ricardo_sickle_02_sotai
0x08D45C08,341,0x08D4615C,0x08B4158C,.rodata,23,0,ricardo_sickle_05_sotai
0x08D45C08,342,0x08D46160,0x08B415A4,.rodata,23,0,ricardo_sickle_06_sotai
0x08D45C08,343,0x08D46164,0x08B415BC,.rodata,23,0,ricardo_sickle_07_sotai
0x08D45C08,344,0x08D46168,0x08B415D4,.rodata,23,0,ricardo_sickle_08_sotai
0x08D45C08,345,0x08D4616C,0x08B415EC,.rodata,12,0,kohak_circle
0x08D45C08,346,0x08D46170,0x08B415FC,.rodata,14,0,kohak_cylinder
0x08D45C08,347,0x08D46174,0x08B4160C,.rodata,12,0,kohak_koujin
0x08D45C08,348,0x08D46178,0x08B4161C,.rodata,12,0,kohak_sakura
0x08D45C08,349,0x08D4617C,0x08B4162C,.rodata,11,0,kohak_slash
0x08D45C08,350,0x08D46180,0x08B41638,.rodata,12,0,kohak_slash2
0x08D45C08,351,0x08D46184,0x08B41648,.rodata,13,0,kohak_tornado
0x08D45C08,352,0x08D46188,0x08B41658,.rodata,23,0,marta_bigmagic_00_sotai
0x08D45C08,353,0x08D4618C,0x08B41670,.rodata,23,0,marta_bigmagic_01_sotai
0x08D45C08,354,0x08D46190,0x08B41688,.rodata,23,0,marta_bigmagic_04_sotai
0x08D45C08,355,0x08D46194,0x08B416A0,.rodata,23,0,marta_bigmagic_05_sotai
0x08D45C08,356,0x08D46198,0x08B416B8,.rodata,23,0,marta_bigmagic_06_sotai
0x08D45C08,357,0x08D4619C,0x08B416D0,.rodata,23,0,marta_bigmagic_08_sotai
0x08D45C08,358,0x08D461A0,0x08B416E8,.rodata,23,0,marta_bigmagic_09_sotai
0x08D45C08,359,0x08D461A4,0x08B41700,.rodata,23,0,marta_bigmagic_03_sotai
0x08D45C08,360,0x08D461A8,0x08B41718,.rodata,23,0,saleh_bigmagic_00_sotai
0x08D45C08,361,0x08D461AC,0x08B41730,.rodata,23,0,saleh_bigmagic_01_sotai
0x08D45C08,362,0x08D461B0,0x08B41748,.rodata,23,0,saleh_bigmagic_02_sotai
0x08D45C08,363,0x08D461B4,0x08B41760,.rodata,23,0,saleh_bigmagic_03_sotai
0x08D45C08,364,0x08D461B8,0x08B41778,.rodata,23,0,saleh_bigmagic_04_sotai
0x08D45C08,365,0x08D461BC,0x08B41790,.rodata,13,0,sophie_kiseki
0x08D45C08,366,0x08D461C0,0x08B417A0,.rodata,12,0,sophie_light
0x08D45C08,367,0x08D461C4,0x08B417B0,.rodata,11,0,sophie_ring
0x08D45C08,368,0x08D461C8,0x08B417BC,.rodata,14,0,sophie_tornado
0x08D45C08,369,0x08D461CC,0x08B417CC,.rodata,14,0,sophie_uzumaki
0x08D45C08,370,0x08D461D0,0x08B417DC,.rodata,18,0,Jay_kunai_01_sotai
0x08D45C08,371,0x08D461D4,0x08B417F0,.rodata,18,0,Jay_kunai_02_sotai
0x08D45C08,372,0x08D461D8,0x08B41804,.rodata,18,0,Jay_kunai_03_sotai
0x08D45C08,373,0x08D461DC,0x08B41818,.rodata,18,0,Jay_kunai_04_sotai
0x08D45C08,374,0x08D461E0,0x08B4182C,.rodata,18,0,Jay_kunai_06_sotai
0x08D45C08,375,0x08D461E4,0x08B41840,.rodata,18,0,Jay_kunai_07_sotai
0x08D45C08,376,0x08D461E8,0x08B41854,.rodata,18,0,Jay_kunai_08_sotai
0x08D45C08,377,0x08D461EC,0x08B41868,.rodata,20,0,norma_stick_03_sotai
0x08D45C08,378,0x08D461F0,0x08B41880,.rodata,20,0,norma_stick_04_sotai
0x08D45C08,379,0x08D461F4,0x08B41898,.rodata,20,0,norma_stick_06_sotai
0x08D45C08,380,0x08D461F8,0x08B418B0,.rodata,20,0,norma_stick_07_sotai
0x08D45C08,381,0x08D461FC,0x08B418C8,.rodata,20,0,norma_stick_08_sotai
0x08D45C08,382,0x08D46200,0x08B418E0,.rodata,20,0,norma_stick_09_sotai
0x08D45C08,383,0x08D46204,0x08B418F8,.rodata,20,0,norma_stick_10_sotai
0x08D45C08,384,0x08D46208,0x08B41910,.rodata,20,0,norma_stick_11_sotai
0x08D45C08,385,0x08D4620C,0x08B41928,.rodata,20,0,norma_stick_12_sotai
0x08D45C08,386,0x08D46210,0x08B41940,.rodata,20,0,norma_stick_13_sotai
0x08D45C08,387,0x08D46214,0x08B41958,.rodata,20,0,norma_stick_14_sotai
0x08D45C08,388,0x08D46218,0x08B41970,.rodata,20,0,norma_stick_15_sotai
0x08D45C08,389,0x08D4621C,0x08B41988,.rodata,9,0,rita_beam
0x08D45C08,390,0x08D46220,0x08B41994,.rodata,9,0,rita_core
0x08D45C08,391,0x08D46224,0x08B419A0,.rodata,10,0,rita_core2
0x08D45C08,392,0x08D46228,0x08B419AC,.rodata,9,0,rita_dome
0x08D45C08,393,0x08D4622C,0x08B419B8,.rodata,11,0,rita_kiseki
0x08D45C08,394,0x08D46230,0x08B419C4,.rodata,10,0,rita_light
0x08D45C08,395,0x08D46234,0x08B419D0,.rodata,11,0,rita_sphere
0x08D45C08,396,0x08D46238,0x08B419DC,.rodata,13,0,rita_yajirusi
0x08D45C08,397,0x08D4623C,0x08B419EC,.rodata,9,0,laz_laser
0x08D45C08,398,0x08D46240,0x08B419F8,.rodata,9,0,envyburst
0x08D45C08,399,0x08D46244,0x08B41A04,.rodata,7,0,medousa
0x08D45C08,400,0x08D46248,0x08B41A0C,.rodata,9,0,worldrule
0x08D45C08,401,0x08D4624C,0x08B41A18,.rodata,23,0,veigue_caliber_00_sotai
0x08D45C08,402,0x08D46250,0x08B41A30,.rodata,23,0,veigue_caliber_01_sotai
0x08D45C08,403,0x08D46254,0x08B41A48,.rodata,23,0,veigue_caliber_03_sotai
0x08D45C08,404,0x08D46258,0x08B41A60,.rodata,23,0,veigue_caliber_05_sotai
0x08D45C08,405,0x08D4625C,0x08B41A78,.rodata,23,0,veigue_caliber_06_sotai
0x08D45C08,406,0x08D46260,0x08B41A90,.rodata,23,0,veigue_caliber_07_sotai
0x08D45C08,407,0x08D46264,0x08B41AA8,.rodata,23,0,veigue_caliber_09_sotai
0x08D45C08,408,0x08D46268,0x08B41AC0,.rodata,9,0,rita_ring
0x08D45C08,409,0x08D4626C,0x08B41ACC,.rodata,10,0,raven_rise
0x08D45C08,410,0x08D46270,0x08B41AD8,.rodata,10,0,raven_soul
0x08D45C08,411,0x08D46274,0x08B41AE4,.rodata,12,0,raven_spiral
0x08D45C08,412,0x08D46278,0x08B41AF4,.rodata,20,0,dhaos_laser_00_sotai
0x08D45C08,413,0x08D4627C,0x08B41B0C,.rodata,20,0,dhaos_laser_01_sotai
0x08D45C08,414,0x08D46280,0x08B41B24,.rodata,20,0,dhaos_laser_02_sotai
0x08D45C08,415,0x08D46284,0x08B41B3C,.rodata,20,0,dhaos_laser_03_sotai
0x08D45C08,416,0x08D46288,0x08B41B54,.rodata,20,0,dhaos_laser_04_sotai
0x08D45C08,417,0x08D4628C,0x08B41B6C,.rodata,20,0,dhaos_laser_05_sotai
0x08D45C08,418,0x08D46290,0x08B41B84,.rodata,20,0,dhaos_laser_06_sotai
0x08D45C08,419,0x08D46294,0x08B41B9C,.rodata,20,0,dhaos_laser_07_sotai
0x08D45C08,420,0x08D46298,0x08B41BB4,.rodata,20,0,dhaos_laser_08_sotai
0x08D45C08,421,0x08D4629C,0x08B41BCC,.rodata,11,0,raven_light
0x08D45C08,422,0x08D462A0,0x08B41BD8,.rodata,22,0,meredy_shadow_00_sotai
0x08D45C08,423,0x08D462A4,0x08B41BF0,.rodata,22,0,meredy_shadow_01_sotai
0x08D45C08,424,0x08D462A8,0x08B41C08,.rodata,22,0,meredy_shadow_02_sotai
0x08D45C08,425,0x08D462AC,0x08B41C20,.rodata,22,0,meredy_shadow_03_sotai
0x08D45C08,426,0x08D462B0,0x08B41C38,.rodata,22,0,meredy_shadow_04_sotai
0x08D45C08,427,0x08D462B4,0x08B41C50,.rodata,21,0,emil_caliber_01_sotai
0x08D45C08,428,0x08D462B8,0x08B41C68,.rodata,21,0,emil_caliber_03_sotai
0x08D45C08,429,0x08D462BC,0x08B41C80,.rodata,21,0,emil_caliber_04_sotai
0x08D45C08,430,0x08D462C0,0x08B41C98,.rodata,21,0,emil_caliber_05_sotai
0x08D45C08,431,0x08D462C4,0x08B41CB0,.rodata,21,0,emil_caliber_06_sotai
0x08D45C08,432,0x08D462C8,0x08B41CC8,.rodata,21,0,emil_caliber_07_sotai
0x08D45C08,433,0x08D462CC,0x08B41CE0,.rodata,24,0,richter_caliber_00_sotai
0x08D45C08,434,0x08D462D0,0x08B41CFC,.rodata,24,0,richter_caliber_01_sotai
0x08D45C08,435,0x08D462D4,0x08B41D18,.rodata,24,0,richter_caliber_02_sotai
0x08D45C08,436,0x08D462D8,0x08B41D34,.rodata,24,0,richter_caliber_03_sotai
0x08D45C08,437,0x08D462DC,0x08B41D50,.rodata,24,0,richter_caliber_06_sotai
0x08D45C08,438,0x08D462E0,0x08B41D6C,.rodata,24,0,richter_caliber_07_sotai
0x08D45C08,439,0x08D462E4,0x08B41D88,.rodata,24,0,richter_caliber_08_sotai
0x08D45C08,440,0x08D462E8,0x08B41DA4,.rodata,24,0,richter_caliber_09_sotai
0x08D45C08,441,0x08D462EC,0x08B41DC0,.rodata,9,0,scavenger
0x08D45C08,442,0x08D462F0,0x08B41DCC,.rodata,8,0,paranoia
0x08D45C08,443,0x08D462F4,0x08B41DD8,.rodata,13,0,cheria_charge
0x08D45C08,444,0x08D462F8,0x08B41DE8,.rodata,12,0,cheria_jimen
0x08D45C08,445,0x08D462FC,0x08B41DF8,.rodata,13,0,cheria_sakura
0x08D45C08,446,0x08D46300,0x08B41E08,.rodata,16,0,cheria_spotlight
0x08D45C08,447,0x08D46304,0x08B41E1C,.rodata,10,0,necrosis01
0x08D45C08,448,0x08D46308,0x08B41E28,.rodata,21,0,hisui_cannon_00_sotai
0x08D45C08,449,0x08D4630C,0x08B41E40,.rodata,21,0,hisui_cannon_02_sotai
0x08D45C08,450,0x08D46310,0x08B41E58,.rodata,21,0,hisui_cannon_03_sotai
0x08D45C08,451,0x08D46314,0x08B41E70,.rodata,21,0,hisui_cannon_05_sotai
0x08D45C08,452,0x08D46318,0x08B41E88,.rodata,21,0,hisui_cannon_06_sotai
0x08D45C08,453,0x08D4631C,0x08B41EA0,.rodata,21,0,hisui_cannon_07_sotai
0x08D45C08,454,0x08D46320,0x08B41EB8,.rodata,21,0,hisui_cannon_08_sotai
0x08D45C08,455,0x08D46324,0x08B41ED0,.rodata,21,0,hisui_cannon_09_sotai
0x08D45C08,456,0x08D46328,0x08B41EE8,.rodata,9,0,deathcain
0x08D45C08,457,0x08D4632C,0x08B41EF4,.rodata,13,0,chersea_arrow
0x08D45C08,458,0x08D46330,0x08B41F04,.rodata,14,0,chersea_circle
0x08D45C08,459,0x08D46334,0x08B41F14,.rodata,12,0,chersea_ring
0x08D45C08,460,0x08D46338,0x08B41F24,.rodata,12,0,chersea_tama
0x08D45C08,461,0x08D4633C,0x08B41F34,.rodata,11,0,will_shield
0x08D45C08,462,0x08D46340,0x08B41F40,.rodata,22,0,asbel_caliber_01_sotai
0x08D45C08,463,0x08D46344,0x08B41F58,.rodata,22,0,asbel_caliber_02_sotai
0x08D45C08,464,0x08D46348,0x08B41F70,.rodata,22,0,asbel_caliber_03_sotai
0x08D45C08,465,0x08D4634C,0x08B41F88,.rodata,22,0,asbel_caliber_07_sotai
0x08D45C08,466,0x08D46350,0x08B41FA0,.rodata,22,0,asbel_caliber_08_sotai
0x08D45C08,467,0x08D46354,0x08B41FB8,.rodata,22,0,asbel_caliber_09_sotai
0x08D45C08,468,0x08D46358,0x08B41FD0,.rodata,25,0,lazaris_bigmagic_00_sotai
0x08D45C08,469,0x08D4635C,0x08B41FEC,.rodata,25,0,lazaris_bigmagic_01_sotai
0x08D45C08,470,0x08D46360,0x08B42008,.rodata,25,0,lazaris_bigmagic_02_sotai
0x08D45C08,471,0x08D46364,0x08B42024,.rodata,25,0,lazaris_bigmagic_03_sotai
0x08D45C08,472,0x08D46368,0x08B42040,.rodata,25,0,lazaris_bigmagic_04_sotai
0x08D45C08,473,0x08D4636C,0x08B4205C,.rodata,25,0,lazaris_bigmagic_05_sotai
0x08D45C08,474,0x08D46370,0x08B42078,.rodata,25,0,lazaris_bigmagic_06_sotai
0x08D45C08,475,0x08D46374,0x08B42094,.rodata,25,0,lazaris_bigmagic_07_sotai
0x08D45C08,476,0x08D46378,0x08B420B0,.rodata,25,0,lazaris_bigmagic_08_sotai
0x08D45C08,477,0x08D4637C,0x08B420CC,.rodata,25,0,lazaris_bigmagic_09_sotai
0x08D45C08,478,0x08D46380,0x08B420E8,.rodata,12,0,celsius_cone
0x08D45C08,479,0x08D46384,0x08B420F8,.rodata,11,0,celsius_ice
0x08D45C08,480,0x08D46388,0x08B42104,.rodata,17,0,celsius_iceground
0x08D45C08,481,0x08D4638C,0x08B42118,.rodata,14,0,celsius_impact
0x08D45C08,482,0x08D46390,0x08B42128,.rodata,12,0,celsius_wolf
0x08D45C08,483,0x08D46394,0x08B42138,.rodata,15,0,celsius_tornado
0x08D45C08,484,0x08D46398,0x08B42148,.rodata,11,0,chat_ripple
0x08D45C08,485,0x08D4639C,0x08B42154,.rodata,22,0,meredy_shadow_05_sotai
0x08D45C08,486,0x08D463A0,0x08B4216C,.rodata,22,0,meredy_shadow_06_sotai
0x08D45C08,487,0x08D463A4,0x08B42184,.rodata,17,0,keel_rem_00_sotai
0x08D45C08,488,0x08D463A8,0x08B42198,.rodata,17,0,keel_rem_01_sotai
0x08D45C08,489,0x08D463AC,0x08B421AC,.rodata,17,0,keel_rem_02_sotai
0x08D45C08,490,0x08D463B0,0x08B421C0,.rodata,17,0,keel_rem_03_sotai
0x08D45C08,491,0x08D463B4,0x08B421D4,.rodata,17,0,keel_rem_04_sotai
0x08D45C08,492,0x08D463B8,0x08B421E8,.rodata,17,0,keel_rem_05_sotai
0x08D45C08,493,0x08D463BC,0x08B421FC,.rodata,17,0,keel_rem_06_sotai
0x08D45C08,494,0x08D463C0,0x08B42210,.rodata,17,0,keel_rem_07_sotai
0x08D45C08,495,0x08D463C4,0x08B42224,.rodata,17,0,keel_rem_08_sotai
0x08D45C08,496,0x08D463C8,0x08B42238,.rodata,21,0,eugene_spear_01_sotai
0x08D45C08,497,0x08D463CC,0x08B42250,.rodata,21,0,eugene_spear_03_sotai
0x08D45C08,498,0x08D463D0,0x08B42268,.rodata,21,0,eugene_spear_04_sotai
0x08D45C08,499,0x08D463D4,0x08B42280,.rodata,21,0,eugene_spear_06_sotai
0x08D45C08,500,0x08D463D8,0x08B42298,.rodata,21,0,eugene_spear_08_sotai
0x08D45C08,501,0x08D463DC,0x08B422B0,.rodata,21,0,eugene_spear_09_sotai
0x08D45C08,502,0x08D463E0,0x08B422C8,.rodata,21,0,eugene_spear_10_sotai
0x08D45C08,503,0x08D463E4,0x08B422E0,.rodata,21,0,eugene_spear_11_sotai
0x08D45C08,504,0x08D463E8,0x08B422F8,.rodata,12,0,arche_galaxy
0x08D45C08,505,0x08D463EC,0x08B42308,.rodata,11,0,arche_light
0x08D45C08,506,0x08D463F0,0x08B42314,.rodata,10,0,arche_ring
0x08D45C08,507,0x08D463F4,0x08B42320,.rodata,11,0,arche_space
0x08D45C08,508,0x08D463F8,0x08B4232C,.rodata,7,0,suzu_bg
0x08D45C08,509,0x08D463FC,0x08B42334,.rodata,14,0,suzu_lightline
0x08D45C08,510,0x08D46400,0x08B42344,.rodata,13,0,suzu_mahoujin
0x08D45C08,511,0x08D46404,0x08B42354,.rodata,10,0,suzu_ziria
0x08D45C08,512,0x08D46408,0x08B42360,.rodata,19,0,senel_fist_00_sotai
0x08D45C08,513,0x08D4640C,0x08B42374,.rodata,19,0,senel_fist_01_sotai
0x08D45C08,514,0x08D46410,0x08B42388,.rodata,19,0,senel_fist_02_sotai
0x08D45C08,515,0x08D46414,0x08B4239C,.rodata,19,0,senel_fist_03_sotai
0x08D45C08,516,0x08D46418,0x08B423B0,.rodata,19,0,senel_fist_08_sotai
0x08D45C08,517,0x08D4641C,0x08B423C4,.rodata,19,0,senel_fist_09_sotai
0x08D45C08,518,0x08D46420,0x08B423D8,.rodata,19,0,senel_fist_11_sotai
0x08D45C08,519,0x08D46424,0x08B423EC,.rodata,11,0,saboten_00z
0x08D45C08,520,0x08D46428,0x08B423F8,.rodata,11,0,saboten_01z
0x08D45C08,521,0x08D4642C,0x08B42404,.rodata,18,0,mint_time_00_sotai
0x08D45C08,522,0x08D46430,0x08B42418,.rodata,18,0,mint_time_01_sotai
0x08D45C08,523,0x08D46434,0x08B4242C,.rodata,18,0,mint_time_02_sotai
0x08D45C08,524,0x08D46438,0x08B42440,.rodata,18,0,mint_time_03_sotai
0x08D45C08,525,0x08D4643C,0x08B42454,.rodata,18,0,mint_time_04_sotai
0x08D45C08,526,0x08D46440,0x08B42468,.rodata,18,0,mint_time_05_sotai
0x08D45C08,527,0x08D46444,0x08B4247C,.rodata,18,0,mint_time_06_sotai
0x08D45C08,528,0x08D46448,0x08B42490,.rodata,18,0,mint_time_07_sotai
0x08D45C08,529,0x08D4644C,0x08B424A4,.rodata,10,0,turbulence
0x08D45C08,530,0x08D46450,0x08B424B0,.rodata,22,0,chroe_caliber_00_sotai
0x08D45C08,531,0x08D46454,0x08B424C8,.rodata,22,0,chroe_caliber_01_sotai
0x08D45C08,532,0x08D46458,0x08B424E0,.rodata,22,0,chroe_caliber_02_sotai
0x08D45C08,533,0x08D4645C,0x08B424F8,.rodata,22,0,chroe_caliber_07_sotai
0x08D45C08,534,0x08D46460,0x08B42510,.rodata,22,0,chroe_caliber_09_sotai
0x08D45C08,535,0x08D46464,0x08B42528,.rodata,22,0,chroe_caliber_10_sotai
0x08D45C08,536,0x08D46468,0x08B42540,.rodata,22,0,chroe_caliber_11_sotai
0x08D45C08,537,0x08D4646C,0x08B42558,.rodata,22,0,chroe_caliber_12_sotai
0x08D45C08,538,0x08D46470,0x08B42570,.rodata,11,0,chester_arc
0x08D45C08,539,0x08D46474,0x08B4257C,.rodata,14,0,chester_spiral
0x08D45C08,540,0x08D46478,0x08B4258C,.rodata,12,0,flynn_dragon
0x08D45C08,541,0x08D4647C,0x08B4259C,.rodata,10,0,flynn_giza
0x08D45C08,542,0x08D46480,0x08B425A8,.rodata,12,0,flynn_housya
0x08D45C08,543,0x08D46484,0x08B425B8,.rodata,10,0,flynn_line
0x08D45C08,544,0x08D46488,0x08B425C4,.rodata,10,0,flynn_niji
0x08D45C08,545,0x08D4648C,0x08B425D0,.rodata,12,0,flynn_spiral
0x08D45C08,546,0x08D46490,0x08B425E0,.rodata,23,0,annie_bigmagic_00_sotai
0x08D45C08,547,0x08D46494,0x08B425F8,.rodata,23,0,annie_bigmagic_01_sotai
0x08D45C08,548,0x08D46498,0x08B42610,.rodata,23,0,annie_bigmagic_03_sotai
0x08D45C08,549,0x08D4649C,0x08B42628,.rodata,23,0,annie_bigmagic_05_sotai
0x08D45C08,550,0x08D464A0,0x08B42640,.rodata,21,0,mao_bigmagic_00_sotai
0x08D45C08,551,0x08D464A4,0x08B42658,.rodata,21,0,mao_bigmagic_01_sotai
0x08D45C08,552,0x08D464A8,0x08B42670,.rodata,21,0,mao_bigmagic_03_sotai
0x08D45C08,553,0x08D464AC,0x08B42688,.rodata,21,0,mao_bigmagic_05_sotai
0x08D45C08,554,0x08D464B0,0x08B426A0,.rodata,21,0,mao_bigmagic_06_sotai
0x08D45C08,555,0x08D464B4,0x08B426B8,.rodata,21,0,mao_bigmagic_09_sotai
0x08D45C08,556,0x08D464B8,0x08B426D0,.rodata,23,0,annie_bigmagic_07_sotai
0x08D45C08,557,0x08D464BC,0x08B426E8,.rodata,10,0,majinken_p
0x08D45C08,558,0x08D464C0,0x08B426F4,.rodata,10,0,posteffect
0x08D46624,0,0x08D46624,0x08B4E9E8,.rodata,6,0,blight
0x08D46624,1,0x08D46628,0x08B4E9F0,.rodata,10,0,forcefield
0x08D46624,2,0x08D4662C,0x08B4E9FC,.rodata,3,0,gra
0x08D46624,3,0x08D46630,0x08B4EA00,.rodata,4,0,gra2
0x08D46624,4,0x08D46634,0x08B4EA08,.rodata,4,0,gra3
0x08D46624,5,0x08D46638,0x08B4EA10,.rodata,7,0,hitmark
0x08D46624,6,0x08D4663C,0x08B4EA18,.rodata,5,0,shock
0x08D46624,7,0x08D46640,0x08B4EA20,.rodata,6,0,shock2
0x08D46624,8,0x08D46644,0x08B4EA28,.rodata,6,0,kshock
0x08D46624,9,0x08D46648,0x08B4EA30,.rodata,6,0,hshock
0x08D46624,10,0x08D4664C,0x08B4EA38,.rodata,4,0,mag0
0x08D46624,11,0x08D46650,0x08B4EA40,.rodata,4,0,mag1
0x08D46624,12,0x08D46654,0x08B4EA48,.rodata,4,0,mag2
0x08D46624,13,0x08D46658,0x08B4EA50,.rodata,4,0,mag3
0x08D46624,14,0x08D4665C,0x08B4EA58,.rodata,3,0,par
0x08D46624,15,0x08D46660,0x08B4EA5C,.rodata,4,0,wind
0x08D46624,16,0x08D46664,0x08B4EA64,.rodata,5,0,blast
0x08D46624,17,0x08D46668,0x08B4EA6C,.rodata,4,0,doku
0x08D46624,18,0x08D4666C,0x08B4EA74,.rodata,4,0,mahi
0x08D46624,19,0x08D46670,0x08B4EA7C,.rodata,6,0,piyori
0x08D46624,20,0x08D46674,0x08B4EA84,.rodata,5,0,smoke
0x08D46624,21,0x08D46678,0x08B4EA8C,.rodata,7,0,thunder
0x08D46624,22,0x08D4667C,0x08B4EA94,.rodata,5,0,stone
0x08D46624,23,0x08D46680,0x08B4EA9C,.rodata,5,0,slash
0x08D46624,24,0x08D46684,0x08B4EAA4,.rodata,7,0,fire_01
0x08D46624,25,0x08D46688,0x08B4EAAC,.rodata,4,0,fang
0x08D46624,26,0x08D4668C,0x08B4EAB4,.rodata,7,0,feather
0x08D46624,27,0x08D46690,0x08B4EABC,.rodata,8,0,light_02
0x08D46624,28,0x08D46694,0x08B4EAC8,.rodata,9,0,ice_hahen
0x08D46624,29,0x08D46698,0x08B4EAD4,.rodata,5,0,etama
0x08D46624,30,0x08D4669C,0x08B4EADC,.rodata,5,0,noise
0x08D46624,31,0x08D466A0,0x08B4EAE4,.rodata,4,0,star
0x08D46624,32,0x08D466A4,0x08B4EAEC,.rodata,5,0,wind2
0x08D46624,33,0x08D466A8,0x08B4EAF4,.rodata,9,0,r_drive_p
0x08D46624,34,0x08D466AC,0x08B4EB00,.rodata,5,0,dummy
0x08D46624,35,0x08D466B0,0x08B4EB08,.rodata,4,0,moon
0x08D46624,36,0x08D466B4,0x08B4EB10,.rodata,13,0,crystal_hahen
0x08D46624,37,0x08D466B8,0x08B4EB20,.rodata,9,0,bubble_2d
0x08D46624,38,0x08D466BC,0x08B4EB2C,.rodata,10,0,shibuki_2d
0x08D46624,39,0x08D466C0,0x08B4EB38,.rodata,7,0,fire_02
0x08D46624,40,0x08D466C4,0x08B4EB40,.rodata,9,0,thunder_r
0x08D46624,41,0x08D466C8,0x08B4EB4C,.rodata,4,0,coin
0x08D46624,42,0x08D466CC,0x08B4EB54,.rodata,7,0,splash4
0x08D46624,43,0x08D466D0,0x08B4EB5C,.rodata,11,0,sparkweb_2d
0x08D46624,44,0x08D466D4,0x08B4EB68,.rodata,11,0,bubble_2d_p
0x08D46624,45,0x08D466D8,0x08B4EB74,.rodata,4,0,leaf
0x08D46624,46,0x08D466DC,0x08B4EB7C,.rodata,5,0,petal
0x08D46624,47,0x08D466E0,0x08B4EB84,.rodata,10,0,anise_moon
0x08D46624,48,0x08D466E4,0x08B4EB90,.rodata,6,0,kumo_0
0x08D46624,49,0x08D466E8,0x08B4EB98,.rodata,6,0,kumo_1
0x08D46624,50,0x08D466EC,0x08B4EBA0,.rodata,4,0,ring
0x08D46624,51,0x08D466F0,0x08B4EBA8,.rodata,7,0,hsvring
0x08D46624,52,0x08D466F4,0x08B4EBB0,.rodata,5,0,zanma
0x08D46624,53,0x08D466F8,0x08B4EBB8,.rodata,5,0,waltz
0x08D46624,54,0x08D466FC,0x08B4EBC0,.rodata,8,0,kaminari
0x08D46624,55,0x08D46700,0x08B4EBCC,.rodata,9,0,dragon_00
0x08D46624,56,0x08D46704,0x08B4EBD8,.rodata,8,0,eisenken
0x08D46624,57,0x08D46708,0x08B4EBE4,.rodata,10,0,boltthrust
0x08D46624,58,0x08D4670C,0x08B4EBF0,.rodata,5,0,awake
0x08D46624,59,0x08D46710,0x08B4EBF8,.rodata,13,0,kanonno_onpu0
0x08D46624,60,0x08D46714,0x08B4EC08,.rodata,13,0,kanonno_onpu1
0x08D46624,61,0x08D46718,0x08B4EC18,.rodata,13,0,kanonno_onpu2
0x08D46624,62,0x08D4671C,0x08B4EC28,.rodata,13,0,kanonno_onpu3
0x08D46624,63,0x08D46720,0x08B4EC38,.rodata,13,0,reala_shibuki
0x08D46624,64,0x08D46724,0x08B4EC48,.rodata,7,0,gede_b0
0x08D46624,65,0x08D46728,0x08B4EC50,.rodata,7,0,gede_b1
0x08D46624,66,0x08D4672C,0x08B4EC58,.rodata,12,0,divineseyber
0x08D46624,67,0x08D46730,0x08B4EC68,.rodata,12,0,philia_light
0x08D46624,68,0x08D46734,0x08B4EC78,.rodata,6,0,star_b
0x08D46624,69,0x08D46738,0x08B4EC80,.rodata,14,0,hiougi_ninja_0
0x08D46624,70,0x08D4673C,0x08B4EC90,.rodata,14,0,hiougi_ninja_1
0x08D46624,71,0x08D46740,0x08B4ECA0,.rodata,14,0,hiougi_ninja_2
0x08D46624,72,0x08D46744,0x08B4ECB0,.rodata,14,0,hiougi_ninja_3
0x08D46624,73,0x08D46748,0x08B4ECC0,.rodata,14,0,hiougi_ninja_4
0x08D46624,74,0x08D4674C,0x08B4ECD0,.rodata,14,0,hiougi_ninja_5
0x08D46624,75,0x08D46750,0x08B4ECE0,.rodata,14,0,hiougi_ninja_6
0x08D46624,76,0x08D46754,0x08B4ECF0,.rodata,14,0,hiougi_ninja_7
0x08D46624,77,0x08D46758,0x08B4ED00,.rodata,14,0,hiougi_ninja_8
0x08D46624,78,0x08D4675C,0x08B4ED10,.rodata,8,0,v_line_0
0x08D46624,79,0x08D46760,0x08B4ED1C,.rodata,9,0,hamatouhu
0x08D46624,80,0x08D46764,0x08B4ED28,.rodata,11,0,judas_cross
0x08D46624,81,0x08D46768,0x08B4ED34,.rodata,10,0,judas_maru
0x08D46624,82,0x08D4676C,0x08B4ED40,.rodata,11,0,judas_tsuki
0x08D46624,83,0x08D46770,0x08B4ED4C,.rodata,8,0,raiden04
0x08D46624,84,0x08D46774,0x08B4ED58,.rodata,14,0,g_sidenkyaku01
0x08D46624,85,0x08D46778,0x08B4ED68,.rodata,7,0,uxorisu
0x08D46624,86,0x08D4677C,0x08B4ED70,.rodata,11,0,natalia_ice
0x08D46624,87,0x08D46780,0x08B4ED7C,.rodata,14,0,will_hammer_10
0x08D46624,88,0x08D46784,0x08B4ED8C,.rodata,14,0,will_hammer_11
0x08D46624,89,0x08D46788,0x08B4ED9C,.rodata,14,0,will_hammer_12
0x08D46624,90,0x08D4678C,0x08B4EDAC,.rodata,14,0,will_hammer_14
0x08D46624,91,0x08D46790,0x08B4EDBC,.rodata,14,0,will_hammer_15
0x08D46624,92,0x08D46794,0x08B4EDCC,.rodata,10,0,cheering01
0x08D46624,93,0x08D46798,0x08B4EDD8,.rodata,11,0,l_blaster04
0x08D46624,94,0x08D4679C,0x08B4EDE4,.rodata,14,0,youryu_hinoe02
0x08D46624,95,0x08D467A0,0x08B4EDF4,.rodata,16,0,rizin_rettukou01
0x08D46624,96,0x08D467A4,0x08B4EE08,.rodata,16,0,rizin_rettukou02
0x08D46624,97,0x08D467A8,0x08B4EE1C,.rodata,12,0,rextukaiou01
0x08D46624,98,0x08D467AC,0x08B4EE2C,.rodata,16,0,s_mextutensyou01
0x08D46624,99,0x08D467B0,0x08B4EE40,.rodata,11,0,renki_gou01
0x08D46624,100,0x08D467B4,0x08B4EE4C,.rodata,11,0,renki_gou06
0x08D46624,101,0x08D467B8,0x08B4EE58,.rodata,9,0,sinraisyo
0x08D46624,102,0x08D467BC,0x08B4EE64,.rodata,21,0,kanonno_unchain_00_01
0x08D46624,103,0x08D467C0,0x08B4EE7C,.rodata,21,0,kanonno_unchain_00_02
0x08D46624,104,0x08D467C4,0x08B4EE94,.rodata,21,0,kanonno_unchain_00_03
0x08D46624,105,0x08D467C8,0x08B4EEAC,.rodata,15,0,tytree_fever_07
0x08D46624,106,0x08D467CC,0x08B4EEBC,.rodata,15,0,tytree_fever_08
0x08D46624,107,0x08D467D0,0x08B4EECC,.rodata,16,0,ange_bigmagic_01
0x08D46624,108,0x08D467D4,0x08B4EEE0,.rodata,16,0,ange_bigmagic_02
0x08D46624,109,0x08D467D8,0x08B4EEF4,.rodata,16,0,ange_bigmagic_05
0x08D46624,110,0x08D467DC,0x08B4EF08,.rodata,14,0,kohak_sakura2d
0x08D46624,111,0x08D467E0,0x08B4EF18,.rodata,17,0,marta_bigmagic_02
0x08D46624,112,0x08D467E4,0x08B4EF2C,.rodata,17,0,marta_bigmagic_07
0x08D46624,113,0x08D467E8,0x08B4EF40,.rodata,13,0,sophie_koujin
0x08D46624,114,0x08D467EC,0x08B4EF50,.rodata,12,0,Jay_kunai_00
0x08D46624,115,0x08D467F0,0x08B4EF60,.rodata,12,0,Jay_kunai_09
0x08D46624,116,0x08D467F4,0x08B4EF70,.rodata,11,0,sophie_line
0x08D46624,117,0x08D467F8,0x08B4EF7C,.rodata,11,0,worldrule01
0x08D46624,118,0x08D467FC,0x08B4EF88,.rodata,13,0,worldrule03_b
0x08D46624,119,0x08D46800,0x08B4EF98,.rodata,13,0,worldrule03_r
0x08D46624,120,0x08D46804,0x08B4EFA8,.rodata,13,0,worldrule03_w
0x08D46624,121,0x08D46808,0x08B4EFB8,.rodata,13,0,worldrule03_y
0x08D46624,122,0x08D4680C,0x08B4EFC8,.rodata,9,0,rita_line
0x08D46624,123,0x08D46810,0x08B4EFD4,.rodata,10,0,raven_line
0x08D46624,124,0x08D46814,0x08B4EFE0,.rodata,17,0,veigue_caliber_10
0x08D46624,125,0x08D46818,0x08B4EFF4,.rodata,15,0,emil_caliber_00
0x08D46624,126,0x08D4681C,0x08B4F004,.rodata,18,0,richter_caliber_04
0x08D46624,127,0x08D46820,0x08B4F018,.rodata,9,0,fire_blue
0x08D46624,128,0x08D46824,0x08B4F024,.rodata,14,0,cheria_rainbow
0x08D46624,129,0x08D46828,0x08B4F034,.rodata,12,0,chersea_aura
0x08D46624,130,0x08D4682C,0x08B4F044,.rodata,12,0,chersea_line
0x08D46624,131,0x08D46830,0x08B4F054,.rodata,16,0,asbel_caliber_00
0x08D46624,132,0x08D46834,0x08B4F068,.rodata,19,0,lazaris_bigmagic_10
0x08D46624,133,0x08D46838,0x08B4F07C,.rodata,19,0,lazaris_bigmagic_11
0x08D46624,134,0x08D4683C,0x08B4F090,.rodata,19,0,lazaris_bigmagic_12
0x08D46624,135,0x08D46840,0x08B4F0A4,.rodata,19,0,lazaris_bigmagic_20
0x08D46624,136,0x08D46844,0x08B4F0B8,.rodata,13,0,celsius_ice2d
0x08D46624,137,0x08D46848,0x08B4F0C8,.rodata,9,0,chat_rain
0x08D46624,138,0x08D4684C,0x08B4F0D4,.rodata,12,0,chat_shibuki
0x08D46624,139,0x08D46850,0x08B4F0E4,.rodata,13,0,chat_shibuki2
0x08D46624,140,0x08D46854,0x08B4F0F4,.rodata,11,0,keel_rem_04
0x08D46624,141,0x08D46858,0x08B4F100,.rodata,15,0,eugene_spear_05
0x08D46624,142,0x08D4685C,0x08B4F110,.rodata,10,0,arche_aura
0x08D46624,143,0x08D46860,0x08B4F11C,.rodata,14,0,arche_particle
0x08D46624,144,0x08D46864,0x08B4F12C,.rodata,8,0,suzu_awa
0x08D46624,145,0x08D46868,0x08B4F138,.rodata,10,0,suzu_smoke
0x08D46624,146,0x08D4686C,0x08B4F144,.rodata,16,0,senel_fist_07_00
0x08D46624,147,0x08D46870,0x08B4F158,.rodata,13,0,senel_fist_10
0x08D46624,148,0x08D46874,0x08B4F168,.rodata,12,0,chester_line
0x08D46624,149,0x08D46878,0x08B4F178,.rodata,12,0,chester_ring
0x08D46624,150,0x08D4687C,0x08B4F188,.rodata,9,0,suzu_leaf
0x08D46624,151,0x08D46880,0x08B4F194,.rodata,12,0,flynn_line2d
0x08D46624,152,0x08D46884,0x08B4F1A4,.rodata,10,0,flynn_ring
0x08D46624,153,0x08D46888,0x08B4F1B0,.rodata,16,0,chroe_caliber_13
0x08D46624,154,0x08D4688C,0x08B4F1C4,.rodata,20,0,annie_bigmagic_04_01
0x08D46624,155,0x08D46890,0x08B4F1DC,.rodata,17,0,annie_bigmagic_06
0x08D46624,156,0x08D46894,0x08B4F1F0,.rodata,15,0,mao_bigmagic_04
0x08D63EA8,0,0x08D63EA8,0x08C92FF8,.rodata,4,0,none
0x08D63EA8,1,0x08D63EAC,0x08C93000,.rodata,5,0,cless
0x08D63EA8,2,0x08D63EB0,0x08C93008,.rodata,7,0,chester
0x08D63EA8,3,0x08D63EB4,0x08C93010,.rodata,4,0,mint
0x08D63EA8,4,0x08D63EB8,0x08C93018,.rodata,5,0,arche
0x08D63EA8,5,0x08D63EBC,0x08C93020,.rodata,4,0,suzu
0x08D63EA8,6,0x08D63EC0,0x08C93028,.rodata,4,0,stan
0x08D63EA8,7,0x08D63EC4,0x08C93030,.rodata,5,0,rutee
0x08D63EA8,8,0x08D63EC8,0x08C93038,.rodata,4,0,lion
0x08D63EA8,9,0x08D63ECC,0x08C93040,.rodata,6,0,philia
0x08D63EA8,10,0x08D63ED0,0x08C93048,.rodata,7,0,woodrow
0x08D63EA8,11,0x08D63ED4,0x08C93050,.rodata,6,0,lilith
0x08D63EA8,12,0x08D63ED8,0x08C93058,.rodata,7,0,kongman
0x08D63EA8,13,0x08D63EDC,0x08C93060,.rodata,3,0,rid
0x08D63EA8,14,0x08D63EE0,0x08C93064,.rodata,5,0,farah
0x08D63EA8,15,0x08D63EE4,0x08C9306C,.rodata,4,0,keel
0x08D63EA8,16,0x08D63EE8,0x08C93074,.rodata,4,0,chat
0x08D63EA8,17,0x08D63EEC,0x08C9307C,.rodata,4,0,kyle
0x08D63EA8,18,0x08D63EF0,0x08C93084,.rodata,5,0,reala
0x08D63EA8,19,0x08D63EF4,0x08C9308C,.rodata,6,0,nanaly
0x08D63EA8,20,0x08D63EF8,0x08C93094,.rodata,6,0,harold
0x08D63EA8,21,0x08D63EFC,0x08C9309C,.rodata,5,0,lloyd
0x08D63EA8,22,0x08D63F00,0x08C930A4,.rodata,6,0,collet
0x08D63EA8,23,0x08D63F04,0x08C930AC,.rodata,6,0,genius
0x08D63EA8,24,0x08D63F08,0x08C930B4,.rodata,6,0,refill
0x08D63EA8,25,0x08D63F0C,0x08C930BC,.rodata,6,0,kratos
0x08D63EA8,26,0x08D63F10,0x08C930C4,.rodata,5,0,zelos
0x08D63EA8,27,0x08D63F14,0x08C930CC,.rodata,6,0,presea
0x08D63EA8,28,0x08D63F18,0x08C930D4,.rodata,7,0,celsius
0x08D63EA8,29,0x08D63F1C,0x08C930DC,.rodata,6,0,veigue
0x08D63EA8,30,0x08D63F20,0x08C930E4,.rodata,6,0,eugene
0x08D63EA8,31,0x08D63F24,0x08C930EC,.rodata,3,0,mao
0x08D63EA8,32,0x08D63F28,0x08C930F0,.rodata,5,0,annie
0x08D63EA8,33,0x08D63F2C,0x08C930F8,.rodata,5,0,senel
0x08D63EA8,34,0x08D63F30,0x08C93100,.rodata,5,0,chloe
0x08D63EA8,35,0x08D63F34,0x08C93108,.rodata,4,0,luke
0x08D63EA8,36,0x08D63F38,0x08C93110,.rodata,4,0,tear
0x08D63EA8,37,0x08D63F3C,0x08C93118,.rodata,3,0,guy
0x08D63EA8,38,0x08D63F40,0x08C9311C,.rodata,4,0,jade
0x08D63EA8,39,0x08D63F44,0x08C93124,.rodata,5,0,anise
0x08D63EA8,40,0x08D63F48,0x08C9312C,.rodata,4,0,asch
0x08D63EA8,41,0x08D63F4C,0x08C93134,.rodata,5,0,caius
0x08D63EA8,42,0x08D63F50,0x08C9313C,.rodata,5,0,rubia
0x08D63EA8,43,0x08D63F54,0x08C93144,.rodata,4,0,ruca
0x08D63EA8,44,0x08D63F58,0x08C9314C,.rodata,4,0,iria
0x08D63EA8,45,0x08D63F5C,0x08C93154,.rodata,5,0,spada
0x08D63EA8,46,0x08D63F60,0x08C9315C,.rodata,7,0,kanonno
0x08D63EA8,47,0x08D63F64,0x08C93164,.rodata,4,0,yuri
0x08D63EA8,48,0x08D63F68,0x08C9316C,.rodata,7,0,estelle
0x08D63EA8,49,0x08D63F6C,0x08C93174,.rodata,7,0,chelsea
0x08D63EA8,50,0x08D63F70,0x08C9317C,.rodata,4,0,loni
0x08D63EA8,51,0x08D63F74,0x08C93184,.rodata,5,0,judas
0x08D63EA8,52,0x08D63F78,0x08C9318C,.rodata,6,0,meredy
0x08D63EA8,53,0x08D63F7C,0x08C93194,.rodata,6,0,shihna
0x08D63EA8,54,0x08D63F80,0x08C9319C,.rodata,4,0,emil
0x08D63EA8,55,0x08D63F84,0x08C931A4,.rodata,5,0,marta
0x08D63EA8,56,0x08D63F88,0x08C931AC,.rodata,7,0,richter
0x08D63EA8,57,0x08D63F8C,0x08C931B4,.rodata,6,0,tytree
0x08D63EA8,58,0x08D63F90,0x08C931BC,.rodata,7,0,shirley
0x08D63EA8,59,0x08D63F94,0x08C931C4,.rodata,4,0,will
0x08D63EA8,60,0x08D63F98,0x08C931CC,.rodata,5,0,norma
0x08D63EA8,61,0x08D63F9C,0x08C931D4,.rodata,3,0,jay
0x08D63EA8,62,0x08D63FA0,0x08C931D8,.rodata,7,0,natalia
0x08D63EA8,63,0x08D63FA4,0x08C931E0,.rodata,3,0,van
0x08D63EA8,64,0x08D63FA8,0x08C931E4,.rodata,4,0,ange
0x08D63EA8,65,0x08D63FAC,0x08C931EC,.rodata,7,0,ricardo
0x08D63EA8,66,0x08D63FB0,0x08C931F4,.rodata,6,0,judith
0x08D63EA8,67,0x08D63FB4,0x08C931FC,.rodata,4,0,rita
0x08D63EA8,68,0x08D63FB8,0x08C93204,.rodata,5,0,raven
0x08D63EA8,69,0x08D63FBC,0x08C9320C,.rodata,5,0,flynn
0x08D63EA8,70,0x08D63FC0,0x08C93214,.rodata,5,0,shing
0x08D63EA8,71,0x08D63FC4,0x08C9321C,.rodata,5,0,kohak
0x08D63EA8,72,0x08D63FC8,0x08C93224,.rodata,5,0,hisui
0x08D63EA8,73,0x08D63FCC,0x08C9322C,.rodata,5,0,asbel
0x08D63EA8,74,0x08D63FD0,0x08C93234,.rodata,6,0,sophie
0x08D63EA8,75,0x08D63FD4,0x08C9323C,.rodata,6,0,cheria
0x08D63EA8,76,0x08D63FD8,0x08C93244,.rodata,6,0,pwa000
0x08D63EA8,77,0x08D63FDC,0x08C9324C,.rodata,6,0,psw000
0x08D63EA8,78,0x08D63FE0,0x08C93254,.rodata,6,0,pms000
0x08D63EA8,79,0x08D63FE4,0x08C9325C,.rodata,6,0,pk1000
0x08D63EA8,80,0x08D63FE8,0x08C93264,.rodata,6,0,pac000
0x08D63EA8,81,0x08D63FEC,0x08C9326C,.rodata,6,0,ptf000
0x08D63EA8,82,0x08D63FF0,0x08C93274,.rodata,6,0,pnj000
0x08D63EA8,83,0x08D63FF4,0x08C9327C,.rodata,6,0,pmg000
0x08D63EA8,84,0x08D63FF8,0x08C93284,.rodata,6,0,ppr000
0x08D63EA8,85,0x08D63FFC,0x08C9328C,.rodata,6,0,pbs000
0x08D63EA8,86,0x08D64000,0x08C93294,.rodata,6,0,pdf000
0x08D63EA8,87,0x08D64004,0x08C9329C,.rodata,6,0,pgf000
0x08D63EA8,88,0x08D64008,0x08C932A4,.rodata,6,0,pmk000
0x08D63EA8,89,0x08D6400C,0x08C932AC,.rodata,6,0,ppt000
0x08D63EA8,90,0x08D64010,0x08C932B4,.rodata,6,0,pkg000
0x08D63EA8,91,0x08D64014,0x08C932BC,.rodata,6,0,pgn000
0x08D63EA8,92,0x08D64018,0x08C932C4,.rodata,4,0,daos
0x08D63EA8,93,0x08D6401C,0x08C932CC,.rodata,8,0,barbatos
0x08D63EA8,94,0x08D64020,0x08C932D8,.rodata,7,0,lazaris
0x08D63EA8,95,0x08D64024,0x08C932E0,.rodata,8,0,lazaris2
0x08D63EA8,96,0x08D64028,0x08C932EC,.rodata,8,0,lazaris3
0x08D63EA8,97,0x08D6402C,0x08C932F8,.rodata,10,0,yggdrasill
0x08D63EA8,98,0x08D64030,0x08C93304,.rodata,5,0,saleh
0x08D63EA8,99,0x08D64034,0x08C9330C,.rodata,5,0,mimmy
0x08D63EA8,100,0x08D64038,0x08C93314,.rodata,5,0,geede
0x08D63EA8,101,0x08D6403C,0x08C9331C,.rodata,7,0,vidasin
0x08D63EA8,102,0x08D64040,0x08C93324,.rodata,6,0,morumo
0x08D63EA8,103,0x08D64044,0x08C9332C,.rodata,8,0,believer
0x08D63EA8,104,0x08D64048,0x08C93338,.rodata,6,0,amp000
0x08D63EA8,105,0x08D6404C,0x08C93340,.rodata,6,0,amp010
0x08D63EA8,106,0x08D64050,0x08C93348,.rodata,6,0,amp020
0x08D63EA8,107,0x08D64054,0x08C93350,.rodata,6,0,amp030
0x08D63EA8,108,0x08D64058,0x08C93358,.rodata,6,0,bst000
0x08D63EA8,109,0x08D6405C,0x08C93360,.rodata,6,0,bst010
0x08D63EA8,110,0x08D64060,0x08C93368,.rodata,6,0,bst020
0x08D63EA8,111,0x08D64064,0x08C93370,.rodata,6,0,bst030
0x08D63EA8,112,0x08D64068,0x08C93378,.rodata,6,0,bst040
0x08D63EA8,113,0x08D6406C,0x08C93380,.rodata,6,0,bst050
0x08D63EA8,114,0x08D64070,0x08C93388,.rodata,6,0,enm010
0x08D63EA8,115,0x08D64074,0x08C93390,.rodata,6,0,enm040
0x08D63EA8,116,0x08D64078,0x08C93398,.rodata,6,0,enm050
0x08D63EA8,117,0x08D6407C,0x08C933A0,.rodata,6,0,enm060
0x08D63EA8,118,0x08D64080,0x08C933A8,.rodata,6,0,enm070
0x08D63EA8,119,0x08D64084,0x08C933B0,.rodata,6,0,enm080
0x08D63EA8,120,0x08D64088,0x08C933B8,.rodata,6,0,enm090
0x08D63EA8,121,0x08D6408C,0x08C933C0,.rodata,6,0,enm100
0x08D63EA8,122,0x08D64090,0x08C933C8,.rodata,6,0,enm110
0x08D63EA8,123,0x08D64094,0x08C933D0,.rodata,6,0,fly000
0x08D63EA8,124,0x08D64098,0x08C933D8,.rodata,6,0,fly020
0x08D63EA8,125,0x08D6409C,0x08C933E0,.rodata,6,0,fly030
0x08D63EA8,126,0x08D640A0,0x08C933E8,.rodata,6,0,fly040
0x08D63EA8,127,0x08D640A4,0x08C933F0,.rodata,6,0,hum000
0x08D63EA8,128,0x08D640A8,0x08C933F8,.rodata,6,0,hum010
0x08D63EA8,129,0x08D640AC,0x08C93400,.rodata,6,0,hum020
0x08D63EA8,130,0x08D640B0,0x08C93408,.rodata,6,0,hum030
0x08D63EA8,131,0x08D640B4,0x08C93410,.rodata,6,0,hum040
0x08D63EA8,132,0x08D640B8,0x08C93418,.rodata,6,0,hum050
0x08D63EA8,133,0x08D640BC,0x08C93420,.rodata,6,0,hum060
0x08D63EA8,134,0x08D640C0,0x08C93428,.rodata,6,0,pla000
0x08D63EA8,135,0x08D640C4,0x08C93430,.rodata,6,0,pla010
0x08D63EA8,136,0x08D640C8,0x08C93438,.rodata,6,0,pla020
0x08D63EA8,137,0x08D640CC,0x08C93440,.rodata,6,0,pla030
0x08D63EA8,138,0x08D640D0,0x08C93448,.rodata,6,0,spi020
0x08D63EA8,139,0x08D640D4,0x08C93450,.rodata,6,0,spi030
0x08D63EA8,140,0x08D640D8,0x08C93458,.rodata,6,0,bom000
0x08D63EA8,141,0x08D640DC,0x08C93460,.rodata,6,0,bom010
0x08D63EA8,142,0x08D640E0,0x08C93468,.rodata,6,0,bom020
0x08D63EA8,143,0x08D640E4,0x08C93470,.rodata,6,0,bom021
0x08D63EA8,144,0x08D640E8,0x08C93478,.rodata,6,0,bom030
0x08D63EA8,145,0x08D640EC,0x08C93480,.rodata,6,0,bom040
0x08D63EA8,146,0x08D640F0,0x08C93488,.rodata,6,0,bom050
0x08D63EA8,147,0x08D640F4,0x08C93490,.rodata,6,0,bom070
0x08D63EA8,148,0x08D640F8,0x08C93498,.rodata,6,0,bom100
0x08D63EA8,149,0x08D640FC,0x08C934A0,.rodata,6,0,bom101
0x08D63EA8,150,0x08D64100,0x08C934A8,.rodata,6,0,bom102
0x08D63EA8,151,0x08D64104,0x08C934B0,.rodata,6,0,bom103
0x08D63EA8,152,0x08D64108,0x08C934B8,.rodata,6,0,bom104
0x08D63EA8,153,0x08D6410C,0x08C934C0,.rodata,6,0,bom105
0x08D6444C,0,0x08D6444C,0x08CE3498,.rodata,8,0,chbk_top
0x08D6444C,1,0x08D64450,0x08CE34A4,.rodata,8,0,chbk_tod
0x08D6444C,2,0x08D64454,0x08CE34B0,.rodata,8,0,chbk_toe
0x08D6444C,3,0x08D64458,0x08CE34BC,.rodata,9,0,chbk_tod2
0x08D6444C,4,0x08D6445C,0x08CE34C8,.rodata,8,0,chbk_tos
0x08D6444C,5,0x08D64460,0x08CE34D4,.rodata,8,0,chbk_tor
0x08D6444C,6,0x08D64464,0x08CE34E0,.rodata,8,0,chbk_tol
0x08D6444C,7,0x08D64468,0x08CE34EC,.rodata,8,0,chbk_toa
0x08D6444C,8,0x08D6446C,0x08CE34F8,.rodata,8,0,chbk_tot
0x08D6444C,9,0x08D64470,0x08CE3504,.rodata,8,0,chbk_toi
0x08D6444C,10,0x08D64474,0x08CE3510,.rodata,8,0,chbk_tov
0x08D6444C,11,0x08D64478,0x08CE351C,.rodata,9,0,chbk_tosr
0x08D6444C,12,0x08D6447C,0x08CE3528,.rodata,8,0,chbk_toh
0x08D6444C,13,0x08D64480,0x08CE3534,.rodata,8,0,chbk_tog
0x08D6444C,14,0x08D64484,0x08CE3540,.rodata,8,0,chbk_tow
0x08D6444C,15,0x08D64488,0x08CE354C,.rodata,9,0,chbk_tow2
0x08D6444C,16,0x08D6448C,0x08CE3558,.rodata,9,0,chbk_tow3
0x08D6444C,17,0x08D64490,0x08CE3564,.rodata,14,0,chbk_top_cless
0x08D6444C,18,0x08D64494,0x08CE3574,.rodata,13,0,chbk_top_mint
0x08D6444C,19,0x08D64498,0x08CE3584,.rodata,16,0,chbk_top_chester
0x08D6444C,20,0x08D6449C,0x08CE3598,.rodata,14,0,chbk_top_arche
0x08D6444C,21,0x08D644A0,0x08CE35A8,.rodata,13,0,chbk_top_suzu
0x08D6444C,22,0x08D644A4,0x08CE35B8,.rodata,13,0,chbk_top_daos
0x08D6444C,23,0x08D644A8,0x08CE35C8,.rodata,13,0,chbk_tod_stan
0x08D6444C,24,0x08D644AC,0x08CE35D8,.rodata,14,0,chbk_tod_rutee
0x08D6444C,25,0x08D644B0,0x08CE35E8,.rodata,15,0,chbk_tod_philia
0x08D6444C,26,0x08D644B4,0x08CE35F8,.rodata,13,0,chbk_tod_lion
0x08D6444C,27,0x08D644B8,0x08CE3608,.rodata,16,0,chbk_tod_woodrow
0x08D6444C,28,0x08D644BC,0x08CE361C,.rodata,16,0,chbk_tod_chersea
0x08D6444C,29,0x08D644C0,0x08CE3630,.rodata,16,0,chbk_tod_kongman
0x08D6444C,30,0x08D644C4,0x08CE3644,.rodata,15,0,chbk_tod_lilith
0x08D6444C,31,0x08D644C8,0x08CE3654,.rodata,12,0,chbk_toe_rid
0x08D6444C,32,0x08D644CC,0x08CE3664,.rodata,14,0,chbk_toe_farah
0x08D6444C,33,0x08D644D0,0x08CE3674,.rodata,13,0,chbk_toe_keel
0x08D6444C,34,0x08D644D4,0x08CE3684,.rodata,15,0,chbk_toe_meredy
0x08D6444C,35,0x08D644D8,0x08CE3694,.rodata,13,0,chbk_toe_chat
0x08D6444C,36,0x08D644DC,0x08CE36A4,.rodata,16,0,chbk_toe_celsius
0x08D6444C,37,0x08D644E0,0x08CE36B8,.rodata,16,0,chbk_toe_quickie
0x08D6444C,38,0x08D644E4,0x08CE36CC,.rodata,14,0,chbk_tod2_kyle
0x08D6444C,39,0x08D644E8,0x08CE36DC,.rodata,15,0,chbk_tod2_reala
0x08D6444C,40,0x08D644EC,0x08CE36EC,.rodata,14,0,chbk_tod2_loni
0x08D6444C,41,0x08D644F0,0x08CE36FC,.rodata,15,0,chbk_tod2_judas
0x08D6444C,42,0x08D644F4,0x08CE370C,.rodata,16,0,chbk_tod2_nanaly
0x08D6444C,43,0x08D644F8,0x08CE3720,.rodata,16,0,chbk_tod2_harold
0x08D6444C,44,0x08D644FC,0x08CE3734,.rodata,18,0,chbk_tod2_barbatos
0x08D6444C,45,0x08D64500,0x08CE3748,.rodata,14,0,chbk_tos_lloyd
0x08D6444C,46,0x08D64504,0x08CE3758,.rodata,15,0,chbk_tos_collet
0x08D6444C,47,0x08D64508,0x08CE3768,.rodata,15,0,chbk_tos_genius
0x08D6444C,48,0x08D6450C,0x08CE3778,.rodata,15,0,chbk_tos_refill
0x08D6444C,49,0x08D64510,0x08CE3788,.rodata,15,0,chbk_tos_kratos
0x08D6444C,50,0x08D64514,0x08CE3798,.rodata,15,0,chbk_tos_shihna
0x08D6444C,51,0x08D64518,0x08CE37A8,.rodata,14,0,chbk_tos_zelos
0x08D6444C,52,0x08D6451C,0x08CE37B8,.rodata,15,0,chbk_tos_presea
0x08D6444C,53,0x08D64520,0x08CE37C8,.rodata,19,0,chbk_tos_yggdrasill
0x08D6444C,54,0x08D64524,0x08CE37DC,.rodata,15,0,chbk_tor_veigue
0x08D6444C,55,0x08D64528,0x08CE37EC,.rodata,13,0,chbk_tor_crea
0x08D6444C,56,0x08D6452C,0x08CE37FC,.rodata,15,0,chbk_tor_eugene
0x08D6444C,57,0x08D64530,0x08CE380C,.rodata,12,0,chbk_tor_mao
0x08D6444C,58,0x08D64534,0x08CE381C,.rodata,15,0,chbk_tor_tytree
0x08D6444C,59,0x08D64538,0x08CE382C,.rodata,14,0,chbk_tor_annie
0x08D6444C,60,0x08D6453C,0x08CE383C,.rodata,14,0,chbk_tor_saleh
0x08D6444C,61,0x08D64540,0x08CE384C,.rodata,14,0,chbk_tol_senel
0x08D6444C,62,0x08D64544,0x08CE385C,.rodata,16,0,chbk_tol_shirley
0x08D6444C,63,0x08D64548,0x08CE3870,.rodata,13,0,chbk_tol_will
0x08D6444C,64,0x08D6454C,0x08CE3880,.rodata,14,0,chbk_tol_chloe
0x08D6444C,65,0x08D64550,0x08CE3890,.rodata,14,0,chbk_tol_norma
0x08D6444C,66,0x08D64554,0x08CE38A0,.rodata,12,0,chbk_tol_jay
0x08D6444C,67,0x08D64558,0x08CE38B0,.rodata,14,0,chbk_tol_mimmy
0x08D6444C,68,0x08D6455C,0x08CE38C0,.rodata,14,0,chbk_tol_cuppo
0x08D6444C,69,0x08D64560,0x08CE38D0,.rodata,14,0,chbk_tol_pippo
0x08D6444C,70,0x08D64564,0x08CE38E0,.rodata,14,0,chbk_tol_poppo
0x08D6444C,71,0x08D64568,0x08CE38F0,.rodata,13,0,chbk_toa_luke
0x08D6444C,72,0x08D6456C,0x08CE3900,.rodata,13,0,chbk_toa_tear
0x08D6444C,73,0x08D64570,0x08CE3910,.rodata,12,0,chbk_toa_guy
0x08D6444C,74,0x08D64574,0x08CE3920,.rodata,13,0,chbk_toa_jade
0x08D6444C,75,0x08D64578,0x08CE3930,.rodata,14,0,chbk_toa_anise
0x08D6444C,76,0x08D6457C,0x08CE3940,.rodata,16,0,chbk_toa_natalia
0x08D6444C,77,0x08D64580,0x08CE3954,.rodata,13,0,chbk_toa_asch
0x08D6444C,78,0x08D64584,0x08CE3964,.rodata,12,0,chbk_toa_van
0x08D6444C,79,0x08D64588,0x08CE3974,.rodata,14,0,chbk_tot_caius
0x08D6444C,80,0x08D6458C,0x08CE3984,.rodata,14,0,chbk_tot_rubia
0x08D6444C,81,0x08D64590,0x08CE3994,.rodata,13,0,chbk_toi_ruca
0x08D6444C,82,0x08D64594,0x08CE39A4,.rodata,13,0,chbk_toi_iria
0x08D6444C,83,0x08D64598,0x08CE39B4,.rodata,14,0,chbk_toi_spada
0x08D6444C,84,0x08D6459C,0x08CE39C4,.rodata,13,0,chbk_toi_ange
0x08D6444C,85,0x08D645A0,0x08CE39D4,.rodata,16,0,chbk_toi_ricardo
0x08D6444C,86,0x08D645A4,0x08CE39E8,.rodata,13,0,chbk_toi_coda
0x08D6444C,87,0x08D645A8,0x08CE39F8,.rodata,13,0,chbk_tov_yuri
0x08D6444C,88,0x08D645AC,0x08CE3A08,.rodata,16,0,chbk_tov_estelle
0x08D6444C,89,0x08D645B0,0x08CE3A1C,.rodata,15,0,chbk_tov_judith
0x08D6444C,90,0x08D645B4,0x08CE3A2C,.rodata,13,0,chbk_tov_rita
0x08D6444C,91,0x08D645B8,0x08CE3A3C,.rodata,14,0,chbk_tov_raven
0x08D6444C,92,0x08D645BC,0x08CE3A4C,.rodata,14,0,chbk_tov_flynn
0x08D6444C,93,0x08D645C0,0x08CE3A5C,.rodata,14,0,chbk_tosr_emil
0x08D6444C,94,0x08D645C4,0x08CE3A6C,.rodata,15,0,chbk_tosr_marta
0x08D6444C,95,0x08D645C8,0x08CE3A7C,.rodata,17,0,chbk_tosr_richter
0x08D6444C,96,0x08D645CC,0x08CE3A90,.rodata,14,0,chbk_toh_shing
0x08D6444C,97,0x08D645D0,0x08CE3AA0,.rodata,14,0,chbk_toh_kohak
0x08D6444C,98,0x08D645D4,0x08CE3AB0,.rodata,14,0,chbk_toh_hisui
0x08D6444C,99,0x08D645D8,0x08CE3AC0,.rodata,14,0,chbk_tog_asbel
0x08D6444C,100,0x08D645DC,0x08CE3AD0,.rodata,15,0,chbk_tog_sophie
0x08D6444C,101,0x08D645E0,0x08CE3AE0,.rodata,15,0,chbk_tog_cheria
0x08D6444C,102,0x08D645E4,0x08CE3AF0,.rodata,16,0,chbk_tow_kanonno
0x08D6444C,103,0x08D645E8,0x08CE3B04,.rodata,15,0,chbk_tow_morumo
0x08D6444C,104,0x08D645EC,0x08CE3B14,.rodata,16,0,chbk_tow_vidasin
0x08D6444C,105,0x08D645F0,0x08CE3B28,.rodata,17,0,chbk_tow2_kanonno
0x08D6444C,106,0x08D645F4,0x08CE3B3C,.rodata,15,0,chbk_tow2_guede
0x08D6444C,107,0x08D645F8,0x08CE3B4C,.rodata,17,0,chbk_tow3_kanonno
0x08D6444C,108,0x08D645FC,0x08CE3B60,.rodata,15,0,chbk_tow3_rocks
0x08D6444C,109,0x08D64600,0x08CE3B70,.rodata,15,0,chbk_tow3_niata
0x08D6444C,110,0x08D64604,0x08CE3B80,.rodata,17,0,chbk_tow3_razaris
0x08D65454,0,0x08D65454,0x08CF4790,.rodata,10,0,wmbg00.ppt
0x08D65454,1,0x08D65458,0x08CF479C,.rodata,10,0,wmbg02.ppt
0x08D65454,2,0x08D6545C,0x08CF47A8,.rodata,10,0,wmbg01.ppt
0x08D65454,3,0x08D65460,0x08CF47B4,.rodata,10,0,wmbg03.ppt
0x08D65454,4,0x08D65464,0x08CF4AA0,.rodata,14,0,■ Information
0x08D65454,5,0x08D65468,0x08CF4AB0,.rodata,4,1,はい
0x08D65454,6,0x08D6546C,0x08CF4AB8,.rodata,6,1,いいえ
0x08D65454,7,0x08D65470,0x08CF4AC0,.rodata,32,1,データを保存せずに終了しますか？
0x08D65454,8,0x08D65474,0x08CF4AE4,.rodata,116,1,記録メディアを検出できませんでした。\nこのゲームのデータをセーブするには空き容量が\n%dKB以上の記録メディアが必要です。
0x08D65454,9,0x08D65478,0x08CF4B5C,.rodata,108,1,記録メディアの空き容量が不足しています。\nこのゲームのデータをセーブするには空き容量が\nあと%dKB以上必要です。
0x08D65454,10,0x08D6547C,0x08CF4BCC,.rodata,40,1,このままゲームを始めてもよろしいですか？
0x08D65454,11,0x08D65480,0x08CF4AA0,.rodata,14,0,■ Information
0x08D65454,12,0x08D65484,0x08CF4BF8,.rodata,124,1,新規に保存するには記録メディアの空き容量が\n足りません。あと%dKB以上の空き容量が必要です。\n既存のセーブデータを削除しますか？
0x08D65454,13,0x08D65488,0x08CF4C78,.rodata,160,1,記録メディアの空き容量が不足しているため、上書きセーブしか出来ません。\n新規に保存するには、あと%dKB以上の空き容量が必要です。\n既存のセーブデータを削除しますか？
0x08D65454,14,0x08D6548C,0x08CF4D1C,.rodata,14,1,ファイルの削除
0x08D65454,15,0x08D65490,0x08CF4D2C,.rodata,8,1,削除する
0x08D65454,16,0x08D65494,0x08CF4D38,.rodata,10,1,削除しない
0x08D65454,17,0x08D65498,0x08CF4D44,.rodata,86,1,記録メディアを検出できませんでした。\n%dKB以上の空き容量がある\n記録メディアが必要です。
0x08D65454,18,0x08D6549C,0x08CF4D9C,.rodata,55,1,記録メディアに既にデータが存在します。\n上書きしますか？
0x08D65454,19,0x08D654A0,0x08CF4DD4,.rodata,73,1,スリープモードに移行したため、セーブが中断されました。\nやりなおしますか？
0x08D65454,20,0x08D654A4,0x08CF4E20,.rodata,73,1,スリープモードに移行したため、ロードが中断されました。\nやりなおしますか？
0x08D65454,21,0x08D654A8,0x08CF4E6C,.rodata,36,1,セーブデータを読み込みませんでした。
0x08D65454,22,0x08D654AC,0x08CF4E94,.rodata,65,1,セーブデータのバージョンが違います。\nロードをキャンセルしました。
0x08D65454,23,0x08D654B0,0x08CF4ED8,.rodata,91,1,インストールデータがロードできませんでした。\nデータインストールを『ＯＦＦ』に設定しました。
0x08D65454,24,0x08D654B4,0x08CF4F34,.rodata,107,1,インストールデータが破損しているためロードできませんでした。\nデータインストールを『ＯＦＦ』に設定しました。
0x08D654BC,0,0x08D654BC,0x08CF4FA4,.rodata,18,1,ミッションタイトル
0x08D654BC,1,0x08D654C0,0x08CF4FB8,.rodata,8,1,ボーナス
0x08D654BC,2,0x08D654C4,0x08CF4FC4,.rodata,4,1,定員
0x08D654BC,3,0x08D654C8,0x08CF4FCC,.rodata,10,1,ターゲット
0x08D654BC,4,0x08D654CC,0x08CF4FD8,.rodata,24,1,定員をオーバーしています
0x08D654BC,5,0x08D654D0,0x08CF4FF4,.rodata,44,1,パーティメンバーにターゲットが含まれています
0x08D654BC,6,0x08D654D4,0x08CF5024,.rodata,22,1,ミッションタイトル  %s
0x08D654BC,7,0x08D654D8,0x08CF503C,.rodata,18,1,ミッションボーナス
0x08D654BC,8,0x08D654DC,0x08CF5050,.rodata,18,1,ミッションレコード
0x08D654BC,9,0x08D654E0,0x08CF5064,.rodata,12,1,最大ＨＩＴ数
0x08D654BC,10,0x08D654E4,0x08CF5074,.rodata,18,1,最大ヒットダメージ
0x08D654BC,11,0x08D654E8,0x08CF5088,.rodata,14,1,最速クリア時間
0x08D654BC,12,0x08D654EC,0x08CF5098,.rodata,16,1,最大獲得グレード
0x08D654BC,13,0x08D654F0,0x08CF50AC,.rodata,26,1,特定アイテム名がありません
0x08D654BC,14,0x08D654F4,0x08CF50C8,.rodata,7,1,＋%2d％
0x08D654BC,15,0x08D654F8,0x08CF50D0,.rodata,5,1,＋%2d
0x08D654BC,16,0x08D654FC,0x08CF50D8,.rodata,30,1,ミッションボーナスがありません
0x08D654BC,17,0x08D65500,0x08CF50F8,.rodata,10,1,ミッション
0x08D654BC,18,0x08D65504,0x08CF5104,.rodata,12,1,パーティ編成
0x08D654BC,19,0x08D65508,0x08CF5114,.rodata,12,1,パーティ解散
0x08D654BC,20,0x08D6550C,0x08CF5124,.rodata,20,1,スペシャルミッション
0x08D654BC,21,0x08D65510,0x08CF513C,.rodata,14,1,ミッション開始
0x08D654BC,22,0x08D65514,0x08CF514C,.rodata,17,1,戦闘BGMを変更する
0x08D654BC,23,0x08D65518,0x08CF5160,.rodata,22,1,ミッションを開始します
0x08D654BC,24,0x08D6551C,0x08CF5178,.rodata,42,1,ミッションで使用する戦闘ＢＧＭを変更します
0x08D654BC,25,0x08D65520,0x08CF51A4,.rodata,36,1,まだ変更可能な戦闘ＢＧＭがありません
0x08D654BC,26,0x08D65524,0x08CF51CC,.rodata,14,1,デフォルト演奏
0x08D654BC,27,0x08D65528,0x08CF51DC,.rodata,12,1,ランダム演奏
0x08D654BC,28,0x08D6552C,0x08CF51EC,.rodata,20,1,全戦闘曲から選択する
0x08D654BC,29,0x08D65530,0x08CF5204,.rodata,22,1,通常戦闘曲から選択する
0x08D654BC,30,0x08D65534,0x08CF521C,.rodata,22,1,ボス戦闘曲から選択する
0x08D654BC,31,0x08D65538,0x08CF5234,.rodata,18,1,シリーズで絞り込む
0x08D654BC,32,0x08D6553C,0x08CF5248,.rodata,22,1,アーティストで絞り込む
0x08D654BC,33,0x08D65540,0x08CF5260,.rodata,38,1,曲の指定は行わず、標準の曲を演奏します
0x08D654BC,34,0x08D65544,0x08CF5288,.rodata,36,1,選択可能な曲からランダムで演奏します
0x08D654BC,35,0x08D65548,0x08CF52B0,.rodata,32,1,全ての選択可能な曲から選択します
0x08D654BC,36,0x08D6554C,0x08CF52D4,.rodata,28,1,通常戦闘曲の中から選択します
0x08D654BC,37,0x08D65550,0x08CF52F4,.rodata,28,1,ボス戦闘曲の中から選択します
0x08D654BC,38,0x08D65554,0x08CF5314,.rodata,28,1,シリーズ別に曲を絞り込みます
0x08D654BC,39,0x08D65558,0x08CF5334,.rodata,32,1,アーティスト別に曲を絞り込みます
0x08D654BC,40,0x08D6555C,0x08CF5358,.rodata,26,1,テイルズ オブ ファンタジア
0x08D654BC,41,0x08D65560,0x08CF5374,.rodata,26,1,テイルズ オブ デスティニー
0x08D654BC,42,0x08D65564,0x08CF5390,.rodata,24,1,テイルズ オブ エターニア
0x08D654BC,43,0x08D65568,0x08CF53AC,.rodata,23,1,テイルズ オブ ジ アビス
0x08D654BC,44,0x08D6556C,0x08CF53C4,.rodata,28,1,テイルズ オブ デスティニー２
0x08D654BC,45,0x08D65570,0x08CF53E4,.rodata,26,1,テイルズ オブ シンフォニア
0x08D654BC,46,0x08D65574,0x08CF5400,.rodata,22,1,テイルズ オブ リバース
0x08D654BC,47,0x08D65578,0x08CF5418,.rodata,28,1,テイルズ オブ レジェンディア
0x08D654BC,48,0x08D6557C,0x08CF5438,.rodata,27,1,テイルズ オブ ザ テンペスト
0x08D654BC,49,0x08D65580,0x08CF5454,.rodata,24,1,テイルズ オブ イノセンス
0x08D654BC,50,0x08D65584,0x08CF5470,.rodata,26,1,テイルズ オブ ヴェスペリア
0x08D6558C,0,0x08D6558C,0x08CF54AC,.rodata,20,1,テイルズ オブ ハーツ
0x08D6558C,1,0x08D65590,0x08CF54C4,.rodata,24,1,テイルズ オブ グレイセス
0x08D6558C,2,0x08D65594,0x08CF54E0,.rodata,25,1,レディアント マイソロジー
0x08D6558C,3,0x08D65598,0x08CF54FC,.rodata,27,1,レディアント マイソロジー２
0x08D6558C,4,0x08D6559C,0x08CF5518,.rodata,27,1,レディアント マイソロジー３
0x08D6558C,5,0x08D655A0,0x08CF5534,.rodata,52,1,テイルズ オブ ファンタジアの戦闘曲の中から選択します
0x08D6558C,6,0x08D655A4,0x08CF556C,.rodata,52,1,テイルズ オブ デスティニーの戦闘曲の中から選択します
0x08D6558C,7,0x08D655A8,0x08CF55A4,.rodata,50,1,テイルズ オブ エターニアの戦闘曲の中から選択します
0x08D6558C,8,0x08D655AC,0x08CF55D8,.rodata,49,1,テイルズ オブ ジ アビスの戦闘曲の中から選択します
0x08D6558C,9,0x08D655B0,0x08CF560C,.rodata,54,1,テイルズ オブ デスティニー２の戦闘曲の中から選択します
0x08D6558C,10,0x08D655B4,0x08CF5644,.rodata,52,1,テイルズ オブ シンフォニアの戦闘曲の中から選択します
0x08D6558C,11,0x08D655B8,0x08CF567C,.rodata,48,1,テイルズ オブ リバースの戦闘曲の中から選択します
0x08D6558C,12,0x08D655BC,0x08CF56B0,.rodata,54,1,テイルズ オブ レジェンディアの戦闘曲の中から選択します
0x08D6558C,13,0x08D655C0,0x08CF56E8,.rodata,53,1,テイルズ オブ ザ テンペストの戦闘曲の中から選択します
0x08D6558C,14,0x08D655C4,0x08CF5720,.rodata,50,1,テイルズ オブ イノセンスの戦闘曲の中から選択します
0x08D6558C,15,0x08D655C8,0x08CF5754,.rodata,52,1,テイルズ オブ ヴェスペリアの戦闘曲の中から選択します
0x08D655D0,0,0x08D655D0,0x08CF57C4,.rodata,46,1,テイルズ オブ ハーツの戦闘曲の中から選択します
0x08D655D0,1,0x08D655D4,0x08CF57F4,.rodata,50,1,テイルズ オブ グレイセスの戦闘曲の中から選択します
0x08D655D0,2,0x08D655D8,0x08CF5828,.rodata,51,1,レディアント マイソロジーの戦闘曲の中から選択します
0x08D655D0,3,0x08D655DC,0x08CF585C,.rodata,53,1,レディアント マイソロジー２の戦闘曲の中から選択します
0x08D655D0,4,0x08D655E0,0x08CF5894,.rodata,53,1,レディアント マイソロジー３の戦闘曲の中から選択します
0x08D655D0,5,0x08D655E4,0x08CF58CC,.rodata,7,1,桜庭 統
0x08D655D0,6,0x08D655E8,0x08CF58D4,.rodata,9,1,中村 和宏
0x08D655D0,7,0x08D655EC,0x08CF58E0,.rodata,7,1,椎名 豪
0x08D655D0,8,0x08D655F0,0x08CF58E8,.rodata,49,1,桜庭 統氏が作曲／編曲した戦闘曲の中から選択します
0x08D655D0,9,0x08D655F4,0x08CF591C,.rodata,51,1,中村 和宏氏が作曲／編曲した戦闘曲の中から選択します
0x08D655D0,10,0x08D655F8,0x08CF5950,.rodata,49,1,椎名 豪氏が作曲／編曲した戦闘曲の中から選択します
0x08D655D0,11,0x08D655FC,0x08CF5984,.rodata,52,1,ミッションを追加する為のパスワードを入力してください
0x08D655D0,12,0x08D65600,0x08CF59BC,.rodata,26,1,パスワードの入力を終了する
0x08D655D0,13,0x08D65604,0x08CF59D8,.rodata,26,1,パスワードの入力を継続する
0x08D655D0,14,0x08D65608,0x08CF59F4,.rodata,32,1,ミッション「%s」が追加されました
0x08D655D0,15,0x08D6560C,0x08CF5A18,.rodata,28,1,パスワードが正しくありません
0x08D655D0,16,0x08D65610,0x08CF5A38,.rodata,40,1,既に追加されたミッションのパスワードです
0x08D655D0,17,0x08D65614,0x08CF5A64,.rodata,28,1,今回の戦闘結果を記録しました
0x08D655D0,18,0x08D65618,0x08CF5A84,.rodata,24,1,ミッションに勝利しました
0x08D655D0,19,0x08D6561C,0x08CF5AA0,.rodata,24,1,ミッションに敗北しました
0x08D655D0,20,0x08D65620,0x08CF5ABC,.rodata,22,1,%sの記録を更新しました
0x08D655D0,21,0x08D65624,0x08CF5064,.rodata,12,1,最大ＨＩＴ数
0x08D655D0,22,0x08D65628,0x08CF5074,.rodata,18,1,最大ヒットダメージ
0x08D655D0,23,0x08D6562C,0x08CF5088,.rodata,14,1,最速クリア時間
0x08D655D0,24,0x08D65630,0x08CF5098,.rodata,16,1,最大獲得グレード
0x08D655D0,25,0x08D65634,0x08CF5AD4,.rodata,16,1,%sを獲得しました
0x08D655D0,26,0x08D65638,0x08CF5AE8,.rodata,51,1,所持アイテムが一杯のため、\n%sを獲得できませんでした
0x08D655D0,27,0x08D6563C,0x08CF5B1C,.rodata,22,1,%sの称号を獲得しました
0x08D655D0,28,0x08D65640,0x08CF5B34,.rodata,18,1,%sを手に入れました
0x08D655D0,29,0x08D65644,0x08CF5B48,.rodata,8,1,再戦する
0x08D655D0,30,0x08D65648,0x08CF5B54,.rodata,16,1,再戦せずに抜ける
0x08D655D0,31,0x08D6564C,0x08CF5B68,.rodata,4,1,決定
0x08D655D0,32,0x08D65650,0x08CF5B70,.rodata,4,1,戻る
0x08D655D0,33,0x08D65654,0x08CF5B78,.rodata,4,1,再生
0x08D655D0,34,0x08D65658,0x08CF5B80,.rodata,10,1,ページ送り
0x08D655D0,35,0x08D6565C,0x08CF5B8C,.rodata,4,1,削除
0x08D655D0,36,0x08D65660,0x08CF5B94,.rodata,14,1,ヒットダメージ
0x08D655D0,37,0x08D65664,0x08CF5BA4,.rodata,22,1,キャラを選択して下さい
0x08D655D0,38,0x08D65668,0x08CF5BBC,.rodata,14,1,アイテムの選択
0x08D655D0,39,0x08D6566C,0x08CF5BCC,.rodata,10,1,術技の設定
0x08D655D0,40,0x08D65670,0x08CF5BD8,.rodata,10,1,作戦の設定
0x08D655D0,41,0x08D65674,0x08CF5BE4,.rodata,4,1,弱点
0x08D655D0,42,0x08D65678,0x08CF5BEC,.rodata,4,1,得意
0x08D655D0,43,0x08D6567C,0x08CF5BF4,.rodata,14,1,ターゲット選択
0x08D655D0,44,0x08D65680,0x08CF5C04,.rodata,36,1,術技の設定、及び術技の使用を行います
0x08D655D0,45,0x08D65684,0x08CF5C2C,.rodata,38,1,連携奥義で使用する術技の設定を行います
0x08D655D0,46,0x08D65688,0x08CF5C54,.rodata,38,1,基本行動、及び優先行動の設定を行います
0x08D655D0,47,0x08D6568C,0x08CF5C7C,.rodata,30,1,武器、防具などの変更を行います
0x08D655D0,48,0x08D65690,0x08CF5C9C,.rodata,24,1,アイテムの使用を行います
0x08D655D0,49,0x08D65694,0x08CF5CB8,.rodata,24,1,戦闘からの逃走を行います
0x08D655D0,50,0x08D65698,0x08CF5CD4,.rodata,26,1,戦闘からの逃走を解除します
0x08D655D0,51,0x08D6569C,0x08CF5CF0,.rodata,30,1,行動中に装備の変更は出来ません
0x08D655D0,52,0x08D656A0,0x08CF5D10,.rodata,6,1,術・技
0x08D655D0,53,0x08D656A4,0x08CF5D18,.rodata,4,1,連携
0x08D655D0,54,0x08D656A8,0x08CF5D20,.rodata,4,1,作戦
0x08D655D0,55,0x08D656AC,0x08CF5D28,.rodata,4,1,装備
0x08D655D0,56,0x08D656B0,0x08CF5D30,.rodata,4,1,道具
0x08D655D0,57,0x08D656B4,0x08CF5D38,.rodata,4,1,逃走
0x08D655D0,58,0x08D656B8,0x08CF5D40,.rodata,9,1,逃走解除 
0x08D655D0,59,0x08D656BC,0x08CF5D4C,.rodata,10,1,デフォルト
0x08D655D0,60,0x08D656C0,0x08CF5D58,.rodata,12,1,一気にいくぞ
0x08D655D0,61,0x08D656C4,0x08CF5D68,.rodata,12,1,温存して戦え
0x08D655D0,62,0x08D656C8,0x08CF5D78,.rodata,10,1,今は耐えろ
0x08D655D0,63,0x08D656CC,0x08CF5D84,.rodata,6,1,■戦績
0x08D655D0,64,0x08D656D0,0x08CF5D8C,.rodata,10,1,獲得経験値
0x08D655D0,65,0x08D656D4,0x08CF5D98,.rodata,14,1,ボーナス経験値
0x08D655D0,66,0x08D656D8,0x08CF5DA8,.rodata,12,1,最大ヒット数
0x08D655D0,67,0x08D656DC,0x08CF5DB8,.rodata,10,1,獲得ガルド
0x08D655D0,68,0x08D656E0,0x08CF5DC4,.rodata,8,1,戦闘時間
0x08D655D0,69,0x08D656E4,0x08CF5DD0,.rodata,8,1,グレード
0x08D655D0,70,0x08D656E8,0x08CF5DDC,.rodata,15,0,WINNING MESSAGE
0x08D655D0,71,0x08D656EC,0x08CF5DEC,.rodata,13,0,■Information
0x08D655D0,72,0x08D656F0,0x08CF5DFC,.rodata,4,0,Skip
0x08D655D0,73,0x08D656F4,0x08CF5E04,.rodata,28,1,装備品は、これ以上持てません
0x08D655D0,74,0x08D656F8,0x08CF5E24,.rodata,36,1,拾ったアイテムは、これ以上持てません
0x08D655D0,75,0x08D656FC,0x08CF5E4C,.rodata,14,1,%sを習得した！
0x08D655D0,76,0x08D65700,0x08CF5E5C,.rodata,22,1,秘奥義：%sを習得した！
0x08D655D0,77,0x08D65704,0x08CF5E74,.rodata,22,1,%sはレベルが上がった！
0x08D655D0,78,0x08D65708,0x08CF5E8C,.rodata,10,1,を拾った！
0x08D655D0,79,0x08D6570C,0x08CF5E98,.rodata,28,1,%sに転職出来るようになった！
0x08D655D0,80,0x08D65710,0x08CF5EB8,.rodata,12,1,逃げ切った！
0x08D655D0,81,0x08D65714,0x08CF5EC8,.rodata,12,1,%sを覚えた！
0x08D655D0,82,0x08D65718,0x08CF5ED8,.rodata,18,1,%dガルド見つけた！
0x08D655D0,83,0x08D6571C,0x08CF5EEC,.rodata,12,1,%sを盗んだ！
0x08D655D0,84,0x08D65720,0x08CF5EFC,.rodata,20,1,%dガルド手に入れた！
0x08D655D0,85,0x08D65724,0x08CF5F14,.rodata,18,1,%dガルド落とした！
0x08D655D0,86,0x08D65728,0x08CF5F28,.rodata,22,1,何も手に入らなかった！
0x08D655D0,87,0x08D6572C,0x08CF5F40,.rodata,22,1,敵からバックアタック！
0x08D655D0,88,0x08D65730,0x08CF5F58,.rodata,22,1,%d人の挑戦者が現れた！
0x08D655D0,89,0x08D65734,0x08CF5F70,.rodata,6,0,NOTICE
0x08D655D0,90,0x08D65738,0x08CF5F78,.rodata,71,1,テイルズ オブ ザ ワールド\nレディアント マイソロジー３の世界へようこそ！
0x08D655D0,91,0x08D6573C,0x08CF5FC0,.rodata,67,1,ここで、冒険に旅立つあなたの分身となる\nキャラクターの作成を行います
0x08D655D0,92,0x08D65740,0x08CF6004,.rodata,6,1,名前：
0x08D655D0,93,0x08D65744,0x08CF600C,.rodata,6,1,性別：
0x08D655D0,94,0x08D65748,0x08CF6014,.rodata,6,1,職業：
0x08D655D0,95,0x08D6574C,0x08CF601C,.rodata,10,1,身長・体型
0x08D655D0,96,0x08D65750,0x08CF6028,.rodata,4,1,髪型
0x08D655D0,97,0x08D65754,0x08CF6030,.rodata,2,1,顔
0x08D655D0,98,0x08D65758,0x08CF6034,.rodata,6,1,肌の色
0x08D655D0,99,0x08D6575C,0x08CF603C,.rodata,10,1,勝利ポーズ
0x08D655D0,100,0x08D65760,0x08CF6048,.rodata,12,1,ボイスタイプ
0x08D655D0,101,0x08D65764,0x08CF6058,.rodata,14,1,ランダムで選ぶ
0x08D655D0,102,0x08D65768,0x08CF6068,.rodata,4,1,決定
0x08D655D0,103,0x08D6576C,0x08CF6070,.rodata,30,1,キャラクターの名前を設定します
0x08D655D0,104,0x08D65770,0x08CF6090,.rodata,30,1,キャラクターの性別を設定します
0x08D655D0,105,0x08D65774,0x08CF60B0,.rodata,30,1,ゲーム開始時の職業を設定します
0x08D655D0,106,0x08D65778,0x08CF60D0,.rodata,36,1,キャラクターの身長・体型を設定します
0x08D655D0,107,0x08D6577C,0x08CF60F8,.rodata,28,1,キャラクターの髪を設定します
0x08D655D0,108,0x08D65780,0x08CF6118,.rodata,32,1,キャラクターの目と口を設定します
0x08D655D0,109,0x08D65784,0x08CF613C,.rodata,32,1,キャラクターの肌の色を設定します
0x08D655D0,110,0x08D65788,0x08CF6160,.rodata,30,1,戦闘勝利時のポーズを設定します
0x08D655D0,111,0x08D6578C,0x08CF6180,.rodata,26,1,戦闘時のボイスを設定します
0x08D655D0,112,0x08D65790,0x08CF619C,.rodata,34,1,ランダムでキャラクターを作成します
0x08D655D0,113,0x08D65794,0x08CF61C0,.rodata,40,1,キャラクターを決定し、ゲームを開始します
0x08D655D0,114,0x08D65798,0x08CF61EC,.rodata,24,1,キャラクターを決定します
0x08D655D0,115,0x08D6579C,0x08CF6208,.rodata,22,1,タイトルへ戻りますか？
0x08D655D0,116,0x08D657A0,0x08CF6220,.rodata,51,1,キャラリメイクを中断して、\n変更前の姿に戻しますか？
0x08D655D0,117,0x08D657A4,0x08CF6254,.rodata,30,1,キャラクター名を入力して下さい
0x08D655D0,118,0x08D657A8,0x08CF6274,.rodata,24,1,名前が設定されていません
0x08D655D0,119,0x08D657AC,0x08CF6290,.rodata,10,1,プレイヤー
0x08D655D0,120,0x08D657B0,0x08CF629C,.rodata,2,1,女
0x08D655D0,121,0x08D657B4,0x08CF62A0,.rodata,2,1,男
0x08D655D0,122,0x08D657B8,0x08CF62A4,.rodata,4,1,戦士
0x08D655D0,123,0x08D657BC,0x08CF62AC,.rodata,4,1,剣士
0x08D655D0,124,0x08D657C0,0x08CF62B4,.rodata,8,1,魔法剣士
0x08D655D0,125,0x08D657C4,0x08CF62C0,.rodata,6,1,格闘家
0x08D655D0,126,0x08D657C8,0x08CF62C8,.rodata,4,1,狩人
0x08D655D0,127,0x08D657CC,0x08CF62D0,.rodata,4,1,盗賊
0x08D655D0,128,0x08D657D0,0x08CF62D8,.rodata,4,1,忍者
0x08D655D0,129,0x08D657D4,0x08CF62E0,.rodata,6,1,魔術師
0x08D655D0,130,0x08D657D8,0x08CF62E8,.rodata,4,1,僧侶
0x08D655D0,131,0x08D657DC,0x08CF62F0,.rodata,10,1,ビショップ
0x08D655D0,132,0x08D657E0,0x08CF62FC,.rodata,6,1,双剣士
0x08D655D0,133,0x08D657E4,0x08CF6304,.rodata,6,1,大剣士
0x08D655D0,134,0x08D657E8,0x08CF630C,.rodata,6,1,モンク
0x08D655D0,135,0x08D657EC,0x08CF6314,.rodata,4,1,海賊
0x08D655D0,136,0x08D657F0,0x08CF631C,.rodata,6,1,聖騎士
0x08D655D0,137,0x08D657F4,0x08CF6324,.rodata,8,1,ガンマン
0x08D655D0,138,0x08D657F8,0x08CF6330,.rodata,53,1,強力な武器で攻撃を行う近接戦向けの職業\n（初心者向け）
0x08D655D0,139,0x08D657FC,0x08CF6368,.rodata,35,1,多彩な剣技を持つ職業\n（初心者向け）
0x08D655D0,140,0x08D65800,0x08CF638C,.rodata,36,1,剣技と攻撃術の両方を駆使出来る万能職
0x08D655D0,141,0x08D65804,0x08CF63B4,.rodata,53,1,拳による肉弾戦を得意とする格闘系の職業\n（中級者向け）
0x08D655D0,142,0x08D65808,0x08CF63EC,.rodata,47,1,弓による遠隔攻撃を得意とする職業\n（中級者向け）
0x08D655D0,143,0x08D6580C,0x08CF641C,.rodata,57,1,短剣による素早い攻撃と盗みを得意とする職業\n（中級者向け）
0x08D655D0,144,0x08D65810,0x08CF6458,.rodata,40,1,忍術と呼ばれる特殊な体術を得意とする職業
0x08D655D0,145,0x08D65814,0x08CF6484,.rodata,53,1,攻撃に特化した術を得意とする職業\n（中級〜上級者向け）
0x08D655D0,146,0x08D65818,0x08CF64BC,.rodata,53,1,回復、補助系の術を得意とする職業\n（中級〜上級者向け）
0x08D655D0,147,0x08D6581C,0x08CF64F4,.rodata,38,1,攻撃術と回復術の両方を得意とする万能職
0x08D655D0,148,0x08D65820,0x08CF651C,.rodata,38,1,左右に持つ二本の剣を駆使する亜流の剣士
0x08D655D0,149,0x08D65824,0x08CF6544,.rodata,40,1,身の丈程の大剣を駆使するパワーファイター
0x08D655D0,150,0x08D65828,0x08CF6570,.rodata,38,1,気の力による回復の技を兼ね備えた格闘職
0x08D655D0,151,0x08D6582C,0x08CF6598,.rodata,46,1,銃による遠隔攻撃と短剣による近接攻撃を併せ持つ
0x08D655D0,152,0x08D65830,0x08CF65C8,.rodata,42,1,大剣による攻撃力と補助術を兼ね備えた万能職
0x08D655D0,153,0x08D65834,0x08CF65F4,.rodata,51,1,二丁の拳銃で高速な攻撃を繰り出す職業\n（中級者向け）
0x08D655D0,154,0x08D65838,0x08CF6628,.rodata,4,1,身長
0x08D655D0,155,0x08D6583C,0x08CF6630,.rodata,4,1,体型
0x08D655D0,156,0x08D65840,0x08CF6638,.rodata,16,1,身長を設定します
0x08D655D0,157,0x08D65844,0x08CF664C,.rodata,16,1,体型を設定します
0x08D655D0,158,0x08D65848,0x08CF6660,.rodata,8,1,髪型選択
0x08D655D0,159,0x08D6584C,0x08CF666C,.rodata,10,1,オプション
0x08D655D0,160,0x08D65850,0x08CF6678,.rodata,4,1,髪色
0x08D655D0,161,0x08D65854,0x08CF6680,.rodata,30,1,キャラクターの髪型を設定します
0x08D655D0,162,0x08D65858,0x08CF66A0,.rodata,40,1,キャラクターの髪にオプションを設定します
0x08D655D0,163,0x08D6585C,0x08CF66CC,.rodata,30,1,キャラクターの髪色を設定します
0x08D655D0,164,0x08D65860,0x08CF66EC,.rodata,12,1,髪パターン１
0x08D655D0,165,0x08D65864,0x08CF66FC,.rodata,12,1,髪パターン２
0x08D655D0,166,0x08D65868,0x08CF670C,.rodata,12,1,髪パターン３
0x08D655D0,167,0x08D6586C,0x08CF671C,.rodata,12,1,髪パターン４
0x08D655D0,168,0x08D65870,0x08CF672C,.rodata,12,1,髪パターン５
0x08D655D0,169,0x08D65874,0x08CF673C,.rodata,12,1,髪パターン６
0x08D655D0,170,0x08D65878,0x08CF674C,.rodata,12,1,髪パターン７
0x08D655D0,171,0x08D6587C,0x08CF675C,.rodata,12,1,髪パターン８
0x08D655D0,172,0x08D65880,0x08CF676C,.rodata,12,1,髪パターン９
0x08D655D0,173,0x08D65884,0x08CF677C,.rodata,14,1,髪パターン１０
0x08D655D0,174,0x08D65888,0x08CF678C,.rodata,14,1,髪パターン１１
0x08D655D0,175,0x08D6588C,0x08CF679C,.rodata,14,1,髪パターン１２
0x08D655D0,176,0x08D65890,0x08CF67AC,.rodata,14,1,髪パターン１３
0x08D655D0,177,0x08D65894,0x08CF67BC,.rodata,14,1,髪パターン１４
0x08D655D0,178,0x08D65898,0x08CF67CC,.rodata,14,1,髪パターン１５
0x08D655D0,179,0x08D6589C,0x08CF67DC,.rodata,14,1,髪パターン１６
0x08D655D0,180,0x08D658A0,0x08CF67EC,.rodata,14,1,髪パターン１７
0x08D655D0,181,0x08D658A4,0x08CF67FC,.rodata,14,1,髪パターン１８
0x08D655D0,182,0x08D658A8,0x08CF680C,.rodata,14,1,髪パターン１９
0x08D655D0,183,0x08D658AC,0x08CF681C,.rodata,14,1,髪パターン２０
0x08D655D0,184,0x08D658B0,0x08CF682C,.rodata,14,1,ノーオプション
0x08D655D0,185,0x08D658B4,0x08CF683C,.rodata,12,1,オプション１
0x08D655D0,186,0x08D658B8,0x08CF684C,.rodata,12,1,オプション２
0x08D655D0,187,0x08D658BC,0x08CF685C,.rodata,12,1,オプション３
0x08D655D0,188,0x08D658C0,0x08CF686C,.rodata,12,1,オプション４
0x08D655D0,189,0x08D658C4,0x08CF687C,.rodata,12,1,オプション５
0x08D655D0,190,0x08D658C8,0x08CF688C,.rodata,12,1,オプション６
0x08D655D0,191,0x08D658CC,0x08CF689C,.rodata,12,1,オプション７
0x08D655D0,192,0x08D658D0,0x08CF68AC,.rodata,12,1,オプション８
0x08D655D0,193,0x08D658D4,0x08CF68BC,.rodata,12,1,オプション９
0x08D655D0,194,0x08D658D8,0x08CF68CC,.rodata,14,1,オプション１０
0x08D655D0,195,0x08D658DC,0x08CF68DC,.rodata,14,1,オプション１１
0x08D655D0,196,0x08D658E0,0x08CF68EC,.rodata,14,1,オプション１２
0x08D655D0,197,0x08D658E4,0x08CF68FC,.rodata,14,1,オプション１３
0x08D655D0,198,0x08D658E8,0x08CF690C,.rodata,14,1,オプション１４
0x08D655D0,199,0x08D658EC,0x08CF691C,.rodata,14,1,オプション１５
0x08D655D0,200,0x08D658F0,0x08CF692C,.rodata,10,1,目のタイプ
0x08D655D0,201,0x08D658F4,0x08CF6938,.rodata,8,1,両目の色
0x08D655D0,202,0x08D658F8,0x08CF6944,.rodata,8,1,右目の色
0x08D655D0,203,0x08D658FC,0x08CF6950,.rodata,8,1,左目の色
0x08D655D0,204,0x08D65900,0x08CF695C,.rodata,10,1,口のタイプ
0x08D655D0,205,0x08D65904,0x08CF6968,.rodata,36,1,キャラクターの目のタイプを設定します
0x08D655D0,206,0x08D65908,0x08CF6990,.rodata,20,1,両目の色を設定します
0x08D655D0,207,0x08D6590C,0x08CF69A8,.rodata,20,1,右目の色を設定します
0x08D655D0,208,0x08D65910,0x08CF69C0,.rodata,20,1,左目の色を設定します
0x08D655D0,209,0x08D65914,0x08CF69D8,.rodata,36,1,キャラクターの口のタイプを設定します
0x08D655D0,210,0x08D65918,0x08CF6A00,.rodata,12,1,目パターン１
0x08D655D0,211,0x08D6591C,0x08CF6A10,.rodata,12,1,目パターン２
0x08D655D0,212,0x08D65920,0x08CF6A20,.rodata,12,1,目パターン３
0x08D655D0,213,0x08D65924,0x08CF6A30,.rodata,12,1,目パターン４
0x08D655D0,214,0x08D65928,0x08CF6A40,.rodata,12,1,目パターン５
0x08D655D0,215,0x08D6592C,0x08CF6A50,.rodata,12,1,目パターン６
0x08D655D0,216,0x08D65930,0x08CF6A60,.rodata,12,1,目パターン７
0x08D655D0,217,0x08D65934,0x08CF6A70,.rodata,12,1,目パターン８
0x08D655D0,218,0x08D65938,0x08CF6A80,.rodata,12,1,目パターン９
0x08D655D0,219,0x08D6593C,0x08CF6A90,.rodata,14,1,目パターン１０
0x08D655D0,220,0x08D65940,0x08CF6AA0,.rodata,14,1,目パターン１１
0x08D655D0,221,0x08D65944,0x08CF6AB0,.rodata,14,1,目パターン１２
0x08D655D0,222,0x08D65948,0x08CF6AC0,.rodata,14,1,目パターン１３
0x08D655D0,223,0x08D6594C,0x08CF6AD0,.rodata,14,1,目パターン１４
0x08D655D0,224,0x08D65950,0x08CF6AE0,.rodata,14,1,目パターン１５
0x08D655D0,225,0x08D65954,0x08CF6AF0,.rodata,14,1,目パターン１６
0x08D655D0,226,0x08D65958,0x08CF6B00,.rodata,14,1,目パターン１７
0x08D655D0,227,0x08D6595C,0x08CF6B10,.rodata,14,1,目パターン１８
0x08D655D0,228,0x08D65960,0x08CF6B20,.rodata,14,1,目パターン１９
0x08D655D0,229,0x08D65964,0x08CF6B30,.rodata,14,1,目パターン２０
0x08D655D0,230,0x08D65968,0x08CF6B40,.rodata,14,1,目パターン２１
0x08D655D0,231,0x08D6596C,0x08CF6B50,.rodata,14,1,目パターン２２
0x08D655D0,232,0x08D65970,0x08CF6B60,.rodata,14,1,目パターン２３
0x08D655D0,233,0x08D65974,0x08CF6B70,.rodata,14,1,目パターン２４
0x08D655D0,234,0x08D65978,0x08CF6B80,.rodata,14,1,目パターン２５
0x08D655D0,235,0x08D6597C,0x08CF6B90,.rodata,14,1,目パターン２６
0x08D655D0,236,0x08D65980,0x08CF6BA0,.rodata,14,1,目パターン２７
0x08D655D0,237,0x08D65984,0x08CF6BB0,.rodata,14,1,目パターン２８
0x08D655D0,238,0x08D65988,0x08CF6BC0,.rodata,14,1,目パターン２９
0x08D655D0,239,0x08D6598C,0x08CF6BD0,.rodata,14,1,目パターン３０
0x08D655D0,240,0x08D65990,0x08CF6BE0,.rodata,12,1,口パターン１
0x08D655D0,241,0x08D65994,0x08CF6BF0,.rodata,12,1,口パターン２
0x08D655D0,242,0x08D65998,0x08CF6C00,.rodata,12,1,口パターン３
0x08D655D0,243,0x08D6599C,0x08CF6C10,.rodata,12,1,口パターン４
0x08D655D0,244,0x08D659A0,0x08CF6C20,.rodata,12,1,口パターン５
0x08D655D0,245,0x08D659A4,0x08CF6C30,.rodata,12,1,口パターン６
0x08D655D0,246,0x08D659A8,0x08CF6C40,.rodata,12,1,口パターン７
0x08D655D0,247,0x08D659AC,0x08CF6C50,.rodata,12,1,口パターン８
0x08D655D0,248,0x08D659B0,0x08CF6C60,.rodata,12,1,口パターン９
0x08D655D0,249,0x08D659B4,0x08CF6C70,.rodata,14,1,口パターン１０
0x08D655D0,250,0x08D659B8,0x08CF6C80,.rodata,14,1,口パターン１１
0x08D655D0,251,0x08D659BC,0x08CF6C90,.rodata,14,1,口パターン１２
0x08D655D0,252,0x08D659C0,0x08CF6CA0,.rodata,14,1,口パターン１３
0x08D655D0,253,0x08D659C4,0x08CF6CB0,.rodata,14,1,口パターン１４
0x08D655D0,254,0x08D659C8,0x08CF6CC0,.rodata,14,1,口パターン１５
0x08D655D0,255,0x08D659CC,0x08CF6CD0,.rodata,14,1,口パターン１６
0x08D655D0,256,0x08D659D0,0x08CF6CE0,.rodata,14,1,口パターン１７
0x08D655D0,257,0x08D659D4,0x08CF6CF0,.rodata,14,1,口パターン１８
0x08D655D0,258,0x08D659D8,0x08CF6D00,.rodata,14,1,口パターン１９
0x08D655D0,259,0x08D659DC,0x08CF6D10,.rodata,14,1,口パターン２０
0x08D655D0,260,0x08D659E0,0x08CF6D20,.rodata,10,1,パターン１
0x08D655D0,261,0x08D659E4,0x08CF6D2C,.rodata,10,1,パターン２
0x08D655D0,262,0x08D659E8,0x08CF6D38,.rodata,10,1,パターン３
0x08D655D0,263,0x08D659EC,0x08CF6D44,.rodata,10,1,パターン４
0x08D655D0,264,0x08D659F0,0x08CF6D50,.rodata,10,1,パターン５
0x08D655D0,265,0x08D659F4,0x08CF6D5C,.rodata,10,1,パターン６
0x08D655D0,266,0x08D659F8,0x08CF6D68,.rodata,16,1,ボイスパターン１
0x08D655D0,267,0x08D659FC,0x08CF6D7C,.rodata,16,1,ボイスパターン２
0x08D655D0,268,0x08D65A00,0x08CF6D90,.rodata,16,1,ボイスパターン３
0x08D655D0,269,0x08D65A04,0x08CF6DA4,.rodata,16,1,ボイスパターン４
0x08D655D0,270,0x08D65A08,0x08CF6DB8,.rodata,16,1,ボイスパターン５
0x08D655D0,271,0x08D65A0C,0x08CF6DCC,.rodata,16,1,ボイスパターン６
0x08D655D0,272,0x08D65A10,0x08CF6DE0,.rodata,16,1,ボイスパターン７
0x08D655D0,273,0x08D65A14,0x08CF6DF4,.rodata,16,1,ボイスパターン８
0x08D655D0,274,0x08D65A18,0x08CF6E08,.rodata,16,1,ボイスパターン９
0x08D655D0,275,0x08D65A1C,0x08CF6E1C,.rodata,18,1,ボイスパターン１０
0x08D655D0,276,0x08D65A20,0x08CF6E30,.rodata,18,1,ボイスパターン１１
0x08D655D0,277,0x08D65A24,0x08CF6E44,.rodata,18,1,ボイスパターン１２
0x08D655D0,278,0x08D65A28,0x08CF6E58,.rodata,18,1,ボイスパターン１３
0x08D655D0,279,0x08D65A2C,0x08CF6E6C,.rodata,18,1,ボイスパターン１４
0x08D655D0,280,0x08D65A30,0x08CF6E80,.rodata,18,1,ボイスパターン１５
0x08D655D0,281,0x08D65A34,0x08CF6E94,.rodata,18,1,ボイスパターン１６
0x08D655D0,282,0x08D65A38,0x08CF6EA8,.rodata,18,1,ボイスパターン１７
0x08D655D0,283,0x08D65A3C,0x08CF6EBC,.rodata,18,1,ボイスパターン１８
0x08D655D0,284,0x08D65A40,0x08CF6ED0,.rodata,18,1,ボイスパターン１９
0x08D655D0,285,0x08D65A44,0x08CF6EE4,.rodata,18,1,ボイスパターン２０
0x08D655D0,286,0x08D65A48,0x08CF6EF8,.rodata,24,1,ランダムで作成しますか？
0x08D655D0,287,0x08D65A4C,0x08CF6F14,.rodata,32,1,このキャラクターに決定しますか？
0x08D655D0,288,0x08D65A50,0x08CF6F38,.rodata,324,1,ゲームクリアおめでとうございます！\nここでセーブを行う事でプレイデータの引き継ぎと\n特典が解放された状態で継続してプレイを行う事ができます。\n\n・装備、プレイヤーレベル、シナリオ進行等のクリア前の全情報\n・グレードショップの解放\n・隠しダンジョン「追憶の坑道」\n・称号：ルミナシアの救世主\n・サウンドテストに「スタッフロール曲」追加
0x08D655D0,289,0x08D65A54,0x08CF7080,.rodata,20,1,セーブを行いますか？
0x08D65A5C,0,0x08D65A5C,0x08CF7110,.rodata,28,1,このままプレイを続けますか？
0x08D65A5C,1,0x08D65A60,0x08CF7130,.rodata,6,1,最大HP
0x08D65A5C,2,0x08D65A64,0x08CF7138,.rodata,6,1,最大TP
0x08D65A5C,3,0x08D65A68,0x08CF7140,.rodata,10,1,物理攻撃力
0x08D65A5C,4,0x08D65A6C,0x08CF714C,.rodata,12,1,物理攻撃力２
0x08D65A5C,5,0x08D65A70,0x08CF715C,.rodata,8,1,術攻撃力
0x08D65A5C,6,0x08D65A74,0x08CF7168,.rodata,10,1,物理防御力
0x08D65A5C,7,0x08D65A78,0x08CF7174,.rodata,8,1,術防御力
0x08D65A5C,8,0x08D65A7C,0x08CF7180,.rodata,6,1,敏捷値
0x08D65A5C,9,0x08D65A80,0x08CF7188,.rodata,6,1,レベル
0x08D65A5C,10,0x08D65A84,0x08CF7190,.rodata,6,1,経験値
0x08D65A5C,11,0x08D65A88,0x08CF7198,.rodata,6,1,基礎HP
0x08D65A5C,12,0x08D65A8C,0x08CF71A0,.rodata,6,1,基礎TP
0x08D65A5C,13,0x08D65A90,0x08CF71A8,.rodata,14,1,基礎物理攻撃力
0x08D65A5C,14,0x08D65A94,0x08CF71B8,.rodata,12,1,基礎術攻撃力
0x08D65A5C,15,0x08D65A98,0x08CF71C8,.rodata,14,1,基礎物理防御力
0x08D65A5C,16,0x08D65A9C,0x08CF71D8,.rodata,12,1,基礎術防御力
0x08D65A5C,17,0x08D65AA0,0x08CF71E8,.rodata,10,1,基礎敏捷値
0x08D65A5C,18,0x08D65AA4,0x08CF71F4,.rodata,10,1,要求レベル
0x08D65A5C,19,0x08D65AA8,0x08CF7200,.rodata,4,1,物攻
0x08D65A5C,20,0x08D65AAC,0x08CF7208,.rodata,4,1,術攻
0x08D65A5C,21,0x08D65AB0,0x08CF7210,.rodata,4,1,敏捷
0x08D65A5C,22,0x08D65AB4,0x08CF7218,.rodata,10,1,残強化回数
0x08D65A5C,23,0x08D65AB8,0x08CF7224,.rodata,4,1,物防
0x08D65A5C,24,0x08D65ABC,0x08CF722C,.rodata,4,1,術防
0x08D65A5C,25,0x08D65AC0,0x08CF7234,.rodata,22,1,装備が可能となるレベル
0x08D65A5C,26,0x08D65AC4,0x08CF724C,.rodata,71,1,装備者の物理攻撃力を上昇させ、\n通常攻撃や技で与えるダメージを増加させる
0x08D65A5C,27,0x08D65AC8,0x08CF7294,.rodata,59,1,装備者の術攻撃力を上昇させ、\n術で与えるダメージを増加させる
0x08D65A5C,28,0x08D65ACC,0x08CF72D0,.rodata,101,1,装備者の敏捷値を上昇させ、詠唱時間の短縮や、\n与えるクリティカルの増加、受けるクリティカルを減少させる
0x08D65A5C,29,0x08D65AD0,0x08CF7338,.rodata,26,1,強化・合成を行える残り回数
0x08D65A5C,30,0x08D65AD4,0x08CF7354,.rodata,71,1,装備者の物理防御力を上昇させ、\n通常攻撃や技で受けるダメージを軽減させる
0x08D65A5C,31,0x08D65AD8,0x08CF739C,.rodata,59,1,装備者の術防御力を上昇させ、\n術で受けるダメージを軽減させる
0x08D65A5C,32,0x08D65ADC,0x08CF73D8,.rodata,12,1,を手に入れた
0x08D65A5C,33,0x08D65AE0,0x08CF73E8,.rodata,18,1,%sを%d個手に入れた
0x08D65A5C,34,0x08D65AE4,0x08CF73FC,.rodata,47,1,アイテムが一杯で\n%sを手に入れる事が出来なかった
0x08D65A5C,35,0x08D65AE8,0x08CF742C,.rodata,16,1,アイテムが一杯で
0x08D65A5C,36,0x08D65AEC,0x08CF7440,.rodata,30,1,%sを手に入れる事が出来なかった
0x08D65A5C,37,0x08D65AF0,0x08CF7460,.rodata,41,1,装備品が一杯で\n手に入れる事が出来なかった
0x08D65A5C,38,0x08D65AF4,0x08CF748C,.rodata,20,1,何も手に入らなかった
0x08D65A5C,39,0x08D65AF8,0x08CF74A4,.rodata,16,1,　ワールドマップ
0x08D65A5C,40,0x08D65AFC,0x08CF74B8,.rodata,11,1,　3F 展望室
0x08D65A5C,41,0x08D65B00,0x08CF74C4,.rodata,11,1,　2F 操舵室
0x08D65A5C,42,0x08D65B04,0x08CF74D0,.rodata,11,1,　1F ホール
0x08D65A5C,43,0x08D65B08,0x08CF74DC,.rodata,12,1,　B1F 機関室
0x08D65A5C,44,0x08D65B0C,0x08CF74EC,.rodata,10,1,　B2F 船倉
0x08D65A5C,45,0x08D65B10,0x08CF74F8,.rodata,139,1,既にレディアント マイソロジー3のインストールデータが存在します。\nこのインストールデータを削除して、新たなインストールデータを作成しますか？
0x08D65A5C,46,0x08D65B14,0x08CF7584,.rodata,85,1,スリープモードに移行したため、データインストールが中断されました。\nやりなおしますか？
0x08D65A5C,47,0x08D65B18,0x08CF75DC,.rodata,26,1,データインストールを行なう
0x08D65A5C,48,0x08D65B1C,0x08CF75F8,.rodata,96,1,データインストールを行ない読み込みを高速化します\n569MB以上の空き容量がある記録メディアが必要です
0x08D65A5C,49,0x08D65B20,0x08CF765C,.rodata,12,1,データの削除
0x08D65A5C,50,0x08D65B24,0x08CF766C,.rodata,46,1,記録メディアに保存されているデータを削除します
0x08D65A5C,51,0x08D65B28,0x08CF769C,.rodata,14,0,■ Information
0x08D65A5C,52,0x08D65B2C,0x08CF76AC,.rodata,5,0,■ %s
0x08D65A5C,53,0x08D65B30,0x08CF76B4,.rodata,6,1,？？？
0x08D65A5C,54,0x08D65B34,0x08CF76BC,.rodata,2,0,→
0x08D65A5C,55,0x08D65B38,0x08CF76C0,.rodata,2,0,←
0x08D65A5C,56,0x08D65B3C,0x08CF76C4,.rodata,2,0,▲
0x08D65A5C,57,0x08D65B40,0x08CF76C8,.rodata,2,0,▼
0x08D65A5C,58,0x08D65B44,0x08CF76CC,.rodata,4,1,はい
0x08D65A5C,59,0x08D65B48,0x08CF76D4,.rodata,6,1,いいえ
0x08D65A5C,60,0x08D65B4C,0x08CF76DC,.rodata,2,0,○
0x08D65B54,0,0x08D65B54,0x08CF76E4,.rodata,38,1,強力な武器で攻撃を行う近接戦向けの職業
0x08D65B54,1,0x08D65B58,0x08CF770C,.rodata,20,1,多彩な剣技を持つ職業
0x08D65B54,2,0x08D65B5C,0x08CF7724,.rodata,36,1,剣技と攻撃術の両方を駆使出来る万能職
0x08D65B54,3,0x08D65B60,0x08CF774C,.rodata,38,1,拳による肉弾戦を得意とする格闘系の職業
0x08D65B54,4,0x08D65B64,0x08CF7774,.rodata,33,1,	弓による遠隔攻撃を得意とする職業
0x08D65B54,5,0x08D65B68,0x08CF7798,.rodata,42,1,短剣による素早い攻撃と盗みを得意とする職業
0x08D65B54,6,0x08D65B6C,0x08CF77C4,.rodata,40,1,忍術と呼ばれる特殊な体術を得意とする職業
0x08D65B54,7,0x08D65B70,0x08CF77F0,.rodata,32,1,攻撃に特化した術を得意とする職業
0x08D65B54,8,0x08D65B74,0x08CF7814,.rodata,32,1,回復、補助系の術を得意とする職業
0x08D65B54,9,0x08D65B78,0x08CF7838,.rodata,38,1,攻撃術と回復術の両方を得意とする万能職
0x08D65B54,10,0x08D65B7C,0x08CF7860,.rodata,38,1,左右に持つ二本の剣を駆使する亜流の剣士
0x08D65B54,11,0x08D65B80,0x08CF7888,.rodata,40,1,身の丈程の大剣を駆使するパワーファイター
0x08D65B54,12,0x08D65B84,0x08CF78B4,.rodata,38,1,気の力による回復の技を兼ね備えた格闘職
0x08D65B54,13,0x08D65B88,0x08CF78DC,.rodata,46,1,銃による遠隔攻撃と短剣による近接攻撃を併せ持つ
0x08D65B54,14,0x08D65B8C,0x08CF790C,.rodata,42,1,大剣による攻撃力と補助術を兼ね備えた万能職
0x08D65B54,15,0x08D65B90,0x08CF7938,.rodata,36,1,二丁の拳銃で高速な攻撃を繰り出す職業
0x08D65B54,16,0x08D65B94,0x08CF7960,.rodata,30,1,転職を行う職業を選択して下さい
0x08D65B54,17,0x08D65B98,0x08CF7980,.rodata,26,1,転職条件を満たしていません
0x08D65B54,18,0x08D65B9C,0x08CF799C,.rodata,12,1,職業レベル：
0x08D65B54,19,0x08D65BA0,0x08CF79AC,.rodata,38,1,現在の職業です。他の職業を選んで下さい
0x08D65B54,20,0x08D65BA4,0x08CF79D4,.rodata,48,1,クエストを受けている状態で転職する事は出来ません
0x08D65B54,21,0x08D65BA8,0x08CF7A08,.rodata,50,1,装備アイテムが一杯なので、装備を外す事が出来ません
0x08D65B54,22,0x08D65BAC,0x08CF7A3C,.rodata,73,1,%sに転職してよろしいですか？\n転職後に装備出来ない装備は自動的に外されます
0x08D65B54,23,0x08D65BB0,0x08CF7A88,.rodata,16,1,%sに転職しました
0x08D65B54,24,0x08D65BB4,0x08CF7A9C,.rodata,20,1,転職できませんでした
0x08D65B54,25,0x08D65BB8,0x08CF7AB4,.rodata,22,1,これ以上所持出来ません
0x08D65B54,26,0x08D65BBC,0x08CF7ACC,.rodata,16,1,素材が足りません
0x08D65B54,27,0x08D65BC0,0x08CF7AE0,.rodata,40,1,料理はダンジョン内でしか効果がありません
0x08D65B54,28,0x08D65BC4,0x08CF7B0C,.rodata,32,1,既にその料理効果が発生しています
0x08D65B54,29,0x08D65BC8,0x08CF7B30,.rodata,69,1,既に%sの料理効果が発生しています\n%sで効果を上書きしてよろしいですか？
0x08D65B54,30,0x08D65BCC,0x08CF7B78,.rodata,16,1,%sを作りますか？
0x08D65B54,31,0x08D65BD0,0x08CF7B8C,.rodata,37,1,%sを料理して、\n美味しくいただきました
0x08D65B54,32,0x08D65BD4,0x08CF7BB4,.rodata,20,1,%sを%d個作成しました
0x08D65B54,33,0x08D65BD8,0x08CF7BCC,.rodata,16,1,何個作りますか？
0x08D65B54,34,0x08D65BDC,0x08CF7BE0,.rodata,26,1,データロード中・・・・・・
0x08D65B54,35,0x08D65BE0,0x08CF7BFC,.rodata,46,1,入れ替え、または外すメンバーを選択してください
0x08D65B54,36,0x08D65BE4,0x08CF7C2C,.rodata,44,1,パーティに加えたいメンバーを選択してください
0x08D65B54,37,0x08D65BE8,0x08CF7C5C,.rodata,24,1,%sと%sを入れ替えますか？
0x08D65B54,38,0x08D65BEC,0x08CF7C78,.rodata,30,1,%sをパーティに参加させますか？
0x08D65B54,39,0x08D65BF0,0x08CF7C98,.rodata,24,1,パーティを解散しますか？
0x08D65B54,40,0x08D65BF4,0x08CF7CB4,.rodata,53,1,クエストに必要なキャラクターが\nいるので解散出来ません
0x08D65B54,41,0x08D65BF8,0x08CF7CEC,.rodata,22,1,パーティを解散しました
0x08D65B54,42,0x08D65BFC,0x08CF7D04,.rodata,26,1,%sがパーティから抜けました
0x08D65B54,43,0x08D65C00,0x08CF7D20,.rodata,59,1,依頼に必要なキャラクターを\nパーティから外すことはできません
0x08D65B54,44,0x08D65C04,0x08CF7D5C,.rodata,28,1,依頼の人数制限を超えています
0x08D65B54,45,0x08D65C08,0x08CF7D7C,.rodata,45,1,プレイヤーを\nパーティから外すことはできません
0x08D65B54,46,0x08D65C0C,0x08CF7DAC,.rodata,28,1,%sをパーティから外しますか？
0x08D65B54,47,0x08D65C10,0x08CF7DCC,.rodata,26,1,%sの装備を全て外しますか？
0x08D65B54,48,0x08D65C14,0x08CF7DE8,.rodata,24,1,%sの装備を全て外しました
0x08D65B54,49,0x08D65C18,0x08CF7E04,.rodata,51,1,パーティから外れるメンバーの\n装備を全て外しますか？
0x08D65B54,50,0x08D65C1C,0x08CF7E38,.rodata,59,1,アイテムが一杯なので、\n装備を解除することが出来ませんでした
0x08D65B54,51,0x08D65C20,0x08CF7E74,.rodata,42,1,%sは治療中のため、パーティに参加できません
0x08D65B54,52,0x08D65C24,0x08CF7EA0,.rodata,4,1,名前
0x08D65B54,53,0x08D65C28,0x08CF7EA8,.rodata,4,1,職業
0x08D65B54,54,0x08D65C2C,0x08CF7EB0,.rodata,6,1,レベル
0x08D65B54,55,0x08D65C30,0x08CF7EB8,.rodata,8,1,戦闘回数
0x08D65B54,56,0x08D65C34,0x08CF76B4,.rodata,6,1,？？？
0x08D65B54,57,0x08D65C38,0x08CF7EC4,.rodata,16,1,イベントプレイヤ
0x08D65B54,58,0x08D65C3C,0x08CF7ED8,.rodata,16,1,スキットプレイヤ
0x08D65B54,59,0x08D65C40,0x08CF7EEC,.rodata,16,1,イベントリプレイ
0x08D65B54,60,0x08D65C44,0x08CF7F00,.rodata,16,1,全リストから選ぶ
0x08D65B54,61,0x08D65C48,0x08CF7F14,.rodata,16,1,登場人物から選ぶ
0x08D65B54,62,0x08D65C4C,0x08CF7F28,.rodata,18,1,ストーリーイベント
0x08D65B54,63,0x08D65C50,0x08CF7F3C,.rodata,16,1,その他のイベント
0x08D65B54,64,0x08D65C54,0x08CF7F50,.rodata,14,1,００１〜１００
0x08D65B54,65,0x08D65C58,0x08CF7F60,.rodata,14,1,１０１〜２００
0x08D65B54,66,0x08D65C5C,0x08CF7F70,.rodata,14,1,２０１〜３００
0x08D65B54,67,0x08D65C60,0x08CF7F80,.rodata,14,1,３０１〜４００
0x08D65B54,68,0x08D65C64,0x08CF7F90,.rodata,14,1,４０１〜５００
0x08D65B54,69,0x08D65C68,0x08CF7FA0,.rodata,14,1,５０１〜６００
0x08D65B54,70,0x08D65C6C,0x08CF7FB0,.rodata,8,1,６０１〜
0x08D65B54,71,0x08D65C70,0x08CF7FBC,.rodata,8,1,メイン１
0x08D65B54,72,0x08D65C74,0x08CF7FC8,.rodata,8,1,メイン２
0x08D65B54,73,0x08D65C78,0x08CF7FD4,.rodata,8,1,メイン３
0x08D65B54,74,0x08D65C7C,0x08CF7FE0,.rodata,8,1,メイン４
0x08D65B54,75,0x08D65C80,0x08CF7FEC,.rodata,10,1,クエスト１
0x08D65B54,76,0x08D65C84,0x08CF7FF8,.rodata,10,1,クエスト２
0x08D65B54,77,0x08D65C88,0x08CF8004,.rodata,10,1,クエスト３
0x08D65B54,78,0x08D65C8C,0x08CF8010,.rodata,10,1,クエスト４
0x08D65B54,79,0x08D65C90,0x08CF801C,.rodata,6,1,その他
0x08D65B54,80,0x08D65C94,0x08CF8024,.rodata,18,1,オープニング〜８章
0x08D65B54,81,0x08D65C98,0x08CF8038,.rodata,10,1,９〜１６章
0x08D65B54,82,0x08D65C9C,0x08CF8044,.rodata,20,1,１７章〜エンディング
0x08D65B54,83,0x08D65CA0,0x08CF805C,.rodata,12,1,１３〜１６章
0x08D65B54,84,0x08D65CA4,0x08CF806C,.rodata,12,1,１７〜２０章
0x08D65B54,85,0x08D65CA8,0x08CF807C,.rodata,12,1,２０〜２４章
0x08D65B54,86,0x08D65CAC,0x08CF808C,.rodata,20,1,２５章〜エンディング
0x08D65B54,87,0x08D65CB0,0x08CF801C,.rodata,6,1,その他
0x08D65B54,88,0x08D65CB4,0x08CF80A4,.rodata,4,1,９章
0x08D65B54,89,0x08D65CB8,0x08CF80AC,.rodata,6,1,１０章
0x08D65B54,90,0x08D65CBC,0x08CF80B4,.rodata,6,1,１１章
0x08D65B54,91,0x08D65CC0,0x08CF80BC,.rodata,6,1,１２章
0x08D65B54,92,0x08D65CC4,0x08CF80C4,.rodata,6,1,１３章
0x08D65B54,93,0x08D65CC8,0x08CF80CC,.rodata,6,1,１４章
0x08D65B54,94,0x08D65CCC,0x08CF80D4,.rodata,6,1,１５章
0x08D65B54,95,0x08D65CD0,0x08CF80DC,.rodata,6,1,１６章
0x08D65B54,96,0x08D65CD4,0x08CF80E4,.rodata,6,1,１７章
0x08D65B54,97,0x08D65CD8,0x08CF80EC,.rodata,6,1,１８章
0x08D65B54,98,0x08D65CDC,0x08CF80F4,.rodata,6,1,１９章
0x08D65B54,99,0x08D65CE0,0x08CF80FC,.rodata,6,1,２０章
0x08D65B54,100,0x08D65CE4,0x08CF8104,.rodata,6,1,２１章
0x08D65B54,101,0x08D65CE8,0x08CF810C,.rodata,6,1,２２章
0x08D65B54,102,0x08D65CEC,0x08CF8114,.rodata,6,1,２３章
0x08D65B54,103,0x08D65CF0,0x08CF811C,.rodata,6,1,２４章
0x08D65B54,104,0x08D65CF4,0x08CF8124,.rodata,28,1,テイルズ　オブ　ファンタジア
0x08D65B54,105,0x08D65CF8,0x08CF8144,.rodata,28,1,テイルズ　オブ　デスティニー
0x08D65B54,106,0x08D65CFC,0x08CF8164,.rodata,26,1,テイルズ　オブ　エターニア
0x08D65B54,107,0x08D65D00,0x08CF8180,.rodata,30,1,テイルズ　オブ　デスティニー２
0x08D65B54,108,0x08D65D04,0x08CF81A0,.rodata,28,1,テイルズ　オブ　シンフォニア
0x08D65B54,109,0x08D65D08,0x08CF81C0,.rodata,24,1,テイルズ　オブ　リバース
0x08D65B54,110,0x08D65D0C,0x08CF81DC,.rodata,30,1,テイルズ　オブ　レジェンディア
0x08D65B54,111,0x08D65D10,0x08CF81FC,.rodata,26,1,テイルズ　オブ　ジ　アビス
0x08D65B54,112,0x08D65D14,0x08CF8218,.rodata,30,1,テイルズ　オブ　ザ　テンペスト
0x08D65B54,113,0x08D65D18,0x08CF8238,.rodata,26,1,テイルズ　オブ　イノセンス
0x08D65B54,114,0x08D65D1C,0x08CF8254,.rodata,28,1,テイルズ　オブ　ヴェスペリア
0x08D65D38,0,0x08D65D38,0x08CF8320,.rodata,10,0,COUNT:%04d
0x08D65D38,1,0x08D65D3C,0x08CF832C,.rodata,9,1,消費TP:%d
0x08D65D38,2,0x08D65D40,0x08CF8338,.rodata,12,1,基本行動・%s
0x08D65D38,3,0x08D65D44,0x08CF8348,.rodata,14,1,次のレベルまで
0x08D65D38,4,0x08D65D48,0x08CF8358,.rodata,10,1,ＳＬＯＴ１
0x08D65D38,5,0x08D65D4C,0x08CF8364,.rodata,10,1,ＳＬＯＴ２
0x08D65D38,6,0x08D65D50,0x08CF8370,.rodata,10,1,ＳＬＯＴ３
0x08D65D38,7,0x08D65D54,0x08CF837C,.rodata,6,1,オート
0x08D65D38,8,0x08D65D58,0x08CF8384,.rodata,10,1,セミオート
0x08D65D38,9,0x08D65D5C,0x08CF8390,.rodata,10,1,マニュアル
0x08D65D38,10,0x08D65D60,0x08CF839C,.rodata,10,1,スロット１
0x08D65D38,11,0x08D65D64,0x08CF83A8,.rodata,10,1,スロット２
0x08D65D38,12,0x08D65D68,0x08CF83B4,.rodata,10,1,スロット３
0x08D65D38,13,0x08D65D6C,0x08CF83C0,.rodata,12,1,Ａｕｔｏ設定
0x08D65D38,14,0x08D65D70,0x08CF83D0,.rodata,6,1,すべて
0x08D65D38,15,0x08D65D74,0x08CF8124,.rodata,28,1,テイルズ　オブ　ファンタジア
0x08D65D38,16,0x08D65D78,0x08CF8144,.rodata,28,1,テイルズ　オブ　デスティニー
0x08D65D38,17,0x08D65D7C,0x08CF8164,.rodata,26,1,テイルズ　オブ　エターニア
0x08D65D38,18,0x08D65D80,0x08CF8180,.rodata,30,1,テイルズ　オブ　デスティニー２
0x08D65D38,19,0x08D65D84,0x08CF81A0,.rodata,28,1,テイルズ　オブ　シンフォニア
0x08D65D38,20,0x08D65D88,0x08CF81C0,.rodata,24,1,テイルズ　オブ　リバース
0x08D65D38,21,0x08D65D8C,0x08CF81DC,.rodata,30,1,テイルズ　オブ　レジェンディア
0x08D65D38,22,0x08D65D90,0x08CF81FC,.rodata,26,1,テイルズ　オブ　ジ　アビス
0x08D65D38,23,0x08D65D94,0x08CF8218,.rodata,30,1,テイルズ　オブ　ザ　テンペスト
0x08D65D38,24,0x08D65D98,0x08CF8238,.rodata,26,1,テイルズ　オブ　イノセンス
0x08D65D38,25,0x08D65D9C,0x08CF8254,.rodata,28,1,テイルズ　オブ　ヴェスペリア
0x08D65DA4,0,0x08D65DA4,0x08CF8294,.rodata,22,1,テイルズ　オブ　ハーツ
0x08D65DA4,1,0x08D65DA8,0x08CF82AC,.rodata,26,1,テイルズ　オブ　グレイセス
0x08D65DA4,2,0x08D65DAC,0x08CF82C8,.rodata,26,1,レディアント　マイソロジー
0x08D65DA4,3,0x08D65DB0,0x08CF83D8,.rodata,4,1,傭兵
0x08D65DA4,4,0x08D65DB4,0x08CF83E0,.rodata,14,1,レベルが高い順
0x08D65DA4,5,0x08D65DB8,0x08CF83F0,.rodata,16,1,戦闘回数の多い順
0x08D65DA4,6,0x08D65DBC,0x08CF8404,.rodata,8,1,五十音順
0x08D65DA4,7,0x08D65DC0,0x08CF7EA0,.rodata,4,1,名前
0x08D65DA4,8,0x08D65DC4,0x08CF7EA8,.rodata,4,1,職業
0x08D65DA4,9,0x08D65DC8,0x08CF7EB0,.rodata,6,1,レベル
0x08D65DA4,10,0x08D65DCC,0x08CF7EB8,.rodata,8,1,戦闘回数
0x08D65DA4,11,0x08D65DD0,0x08CF8410,.rodata,44,1,レベル差が大きいため、誘うことが出来ません。
0x08D65DA4,12,0x08D65DD4,0x08CF8440,.rodata,4,1,装備
0x08D65DA4,13,0x08D65DD8,0x08CF7EA8,.rodata,4,1,職業
0x08D65DA4,14,0x08D65DDC,0x08CF8448,.rodata,34,1,セーブを行わずにゲームを終了すると
0x08D65DA4,15,0x08D65DE0,0x08CF846C,.rodata,30,1,現在のゲーム進行は失われますが
0x08D65DA4,16,0x08D65DE4,0x08CF848C,.rodata,16,1,よろしいですか？
0x08D65DA4,17,0x08D65DE8,0x08CF84A0,.rodata,26,1,ここではセーブできません。
0x08D65DA4,18,0x08D65DEC,0x08CF84BC,.rodata,4,1,生産
0x08D65DA4,19,0x08D65DF0,0x08CF84C4,.rodata,4,1,料理
0x08D65DA4,20,0x08D65DF4,0x08CF84CC,.rodata,4,1,鍛冶
0x08D65DA4,21,0x08D65DF8,0x08CF84D4,.rodata,4,1,服飾
0x08D65DA4,22,0x08D65DFC,0x08CF84DC,.rodata,4,1,道具
0x08D65DA4,23,0x08D65E00,0x08CF84E4,.rodata,6,1,熟練度
0x08D65DA4,24,0x08D65E04,0x08CF84EC,.rodata,6,1,ランク
0x08D65DA4,25,0x08D65E08,0x08CF84F4,.rodata,10,1,あらすじ%d
0x08D65DA4,26,0x08D65E0C,0x08CF8500,.rodata,11,1,■ 必要素材
0x08D65DA4,27,0x08D65E10,0x08CF850C,.rodata,6,1,必要数
0x08D65DA4,28,0x08D65E14,0x08CF8514,.rodata,6,1,所持数
0x08D65DA4,29,0x08D65E18,0x08CF851C,.rodata,7,1,■ 材料
0x08D65DA4,30,0x08D65E1C,0x08CF8524,.rodata,16,1,現在の料理効果：
0x08D65DA4,31,0x08D65E20,0x08CF8538,.rodata,4,1,なし
0x08D65DA4,32,0x08D65E24,0x08CF8540,.rodata,9,1,■ レシピ
0x08D65DA4,33,0x08D65E28,0x08CF854C,.rodata,8,1,合成確定
0x08D65DA4,34,0x08D65E2C,0x08CF8558,.rodata,10,1,キャンセル
0x08D65DA4,35,0x08D65E30,0x08CF8564,.rodata,12,1,合成しました
0x08D65DA4,36,0x08D65E34,0x08CF8574,.rodata,12,1,強化しました
0x08D65DA4,37,0x08D65E38,0x08CF8584,.rodata,6,1,所持金
0x08D65DA4,38,0x08D65E3C,0x08CF858C,.rodata,3,0,%sG
0x08D65DA4,39,0x08D65E40,0x08CF8590,.rodata,4,1,料金
0x08D65DA4,40,0x08D65E44,0x08CF8598,.rodata,1,0,0
0x08D65DA4,41,0x08D65E48,0x08CF859C,.rodata,6,1,ベース
0x08D65DA4,42,0x08D65E4C,0x08CF85A4,.rodata,6,1,▲素材
0x08D65DA4,43,0x08D65E50,0x08CF85AC,.rodata,12,1,鍛冶屋ランク
0x08D65DA4,44,0x08D65E54,0x08CF85BC,.rodata,10,1,残強化回数
0x08D65DA4,45,0x08D65E58,0x08CF85C8,.rodata,4,0,▲%d
0x08D65DA4,46,0x08D65E5C,0x08CF85D0,.rodata,4,0,▼%d
0x08D65DA4,47,0x08D65E60,0x08CF85D8,.rodata,46,1,装備する事が出来ません。レベルがあと%d必要です
0x08D65DA4,48,0x08D65E64,0x08CF8608,.rodata,49,1,所持アイテムが一杯なので\n装備を外す事が出来ません
0x08D65DA4,49,0x08D65E68,0x08CF863C,.rodata,20,1,物理パラメーター重視
0x08D65DA4,50,0x08D65E6C,0x08CF8654,.rodata,18,1,術パラメーター重視
0x08D65DA4,51,0x08D65E70,0x08CF8668,.rodata,14,1,装備を全て外す
0x08D65DA4,52,0x08D65E74,0x08CF8678,.rodata,10,1,キャンセル
0x08D65DA4,53,0x08D65E78,0x08CF8684,.rodata,8,1,装備者：
0x08D65DA4,54,0x08D65E7C,0x08CF8690,.rodata,4,1,無し
0x08D65DA4,55,0x08D65E80,0x08CF8698,.rodata,24,1,装備スキルを合成させる、
0x08D65DA4,56,0x08D65E84,0x08CF86B4,.rodata,32,1,ベースとなる装備品を選んで下さい
0x08D65EB0,0,0x08D65EB0,0x08CF87CC,.rodata,38,1,ベースと素材で同じものは選択出来ません
0x08D65EB0,1,0x08D65EB4,0x08CF87F4,.rodata,34,1,残強化回数が０の為、選択出来ません
0x08D65EB0,2,0x08D65EB8,0x08CF8818,.rodata,46,1,この装備品には、スキルのスロットが存在しません
0x08D65EB0,3,0x08D65EBC,0x08CF8848,.rodata,79,1,エキシビションで入手した装備、または\nダウンロードアイテムの装備は選択できません
0x08D65EB0,4,0x08D65EC0,0x08CF8898,.rodata,50,1,この装備品には、合成可能な装備スキルが存在しません
0x08D65EB0,5,0x08D65EC4,0x08CF88CC,.rodata,32,1,レディアント装備は選択できません
0x08D65EB0,6,0x08D65EC8,0x08CF88F0,.rodata,42,1,防具は同じカテゴリ同士でしか合成出来ません
0x08D65EB0,7,0x08D65ECC,0x08CF891C,.rodata,38,1,ベースに同じ装備スキルが存在しています
0x08D65EB0,8,0x08D65ED0,0x08CF8944,.rodata,44,1,ベースの同じ装備スキルより効果が劣っています
0x08D65EB0,9,0x08D65ED4,0x08CF8974,.rodata,38,1,ベースの装備スキルが変更されていません
0x08D65EB0,10,0x08D65ED8,0x08CF899C,.rodata,57,1,選択出来る装備スキルがありません。\n合成確定は□ボタンです
0x08D65EB0,11,0x08D65EDC,0x08CF89D8,.rodata,59,1,ベースのスロットに空きがありません。\n合成確定は□ボタンです
0x08D65EB0,12,0x08D65EE0,0x08CF8A14,.rodata,44,1,ベースのスロット選択中は、合成確定出来ません
0x08D65EB0,13,0x08D65EE4,0x08CF8A44,.rodata,22,1,所持金が不足しています
0x08D65EB0,14,0x08D65EE8,0x08CF8A5C,.rodata,28,1,合成結果は右のようになります
0x08D65EB0,15,0x08D65EEC,0x08CF8A7C,.rodata,22,1,合成に必要なガルドは、
0x08D65EB0,16,0x08D65EF0,0x08CF8A94,.rodata,12,1,%sガルドです
0x08D65EF8,0,0x08D65EF8,0x08CF8AC8,.rodata,22,1,は消滅してしまいます！
0x08D65EF8,1,0x08D65EFC,0x08CF8AE0,.rodata,14,1,合成しますか？
0x08D65EF8,2,0x08D65F00,0x08CF8AF0,.rodata,36,1,現在の鍛冶屋ランクでは使用出来ません
0x08D65EF8,3,0x08D65F04,0x08CF8B18,.rodata,53,1,強化後の要求レベルが\n装備者のレベルを超えてしまいます
0x08D65EF8,4,0x08D65F08,0x08CF8B50,.rodata,24,1,強化したい装備品(ベース)
0x08D65EF8,5,0x08D65F0C,0x08CF8B6C,.rodata,14,1,を選んで下さい
0x08D65F24,0,0x08D65F24,0x08CF8BC4,.rodata,34,1,強化素材アイテムを所持していません
0x08D65F24,1,0x08D65F28,0x08CF8BE8,.rodata,10,1,を使用して
0x08D65F24,2,0x08D65F2C,0x08CF8BF4,.rodata,12,1,を強化します
0x08D65F24,3,0x08D65F30,0x08CF8C04,.rodata,22,1,強化に必要なガルドは、
0x08D65F24,4,0x08D65F34,0x08CF8A94,.rodata,12,1,%sガルドです
0x08D65F24,5,0x08D65F38,0x08CF8C1C,.rodata,14,1,強化しますか？
0x08D65F24,6,0x08D65F3C,0x08CF8C2C,.rodata,10,1,要求レベル
0x08D65F24,7,0x08D65F40,0x08CF8C38,.rodata,4,1,物攻
0x08D65F24,8,0x08D65F44,0x08CF8C40,.rodata,4,1,術攻
0x08D65F24,9,0x08D65F48,0x08CF8C48,.rodata,4,1,物防
0x08D65F24,10,0x08D65F4C,0x08CF8C50,.rodata,4,1,術防
0x08D65F24,11,0x08D65F50,0x08CF8C58,.rodata,4,1,敏捷
0x08D65F24,12,0x08D65F54,0x08CF8C60,.rodata,10,1,残強化回数
0x08D65F5C,0,0x08D65F5C,0x08CF8C78,.rodata,20,1,装備可能キャラクター
0x08D65F5C,1,0x08D65F60,0x08CF8C90,.rodata,6,1,？？？
0x08D65F5C,2,0x08D65F64,0x08CF8C98,.rodata,2,1,内
0x08D65F5C,3,0x08D65F68,0x08CF8C9C,.rodata,65,1,項目「%s」%sを見終りましたので\nグレードポイントを%d獲得しました。
0x08D65F5C,4,0x08D65F6C,0x08CF8CE0,.rodata,55,1,項目「%s」%sを見終りましたので、\n「%s」を獲得しました。
0x08D65F5C,5,0x08D65F70,0x08CF8D18,.rodata,53,1,項目「%s」%sを見終りましたので\n%dガルド獲得しました。
0x08D65F5C,6,0x08D65F74,0x08CF8D50,.rodata,4,1,決定
0x08D65F5C,7,0x08D65F78,0x08CF8D58,.rodata,4,1,戻る
0x08D65F5C,8,0x08D65F7C,0x08CF8D60,.rodata,10,1,ページ送り
0x08D65F5C,9,0x08D65F80,0x08CF8D6C,.rodata,4,1,選択
0x08D65F5C,10,0x08D65F84,0x08CF8D74,.rodata,4,1,確認
0x08D65F5C,11,0x08D65F88,0x08CF8D7C,.rodata,8,1,並べ替え
0x08D65F5C,12,0x08D65F8C,0x08CF8D88,.rodata,10,1,キャンセル
0x08D65F5C,13,0x08D65F90,0x08CF8D94,.rodata,10,1,ステータス
0x08D65F5C,14,0x08D65F94,0x08CF8DA0,.rodata,10,1,スキル確認
0x08D65F5C,15,0x08D65F98,0x08CF8DAC,.rodata,14,1,装備スキル確認
0x08D65F5C,16,0x08D65F9C,0x08CF8DBC,.rodata,10,1,スクロール
0x08D65F5C,17,0x08D65FA0,0x08CF8DC8,.rodata,8,1,情報切替
0x08D65F5C,18,0x08D65FA4,0x08CF8DD4,.rodata,9,1,回転/拡縮
0x08D65F5C,19,0x08D65FA8,0x08CF8DE0,.rodata,4,1,移動
0x08D65F5C,20,0x08D65FAC,0x08CF8DE8,.rodata,8,1,表示切替
0x08D65F5C,21,0x08D65FB0,0x08CF8DF4,.rodata,4,1,回転
0x08D65F5C,22,0x08D65FB4,0x08CF8DFC,.rodata,4,1,縮小
0x08D65F5C,23,0x08D65FB8,0x08CF8E04,.rodata,4,1,拡大
0x08D65F5C,24,0x08D65FBC,0x08CF8E0C,.rodata,6,1,非表示
0x08D65F5C,25,0x08D65FC0,0x08CF8E14,.rodata,10,1,モデル確認
0x08D65F5C,26,0x08D65FC4,0x08CF8E20,.rodata,10,1,プレビュー
0x08D65F5C,27,0x08D65FC8,0x08CF8E2C,.rodata,12,1,特殊効果一覧
0x08D65F5C,28,0x08D65FCC,0x08CF8E3C,.rodata,8,1,装備確認
0x08D65F5C,29,0x08D65FD0,0x08CF8E48,.rodata,8,1,称号変更
0x08D65F5C,30,0x08D65FD4,0x08CF8E54,.rodata,8,1,一括装備
0x08D65F5C,31,0x08D65FD8,0x08CF8E60,.rodata,4,1,外す
0x08D65F5C,32,0x08D65FDC,0x08CF8E68,.rodata,4,1,設定
0x08D65F5C,33,0x08D65FE0,0x08CF8E70,.rodata,18,1,術・技スロット選択
0x08D65F5C,34,0x08D65FE4,0x08CF8E84,.rodata,8,1,術技発動
0x08D65F5C,35,0x08D65FE8,0x08CF8E90,.rodata,4,1,使う
0x08D65F5C,36,0x08D65FEC,0x08CF8E98,.rodata,8,1,効果確認
0x08D65F5C,37,0x08D65FF0,0x08CF8EA4,.rodata,8,1,操作切替
0x08D65F5C,38,0x08D65FF4,0x08CF8EB0,.rodata,8,1,使用切替
0x08D65F5C,39,0x08D65FF8,0x08CF8EBC,.rodata,10,1,リスト切替
0x08D65F5C,40,0x08D65FFC,0x08CF8EC8,.rodata,8,1,入れ替え
0x08D65F5C,41,0x08D66000,0x08CF8E60,.rodata,4,1,外す
0x08D65F5C,42,0x08D66004,0x08CF8ED4,.rodata,16,1,装備の変更・確認
0x08D65F5C,43,0x08D66008,0x08CF8EE8,.rodata,8,1,装備切替
0x08D65F5C,44,0x08D6600C,0x08CF8EF4,.rodata,4,1,再生
0x08D65F5C,45,0x08D66010,0x08CF8EFC,.rodata,10,1,購入数増減
0x08D65F5C,46,0x08D66014,0x08CF8F08,.rodata,10,1,売却数増減
0x08D65F5C,47,0x08D66018,0x08CF8F14,.rodata,12,1,アイテム選択
0x08D65F5C,48,0x08D6601C,0x08CF8F24,.rodata,8,1,引き取る
0x08D65F5C,49,0x08D66020,0x08CF8F30,.rodata,8,1,アイテム
0x08D65F5C,50,0x08D66024,0x08CF8F3C,.rodata,8,1,確定切替
0x08D65F5C,51,0x08D66028,0x08CF8F48,.rodata,6,1,預ける
0x08D65F5C,52,0x08D6602C,0x08CF8F50,.rodata,8,1,取り出す
0x08D65F5C,53,0x08D66030,0x08CF8F5C,.rodata,8,1,展開する
0x08D65F5C,54,0x08D66034,0x08CF8F68,.rodata,14,1,モデル左右回転
0x08D65F5C,55,0x08D66038,0x08CF8F78,.rodata,4,1,調整
0x08D65F5C,56,0x08D6603C,0x08CF8F80,.rodata,8,1,合成確定
0x08D65F5C,57,0x08D66040,0x08CF8F8C,.rodata,12,1,強化素材確認
0x08D65F5C,58,0x08D66044,0x08CF8F9C,.rodata,8,1,詳細閲覧
0x08D65F5C,59,0x08D66048,0x08CF8FA8,.rodata,2,1,＋
0x08D65F5C,60,0x08D6604C,0x08CF8FAC,.rodata,4,1,試着
0x08D66054,0,0x08D66054,0x08CF8FB8,.rodata,10,1,%sを使った
0x08D66054,1,0x08D66058,0x08CF8FC4,.rodata,18,1,ここでは使えません
0x08D66054,2,0x08D6605C,0x08CF8FD8,.rodata,4,1,使う
0x08D66054,3,0x08D66060,0x08CF8FE0,.rodata,10,1,スキル確認
0x08D66054,4,0x08D66064,0x08CF8FEC,.rodata,8,1,効果確認
0x08D66054,5,0x08D66068,0x08CF8FF8,.rodata,4,1,外す
0x08D66054,6,0x08D6606C,0x08CF9000,.rodata,6,1,捨てる
0x08D66054,7,0x08D66070,0x08CF9008,.rodata,10,1,キャンセル
0x08D66054,8,0x08D66074,0x08CF9014,.rodata,20,1,の装備を外しますか？
0x08D66054,9,0x08D66078,0x08CF902C,.rodata,49,1,所持アイテムが一杯なので\n装備を外す事が出来ません
0x08D66054,10,0x08D6607C,0x08CF9060,.rodata,14,1,を捨てますか？
0x08D66054,11,0x08D66080,0x08CF9070,.rodata,16,1,何個捨てますか？
0x08D66054,12,0x08D66084,0x08CF9084,.rodata,12,1,装備可能職業
0x08D66054,13,0x08D66088,0x08CF9094,.rodata,10,1,ページ切替
0x08D66054,14,0x08D6608C,0x08CF90A0,.rodata,10,1,素材ランク
0x08D66054,15,0x08D66090,0x08CF90AC,.rodata,12,1,武器強化効果
0x08D66054,16,0x08D66094,0x08CF90BC,.rodata,12,1,防具強化効果
0x08D66054,17,0x08D66098,0x08CF90CC,.rodata,10,1,要求レベル
0x08D66054,18,0x08D6609C,0x08CF90D8,.rodata,4,1,物攻
0x08D66054,19,0x08D660A0,0x08CF90E0,.rodata,4,1,術攻
0x08D66054,20,0x08D660A4,0x08CF90E8,.rodata,4,1,敏捷
0x08D66054,21,0x08D660A8,0x08CF90F0,.rodata,4,1,物防
0x08D66054,22,0x08D660AC,0x08CF90F8,.rodata,4,1,術防
0x08D66054,23,0x08D660B0,0x08CF9100,.rodata,14,1,パーティ全員の
0x08D66054,24,0x08D660B4,0x08CF9110,.rodata,12,1,ＨＰ%d％回復
0x08D66054,25,0x08D660B8,0x08CF9120,.rodata,12,1,ＴＰ%d％回復
0x08D66054,26,0x08D660BC,0x08CF9130,.rodata,22,1,ＨＰ%d％、ＴＰ%d％回復
0x08D66054,27,0x08D660C0,0x08CF9148,.rodata,18,1,ＨＰ、ＴＰ%d％回復
0x08D66054,28,0x08D660C4,0x08CF915C,.rodata,5,0,■ %s
0x08D66054,29,0x08D660C8,0x08CF9164,.rodata,10,0,■ %3d %3d
0x08D66054,30,0x08D660CC,0x08CF9170,.rodata,4,0,%d▲
0x08D66054,31,0x08D660D0,0x08CF9178,.rodata,4,0,%d▼
0x08D66054,32,0x08D660D4,0x08CF9180,.rodata,4,0,▲%d
0x08D66054,33,0x08D660D8,0x08CF9188,.rodata,4,0,▼%d
0x08D66054,34,0x08D660DC,0x08CF9084,.rodata,12,1,装備可能職業
0x08D66054,35,0x08D660E0,0x08CF9190,.rodata,6,1,変更前
0x08D66054,36,0x08D660E4,0x08CF9198,.rodata,6,1,変更後
0x08D660EC,0,0x08D660EC,0x08CF91A4,.rodata,10,1,カテゴリ：
0x08D660EC,1,0x08D660F0,0x08CF91B0,.rodata,8,1,最新獲得
0x08D660EC,2,0x08D660F4,0x08CF91BC,.rodata,8,1,最新入庫
0x08D660EC,3,0x08D660F8,0x08CF91C8,.rodata,4,1,道具
0x08D660EC,4,0x08D660FC,0x08CF91D0,.rodata,8,1,生産素材
0x08D660EC,5,0x08D66100,0x08CF91DC,.rodata,8,1,強化素材
0x08D660EC,6,0x08D66104,0x08CF91E8,.rodata,12,1,交換アイテム
0x08D660EC,7,0x08D66108,0x08CF91F8,.rodata,6,1,装飾品
0x08D660EC,8,0x08D6610C,0x08CF9200,.rodata,6,1,貴重品
0x08D660EC,9,0x08D66110,0x08CF9208,.rodata,6,1,？？？
0x08D660EC,10,0x08D66114,0x08CF9210,.rodata,12,1,武器：片手剣
0x08D660EC,11,0x08D66118,0x08CF9220,.rodata,12,1,武器：両手剣
0x08D660EC,12,0x08D6611C,0x08CF9230,.rodata,10,1,武器：短剣
0x08D660EC,13,0x08D66120,0x08CF923C,.rodata,8,1,武器：斧
0x08D660EC,14,0x08D66124,0x08CF9248,.rodata,8,1,武器：杖
0x08D660EC,15,0x08D66128,0x08CF9254,.rodata,8,1,武器：拳
0x08D660EC,16,0x08D6612C,0x08CF9260,.rodata,8,1,武器：弓
0x08D660EC,17,0x08D66130,0x08CF926C,.rodata,10,1,武器：拳銃
0x08D660EC,18,0x08D66134,0x08CF9278,.rodata,8,1,武器：槍
0x08D660EC,19,0x08D66138,0x08CF9284,.rodata,16,1,武器：トンファー
0x08D660EC,20,0x08D6613C,0x08CF9298,.rodata,10,1,武器：戦輪
0x08D660EC,21,0x08D66140,0x08CF92A4,.rodata,14,1,武器：ハンマー
0x08D660EC,22,0x08D66144,0x08CF92B4,.rodata,14,1,武器：ライフル
0x08D660EC,23,0x08D66148,0x08CF92C4,.rodata,12,1,武器：バトン
0x08D660EC,24,0x08D6614C,0x08CF92D4,.rodata,14,1,武器：ボウガン
0x08D660EC,25,0x08D66150,0x08CF92E4,.rodata,12,1,武器：バッグ
0x08D660EC,26,0x08D66154,0x08CF92F4,.rodata,10,1,武器：剣玉
0x08D660EC,27,0x08D66158,0x08CF9300,.rodata,12,1,武器：清掃具
0x08D660EC,28,0x08D6615C,0x08CF9310,.rodata,12,1,武器：おたま
0x08D660EC,29,0x08D66160,0x08CF9320,.rodata,8,1,武器：笛
0x08D660EC,30,0x08D66164,0x08CF932C,.rodata,8,1,武器：符
0x08D660EC,31,0x08D66168,0x08CF9338,.rodata,14,1,武器：ストロー
0x08D660EC,32,0x08D6616C,0x08CF9348,.rodata,10,1,武器：ペン
0x08D660EC,33,0x08D66170,0x08CF9354,.rodata,8,1,武器：帯
0x08D660EC,34,0x08D66174,0x08CF9360,.rodata,8,1,防具：盾
0x08D660EC,35,0x08D66178,0x08CF936C,.rodata,8,1,防具：頭
0x08D660EC,36,0x08D6617C,0x08CF9378,.rodata,8,1,防具：顔
0x08D660EC,37,0x08D66180,0x08CF9384,.rodata,8,1,防具：体
0x08D660EC,38,0x08D66184,0x08CF9390,.rodata,8,1,防具：手
0x08D660EC,39,0x08D66188,0x08CF939C,.rodata,8,1,防具：足
0x08D660EC,40,0x08D6618C,0x08CF93A8,.rodata,8,1,通常武器
0x08D660EC,41,0x08D66190,0x08CF93B4,.rodata,8,1,特殊武器
0x08D660EC,42,0x08D66194,0x08CF93C0,.rodata,8,1,雑貨武器
0x08D660EC,43,0x08D66198,0x08CF93CC,.rodata,6,1,体装備
0x08D660EC,44,0x08D6619C,0x08CF93D4,.rodata,6,1,頭装備
0x08D660EC,45,0x08D661A0,0x08CF93DC,.rodata,6,1,顔装備
0x08D660EC,46,0x08D661A4,0x08CF93E4,.rodata,6,1,手装備
0x08D660EC,47,0x08D661A8,0x08CF93EC,.rodata,6,1,足装備
0x08D660EC,48,0x08D661AC,0x08CF93F4,.rodata,2,1,盾
0x08D660EC,49,0x08D661B0,0x08CF93F8,.rodata,6,1,片手剣
0x08D660EC,50,0x08D661B4,0x08CF9400,.rodata,6,1,両手剣
0x08D660EC,51,0x08D661B8,0x08CF9408,.rodata,4,1,短剣
0x08D660EC,52,0x08D661BC,0x08CF9410,.rodata,2,1,斧
0x08D660EC,53,0x08D661C0,0x08CF9414,.rodata,2,1,杖
0x08D660EC,54,0x08D661C4,0x08CF9418,.rodata,2,1,拳
0x08D660EC,55,0x08D661C8,0x08CF941C,.rodata,2,1,弓
0x08D660EC,56,0x08D661CC,0x08CF9420,.rodata,4,1,拳銃
0x08D660EC,57,0x08D661D0,0x08CF9428,.rodata,2,1,槍
0x08D660EC,58,0x08D661D4,0x08CF942C,.rodata,10,1,トンファー
0x08D660EC,59,0x08D661D8,0x08CF9438,.rodata,4,1,戦輪
0x08D660EC,60,0x08D661DC,0x08CF9440,.rodata,8,1,ハンマー
0x08D660EC,61,0x08D661E0,0x08CF944C,.rodata,8,1,ライフル
0x08D660EC,62,0x08D661E4,0x08CF9458,.rodata,6,1,バトン
0x08D660EC,63,0x08D661E8,0x08CF9460,.rodata,8,1,ボウガン
0x08D660EC,64,0x08D661EC,0x08CF946C,.rodata,6,1,バッグ
0x08D660EC,65,0x08D661F0,0x08CF9474,.rodata,4,1,剣玉
0x08D660EC,66,0x08D661F4,0x08CF947C,.rodata,6,1,清掃具
0x08D660EC,67,0x08D661F8,0x08CF9484,.rodata,6,1,おたま
0x08D660EC,68,0x08D661FC,0x08CF948C,.rodata,2,1,笛
0x08D660EC,69,0x08D66200,0x08CF9490,.rodata,2,1,符
0x08D660EC,70,0x08D66204,0x08CF9494,.rodata,8,1,ストロー
0x08D660EC,71,0x08D66208,0x08CF94A0,.rodata,4,1,ペン
0x08D660EC,72,0x08D6620C,0x08CF94A8,.rodata,2,1,帯
0x08D660EC,73,0x08D66210,0x08CF93F4,.rodata,2,1,盾
0x08D660EC,74,0x08D66214,0x08CF94AC,.rodata,2,1,頭
0x08D660EC,75,0x08D66218,0x08CF94B0,.rodata,2,1,顔
0x08D660EC,76,0x08D6621C,0x08CF94B4,.rodata,2,1,体
0x08D660EC,77,0x08D66220,0x08CF94B8,.rodata,2,1,手
0x08D660EC,78,0x08D66224,0x08CF94BC,.rodata,2,1,足
0x08D660EC,79,0x08D66228,0x08CF94C0,.rodata,2,1,鎧
0x08D660EC,80,0x08D6622C,0x08CF94C4,.rodata,2,1,服
0x08D660EC,81,0x08D66230,0x08CF94C8,.rodata,6,1,ローブ
0x08D660EC,82,0x08D66234,0x08CF94D0,.rodata,2,1,兜
0x08D660EC,83,0x08D66238,0x08CF94D4,.rodata,4,1,帽子
0x08D660EC,84,0x08D6623C,0x08CF94DC,.rodata,4,1,篭手
0x08D660EC,85,0x08D66240,0x08CF94E4,.rodata,4,1,腕輪
0x08D660EC,86,0x08D66244,0x08CF91F8,.rodata,6,1,装飾品
0x08D660EC,87,0x08D66248,0x08CF94EC,.rodata,4,1,素材
0x08D660EC,88,0x08D6624C,0x08CF94F4,.rodata,6,1,レシピ
0x08D660EC,89,0x08D66250,0x08CF94FC,.rodata,4,1,思考
0x08D660EC,90,0x08D66254,0x08CF9504,.rodata,10,1,石版の欠片
0x08D660EC,91,0x08D66258,0x08CF9510,.rodata,4,1,標準
0x08D660EC,92,0x08D6625C,0x08CF9518,.rodata,12,1,要求レベル順
0x08D660EC,93,0x08D66260,0x08CF9528,.rodata,8,1,攻撃力順
0x08D660EC,94,0x08D66264,0x08CF9534,.rodata,10,1,術攻撃力順
0x08D660EC,95,0x08D66268,0x08CF9540,.rodata,8,1,防御力順
0x08D660EC,96,0x08D6626C,0x08CF954C,.rodata,10,1,術防御力順
0x08D660EC,97,0x08D66270,0x08CF9558,.rodata,8,1,レア度順
0x08D660EC,98,0x08D66274,0x08CF9564,.rodata,10,1,五十音昇順
0x08D660EC,99,0x08D66278,0x08CF9570,.rodata,10,1,五十音降順
0x08D660EC,100,0x08D6627C,0x08CF957C,.rodata,8,1,スキル別
0x08D660EC,101,0x08D66280,0x08CF9588,.rodata,14,1,最大ＨＰ増加順
0x08D660EC,102,0x08D66284,0x08CF9598,.rodata,14,1,最大ＴＰ増加順
0x08D660EC,103,0x08D66288,0x08CF95A8,.rodata,16,1,物理攻撃力増加順
0x08D660EC,104,0x08D6628C,0x08CF95BC,.rodata,14,1,術攻撃力増加順
0x08D660EC,105,0x08D66290,0x08CF95CC,.rodata,16,1,物理防御力増加順
0x08D660EC,106,0x08D66294,0x08CF95E0,.rodata,14,1,術防御力増加順
0x08D660EC,107,0x08D66298,0x08CF95F0,.rodata,12,1,モンスター名
0x08D660EC,108,0x08D6629C,0x08CF9600,.rodata,3,0,No.
0x08D660EC,109,0x08D662A0,0x08CF9604,.rodata,6,1,？？？
0x08D660EC,110,0x08D662A4,0x08CF960C,.rodata,4,1,標準
0x08D660EC,111,0x08D662A8,0x08CF9614,.rodata,10,1,レベル昇順
0x08D660EC,112,0x08D662AC,0x08CF9620,.rodata,10,1,レベル降順
0x08D660EC,113,0x08D662B0,0x08CF962C,.rodata,10,1,五十音昇順
0x08D660EC,114,0x08D662B4,0x08CF9638,.rodata,10,1,五十音降順
0x08D660EC,115,0x08D662B8,0x08CF9644,.rodata,10,1,主な生息地
0x08D660EC,116,0x08D662BC,0x08CF9650,.rodata,6,1,レベル
0x08D660EC,117,0x08D662C0,0x08CF9658,.rodata,4,1,ＨＰ
0x08D660EC,118,0x08D662C4,0x08CF9660,.rodata,10,1,物理攻撃力
0x08D660EC,119,0x08D662C8,0x08CF966C,.rodata,10,1,物理防御力
0x08D660EC,120,0x08D662CC,0x08CF9678,.rodata,8,1,術攻撃力
0x08D660EC,121,0x08D662D0,0x08CF9684,.rodata,8,1,術防御力
0x08D660EC,122,0x08D662D4,0x08CF9690,.rodata,8,1,弱点属性
0x08D660EC,123,0x08D662D8,0x08CF969C,.rodata,8,1,得意属性
0x08D660EC,124,0x08D662DC,0x08CF96A8,.rodata,6,1,敏捷値
0x08D660EC,125,0x08D662E0,0x08CF96B0,.rodata,10,1,基本ＥＸＰ
0x08D660EC,126,0x08D662E4,0x08CF96BC,.rodata,6,1,ガルド
0x08D660EC,127,0x08D662E8,0x08CF96C4,.rodata,18,1,持っているアイテム
0x08D660EC,128,0x08D662EC,0x08CF96D8,.rodata,14,1,盗めるアイテム
0x08D660EC,129,0x08D662F0,0x08CF9604,.rodata,6,1,？？？
0x08D660EC,130,0x08D662F4,0x08CF96E8,.rodata,14,1,無効なアイテム
0x08D660EC,131,0x08D662F8,0x08CF96F8,.rodata,6,1,片手剣
0x08D660EC,132,0x08D662FC,0x08CF9700,.rodata,6,1,両手剣
0x08D660EC,133,0x08D66300,0x08CF9708,.rodata,4,1,短剣
0x08D660EC,134,0x08D66304,0x08CF9710,.rodata,2,1,斧
0x08D660EC,135,0x08D66308,0x08CF9714,.rodata,2,1,杖
0x08D660EC,136,0x08D6630C,0x08CF9718,.rodata,2,1,拳
0x08D660EC,137,0x08D66310,0x08CF971C,.rodata,2,1,弓
0x08D660EC,138,0x08D66314,0x08CF9720,.rodata,4,1,拳銃
0x08D660EC,139,0x08D66318,0x08CF9728,.rodata,8,1,特殊武器
0x08D660EC,140,0x08D6631C,0x08CF9734,.rodata,8,1,雑貨武器
0x08D660EC,141,0x08D66320,0x08CF9740,.rodata,2,1,盾
0x08D660EC,142,0x08D66324,0x08CF9744,.rodata,2,1,兜
0x08D660EC,143,0x08D66328,0x08CF9748,.rodata,4,1,帽子
0x08D660EC,144,0x08D6632C,0x08CF9750,.rodata,6,1,顔装備
0x08D660EC,145,0x08D66330,0x08CF9758,.rodata,2,1,鎧
0x08D660EC,146,0x08D66334,0x08CF975C,.rodata,2,1,服
0x08D660EC,147,0x08D66338,0x08CF9760,.rodata,6,1,ローブ
0x08D660EC,148,0x08D6633C,0x08CF9768,.rodata,4,1,篭手
0x08D660EC,149,0x08D66340,0x08CF9770,.rodata,4,1,腕輪
0x08D660EC,150,0x08D66344,0x08CF9778,.rodata,6,1,足装備
0x08D6634C,0,0x08D6634C,0x08CF978C,.rodata,21,1,ＳＥＬＥＣＴ:表示切替
0x08D6634C,1,0x08D66350,0x08CF97A4,.rodata,21,1,方向キー　　:位置変更
0x08D6634C,2,0x08D66354,0x08CF97BC,.rodata,25,1,○＋上下キー:描画高さ変更
0x08D6634C,3,0x08D66358,0x08CF97D8,.rodata,21,1,□＋方向キー:角度変更
0x08D6634C,4,0x08D6635C,0x08CF97F0,.rodata,25,1,△＋上下キー:スケール変更
0x08D6634C,5,0x08D66360,0x08CF980C,.rodata,6,1,討伐数
0x08D6634C,6,0x08D66364,0x08CF9644,.rodata,10,1,主な生息地
0x08D6634C,7,0x08D66368,0x08CF9814,.rodata,4,1,不明
0x08D6634C,8,0x08D6636C,0x08CF981C,.rodata,2,0,■
0x08D6634C,9,0x08D66370,0x08CF9604,.rodata,6,1,？？？
0x08D6634C,10,0x08D66374,0x08CF9820,.rodata,6,1,■　%s
0x08D6634C,11,0x08D66378,0x08CF9828,.rodata,10,1,　武器図鑑
0x08D6634C,12,0x08D6637C,0x08CF9834,.rodata,10,1,　防具図鑑
0x08D6634C,13,0x08D66380,0x08CF9840,.rodata,28,1,武器の収集状態を確認出来ます
0x08D6634C,14,0x08D66384,0x08CF9860,.rodata,28,1,防具の収集状態を確認出来ます
0x08D6634C,15,0x08D66388,0x08CF9880,.rodata,8,1,　片手剣
0x08D6634C,16,0x08D6638C,0x08CF988C,.rodata,8,1,　両手剣
0x08D6634C,17,0x08D66390,0x08CF9898,.rodata,6,1,　短剣
0x08D6634C,18,0x08D66394,0x08CF98A0,.rodata,4,1,　斧
0x08D6634C,19,0x08D66398,0x08CF98A8,.rodata,4,1,　杖
0x08D6634C,20,0x08D6639C,0x08CF98B0,.rodata,4,1,　拳
0x08D6634C,21,0x08D663A0,0x08CF98B8,.rodata,4,1,　弓
0x08D6634C,22,0x08D663A4,0x08CF98C0,.rodata,6,1,　拳銃
0x08D6634C,23,0x08D663A8,0x08CF98C8,.rodata,10,1,　特殊武器
0x08D6634C,24,0x08D663AC,0x08CF98D4,.rodata,10,1,　雑貨武器
0x08D6634C,25,0x08D663B0,0x08CF98E0,.rodata,4,1,　鎧
0x08D6634C,26,0x08D663B4,0x08CF98E8,.rodata,4,1,　服
0x08D6634C,27,0x08D663B8,0x08CF98F0,.rodata,8,1,　ローブ
0x08D6634C,28,0x08D663BC,0x08CF98FC,.rodata,4,1,　兜
0x08D6634C,29,0x08D663C0,0x08CF9904,.rodata,6,1,　帽子
0x08D6634C,30,0x08D663C4,0x08CF990C,.rodata,8,1,　顔装備
0x08D6634C,31,0x08D663C8,0x08CF9918,.rodata,6,1,　篭手
0x08D6634C,32,0x08D663CC,0x08CF9920,.rodata,6,1,　腕輪
0x08D6634C,33,0x08D663D0,0x08CF9928,.rodata,8,1,　足装備
0x08D6634C,34,0x08D663D4,0x08CF9934,.rodata,4,1,　盾
0x08D6634C,35,0x08D663D8,0x08CF993C,.rodata,30,1,片手剣の収集状態を確認出来ます
0x08D6634C,36,0x08D663DC,0x08CF995C,.rodata,30,1,両手剣の収集状態を確認出来ます
0x08D6634C,37,0x08D663E0,0x08CF997C,.rodata,28,1,短剣の収集状態を確認出来ます
0x08D6634C,38,0x08D663E4,0x08CF999C,.rodata,26,1,斧の収集状態を確認出来ます
0x08D6634C,39,0x08D663E8,0x08CF99B8,.rodata,26,1,杖の収集状態を確認出来ます
0x08D6634C,40,0x08D663EC,0x08CF99D4,.rodata,26,1,拳の収集状態を確認出来ます
0x08D6634C,41,0x08D663F0,0x08CF99F0,.rodata,26,1,弓の収集状態を確認出来ます
0x08D6634C,42,0x08D663F4,0x08CF9A0C,.rodata,28,1,拳銃の収集状態を確認出来ます
0x08D6634C,43,0x08D663F8,0x08CF9A2C,.rodata,32,1,特殊武器の収集状態を確認出来ます
0x08D6634C,44,0x08D663FC,0x08CF9A50,.rodata,32,1,雑貨武器の収集状態を確認出来ます
0x08D6634C,45,0x08D66400,0x08CF9A74,.rodata,26,1,鎧の収集状態を確認出来ます
0x08D6634C,46,0x08D66404,0x08CF9A90,.rodata,26,1,服の収集状態を確認出来ます
0x08D6634C,47,0x08D66408,0x08CF9AAC,.rodata,30,1,ローブの収集状態を確認出来ます
0x08D6634C,48,0x08D6640C,0x08CF9ACC,.rodata,26,1,兜の収集状態を確認出来ます
0x08D6634C,49,0x08D66410,0x08CF9AE8,.rodata,28,1,帽子の収集状態を確認出来ます
0x08D6634C,50,0x08D66414,0x08CF9B08,.rodata,30,1,顔装備の収集状態を確認出来ます
0x08D6634C,51,0x08D66418,0x08CF9B28,.rodata,28,1,篭手の収集状態を確認出来ます
0x08D6634C,52,0x08D6641C,0x08CF9B48,.rodata,28,1,腕輪の収集状態を確認出来ます
0x08D6634C,53,0x08D66420,0x08CF9B68,.rodata,30,1,足装備の収集状態を確認出来ます
0x08D6634C,54,0x08D66424,0x08CF9B88,.rodata,26,1,盾の収集状態を確認出来ます
0x08D6634C,55,0x08D66428,0x08CF9BA4,.rodata,16,1,未入手の装備です
0x08D6634C,56,0x08D6642C,0x08CF9604,.rodata,6,1,？？？
0x08D6634C,57,0x08D66430,0x08CF9604,.rodata,6,1,？？？
0x08D6634C,58,0x08D66434,0x08CF9BB8,.rodata,10,1,要求レベル
0x08D6634C,59,0x08D66438,0x08CF9BC4,.rodata,6,1,攻撃力
0x08D6634C,60,0x08D6643C,0x08CF9678,.rodata,8,1,術攻撃力
0x08D6634C,61,0x08D66440,0x08CF9BCC,.rodata,6,1,防御力
0x08D6634C,62,0x08D66444,0x08CF9684,.rodata,8,1,術防御力
0x08D6634C,63,0x08D66448,0x08CF9BD4,.rodata,4,1,敏捷
0x08D6634C,64,0x08D6644C,0x08CF9BDC,.rodata,6,1,収集率
0x08D6634C,65,0x08D66450,0x08CF9BE4,.rodata,2,1,％
0x08D6634C,66,0x08D66454,0x08CF9BE8,.rodata,5,1,全て 
0x08D6634C,67,0x08D66458,0x08CF9BF0,.rodata,26,1,テイルズ オブ ファンタジア
0x08D6634C,68,0x08D6645C,0x08CF9C0C,.rodata,26,1,テイルズ オブ デスティニー
0x08D6634C,69,0x08D66460,0x08CF9C28,.rodata,24,1,テイルズ オブ エターニア
0x08D6634C,70,0x08D66464,0x08CF9C44,.rodata,28,1,テイルズ オブ デスティニー２
0x08D6634C,71,0x08D66468,0x08CF9C64,.rodata,26,1,テイルズ オブ シンフォニア
0x08D6634C,72,0x08D6646C,0x08CF9C80,.rodata,22,1,テイルズ オブ リバース
0x08D6634C,73,0x08D66470,0x08CF9C98,.rodata,28,1,テイルズ オブ レジェンディア
0x08D6634C,74,0x08D66474,0x08CF9CB8,.rodata,23,1,テイルズ オブ ジ アビス
0x08D6634C,75,0x08D66478,0x08CF9CD0,.rodata,27,1,テイルズ オブ ザ テンペスト
0x08D6634C,76,0x08D6647C,0x08CF9CEC,.rodata,24,1,テイルズ オブ イノセンス
0x08D6634C,77,0x08D66480,0x08CF9D08,.rodata,26,1,テイルズ オブ ヴェスペリア
0x08D66488,0,0x08D66488,0x08CF9D40,.rodata,20,1,テイルズ オブ ハーツ
0x08D66488,1,0x08D6648C,0x08CF9D58,.rodata,24,1,テイルズ オブ グレイセス
0x08D66488,2,0x08D66490,0x08CF9D74,.rodata,32,1,ＴＯＷ レディアント マイソロジー
0x08D66488,3,0x08D66494,0x08CF9D98,.rodata,34,1,ＴＯＷ レディアント マイソロジー２
0x08D66488,4,0x08D66498,0x08CF9DBC,.rodata,34,1,ＴＯＷ レディアント マイソロジー３
0x08D66488,5,0x08D6649C,0x08CF9DE0,.rodata,10,1,情報獲得率
0x08D66488,6,0x08D664A0,0x08CF9DEC,.rodata,7,1,%3.2f％
0x08D66488,7,0x08D664A4,0x08CF9DF4,.rodata,8,1,総討伐数
0x08D66488,8,0x08D664A8,0x08CF9820,.rodata,6,1,■　%s
0x08D66488,9,0x08D664AC,0x08CF9E00,.rodata,6,1,？？？
0x08D66488,10,0x08D664B0,0x08CF9E08,.rodata,11,1,■ 変更不可
0x08D66488,11,0x08D664B4,0x08CF9E14,.rodata,61,1,ダンジョン内では、難易度を変更出来ません\n（現在の難易度、%s）
0x08D66488,12,0x08D664B8,0x08CF9E54,.rodata,8,1,ノーマル
0x08D66488,13,0x08D664BC,0x08CF9E60,.rodata,6,1,ハード
0x08D66488,14,0x08D664C0,0x08CF9E68,.rodata,6,1,マニア
0x08D66488,15,0x08D664C4,0x08CF9E70,.rodata,11,1,■ 変更確認
0x08D66488,16,0x08D664C8,0x08CF9E7C,.rodata,10,1,反映しない
0x08D66488,17,0x08D664CC,0x08CF9E88,.rodata,8,1,反映する
0x08D66488,18,0x08D664D0,0x08CF9E94,.rodata,10,1,再設定する
0x08D66488,19,0x08D664D4,0x08CF9EA0,.rodata,16,1,デフォルトに戻す
0x08D66488,20,0x08D664D8,0x08CF9E00,.rodata,6,1,？？？
0x08D66488,21,0x08D664DC,0x08CF9EB4,.rodata,18,1,メッセージスピード
0x08D66488,22,0x08D664E0,0x08CF9EC8,.rodata,10,1,戦闘難易度
0x08D66488,23,0x08D664E4,0x08CF9ED4,.rodata,14,1,サウンドテスト
0x08D66488,24,0x08D664E8,0x08CF9EE4,.rodata,16,1,サウンドセレクト
0x08D66488,25,0x08D664EC,0x08CF9EF8,.rodata,16,1,ＢＧＭボリューム
0x08D66488,26,0x08D664F0,0x08CF9F0C,.rodata,14,1,ＳＥボリューム
0x08D66488,27,0x08D664F4,0x08CF9F1C,.rodata,20,1,戦闘ボイスボリューム
0x08D66488,28,0x08D664F8,0x08CF9F34,.rodata,24,1,イベントボイスボリューム
0x08D66488,29,0x08D664FC,0x08CF9F50,.rodata,20,1,戦闘エンカウント確認
0x08D66488,30,0x08D66500,0x08CF9F68,.rodata,18,1,データインストール
0x08D66488,31,0x08D66504,0x08CF9F7C,.rodata,20,1,プレイヤーネーム設定
0x08D66488,32,0x08D66508,0x08CF9F94,.rodata,4,1,遅い
0x08D66488,33,0x08D6650C,0x08CF9F9C,.rodata,4,1,普通
0x08D66488,34,0x08D66510,0x08CF9FA4,.rodata,4,1,速い
0x08D66488,35,0x08D66514,0x08CF9FAC,.rodata,4,1,一括
0x08D66488,36,0x08D66518,0x08CF9E54,.rodata,8,1,ノーマル
0x08D66488,37,0x08D6651C,0x08CF9E60,.rodata,6,1,ハード
0x08D66488,38,0x08D66520,0x08CF9E68,.rodata,6,1,マニア
0x08D66488,39,0x08D66524,0x08CF9E00,.rodata,6,1,？？？
0x08D66488,40,0x08D66528,0x08CF9FB4,.rodata,16,1,バンエルティア号
0x08D66488,41,0x08D6652C,0x08CF9FC8,.rodata,10,1,通常戦闘曲
0x08D66488,42,0x08D66530,0x08CF9FD4,.rodata,16,1,ストーリー戦闘曲
0x08D66488,43,0x08D66534,0x08CF9FE8,.rodata,10,1,ボス戦闘曲
0x08D66488,44,0x08D66538,0x08CF9FF4,.rodata,12,1,最終戦闘曲１
0x08D66488,45,0x08D6653C,0x08CFA004,.rodata,12,1,最終戦闘曲２
0x08D66488,46,0x08D66540,0x08CFA014,.rodata,14,1,デフォルト演奏
0x08D66488,47,0x08D66544,0x08CFA024,.rodata,12,1,ランダム演奏
0x08D66488,48,0x08D66548,0x08CFA034,.rodata,4,1,ＯＮ
0x08D66488,49,0x08D6654C,0x08CFA03C,.rodata,6,1,ＯＦＦ
0x08D66488,50,0x08D66550,0x08CFA044,.rodata,24,1,開放されていない項目です
0x08D66488,51,0x08D66554,0x08CFA060,.rodata,30,1,ゆっくりメッセージを表示します
0x08D66488,52,0x08D66558,0x08CFA080,.rodata,34,1,通常の速度でメッセージを表示します
0x08D66488,53,0x08D6655C,0x08CFA0A4,.rodata,26,1,速くメッセージを表示します
0x08D66488,54,0x08D66560,0x08CFA0C0,.rodata,28,1,一括でメッセージを表示します
0x08D66488,55,0x08D66564,0x08CFA0E0,.rodata,20,1,通常の戦闘難易度です
0x08D66488,56,0x08D66568,0x08CFA0F8,.rodata,26,1,戦闘難易度をハードにします
0x08D66488,57,0x08D6656C,0x08CFA114,.rodata,26,1,戦闘難易度をマニアにします
0x08D66488,58,0x08D66570,0x08CFA130,.rodata,26,1,戦闘時に流す曲を変更します
0x08D66488,59,0x08D66574,0x08CFA14C,.rodata,42,1,バンエルティア号の船内で流す曲を変更します
0x08D66488,60,0x08D66578,0x08CFA178,.rodata,30,1,通常戦闘時に流す曲を変更します
0x08D66488,61,0x08D6657C,0x08CFA198,.rodata,53,1,メインクエスト進行中の通常戦闘時に\n流す曲を変更します
0x08D66488,62,0x08D66580,0x08CFA1D0,.rodata,30,1,ボス戦闘時に流す曲を変更します
0x08D66488,63,0x08D66584,0x08CFA1F0,.rodata,30,1,最終戦闘時に流す曲を変更します
0x08D66488,64,0x08D66588,0x08CFA1F0,.rodata,30,1,最終戦闘時に流す曲を変更します
0x08D66488,65,0x08D6658C,0x08CFA210,.rodata,34,1,ゲーム中のＢＧＭの音量を調節します
0x08D66488,66,0x08D66590,0x08CFA234,.rodata,32,1,ゲーム中のＳＥの音量を調節します
0x08D66488,67,0x08D66594,0x08CFA258,.rodata,32,1,戦闘中のボイスの音量を調節します
0x08D66488,68,0x08D66598,0x08CFA27C,.rodata,36,1,イベント中のボイスの音量を調節します
0x08D66488,69,0x08D6659C,0x08CFA2A4,.rodata,36,1,エンカウント時にカメラ演出を行います
0x08D66488,70,0x08D665A0,0x08CFA2CC,.rodata,38,1,エンカウント時にカメラ演出を行いません
0x08D66488,71,0x08D665A4,0x08CFA2F4,.rodata,38,1,データインストールのデータを使用します
0x08D66488,72,0x08D665A8,0x08CFA31C,.rodata,40,1,データインストールのデータを使用しません
0x08D66488,73,0x08D665AC,0x08CFA348,.rodata,32,1,プレイヤーネームの変更を行います
0x08D66488,74,0x08D665B0,0x08CFA36C,.rodata,30,1,プレイヤー名を入力してください
0x08D66488,75,0x08D665B4,0x08CFA38C,.rodata,7,1,■ 確認
0x08D66488,76,0x08D665B8,0x08CFA394,.rodata,24,1,未設定の項目があります。
0x08D66488,77,0x08D665BC,0x08CFA3B0,.rodata,8,1,%s\n%3d％
0x08D66488,78,0x08D665C0,0x08CFA3BC,.rodata,32,1,ゆっくりメッセージを表示します。
0x08D66488,79,0x08D665C4,0x08CFA3E0,.rodata,36,1,通常の速度でメッセージを表示します。
0x08D66488,80,0x08D665C8,0x08CFA408,.rodata,28,1,速くメッセージを表示します。
0x08D66488,81,0x08D665CC,0x08CFA428,.rodata,30,1,一括でメッセージを表示します。
0x08D66488,82,0x08D665D0,0x08CFA448,.rodata,18,1,通常の難易度です。
0x08D66488,83,0x08D665D4,0x08CFA45C,.rodata,52,1,戦闘時の難易度及びアイテムの取得率に変化があります。
0x08D66488,84,0x08D665D8,0x08CFA45C,.rodata,52,1,戦闘時の難易度及びアイテムの取得率に変化があります。
0x08D66488,85,0x08D665DC,0x08CFA494,.rodata,28,1,戦闘時に流す曲を変更します。
0x08D66488,86,0x08D665E0,0x08CFA4B4,.rodata,32,1,通常戦闘時に流す曲を変更します。
0x08D66488,87,0x08D665E4,0x08CFA4D8,.rodata,55,1,メインクエスト進行中の\n通常戦闘時に流す曲を変更します。
0x08D66488,88,0x08D665E8,0x08CFA510,.rodata,32,1,ボス戦闘時に流す曲を変更します。
0x08D66488,89,0x08D665EC,0x08CFA534,.rodata,32,1,最終戦闘時に流す曲を変更します。
0x08D66488,90,0x08D665F0,0x08CFA534,.rodata,32,1,最終戦闘時に流す曲を変更します。
0x08D66488,91,0x08D665F4,0x08CFA558,.rodata,42,1,戦闘時にキャラクターのボイスを再生します。
0x08D66488,92,0x08D665F8,0x08CFA584,.rodata,44,1,戦闘時にキャラクターのボイスを再生しません。
0x08D66488,93,0x08D665FC,0x08CFA5B4,.rodata,47,1,イベント時にキャラクターのボイスを\n再生します。
0x08D66488,94,0x08D66600,0x08CFA5E4,.rodata,49,1,イベント時にキャラクターのボイスを\n再生しません。
0x08D66488,95,0x08D66604,0x08CFA618,.rodata,38,1,エンカウント時にカメラ演出を行います。
0x08D66488,96,0x08D66608,0x08CFA640,.rodata,40,1,エンカウント時にカメラ演出を行いません。
0x08D66488,97,0x08D6660C,0x08CFA66C,.rodata,61,1,ダンジョンマップのデフォルト設定を\n広範囲マップに設定します。
0x08D66488,98,0x08D66610,0x08CFA6AC,.rodata,61,1,ダンジョンマップのデフォルト設定を\n中範囲マップに設定します。
0x08D66488,99,0x08D66614,0x08CFA6EC,.rodata,61,1,ダンジョンマップのデフォルト設定を\nマップ非表示に設定します。
0x08D66488,100,0x08D66618,0x08CFA72C,.rodata,34,1,プレイヤーネームの変更を行います。
0x08D66488,101,0x08D6661C,0x08CFA750,.rodata,24,1,名前が設定されていません
0x08D66488,102,0x08D66620,0x08CFA76C,.rodata,4,1,職業
0x08D66488,103,0x08D66624,0x08CFA774,.rodata,6,1,レベル
0x08D66488,104,0x08D66628,0x08CFA77C,.rodata,4,1,ＨＰ
0x08D66488,105,0x08D6662C,0x08CFA784,.rodata,4,1,ＴＰ
0x08D66488,106,0x08D66630,0x08CFA78C,.rodata,6,1,経験値
0x08D66488,107,0x08D66634,0x08CFA794,.rodata,14,1,次のレベルまで
0x08D66488,108,0x08D66638,0x08CFA7A4,.rodata,10,1,物理攻撃力
0x08D66488,109,0x08D6663C,0x08CFA7B0,.rodata,12,1,物理攻撃力２
0x08D66488,110,0x08D66640,0x08CFA7C0,.rodata,10,1,物理防御力
0x08D66488,111,0x08D66644,0x08CFA7CC,.rodata,8,1,術攻撃力
0x08D66488,112,0x08D66648,0x08CFA7D8,.rodata,8,1,術防御力
0x08D66488,113,0x08D6664C,0x08CFA7E4,.rodata,6,1,敏捷値
0x08D66488,114,0x08D66650,0x08CFA7EC,.rodata,6,1,毒付与
0x08D66488,115,0x08D66654,0x08CFA7F4,.rodata,14,1,毒付与、武器１
0x08D66488,116,0x08D66658,0x08CFA804,.rodata,14,1,毒付与、武器２
0x08D66488,117,0x08D6665C,0x08CFA814,.rodata,8,1,麻痺付与
0x08D66488,118,0x08D66660,0x08CFA820,.rodata,16,1,麻痺付与、武器１
0x08D66488,119,0x08D66664,0x08CFA834,.rodata,16,1,麻痺付与、武器２
0x08D66488,120,0x08D66668,0x08CFA848,.rodata,10,1,ガード破壊
0x08D66488,121,0x08D6666C,0x08CFA854,.rodata,18,1,ガード破壊、武器１
0x08D66488,122,0x08D66670,0x08CFA868,.rodata,18,1,ガード破壊、武器２
0x08D66488,123,0x08D66674,0x08CFA87C,.rodata,16,1,仰け反り耐性破壊
0x08D66488,124,0x08D66678,0x08CFA890,.rodata,24,1,仰け反り耐性破壊、武器１
0x08D66488,125,0x08D6667C,0x08CFA8AC,.rodata,24,1,仰け反り耐性破壊、武器２
0x08D66488,126,0x08D66680,0x08CFA8C8,.rodata,10,1,ガード強化
0x08D66488,127,0x08D66684,0x08CFA8D4,.rodata,12,1,仰け反り耐性
0x08D66488,128,0x08D66688,0x08CFA8E4,.rodata,10,1,ＴＰ消費量
0x08D66488,129,0x08D6668C,0x08CFA8F0,.rodata,18,1,リザルトＴＰ回復量
0x08D66488,130,0x08D66690,0x08CFA904,.rodata,20,1,通常攻撃時ＴＰ回復量
0x08D66488,131,0x08D66694,0x08CFA91C,.rodata,28,1,通常攻撃時ＴＰ回復量、武器１
0x08D66488,132,0x08D66698,0x08CFA93C,.rodata,28,1,通常攻撃時ＴＰ回復量、武器２
0x08D66488,133,0x08D6669C,0x08CFA95C,.rodata,8,1,詠唱時間
0x08D66488,134,0x08D666A0,0x08CFA968,.rodata,20,1,クリティカルダメージ
0x08D66488,135,0x08D666A4,0x08CFA980,.rodata,28,1,クリティカルダメージ、武器１
0x08D66488,136,0x08D666A8,0x08CFA9A0,.rodata,28,1,クリティカルダメージ、武器２
0x08D66488,137,0x08D666AC,0x08CFA9C0,.rodata,16,1,リミッツ上昇効果
0x08D66488,138,0x08D666B0,0x08CFA9D4,.rodata,24,1,リミッツ上昇効果、武器１
0x08D66488,139,0x08D666B4,0x08CFA9F0,.rodata,24,1,リミッツ上昇効果、武器２
0x08D66488,140,0x08D666B8,0x08CFAA0C,.rodata,10,1,獲得ガルド
0x08D66488,141,0x08D666BC,0x08CFAA18,.rodata,10,1,獲得経験値
0x08D66488,142,0x08D666C0,0x08CFAA24,.rodata,20,1,獲得グレードポイント
0x08D66488,143,0x08D666C4,0x08CFAA3C,.rodata,12,1,アイテム獲得
0x08D66488,144,0x08D666C8,0x08CFAA4C,.rodata,8,1,レア獲得
0x08D66488,145,0x08D666CC,0x08CFAA58,.rodata,16,1,スキルスロット増
0x08D66488,146,0x08D666D0,0x08CFAA6C,.rodata,12,1,採取効果ＵＰ
0x08D66488,147,0x08D666D4,0x08CFAA7C,.rodata,12,1,採掘効果ＵＰ
0x08D66488,148,0x08D666D8,0x08CFAA8C,.rodata,16,1,宝箱ドロップ効果
0x08D66488,149,0x08D666DC,0x08CFAAA0,.rodata,8,1,毒を防止
0x08D66488,150,0x08D666E0,0x08CFAAAC,.rodata,10,1,衰弱を防止
0x08D66488,151,0x08D666E4,0x08CFAAB8,.rodata,10,1,気絶を防止
0x08D66488,152,0x08D666E8,0x08CFAAC4,.rodata,14,1,術技封印を防止
0x08D66488,153,0x08D666EC,0x08CFAAD4,.rodata,10,1,麻痺を防止
0x08D66488,154,0x08D666F0,0x08CFAAE0,.rodata,10,1,石化を防止
0x08D66488,155,0x08D666F4,0x08CFAAEC,.rodata,10,1,防御水属性
0x08D66488,156,0x08D666F8,0x08CFAAF8,.rodata,10,1,防御土属性
0x08D66488,157,0x08D666FC,0x08CFAB04,.rodata,10,1,防御火属性
0x08D66488,158,0x08D66700,0x08CFAB10,.rodata,10,1,防御風属性
0x08D66488,159,0x08D66704,0x08CFAB1C,.rodata,10,1,防御光属性
0x08D66488,160,0x08D66708,0x08CFAB28,.rodata,10,1,防御闇属性
0x08D66488,161,0x08D6670C,0x08CFAB34,.rodata,12,1,逃走時間短縮
0x08D66488,162,0x08D66710,0x08CFAB44,.rodata,18,1,敵撃破時にＨＰ回復
0x08D66488,163,0x08D66714,0x08CFAB58,.rodata,18,1,敵撃破時にＴＰ回復
0x08D66488,164,0x08D66718,0x08CFAB6C,.rodata,22,1,敵からのターゲット頻度
0x08D66488,165,0x08D6671C,0x08CFAB84,.rodata,2,1,小
0x08D66488,166,0x08D66720,0x08CFAB88,.rodata,2,1,中
0x08D66488,167,0x08D66724,0x08CFAB8C,.rodata,2,1,大
0x08D66488,168,0x08D66728,0x08CFAB90,.rodata,2,0,○
0x08D66734,0,0x08D66734,0x08CFABA0,.rodata,2,1,＋
0x08D66734,1,0x08D66738,0x08CFABA4,.rodata,5,1,＋ ＋
0x08D66734,2,0x08D6673C,0x08CFABAC,.rodata,11,1,■ 称号一覧
0x08D66734,3,0x08D66740,0x08CFABB8,.rodata,14,1,武器を購入する
0x08D66734,4,0x08D66744,0x08CFABC8,.rodata,26,1,カテゴリから武器を購入する
0x08D66734,5,0x08D66748,0x08CFABE4,.rodata,14,1,防具を購入する
0x08D66734,6,0x08D6674C,0x08CFABF4,.rodata,26,1,カテゴリから防具を購入する
0x08D66734,7,0x08D66750,0x08CFAC10,.rodata,14,1,道具を購入する
0x08D66734,8,0x08D66754,0x08CFAC20,.rodata,16,1,装飾品を購入する
0x08D66734,9,0x08D66758,0x08CFAC34,.rodata,18,1,生産素材を購入する
0x08D66734,10,0x08D6675C,0x08CFAC48,.rodata,14,1,武器を合成する
0x08D66734,11,0x08D66760,0x08CFAC58,.rodata,14,1,武器を強化する
0x08D66734,12,0x08D66764,0x08CFAC68,.rodata,14,1,防具を合成する
0x08D66734,13,0x08D66768,0x08CFAC78,.rodata,14,1,防具を強化する
0x08D66734,14,0x08D6676C,0x08CFAC88,.rodata,8,1,売却する
0x08D66734,15,0x08D66770,0x08CFAC94,.rodata,8,1,交換する
0x08D66734,16,0x08D66774,0x08CFACA0,.rodata,20,1,カテゴリから交換する
0x08D66734,17,0x08D66778,0x08CFACB8,.rodata,4,1,値段
0x08D66734,18,0x08D6677C,0x08CFACC0,.rodata,6,1,購入数
0x08D66734,19,0x08D66780,0x08CFACC8,.rodata,6,1,売却数
0x08D66734,20,0x08D66784,0x08CFACD0,.rodata,6,1,所持数
0x08D66734,21,0x08D66788,0x08CFACD8,.rodata,6,1,所持金
0x08D66734,22,0x08D6678C,0x08CFACE0,.rodata,4,1,合計
0x08D66734,23,0x08D66790,0x08CFACE8,.rodata,14,1,購入しますか？
0x08D66734,24,0x08D66794,0x08CFACF8,.rodata,55,1,%sが装備不可のアイテムが\n含まれています。購入しますか？
0x08D66734,25,0x08D66798,0x08CFAD30,.rodata,62,1,レディアント装備とユニーク装備が含まれています。売却しますか？
0x08D66734,26,0x08D6679C,0x08CFAD70,.rodata,48,1,レディアント装備が含まれています。売却しますか？
0x08D66734,27,0x08D667A0,0x08CFADA4,.rodata,44,1,ユニーク装備が含まれています。売却しますか？
0x08D66734,28,0x08D667A4,0x08CFADD4,.rodata,14,1,売却しますか？
0x08D66734,29,0x08D667A8,0x08CFADE4,.rodata,45,1,装備品が一杯のため、\n購入することができません
0x08D66734,30,0x08D667AC,0x08CFAE14,.rodata,20,1,所有グレードポイント
0x08D66734,31,0x08D667B0,0x08CFAE2C,.rodata,14,1,交換しますか？
0x08D66734,32,0x08D667B4,0x08CFAE3C,.rodata,44,1,グレードポイントが足りない為、交換出来ません
0x08D66734,33,0x08D667B8,0x08CFAE6C,.rodata,38,1,「%s」が交換されるまで、交換出来ません
0x08D66734,34,0x08D667BC,0x08CFAE94,.rodata,12,1,武器%dの場合
0x08D66734,35,0x08D667C0,0x08CFAEA4,.rodata,8,1,装備不可
0x08D66734,36,0x08D667C4,0x08CFAEB0,.rodata,12,1,装備可能職業
0x08D66734,37,0x08D667C8,0x08CFAEC0,.rodata,20,1,装備可能キャラクター
0x08D66734,38,0x08D667CC,0x08CFAED8,.rodata,12,1,攻撃力の変化
0x08D66734,39,0x08D667D0,0x08CFAEE8,.rodata,14,1,術攻撃力の変化
0x08D66734,40,0x08D667D4,0x08CFAEF8,.rodata,10,1,敏捷の変化
0x08D66734,41,0x08D667D8,0x08CFAF04,.rodata,12,1,防御力の変化
0x08D66734,42,0x08D667DC,0x08CFAF14,.rodata,14,1,術防御力の変化
0x08D66734,43,0x08D667E0,0x08CFAF24,.rodata,26,1,装備条件を満たしていません
0x08D66734,44,0x08D667E4,0x08CFAF40,.rodata,36,1,レベルが足りないので、試着できません
0x08D66734,45,0x08D667E8,0x08CFAF68,.rodata,42,1,装備可能な職業ではないので、試着できません
0x08D66734,46,0x08D667EC,0x08CFAF94,.rodata,43,1,テイルズ オブ専用装備なので、試着できません
0x08D66734,47,0x08D667F0,0x08CFAFC0,.rodata,14,1,装備しますか？
0x08D66734,48,0x08D667F4,0x08CFAFD0,.rodata,34,1,装備品をこれ以上持つ事は出来ません
0x08D66734,49,0x08D667F8,0x08CFAFF4,.rodata,4,0,%s G
0x08D66734,50,0x08D667FC,0x08CFAFFC,.rodata,5,0,%s GP
0x08D66818,0,0x08D66818,0x08CFB0B0,.rodata,12,1,装備を預ける
0x08D66818,1,0x08D6681C,0x08CFB0C0,.rodata,14,1,装備を取り出す
0x08D66818,2,0x08D66820,0x08CFB0D0,.rodata,18,1,アイテムを引き取る
0x08D66818,3,0x08D66824,0x08CFB0E4,.rodata,8,1,売却する
0x08D66818,4,0x08D66828,0x08CFB0F0,.rodata,12,1,を預けました
0x08D66818,5,0x08D6682C,0x08CFB100,.rodata,16,1,を取り出しました
0x08D66818,6,0x08D66830,0x08CFB114,.rodata,40,1,が装備中です。装備を預けられませんでした
0x08D66818,7,0x08D66834,0x08CFB140,.rodata,42,1,倉庫が一杯です。装備を預けられませんでした
0x08D66818,8,0x08D66838,0x08CFB16C,.rodata,44,1,所持品が一杯です。装備を取り出せませんでした
0x08D66818,9,0x08D6683C,0x08CFB19C,.rodata,8,1,最新獲得
0x08D66818,10,0x08D66840,0x08CFB1A8,.rodata,8,1,最新入庫
0x08D66818,11,0x08D66844,0x08CFB1B4,.rodata,10,1,作戦の設定
0x08D66818,12,0x08D66848,0x08CFB1C0,.rodata,56,1,作戦（基本行動と優先行動）を設定するメンバーを選択します
0x08D66818,13,0x08D6684C,0x08CFB1FC,.rodata,8,1,自由戦闘
0x08D66818,14,0x08D66850,0x08CFB208,.rodata,8,1,全力戦闘
0x08D66818,15,0x08D66854,0x08CFB214,.rodata,8,1,近接戦闘
0x08D66818,16,0x08D66858,0x08CFB220,.rodata,8,1,後方戦闘
0x08D66818,17,0x08D6685C,0x08CFB22C,.rodata,8,1,支援戦闘
0x08D66818,18,0x08D66860,0x08CFB238,.rodata,8,1,防御戦闘
0x08D66818,19,0x08D66864,0x08CFB244,.rodata,8,1,節約戦闘
0x08D66818,20,0x08D66868,0x08CFB250,.rodata,51,1,職業に応じた思考で戦闘を行う。\n隊列位置への影響なし
0x08D66818,21,0x08D6686C,0x08CFB284,.rodata,57,1,残ＴＰを気にせず、全力で戦闘を行う。\n隊列位置への影響なし
0x08D66818,22,0x08D66870,0x08CFB2C0,.rodata,47,1,常に敵の近くで戦闘を行う。\n隊列位置は敵に近付く
0x08D66818,23,0x08D66874,0x08CFB2F0,.rodata,49,1,常に敵の遠くで戦闘を行う。\n隊列位置は敵から離れる
0x08D66818,24,0x08D66878,0x08CFB324,.rodata,59,1,サポートや援護攻撃中心の戦闘を行う。\n隊列位置は敵から離れる
0x08D66818,25,0x08D6687C,0x08CFB360,.rodata,51,1,防御に比重をおいた戦闘を行う。\n隊列位置への影響なし
0x08D66818,26,0x08D66880,0x08CFB394,.rodata,55,1,ＴＰを使わない状態での戦闘を行う。\n隊列位置への影響なし
0x08D66818,27,0x08D66884,0x08CFB3CC,.rodata,6,1,攻撃系
0x08D66818,28,0x08D66888,0x08CFB3D4,.rodata,6,1,防御系
0x08D66818,29,0x08D6688C,0x08CFB3DC,.rodata,6,1,回復系
0x08D66818,30,0x08D66890,0x08CFB3E4,.rodata,6,1,補助系
0x08D66818,31,0x08D66894,0x08CFB3EC,.rodata,6,1,その他
0x08D66818,32,0x08D66898,0x08CFB3F4,.rodata,8,1,ひよっこ
0x08D66818,33,0x08D6689C,0x08CFB400,.rodata,6,1,初級者
0x08D66818,34,0x08D668A0,0x08CFB408,.rodata,6,1,中級者
0x08D66818,35,0x08D668A4,0x08CFB410,.rodata,8,1,ベテラン
0x08D66818,36,0x08D668A8,0x08CFB41C,.rodata,42,1,優先行動（%s編）が使えるようになりました！
0x08D66818,37,0x08D668AC,0x08CFB448,.rodata,20,1,敵と対面した時の隊列
0x08D66818,38,0x08D668B0,0x08CFB460,.rodata,2,1,前
0x08D66818,39,0x08D668B4,0x08CFB464,.rodata,2,1,中
0x08D66818,40,0x08D668B8,0x08CFB468,.rodata,2,1,後
0x08D66818,41,0x08D668BC,0x08CFB46C,.rodata,6,1,作戦名
0x08D66818,42,0x08D668C0,0x08CFB474,.rodata,8,1,基本行動
0x08D66818,43,0x08D668C4,0x08CFB480,.rodata,12,1,ＨＰ回復優先
0x08D66818,44,0x08D668C8,0x08CFB490,.rodata,12,1,ＴＰ回復優先
0x08D66818,45,0x08D668CC,0x08CFB4A0,.rodata,12,1,状態回復優先
0x08D66818,46,0x08D668D0,0x08CFB4B0,.rodata,4,1,外す
0x08D66818,47,0x08D668D4,0x08CFB4B8,.rodata,8,1,使用切替
0x08D66818,48,0x08D668D8,0x08CFB4C4,.rodata,8,1,術技使用
0x08D66818,49,0x08D668DC,0x08CFB4D0,.rodata,22,1,現在セットしている称号
0x08D66818,50,0x08D668E0,0x08CFB4E8,.rodata,8,1,獲得条件
0x08D66818,51,0x08D668E4,0x08CFB4F4,.rodata,8,1,称号効果
0x08D66818,52,0x08D668E8,0x08CFB500,.rodata,6,1,？？？
0x08D66818,53,0x08D668EC,0x08CFB508,.rodata,24,0,%5d/%02d/%02d  %02d:%02d
0x08D66818,54,0x08D668F0,0x08CFB524,.rodata,24,1,称号「%s」を手に入れた！
0x08D66818,55,0x08D668F4,0x08CFB540,.rodata,18,1,「%s」を入手した！
0x08D66818,56,0x08D668F8,0x08CFB554,.rodata,59,1,オプションのサウンドセレクトで\n「%s」が選択可能となりました
0x08D66818,57,0x08D668FC,0x08CFB590,.rodata,41,1,闘技場ミッションに\n「%s」が追加されました
0x08D66818,58,0x08D66900,0x08CFB5BC,.rodata,9,0,Widdersin
0x08D66818,59,0x08D66904,0x08CFB5C8,.rodata,17,0,Heavy Destruction
0x08D66818,60,0x08D66908,0x08CFB5DC,.rodata,14,0,Radiant Battle
0x08D66818,61,0x08D6690C,0x08CFB5EC,.rodata,13,0,Coup De Grbce
0x08D66818,62,0x08D66910,0x08CFB5FC,.rodata,16,1,オタオタの逆襲２
0x08D66818,63,0x08D66914,0x08CFB610,.rodata,6,1,術・技
0x08D66818,64,0x08D66918,0x08CFB618,.rodata,4,1,装備
0x08D66818,65,0x08D6691C,0x08CFB620,.rodata,8,1,アイテム
0x08D66818,66,0x08D66920,0x08CFB62C,.rodata,10,1,作戦・隊列
0x08D66818,67,0x08D66924,0x08CFB638,.rodata,10,1,ステータス
0x08D66818,68,0x08D66928,0x08CFB644,.rodata,4,1,生産
0x08D66818,69,0x08D6692C,0x08CFB64C,.rodata,10,1,ライブラリ
0x08D66818,70,0x08D66930,0x08CFB658,.rodata,8,1,システム
0x08D66818,71,0x08D66934,0x08CFB664,.rodata,4,1,料理
0x08D66818,72,0x08D66938,0x08CFB66C,.rodata,4,1,グミ
0x08D66818,73,0x08D6693C,0x08CFB674,.rodata,6,1,ボトル
0x08D66818,74,0x08D66940,0x08CFB67C,.rodata,8,1,クエスト
0x08D66818,75,0x08D66944,0x08CFB688,.rodata,8,1,称号実績
0x08D66818,76,0x08D66948,0x08CFB694,.rodata,8,1,装備図鑑
0x08D66818,77,0x08D6694C,0x08CFB6A0,.rodata,8,1,人物名鑑
0x08D66818,78,0x08D66950,0x08CFB6AC,.rodata,14,1,モンスター図鑑
0x08D66818,79,0x08D66954,0x08CFB6BC,.rodata,8,1,あらすじ
0x08D66818,80,0x08D66958,0x08CFB6C8,.rodata,12,1,ガイドブック
0x08D66818,81,0x08D6695C,0x08CFB6D8,.rodata,6,1,セーブ
0x08D66818,82,0x08D66960,0x08CFB6E0,.rodata,6,1,ロード
0x08D66818,83,0x08D66964,0x08CFB6E8,.rodata,10,1,データ削除
0x08D66818,84,0x08D66968,0x08CFB6F4,.rodata,10,1,オプション
0x08D66818,85,0x08D6696C,0x08CFB700,.rodata,14,1,タイトルに戻る
0x08D66818,86,0x08D66970,0x08CFB710,.rodata,6,1,所持金
0x08D66818,87,0x08D66974,0x08CFB718,.rodata,16,1,グレードポイント
0x08D66818,88,0x08D66978,0x08CFB72C,.rodata,8,1,経過時間
0x08D66818,89,0x08D6697C,0x08CFB738,.rodata,18,1,術・技の設定・確認
0x08D66818,90,0x08D66980,0x08CFB74C,.rodata,16,1,装備の変更・確認
0x08D66818,91,0x08D66984,0x08CFB760,.rodata,20,1,アイテムの使用・確認
0x08D66818,92,0x08D66988,0x08CFB778,.rodata,22,1,作戦・隊列の設定・確認
0x08D66818,93,0x08D6698C,0x08CFB790,.rodata,22,1,キャラクターの詳細情報
0x08D66818,94,0x08D66990,0x08CFB7A8,.rodata,24,1,料理、グミ、ボトルの生産
0x08D66818,95,0x08D66994,0x08CFB7C4,.rodata,32,1,クエスト情報及び様々な情報を確認
0x08D66818,96,0x08D66998,0x08CFB7E8,.rodata,18,1,データや環境の設定
0x08D66818,97,0x08D6699C,0x08CFB7FC,.rodata,32,1,食材を消費して料理し、食事を行う
0x08D66818,98,0x08D669A0,0x08CFB820,.rodata,30,1,グミ素材を消費して、グミを作る
0x08D66818,99,0x08D669A4,0x08CFB840,.rodata,34,1,ボトル素材を消費して、ボトルを作る
0x08D66818,100,0x08D669A8,0x08CFB864,.rodata,18,1,クエスト情報を確認
0x08D66818,101,0x08D669AC,0x08CFB878,.rodata,14,1,獲得称号を確認
0x08D66818,102,0x08D669B0,0x08CFB888,.rodata,22,1,装備アイテム情報を確認
0x08D66818,103,0x08D669B4,0x08CFB8A0,.rodata,22,1,キャラクター情報を確認
0x08D66818,104,0x08D669B8,0x08CFB8B8,.rodata,20,1,モンスター情報を確認
0x08D66818,105,0x08D669BC,0x08CFB8D0,.rodata,14,1,あらすじを確認
0x08D66818,106,0x08D669C0,0x08CFB8E0,.rodata,18,1,ガイドブックを確認
0x08D66818,107,0x08D669C4,0x08CFB8F4,.rodata,16,1,セーブを行います
0x08D66818,108,0x08D669C8,0x08CFB908,.rodata,16,1,ロードを行います
0x08D66818,109,0x08D669CC,0x08CFB91C,.rodata,20,1,データ削除を行います
0x08D66818,110,0x08D669D0,0x08CFB934,.rodata,16,1,設定を変更します
0x08D66818,111,0x08D669D4,0x08CFB948,.rodata,34,1,ゲームを終了してタイトルへ戻ります
0x08D66818,112,0x08D669D8,0x08CFB96C,.rodata,16,1,ネットワーク接続
0x08D66818,113,0x08D669DC,0x08CFB980,.rodata,60,1,インフラストラクチャーモードにて、連動サイトに接続を行います
0x08D66818,114,0x08D669E0,0x08CFB9C0,.rodata,12,1,エクスポート
0x08D66818,115,0x08D669E4,0x08CFB9D0,.rodata,40,1,サイトへアップロードするデータを作ります
0x08D66818,116,0x08D669E8,0x08CFB9FC,.rodata,10,1,インポート
0x08D66818,117,0x08D669EC,0x08CFBA08,.rodata,83,1,前作セーブデータやサイトからダウンロードしたデータを\n本作セーブデータに反映させます
0x08D66818,118,0x08D669F0,0x08CFBA5C,.rodata,12,1,データの削除
0x08D66818,119,0x08D669F4,0x08CFBA6C,.rodata,46,1,記録メディアに保存されているデータを削除します
0x08D66818,120,0x08D669F8,0x08CFBA9C,.rodata,8,1,通常接続
0x08D66818,121,0x08D669FC,0x08CFBAA8,.rodata,107,1,記録メディアに保存されているデータを読み込んで、\nインフラストラクチャーモードにて連動サイトに接続を行います
0x08D66818,122,0x08D66A00,0x08CFBB14,.rodata,8,1,初回接続
0x08D66818,123,0x08D66A04,0x08CFBB20,.rodata,115,1,サイトへアクセスする為に必要なデータを新規作成してから、\nインフラストラクチャーモードにて連動サイトに接続を行います
0x08D66818,124,0x08D66A08,0x08CFBB94,.rodata,28,1,傭兵データをエクスポートする
0x08D66818,125,0x08D66A0C,0x08CFBBB4,.rodata,46,1,サイトへアップロードする傭兵データを作成します
0x08D66818,126,0x08D66A10,0x08CFBBE4,.rodata,28,1,認証データをエクスポートする
0x08D66818,127,0x08D66A14,0x08CFBC04,.rodata,65,1,認証データを作成します。\nすでに認証データがある場合は上書きします
0x08D66818,128,0x08D66A18,0x08CFBC48,.rodata,20,1,傭兵データインポート
0x08D66818,129,0x08D66A1C,0x08CFBC60,.rodata,55,1,ダウンロードした傭兵データを\nセーブデータに反映させます
0x08D66818,130,0x08D66A20,0x08CFBC98,.rodata,24,1,アイテムデータインポート
0x08D66A28,0,0x08D66A28,0x08CFBCDC,.rodata,59,1,ダウンロードしたアイテムデータを\nセーブデータに反映させます
0x08D66A28,1,0x08D66A2C,0x08CFBD18,.rodata,30,1,前作セーブデータ特典インポート
0x08D66A28,2,0x08D66A30,0x08CFBD38,.rodata,139,1,レディアント マイソロジー、もしくは\nレディアント マイソロジー2のセーブデータ特典を、\nレディアント マイソロジー3のプレイデータへ反映させます
0x08D66A28,3,0x08D66A34,0x08CFBDC4,.rodata,45,1,なりきりダンジョンXセーブデータ特典インポート
0x08D66A28,4,0x08D66A38,0x08CFBDF4,.rodata,122,1,テイルズ オブ ファンタジア なりきりダンジョンXの\nセーブデータ特典を\nレディアント マイソロジー3のプレイデータへ反映させます
0x08D66A28,5,0x08D66A3C,0x08CFBE70,.rodata,96,1,新規に接続を行ないます\n認証データ作成→傭兵データ作成→\nインポートフォルダ作成\nの順番で進めます\n
0x08D66A28,6,0x08D66A40,0x08CFBED4,.rodata,22,1,認証データを作成します
0x08D66A28,7,0x08D66A44,0x08CFBEEC,.rodata,22,1,接続処理を中断しました
0x08D66A28,8,0x08D66A48,0x08CFBF04,.rodata,22,1,傭兵データを作成します
0x08D66A28,9,0x08D66A4C,0x08CFBF1C,.rodata,61,1,インフラストラクチャーモードにて、\n連動サイトに接続を行います
0x08D66A28,10,0x08D66A50,0x08CFBF5C,.rodata,36,1,すでにある認証データを使用しますか？
0x08D66A28,11,0x08D66A54,0x08CFBF84,.rodata,32,1,認証データが作成出来ませんでした
0x08D66A28,12,0x08D66A58,0x08CFBFA8,.rodata,20,1,接続を中断しますか？
0x08D66A28,13,0x08D66A5C,0x08CFBFC0,.rodata,32,1,認証データを読み込めませんでした
0x08D66A28,14,0x08D66A60,0x08CFBFE4,.rodata,61,1,認証データが存在しない場合は、\n先に認証データを作成して下さい
0x08D66A28,15,0x08D66A64,0x08CFC024,.rodata,41,1,傭兵の元になるセーブデータを\n選んで下さい
0x08D66A28,16,0x08D66A68,0x08CFC050,.rodata,34,1,セーブデータを読み込めませんでした
0x08D66A28,17,0x08D66A6C,0x08CFC074,.rodata,31,1,傭兵データを作成中です\n□□□□
0x08D66A28,18,0x08D66A70,0x08CFC094,.rodata,31,1,傭兵データを作成中です\n■□□□
0x08D66A28,19,0x08D66A74,0x08CFC0B4,.rodata,31,1,傭兵データを作成中です\n■■□□
0x08D66A28,20,0x08D66A78,0x08CFC0D4,.rodata,31,1,傭兵データを作成中です\n■■■□
0x08D66A28,21,0x08D66A7C,0x08CFC0F4,.rodata,31,1,傭兵データを作成中です\n■■■■
0x08D66A28,22,0x08D66A80,0x08CFC114,.rodata,18,1,作成に失敗しました
0x08D66A28,23,0x08D66A84,0x08CFC128,.rodata,42,1,傭兵データのエクスポートを行いませんでした
0x08D66A28,24,0x08D66A88,0x08CFC154,.rodata,32,1,傭兵データをエクスポートしました
0x08D66A28,25,0x08D66A8C,0x08CFC178,.rodata,30,1,傭兵データを作成しませんでした
0x08D66A28,26,0x08D66A90,0x08CFC198,.rodata,55,1,作成する認証データの元になる\nセーブデータを選んで下さい
0x08D66A28,27,0x08D66A94,0x08CFC1D0,.rodata,38,1,傭兵データのエクスポートに失敗しました
0x08D66A28,28,0x08D66A98,0x08CFC1F8,.rodata,160,1,選択されたセーブデータに以下の特典を反映しました\n  ・称号『テレジアの救世主』\n  ・闘技場ミッション『異世界のディセンダー』\n  ・装備『クラシックレザー装備一式』\n
0x08D66A28,29,0x08D66A9C,0x08CFC29C,.rodata,142,1,選択されたセーブデータに以下の特典を反映しました\n  ・称号『グラニデの救世主』\n  ・闘技場ミッション『穢れの王』\n  ・装備『トライアル装備一式』\n
0x08D66A28,30,0x08D66AA0,0x08CFC32C,.rodata,36,1,前作のセーブデータがありませんでした
0x08D66A28,31,0x08D66AA4,0x08CFC354,.rodata,78,1,テイルズ オブ ザ ワールド レディアント マイソロジーの\nセーブデータがありました
0x08D66A28,32,0x08D66AA8,0x08CFC3A4,.rodata,79,1,テイルズ オブ ザ ワールド レディアント マイソロジー2の\nセーブデータがありました
0x08D66A28,33,0x08D66AAC,0x08CFC3F4,.rodata,133,1,テイルズ オブ ザ ワールド レディアント マイソロジーと\nテイルズ オブ ザ ワールド レディアント マイソロジー2の\nセーブデータがありました
0x08D66A28,34,0x08D66AB0,0x08CFC47C,.rodata,132,1,選択されたセーブデータに以下の特典を反映しました\n  ・装備『クラースの帽子Ｘ』\n  ・装備『エターナルソードＸ』\n  ・装備『慈愛の杖Ｘ』\n
0x08D66A28,35,0x08D66AB4,0x08CFC504,.rodata,79,1,テイルズ オブ ファンタジア なりきりダンジョンXの\nセーブデータがありませんでした
0x08D66A28,36,0x08D66AB8,0x08CFC554,.rodata,73,1,テイルズ オブ ファンタジア なりきりダンジョンXの\nセーブデータがありました
0x08D66A28,37,0x08D66ABC,0x08CFC5A0,.rodata,43,1,インポートするセーブデータを\n選択して下さい
0x08D66A28,38,0x08D66AC0,0x08CFC5CC,.rodata,45,1,このセーブデータには\nすでにインポート済みです
0x08D66A28,39,0x08D66AC4,0x08CFC5FC,.rodata,26,1,セーブデータを更新しました
0x08D66A28,40,0x08D66AC8,0x08CFC618,.rodata,46,1,装備品の特典アイテムは倉庫から受け取り可能です
0x08D66A28,41,0x08D66ACC,0x08CFC648,.rodata,46,1,ＤＬクエストキーはロックスから受け取り可能です
0x08D66A28,42,0x08D66AD0,0x08CFC678,.rodata,46,1,ＤＬクエストキーはロックスから受け取り済みです
0x08D66A28,43,0x08D66AD4,0x08CFC6A8,.rodata,65,1,ＤＬクエストキーはインポート済みです\nロックスから受け取り可能です
0x08D66A28,44,0x08D66AD8,0x08CFC6EC,.rodata,24,1,インポートを中断しました
0x08D66A28,45,0x08D66ADC,0x08CFC708,.rodata,63,1,アイテムデータが読み込めませんでした。\nインポートを中断しました
0x08D66A28,46,0x08D66AE0,0x08CFC748,.rodata,76,1,アイテムデータを読み込みました。\nインポートするセーブデータを選択して\n下さい
0x08D66A28,47,0x08D66AE4,0x08CFC798,.rodata,115,1,このセーブデータには\n未取得のインポートデータがあります。\nインポートを実行する前に\n倉庫からアイテムを取得して下さい
0x08D66A28,48,0x08D66AE8,0x08CFC80C,.rodata,38,1,アイテムデータの読み込みに失敗しました
0x08D66A28,49,0x08D66AEC,0x08CFC834,.rodata,30,1,アイテムデータが破損しています
0x08D66A28,50,0x08D66AF0,0x08CFC854,.rodata,61,1,アイテムデータに問題があります。\nインポートする事は出来ません
0x08D66A28,51,0x08D66AF4,0x08CFC894,.rodata,36,1,このデータは既にインポート済みです。
0x08D66A28,52,0x08D66AF8,0x08CFC8BC,.rodata,59,1,傭兵データが読み込めませんでした。\nインポートを中断しました
0x08D66A28,53,0x08D66AFC,0x08CFC8BC,.rodata,59,1,傭兵データが読み込めませんでした。\nインポートを中断しました
0x08D66A28,54,0x08D66B00,0x08CFC8F8,.rodata,26,1,傭兵データを読み込みました
0x08D66A28,55,0x08D66B04,0x08CFC914,.rodata,116,1,以前に傭兵データをインポートしたセーブ\nデータに、新しい傭兵データをインポート\nした場合、前回の傭兵は消えてしまいます
0x08D66A28,56,0x08D66B08,0x08CFC98C,.rodata,34,1,傭兵データの読み込みに失敗しました
0x08D66A28,57,0x08D66B0C,0x08CFC9B0,.rodata,26,1,傭兵データが破損しています
0x08D66A28,58,0x08D66B10,0x08CFC9CC,.rodata,57,1,傭兵データに問題があります。\nインポートする事は出来ません
0x08D66A28,59,0x08D66B14,0x08CFCA08,.rodata,55,1,ダウンロードしたデータと\nセーブデータが適合していません
0x08D66A28,60,0x08D66B18,0x08CFCA40,.rodata,32,1,データのインポートに失敗しました
0x08D66A28,61,0x08D66B1C,0x08CFCA64,.rodata,24,1,認証データを読み込みます
0x08D66A28,62,0x08D66B20,0x08CFCA80,.rodata,26,1,認証データが破損しています
0x08D66A28,63,0x08D66B24,0x08CFCA9C,.rodata,26,1,認証データを読み込みました
0x08D66A28,64,0x08D66B28,0x08CFCAB8,.rodata,34,1,すでに認証データが作成されています
0x08D66A28,65,0x08D66B2C,0x08CFCADC,.rodata,92,1,既存のデータがあります。\n上書きすると、登録アカウントに\nアクセス出来なくなる可能性があります
0x08D66A28,66,0x08D66B30,0x08CFCB3C,.rodata,84,1,記録メディアを検出出来ませんでした。\n%dKB以上の空き容量がある\n記録メディアが必要です
0x08D66A28,67,0x08D66B34,0x08CFCB94,.rodata,26,1,インポートを中断しますか？
0x08D66A28,68,0x08D66B38,0x08CFCBB0,.rodata,32,1,データを保存せずに終了しますか？
0x08D66A28,69,0x08D66B3C,0x08CFCBD4,.rodata,16,1,上書きしますか？
0x08D66A28,70,0x08D66B40,0x08CFCBE8,.rodata,55,1,記録メディアに既にデータが存在します。\n上書きしますか？
0x08D66A28,71,0x08D66B44,0x08CFCC20,.rodata,83,1,スリープモードに移行したためデータの作成を中断しました。\nもう一度作成を行いますか？
0x08D66A28,72,0x08D66B48,0x08CFCBB0,.rodata,32,1,データを保存せずに終了しますか？
0x08D66B50,0,0x08D66B50,0x08CFCCC4,.rodata,71,1,ネットワーク接続をするにはダウンロード用の\nフォルダを作る必要があります
0x08D66B50,1,0x08D66B54,0x08CFCD0C,.rodata,35,1,記録メディアを検出出来ませんでした\n
0x08D66B50,2,0x08D66B58,0x08CFCD30,.rodata,41,1,破損したインポートフォルダを検出しました\n
0x08D66B50,3,0x08D66B5C,0x08CFCD5C,.rodata,55,1,「データの削除」よりフォルダを削除して\nやり直して下さい
0x08D66B50,4,0x08D66B60,0x08CFCD94,.rodata,14,1,作成しますか？
0x08D66B50,5,0x08D66B64,0x08CFCDA4,.rodata,30,1,フォルダを作成出来ませんでした
0x08D66B50,6,0x08D66B68,0x08CFCDC4,.rodata,22,1,フォルダを作成しました
0x08D66B50,7,0x08D66B6C,0x08CFCA64,.rodata,24,1,認証データを読み込みます
0x08D66B50,8,0x08D66B70,0x08CFBFC0,.rodata,32,1,認証データを読み込めませんでした
0x08D66B50,9,0x08D66B74,0x08CFCDDC,.rodata,77,1,テイルズ オブ ザ ワールド\nレディアント マイソロジー3の\n連動サイト用データです
0x08D66B50,10,0x08D66B78,0x08CFCE2C,.rodata,18,1,連動サイト用データ
0x08D66B50,11,0x08D66B7C,0x08CFCE40,.rodata,81,1,テイルズ オブ ザ ワールド\nレディアント マイソロジー3の\n連動サイト用認証データです
0x08D66B50,12,0x08D66B80,0x08CFCE94,.rodata,10,1,認証データ
0x08D66B50,13,0x08D66B84,0x08CFCDDC,.rodata,77,1,テイルズ オブ ザ ワールド\nレディアント マイソロジー3の\n連動サイト用データです
0x08D66B50,14,0x08D66B88,0x08CFCEA0,.rodata,30,1,連動サイト用インポートフォルダ
0x08D66B50,15,0x08D66B8C,0x08CFCEC0,.rodata,197,1,ＥＸＴＲＡモードはオートセーブ機能に対応しています。\nオートセーブ中にはメモリースティック[TM]アクセスランプが\n点滅しますので、その間は記録メディアを抜いたり、\n本体の電源を切ったりしないでください。
0x08D66B50,16,0x08D66B90,0x08CFCF88,.rodata,16,1,アルマナック遺跡
0x08D66B50,17,0x08D66B94,0x08CFCF9C,.rodata,14,1,霊峰アブソール
0x08D66B50,18,0x08D66B98,0x08CFCFAC,.rodata,14,1,ヴェラトローパ
0x08D66B50,19,0x08D66B9C,0x08CFCFBC,.rodata,14,1,ブラウニー坑道
0x08D66B50,20,0x08D66BA0,0x08CFCFCC,.rodata,12,1,カダイフ砂漠
0x08D66B50,21,0x08D66BA4,0x08CFCFDC,.rodata,14,1,オルタータ火山
0x08D66B50,22,0x08D66BA8,0x08CFCFEC,.rodata,16,1,聖地ラングリース
0x08D66B50,23,0x08D66BAC,0x08CFD000,.rodata,18,1,エラン・ヴィタール
0x08D66B50,24,0x08D66BB0,0x08CFD014,.rodata,12,1,ルバーブ連山
0x08D66B50,25,0x08D66BB4,0x08CFD024,.rodata,12,1,シフノ湧泉洞
0x08D66B50,26,0x08D66BB8,0x08CFD034,.rodata,18,1,コンフェイト大森林
0x08D66B50,27,0x08D66BBC,0x08CFD048,.rodata,12,1,ボルテックス
0x08D66BC4,0,0x08D66BC4,0x08CFD058,.rodata,10,1,ルミナシア
0x08D66BC4,1,0x08D66BC8,0x08CFD064,.rodata,10,1,ジルディア
0x08D66BC4,2,0x08D66BCC,0x08CFD070,.rodata,6,1,パスカ
0x08D66BC4,3,0x08D66BD0,0x08CFD078,.rodata,8,1,グラニデ
0x08D66BC4,4,0x08D66BD4,0x08CFD084,.rodata,8,1,ペカン村
0x08D66BC4,5,0x08D66BD8,0x08CFD090,.rodata,10,1,ヘーゼル村
0x08D66BC4,6,0x08D66BDC,0x08CFD09C,.rodata,12,1,ウリズン帝国
0x08D66BC4,7,0x08D66BE0,0x08CFD0AC,.rodata,4,1,帝国
0x08D66BC4,8,0x08D66BE4,0x08CFD0B4,.rodata,12,1,ガルバンゾ国
0x08D66BC4,9,0x08D66BE8,0x08CFD0C4,.rodata,10,1,ガルバンゾ
0x08D66BC4,10,0x08D66BEC,0x08CFD0D0,.rodata,10,1,モラード村
0x08D66BC4,11,0x08D66BF0,0x08CFD0DC,.rodata,10,1,ミブナの里
0x08D66BC4,12,0x08D66BF4,0x08CFD0E8,.rodata,6,1,ミブナ
0x08D66BC4,13,0x08D66BF8,0x08CFD0F0,.rodata,8,1,ライマ国
0x08D66BC4,14,0x08D66BFC,0x08CFD0FC,.rodata,6,1,ライマ
0x08D66C04,0,0x08D66C04,0x08CFD104,.rodata,4,1,星晶
0x08D66C04,1,0x08D66C08,0x08CFD10C,.rodata,16,1,オルタ・ビレッジ
0x08D66C04,2,0x08D66C0C,0x08CFD120,.rodata,12,1,コクヨウ玉虫
0x08D66C04,3,0x08D66C10,0x08CFD130,.rodata,8,1,暁の従者
0x08D66C04,4,0x08D66C14,0x08CFD13C,.rodata,8,1,光気丹術
0x08D66C04,5,0x08D66C18,0x08CFD148,.rodata,10,1,光気丹術経
0x08D66C04,6,0x08D66C1C,0x08CFD154,.rodata,16,1,ソウルアルケミー
0x08D66C04,7,0x08D66C20,0x08CFD168,.rodata,10,1,ドクメント
0x08D66C04,8,0x08D66C24,0x08CFD174,.rodata,8,1,ヒトの祖
0x08D66C04,9,0x08D66C28,0x08CFD180,.rodata,8,1,封印次元
0x08D66C04,10,0x08D66C2C,0x08CFD18C,.rodata,6,1,塩水晶
0x08D66C04,11,0x08D66C30,0x08CFD194,.rodata,16,1,ツリガネトンボ草
0x08D66C04,12,0x08D66C34,0x08CFD1A8,.rodata,14,1,ウズマキフスベ
0x08D66C04,13,0x08D66C38,0x08CFD1B8,.rodata,16,1,コピーズ・ロッド
0x08D66C04,14,0x08D66C3C,0x08CFD1CC,.rodata,12,1,オイルツリー
0x08D66C04,15,0x08D66C40,0x08CFD1DC,.rodata,12,1,ユルングの樹
0x08D66C04,16,0x08D66C44,0x08CFD1EC,.rodata,6,1,風来草
0x08D66C04,17,0x08D66C48,0x08CFD1F4,.rodata,8,1,ギベオン
0x08D66C04,18,0x08D66C4C,0x08CFD200,.rodata,16,1,トランスクリプタ
0x08D66C54,0,0x08D66C54,0x08CFD214,.rodata,55,1,記録メディアに既にデータが存在します。\n上書きしますか？
0x08D66C54,1,0x08D66C58,0x08CFD24C,.rodata,32,1,データを保存せずに終了しますか？
0x08D66C54,2,0x08D66C5C,0x08CFD270,.rodata,83,1,スリープモードに移行したためデータの作成を中断しました。\nもう一度作成を行いますか？
0x08D66C54,3,0x08D66C60,0x08CFD2C4,.rodata,12,1,ゲームクリア
0x08D66C54,4,0x08D66C64,0x08CFD2D4,.rodata,16,1,バンエルティア号
0x08D66C54,5,0x08D66C68,0x08CFD2E8,.rodata,14,1,ワールドマップ
0x08D66C54,6,0x08D66C6C,0x08CFD2F8,.rodata,8,1,経過時間
0x08D66C54,7,0x08D66C70,0x08CFD304,.rodata,8,0,%3d:%02d
0x08D66C54,8,0x08D66C74,0x08CFD310,.rodata,19,0,LV%03d HP%4d TP%3d\n
0x08D66C54,9,0x08D66C78,0x08CFD324,.rodata,6,1,展望室
0x08D66C54,10,0x08D66C7C,0x08CFD32C,.rodata,6,1,操舵室
0x08D66C54,11,0x08D66C80,0x08CFD334,.rodata,6,1,ホール
0x08D66C54,12,0x08D66C84,0x08CFD33C,.rodata,6,1,機関室
0x08D66C54,13,0x08D66C88,0x08CFD344,.rodata,4,1,船室
0x08D66C54,14,0x08D66C8C,0x08CFD34C,.rodata,4,1,３Ｆ
0x08D66C54,15,0x08D66C90,0x08CFD354,.rodata,4,1,２Ｆ
0x08D66C54,16,0x08D66C94,0x08CFD35C,.rodata,4,1,１Ｆ
0x08D66C54,17,0x08D66C98,0x08CFD364,.rodata,6,1,Ｂ１Ｆ
0x08D66C54,18,0x08D66C9C,0x08CFD36C,.rodata,6,1,Ｂ２Ｆ
0x08D66C54,19,0x08D66CA0,0x08CFD374,.rodata,8,1,ショップ
0x08D66C54,20,0x08D66CA4,0x08CFD380,.rodata,10,1,１Ｆ通路Ａ
0x08D66C54,21,0x08D66CA8,0x08CFD38C,.rodata,6,1,２号室
0x08D66C54,22,0x08D66CAC,0x08CFD394,.rodata,6,1,１号室
0x08D66C54,23,0x08D66CB0,0x08CFD39C,.rodata,4,1,食堂
0x08D66C54,24,0x08D66CB4,0x08CFD3A4,.rodata,4,1,甲板
0x08D66C54,25,0x08D66CB8,0x08CFD3AC,.rodata,6,1,医務室
0x08D66C54,26,0x08D66CBC,0x08CFD3B4,.rodata,6,1,３号室
0x08D66C54,27,0x08D66CC0,0x08CFD3BC,.rodata,6,1,４号室
0x08D66C54,28,0x08D66CC4,0x08CFD3C4,.rodata,10,1,１Ｆ通路Ｂ
0x08D66C54,29,0x08D66CC8,0x08CFD3D0,.rodata,6,1,研究室
0x08D66C54,30,0x08D66CCC,0x08CFD3D8,.rodata,12,1,Ｂ１Ｆ通路Ａ
0x08D66C54,31,0x08D66CD0,0x08CFD3E8,.rodata,6,1,７号室
0x08D66C54,32,0x08D66CD4,0x08CFD3F0,.rodata,6,1,６号室
0x08D66C54,33,0x08D66CD8,0x08CFD3F8,.rodata,6,1,５号室
0x08D66C54,34,0x08D66CDC,0x08CFD400,.rodata,6,1,８号室
0x08D66C54,35,0x08D66CE0,0x08CFD408,.rodata,6,1,９号室
0x08D66C54,36,0x08D66CE4,0x08CFD410,.rodata,8,1,１０号室
0x08D66C54,37,0x08D66CE8,0x08CFD41C,.rodata,12,1,Ｂ１Ｆ通路Ｂ
0x08D66C54,38,0x08D66CEC,0x08CFD42C,.rodata,4,1,船倉
0x08D66C54,39,0x08D66CF0,0x08CFD434,.rodata,8,1,１４号室
0x08D66C54,40,0x08D66CF4,0x08CFD440,.rodata,8,1,１３号室
0x08D66C54,41,0x08D66CF8,0x08CFD44C,.rodata,8,1,１２号室
0x08D66C54,42,0x08D66CFC,0x08CFD458,.rodata,8,1,１１号室
0x08D66C54,43,0x08D66D00,0x08CFD464,.rodata,8,1,１５号室
0x08D66C54,44,0x08D66D04,0x08CFD470,.rodata,8,1,１６号室
0x08D66C54,45,0x08D66D08,0x08CFD47C,.rodata,8,1,１７号室
0x08D66C54,46,0x08D66D0C,0x08CFD488,.rodata,8,1,１８号室
0x08D66C54,47,0x08D66D10,0x08CFD494,.rodata,12,1,艦内見取り図
0x08D66C54,48,0x08D66D14,0x08CFD4A4,.rodata,14,1,フロア切り替え
0x08D66C54,49,0x08D66D18,0x08CFD4B4,.rodata,12,1,部屋切り替え
0x08D66C54,50,0x08D66D1C,0x08CFD4C4,.rodata,4,1,戻る
0x08D66C54,51,0x08D66D20,0x08CFD4CC,.rodata,12,1,新規クエスト
0x08D66C54,52,0x08D66D24,0x08CFD4DC,.rodata,8,1,クエスト
0x08D66C54,53,0x08D66D28,0x08CFD4E8,.rodata,6,1,依頼人
0x08D66C54,54,0x08D66D2C,0x08CFD4F0,.rodata,14,1,メインイベント
0x08D66C54,55,0x08D66D30,0x08CFD500,.rodata,12,1,サブイベント
0x08D66C54,56,0x08D66D34,0x08CFD510,.rodata,14,1,デフォルト演奏
0x08D66C54,57,0x08D66D38,0x08CFD520,.rodata,12,1,ランダム演奏
0x08D66C54,58,0x08D66D3C,0x08CFD510,.rodata,14,1,デフォルト演奏
0x08D66C54,59,0x08D66D40,0x08CFD520,.rodata,12,1,ランダム演奏
0x08D66C54,60,0x08D66D44,0x08CFD530,.rodata,20,1,全戦闘曲から選択する
0x08D66C54,61,0x08D66D48,0x08CFD548,.rodata,22,1,通常戦闘曲から選択する
0x08D66C54,62,0x08D66D4C,0x08CFD560,.rodata,22,1,ボス戦闘曲から選択する
0x08D66C54,63,0x08D66D50,0x08CFD578,.rodata,18,1,シリーズで絞り込む
0x08D66C54,64,0x08D66D54,0x08CFD58C,.rodata,22,1,アーティストで絞り込む
0x08D66C54,65,0x08D66D58,0x08CFD510,.rodata,14,1,デフォルト演奏
0x08D66C54,66,0x08D66D5C,0x08CFD520,.rodata,12,1,ランダム演奏
0x08D66C54,67,0x08D66D60,0x08CFD5A4,.rodata,20,1,全船内曲から選択する
0x08D66C54,68,0x08D66D64,0x08CFD5BC,.rodata,26,1,テイルズ オブ ファンタジア
0x08D66C54,69,0x08D66D68,0x08CFD5D8,.rodata,26,1,テイルズ オブ デスティニー
0x08D66C54,70,0x08D66D6C,0x08CFD5F4,.rodata,24,1,テイルズ オブ エターニア
0x08D66C54,71,0x08D66D70,0x08CFD610,.rodata,23,1,テイルズ オブ ジ アビス
0x08D66C54,72,0x08D66D74,0x08CFD628,.rodata,28,1,テイルズ オブ デスティニー２
0x08D66C54,73,0x08D66D78,0x08CFD648,.rodata,26,1,テイルズ オブ シンフォニア
0x08D66C54,74,0x08D66D7C,0x08CFD664,.rodata,22,1,テイルズ オブ リバース
0x08D66C54,75,0x08D66D80,0x08CFD67C,.rodata,28,1,テイルズ オブ レジェンディア
0x08D66C54,76,0x08D66D84,0x08CFD69C,.rodata,27,1,テイルズ オブ ザ テンペスト
0x08D66C54,77,0x08D66D88,0x08CFD6B8,.rodata,24,1,テイルズ オブ イノセンス
0x08D66C54,78,0x08D66D8C,0x08CFD6D4,.rodata,26,1,テイルズ オブ ヴェスペリア
0x08D66D94,0,0x08D66D94,0x08CFD710,.rodata,20,1,テイルズ オブ ハーツ
0x08D66D94,1,0x08D66D98,0x08CFD728,.rodata,24,1,テイルズ オブ グレイセス
0x08D66D94,2,0x08D66D9C,0x08CFD744,.rodata,25,1,レディアント マイソロジー
0x08D66D94,3,0x08D66DA0,0x08CFD760,.rodata,27,1,レディアント マイソロジー２
0x08D66D94,4,0x08D66DA4,0x08CFD77C,.rodata,27,1,レディアント マイソロジー３
0x08D66D94,5,0x08D66DA8,0x08CFD798,.rodata,7,1,桜庭 統
0x08D66D94,6,0x08D66DAC,0x08CFD7A0,.rodata,9,1,中村 和宏
0x08D66D94,7,0x08D66DB0,0x08CFD7AC,.rodata,7,1,椎名 豪
0x08D66D94,8,0x08D66DB4,0x08CFD7B4,.rodata,38,1,曲の指定は行わず、標準の曲を演奏します
0x08D66D94,9,0x08D66DB8,0x08CFD7DC,.rodata,36,1,選択可能な曲からランダムで演奏します
0x08D66D94,10,0x08D66DBC,0x08CFD804,.rodata,32,1,全ての選択可能な曲から選択します
0x08D66D94,11,0x08D66DC0,0x08CFD828,.rodata,28,1,通常戦闘曲の中から選択します
0x08D66D94,12,0x08D66DC4,0x08CFD848,.rodata,28,1,ボス戦闘曲の中から選択します
0x08D66D94,13,0x08D66DC8,0x08CFD868,.rodata,28,1,シリーズ別に曲を絞り込みます
0x08D66D94,14,0x08D66DCC,0x08CFD888,.rodata,32,1,アーティスト別に曲を絞り込みます
0x08D66D94,15,0x08D66DD0,0x08CFD7B4,.rodata,38,1,曲の指定は行わず、標準の曲を演奏します
0x08D66D94,16,0x08D66DD4,0x08CFD7DC,.rodata,36,1,選択可能な曲からランダムで演奏します
0x08D66D94,17,0x08D66DD8,0x08CFD804,.rodata,32,1,全ての選択可能な曲から選択します
0x08D66D94,18,0x08D66DDC,0x08CFD8AC,.rodata,52,1,テイルズ オブ ファンタジアの戦闘曲の中から選択します
0x08D66D94,19,0x08D66DE0,0x08CFD8E4,.rodata,52,1,テイルズ オブ デスティニーの戦闘曲の中から選択します
0x08D66D94,20,0x08D66DE4,0x08CFD91C,.rodata,50,1,テイルズ オブ エターニアの戦闘曲の中から選択します
0x08D66D94,21,0x08D66DE8,0x08CFD950,.rodata,49,1,テイルズ オブ ジ アビスの戦闘曲の中から選択します
0x08D66D94,22,0x08D66DEC,0x08CFD984,.rodata,54,1,テイルズ オブ デスティニー２の戦闘曲の中から選択します
0x08D66D94,23,0x08D66DF0,0x08CFD9BC,.rodata,52,1,テイルズ オブ シンフォニアの戦闘曲の中から選択します
0x08D66D94,24,0x08D66DF4,0x08CFD9F4,.rodata,48,1,テイルズ オブ リバースの戦闘曲の中から選択します
0x08D66D94,25,0x08D66DF8,0x08CFDA28,.rodata,54,1,テイルズ オブ レジェンディアの戦闘曲の中から選択します
0x08D66D94,26,0x08D66DFC,0x08CFDA60,.rodata,53,1,テイルズ オブ ザ テンペストの戦闘曲の中から選択します
0x08D66D94,27,0x08D66E00,0x08CFDA98,.rodata,50,1,テイルズ オブ イノセンスの戦闘曲の中から選択します
0x08D66D94,28,0x08D66E04,0x08CFDACC,.rodata,52,1,テイルズ オブ ヴェスペリアの戦闘曲の中から選択します
0x08D66E0C,0,0x08D66E0C,0x08CFDB3C,.rodata,46,1,テイルズ オブ ハーツの戦闘曲の中から選択します
0x08D66E0C,1,0x08D66E10,0x08CFDB6C,.rodata,50,1,テイルズ オブ グレイセスの戦闘曲の中から選択します
0x08D66E0C,2,0x08D66E14,0x08CFDBA0,.rodata,51,1,レディアント マイソロジーの戦闘曲の中から選択します
0x08D66E0C,3,0x08D66E18,0x08CFDBD4,.rodata,53,1,レディアント マイソロジー２の戦闘曲の中から選択します
0x08D66E0C,4,0x08D66E1C,0x08CFDC0C,.rodata,53,1,レディアント マイソロジー３の戦闘曲の中から選択します
0x08D66E0C,5,0x08D66E20,0x08CFDC44,.rodata,49,1,桜庭 統氏が作曲／編曲した戦闘曲の中から選択します
0x08D66E0C,6,0x08D66E24,0x08CFDC78,.rodata,51,1,中村 和宏氏が作曲／編曲した戦闘曲の中から選択します
0x08D66E0C,7,0x08D66E28,0x08CFDCAC,.rodata,49,1,椎名 豪氏が作曲／編曲した戦闘曲の中から選択します
0x08D66E0C,8,0x08D66E2C,0x08CFDCE0,.rodata,42,1,データインストールのデータを使用しますか？
0x08D66E0C,9,0x08D66E30,0x08CFDD0C,.rodata,12,1,ルバーブ連山
0x08D66E0C,10,0x08D66E34,0x08CFDD1C,.rodata,18,1,コンフェイト大森林
0x08D66E0C,11,0x08D66E38,0x08CFDD30,.rodata,14,1,ブラウニー坑道
0x08D66E0C,12,0x08D66E3C,0x08CFDD40,.rodata,14,1,オルタータ火山
0x08D66E0C,13,0x08D66E40,0x08CFDD50,.rodata,12,1,カダイフ砂漠
0x08D66E0C,14,0x08D66E44,0x08CFDD60,.rodata,16,1,アルマナック遺跡
0x08D66E0C,15,0x08D66E48,0x08CFDD74,.rodata,14,1,霊峰アブソール
0x08D66E0C,16,0x08D66E4C,0x08CFDD84,.rodata,14,1,ヴェラトローパ
0x08D66E0C,17,0x08D66E50,0x08CFDD94,.rodata,12,1,シフノ湧泉洞
0x08D66E0C,18,0x08D66E54,0x08CFDDA4,.rodata,16,1,聖地ラングリース
0x08D66E0C,19,0x08D66E58,0x08CFDDB8,.rodata,18,1,エラン・ヴィタール
0x08D66E0C,20,0x08D66E5C,0x08CFDDCC,.rodata,10,1,追憶の坑道
0x08D66E0C,21,0x08D66E60,0x08CFDDD8,.rodata,6,1,闘技場
0x08D66E0C,22,0x08D66E64,0x08CFDDE0,.rodata,18,1,バンエルティア号へ
0x08D66E0C,23,0x08D66E68,0x08CFDDF4,.rodata,53,1,アンジュから、%sに\n%sへ自由に立ち入る許可が下りました
0x08D66E0C,24,0x08D66E6C,0x08CFDE2C,.rodata,72,1,ブラウニー坑道の、立て坑 最深地点より\n追憶の坑道に入れるようになりました
0x08D66E0C,25,0x08D66E70,0x08CFDE78,.rodata,67,1,パーティメンバーに空きがあります\nあと%d人、参加させることができます
0x08D66E0C,26,0x08D66E74,0x08CFDEBC,.rodata,32,1,料理「%s」の効果が無くなりました
0x08D66E0C,27,0x08D66E78,0x08CFDEE0,.rodata,30,1,バンエルティア号へ戻りますか？
0x08D66E0C,28,0x08D66E7C,0x08CFDF00,.rodata,36,1,目的地ではありませんが、入りますか？
0x08D66E0C,29,0x08D66E80,0x08CFDF28,.rodata,14,0,■ Information
0x08D66E0C,30,0x08D66E84,0x08CFDF38,.rodata,36,1,移動したいダンジョンを選んでください
0x08D66E0C,31,0x08D66E88,0x08CFDF60,.rodata,4,1,入る
0x08D66E0C,32,0x08D66E8C,0x08CFDF68,.rodata,17,1,%s\nに入りますか？
0x08D66E0C,33,0x08D66E90,0x08CFDF7C,.rodata,4,1,移動
0x08D66E0C,34,0x08D66E94,0x08CFDF84,.rodata,14,1,ショートカット
0x08D66E0C,35,0x08D66E98,0x08CFDDE0,.rodata,18,1,バンエルティア号へ
0x08D66E0C,36,0x08D66E9C,0x08CFDF94,.rodata,10,1,ページ送り
0x08D66E0C,37,0x08D66EA0,0x08CFDFA0,.rodata,4,1,選択
0x08D66E0C,38,0x08D66EA4,0x08CFDFA8,.rodata,4,1,決定
0x08D66E0C,39,0x08D66EA8,0x08CFDFB0,.rodata,12,1,船内階層移動
0x08D66EB0,0,0x08D66EB0,0x08CFE30C,.rodata,6,1,クレス
0x08D66EB0,1,0x08D66EB4,0x08CFE314,.rodata,6,1,ミント
0x08D66EB0,2,0x08D66EB8,0x08CFE31C,.rodata,10,1,チェスター
0x08D66EB0,3,0x08D66EBC,0x08CFE328,.rodata,8,1,アーチェ
0x08D66EB0,4,0x08D66EC0,0x08CFE334,.rodata,4,1,すず
0x08D66EB0,5,0x08D66EC4,0x08CFE33C,.rodata,6,1,スタン
0x08D66EB0,6,0x08D66EC8,0x08CFE344,.rodata,8,1,ルーティ
0x08D66EB0,7,0x08D66ECC,0x08CFE350,.rodata,8,1,フィリア
0x08D66EB0,8,0x08D66ED0,0x08CFE35C,.rodata,6,1,リオン
0x08D66EB0,9,0x08D66ED4,0x08CFE364,.rodata,10,1,ウッドロウ
0x08D66EB0,10,0x08D66ED8,0x08CFE370,.rodata,10,1,チェルシー
0x08D66EB0,11,0x08D66EDC,0x08CFE37C,.rodata,10,1,コングマン
0x08D66EB0,12,0x08D66EE0,0x08CFE388,.rodata,6,1,リリス
0x08D66EB0,13,0x08D66EE4,0x08CFE390,.rodata,6,1,カイル
0x08D66EB0,14,0x08D66EE8,0x08CFE398,.rodata,6,1,リアラ
0x08D66EB0,15,0x08D66EEC,0x08CFE3A0,.rodata,4,1,ロニ
0x08D66EB0,16,0x08D66EF0,0x08CFE3A8,.rodata,10,1,ジューダス
0x08D66EB0,17,0x08D66EF4,0x08CFE3B4,.rodata,8,1,ナナリー
0x08D66EB0,18,0x08D66EF8,0x08CFE3C0,.rodata,8,1,ハロルド
0x08D66EB0,19,0x08D66EFC,0x08CFE3CC,.rodata,6,1,リッド
0x08D66EB0,20,0x08D66F00,0x08CFE3D4,.rodata,6,1,ファラ
0x08D66EB0,21,0x08D66F04,0x08CFE3DC,.rodata,6,1,キール
0x08D66EB0,22,0x08D66F08,0x08CFE3E4,.rodata,8,1,メルディ
0x08D66EB0,23,0x08D66F0C,0x08CFE3F0,.rodata,8,1,チャット
0x08D66EB0,24,0x08D66F10,0x08CFE3FC,.rodata,10,1,セルシウス
0x08D66EB0,25,0x08D66F14,0x08CFE408,.rodata,6,1,ロイド
0x08D66EB0,26,0x08D66F18,0x08CFE410,.rodata,8,1,コレット
0x08D66EB0,27,0x08D66F1C,0x08CFE41C,.rodata,10,1,ジーニアス
0x08D66EB0,28,0x08D66F20,0x08CFE428,.rodata,8,1,リフィル
0x08D66EB0,29,0x08D66F24,0x08CFE434,.rodata,8,1,クラトス
0x08D66EB0,30,0x08D66F28,0x08CFE440,.rodata,6,1,しいな
0x08D66EB0,31,0x08D66F2C,0x08CFE448,.rodata,6,1,ゼロス
0x08D66EB0,32,0x08D66F30,0x08CFE450,.rodata,8,1,プレセア
0x08D66EB0,33,0x08D66F34,0x08CFE45C,.rodata,6,1,エミル
0x08D66EB0,34,0x08D66F38,0x08CFE464,.rodata,6,1,マルタ
0x08D66EB0,35,0x08D66F3C,0x08CFE46C,.rodata,8,1,リヒター
0x08D66EB0,36,0x08D66F40,0x08CFE478,.rodata,8,1,ヴェイグ
0x08D66EB0,37,0x08D66F44,0x08CFE484,.rodata,6,1,クレア
0x08D66EB0,38,0x08D66F48,0x08CFE48C,.rodata,10,1,ユージーン
0x08D66EB0,39,0x08D66F4C,0x08CFE498,.rodata,4,1,マオ
0x08D66EB0,40,0x08D66F50,0x08CFE4A0,.rodata,10,1,ティトレイ
0x08D66EB0,41,0x08D66F54,0x08CFE4AC,.rodata,6,1,アニー
0x08D66EB0,42,0x08D66F58,0x08CFE4B4,.rodata,6,1,セネル
0x08D66EB0,43,0x08D66F5C,0x08CFE4BC,.rodata,10,1,シャーリィ
0x08D66EB0,44,0x08D66F60,0x08CFE4C8,.rodata,6,1,ウィル
0x08D66EB0,45,0x08D66F64,0x08CFE4D0,.rodata,6,1,クロエ
0x08D66EB0,46,0x08D66F68,0x08CFE4D8,.rodata,6,1,ノーマ
0x08D66EB0,47,0x08D66F6C,0x08CFE4E0,.rodata,6,1,ジェイ
0x08D66EB0,48,0x08D66F70,0x08CFE4E8,.rodata,6,1,ルーク
0x08D66EB0,49,0x08D66F74,0x08CFE4F0,.rodata,6,1,ティア
0x08D66EB0,50,0x08D66F78,0x08CFE4F8,.rodata,4,1,ガイ
0x08D66EB0,51,0x08D66F7C,0x08CFE500,.rodata,8,1,ジェイド
0x08D66EB0,52,0x08D66F80,0x08CFE50C,.rodata,6,1,アニス
0x08D66EB0,53,0x08D66F84,0x08CFE514,.rodata,8,1,ナタリア
0x08D66EB0,54,0x08D66F88,0x08CFE520,.rodata,8,1,アッシュ
0x08D66EB0,55,0x08D66F8C,0x08CFE52C,.rodata,6,1,ヴァン
0x08D66EB0,56,0x08D66F90,0x08CFE534,.rodata,8,1,カイウス
0x08D66EB0,57,0x08D66F94,0x08CFE540,.rodata,6,1,ルビア
0x08D66EB0,58,0x08D66F98,0x08CFE548,.rodata,4,1,ルカ
0x08D66EB0,59,0x08D66F9C,0x08CFE550,.rodata,6,1,イリア
0x08D66EB0,60,0x08D66FA0,0x08CFE558,.rodata,8,1,スパーダ
0x08D66EB0,61,0x08D66FA4,0x08CFE564,.rodata,8,1,アンジュ
0x08D66EB0,62,0x08D66FA8,0x08CFE570,.rodata,8,1,リカルド
0x08D66EB0,63,0x08D66FAC,0x08CFE57C,.rodata,6,1,ユーリ
0x08D66EB0,64,0x08D66FB0,0x08CFE584,.rodata,8,1,エステル
0x08D66EB0,65,0x08D66FB4,0x08CFE590,.rodata,10,1,ジュディス
0x08D66EB0,66,0x08D66FB8,0x08CFE59C,.rodata,4,1,リタ
0x08D66EB0,67,0x08D66FBC,0x08CFE5A4,.rodata,8,1,レイヴン
0x08D66EB0,68,0x08D66FC0,0x08CFE5B0,.rodata,6,1,フレン
0x08D66EB0,69,0x08D66FC4,0x08CFE5B8,.rodata,6,1,シング
0x08D66EB0,70,0x08D66FC8,0x08CFE5C0,.rodata,6,1,コハク
0x08D66EB0,71,0x08D66FCC,0x08CFE5C8,.rodata,6,1,ヒスイ
0x08D66EB0,72,0x08D66FD0,0x08CFE5D0,.rodata,8,1,アスベル
0x08D66EB0,73,0x08D66FD4,0x08CFE5DC,.rodata,6,1,ソフィ
0x08D66EB0,74,0x08D66FD8,0x08CFE5E4,.rodata,8,1,シェリア
0x08D66EB0,75,0x08D66FDC,0x08CFE5F0,.rodata,6,1,ダオス
0x08D66EB0,76,0x08D66FE0,0x08CFE5F8,.rodata,10,1,バルバトス
0x08D66EB0,77,0x08D66FE4,0x08CFE604,.rodata,12,1,ユグドラシル
0x08D66EB0,78,0x08D66FE8,0x08CFE614,.rodata,4,1,サレ
0x08D66EB0,79,0x08D66FEC,0x08CFE61C,.rodata,6,1,ミミー
0x08D66EB0,80,0x08D66FF0,0x08CFE624,.rodata,10,1,クィッキー
0x08D66EB0,81,0x08D66FF4,0x08CFE630,.rodata,8,1,キュッポ
0x08D66EB0,82,0x08D66FF8,0x08CFE63C,.rodata,6,1,ピッポ
0x08D66EB0,83,0x08D66FFC,0x08CFE644,.rodata,6,1,ポッポ
0x08D66EB0,84,0x08D67000,0x08CFE64C,.rodata,6,1,コーダ
0x08D66EB0,85,0x08D67004,0x08CFE654,.rodata,8,1,カノンノ
0x08D66EB0,86,0x08D67008,0x08CFE660,.rodata,20,1,オリジナル・カノンノ
0x08D66EB0,87,0x08D6700C,0x08CFE678,.rodata,16,1,パスカ・カノンノ
0x08D66EB0,88,0x08D67010,0x08CFE68C,.rodata,20,1,カノンノ・イアハート
0x08D66EB0,89,0x08D67014,0x08CFE6A4,.rodata,8,1,ロックス
0x08D66EB0,90,0x08D67018,0x08CFE6B0,.rodata,6,1,ニアタ
0x08D66EB0,91,0x08D6701C,0x08CFE6B8,.rodata,12,1,ウィダーシン
0x08D66EB0,92,0x08D67020,0x08CFE6C8,.rodata,6,1,ゲーデ
0x08D66EB0,93,0x08D67024,0x08CFE6D0,.rodata,6,1,モルモ
0x08D66EB0,94,0x08D67028,0x08CFE6D8,.rodata,8,1,ラザリス
0x08D66EB0,95,0x08D6702C,0x08CFE6E4,.rodata,10,1,ラザリス２
0x08D66EB0,96,0x08D67030,0x08CFE6F0,.rodata,6,1,アーダ
0x08D66EB0,97,0x08D67034,0x08CFE6F8,.rodata,10,1,リザーブ１
0x08D66EB0,98,0x08D67038,0x08CFE704,.rodata,10,1,リザーブ２
0x08D66EB0,99,0x08D6703C,0x08CFE710,.rodata,10,1,リザーブ３
0x08D66EB0,100,0x08D67040,0x08CFE71C,.rodata,8,1,ジョアン
0x08D66EB0,101,0x08D67044,0x08CFE728,.rodata,6,1,ミゲル
0x08D66EB0,102,0x08D67048,0x08CFE730,.rodata,6,1,トマス
0x08D66EB0,103,0x08D6704C,0x08CFE738,.rodata,4,1,青年
0x08D66EB0,104,0x08D67050,0x08CFE740,.rodata,4,1,女性
0x08D66EB0,105,0x08D67054,0x08CFE748,.rodata,16,1,暁の従者・信者１
0x08D66EB0,106,0x08D67058,0x08CFE75C,.rodata,16,1,暁の従者・信者２
0x08D66EB0,107,0x08D6705C,0x08CFE770,.rodata,16,1,暁の従者・信者３
0x08D66EB0,108,0x08D67060,0x08CFE784,.rodata,16,1,暁の従者・信者４
0x08D66EB0,109,0x08D67064,0x08CFE798,.rodata,6,1,手配犯
0x08D66EB0,110,0x08D67068,0x08CFE7A0,.rodata,6,1,部下Ａ
0x08D66EB0,111,0x08D6706C,0x08CFE7A8,.rodata,6,1,部下Ｂ
0x08D66EB0,112,0x08D67070,0x08CFE7B0,.rodata,6,1,悪漢Ａ
0x08D66EB0,113,0x08D67074,0x08CFE7B8,.rodata,6,1,悪漢Ｂ
0x08D827A8,0,0x08D827A8,0x08D04AD0,.rodata,2,0,wa
0x08D827A8,1,0x08D827AC,0x08D04AD4,.rodata,2,0,sw
0x08D827A8,2,0x08D827B0,0x08D04AD8,.rodata,2,0,ms
0x08D827A8,3,0x08D827B4,0x08D04ADC,.rodata,2,0,k1
0x08D827A8,4,0x08D827B8,0x08D04AE0,.rodata,2,0,ac
0x08D827A8,5,0x08D827BC,0x08D04AE4,.rodata,2,0,tf
0x08D827A8,6,0x08D827C0,0x08D04AE8,.rodata,2,0,nj
0x08D827A8,7,0x08D827C4,0x08D04AEC,.rodata,2,0,mg
0x08D827A8,8,0x08D827C8,0x08D04AF0,.rodata,2,0,pr
0x08D827A8,9,0x08D827CC,0x08D04AF4,.rodata,2,0,bs
0x08D827A8,10,0x08D827D0,0x08D04AF8,.rodata,2,0,df
0x08D827A8,11,0x08D827D4,0x08D04AFC,.rodata,2,0,gf
0x08D827A8,12,0x08D827D8,0x08D04B00,.rodata,2,0,mk
0x08D827A8,13,0x08D827DC,0x08D04B04,.rodata,2,0,pt
0x08D827A8,14,0x08D827E0,0x08D04B08,.rodata,2,0,kg
0x08D827A8,15,0x08D827E4,0x08D04B0C,.rodata,2,0,gn
0x08D83230,0,0x08D83230,0x08D055A8,.rodata,34,1,現在受けているクエストはありません
0x08D83230,1,0x08D83234,0x08D055CC,.rodata,32,1,%sのモンスターを%d匹退治せよ！！
0x08D83230,2,0x08D83238,0x08D055F0,.rodata,20,1,%sを%d匹退治せよ！！
0x08D83230,3,0x08D8323C,0x08D055F0,.rodata,20,1,%sを%d匹退治せよ！！
0x08D83230,4,0x08D83240,0x08D05608,.rodata,22,1,%sを%d個ゲットしろ！！
0x08D83230,5,0x08D83244,0x08D05608,.rodata,22,1,%sを%d個ゲットしろ！！
0x08D83230,6,0x08D83248,0x08D05608,.rodata,22,1,%sを%d個ゲットしろ！！
0x08D83230,7,0x08D8324C,0x08D05620,.rodata,38,1,青い宝箱から、目的の品をゲットしろ！！
0x08D83230,8,0x08D83250,0x08D05648,.rodata,24,1,%sと対決して勝利せよ！！
0x08D83230,9,0x08D83254,0x08D05664,.rodata,16,1,%sを退治せよ！！
0x08D83230,10,0x08D83258,0x08D05678,.rodata,4,1,なし
0x08D83230,11,0x08D8325C,0x08D05680,.rodata,18,1,緑道　３を目指せ！
0x08D83230,12,0x08D83260,0x08D05694,.rodata,32,1,ハナアブラダケを10個ゲットしろ！
0x08D83230,13,0x08D83264,0x08D05678,.rodata,4,1,なし
0x08D83230,14,0x08D83268,0x08D05620,.rodata,38,1,青い宝箱から、目的の品をゲットしろ！！
0x08D83230,15,0x08D8326C,0x08D05678,.rodata,4,1,なし
0x08D83230,16,0x08D83270,0x08D056B8,.rodata,28,1,４層　最深ポイントを目指せ！
0x08D83230,17,0x08D83274,0x08D05678,.rodata,4,1,なし
0x08D83230,18,0x08D83278,0x08D056D8,.rodata,24,1,クレスの仲間を探し出せ！
0x08D83230,19,0x08D8327C,0x08D056F4,.rodata,22,1,ウッドロウを探し出せ！
0x08D83230,20,0x08D83280,0x08D0570C,.rodata,20,1,少年剣士を探し出せ！
0x08D83230,21,0x08D83284,0x08D05724,.rodata,24,1,弓使いの少女を探し出せ！
0x08D83230,22,0x08D83288,0x08D05740,.rodata,30,1,ギルドに招いた教師を探し出せ！
0x08D83230,23,0x08D8328C,0x08D05760,.rodata,24,1,ロイドの仲間を探し出せ！
0x08D83230,24,0x08D83290,0x08D0577C,.rodata,28,1,ジーニアスの友達を探し出せ！
0x08D83230,25,0x08D83294,0x08D0579C,.rodata,28,1,ユージーンの仲間を探し出せ！
0x08D83230,26,0x08D83298,0x08D057BC,.rodata,26,1,この土地に潜む悪漢を追え！
0x08D83230,27,0x08D8329C,0x08D057D8,.rodata,18,1,ノーマを探し出せ！
0x08D83230,28,0x08D832A0,0x08D057EC,.rodata,18,1,ジェイを探し出せ！
0x08D83230,29,0x08D832A4,0x08D05800,.rodata,24,1,ルークの仲間を探し出せ！
0x08D83230,30,0x08D832A8,0x08D0581C,.rodata,26,1,ジェイドの部下を探し出せ！
0x08D83230,31,0x08D832AC,0x08D05838,.rodata,20,1,リカルドを探し出せ！
0x08D83230,32,0x08D832B0,0x08D05850,.rodata,18,1,フレンを探し出せ！
0x08D83230,33,0x08D832B4,0x08D05864,.rodata,26,1,誘拐犯と被害者を探し出せ！
0x08D83230,34,0x08D832B8,0x08D05880,.rodata,26,1,アスベルの仲間を探し出せ！
0x08D83230,35,0x08D832BC,0x08D0589C,.rodata,28,1,ワンダーパン職人を探し出せ！
0x08D83230,36,0x08D832C0,0x08D058BC,.rodata,18,1,ミミーを探し出せ！
0x08D83230,37,0x08D832C4,0x08D058BC,.rodata,18,1,ミミーを探し出せ！
0x08D83230,38,0x08D832C8,0x08D058BC,.rodata,18,1,ミミーを探し出せ！
0x08D83230,39,0x08D832CC,0x08D058BC,.rodata,18,1,ミミーを探し出せ！
0x08D83230,40,0x08D832D0,0x08D058D0,.rodata,18,1,ポッポを探し出せ！
0x08D83230,41,0x08D832D4,0x08D058E4,.rodata,16,1,%sを発見しました
0x08D83230,42,0x08D832D8,0x08D058E4,.rodata,16,1,%sを発見しました
0x08D83230,43,0x08D832DC,0x08D058F8,.rodata,16,1,%sに勝利しました
0x08D83230,44,0x08D832E0,0x08D0590C,.rodata,16,1,%sに敗北しました
0x08D83230,45,0x08D832E4,0x08D05920,.rodata,22,1,クエストを達成しました
0x08D83230,46,0x08D832E8,0x08D05938,.rodata,14,1,あと、%d匹です
0x08D83230,47,0x08D832EC,0x08D05948,.rodata,24,1,指定の退治数に達しました
0x08D83230,48,0x08D832F0,0x08D05964,.rodata,38,1,指定アイテムの獲得が要求数に達しました
0x08D83230,49,0x08D832F4,0x08D0598C,.rodata,32,1,既にアイテムを持っているようです
0x08D83230,50,0x08D832F8,0x08D059B0,.rodata,38,1,指定された貴重品を全て見つけ出しました
0x08D83230,51,0x08D832FC,0x08D059D8,.rodata,22,1,クエストが完了しました
0x08D83230,52,0x08D83300,0x08D059F0,.rodata,20,1,%sを%d個入手しました
0x08D83230,53,0x08D83304,0x08D05A08,.rodata,16,1,%dガルド得ました
0x08D83230,54,0x08D83308,0x08D05A1C,.rodata,30,1,バンエルティア号に戻りますか？
0x08D83230,55,0x08D8330C,0x08D05A3C,.rodata,28,1,%sを%d個入手出来ませんでした
0x08D83230,56,0x08D83310,0x08D05A5C,.rodata,22,1,アイテムを渡しますか？
0x08D83230,57,0x08D83314,0x08D05A74,.rodata,24,1,アイテムを納品しています
0x08D83230,58,0x08D83318,0x08D05A90,.rodata,18,1,%sを%d個渡しました
0x08D83230,59,0x08D8331C,0x08D05AA4,.rodata,24,1,クエストを破棄しますか？
0x08D83230,60,0x08D83320,0x08D05AC0,.rodata,22,1,クエストを破棄しました
0x08D83230,61,0x08D83324,0x08D05AD8,.rodata,26,1,このクエストを受けますか？
0x08D83230,62,0x08D83328,0x08D05AF4,.rodata,16,1,%sを入手しました
0x08D83230,63,0x08D8332C,0x08D05B08,.rodata,46,1,パッと戻れるのは、クエストを達成した後だけです
0x08D83230,64,0x08D83330,0x08D05B38,.rodata,22,1,%sの討伐に成功しました
0x08D83230,65,0x08D83334,0x08D05B50,.rodata,38,1,ターゲットをパーティから外してください
0x08D83230,66,0x08D83338,0x08D05B78,.rodata,40,1,パーティの人数がメンバー数を超えています
0x08D83230,67,0x08D8333C,0x08D05BA4,.rodata,48,1,このクエストを受けるにはあと%d人の空きが必要です
0x08D83230,68,0x08D83340,0x08D05BD8,.rodata,44,1,パーティを解散してこのクエストを受けますか？
0x08D83230,69,0x08D83344,0x08D05C08,.rodata,22,1,パーティを解散しました
0x08D83230,70,0x08D83348,0x08D05C20,.rodata,26,1,%sがパーティから抜けました
0x08D83230,71,0x08D8334C,0x08D05C3C,.rodata,26,1,%sがパーティに加わりました
0x08D83230,72,0x08D83350,0x08D05C58,.rodata,16,1,%sを破棄しました
0x08D83230,73,0x08D83354,0x08D05C6C,.rodata,36,1,パーティ編成に制限があるクエストです
0x08D83230,74,0x08D83358,0x08D05C94,.rodata,46,1,パーティ人数は%d人以内で編成する必要があります
0x08D83230,75,0x08D8335C,0x08D05CC4,.rodata,30,1,メンバーに%sが指定されています
0x08D83230,76,0x08D83360,0x08D05CE4,.rodata,14,1,パーティ解散中
0x08D83230,77,0x08D83364,0x08D05CF4,.rodata,14,1,パーティ編成中
0x08D83230,78,0x08D83368,0x08D05D04,.rodata,22,1,現在のメンバーは%sです
0x08D83230,79,0x08D8336C,0x08D05D1C,.rodata,46,1,パーティを再編成してこのクエストを受けますか？
0x08D83230,80,0x08D83370,0x08D05D4C,.rodata,51,1,パーティから外れるメンバーの\n装備を全て外しますか？
0x08D83230,81,0x08D83374,0x08D05D80,.rodata,59,1,アイテムが一杯なので、\n装備を解除することが出来ませんでした
0x08D83230,82,0x08D83378,0x08D05DBC,.rodata,65,1,アイテムが一杯なので、\n全員の装備を解除することが出来ませんでした
0x08D83230,83,0x08D8337C,0x08D05E00,.rodata,11,0,Information
0x08D83230,84,0x08D83380,0x08D05E0C,.rodata,102,1,称号は、メニューのライブラリで確認出来ます。\nまた、得られた称号をセットする事で\n様々な効果が得られます
0x08D833FC,0,0x08D833FC,0x08D05F64,.rodata,16,1,クエストを受ける
0x08D833FC,1,0x08D83400,0x08D05F78,.rodata,12,1,パーティ編成
0x08D833FC,2,0x08D83404,0x08D05F88,.rodata,12,1,パーティ解散
0x08D833FC,3,0x08D83408,0x08D05F98,.rodata,8,1,転職する
0x08D833FC,4,0x08D8340C,0x08D05FA4,.rodata,14,1,全員の装備変更
0x08D833FC,5,0x08D83410,0x08D05FB4,.rodata,18,1,クエストを破棄する
0x08D833FC,6,0x08D83414,0x08D05FC8,.rodata,16,1,クエスト達成報告
0x08D833FC,7,0x08D83418,0x08D06100,.rodata,8,1,情報切替
0x08D833FC,8,0x08D8341C,0x08D0610C,.rodata,4,1,決定
0x08D833FC,9,0x08D83420,0x08D06114,.rodata,4,1,戻る
0x08D833FC,10,0x08D83424,0x08D06208,.rodata,4,1,無し
0x08D833FC,11,0x08D83428,0x08D06210,.rodata,6,1,クレス
0x08D833FC,12,0x08D8342C,0x08D06218,.rodata,6,1,ミント
0x08D833FC,13,0x08D83430,0x08D06220,.rodata,10,1,チェスター
0x08D833FC,14,0x08D83434,0x08D0622C,.rodata,8,1,アーチェ
0x08D833FC,15,0x08D83438,0x08D06238,.rodata,4,1,すず
0x08D833FC,16,0x08D8343C,0x08D06240,.rodata,6,1,スタン
0x08D833FC,17,0x08D83440,0x08D06248,.rodata,8,1,ルーティ
0x08D833FC,18,0x08D83444,0x08D06254,.rodata,8,1,フィリア
0x08D833FC,19,0x08D83448,0x08D06260,.rodata,6,1,リオン
0x08D833FC,20,0x08D8344C,0x08D06268,.rodata,10,1,ウッドロウ
0x08D833FC,21,0x08D83450,0x08D06274,.rodata,10,1,チェルシー
0x08D833FC,22,0x08D83454,0x08D06280,.rodata,10,1,コングマン
0x08D833FC,23,0x08D83458,0x08D0628C,.rodata,6,1,リリス
0x08D833FC,24,0x08D8345C,0x08D06294,.rodata,6,1,リッド
0x08D833FC,25,0x08D83460,0x08D0629C,.rodata,6,1,ファラ
0x08D833FC,26,0x08D83464,0x08D062A4,.rodata,6,1,キール
0x08D833FC,27,0x08D83468,0x08D062AC,.rodata,8,1,メルディ
0x08D833FC,28,0x08D8346C,0x08D062B8,.rodata,8,1,チャット
0x08D833FC,29,0x08D83470,0x08D062C4,.rodata,10,1,セルシウス
0x08D833FC,30,0x08D83474,0x08D062D0,.rodata,6,1,カイル
0x08D833FC,31,0x08D83478,0x08D062D8,.rodata,6,1,リアラ
0x08D833FC,32,0x08D8347C,0x08D062E0,.rodata,4,1,ロニ
0x08D833FC,33,0x08D83480,0x08D062E8,.rodata,10,1,ジューダス
0x08D833FC,34,0x08D83484,0x08D062F4,.rodata,8,1,ナナリー
0x08D833FC,35,0x08D83488,0x08D06300,.rodata,8,1,ハロルド
0x08D833FC,36,0x08D8348C,0x08D0630C,.rodata,6,1,ロイド
0x08D833FC,37,0x08D83490,0x08D06314,.rodata,8,1,コレット
0x08D833FC,38,0x08D83494,0x08D06320,.rodata,10,1,ジーニアス
0x08D833FC,39,0x08D83498,0x08D0632C,.rodata,8,1,リフィル
0x08D833FC,40,0x08D8349C,0x08D06338,.rodata,8,1,クラトス
0x08D833FC,41,0x08D834A0,0x08D06344,.rodata,6,1,しいな
0x08D833FC,42,0x08D834A4,0x08D0634C,.rodata,6,1,ゼロス
0x08D833FC,43,0x08D834A8,0x08D06354,.rodata,8,1,プレセア
0x08D833FC,44,0x08D834AC,0x08D06360,.rodata,8,1,ヴェイグ
0x08D833FC,45,0x08D834B0,0x08D0636C,.rodata,6,1,クレア
0x08D833FC,46,0x08D834B4,0x08D06374,.rodata,10,1,ユージーン
0x08D833FC,47,0x08D834B8,0x08D06380,.rodata,4,1,マオ
0x08D833FC,48,0x08D834BC,0x08D06388,.rodata,10,1,ティトレイ
0x08D833FC,49,0x08D834C0,0x08D06394,.rodata,6,1,アニー
0x08D833FC,50,0x08D834C4,0x08D0639C,.rodata,6,1,セネル
0x08D833FC,51,0x08D834C8,0x08D063A4,.rodata,10,1,シャーリィ
0x08D833FC,52,0x08D834CC,0x08D063B0,.rodata,6,1,ウィル
0x08D833FC,53,0x08D834D0,0x08D063B8,.rodata,6,1,クロエ
0x08D833FC,54,0x08D834D4,0x08D063C0,.rodata,6,1,ノーマ
0x08D833FC,55,0x08D834D8,0x08D063C8,.rodata,6,1,ジェイ
0x08D833FC,56,0x08D834DC,0x08D063D0,.rodata,6,1,ルーク
0x08D833FC,57,0x08D834E0,0x08D063D8,.rodata,6,1,ティア
0x08D833FC,58,0x08D834E4,0x08D063E0,.rodata,4,1,ガイ
0x08D833FC,59,0x08D834E8,0x08D063E8,.rodata,8,1,ジェイド
0x08D833FC,60,0x08D834EC,0x08D063F4,.rodata,6,1,アニス
0x08D833FC,61,0x08D834F0,0x08D063FC,.rodata,8,1,ナタリア
0x08D833FC,62,0x08D834F4,0x08D06408,.rodata,8,1,アッシュ
0x08D833FC,63,0x08D834F8,0x08D06414,.rodata,6,1,ヴァン
0x08D833FC,64,0x08D834FC,0x08D0641C,.rodata,8,1,カイウス
0x08D833FC,65,0x08D83500,0x08D06428,.rodata,6,1,ルビア
0x08D833FC,66,0x08D83504,0x08D06430,.rodata,4,1,ルカ
0x08D833FC,67,0x08D83508,0x08D06438,.rodata,6,1,イリア
0x08D833FC,68,0x08D8350C,0x08D06440,.rodata,8,1,スパーダ
0x08D833FC,69,0x08D83510,0x08D0644C,.rodata,8,1,アンジュ
0x08D833FC,70,0x08D83514,0x08D06458,.rodata,8,1,リカルド
0x08D833FC,71,0x08D83518,0x08D06464,.rodata,6,1,ユーリ
0x08D833FC,72,0x08D8351C,0x08D0646C,.rodata,8,1,エステル
0x08D833FC,73,0x08D83520,0x08D06478,.rodata,10,1,ジュディス
0x08D833FC,74,0x08D83524,0x08D06484,.rodata,4,1,リタ
0x08D833FC,75,0x08D83528,0x08D0648C,.rodata,8,1,レイヴン
0x08D833FC,76,0x08D8352C,0x08D06498,.rodata,6,1,フレン
0x08D833FC,77,0x08D83530,0x08D064A0,.rodata,6,1,エミル
0x08D833FC,78,0x08D83534,0x08D064A8,.rodata,6,1,マルタ
0x08D833FC,79,0x08D83538,0x08D064B0,.rodata,8,1,リヒター
0x08D833FC,80,0x08D8353C,0x08D064BC,.rodata,6,1,シング
0x08D833FC,81,0x08D83540,0x08D064C4,.rodata,6,1,コハク
0x08D833FC,82,0x08D83544,0x08D064CC,.rodata,6,1,ヒスイ
0x08D833FC,83,0x08D83548,0x08D064D4,.rodata,8,1,アスベル
0x08D833FC,84,0x08D8354C,0x08D064E0,.rodata,6,1,ソフィ
0x08D833FC,85,0x08D83550,0x08D064E8,.rodata,8,1,シェリア
0x08D833FC,86,0x08D83554,0x08D064F4,.rodata,8,1,カノンノ
0x08D833FC,87,0x08D83558,0x08D06500,.rodata,20,1,オリジナル・カノンノ
0x08D833FC,88,0x08D8355C,0x08D06518,.rodata,16,1,パスカ・カノンノ
0x08D833FC,89,0x08D83560,0x08D0652C,.rodata,20,1,カノンノ・イアハート
0x08D833FC,90,0x08D83564,0x08D06544,.rodata,6,1,ダオス
0x08D833FC,91,0x08D83568,0x08D0654C,.rodata,10,1,バルバトス
0x08D833FC,92,0x08D8356C,0x08D06558,.rodata,12,1,ユグドラシル
0x08D833FC,93,0x08D83570,0x08D06568,.rodata,4,1,サレ
0x08D833FC,94,0x08D83574,0x08D06570,.rodata,6,1,ミミー
0x08D833FC,95,0x08D83578,0x08D06578,.rodata,10,1,クィッキー
0x08D833FC,96,0x08D8357C,0x08D06584,.rodata,8,1,キュッポ
0x08D833FC,97,0x08D83580,0x08D06590,.rodata,6,1,ピッポ
0x08D833FC,98,0x08D83584,0x08D06598,.rodata,6,1,ポッポ
0x08D833FC,99,0x08D83588,0x08D065A0,.rodata,6,1,コーダ
0x08D833FC,100,0x08D8358C,0x08D065A8,.rodata,6,1,アーダ
0x08D833FC,101,0x08D83590,0x08D065B0,.rodata,8,1,パニール
0x08D833FC,102,0x08D83594,0x08D065BC,.rodata,6,1,ニアタ
0x08D833FC,103,0x08D83598,0x08D065C4,.rodata,12,1,ウィダーシン
0x08D833FC,104,0x08D8359C,0x08D065D4,.rodata,6,1,ゲーデ
0x08D833FC,105,0x08D835A0,0x08D065DC,.rodata,6,1,モルモ
0x08D833FC,106,0x08D835A4,0x08D065E4,.rodata,8,1,ラザリス
0x08D833FC,107,0x08D835A8,0x08D065E4,.rodata,8,1,ラザリス
0x08D833FC,108,0x08D835AC,0x08D065F0,.rodata,8,1,ジョアン
0x08D833FC,109,0x08D835B0,0x08D065FC,.rodata,10,1,村長トマス
0x08D833FC,110,0x08D835B4,0x08D06608,.rodata,12,1,男の子ジャン
0x08D833FC,111,0x08D835B8,0x08D06618,.rodata,12,1,女の子ルシア
0x08D833FC,112,0x08D835BC,0x08D06628,.rodata,12,1,行商人ガメル
0x08D833FC,113,0x08D835C0,0x08D06638,.rodata,14,1,夢見る少女リナ
0x08D833FC,114,0x08D835C4,0x08D06648,.rodata,18,1,新米狩人ジェロニモ
0x08D833FC,115,0x08D835C8,0x08D0665C,.rodata,18,1,地方領主レイモンド
0x08D833FC,116,0x08D835CC,0x08D06670,.rodata,20,1,雑貨屋店主フンダクル
0x08D833FC,117,0x08D835D0,0x08D06688,.rodata,16,1,細工職人ディアナ
0x08D833FC,118,0x08D835D4,0x08D0669C,.rodata,14,1,収集家ヘラルド
0x08D833FC,119,0x08D835D8,0x08D066AC,.rodata,14,1,占い婆アイーダ
0x08D833FC,120,0x08D835DC,0x08D066BC,.rodata,18,1,鍛冶職人アレックス
0x08D833FC,121,0x08D835E0,0x08D066D0,.rodata,18,1,上級研究員ニコラス
0x08D833FC,122,0x08D835E4,0x08D066E4,.rodata,18,1,警備隊隊長ダニエル
0x08D833FC,123,0x08D835E8,0x08D066F8,.rodata,12,1,採鉱員ラモン
0x08D833FC,124,0x08D835EC,0x08D06708,.rodata,18,1,青年実業家エゴイツ
0x08D833FC,125,0x08D835F0,0x08D0671C,.rodata,12,1,大地主マウイ
0x08D833FC,126,0x08D835F4,0x08D0672C,.rodata,20,1,セレブ夫人シルヴィア
0x08D833FC,127,0x08D835F8,0x08D06744,.rodata,16,1,美食家カロリーナ
0x08D833FC,128,0x08D835FC,0x08D06758,.rodata,12,1,薬剤師ジェマ
0x08D833FC,129,0x08D83600,0x08D06768,.rodata,12,1,整体師テレサ
0x08D833FC,130,0x08D83604,0x08D06778,.rodata,6,1,？？？
0x08D833FC,131,0x08D83608,0x08D0E408,.rodata,8,1,重要任務
0x08D833FC,132,0x08D8360C,0x08D0E414,.rodata,12,1,退治クエスト
0x08D833FC,133,0x08D83610,0x08D0E424,.rodata,12,1,納品クエスト
0x08D833FC,134,0x08D83614,0x08D0E434,.rodata,20,1,アンジュにおまかせ！
0x08D833FC,135,0x08D83618,0x08D0E44C,.rodata,16,1,達成済みクエスト
0x08D833FC,136,0x08D8361C,0x08D0E460,.rodata,20,1,最近達成したクエスト
0x08D833FC,137,0x08D83620,0x08D0E478,.rodata,4,1,戻る
0x08D833FC,138,0x08D83624,0x08D0E480,.rodata,20,1,クエストカテゴリ選択
0x08D833FC,139,0x08D83628,0x08D0E408,.rodata,8,1,重要任務
0x08D833FC,140,0x08D8362C,0x08D0E414,.rodata,12,1,退治クエスト
0x08D833FC,141,0x08D83630,0x08D0E424,.rodata,12,1,納品クエスト
0x08D833FC,142,0x08D83634,0x08D0E434,.rodata,20,1,アンジュにおまかせ！
0x08D833FC,143,0x08D83638,0x08D0E44C,.rodata,16,1,達成済みクエスト
0x08D833FC,144,0x08D8363C,0x08D0E460,.rodata,20,1,最近達成したクエスト
0x08D833FC,145,0x08D83640,0x08D0E498,.rodata,6,1,経験率
0x08D833FC,146,0x08D83644,0x08D0E4A0,.rodata,6,1,達成数
0x08D833FC,147,0x08D83648,0x08D0E4A8,.rodata,6,1,依頼人
0x08D833FC,148,0x08D8364C,0x08D0E4B0,.rodata,34,1,現在受けているクエストはありません
0x08D833FC,149,0x08D83650,0x08D0E4D4,.rodata,6,1,難易度
0x08D833FC,150,0x08D83654,0x08D0E4DC,.rodata,4,1,種別
0x08D833FC,151,0x08D83658,0x08D0E4E4,.rodata,6,1,目的地
0x08D833FC,152,0x08D8365C,0x08D0E4EC,.rodata,10,1,ターゲット
0x08D833FC,153,0x08D83660,0x08D0E4F8,.rodata,6,1,目標数
0x08D833FC,154,0x08D83664,0x08D0E500,.rodata,10,1,メンバー数
0x08D833FC,155,0x08D83668,0x08D0E50C,.rodata,8,1,報酬候補
0x08D833FC,156,0x08D8366C,0x08D0E518,.rodata,8,1,メリット
0x08D833FC,157,0x08D83670,0x08D0E524,.rodata,6,1,同行者
0x08D833FC,158,0x08D83674,0x08D0E52C,.rodata,3,0,1/3
0x08D833FC,159,0x08D83678,0x08D0E530,.rodata,3,0,2/3
0x08D833FC,160,0x08D8367C,0x08D0E534,.rodata,3,0,3/3
0x08D833FC,161,0x08D83680,0x08D0E538,.rodata,4,1,50％
0x08D833FC,162,0x08D83684,0x08D0E540,.rodata,4,1,40％
0x08D833FC,163,0x08D83688,0x08D0E548,.rodata,5,1,100％
0x08D833FC,164,0x08D8368C,0x08D0E550,.rodata,4,1,30％
0x08D833FC,165,0x08D83690,0x08D0E558,.rodata,4,1,15％
0x08D833FC,166,0x08D83694,0x08D0E560,.rodata,4,1,なし
0x08D833FC,167,0x08D83698,0x08D0E414,.rodata,12,1,退治クエスト
0x08D833FC,168,0x08D8369C,0x08D0E414,.rodata,12,1,退治クエスト
0x08D833FC,169,0x08D836A0,0x08D0E414,.rodata,12,1,退治クエスト
0x08D833FC,170,0x08D836A4,0x08D0E424,.rodata,12,1,納品クエスト
0x08D833FC,171,0x08D836A8,0x08D0E424,.rodata,12,1,納品クエスト
0x08D833FC,172,0x08D836AC,0x08D0E424,.rodata,12,1,納品クエスト
0x08D833FC,173,0x08D836B0,0x08D0E424,.rodata,12,1,納品クエスト
0x08D833FC,174,0x08D836B4,0x08D0E568,.rodata,12,1,対決クエスト
0x08D833FC,175,0x08D836B8,0x08D0E414,.rodata,12,1,退治クエスト
0x08D833FC,176,0x08D836BC,0x08D0E578,.rodata,10,1,重要任務！
0x08D833FC,177,0x08D836C0,0x08D0E584,.rodata,12,1,特殊クエスト
0x08D833FC,178,0x08D836C4,0x08D0E414,.rodata,12,1,退治クエスト
0x08D833FC,179,0x08D836C8,0x08D0E424,.rodata,12,1,納品クエスト
0x08D833FC,180,0x08D836CC,0x08D0E414,.rodata,12,1,退治クエスト
0x08D833FC,181,0x08D836D0,0x08D0E424,.rodata,12,1,納品クエスト
0x08D833FC,182,0x08D836D4,0x08D0E414,.rodata,12,1,退治クエスト
0x08D833FC,183,0x08D836D8,0x08D0E414,.rodata,12,1,退治クエスト
0x08D833FC,184,0x08D836DC,0x08D0E594,.rodata,12,1,決闘クエスト
0x08D833FC,185,0x08D836E0,0x08D0E584,.rodata,12,1,特殊クエスト
0x08D833FC,186,0x08D836E4,0x08D0E5A4,.rodata,4,1,%d人
0x08D833FC,187,0x08D836E8,0x08D0E5AC,.rodata,8,1,%dガルド
0x08D833FC,188,0x08D836EC,0x08D0E5B8,.rodata,13,1,%d（現在 %d）
0x08D833FC,189,0x08D836F0,0x08D0E5C8,.rodata,4,1,%s君
0x08D833FC,190,0x08D836F4,0x08D0E5D0,.rodata,6,1,%sさん
0x08D833FC,191,0x08D836F8,0x08D0E5D8,.rodata,22,1,メリットは付与しません
0x08D833FC,192,0x08D836FC,0x08D0E5F0,.rodata,17,1,獲得経験値5％増加
0x08D833FC,193,0x08D83700,0x08D0E604,.rodata,11,1,採掘効果＋1
0x08D833FC,194,0x08D83704,0x08D0E610,.rodata,13,1,レア獲得増＋5
0x08D833FC,195,0x08D83708,0x08D0E620,.rodata,11,1,採取効果＋1
0x08D833FC,196,0x08D8370C,0x08D0E62C,.rodata,19,1,宝箱ドロップ効果＋1
0x08D833FC,197,0x08D83710,0x08D0E640,.rodata,18,1,獲得経験値10％増加
0x08D833FC,198,0x08D83714,0x08D0E654,.rodata,11,1,採掘効果＋2
0x08D833FC,199,0x08D83718,0x08D0E660,.rodata,14,1,レア獲得増＋10
0x08D833FC,200,0x08D8371C,0x08D0E670,.rodata,11,1,採取効果＋2
0x08D833FC,201,0x08D83720,0x08D0E67C,.rodata,19,1,宝箱ドロップ効果＋2
0x08D833FC,202,0x08D83724,0x08D0E690,.rodata,18,1,獲得経験値15％増加
0x08D833FC,203,0x08D83728,0x08D0E6A4,.rodata,11,1,採掘効果＋3
0x08D833FC,204,0x08D8372C,0x08D0E6B0,.rodata,14,1,レア獲得増＋20
0x08D833FC,205,0x08D83730,0x08D0E6C0,.rodata,11,1,採取効果＋3
0x08D833FC,206,0x08D83734,0x08D0E6CC,.rodata,19,1,宝箱ドロップ効果＋3
0x08D833FC,207,0x08D83738,0x08D0E6E0,.rodata,18,1,獲得経験値20％増加
0x08D833FC,208,0x08D8373C,0x08D0E6F4,.rodata,11,1,採掘効果＋5
0x08D833FC,209,0x08D83740,0x08D0E700,.rodata,14,1,レア獲得増＋30
0x08D833FC,210,0x08D83744,0x08D0E710,.rodata,11,1,採取効果＋5
0x08D833FC,211,0x08D83748,0x08D0E71C,.rodata,19,1,宝箱ドロップ効果＋5
0x08D833FC,212,0x08D8374C,0x08D0E730,.rodata,18,1,獲得経験値30％増加
0x08D833FC,213,0x08D83750,0x08D0E744,.rodata,12,1,採掘効果＋10
0x08D833FC,214,0x08D83754,0x08D0E754,.rodata,14,1,レア獲得増＋40
0x08D833FC,215,0x08D83758,0x08D0E764,.rodata,12,1,採取効果＋10
0x08D833FC,216,0x08D8375C,0x08D0E774,.rodata,20,1,宝箱ドロップ効果＋10
0x08D833FC,217,0x08D83760,0x08D0E78C,.rodata,6,1,片手剣
0x08D833FC,218,0x08D83764,0x08D0E794,.rodata,6,1,両手剣
0x08D833FC,219,0x08D83768,0x08D0E79C,.rodata,4,1,短剣
0x08D833FC,220,0x08D8376C,0x08D0E7A4,.rodata,2,1,斧
0x08D833FC,221,0x08D83770,0x08D0E7A8,.rodata,2,1,杖
0x08D833FC,222,0x08D83774,0x08D0E7AC,.rodata,2,1,拳
0x08D833FC,223,0x08D83778,0x08D0E7B0,.rodata,2,1,弓
0x08D833FC,224,0x08D8377C,0x08D0E7B4,.rodata,4,1,拳銃
0x08D833FC,225,0x08D83780,0x08D0E7BC,.rodata,8,1,特殊武器
0x08D833FC,226,0x08D83784,0x08D0E7C8,.rodata,8,1,雑貨武器
0x08D833FC,227,0x08D83788,0x08D0E7D4,.rodata,2,1,鎧
0x08D833FC,228,0x08D8378C,0x08D0E7D8,.rodata,2,1,服
0x08D833FC,229,0x08D83790,0x08D0E7DC,.rodata,6,1,ローブ
0x08D833FC,230,0x08D83794,0x08D0E7E4,.rodata,2,1,兜
0x08D833FC,231,0x08D83798,0x08D0E7E8,.rodata,4,1,帽子
0x08D833FC,232,0x08D8379C,0x08D0E7F0,.rodata,6,1,顔装備
0x08D833FC,233,0x08D837A0,0x08D0E7F8,.rodata,4,1,籠手
0x08D833FC,234,0x08D837A4,0x08D0E800,.rodata,4,1,腕輪
0x08D833FC,235,0x08D837A8,0x08D0E808,.rodata,6,1,足装備
0x08D833FC,236,0x08D837AC,0x08D0E810,.rodata,2,1,盾
0x08D861B0,0,0x08D861B0,0x08D0E814,.rodata,12,1,場所別で選択
0x08D861B0,1,0x08D861B4,0x08D0E824,.rodata,12,1,目的別で選択
0x08D861B0,2,0x08D861B8,0x08D0E834,.rodata,14,1,依頼人別で選択
0x08D861B0,3,0x08D861BC,0x08D0E844,.rodata,14,1,難易度別で選択
0x08D861B0,4,0x08D861C0,0x08D0E854,.rodata,12,1,ルバーブ連山
0x08D861B0,5,0x08D861C4,0x08D0E864,.rodata,18,1,コンフェイト大森林
0x08D861B0,6,0x08D861C8,0x08D0E878,.rodata,14,1,ブラウニー坑道
0x08D861B0,7,0x08D861CC,0x08D0E888,.rodata,14,1,オルタータ火山
0x08D861B0,8,0x08D861D0,0x08D0E898,.rodata,12,1,カダイフ砂漠
0x08D861B0,9,0x08D861D4,0x08D0E8A8,.rodata,16,1,アルマナック遺跡
0x08D861B0,10,0x08D861D8,0x08D0E8BC,.rodata,14,1,霊峰アブソール
0x08D861B0,11,0x08D861DC,0x08D0E8CC,.rodata,14,1,ヴェラトローパ
0x08D861B0,12,0x08D861E0,0x08D0E8DC,.rodata,12,1,シフノ湧泉洞
0x08D861B0,13,0x08D861E4,0x08D0E8EC,.rodata,16,1,聖地ラングリース
0x08D861B0,14,0x08D861E8,0x08D0E900,.rodata,18,1,エラン・ヴィタール
0x08D861B0,15,0x08D861EC,0x08D0E914,.rodata,10,1,追憶の坑道
0x08D861B0,16,0x08D861F0,0x08D0E920,.rodata,12,1,納品物で選択
0x08D861B0,17,0x08D861F4,0x08D0E930,.rodata,21,1,退治モンスターで選択1
0x08D861B0,18,0x08D861F8,0x08D0E948,.rodata,21,1,退治モンスターで選択2
0x08D861B0,19,0x08D861FC,0x08D0E960,.rodata,10,1,採掘で選択
0x08D861B0,20,0x08D86200,0x08D0E96C,.rodata,10,1,採取で選択
0x08D861B0,21,0x08D86204,0x08D0E978,.rodata,14,1,ドロップで選択
0x08D861B0,22,0x08D86208,0x08D0E988,.rodata,13,1,青宝箱で選択1
0x08D861B0,23,0x08D8620C,0x08D0E998,.rodata,13,1,青宝箱で選択2
0x08D861B0,24,0x08D86210,0x08D0E9A8,.rodata,8,1,男で選択
0x08D861B0,25,0x08D86214,0x08D0E9B4,.rodata,8,1,女で選択
0x08D861B0,26,0x08D86218,0x08D0E9C0,.rodata,12,1,男の子ジャン
0x08D861B0,27,0x08D8621C,0x08D0E9D0,.rodata,12,1,行商人ガメル
0x08D861B0,28,0x08D86220,0x08D0E9E0,.rodata,18,1,新米狩人ジェロニモ
0x08D861B0,29,0x08D86224,0x08D0E9F4,.rodata,18,1,地方領主レイモンド
0x08D861B0,30,0x08D86228,0x08D0EA08,.rodata,20,1,雑貨屋店主フンダクル
0x08D861B0,31,0x08D8622C,0x08D0EA20,.rodata,14,1,収集家ヘラルド
0x08D861B0,32,0x08D86230,0x08D0EA30,.rodata,18,1,鍛冶職人アレックス
0x08D861B0,33,0x08D86234,0x08D0EA44,.rodata,18,1,上級研究員ニコラス
0x08D861B0,34,0x08D86238,0x08D0EA58,.rodata,18,1,警備隊隊長ダニエル
0x08D861B0,35,0x08D8623C,0x08D0EA6C,.rodata,12,1,採鉱員ラモン
0x08D861B0,36,0x08D86240,0x08D0EA7C,.rodata,18,1,青年実業家エゴイツ
0x08D861B0,37,0x08D86244,0x08D0EA90,.rodata,12,1,大地主マウイ
0x08D861B0,38,0x08D86248,0x08D0EAA0,.rodata,12,1,女の子ルシア
0x08D861B0,39,0x08D8624C,0x08D0EAB0,.rodata,14,1,夢見る少女リナ
0x08D861B0,40,0x08D86250,0x08D0EAC0,.rodata,16,1,細工職人ディアナ
0x08D861B0,41,0x08D86254,0x08D0EAD4,.rodata,14,1,占い婆アイーダ
0x08D861B0,42,0x08D86258,0x08D0EAE4,.rodata,20,1,セレブ夫人シルヴィア
0x08D861B0,43,0x08D8625C,0x08D0EAFC,.rodata,16,1,美食家カロリーナ
0x08D861B0,44,0x08D86260,0x08D0EB10,.rodata,12,1,薬剤師ジェマ
0x08D861B0,45,0x08D86264,0x08D0EB20,.rodata,12,1,整体師テレサ
0x08D86280,0,0x08D86280,0x08D0EB90,.rodata,12,1,間引きで選択
0x08D86280,1,0x08D86284,0x08D0EBA0,.rodata,8,1,ゲコゲコ
0x08D86280,2,0x08D86288,0x08D0EBAC,.rodata,6,1,ウルフ
0x08D86280,3,0x08D8628C,0x08D0EBB4,.rodata,12,1,サイノッサス
0x08D86280,4,0x08D86290,0x08D0EBC4,.rodata,10,1,ガーゴイル
0x08D86280,5,0x08D86294,0x08D0EBD0,.rodata,8,1,ガルーダ
0x08D86280,6,0x08D86298,0x08D0EBDC,.rodata,12,1,デカウオント
0x08D86280,7,0x08D8629C,0x08D0EBEC,.rodata,12,1,チュンチュン
0x08D86280,8,0x08D862A0,0x08D0EBFC,.rodata,10,1,バシリスク
0x08D86280,9,0x08D862A4,0x08D0EC08,.rodata,8,1,オタオタ
0x08D86280,10,0x08D862A8,0x08D0EC14,.rodata,8,1,ミミック
0x08D86280,11,0x08D862AC,0x08D0EC20,.rodata,12,1,アイスバット
0x08D86280,12,0x08D862B0,0x08D0EC30,.rodata,12,1,アイスウルフ
0x08D86280,13,0x08D862B4,0x08D0EC40,.rodata,12,1,ドウラクラブ
0x08D86280,14,0x08D862B8,0x08D0EC50,.rodata,12,1,デカラビアス
0x08D86280,15,0x08D862BC,0x08D0EC60,.rodata,18,1,メデューサローパー
0x08D86280,16,0x08D862C0,0x08D0EC74,.rodata,18,1,ジルディシュバリエ
0x08D86280,17,0x08D862C4,0x08D0EC88,.rodata,10,1,ブラッサム
0x08D86280,18,0x08D862C8,0x08D0EC94,.rodata,12,1,ロックワーム
0x08D86280,19,0x08D862CC,0x08D0ECA4,.rodata,12,1,ミニデカパン
0x08D86280,20,0x08D862D0,0x08D0ECB4,.rodata,10,1,デカコパン
0x08D86280,21,0x08D862D4,0x08D0ECC0,.rodata,18,1,ネガティブプラント
0x08D86280,22,0x08D862D8,0x08D0ECD4,.rodata,16,1,ウォーターバット
0x08D86280,23,0x08D862DC,0x08D0ECE8,.rodata,14,1,グロスベルヴァ
0x08D86280,24,0x08D862E0,0x08D0ECF8,.rodata,6,1,バット
0x08D86280,25,0x08D862E4,0x08D0ED00,.rodata,10,1,スケルトン
0x08D86280,26,0x08D862E8,0x08D0ED0C,.rodata,14,1,ストーンゴレム
0x08D86280,27,0x08D862EC,0x08D0ED1C,.rodata,8,1,オタレド
0x08D86280,28,0x08D862F0,0x08D0ED28,.rodata,8,1,ヒラリス
0x08D86280,29,0x08D862F4,0x08D0ED34,.rodata,2,1,銅
0x08D86280,30,0x08D862F8,0x08D0ED38,.rodata,4,1,水晶
0x08D86280,31,0x08D862FC,0x08D0ED40,.rodata,2,1,銀
0x08D86280,32,0x08D86300,0x08D0ED44,.rodata,12,1,モルダバイト
0x08D86280,33,0x08D86304,0x08D0ED54,.rodata,12,1,ヒヒイロカネ
0x08D86280,34,0x08D86308,0x08D0ED64,.rodata,8,1,純結星晶
0x08D86280,35,0x08D8630C,0x08D0ED70,.rodata,8,1,アップル
0x08D86280,36,0x08D86310,0x08D0ED7C,.rodata,2,1,麻
0x08D86280,37,0x08D86314,0x08D0ED80,.rodata,8,1,こくもつ
0x08D86280,38,0x08D86318,0x08D0ED8C,.rodata,6,1,たまご
0x08D86280,39,0x08D8631C,0x08D0ED94,.rodata,6,1,レモン
0x08D86280,40,0x08D86320,0x08D0ED9C,.rodata,8,1,スパイス
0x08D86280,41,0x08D86324,0x08D0EDA8,.rodata,8,1,聖なる実
0x08D86280,42,0x08D86328,0x08D0EDB4,.rodata,2,1,絹
0x08D86280,43,0x08D8632C,0x08D0EDB8,.rodata,12,1,レアスパイス
0x08D86280,44,0x08D86330,0x08D0EDC8,.rodata,12,1,エンゼルヘア
0x08D86280,45,0x08D86334,0x08D0EDD8,.rodata,12,1,貧弱なウロコ
0x08D86280,46,0x08D86338,0x08D0EDE8,.rodata,14,1,抜け落ちた羽根
0x08D86280,47,0x08D8633C,0x08D0EDF8,.rodata,10,1,乾いた触手
0x08D86280,48,0x08D86340,0x08D0EE04,.rodata,12,1,長いクチバシ
0x08D86280,49,0x08D86344,0x08D0EE14,.rodata,12,1,スカスカの骨
0x08D86280,50,0x08D86348,0x08D0EE24,.rodata,8,1,長い羽根
0x08D86280,51,0x08D8634C,0x08D0EE30,.rodata,10,1,鉤のある針
0x08D86280,52,0x08D86350,0x08D0EE3C,.rodata,12,1,堅守のウロコ
0x08D86280,53,0x08D86354,0x08D0EE4C,.rodata,14,1,なめらかな表皮
0x08D86280,54,0x08D86358,0x08D0EE5C,.rodata,12,1,異常発達の骨
0x08D86280,55,0x08D8635C,0x08D0EE6C,.rodata,12,1,生暖かい触手
0x08D86280,56,0x08D86360,0x08D0EE7C,.rodata,16,1,いかついクチバシ
0x08D86280,57,0x08D86364,0x08D0EE90,.rodata,8,1,滑る触手
0x08D86280,58,0x08D86368,0x08D0EE9C,.rodata,10,1,遺恨放つ骨
0x08D86280,59,0x08D8636C,0x08D0EEA8,.rodata,8,1,覇王の牙
0x08D86280,60,0x08D86370,0x08D0EEB4,.rodata,10,1,幻視のヒゲ
0x08D86280,61,0x08D86374,0x08D0EEC0,.rodata,12,1,虹彩放つ羽根
0x08D86280,62,0x08D86378,0x08D0EED0,.rodata,12,1,全てを貫く針
0x08D866E0,0,0x08D866E0,0x08D0EEF4,.rodata,9,0,cl001.ppt
0x08D866E0,1,0x08D866E4,0x08D0EF00,.rodata,9,0,cl002.ppt
0x08D866E0,2,0x08D866E8,0x08D0EF0C,.rodata,9,0,cl003.ppt
0x08D866E0,3,0x08D866EC,0x08D0EF18,.rodata,9,0,cl004.ppt
0x08D866E0,4,0x08D866F0,0x08D0EF24,.rodata,9,0,cl005.ppt
0x08D866E0,5,0x08D866F4,0x08D0EF30,.rodata,9,0,cl006.ppt
0x08D866E0,6,0x08D866F8,0x08D0EF3C,.rodata,9,0,cl007.ppt
0x08D866E0,7,0x08D866FC,0x08D0EF48,.rodata,9,0,cl008.ppt
0x08D866E0,8,0x08D86700,0x08D0EF54,.rodata,9,0,cl009.ppt
0x08D866E0,9,0x08D86704,0x08D0EF60,.rodata,9,0,cl010.ppt
0x08D866E0,10,0x08D86708,0x08D0EF6C,.rodata,9,0,cl011.ppt
0x08D866E0,11,0x08D8670C,0x08D0EF78,.rodata,9,0,cl012.ppt
0x08D866E0,12,0x08D86710,0x08D0EF84,.rodata,9,0,cl013.ppt
0x08D866E0,13,0x08D86714,0x08D0EF90,.rodata,9,0,cl014.ppt
0x08D866E0,14,0x08D86718,0x08D0EF9C,.rodata,9,0,cl015.ppt
0x08D866E0,15,0x08D8671C,0x08D0EFA8,.rodata,9,0,cl016.ppt
0x08D866E0,16,0x08D86720,0x08D0EFB4,.rodata,9,0,cl017.ppt
0x08D866E0,17,0x08D86724,0x08D0EFC0,.rodata,9,0,cl018.ppt
0x08D866E0,18,0x08D86728,0x08D0EFCC,.rodata,9,0,cl019.ppt
0x08D866E0,19,0x08D8672C,0x08D0EFD8,.rodata,9,0,cl020.ppt
0x08D866E0,20,0x08D86730,0x08D0F074,.rodata,24,0,NewQuestFlowMessage1.txz
0x08D866E0,21,0x08D86734,0x08D0F090,.rodata,24,0,NewQuestFlowMessage2.txz
0x08D866E0,22,0x08D86738,0x08D0F0AC,.rodata,24,0,NewQuestFlowMessage3.txz
0x08D866E0,23,0x08D8673C,0x08D0F0C8,.rodata,24,0,NewQuestFlowMessage4.txz
0x08D866E0,24,0x08D86740,0x08D0F0E4,.rodata,24,0,NewQuestFlowMessage5.txz
0x08D866E0,25,0x08D86744,0x08D0F100,.rodata,24,0,NewQuestFlowMessage6.txz
0x08D866E0,26,0x08D86748,0x08D0F11C,.rodata,29,0,NewQuestFlowCommonMessage.txz
0x08D867C0,0,0x08D867C0,0x08D1C604,.rodata,14,0,--------------
0x08D867C0,1,0x08D867C4,0x08D1C614,.rodata,14,1,アイテム獲得増
0x08D867C0,2,0x08D867C8,0x08D1C624,.rodata,12,1,獲得ガルド増
0x08D867C0,3,0x08D867CC,0x08D1C634,.rodata,14,1,獲得グレード増
0x08D867C0,4,0x08D867D0,0x08D1C644,.rodata,16,1,特定アイテム取得
0x08D867C0,5,0x08D867D4,0x08D1C658,.rodata,4,1,最大
0x08D867C0,6,0x08D867D8,0x08D1C660,.rodata,4,1,無し
0x08D867C0,7,0x08D867DC,0x08D1C668,.rodata,30,1,ドロップアイテムを入手しやすい
0x08D867C0,8,0x08D867E0,0x08D1C688,.rodata,22,1,獲得するガルドが増える
0x08D867C0,9,0x08D867E4,0x08D1C6A0,.rodata,24,1,獲得するグレードが増える
0x08D867C0,10,0x08D867E8,0x08D1C6BC,.rodata,24,1,特定のアイテムを取得する
0x08D867C0,11,0x08D867EC,0x08D1C658,.rodata,4,1,最大
0x08D867C0,12,0x08D867F0,0x08D1C660,.rodata,4,1,無し
0x08D867C0,13,0x08D867F4,0x08D1C6D8,.rodata,15,0,Never surrender
0x08D867C0,14,0x08D867F8,0x08D1C6E8,.rodata,18,0,The arrow was shot
0x08D867C0,15,0x08D867FC,0x08D1C6FC,.rodata,22,0,The edge of a decision
0x08D867C0,16,0x08D86800,0x08D1C714,.rodata,14,0,Bare its fangs
0x08D86808,0,0x08D86808,0x08D1C738,.rodata,13,0,COUP DE GRBCE
0x08D86808,1,0x08D8680C,0x08D1C748,.rodata,15,0,THE DREADNOUGHT
0x08D86808,2,0x08D86810,0x08D1C758,.rodata,15,0,THEME OF BATTLE
0x08D86808,3,0x08D86814,0x08D1C768,.rodata,8,0,TIMELINE
0x08D86808,4,0x08D86818,0x08D1C774,.rodata,16,0,WHEEL OF FORTUNE
0x08D86808,5,0x08D8681C,0x08D1C788,.rodata,12,0,ABILITY TEST
0x08D86808,6,0x08D86820,0x08D1C798,.rodata,15,0,CELESTIA BATTLE
0x08D86808,7,0x08D86824,0x08D1C7A8,.rodata,12,0,Eternal mind
0x08D86808,8,0x08D86828,0x08D1C7B8,.rodata,14,0,INFERIA BATTLE
0x08D86808,9,0x08D8682C,0x08D1C7C8,.rodata,11,0,TIME BATTLE
0x08D86808,10,0x08D86830,0x08D1C7D4,.rodata,20,1,バトル・アーティスト
0x08D86808,11,0x08D86834,0x08D1C7EC,.rodata,12,1,勝利を求めて
0x08D86808,12,0x08D86838,0x08D1C7FC,.rodata,22,0,FIGHTING OF THE SPIRIT
0x08D86808,13,0x08D8683C,0x08D1C814,.rodata,21,0,OVERCOME DIFFICULTIES
0x08D86808,14,0x08D86840,0x08D1C82C,.rodata,17,0,TAKE UP THE CROSS
0x08D86808,15,0x08D86844,0x08D1C840,.rodata,19,0,Battle organization
0x08D86808,16,0x08D86848,0x08D1C854,.rodata,8,0,Dogfight
0x08D86808,17,0x08D8684C,0x08D1C860,.rodata,15,0,The die is cast
0x08D86808,18,0x08D86850,0x08D1C870,.rodata,14,0,Beat the angel
0x08D86808,19,0x08D86854,0x08D1C880,.rodata,8,0,Fatalize
0x08D86808,20,0x08D86858,0x08D1C88C,.rodata,10,0,Full force
0x08D86808,21,0x08D8685C,0x08D1C898,.rodata,21,0,Like a glint of light
0x08D86808,22,0x08D86860,0x08D1C8B0,.rodata,20,0,The end of a thought
0x08D86808,23,0x08D86864,0x08D1C8C8,.rodata,4,1,遭遇
0x08D86808,24,0x08D86868,0x08D1C8D0,.rodata,10,1,戦いの火蓋
0x08D86808,25,0x08D8686C,0x08D1C8DC,.rodata,18,1,剣を以って切り拓け
0x08D86808,26,0x08D86870,0x08D1C8F0,.rodata,16,0,DONA NOBIS PACEM
0x08D86808,27,0x08D86874,0x08D1C904,.rodata,18,1,剣を以って打ち砕け
0x08D86808,28,0x08D86878,0x08D1C918,.rodata,9,0,The trial
0x08D86808,29,0x08D8687C,0x08D1C924,.rodata,10,1,猛りの滄我
0x08D86808,30,0x08D86880,0x08D1C930,.rodata,22,0,It can waver and fight
0x08D86808,31,0x08D86884,0x08D1C948,.rodata,24,0,Scutum - decisive battle
0x08D86808,32,0x08D86888,0x08D1C964,.rodata,23,0,At the time of farewell
0x08D86808,33,0x08D8688C,0x08D1C97C,.rodata,17,0,Everlasting fight
0x08D86808,34,0x08D86890,0x08D1C990,.rodata,19,0,The more that I try
0x08D86808,35,0x08D86894,0x08D1C9A4,.rodata,7,0,I'll go
0x08D86808,36,0x08D86898,0x08D1C9AC,.rodata,25,0,The wilderness of sadness
0x08D86808,37,0x08D8689C,0x08D1C9C8,.rodata,12,1,火花散らして
0x08D86808,38,0x08D868A0,0x08D1C9D8,.rodata,18,1,闘志もっと燃やして
0x08D86808,39,0x08D868A4,0x08D1C9EC,.rodata,8,1,不撓不屈
0x08D86808,40,0x08D868A8,0x08D1C9F8,.rodata,16,1,立ちはだかる強敵
0x08D86808,41,0x08D868AC,0x08D1CA0C,.rodata,16,1,神秘の武具ソーマ
0x08D86808,42,0x08D868B0,0x08D1CA20,.rodata,20,1,発動、ソーマリンク!!
0x08D86808,43,0x08D868B4,0x08D1CA38,.rodata,16,1,たゆまぬスピリア
0x08D86808,44,0x08D868B8,0x08D1CA4C,.rodata,18,1,抜刀！研ぎ澄ませ！
0x08D86808,45,0x08D868BC,0x08D1CA60,.rodata,8,1,焦燥の剣
0x08D86808,46,0x08D868C0,0x08D1CA6C,.rodata,18,1,決戦！奮い立たせて
0x08D86808,47,0x08D868C4,0x08D1CA80,.rodata,14,0,Radiant Battle
0x08D86808,48,0x08D868C8,0x08D1CA90,.rodata,17,0,Heavy Destruction
0x08D86808,49,0x08D868CC,0x08D1CAA4,.rodata,9,0,Widdersin
0x08D86808,50,0x08D868D0,0x08D1CAB0,.rodata,10,0,Sad memory
0x08D86808,51,0x08D868D4,0x08D1CABC,.rodata,16,0,The sword sparks
0x08D86808,52,0x08D868D8,0x08D1CAD0,.rodata,15,0,Fight the tight
0x08D86808,53,0x08D868DC,0x08D1CAE0,.rodata,12,0,Tide on edge
0x08D86808,54,0x08D868E0,0x08D1CAF0,.rodata,11,0,World rules
0x08D86808,55,0x08D868E4,0x08D1CAFC,.rodata,19,0,Creation from zilch
0x08D86808,56,0x08D868E8,0x08D1C658,.rodata,4,1,最大
0x08D86808,57,0x08D868EC,0x08D1CB10,.rodata,12,0,------------
0x08D86808,58,0x08D868F0,0x08D1CB20,.rodata,63,1,テイルズ オブ ジ アビス#終盤戦闘 監修：ナムコ・テイルズスタジオ
0x08D86808,59,0x08D868F4,0x08D1CB60,.rodata,63,1,テイルズ オブ ジ アビス#通常戦闘 監修：ナムコ・テイルズスタジオ
0x08D86808,60,0x08D868F8,0x08D1CBA0,.rodata,63,1,テイルズ オブ ジ アビス#中盤戦闘 監修：ナムコ・テイルズスタジオ
0x08D86808,61,0x08D868FC,0x08D1CBE0,.rodata,66,1,テイルズ オブ デスティニー#通常戦闘 監修：ナムコ・テイルズスタジオ
0x08D86808,62,0x08D86900,0x08D1CC24,.rodata,66,1,テイルズ オブ デスティニー#リオン戦 監修：ナムコ・テイルズスタジオ
0x08D86808,63,0x08D86904,0x08D1CC68,.rodata,41,1,テイルズ オブ デスティニー２#バルバトス戦
0x08D86808,64,0x08D86908,0x08D1CC94,.rodata,37,1,テイルズ オブ デスティニー２#中ボス戦
0x08D86808,65,0x08D8690C,0x08D1CCBC,.rodata,37,1,テイルズ オブ デスティニー２#通常戦闘
0x08D86808,66,0x08D86910,0x08D1CCE4,.rodata,37,1,テイルズ オブ デスティニー２#過去戦闘
0x08D86808,67,0x08D86914,0x08D1CD0C,.rodata,47,1,テイルズ オブ デスティニー２#フォルトゥナ戦序盤
0x08D86808,68,0x08D86918,0x08D1CD3C,.rodata,44,1,テイルズ オブ エターニア#TOP通常戦闘アレンジ
0x08D86808,69,0x08D8691C,0x08D1CD6C,.rodata,45,1,テイルズ オブ エターニア#セレスティア通常戦闘
0x08D86808,70,0x08D86920,0x08D1CD9C,.rodata,65,1,テイルズ オブ ジ アビス#闘技場戦闘 監修：ナムコ・テイルズスタジオ
0x08D86808,71,0x08D86924,0x08D1CDE0,.rodata,45,1,テイルズ オブ エターニア#インフェリア通常戦闘
0x08D86808,72,0x08D86928,0x08D1CE10,.rodata,44,1,テイルズ オブ エターニア#TOPダオス戦アレンジ
0x08D86808,73,0x08D8692C,0x08D1CE40,.rodata,50,1,テイルズ オブ レジェンディア#通常戦闘 編曲：椎名豪
0x08D86808,74,0x08D86930,0x08D1CE74,.rodata,50,1,テイルズ オブ レジェンディア#中ボス戦 編曲：椎名豪
0x08D86808,75,0x08D86934,0x08D1CEA8,.rodata,33,1,テイルズ オブ ファンタジア#精霊戦
0x08D86808,76,0x08D86938,0x08D1CECC,.rodata,35,1,テイルズ オブ ファンタジア#中ボス戦
0x08D86808,77,0x08D8693C,0x08D1CEF0,.rodata,35,1,テイルズ オブ ファンタジア#通常戦闘
0x08D86808,78,0x08D86940,0x08D1CF14,.rodata,37,1,テイルズ オブ リバース#第１部通常戦闘
0x08D86808,79,0x08D86944,0x08D1CF3C,.rodata,37,1,テイルズ オブ リバース#第２部通常戦闘
0x08D86808,80,0x08D86948,0x08D1CF64,.rodata,43,1,テイルズ オブ リバース#ユリスの領域通常戦闘
0x08D86808,81,0x08D8694C,0x08D1CF90,.rodata,33,1,テイルズ オブ シンフォニア#天使戦
0x08D86808,82,0x08D86950,0x08D1CFB4,.rodata,37,1,テイルズ オブ シンフォニア#対人ボス戦
0x08D86808,83,0x08D86954,0x08D1CFDC,.rodata,49,1,テイルズ オブ シンフォニア#シルヴァラント通常戦闘
0x08D86808,84,0x08D86958,0x08D1D010,.rodata,43,1,テイルズ オブ シンフォニア#テセアラ通常戦闘
0x08D86808,85,0x08D8695C,0x08D1D03C,.rodata,38,1,テイルズ オブ シンフォニア#クラトス戦 
0x08D86808,86,0x08D86960,0x08D1D064,.rodata,67,1,テイルズ オブ ザ テンペスト#通常戦闘 編曲：ナムコ・テイルズスタジオ
0x08D86808,87,0x08D86964,0x08D1D0A8,.rodata,66,1,テイルズ オブ ヴェスペリア#通常戦闘 監修：ナムコ・テイルズスタジオ
0x08D86808,88,0x08D86968,0x08D1D0EC,.rodata,48,1,テイルズ オブ イノセンス#通常戦闘 編曲：中村和宏
0x08D86808,89,0x08D8696C,0x08D1D120,.rodata,72,1,テイルズ オブ デスティニー２#最終現代戦闘 編曲：ナムコ・テイルズスタジオ
0x08D86808,90,0x08D86970,0x08D1D16C,.rodata,46,1,テイルズ オブ イノセンス#ボス戦 編曲：中村和宏
0x08D86808,91,0x08D86974,0x08D1D19C,.rodata,29,1,テイルズ オブ リバース#聖獣戦
0x08D86808,92,0x08D86978,0x08D1D1BC,.rodata,62,1,テイルズ オブ レジェンディア#メインシナリオボス戦 作曲：椎名豪
0x08D86808,93,0x08D8697C,0x08D1D1FC,.rodata,72,1,テイルズ オブ シンフォニア#ユグドラシル戦 編曲：ナムコ・テイルズスタジオ
0x08D86808,94,0x08D86980,0x08D1D248,.rodata,60,1,テイルズ オブ リバース#四星戦 編曲：ナムコ・テイルズスタジオ
0x08D86808,95,0x08D86984,0x08D1D288,.rodata,63,1,テイルズ オブ ジ アビス#ヴァン戦 監修：ナムコ・テイルズスタジオ
0x08D86808,96,0x08D86988,0x08D1CD9C,.rodata,65,1,テイルズ オブ ジ アビス#闘技場戦闘 監修：ナムコ・テイルズスタジオ
0x08D86808,97,0x08D8698C,0x08D1D2C8,.rodata,85,1,テイルズ オブ シンフォニア -ラタトスクの騎士-#通常戦闘 監修：ナムコ・テイルズスタジオ
0x08D86808,98,0x08D86990,0x08D1D320,.rodata,85,1,テイルズ オブ シンフォニア -ラタトスクの騎士-#最終戦闘 監修：ナムコ・テイルズスタジオ
0x08D86808,99,0x08D86994,0x08D1D378,.rodata,87,1,テイルズ オブ シンフォニア -ラタトスクの騎士-#リヒター戦 監修：ナムコ・テイルズスタジオ
0x08D86808,100,0x08D86998,0x08D1D3D0,.rodata,66,1,テイルズ オブ ヴェスペリア#フレン戦 監修：ナムコ・テイルズスタジオ
0x08D86808,101,0x08D8699C,0x08D1D414,.rodata,66,1,テイルズ オブ ヴェスペリア#中盤戦闘 監修：ナムコ・テイルズスタジオ
0x08D86808,102,0x08D869A0,0x08D1D458,.rodata,66,1,テイルズ オブ ヴェスペリア#終盤戦闘 監修：ナムコ・テイルズスタジオ
0x08D86808,103,0x08D869A4,0x08D1D49C,.rodata,78,1,テイルズ オブ ヴェスペリア#ギガントモンスター戦 監修：ナムコ・テイルズスタジオ
0x08D86808,104,0x08D869A8,0x08D1D4EC,.rodata,60,1,テイルズ オブ ハーツ#通常戦闘 編曲：ナムコ・テイルズスタジオ
0x08D86808,105,0x08D869AC,0x08D1D52C,.rodata,64,1,テイルズ オブ ハーツ#中盤通常戦闘 編曲：ナムコ・テイルズスタジオ
0x08D86808,106,0x08D869B0,0x08D1D570,.rodata,64,1,テイルズ オブ ハーツ#終盤通常戦闘 編曲：ナムコ・テイルズスタジオ
0x08D86808,107,0x08D869B4,0x08D1D5B4,.rodata,74,1,テイルズ オブ グレイセス#ウィンドル国内戦闘 監修：ナムコ・テイルズスタジオ
0x08D86808,108,0x08D869B8,0x08D1D600,.rodata,76,1,テイルズ オブ グレイセス#ラストダンジョン戦闘 監修：ナムコ・テイルズスタジオ
0x08D86808,109,0x08D869BC,0x08D1D650,.rodata,64,1,テイルズ オブ グレイセス#中ボス戦 監修：ナムコ・テイルズスタジオ
0x08D86808,110,0x08D869C0,0x08D1D694,.rodata,66,1,レディアント マイソロジー２＆３ #レディアント戦 作曲／編曲：桜庭統
0x08D86808,111,0x08D869C4,0x08D1D6D8,.rodata,51,1,レディアント マイソロジー２#ゲーデ戦 編曲：中村和宏
0x08D86808,112,0x08D869C8,0x08D1D70C,.rodata,40,1,レディアント マイソロジー#ウィダーシン戦
0x08D86808,113,0x08D869CC,0x08D1D738,.rodata,36,1,レディアント マイソロジー#カノンノ戦
0x08D86808,114,0x08D869D0,0x08D1D760,.rodata,55,1,レディアント マイソロジー３#通常戦闘 作曲／編曲：桜庭統
0x08D86808,115,0x08D869D4,0x08D1D798,.rodata,61,1,レディアント マイソロジー３#ストーリー戦闘 作曲／編曲：桜庭統
0x08D86808,116,0x08D869D8,0x08D1D7D8,.rodata,55,1,レディアント マイソロジー３#中ボス戦 作曲／編曲：桜庭統
0x08D86808,117,0x08D869DC,0x08D1D810,.rodata,57,1,レディアント マイソロジー３#ラザリス戦 作曲／編曲：桜庭統
0x08D86808,118,0x08D869E0,0x08D1D84C,.rodata,63,1,レディアント マイソロジー３#カオスラザリス戦 作曲／編曲：桜庭統
0x08D86808,119,0x08D869E4,0x08D1C658,.rodata,4,1,最大
0x08D86A54,0,0x08D86A54,0x08D1D94C,.rodata,3,0,()*
0x08D86A54,1,0x08D86A58,0x08D1D950,.rodata,3,0,/01
0x08D86A54,2,0x08D86A5C,0x08D1D954,.rodata,3,0,234
0x08D86A54,3,0x08D86A60,0x08D1D958,.rodata,2,0,78
0x08D86A54,4,0x08D86A64,0x08D1D95C,.rodata,2,0,56
0x08D86A54,5,0x08D86A68,0x08D1D960,.rodata,5,0,9:;<=
0x08D86A54,6,0x08D86A6C,0x08D1D968,.rodata,6,0,59:;<=
0x08D86AA0,0,0x08D86AA0,0x08D1E6A8,.rodata,6,0,01.ppt
0x08D86AA0,1,0x08D86AA4,0x08D1E6B0,.rodata,6,0,02.ppt
0x08D86AA0,2,0x08D86AA8,0x08D1E6B8,.rodata,6,0,03.ppt
0x08D86AA0,3,0x08D86AAC,0x08D1E6C0,.rodata,6,0,04.ppt
0x08D86AA0,4,0x08D86AB0,0x08D1E6C8,.rodata,6,0,05.ppt
0x08D86AA0,5,0x08D86AB4,0x08D1E6D0,.rodata,6,0,06.ppt
0x08D86AA0,6,0x08D86AB8,0x08D1E6D8,.rodata,6,0,07.ppt
0x08D86AA0,7,0x08D86ABC,0x08D1E6E0,.rodata,6,0,08.ppt
0x08D86AA0,8,0x08D86AC0,0x08D1E6E8,.rodata,6,0,09.ppt
0x08D86AA0,9,0x08D86AC4,0x08D1E6F0,.rodata,6,0,10.ppt
0x08D86AA0,10,0x08D86AC8,0x08D1E6F8,.rodata,6,0,11.ppt
0x08D86AA0,11,0x08D86ACC,0x08D1E700,.rodata,6,0,12.ppt
0x08D86AA0,12,0x08D86AD0,0x08D1E708,.rodata,6,0,13.ppt
0x08D86AA0,13,0x08D86AD4,0x08D1E710,.rodata,6,0,14.ppt
0x08D86AA0,14,0x08D86AD8,0x08D1E718,.rodata,6,0,15.ppt
0x08D86AA0,15,0x08D86ADC,0x08D1E720,.rodata,6,0,16.ppt
0x08D86AA0,16,0x08D86AE0,0x08D1E728,.rodata,18,0,arena_passbase.ppt
0x08D86AA0,17,0x08D86AE4,0x08D1E73C,.rodata,16,0,arena_passwk.ppt
0x08D86BF8,0,0x08D86BF8,0x08D1EB7C,.rodata,22,0,generic/nisavedata.bin
0x08D86BF8,1,0x08D86BFC,0x08D1EB48,.rodata,8,0,IDENTIFY
0x08D86BF8,2,0x08D86C00,0x08D1EDC8,.rodata,2,0,wa
0x08D86BF8,3,0x08D86C04,0x08D1EDCC,.rodata,2,0,sw
0x08D86BF8,4,0x08D86C08,0x08D1EDD0,.rodata,2,0,ms
0x08D86BF8,5,0x08D86C0C,0x08D1EDD4,.rodata,2,0,k1
0x08D86BF8,6,0x08D86C10,0x08D1EDD8,.rodata,2,0,ac
0x08D86BF8,7,0x08D86C14,0x08D1EDDC,.rodata,2,0,tf
0x08D86BF8,8,0x08D86C18,0x08D1EDE0,.rodata,2,0,nj
0x08D86BF8,9,0x08D86C1C,0x08D1EDE4,.rodata,2,0,mg
0x08D86BF8,10,0x08D86C20,0x08D1EDE8,.rodata,2,0,pr
0x08D86BF8,11,0x08D86C24,0x08D1EDEC,.rodata,2,0,bs
0x08D86BF8,12,0x08D86C28,0x08D1EDF0,.rodata,2,0,df
0x08D86BF8,13,0x08D86C2C,0x08D1EDF4,.rodata,2,0,gf
0x08D86BF8,14,0x08D86C30,0x08D1EDF8,.rodata,2,0,mk
0x08D86BF8,15,0x08D86C34,0x08D1EDFC,.rodata,2,0,pt
0x08D86BF8,16,0x08D86C38,0x08D1EE00,.rodata,2,0,kg
0x08D86BF8,17,0x08D86C3C,0x08D1EE04,.rodata,2,0,gn
0x08D86C70,0,0x08D86C70,0x08D2E550,.rodata,10,0,Bip01 Head
0x08D86C70,1,0x08D86C74,0x08D2E55C,.rodata,10,0,Bip01 Neck
0x08D86C70,2,0x08D86C78,0x08D2E568,.rodata,11,0,Bip01 Spine
0x08D86C70,3,0x08D86C7C,0x08D2E574,.rodata,12,0,Bip01 Pelvis
0x08D86C70,4,0x08D86C80,0x08D2E584,.rodata,16,0,Bip01 L UpperArm
0x08D86C70,5,0x08D86C84,0x08D2E598,.rodata,15,0,Bip01 L Forearm
0x08D86C70,6,0x08D86C88,0x08D2E5A8,.rodata,12,0,Bip01 L Hand
0x08D86C70,7,0x08D86C8C,0x08D2E5B8,.rodata,15,0,Bip01 L Finger0
0x08D86C70,8,0x08D86C90,0x08D2E5C8,.rodata,16,0,Bip01 R UpperArm
0x08D86C70,9,0x08D86C94,0x08D2E5DC,.rodata,15,0,Bip01 R Forearm
0x08D86C70,10,0x08D86C98,0x08D2E5EC,.rodata,12,0,Bip01 R Hand
0x08D86C70,11,0x08D86C9C,0x08D2E5FC,.rodata,15,0,Bip01 R Finger0
0x08D86C70,12,0x08D86CA0,0x08D2E60C,.rodata,13,0,Bip01 L Thigh
0x08D86C70,13,0x08D86CA4,0x08D2E61C,.rodata,12,0,Bip01 L Calf
0x08D86C70,14,0x08D86CA8,0x08D2E62C,.rodata,12,0,Bip01 L Foot
0x08D86C70,15,0x08D86CAC,0x08D2E63C,.rodata,13,0,Bip01 R Thigh
0x08D86C70,16,0x08D86CB0,0x08D2E64C,.rodata,12,0,Bip01 R Calf
0x08D86C70,17,0x08D86CB4,0x08D2E65C,.rodata,12,0,Bip01 R Foot
0x08D86C70,18,0x08D86CB8,0x08D32AB0,.rodata,15,0,title/title.arc
0x08D86C70,19,0x08D86CBC,0x08D32AC0,.rodata,14,0,background.ppt
0x08D86C70,20,0x08D86CC0,0x08D32AD0,.rodata,15,0,bglightning.ppt
0x08D86C70,21,0x08D86CC4,0x08D32AE0,.rodata,10,0,par_30.ppt
0x08D86C70,22,0x08D86CC8,0x08D32AEC,.rodata,10,0,par_28.ppt
0x08D86C70,23,0x08D86CCC,0x08D32AF8,.rodata,10,0,par_29.ppt
0x08D86C70,24,0x08D86CD0,0x08D32AF8,.rodata,10,0,par_29.ppt
0x08D86C70,25,0x08D86CD4,0x08D32B04,.rodata,10,0,par_30.zqe
0x08D86C70,26,0x08D86CD8,0x08D32B10,.rodata,10,0,par_28.zqe
0x08D86C70,27,0x08D86CDC,0x08D32B1C,.rodata,10,0,par_29.zqe
0x08D86C70,28,0x08D86CE0,0x08D32B1C,.rodata,10,0,par_29.zqe
0x08D86C70,29,0x08D86CE4,0x08D32D84,.rodata,15,0,title/title.arc
0x08D86C70,30,0x08D86CE8,0x08D32D94,.rodata,15,0,titlemenu11.ppt
0x08D86C70,31,0x08D86CEC,0x08D32DA4,.rodata,15,0,titlemenu01.ppt
0x08D86C70,32,0x08D86CF0,0x08D32DB4,.rodata,15,0,titlemenu12.ppt
0x08D86C70,33,0x08D86CF4,0x08D32DC4,.rodata,15,0,titlemenu02.ppt
0x08D86C70,34,0x08D86CF8,0x08D32DD4,.rodata,15,0,titlemenu13.ppt
0x08D86C70,35,0x08D86CFC,0x08D32DE4,.rodata,15,0,titlemenu03.ppt
0x08D86C70,36,0x08D86D00,0x08D32DF4,.rodata,15,0,titlemenu14.ppt
0x08D86C70,37,0x08D86D04,0x08D32E04,.rodata,15,0,titlemenu04.ppt
0x08D86C70,38,0x08D86D08,0x08D32E14,.rodata,15,0,titlemenu00.ppt
0x08D86D14,0,0x08D86D14,0x08D32F38,.rodata,15,0,title/title.arc
0x08D86D14,1,0x08D86D18,0x08D32F48,.rodata,9,0,logo3.ppt
0x08D86D14,2,0x08D86D1C,0x08D32F54,.rodata,9,0,logo2.ppt
0x08D86D14,3,0x08D86D20,0x08D32F60,.rodata,9,0,logo1.ppt
0x08D86D14,4,0x08D86D24,0x08D32F6C,.rodata,9,0,logo4.ppt
0x08D86D14,5,0x08D86D28,0x08D32F78,.rodata,12,0,copy2011.ppt
0x08D86D14,6,0x08D86D2C,0x08D32F88,.rodata,11,0,copytgs.ppt
0x08D8C8B4,0,0x08D8C8B4,0x08D3BF78,.rodata,3,0,GMT
0x08D8C8B4,1,0x08D8C8B8,0x08D3BF7C,.rodata,3,0,HST
0x08D8C8B4,2,0x08D8C8BC,0x08D3BF80,.rodata,4,0,AKST
0x08D8C8B4,3,0x08D8C8C0,0x08D3BF88,.rodata,3,0,PST
0x08D8C8B4,4,0x08D8C8C4,0x08D3BF8C,.rodata,3,0,MST
0x08D8C8B4,5,0x08D8C8C8,0x08D3BF90,.rodata,3,0,CST
0x08D8C8B4,6,0x08D8C8CC,0x08D3BF94,.rodata,3,0,EST
0x08D8C8B4,7,0x08D8C8D0,0x08D3BF98,.rodata,3,0,AST
0x08D8C8B4,8,0x08D8C8D4,0x08D3BF9C,.rodata,3,0,NST
0x08D8C8B4,9,0x08D8C8D8,0x08D3BFA0,.rodata,3,0,CET
0x08D8C8B4,10,0x08D8C8DC,0x08D3BFA4,.rodata,3,0,IST
0x08D8C8B4,11,0x08D8C8E0,0x08D3BFA8,.rodata,3,0,EET
0x08D8C8B4,12,0x08D8C8E4,0x08D3BF90,.rodata,3,0,CST
0x08D8C8B4,13,0x08D8C8E8,0x08D3BFAC,.rodata,3,0,JST
0x08D8C8B4,14,0x08D8C8EC,0x08D3BFB0,.rodata,22,0,0123456789eEabcdfABCDF
0x08D8C8B4,15,0x08D8C8F0,0x08D3BFC8,.rodata,36,0,-+xX0123456789abcdef0123456789ABCDEF
0x08D8C8B4,16,0x08D8C8F4,0x08D3CEE4,.rodata,8,0,LC_CTYPE
0x08D8C8B4,17,0x08D8C8F8,0x08D3CEF0,.rodata,10,0,LC_NUMERIC
0x08D8C8B4,18,0x08D8C8FC,0x08D3CEFC,.rodata,7,0,LC_TIME
0x08D8C8B4,19,0x08D8C900,0x08D3CF04,.rodata,10,0,LC_COLLATE
0x08D8C8B4,20,0x08D8C904,0x08D3CF10,.rodata,11,0,LC_MONETARY
0x08D8C8B4,21,0x08D8C908,0x08D3CF1C,.rodata,11,0,LC_MESSAGES
0x08D8D360,0,0x08D8D360,0x08D3FCA8,.rodata,3,0,Sun
0x08D8D360,1,0x08D8D364,0x08D3FCAC,.rodata,3,0,Mon
0x08D8D360,2,0x08D8D368,0x08D3FCB0,.rodata,3,0,Tue
0x08D8D360,3,0x08D8D36C,0x08D3FCB4,.rodata,3,0,Wed
0x08D8D360,4,0x08D8D370,0x08D3FCB8,.rodata,3,0,Thu
0x08D8D360,5,0x08D8D374,0x08D3FCBC,.rodata,3,0,Fri
0x08D8D360,6,0x08D8D378,0x08D3FCC0,.rodata,3,0,Sat
0x08D8D380,0,0x08D8D380,0x08D3FCC4,.rodata,6,0,Sunday
0x08D8D380,1,0x08D8D384,0x08D3FCCC,.rodata,6,0,Monday
0x08D8D380,2,0x08D8D388,0x08D3FCD4,.rodata,7,0,Tuesday
0x08D8D380,3,0x08D8D38C,0x08D3FCDC,.rodata,9,0,Wednesday
0x08D8D380,4,0x08D8D390,0x08D3FCE8,.rodata,8,0,Thursday
0x08D8D380,5,0x08D8D394,0x08D3FCF4,.rodata,6,0,Friday
0x08D8D380,6,0x08D8D398,0x08D3FCFC,.rodata,8,0,Saturday
0x08D8D3A0,0,0x08D8D3A0,0x08D3FD08,.rodata,3,0,Jan
0x08D8D3A0,1,0x08D8D3A4,0x08D3FD0C,.rodata,3,0,Feb
0x08D8D3A0,2,0x08D8D3A8,0x08D3FD10,.rodata,3,0,Mar
0x08D8D3A0,3,0x08D8D3AC,0x08D3FD14,.rodata,3,0,Apr
0x08D8D3A0,4,0x08D8D3B0,0x08D3FD18,.rodata,3,0,May
0x08D8D3A0,5,0x08D8D3B4,0x08D3FD1C,.rodata,3,0,Jun
0x08D8D3A0,6,0x08D8D3B8,0x08D3FD20,.rodata,3,0,Jul
0x08D8D3A0,7,0x08D8D3BC,0x08D3FD24,.rodata,3,0,Aug
0x08D8D3A0,8,0x08D8D3C0,0x08D3FD28,.rodata,3,0,Sep
0x08D8D3A0,9,0x08D8D3C4,0x08D3FD2C,.rodata,3,0,Oct
0x08D8D3A0,10,0x08D8D3C8,0x08D3FD30,.rodata,3,0,Nov
0x08D8D3A0,11,0x08D8D3CC,0x08D3FD34,.rodata,3,0,Dec
0x08D8D3D4,0,0x08D8D3D4,0x08D3FD38,.rodata,7,0,January
0x08D8D3D4,1,0x08D8D3D8,0x08D3FD40,.rodata,8,0,February
0x08D8D3D4,2,0x08D8D3DC,0x08D3FD4C,.rodata,4,0,Mars
0x08D8D3D4,3,0x08D8D3E0,0x08D3FD54,.rodata,5,0,April
0x08D8D3D4,4,0x08D8D3E4,0x08D3FD18,.rodata,3,0,May
0x08D8D3D4,5,0x08D8D3E8,0x08D3FD5C,.rodata,4,0,June
0x08D8D3D4,6,0x08D8D3EC,0x08D3FD64,.rodata,4,0,July
0x08D8D3D4,7,0x08D8D3F0,0x08D3FD6C,.rodata,6,0,August
0x08D8D3D4,8,0x08D8D3F4,0x08D3FD74,.rodata,9,0,September
0x08D8D3D4,9,0x08D8D3F8,0x08D3FD80,.rodata,7,0,October
0x08D8D3D4,10,0x08D8D3FC,0x08D3FD88,.rodata,8,0,November
0x08D8D3D4,11,0x08D8D400,0x08D3FD94,.rodata,8,0,December
0x08B2AA90,0,0x08B2AA90,0x08809B1C,.text,2,0,! 
0x08B2AA90,1,0x08B2AA94,0x08809E54,.text,2,0,! 
0x08B2AA90,2,0x08B2AA98,0x08809E54,.text,2,0,! 
0x08B2AA90,3,0x08B2AA9C,0x08809E90,.text,2,0,! 
0x08B2AA90,4,0x08B2AAA0,0x08809E24,.text,2,0,! 
0x08B2AA90,5,0x08B2AAA4,0x08809E44,.text,2,0,! 
0x08B2AA90,6,0x08B2AAA8,0x08809E54,.text,2,0,! 
0x08B2AA90,7,0x08B2AAAC,0x08809E64,.text,2,0,! 
0x08B2AA90,8,0x08B2AAB0,0x08809E64,.text,2,0,! 
0x08B2AA90,9,0x08B2AAB4,0x08809E64,.text,2,0,! 
0x08B2AA90,10,0x08B2AAB8,0x08809E74,.text,2,0,! 
0x08B2AA90,11,0x08B2AABC,0x08809EC4,.text,2,0,! 
0x08B2AA90,12,0x08B2AAC0,0x08809E90,.text,2,0,! 
0x08B2AA90,13,0x08B2AAC4,0x08809EA0,.text,2,0,! 
0x08B2AA90,14,0x08B2AAC8,0x08809EC4,.text,2,0,! 
0x08B2D98C,0,0x08B2D98C,0x08829F4C,.text,1,0,d
0x08B2D98C,1,0x08B2D990,0x08829F4C,.text,1,0,d
0x08B2D98C,2,0x08B2D994,0x08829F4C,.text,1,0,d
0x08B2D98C,3,0x08B2D998,0x08829F4C,.text,1,0,d
0x08B2D98C,4,0x08B2D99C,0x08829F4C,.text,1,0,d
0x08B2D98C,5,0x08B2D9A0,0x08829F4C,.text,1,0,d
0x08B2D98C,6,0x08B2D9A4,0x08829F4C,.text,1,0,d
0x08B2D98C,7,0x08B2D9A8,0x08829F4C,.text,1,0,d
0x08B2D98C,8,0x08B2D9AC,0x08829F4C,.text,1,0,d
0x08B2D98C,9,0x08B2D9B0,0x08829F4C,.text,1,0,d
0x08B2D98C,10,0x08B2D9B4,0x08829F4C,.text,1,0,d
0x08B2D98C,11,0x08B2D9B8,0x08829F4C,.text,1,0,d
0x08B2D98C,12,0x08B2D9BC,0x08829F4C,.text,1,0,d
0x08B2D98C,13,0x08B2D9C0,0x08829F4C,.text,1,0,d
0x08B2D98C,14,0x08B2D9C4,0x08829F4C,.text,1,0,d
0x08B2D98C,15,0x08B2D9C8,0x08829F4C,.text,1,0,d
0x08B2D98C,16,0x08B2D9CC,0x08829F4C,.text,1,0,d
0x08B2D98C,17,0x08B2D9D0,0x08829F4C,.text,1,0,d
0x08B2D98C,18,0x08B2D9D4,0x08829F4C,.text,1,0,d
0x08B2D98C,19,0x08B2D9D8,0x08829F4C,.text,1,0,d
0x08B2D98C,20,0x08B2D9DC,0x08829F4C,.text,1,0,d
0x08B2D98C,21,0x08B2D9E0,0x08829F4C,.text,1,0,d
0x08B2D98C,22,0x08B2D9E4,0x08829F4C,.text,1,0,d
0x08B2D98C,23,0x08B2D9E8,0x08829F4C,.text,1,0,d
0x08B2D98C,24,0x08B2D9EC,0x08829F4C,.text,1,0,d
0x08B2D98C,25,0x08B2D9F0,0x08829F4C,.text,1,0,d
0x08B2D98C,26,0x08B2D9F4,0x08829F4C,.text,1,0,d
0x08B2D98C,27,0x08B2D9F8,0x08829F4C,.text,1,0,d
0x08B2D98C,28,0x08B2D9FC,0x08829F4C,.text,1,0,d
0x08B2D98C,29,0x08B2DA00,0x08829F4C,.text,1,0,d
0x08B2D98C,30,0x08B2DA04,0x08829F4C,.text,1,0,d
0x08B2D98C,31,0x08B2DA08,0x08829F4C,.text,1,0,d
0x08B2D98C,32,0x08B2DA0C,0x08829F4C,.text,1,0,d
0x08B2D98C,33,0x08B2DA10,0x08829F4C,.text,1,0,d
0x08B2D98C,34,0x08B2DA14,0x08829F4C,.text,1,0,d
0x08B2D98C,35,0x08B2DA18,0x08829F4C,.text,1,0,d
0x08B2D98C,36,0x08B2DA1C,0x08829F4C,.text,1,0,d
0x08B2D98C,37,0x08B2DA20,0x08829F4C,.text,1,0,d
0x08B2D98C,38,0x08B2DA24,0x08829F4C,.text,1,0,d
0x08B2D98C,39,0x08B2DA28,0x08829F4C,.text,1,0,d
0x08B2D98C,40,0x08B2DA2C,0x08829F4C,.text,1,0,d
0x08B2D98C,41,0x08B2DA30,0x08829F4C,.text,1,0,d
0x08B2D98C,42,0x08B2DA34,0x08829F4C,.text,1,0,d
0x08B2D98C,43,0x08B2DA38,0x08829F4C,.text,1,0,d
0x08B2D98C,44,0x08B2DA3C,0x08829F4C,.text,1,0,d
0x08B2D98C,45,0x08B2DA40,0x08829F4C,.text,1,0,d
0x08B2D98C,46,0x08B2DA44,0x08829F4C,.text,1,0,d
0x08B2D98C,47,0x08B2DA48,0x08829F4C,.text,1,0,d
0x08B2D98C,48,0x08B2DA4C,0x08829F4C,.text,1,0,d
0x08B2D98C,49,0x08B2DA50,0x08829F4C,.text,1,0,d
0x08B2D98C,50,0x08B2DA54,0x08829F4C,.text,1,0,d
0x08B2D98C,51,0x08B2DA58,0x08829F4C,.text,1,0,d
0x08B2D98C,52,0x08B2DA5C,0x08829F4C,.text,1,0,d
0x08B2D98C,53,0x08B2DA60,0x08829F4C,.text,1,0,d
0x08B2D98C,54,0x08B2DA64,0x08829F4C,.text,1,0,d
0x08B2D98C,55,0x08B2DA68,0x08829F4C,.text,1,0,d
0x08B2D98C,56,0x08B2DA6C,0x08829F4C,.text,1,0,d
0x08B2D98C,57,0x08B2DA70,0x08829F4C,.text,1,0,d
0x08B2D98C,58,0x08B2DA74,0x08829F4C,.text,1,0,d
0x08B2D98C,59,0x08B2DA78,0x08829F4C,.text,1,0,d
0x08B2D98C,60,0x08B2DA7C,0x08829F4C,.text,1,0,d
0x08B2D98C,61,0x08B2DA80,0x08829F4C,.text,1,0,d
0x08B2D98C,62,0x08B2DA84,0x08829F4C,.text,1,0,d
0x08B2D98C,63,0x08B2DA88,0x08829F4C,.text,1,0,d
0x08B2D98C,64,0x08B2DA8C,0x08829F4C,.text,1,0,d
0x08B2D98C,65,0x08B2DA90,0x08829F4C,.text,1,0,d
0x08B2D98C,66,0x08B2DA94,0x08829F4C,.text,1,0,d
0x08B2D98C,67,0x08B2DA98,0x08829F4C,.text,1,0,d
0x08B2D98C,68,0x08B2DA9C,0x08829F4C,.text,1,0,d
0x08B2D98C,69,0x08B2DAA0,0x08829F4C,.text,1,0,d
0x08B2D98C,70,0x08B2DAA4,0x08829F4C,.text,1,0,d
0x08B2D98C,71,0x08B2DAA8,0x08829F4C,.text,1,0,d
0x08B2D98C,72,0x08B2DAAC,0x08829F4C,.text,1,0,d
0x08B2D98C,73,0x08B2DAB0,0x08829F4C,.text,1,0,d
0x08B2D98C,74,0x08B2DAB4,0x08829F4C,.text,1,0,d
0x08B2D98C,75,0x08B2DAB8,0x08829F4C,.text,1,0,d
0x08B2D98C,76,0x08B2DABC,0x08829F4C,.text,1,0,d
0x08B2D98C,77,0x08B2DAC0,0x08829F4C,.text,1,0,d
0x08B2D98C,78,0x08B2DAC4,0x08829F4C,.text,1,0,d
0x08B2D98C,79,0x08B2DAC8,0x08829F4C,.text,1,0,d
0x08B2D98C,80,0x08B2DACC,0x08829F4C,.text,1,0,d
0x08B2D98C,81,0x08B2DAD0,0x08829F4C,.text,1,0,d
0x08B2D98C,82,0x08B2DAD4,0x08829F4C,.text,1,0,d
0x08B2D98C,83,0x08B2DAD8,0x08829F4C,.text,1,0,d
0x08B2D98C,84,0x08B2DADC,0x08829F4C,.text,1,0,d
0x08B2D98C,85,0x08B2DAE0,0x08829F4C,.text,1,0,d
0x08B2D98C,86,0x08B2DAE4,0x08829F4C,.text,1,0,d
0x08B2D98C,87,0x08B2DAE8,0x08829F4C,.text,1,0,d
0x08B2D98C,88,0x08B2DAEC,0x08829F4C,.text,1,0,d
0x08B2D98C,89,0x08B2DAF0,0x08829F4C,.text,1,0,d
0x08B2D98C,90,0x08B2DAF4,0x08829F4C,.text,1,0,d
0x08B2D98C,91,0x08B2DAF8,0x08829F4C,.text,1,0,d
0x08B2D98C,92,0x08B2DAFC,0x08829F4C,.text,1,0,d
0x08B2D98C,93,0x08B2DB00,0x08829F4C,.text,1,0,d
0x08B2D98C,94,0x08B2DB04,0x08829F4C,.text,1,0,d
0x08B2D98C,95,0x08B2DB08,0x08829F4C,.text,1,0,d
0x08B2D98C,96,0x08B2DB0C,0x08829F4C,.text,1,0,d
0x08B2D98C,97,0x08B2DB10,0x08829F4C,.text,1,0,d
0x08B2D98C,98,0x08B2DB14,0x08829F4C,.text,1,0,d
0x08B2D98C,99,0x08B2DB18,0x08829F4C,.text,1,0,d
0x08B2D98C,100,0x08B2DB1C,0x08829F4C,.text,1,0,d
0x08B2D98C,101,0x08B2DB20,0x08829F4C,.text,1,0,d
0x08B2D98C,102,0x08B2DB24,0x08829F4C,.text,1,0,d
0x08B2D98C,103,0x08B2DB28,0x08829F4C,.text,1,0,d
0x08B2D98C,104,0x08B2DB2C,0x08829F4C,.text,1,0,d
0x08B2D98C,105,0x08B2DB30,0x08829F4C,.text,1,0,d
0x08B2D98C,106,0x08B2DB34,0x08829F4C,.text,1,0,d
0x08B2D98C,107,0x08B2DB38,0x08829F4C,.text,1,0,d
0x08B2D98C,108,0x08B2DB3C,0x08829F4C,.text,1,0,d
0x08B2D98C,109,0x08B2DB40,0x08829F4C,.text,1,0,d
0x08B2D98C,110,0x08B2DB44,0x08829F4C,.text,1,0,d
0x08B2D98C,111,0x08B2DB48,0x08829F4C,.text,1,0,d
0x08B2D98C,112,0x08B2DB4C,0x08829F4C,.text,1,0,d
0x08B2D98C,113,0x08B2DB50,0x08829F4C,.text,1,0,d
0x08B2D98C,114,0x08B2DB54,0x08829F4C,.text,1,0,d
0x08B2D98C,115,0x08B2DB58,0x08829F4C,.text,1,0,d
0x08B2D98C,116,0x08B2DB5C,0x08829F4C,.text,1,0,d
0x08B2D98C,117,0x08B2DB60,0x08829F4C,.text,1,0,d
0x08B2D98C,118,0x08B2DB64,0x08829F4C,.text,1,0,d
0x08B2D98C,119,0x08B2DB68,0x08829F4C,.text,1,0,d
0x08B2D98C,120,0x08B2DB6C,0x08829F4C,.text,1,0,d
0x08B2D98C,121,0x08B2DB70,0x08829F4C,.text,1,0,d
0x08B2D98C,122,0x08B2DB74,0x08829F4C,.text,1,0,d
0x08B2D98C,123,0x08B2DB78,0x08829F4C,.text,1,0,d
0x08B2D98C,124,0x08B2DB7C,0x08829F4C,.text,1,0,d
0x08B2D98C,125,0x08B2DB80,0x08829F4C,.text,1,0,d
0x08B2D98C,126,0x08B2DB84,0x08829F4C,.text,1,0,d
0x08B2D98C,127,0x08B2DB88,0x08829F4C,.text,1,0,d
0x08B2D98C,128,0x08B2DB8C,0x08829F4C,.text,1,0,d
0x08B2D98C,129,0x08B2DB90,0x08829F4C,.text,1,0,d
0x08B2D98C,130,0x08B2DB94,0x08829F4C,.text,1,0,d
0x08B2D98C,131,0x08B2DB98,0x08829F4C,.text,1,0,d
0x08B2D98C,132,0x08B2DB9C,0x08829F4C,.text,1,0,d
0x08B2D98C,133,0x08B2DBA0,0x08829F4C,.text,1,0,d
0x08B2D98C,134,0x08B2DBA4,0x08829F4C,.text,1,0,d
0x08B2D98C,135,0x08B2DBA8,0x08829F4C,.text,1,0,d
0x08B2D98C,136,0x08B2DBAC,0x08829F4C,.text,1,0,d
0x08B2D98C,137,0x08B2DBB0,0x08829F4C,.text,1,0,d
0x08B2D98C,138,0x08B2DBB4,0x08829F4C,.text,1,0,d
0x08B2D98C,139,0x08B2DBB8,0x08829F4C,.text,1,0,d
0x08B2D98C,140,0x08B2DBBC,0x08829F4C,.text,1,0,d
0x08B2D98C,141,0x08B2DBC0,0x08829F4C,.text,1,0,d
0x08B2D98C,142,0x08B2DBC4,0x08829F4C,.text,1,0,d
0x08B2D98C,143,0x08B2DBC8,0x08829F4C,.text,1,0,d
0x08B2D98C,144,0x08B2DBCC,0x08829F4C,.text,1,0,d
0x08B2D98C,145,0x08B2DBD0,0x08829F4C,.text,1,0,d
0x08B2D98C,146,0x08B2DBD4,0x08829F4C,.text,1,0,d
0x08B2D98C,147,0x08B2DBD8,0x08829F4C,.text,1,0,d
0x08B2D98C,148,0x08B2DBDC,0x08829F4C,.text,1,0,d
0x08B2D98C,149,0x08B2DBE0,0x08829F4C,.text,1,0,d
0x08B2D98C,150,0x08B2DBE4,0x08829F4C,.text,1,0,d
0x08B2D98C,151,0x08B2DBE8,0x08829F4C,.text,1,0,d
0x08B2D98C,152,0x08B2DBEC,0x08829F4C,.text,1,0,d
0x08B2D98C,153,0x08B2DBF0,0x08829F4C,.text,1,0,d
0x08B2D98C,154,0x08B2DBF4,0x08829F4C,.text,1,0,d
0x08B2D98C,155,0x08B2DBF8,0x08829F4C,.text,1,0,d
0x08B2D98C,156,0x08B2DBFC,0x08829F4C,.text,1,0,d
0x08B2D98C,157,0x08B2DC00,0x08829F4C,.text,1,0,d
0x08B2D98C,158,0x08B2DC04,0x08829F4C,.text,1,0,d
0x08B2D98C,159,0x08B2DC08,0x08829F4C,.text,1,0,d
0x08B2D98C,160,0x08B2DC0C,0x08829F4C,.text,1,0,d
0x08B2D98C,161,0x08B2DC10,0x08829F4C,.text,1,0,d
0x08B2D98C,162,0x08B2DC14,0x08829F4C,.text,1,0,d
0x08B2D98C,163,0x08B2DC18,0x08829F4C,.text,1,0,d
0x08B2D98C,164,0x08B2DC1C,0x08829F4C,.text,1,0,d
0x08B2D98C,165,0x08B2DC20,0x08829F4C,.text,1,0,d
0x08B2D98C,166,0x08B2DC24,0x08829F4C,.text,1,0,d
0x08B2D98C,167,0x08B2DC28,0x08829F4C,.text,1,0,d
0x08B2D98C,168,0x08B2DC2C,0x08829F4C,.text,1,0,d
0x08B2D98C,169,0x08B2DC30,0x08829F4C,.text,1,0,d
0x08B2D98C,170,0x08B2DC34,0x08829F4C,.text,1,0,d
0x08B2D98C,171,0x08B2DC38,0x08829F4C,.text,1,0,d
0x08B2D98C,172,0x08B2DC3C,0x08829F4C,.text,1,0,d
0x08B2D98C,173,0x08B2DC40,0x08829F4C,.text,1,0,d
0x08B2D98C,174,0x08B2DC44,0x08829F4C,.text,1,0,d
0x08B2D98C,175,0x08B2DC48,0x08829F4C,.text,1,0,d
0x08B2D98C,176,0x08B2DC4C,0x08829F4C,.text,1,0,d
0x08B2D98C,177,0x08B2DC50,0x08829F4C,.text,1,0,d
0x08B2D98C,178,0x08B2DC54,0x08829F4C,.text,1,0,d
0x08B2D98C,179,0x08B2DC58,0x08829F4C,.text,1,0,d
0x08B2D98C,180,0x08B2DC5C,0x08829F4C,.text,1,0,d
0x08B2D98C,181,0x08B2DC60,0x08829F4C,.text,1,0,d
0x08B2D98C,182,0x08B2DC64,0x08829F4C,.text,1,0,d
0x08B2D98C,183,0x08B2DC68,0x08829F4C,.text,1,0,d
0x08B2D98C,184,0x08B2DC6C,0x08829F4C,.text,1,0,d
0x08B2D98C,185,0x08B2DC70,0x08829F4C,.text,1,0,d
0x08B2D98C,186,0x08B2DC74,0x08829F4C,.text,1,0,d
0x08B2D98C,187,0x08B2DC78,0x08829F4C,.text,1,0,d
0x08B2D98C,188,0x08B2DC7C,0x08829F4C,.text,1,0,d
0x08B2D98C,189,0x08B2DC80,0x08829F4C,.text,1,0,d
0x08B2D98C,190,0x08B2DC84,0x08829F4C,.text,1,0,d
0x08B2D98C,191,0x08B2DC88,0x08829F4C,.text,1,0,d
0x08B2D98C,192,0x08B2DC8C,0x08829F4C,.text,1,0,d
0x08B2D98C,193,0x08B2DC90,0x08829F4C,.text,1,0,d
0x08B2D98C,194,0x08B2DC94,0x08829F4C,.text,1,0,d
0x08B2D98C,195,0x08B2DC98,0x08829F4C,.text,1,0,d
0x08B2D98C,196,0x08B2DC9C,0x08829F4C,.text,1,0,d
0x08B2D98C,197,0x08B2DCA0,0x08829F4C,.text,1,0,d
0x08B2D98C,198,0x08B2DCA4,0x08829F4C,.text,1,0,d
0x08B2D98C,199,0x08B2DCA8,0x08829F4C,.text,1,0,d
0x08B2D98C,200,0x08B2DCAC,0x08829F4C,.text,1,0,d
0x08B2D98C,201,0x08B2DCB0,0x08829F4C,.text,1,0,d
0x08B2D98C,202,0x08B2DCB4,0x08829F4C,.text,1,0,d
0x08B2D98C,203,0x08B2DCB8,0x08829F4C,.text,1,0,d
0x08B2D98C,204,0x08B2DCBC,0x08829F4C,.text,1,0,d
0x08B2D98C,205,0x08B2DCC0,0x08829F4C,.text,1,0,d
0x08B2D98C,206,0x08B2DCC4,0x08829F4C,.text,1,0,d
0x08B2D98C,207,0x08B2DCC8,0x08829F4C,.text,1,0,d
0x08B2D98C,208,0x08B2DCCC,0x08829F4C,.text,1,0,d
0x08B2D98C,209,0x08B2DCD0,0x08829F4C,.text,1,0,d
0x08B2D98C,210,0x08B2DCD4,0x08829F4C,.text,1,0,d
0x08B2D98C,211,0x08B2DCD8,0x08829F4C,.text,1,0,d
0x08B2D98C,212,0x08B2DCDC,0x08829F4C,.text,1,0,d
0x08B2D98C,213,0x08B2DCE0,0x08829F4C,.text,1,0,d
0x08B2D98C,214,0x08B2DCE4,0x08829F4C,.text,1,0,d
0x08B2D98C,215,0x08B2DCE8,0x08829F4C,.text,1,0,d
0x08B2D98C,216,0x08B2DCEC,0x08829F4C,.text,1,0,d
0x08B2D98C,217,0x08B2DCF0,0x08829F4C,.text,1,0,d
0x08B2D98C,218,0x08B2DCF4,0x08829F4C,.text,1,0,d
0x08B2D98C,219,0x08B2DCF8,0x08829F4C,.text,1,0,d
0x08B2D98C,220,0x08B2DCFC,0x08829F4C,.text,1,0,d
0x08B2D98C,221,0x08B2DD00,0x08829F4C,.text,1,0,d
0x08B2D98C,222,0x08B2DD04,0x08829F4C,.text,1,0,d
0x08B2D98C,223,0x08B2DD08,0x08829F4C,.text,1,0,d
0x08B2D98C,224,0x08B2DD0C,0x08829F4C,.text,1,0,d
0x08B2D98C,225,0x08B2DD10,0x08829F4C,.text,1,0,d
0x08B2D98C,226,0x08B2DD14,0x08829F4C,.text,1,0,d
0x08B2D98C,227,0x08B2DD18,0x08829F4C,.text,1,0,d
0x08B2D98C,228,0x08B2DD1C,0x08829F4C,.text,1,0,d
0x08B2D98C,229,0x08B2DD20,0x08829F4C,.text,1,0,d
0x08B2D98C,230,0x08B2DD24,0x08829F4C,.text,1,0,d
0x08B2D98C,231,0x08B2DD28,0x08829F4C,.text,1,0,d
0x08B2D98C,232,0x08B2DD2C,0x08829F4C,.text,1,0,d
0x08B2D98C,233,0x08B2DD30,0x08829F4C,.text,1,0,d
0x08B2D98C,234,0x08B2DD34,0x08829F4C,.text,1,0,d
0x08B2D98C,235,0x08B2DD38,0x08829F4C,.text,1,0,d
0x08B2D98C,236,0x08B2DD3C,0x08829F4C,.text,1,0,d
0x08B2D98C,237,0x08B2DD40,0x08829F4C,.text,1,0,d
0x08B2D98C,238,0x08B2DD44,0x08829F4C,.text,1,0,d
0x08B2D98C,239,0x08B2DD48,0x08829F4C,.text,1,0,d
0x08B2D98C,240,0x08B2DD4C,0x08829F4C,.text,1,0,d
0x08B2D98C,241,0x08B2DD50,0x08829F4C,.text,1,0,d
0x08B2D98C,242,0x08B2DD54,0x08829F4C,.text,1,0,d
0x08B2D98C,243,0x08B2DD58,0x08829F4C,.text,1,0,d
0x08B2D98C,244,0x08B2DD5C,0x08829F4C,.text,1,0,d
0x08B2D98C,245,0x08B2DD60,0x08829F4C,.text,1,0,d
0x08B2D98C,246,0x08B2DD64,0x08829F4C,.text,1,0,d
0x08B2D98C,247,0x08B2DD68,0x08829F4C,.text,1,0,d
0x08B2D98C,248,0x08B2DD6C,0x08829F4C,.text,1,0,d
0x08B2D98C,249,0x08B2DD70,0x08829F4C,.text,1,0,d
0x08B2D98C,250,0x08B2DD74,0x08829F4C,.text,1,0,d
0x08B2D98C,251,0x08B2DD78,0x08829F4C,.text,1,0,d
0x08B2D98C,252,0x08B2DD7C,0x08829F4C,.text,1,0,d
0x08B2D98C,253,0x08B2DD80,0x08829F4C,.text,1,0,d
0x08B2D98C,254,0x08B2DD84,0x08829F4C,.text,1,0,d
0x08B2D98C,255,0x08B2DD88,0x08829F4C,.text,1,0,d
0x08B2D98C,256,0x08B2DD8C,0x08829F4C,.text,1,0,d
0x08B2D98C,257,0x08B2DD90,0x08829F4C,.text,1,0,d
0x08B2D98C,258,0x08B2DD94,0x08829F4C,.text,1,0,d
0x08B2D98C,259,0x08B2DD98,0x08829F4C,.text,1,0,d
0x08B2D98C,260,0x08B2DD9C,0x08829F4C,.text,1,0,d
0x08B2D98C,261,0x08B2DDA0,0x08829F4C,.text,1,0,d
0x08B2D98C,262,0x08B2DDA4,0x08829F4C,.text,1,0,d
0x08B2D98C,263,0x08B2DDA8,0x08829F4C,.text,1,0,d
0x08B2D98C,264,0x08B2DDAC,0x08829F4C,.text,1,0,d
0x08B2D98C,265,0x08B2DDB0,0x08829F4C,.text,1,0,d
0x08B2D98C,266,0x08B2DDB4,0x08829F4C,.text,1,0,d
0x08B2D98C,267,0x08B2DDB8,0x08829F4C,.text,1,0,d
0x08B2D98C,268,0x08B2DDBC,0x08829F4C,.text,1,0,d
0x08B2D98C,269,0x08B2DDC0,0x08829F4C,.text,1,0,d
0x08B2D98C,270,0x08B2DDC4,0x08829F4C,.text,1,0,d
0x08B2D98C,271,0x08B2DDC8,0x08829F4C,.text,1,0,d
0x08B2D98C,272,0x08B2DDCC,0x08829F4C,.text,1,0,d
0x08B2D98C,273,0x08B2DDD0,0x08829F4C,.text,1,0,d
0x08B2D98C,274,0x08B2DDD4,0x08829F4C,.text,1,0,d
0x08B2D98C,275,0x08B2DDD8,0x08829F4C,.text,1,0,d
0x08B2D98C,276,0x08B2DDDC,0x08829F4C,.text,1,0,d
0x08B2D98C,277,0x08B2DDE0,0x08829F4C,.text,1,0,d
0x08B2D98C,278,0x08B2DDE4,0x08829F4C,.text,1,0,d
0x08B2D98C,279,0x08B2DDE8,0x08829F4C,.text,1,0,d
0x08B2D98C,280,0x08B2DDEC,0x08829F4C,.text,1,0,d
0x08B2D98C,281,0x08B2DDF0,0x08829F4C,.text,1,0,d
0x08B2D98C,282,0x08B2DDF4,0x08829F4C,.text,1,0,d
0x08B2D98C,283,0x08B2DDF8,0x08829F4C,.text,1,0,d
0x08B2D98C,284,0x08B2DDFC,0x08829F4C,.text,1,0,d
0x08B2D98C,285,0x08B2DE00,0x08829F4C,.text,1,0,d
0x08B2D98C,286,0x08B2DE04,0x08829F4C,.text,1,0,d
0x08B2D98C,287,0x08B2DE08,0x08829F4C,.text,1,0,d
0x08B2D98C,288,0x08B2DE0C,0x08829F4C,.text,1,0,d
0x08B2D98C,289,0x08B2DE10,0x08829F4C,.text,1,0,d
0x08B2D98C,290,0x08B2DE14,0x08829F4C,.text,1,0,d
0x08B2D98C,291,0x08B2DE18,0x08829F4C,.text,1,0,d
0x08B2D98C,292,0x08B2DE1C,0x08829F4C,.text,1,0,d
0x08B2D98C,293,0x08B2DE20,0x08829F4C,.text,1,0,d
0x08B2D98C,294,0x08B2DE24,0x08829F4C,.text,1,0,d
0x08B2D98C,295,0x08B2DE28,0x08829F4C,.text,1,0,d
0x08B2D98C,296,0x08B2DE2C,0x08829F4C,.text,1,0,d
0x08B2D98C,297,0x08B2DE30,0x08829F4C,.text,1,0,d
0x08B2D98C,298,0x08B2DE34,0x08829F4C,.text,1,0,d
0x08B2D98C,299,0x08B2DE38,0x08829F4C,.text,1,0,d
0x08B2D98C,300,0x08B2DE3C,0x08829F4C,.text,1,0,d
0x08B2D98C,301,0x08B2DE40,0x08829F4C,.text,1,0,d
0x08B2D98C,302,0x08B2DE44,0x08829F4C,.text,1,0,d
0x08B2D98C,303,0x08B2DE48,0x08829F4C,.text,1,0,d
0x08B2D98C,304,0x08B2DE4C,0x08829F4C,.text,1,0,d
0x08B2D98C,305,0x08B2DE50,0x08829F4C,.text,1,0,d
0x08B2D98C,306,0x08B2DE54,0x08829F4C,.text,1,0,d
0x08B2D98C,307,0x08B2DE58,0x08829F4C,.text,1,0,d
0x08B2D98C,308,0x08B2DE5C,0x08829F4C,.text,1,0,d
0x08B2D98C,309,0x08B2DE60,0x08829F4C,.text,1,0,d
0x08B2D98C,310,0x08B2DE64,0x08829F4C,.text,1,0,d
0x08B2D98C,311,0x08B2DE68,0x08829F4C,.text,1,0,d
0x08B2D98C,312,0x08B2DE6C,0x08829F4C,.text,1,0,d
0x08B2D98C,313,0x08B2DE70,0x08829F4C,.text,1,0,d
0x08B2D98C,314,0x08B2DE74,0x08829F4C,.text,1,0,d
0x08B2D98C,315,0x08B2DE78,0x08829F4C,.text,1,0,d
0x08B2D98C,316,0x08B2DE7C,0x08829F4C,.text,1,0,d
0x08B2D98C,317,0x08B2DE80,0x08829F4C,.text,1,0,d
0x08B2D98C,318,0x08B2DE84,0x08829F4C,.text,1,0,d
0x08B2D98C,319,0x08B2DE88,0x08829F4C,.text,1,0,d
0x08B2D98C,320,0x08B2DE8C,0x08829F4C,.text,1,0,d
0x08B2D98C,321,0x08B2DE90,0x08829F4C,.text,1,0,d
0x08B2D98C,322,0x08B2DE94,0x08829F4C,.text,1,0,d
0x08B2D98C,323,0x08B2DE98,0x08829F4C,.text,1,0,d
0x08B2D98C,324,0x08B2DE9C,0x08829F4C,.text,1,0,d
0x08B2D98C,325,0x08B2DEA0,0x08829F4C,.text,1,0,d
0x08B2D98C,326,0x08B2DEA4,0x08829F4C,.text,1,0,d
0x08B2D98C,327,0x08B2DEA8,0x08829F4C,.text,1,0,d
0x08B2D98C,328,0x08B2DEAC,0x08829F4C,.text,1,0,d
0x08B2D98C,329,0x08B2DEB0,0x08829F4C,.text,1,0,d
0x08B2D98C,330,0x08B2DEB4,0x08829F4C,.text,1,0,d
0x08B2D98C,331,0x08B2DEB8,0x08829F4C,.text,1,0,d
0x08B2D98C,332,0x08B2DEBC,0x08829F4C,.text,1,0,d
0x08B2D98C,333,0x08B2DEC0,0x08829F4C,.text,1,0,d
0x08B2D98C,334,0x08B2DEC4,0x08829F4C,.text,1,0,d
0x08B2D98C,335,0x08B2DEC8,0x08829F4C,.text,1,0,d
0x08B2D98C,336,0x08B2DECC,0x08829F4C,.text,1,0,d
0x08B2D98C,337,0x08B2DED0,0x08829F4C,.text,1,0,d
0x08B2D98C,338,0x08B2DED4,0x08829F4C,.text,1,0,d
0x08B2D98C,339,0x08B2DED8,0x08829F4C,.text,1,0,d
0x08B2D98C,340,0x08B2DEDC,0x08829F4C,.text,1,0,d
0x08B2D98C,341,0x08B2DEE0,0x08829F4C,.text,1,0,d
0x08B2D98C,342,0x08B2DEE4,0x08829F4C,.text,1,0,d
0x08B2D98C,343,0x08B2DEE8,0x08829F4C,.text,1,0,d
0x08B2D98C,344,0x08B2DEEC,0x08829F4C,.text,1,0,d
0x08B2D98C,345,0x08B2DEF0,0x08829F4C,.text,1,0,d
0x08B2D98C,346,0x08B2DEF4,0x08829F4C,.text,1,0,d
0x08B2D98C,347,0x08B2DEF8,0x08829F4C,.text,1,0,d
0x08B2D98C,348,0x08B2DEFC,0x08829F4C,.text,1,0,d
0x08B2D98C,349,0x08B2DF00,0x08829F4C,.text,1,0,d
0x08B2D98C,350,0x08B2DF04,0x08829F4C,.text,1,0,d
0x08B2D98C,351,0x08B2DF08,0x08829F4C,.text,1,0,d
0x08B2D98C,352,0x08B2DF0C,0x08829F4C,.text,1,0,d
0x08B2D98C,353,0x08B2DF10,0x08829F4C,.text,1,0,d
0x08B2D98C,354,0x08B2DF14,0x08829F4C,.text,1,0,d
0x08B2D98C,355,0x08B2DF18,0x08829F4C,.text,1,0,d
0x08B2D98C,356,0x08B2DF1C,0x08829F4C,.text,1,0,d
0x08B2D98C,357,0x08B2DF20,0x08829F4C,.text,1,0,d
0x08B2D98C,358,0x08B2DF24,0x08829F4C,.text,1,0,d
0x08B2D98C,359,0x08B2DF28,0x08829F4C,.text,1,0,d
0x08B2D98C,360,0x08B2DF2C,0x08829F4C,.text,1,0,d
0x08B2D98C,361,0x08B2DF30,0x08829F4C,.text,1,0,d
0x08B2D98C,362,0x08B2DF34,0x08829F4C,.text,1,0,d
0x08B2D98C,363,0x08B2DF38,0x08829F4C,.text,1,0,d
0x08B2D98C,364,0x08B2DF3C,0x08829F4C,.text,1,0,d
0x08B2D98C,365,0x08B2DF40,0x08829F4C,.text,1,0,d
0x08B2D98C,366,0x08B2DF44,0x08829F4C,.text,1,0,d
0x08B2D98C,367,0x08B2DF48,0x08829F4C,.text,1,0,d
0x08B2D98C,368,0x08B2DF4C,0x08829F4C,.text,1,0,d
0x08B2D98C,369,0x08B2DF50,0x08829F4C,.text,1,0,d
0x08B2D98C,370,0x08B2DF54,0x08829F4C,.text,1,0,d
0x08B2D98C,371,0x08B2DF58,0x08829F4C,.text,1,0,d
0x08B2D98C,372,0x08B2DF5C,0x08829F4C,.text,1,0,d
0x08B2D98C,373,0x08B2DF60,0x08829F4C,.text,1,0,d
0x08B2D98C,374,0x08B2DF64,0x08829F4C,.text,1,0,d
0x08B2D98C,375,0x08B2DF68,0x08829F4C,.text,1,0,d
0x08B2D98C,376,0x08B2DF6C,0x08829F4C,.text,1,0,d
0x08B2D98C,377,0x08B2DF70,0x08829F4C,.text,1,0,d
0x08B2D98C,378,0x08B2DF74,0x08829F4C,.text,1,0,d
0x08B2D98C,379,0x08B2DF78,0x08829F4C,.text,1,0,d
0x08B2D98C,380,0x08B2DF7C,0x08829F4C,.text,1,0,d
0x08B2D98C,381,0x08B2DF80,0x08829F4C,.text,1,0,d
0x08B2D98C,382,0x08B2DF84,0x08829F4C,.text,1,0,d
0x08B2D98C,383,0x08B2DF88,0x08829F4C,.text,1,0,d
0x08B2D98C,384,0x08B2DF8C,0x08829F4C,.text,1,0,d
0x08B2D98C,385,0x08B2DF90,0x08829F4C,.text,1,0,d
0x08B2D98C,386,0x08B2DF94,0x08829F4C,.text,1,0,d
0x08B2D98C,387,0x08B2DF98,0x08829F4C,.text,1,0,d
0x08B2D98C,388,0x08B2DF9C,0x08829F4C,.text,1,0,d
0x08B2D98C,389,0x08B2DFA0,0x08829F4C,.text,1,0,d
0x08B2D98C,390,0x08B2DFA4,0x08829F4C,.text,1,0,d
0x08B2D98C,391,0x08B2DFA8,0x08829F4C,.text,1,0,d
0x08B2D98C,392,0x08B2DFAC,0x08829F4C,.text,1,0,d
0x08B2D98C,393,0x08B2DFB0,0x08829F4C,.text,1,0,d
0x08B2D98C,394,0x08B2DFB4,0x08829F4C,.text,1,0,d
0x08B2D98C,395,0x08B2DFB8,0x08829F4C,.text,1,0,d
0x08B2D98C,396,0x08B2DFBC,0x08829F4C,.text,1,0,d
0x08B2D98C,397,0x08B2DFC0,0x08829F4C,.text,1,0,d
0x08B2D98C,398,0x08B2DFC4,0x08829F4C,.text,1,0,d
0x08B2D98C,399,0x08B2DFC8,0x08829F4C,.text,1,0,d
0x08B2D98C,400,0x08B2DFCC,0x08829F4C,.text,1,0,d
0x08B2D98C,401,0x08B2DFD0,0x08829F4C,.text,1,0,d
0x08B2D98C,402,0x08B2DFD4,0x08829F4C,.text,1,0,d
0x08B2D98C,403,0x08B2DFD8,0x08829F4C,.text,1,0,d
0x08B2D98C,404,0x08B2DFDC,0x08829F4C,.text,1,0,d
0x08B2D98C,405,0x08B2DFE0,0x08829F4C,.text,1,0,d
0x08B2D98C,406,0x08B2DFE4,0x08829F4C,.text,1,0,d
0x08B2D98C,407,0x08B2DFE8,0x08829F4C,.text,1,0,d
0x08B2D98C,408,0x08B2DFEC,0x08829F4C,.text,1,0,d
0x08B2D98C,409,0x08B2DFF0,0x08829F4C,.text,1,0,d
0x08B2D98C,410,0x08B2DFF4,0x08829F4C,.text,1,0,d
0x08B2D98C,411,0x08B2DFF8,0x08829F4C,.text,1,0,d
0x08B2D98C,412,0x08B2DFFC,0x08829F4C,.text,1,0,d
0x08B2D98C,413,0x08B2E000,0x08829F4C,.text,1,0,d
0x08B2D98C,414,0x08B2E004,0x08829F4C,.text,1,0,d
0x08B2D98C,415,0x08B2E008,0x08829F4C,.text,1,0,d
0x08B2D98C,416,0x08B2E00C,0x08829F4C,.text,1,0,d
0x08B2D98C,417,0x08B2E010,0x08829F4C,.text,1,0,d
0x08B2D98C,418,0x08B2E014,0x08829F4C,.text,1,0,d
0x08B2D98C,419,0x08B2E018,0x08829F4C,.text,1,0,d
0x08B2D98C,420,0x08B2E01C,0x08829F4C,.text,1,0,d
0x08B2D98C,421,0x08B2E020,0x08829F4C,.text,1,0,d
0x08B2D98C,422,0x08B2E024,0x08829F4C,.text,1,0,d
0x08B2D98C,423,0x08B2E028,0x08829F4C,.text,1,0,d
0x08B2D98C,424,0x08B2E02C,0x08829F4C,.text,1,0,d
0x08B2D98C,425,0x08B2E030,0x08829F4C,.text,1,0,d
0x08B2D98C,426,0x08B2E034,0x08829F4C,.text,1,0,d
0x08B2D98C,427,0x08B2E038,0x08829F4C,.text,1,0,d
0x08B2D98C,428,0x08B2E03C,0x08829F4C,.text,1,0,d
0x08B2D98C,429,0x08B2E040,0x08829F4C,.text,1,0,d
0x08B2D98C,430,0x08B2E044,0x08829F4C,.text,1,0,d
0x08B2D98C,431,0x08B2E048,0x08829F4C,.text,1,0,d
0x08B2D98C,432,0x08B2E04C,0x08829F4C,.text,1,0,d
0x08B2D98C,433,0x08B2E050,0x08829F4C,.text,1,0,d
0x08B2D98C,434,0x08B2E054,0x08829F4C,.text,1,0,d
0x08B2D98C,435,0x08B2E058,0x08829F4C,.text,1,0,d
0x08B2D98C,436,0x08B2E05C,0x08829F4C,.text,1,0,d
0x08B2D98C,437,0x08B2E060,0x08829F4C,.text,1,0,d
0x08B2D98C,438,0x08B2E064,0x08829F4C,.text,1,0,d
0x08B2D98C,439,0x08B2E068,0x08829F4C,.text,1,0,d
0x08B2D98C,440,0x08B2E06C,0x08829F4C,.text,1,0,d
0x08B2D98C,441,0x08B2E070,0x08829F4C,.text,1,0,d
0x08B2D98C,442,0x08B2E074,0x08829F4C,.text,1,0,d
0x08B2D98C,443,0x08B2E078,0x08829F4C,.text,1,0,d
0x08B2D98C,444,0x08B2E07C,0x08829F4C,.text,1,0,d
0x08B2D98C,445,0x08B2E080,0x08829F4C,.text,1,0,d
0x08B2D98C,446,0x08B2E084,0x08829F4C,.text,1,0,d
0x08B2D98C,447,0x08B2E088,0x08829F4C,.text,1,0,d
0x08B2D98C,448,0x08B2E08C,0x08829F4C,.text,1,0,d
0x08B2D98C,449,0x08B2E090,0x08829F4C,.text,1,0,d
0x08B2D98C,450,0x08B2E094,0x08829F4C,.text,1,0,d
0x08B2D98C,451,0x08B2E098,0x08829F4C,.text,1,0,d
0x08B2D98C,452,0x08B2E09C,0x08829F4C,.text,1,0,d
0x08B2D98C,453,0x08B2E0A0,0x08829F4C,.text,1,0,d
0x08B2D98C,454,0x08B2E0A4,0x08829F4C,.text,1,0,d
0x08B2D98C,455,0x08B2E0A8,0x08829F4C,.text,1,0,d
0x08B2D98C,456,0x08B2E0AC,0x08829F4C,.text,1,0,d
0x08B2D98C,457,0x08B2E0B0,0x08829F4C,.text,1,0,d
0x08B2D98C,458,0x08B2E0B4,0x08829F4C,.text,1,0,d
0x08B2D98C,459,0x08B2E0B8,0x08829F4C,.text,1,0,d
0x08B2D98C,460,0x08B2E0BC,0x08829F4C,.text,1,0,d
0x08B2D98C,461,0x08B2E0C0,0x08829F4C,.text,1,0,d
0x08B2D98C,462,0x08B2E0C4,0x08829F4C,.text,1,0,d
0x08B2D98C,463,0x08B2E0C8,0x08829F4C,.text,1,0,d
0x08B2D98C,464,0x08B2E0CC,0x08829F4C,.text,1,0,d
0x08B2D98C,465,0x08B2E0D0,0x08829F4C,.text,1,0,d
0x08B2D98C,466,0x08B2E0D4,0x08829F4C,.text,1,0,d
0x08B2D98C,467,0x08B2E0D8,0x08829F4C,.text,1,0,d
0x08B2D98C,468,0x08B2E0DC,0x08829F4C,.text,1,0,d
0x08B2D98C,469,0x08B2E0E0,0x08829F4C,.text,1,0,d
0x08B2D98C,470,0x08B2E0E4,0x08829F4C,.text,1,0,d
0x08B2D98C,471,0x08B2E0E8,0x08829F4C,.text,1,0,d
0x08B2D98C,472,0x08B2E0EC,0x08829F4C,.text,1,0,d
0x08B2D98C,473,0x08B2E0F0,0x08829F4C,.text,1,0,d
0x08B2D98C,474,0x08B2E0F4,0x08829F4C,.text,1,0,d
0x08B2D98C,475,0x08B2E0F8,0x08829F4C,.text,1,0,d
0x08B2D98C,476,0x08B2E0FC,0x08829F4C,.text,1,0,d
0x08B2D98C,477,0x08B2E100,0x08829F4C,.text,1,0,d
0x08B2D98C,478,0x08B2E104,0x08829F4C,.text,1,0,d
0x08B2D98C,479,0x08B2E108,0x08829F4C,.text,1,0,d
0x08B2D98C,480,0x08B2E10C,0x08829F4C,.text,1,0,d
0x08B2D98C,481,0x08B2E110,0x08829F4C,.text,1,0,d
0x08B2D98C,482,0x08B2E114,0x08829F4C,.text,1,0,d
0x08B2D98C,483,0x08B2E118,0x08829F4C,.text,1,0,d
0x08B2D98C,484,0x08B2E11C,0x08829F4C,.text,1,0,d
0x08B2D98C,485,0x08B2E120,0x08829F4C,.text,1,0,d
0x08B2D98C,486,0x08B2E124,0x08829F4C,.text,1,0,d
0x08B2D98C,487,0x08B2E128,0x08829F4C,.text,1,0,d
0x08B2D98C,488,0x08B2E12C,0x08829F4C,.text,1,0,d
0x08B2D98C,489,0x08B2E130,0x08829F4C,.text,1,0,d
0x08B2D98C,490,0x08B2E134,0x08829F4C,.text,1,0,d
0x08B2D98C,491,0x08B2E138,0x08829F4C,.text,1,0,d
0x08B2D98C,492,0x08B2E13C,0x08829F4C,.text,1,0,d
0x08B2D98C,493,0x08B2E140,0x08829F4C,.text,1,0,d
0x08B2D98C,494,0x08B2E144,0x08829F4C,.text,1,0,d
0x08B2E1B4,0,0x08B2E1B4,0x08829F4C,.text,1,0,d
0x08B2E1B4,1,0x08B2E1B8,0x08829F4C,.text,1,0,d
0x08B2E1B4,2,0x08B2E1BC,0x08829F4C,.text,1,0,d
0x08B2E1B4,3,0x08B2E1C0,0x08829F4C,.text,1,0,d
0x08B2E1B4,4,0x08B2E1C4,0x08829F4C,.text,1,0,d
0x08B2E1B4,5,0x08B2E1C8,0x08829F4C,.text,1,0,d
0x08B2E1B4,6,0x08B2E1CC,0x08829F4C,.text,1,0,d
0x08B2E1B4,7,0x08B2E1D0,0x08829F4C,.text,1,0,d
0x08B2E1B4,8,0x08B2E1D4,0x08829F4C,.text,1,0,d
0x08B2E1B4,9,0x08B2E1D8,0x08829F4C,.text,1,0,d
0x08B2E1B4,10,0x08B2E1DC,0x08829F4C,.text,1,0,d
0x08B2E1B4,11,0x08B2E1E0,0x08829F4C,.text,1,0,d
0x08B2E1B4,12,0x08B2E1E4,0x08829F4C,.text,1,0,d
0x08B2E1B4,13,0x08B2E1E8,0x08829F4C,.text,1,0,d
0x08B2E1B4,14,0x08B2E1EC,0x08829F4C,.text,1,0,d
0x08B2E1B4,15,0x08B2E1F0,0x08829F4C,.text,1,0,d
0x08B2E1B4,16,0x08B2E1F4,0x08829F4C,.text,1,0,d
0x08B2E1B4,17,0x08B2E1F8,0x08829F4C,.text,1,0,d
0x08B2E1B4,18,0x08B2E1FC,0x08829F4C,.text,1,0,d
0x08B2E1B4,19,0x08B2E200,0x08829F4C,.text,1,0,d
0x08B2E1B4,20,0x08B2E204,0x08829F4C,.text,1,0,d
0x08B2E1B4,21,0x08B2E208,0x08829F4C,.text,1,0,d
0x08B2E1B4,22,0x08B2E20C,0x08829F4C,.text,1,0,d
0x08B2E1B4,23,0x08B2E210,0x08829F4C,.text,1,0,d
0x08B2E1B4,24,0x08B2E214,0x08829F4C,.text,1,0,d
0x08B2E1B4,25,0x08B2E218,0x08829F4C,.text,1,0,d
0x08B2E1B4,26,0x08B2E21C,0x08829F4C,.text,1,0,d
0x08B2E1B4,27,0x08B2E220,0x08829F4C,.text,1,0,d
0x08B2E1B4,28,0x08B2E224,0x08829F4C,.text,1,0,d
0x08B2E1B4,29,0x08B2E228,0x08829F4C,.text,1,0,d
0x08B2E1B4,30,0x08B2E22C,0x08829F4C,.text,1,0,d
0x08B2E1B4,31,0x08B2E230,0x08829F4C,.text,1,0,d
0x08B2E1B4,32,0x08B2E234,0x08829F4C,.text,1,0,d
0x08B2E1B4,33,0x08B2E238,0x08829F4C,.text,1,0,d
0x08B2E1B4,34,0x08B2E23C,0x08829F4C,.text,1,0,d
0x08B2E1B4,35,0x08B2E240,0x08829F4C,.text,1,0,d
0x08B2E1B4,36,0x08B2E244,0x08829F4C,.text,1,0,d
0x08B2E1B4,37,0x08B2E248,0x08829F4C,.text,1,0,d
0x08B2E1B4,38,0x08B2E24C,0x08829F4C,.text,1,0,d
0x08B2E1B4,39,0x08B2E250,0x08829F4C,.text,1,0,d
0x08B2E1B4,40,0x08B2E254,0x08829F4C,.text,1,0,d
0x08B2E1B4,41,0x08B2E258,0x08829F4C,.text,1,0,d
0x08B2E1B4,42,0x08B2E25C,0x08829F4C,.text,1,0,d
0x08B2E1B4,43,0x08B2E260,0x08829F4C,.text,1,0,d
0x08B2E1B4,44,0x08B2E264,0x08829F4C,.text,1,0,d
0x08B2E1B4,45,0x08B2E268,0x08829F4C,.text,1,0,d
0x08B2E1B4,46,0x08B2E26C,0x08829F4C,.text,1,0,d
0x08B2E1B4,47,0x08B2E270,0x08829F4C,.text,1,0,d
0x08B2E1B4,48,0x08B2E274,0x08829F4C,.text,1,0,d
0x08B2E1B4,49,0x08B2E278,0x08829F4C,.text,1,0,d
0x08B2E1B4,50,0x08B2E27C,0x08829F4C,.text,1,0,d
0x08B2E1B4,51,0x08B2E280,0x08829F4C,.text,1,0,d
0x08B2E294,0,0x08B2E294,0x08829F4C,.text,1,0,d
0x08B2E294,1,0x08B2E298,0x08829F4C,.text,1,0,d
0x08B2E294,2,0x08B2E29C,0x08829F4C,.text,1,0,d
0x08B2E294,3,0x08B2E2A0,0x08829F4C,.text,1,0,d
0x08B2E294,4,0x08B2E2A4,0x08829F4C,.text,1,0,d
0x08B2E294,5,0x08B2E2A8,0x08829F4C,.text,1,0,d
0x08B2E294,6,0x08B2E2AC,0x08829F4C,.text,1,0,d
0x08B2E294,7,0x08B2E2B0,0x08829F4C,.text,1,0,d
0x08B2E294,8,0x08B2E2B4,0x08829F4C,.text,1,0,d
0x08B2E294,9,0x08B2E2B8,0x08829F4C,.text,1,0,d
0x08B2E294,10,0x08B2E2BC,0x08829F4C,.text,1,0,d
0x08B2E294,11,0x08B2E2C0,0x08829F4C,.text,1,0,d
0x08B2E294,12,0x08B2E2C4,0x08829F4C,.text,1,0,d
0x08B2E294,13,0x08B2E2C8,0x08829F4C,.text,1,0,d
0x08B2E294,14,0x08B2E2CC,0x08829F4C,.text,1,0,d
0x08B2E294,15,0x08B2E2D0,0x08829F4C,.text,1,0,d
0x08B2E294,16,0x08B2E2D4,0x08829F4C,.text,1,0,d
0x08B2E294,17,0x08B2E2D8,0x08829F4C,.text,1,0,d
0x08B2E294,18,0x08B2E2DC,0x08829F4C,.text,1,0,d
0x08B2E294,19,0x08B2E2E0,0x08829F4C,.text,1,0,d
0x08B2E294,20,0x08B2E2E4,0x08829F4C,.text,1,0,d
0x08B2E294,21,0x08B2E2E8,0x08829F4C,.text,1,0,d
0x08B2E294,22,0x08B2E2EC,0x08829F4C,.text,1,0,d
0x08B2E294,23,0x08B2E2F0,0x08829F4C,.text,1,0,d
0x08B2E294,24,0x08B2E2F4,0x08829F4C,.text,1,0,d
0x08B2E294,25,0x08B2E2F8,0x08829F4C,.text,1,0,d
0x08B2E294,26,0x08B2E2FC,0x08829F4C,.text,1,0,d
0x08B2E294,27,0x08B2E300,0x08829F4C,.text,1,0,d
0x08B2E294,28,0x08B2E304,0x08829F4C,.text,1,0,d
0x08B2E294,29,0x08B2E308,0x08829F4C,.text,1,0,d
0x08B2E294,30,0x08B2E30C,0x08829F4C,.text,1,0,d
0x08B2E294,31,0x08B2E310,0x08829F4C,.text,1,0,d
0x08B2E294,32,0x08B2E314,0x08829F4C,.text,1,0,d
0x08B2E294,33,0x08B2E318,0x08829F4C,.text,1,0,d
0x08B2E294,34,0x08B2E31C,0x08829F4C,.text,1,0,d
0x08B2E294,35,0x08B2E320,0x08829F4C,.text,1,0,d
0x08B2E294,36,0x08B2E324,0x08829F4C,.text,1,0,d
0x08B2E294,37,0x08B2E328,0x08829F4C,.text,1,0,d
0x08B2E294,38,0x08B2E32C,0x08829F4C,.text,1,0,d
0x08B2E294,39,0x08B2E330,0x08829F4C,.text,1,0,d
0x08B2E294,40,0x08B2E334,0x08829F4C,.text,1,0,d
0x08B2E294,41,0x08B2E338,0x08829F4C,.text,1,0,d
0x08B2E294,42,0x08B2E33C,0x08829F4C,.text,1,0,d
0x08B2E294,43,0x08B2E340,0x08829F4C,.text,1,0,d
0x08B2E294,44,0x08B2E344,0x08829F4C,.text,1,0,d
0x08B2E294,45,0x08B2E348,0x08829F4C,.text,1,0,d
0x08B2E294,46,0x08B2E34C,0x08829F4C,.text,1,0,d
0x08B2E294,47,0x08B2E350,0x08829F4C,.text,1,0,d
0x08B2E294,48,0x08B2E354,0x08829F4C,.text,1,0,d
0x08B2E294,49,0x08B2E358,0x08829F4C,.text,1,0,d
0x08B2E294,50,0x08B2E35C,0x08829F4C,.text,1,0,d
0x08B2E294,51,0x08B2E360,0x08829F4C,.text,1,0,d
0x08B2E294,52,0x08B2E364,0x08829F4C,.text,1,0,d
0x08B2E294,53,0x08B2E368,0x08829F4C,.text,1,0,d
0x08B2E294,54,0x08B2E36C,0x08829F4C,.text,1,0,d
0x08B2E294,55,0x08B2E370,0x08829F4C,.text,1,0,d
0x08B2E294,56,0x08B2E374,0x08829F4C,.text,1,0,d
0x08B2E294,57,0x08B2E378,0x08829F4C,.text,1,0,d
0x08B2E294,58,0x08B2E37C,0x08829F4C,.text,1,0,d
0x08B2E294,59,0x08B2E380,0x08829F4C,.text,1,0,d
0x08B2E294,60,0x08B2E384,0x08829F4C,.text,1,0,d
0x08B2E294,61,0x08B2E388,0x08829F4C,.text,1,0,d
0x08B2E294,62,0x08B2E38C,0x08829F4C,.text,1,0,d
0x08B2E294,63,0x08B2E390,0x08829F4C,.text,1,0,d
0x08B2E294,64,0x08B2E394,0x08829F4C,.text,1,0,d
0x08B2E294,65,0x08B2E398,0x08829F4C,.text,1,0,d
0x08B2E294,66,0x08B2E39C,0x08829F4C,.text,1,0,d
0x08B2E294,67,0x08B2E3A0,0x08829F4C,.text,1,0,d
0x08B2E294,68,0x08B2E3A4,0x08829F4C,.text,1,0,d
0x08B2E294,69,0x08B2E3A8,0x08829F4C,.text,1,0,d
0x08B2E294,70,0x08B2E3AC,0x08829F4C,.text,1,0,d
0x08B2E294,71,0x08B2E3B0,0x08829F4C,.text,1,0,d
0x08B2E294,72,0x08B2E3B4,0x08829F4C,.text,1,0,d
0x08B2E294,73,0x08B2E3B8,0x08829F4C,.text,1,0,d
0x08B2E294,74,0x08B2E3BC,0x08829F4C,.text,1,0,d
0x08B2E294,75,0x08B2E3C0,0x08829F4C,.text,1,0,d
0x08B2E294,76,0x08B2E3C4,0x08829F4C,.text,1,0,d
0x08B2E294,77,0x08B2E3C8,0x08829F4C,.text,1,0,d
0x08B2E294,78,0x08B2E3CC,0x08829F4C,.text,1,0,d
0x08B2E294,79,0x08B2E3D0,0x08829F4C,.text,1,0,d
0x08B2E294,80,0x08B2E3D4,0x08829F4C,.text,1,0,d
0x08B2E294,81,0x08B2E3D8,0x08829F4C,.text,1,0,d
0x08B2E294,82,0x08B2E3DC,0x08829F4C,.text,1,0,d
0x08B2E294,83,0x08B2E3E0,0x08829F4C,.text,1,0,d
0x08B2E294,84,0x08B2E3E4,0x08829F4C,.text,1,0,d
0x08B2E294,85,0x08B2E3E8,0x08829F4C,.text,1,0,d
0x08B2E294,86,0x08B2E3EC,0x08829F4C,.text,1,0,d
0x08B2E294,87,0x08B2E3F0,0x08829F4C,.text,1,0,d
0x08B2E294,88,0x08B2E3F4,0x08829F4C,.text,1,0,d
0x08B2E294,89,0x08B2E3F8,0x08829F4C,.text,1,0,d
0x08B2E294,90,0x08B2E3FC,0x08829F4C,.text,1,0,d
0x08B2E294,91,0x08B2E400,0x08829F4C,.text,1,0,d
0x08B2E294,92,0x08B2E404,0x08829F4C,.text,1,0,d
0x08B2E294,93,0x08B2E408,0x08829F4C,.text,1,0,d
0x08B2E294,94,0x08B2E40C,0x08829F4C,.text,1,0,d
0x08B2E294,95,0x08B2E410,0x08829F4C,.text,1,0,d
0x08B2E294,96,0x08B2E414,0x08829F4C,.text,1,0,d
0x08B2E294,97,0x08B2E418,0x08829F4C,.text,1,0,d
0x08B2E294,98,0x08B2E41C,0x08829F4C,.text,1,0,d
0x08B2E294,99,0x08B2E420,0x08829F4C,.text,1,0,d
0x08B2E294,100,0x08B2E424,0x08829F4C,.text,1,0,d
0x08B2E294,101,0x08B2E428,0x08829F4C,.text,1,0,d
0x08B2E294,102,0x08B2E42C,0x08829F4C,.text,1,0,d
0x08B2E294,103,0x08B2E430,0x08829F4C,.text,1,0,d
0x08B2E294,104,0x08B2E434,0x08829F4C,.text,1,0,d
0x08B2E294,105,0x08B2E438,0x08829F4C,.text,1,0,d
0x08B2E294,106,0x08B2E43C,0x08829F4C,.text,1,0,d
0x08B2E294,107,0x08B2E440,0x08829F4C,.text,1,0,d
0x08B2E294,108,0x08B2E444,0x08829F4C,.text,1,0,d
0x08B2E294,109,0x08B2E448,0x08829F4C,.text,1,0,d
0x08B2E294,110,0x08B2E44C,0x08829F4C,.text,1,0,d
0x08B2E294,111,0x08B2E450,0x08829F4C,.text,1,0,d
0x08B2E294,112,0x08B2E454,0x08829F4C,.text,1,0,d
0x08B2E294,113,0x08B2E458,0x08829F4C,.text,1,0,d
0x08B2E294,114,0x08B2E45C,0x08829F4C,.text,1,0,d
0x08B2E294,115,0x08B2E460,0x08829F4C,.text,1,0,d
0x08B2E294,116,0x08B2E464,0x08829F4C,.text,1,0,d
0x08B2E294,117,0x08B2E468,0x08829F4C,.text,1,0,d
0x08B2E294,118,0x08B2E46C,0x08829F4C,.text,1,0,d
0x08B2E294,119,0x08B2E470,0x08829F4C,.text,1,0,d
0x08B2E294,120,0x08B2E474,0x08829F4C,.text,1,0,d
0x08B2E294,121,0x08B2E478,0x08829F4C,.text,1,0,d
0x08B2E294,122,0x08B2E47C,0x08829F4C,.text,1,0,d
0x08B2E294,123,0x08B2E480,0x08829F4C,.text,1,0,d
0x08B2E294,124,0x08B2E484,0x08829F4C,.text,1,0,d
0x08B2E294,125,0x08B2E488,0x08829F4C,.text,1,0,d
0x08B2E294,126,0x08B2E48C,0x08829F4C,.text,1,0,d
0x08B2E294,127,0x08B2E490,0x08829F4C,.text,1,0,d
0x08B2E294,128,0x08B2E494,0x08829F4C,.text,1,0,d
0x08B2E294,129,0x08B2E498,0x08829F4C,.text,1,0,d
0x08B2E294,130,0x08B2E49C,0x08829F4C,.text,1,0,d
0x08B2E294,131,0x08B2E4A0,0x08829F4C,.text,1,0,d
0x08B2E294,132,0x08B2E4A4,0x08829F4C,.text,1,0,d
0x08B2E294,133,0x08B2E4A8,0x08829F4C,.text,1,0,d
0x08B2E294,134,0x08B2E4AC,0x08829F4C,.text,1,0,d
0x08B2E294,135,0x08B2E4B0,0x08829F4C,.text,1,0,d
0x08B2E294,136,0x08B2E4B4,0x08829F4C,.text,1,0,d
0x08B2E294,137,0x08B2E4B8,0x08829F4C,.text,1,0,d
0x08B2E294,138,0x08B2E4BC,0x08829F4C,.text,1,0,d
0x08B2E294,139,0x08B2E4C0,0x08829F4C,.text,1,0,d
0x08B2E294,140,0x08B2E4C4,0x08829F4C,.text,1,0,d
0x08B2E294,141,0x08B2E4C8,0x08829F4C,.text,1,0,d
0x08B2E294,142,0x08B2E4CC,0x08829F4C,.text,1,0,d
0x08B2E294,143,0x08B2E4D0,0x08829F4C,.text,1,0,d
0x08B2E294,144,0x08B2E4D4,0x08829F4C,.text,1,0,d
0x08B2E294,145,0x08B2E4D8,0x08829F4C,.text,1,0,d
0x08B2E294,146,0x08B2E4DC,0x08829F4C,.text,1,0,d
0x08B2E4E4,0,0x08B2E4E4,0x08829F4C,.text,1,0,d
0x08B2E4E4,1,0x08B2E4E8,0x08829F4C,.text,1,0,d
0x08B2E4E4,2,0x08B2E4EC,0x08829F4C,.text,1,0,d
0x08B2E4E4,3,0x08B2E4F0,0x08829F4C,.text,1,0,d
0x08B2E4E4,4,0x08B2E4F4,0x08829F4C,.text,1,0,d
0x08B2E4E4,5,0x08B2E4F8,0x08829F4C,.text,1,0,d
0x08B2E4E4,6,0x08B2E4FC,0x08829F4C,.text,1,0,d
0x08B2E4E4,7,0x08B2E500,0x08829F4C,.text,1,0,d
0x08B2E518,0,0x08B2E518,0x08829F4C,.text,1,0,d
0x08B2E518,1,0x08B2E51C,0x08829F4C,.text,1,0,d
0x08B2E518,2,0x08B2E520,0x08829F4C,.text,1,0,d
0x08B2E518,3,0x08B2E524,0x08829F4C,.text,1,0,d
0x08B2E518,4,0x08B2E528,0x08829F4C,.text,1,0,d
0x08B2E518,5,0x08B2E52C,0x08829F4C,.text,1,0,d
0x08B2E518,6,0x08B2E530,0x08829F4C,.text,1,0,d
0x08B2E518,7,0x08B2E534,0x08829F4C,.text,1,0,d
0x08B2E518,8,0x08B2E538,0x08829F4C,.text,1,0,d
0x08B2E518,9,0x08B2E53C,0x08829F4C,.text,1,0,d
0x08B2E518,10,0x08B2E540,0x08829F4C,.text,1,0,d
0x08B2E518,11,0x08B2E544,0x08829F4C,.text,1,0,d
0x08B2E54C,0,0x08B2E54C,0x08829F4C,.text,1,0,d
0x08B2E54C,1,0x08B2E550,0x08829F4C,.text,1,0,d
0x08B2E54C,2,0x08B2E554,0x08829F4C,.text,1,0,d
0x08B2E54C,3,0x08B2E558,0x08829F4C,.text,1,0,d
0x08B2E54C,4,0x08B2E55C,0x08829F4C,.text,1,0,d
0x08B2E54C,5,0x08B2E560,0x08829F4C,.text,1,0,d
0x08B2E54C,6,0x08B2E564,0x08829F4C,.text,1,0,d
0x08B2E54C,7,0x08B2E568,0x08829F4C,.text,1,0,d
0x08B2E54C,8,0x08B2E56C,0x08829F4C,.text,1,0,d
0x08B2E54C,9,0x08B2E570,0x08829F4C,.text,1,0,d
0x08B2E54C,10,0x08B2E574,0x08829F4C,.text,1,0,d
0x08B2E54C,11,0x08B2E578,0x08829F4C,.text,1,0,d
0x08B2E54C,12,0x08B2E57C,0x08829F4C,.text,1,0,d
0x08B2E54C,13,0x08B2E580,0x08829F4C,.text,1,0,d
0x08B2E54C,14,0x08B2E584,0x08829F4C,.text,1,0,d
0x08B2E54C,15,0x08B2E588,0x08829F4C,.text,1,0,d
0x08B2E54C,16,0x08B2E58C,0x08829F4C,.text,1,0,d
0x08B2E54C,17,0x08B2E590,0x08829F4C,.text,1,0,d
0x08B2E54C,18,0x08B2E594,0x08829F4C,.text,1,0,d
0x08B2E54C,19,0x08B2E598,0x08829F4C,.text,1,0,d
0x08B2E54C,20,0x08B2E59C,0x08829F4C,.text,1,0,d
0x08B2E54C,21,0x08B2E5A0,0x08829F4C,.text,1,0,d
0x08B2E54C,22,0x08B2E5A4,0x08829F4C,.text,1,0,d
0x08B2E54C,23,0x08B2E5A8,0x08829F4C,.text,1,0,d
0x08B2E54C,24,0x08B2E5AC,0x08829F4C,.text,1,0,d
0x08B2E54C,25,0x08B2E5B0,0x08829F4C,.text,1,0,d
0x08B2E54C,26,0x08B2E5B4,0x08829F4C,.text,1,0,d
0x08B2E54C,27,0x08B2E5B8,0x08829F4C,.text,1,0,d
0x08B2E54C,28,0x08B2E5BC,0x08829F4C,.text,1,0,d
0x08B2E54C,29,0x08B2E5C0,0x08829F4C,.text,1,0,d
0x08B2E54C,30,0x08B2E5C4,0x08829F4C,.text,1,0,d
0x08B2E54C,31,0x08B2E5C8,0x08829F4C,.text,1,0,d
0x08B2E54C,32,0x08B2E5CC,0x08829F4C,.text,1,0,d
0x08B2E54C,33,0x08B2E5D0,0x08829F4C,.text,1,0,d
0x08B2E54C,34,0x08B2E5D4,0x08829F4C,.text,1,0,d
0x08B2E54C,35,0x08B2E5D8,0x08829F4C,.text,1,0,d
0x08B2E54C,36,0x08B2E5DC,0x08829F4C,.text,1,0,d
0x08B2E54C,37,0x08B2E5E0,0x08829F4C,.text,1,0,d
0x08B2E54C,38,0x08B2E5E4,0x08829F4C,.text,1,0,d
0x08B2E54C,39,0x08B2E5E8,0x08829F4C,.text,1,0,d
0x08B2E54C,40,0x08B2E5EC,0x08829F4C,.text,1,0,d
0x08B2E54C,41,0x08B2E5F0,0x08829F4C,.text,1,0,d
0x08B2E54C,42,0x08B2E5F4,0x08829F4C,.text,1,0,d
0x08B2E54C,43,0x08B2E5F8,0x08829F4C,.text,1,0,d
0x08B2E54C,44,0x08B2E5FC,0x08829F4C,.text,1,0,d
0x08B2E54C,45,0x08B2E600,0x08829F4C,.text,1,0,d
0x08B2E54C,46,0x08B2E604,0x08829F4C,.text,1,0,d
0x08B2E54C,47,0x08B2E608,0x08829F4C,.text,1,0,d
0x08B2E54C,48,0x08B2E60C,0x08829F4C,.text,1,0,d
0x08B2E54C,49,0x08B2E610,0x08829F4C,.text,1,0,d
0x08B2E54C,50,0x08B2E614,0x08829F4C,.text,1,0,d
0x08B2E54C,51,0x08B2E618,0x08829F4C,.text,1,0,d
0x08B2E54C,52,0x08B2E61C,0x08829F4C,.text,1,0,d
0x08B2E54C,53,0x08B2E620,0x08829F4C,.text,1,0,d
0x08B2E54C,54,0x08B2E624,0x08829F4C,.text,1,0,d
0x08B2E54C,55,0x08B2E628,0x08829F4C,.text,1,0,d
0x08B2E54C,56,0x08B2E62C,0x08829F4C,.text,1,0,d
0x08B2E54C,57,0x08B2E630,0x08829F4C,.text,1,0,d
0x08B2E54C,58,0x08B2E634,0x08829F4C,.text,1,0,d
0x08B2E54C,59,0x08B2E638,0x08829F4C,.text,1,0,d
0x08B2E54C,60,0x08B2E63C,0x08829F4C,.text,1,0,d
0x08B2E54C,61,0x08B2E640,0x08829F4C,.text,1,0,d
0x08B2E54C,62,0x08B2E644,0x08829F4C,.text,1,0,d
0x08B2E54C,63,0x08B2E648,0x08829F4C,.text,1,0,d
0x08B2E54C,64,0x08B2E64C,0x08829F4C,.text,1,0,d
0x08B2E54C,65,0x08B2E650,0x08829F4C,.text,1,0,d
0x08B2E668,0,0x08B2E668,0x08829F4C,.text,1,0,d
0x08B2E668,1,0x08B2E66C,0x08829F4C,.text,1,0,d
0x08B2E668,2,0x08B2E670,0x08829F4C,.text,1,0,d
0x08B2E668,3,0x08B2E674,0x08829F4C,.text,1,0,d
0x08B2E668,4,0x08B2E678,0x08829F4C,.text,1,0,d
0x08B2E668,5,0x08B2E67C,0x08829F4C,.text,1,0,d
0x08B2E668,6,0x08B2E680,0x08829F4C,.text,1,0,d
0x08B2E668,7,0x08B2E684,0x08829F4C,.text,1,0,d
0x08B2E668,8,0x08B2E688,0x08829F4C,.text,1,0,d
0x08B2E668,9,0x08B2E68C,0x08829F4C,.text,1,0,d
0x08B2E668,10,0x08B2E690,0x08829F4C,.text,1,0,d
0x08B2E668,11,0x08B2E694,0x08829F4C,.text,1,0,d
0x08B2E668,12,0x08B2E698,0x08829F4C,.text,1,0,d
0x08B2E668,13,0x08B2E69C,0x08829F4C,.text,1,0,d
0x08B2E668,14,0x08B2E6A0,0x08829F4C,.text,1,0,d
0x08B2E668,15,0x08B2E6A4,0x08829F4C,.text,1,0,d
0x08B2E668,16,0x08B2E6A8,0x08829F4C,.text,1,0,d
0x08B2E668,17,0x08B2E6AC,0x08829F4C,.text,1,0,d
0x08C5A4F0,0,0x08C5A4F0,0x08C5A3DC,.rodata,20,1,[00]バンエルティア号
0x08C5A4F0,1,0x08C5A4F4,0x08C5A3F4,.rodata,16,1,[01]ルバーブ連山
0x08C5A4F0,2,0x08C5A4F8,0x08C5A408,.rodata,22,1,[02]コンフェイト大森林
0x08C5A4F0,3,0x08C5A4FC,0x08C5A420,.rodata,18,1,[03]ブラウニー坑道
0x08C5A4F0,4,0x08C5A500,0x08C5A434,.rodata,18,1,[04]オルタータ火山
0x08C5A4F0,5,0x08C5A504,0x08C5A448,.rodata,16,1,[05]カダイフ砂漠
0x08C5A4F0,6,0x08C5A508,0x08C5A45C,.rodata,20,1,[06]アルマナック遺跡
0x08C5C4F8,0,0x08C5C4F8,0x08C5C440,.rodata,16,0,eff_meteor_a.ppt
0x08C5C4F8,1,0x08C5C4FC,0x08C5C454,.rodata,16,0,eff_meteor_b.ppt
0x08C5C4F8,2,0x08C5C500,0x08C5C468,.rodata,16,0,eff_meteor_c.ppt
0x08C5C4F8,3,0x08C5C504,0x08C5C47C,.rodata,16,0,eff_meteor_d.ppt
0x08C5C4F8,4,0x08C5C508,0x08C5C490,.rodata,16,0,eff_meteor_e.ppt
0x08C5C4F8,5,0x08C5C50C,0x08C5C4A4,.rodata,16,0,eff_meteor_f.ppt
0x08C5C4F8,6,0x08C5C510,0x08C5C4B8,.rodata,16,0,eff_meteor_g.ppt
0x08C5C4F8,7,0x08C5C514,0x08C5C4CC,.rodata,19,0,eff_meteor_back.ppt
0x08C5C4F8,8,0x08C5C518,0x08C5C4E0,.rodata,21,0,eff_meteor_back_r.ppt
0x08CA5DD0,0,0x08CA5DD0,0x08CA3EF0,.rodata,16,1,ソーサラーリング
0x08CA5DD0,1,0x08CA5DD4,0x08CA3EF0,.rodata,16,1,ソーサラーリング
0x08CA5DD0,2,0x08CA5DD8,0x08CA3F04,.rodata,32,1,ソーサラーリング。まだ効力は無い
0x08CA5DD0,3,0x08CA5DDC,0x08CA3F28,.rodata,20,1,ソーサラーリングLV１
0x08CA5DD0,4,0x08CA5DE0,0x08CA3F40,.rodata,26,1,ソーサラーリングレベルワン
0x08CA5DD0,5,0x08CA5DE4,0x08CA3F5C,.rodata,36,1,ソーサラーリング。行ける場所が広がる
0x08CA5DD0,6,0x08CA5DE8,0x08CA3F84,.rodata,20,1,ソーサラーリングLV２
0x08CA5DD0,7,0x08CA5DEC,0x08CA3F9C,.rodata,26,1,ソーサラーリングレベルツー
0x08CA5DD0,8,0x08CA5DF0,0x08CA3FB8,.rodata,42,1,ソーサラーリング。敵を足止めする事も出来る
0x08CA5DD0,9,0x08CA5DF4,0x08CA3FE4,.rodata,20,1,ソーサラーリングLV３
0x08CA5DD0,10,0x08CA5DF8,0x08CA3FFC,.rodata,28,1,ソーサラーリングレベルスリー
0x08CA5DD0,11,0x08CA5DFC,0x08CA401C,.rodata,44,1,ソーサラーリング。これで全ての場所に進入可能
0x08CA5DD0,12,0x08CA5E00,0x08CA404C,.rodata,12,1,無垢なスコア
0x08CA5DD0,13,0x08CA5E04,0x08CA405C,.rodata,12,1,ムクナスコア
0x08CA5E0C,0,0x08CA5E0C,0x08CA40A4,.rodata,12,1,伝説のスコア
0x08CA5E0C,1,0x08CA5E10,0x08CA40B4,.rodata,16,1,デンセツノスコア
0x08CA5E0C,2,0x08CA5E14,0x08CA40C8,.rodata,54,1,クレアの所で「待ち合わせは噴水広場で」を聴ける様になる
0x08CA5E0C,3,0x08CA5E18,0x08CA4100,.rodata,8,1,永遠の鍵
0x08CA5E0C,4,0x08CA5E1C,0x08CA410C,.rodata,14,1,エイエンノカギ
0x08CA5E0C,5,0x08CA5E20,0x08CA411C,.rodata,46,1,DLクエスト「負けられない戦い」を起動する為の鍵
0x08CA5E0C,6,0x08CA5E24,0x08CA414C,.rodata,8,1,調和の鍵
0x08CA5E0C,7,0x08CA5E28,0x08CA4158,.rodata,14,1,チョウワノカギ
0x08CA5E0C,8,0x08CA5E2C,0x08CA4168,.rodata,50,1,DLクエスト「超えなければならぬ壁」を起動する為の鍵
0x08CA5E0C,9,0x08CA5E30,0x08CA419C,.rodata,8,1,運命の鍵
0x08CA5E0C,10,0x08CA5E34,0x08CA41A8,.rodata,14,1,ウンメイノカギ
0x08CA5E0C,11,0x08CA5E38,0x08CA41B8,.rodata,48,1,DLクエスト「閉じた心、続く未来」を起動する為の鍵
0x08CA5E0C,12,0x08CA5E3C,0x08CA41EC,.rodata,8,1,伝説の鍵
0x08CA5E0C,13,0x08CA5E40,0x08CA41F8,.rodata,14,1,デンセツノカギ
0x08CA5E0C,14,0x08CA5E44,0x08CA4208,.rodata,48,1,DLクエスト「最高の一品を求めて」を起動する為の鍵
0x08CA5E0C,15,0x08CA5E48,0x08CA423C,.rodata,18,1,永遠の鍵（開錠済）
0x08CA5E0C,16,0x08CA5E4C,0x08CA4250,.rodata,32,1,エイエンノカギ（カイジョウズミ）
0x08CA5E0C,17,0x08CA5E50,0x08CA4274,.rodata,42,1,DLクエスト「負けられない戦い」を起動した鍵
0x08CA5E0C,18,0x08CA5E54,0x08CA42A0,.rodata,18,1,調和の鍵（開錠済）
0x08CA5E0C,19,0x08CA5E58,0x08CA42B4,.rodata,32,1,チョウワノカギ（カイジョウズミ）
0x08CA5E0C,20,0x08CA5E5C,0x08CA42D8,.rodata,46,1,DLクエスト「超えなければならぬ壁」を起動した鍵
0x08CA5E0C,21,0x08CA5E60,0x08CA4308,.rodata,18,1,運命の鍵（開錠済）
0x08CA5E0C,22,0x08CA5E64,0x08CA431C,.rodata,32,1,ウンメイノカギ（カイジョウズミ）
0x08CA5E0C,23,0x08CA5E68,0x08CA4340,.rodata,44,1,DLクエスト「閉じた心、続く未来」を起動した鍵
0x08CA5E0C,24,0x08CA5E6C,0x08CA4370,.rodata,18,1,伝説の鍵（開錠済）
0x08CA5E0C,25,0x08CA5E70,0x08CA4384,.rodata,32,1,デンセツノカギ（カイジョウズミ）
0x08CA5E0C,26,0x08CA5E74,0x08CA43A8,.rodata,44,1,DLクエスト「最高の一品を求めて」を起動した鍵
0x08CA5E0C,27,0x08CA5E78,0x08CA43D8,.rodata,8,1,黄金の鎚
0x08CA5E0C,28,0x08CA5E7C,0x08CA43E4,.rodata,14,1,オウゴンノツチ
0x08CA5E0C,29,0x08CA5E80,0x08CA43F4,.rodata,40,1,鍛冶屋ランクを上げる為の、魔法のアイテム
0x08CA5E0C,30,0x08CA5E84,0x08CA4420,.rodata,14,1,灼熱のコークス
0x08CA5E0C,31,0x08CA5E88,0x08CA4430,.rodata,20,1,シャクネツノコークス
0x08CA5E0C,32,0x08CA5E8C,0x08CA43F4,.rodata,40,1,鍛冶屋ランクを上げる為の、魔法のアイテム
0x08CA5E0C,33,0x08CA5E90,0x08CA4448,.rodata,12,1,疾風のフイゴ
0x08CA5E0C,34,0x08CA5E94,0x08CA4458,.rodata,16,1,シップウのフイゴ
0x08CA5E0C,35,0x08CA5E98,0x08CA43F4,.rodata,40,1,鍛冶屋ランクを上げる為の、魔法のアイテム
0x08CA5E0C,36,0x08CA5E9C,0x08CA446C,.rodata,10,1,純潔の装束
0x08CA5E0C,37,0x08CA5EA0,0x08CA4478,.rodata,22,1,ジュンケツノショウゾク
0x08CA5E0C,38,0x08CA5EA4,0x08CA43F4,.rodata,40,1,鍛冶屋ランクを上げる為の、魔法のアイテム
0x08CA5E0C,39,0x08CA5EA8,0x08CA4490,.rodata,14,1,タイムカプセル
0x08CA5E0C,40,0x08CA5EAC,0x08CA4490,.rodata,14,1,タイムカプセル
0x08CA5EB4,0,0x08CA5EB4,0x08CA44C0,.rodata,22,1,パイナップルご飯レシピ
0x08CA5EB4,1,0x08CA5EB8,0x08CA44D8,.rodata,24,1,パイナップルゴハンレシピ
0x08CA5EB4,2,0x08CA5EBC,0x08CA44F4,.rodata,48,1,コーダが熱望している「パイナップルご飯」のレシピ
0x08CA5EB4,3,0x08CA5EC0,0x08CA4528,.rodata,20,1,マーボーカレーレシピ
0x08CA5EB4,4,0x08CA5EC4,0x08CA4528,.rodata,20,1,マーボーカレーレシピ
0x08CA5EB4,5,0x08CA5EC8,0x08CA4540,.rodata,46,1,コーダが熱望している「マーボーカレー」のレシピ
0x08CA5EB4,6,0x08CA5ECC,0x08CA4570,.rodata,18,1,マーボーパイレシピ
0x08CA5EB4,7,0x08CA5ED0,0x08CA4570,.rodata,18,1,マーボーパイレシピ
0x08CA5EB4,8,0x08CA5ED4,0x08CA4584,.rodata,44,1,コーダが熱望している「マーボーパイ」のレシピ
0x08CA5EB4,9,0x08CA5ED8,0x08CA45B4,.rodata,16,1,お好み焼きレシピ
0x08CA5EB4,10,0x08CA5EDC,0x08CA45C8,.rodata,18,1,オコノミヤキレシピ
0x08CA5EB4,11,0x08CA5EE0,0x08CA45DC,.rodata,42,1,コーダが熱望している「お好み焼き」のレシピ
0x08CA5EB4,12,0x08CA5EE4,0x08CA4608,.rodata,12,1,おでんレシピ
0x08CA5EB4,13,0x08CA5EE8,0x08CA4618,.rodata,12,1,オデンレシピ
0x08CA5EB4,14,0x08CA5EEC,0x08CA4628,.rodata,38,1,コーダが熱望している「おでん」のレシピ
0x08CA5EB4,15,0x08CA5EF0,0x08CA4650,.rodata,22,1,チーズフォンデュレシピ
0x08CA5EB4,16,0x08CA5EF4,0x08CA4650,.rodata,22,1,チーズフォンデュレシピ
0x08CA5EB4,17,0x08CA5EF8,0x08CA4668,.rodata,48,1,コーダが熱望している「チーズフォンデュ」のレシピ
0x08CA5EB4,18,0x08CA5EFC,0x08CA469C,.rodata,18,1,紅茶クッキーレシピ
0x08CA5EB4,19,0x08CA5F00,0x08CA46B0,.rodata,22,1,コウチャクッキーレシピ
0x08CA5EB4,20,0x08CA5F04,0x08CA46C8,.rodata,44,1,コーダが熱望している「紅茶クッキー」のレシピ
0x08CA5EB4,21,0x08CA5F08,0x08CA46F8,.rodata,22,1,通称おいしおいしレシピ
0x08CA5EB4,22,0x08CA5F0C,0x08CA4710,.rodata,28,1,ツウショウオイシオイシレシピ
0x08CA5EB4,23,0x08CA5F10,0x08CA4730,.rodata,48,1,コーダが熱望している「通称おいしおいし」のレシピ
0x08CA5EB4,24,0x08CA5F14,0x08CA4764,.rodata,20,1,山海珍味スープレシピ
0x08CA5EB4,25,0x08CA5F18,0x08CA477C,.rodata,26,1,サンカイチンミスープレシピ
0x08CA5EB4,26,0x08CA5F1C,0x08CA4798,.rodata,46,1,コーダが熱望している「山海珍味スープ」のレシピ
0x08CA5EB4,27,0x08CA5F20,0x08CA47C8,.rodata,22,1,薬膳チャンプルーレシピ
0x08CA5EB4,28,0x08CA5F24,0x08CA47E0,.rodata,26,1,ヤクゼンチャンプルーレシピ
0x08CA5EB4,29,0x08CA5F28,0x08CA47FC,.rodata,48,1,コーダが熱望している「薬膳チャンプルー」のレシピ
0x08CA5EB4,30,0x08CA5F2C,0x08CA4830,.rodata,22,1,まンカんぜんセきレシピ
0x08CA5EB4,31,0x08CA5F30,0x08CA4848,.rodata,22,1,マンカンゼンセキレシピ
0x08CA5EB4,32,0x08CA5F34,0x08CA4860,.rodata,48,1,コーダが熱望している「まンカんぜんセき」のレシピ
0x08CA5EB4,33,0x08CA5F38,0x08CA4894,.rodata,12,1,真っ赤なバラ
0x08CA5EB4,34,0x08CA5F3C,0x08CA48A4,.rodata,12,1,マッカナバラ
0x08CA5EB4,35,0x08CA5F40,0x08CA48B4,.rodata,48,1,男女の雰囲気を情熱的に盛り上げたり上げなかったり
0x08CA5EB4,36,0x08CA5F44,0x08CA48E8,.rodata,10,1,破れた手紙
0x08CA5EB4,37,0x08CA5F48,0x08CA48F4,.rodata,14,1,ヤブレタテガミ
0x08CA5EB4,38,0x08CA5F4C,0x08CA4904,.rodata,52,1,執拗に破かれた手紙。字は読めないが、怨念が読み取れる
0x08CA5EB4,39,0x08CA5F50,0x08CA493C,.rodata,10,1,キャンドル
0x08CA5EB4,40,0x08CA5F54,0x08CA493C,.rodata,10,1,キャンドル
0x08CA5EB4,41,0x08CA5F58,0x08CA4948,.rodata,40,1,つまりはロウソク。何に使うかはその人次第
0x08CA5EB4,42,0x08CA5F5C,0x08CA4974,.rodata,14,1,荷造り用ロープ
0x08CA5EB4,43,0x08CA5F60,0x08CA4984,.rodata,18,1,ニヅクリヨウロープ
0x08CA5EB4,44,0x08CA5F64,0x08CA4998,.rodata,56,1,荷物を縛るロープだが、趣味で縛られる人の間でも評判が良い
0x08CA5EB4,45,0x08CA5F68,0x08CA49D4,.rodata,14,1,ビハクにゅう液
0x08CA5EB4,46,0x08CA5F6C,0x08CA49E4,.rodata,16,1,ビハクニュウエキ
0x08CA5EB4,47,0x08CA5F70,0x08CA49F8,.rodata,60,1,肌年齢を赤ん坊の少し前まで戻す事が可能。消滅する危険性もある
0x08CA5EB4,48,0x08CA5F74,0x08CA4A38,.rodata,14,1,ルシアの髪飾り
0x08CA5EB4,49,0x08CA5F78,0x08CA4A48,.rodata,18,1,ルシアノカミカザリ
0x08CA5EB4,50,0x08CA5F7C,0x08CA4A5C,.rodata,56,1,薄幸の少女が愛用した一品。まだ存命なので、呪いとかは無い
0x08CA5EB4,51,0x08CA5F80,0x08CA4A98,.rodata,10,1,はなメガネ
0x08CA5EB4,52,0x08CA5F84,0x08CA4AA4,.rodata,10,1,ハナメガネ
0x08CA5EB4,53,0x08CA5F88,0x08CA4AB0,.rodata,58,1,パーティーグッズだが、これで笑いを取るのは至難の業とされる
0x08CA5EB4,54,0x08CA5F8C,0x08CA4AEC,.rodata,14,1,セクシーな下着
0x08CA5EB4,55,0x08CA5F90,0x08CA4AFC,.rodata,16,1,セクシーナシタギ
0x08CA5EB4,56,0x08CA5F94,0x08CA4B10,.rodata,58,1,かつて天地魔界を滅亡の危機に追い込んだ悪魔が封印されている
0x08CA5EB4,57,0x08CA5F98,0x08CA4B4C,.rodata,10,1,同窓会名簿
0x08CA5EB4,58,0x08CA5F9C,0x08CA4B58,.rodata,18,1,ドウソウカイメイボ
0x08CA5EB4,59,0x08CA5FA0,0x08CA4B6C,.rodata,58,1,書き込みスペースが真っ白で、見るとアンニュイな気持ちになる
0x08CA5EB4,60,0x08CA5FA4,0x08CA4BA8,.rodata,10,1,借金の証文
0x08CA5EB4,61,0x08CA5FA8,0x08CA4BB4,.rodata,22,1,シャッキンノショウブン
0x08CA5EB4,62,0x08CA5FAC,0x08CA4BCC,.rodata,54,1,銭を生む紙。ある意味で一番恐ろしいモンスターだと言える
0x08CA5EB4,63,0x08CA5FB0,0x08CA4C04,.rodata,12,1,照明用オイル
0x08CA5EB4,64,0x08CA5FB4,0x08CA4C14,.rodata,20,1,ショウメイヨウオイル
0x08CA5EB4,65,0x08CA5FB8,0x08CA4C2C,.rodata,62,1,暗がりを照らすのに使う。オイルだからと変な事に使ってはいけない
0x08CA5EB4,66,0x08CA5FBC,0x08CA4C6C,.rodata,8,1,ブドウ酒
0x08CA5EB4,67,0x08CA5FC0,0x08CA4C78,.rodata,10,1,ブドウシュ
0x08CA5EB4,68,0x08CA5FC4,0x08CA4C84,.rodata,56,1,芳醇なブドウを贅沢に使用した一品。ブドウ好きなら昇天もの
0x08CA5EB4,69,0x08CA5FC8,0x08CA4CC0,.rodata,12,1,ハーブティー
0x08CA5EB4,70,0x08CA5FCC,0x08CA4CC0,.rodata,12,1,ハーブティー
0x08CA5EB4,71,0x08CA5FD0,0x08CA4CD0,.rodata,62,1,自分らしく一日を終えたい時に、眠りを誘う薬として飲む女性が多い
0x08CA5EB4,72,0x08CA5FD4,0x08CA4D10,.rodata,12,1,柱時計のネジ
0x08CA5EB4,73,0x08CA5FD8,0x08CA4D20,.rodata,18,1,ハシラドケイのネジ
0x08CA5EB4,74,0x08CA5FDC,0x08CA4D34,.rodata,48,1,おじいさんが怒って破壊してしまった古時計のパーツ
0x08CA5EB4,75,0x08CA5FE0,0x08CA4D68,.rodata,16,1,オタオタ潤滑粘液
0x08CA5EB4,76,0x08CA5FE4,0x08CA4D7C,.rodata,26,1,オタオタジュンカツネンエキ
0x08CA5EB4,77,0x08CA5FE8,0x08CA4D98,.rodata,60,1,オタオタから抽出した潤滑粘液。医療、美容、工業と用途は無限大
0x08CA5EB4,78,0x08CA5FEC,0x08CA4DD8,.rodata,12,1,ちょうしんき
0x08CA5EB4,79,0x08CA5FF0,0x08CA4DE8,.rodata,12,1,チョウシンキ
0x08CA5EB4,80,0x08CA5FF4,0x08CA4DF8,.rodata,62,1,医者が鼓動を聞くのに使う道具。向けられると服を脱ぐ決まりがある
0x08CA5EB4,81,0x08CA5FF8,0x08CA4E38,.rodata,12,1,不思議な円筒
0x08CA5EB4,82,0x08CA5FFC,0x08CA4E48,.rodata,16,1,フシギナエントウ
0x08CA5EB4,83,0x08CA6000,0x08CA4E5C,.rodata,58,1,何に使うのかわからない円筒。望遠鏡代わりにすると死ぬらしい
0x08CA5EB4,84,0x08CA6004,0x08CA4E98,.rodata,10,1,化粧ポーチ
0x08CA5EB4,85,0x08CA6008,0x08CA4EA4,.rodata,14,1,ケショウポーチ
0x08CA5EB4,86,0x08CA600C,0x08CA4EB4,.rodata,54,1,大人になると中身が充実していき、次第に面倒になってくる
0x08CA5EB4,87,0x08CA6010,0x08CA4EEC,.rodata,10,1,立派な角笛
0x08CA5EB4,88,0x08CA6014,0x08CA4EF8,.rodata,16,1,リッパナツノブエ
0x08CA5EB4,89,0x08CA6018,0x08CA4F0C,.rodata,64,1,吹くと衝撃波で半径１００メートル以内の窓ガラスを全部割ってしまう
0x08CA5EB4,90,0x08CA601C,0x08CA4F50,.rodata,10,1,チェスの駒
0x08CA5EB4,91,0x08CA6020,0x08CA4F5C,.rodata,12,1,チェスノコマ
0x08CA5EB4,92,0x08CA6024,0x08CA4F6C,.rodata,58,1,「盤はこの地上全て！」とスケールが無駄に大きい注意書き付き
0x08CA5EB4,93,0x08CA6028,0x08CA4FA8,.rodata,8,1,懐中時計
0x08CA5EB4,94,0x08CA602C,0x08CA4FB4,.rodata,16,1,カイチュウドケイ
0x08CA5EB4,95,0x08CA6030,0x08CA4FC8,.rodata,60,1,良い感じの懐中時計だが、針が驚くべきスピードで進む。害は無い
0x08CA5EB4,96,0x08CA6034,0x08CA5008,.rodata,12,1,アイスピック
0x08CA5EB4,97,0x08CA6038,0x08CA5008,.rodata,12,1,アイスピック
0x08CA5EB4,98,0x08CA603C,0x08CA5018,.rodata,54,1,氷を砕くのに使う道具。ベッド付近に置いてあったら要注意
0x08CA5EB4,99,0x08CA6040,0x08CA5050,.rodata,12,1,エプロン天使
0x08CA5EB4,100,0x08CA6044,0x08CA5060,.rodata,14,1,エプロンテンシ
0x08CA5EB4,101,0x08CA6048,0x08CA5070,.rodata,50,1,神の力で飛び散る水や跳ねる油から人を守る。着脱可能
0x08CA5EB4,102,0x08CA604C,0x08CA50A4,.rodata,10,1,暗視双眼鏡
0x08CA5EB4,103,0x08CA6050,0x08CA50B0,.rodata,20,1,アンシソウガンキョウ
0x08CA5EB4,104,0x08CA6054,0x08CA50C8,.rodata,58,1,深夜でも真昼の様に見る事が出来る。変な事に使ってはいけない
0x08CA5EB4,105,0x08CA6058,0x08CA5104,.rodata,12,1,釘とかなづち
0x08CA5EB4,106,0x08CA605C,0x08CA5114,.rodata,14,1,クギトカナヅチ
0x08CA5EB4,107,0x08CA6060,0x08CA5124,.rodata,46,1,驚くべき事に、ベニヤ板などを打ち付ける事が可能
0x08CA5EB4,108,0x08CA6064,0x08CA5154,.rodata,14,1,仔猫のイラスト
0x08CA5EB4,109,0x08CA6068,0x08CA5164,.rodata,16,1,コネコノイラスト
0x08CA5EB4,110,0x08CA606C,0x08CA5178,.rodata,54,1,可愛らしい仔猫の絵。戦争を無くすヒントが込められている
0x08CA5EB4,111,0x08CA6070,0x08CA51B0,.rodata,14,1,錆びた婚約指輪
0x08CA5EB4,112,0x08CA6074,0x08CA51C0,.rodata,20,1,サビタコンヤクユビワ
0x08CA5EB4,113,0x08CA6078,0x08CA51D8,.rodata,50,1,不幸な事故に遭った女性の一品。現在は新調したらしい
0x08CA5EB4,114,0x08CA607C,0x08CA520C,.rodata,12,1,買い物のメモ
0x08CA5EB4,115,0x08CA6080,0x08CA521C,.rodata,14,1,カイモノノメモ
0x08CA5EB4,116,0x08CA6084,0x08CA522C,.rodata,48,1,買い物を効率よく進める為に、人類が生み出した発明
0x08CA5EB4,117,0x08CA6088,0x08CA5260,.rodata,10,1,人生指南書
0x08CA5EB4,118,0x08CA608C,0x08CA526C,.rodata,18,1,ジンセイシナンショ
0x08CA5EB4,119,0x08CA6090,0x08CA5280,.rodata,48,1,後書きによれば決定版らしいが、今夏続刊発売が決定
0x08CA5EB4,120,0x08CA6094,0x08CA52B4,.rodata,10,1,虎模様の旗
0x08CA5EB4,121,0x08CA6098,0x08CA52C0,.rodata,16,1,トラモヨウノハタ
0x08CA5EB4,122,0x08CA609C,0x08CA52D4,.rodata,46,1,虎の模様が刻まれた旗。獣王の気高さが感じられる
0x08CA5EB4,123,0x08CA60A0,0x08CA5304,.rodata,8,1,冬虫夏草
0x08CA5EB4,124,0x08CA60A4,0x08CA5310,.rodata,16,1,トウチュウカソウ
0x08CA5EB4,125,0x08CA60A8,0x08CA5324,.rodata,56,1,空前絶後の栄養価で、一週間は瞬きが出来ないほど目が覚める
0x08CA5EB4,126,0x08CA60AC,0x08CA5360,.rodata,14,1,陶磁器の洗面器
0x08CA5EB4,127,0x08CA60B0,0x08CA5370,.rodata,20,1,トウジキノセンメンキ
0x08CA5EB4,128,0x08CA60B4,0x08CA5388,.rodata,48,1,非常に壊れやすく、体重をかけると木っ端微塵になる
0x08CA5EB4,129,0x08CA60B8,0x08CA53BC,.rodata,14,1,犯罪者の手配書
0x08CA5EB4,130,0x08CA60BC,0x08CA53CC,.rodata,24,1,ハンザイシャノテハイショ
0x08CA5EB4,131,0x08CA60C0,0x08CA53E8,.rodata,54,1,必要以上に不気味に見えるイメージ・スケッチが載っている
0x08CA5EB4,132,0x08CA60C4,0x08CA5420,.rodata,12,1,朝顔の植木鉢
0x08CA5EB4,133,0x08CA60C8,0x08CA5430,.rodata,20,1,アサガオノウエキバチ
0x08CA5EB4,134,0x08CA60CC,0x08CA5448,.rodata,46,1,夏休みの思い出と引き換えに、凶器として使用可能
0x08CA5EB4,135,0x08CA60D0,0x08CA5478,.rodata,14,1,イモリの黒焼き
0x08CA5EB4,136,0x08CA60D4,0x08CA5488,.rodata,16,1,イモリノクロヤキ
0x08CA5EB4,137,0x08CA60D8,0x08CA549C,.rodata,36,1,真っ黒コゲになったイモリ。用途は不明
0x08CA5EB4,138,0x08CA60DC,0x08CA54C4,.rodata,14,1,絶品イタリアン
0x08CA5EB4,139,0x08CA60E0,0x08CA54D4,.rodata,18,1,ゼッピンイタリアン
0x08CA5EB4,140,0x08CA60E4,0x08CA54E8,.rodata,52,1,最高級のんまぁ〜い料理。一口食べれば号泣する美味しさ
0x08CA5EB4,141,0x08CA60E8,0x08CA5520,.rodata,14,1,湯けむり温泉卵
0x08CA5EB4,142,0x08CA60EC,0x08CA5530,.rodata,22,1,ユケムリオンセンタマゴ
0x08CA5EB4,143,0x08CA60F0,0x08CA5548,.rodata,54,1,職人が活火山の中で命がけで作る温泉卵。それなりに美味い
0x08CA5EB4,144,0x08CA60F4,0x08CA5580,.rodata,14,1,恥ずかしい写真
0x08CA5EB4,145,0x08CA60F8,0x08CA5590,.rodata,18,1,ハズカシイシャシン
0x08CA5EB4,146,0x08CA60FC,0x08CA55A4,.rodata,56,1,あまりにも恥ずかしい写真。見ず知らずの他人すら赤面させる
0x08CA5EB4,147,0x08CA6100,0x08CA55E0,.rodata,12,1,消したい過去
0x08CA5EB4,148,0x08CA6104,0x08CA55F0,.rodata,12,1,ケシタイカコ
0x08CA5EB4,149,0x08CA6108,0x08CA5600,.rodata,54,1,絶対に逃げ切れない恐怖の一品。不意に襲ってくるので注意
0x08CA5EB4,150,0x08CA610C,0x08CA5638,.rodata,10,1,平凡な幸せ
0x08CA5EB4,151,0x08CA6110,0x08CA5644,.rodata,18,1,ヘイボンナシアワセ
0x08CA5EB4,152,0x08CA6114,0x08CA5658,.rodata,56,1,何でもないような事が幸せだったと、失ってから気が付くもの
0x08CA5EB4,153,0x08CA6118,0x08CA5694,.rodata,10,1,禍々しい鏡
0x08CA5EB4,154,0x08CA611C,0x08CA56A0,.rodata,18,1,マガマガシイカガミ
0x08CA5EB4,155,0x08CA6120,0x08CA56B4,.rodata,54,1,鏡面に前の持ち主が引っかいてつけた眼の模様がついている
0x08CA5EB4,156,0x08CA6124,0x08CA56EC,.rodata,14,1,泥まみれの人形
0x08CA5EB4,157,0x08CA6128,0x08CA56FC,.rodata,22,1,ドロマミレノニンギョウ
0x08CA5EB4,158,0x08CA612C,0x08CA5714,.rodata,54,1,樹海で発見された焼け焦げた人形。目玉が刳り貫かれている
0x08CA5EB4,159,0x08CA6130,0x08CA574C,.rodata,14,1,顔の無い肖像画
0x08CA5EB4,160,0x08CA6134,0x08CA575C,.rodata,22,1,カオノナイショウゾウガ
0x08CA5EB4,161,0x08CA6138,0x08CA5774,.rodata,60,1,子どもの肖像画。顔の部分は塗り潰されているが、眼だけ確認可能
0x08CA5EB4,162,0x08CA613C,0x08CA57B4,.rodata,14,1,奇妙な合わせ鏡
0x08CA5EB4,163,0x08CA6140,0x08CA57C4,.rodata,22,1,キミョウナアワセカガミ
0x08CA5EB4,164,0x08CA6144,0x08CA57DC,.rodata,56,1,無数の眼の装飾が施され、肝心の鏡面は黒く塗り潰されている
0x08CA5EB4,165,0x08CA6148,0x08CA5818,.rodata,14,1,狂った方位磁針
0x08CA5EB4,166,0x08CA614C,0x08CA5828,.rodata,20,1,クルッタホウイジシン
0x08CA5EB4,167,0x08CA6150,0x08CA5840,.rodata,54,1,眼球の形をした球体の方位磁石。針が常に回転を続けている
0x08CA5EB4,168,0x08CA6154,0x08CA5878,.rodata,10,1,征服者の証
0x08CA5EB4,169,0x08CA6158,0x08CA5884,.rodata,20,1,セイフクシャノアカシ
0x08CA5EB4,170,0x08CA615C,0x08CA589C,.rodata,50,1,封印された地を征服した者のみが手にする事が出来る証
0x08CA5EB4,171,0x08CA6160,0x08CA58D0,.rodata,8,1,覇者の証
0x08CA5EB4,172,0x08CA6164,0x08CA58DC,.rodata,14,1,ハジャノアカシ
0x08CA5EB4,173,0x08CA6168,0x08CA58EC,.rodata,40,1,伝説の勇者が愛用していたと言われる両手剣
0x08CA5EB4,174,0x08CA616C,0x08CA5918,.rodata,10,1,過去の石版
0x08CA5EB4,175,0x08CA6170,0x08CA5924,.rodata,14,1,カコノセキバン
0x08CA5EB4,176,0x08CA6174,0x08CA5934,.rodata,56,1,数列が刻まれた石版。世界の「過去」が全て暗号化されている
0x08CA5EB4,177,0x08CA6178,0x08CA5970,.rodata,12,1,アルカナキー
0x08CA5EB4,178,0x08CA617C,0x08CA5970,.rodata,12,1,アルカナキー
0x08CA5EB4,179,0x08CA6180,0x08CA5980,.rodata,54,1,封印された地の扉を開く鍵。所々欠けているので使用不可能
0x08CA5EB4,180,0x08CA6184,0x08CA59B8,.rodata,14,1,エレウシスの鍵
0x08CA5EB4,181,0x08CA6188,0x08CA59C8,.rodata,16,1,エレウシスノカギ
0x08CA5EB4,182,0x08CA618C,0x08CA59DC,.rodata,62,1,異世界とコンタクトを取る為に使う鍵。今は魔力を失っているようだ
0x08CA5EB4,183,0x08CA6190,0x08CA5A1C,.rodata,8,1,戦士の証
0x08CA5EB4,184,0x08CA6194,0x08CA5A28,.rodata,14,1,センシノアカシ
0x08CA5EB4,185,0x08CA6198,0x08CA5A38,.rodata,52,1,ロックスの所で、レディアント装備を受け取る事が出来る
0x08CA5EB4,186,0x08CA619C,0x08CA5A70,.rodata,8,1,剣士の証
0x08CA5EB4,187,0x08CA61A0,0x08CA5A7C,.rodata,14,1,ケンシノアカシ
0x08CA5EB4,188,0x08CA61A4,0x08CA5A38,.rodata,52,1,ロックスの所で、レディアント装備を受け取る事が出来る
0x08CA5EB4,189,0x08CA61A8,0x08CA5A8C,.rodata,10,1,格闘家の証
0x08CA5EB4,190,0x08CA61AC,0x08CA5A98,.rodata,18,1,カクトウカノアカシ
0x08CA5EB4,191,0x08CA61B0,0x08CA5A38,.rodata,52,1,ロックスの所で、レディアント装備を受け取る事が出来る
0x08CA5EB4,192,0x08CA61B4,0x08CA5AAC,.rodata,8,1,狩人の証
0x08CA5EB4,193,0x08CA61B8,0x08CA5AB8,.rodata,16,1,カリウドノアカシ
0x08CA5EB4,194,0x08CA61BC,0x08CA5A38,.rodata,52,1,ロックスの所で、レディアント装備を受け取る事が出来る
0x08CA5EB4,195,0x08CA61C0,0x08CA5ACC,.rodata,8,1,盗賊の証
0x08CA5EB4,196,0x08CA61C4,0x08CA5AD8,.rodata,16,1,トウゾクノアカシ
0x08CA5EB4,197,0x08CA61C8,0x08CA5A38,.rodata,52,1,ロックスの所で、レディアント装備を受け取る事が出来る
0x08CA5EB4,198,0x08CA61CC,0x08CA5AEC,.rodata,10,1,魔術師の証
0x08CA5EB4,199,0x08CA61D0,0x08CA5AF8,.rodata,18,1,マジュツシノアカシ
0x08CA5EB4,200,0x08CA61D4,0x08CA5A38,.rodata,52,1,ロックスの所で、レディアント装備を受け取る事が出来る
0x08CA5EB4,201,0x08CA61D8,0x08CA5B0C,.rodata,8,1,僧侶の証
0x08CA5EB4,202,0x08CA61DC,0x08CA5B18,.rodata,16,1,ソウリョノアカシ
0x08CA5EB4,203,0x08CA61E0,0x08CA5A38,.rodata,52,1,ロックスの所で、レディアント装備を受け取る事が出来る
0x08CA5EB4,204,0x08CA61E4,0x08CA5B2C,.rodata,10,1,大剣士の証
0x08CA5EB4,205,0x08CA61E8,0x08CA5B38,.rodata,18,1,ダイケンシノアカシ
0x08CA5EB4,206,0x08CA61EC,0x08CA5A38,.rodata,52,1,ロックスの所で、レディアント装備を受け取る事が出来る
0x08CA5EB4,207,0x08CA61F0,0x08CA5B4C,.rodata,10,1,双剣士の証
0x08CA5EB4,208,0x08CA61F4,0x08CA5B58,.rodata,18,1,ソウケンシノアカシ
0x08CA5EB4,209,0x08CA61F8,0x08CA5A38,.rodata,52,1,ロックスの所で、レディアント装備を受け取る事が出来る
0x08CA5EB4,210,0x08CA61FC,0x08CA5B6C,.rodata,12,1,ガンマンの証
0x08CA5EB4,211,0x08CA6200,0x08CA5B7C,.rodata,16,1,ガンマンノアカシ
0x08CA5EB4,212,0x08CA6204,0x08CA5A38,.rodata,52,1,ロックスの所で、レディアント装備を受け取る事が出来る
0x08CA5EB4,213,0x08CA6208,0x08CA5B90,.rodata,10,1,モンクの証
0x08CA5EB4,214,0x08CA620C,0x08CA5B9C,.rodata,14,1,モンクノアカシ
0x08CA5EB4,215,0x08CA6210,0x08CA5A38,.rodata,52,1,ロックスの所で、レディアント装備を受け取る事が出来る
0x08CA5EB4,216,0x08CA6214,0x08CA5BAC,.rodata,14,1,ビショップの証
0x08CA5EB4,217,0x08CA6218,0x08CA5BBC,.rodata,18,1,ビショップノアカシ
0x08CA5EB4,218,0x08CA621C,0x08CA5A38,.rodata,52,1,ロックスの所で、レディアント装備を受け取る事が出来る
0x08CA5EB4,219,0x08CA6220,0x08CA5BD0,.rodata,12,1,魔法剣士の証
0x08CA5EB4,220,0x08CA6224,0x08CA5BE0,.rodata,20,1,マホウケンシノアカシ
0x08CA5EB4,221,0x08CA6228,0x08CA5A38,.rodata,52,1,ロックスの所で、レディアント装備を受け取る事が出来る
0x08CA5EB4,222,0x08CA622C,0x08CA5BF8,.rodata,8,1,忍者の証
0x08CA5EB4,223,0x08CA6230,0x08CA5C04,.rodata,16,1,ニンジャノアカシ
0x08CA5EB4,224,0x08CA6234,0x08CA5A38,.rodata,52,1,ロックスの所で、レディアント装備を受け取る事が出来る
0x08CA5EB4,225,0x08CA6238,0x08CA5C18,.rodata,8,1,海賊の証
0x08CA5EB4,226,0x08CA623C,0x08CA5C24,.rodata,16,1,カイゾクノアカシ
0x08CA5EB4,227,0x08CA6240,0x08CA5A38,.rodata,52,1,ロックスの所で、レディアント装備を受け取る事が出来る
0x08CA5EB4,228,0x08CA6244,0x08CA5C38,.rodata,10,1,聖騎士の証
0x08CA5EB4,229,0x08CA6248,0x08CA5C44,.rodata,16,1,セイキシノアカシ
0x08CA5EB4,230,0x08CA624C,0x08CA5A38,.rodata,52,1,ロックスの所で、レディアント装備を受け取る事が出来る
0x08CA5EB4,231,0x08CA6250,0x08CA5C58,.rodata,8,1,黒オーブ
0x08CA5EB4,232,0x08CA6254,0x08CA5C64,.rodata,10,1,クロオーブ
0x08CA5EB4,233,0x08CA6258,0x08CA5C70,.rodata,54,1,なぜか以前からバンエルティア号の部屋に置いてあった宝玉
0x08CA5EB4,234,0x08CA625C,0x08CA5CA8,.rodata,8,1,白オーブ
0x08CA5EB4,235,0x08CA6260,0x08CA5CB4,.rodata,10,1,シロオーブ
0x08CA5EB4,236,0x08CA6264,0x08CA5CC0,.rodata,42,1,ルバーブ連山の緑宝箱から手に入れた白い宝玉
0x08CA5EB4,237,0x08CA6268,0x08CA5CA8,.rodata,8,1,白オーブ
0x08CA5EB4,238,0x08CA626C,0x08CA5CB4,.rodata,10,1,シロオーブ
0x08CA5EB4,239,0x08CA6270,0x08CA5CC0,.rodata,42,1,ルバーブ連山の緑宝箱から手に入れた白い宝玉
0x08CA5EB4,240,0x08CA6274,0x08CA5CA8,.rodata,8,1,白オーブ
0x08CA5EB4,241,0x08CA6278,0x08CA5CB4,.rodata,10,1,シロオーブ
0x08CA5EB4,242,0x08CA627C,0x08CA5CC0,.rodata,42,1,ルバーブ連山の緑宝箱から手に入れた白い宝玉
0x08CA5EB4,243,0x08CA6280,0x08CA5CEC,.rodata,8,1,赤オーブ
0x08CA5EB4,244,0x08CA6284,0x08CA5CF8,.rodata,10,1,アカオーブ
0x08CA5EB4,245,0x08CA6288,0x08CA5D04,.rodata,46,1,アルマナック遺跡の緑宝箱から手に入れた赤い宝玉
0x08CA5EB4,246,0x08CA628C,0x08CA5D34,.rodata,8,1,青オーブ
0x08CA5EB4,247,0x08CA6290,0x08CA5D40,.rodata,10,1,アオオーブ
0x08CA5EB4,248,0x08CA6294,0x08CA5D4C,.rodata,42,1,シフノ湧泉洞の緑宝箱から手に入れた青い宝玉
0x08CA5EB4,249,0x08CA6298,0x08CA5D78,.rodata,8,1,緑オーブ
0x08CA5EB4,250,0x08CA629C,0x08CA5D84,.rodata,12,1,ミドリオーブ
0x08CA5EB4,251,0x08CA62A0,0x08CA5D94,.rodata,46,1,聖地ラングリースの緑宝箱から手に入れた緑の宝玉
0x08CE2F30,0,0x08CE2F30,0x089A2F24,.text,2,0,! 
0x08CE2F30,1,0x08CE2F34,0x089A2F60,.text,2,0,! 
0x08CE2F30,2,0x08CE2F38,0x089A2F6C,.text,2,0,! 
0x08CE2F30,3,0x08CE2F3C,0x089A2F78,.text,2,0,! 
0x08CE2F30,4,0x08CE2F40,0x089A2F84,.text,2,0,! 
0x08CE2F30,5,0x08CE2F44,0x089A2F90,.text,2,0,! 
0x08CE2F30,6,0x08CE2F48,0x089A2F9C,.text,2,0,! 
0x08CE2F30,7,0x08CE2F4C,0x089A2FA8,.text,2,0,! 
0x08CE2F30,8,0x08CE2F50,0x089A2FB4,.text,2,0,! 
0x08CE2F30,9,0x08CE2F54,0x089A3124,.text,2,0,! 
0x08CE324C,0,0x08CE324C,0x089AB574,.text,2,0,! 
0x08CE324C,1,0x08CE3250,0x089AB58C,.text,2,0,! 
0x08CE324C,2,0x08CE3254,0x089AB58C,.text,2,0,! 
0x08CE324C,3,0x08CE3258,0x089AB574,.text,2,0,! 
0x08CE324C,4,0x08CE325C,0x089AB574,.text,2,0,! 
0x08CE324C,5,0x08CE3260,0x089AB574,.text,2,0,! 
0x08CE324C,6,0x08CE3264,0x089AB58C,.text,2,0,! 
0x08CE324C,7,0x08CE3268,0x089AB58C,.text,2,0,! 
0x08CE324C,8,0x08CE326C,0x089AB58C,.text,2,0,! 
0x08CE324C,9,0x08CE3270,0x089AB574,.text,2,0,! 
0x08CE324C,10,0x08CE3274,0x089AB58C,.text,2,0,! 
0x08CE324C,11,0x08CE3278,0x089AB574,.text,2,0,! 
0x08CE3BD8,0,0x08CE3BD8,0x089AE3B0,.text,2,0,! 
0x08CE3BD8,1,0x08CE3BDC,0x089AE3CC,.text,2,0,! 
0x08CE3BD8,2,0x08CE3BE0,0x089AE3DC,.text,2,0,! 
0x08CE3BD8,3,0x08CE3BE4,0x089AE3EC,.text,2,0,! 
0x08CE3BD8,4,0x08CE3BE8,0x089AE3FC,.text,2,0,! 
0x08CE3BD8,5,0x08CE3BEC,0x089AE40C,.text,2,0,! 
0x08CE3BD8,6,0x08CE3BF0,0x089AE41C,.text,2,0,! 
0x08CE3BD8,7,0x08CE3BF4,0x089AE42C,.text,2,0,! 
0x08CE3BD8,8,0x08CE3BF8,0x089AE43C,.text,2,0,! 
0x08CE3BD8,9,0x08CE3BFC,0x089AE44C,.text,2,0,! 
0x08CE3BD8,10,0x08CE3C00,0x089AE45C,.text,2,0,! 
0x08CE3BD8,11,0x08CE3C04,0x089AE46C,.text,2,0,! 
0x08CE3BD8,12,0x08CE3C08,0x089AE47C,.text,2,0,! 
0x08CE3BD8,13,0x08CE3C0C,0x089AE48C,.text,2,0,! 
0x08CE3BD8,14,0x08CE3C10,0x089AE49C,.text,2,0,! 
0x08CE3BD8,15,0x08CE3C14,0x089AE4AC,.text,2,0,! 
0x08CED10C,0,0x08CED10C,0x08CEC62C,.rodata,8,0,amp021_0
0x08CED10C,1,0x08CED110,0x08CEC638,.rodata,6,0,amp021
0x08CED10C,2,0x08CED114,0x08CEC640,.rodata,6,0,amp020
0x08CED10C,3,0x08CED118,0x08CEC648,.rodata,8,0,amp022_0
0x08CED10C,4,0x08CED11C,0x08CEC638,.rodata,6,0,amp021
0x08CED10C,5,0x08CED120,0x08CEC640,.rodata,6,0,amp020
0x08CED10C,6,0x08CED124,0x08CEC654,.rodata,8,0,amp023_0
0x08CED10C,7,0x08CED128,0x08CEC638,.rodata,6,0,amp021
0x08CED10C,8,0x08CED12C,0x08CEC640,.rodata,6,0,amp020
0x08CED10C,9,0x08CED130,0x08CEC660,.rodata,8,0,amp030_0
0x08CED10C,10,0x08CED134,0x08CEC66C,.rodata,6,0,amp030
0x08CED400,0,0x08CED400,0x08CEC990,.rodata,8,0,enm081_0
0x08CED400,1,0x08CED404,0x08CEC99C,.rodata,6,0,enm081
0x08CED400,2,0x08CED408,0x08CEC9A4,.rodata,6,0,enm080
0x08CED400,3,0x08CED40C,0x08CEC9AC,.rodata,9,0,enm080z_0
0x08CED400,4,0x08CED410,0x08CEC99C,.rodata,6,0,enm081
0x08CED400,5,0x08CED414,0x08CEC9A4,.rodata,6,0,enm080
0x08CED400,6,0x08CED418,0x08CEC9B8,.rodata,8,0,enm082_0
0x08CED400,7,0x08CED41C,0x08CEC99C,.rodata,6,0,enm081
0x08CED400,8,0x08CED420,0x08CEC9A4,.rodata,6,0,enm080
0x08CED400,9,0x08CED424,0x08CEC9C4,.rodata,9,0,enm090z_0
0x08CED400,10,0x08CED428,0x08CEC9D0,.rodata,6,0,enm091
0x08CED574,0,0x08CED574,0x08CECB40,.rodata,8,0,hum001_0
0x08CED574,1,0x08CED578,0x08CECB4C,.rodata,6,0,hum001
0x08CED574,2,0x08CED57C,0x08CECB54,.rodata,6,0,hum002
0x08CED574,3,0x08CED580,0x08CECB40,.rodata,8,0,hum001_0
0x08CED574,4,0x08CED584,0x08CECB4C,.rodata,6,0,hum001
0x08CED574,5,0x08CED588,0x08CECB54,.rodata,6,0,hum002
0x08CED574,6,0x08CED58C,0x08CECB40,.rodata,8,0,hum001_0
0x08CED574,7,0x08CED590,0x08CECB4C,.rodata,6,0,hum001
0x08CED574,8,0x08CED594,0x08CECB54,.rodata,6,0,hum002
0x08CED574,9,0x08CED598,0x08CECB5C,.rodata,8,0,hum002_0
0x08CED574,10,0x08CED59C,0x08CECB4C,.rodata,6,0,hum001
0x08CED574,11,0x08CED5A0,0x08CECB54,.rodata,6,0,hum002
0x08CED574,12,0x08CED5A4,0x08CECB68,.rodata,8,0,hum011_0
0x08CED574,13,0x08CED5A8,0x08CECB74,.rodata,6,0,hum011
0x08CED784,0,0x08CED784,0x08CECD88,.rodata,8,0,bom100_0
0x08CED784,1,0x08CED788,0x08CECD94,.rodata,6,0,bom100
0x08CED784,2,0x08CED78C,0x08CECD9C,.rodata,6,0,psw000
0x08CED784,3,0x08CED790,0x08CECDA4,.rodata,8,0,bom101_0
0x08CED784,4,0x08CED794,0x08CECDB0,.rodata,6,0,bom101
0x08CED784,5,0x08CED798,0x08CECDB8,.rodata,6,0,pdf000
0x08CED784,6,0x08CED79C,0x08CECDC0,.rodata,8,0,bom102_0
0x08CED784,7,0x08CED7A0,0x08CECDCC,.rodata,6,0,bom102
0x08CED784,8,0x08CED7A4,0x08CECDD4,.rodata,6,0,ppr000
0x08CED784,9,0x08CED7A8,0x08CECDDC,.rodata,8,0,bom103_0
0x08CED784,10,0x08CED7AC,0x08CECDE8,.rodata,6,0,bom103
0x08CED784,11,0x08CED7B0,0x08CECDF0,.rodata,6,0,pk1000
0x08CED784,12,0x08CED7B4,0x08CECDF8,.rodata,8,0,bom104_0
0x08CED784,13,0x08CED7B8,0x08CECE04,.rodata,6,0,bom104
0x08CED784,14,0x08CED7BC,0x08CECE0C,.rodata,6,0,pgf000
0x08CED784,15,0x08CED7C0,0x08CECE14,.rodata,8,0,bom105_0
0x08CED784,16,0x08CED7C4,0x08CECE20,.rodata,6,0,bom105
0x08CED784,17,0x08CED7C8,0x08CECE28,.rodata,6,0,pmg000
0x08CED784,18,0x08CED7CC,0x08CECE30,.rodata,8,0,laz001_0
0x08CED784,19,0x08CED7D0,0x08CECE3C,.rodata,6,0,laz001
0x08CF4808,0,0x08CF4808,0x08CF47C0,.rodata,11,0,wmic000.ppt
0x08CF4808,1,0x08CF480C,0x08CF47CC,.rodata,11,0,wmic001.ppt
0x08CF4808,2,0x08CF4810,0x08CF47D8,.rodata,11,0,wmic002.ppt
0x08CF4808,3,0x08CF4814,0x08CF47E4,.rodata,11,0,wmic003.ppt
0x08CF4808,4,0x08CF4818,0x08CF47F0,.rodata,11,0,wmic004.ppt
0x08CF4808,5,0x08CF481C,0x08CF47FC,.rodata,11,0,wmic005.ppt
0x08CF48BC,0,0x08CF48BC,0x08CF4820,.rodata,11,0,wmic010.ppt
0x08CF48BC,1,0x08CF48C0,0x08CF482C,.rodata,11,0,wmic020.ppt
0x08CF48BC,2,0x08CF48C4,0x08CF4838,.rodata,11,0,wmic030.ppt
0x08CF48BC,3,0x08CF48C8,0x08CF4844,.rodata,11,0,wmic040.ppt
0x08CF48BC,4,0x08CF48CC,0x08CF4850,.rodata,11,0,wmic050.ppt
0x08CF48BC,5,0x08CF48D0,0x08CF485C,.rodata,11,0,wmic060.ppt
0x08CF48BC,6,0x08CF48D4,0x08CF4868,.rodata,11,0,wmic070.ppt
0x08CF48BC,7,0x08CF48D8,0x08CF4874,.rodata,11,0,wmic080.ppt
0x08CF48BC,8,0x08CF48DC,0x08CF4880,.rodata,11,0,wmic090.ppt
0x08CF48BC,9,0x08CF48E0,0x08CF488C,.rodata,11,0,wmic100.ppt
0x08CF48BC,10,0x08CF48E4,0x08CF4898,.rodata,11,0,wmic110.ppt
0x08CF48BC,11,0x08CF48E8,0x08CF48A4,.rodata,11,0,wmic120.ppt
0x08CF48BC,12,0x08CF48EC,0x08CF48B0,.rodata,11,0,wmic130.ppt
0x08D14844,0,0x08D14844,0x08D0FF9C,.rodata,90,1,今回の仕事は、＜ダンジョン名＞にいる\n＜モンスター名＞の退治、\n目標は＜数＞体だ。　行こう！
0x08D14844,1,0x08D14848,0x08D0FFF8,.rodata,80,1,今回は、この＜ダンジョン名＞にいる\n魔物を＜数＞体退治するんだ。\nさあ、頑張ろう！
0x08D14844,2,0x08D1484C,0x08D1004C,.rodata,70,1,さあ、訓練開始だ。\n今日は、＜ダンジョン名＞の魔物を、\n＜数＞体狩ろう！
0x08D14844,3,0x08D14850,0x08D10094,.rodata,28,1,見ろ、＜モンスター名＞だ！\n\n
0x08D14844,4,0x08D14854,0x08D100B4,.rodata,34,1,さあ、勝負だ。\n遠慮はいらないよ！\n
0x08D14844,5,0x08D14858,0x08D100D8,.rodata,20,1,あと、＜残＞体だ！\n\n
0x08D14844,6,0x08D1485C,0x08D100F0,.rodata,48,1,よし、今回はこれで終わりだ。\nそれじゃ、戻ろうか\n
0x08D14844,7,0x08D14860,0x08D10124,.rodata,62,1,よし、今ので目標達成だ。\nいい訓練になったよ。\nさあ、船へ戻ろう
0x08D14844,8,0x08D14864,0x08D10164,.rodata,84,1,君の勝ちだ。\nでも、おかげで自分の弱点に気づけたよ。\nじゃあ、また機会があったら頼むよ
0x08D14844,9,0x08D14868,0x08D101BC,.rodata,60,1,もう一度来るかい？\nいいよ。\n君との勝負はやりがいがあるからね
0x08D14870,0,0x08D14870,0x08D101FC,.rodata,80,1,さて、＜ダンジョン名＞で\n＜モンスター名＞を＜数＞体退治か。\nぱぱっと始めようぜ！
0x08D14870,1,0x08D14874,0x08D10250,.rodata,86,1,今回の仕事は、ここにいる魔物を\n＜数＞体退治すればいい。\nさあ、ぼやぼやせずに行くぜ！！
0x08D14870,2,0x08D14878,0x08D102A8,.rodata,58,1,さあて、鍛錬の為に今日は\nここにいる魔物を＜数＞体狩るぜ！\n
0x08D14870,3,0x08D1487C,0x08D102E4,.rodata,32,1,いたぞ！　＜モンスター名＞だ！\n\n
0x08D14870,4,0x08D14880,0x08D10308,.rodata,2,0,\n\n
0x08D14870,5,0x08D14884,0x08D1030C,.rodata,22,1,残りは＜残＞体だな！\n\n
0x08D14870,6,0x08D14888,0x08D10324,.rodata,40,1,ふう、やっと済んだな。\nじゃあ、戻ろうぜ\n
0x08D1489C,0,0x08D1489C,0x08D103A0,.rodata,74,1,今回の目的は、＜ダンジョン名＞にいる\n＜モンスター名＞、＜数＞体の退治です\n
0x08D1489C,1,0x08D148A0,0x08D103EC,.rodata,76,1,今回の目的は、ここ＜ダンジョン名＞を\n根城にする魔物を＜数＞体\n退治する事です
0x08D1489C,2,0x08D148A4,0x08D1043C,.rodata,80,1,では、ここ＜ダンジョン名＞での\n修行を始めましょう。\n＜数＞体ほど、魔物を討ちます
0x08D1489C,3,0x08D148A8,0x08D10490,.rodata,38,1,いました。\n目標の＜モンスター名＞です\n
0x08D1489C,4,0x08D148AC,0x08D10308,.rodata,2,0,\n\n
0x08D1489C,5,0x08D148B0,0x08D104B8,.rodata,20,1,あと、＜残＞体です\n\n
0x08D148C8,0,0x08D148C8,0x08D10544,.rodata,88,1,えーっと、＜ダンジョン名＞にいる\n＜モンスター名＞を＜数＞体、\n退治すればいいんだったな！
0x08D148C8,1,0x08D148CC,0x08D105A0,.rodata,94,1,えっと、＜ダンジョン名＞にいる魔物を\nとにかく＜数＞体退治すればいいんだよな？\nじゃあ、行こう！
0x08D148C8,2,0x08D148D0,0x08D10600,.rodata,56,1,この土地の魔物を、＜数＞体狩るんだ。\nじゃあ、訓練開始！\n
0x08D148C8,3,0x08D148D4,0x08D1063C,.rodata,36,1,あそこだ。\n＜モンスター名＞がいる！\n
0x08D148C8,4,0x08D148D8,0x08D10664,.rodata,46,1,待ってたよ、○○。\nじゃあ、腕試しと行こうか！\n
0x08D148C8,5,0x08D148DC,0x08D10694,.rodata,38,1,ええっと、\nあとは残り＜残＞体だったな\n
0x08D148C8,6,0x08D148E0,0x08D106BC,.rodata,44,1,うん、こんなもんかな。\nじゃあ、船へ戻ろう！\n
0x08D148C8,7,0x08D148E4,0x08D106EC,.rodata,58,1,ああ、いい訓練が出来てよかったよ。\nそれじゃ、早く戻ろう！\n
0x08D148F4,0,0x08D148F4,0x08D107B0,.rodata,70,1,＜ダンジョン名＞で\n＜モンスター名＞を＜数＞体退治ね！\nじゃ、行くわよ！
0x08D148F4,1,0x08D148F8,0x08D107F8,.rodata,80,1,今回の仕事は楽ね。\n＜ダンジョン名＞にいる魔物を\n＜数＞体退治すればいいんだもの！
0x08D148F4,2,0x08D148FC,0x08D1084C,.rodata,90,1,さて、たまには訓練もしないとね。\n今日は、この土地の魔物を＜数＞体\n倒すのを目標にしましょ！
0x08D148F4,3,0x08D14900,0x08D108A8,.rodata,34,1,ほら、＜モンスター名＞じゃない？\n\n
0x08D148F4,4,0x08D14904,0x08D10308,.rodata,2,0,\n\n
0x08D148F4,5,0x08D14908,0x08D108CC,.rodata,36,1,いい調子じゃない？\n残り＜残＞体よ！\n
0x08D148F4,6,0x08D1490C,0x08D108F4,.rodata,66,1,ま、ざっとこんなもんね。\nじゃあ、この仕事は終わりよ。\n帰りましょ！
0x08D1494C,0,0x08D1494C,0x08D10B18,.rodata,92,1,＜ダンジョン名＞をウロつく\n＜モンスター名＞を＜数＞体やっちまうんだな。\nはっ、ちょろいぜ！！
0x08D1494C,1,0x08D14950,0x08D10B78,.rodata,98,1,とにかくよ、ここに巣食う魔物を\n＜数＞体倒せばいいんだろ？\n＜数＞体と言わず派手に行こうじゃねぇか！
0x08D1494C,2,0x08D14954,0x08D10BDC,.rodata,88,1,ここの魔物を、＜数＞体倒して\n今日の修行としようじゃねぇか！\nさあ、おめぇ、準備はいいか？
0x08D1494C,3,0x08D14958,0x08D10C38,.rodata,36,1,おっ、いたぜ！\n＜モンスター名＞だ！\n
0x08D1494C,4,0x08D1495C,0x08D10308,.rodata,2,0,\n\n
0x08D1494C,5,0x08D14960,0x08D10C60,.rodata,54,1,よーっし、残り＜残＞体か。\nまだまだ来やがれってんだ！\n
0x08D1494C,6,0x08D14964,0x08D10C98,.rodata,62,1,もう終わりってかぁ？\n味気無えな。\nじゃあ、さっさと帰るとするか
0x08D14978,0,0x08D14978,0x08D10D38,.rodata,74,1,じゃあ、行くぜ！\n＜ダンジョン名＞にいる\n＜モンスター名＞を＜数＞体退治だ！
0x08D14978,1,0x08D1497C,0x08D10D84,.rodata,88,1,今回は、＜ダンジョン名＞にいる魔物を\n＜数＞体退治するんだ。\nじゃあ、早速取り掛かろうぜ！
0x08D14978,2,0x08D14980,0x08D10DE0,.rodata,84,1,今日はここの魔物を狩るんだ。\n＜数＞体も狩れば、いい修行になるだろ。\nじゃあ、行くぜ！
0x08D14978,3,0x08D14984,0x08D10E38,.rodata,40,1,へへっ、見つけたぜ。\n＜モンスター名＞だ\n
0x08D14978,4,0x08D14988,0x08D10E64,.rodata,40,1,へへっ、待ってたぜ。\nさあ、全力で来な！\n
0x08D14978,5,0x08D1498C,0x08D10E90,.rodata,50,1,あと＜残＞体狩ればいいんだよな？\nよし、次行くぜ！\n
0x08D14978,6,0x08D14990,0x08D10EC4,.rodata,46,1,ようやく済んだな。\nじゃ、腹も減ったし帰ろうぜ\n
0x08D14978,7,0x08D14994,0x08D10EF4,.rodata,80,1,えーっと、これで達成か。\nじゃ、修行も済んだし戻ろうぜ。\nメシ食って、昼寝だ昼ね！
0x08D14978,8,0x08D14998,0x08D10F48,.rodata,90,1,ちぇっ、今回は勝てると思ったのに。\nま、次は負けないけどな！\nんじゃ、今日はこの辺で帰ろうぜ
0x08D14978,9,0x08D1499C,0x08D10FA4,.rodata,38,1,次も勝たせてもらうぜ。\nじゃあ、来な！\n
0x08D149D0,0,0x08D149D0,0x08D111A4,.rodata,98,1,では、今一度目的を確認しましょう。\n＜ダンジョン名＞にいる\n＜モンスター名＞、＜数＞体退治、ですね！
0x08D149D0,1,0x08D149D4,0x08D11208,.rodata,82,1,さあ、始めましょう！\n今日の仕事は、＜ダンジョン名＞にいる\n魔物を＜数＞体退治です！
0x08D149D0,2,0x08D149D8,0x08D1125C,.rodata,82,1,では、修行を始めましょう。\n今日はここの魔物を＜数＞体狩ります。\nさあ、行きますよ！
0x08D149D0,3,0x08D149DC,0x08D112B0,.rodata,52,1,あそこにいるのは、\n＜モンスター名＞じゃないですか？\n
0x08D149D0,4,0x08D149E0,0x08D10308,.rodata,2,0,\n\n
0x08D149D0,5,0x08D149E4,0x08D112E8,.rodata,42,1,残り＜残＞体ですよ。\nさあ、進みましょう！\n
0x08D149D0,6,0x08D149E8,0x08D11314,.rodata,60,1,目標達成ですね！\nでは、ボクのバンエルティア号へ\n戻りましょう
0x08D149D0,7,0x08D149EC,0x08D11354,.rodata,92,1,目標達成です！\nたまには修行もしてみるもんですね。\nさあ、僕のバンエルティア号へ帰りましょう！
0x08D149D0,8,0x08D149F0,0x08D10308,.rodata,2,0,\n\n
0x08D149D0,9,0x08D149F4,0x08D10308,.rodata,2,0,\n\n
0x08D149FC,0,0x08D149FC,0x08D113B4,.rodata,68,1,じゃあ、＜ダンジョン名＞にいる\n＜モンスター名＞を\n＜数＞体退治だね！
0x08D149FC,1,0x08D14A00,0x08D113FC,.rodata,74,1,＜ダンジョン名＞にいる魔物を\n＜数＞体退治かぁ。\nへへっ、そんなの簡単だよ！
0x08D149FC,2,0x08D14A04,0x08D11448,.rodata,76,1,よーし、修行だ！\n今日は、この＜ダンジョン名＞にいる\n魔物を、＜数＞体倒すぞ！
0x08D149FC,3,0x08D14A08,0x08D11498,.rodata,44,1,ほら、すぐ近くに\n＜モンスター名＞がいるよ！\n
0x08D149FC,4,0x08D14A0C,0x08D114C8,.rodata,46,1,来てくれたんだね。\nよーし、負けないからなっ！\n
0x08D149FC,5,0x08D14A10,0x08D114F8,.rodata,44,1,あと、＜残＞体だね。\nへへっ！　楽勝、楽勝！\n
0x08D149FC,6,0x08D14A14,0x08D11528,.rodata,44,1,へへっ、楽勝だったね！\nじゃあ、船へ戻ろうよ\n
0x08D14BBC,0,0x08D14BBC,0x08D12870,.rodata,84,1,さて、ここで魔物を狩って訓練とする。\n今日は＜数＞体狩るが、無理は禁物だぞ。\nいいな？
0x08D14BBC,1,0x08D14BC0,0x08D128C8,.rodata,34,1,見つけたぞ。\n＜モンスター名＞だ！\n
0x08D14BBC,2,0x08D14BC4,0x08D10308,.rodata,2,0,\n\n
0x08D14BBC,3,0x08D14BC8,0x08D128EC,.rodata,40,1,目標まで、あと＜残＞体か。\nでは、進むぞ\n
0x08D14BBC,4,0x08D14BCC,0x08D12918,.rodata,66,1,よし、この仕事は終わりだ。\n早く船に戻って、\n次の仕事に備えるといい
0x08D14BBC,5,0x08D14BD0,0x08D1295C,.rodata,46,1,うむ、いい訓練になった。\nでは、戻るとしようか\n
0x08D14BBC,6,0x08D14BD4,0x08D10308,.rodata,2,0,\n\n
0x08D14BBC,7,0x08D14BD8,0x08D10308,.rodata,2,0,\n\n
0x08D14C18,0,0x08D14C18,0x08D12D80,.rodata,54,1,おや、そこに見えるのは\n＜モンスター名＞のようですねえ\n
0x08D14C18,1,0x08D14C1C,0x08D10308,.rodata,2,0,\n\n
0x08D14C18,2,0x08D14C20,0x08D12DB8,.rodata,76,1,残り＜残＞体ですか。\nもう十分の様な気もしてきましたが、\nあと少し頑張りますか
0x08D14C18,3,0x08D14C24,0x08D12E08,.rodata,92,1,もう少しやってもいいんですがねえ。\nまあ、目的は果たしましたし、\n今日のところは戻りましょうか
0x08D14C18,4,0x08D14C28,0x08D12E68,.rodata,70,1,さて、今日の目標は達成しました。\n次は休養が必要です。\n早く戻りましょう
0x08D14C18,5,0x08D14C2C,0x08D10308,.rodata,2,0,\n\n
0x08D14C18,6,0x08D14C30,0x08D10308,.rodata,2,0,\n\n
0x08D14C38,0,0x08D14C38,0x08D12EB0,.rodata,90,1,目的は、＜ダンジョン名＞にいる\n＜モンスター名＞を＜数＞体退治ですわね。\nでは、参りましょう
0x08D14C38,1,0x08D14C3C,0x08D12F0C,.rodata,92,1,今回の仕事は、魔物退治ですわ。\nここ＜ダンジョン名＞にて、魔物を＜数＞体。\nさあ、始めましょう
0x08D14C38,2,0x08D14C40,0x08D12F6C,.rodata,66,1,今日はここで＜数＞体狩って、\n訓練としますわ。\nでは、行きますわよ！
0x08D14C38,3,0x08D14C44,0x08D12FB0,.rodata,40,1,ご覧になって。\n＜モンスター名＞ですわ！\n
0x08D14C38,4,0x08D14C48,0x08D10308,.rodata,2,0,\n\n
0x08D14C38,5,0x08D14C4C,0x08D12FDC,.rodata,26,1,残り、＜残＞体ですわよ！\n\n
0x08D14C38,6,0x08D14C50,0x08D12FF8,.rodata,48,1,これで、達成ですわ。\nそれでは、船へ戻りましょう\n
0x08D14CBC,0,0x08D14CBC,0x08D1362C,.rodata,82,1,チンタラせずに、行くぜ！\n＜ダンジョン名＞にいる\n＜モンスター名＞を＜数＞体退治だ！
0x08D14CBC,1,0x08D14CC0,0x08D13680,.rodata,82,1,＜ダンジョン名＞で魔物狩りか。\n＜数＞体なんて、適当にやってりゃ\nすぐ達成出来るだろ
0x08D14CBC,2,0x08D14CC4,0x08D136D4,.rodata,90,1,今日は、ここにいる魔物を＜数＞体\nやって修行にすんだ。\nよーし、じゃあバッサバッサ散らすぜ！
0x08D14CBC,3,0x08D14CC8,0x08D13730,.rodata,56,1,おお、こいつ＜モンスター名＞じゃねえ？\nやっちまおうぜ！\n
0x08D14CBC,4,0x08D14CCC,0x08D10308,.rodata,2,0,\n\n
0x08D14CBC,5,0x08D14CD0,0x08D1376C,.rodata,32,1,あと、＜残＞体かよ。\nたりぃーぜ\n
0x08D14CBC,6,0x08D14CD4,0x08D13790,.rodata,50,1,あっけねぇの、もう終わりかよ。\nんじゃ、帰ろうぜ！\n
0x08D14CBC,7,0x08D14CD8,0x08D137C4,.rodata,78,1,おー、なかなかいい修行になったんじゃね？\nんじゃ、用も済んだしとっとと帰ろうぜ\n
0x08D14CBC,8,0x08D14CDC,0x08D10308,.rodata,2,0,\n\n
0x08D14CBC,9,0x08D14CE0,0x08D10308,.rodata,2,0,\n\n
0x08D14D44,0,0x08D14D44,0x08D13C80,.rodata,72,1,ここ＜ダンジョン名＞にいる魔物を\n倒すんですね。\nええと、数は＜数＞体です
0x08D14D44,1,0x08D14D48,0x08D13CCC,.rodata,78,1,今日は魔物を狩って修行するんです。\n目標は＜数＞体です。\nそれじゃ、行きましょう
0x08D14D44,2,0x08D14D4C,0x08D13D1C,.rodata,38,1,あっ、います。\n＜モンスター名＞です！\n
0x08D14D44,3,0x08D14D50,0x08D10308,.rodata,2,0,\n\n
0x08D14D44,4,0x08D14D54,0x08D13D44,.rodata,28,1,これで、残り＜残＞体です！\n\n
0x08D14D44,5,0x08D14D58,0x08D13D64,.rodata,54,1,これで、終わりです。\nじゃあ、皆が待つ船へ帰りましょう\n
0x08D14D44,6,0x08D14D5C,0x08D13D9C,.rodata,60,1,大変でしたが、いい修行になりました。\nそれじゃ、戻りましょう\n
0x08D14D44,7,0x08D14D60,0x08D10308,.rodata,2,0,\n\n
0x08D14D44,8,0x08D14D64,0x08D10308,.rodata,2,0,\n\n
0x08D14DC4,0,0x08D14DC4,0x08D14060,.rodata,92,1,＜ダンジョン名＞にいる\n＜モンスター名＞を＜数＞体\n倒せばいいんだね！　よし、ガンドコ行こう！
0x08D14DC4,1,0x08D14DC8,0x08D140C0,.rodata,100,1,今回の魔物退治はさ、＜ダンジョン名＞にいる\n魔物なら何でもいいんだ。\n＜数＞体、退治すればいいんだよ！
0x08D14DC4,2,0x08D14DCC,0x08D14128,.rodata,94,1,じゃあ、今日は一緒に修行だよ。\nここにいる魔物を＜数＞体、狩るんだ！\nよーし、ガンドコ行くぞ！！
0x08D14DC4,3,0x08D14DD0,0x08D14188,.rodata,54,1,ねえねえ、あそこにいるのって\n＜モンスター名＞だよね！\n
0x08D14DC4,4,0x08D14DD4,0x08D141C0,.rodata,54,1,○○と勝負だなんて\nワクワクするな。\nじゃあ、行くよ！！
0x08D14DC4,5,0x08D14DD8,0x08D141F8,.rodata,52,1,残り＜残＞体だね！\nよーっし、目標数まで頑張るぞ！！\n
0x08D14DC4,6,0x08D14DDC,0x08D14230,.rodata,80,1,やった！　目標達成だ！！\n○○も、すごく頑張ってたよね！\nそれじゃあ、船へ戻ろうよ
0x08D14DC4,7,0x08D14DE0,0x08D14284,.rodata,76,1,よし、目標達成！\nどうだろう、強くなれたかなぁ？\nそれじゃあ、早く船に帰ろう！
0x08D14DC4,8,0x08D14DE4,0x08D142D4,.rodata,98,1,ああ、オレの負けかぁ。\nでも、じいちゃんとの腕試しを思い出したよ。\nうん、楽しかった！　ありがとう！
0x08D14DC4,9,0x08D14DE8,0x08D14338,.rodata,64,1,やっぱり、○○と勝負をすると\n楽しいよ。\nじゃあ、もう一戦行こう！
0x08D14E48,0,0x08D14E48,0x08D10308,.rodata,2,0,\n\n
0x08D14E48,1,0x08D14E4C,0x08D10308,.rodata,2,0,\n\n
0x08D14E48,2,0x08D14E50,0x08D10308,.rodata,2,0,\n\n
0x08D14E48,3,0x08D14E54,0x08D10308,.rodata,2,0,\n\n
0x08D14E48,4,0x08D14E58,0x08D10308,.rodata,2,0,\n\n
0x08D14E48,5,0x08D14E5C,0x08D10308,.rodata,2,0,\n\n
0x08D14E48,6,0x08D14E60,0x08D10308,.rodata,2,0,\n\n
0x08D14E48,7,0x08D14E64,0x08D10308,.rodata,2,0,\n\n
0x08D14E48,8,0x08D14E68,0x08D10308,.rodata,2,0,\n\n
0x08D14E48,9,0x08D14E6C,0x08D10308,.rodata,2,0,\n\n
0x08D3E1A0,0,0x08D3E1A0,0x08AF9594,.text,2,0,! 
0x08D3E1A0,1,0x08D3E1A4,0x08AF9594,.text,2,0,! 
0x08D3E1A0,2,0x08D3E1A8,0x08AF9594,.text,2,0,! 
0x08D3E1A0,3,0x08D3E1AC,0x08AF9594,.text,2,0,! 
0x08D3E1A0,4,0x08D3E1B0,0x08AF9594,.text,2,0,! 
0x08D3E1A0,5,0x08D3E1B4,0x08AF9594,.text,2,0,! 
0x08D3E1A0,6,0x08D3E1B8,0x08AF9594,.text,2,0,! 
0x08D3E1A0,7,0x08D3E1BC,0x08AF9594,.text,2,0,! 
0x08D3E1A0,8,0x08D3E1C0,0x08AF9594,.text,2,0,! 
0x08D3E1A0,9,0x08D3E1C4,0x08AF9594,.text,2,0,! 
0x08D3E1A0,10,0x08D3E1C8,0x08AF9594,.text,2,0,! 
0x08D3E1A0,11,0x08D3E1CC,0x08AF9594,.text,2,0,! 
0x08D3E1A0,12,0x08D3E1D0,0x08AF9594,.text,2,0,! 
0x08D3E1A0,13,0x08D3E1D4,0x08AF9594,.text,2,0,! 
0x08D3E1A0,14,0x08D3E1D8,0x08AF9594,.text,2,0,! 
0x08D3E1A0,15,0x08D3E1DC,0x08AF9594,.text,2,0,! 
0x08D3E1A0,16,0x08D3E1E0,0x08AF9594,.text,2,0,! 
0x08D3E1A0,17,0x08D3E1E4,0x08AF9594,.text,2,0,! 
0x08D3E1A0,18,0x08D3E1E8,0x08AF9594,.text,2,0,! 
0x08D3E1A0,19,0x08D3E1EC,0x08AF9594,.text,2,0,! 
0x08D3E1A0,20,0x08D3E1F0,0x08AF9594,.text,2,0,! 
0x08D3E1A0,21,0x08D3E1F4,0x08AF9594,.text,2,0,! 
0x08D3E1A0,22,0x08D3E1F8,0x08AF9594,.text,2,0,! 
0x08D3E1A0,23,0x08D3E1FC,0x08AF9594,.text,2,0,! 
0x08D3E1A0,24,0x08D3E200,0x08AF9594,.text,2,0,! 
0x08D3E1A0,25,0x08D3E204,0x08AF9594,.text,2,0,! 
0x08D3E1A0,26,0x08D3E208,0x08AF9594,.text,2,0,! 
0x08D3E1A0,27,0x08D3E20C,0x08AF9594,.text,2,0,! 
0x08D3E1A0,28,0x08D3E210,0x08AF9594,.text,2,0,! 
0x08D3E1A0,29,0x08D3E214,0x08AF9594,.text,2,0,! 
0x08D3E1A0,30,0x08D3E218,0x08AF9594,.text,2,0,! 
0x08D3E1A0,31,0x08D3E21C,0x08AF9594,.text,2,0,! 
0x08D3E1A0,32,0x08D3E220,0x08AF95C4,.text,2,0,! 
0x08D3FAD8,0,0x08D3FAD8,0x08D3F9BC,.rodata,6,0,Sunday
0x08D3FAD8,1,0x08D3FADC,0x08D3F9C4,.rodata,6,0,Monday
0x08D3FAD8,2,0x08D3FAE0,0x08D3F9CC,.rodata,7,0,Tuesday
0x08D3FAD8,3,0x08D3FAE4,0x08D3F9D4,.rodata,9,0,Wednesday
0x08D3FAD8,4,0x08D3FAE8,0x08D3F9E0,.rodata,8,0,Thursday
0x08D3FAD8,5,0x08D3FAEC,0x08D3F9EC,.rodata,6,0,Friday
0x08D3FAD8,6,0x08D3FAF0,0x08D3F9F4,.rodata,8,0,Saturday
0x08D3FB24,0,0x08D3FB24,0x08D3FA00,.rodata,7,0,January
0x08D3FB24,1,0x08D3FB28,0x08D3FA08,.rodata,8,0,February
0x08D3FB24,2,0x08D3FB2C,0x08D3FA14,.rodata,5,0,March
0x08D3FB24,3,0x08D3FB30,0x08D3FA1C,.rodata,5,0,April
0x08D3FB24,4,0x08D3FB34,0x08D3FA24,.rodata,3,0,May
0x08D3FB24,5,0x08D3FB38,0x08D3FA28,.rodata,4,0,June
0x08D3FB24,6,0x08D3FB3C,0x08D3FA30,.rodata,4,0,July
0x08D3FB24,7,0x08D3FB40,0x08D3FA38,.rodata,6,0,August
0x08D3FB24,8,0x08D3FB44,0x08D3FA40,.rodata,9,0,September
0x08D3FB24,9,0x08D3FB48,0x08D3FA4C,.rodata,7,0,October
0x08D3FB24,10,0x08D3FB4C,0x08D3FA54,.rodata,8,0,November
0x08D3FB24,11,0x08D3FB50,0x08D3FA60,.rodata,8,0,December
0x08D40220,0,0x08D40220,0x08D400C0,.rodata,3,0,Jan
0x08D40220,1,0x08D40224,0x08D400C4,.rodata,3,0,Feb
0x08D40220,2,0x08D40228,0x08D400C8,.rodata,3,0,Mar
0x08D40220,3,0x08D4022C,0x08D400CC,.rodata,3,0,Apr
0x08D40220,4,0x08D40230,0x08D400D0,.rodata,3,0,May
0x08D40220,5,0x08D40234,0x08D400D4,.rodata,3,0,Jun
0x08D40220,6,0x08D40238,0x08D400D8,.rodata,3,0,Jul
0x08D40220,7,0x08D4023C,0x08D400DC,.rodata,3,0,Aug
0x08D40220,8,0x08D40240,0x08D400E0,.rodata,3,0,Sep
0x08D40220,9,0x08D40244,0x08D400E4,.rodata,3,0,Oct
0x08D40220,10,0x08D40248,0x08D400E8,.rodata,3,0,Nov
0x08D40220,11,0x08D4024C,0x08D400EC,.rodata,3,0,Dec
0x08D40220,12,0x08D40250,0x08D400F0,.rodata,7,0,January
0x08D40220,13,0x08D40254,0x08D400F8,.rodata,8,0,February
0x08D40220,14,0x08D40258,0x08D40104,.rodata,5,0,March
0x08D40220,15,0x08D4025C,0x08D4010C,.rodata,5,0,April
0x08D40220,16,0x08D40260,0x08D400D0,.rodata,3,0,May
0x08D40220,17,0x08D40264,0x08D40114,.rodata,4,0,June
0x08D40220,18,0x08D40268,0x08D4011C,.rodata,4,0,July
0x08D40220,19,0x08D4026C,0x08D40124,.rodata,6,0,August
0x08D40220,20,0x08D40270,0x08D4012C,.rodata,9,0,September
0x08D40220,21,0x08D40274,0x08D40138,.rodata,7,0,October
0x08D40220,22,0x08D40278,0x08D40140,.rodata,8,0,November
0x08D40220,23,0x08D4027C,0x08D4014C,.rodata,8,0,December
0x08D40220,24,0x08D40280,0x08D40158,.rodata,3,0,Sun
0x08D40220,25,0x08D40284,0x08D4015C,.rodata,3,0,Mon
0x08D40220,26,0x08D40288,0x08D40160,.rodata,3,0,Tue
0x08D40220,27,0x08D4028C,0x08D40164,.rodata,3,0,Wed
0x08D40220,28,0x08D40290,0x08D40168,.rodata,3,0,Thu
0x08D40220,29,0x08D40294,0x08D4016C,.rodata,3,0,Fri
0x08D40220,30,0x08D40298,0x08D40170,.rodata,3,0,Sat
0x08D40220,31,0x08D4029C,0x08D40174,.rodata,6,0,Sunday
0x08D40220,32,0x08D402A0,0x08D4017C,.rodata,6,0,Monday
0x08D40220,33,0x08D402A4,0x08D40184,.rodata,7,0,Tuesday
0x08D40220,34,0x08D402A8,0x08D4018C,.rodata,9,0,Wednesday
0x08D40220,35,0x08D402AC,0x08D40198,.rodata,8,0,Thursday
0x08D40220,36,0x08D402B0,0x08D401A4,.rodata,6,0,Friday
0x08D40220,37,0x08D402B4,0x08D401AC,.rodata,8,0,Saturday
0x08D40220,38,0x08D402B8,0x08D401B8,.rodata,8,0,%H:%M:%S
0x08D40220,39,0x08D402BC,0x08D401C4,.rodata,8,0,%m/%d/%y
0x08D40220,40,0x08D402C0,0x08D401D0,.rodata,20,0,%a %b %e %H:%M:%S %Y
0x08D40220,41,0x08D402C4,0x08D401E8,.rodata,2,0,AM
0x08D40220,42,0x08D402C8,0x08D401EC,.rodata,2,0,PM
0x08D40220,43,0x08D402CC,0x08D401F0,.rodata,23,0,%a %b %e %H:%M:%S %Z %Y
0x08D40220,44,0x08D402D0,0x08D400F0,.rodata,7,0,January
0x08D40220,45,0x08D402D4,0x08D400F8,.rodata,8,0,February
0x08D40220,46,0x08D402D8,0x08D40104,.rodata,5,0,March
0x08D40220,47,0x08D402DC,0x08D4010C,.rodata,5,0,April
0x08D40220,48,0x08D402E0,0x08D400D0,.rodata,3,0,May
0x08D40220,49,0x08D402E4,0x08D40114,.rodata,4,0,June
0x08D40220,50,0x08D402E8,0x08D4011C,.rodata,4,0,July
0x08D40220,51,0x08D402EC,0x08D40124,.rodata,6,0,August
0x08D40220,52,0x08D402F0,0x08D4012C,.rodata,9,0,September
0x08D40220,53,0x08D402F4,0x08D40138,.rodata,7,0,October
0x08D40220,54,0x08D402F8,0x08D40140,.rodata,8,0,November
0x08D40220,55,0x08D402FC,0x08D4014C,.rodata,8,0,December
0x08D40220,56,0x08D40300,0x08D40208,.rodata,2,0,md
0x08D40220,57,0x08D40304,0x08D4020C,.rodata,11,0,%I:%M:%S %p
0x08D40978,0,0x08D40978,0x08D40378,.rodata,2,0,^@
0x08D40978,1,0x08D4097C,0x08D4037C,.rodata,2,0,^A
0x08D40978,2,0x08D40980,0x08D40380,.rodata,2,0,^B
0x08D40978,3,0x08D40984,0x08D40384,.rodata,2,0,^C
0x08D40978,4,0x08D40988,0x08D40388,.rodata,2,0,^D
0x08D40978,5,0x08D4098C,0x08D4038C,.rodata,2,0,^E
0x08D40978,6,0x08D40990,0x08D40390,.rodata,2,0,^F
0x08D40978,7,0x08D40994,0x08D40394,.rodata,2,0,^G
0x08D40978,8,0x08D40998,0x08D40398,.rodata,2,0,^H
0x08D40978,9,0x08D4099C,0x08D4039C,.rodata,2,0,^I
0x08D40978,10,0x08D409A0,0x08D403A0,.rodata,2,0,^J
0x08D40978,11,0x08D409A4,0x08D403A4,.rodata,2,0,^K
0x08D40978,12,0x08D409A8,0x08D403A8,.rodata,2,0,^L
0x08D40978,13,0x08D409AC,0x08D403AC,.rodata,2,0,^M
0x08D40978,14,0x08D409B0,0x08D403B0,.rodata,2,0,^N
0x08D40978,15,0x08D409B4,0x08D403B4,.rodata,2,0,^O
0x08D40978,16,0x08D409B8,0x08D403B8,.rodata,2,0,^P
0x08D40978,17,0x08D409BC,0x08D403BC,.rodata,2,0,^Q
0x08D40978,18,0x08D409C0,0x08D403C0,.rodata,2,0,^R
0x08D40978,19,0x08D409C4,0x08D403C4,.rodata,2,0,^S
0x08D40978,20,0x08D409C8,0x08D403C8,.rodata,2,0,^T
0x08D40978,21,0x08D409CC,0x08D403CC,.rodata,2,0,^U
0x08D40978,22,0x08D409D0,0x08D403D0,.rodata,2,0,^V
0x08D40978,23,0x08D409D4,0x08D403D4,.rodata,2,0,^W
0x08D40978,24,0x08D409D8,0x08D403D8,.rodata,2,0,^X
0x08D40978,25,0x08D409DC,0x08D403DC,.rodata,2,0,^Y
0x08D40978,26,0x08D409E0,0x08D403E0,.rodata,2,0,^Z
0x08D40978,27,0x08D409E4,0x08D403E4,.rodata,2,0,^[
0x08D40978,28,0x08D409E8,0x08D403E8,.rodata,2,0,^\
0x08D40978,29,0x08D409EC,0x08D403EC,.rodata,2,0,^]
0x08D40978,30,0x08D409F0,0x08D403F0,.rodata,2,0,^~
0x08D40978,31,0x08D409F4,0x08D403F4,.rodata,2,0,^_
0x08D40978,32,0x08D409F8,0x08D403F8,.rodata,1,0, 
0x08D40978,33,0x08D409FC,0x08D403FC,.rodata,1,0,!
0x08D40978,34,0x08D40A00,0x08D40400,.rodata,1,0,""""
0x08D40978,35,0x08D40A04,0x08D40404,.rodata,1,0,#
0x08D40978,36,0x08D40A08,0x08D40408,.rodata,1,0,$
0x08D40978,37,0x08D40A0C,0x08D4040C,.rodata,1,0,%
0x08D40978,38,0x08D40A10,0x08D40410,.rodata,1,0,&
0x08D40978,39,0x08D40A14,0x08D40414,.rodata,1,0,'
0x08D40978,40,0x08D40A18,0x08D40418,.rodata,1,0,(
0x08D40978,41,0x08D40A1C,0x08D4041C,.rodata,1,0,)
0x08D40978,42,0x08D40A20,0x08D40420,.rodata,1,0,*
0x08D40978,43,0x08D40A24,0x08D40424,.rodata,1,0,+
0x08D40978,44,0x08D40A28,0x08D40428,.rodata,1,0,","
0x08D40978,45,0x08D40A2C,0x08D4042C,.rodata,1,0,-
0x08D40978,46,0x08D40A30,0x08D40430,.rodata,1,0,.
0x08D40978,47,0x08D40A34,0x08D40434,.rodata,1,0,/
0x08D40978,48,0x08D40A38,0x08D40438,.rodata,1,0,0
0x08D40978,49,0x08D40A3C,0x08D4043C,.rodata,1,0,1
0x08D40978,50,0x08D40A40,0x08D40440,.rodata,1,0,2
0x08D40978,51,0x08D40A44,0x08D40444,.rodata,1,0,3
0x08D40978,52,0x08D40A48,0x08D40448,.rodata,1,0,4
0x08D40978,53,0x08D40A4C,0x08D4044C,.rodata,1,0,5
0x08D40978,54,0x08D40A50,0x08D40450,.rodata,1,0,6
0x08D40978,55,0x08D40A54,0x08D40454,.rodata,1,0,7
0x08D40978,56,0x08D40A58,0x08D40458,.rodata,1,0,8
0x08D40978,57,0x08D40A5C,0x08D4045C,.rodata,1,0,9
0x08D40978,58,0x08D40A60,0x08D40460,.rodata,1,0,:
0x08D40978,59,0x08D40A64,0x08D40464,.rodata,1,0,;
0x08D40978,60,0x08D40A68,0x08D40468,.rodata,1,0,<
0x08D40978,61,0x08D40A6C,0x08D4046C,.rodata,1,0,=
0x08D40978,62,0x08D40A70,0x08D40470,.rodata,1,0,>
0x08D40978,63,0x08D40A74,0x08D40474,.rodata,1,0,?
0x08D40978,64,0x08D40A78,0x08D40478,.rodata,1,0,@
0x08D40978,65,0x08D40A7C,0x08D4047C,.rodata,1,0,A
0x08D40978,66,0x08D40A80,0x08D40480,.rodata,1,0,B
0x08D40978,67,0x08D40A84,0x08D40484,.rodata,1,0,C
0x08D40978,68,0x08D40A88,0x08D40488,.rodata,1,0,D
0x08D40978,69,0x08D40A8C,0x08D4048C,.rodata,1,0,E
0x08D40978,70,0x08D40A90,0x08D40490,.rodata,1,0,F
0x08D40978,71,0x08D40A94,0x08D40494,.rodata,1,0,G
0x08D40978,72,0x08D40A98,0x08D40498,.rodata,1,0,H
0x08D40978,73,0x08D40A9C,0x08D4049C,.rodata,1,0,I
0x08D40978,74,0x08D40AA0,0x08D404A0,.rodata,1,0,J
0x08D40978,75,0x08D40AA4,0x08D404A4,.rodata,1,0,K
0x08D40978,76,0x08D40AA8,0x08D404A8,.rodata,1,0,L
0x08D40978,77,0x08D40AAC,0x08D404AC,.rodata,1,0,M
0x08D40978,78,0x08D40AB0,0x08D404B0,.rodata,1,0,N
0x08D40978,79,0x08D40AB4,0x08D404B4,.rodata,1,0,O
0x08D40978,80,0x08D40AB8,0x08D404B8,.rodata,1,0,P
0x08D40978,81,0x08D40ABC,0x08D404BC,.rodata,1,0,Q
0x08D40978,82,0x08D40AC0,0x08D404C0,.rodata,1,0,R
0x08D40978,83,0x08D40AC4,0x08D404C4,.rodata,1,0,S
0x08D40978,84,0x08D40AC8,0x08D404C8,.rodata,1,0,T
0x08D40978,85,0x08D40ACC,0x08D404CC,.rodata,1,0,U
0x08D40978,86,0x08D40AD0,0x08D404D0,.rodata,1,0,V
0x08D40978,87,0x08D40AD4,0x08D404D4,.rodata,1,0,W
0x08D40978,88,0x08D40AD8,0x08D404D8,.rodata,1,0,X
0x08D40978,89,0x08D40ADC,0x08D404DC,.rodata,1,0,Y
0x08D40978,90,0x08D40AE0,0x08D404E0,.rodata,1,0,Z
0x08D40978,91,0x08D40AE4,0x08D404E4,.rodata,1,0,[
0x08D40978,92,0x08D40AE8,0x08D404E8,.rodata,1,0,\
0x08D40978,93,0x08D40AEC,0x08D404EC,.rodata,1,0,]
0x08D40978,94,0x08D40AF0,0x08D404F0,.rodata,1,0,^
0x08D40978,95,0x08D40AF4,0x08D404F4,.rodata,1,0,_
0x08D40978,96,0x08D40AF8,0x08D404F8,.rodata,1,0,`
0x08D40978,97,0x08D40AFC,0x08D404FC,.rodata,1,0,a
0x08D40978,98,0x08D40B00,0x08D40500,.rodata,1,0,b
0x08D40978,99,0x08D40B04,0x08D40504,.rodata,1,0,c
0x08D40978,100,0x08D40B08,0x08D40508,.rodata,1,0,d
0x08D40978,101,0x08D40B0C,0x08D4050C,.rodata,1,0,e
0x08D40978,102,0x08D40B10,0x08D40510,.rodata,1,0,f
0x08D40978,103,0x08D40B14,0x08D40514,.rodata,1,0,g
0x08D40978,104,0x08D40B18,0x08D40518,.rodata,1,0,h
0x08D40978,105,0x08D40B1C,0x08D4051C,.rodata,1,0,i
0x08D40978,106,0x08D40B20,0x08D40520,.rodata,1,0,j
0x08D40978,107,0x08D40B24,0x08D40524,.rodata,1,0,k
0x08D40978,108,0x08D40B28,0x08D40528,.rodata,1,0,l
0x08D40978,109,0x08D40B2C,0x08D4052C,.rodata,1,0,m
0x08D40978,110,0x08D40B30,0x08D40530,.rodata,1,0,n
0x08D40978,111,0x08D40B34,0x08D40534,.rodata,1,0,o
0x08D40978,112,0x08D40B38,0x08D40538,.rodata,1,0,p
0x08D40978,113,0x08D40B3C,0x08D4053C,.rodata,1,0,q
0x08D40978,114,0x08D40B40,0x08D40540,.rodata,1,0,r
0x08D40978,115,0x08D40B44,0x08D40544,.rodata,1,0,s
0x08D40978,116,0x08D40B48,0x08D40548,.rodata,1,0,t
0x08D40978,117,0x08D40B4C,0x08D4054C,.rodata,1,0,u
0x08D40978,118,0x08D40B50,0x08D40550,.rodata,1,0,v
0x08D40978,119,0x08D40B54,0x08D40554,.rodata,1,0,w
0x08D40978,120,0x08D40B58,0x08D40558,.rodata,1,0,x
0x08D40978,121,0x08D40B5C,0x08D4055C,.rodata,1,0,y
0x08D40978,122,0x08D40B60,0x08D40560,.rodata,1,0,z
0x08D40978,123,0x08D40B64,0x08D40564,.rodata,1,0,{
0x08D40978,124,0x08D40B68,0x08D40568,.rodata,1,0,|
0x08D40978,125,0x08D40B6C,0x08D4056C,.rodata,1,0,}
0x08D40978,126,0x08D40B70,0x08D40570,.rodata,1,0,~
0x08D40978,127,0x08D40B74,0x08D40574,.rodata,2,0,^?
0x08D40978,128,0x08D40B78,0x08D40578,.rodata,4,0,0x80
0x08D40978,129,0x08D40B7C,0x08D40580,.rodata,4,0,0x81
0x08D40978,130,0x08D40B80,0x08D40588,.rodata,4,0,0x82
0x08D40978,131,0x08D40B84,0x08D40590,.rodata,4,0,0x83
0x08D40978,132,0x08D40B88,0x08D40598,.rodata,4,0,0x84
0x08D40978,133,0x08D40B8C,0x08D405A0,.rodata,4,0,0x85
0x08D40978,134,0x08D40B90,0x08D405A8,.rodata,4,0,0x86
0x08D40978,135,0x08D40B94,0x08D405B0,.rodata,4,0,0x87
0x08D40978,136,0x08D40B98,0x08D405B8,.rodata,4,0,0x88
0x08D40978,137,0x08D40B9C,0x08D405C0,.rodata,4,0,0x89
0x08D40978,138,0x08D40BA0,0x08D405C8,.rodata,4,0,0x8a
0x08D40978,139,0x08D40BA4,0x08D405D0,.rodata,4,0,0x8b
0x08D40978,140,0x08D40BA8,0x08D405D8,.rodata,4,0,0x8c
0x08D40978,141,0x08D40BAC,0x08D405E0,.rodata,4,0,0x8d
0x08D40978,142,0x08D40BB0,0x08D405E8,.rodata,4,0,0x8e
0x08D40978,143,0x08D40BB4,0x08D405F0,.rodata,4,0,0x8f
0x08D40978,144,0x08D40BB8,0x08D405F8,.rodata,4,0,0x90
0x08D40978,145,0x08D40BBC,0x08D40600,.rodata,4,0,0x91
0x08D40978,146,0x08D40BC0,0x08D40608,.rodata,4,0,0x92
0x08D40978,147,0x08D40BC4,0x08D40610,.rodata,4,0,0x93
0x08D40978,148,0x08D40BC8,0x08D40618,.rodata,4,0,0x94
0x08D40978,149,0x08D40BCC,0x08D40620,.rodata,4,0,0x95
0x08D40978,150,0x08D40BD0,0x08D40628,.rodata,4,0,0x96
0x08D40978,151,0x08D40BD4,0x08D40630,.rodata,4,0,0x97
0x08D40978,152,0x08D40BD8,0x08D40638,.rodata,4,0,0x98
0x08D40978,153,0x08D40BDC,0x08D40640,.rodata,4,0,0x99
0x08D40978,154,0x08D40BE0,0x08D40648,.rodata,4,0,0x9a
0x08D40978,155,0x08D40BE4,0x08D40650,.rodata,4,0,0x9b
0x08D40978,156,0x08D40BE8,0x08D40658,.rodata,4,0,0x9c
0x08D40978,157,0x08D40BEC,0x08D40660,.rodata,4,0,0x9d
0x08D40978,158,0x08D40BF0,0x08D40668,.rodata,4,0,0x9e
0x08D40978,159,0x08D40BF4,0x08D40670,.rodata,4,0,0x9f
0x08D40978,160,0x08D40BF8,0x08D40678,.rodata,4,0,0xa0
0x08D40978,161,0x08D40BFC,0x08D40680,.rodata,4,0,0xa1
0x08D40978,162,0x08D40C00,0x08D40688,.rodata,4,0,0xa2
0x08D40978,163,0x08D40C04,0x08D40690,.rodata,4,0,0xa3
0x08D40978,164,0x08D40C08,0x08D40698,.rodata,4,0,0xa4
0x08D40978,165,0x08D40C0C,0x08D406A0,.rodata,4,0,0xa5
0x08D40978,166,0x08D40C10,0x08D406A8,.rodata,4,0,0xa6
0x08D40978,167,0x08D40C14,0x08D406B0,.rodata,4,0,0xa7
0x08D40978,168,0x08D40C18,0x08D406B8,.rodata,4,0,0xa8
0x08D40978,169,0x08D40C1C,0x08D406C0,.rodata,4,0,0xa9
0x08D40978,170,0x08D40C20,0x08D406C8,.rodata,4,0,0xaa
0x08D40978,171,0x08D40C24,0x08D406D0,.rodata,4,0,0xab
0x08D40978,172,0x08D40C28,0x08D406D8,.rodata,4,0,0xac
0x08D40978,173,0x08D40C2C,0x08D406E0,.rodata,4,0,0xad
0x08D40978,174,0x08D40C30,0x08D406E8,.rodata,4,0,0xae
0x08D40978,175,0x08D40C34,0x08D406F0,.rodata,4,0,0xaf
0x08D40978,176,0x08D40C38,0x08D406F8,.rodata,4,0,0xb0
0x08D40978,177,0x08D40C3C,0x08D40700,.rodata,4,0,0xb1
0x08D40978,178,0x08D40C40,0x08D40708,.rodata,4,0,0xb2
0x08D40978,179,0x08D40C44,0x08D40710,.rodata,4,0,0xb3
0x08D40978,180,0x08D40C48,0x08D40718,.rodata,4,0,0xb4
0x08D40978,181,0x08D40C4C,0x08D40720,.rodata,4,0,0xb5
0x08D40978,182,0x08D40C50,0x08D40728,.rodata,4,0,0xb6
0x08D40978,183,0x08D40C54,0x08D40730,.rodata,4,0,0xb7
0x08D40978,184,0x08D40C58,0x08D40738,.rodata,4,0,0xb8
0x08D40978,185,0x08D40C5C,0x08D40740,.rodata,4,0,0xb9
0x08D40978,186,0x08D40C60,0x08D40748,.rodata,4,0,0xba
0x08D40978,187,0x08D40C64,0x08D40750,.rodata,4,0,0xbb
0x08D40978,188,0x08D40C68,0x08D40758,.rodata,4,0,0xbc
0x08D40978,189,0x08D40C6C,0x08D40760,.rodata,4,0,0xbd
0x08D40978,190,0x08D40C70,0x08D40768,.rodata,4,0,0xbe
0x08D40978,191,0x08D40C74,0x08D40770,.rodata,4,0,0xbf
0x08D40978,192,0x08D40C78,0x08D40778,.rodata,4,0,0xc0
0x08D40978,193,0x08D40C7C,0x08D40780,.rodata,4,0,0xc1
0x08D40978,194,0x08D40C80,0x08D40788,.rodata,4,0,0xc2
0x08D40978,195,0x08D40C84,0x08D40790,.rodata,4,0,0xc3
0x08D40978,196,0x08D40C88,0x08D40798,.rodata,4,0,0xc4
0x08D40978,197,0x08D40C8C,0x08D407A0,.rodata,4,0,0xc5
0x08D40978,198,0x08D40C90,0x08D407A8,.rodata,4,0,0xc6
0x08D40978,199,0x08D40C94,0x08D407B0,.rodata,4,0,0xc7
0x08D40978,200,0x08D40C98,0x08D407B8,.rodata,4,0,0xc8
0x08D40978,201,0x08D40C9C,0x08D407C0,.rodata,4,0,0xc9
0x08D40978,202,0x08D40CA0,0x08D407C8,.rodata,4,0,0xca
0x08D40978,203,0x08D40CA4,0x08D407D0,.rodata,4,0,0xcb
0x08D40978,204,0x08D40CA8,0x08D407D8,.rodata,4,0,0xcc
0x08D40978,205,0x08D40CAC,0x08D407E0,.rodata,4,0,0xcd
0x08D40978,206,0x08D40CB0,0x08D407E8,.rodata,4,0,0xce
0x08D40978,207,0x08D40CB4,0x08D407F0,.rodata,4,0,0xcf
0x08D40978,208,0x08D40CB8,0x08D407F8,.rodata,4,0,0xd0
0x08D40978,209,0x08D40CBC,0x08D40800,.rodata,4,0,0xd1
0x08D40978,210,0x08D40CC0,0x08D40808,.rodata,4,0,0xd2
0x08D40978,211,0x08D40CC4,0x08D40810,.rodata,4,0,0xd3
0x08D40978,212,0x08D40CC8,0x08D40818,.rodata,4,0,0xd4
0x08D40978,213,0x08D40CCC,0x08D40820,.rodata,4,0,0xd5
0x08D40978,214,0x08D40CD0,0x08D40828,.rodata,4,0,0xd6
0x08D40978,215,0x08D40CD4,0x08D40830,.rodata,4,0,0xd7
0x08D40978,216,0x08D40CD8,0x08D40838,.rodata,4,0,0xd8
0x08D40978,217,0x08D40CDC,0x08D40840,.rodata,4,0,0xd9
0x08D40978,218,0x08D40CE0,0x08D40848,.rodata,4,0,0xda
0x08D40978,219,0x08D40CE4,0x08D40850,.rodata,4,0,0xdb
0x08D40978,220,0x08D40CE8,0x08D40858,.rodata,4,0,0xdc
0x08D40978,221,0x08D40CEC,0x08D40860,.rodata,4,0,0xdd
0x08D40978,222,0x08D40CF0,0x08D40868,.rodata,4,0,0xde
0x08D40978,223,0x08D40CF4,0x08D40870,.rodata,4,0,0xdf
0x08D40978,224,0x08D40CF8,0x08D40878,.rodata,4,0,0xe0
0x08D40978,225,0x08D40CFC,0x08D40880,.rodata,4,0,0xe1
0x08D40978,226,0x08D40D00,0x08D40888,.rodata,4,0,0xe2
0x08D40978,227,0x08D40D04,0x08D40890,.rodata,4,0,0xe3
0x08D40978,228,0x08D40D08,0x08D40898,.rodata,4,0,0xe4
0x08D40978,229,0x08D40D0C,0x08D408A0,.rodata,4,0,0xe5
0x08D40978,230,0x08D40D10,0x08D408A8,.rodata,4,0,0xe6
0x08D40978,231,0x08D40D14,0x08D408B0,.rodata,4,0,0xe7
0x08D40978,232,0x08D40D18,0x08D408B8,.rodata,4,0,0xe8
0x08D40978,233,0x08D40D1C,0x08D408C0,.rodata,4,0,0xe9
0x08D40978,234,0x08D40D20,0x08D408C8,.rodata,4,0,0xea
0x08D40978,235,0x08D40D24,0x08D408D0,.rodata,4,0,0xeb
0x08D40978,236,0x08D40D28,0x08D408D8,.rodata,4,0,0xec
0x08D40978,237,0x08D40D2C,0x08D408E0,.rodata,4,0,0xed
0x08D40978,238,0x08D40D30,0x08D408E8,.rodata,4,0,0xee
0x08D40978,239,0x08D40D34,0x08D408F0,.rodata,4,0,0xef
0x08D40978,240,0x08D40D38,0x08D408F8,.rodata,4,0,0xf0
0x08D40978,241,0x08D40D3C,0x08D40900,.rodata,4,0,0xf1
0x08D40978,242,0x08D40D40,0x08D40908,.rodata,4,0,0xf2
0x08D40978,243,0x08D40D44,0x08D40910,.rodata,4,0,0xf3
0x08D40978,244,0x08D40D48,0x08D40918,.rodata,4,0,0xf4
0x08D40978,245,0x08D40D4C,0x08D40920,.rodata,4,0,0xf5
0x08D40978,246,0x08D40D50,0x08D40928,.rodata,4,0,0xf6
0x08D40978,247,0x08D40D54,0x08D40930,.rodata,4,0,0xf7
0x08D40978,248,0x08D40D58,0x08D40938,.rodata,4,0,0xf8
0x08D40978,249,0x08D40D5C,0x08D40940,.rodata,4,0,0xf9
0x08D40978,250,0x08D40D60,0x08D40948,.rodata,4,0,0xfa
0x08D40978,251,0x08D40D64,0x08D40950,.rodata,4,0,0xfb
0x08D40978,252,0x08D40D68,0x08D40958,.rodata,4,0,0xfc
0x08D40978,253,0x08D40D6C,0x08D40960,.rodata,4,0,0xfd
0x08D40978,254,0x08D40D70,0x08D40968,.rodata,4,0,0xfe
0x08D40978,255,0x08D40D74,0x08D40970,.rodata,4,0,0xff
