bloco,va_ponteiro,va_string,bytes_jp,traducao,id,original
head_equip,0x08C69028,0x08C64AF0,12,Leather Helm,head_equip#0,レザーヘルム
head_equip,0x08C6902C,0x08C64AF0,12,Leather Helm,head_equip#0,レザーヘルム
head_equip,0x08C69030,0x08C64B00,8,A helm made of leather.,head_equip#1,革製の兜
head_equip,0x08C6905C,0x08C64B0C,20,Nebula Ornament,head_equip#2,ネビュラオーナメント
head_equip,0x08C69060,0x08C64B0C,20,Nebula Ornament,head_equip#2,ネビュラオーナメント
head_equip,0x08C69064,0x08C64B24,24,A forehead ornament praised as nebula-class.,head_equip#3,星雲級と称えられた額飾り
head_equip,0x08C69090,0x08C64B40,16,Brahmi Helm,head_equip#4,ブラフミーヘルム
head_equip,0x08C69094,0x08C64B40,16,Brahmi Helm,head_equip#4,ブラフミーヘルム
head_equip,0x08C69098,0x08C64B54,28,A helm bearing the name of the sacred herb Brahmi.,head_equip#5,霊草ブラフミーの名を冠する兜
head_equip,0x08C690C4,0x08C64B74,12,Bikini Helm,head_equip#6,ビキニヘルム
head_equip,0x08C690C8,0x08C64B74,12,Bikini Helm,head_equip#6,ビキニヘルム
head_equip,0x08C690CC,0x08C64B84,38,A helm designed to reduce embarrassment by hiding the face.,head_equip#7,顔を隠す事で恥ずかしさを軽減する為の兜
head_equip,0x08C690F8,0x08C64BAC,14,Infantry Jaeger Helm,head_equip#8,歩兵隊猟兵の兜
head_equip,0x08C690FC,0x08C64BBC,28,Infantry Jaeger Helm,head_equip#9,ホヘイタイリョウヘイノカブト
head_equip,0x08C69100,0x08C64BDC,24,A helm issued to infantry jaegers.,head_equip#10,歩兵隊猟兵に支給される兜
head_equip,0x08C6912C,0x08C64BF8,14,Iron Helm,head_equip#11,アイアンヘルム
head_equip,0x08C69130,0x08C64BF8,14,Iron Helm,head_equip#11,アイアンヘルム
head_equip,0x08C69134,0x08C64C08,8,A helm made of iron.,head_equip#12,鉄製の兜
head_equip,0x08C69160,0x08C64C14,14,Trunk Helm,head_equip#13,トランクヘルム
head_equip,0x08C69164,0x08C64C14,14,Trunk Helm,head_equip#13,トランクヘルム
head_equip,0x08C69168,0x08C64C24,26,A helm decorated with small metal plates.,head_equip#14,小さな金属板をあしらった兜
head_equip,0x08C69194,0x08C64C40,12,Lone Wolf Forehead Guard,head_equip#15,孤狼の額当て
head_equip,0x08C69198,0x08C64C50,16,Lone Wolf Forehead Guard,head_equip#16,コロウノヌカアテ
head_equip,0x08C6919C,0x08C64C64,36,A forehead guard said to be worn by lone wolf warriors.,head_equip#17,一匹狼の戦士が身に着けるという額当て
head_equip,0x08C691C8,0x08C64C8C,8,Little Dragon Helm,head_equip#18,小龍の兜
head_equip,0x08C691CC,0x08C64C98,20,Little Dragon Helm,head_equip#19,ショウリュウノカブト
head_equip,0x08C691D0,0x08C64CB0,26,A helm said to house the soul of a little dragon.,head_equip#20,小龍の魂が宿るといわれる兜
head_equip,0x08C691FC,0x08C64CCC,20,Gladiator Helm,head_equip#21,グラディエータヘルム
head_equip,0x08C69200,0x08C64CCC,20,Gladiator Helm,head_equip#21,グラディエータヘルム
head_equip,0x08C69204,0x08C64CE4,20,A helm worn by gladiators.,head_equip#22,剣闘士が身に着ける兜
head_equip,0x08C69230,0x08C64CFC,16,Field Headgear,head_equip#23,フィールドヘッド
head_equip,0x08C69234,0x08C64CFC,16,Field Headgear,head_equip#23,フィールドヘッド
head_equip,0x08C69238,0x08C64D10,26,Headgear designed with an emphasis on mobility.,head_equip#24,動きやすさ重視の頭部用防具
head_equip,0x08C69264,0x08C64D2C,12,Ashigaru General Helm,head_equip#25,足軽大将の兜
head_equip,0x08C69268,0x08C64D3C,26,Ashigaru General Helm,head_equip#26,アシガルタイショウノカブト
head_equip,0x08C6926C,0x08C64D58,26,A helm once worn by soldiers of the east.,head_equip#27,東方の兵士が着用していた兜
head_equip,0x08C69298,0x08C64D74,14,Chief Cap,head_equip#28,チーフキャップ
head_equip,0x08C6929C,0x08C64D74,14,Chief Cap,head_equip#28,チーフキャップ
head_equip,0x08C692A0,0x08C64D84,14,A cap for non-commissioned officers.,head_equip#29,下士官用の帽子
head_equip,0x08C692CC,0x08C64D94,14,Onmitsu Mask,head_equip#30,オンミツマスク
head_equip,0x08C692D0,0x08C64D94,14,Onmitsu Mask,head_equip#30,オンミツマスク
head_equip,0x08C692D4,0x08C64DA4,24,A mask once worn by undercover agents.,head_equip#31,隠密が着用していたマスク
head_equip,0x08C69300,0x08C64DC0,14,Gothic Helm,head_equip#32,ゴシックヘルム
head_equip,0x08C69304,0x08C64DC0,14,Gothic Helm,head_equip#32,ゴシックヘルム
head_equip,0x08C69308,0x08C64DD0,32,The headpiece of a full plate armor made with ancient techniques.,head_equip#33,古式の製法で作られた全身鎧の頭部
head_equip,0x08C69334,0x08C64DF4,18,Germain Helm,head_equip#34,ジャーメインヘルム
head_equip,0x08C69338,0x08C64DF4,18,Germain Helm,head_equip#34,ジャーメインヘルム
head_equip,0x08C6933C,0x08C64E08,46,A helm worn by those who swear justice to the ancient saint Germain.,head_equip#35,古の聖人ジャーメインに正義を誓う者が着用する兜
head_equip,0x08C69368,0x08C64E38,12,Musha Helm,head_equip#36,ムシャヘルム
head_equip,0x08C6936C,0x08C64E38,12,Musha Helm,head_equip#36,ムシャヘルム
head_equip,0x08C69370,0x08C64E48,22,A helm reminiscent of an armored samurai warrior.,head_equip#37,鎧武者を彷彿とさせる兜
head_equip,0x08C6939C,0x08C64E60,12,Knight Helm,head_equip#38,ナイトヘルム
head_equip,0x08C693A0,0x08C64E60,12,Knight Helm,head_equip#38,ナイトヘルム
head_equip,0x08C693A4,0x08C64E70,34,A helm granted to those who hold the title of Knight.,head_equip#39,ナイトの称号を持つ者に与えられる兜
head_equip,0x08C693D0,0x08C64E94,12,Nahla Helm,head_equip#40,ナハラヘルム
head_equip,0x08C693D4,0x08C64E94,12,Nahla Helm,head_equip#40,ナハラヘルム
head_equip,0x08C693D8,0x08C64EA4,34,A helm meaning bee in the magical land of the Arabian Nights.,head_equip#41,千夜一夜の魔法の国で蜂を意味する兜
head_equip,0x08C69404,0x08C64EC8,16,Ganesha Helm,head_equip#42,ガネーシャヘルム
head_equip,0x08C69408,0x08C64EC8,16,Ganesha Helm,head_equip#42,ガネーシャヘルム
head_equip,0x08C6940C,0x08C64EDC,28,A helm bearing the name of the beast god Ganesha.,head_equip#43,獣神ガネーシャの名を冠する兜
head_equip,0x08C69438,0x08C64EFC,14,Knight Order Headdress,head_equip#44,騎士団の頭飾り
head_equip,0x08C6943C,0x08C64F0C,22,Knight Order Headdress,head_equip#45,キシダンノアタマカザリ
head_equip,0x08C69440,0x08C64F24,26,A headdress serving as proof of membership in the knight order.,head_equip#46,騎士団所属の証となる頭飾り
head_equip,0x08C6946C,0x08C64F40,12,Cross Helm,head_equip#47,クロスヘルム
head_equip,0x08C69470,0x08C64F40,12,Cross Helm,head_equip#47,クロスヘルム
head_equip,0x08C69474,0x08C64F50,24,A helm brimming with heavy weight and solid defense.,head_equip#48,堅い守りと重量感溢れる兜
head_equip,0x08C694A0,0x08C64F6C,12,Bone Helm,head_equip#49,ボーンヘルム
head_equip,0x08C694A4,0x08C64F6C,12,Bone Helm,head_equip#49,ボーンヘルム
head_equip,0x08C694A8,0x08C64F7C,22,The headpiece of armor with an eerie motif.,head_equip#50,不気味な意匠の鎧の頭部
head_equip,0x08C694D4,0x08C64F94,14,Great Headgear,head_equip#51,グレートヘッド
head_equip,0x08C694D8,0x08C64F94,14,Great Headgear,head_equip#51,グレートヘッド
head_equip,0x08C694DC,0x08C64FA4,22,A helm with exceptional defense and an intimidating presence.,head_equip#52,抜群の防御と威圧感の兜
head_equip,0x08C69508,0x08C64FBC,16,Astaroth Horns,head_equip#53,アスタロトホーン
head_equip,0x08C6950C,0x08C64FBC,16,Astaroth Horns,head_equip#53,アスタロトホーン
head_equip,0x08C69510,0x08C64FD0,42,"Horns blessed by Astaroth, Grand Duke of the Demon Realm.",head_equip#54,魔界の大公爵アスタロトの福音を受けたホーン
head_equip,0x08C6953C,0x08C64FFC,22,Novice Mercenary Headband,head_equip#55,新米傭兵のヘッドバンド
head_equip,0x08C69540,0x08C65014,30,Novice Mercenary Headband,head_equip#56,シンマイヨウヘイノヘッドバンド
head_equip,0x08C69544,0x08C65034,30,A headband worn by novice mercenaries.,head_equip#57,新米傭兵が着用するヘッドバンド
head_equip,0x08C69570,0x08C65054,14,Quilted Cap,head_equip#58,キルトキャップ
head_equip,0x08C69574,0x08C65054,14,Quilted Cap,head_equip#58,キルトキャップ
head_equip,0x08C69578,0x08C65064,22,A cap crafted with abundant heavy cloth.,head_equip#59,厚手の布を多用した帽子
head_equip,0x08C695A4,0x08C6507C,18,Falcon Feather,head_equip#60,ファルコンフェザー
head_equip,0x08C695A8,0x08C6507C,18,Falcon Feather,head_equip#60,ファルコンフェザー
head_equip,0x08C695AC,0x08C65090,48,"A headdress blessed by Falcon, guardian deity of a certain tribe.",head_equip#61,とある民族の守り神ファルコンの加護を受けた頭飾り
head_equip,0x08C695D8,0x08C650C4,22,Steer Wrestler Hat,head_equip#62,スティアレスラーハット
head_equip,0x08C695DC,0x08C650C4,22,Steer Wrestler Hat,head_equip#62,スティアレスラーハット
head_equip,0x08C695E0,0x08C650DC,30,A hat worn by those who chase fleeing cattle.,head_equip#63,逃げる牛を追う者が着用する帽子
head_equip,0x08C6960C,0x08C650FC,8,Wondrous Light Hachigane,head_equip#64,妙光鉢金
head_equip,0x08C69610,0x08C65108,18,Wondrous Light Hachigane,head_equip#65,ミョウコウハチガネ
head_equip,0x08C69614,0x08C6511C,20,A forehead protector filled with wondrous light.,head_equip#66,妙なる光を湛えた鉢金
head_equip,0x08C69640,0x08C65134,14,Ascetic Monk Forehead Guard,head_equip#67,修行僧の額当て
head_equip,0x08C69644,0x08C65144,24,Ascetic Monk Forehead Guard,head_equip#68,シュギョウソウノヌカアテ
head_equip,0x08C69648,0x08C65160,32,A forehead guard worn by an ascetic monk dedicated to training.,head_equip#69,修行に励む修行僧が着用する額当て
head_equip,0x08C69674,0x08C65184,18,Survival Goggles,head_equip#70,サバイバルゴーグル
head_equip,0x08C69678,0x08C65184,18,Survival Goggles,head_equip#70,サバイバルゴーグル
head_equip,0x08C6967C,0x08C65198,30,Goggles suitable for survival activities.,head_equip#71,サバイバル活動に適したゴーグル
head_equip,0x08C696A8,0x08C651B8,10,Soldier Cap,head_equip#72,兵士の帽子
head_equip,0x08C696AC,0x08C651C4,14,Soldier Cap,head_equip#73,ヘイシノボウシ
head_equip,0x08C696B0,0x08C651D4,28,A cap worn by soldiers while on patrol duty.,head_equip#74,兵士が巡回警備で着用する帽子
head_equip,0x08C696DC,0x08C651F4,14,Gunner Band,head_equip#75,ガンナーバンド
head_equip,0x08C696E0,0x08C651F4,14,Gunner Band,head_equip#75,ガンナーバンド
head_equip,0x08C696E4,0x08C65204,30,A band worn by wandering gunslingers.,head_equip#76,流浪のガンマンが着用するバンド
head_equip,0x08C69710,0x08C65224,12,Ascetic Monk Hood,head_equip#77,修行僧の頭巾
head_equip,0x08C69714,0x08C65234,22,Ascetic Monk Hood,head_equip#78,シュギョウソウノズキン
head_equip,0x08C69718,0x08C6524C,22,A hood worn by an ascetic monk undertaking harsh austerities.,head_equip#79,荒行に挑む修行僧の頭巾
head_equip,0x08C69744,0x08C65264,16,Captain Hat,head_equip#80,キャプテンハット
head_equip,0x08C69748,0x08C65264,16,Captain Hat,head_equip#80,キャプテンハット
head_equip,0x08C6974C,0x08C65278,18,A hat worn by ship captains.,head_equip#81,船長が着用する帽子
head_equip,0x08C69778,0x08C6528C,16,Tsuchigumo Slayer Headband,head_equip#82,土蜘蛛討ちの鉢巻
head_equip,0x08C6977C,0x08C652A0,22,Tsuchigumo Slayer Headband,head_equip#83,ツチグモウチノハチマキ
head_equip,0x08C69780,0x08C652B8,38,A headband worn by those who subjugate the monstrous Tsuchigumo.,head_equip#84,物の怪土蜘蛛を討伐する者が着用する鉢巻
head_equip,0x08C697AC,0x08C652E0,16,Misty Turban,head_equip#85,ミスティターバン
head_equip,0x08C697B0,0x08C652E0,16,Misty Turban,head_equip#85,ミスティターバン
head_equip,0x08C697B4,0x08C652F4,28,A turban worn by warriors from foreign lands.,head_equip#86,異国の戦士が着用するターバン
head_equip,0x08C697E0,0x08C65314,22,Spider Ornament,head_equip#87,スパイダーオーナメント
head_equip,0x08C697E4,0x08C65314,22,Spider Ornament,head_equip#87,スパイダーオーナメント
head_equip,0x08C697E8,0x08C6532C,48,An ornament blessed through prayer by the shaman Yellow Spider.,head_equip#88,呪術師イエロー・スパイダーが祈祷したオーナメント
head_equip,0x08C69814,0x08C65360,18,Hitman Eyepatch,head_equip#89,殺し屋のアイパッチ
head_equip,0x08C69818,0x08C65374,20,Hitman Eyepatch,head_equip#90,コロシヤノアイパッチ
head_equip,0x08C6981C,0x08C6538C,34,An eyepatch worn by freelance hitmen.,head_equip#91,フリーの殺し屋が着用するアイパッチ
head_equip,0x08C69848,0x08C653B0,12,Kung Fu Hair Ornament,head_equip#92,功夫の髪飾り
head_equip,0x08C6984C,0x08C653C0,20,Kung Fu Hair Ornament,head_equip#93,クンフウノカミカザリ
head_equip,0x08C69850,0x08C653D8,36,A hair ornament worn by newly initiated kung fu practitioners.,head_equip#94,入門したての功夫使いが着用する髪飾り
head_equip,0x08C6987C,0x08C65400,16,Dog Trainer Forehead Guard,head_equip#95,犬調教師の額当て
head_equip,0x08C69880,0x08C65414,28,Dog Trainer Forehead Guard,head_equip#96,イヌチョウキョウシノヌカアテ
head_equip,0x08C69884,0x08C65434,38,A forehead guard worn by those who train dogs for a living.,head_equip#97,犬の調教を生業とする者が着用する額当て
head_equip,0x08C698B0,0x08C6545C,10,Scholar Hat,head_equip#98,学士の帽子
head_equip,0x08C698B4,0x08C65468,14,Scholar Hat,head_equip#99,ガクシノボウシ
head_equip,0x08C698B8,0x08C65478,28,A hat prescribed by school regulations for scholars.,head_equip#100,校則に定められた学士用の帽子
head_equip,0x08C698E4,0x08C65498,12,Calm Dance Forehead Guard,head_equip#101,平舞の額当て
head_equip,0x08C698E8,0x08C654A8,18,Calm Dance Forehead Guard,head_equip#102,ヒラマイノヌカアテ
head_equip,0x08C698EC,0x08C654BC,36,A forehead guard worn by dancers performing calm ritual dances before the gods.,head_equip#103,神前儀式で静穏な動きで舞う者の額当て
head_equip,0x08C69918,0x08C654E4,12,Suzaku Hair Ornament,head_equip#104,朱雀の髪飾り
head_equip,0x08C6991C,0x08C654F4,18,Suzaku Hair Ornament,head_equip#105,スザクノカミカザリ
head_equip,0x08C69920,0x08C65508,38,A light hair ornament reminiscent of a soaring Suzaku.,head_equip#106,飛翔する朱雀を彷彿させる軽やかな髪飾り
head_equip,0x08C6994C,0x08C65530,14,Novice Forehead Guard,head_equip#107,新参者の額当て
head_equip,0x08C69950,0x08C65540,22,Novice Forehead Guard,head_equip#108,シンザンシャノヌカアテ
head_equip,0x08C69954,0x08C65558,28,A forehead guard worn by novice spellcasters.,head_equip#109,新参者の術士が着用する額当て
head_equip,0x08C69980,0x08C65578,12,Adept Hat,head_equip#110,小達人の帽子
head_equip,0x08C69984,0x08C65588,22,Adept Hat,head_equip#111,ショウタツジンノボウシ
head_equip,0x08C69988,0x08C655A0,38,A hat awarded to the Adept rank in a magical society.,head_equip#112,魔術結社で小達人の階位に与えられる帽子
head_equip,0x08C699B4,0x08C655C8,16,Indigo Hat,head_equip#113,インディゴハット
head_equip,0x08C699B8,0x08C655C8,16,Indigo Hat,head_equip#113,インディゴハット
head_equip,0x08C699BC,0x08C655DC,10,An indigo-dyed hat.,head_equip#114,藍染の帽子
head_equip,0x08C699E8,0x08C655E8,12,Rave Headgear,head_equip#115,レイヴヘッド
head_equip,0x08C699EC,0x08C655E8,12,Rave Headgear,head_equip#115,レイヴヘッド
head_equip,0x08C699F0,0x08C655F8,38,A headdress worn by those who dance seeking the liberation of the soul.,head_equip#116,魂の開放を求めて踊る者が着用する頭飾り
head_equip,0x08C69A1C,0x08C65620,18,Major Dress Cap Type 2,head_equip#117,軍少佐第二種礼装帽
head_equip,0x08C69A20,0x08C65634,34,Major Dress Cap Type 2,head_equip#118,グンショウサダイニシュレイソウボウ
head_equip,0x08C69A24,0x08C65658,42,A Type 2 dress cap worn by those holding the rank of Major.,head_equip#119,少佐の階級の者が着用する第二種礼装用の帽子
head_equip,0x08C69A50,0x08C65684,14,Helper Hat,head_equip#120,ヘルパーハット
head_equip,0x08C69A54,0x08C65684,14,Helper Hat,head_equip#120,ヘルパーハット
head_equip,0x08C69A58,0x08C65694,28,A hat worn by helpers and maids.,head_equip#121,お手伝いさんが着用するハット
head_equip,0x08C69A84,0x08C656B4,10,Castle Guard Cap,head_equip#122,衛士の帽子
head_equip,0x08C69A88,0x08C656C0,14,Castle Guard Cap,head_equip#123,エイシノボウシ
head_equip,0x08C69A8C,0x08C656D0,26,A cap worn by spellcasters who serve as castle guards.,head_equip#124,城の衛士となった術者の帽子
head_equip,0x08C69AB8,0x08C656EC,12,Tactician Headdress,head_equip#125,策士の頭飾り
head_equip,0x08C69ABC,0x08C656FC,20,Tactician Headdress,head_equip#126,サクシノアタマカザリ
head_equip,0x08C69AC0,0x08C65714,26,A headdress favored by clever tacticians.,head_equip#127,策士が好んで着用する頭飾り
head_equip,0x08C69AEC,0x08C65730,18,Fortune Hat,head_equip#128,フォーチュンハット
head_equip,0x08C69AF0,0x08C65730,18,Fortune Hat,head_equip#128,フォーチュンハット
head_equip,0x08C69AF4,0x08C65744,20,A hat for those who seek good fortune.,head_equip#129,幸運を求めし者の帽子
head_equip,0x08C69B20,0x08C6575C,16,Respect Hat,head_equip#130,リスペクトハット
head_equip,0x08C69B24,0x08C6575C,16,Respect Hat,head_equip#130,リスペクトハット
head_equip,0x08C69B28,0x08C65770,28,A hat for a spellcaster who commands widespread respect.,head_equip#131,尊敬を一身に集める術士の帽子
head_equip,0x08C69B54,0x08C65790,14,Aria Cap,head_equip#132,アリアキャップ
head_equip,0x08C69B58,0x08C65790,14,Aria Cap,head_equip#132,アリアキャップ
head_equip,0x08C69B5C,0x08C657A0,16,A cap made for incanters.,head_equip#133,詠唱者の為の帽子
head_equip,0x08C69B88,0x08C657B4,14,Excommunicated Headdress,head_equip#134,破門者の頭飾り
head_equip,0x08C69B8C,0x08C657C4,24,Excommunicated Headdress,head_equip#135,ハモンモノノアタマカザリ
head_equip,0x08C69B90,0x08C657E0,30,A headdress worn by a spellcaster excommunicated for breaking the rules.,head_equip#136,掟を破り破門された術士の頭飾り
head_equip,0x08C69BBC,0x08C65800,16,Magical Cap,head_equip#137,マジカルキャップ
head_equip,0x08C69BC0,0x08C65800,16,Magical Cap,head_equip#137,マジカルキャップ
head_equip,0x08C69BC4,0x08C65814,34,A cute cap imbued with mysterious magical power.,head_equip#138,不思議な魔力が込められた可愛い帽子
head_equip,0x08C69BF0,0x08C65838,14,Arion Hat,head_equip#139,アリオンの帽子
head_equip,0x08C69BF4,0x08C65848,16,Arion Hat,head_equip#140,アリオンノボウシ
head_equip,0x08C69BF8,0x08C6585C,34,A hat infused with vibrations from the cosmic being Arion.,head_equip#141,宇宙存在アリオンの波動を受けた帽子
head_equip,0x08C69C24,0x08C65880,14,Ihasaku Hat,head_equip#142,イハサクの帽子
head_equip,0x08C69C28,0x08C65890,16,Ihasaku Hat,head_equip#143,イハサクノボウシ
head_equip,0x08C69C2C,0x08C658A4,36,"A hat blessed by Ihasaku, a secret eastern god.",head_equip#144,東方の秘神イハサクの加護を受けた帽子
head_equip,0x08C69C58,0x08C658CC,14,Shaman Headdress,head_equip#145,祈祷師の頭飾り
head_equip,0x08C69C5C,0x08C658DC,22,Shaman Headdress,head_equip#146,キトウシノアタマカザリ
head_equip,0x08C69C60,0x08C658F4,22,A headdress crafted specifically for prayer rituals.,head_equip#147,祈祷用に作られた頭飾り
head_equip,0x08C69C8C,0x08C6590C,14,Media Hat,head_equip#148,メディアハット
head_equip,0x08C69C90,0x08C6590C,14,Media Hat,head_equip#148,メディアハット
head_equip,0x08C69C94,0x08C6591C,30,A hat for worshippers of the ancient moon goddess.,head_equip#149,古き月の女神を信仰する者の帽子
head_equip,0x08C69CC0,0x08C6593C,16,Pilgrim Hat,head_equip#150,ピルグリムハット
head_equip,0x08C69CC4,0x08C6593C,16,Pilgrim Hat,head_equip#150,ピルグリムハット
head_equip,0x08C69CC8,0x08C65950,28,A hat worn by pilgrims from foreign lands.,head_equip#151,異国の巡礼者が身に着ける帽子
head_equip,0x08C69CF4,0x08C65970,12,Court Noble Eboshi,head_equip#152,公家の烏帽子
head_equip,0x08C69CF8,0x08C65980,12,Court Noble Eboshi,head_equip#153,クゲノエボシ
head_equip,0x08C69CFC,0x08C65990,24,A hat worn by aristocrats of the east.,head_equip#154,東方の貴族が着用する帽子
head_equip,0x08C69D28,0x08C659AC,20,Consigliere Hat,head_equip#155,コンシリエーレハット
head_equip,0x08C69D2C,0x08C659AC,20,Consigliere Hat,head_equip#155,コンシリエーレハット
head_equip,0x08C69D30,0x08C659C4,34,A hat worn by advisors and consiglieri of the mafia.,head_equip#156,マフィアの相談役顧問が着用する帽子
head_equip,0x08C69D5C,0x08C659E8,12,Swan Feather Ornament,head_equip#157,白鳥の羽飾り
head_equip,0x08C69D60,0x08C659F8,22,Swan Feather Ornament,head_equip#158,ハクチョウノハネカザリ
head_equip,0x08C69D64,0x08C65A10,34,An accessory crafted using swan feathers as material.,head_equip#159,白鳥の羽根を素材にしたアクセサリー
head_equip,0x08C69D90,0x08C65A34,16,Blink Cap,head_equip#160,ブリンクキャップ
head_equip,0x08C69D94,0x08C65A34,16,Blink Cap,head_equip#160,ブリンクキャップ
head_equip,0x08C69D98,0x08C65A48,26,A cap designed in the image of glittering stars.,head_equip#161,煌めく星をイメージした帽子
head_equip,0x08C69DC4,0x08C65A64,18,Ancient Hat,head_equip#162,エンシェントハット
head_equip,0x08C69DC8,0x08C65A64,18,Ancient Hat,head_equip#162,エンシェントハット
head_equip,0x08C69DCC,0x08C65A78,26,A hat crafted using antique methods.,head_equip#163,古くさい製法で作られた帽子
head_equip,0x08C69DF8,0x08C65A94,20,Nightbreed Mask,head_equip#164,ナイトブリードマスク
head_equip,0x08C69DFC,0x08C65A94,20,Nightbreed Mask,head_equip#164,ナイトブリードマスク
head_equip,0x08C69E00,0x08C65AAC,24,A mask worn by creatures of darkness.,head_equip#165,闇の眷属が着用するマスク
head_equip,0x08C69E2C,0x08C65AC8,12,Shell Earrings,head_equip#166,シェルピアス
head_equip,0x08C69E30,0x08C65AC8,12,Shell Earrings,head_equip#166,シェルピアス
head_equip,0x08C69E34,0x08C65AD8,26,An accessory crafted from seashells.,head_equip#167,貝殻で作られたアクセサリー
head_equip,0x08C69E60,0x08C65AF4,18,Hard Leather Helm,head_equip#168,ハードレザーヘルム
head_equip,0x08C69E64,0x08C65AF4,18,Hard Leather Helm,head_equip#168,ハードレザーヘルム
head_equip,0x08C69E68,0x08C65B08,20,"A helm made of thick, heavy leather.",head_equip#169,厚手の革で作られた兜
head_equip,0x08C69E94,0x08C65B20,24,Galaxy Ornament,head_equip#170,ギャラクシーオーナメント
head_equip,0x08C69E98,0x08C65B20,24,Galaxy Ornament,head_equip#170,ギャラクシーオーナメント
head_equip,0x08C69E9C,0x08C65B3C,24,A forehead ornament praised as galaxy-class.,head_equip#171,銀河級と称えられた額飾り
head_equip,0x08C69EC8,0x08C65B58,16,Galhina Helm,head_equip#172,ガルヒーナヘルム
head_equip,0x08C69ECC,0x08C65B58,16,Galhina Helm,head_equip#172,ガルヒーナヘルム
head_equip,0x08C69ED0,0x08C65B6C,28,A helm bearing the name of the sacred herb Galhina.,head_equip#173,霊草ガルヒーナの名を冠する兜
head_equip,0x08C69EFC,0x08C65B8C,16,Naked Helm,head_equip#174,ネイキッドヘルム
head_equip,0x08C69F00,0x08C65B8C,16,Naked Helm,head_equip#174,ネイキッドヘルム
head_equip,0x08C69F04,0x08C65BA0,30,Never showing one's face is the principle of this gear.,head_equip#175,顔だけは見せぬがこの装備の流儀
head_equip,0x08C69F30,0x08C65BC0,16,Mountain Jaeger Helm,head_equip#176,山岳兵隊猟兵の兜
head_equip,0x08C69F34,0x08C65BD4,34,Mountain Jaeger Helm,head_equip#177,サンガクヘイタイリョウヘイノカブト
head_equip,0x08C69F38,0x08C65BF8,26,A helm issued to mountain jaegers.,head_equip#178,山岳兵隊猟兵に支給される兜
head_equip,0x08C69F64,0x08C65C14,18,Tungsten Helm,head_equip#179,タングステンヘルム
head_equip,0x08C69F68,0x08C65C14,18,Tungsten Helm,head_equip#179,タングステンヘルム
head_equip,0x08C69F6C,0x08C65C28,18,A helm made of tungsten.,head_equip#180,タングステン製の兜
head_equip,0x08C69F98,0x08C65C3C,14,Bronze Helm,head_equip#181,ブロンズヘルム
head_equip,0x08C69F9C,0x08C65C3C,14,Bronze Helm,head_equip#181,ブロンズヘルム
head_equip,0x08C69FA0,0x08C65C4C,28,A helm decorated with small bronze plates.,head_equip#182,小さな青銅の板をあしらった兜
head_equip,0x08C69FCC,0x08C65C6C,12,Outlaw Forehead Guard,head_equip#183,無法の額当て
head_equip,0x08C69FD0,0x08C65C7C,16,Outlaw Forehead Guard,head_equip#184,ムホウノヌカアテ
head_equip,0x08C69FD4,0x08C65C90,36,A forehead guard said to be worn by outlaw warriors.,head_equip#185,無法者の戦士が身に着けるという額当て
head_equip,0x08C6A000,0x08C65CB8,8,Dragon King Helm,head_equip#186,龍王の兜
head_equip,0x08C6A004,0x08C65CC4,18,Dragon King Helm,head_equip#187,リュウオウノカブト
head_equip,0x08C6A008,0x08C65CD8,26,A helm said to house the soul of the Dragon King.,head_equip#188,龍王の魂が宿るといわれる兜
head_equip,0x08C6A034,0x08C65CF4,12,Lord Helm,head_equip#189,ロードヘルム
head_equip,0x08C6A038,0x08C65CF4,12,Lord Helm,head_equip#189,ロードヘルム
head_equip,0x08C6A03C,0x08C65D04,26,A helm granted to those who hold peerage.,head_equip#190,爵位を持つ者に与えられる兜
head_equip,0x08C6A068,0x08C65D20,12,Gale Headgear,head_equip#191,ゲイルヘッド
head_equip,0x08C6A06C,0x08C65D20,12,Gale Headgear,head_equip#191,ゲイルヘッド
head_equip,0x08C6A070,0x08C65D30,34,Headgear that enables movements swift as the wind.,head_equip#192,風の如き動作を可能にした頭部用防具
head_equip,0x08C6A09C,0x08C65D54,8,Benkei Helm,head_equip#193,弁慶の兜
head_equip,0x08C6A0A0,0x08C65D60,16,Benkei Helm,head_equip#194,ベンケイノカブト
head_equip,0x08C6A0A4,0x08C65D74,30,"A helm once worn by Benkei, the giant warrior of the east.",head_equip#195,東方の大男弁慶が着用していた兜
head_equip,0x08C6A0D0,0x08C65D94,18,Officer Cap,head_equip#196,オフィサーキャップ
head_equip,0x08C6A0D4,0x08C65D94,18,Officer Cap,head_equip#196,オフィサーキャップ
head_equip,0x08C6A0D8,0x08C65DA8,12,A cap for commissioned officers.,head_equip#197,士官用の帽子
head_equip,0x08C6A104,0x08C65DB8,14,Ninja Mask,head_equip#198,ニンジャマスク
head_equip,0x08C6A108,0x08C65DB8,14,Ninja Mask,head_equip#198,ニンジャマスク
head_equip,0x08C6A10C,0x08C65DC8,24,A mask once worn by ninja.,head_equip#199,忍者が着用していたマスク
head_equip,0x08C6A138,0x08C65DE4,14,Embossed Helm,head_equip#200,エンボスヘルム
head_equip,0x08C6A13C,0x08C65DE4,14,Embossed Helm,head_equip#200,エンボスヘルム
head_equip,0x08C6A140,0x08C65DF4,26,The headpiece of seamless full plate armor.,head_equip#201,継ぎ目の少ない全身鎧の頭部
head_equip,0x08C6A16C,0x08C65E10,12,Kusumi Helm,head_equip#202,クスミヘルム
head_equip,0x08C6A170,0x08C65E10,12,Kusumi Helm,head_equip#202,クスミヘルム
head_equip,0x08C6A174,0x08C65E20,40,A helm worn by those who swear justice to the ancient saint Kusumi.,head_equip#203,古の聖人クスミに正義を誓う者が着用する兜
head_equip,0x08C6A1A0,0x08C65E4C,14,Sengoku Helm,head_equip#204,センゴクヘルム
head_equip,0x08C6A1A4,0x08C65E4C,14,Sengoku Helm,head_equip#204,センゴクヘルム
head_equip,0x08C6A1A8,0x08C65E5C,24,A helm reminiscent of a Sengoku warlord.,head_equip#205,戦国武将を彷彿とさせる兜
head_equip,0x08C6A1D4,0x08C65E78,12,Baron Helm,head_equip#206,バロンヘルム
head_equip,0x08C6A1D8,0x08C65E78,12,Baron Helm,head_equip#206,バロンヘルム
head_equip,0x08C6A1DC,0x08C65E88,34,A helm granted to those who hold the title of Baron.,head_equip#207,バロンの称号を持つ者に与えられる兜
head_equip,0x08C6A208,0x08C65EAC,16,Thuban Helm,head_equip#208,ソーバーンヘルム
head_equip,0x08C6A20C,0x08C65EAC,16,Thuban Helm,head_equip#208,ソーバーンヘルム
head_equip,0x08C6A210,0x08C65EC0,34,A helm meaning serpent in the magical land of the Arabian Nights.,head_equip#209,千夜一夜の魔法の国で蛇を意味する兜
head_equip,0x08C6A23C,0x08C65EE4,16,Hanuman Helm,head_equip#210,ハヌマーンヘルム
head_equip,0x08C6A240,0x08C65EE4,16,Hanuman Helm,head_equip#210,ハヌマーンヘルム
head_equip,0x08C6A244,0x08C65EF8,28,A helm bearing the name of the beast god Hanuman.,head_equip#211,獣神ハヌマーンの名を冠する兜
head_equip,0x08C6A270,0x08C65F18,16,Holy Order Headdress,head_equip#212,聖騎士団の頭飾り
head_equip,0x08C6A274,0x08C65F2C,26,Holy Order Headdress,head_equip#213,セイキシダンノアタマカザリ
head_equip,0x08C6A278,0x08C65F48,28,A headdress serving as proof of membership in the Holy Order.,head_equip#214,聖騎士団所属の証となる頭飾り
head_equip,0x08C6A2A4,0x08C65F68,14,Temple Helm,head_equip#215,テンプルヘルム
head_equip,0x08C6A2A8,0x08C65F68,14,Temple Helm,head_equip#215,テンプルヘルム
head_equip,0x08C6A2AC,0x08C65F78,18,A cross helm made of silver.,head_equip#216,銀製のクロスヘルム
head_equip,0x08C6A2D8,0x08C65F8C,12,Grim Helm,head_equip#217,グリムヘルム
head_equip,0x08C6A2DC,0x08C65F8C,12,Grim Helm,head_equip#217,グリムヘルム
head_equip,0x08C6A2E0,0x08C65F9C,20,The headpiece of armor with an ominous motif.,head_equip#218,不吉な意匠の鎧の頭部
head_equip,0x08C6A30C,0x08C65FB4,18,Giant Headgear,head_equip#219,ジャイアントヘッド
head_equip,0x08C6A310,0x08C65FB4,18,Giant Headgear,head_equip#219,ジャイアントヘッド
head_equip,0x08C6A314,0x08C65FC8,28,A helm with defense and intimidation mistaken for a giant.,head_equip#220,巨人と見紛う防御と威圧感の兜
head_equip,0x08C6A340,0x08C65FE8,16,Beelzebub Horns,head_equip#221,ベルゼバブホーン
head_equip,0x08C6A344,0x08C65FE8,16,Beelzebub Horns,head_equip#221,ベルゼバブホーン
head_equip,0x08C6A348,0x08C65FFC,40,"Horns blessed by Beelzebub, monarch of the Demon Realm.",head_equip#222,魔界の君主ベルゼバブの福音を受けたホーン
head_equip,0x08C6A374,0x08C66028,22,Veteran Mercenary Headband,head_equip#223,中堅傭兵のヘッドバンド
head_equip,0x08C6A378,0x08C66040,32,Veteran Mercenary Headband,head_equip#224,チュウケンヨウヘイノヘッドバンド
head_equip,0x08C6A37C,0x08C66064,30,A headband worn by veteran mercenaries.,head_equip#225,中堅傭兵が着用するヘッドバンド
head_equip,0x08C6A3A8,0x08C66084,16,Mesh Cap,head_equip#226,メッシュキャップ
head_equip,0x08C6A3AC,0x08C66084,16,Mesh Cap,head_equip#226,メッシュキャップ
head_equip,0x08C6A3B0,0x08C66098,24,A cap crafted with mesh fabric.,head_equip#227,メッシュ加工がされた帽子
head_equip,0x08C6A3DC,0x08C660B4,14,Hawk Feather,head_equip#228,ホークフェザー
head_equip,0x08C6A3E0,0x08C660B4,14,Hawk Feather,head_equip#228,ホークフェザー
head_equip,0x08C6A3E4,0x08C660C4,44,"A headdress blessed by Hawk, guardian deity of a certain tribe.",head_equip#229,とある民族の守り神ホークの加護を受けた頭飾り
head_equip,0x08C6A410,0x08C660F4,22,Bronco Rider Hat,head_equip#230,ブロンコライダーハット
head_equip,0x08C6A414,0x08C660F4,22,Bronco Rider Hat,head_equip#230,ブロンコライダーハット
head_equip,0x08C6A418,0x08C6610C,26,A hat worn by wanderers of the wilderness.,head_equip#231,荒野の流れ者が着用する帽子
head_equip,0x08C6A444,0x08C66128,8,Sacred Light Hachigane,head_equip#232,霊光鉢金
head_equip,0x08C6A448,0x08C66134,16,Sacred Light Hachigane,head_equip#233,レイコウハチガネ
head_equip,0x08C6A44C,0x08C66148,16,A forehead protector overflowing with spiritual majesty.,head_equip#234,霊威みなぎる鉢金
head_equip,0x08C6A478,0x08C6615C,12,Warrior Monk Forehead Guard,head_equip#235,僧兵の額当て
head_equip,0x08C6A47C,0x08C6616C,18,Warrior Monk Forehead Guard,head_equip#236,ソウヘイノヌカアテ
head_equip,0x08C6A480,0x08C66180,30,A forehead guard worn by temple guard warrior monks.,head_equip#237,寺院警備の僧兵が着用する額当て
head_equip,0x08C6A4AC,0x08C661A0,16,Army Goggles,head_equip#238,アーミーゴーグル
head_equip,0x08C6A4B0,0x08C661A0,16,Army Goggles,head_equip#238,アーミーゴーグル
head_equip,0x08C6A4B4,0x08C661B4,24,Goggles suitable for field combat activities.,head_equip#239,野戦活動に適したゴーグル
head_equip,0x08C6A4E0,0x08C661D0,10,Captain Cap,head_equip#240,隊長の帽子
head_equip,0x08C6A4E4,0x08C661DC,18,Captain Cap,head_equip#241,タイチョウノボウシ
head_equip,0x08C6A4E8,0x08C661F0,28,A cap worn by captains while on patrol duty.,head_equip#242,隊長が巡回警備で着用する帽子
head_equip,0x08C6A514,0x08C66210,18,Frontier Band,head_equip#243,フロンティアバンド
head_equip,0x08C6A518,0x08C66210,18,Frontier Band,head_equip#243,フロンティアバンド
head_equip,0x08C6A51C,0x08C66224,22,A band worn by pioneering frontiersmen.,head_equip#244,開拓者が着用するバンド
head_equip,0x08C6A548,0x08C6623C,10,Warrior Monk Hood,head_equip#245,僧兵の頭巾
head_equip,0x08C6A54C,0x08C66248,16,Warrior Monk Hood,head_equip#246,ソウヘイノズキン
head_equip,0x08C6A550,0x08C6625C,20,A hood worn by warrior monks who strike down enemies of the faith.,head_equip#247,法敵を討つ僧兵の頭巾
head_equip,0x08C6A57C,0x08C66274,16,Commander Hat,head_equip#248,コマンダーハット
head_equip,0x08C6A580,0x08C66274,16,Commander Hat,head_equip#248,コマンダーハット
head_equip,0x08C6A584,0x08C66288,28,A hat worn by captains of large battleships.,head_equip#249,大型戦艦の艦長が着用する帽子
head_equip,0x08C6A5B0,0x08C662A8,12,Nue Slayer Headband,head_equip#250,鵺討ちの鉢巻
head_equip,0x08C6A5B4,0x08C662B8,18,Nue Slayer Headband,head_equip#251,ヌエウチノハチマキ
head_equip,0x08C6A5B8,0x08C662CC,34,A headband worn by those who subjugate the monstrous Nue.,head_equip#252,物の怪鵺を討伐する者が着用する鉢巻
head_equip,0x08C6A5E4,0x08C662F0,18,Strange Turban,head_equip#253,ストレンジターバン
head_equip,0x08C6A5E8,0x08C662F0,18,Strange Turban,head_equip#253,ストレンジターバン
head_equip,0x08C6A5EC,0x08C66304,30,A turban worn by vagabonds from foreign lands.,head_equip#254,異国の風来坊が着用するターバン
head_equip,0x08C6A618,0x08C66324,20,Coyote Ornament,head_equip#255,コヨーテオーナメント
head_equip,0x08C6A61C,0x08C66324,20,Coyote Ornament,head_equip#255,コヨーテオーナメント
head_equip,0x08C6A620,0x08C6633C,44,An ornament blessed through prayer by the shaman Red Coyote.,head_equip#256,呪術師レッド・コヨーテが祈祷したオーナメント
head_equip,0x08C6A64C,0x08C6636C,22,Purge Executioner Eyepatch,head_equip#257,粛清執行人のアイパッチ
head_equip,0x08C6A650,0x08C66384,34,Purge Executioner Eyepatch,head_equip#258,シュクセイシッコウニンノアイパッチ
head_equip,0x08C6A654,0x08C663A8,36,An eyepatch worn by military purge executioners.,head_equip#259,軍属の粛清執行人が着用するアイパッチ
head_equip,0x08C6A680,0x08C663D0,12,Little Dragon Hair Ornament,head_equip#260,小龍の髪飾り
head_equip,0x08C6A684,0x08C663E0,24,Little Dragon Hair Ornament,head_equip#261,ショウリュウノカミカザリ
head_equip,0x08C6A688,0x08C663FC,38,A hair ornament worn by kung fu artists of Little Dragon rank.,head_equip#262,小龍の位を持つ功夫使いが着用する髪飾り
head_equip,0x08C6A6B4,0x08C66424,16,Tiger Trainer Forehead Guard,head_equip#263,虎調教師の額当て
head_equip,0x08C6A6B8,0x08C66438,28,Tiger Trainer Forehead Guard,head_equip#264,トラチョウキョウシノヌカアテ
head_equip,0x08C6A6BC,0x08C66458,38,A forehead guard worn by those who train tigers for a living.,head_equip#265,虎の調教を生業とする者が着用する額当て
head_equip,0x08C6A6E8,0x08C66480,14,Craymel Scholar Hat,head_equip#266,晶霊学士の帽子
head_equip,0x08C6A6EC,0x08C66490,24,Craymel Scholar Hat,head_equip#267,ショウレイガクシノボウシ
head_equip,0x08C6A6F0,0x08C664AC,32,A hat prescribed by school regulations for Craymel scholars.,head_equip#268,校則に定められた晶霊学士用の帽子
head_equip,0x08C6A71C,0x08C664D0,12,Swift Dance Forehead Guard,head_equip#269,走舞の額当て
head_equip,0x08C6A720,0x08C664E0,20,Swift Dance Forehead Guard,head_equip#270,ハシリマイノヌカアテ
head_equip,0x08C6A724,0x08C664F8,36,A forehead guard worn by dancers performing lively ritual dances before the gods.,head_equip#271,神前儀式で活発な動きで舞う者の額当て
head_equip,0x08C6A750,0x08C66520,12,Genbu Hair Ornament,head_equip#272,玄武の髪飾り
head_equip,0x08C6A754,0x08C66530,18,Genbu Hair Ornament,head_equip#273,ゲンブノカミカザリ
head_equip,0x08C6A758,0x08C66544,26,A hair ornament bearing the name of the sacred beast Genbu.,head_equip#274,聖獣玄武の名を冠する髪飾り
head_equip,0x08C6A784,0x08C66560,14,Zealot Forehead Guard,head_equip#275,熱心者の額当て
head_equip,0x08C6A788,0x08C66570,22,Zealot Forehead Guard,head_equip#276,ネッシンモノノヌカアテ
head_equip,0x08C6A78C,0x08C66588,28,A forehead guard worn by dedicated zealous spellcasters.,head_equip#277,熱心者の術士が着用する額当て
head_equip,0x08C6A7B8,0x08C665A8,12,Grandmaster Hat,head_equip#278,大達人の帽子
head_equip,0x08C6A7BC,0x08C665B8,20,Grandmaster Hat,head_equip#279,ダイタツジンノボウシ
head_equip,0x08C6A7C0,0x08C665D0,38,A hat awarded to the Grandmaster rank in a magical society.,head_equip#280,魔術結社で大達人の階位に与えられる帽子
head_equip,0x08C6A7EC,0x08C665F8,18,Kratin Hat,head_equip#281,クラーティンハット
head_equip,0x08C6A7F0,0x08C665F8,18,Kratin Hat,head_equip#281,クラーティンハット
head_equip,0x08C6A7F4,0x08C6660C,16,A white leadtree-dyed hat.,head_equip#282,ギンネム染の帽子
head_equip,0x08C6A820,0x08C66620,18,New Age Headgear,head_equip#283,ニューエイジヘッド
head_equip,0x08C6A824,0x08C66620,18,New Age Headgear,head_equip#283,ニューエイジヘッド
head_equip,0x08C6A828,0x08C66634,38,A headdress worn by those who seek the path of the new soul.,head_equip#284,新しい魂の道を求める者が着用する頭飾り
head_equip,0x08C6A854,0x08C6665C,18,Lieutenant Colonel Dress Cap Type 2,head_equip#285,軍中佐第二種礼装帽
head_equip,0x08C6A858,0x08C66670,34,Lieutenant Colonel Dress Cap Type 2,head_equip#286,グンチュウサダイニシュレイソウボウ
head_equip,0x08C6A85C,0x08C66694,42,A Type 2 dress cap worn by those holding the rank of Lieutenant Colonel.,head_equip#287,中佐の階級の者が着用する第二種礼装用の帽子
head_equip,0x08C6A888,0x08C666C0,18,Steward Hat,head_equip#288,スチュワードハット
head_equip,0x08C6A88C,0x08C666C0,18,Steward Hat,head_equip#288,スチュワードハット
head_equip,0x08C6A890,0x08C666D4,28,A hat worn by butlers and maids.,head_equip#289,執事やメイドが着用するハット
head_equip,0x08C6A8BC,0x08C666F4,12,Royal Guard Cap,head_equip#290,近衛兵の帽子
head_equip,0x08C6A8C0,0x08C66704,18,Royal Guard Cap,head_equip#291,コノエヘイノボウシ
head_equip,0x08C6A8C4,0x08C66718,28,A cap worn by spellcasters who serve as royal castle guards.,head_equip#292,城の近衛兵となった術者の帽子
head_equip,0x08C6A8F0,0x08C66738,14,Master Tactician Headdress,head_equip#293,名策士の頭飾り
head_equip,0x08C6A8F4,0x08C66748,24,Master Tactician Headdress,head_equip#294,メイサクシノアタマカザリ
head_equip,0x08C6A8F8,0x08C66764,28,A headdress favored by renowned master tacticians.,head_equip#295,名策士が好んで着用する頭飾り
head_equip,0x08C6A924,0x08C66784,14,Arcana Hat,head_equip#296,アルカナハット
head_equip,0x08C6A928,0x08C66784,14,Arcana Hat,head_equip#296,アルカナハット
head_equip,0x08C6A92C,0x08C66794,32,A mysterious hat worn by fortune-tellers.,head_equip#297,占い師が着用する摩訶不思議な帽子
head_equip,0x08C6A958,0x08C667B8,14,Believe Hat,head_equip#298,ビリーブハット
head_equip,0x08C6A95C,0x08C667B8,14,Believe Hat,head_equip#298,ビリーブハット
head_equip,0x08C6A960,0x08C667C8,28,A hat for a spellcaster who commands complete trust.,head_equip#299,信頼を一身に集める術士の帽子
head_equip,0x08C6A98C,0x08C667E8,20,Attainment Cap,head_equip#300,アテイメントキャップ
head_equip,0x08C6A990,0x08C667E8,20,Attainment Cap,head_equip#300,アテイメントキャップ
head_equip,0x08C6A994,0x08C66800,34,A cap said to help the wearer achieve their goals.,head_equip#301,着る者の目標達成を助けるという帽子
head_equip,0x08C6A9C0,0x08C66824,14,Heretic Headdress,head_equip#302,外法者の頭飾り
head_equip,0x08C6A9C4,0x08C66834,24,Heretic Headdress,head_equip#303,ゲホウモノノアタマカザリ
head_equip,0x08C6A9C8,0x08C66850,26,A headdress worn by spellcasters who practice forbidden arts.,head_equip#304,外法の術を使う術士の頭飾り
head_equip,0x08C6A9F4,0x08C6686C,16,Miracle Cap,head_equip#305,ミラクルキャップ
head_equip,0x08C6A9F8,0x08C6686C,16,Miracle Cap,head_equip#305,ミラクルキャップ
head_equip,0x08C6A9FC,0x08C66880,30,A cute cap imbued with miraculous power.,head_equip#306,奇跡の力が込められた可愛い帽子
head_equip,0x08C6AA28,0x08C668A0,10,Ra Hat,head_equip#307,ラーの帽子
head_equip,0x08C6AA2C,0x08C668AC,12,Ra Hat,head_equip#308,ラーノボウシ
head_equip,0x08C6AA30,0x08C668BC,30,A hat infused with vibrations from the cosmic being Ra.,head_equip#309,宇宙存在ラーの波動を受けた帽子
head_equip,0x08C6AA5C,0x08C668DC,16,Mikahayahi Hat,head_equip#310,ミカハヤヒの帽子
head_equip,0x08C6AA60,0x08C668F0,18,Mikahayahi Hat,head_equip#311,ミカハヤヒノボウシ
head_equip,0x08C6AA64,0x08C66904,38,"A hat blessed by Mikahayahi, a secret eastern god.",head_equip#312,東方の秘神ミカハヤヒの加護を受けた帽子
head_equip,0x08C6AA90,0x08C6692C,12,Priest Headdress,head_equip#313,神官の頭飾り
head_equip,0x08C6AA94,0x08C6693C,22,Priest Headdress,head_equip#314,シンカンノアタマカザリ
head_equip,0x08C6AA98,0x08C66954,20,A headdress worn with ceremonial vestments of priests.,head_equip#315,神官の礼服用の頭飾り
head_equip,0x08C6AAC4,0x08C6696C,16,Crescent Hat,head_equip#316,クレセントハット
head_equip,0x08C6AAC8,0x08C6696C,16,Crescent Hat,head_equip#316,クレセントハット
head_equip,0x08C6AACC,0x08C66980,32,A hat giving off a beautiful crescent moon-like radiance.,head_equip#317,三日月の様な美しい輝きを放つ帽子
head_equip,0x08C6AAF8,0x08C669A4,14,Raja Hat,head_equip#318,ラージャハット
head_equip,0x08C6AAFC,0x08C669A4,14,Raja Hat,head_equip#318,ラージャハット
head_equip,0x08C6AB00,0x08C669B4,26,A hat worn by powerful clans of foreign lands.,head_equip#319,異国の豪族が身に着ける帽子
head_equip,0x08C6AB2C,0x08C669D0,12,Regent Eboshi,head_equip#320,摂政の烏帽子
head_equip,0x08C6AB30,0x08C669E0,18,Regent Eboshi,head_equip#321,セッショウノエボシ
head_equip,0x08C6AB34,0x08C669F4,24,A hat worn by regents of the east.,head_equip#322,東方の摂政が着用する帽子
head_equip,0x08C6AB60,0x08C66A10,18,Caporegime Hat,head_equip#323,カポレジームハット
head_equip,0x08C6AB64,0x08C66A10,18,Caporegime Hat,head_equip#323,カポレジームハット
head_equip,0x08C6AB68,0x08C66A24,28,A hat worn by caporegimes of the mafia.,head_equip#324,マフィアの幹部が着用する帽子
head_equip,0x08C6AB94,0x08C66A44,12,Fairy Feather Ornament,head_equip#325,妖精の羽飾り
head_equip,0x08C6AB98,0x08C66A54,20,Fairy Feather Ornament,head_equip#326,ヨウセイノハネカザリ
head_equip,0x08C6AB9C,0x08C66A6C,34,An accessory crafted using fairy feathers as material.,head_equip#327,妖精の羽根を素材にしたアクセサリー
head_equip,0x08C6ABC8,0x08C66A90,22,Celestial Cap,head_equip#328,セレスティアルキャップ
head_equip,0x08C6ABCC,0x08C66A90,22,Celestial Cap,head_equip#328,セレスティアルキャップ
head_equip,0x08C6ABD0,0x08C66AA8,32,A hat said to have been worn by celestials in ancient times.,head_equip#329,かつて天上人が着用したという帽子
head_equip,0x08C6ABFC,0x08C66ACC,16,Precious Hat,head_equip#330,プレシャスハット
head_equip,0x08C6AC00,0x08C66ACC,16,Precious Hat,head_equip#330,プレシャスハット
head_equip,0x08C6AC04,0x08C66AE0,22,A hat that is also a precious work of art.,head_equip#331,貴い芸術品でもある帽子
head_equip,0x08C6AC30,0x08C66AF8,18,Vampire Mask,head_equip#332,ヴァンパイアマスク
head_equip,0x08C6AC34,0x08C66AF8,18,Vampire Mask,head_equip#332,ヴァンパイアマスク
head_equip,0x08C6AC38,0x08C66B0C,22,A mask worn by vampires.,head_equip#333,吸血鬼が着用するマスク
head_equip,0x08C6AC64,0x08C66B24,16,Crystal Earrings,head_equip#334,クリスタルピアス
head_equip,0x08C6AC68,0x08C66B24,16,Crystal Earrings,head_equip#334,クリスタルピアス
head_equip,0x08C6AC6C,0x08C66B38,34,An accessory crafted from processed crystal.,head_equip#335,水晶を加工して作られたアクセサリー
head_equip,0x08C6AC98,0x08C66B5C,12,Beast Hide Helm,head_equip#336,ＢＨ・ヘルム
head_equip,0x08C6AC9C,0x08C66B6C,20,Beast Hide Helm,head_equip#337,ビーストハイドヘルム
head_equip,0x08C6ACA0,0x08C66B84,14,A helm made of monster hide.,head_equip#338,魔物の革製の兜
head_equip,0x08C6ACCC,0x08C66B94,22,Quasar Ornament,head_equip#339,クエーサーオーナメント
head_equip,0x08C6ACD0,0x08C66B94,22,Quasar Ornament,head_equip#339,クエーサーオーナメント
head_equip,0x08C6ACD4,0x08C66BAC,30,A forehead ornament praised as quasar-class.,head_equip#340,クエーサー級と称えられた額飾り
head_equip,0x08C6AD00,0x08C66BCC,16,Tulsi Helm,head_equip#341,トゥルシーヘルム
head_equip,0x08C6AD04,0x08C66BCC,16,Tulsi Helm,head_equip#341,トゥルシーヘルム
head_equip,0x08C6AD08,0x08C66BE0,28,A helm bearing the name of the sacred herb Tulsi.,head_equip#342,霊草トゥルシーの名を冠する兜
head_equip,0x08C6AD34,0x08C66C00,18,Barbarian Helm,head_equip#343,バーバリアンヘルム
head_equip,0x08C6AD38,0x08C66C00,18,Barbarian Helm,head_equip#343,バーバリアンヘルム
head_equip,0x08C6AD3C,0x08C66C14,44,"A helm that thoroughly protects the head, one's greatest weak point.",head_equip#344,最大の弱点となる頭部を完全なまでに保護する兜
head_equip,0x08C6AD68,0x08C66C44,14,Cavalry Jaeger Helm,head_equip#345,騎兵隊猟兵の兜
head_equip,0x08C6AD6C,0x08C66C54,28,Cavalry Jaeger Helm,head_equip#346,キヘイタイリョウヘイノカブト
head_equip,0x08C6AD70,0x08C66C74,24,A helm issued to cavalry jaegers.,head_equip#347,騎兵隊猟兵に支給される兜
head_equip,0x08C6AD9C,0x08C66C90,18,Orichalcum Helm,head_equip#348,オリカルクムヘルム
head_equip,0x08C6ADA0,0x08C66C90,18,Orichalcum Helm,head_equip#348,オリカルクムヘルム
head_equip,0x08C6ADA4,0x08C66CA4,18,A helm made of orichalcum.,head_equip#349,オリカルクム製の兜
head_equip,0x08C6ADD0,0x08C66CB8,14,Chrome Helm,head_equip#350,クロームヘルム
head_equip,0x08C6ADD4,0x08C66CB8,14,Chrome Helm,head_equip#350,クロームヘルム
head_equip,0x08C6ADD8,0x08C66CC8,32,A helm decorated with small chrome plates.,head_equip#351,小さなクロームの板をあしらった兜
head_equip,0x08C6AE04,0x08C66CEC,12,Fierce God Forehead Guard,head_equip#352,鬼神の額当て
head_equip,0x08C6AE08,0x08C66CFC,16,Fierce God Forehead Guard,head_equip#353,キシンノヌカアテ
head_equip,0x08C6AE0C,0x08C66D10,40,A forehead guard said to be worn by warriors turned into battle demons.,head_equip#354,戦鬼となった闘士が身に着けるという額当て
head_equip,0x08C6AE38,0x08C66D3C,8,Supreme Dragon Helm,head_equip#355,覇龍の兜
head_equip,0x08C6AE3C,0x08C66D48,16,Supreme Dragon Helm,head_equip#356,ハリュウノカブト
head_equip,0x08C6AE40,0x08C66D5C,26,A helm said to house the soul of the Supreme Dragon.,head_equip#357,覇龍の魂が宿るといわれる兜
head_equip,0x08C6AE6C,0x08C66D78,18,Archlord Helm,head_equip#358,アークロードヘルム
head_equip,0x08C6AE70,0x08C66D78,18,Archlord Helm,head_equip#358,アークロードヘルム
head_equip,0x08C6AE74,0x08C66D8C,32,A helm granted to those who hold high peerage.,head_equip#359,上級の爵位を持つ者に与えられる兜
head_equip,0x08C6AEA0,0x08C66DB0,14,Dragon Headgear,head_equip#360,ドラゴンヘッド
head_equip,0x08C6AEA4,0x08C66DB0,14,Dragon Headgear,head_equip#360,ドラゴンヘッド
head_equip,0x08C6AEA8,0x08C66DC0,24,Headgear possessing the majestic presence of a dragon.,head_equip#361,竜の威風を持つ頭部用防具
head_equip,0x08C6AED4,0x08C66DDC,8,Yoshitsune Helm,head_equip#362,義経の兜
head_equip,0x08C6AED8,0x08C66DE8,16,Yoshitsune Helm,head_equip#363,ヨシツネノカブト
head_equip,0x08C6AEDC,0x08C66DFC,36,"A helm once worn by Yoshitsune, the prodigy of war of the east.",head_equip#364,東方の戦の麒麟児義経が着用していた兜
head_equip,0x08C6AF08,0x08C66E24,16,Colonel Cap,head_equip#365,カーネルキャップ
head_equip,0x08C6AF0C,0x08C66E24,16,Colonel Cap,head_equip#365,カーネルキャップ
head_equip,0x08C6AF10,0x08C66E38,16,A cap for high-ranking officers.,head_equip#366,上級士官用の帽子
head_equip,0x08C6AF3C,0x08C66E4C,12,Shinobi Mask,head_equip#367,シノビマスク
head_equip,0x08C6AF40,0x08C66E4C,12,Shinobi Mask,head_equip#367,シノビマスク
head_equip,0x08C6AF44,0x08C66E5C,32,A mask once worn by renowned shinobi.,head_equip#368,名のある忍びが着用していたマスク
head_equip,0x08C6AF70,0x08C66E80,18,Ancient Helm,head_equip#369,エンシェントヘルム
head_equip,0x08C6AF74,0x08C66E80,18,Ancient Helm,head_equip#369,エンシェントヘルム
head_equip,0x08C6AF78,0x08C66E94,32,The headpiece of full plate armor made with legendary techniques.,head_equip#370,伝説の製法で作られた全身鎧の頭部
head_equip,0x08C6AFA4,0x08C66EB8,16,Maitreya Helm,head_equip#371,マイトレヤヘルム
head_equip,0x08C6AFA8,0x08C66EB8,16,Maitreya Helm,head_equip#371,マイトレヤヘルム
head_equip,0x08C6AFAC,0x08C66ECC,44,A helm worn by those who swear justice to the ancient saint Maitreya.,head_equip#372,古の聖人マイトレヤに正義を誓う者が着用する兜
head_equip,0x08C6AFD8,0x08C66EFC,16,Daimyo Helm,head_equip#373,ダイミョーヘルム
head_equip,0x08C6AFDC,0x08C66EFC,16,Daimyo Helm,head_equip#373,ダイミョーヘルム
head_equip,0x08C6AFE0,0x08C66F10,24,A helm reminiscent of a Sengoku daimyo.,head_equip#374,戦国大名を彷彿とさせる兜
head_equip,0x08C6B00C,0x08C66F2C,14,Duke Helm,head_equip#375,デュークヘルム
head_equip,0x08C6B010,0x08C66F2C,14,Duke Helm,head_equip#375,デュークヘルム
head_equip,0x08C6B014,0x08C66F3C,36,A helm granted to those who hold the title of Duke.,head_equip#376,デュークの称号を持つ者に与えられる兜
head_equip,0x08C6B040,0x08C66F64,16,Timsah Helm,head_equip#377,テムサーフヘルム
head_equip,0x08C6B044,0x08C66F64,16,Timsah Helm,head_equip#377,テムサーフヘルム
head_equip,0x08C6B048,0x08C66F78,34,A helm meaning crocodile in the magical land of the Arabian Nights.,head_equip#378,千夜一夜の魔法の国で鰐を意味する兜
head_equip,0x08C6B074,0x08C66F9C,14,Anubis Helm,head_equip#379,アヌビスヘルム
head_equip,0x08C6B078,0x08C66F9C,14,Anubis Helm,head_equip#379,アヌビスヘルム
head_equip,0x08C6B07C,0x08C66FAC,26,A helm bearing the name of the beast god Anubis.,head_equip#380,獣神アヌビスの名を冠する兜
head_equip,0x08C6B0A8,0x08C66FC8,18,Guardian Order Headdress,head_equip#381,守護騎士団の頭飾り
head_equip,0x08C6B0AC,0x08C66FDC,28,Guardian Order Headdress,head_equip#382,シュゴキシダンノアタマカザリ
head_equip,0x08C6B0B0,0x08C66FFC,30,A headdress serving as proof of membership in the Guardian Order.,head_equip#383,守護騎士団所属の証となる頭飾り
head_equip,0x08C6B0DC,0x08C6701C,12,Rune Helm,head_equip#384,ルーンヘルム
head_equip,0x08C6B0E0,0x08C6701C,12,Rune Helm,head_equip#384,ルーンヘルム
head_equip,0x08C6B0E4,0x08C6702C,18,A helm engraved with mysterious runes.,head_equip#385,神秘文様を刻んだ兜
head_equip,0x08C6B110,0x08C67040,14,Ghost Helm,head_equip#386,ゴーストヘルム
head_equip,0x08C6B114,0x08C67040,14,Ghost Helm,head_equip#386,ゴーストヘルム
head_equip,0x08C6B118,0x08C67050,22,The headpiece of armor with a sinister motif.,head_equip#387,禍々しい意匠の鎧の頭部
head_equip,0x08C6B144,0x08C67068,16,Colossus Headgear,head_equip#388,コロッサスヘッド
head_equip,0x08C6B148,0x08C67068,16,Colossus Headgear,head_equip#388,コロッサスヘッド
head_equip,0x08C6B14C,0x08C6707C,34,A helm with defense and intimidation mistaken for the legendary colossus.,head_equip#389,伝説の巨神と見紛う防御と威圧感の兜
head_equip,0x08C6B178,0x08C670A0,16,Lucifel Horns,head_equip#390,ルシフェルホーン
head_equip,0x08C6B17C,0x08C670A0,16,Lucifel Horns,head_equip#390,ルシフェルホーン
head_equip,0x08C6B180,0x08C670B4,40,"Horns blessed by Lucifel, Emperor of the Demon Realm.",head_equip#391,魔界の皇帝ルシフェルの福音を受けたホーン
head_equip,0x08C6B1AC,0x08C670E0,22,Master Mercenary Headband,head_equip#392,玄人傭兵のヘッドバンド
head_equip,0x08C6B1B0,0x08C670F8,30,Master Mercenary Headband,head_equip#393,クロウトヨウヘイノヘッドバンド
head_equip,0x08C6B1B4,0x08C67118,30,A headband worn by seasoned expert mercenaries.,head_equip#394,玄人傭兵が着用するヘッドバンド
head_equip,0x08C6B1E0,0x08C67138,16,Feather Cap,head_equip#395,フェザーキャップ
head_equip,0x08C6B1E4,0x08C67138,16,Feather Cap,head_equip#395,フェザーキャップ
head_equip,0x08C6B1E8,0x08C6714C,16,A cap light as a feather.,head_equip#396,羽の様に軽い帽子
head_equip,0x08C6B214,0x08C67160,16,Eagle Feather,head_equip#397,イーグルフェザー
head_equip,0x08C6B218,0x08C67160,16,Eagle Feather,head_equip#397,イーグルフェザー
head_equip,0x08C6B21C,0x08C67174,46,"A headdress blessed by Eagle, guardian deity of a certain tribe.",head_equip#398,とある民族の守り神イーグルの加護を受けた頭飾り
head_equip,0x08C6B248,0x08C671A4,20,Gunslinger Hat,head_equip#399,ガンスリンガーハット
head_equip,0x08C6B24C,0x08C671A4,20,Gunslinger Hat,head_equip#399,ガンスリンガーハット
head_equip,0x08C6B250,0x08C671BC,26,A hat worn by masters of the quick draw.,head_equip#400,早撃ちの名手が着用する帽子
head_equip,0x08C6B27C,0x08C671D8,8,Divine Light Hachigane,head_equip#401,神光鉢金
head_equip,0x08C6B280,0x08C671E4,16,Divine Light Hachigane,head_equip#402,シンコウハチガネ
head_equip,0x08C6B284,0x08C671F8,14,A forehead protector emanating divine light.,head_equip#403,神光発する鉢金
head_equip,0x08C6B2B0,0x08C67208,12,High Priest Forehead Guard,head_equip#404,僧正の額当て
head_equip,0x08C6B2B4,0x08C67218,20,High Priest Forehead Guard,head_equip#405,ソウジョウノヌカアテ
head_equip,0x08C6B2B8,0x08C67230,30,A forehead guard worn by high Buddhist prelates on their way to preach.,head_equip#406,説法に赴く僧正が着用する額当て
head_equip,0x08C6B2E4,0x08C67250,18,Mercenary Goggles,head_equip#407,マーセナリゴーグル
head_equip,0x08C6B2E8,0x08C67250,18,Mercenary Goggles,head_equip#407,マーセナリゴーグル
head_equip,0x08C6B2EC,0x08C67264,32,Goggles suitable for battle-hardened mercenaries.,head_equip#408,歴戦の傭兵の活動に適したゴーグル
head_equip,0x08C6B318,0x08C67288,10,Governor General Cap,head_equip#409,総督の帽子
head_equip,0x08C6B31C,0x08C67294,16,Governor General Cap,head_equip#410,ソウトクノボウシ
head_equip,0x08C6B320,0x08C672A8,30,A cap worn by the governor general while inspecting defenses.,head_equip#411,総督が警備の巡察で着用する帽子
head_equip,0x08C6B34C,0x08C672C8,16,Western Band,head_equip#412,ウエスタンバンド
head_equip,0x08C6B350,0x08C672C8,16,Western Band,head_equip#412,ウエスタンバンド
head_equip,0x08C6B354,0x08C672DC,28,A band worn by bodyguards of the wilderness.,head_equip#413,荒野の用心棒が着用するバンド
head_equip,0x08C6B380,0x08C672FC,10,High Priest Hood,head_equip#414,僧正の頭巾
head_equip,0x08C6B384,0x08C67308,18,High Priest Hood,head_equip#415,ソウジョウノズキン
head_equip,0x08C6B388,0x08C6731C,22,A hood worn by high Buddhist prelates who spread doctrine.,head_equip#416,教義を広める僧正の頭巾
head_equip,0x08C6B3B4,0x08C67334,16,Admiral Hat,head_equip#417,アドミラルハット
head_equip,0x08C6B3B8,0x08C67334,16,Admiral Hat,head_equip#417,アドミラルハット
head_equip,0x08C6B3BC,0x08C67348,30,A hat worn by admirals who command fleets.,head_equip#418,艦隊を率いる提督が着用する帽子
head_equip,0x08C6B3E8,0x08C67368,14,Tengu Slayer Headband,head_equip#419,天狗討ちの鉢巻
head_equip,0x08C6B3EC,0x08C67378,20,Tengu Slayer Headband,head_equip#420,テングウチノハチマキ
head_equip,0x08C6B3F0,0x08C67390,36,A headband worn by those who subjugate the monstrous Tengu.,head_equip#421,物の怪天狗を討伐する者が着用する鉢巻
head_equip,0x08C6B41C,0x08C673B8,16,Witch Turban,head_equip#422,ウィッチターバン
head_equip,0x08C6B420,0x08C673B8,16,Witch Turban,head_equip#422,ウィッチターバン
head_equip,0x08C6B424,0x08C673CC,24,A turban strengthened with magic.,head_equip#423,魔法で強化されたターバン
head_equip,0x08C6B450,0x08C673E8,20,Puma Ornament,head_equip#424,ピューマオーナメント
head_equip,0x08C6B454,0x08C673E8,20,Puma Ornament,head_equip#424,ピューマオーナメント
head_equip,0x08C6B458,0x08C67400,46,An ornament blessed through prayer by the shaman Silver Puma.,head_equip#425,呪術師シルバー・ピューマが祈祷したオーナメント
head_equip,0x08C6B484,0x08C67430,20,Assassin Cult Eyepatch,head_equip#426,暗殺教団のアイパッチ
head_equip,0x08C6B488,0x08C67448,30,Assassin Cult Eyepatch,head_equip#427,アンサツキョウダンノアイパッチ
head_equip,0x08C6B48C,0x08C67468,32,An eyepatch worn by members of a mysterious assassin cult.,head_equip#428,謎の暗殺教団が着用するアイパッチ
head_equip,0x08C6B4B8,0x08C6748C,12,Dragon King Hair Ornament,head_equip#429,龍王の髪飾り
head_equip,0x08C6B4BC,0x08C6749C,22,Dragon King Hair Ornament,head_equip#430,リュウオウノカミカザリ
head_equip,0x08C6B4C0,0x08C674B4,38,A hair ornament worn by kung fu artists of Dragon King rank.,head_equip#431,龍王の位を持つ功夫使いが着用する髪飾り
head_equip,0x08C6B4EC,0x08C674DC,16,Dragon Trainer Forehead Guard,head_equip#432,竜調教師の額当て
head_equip,0x08C6B4F0,0x08C674F0,30,Dragon Trainer Forehead Guard,head_equip#433,リュウチョウキョウシノヌカアテ
head_equip,0x08C6B4F4,0x08C67510,38,A forehead guard worn by those who train dragons for a living.,head_equip#434,竜の調教を生業とする者が着用する額当て
head_equip,0x08C6B520,0x08C67538,14,Spirit Scholar Hat,head_equip#435,精霊学士の帽子
head_equip,0x08C6B524,0x08C67548,22,Spirit Scholar Hat,head_equip#436,セイレイガクシノボウシ
head_equip,0x08C6B528,0x08C67560,32,A hat prescribed by school regulations for spirit scholars.,head_equip#437,校則に定められた精霊学士用の帽子
head_equip,0x08C6B554,0x08C67584,12,Martial Dance Forehead Guard,head_equip#438,武舞の額当て
head_equip,0x08C6B558,0x08C67594,16,Martial Dance Forehead Guard,head_equip#439,ブマイノヌカアテ
head_equip,0x08C6B55C,0x08C675A8,36,A forehead guard worn by dancers performing fierce ritual dances before the gods.,head_equip#440,神前儀式で勇猛な動きで舞う者の額当て
head_equip,0x08C6B588,0x08C675D0,12,Byakko Hair Ornament,head_equip#441,白虎の髪飾り
head_equip,0x08C6B58C,0x08C675E0,20,Byakko Hair Ornament,head_equip#442,ビャッコノカミカザリ
head_equip,0x08C6B590,0x08C675F8,26,A hair ornament bearing the name of the sacred beast Byakko.,head_equip#443,聖獣白虎の名を冠する髪飾り
head_equip,0x08C6B5BC,0x08C67614,14,Practitioner Forehead Guard,head_equip#444,実践者の額当て
head_equip,0x08C6B5C0,0x08C67624,22,Practitioner Forehead Guard,head_equip#445,ジッセンモノノヌカアテ
head_equip,0x08C6B5C4,0x08C6763C,28,A forehead guard worn by practicing spellcasters.,head_equip#446,実践者の術士が着用する額当て
head_equip,0x08C6B5F0,0x08C6765C,14,Exempt Master Hat,head_equip#447,被免達人の帽子
head_equip,0x08C6B5F4,0x08C6766C,22,Exempt Master Hat,head_equip#448,ヒメンタツジンノボウシ
head_equip,0x08C6B5F8,0x08C67684,40,A hat awarded to the Exempt Master rank in a magical society.,head_equip#449,魔術結社で被免達人の階位に与えられる帽子
head_equip,0x08C6B624,0x08C676B0,18,Sapparot Hat,head_equip#450,サッバロットハット
head_equip,0x08C6B628,0x08C676B0,18,Sapparot Hat,head_equip#450,サッバロットハット
head_equip,0x08C6B62C,0x08C676C4,20,A pineapple-dyed hat.,head_equip#451,パイナップル染の帽子
head_equip,0x08C6B658,0x08C676DC,18,Contactee Headgear,head_equip#452,コンタクティヘッド
head_equip,0x08C6B65C,0x08C676DC,18,Contactee Headgear,head_equip#452,コンタクティヘッド
head_equip,0x08C6B660,0x08C676F0,42,A headdress worn by those who contact paranormal entities through the soul.,head_equip#453,魂で超常的存在と接触する者が着用する頭飾り
head_equip,0x08C6B68C,0x08C6771C,18,Colonel Dress Cap Type 2,head_equip#454,軍大佐第二種礼装帽
head_equip,0x08C6B690,0x08C67730,32,Colonel Dress Cap Type 2,head_equip#455,グンタイサダイニシュレイソウボウ
head_equip,0x08C6B694,0x08C67754,42,A Type 2 dress cap worn by those holding the rank of Colonel.,head_equip#456,大佐の階級の者が着用する第二種礼装用の帽子
head_equip,0x08C6B6C0,0x08C67780,18,Secretary Hat,head_equip#457,セクレタリーハット
head_equip,0x08C6B6C4,0x08C67780,18,Secretary Hat,head_equip#457,セクレタリーハット
head_equip,0x08C6B6C8,0x08C67794,20,A hat worn by secretaries.,head_equip#458,秘書が着用するハット
head_equip,0x08C6B6F4,0x08C677AC,14,Praetorian Guard Cap,head_equip#459,親衛隊長の帽子
head_equip,0x08C6B6F8,0x08C677BC,26,Praetorian Guard Cap,head_equip#460,シンエイタイチョウノボウシ
head_equip,0x08C6B6FC,0x08C677D8,30,A cap worn by spellcasters who serve as royal praetorian guard captains.,head_equip#461,城の親衛隊長となった術者の帽子
head_equip,0x08C6B728,0x08C677F8,14,Master Strategist Headdress,head_equip#462,名軍師の頭飾り
head_equip,0x08C6B72C,0x08C67808,24,Master Strategist Headdress,head_equip#463,メイグンシノアタマカザリ
head_equip,0x08C6B730,0x08C67824,28,A headdress favored by renowned master strategists.,head_equip#464,名軍師が好んで着用する頭飾り
head_equip,0x08C6B75C,0x08C67844,12,Rune Hat,head_equip#465,ルーンハット
head_equip,0x08C6B760,0x08C67844,12,Rune Hat,head_equip#465,ルーンハット
head_equip,0x08C6B764,0x08C67854,26,A hat with mysterious runes embroidered on its lining.,head_equip#466,裏地に神秘文様を施した帽子
head_equip,0x08C6B790,0x08C67870,14,Saint Hat,head_equip#467,セイントハット
head_equip,0x08C6B794,0x08C67870,14,Saint Hat,head_equip#467,セイントハット
head_equip,0x08C6B798,0x08C67880,22,A hat of a saint beloved by God.,head_equip#468,神に愛されし聖人の帽子
head_equip,0x08C6B7C4,0x08C67898,18,Warlock Cap,head_equip#469,ワーロックキャップ
head_equip,0x08C6B7C8,0x08C67898,18,Warlock Cap,head_equip#469,ワーロックキャップ
head_equip,0x08C6B7CC,0x08C678AC,30,A cap worn by high-ranking warlocks.,head_equip#470,上位のワーロックが着用する帽子
head_equip,0x08C6B7F8,0x08C678CC,14,Heretic's Headdress,head_equip#471,異端者の頭飾り
head_equip,0x08C6B7FC,0x08C678DC,24,Heretic's Headdress,head_equip#472,イタンモノノアタマカザリ
head_equip,0x08C6B800,0x08C678F8,38,A headdress worn by a spellcaster who strays from righteousness onto heretical paths.,head_equip#473,正道から外れ異端の道を行く術士の頭飾り
head_equip,0x08C6B82C,0x08C67920,18,Flash Cap,head_equip#474,フラッシュキャップ
head_equip,0x08C6B830,0x08C67920,18,Flash Cap,head_equip#474,フラッシュキャップ
head_equip,0x08C6B834,0x08C67934,8,A cap costume.,head_equip#475,帽子衣装
head_equip,0x08C6B860,0x08C67940,14,Aiwass Hat,head_equip#476,エイワスの帽子
head_equip,0x08C6B864,0x08C67950,16,Aiwass Hat,head_equip#477,エイワスノボウシ
head_equip,0x08C6B868,0x08C67964,34,A hat infused with vibrations from the cosmic being Aiwass.,head_equip#478,宇宙存在エイワスの波動を受けた帽子
head_equip,0x08C6B894,0x08C67988,18,Kurayamatsumi Hat,head_equip#479,クラヤマツミの帽子
head_equip,0x08C6B898,0x08C6799C,20,Kurayamatsumi Hat,head_equip#480,クラヤマツミノボウシ
head_equip,0x08C6B89C,0x08C679B4,40,"A hat blessed by Kurayamatsumi, a secret eastern god.",head_equip#481,東方の秘神クラヤマツミの加護を受けた帽子
head_equip,0x08C6B8C8,0x08C679E0,14,Prophet Headdress,head_equip#482,預言者の頭飾り
head_equip,0x08C6B8CC,0x08C679F0,24,Prophet Headdress,head_equip#483,ヨゲンシャノアタマカザリ
head_equip,0x08C6B8D0,0x08C67A0C,46,It is said that whoever wears this headdress receives divine oracles.,head_equip#484,この頭飾りを着ける者は神託を得られると言われる
head_equip,0x08C6B8FC,0x08C67A3C,12,Moon Hat,head_equip#485,ムーンハット
head_equip,0x08C6B900,0x08C67A3C,12,Moon Hat,head_equip#485,ムーンハット
head_equip,0x08C6B904,0x08C67A4C,32,A hat filled with the lunar power that rules the night sky.,head_equip#486,夜空を支配する月の力で満ちた帽子
head_equip,0x08C6B930,0x08C67A70,14,Sultan Hat,head_equip#487,スルタンハット
head_equip,0x08C6B934,0x08C67A70,14,Sultan Hat,head_equip#487,スルタンハット
head_equip,0x08C6B938,0x08C67A80,26,A hat worn by kings of foreign lands.,head_equip#488,異国の国王が身に着ける帽子
head_equip,0x08C6B964,0x08C67A9C,12,Kanpaku Eboshi,head_equip#489,関白の烏帽子
head_equip,0x08C6B968,0x08C67AAC,16,Kanpaku Eboshi,head_equip#490,カンパクノエボシ
head_equip,0x08C6B96C,0x08C67AC0,34,A hat worn by the highest-ranking nobles of the east.,head_equip#491,東方で最も高位の貴族が着用する帽子
head_equip,0x08C6B998,0x08C67AE4,18,Underboss Hat,head_equip#492,アンダーボスハット
head_equip,0x08C6B99C,0x08C67AE4,18,Underboss Hat,head_equip#492,アンダーボスハット
head_equip,0x08C6B9A0,0x08C67AF8,28,A hat worn by underbosses of the mafia.,head_equip#493,マフィアの若頭が着用する帽子
head_equip,0x08C6B9CC,0x08C67B18,12,Spirit Feather Ornament,head_equip#494,精霊の羽飾り
head_equip,0x08C6B9D0,0x08C67B28,20,Spirit Feather Ornament,head_equip#495,セイレイノハネカザリ
head_equip,0x08C6B9D4,0x08C67B40,34,An accessory crafted using spirit feathers as material.,head_equip#496,精霊の羽根を素材にしたアクセサリー
head_equip,0x08C6BA00,0x08C67B64,14,Star Cap,head_equip#497,スターキャップ
head_equip,0x08C6BA04,0x08C67B64,14,Star Cap,head_equip#497,スターキャップ
head_equip,0x08C6BA08,0x08C67B74,26,A cap that protects the wearer with the power of celestial stars.,head_equip#498,天空の星の力で身を守る帽子
head_equip,0x08C6BA34,0x08C67B90,16,Legend Hat,head_equip#499,レジェンドハット
head_equip,0x08C6BA38,0x08C67B90,16,Legend Hat,head_equip#499,レジェンドハット
head_equip,0x08C6BA3C,0x08C67BA4,42,An ancient hat resurrected in modern times by a legendary patternmaker.,head_equip#500,伝説のパタンナーが現代に蘇らせた古代の帽子
head_equip,0x08C6BA68,0x08C67BD0,12,Progenitor Mask,head_equip#501,始祖のマスク
head_equip,0x08C6BA6C,0x08C67BE0,12,Progenitor Mask,head_equip#502,シソノマスク
head_equip,0x08C6BA70,0x08C67BF0,24,A mask worn by the immortal king.,head_equip#503,不死の王が着用するマスク
head_equip,0x08C6BA9C,0x08C67C0C,16,Rainbow Earrings,head_equip#504,レインボーピアス
head_equip,0x08C6BAA0,0x08C67C0C,16,Rainbow Earrings,head_equip#504,レインボーピアス
head_equip,0x08C6BAA4,0x08C67C20,36,An accessory crafted from rainbow-shining gemstones.,head_equip#505,虹色に輝く宝石で作られたアクセサリー
head_equip,0x08C6BAD0,0x08C67C48,8,Warrior's Helm,head_equip#506,戦士の兜
head_equip,0x08C6BAD4,0x08C67C54,14,Warrior's Helm,head_equip#507,センシノカブト
head_equip,0x08C6BAD8,0x08C67C64,36,A helm for a Warrior recognized as the Descender.,head_equip#508,ディセンダーと認められた戦士専用の兜
head_equip,0x08C6BB04,0x08C67C8C,8,Swordsman's Helm,head_equip#509,剣士の兜
head_equip,0x08C6BB08,0x08C67C98,14,Swordsman's Helm,head_equip#510,ケンシノカブト
head_equip,0x08C6BB0C,0x08C67CA8,36,A helm for a Swordsman recognized as the Descender.,head_equip#511,ディセンダーと認められた剣士専用の兜
head_equip,0x08C6BB38,0x08C67CD0,16,Spellsword's Forehead Guard,head_equip#512,魔法剣士の額当て
head_equip,0x08C6BB3C,0x08C67CE4,22,Spellsword's Forehead Guard,head_equip#513,マホウケンシノヌカアテ
head_equip,0x08C6BB40,0x08C67CFC,44,A forehead guard for a Spellsword recognized as the Descender.,head_equip#514,ディセンダーと認められた魔法剣士専用の額当て
head_equip,0x08C6BB6C,0x08C67D2C,14,Brawler's Band,head_equip#515,拳闘士のバンド
head_equip,0x08C6BB70,0x08C67D3C,18,Brawler's Band,head_equip#516,ケントウシノバンド
head_equip,0x08C6BB74,0x08C67D50,42,A band for a Martial Artist recognized as the Descender.,head_equip#517,ディセンダーと認められた格闘家専用のバンド
head_equip,0x08C6BBA0,0x08C67D7C,10,Hunter's Hat,head_equip#518,狩人の帽子
head_equip,0x08C6BBA4,0x08C67D88,18,Hunter's Hat,head_equip#519,カリュウドノボウシ
head_equip,0x08C6BBA8,0x08C67D9C,38,A hat for a Hunter recognized as the Descender.,head_equip#520,ディセンダーと認められた狩人専用の帽子
head_equip,0x08C6BBD4,0x08C67DC4,12,Thief's Domino,head_equip#521,盗賊のドミノ
head_equip,0x08C6BBD8,0x08C67DD4,16,Thief's Domino,head_equip#522,トウゾクノドミノ
head_equip,0x08C6BBDC,0x08C67DE8,40,A domino mask for a Thief recognized as the Descender.,head_equip#523,ディセンダーと認められた盗賊専用のドミノ
head_equip,0x08C6BC08,0x08C67E14,10,Ninja's Forehead Guard,head_equip#524,忍の額当て
head_equip,0x08C6BC0C,0x08C67E20,16,Ninja's Forehead Guard,head_equip#525,シノビノヌカアテ
head_equip,0x08C6BC10,0x08C67E34,40,A forehead guard for a Ninja recognized as the Descender.,head_equip#526,ディセンダーと認められた忍者専用の額当て
head_equip,0x08C6BC3C,0x08C67E60,12,Mage's Hat,head_equip#527,魔術師の帽子
head_equip,0x08C6BC40,0x08C67E70,18,Mage's Hat,head_equip#528,マジュツシノボウシ
head_equip,0x08C6BC44,0x08C67E84,40,A hat for a Mage recognized as the Descender.,head_equip#529,ディセンダーと認められた魔術師専用の帽子
head_equip,0x08C6BC70,0x08C67EB0,12,Priest's Hat,head_equip#530,修道士の帽子
head_equip,0x08C6BC74,0x08C67EC0,20,Priest's Hat,head_equip#531,シュウドウシノボウシ
head_equip,0x08C6BC78,0x08C67ED8,38,A hat for a Priest recognized as the Descender.,head_equip#532,ディセンダーと認められた僧侶専用の帽子
head_equip,0x08C6BCA4,0x08C67F00,12,Bishop's Mitre,head_equip#533,司教のミトル
head_equip,0x08C6BCA8,0x08C67F10,16,Bishop's Mitre,head_equip#534,シキョウノミトル
head_equip,0x08C6BCAC,0x08C67F24,46,A mitre for a Bishop recognized as the Descender.,head_equip#535,ディセンダーと認められたビショップ専用のミトル
head_equip,0x08C6BCD8,0x08C67F54,12,Dual Fencer's Helm,head_equip#536,二刀剣士の兜
head_equip,0x08C6BCDC,0x08C67F64,20,Dual Fencer's Helm,head_equip#537,ニトウケンシノカブト
head_equip,0x08C6BCE0,0x08C67F7C,38,A helm for a Twin Swordsman recognized as the Descender.,head_equip#538,ディセンダーと認められた双剣士専用の兜
head_equip,0x08C6BD0C,0x08C67FA4,10,Great Swordsman's Helm,head_equip#539,大剣士の兜
head_equip,0x08C6BD10,0x08C67FB0,18,Great Swordsman's Helm,head_equip#540,ダイケンシノカブト
head_equip,0x08C6BD14,0x08C67FC4,38,A helm for a Great Swordsman recognized as the Descender.,head_equip#541,ディセンダーと認められた大剣士専用の兜
head_equip,0x08C6BD40,0x08C67FEC,14,Monk's Band,head_equip#542,准拳士のバンド
head_equip,0x08C6BD44,0x08C67FFC,20,Monk's Band,head_equip#543,ジュンケンシノバンド
head_equip,0x08C6BD48,0x08C68014,42,A band for a Monk recognized as the Descender.,head_equip#544,ディセンダーと認められたモンク専用のバンド
head_equip,0x08C6BD74,0x08C68040,10,Paladin's Coronet,head_equip#545,従士隊の冠
head_equip,0x08C6BD78,0x08C6804C,22,Paladin's Coronet,head_equip#546,ジュウシタイノカンムリ
head_equip,0x08C6BD7C,0x08C68064,38,A coronet for a Paladin recognized as the Descender.,head_equip#547,ディセンダーと認められた聖騎士専用の冠
head_equip,0x08C6BDA8,0x08C6808C,14,Sniper's Headdress,head_equip#548,狙撃手の頭飾り
head_equip,0x08C6BDAC,0x08C6809C,24,Sniper's Headdress,head_equip#549,ソゲキシュノアタマカザリ
head_equip,0x08C6BDB0,0x08C680B8,44,A headdress for a Gunman recognized as the Descender.,head_equip#550,ディセンダーと認められたガンマン専用の頭飾り
head_equip,0x08C6BDDC,0x08C680E8,8,Gladiator's Helm,head_equip#551,闘士の兜
head_equip,0x08C6BDE0,0x08C680F4,14,Gladiator's Helm,head_equip#552,トウシノカブト
head_equip,0x08C6BDE4,0x08C68104,38,A helm crafted for a Warrior who is the Descender.,head_equip#553,ディセンダーの為に作られた戦士専用の兜
head_equip,0x08C6BE10,0x08C6812C,8,Knight's Helm,head_equip#554,騎士の兜
head_equip,0x08C6BE14,0x08C68138,12,Knight's Helm,head_equip#555,キシノカブト
head_equip,0x08C6BE18,0x08C68148,38,A helm crafted for a Swordsman who is the Descender.,head_equip#556,ディセンダーの為に作られた剣士専用の兜
head_equip,0x08C6BE44,0x08C68170,16,Magic Knight's Forehead Guard,head_equip#557,魔法騎士の額当て
head_equip,0x08C6BE48,0x08C68184,20,Magic Knight's Forehead Guard,head_equip#558,マホウキシノヌカアテ
head_equip,0x08C6BE4C,0x08C6819C,46,A forehead guard crafted for a Spellsword who is the Descender.,head_equip#559,ディセンダーの為に作られた魔法剣士専用の額当て
head_equip,0x08C6BE78,0x08C681CC,14,Little Overlord's Band,head_equip#560,小覇王のバンド
head_equip,0x08C6BE7C,0x08C681DC,20,Little Overlord's Band,head_equip#561,ショウハオウノカブト
head_equip,0x08C6BE80,0x08C681F4,44,A band crafted for a Martial Artist who is the Descender.,head_equip#562,ディセンダーの為に作られた格闘家専用のバンド
head_equip,0x08C6BEAC,0x08C68224,12,Master Archer's Hat,head_equip#563,名射手の帽子
head_equip,0x08C6BEB0,0x08C68234,18,Master Archer's Hat,head_equip#564,メイイシュノボウシ
head_equip,0x08C6BEB4,0x08C68248,40,A hat crafted for a Hunter who is the Descender.,head_equip#565,ディセンダーの為に作られた狩人専用の帽子
head_equip,0x08C6BEE0,0x08C68274,12,Chivalrous Thief's Domino,head_equip#566,義賊のドミノ
head_equip,0x08C6BEE4,0x08C68284,14,Chivalrous Thief's Domino,head_equip#567,ギゾクノドミノ
head_equip,0x08C6BEE8,0x08C68294,42,A domino mask crafted for a Thief who is the Descender.,head_equip#568,ディセンダーの為に作られた盗賊専用のドミノ
head_equip,0x08C6BF14,0x08C682C0,12,Chieftain's Forehead Guard,head_equip#569,頭領の額当て
head_equip,0x08C6BF18,0x08C682D0,20,Chieftain's Forehead Guard,head_equip#570,トウリョウノヌカアテ
head_equip,0x08C6BF1C,0x08C682E8,42,A forehead guard crafted for a Ninja who is the Descender.,head_equip#571,ディセンダーの為に作られた忍者専用の額当て
head_equip,0x08C6BF48,0x08C68314,12,Sorcerer's Hat,head_equip#572,魔導師の帽子
head_equip,0x08C6BF4C,0x08C68324,16,Sorcerer's Hat,head_equip#573,マドウシノボウシ
head_equip,0x08C6BF50,0x08C68338,42,A hat crafted for a Mage who is the Descender.,head_equip#574,ディセンダーの為に作られた魔術師専用の帽子
head_equip,0x08C6BF7C,0x08C68364,10,High Priest's Hat,head_equip#575,司祭の帽子
head_equip,0x08C6BF80,0x08C68370,14,High Priest's Hat,head_equip#576,シサイノボウシ
head_equip,0x08C6BF84,0x08C68380,40,A hat crafted for a Priest who is the Descender.,head_equip#577,ディセンダーの為に作られた僧侶専用の帽子
head_equip,0x08C6BFB0,0x08C683AC,12,Pope's Mitre,head_equip#578,教皇のミトル
head_equip,0x08C6BFB4,0x08C683BC,18,Pope's Mitre,head_equip#579,キョウコウノミトル
head_equip,0x08C6BFB8,0x08C683D0,48,A mitre crafted for a Bishop who is the Descender.,head_equip#580,ディセンダーの為に作られたビショップ専用のミトル
head_equip,0x08C6BFE4,0x08C68404,12,Dual Heavens Helm,head_equip#581,二天剣士の兜
head_equip,0x08C6BFE8,0x08C68414,20,Dual Heavens Helm,head_equip#582,ニテンケンシノカブト
head_equip,0x08C6BFEC,0x08C6842C,40,A helm crafted for a Twin Swordsman who is the Descender.,head_equip#583,ディセンダーの為に作られた双剣士専用の兜
head_equip,0x08C6C018,0x08C68458,14,Executioner's Helm,head_equip#584,処刑執行人の兜
head_equip,0x08C6C01C,0x08C68468,28,Executioner's Helm,head_equip#585,ショケイシッコウニンノカブト
head_equip,0x08C6C020,0x08C68488,40,A helm crafted for a Great Swordsman who is the Descender.,head_equip#586,ディセンダーの為に作られた大剣士専用の兜
head_equip,0x08C6C04C,0x08C684B4,14,Grandmaster's Band,head_equip#587,大範士のバンド
head_equip,0x08C6C050,0x08C684C4,18,Grandmaster's Band,head_equip#588,ダイハンシノバンド
head_equip,0x08C6C054,0x08C684D8,44,A band crafted for a Monk who is the Descender.,head_equip#589,ディセンダーの為に作られたモンク専用のバンド
head_equip,0x08C6C080,0x08C68508,8,Sword Saint's Coronet,head_equip#590,剣聖の冠
head_equip,0x08C6C084,0x08C68514,18,Sword Saint's Coronet,head_equip#591,ケンセイノカンムリ
head_equip,0x08C6C088,0x08C68528,40,A coronet crafted for a Paladin who is the Descender.,head_equip#592,ディセンダーの為に作られた聖騎士専用の冠
head_equip,0x08C6C0B4,0x08C68554,18,Gunmaster Headgear,head_equip#593,ガンマスターヘッド
head_equip,0x08C6C0B8,0x08C68554,18,Gunmaster Headgear,head_equip#593,ガンマスターヘッド
head_equip,0x08C6C0BC,0x08C68568,46,A headdress crafted for a Gunman who is the Descender.,head_equip#594,ディセンダーの為に作られたガンマン専用の頭飾り
head_equip,0x08C6C0E8,0x08C68598,16,Golden Helm,head_equip#595,ゴールデンヘルム
head_equip,0x08C6C0EC,0x08C68598,16,Golden Helm,head_equip#595,ゴールデンヘルム
head_equip,0x08C6C0F0,0x08C685AC,44,"The helm of Gilgamesh, the hero remembered in the Legend of Ishtar.",head_equip#596,イシュタル伝説に名を残す勇者ギルガメシュの兜
head_equip,0x08C6C11C,0x08C685DC,14,Envisage,head_equip#597,エンヴィセイジ
head_equip,0x08C6C120,0x08C685DC,14,Envisage,head_equip#597,エンヴィセイジ
head_equip,0x08C6C124,0x08C685EC,42,A helm said to have been used in ancient times by an ambitious general.,head_equip#598,その昔、野心あふれる勇将が用いたとされる兜
head_equip,0x08C6C150,0x08C68618,12,Susanoo Helm,head_equip#599,スサノオの兜
head_equip,0x08C6C154,0x08C68618,12,Susanoo Helm,head_equip#599,スサノオの兜
head_equip,0x08C6C158,0x08C68628,40,A legendary helm said to have been worn by a god of mythology.,head_equip#600,神話に登場する神が着けたとされる伝説の兜
head_equip,0x08C6C184,0x08C68654,12,Desperado,head_equip#601,デスペラード
head_equip,0x08C6C188,0x08C68654,12,Desperado,head_equip#601,デスペラード
head_equip,0x08C6C18C,0x08C68664,48,Said to have been equipped in ancient times by a knight of darkness.,head_equip#602,その昔、暗黒に属する騎士が装備していたと言われる
head_equip,0x08C6C1B8,0x08C68698,16,Angel Ring,head_equip#603,エンジェルリング
head_equip,0x08C6C1BC,0x08C68698,16,Angel Ring,head_equip#603,エンジェルリング
head_equip,0x08C6C1C0,0x08C686AC,44,A circlet said to have been worn by angels as proof of their nature.,head_equip#604,天使がその証として着けたとされるサークレット
head_equip,0x08C6C1EC,0x08C686DC,18,Aifread Hat,head_equip#605,アイフリードハット
head_equip,0x08C6C1F0,0x08C686DC,18,Aifread Hat,head_equip#605,アイフリードハット
head_equip,0x08C6C1F4,0x08C686F0,48,A hat said to have been worn by the legendary pirate Aifread.,head_equip#606,伝説の海賊アイフリードが着用していたとされる帽子
head_equip,0x08C6C220,0x08C68724,12,Pyrex,head_equip#607,パイレックス
head_equip,0x08C6C224,0x08C68724,12,Pyrex,head_equip#607,パイレックス
head_equip,0x08C6C228,0x08C68734,48,A headdress made of glass said to withstand any heat.,head_equip#608,どんな熱をも通さぬとされるガラスで作られた頭飾り
head_equip,0x08C6C254,0x08C68768,22,Stardust Stream,head_equip#609,スターダストストリーム
head_equip,0x08C6C258,0x08C68768,22,Stardust Stream,head_equip#609,スターダストストリーム
head_equip,0x08C6C25C,0x08C68780,40,A legendary hat said to grant profound truth as deep as the galaxy.,head_equip#610,銀河の如き深き真理を得るという伝説の帽子
head_equip,0x08C6C288,0x08C687AC,12,Afro Hair A,head_equip#611,アフロへアＡ
head_equip,0x08C6C28C,0x08C687AC,12,Afro Hair A,head_equip#611,アフロへアＡ
head_equip,0x08C6C290,0x08C687BC,32,A supreme masterpiece dedicated to your soulful self.,head_equip#612,ソウルフルな貴方に捧ぐ至高の一品
head_equip,0x08C6C2C4,0x08C687BC,32,A supreme masterpiece dedicated to your soulful self.,head_equip#612,ソウルフルな貴方に捧ぐ至高の一品
head_equip,0x08C6C2F8,0x08C687BC,32,A supreme masterpiece dedicated to your soulful self.,head_equip#612,ソウルフルな貴方に捧ぐ至高の一品
head_equip,0x08C6C32C,0x08C687BC,32,A supreme masterpiece dedicated to your soulful self.,head_equip#612,ソウルフルな貴方に捧ぐ至高の一品
head_equip,0x08C6C360,0x08C687BC,32,A supreme masterpiece dedicated to your soulful self.,head_equip#612,ソウルフルな貴方に捧ぐ至高の一品
head_equip,0x08C6C2BC,0x08C687E0,12,Afro Hair B,head_equip#613,アフロへアＢ
head_equip,0x08C6C2C0,0x08C687E0,12,Afro Hair B,head_equip#613,アフロへアＢ
head_equip,0x08C6C2F0,0x08C687F0,12,Afro Hair C,head_equip#614,アフロへアＣ
head_equip,0x08C6C2F4,0x08C687F0,12,Afro Hair C,head_equip#614,アフロへアＣ
head_equip,0x08C6C324,0x08C68800,12,Afro Hair D,head_equip#615,アフロへアＤ
head_equip,0x08C6C328,0x08C68800,12,Afro Hair D,head_equip#615,アフロへアＤ
head_equip,0x08C6C358,0x08C68810,12,Afro Hair E,head_equip#616,アフロへアＥ
head_equip,0x08C6C35C,0x08C68810,12,Afro Hair E,head_equip#616,アフロへアＥ
head_equip,0x08C6C38C,0x08C68820,6,Red Ogre A,head_equip#617,赤鬼Ａ
head_equip,0x08C6C390,0x08C68828,10,Red Ogre A,head_equip#618,アカオニＡ
head_equip,0x08C6C394,0x08C68834,28,A wig sprouting two ogre horns.,head_equip#619,二本の鬼の角が生えているヅラ
head_equip,0x08C6C3C8,0x08C68834,28,A wig sprouting two ogre horns.,head_equip#619,二本の鬼の角が生えているヅラ
head_equip,0x08C6C3FC,0x08C68834,28,A wig sprouting two ogre horns.,head_equip#619,二本の鬼の角が生えているヅラ
head_equip,0x08C6C430,0x08C68834,28,A wig sprouting two ogre horns.,head_equip#619,二本の鬼の角が生えているヅラ
head_equip,0x08C6C464,0x08C68834,28,A wig sprouting two ogre horns.,head_equip#619,二本の鬼の角が生えているヅラ
head_equip,0x08C6C3C0,0x08C68854,6,Red Ogre B,head_equip#620,赤鬼Ｂ
head_equip,0x08C6C3C4,0x08C6885C,10,Red Ogre B,head_equip#621,アカオニＢ
head_equip,0x08C6C3F4,0x08C68868,6,Red Ogre C,head_equip#622,赤鬼Ｃ
head_equip,0x08C6C3F8,0x08C68870,10,Red Ogre C,head_equip#623,アカオニＣ
head_equip,0x08C6C428,0x08C6887C,6,Red Ogre D,head_equip#624,赤鬼Ｄ
head_equip,0x08C6C42C,0x08C68884,10,Red Ogre D,head_equip#625,アカオニＤ
head_equip,0x08C6C45C,0x08C68890,6,Red Ogre E,head_equip#626,赤鬼Ｅ
head_equip,0x08C6C460,0x08C68898,10,Red Ogre E,head_equip#627,アカオニＥ
head_equip,0x08C6C490,0x08C688A4,6,Blue Ogre A,head_equip#628,青鬼Ａ
head_equip,0x08C6C494,0x08C688AC,10,Blue Ogre A,head_equip#629,アオオニＡ
head_equip,0x08C6C498,0x08C688B8,28,A stylish wig sporting a single ogre horn.,head_equip#630,一本の鬼の角がオシャレなヅラ
head_equip,0x08C6C4CC,0x08C688B8,28,A stylish wig sporting a single ogre horn.,head_equip#630,一本の鬼の角がオシャレなヅラ
head_equip,0x08C6C500,0x08C688B8,28,A stylish wig sporting a single ogre horn.,head_equip#630,一本の鬼の角がオシャレなヅラ
head_equip,0x08C6C534,0x08C688B8,28,A stylish wig sporting a single ogre horn.,head_equip#630,一本の鬼の角がオシャレなヅラ
head_equip,0x08C6C568,0x08C688B8,28,A stylish wig sporting a single ogre horn.,head_equip#630,一本の鬼の角がオシャレなヅラ
head_equip,0x08C6C4C4,0x08C688D8,6,Blue Ogre B,head_equip#631,青鬼Ｂ
head_equip,0x08C6C4C8,0x08C688E0,10,Blue Ogre B,head_equip#632,アオオニＢ
head_equip,0x08C6C4F8,0x08C688EC,6,Blue Ogre C,head_equip#633,青鬼Ｃ
head_equip,0x08C6C4FC,0x08C688F4,10,Blue Ogre C,head_equip#634,アオオニＣ
head_equip,0x08C6C52C,0x08C68900,6,Blue Ogre D,head_equip#635,青鬼Ｄ
head_equip,0x08C6C530,0x08C68908,10,Blue Ogre D,head_equip#636,アオオニＤ
head_equip,0x08C6C560,0x08C68914,6,Blue Ogre E,head_equip#637,青鬼Ｅ
head_equip,0x08C6C564,0x08C6891C,10,Blue Ogre E,head_equip#638,アオオニＥ
head_equip,0x08C6C594,0x08C68928,10,Cat Ears A,head_equip#639,ねこみみＡ
head_equip,0x08C6C598,0x08C68934,10,Cat Ears A,head_equip#640,ネコミミＡ
head_equip,0x08C6C59C,0x08C68940,26,A headband resembling cat ears.,head_equip#641,猫の耳を模したカチューシャ
head_equip,0x08C6C5D0,0x08C68940,26,A headband resembling cat ears.,head_equip#641,猫の耳を模したカチューシャ
head_equip,0x08C6C604,0x08C68940,26,A headband resembling cat ears.,head_equip#641,猫の耳を模したカチューシャ
head_equip,0x08C6C638,0x08C68940,26,A headband resembling cat ears.,head_equip#641,猫の耳を模したカチューシャ
head_equip,0x08C6C66C,0x08C68940,26,A headband resembling cat ears.,head_equip#641,猫の耳を模したカチューシャ
head_equip,0x08C6C5C8,0x08C6895C,10,Cat Ears B,head_equip#642,ねこみみＢ
head_equip,0x08C6C5CC,0x08C68968,10,Cat Ears B,head_equip#643,ネコミミＢ
head_equip,0x08C6C5FC,0x08C68974,10,Cat Ears C,head_equip#644,ねこみみＣ
head_equip,0x08C6C600,0x08C68980,10,Cat Ears C,head_equip#645,ネコミミＣ
head_equip,0x08C6C630,0x08C6898C,10,Cat Ears D,head_equip#646,ねこみみＤ
head_equip,0x08C6C634,0x08C68998,10,Cat Ears D,head_equip#647,ネコミミＤ
head_equip,0x08C6C664,0x08C689A4,10,Cat Ears E,head_equip#648,ねこみみＥ
head_equip,0x08C6C668,0x08C689B0,10,Cat Ears E,head_equip#649,ネコミミＥ
head_equip,0x08C6C698,0x08C689BC,14,Bunny Head A,head_equip#650,バニーヘッドＡ
head_equip,0x08C6C69C,0x08C689BC,14,Bunny Head A,head_equip#650,バニーヘッドＡ
head_equip,0x08C6C6A0,0x08C689CC,30,A headband resembling bunny ears.,head_equip#651,うさぎの耳を模したカチューシャ
head_equip,0x08C6C6D4,0x08C689CC,30,A headband resembling bunny ears.,head_equip#651,うさぎの耳を模したカチューシャ
head_equip,0x08C6C708,0x08C689CC,30,A headband resembling bunny ears.,head_equip#651,うさぎの耳を模したカチューシャ
head_equip,0x08C6C73C,0x08C689CC,30,A headband resembling bunny ears.,head_equip#651,うさぎの耳を模したカチューシャ
head_equip,0x08C6C770,0x08C689CC,30,A headband resembling bunny ears.,head_equip#651,うさぎの耳を模したカチューシャ
head_equip,0x08C6C6CC,0x08C689EC,14,Bunny Head B,head_equip#652,バニーヘッドＢ
head_equip,0x08C6C6D0,0x08C689EC,14,Bunny Head B,head_equip#652,バニーヘッドＢ
head_equip,0x08C6C700,0x08C689FC,14,Bunny Head C,head_equip#653,バニーヘッドＣ
head_equip,0x08C6C704,0x08C689FC,14,Bunny Head C,head_equip#653,バニーヘッドＣ
head_equip,0x08C6C734,0x08C68A0C,14,Bunny Head D,head_equip#654,バニーヘッドＤ
head_equip,0x08C6C738,0x08C68A0C,14,Bunny Head D,head_equip#654,バニーヘッドＤ
head_equip,0x08C6C768,0x08C68A1C,14,Bunny Head E,head_equip#655,バニーヘッドＥ
head_equip,0x08C6C76C,0x08C68A1C,14,Bunny Head E,head_equip#655,バニーヘッドＥ
head_equip,0x08C6C79C,0x08C68A2C,18,Party Cap A,head_equip#656,パーティキャップＡ
head_equip,0x08C6C7A0,0x08C68A2C,18,Party Cap A,head_equip#656,パーティキャップＡ
head_equip,0x08C6C7A4,0x08C68A40,40,"If you wear this, won't you never feel lonely even alone?",head_equip#657,コレを身に着ければ一人でもさびしくない？
head_equip,0x08C6C7D8,0x08C68A40,40,"If you wear this, won't you never feel lonely even alone?",head_equip#657,コレを身に着ければ一人でもさびしくない？
head_equip,0x08C6C80C,0x08C68A40,40,"If you wear this, won't you never feel lonely even alone?",head_equip#657,コレを身に着ければ一人でもさびしくない？
head_equip,0x08C6C7D0,0x08C68A6C,18,Party Cap B,head_equip#658,パーティキャップＢ
head_equip,0x08C6C7D4,0x08C68A6C,18,Party Cap B,head_equip#658,パーティキャップＢ
head_equip,0x08C6C804,0x08C68A80,18,Party Cap C,head_equip#659,パーティキャップＣ
head_equip,0x08C6C808,0x08C68A80,18,Party Cap C,head_equip#659,パーティキャップＣ
head_equip,0x08C6C838,0x08C68A94,10,Pumpkin Face,head_equip#660,カボチャ顔
head_equip,0x08C6C83C,0x08C68AA0,12,Pumpkin Face,head_equip#661,カボチャガオ
head_equip,0x08C6C840,0x08C68AB0,38,A pumpkin ornament essential for western festivals.,head_equip#662,西方のお祭りに欠かせないカボチャの飾り
head_equip,0x08C6C86C,0x08C68AD8,8,Origami Helm,head_equip#663,折り紙兜
head_equip,0x08C6C870,0x08C68AE4,14,Origami Helm,head_equip#664,オリガミカブト
head_equip,0x08C6C874,0x08C68AF4,34,A helm made of paper. Offers no defense.,head_equip#665,紙で作られた兜。防御力はありません
head_equip,0x08C6C8A0,0x08C68B18,4,Kagami Mochi,head_equip#666,鏡餅
head_equip,0x08C6C8A4,0x08C68B20,10,Kagami Mochi,head_equip#667,カガミモチ
head_equip,0x08C6C8A8,0x08C68B2C,30,Happy New Year!,head_equip#668,明けましておめでとう御座います
head_equip,0x08C6C8D4,0x08C68B4C,6,Construction Hard Hat,head_equip#669,工事帽
head_equip,0x08C6C8D8,0x08C68B54,10,Construction Hard Hat,head_equip#670,コウジボウ
head_equip,0x08C6C8DC,0x08C68B60,12,Favored by coal miners.,head_equip#671,炭坑員御用達
head_equip,0x08C6C908,0x08C68B70,14,Camo Helmet,head_equip#672,迷彩ヘルメット
head_equip,0x08C6C90C,0x08C68B80,18,Camo Helmet,head_equip#673,メイサイヘルメット
head_equip,0x08C6C910,0x08C68B94,14,Favored by soldiers.,head_equip#674,兵隊さん御用達
head_equip,0x08C6C93C,0x08C68BA4,12,Costume Cap,head_equip#675,仮装キャップ
head_equip,0x08C6C940,0x08C68BB4,14,Costume Cap,head_equip#676,カソウキャップ
head_equip,0x08C6C944,0x08C68BC4,30,A very charming cap with lingering strands of hair.,head_equip#677,未練毛がとても魅力的なキャップ
head_equip,0x08C6C970,0x08C68BE4,16,Katz Mask A,head_equip#678,ねこにんマスクＡ
head_equip,0x08C6C974,0x08C68BF8,16,Katz Mask A,head_equip#679,ネコニンマスクＡ
head_equip,0x08C6C978,0x08C68C0C,46,"A mask exclusive to Katz, an exceedingly fluffy item.",head_equip#680,ねこにん専用のマスク、とてもモフモフな一品です
head_equip,0x08C6C9AC,0x08C68C0C,46,"A mask exclusive to Katz, an exceedingly fluffy item.",head_equip#680,ねこにん専用のマスク、とてもモフモフな一品です
head_equip,0x08C6C9E0,0x08C68C0C,46,"A mask exclusive to Katz, an exceedingly fluffy item.",head_equip#680,ねこにん専用のマスク、とてもモフモフな一品です
head_equip,0x08C6CA14,0x08C68C0C,46,"A mask exclusive to Katz, an exceedingly fluffy item.",head_equip#680,ねこにん専用のマスク、とてもモフモフな一品です
head_equip,0x08C6CA48,0x08C68C0C,46,"A mask exclusive to Katz, an exceedingly fluffy item.",head_equip#680,ねこにん専用のマスク、とてもモフモフな一品です
head_equip,0x08C6C9A4,0x08C68C3C,16,Katz Mask B,head_equip#681,ねこにんマスクＢ
head_equip,0x08C6C9A8,0x08C68C50,16,Katz Mask B,head_equip#682,ネコニンマスクＢ
head_equip,0x08C6C9D8,0x08C68C64,16,Katz Mask C,head_equip#683,ねこにんマスクＣ
head_equip,0x08C6C9DC,0x08C68C78,16,Katz Mask C,head_equip#684,ネコニンマスクＣ
head_equip,0x08C6CA0C,0x08C68C8C,16,Katz Mask D,head_equip#685,ねこにんマスクＤ
head_equip,0x08C6CA10,0x08C68CA0,16,Katz Mask D,head_equip#686,ネコニンマスクＤ
head_equip,0x08C6CA40,0x08C68CB4,16,Katz Mask E,head_equip#687,ねこにんマスクＥ
head_equip,0x08C6CA44,0x08C68CC8,16,Katz Mask E,head_equip#688,ネコニンマスクＥ
head_equip,0x08C6CA74,0x08C68CDC,8,Chef's Hat,head_equip#689,コック帽
head_equip,0x08C6CA78,0x08C68CE8,10,Chef's Hat,head_equip#690,コックボウ
head_equip,0x08C6CA7C,0x08C68CF4,20,Its towering height is proof of a chef.,head_equip#691,背の高さはシェフの証
head_equip,0x08C6CAA8,0x08C68D0C,10,Shark Fin,head_equip#692,サメのヒレ
head_equip,0x08C6CAAC,0x08C68D18,10,Shark Fin,head_equip#693,サメノヒレ
head_equip,0x08C6CAB0,0x08C68D24,22,A fin that makes a huge splash at the beach!,head_equip#694,海水浴で大活躍！のヒレ
head_equip,0x08C6CADC,0x08C68D3C,8,Hishi Mochi,head_equip#695,ヒシモチ
head_equip,0x08C6CAE0,0x08C68D3C,8,Hishi Mochi,head_equip#695,ヒシモチ
head_equip,0x08C6CAE4,0x08C68D48,26,Let us celebrate the Peach Festival.,head_equip#696,桃の節句をお祝いしましょう
head_equip,0x08C6CB10,0x08C68D64,12,Special Flag,head_equip#697,ＳＰフラッグ
head_equip,0x08C6CB14,0x08C68D74,18,Special Flag,head_equip#698,スペシャルフラッグ
head_equip,0x08C6CB18,0x08C68D88,24,Wearing it makes you feel like getting a 1UP?,head_equip#699,身につけると１ＵＰ気分？
head_equip,0x08C6CB44,0x08C68DA4,6,Teraji,head_equip#700,テラジ
head_equip,0x08C6CB48,0x08C68DA4,6,Teraji,head_equip#700,テラジ
head_equip,0x08C6CB78,0x08C68DAC,8,Santa Hat,head_equip#701,サンタ帽
head_equip,0x08C6CB7C,0x08C68DB8,10,Santa Hat,head_equip#702,サンタボウ
head_equip,0x08C6CB80,0x08C68DC4,26,A red hat that brings dreams to children.,head_equip#703,お子様に夢を与える赤い帽子
head_equip,0x08C6CBAC,0x08C68DE0,14,Reindeer Head,head_equip#704,トナカイヘッド
head_equip,0x08C6CBB0,0x08C68DE0,14,Reindeer Head,head_equip#704,トナカイヘッド
head_equip,0x08C6CBB4,0x08C68DF0,26,A headdress resembling a reindeer.,head_equip#705,トナカイさんを模した頭飾り
head_equip,0x08C6CBE0,0x08C68E0C,18,Maid Headband,head_equip#706,メイドカチューシャ
head_equip,0x08C6CBE4,0x08C68E0C,18,Maid Headband,head_equip#706,メイドカチューシャ
head_equip,0x08C6CBE8,0x08C68E20,44,"In response to popular demand, can now be equipped by part!",head_equip#707,皆様の要望にお応えして部位ごとに装備可能に！
head_equip,0x08C6CC14,0x08C68E50,8,Headband,head_equip#708,はちまき
head_equip,0x08C6CC18,0x08C68E5C,8,Headband,head_equip#709,ハチマキ
head_equip,0x08C6CC1C,0x08C68E68,32,Put this on when you need to muster all your fighting spirit.,head_equip#710,ここ一発の気合を入れる時にどうぞ
head_equip,0x08C6CC48,0x08C68E8C,16,Judas's Mask,head_equip#711,ジューダスの仮面
head_equip,0x08C6CC4C,0x08C68EA0,18,Judas's Mask,head_equip#712,ジューダスノカメン
head_equip,0x08C6CC50,0x08C68EB4,36,Could you too become that mysterious masked warrior?,head_equip#713,あの謎の仮面の戦士にあなたもなれる？
head_equip,0x08C6CC7C,0x08C68EDC,14,Claus's Hat,head_equip#714,クラースの帽子
head_equip,0x08C6CC80,0x08C68EEC,16,Claus's Hat,head_equip#715,クラースノボウシ
head_equip,0x08C6CC84,0x08C68F00,32,Summoner Claus's hat is here at last!,head_equip#716,召喚士クラースの帽子が今ここに！
head_equip,0x08C6CCB0,0x08C68F24,22,True Aifread's Hat,head_equip#717,真・アイフリードの帽子
head_equip,0x08C6CCB4,0x08C68F3C,24,True Aifread's Hat,head_equip#718,シンアイフリードノボウシ
head_equip,0x08C6CCB8,0x08C68F58,40,The legendary pirate Aifread's hat is here at last!,head_equip#719,伝説の海賊アイフリードの帽子が今ここに！
head_equip,0x08C6CCE4,0x08C68F84,16,Claus's Hat X,head_equip#720,クラースの帽子Ｘ
head_equip,0x08C6CCE8,0x08C68F98,18,Claus's Hat X,head_equip#721,クラースノボウシＸ
head_equip,0x08C6CCEC,0x08C68FAC,48,Narikiri Dungeon X bonus. Claus's hat from TOP.,head_equip#722,なりきりダンジョンＸ特典。ＴＯＰのクラースの帽子
head_equip,0x08C6CD18,0x08C68FE0,16,Max Value (Headgear),head_equip#723,最大値（頭装備）
face_equip,0x08C6DB30,0x08C6CD60,10,Second Lieutenant's Mask,face_equip#0,少尉の仮面
face_equip,0x08C6DB34,0x08C6CD6C,16,Second Lieutenant's Mask,face_equip#1,ショウイノカメン
face_equip,0x08C6DB38,0x08C6CD80,24,A mask that serves as proof of the rank of Second Lieutenant.,face_equip#2,少尉の階級の証である仮面
face_equip,0x08C6DB64,0x08C6CD9C,10,Bandit's Eyepatch,face_equip#3,野盗の眼帯
face_equip,0x08C6DB68,0x08C6CDA8,16,Bandit's Eyepatch,face_equip#4,ヤトウノガンタイ
face_equip,0x08C6DB6C,0x08C6CDBC,22,An eyepatch favored by bandits.,face_equip#5,野盗が好んで着ける眼帯
face_equip,0x08C6DB98,0x08C6CDD4,12,Onmyoji's Monocle,face_equip#6,陰陽師の眼鏡
face_equip,0x08C6DB9C,0x08C6CDE4,20,Onmyoji's Monocle,face_equip#7,オンミョウジノメガネ
face_equip,0x08C6DBA0,0x08C6CDFC,18,An intellectual monocle.,face_equip#8,知的な片メガネです
face_equip,0x08C6DBCC,0x08C6CE10,16,Butterfly Mask,face_equip#9,バタフライマスク
face_equip,0x08C6DBD0,0x08C6CE10,16,Butterfly Mask,face_equip#9,バタフライマスク
face_equip,0x08C6DBD4,0x08C6CE24,20,An eye mask resembling a butterfly.,face_equip#10,蝶を模したアイマスク
face_equip,0x08C6DC00,0x08C6CE3C,4,Black Dragon,face_equip#11,黒竜
face_equip,0x08C6DC04,0x08C6CE44,10,Black Dragon,face_equip#12,コクリュウ
face_equip,0x08C6DC08,0x08C6CE50,32,Sunglasses worn by those involved in darkness.,face_equip#13,闇に携わる者が着用するサングラス
face_equip,0x08C6DC34,0x08C6CE74,14,Burning Sun,face_equip#14,バーニングサン
face_equip,0x08C6DC38,0x08C6CE74,14,Burning Sun,face_equip#14,バーニングサン
face_equip,0x08C6DC3C,0x08C6CE84,28,Sports sunglasses with blazing flames.,face_equip#15,燃える炎のスポーツサングラス
face_equip,0x08C6DC68,0x08C6CEA4,14,Black Eyes,face_equip#16,ブラックアイズ
face_equip,0x08C6DC6C,0x08C6CEA4,14,Black Eyes,face_equip#16,ブラックアイズ
face_equip,0x08C6DC70,0x08C6CEB4,14,A so-called blindfold.,face_equip#17,所謂目隠しです
face_equip,0x08C6DC9C,0x08C6CEC4,16,One-Winged Eye Mask,face_equip#18,片翼のアイマスク
face_equip,0x08C6DCA0,0x08C6CED8,20,One-Winged Eye Mask,face_equip#19,カタヨクノアイマスク
face_equip,0x08C6DCA4,0x08C6CEF0,26,An eye mask resembling a dragon fin.,face_equip#20,竜のひれを模したアイマスク
face_equip,0x08C6DCD0,0x08C6CF0C,14,Black Mass Mask,face_equip#21,黒ミサのマスク
face_equip,0x08C6DCD4,0x08C6CF1C,16,Black Mass Mask,face_equip#22,クロミサノマスク
face_equip,0x08C6DCD8,0x08C6CF30,28,A mask used in dark rituals.,face_equip#23,闇の儀式にて使用されるマスク
face_equip,0x08C6DD04,0x08C6CF50,14,Harvest Prayer Mask,face_equip#24,祈年祭のマスク
face_equip,0x08C6DD08,0x08C6CF60,18,Harvest Prayer Mask,face_equip#25,キネンサイノマスク
face_equip,0x08C6DD0C,0x08C6CF74,36,A mask worn by shamans praying for bumper crops.,face_equip#26,豊穣を祈願する祈祷師が着用したマスク
face_equip,0x08C6DD38,0x08C6CF9C,12,Genin Mask,face_equip#27,下忍のマスク
face_equip,0x08C6DD3C,0x08C6CFAC,16,Genin Mask,face_equip#28,シモオシノマスク
face_equip,0x08C6DD40,0x08C6CFC0,38,A mask once used by low-ranking ninja of the east.,face_equip#29,東方で下級ニンジャが使用していたマスク
face_equip,0x08C6DD6C,0x08C6CFE8,10,First Lieutenant's Mask,face_equip#30,中尉の仮面
face_equip,0x08C6DD70,0x08C6CFF4,16,First Lieutenant's Mask,face_equip#31,チュウイノカメン
face_equip,0x08C6DD74,0x08C6D008,24,A mask that serves as proof of the rank of First Lieutenant.,face_equip#32,中尉の階級の証である仮面
face_equip,0x08C6DDA0,0x08C6D024,16,Forban Patch,face_equip#33,フォルバンパッチ
face_equip,0x08C6DDA4,0x08C6D024,16,Forban Patch,face_equip#33,フォルバンパッチ
face_equip,0x08C6DDA8,0x08C6D038,24,An eyepatch favored by pirates.,face_equip#34,海賊が好んで着用する眼帯
face_equip,0x08C6DDD4,0x08C6D054,16,Shaman Monocle,face_equip#35,シャーマングラス
face_equip,0x08C6DDD8,0x08C6D054,16,Shaman Monocle,face_equip#35,シャーマングラス
face_equip,0x08C6DDDC,0x08C6D068,30,A monocle favored by shamans.,face_equip#36,呪術者が好んで着用する片メガネ
face_equip,0x08C6DE08,0x08C6D088,14,Papillon Mask,face_equip#37,パピヨンマスク
face_equip,0x08C6DE0C,0x08C6D088,14,Papillon Mask,face_equip#37,パピヨンマスク
face_equip,0x08C6DE10,0x08C6D098,22,A mask resembling a beautiful moth.,face_equip#38,美しい蛾を模したマスク
face_equip,0x08C6DE3C,0x08C6D0B0,4,Red Dragon,face_equip#39,赤竜
face_equip,0x08C6DE40,0x08C6D0B8,10,Red Dragon,face_equip#40,セキリュウ
face_equip,0x08C6DE44,0x08C6D0C4,28,Sunglasses resembling the eyes of a red dragon.,face_equip#41,赤い竜の目を模したサングラス
face_equip,0x08C6DE70,0x08C6D0E4,14,Pure Bright,face_equip#42,ピュアブライト
face_equip,0x08C6DE74,0x08C6D0E4,14,Pure Bright,face_equip#42,ピュアブライト
face_equip,0x08C6DE78,0x08C6D0F4,20,Round glasses that look intellectual.,face_equip#43,知的に見える丸メガネ
face_equip,0x08C6DEA4,0x08C6D10C,14,Purple Eyes,face_equip#44,パープルアイズ
face_equip,0x08C6DEA8,0x08C6D10C,14,Purple Eyes,face_equip#44,パープルアイズ
face_equip,0x08C6DEAC,0x08C6D11C,16,A purple blindfold.,face_equip#45,紫色の目隠しです
face_equip,0x08C6DED8,0x08C6D130,18,Fallen Angel Eye Mask,face_equip#46,堕天使のアイマスク
face_equip,0x08C6DEDC,0x08C6D144,20,Fallen Angel Eye Mask,face_equip#47,ダテンシノアイマスク
face_equip,0x08C6DEE0,0x08C6D15C,28,An eye mask resembling fallen angel wings.,face_equip#48,堕天使の羽を模したアイマスク
face_equip,0x08C6DF0C,0x08C6D17C,12,Heretic Cult Mask,face_equip#49,邪教のマスク
face_equip,0x08C6DF10,0x08C6D18C,18,Heretic Cult Mask,face_equip#50,ジャキョウノマスク
face_equip,0x08C6DF14,0x08C6D1A0,28,A mask worn during sinister witchcraft rituals.,face_equip#51,妖しい呪術時に着用したマスク
face_equip,0x08C6DF40,0x08C6D1C0,14,Masquerade Mask,face_equip#52,舞踏会のマスク
face_equip,0x08C6DF44,0x08C6D1D0,18,Masquerade Mask,face_equip#53,ブトウカイノマスク
face_equip,0x08C6DF48,0x08C6D1E4,34,A mask used at gatherings of high nobility.,face_equip#54,高貴な者の集まりで使用されたマスク
face_equip,0x08C6DF74,0x08C6D208,12,Chunin Mask,face_equip#55,中忍のマスク
face_equip,0x08C6DF78,0x08C6D218,18,Chunin Mask,face_equip#56,チュウニンノマスク
face_equip,0x08C6DF7C,0x08C6D22C,38,A mask once used by mid-ranking ninja of the east.,face_equip#57,東方で中級ニンジャが使用していたマスク
face_equip,0x08C6DFA8,0x08C6D254,10,Captain's Mask,face_equip#58,大尉の仮面
face_equip,0x08C6DFAC,0x08C6D260,14,Captain's Mask,face_equip#59,タイイノカメン
face_equip,0x08C6DFB0,0x08C6D270,24,A mask that serves as proof of the rank of Captain.,face_equip#60,大尉の階級の証である仮面
face_equip,0x08C6DFDC,0x08C6D28C,16,Pirate's Patch,face_equip#61,パイレーツパッチ
face_equip,0x08C6DFE0,0x08C6D28C,16,Pirate's Patch,face_equip#61,パイレーツパッチ
face_equip,0x08C6DFE4,0x08C6D2A0,30,An eyepatch with the dignity of a great pirate.,face_equip#62,大海賊の風格を持ったアイパッチ
face_equip,0x08C6E010,0x08C6D2C0,20,Necromancer Monocle,face_equip#63,ネクロマンサーグラス
face_equip,0x08C6E014,0x08C6D2C0,20,Necromancer Monocle,face_equip#63,ネクロマンサーグラス
face_equip,0x08C6E018,0x08C6D2D8,26,A monocle worn by necromancers.,face_equip#64,死霊使いが着用する片メガネ
face_equip,0x08C6E044,0x08C6D2F4,16,Fairy Mask,face_equip#65,フェアリーマスク
face_equip,0x08C6E048,0x08C6D2F4,16,Fairy Mask,face_equip#65,フェアリーマスク
face_equip,0x08C6E04C,0x08C6D308,30,A mask created in the image of fairies.,face_equip#66,妖精をイメージに作られたマスク
face_equip,0x08C6E078,0x08C6D328,4,Yellow Dragon,face_equip#67,黄竜
face_equip,0x08C6E07C,0x08C6D330,10,Yellow Dragon,face_equip#68,コウリュウ
face_equip,0x08C6E080,0x08C6D33C,50,Sunglasses resembling the eyes of a yellow dragon. You can see decently.,face_equip#69,黄色い竜の目を模したサングラス。それなりに見えます
face_equip,0x08C6E0AC,0x08C6D370,12,Dark Moon,face_equip#70,ダークムーン
face_equip,0x08C6E0B0,0x08C6D370,12,Dark Moon,face_equip#70,ダークムーン
face_equip,0x08C6E0B4,0x08C6D380,18,Round sunglasses.,face_equip#71,丸いサングラスです
face_equip,0x08C6E0E0,0x08C6D394,14,Bright Eyes,face_equip#72,ブライトアイズ
face_equip,0x08C6E0E4,0x08C6D394,14,Bright Eyes,face_equip#72,ブライトアイズ
face_equip,0x08C6E0E8,0x08C6D3A4,22,An orange blindfold.,face_equip#73,オレンジ色の目隠しです
face_equip,0x08C6E114,0x08C6D3BC,16,Black Wing Eye Mask,face_equip#74,黒翼のアイマスク
face_equip,0x08C6E118,0x08C6D3D0,20,Black Wing Eye Mask,face_equip#75,コクヨクノアイマスク
face_equip,0x08C6E11C,0x08C6D3E8,34,An eye mask with a peacock feather motif.,face_equip#76,孔雀の羽をモチーフにしたアイマスク
face_equip,0x08C6E148,0x08C6D40C,14,Sabbat Mask,face_equip#77,サバトのマスク
face_equip,0x08C6E14C,0x08C6D40C,14,Sabbat Mask,face_equip#77,サバトのマスク
face_equip,0x08C6E150,0x08C6D41C,28,A mask worn during sinister gatherings.,face_equip#78,妖しい集会時に着用したマスク
face_equip,0x08C6E17C,0x08C6D43C,14,High Society Mask,face_equip#79,社交界のマスク
face_equip,0x08C6E180,0x08C6D44C,20,High Society Mask,face_equip#80,シャコウカイノマスク
face_equip,0x08C6E184,0x08C6D464,36,Wear this and make a splendid debut in high society!,face_equip#81,これを付けて華々しく社交界デビュー！
face_equip,0x08C6E1B0,0x08C6D48C,12,Jonin Mask,face_equip#82,上忍のマスク
face_equip,0x08C6E1B4,0x08C6D49C,18,Jonin Mask,face_equip#83,ジョウニンノマスク
face_equip,0x08C6E1B8,0x08C6D4B0,38,A mask once used by high-ranking ninja of the east.,face_equip#84,東方で上級ニンジャが使用していたマスク
face_equip,0x08C6E1E4,0x08C6D4D8,10,Pirate's Eyepatch,face_equip#85,海賊の眼帯
face_equip,0x08C6E1E8,0x08C6D4E4,18,Pirate's Eyepatch,face_equip#86,カイゾクノガンタイ
face_equip,0x08C6E1EC,0x08C6D4F8,38,An eyepatch for a Pirate recognized as the Descender.,face_equip#87,ディセンダーと認められた海賊専用の眼帯
face_equip,0x08C6E218,0x08C6D520,18,Viking Patch,face_equip#88,ヴァイキングパッチ
face_equip,0x08C6E21C,0x08C6D520,18,Viking Patch,face_equip#88,ヴァイキングパッチ
face_equip,0x08C6E220,0x08C6D534,40,An eyepatch crafted for a Pirate who is the Descender.,face_equip#89,ディセンダーの為に作られた海賊専用の眼帯
face_equip,0x08C6E24C,0x08C6D560,16,Stylish Glasses A,face_equip#90,オシャレグラスＡ
face_equip,0x08C6E250,0x08C6D560,16,Stylish Glasses A,face_equip#90,オシャレグラスＡ
face_equip,0x08C6E254,0x08C6D574,16,Intellectual red-rimmed glasses.,face_equip#91,知的な縁赤メガネ
face_equip,0x08C6E280,0x08C6D588,16,Stylish Glasses B,face_equip#92,オシャレグラスＢ
face_equip,0x08C6E284,0x08C6D588,16,Stylish Glasses B,face_equip#92,オシャレグラスＢ
face_equip,0x08C6E288,0x08C6D59C,16,Intellectual black-rimmed glasses.,face_equip#93,知的な縁黒メガネ
face_equip,0x08C6E2B4,0x08C6D5B0,16,Stylish Glasses C,face_equip#94,オシャレグラスＣ
face_equip,0x08C6E2B8,0x08C6D5B0,16,Stylish Glasses C,face_equip#94,オシャレグラスＣ
face_equip,0x08C6E2BC,0x08C6D5C4,16,Intellectual blue-rimmed glasses.,face_equip#95,知的な縁青メガネ
face_equip,0x08C6E2E8,0x08C6D5D8,16,Stylish Glasses D,face_equip#96,オシャレグラスＤ
face_equip,0x08C6E2EC,0x08C6D5D8,16,Stylish Glasses D,face_equip#96,オシャレグラスＤ
face_equip,0x08C6E2F0,0x08C6D5EC,16,Intellectual green-rimmed glasses.,face_equip#97,知的な縁緑メガネ
face_equip,0x08C6E31C,0x08C6D600,16,Stylish Glasses E,face_equip#98,オシャレグラスＥ
face_equip,0x08C6E320,0x08C6D600,16,Stylish Glasses E,face_equip#98,オシャレグラスＥ
face_equip,0x08C6E324,0x08C6D614,16,Intellectual yellow-rimmed glasses.,face_equip#99,知的な縁黄メガネ
face_equip,0x08C6E350,0x08C6D628,14,Round-Rim Glasses A,face_equip#100,丸ブチメガネＡ
face_equip,0x08C6E354,0x08C6D638,16,Round-Rim Glasses A,face_equip#101,マルブチメガネＡ
face_equip,0x08C6E358,0x08C6D64C,28,Academic black-rimmed glasses.,face_equip#102,アカデミックな縁黒メガネです
face_equip,0x08C6E384,0x08C6D66C,14,Round-Rim Glasses B,face_equip#103,丸ブチメガネＢ
face_equip,0x08C6E388,0x08C6D67C,16,Round-Rim Glasses B,face_equip#104,マルブチメガネＢ
face_equip,0x08C6E38C,0x08C6D690,28,Academic purple-rimmed glasses.,face_equip#105,アカデミックな縁紫メガネです
face_equip,0x08C6E3B8,0x08C6D6B0,14,Round-Rim Glasses C,face_equip#106,丸ブチメガネＣ
face_equip,0x08C6E3BC,0x08C6D6C0,16,Round-Rim Glasses C,face_equip#107,マルブチメガネＣ
face_equip,0x08C6E3C0,0x08C6D6D4,28,Academic orange-rimmed glasses.,face_equip#108,アカデミックな縁橙メガネです
face_equip,0x08C6E3EC,0x08C6D6F4,14,Round-Rim Glasses D,face_equip#109,丸ブチメガネＤ
face_equip,0x08C6E3F0,0x08C6D704,16,Round-Rim Glasses D,face_equip#110,マルブチメガネＤ
face_equip,0x08C6E3F4,0x08C6D718,28,Academic blue-rimmed glasses.,face_equip#111,アカデミックな縁青メガネです
face_equip,0x08C6E420,0x08C6D738,14,Round-Rim Glasses E,face_equip#112,丸ブチメガネＥ
face_equip,0x08C6E424,0x08C6D748,16,Round-Rim Glasses E,face_equip#113,マルブチメガネＥ
face_equip,0x08C6E428,0x08C6D75C,28,Academic pink-rimmed glasses.,face_equip#114,アカデミックな縁桃メガネです
face_equip,0x08C6E454,0x08C6D77C,12,Sunglasses A,face_equip#115,サングラスＡ
face_equip,0x08C6E458,0x08C6D77C,12,Sunglasses A,face_equip#115,サングラスＡ
face_equip,0x08C6E45C,0x08C6D78C,44,A splendid touch of rebel charm. Basic black.,face_equip#116,チョイ悪を華麗に演出します。ベーシックな黒色
face_equip,0x08C6E488,0x08C6D7BC,12,Sunglasses B,face_equip#117,サングラスＢ
face_equip,0x08C6E48C,0x08C6D7BC,12,Sunglasses B,face_equip#117,サングラスＢ
face_equip,0x08C6E490,0x08C6D7CC,40,A splendid touch of rebel charm. Silver rims.,face_equip#118,チョイ悪を華麗に演出します。縁がシルバー
face_equip,0x08C6E4BC,0x08C6D7F8,12,Sunglasses C,face_equip#119,サングラスＣ
face_equip,0x08C6E4C0,0x08C6D7F8,12,Sunglasses C,face_equip#119,サングラスＣ
face_equip,0x08C6E4C4,0x08C6D808,34,A splendid touch of rebel charm. Green rims.,face_equip#120,チョイ悪を華麗に演出します。縁が緑
face_equip,0x08C6E4F0,0x08C6D82C,12,Sunglasses D,face_equip#121,サングラスＤ
face_equip,0x08C6E4F4,0x08C6D82C,12,Sunglasses D,face_equip#121,サングラスＤ
face_equip,0x08C6E4F8,0x08C6D83C,38,A splendid touch of rebel charm. Blue rims.,face_equip#122,チョイ悪を華麗に演出します。縁がブルー
face_equip,0x08C6E524,0x08C6D864,16,Yellow Sunglasses,face_equip#123,黄色いサングラス
face_equip,0x08C6E528,0x08C6D878,18,Yellow Sunglasses,face_equip#124,キイロイサングラス
face_equip,0x08C6E52C,0x08C6D88C,32,"They are tinted, but you can see decently.",face_equip#125,色つきですが、それなりに見えます
face_equip,0x08C6E558,0x08C6D8B0,12,Fake Glasses A,face_equip#126,ダテめがねＡ
face_equip,0x08C6E55C,0x08C6D8C0,12,Fake Glasses A,face_equip#127,ダテメガネＡ
face_equip,0x08C6E560,0x08C6D8D0,24,Fake glasses with spiral swirls.,face_equip#128,ぐるぐる模様のダテめがね
face_equip,0x08C6E58C,0x08C6D8EC,12,Fake Glasses B,face_equip#129,ダテめがねＢ
face_equip,0x08C6E590,0x08C6D8FC,12,Fake Glasses B,face_equip#130,ダテメガネＢ
face_equip,0x08C6E594,0x08C6D90C,22,Fake glasses with cross marks.,face_equip#131,バッテン印のダテめがね
face_equip,0x08C6E5C0,0x08C6D924,12,Fake Glasses C,face_equip#132,ダテめがねＣ
face_equip,0x08C6E5C4,0x08C6D934,12,Fake Glasses C,face_equip#133,ダテメガネＣ
face_equip,0x08C6E5C8,0x08C6D944,20,Fake glasses with heart marks.,face_equip#134,ハート印のダテめがね
face_equip,0x08C6E5F4,0x08C6D95C,12,Fake Glasses D,face_equip#135,ダテめがねＤ
face_equip,0x08C6E5F8,0x08C6D96C,12,Fake Glasses D,face_equip#136,ダテメガネＤ
face_equip,0x08C6E5FC,0x08C6D97C,34,Fake glasses that create a closed-eyes look!,face_equip#137,目を閉じ閉じ！を演出するダテめがね
face_equip,0x08C6E628,0x08C6D9A0,12,Fake Glasses E,face_equip#138,ダテめがねＥ
face_equip,0x08C6E62C,0x08C6D9B0,12,Fake Glasses E,face_equip#139,ダテメガネＥ
face_equip,0x08C6E630,0x08C6D9C0,44,"Fake glasses whose charm point is wide, open eyes.",face_equip#140,パッチリお目々がチャームポイントのダテめがね
face_equip,0x08C6E65C,0x08C6D9F0,8,Disguise Glasses A,face_equip#141,鼻眼鏡Ａ
face_equip,0x08C6E660,0x08C6D9FC,12,Disguise Glasses A,face_equip#142,ハナメガネＡ
face_equip,0x08C6E664,0x08C6DA0C,32,A splendid mustache that exudes dandyism.,face_equip#143,華麗なヒゲが、ダンディズムを演出
face_equip,0x08C6E698,0x08C6DA0C,32,A splendid mustache that exudes dandyism.,face_equip#143,華麗なヒゲが、ダンディズムを演出
face_equip,0x08C6E6CC,0x08C6DA0C,32,A splendid mustache that exudes dandyism.,face_equip#143,華麗なヒゲが、ダンディズムを演出
face_equip,0x08C6E700,0x08C6DA0C,32,A splendid mustache that exudes dandyism.,face_equip#143,華麗なヒゲが、ダンディズムを演出
face_equip,0x08C6E734,0x08C6DA0C,32,A splendid mustache that exudes dandyism.,face_equip#143,華麗なヒゲが、ダンディズムを演出
face_equip,0x08C6E690,0x08C6DA30,8,Disguise Glasses B,face_equip#144,鼻眼鏡Ｂ
face_equip,0x08C6E694,0x08C6DA3C,12,Disguise Glasses B,face_equip#145,ハナメガネＢ
face_equip,0x08C6E6C4,0x08C6DA4C,8,Disguise Glasses C,face_equip#146,鼻眼鏡Ｃ
face_equip,0x08C6E6C8,0x08C6DA58,12,Disguise Glasses C,face_equip#147,ハナメガネＣ
face_equip,0x08C6E6F8,0x08C6DA68,8,Disguise Glasses D,face_equip#148,鼻眼鏡Ｄ
face_equip,0x08C6E6FC,0x08C6DA74,12,Disguise Glasses D,face_equip#149,ハナメガネＤ
face_equip,0x08C6E72C,0x08C6DA84,8,Disguise Glasses E,face_equip#150,鼻眼鏡Ｅ
face_equip,0x08C6E730,0x08C6DA90,12,Disguise Glasses E,face_equip#151,ハナメガネＥ
face_equip,0x08C6E760,0x08C6DAA0,12,Sync's Mask,face_equip#152,シンクの仮面
face_equip,0x08C6E764,0x08C6DAB0,14,Sync's Mask,face_equip#153,シンクノカメン
face_equip,0x08C6E768,0x08C6DAC0,38,That popular character's mask is here at last!,face_equip#154,あの人気キャラクターの仮面が今ここに！
face_equip,0x08C6E794,0x08C6DAE8,16,Max Value (Face Gear),face_equip#155,最大値（顔装備）
body_equip,0x08C73388,0x08C6E7E0,14,Leather Armor,body_equip#0,レザーアーマー
body_equip,0x08C7338C,0x08C6E7E0,14,Leather Armor,body_equip#0,レザーアーマー
body_equip,0x08C73390,0x08C6E7F0,8,Armor made of leather.,body_equip#1,革製の鎧
body_equip,0x08C733BC,0x08C6E7FC,18,Nebula Jacket,body_equip#2,ネビュラジャケット
body_equip,0x08C733C0,0x08C6E7FC,18,Nebula Jacket,body_equip#2,ネビュラジャケット
body_equip,0x08C733C4,0x08C6E810,28,A jacket praised as being nebula-class.,body_equip#3,星雲級と称えられたジャケット
body_equip,0x08C733F0,0x08C6E830,16,Brahmi Mail,body_equip#4,ブラフミーメイル
body_equip,0x08C733F4,0x08C6E830,16,Brahmi Mail,body_equip#4,ブラフミーメイル
body_equip,0x08C733F8,0x08C6E844,28,Armor bearing the name of the sacred herb Brahmi.,body_equip#5,霊草ブラフミーの名を冠する鎧
body_equip,0x08C73424,0x08C6E864,14,Bikini Armor,body_equip#6,ビキニアーマー
body_equip,0x08C73428,0x08C6E864,14,Bikini Armor,body_equip#6,ビキニアーマー
body_equip,0x08C7342C,0x08C6E874,42,Armor with excellent defense despite its revealing appearance.,body_equip#7,見た目の露出度とは裏腹に防御力には優れた鎧
body_equip,0x08C73458,0x08C6E8A0,14,Infantry Jaeger Armor,body_equip#8,歩兵隊猟兵の鎧
body_equip,0x08C7345C,0x08C6E8B0,28,Infantry Jaeger Armor,body_equip#9,ホヘイタイリョウヘイノヨロイ
body_equip,0x08C73460,0x08C6E8D0,24,Armor issued to infantry jaegers.,body_equip#10,歩兵隊猟兵に支給される鎧
body_equip,0x08C7348C,0x08C6E8EC,14,Iron Mail,body_equip#11,アイアンメイル
body_equip,0x08C73490,0x08C6E8EC,14,Iron Mail,body_equip#11,アイアンメイル
body_equip,0x08C73494,0x08C6E8FC,8,Armor made of iron.,body_equip#12,鉄製の鎧
body_equip,0x08C734C0,0x08C6E908,14,Trunk Mail,body_equip#13,トランクメイル
body_equip,0x08C734C4,0x08C6E908,14,Trunk Mail,body_equip#13,トランクメイル
body_equip,0x08C734C8,0x08C6E918,28,Light armor adorned with small metal plates.,body_equip#14,小さな金属板をあしらった軽鎧
body_equip,0x08C734F4,0x08C6E938,10,Lone Wolf Vest,body_equip#15,孤狼の胴衣
body_equip,0x08C734F8,0x08C6E944,14,Lone Wolf Vest,body_equip#16,コロウノドウイ
body_equip,0x08C734FC,0x08C6E954,34,A vest said to be worn by lone wolf warriors.,body_equip#17,一匹狼の戦士が身に着けるという胴衣
body_equip,0x08C73528,0x08C6E978,8,Lesser Dragon Armor,body_equip#18,小龍の鎧
body_equip,0x08C7352C,0x08C6E984,20,Lesser Dragon Armor,body_equip#19,ショウリュウノヨロイ
body_equip,0x08C73530,0x08C6E99C,26,Armor said to harbor the soul of a lesser dragon.,body_equip#20,小龍の魂が宿るといわれる鎧
body_equip,0x08C7355C,0x08C6E9B8,22,Gladiator Chest,body_equip#21,グラディエータチェスト
body_equip,0x08C73560,0x08C6E9B8,22,Gladiator Chest,body_equip#21,グラディエータチェスト
body_equip,0x08C73564,0x08C6E9D0,20,Armor worn by gladiators.,body_equip#22,剣闘士が身に着ける鎧
body_equip,0x08C73590,0x08C6E9E8,16,Field Skin,body_equip#23,フィールドスキン
body_equip,0x08C73594,0x08C6E9E8,16,Field Skin,body_equip#23,フィールドスキン
body_equip,0x08C73598,0x08C6E9FC,26,Torso armor designed for ease of movement.,body_equip#24,動きやすさ重視の胴部用防具
body_equip,0x08C735C4,0x08C6EA18,14,Ashigaru General Armor,body_equip#25,足軽大将の甲冑
body_equip,0x08C735C8,0x08C6EA28,30,Ashigaru General Armor,body_equip#26,アシガルタイショウノカッチュウ
body_equip,0x08C735CC,0x08C6EA48,26,Armor worn by soldiers of the East.,body_equip#27,東方の兵士が着用していた鎧
body_equip,0x08C735F8,0x08C6EA64,14,Chief Plate,body_equip#28,チーフプレート
body_equip,0x08C735FC,0x08C6EA64,14,Chief Plate,body_equip#28,チーフプレート
body_equip,0x08C73600,0x08C6EA74,12,Armor for non-commissioned officers.,body_equip#29,下士官用の鎧
body_equip,0x08C7362C,0x08C6EA84,18,Onmitsu Jacket,body_equip#30,オンミツジャケット
body_equip,0x08C73630,0x08C6EA84,18,Onmitsu Jacket,body_equip#30,オンミツジャケット
body_equip,0x08C73634,0x08C6EA98,28,A jacket worn by covert agents.,body_equip#31,隠密が着用していたジャケット
body_equip,0x08C73660,0x08C6EAB8,16,Gothic Plate,body_equip#32,ゴシックプレート
body_equip,0x08C73664,0x08C6EAB8,16,Gothic Plate,body_equip#32,ゴシックプレート
body_equip,0x08C73668,0x08C6EACC,32,Torso section of full-body armor made via antique methods.,body_equip#33,古式の製法で作られた全身鎧の胴部
body_equip,0x08C73694,0x08C6EAF0,18,Germain Mail,body_equip#34,ジャーメインメイル
body_equip,0x08C73698,0x08C6EAF0,18,Germain Mail,body_equip#34,ジャーメインメイル
body_equip,0x08C7369C,0x08C6EB04,46,Armor worn by those who swear justice to the ancient saint Germain.,body_equip#35,古の聖人ジャーメインに正義を誓う者が着用する鎧
body_equip,0x08C736C8,0x08C6EB34,14,Musha Armor,body_equip#36,ムシャアーマー
body_equip,0x08C736CC,0x08C6EB34,14,Musha Armor,body_equip#36,ムシャアーマー
body_equip,0x08C736D0,0x08C6EB44,22,Armor reminiscent of an armored warrior.,body_equip#37,鎧武者を彷彿とさせる鎧
body_equip,0x08C736FC,0x08C6EB5C,14,Knight Plate,body_equip#38,ナイトプレート
body_equip,0x08C73700,0x08C6EB5C,14,Knight Plate,body_equip#38,ナイトプレート
body_equip,0x08C73704,0x08C6EB6C,34,Armor bestowed upon those who hold the title of Knight.,body_equip#39,ナイトの称号を持つ者に与えられる鎧
body_equip,0x08C73730,0x08C6EB90,12,Nahla Mail,body_equip#40,ナハラメイル
body_equip,0x08C73734,0x08C6EB90,12,Nahla Mail,body_equip#40,ナハラメイル
body_equip,0x08C73738,0x08C6EBA0,34,Armor whose name means bee in the magical land of 1001 Nights.,body_equip#41,千夜一夜の魔法の国で蜂を意味する鎧
body_equip,0x08C73764,0x08C6EBC4,18,Ganesha Plate,body_equip#42,ガネーシャプレート
body_equip,0x08C73768,0x08C6EBC4,18,Ganesha Plate,body_equip#42,ガネーシャプレート
body_equip,0x08C7376C,0x08C6EBD8,28,Armor bearing the name of the beast god Ganesha.,body_equip#43,獣神ガネーシャの名を冠する鎧
body_equip,0x08C73798,0x08C6EBF8,10,Knights' Armor,body_equip#44,騎士団の鎧
body_equip,0x08C7379C,0x08C6EC04,16,Knights' Armor,body_equip#45,キシダンノヨロイ
body_equip,0x08C737A0,0x08C6EC18,22,Armor that serves as proof of membership in the knighthood.,body_equip#46,騎士団所属の証となる鎧
body_equip,0x08C737CC,0x08C6EC30,14,Cross Armor,body_equip#47,クロスアーマー
body_equip,0x08C737D0,0x08C6EC30,14,Cross Armor,body_equip#47,クロスアーマー
body_equip,0x08C737D4,0x08C6EC40,24,Armor overflowing with solid defense and heft.,body_equip#48,堅い守りと重量感溢れる鎧
body_equip,0x08C73800,0x08C6EC5C,14,Bone Plate,body_equip#49,ボーンプレート
body_equip,0x08C73804,0x08C6EC5C,14,Bone Plate,body_equip#49,ボーンプレート
body_equip,0x08C73808,0x08C6EC6C,22,Torso section of armor with an eerie design.,body_equip#50,不気味な意匠の鎧の胴部
body_equip,0x08C73834,0x08C6EC84,16,Great Plate,body_equip#51,グレートプレート
body_equip,0x08C73838,0x08C6EC84,16,Great Plate,body_equip#51,グレートプレート
body_equip,0x08C7383C,0x08C6EC98,22,Armor with outstanding defense and intimidating presence.,body_equip#52,抜群の防御と威圧感の鎧
body_equip,0x08C73868,0x08C6ECB0,16,Astaroth Mail,body_equip#53,アスタロトメイル
body_equip,0x08C7386C,0x08C6ECB0,16,Astaroth Mail,body_equip#53,アスタロトメイル
body_equip,0x08C73870,0x08C6ECC4,42,"Mail blessed by Astaroth, Grand Duke of the Netherworld.",body_equip#54,魔界の大公爵アスタロトの福音を受けたメイル
body_equip,0x08C7389C,0x08C6ECF0,20,Novice Mercenary Jacket,body_equip#55,新米傭兵のジャケット
body_equip,0x08C738A0,0x08C6ED08,28,Novice Mercenary Jacket,body_equip#56,シンマイヨウヘイノジャケット
body_equip,0x08C738A4,0x08C6ED28,28,A jacket worn by novice mercenaries.,body_equip#57,新米傭兵が着用するジャケット
body_equip,0x08C738D0,0x08C6ED48,16,Quilted Jacket,body_equip#58,キルトジャケット
body_equip,0x08C738D4,0x08C6ED48,16,Quilted Jacket,body_equip#58,キルトジャケット
body_equip,0x08C738D8,0x08C6ED5C,28,A jacket that heavily utilizes thick fabric.,body_equip#59,厚手の布を多用したジャケット
body_equip,0x08C73904,0x08C6ED7C,20,Falcon Jacket,body_equip#60,ファルコンジャケット
body_equip,0x08C73908,0x08C6ED7C,20,Falcon Jacket,body_equip#60,ファルコンジャケット
body_equip,0x08C7390C,0x08C6ED94,52,"A jacket blessed by Falcon, guardian deity of a certain tribe.",body_equip#61,とある民族の守り神ファルコンの加護を受けたジャケット
body_equip,0x08C73938,0x08C6EDCC,22,Steer Wrestler Shirt,body_equip#62,スティアレスラーシャツ
body_equip,0x08C7393C,0x08C6EDCC,22,Steer Wrestler Shirt,body_equip#62,スティアレスラーシャツ
body_equip,0x08C73940,0x08C6EDE4,32,A shirt worn by those who chase fleeing cattle.,body_equip#63,逃げる牛を追う者が着用するシャツ
body_equip,0x08C7396C,0x08C6EE08,8,Vest of Exquisite Light,body_equip#64,妙光胴衣
body_equip,0x08C73970,0x08C6EE14,16,Vest of Exquisite Light,body_equip#65,ミョウコウドウイ
body_equip,0x08C73974,0x08C6EE28,20,A vest filled with exquisite light.,body_equip#66,妙なる光を湛えた胴衣
body_equip,0x08C739A0,0x08C6EE40,12,Monk's Kasaya,body_equip#67,修行僧の袈裟
body_equip,0x08C739A4,0x08C6EE50,20,Monk's Kasaya,body_equip#68,シュギョウソウノケサ
body_equip,0x08C739A8,0x08C6EE68,30,A kasaya worn by ascetic monks in training.,body_equip#69,修行に励む修行僧が着用する袈裟
body_equip,0x08C739D4,0x08C6EE88,24,Survival Overalls,body_equip#70,サバイバルオーバーオール
body_equip,0x08C739D8,0x08C6EE88,24,Survival Overalls,body_equip#70,サバイバルオーバーオール
body_equip,0x08C739DC,0x08C6EEA4,36,Overalls well-suited for survival activities.,body_equip#71,サバイバル活動に適したオーバーオール
body_equip,0x08C73A08,0x08C6EECC,12,Soldier's Coat,body_equip#72,兵士のコート
body_equip,0x08C73A0C,0x08C6EEDC,14,Soldier's Coat,body_equip#73,ヘイシノコート
body_equip,0x08C73A10,0x08C6EEEC,30,A coat worn by soldiers on patrol duty.,body_equip#74,兵士が巡回警備で着用するコート
body_equip,0x08C73A3C,0x08C6EF0C,18,Gunner Jacket,body_equip#75,ガンナージャケット
body_equip,0x08C73A40,0x08C6EF0C,18,Gunner Jacket,body_equip#75,ガンナージャケット
body_equip,0x08C73A44,0x08C6EF20,34,A jacket worn by wandering gunners.,body_equip#76,流浪のガンマンが着用するジャケット
body_equip,0x08C73A70,0x08C6EF44,12,Monk's Cloth Armor,body_equip#77,修行僧の布鎧
body_equip,0x08C73A74,0x08C6EF54,26,Monk's Cloth Armor,body_equip#78,シュギョウソウノヌノヨロイ
body_equip,0x08C73A78,0x08C6EF70,22,Cloth armor worn by ascetic monks facing rigorous trials.,body_equip#79,荒行に挑む修行僧の布鎧
body_equip,0x08C73AA4,0x08C6EF88,16,Captain's Suit,body_equip#80,キャプテンスーツ
body_equip,0x08C73AA8,0x08C6EF88,16,Captain's Suit,body_equip#80,キャプテンスーツ
body_equip,0x08C73AAC,0x08C6EF9C,20,A suit worn by ship captains.,body_equip#81,船長が着用するスーツ
body_equip,0x08C73AD8,0x08C6EFB4,16,Tsuchigumo Slayer Garb,body_equip#82,土蜘蛛討ちの装束
body_equip,0x08C73ADC,0x08C6EFC8,24,Tsuchigumo Slayer Garb,body_equip#83,ツチグモウチノショウゾク
body_equip,0x08C73AE0,0x08C6EFE4,38,Garb worn by those who subjugate the monster Tsuchigumo.,body_equip#84,物の怪土蜘蛛を討伐する者が着用する装束
body_equip,0x08C73B0C,0x08C6F00C,10,Second Lieutenant Uniform,body_equip#85,少尉の制服
body_equip,0x08C73B10,0x08C6F018,14,Second Lieutenant Uniform,body_equip#86,ショウイノフク
body_equip,0x08C73B14,0x08C6F028,24,A uniform that signifies the rank of second lieutenant.,body_equip#87,少尉の階級の証である制服
body_equip,0x08C73B40,0x08C6F044,18,Misty Jacket,body_equip#88,ミスティジャケット
body_equip,0x08C73B44,0x08C6F044,18,Misty Jacket,body_equip#88,ミスティジャケット
body_equip,0x08C73B48,0x08C6F058,30,A jacket worn by foreign warriors.,body_equip#89,異国の戦士が着用するジャケット
body_equip,0x08C73B74,0x08C6F078,20,Spider Jacket,body_equip#90,スパイダージャケット
body_equip,0x08C73B78,0x08C6F078,20,Spider Jacket,body_equip#90,スパイダージャケット
body_equip,0x08C73B7C,0x08C6F090,46,A jacket consecrated by the shaman Yellow Spider.,body_equip#91,呪術師イエロー・スパイダーが祈祷したジャケット
body_equip,0x08C73BA8,0x08C6F0C0,14,Hitman's Suit,body_equip#92,殺し屋のスーツ
body_equip,0x08C73BAC,0x08C6F0D0,16,Hitman's Suit,body_equip#93,コロシヤノスーツ
body_equip,0x08C73BB0,0x08C6F0E4,30,A suit worn by freelance hitmen.,body_equip#94,フリーの殺し屋が着用するスーツ
body_equip,0x08C73BDC,0x08C6F104,8,Kung Fu Robe,body_equip#95,功夫の衣
body_equip,0x08C73BE0,0x08C6F110,16,Kung Fu Robe,body_equip#96,クンフーノコロモ
body_equip,0x08C73BE4,0x08C6F124,32,A robe worn by novice kung fu practitioners.,body_equip#97,入門したての功夫使いが着用する衣
body_equip,0x08C73C10,0x08C6F148,14,Dog Trainer Uniform,body_equip#98,犬調教師の制服
body_equip,0x08C73C14,0x08C6F158,28,Dog Trainer Uniform,body_equip#99,イヌチョウキョウシノセイフク
body_equip,0x08C73C18,0x08C6F178,36,A uniform worn by professional dog trainers.,body_equip#100,犬の調教を生業とする者が着用する制服
body_equip,0x08C73C44,0x08C6F1A0,10,Scholar's Uniform,body_equip#101,学士の制服
body_equip,0x08C73C48,0x08C6F1AC,16,Scholar's Uniform,body_equip#102,ガクシノセイフク
body_equip,0x08C73C4C,0x08C6F1C0,28,A uniform prescribed by school regulations for scholars.,body_equip#103,校則に定められた学士用の制服
body_equip,0x08C73C78,0x08C6F1E0,10,Hiramai Dance Garb,body_equip#104,平舞の装束
body_equip,0x08C73C7C,0x08C6F1EC,20,Hiramai Dance Garb,body_equip#105,ヒラマイノショウゾク
body_equip,0x08C73C80,0x08C6F204,34,Garb worn by those performing serene dances in sacred rites.,body_equip#106,神前儀式で静穏な動きで舞う者の装束
body_equip,0x08C73CAC,0x08C6F228,16,Bandit Jacket,body_equip#107,野盗のジャケット
body_equip,0x08C73CB0,0x08C6F23C,18,Bandit Jacket,body_equip#108,ヤトウノジャケット
body_equip,0x08C73CB4,0x08C6F250,30,A jacket favored by bandits.,body_equip#109,野盗が好んで装備するジャケット
body_equip,0x08C73CE0,0x08C6F270,8,Suzaku Robe,body_equip#110,朱雀の衣
body_equip,0x08C73CE4,0x08C6F27C,14,Suzaku Robe,body_equip#111,スザクノコロモ
body_equip,0x08C73CE8,0x08C6F28C,24,Clothing bearing the name of the sacred beast Suzaku.,body_equip#112,聖獣朱雀の名を冠する衣服
body_equip,0x08C73D14,0x08C6F2A8,14,Novice's Robe,body_equip#113,新参者のローブ
body_equip,0x08C73D18,0x08C6F2B8,20,Novice's Robe,body_equip#114,シンザンシャノローブ
body_equip,0x08C73D1C,0x08C6F2D0,28,A robe worn by novice spellcasters.,body_equip#115,新参者の術士が着用するローブ
body_equip,0x08C73D48,0x08C6F2F0,16,Minor Adept's Cloak,body_equip#116,小達人のクローク
body_equip,0x08C73D4C,0x08C6F304,24,Minor Adept's Cloak,body_equip#117,ショウタツジンノクローク
body_equip,0x08C73D50,0x08C6F320,42,A cloak awarded to the rank of Minor Adept in magical societies.,body_equip#118,魔術結社で小達人の階位に与えられるクローク
body_equip,0x08C73D7C,0x08C6F34C,16,Indigo Suit,body_equip#119,インディゴスーツ
body_equip,0x08C73D80,0x08C6F34C,16,Indigo Suit,body_equip#119,インディゴスーツ
body_equip,0x08C73D84,0x08C6F360,12,A suit dyed with indigo.,body_equip#120,藍染のスーツ
body_equip,0x08C73DB0,0x08C6F370,16,Rave Jacket,body_equip#121,レイヴジャケット
body_equip,0x08C73DB4,0x08C6F370,16,Rave Jacket,body_equip#121,レイヴジャケット
body_equip,0x08C73DB8,0x08C6F384,42,A jacket worn by those dancing in search of soul liberation.,body_equip#122,魂の開放を求めて踊る者が着用するジャケット
body_equip,0x08C73DE4,0x08C6F3B0,18,Major Service Dress Uniform,body_equip#123,軍少佐第二種礼装服
body_equip,0x08C73DE8,0x08C6F3C4,34,Major Service Dress Uniform,body_equip#124,グンショウサダイニシュレイソウフク
body_equip,0x08C73DEC,0x08C6F3E8,44,A robe for Type 2 dress uniform worn by the rank of Major.,body_equip#125,少佐の階級の者が着用する第二種礼装用のローブ
body_equip,0x08C73E18,0x08C6F418,16,Helper Cloak,body_equip#126,ヘルパークローク
body_equip,0x08C73E1C,0x08C6F418,16,Helper Cloak,body_equip#126,ヘルパークローク
body_equip,0x08C73E20,0x08C6F42C,30,A cloak worn by maids and helpers.,body_equip#127,お手伝いさんが着用するクローク
body_equip,0x08C73E4C,0x08C6F44C,12,Guard's Robe,body_equip#128,衛士のローブ
body_equip,0x08C73E50,0x08C6F45C,14,Guard's Robe,body_equip#129,エイシノローブ
body_equip,0x08C73E54,0x08C6F46C,28,A robe worn by spellcasters who serve as castle guards.,body_equip#130,城の衛士となった術者のローブ
body_equip,0x08C73E80,0x08C6F48C,10,Tactician's Kimono,body_equip#131,策士の着物
body_equip,0x08C73E84,0x08C6F498,14,Tactician's Kimono,body_equip#132,サクシノキモノ
body_equip,0x08C73E88,0x08C6F4A8,24,A kimono favored by tacticians.,body_equip#133,策士が好んで着用する着物
body_equip,0x08C73EB4,0x08C6F4C4,18,Fortune Robe,body_equip#134,フォーチュンローブ
body_equip,0x08C73EB8,0x08C6F4C4,18,Fortune Robe,body_equip#134,フォーチュンローブ
body_equip,0x08C73EBC,0x08C6F4D8,22,A robe for those who seek fortune.,body_equip#135,幸運を求めし者のローブ
body_equip,0x08C73EE8,0x08C6F4F0,16,Respect Garb,body_equip#136,リスペクトガーブ
body_equip,0x08C73EEC,0x08C6F4F0,16,Respect Garb,body_equip#136,リスペクトガーブ
body_equip,0x08C73EF0,0x08C6F504,30,Garb worn by spellcasters who command universal respect.,body_equip#137,尊敬を一身に集める術士のガーブ
body_equip,0x08C73F1C,0x08C6F524,12,Aria Garb,body_equip#138,アリアガーブ
body_equip,0x08C73F20,0x08C6F524,12,Aria Garb,body_equip#138,アリアガーブ
body_equip,0x08C73F24,0x08C6F534,18,Garb made for chanters.,body_equip#139,詠唱者の為のガーブ
body_equip,0x08C73F50,0x08C6F548,10,Excommunicate's Robe,body_equip#140,破門者の衣
body_equip,0x08C73F54,0x08C6F554,18,Excommunicate's Robe,body_equip#141,ハモンモノノコロモ
body_equip,0x08C73F58,0x08C6F568,26,A robe worn by spellcasters excommunicated for breaking the tenets.,body_equip#142,掟を破り破門された術士の衣
body_equip,0x08C73F84,0x08C6F584,14,Magical Suit,body_equip#143,マジカルスーツ
body_equip,0x08C73F88,0x08C6F584,14,Magical Suit,body_equip#143,マジカルスーツ
body_equip,0x08C73F8C,0x08C6F594,34,A cute outfit imbued with mysterious magical power.,body_equip#144,不思議な魔力が込められた可愛い衣装
body_equip,0x08C73FB8,0x08C6F5B8,14,Arion's Mantle,body_equip#145,アリオンの外套
body_equip,0x08C73FBC,0x08C6F5C8,18,Arion's Mantle,body_equip#146,アリオンノガイトウ
body_equip,0x08C73FC0,0x08C6F5DC,34,A mantle that received vibrations from the cosmic entity Arion.,body_equip#147,宇宙存在アリオンの波動を受けた外套
body_equip,0x08C73FEC,0x08C6F600,12,Ihasaku's Robe,body_equip#148,イハサクの衣
body_equip,0x08C73FF0,0x08C6F610,16,Ihasaku's Robe,body_equip#149,イハサクノコロモ
body_equip,0x08C73FF4,0x08C6F624,34,"A robe blessed by Ihasaku, secret god of the East.",body_equip#150,東方の秘神イハサクの加護を受けた衣
body_equip,0x08C74020,0x08C6F648,14,Prayer Robe,body_equip#151,祈祷師のローブ
body_equip,0x08C74024,0x08C6F658,16,Prayer Robe,body_equip#152,キトウシノローブ
body_equip,0x08C74028,0x08C6F66C,28,Durable garb built to withstand intense prayer.,body_equip#153,激しい祈りに耐える丈夫な装束
body_equip,0x08C74054,0x08C6F68C,14,Medea Garb,body_equip#154,メディアガーブ
body_equip,0x08C74058,0x08C6F68C,14,Medea Garb,body_equip#154,メディアガーブ
body_equip,0x08C7405C,0x08C6F69C,32,Garb for worshippers of the ancient moon goddess.,body_equip#155,古き月の女神を信仰する者のガーブ
body_equip,0x08C74088,0x08C6F6C0,16,Pilgrim Robe,body_equip#156,ピルグリムローブ
body_equip,0x08C7408C,0x08C6F6C0,16,Pilgrim Robe,body_equip#156,ピルグリムローブ
body_equip,0x08C74090,0x08C6F6D4,28,Garb worn by foreign pilgrims.,body_equip#157,異国の巡礼者が身に着ける装束
body_equip,0x08C740BC,0x08C6F6F4,10,Court Noble's Kimono,body_equip#158,公家の着物
body_equip,0x08C740C0,0x08C6F700,12,Court Noble's Kimono,body_equip#159,クゲノキモノ
body_equip,0x08C740C4,0x08C6F710,24,A kimono worn by nobles of the East.,body_equip#160,東方の貴族が着用する着物
body_equip,0x08C740F0,0x08C6F72C,20,Consigliere Suit,body_equip#161,コンシリエーレスーツ
body_equip,0x08C740F4,0x08C6F72C,20,Consigliere Suit,body_equip#161,コンシリエーレスーツ
body_equip,0x08C740F8,0x08C6F744,36,A suit worn by mafia consiglieri.,body_equip#162,マフィアの相談役顧問が着用するスーツ
body_equip,0x08C74124,0x08C6F76C,14,White Garb,body_equip#163,ホワイトガーブ
body_equip,0x08C74128,0x08C6F76C,14,White Garb,body_equip#163,ホワイトガーブ
body_equip,0x08C7412C,0x08C6F77C,24,Garb that radiates a clean white feeling.,body_equip#164,白くて清潔感が漂うガーブ
body_equip,0x08C74158,0x08C6F798,12,Onmyouji's Clothing,body_equip#165,陰陽師の衣服
body_equip,0x08C7415C,0x08C6F7A8,20,Onmyouji's Clothing,body_equip#166,オンミョウジノイフク
body_equip,0x08C74160,0x08C6F7C0,22,Ritual clothing worn by Onmyouji.,body_equip#167,陰陽師が着る儀式用の衣
body_equip,0x08C7418C,0x08C6F7D8,16,Blink Cloak,body_equip#168,ブリンククローク
body_equip,0x08C74190,0x08C6F7D8,16,Blink Cloak,body_equip#168,ブリンククローク
body_equip,0x08C74194,0x08C6F7EC,30,A cloak fashioned in the image of sparkling stars.,body_equip#169,煌めく星をイメージしたクローク
body_equip,0x08C741C0,0x08C6F80C,18,Ancient Garb,body_equip#170,エンシェントガーブ
body_equip,0x08C741C4,0x08C6F80C,18,Ancient Garb,body_equip#170,エンシェントガーブ
body_equip,0x08C741C8,0x08C6F820,28,Garb made using antiquated techniques.,body_equip#171,古くさい製法で作られたガーブ
body_equip,0x08C741F4,0x08C6F840,20,Nightbreed Robe,body_equip#172,ナイトブリードローブ
body_equip,0x08C741F8,0x08C6F840,20,Nightbreed Robe,body_equip#172,ナイトブリードローブ
body_equip,0x08C741FC,0x08C6F858,24,A robe worn by creatures of darkness.,body_equip#173,闇の眷属が着用するローブ
body_equip,0x08C74228,0x08C6F874,20,Hard Leather Armor,body_equip#174,ハードレザーアーマー
body_equip,0x08C7422C,0x08C6F874,20,Hard Leather Armor,body_equip#174,ハードレザーアーマー
body_equip,0x08C74230,0x08C6F88C,20,Armor made of thick leather.,body_equip#175,厚手の革で作られた鎧
body_equip,0x08C7425C,0x08C6F8A4,22,Galaxy Jacket,body_equip#176,ギャラクシージャケット
body_equip,0x08C74260,0x08C6F8A4,22,Galaxy Jacket,body_equip#176,ギャラクシージャケット
body_equip,0x08C74264,0x08C6F8BC,28,A jacket praised as being galaxy-class.,body_equip#177,銀河級と称えられたジャケット
body_equip,0x08C74290,0x08C6F8DC,16,Garhina Mail,body_equip#178,ガルヒーナメイル
body_equip,0x08C74294,0x08C6F8DC,16,Garhina Mail,body_equip#178,ガルヒーナメイル
body_equip,0x08C74298,0x08C6F8F0,28,Armor bearing the name of the sacred herb Garhina.,body_equip#179,霊草ガルヒーナの名を冠する鎧
body_equip,0x08C742C4,0x08C6F910,18,Naked Armor,body_equip#180,ネイキッドアーマー
body_equip,0x08C742C8,0x08C6F910,18,Naked Armor,body_equip#180,ネイキッドアーマー
body_equip,0x08C742CC,0x08C6F924,44,Abandoning defense to focus on offense is the ultimate defense.,body_equip#181,守りを捨て攻撃に特化する事こそ最大の防御なり
body_equip,0x08C742F8,0x08C6F954,16,Mountain Jaeger Armor,body_equip#182,山岳兵隊猟兵の鎧
body_equip,0x08C742FC,0x08C6F968,34,Mountain Jaeger Armor,body_equip#183,サンガクヘイタイリョウヘイノヨロイ
body_equip,0x08C74300,0x08C6F98C,26,Armor issued to mountain jaegers.,body_equip#184,山岳兵隊猟兵に支給される鎧
body_equip,0x08C7432C,0x08C6F9A8,18,Tungsten Mail,body_equip#185,タングステンメイル
body_equip,0x08C74330,0x08C6F9A8,18,Tungsten Mail,body_equip#185,タングステンメイル
body_equip,0x08C74334,0x08C6F9BC,18,Armor made of tungsten.,body_equip#186,タングステン製の鎧
body_equip,0x08C74360,0x08C6F9D0,14,Bronze Mail,body_equip#187,ブロンズメイル
body_equip,0x08C74364,0x08C6F9D0,14,Bronze Mail,body_equip#187,ブロンズメイル
body_equip,0x08C74368,0x08C6F9E0,30,Light armor adorned with small bronze plates.,body_equip#188,小さな青銅の板をあしらった軽鎧
body_equip,0x08C74394,0x08C6FA00,10,Outlaw Vest,body_equip#189,無法の胴衣
body_equip,0x08C74398,0x08C6FA0C,14,Outlaw Vest,body_equip#190,ムホウノドウイ
body_equip,0x08C7439C,0x08C6FA1C,34,A vest said to be worn by outlaw warriors.,body_equip#191,無法者の戦士が身に着けるという胴衣
body_equip,0x08C743C8,0x08C6FA40,8,Dragon King Armor,body_equip#192,龍王の鎧
body_equip,0x08C743CC,0x08C6FA4C,18,Dragon King Armor,body_equip#193,リュウオウノヨロイ
body_equip,0x08C743D0,0x08C6FA60,26,Armor said to harbor the soul of the Dragon King.,body_equip#194,龍王の魂が宿るといわれる鎧
body_equip,0x08C743FC,0x08C6FA7C,14,Lord Chest,body_equip#195,ロードチェスト
body_equip,0x08C74400,0x08C6FA7C,14,Lord Chest,body_equip#195,ロードチェスト
body_equip,0x08C74404,0x08C6FA8C,26,Armor bestowed upon those who hold a noble title.,body_equip#196,爵位を持つ者に与えられる鎧
body_equip,0x08C74430,0x08C6FAA8,12,Gale Skin,body_equip#197,ゲイルスキン
body_equip,0x08C74434,0x08C6FAA8,12,Gale Skin,body_equip#197,ゲイルスキン
body_equip,0x08C74438,0x08C6FAB8,34,Torso armor enabling movements swift as the wind.,body_equip#198,風の如き動作を可能にした胴部用防具
body_equip,0x08C74464,0x08C6FADC,10,Benkei's Armor,body_equip#199,弁慶の甲冑
body_equip,0x08C74468,0x08C6FAE8,20,Benkei's Armor,body_equip#200,ベンケイノカッチュウ
body_equip,0x08C7446C,0x08C6FB00,30,"Armor once worn by Benkei, the giant warrior of the East.",body_equip#201,東方の大男弁慶が着用していた鎧
body_equip,0x08C74498,0x08C6FB20,18,Officer Plate,body_equip#202,オフィサープレート
body_equip,0x08C7449C,0x08C6FB20,18,Officer Plate,body_equip#202,オフィサープレート
body_equip,0x08C744A0,0x08C6FB34,10,Armor for commissioned officers.,body_equip#203,士官用の鎧
body_equip,0x08C744CC,0x08C6FB40,18,Ninja Jacket,body_equip#204,ニンジャジャケット
body_equip,0x08C744D0,0x08C6FB40,18,Ninja Jacket,body_equip#204,ニンジャジャケット
body_equip,0x08C744D4,0x08C6FB54,28,A jacket worn by ninja.,body_equip#205,忍者が着用していたジャケット
body_equip,0x08C74500,0x08C6FB74,16,Embossed Plate,body_equip#206,エンボスプレート
body_equip,0x08C74504,0x08C6FB74,16,Embossed Plate,body_equip#206,エンボスプレート
body_equip,0x08C74508,0x08C6FB88,26,Torso section of full-body armor with seamless construction.,body_equip#207,継ぎ目の少ない全身鎧の胴部
body_equip,0x08C74534,0x08C6FBA4,12,Kusumi Mail,body_equip#208,クスミメイル
body_equip,0x08C74538,0x08C6FBA4,12,Kusumi Mail,body_equip#208,クスミメイル
body_equip,0x08C7453C,0x08C6FBB4,40,Armor worn by those who swear justice to the ancient saint Kusumi.,body_equip#209,古の聖人クスミに正義を誓う者が着用する鎧
body_equip,0x08C74568,0x08C6FBE0,16,Sengoku Armor,body_equip#210,センゴクアーマー
body_equip,0x08C7456C,0x08C6FBE0,16,Sengoku Armor,body_equip#210,センゴクアーマー
body_equip,0x08C74570,0x08C6FBF4,24,Armor reminiscent of a Warring States warlord.,body_equip#211,戦国武将を彷彿とさせる鎧
body_equip,0x08C7459C,0x08C6FC10,14,Baron Plate,body_equip#212,バロンプレート
body_equip,0x08C745A0,0x08C6FC10,14,Baron Plate,body_equip#212,バロンプレート
body_equip,0x08C745A4,0x08C6FC20,34,Armor bestowed upon those who hold the title of Baron.,body_equip#213,バロンの称号を持つ者に与えられる鎧
body_equip,0x08C745D0,0x08C6FC44,16,Thu'ban Mail,body_equip#214,ソーバーンメイル
body_equip,0x08C745D4,0x08C6FC44,16,Thu'ban Mail,body_equip#214,ソーバーンメイル
body_equip,0x08C745D8,0x08C6FC58,34,Armor whose name means serpent in the magical land of 1001 Nights.,body_equip#215,千夜一夜の魔法の国で蛇を意味する鎧
body_equip,0x08C74604,0x08C6FC7C,18,Hanuman Plate,body_equip#216,ハヌマーンプレート
body_equip,0x08C74608,0x08C6FC7C,18,Hanuman Plate,body_equip#216,ハヌマーンプレート
body_equip,0x08C7460C,0x08C6FC90,28,Armor bearing the name of the beast god Hanuman.,body_equip#217,獣神ハヌマーンの名を冠する鎧
body_equip,0x08C74638,0x08C6FCB0,12,Holy Knights' Armor,body_equip#218,聖騎士団の鎧
body_equip,0x08C7463C,0x08C6FCC0,20,Holy Knights' Armor,body_equip#219,セイキシダンノヨロイ
body_equip,0x08C74640,0x08C6FCD8,24,Armor that serves as proof of membership in the Holy Knighthood.,body_equip#220,聖騎士団所属の証となる鎧
body_equip,0x08C7466C,0x08C6FCF4,16,Templar Armor,body_equip#221,テンプルアーマー
body_equip,0x08C74670,0x08C6FCF4,16,Templar Armor,body_equip#221,テンプルアーマー
body_equip,0x08C74674,0x08C6FD08,38,Torso section of silver full-body armor overflowing with solid defense and heft.,body_equip#222,堅い守りと重量感溢れる銀色全身鎧の胴部
body_equip,0x08C746A0,0x08C6FD30,14,Grim Plate,body_equip#223,グリムプレート
body_equip,0x08C746A4,0x08C6FD30,14,Grim Plate,body_equip#223,グリムプレート
body_equip,0x08C746A8,0x08C6FD40,20,Torso section of armor with an ominous design.,body_equip#224,不吉な意匠の鎧の胴部
body_equip,0x08C746D4,0x08C6FD58,20,Giant Plate,body_equip#225,ジャイアントプレート
body_equip,0x08C746D8,0x08C6FD58,20,Giant Plate,body_equip#225,ジャイアントプレート
body_equip,0x08C746DC,0x08C6FD70,28,Armor with defense and intimidation mistaken for a giant.,body_equip#226,巨人と見紛う防御と威圧感の鎧
body_equip,0x08C74708,0x08C6FD90,16,Beelzebub Mail,body_equip#227,ベルゼバブメイル
body_equip,0x08C7470C,0x08C6FD90,16,Beelzebub Mail,body_equip#227,ベルゼバブメイル
body_equip,0x08C74710,0x08C6FDA4,40,"Mail blessed by Beelzebub, Prince of the Netherworld.",body_equip#228,魔界の君主ベルゼバブの福音を受けたメイル
body_equip,0x08C7473C,0x08C6FDD0,20,Regular Mercenary Jacket,body_equip#229,中堅傭兵のジャケット
body_equip,0x08C74740,0x08C6FDE8,30,Regular Mercenary Jacket,body_equip#230,チュウケンヨウヘイノジャケット
body_equip,0x08C74744,0x08C6FE08,28,A jacket worn by regular mercenaries.,body_equip#231,中堅傭兵が着用するジャケット
body_equip,0x08C74770,0x08C6FE28,18,Mesh Jacket,body_equip#232,メッシュジャケット
body_equip,0x08C74774,0x08C6FE28,18,Mesh Jacket,body_equip#232,メッシュジャケット
body_equip,0x08C74778,0x08C6FE3C,30,A jacket processed with mesh weave.,body_equip#233,メッシュ加工がされたジャケット
body_equip,0x08C747A4,0x08C6FE5C,16,Hawk Jacket,body_equip#234,ホークジャケット
body_equip,0x08C747A8,0x08C6FE5C,16,Hawk Jacket,body_equip#234,ホークジャケット
body_equip,0x08C747AC,0x08C6FE70,48,"A jacket blessed by Hawk, guardian deity of a certain tribe.",body_equip#235,とある民族の守り神ホークの加護を受けたジャケット
body_equip,0x08C747D8,0x08C6FEA4,22,Bronco Rider Shirt,body_equip#236,ブロンコライダーシャツ
body_equip,0x08C747DC,0x08C6FEA4,22,Bronco Rider Shirt,body_equip#236,ブロンコライダーシャツ
body_equip,0x08C747E0,0x08C6FEBC,28,A shirt worn by drifters of the wasteland.,body_equip#237,荒野の流れ者が着用するシャツ
body_equip,0x08C7480C,0x08C6FEDC,8,Vest of Spiritual Light,body_equip#238,霊光胴衣
body_equip,0x08C74810,0x08C6FEE8,14,Vest of Spiritual Light,body_equip#239,レイコウドウイ
body_equip,0x08C74814,0x08C6FEF8,16,A vest brimming with spiritual authority.,body_equip#240,霊威みなぎる胴衣
body_equip,0x08C74840,0x08C6FF0C,10,Warrior Monk's Kasaya,body_equip#241,僧兵の袈裟
body_equip,0x08C74844,0x08C6FF18,14,Warrior Monk's Kasaya,body_equip#242,ソウヘイノケサ
body_equip,0x08C74848,0x08C6FF28,28,A kasaya worn by warrior monks guarding temples.,body_equip#243,寺院警備の僧兵が着用する袈裟
body_equip,0x08C74874,0x08C6FF48,22,Army Overalls,body_equip#244,アーミーオーバーオール
body_equip,0x08C74878,0x08C6FF48,22,Army Overalls,body_equip#244,アーミーオーバーオール
body_equip,0x08C7487C,0x08C6FF60,30,Overalls well-suited for field combat activities.,body_equip#245,野戦活動に適したオーバーオール
body_equip,0x08C748A8,0x08C6FF80,12,Commander's Coat,body_equip#246,隊長のコート
body_equip,0x08C748AC,0x08C6FF90,18,Commander's Coat,body_equip#247,タイチョウノコート
body_equip,0x08C748B0,0x08C6FFA4,30,A coat worn by squad leaders on patrol duty.,body_equip#248,隊長が巡回警備で着用するコート
body_equip,0x08C748DC,0x08C6FFC4,22,Frontier Jacket,body_equip#249,フロンティアジャケット
body_equip,0x08C748E0,0x08C6FFC4,22,Frontier Jacket,body_equip#249,フロンティアジャケット
body_equip,0x08C748E4,0x08C6FFDC,26,A jacket worn by pioneers.,body_equip#250,開拓者が着用するジャケット
body_equip,0x08C74910,0x08C6FFF8,10,Warrior Monk's Cloth Armor,body_equip#251,僧兵の布鎧
body_equip,0x08C74914,0x08C70004,20,Warrior Monk's Cloth Armor,body_equip#252,ソウヘイノヌノヨロイ
body_equip,0x08C74918,0x08C7001C,20,Cloth armor of warrior monks who strike down enemies of the faith.,body_equip#253,法敵を討つ僧兵の布鎧
body_equip,0x08C74944,0x08C70034,16,Commander Suit,body_equip#254,コマンダースーツ
body_equip,0x08C74948,0x08C70034,16,Commander Suit,body_equip#254,コマンダースーツ
body_equip,0x08C7494C,0x08C70048,30,A suit worn by captains of large battleships.,body_equip#255,大型戦艦の艦長が着用するスーツ
body_equip,0x08C74978,0x08C70068,12,Nue Slayer Garb,body_equip#256,鵺討ちの装束
body_equip,0x08C7497C,0x08C70078,20,Nue Slayer Garb,body_equip#257,ヌエウチノショウゾク
body_equip,0x08C74980,0x08C70090,34,Garb worn by those who subjugate the monster Nue.,body_equip#258,物の怪鵺を討伐する者が着用する装束
body_equip,0x08C749AC,0x08C700B4,10,First Lieutenant Uniform,body_equip#259,中尉の制服
body_equip,0x08C749B0,0x08C700C0,18,First Lieutenant Uniform,body_equip#260,チュウイノセイフク
body_equip,0x08C749B4,0x08C700D4,24,A uniform that signifies the rank of first lieutenant.,body_equip#261,中尉の階級の証である制服
body_equip,0x08C749E0,0x08C700F0,20,Strange Jacket,body_equip#262,ストレンジジャケット
body_equip,0x08C749E4,0x08C700F0,20,Strange Jacket,body_equip#262,ストレンジジャケット
body_equip,0x08C749E8,0x08C70108,32,A jacket worn by foreign wanderers.,body_equip#263,異国の風来坊が着用するジャケット
body_equip,0x08C74A14,0x08C7012C,18,Coyote Jacket,body_equip#264,コヨーテジャケット
body_equip,0x08C74A18,0x08C7012C,18,Coyote Jacket,body_equip#264,コヨーテジャケット
body_equip,0x08C74A1C,0x08C70140,42,A jacket consecrated by the shaman Red Coyote.,body_equip#265,呪術師レッド・コヨーテが祈祷したジャケット
body_equip,0x08C74A48,0x08C7016C,18,Purge Enforcer's Suit,body_equip#266,粛清執行人のスーツ
body_equip,0x08C74A4C,0x08C70180,30,Purge Enforcer's Suit,body_equip#267,シュクセイシッコウニンノスーツ
body_equip,0x08C74A50,0x08C701A0,32,A suit worn by military purge enforcers.,body_equip#268,軍属の粛清執行人が着用するスーツ
body_equip,0x08C74A7C,0x08C701C4,8,Lesser Dragon Robe,body_equip#269,小龍の衣
body_equip,0x08C74A80,0x08C701D0,20,Lesser Dragon Robe,body_equip#270,ショウリュウノコロモ
body_equip,0x08C74A84,0x08C701E8,34,A robe worn by kung fu masters holding the rank of Lesser Dragon.,body_equip#271,小龍の位を持つ功夫使いが着用する衣
body_equip,0x08C74AB0,0x08C7020C,14,Tiger Trainer Uniform,body_equip#272,虎調教師の制服
body_equip,0x08C74AB4,0x08C7021C,28,Tiger Trainer Uniform,body_equip#273,トラチョウキョウシノセイフク
body_equip,0x08C74AB8,0x08C7023C,36,A uniform worn by professional tiger trainers.,body_equip#274,虎の調教を生業とする者が着用する制服
body_equip,0x08C74AE4,0x08C70264,14,Craymel Scholar Uniform,body_equip#275,晶霊学士の制服
body_equip,0x08C74AE8,0x08C70274,26,Craymel Scholar Uniform,body_equip#276,ショウレイガクシノセイフク
body_equip,0x08C74AEC,0x08C70290,32,A uniform prescribed by school regulations for Craymel scholars.,body_equip#277,校則に定められた晶霊学士用の制服
body_equip,0x08C74B18,0x08C702B4,10,Hashirimai Dance Garb,body_equip#278,走舞の装束
body_equip,0x08C74B1C,0x08C702C0,22,Hashirimai Dance Garb,body_equip#279,ハシリマイノショウゾク
body_equip,0x08C74B20,0x08C702D8,34,Garb worn by those performing vigorous dances in sacred rites.,body_equip#280,神前儀式で活発な動きで舞う者の装束
body_equip,0x08C74B4C,0x08C702FC,20,Forban Jacket,body_equip#281,フォルバンジャケット
body_equip,0x08C74B50,0x08C702FC,20,Forban Jacket,body_equip#281,フォルバンジャケット
body_equip,0x08C74B54,0x08C70314,30,A jacket favored by outcasts.,body_equip#282,はぐれ者達が愛用するジャケット
body_equip,0x08C74B80,0x08C70334,8,Genbu Robe,body_equip#283,玄武の衣
body_equip,0x08C74B84,0x08C70340,14,Genbu Robe,body_equip#284,ゲンブノコロモ
body_equip,0x08C74B88,0x08C70350,24,Clothing bearing the name of the sacred beast Genbu.,body_equip#285,聖獣玄武の名を冠する衣服
body_equip,0x08C74BB4,0x08C7036C,14,Zealot's Robe,body_equip#286,熱心者のローブ
body_equip,0x08C74BB8,0x08C7037C,20,Zealot's Robe,body_equip#287,ネッシンシャノローブ
body_equip,0x08C74BBC,0x08C70394,28,A robe worn by zealous spellcasters.,body_equip#288,熱心者の術士が着用するローブ
body_equip,0x08C74BE8,0x08C703B4,16,Major Adept's Cloak,body_equip#289,大達人のクローク
body_equip,0x08C74BEC,0x08C703C8,22,Major Adept's Cloak,body_equip#290,ダイタツジンノクローク
body_equip,0x08C74BF0,0x08C703E0,42,A cloak awarded to the rank of Major Adept in magical societies.,body_equip#291,魔術結社で大達人の階位に与えられるクローク
body_equip,0x08C74C1C,0x08C7040C,18,Kratin Suit,body_equip#292,クラーティンスーツ
body_equip,0x08C74C20,0x08C7040C,18,Kratin Suit,body_equip#292,クラーティンスーツ
body_equip,0x08C74C24,0x08C70420,18,A suit dyed with white leadtree.,body_equip#293,ギンネム染のスーツ
body_equip,0x08C74C50,0x08C70434,22,New Age Jacket,body_equip#294,ニューエイジジャケット
body_equip,0x08C74C54,0x08C70434,22,New Age Jacket,body_equip#294,ニューエイジジャケット
body_equip,0x08C74C58,0x08C7044C,42,A jacket worn by those seeking a new spiritual path.,body_equip#295,新しい魂の道を求める者が着用するジャケット
body_equip,0x08C74C84,0x08C70478,18,Lieutenant Colonel Service Dress Uniform,body_equip#296,軍中佐第二種礼装服
body_equip,0x08C74C88,0x08C7048C,34,Lieutenant Colonel Service Dress Uniform,body_equip#297,グンチュウサダイニシュレイソウフク
body_equip,0x08C74C8C,0x08C704B0,44,A robe for Type 2 dress uniform worn by the rank of Lieutenant Colonel.,body_equip#298,中佐の階級の者が着用する第二種礼装用のローブ
body_equip,0x08C74CB8,0x08C704E0,20,Steward Cloak,body_equip#299,スチュワードクローク
body_equip,0x08C74CBC,0x08C704E0,20,Steward Cloak,body_equip#299,スチュワードクローク
body_equip,0x08C74CC0,0x08C704F8,30,A cloak worn by stewards and maids.,body_equip#300,執事やメイドが着用するクローク
body_equip,0x08C74CEC,0x08C70518,14,Royal Guard's Robe,body_equip#301,近衛兵のローブ
body_equip,0x08C74CF0,0x08C70528,18,Royal Guard's Robe,body_equip#302,コノエヘイノローブ
body_equip,0x08C74CF4,0x08C7053C,30,A robe worn by spellcasters who serve as royal guards.,body_equip#303,城の近衛兵となった術者のローブ
body_equip,0x08C74D20,0x08C7055C,12,Master Tactician's Kimono,body_equip#304,名策士の着物
body_equip,0x08C74D24,0x08C7056C,18,Master Tactician's Kimono,body_equip#305,メイサクシノキモノ
body_equip,0x08C74D28,0x08C70580,26,A kimono favored by master tacticians.,body_equip#306,名策士が好んで着用する着物
body_equip,0x08C74D54,0x08C7059C,14,Arcana Robe,body_equip#307,アルカナローブ
body_equip,0x08C74D58,0x08C7059C,14,Arcana Robe,body_equip#307,アルカナローブ
body_equip,0x08C74D5C,0x08C705AC,34,A mysterious robe worn by fortune-tellers.,body_equip#308,占い師が着用する摩訶不思議なローブ
body_equip,0x08C74D88,0x08C705D0,14,Belief Garb,body_equip#309,ビリーブガーブ
body_equip,0x08C74D8C,0x08C705D0,14,Belief Garb,body_equip#309,ビリーブガーブ
body_equip,0x08C74D90,0x08C705E0,30,Garb worn by spellcasters who command utmost trust.,body_equip#310,信頼を一身に集める術士のガーブ
body_equip,0x08C74DBC,0x08C70600,18,Attainment Garb,body_equip#311,アテイメントガーブ
body_equip,0x08C74DC0,0x08C70600,18,Attainment Garb,body_equip#311,アテイメントガーブ
body_equip,0x08C74DC4,0x08C70614,36,Garb said to help the wearer achieve their goals.,body_equip#312,着る者の目標達成を助けるというガーブ
body_equip,0x08C74DF0,0x08C7063C,10,Heretic's Robe,body_equip#313,外法者の衣
body_equip,0x08C74DF4,0x08C70648,18,Heretic's Robe,body_equip#314,ゲホウモノノコロモ
body_equip,0x08C74DF8,0x08C7065C,22,A robe worn by spellcasters who practice heretical arts.,body_equip#315,外法の術を使う術士の衣
body_equip,0x08C74E24,0x08C70674,14,Miracle Suit,body_equip#316,ミラクルスーツ
body_equip,0x08C74E28,0x08C70674,14,Miracle Suit,body_equip#316,ミラクルスーツ
body_equip,0x08C74E2C,0x08C70684,30,A cute outfit imbued with miraculous power.,body_equip#317,奇跡の力が込められた可愛い衣装
body_equip,0x08C74E58,0x08C706A4,10,Ra's Mantle,body_equip#318,ラーの外套
body_equip,0x08C74E5C,0x08C706B0,14,Ra's Mantle,body_equip#319,ラーノガイトウ
body_equip,0x08C74E60,0x08C706C0,30,A mantle that received vibrations from the cosmic entity Ra.,body_equip#320,宇宙存在ラーの波動を受けた外套
body_equip,0x08C74E8C,0x08C706E0,14,Mikahayahi's Robe,body_equip#321,ミカハヤヒの衣
body_equip,0x08C74E90,0x08C706F0,18,Mikahayahi's Robe,body_equip#322,ミカハヤヒノコロモ
body_equip,0x08C74E94,0x08C70704,36,"A robe blessed by Mikahayahi, secret god of the East.",body_equip#323,東方の秘神ミカハヤヒの加護を受けた衣
body_equip,0x08C74EC0,0x08C7072C,12,Priest's Robe,body_equip#324,神官のローブ
body_equip,0x08C74EC4,0x08C7073C,16,Priest's Robe,body_equip#325,シンカンノローブ
body_equip,0x08C74EC8,0x08C70750,24,A flamboyant robe used for rituals.,body_equip#326,儀式に用いる派手なローブ
body_equip,0x08C74EF4,0x08C7076C,16,Crescent Garb,body_equip#327,クレセントガーブ
body_equip,0x08C74EF8,0x08C7076C,16,Crescent Garb,body_equip#327,クレセントガーブ
body_equip,0x08C74EFC,0x08C70780,34,Garb radiating a beautiful crescent moon-like glow.,body_equip#328,三日月の様な美しい輝きを放つガーブ
body_equip,0x08C74F28,0x08C707A4,14,Rajah Robe,body_equip#329,ラージャローブ
body_equip,0x08C74F2C,0x08C707A4,14,Rajah Robe,body_equip#329,ラージャローブ
body_equip,0x08C74F30,0x08C707B4,26,Garb worn by powerful foreign clans.,body_equip#330,異国の豪族が身に着ける装束
body_equip,0x08C74F5C,0x08C707D0,10,Regent's Kimono,body_equip#331,摂政の着物
body_equip,0x08C74F60,0x08C707DC,18,Regent's Kimono,body_equip#332,セッショウノキモノ
body_equip,0x08C74F64,0x08C707F0,24,A kimono worn by regents of the East.,body_equip#333,東方の摂政が着用する着物
body_equip,0x08C74F90,0x08C7080C,18,Caporegime Suit,body_equip#334,カポレジームスーツ
body_equip,0x08C74F94,0x08C7080C,18,Caporegime Suit,body_equip#334,カポレジームスーツ
body_equip,0x08C74F98,0x08C70820,30,A suit worn by mafia captains.,body_equip#335,マフィアの幹部が着用するスーツ
body_equip,0x08C74FC4,0x08C70840,14,Silver Garb,body_equip#336,シルバーガーブ
body_equip,0x08C74FC8,0x08C70840,14,Silver Garb,body_equip#336,シルバーガーブ
body_equip,0x08C74FCC,0x08C70850,24,Garb adorned with silver embroidery.,body_equip#337,銀の刺繍が施されたガーブ
body_equip,0x08C74FF8,0x08C7086C,16,Shaman Robe,body_equip#338,シャーマンローブ
body_equip,0x08C74FFC,0x08C7086C,16,Shaman Robe,body_equip#338,シャーマンローブ
body_equip,0x08C75000,0x08C70880,26,Garb worn by eccentric spellcasters.,body_equip#339,奇異なる術士が着用する装束
body_equip,0x08C7502C,0x08C7089C,22,Celestial Cloak,body_equip#340,セレスティアルクローク
body_equip,0x08C75030,0x08C7089C,22,Celestial Cloak,body_equip#340,セレスティアルクローク
body_equip,0x08C75034,0x08C708B4,36,A cloak said to have once been worn by celestials.,body_equip#341,かつて天上人が着用したというクローク
body_equip,0x08C75060,0x08C708DC,16,Precious Garb,body_equip#342,プレシャスガーブ
body_equip,0x08C75064,0x08C708DC,16,Precious Garb,body_equip#342,プレシャスガーブ
body_equip,0x08C75068,0x08C708F0,24,Garb that is also a precious work of art.,body_equip#343,貴い芸術品でもあるガーブ
body_equip,0x08C75094,0x08C7090C,18,Vampire Robe,body_equip#344,ヴァンパイアローブ
body_equip,0x08C75098,0x08C7090C,18,Vampire Robe,body_equip#344,ヴァンパイアローブ
body_equip,0x08C7509C,0x08C70920,22,A robe worn by vampires.,body_equip#345,吸血鬼が着用するローブ
body_equip,0x08C750C8,0x08C70938,14,Beast Hide Armor,body_equip#346,ＢＨ・アーマー
body_equip,0x08C750CC,0x08C70948,22,Beast Hide Armor,body_equip#347,ビーストハイドアーマー
body_equip,0x08C750D0,0x08C70960,14,Armor made from the hide of monsters.,body_equip#348,魔物の革製の鎧
body_equip,0x08C750FC,0x08C70970,20,Quasar Jacket,body_equip#349,クエーサージャケット
body_equip,0x08C75100,0x08C70970,20,Quasar Jacket,body_equip#349,クエーサージャケット
body_equip,0x08C75104,0x08C70988,34,A jacket praised as being quasar-class.,body_equip#350,クエーサー級と称えられたジャケット
body_equip,0x08C75130,0x08C709AC,16,Tulsi Mail,body_equip#351,トゥルシーメイル
body_equip,0x08C75134,0x08C709AC,16,Tulsi Mail,body_equip#351,トゥルシーメイル
body_equip,0x08C75138,0x08C709C0,28,Armor bearing the name of the sacred herb Tulsi.,body_equip#352,霊草トゥルシーの名を冠する鎧
body_equip,0x08C75164,0x08C709E0,20,Barbarian Armor,body_equip#353,バーバリアンアーマー
body_equip,0x08C75168,0x08C709E0,20,Barbarian Armor,body_equip#353,バーバリアンアーマー
body_equip,0x08C7516C,0x08C709F8,40,Armor engineered not to hinder muscular movement.,body_equip#354,頑強な筋肉の動きを妨げぬよう研究された鎧
body_equip,0x08C75198,0x08C70A24,14,Cavalry Jaeger Armor,body_equip#355,騎兵隊猟兵の鎧
body_equip,0x08C7519C,0x08C70A34,28,Cavalry Jaeger Armor,body_equip#356,キヘイタイリョウヘイノヨロイ
body_equip,0x08C751A0,0x08C70A54,24,Armor issued to cavalry jaegers.,body_equip#357,騎兵隊猟兵に支給される鎧
body_equip,0x08C751CC,0x08C70A70,18,Orichalcum Mail,body_equip#358,オリカルクムメイル
body_equip,0x08C751D0,0x08C70A70,18,Orichalcum Mail,body_equip#358,オリカルクムメイル
body_equip,0x08C751D4,0x08C70A84,18,Armor made of orichalcum.,body_equip#359,オリカルクム製の鎧
body_equip,0x08C75200,0x08C70A98,14,Chrome Mail,body_equip#360,クロームメイル
body_equip,0x08C75204,0x08C70A98,14,Chrome Mail,body_equip#360,クロームメイル
body_equip,0x08C75208,0x08C70AA8,34,Light armor adorned with small chrome plates.,body_equip#361,小さなクロームの板をあしらった軽鎧
body_equip,0x08C75234,0x08C70ACC,10,Kishin's Vest,body_equip#362,鬼神の胴衣
body_equip,0x08C75238,0x08C70AD8,14,Kishin's Vest,body_equip#363,キシンノドウイ
body_equip,0x08C7523C,0x08C70AE8,38,A vest said to be worn by warriors turned battle demons.,body_equip#364,戦鬼となった闘士が身に着けるという胴衣
body_equip,0x08C75268,0x08C70B10,8,Supreme Dragon Armor,body_equip#365,覇龍の鎧
body_equip,0x08C7526C,0x08C70B1C,16,Supreme Dragon Armor,body_equip#366,ハリュウノヨロイ
body_equip,0x08C75270,0x08C70B30,26,Armor said to harbor the soul of the Supreme Dragon.,body_equip#367,覇龍の魂が宿るといわれる鎧
body_equip,0x08C7529C,0x08C70B4C,20,Archlord Chest,body_equip#368,アークロードチェスト
body_equip,0x08C752A0,0x08C70B4C,20,Archlord Chest,body_equip#368,アークロードチェスト
body_equip,0x08C752A4,0x08C70B64,32,Armor bestowed upon high-ranking noble titleholders.,body_equip#369,上級の爵位を持つ者に与えられる鎧
body_equip,0x08C752D0,0x08C70B88,14,Dragon Skin,body_equip#370,ドラゴンスキン
body_equip,0x08C752D4,0x08C70B88,14,Dragon Skin,body_equip#370,ドラゴンスキン
body_equip,0x08C752D8,0x08C70B98,24,Torso armor possessing the majesty of a dragon.,body_equip#371,竜の威風を持つ胴部用防具
body_equip,0x08C75304,0x08C70BB4,10,Yoshitsune's Armor,body_equip#372,義経の甲冑
body_equip,0x08C75308,0x08C70BC0,20,Yoshitsune's Armor,body_equip#373,ヨシツネノカッチュウ
body_equip,0x08C7530C,0x08C70BD8,36,"Armor once worn by Yoshitsune, the East's military prodigy.",body_equip#374,東方の戦の麒麟児義経が着用していた鎧
body_equip,0x08C75338,0x08C70C00,16,Colonel Plate,body_equip#375,カーネルプレート
body_equip,0x08C7533C,0x08C70C00,16,Colonel Plate,body_equip#375,カーネルプレート
body_equip,0x08C75340,0x08C70C14,14,Armor for senior officers.,body_equip#376,上級士官用の鎧
body_equip,0x08C7536C,0x08C70C24,16,Shinobi Jacket,body_equip#377,シノビジャケット
body_equip,0x08C75370,0x08C70C24,16,Shinobi Jacket,body_equip#377,シノビジャケット
body_equip,0x08C75374,0x08C70C38,36,A jacket worn by renowned shinobi.,body_equip#378,名のある忍びが着用していたジャケット
body_equip,0x08C753A0,0x08C70C60,20,Ancient Plate,body_equip#379,エンシェントプレート
body_equip,0x08C753A4,0x08C70C60,20,Ancient Plate,body_equip#379,エンシェントプレート
body_equip,0x08C753A8,0x08C70C78,32,Torso section of full-body armor made via legendary techniques.,body_equip#380,伝説の製法で作られた全身鎧の胴部
body_equip,0x08C753D4,0x08C70C9C,16,Maitreya Mail,body_equip#381,マイトレヤメイル
body_equip,0x08C753D8,0x08C70C9C,16,Maitreya Mail,body_equip#381,マイトレヤメイル
body_equip,0x08C753DC,0x08C70CB0,44,Armor worn by those who swear justice to the ancient saint Maitreya.,body_equip#382,古の聖人マイトレヤに正義を誓う者が着用する鎧
body_equip,0x08C75408,0x08C70CE0,18,Daimyo Armor,body_equip#383,ダイミョーアーマー
body_equip,0x08C7540C,0x08C70CE0,18,Daimyo Armor,body_equip#383,ダイミョーアーマー
body_equip,0x08C75410,0x08C70CF4,24,Armor reminiscent of a Warring States daimyo.,body_equip#384,戦国大名を彷彿とさせる鎧
body_equip,0x08C7543C,0x08C70D10,16,Duke Plate,body_equip#385,デュークプレート
body_equip,0x08C75440,0x08C70D10,16,Duke Plate,body_equip#385,デュークプレート
body_equip,0x08C75444,0x08C70D24,36,Armor bestowed upon those who hold the title of Duke.,body_equip#386,デュークの称号を持つ者に与えられる鎧
body_equip,0x08C75470,0x08C70D4C,16,Timsah Mail,body_equip#387,テムサーフメイル
body_equip,0x08C75474,0x08C70D4C,16,Timsah Mail,body_equip#387,テムサーフメイル
body_equip,0x08C75478,0x08C70D60,34,Armor whose name means crocodile in the magical land of 1001 Nights.,body_equip#388,千夜一夜の魔法の国で鰐を意味する鎧
body_equip,0x08C754A4,0x08C70D84,16,Anubis Plate,body_equip#389,アヌビスプレート
body_equip,0x08C754A8,0x08C70D84,16,Anubis Plate,body_equip#389,アヌビスプレート
body_equip,0x08C754AC,0x08C70D98,26,Armor bearing the name of the beast god Anubis.,body_equip#390,獣神アヌビスの名を冠する鎧
body_equip,0x08C754D8,0x08C70DB4,14,Guardian Knights' Armor,body_equip#391,守護騎士団の鎧
body_equip,0x08C754DC,0x08C70DC4,22,Guardian Knights' Armor,body_equip#392,シュゴキシダンノヨロイ
body_equip,0x08C754E0,0x08C70DDC,26,Armor that serves as proof of membership in the Guardian Knighthood.,body_equip#393,守護騎士団所属の証となる鎧
body_equip,0x08C7550C,0x08C70DF8,14,Rune Armor,body_equip#394,ルーンアーマー
body_equip,0x08C75510,0x08C70DF8,14,Rune Armor,body_equip#394,ルーンアーマー
body_equip,0x08C75514,0x08C70E08,18,Armor engraved with mystical runes.,body_equip#395,神秘文様を刻んだ鎧
body_equip,0x08C75540,0x08C70E1C,16,Ghost Plate,body_equip#396,ゴーストプレート
body_equip,0x08C75544,0x08C70E1C,16,Ghost Plate,body_equip#396,ゴーストプレート
body_equip,0x08C75548,0x08C70E30,22,Torso section of armor with a sinister design.,body_equip#397,禍々しい意匠の鎧の胴部
body_equip,0x08C75574,0x08C70E48,18,Colossus Plate,body_equip#398,コロッサスプレート
body_equip,0x08C75578,0x08C70E48,18,Colossus Plate,body_equip#398,コロッサスプレート
body_equip,0x08C7557C,0x08C70E5C,34,Armor with defense and intimidation mistaken for the legendary colossus.,body_equip#399,伝説の巨神と見紛う防御と威圧感の鎧
body_equip,0x08C755A8,0x08C70E80,16,Lucifer Mail,body_equip#400,ルシフェルメイル
body_equip,0x08C755AC,0x08C70E80,16,Lucifer Mail,body_equip#400,ルシフェルメイル
body_equip,0x08C755B0,0x08C70E94,40,"Mail blessed by Lucifer, Emperor of the Netherworld.",body_equip#401,魔界の皇帝ルシフェルの福音を受けたメイル
body_equip,0x08C755DC,0x08C70EC0,20,Expert Mercenary Jacket,body_equip#402,玄人傭兵のジャケット
body_equip,0x08C755E0,0x08C70ED8,28,Expert Mercenary Jacket,body_equip#403,クロウトヨウヘイノジャケット
body_equip,0x08C755E4,0x08C70EF8,28,A jacket worn by expert mercenaries.,body_equip#404,玄人傭兵が着用するジャケット
body_equip,0x08C75610,0x08C70F18,18,Feather Jacket,body_equip#405,フェザージャケット
body_equip,0x08C75614,0x08C70F18,18,Feather Jacket,body_equip#405,フェザージャケット
body_equip,0x08C75618,0x08C70F2C,22,A jacket as light as a feather.,body_equip#406,羽の様に軽いジャケット
body_equip,0x08C75644,0x08C70F44,18,Eagle Jacket,body_equip#407,イーグルジャケット
body_equip,0x08C75648,0x08C70F44,18,Eagle Jacket,body_equip#407,イーグルジャケット
body_equip,0x08C7564C,0x08C70F58,50,"A jacket blessed by Eagle, guardian deity of a certain tribe.",body_equip#408,とある民族の守り神イーグルの加護を受けたジャケット
body_equip,0x08C75678,0x08C70F8C,20,Gunslinger Shirt,body_equip#409,ガンスリンガーシャツ
body_equip,0x08C7567C,0x08C70F8C,20,Gunslinger Shirt,body_equip#409,ガンスリンガーシャツ
body_equip,0x08C75680,0x08C70FA4,28,A shirt worn by master quick-draw marksmen.,body_equip#410,早撃ちの名手が着用するシャツ
body_equip,0x08C756AC,0x08C70FC4,8,Vest of Divine Light,body_equip#411,神光胴衣
body_equip,0x08C756B0,0x08C70FD0,14,Vest of Divine Light,body_equip#412,シンコウドウイ
body_equip,0x08C756B4,0x08C70FE0,14,A vest that emits divine light.,body_equip#413,神光発する胴衣
body_equip,0x08C756E0,0x08C70FF0,10,High Priest's Kasaya,body_equip#414,僧正の袈裟
body_equip,0x08C756E4,0x08C70FFC,16,High Priest's Kasaya,body_equip#415,ソウジョウノケサ
body_equip,0x08C756E8,0x08C71010,28,A kasaya worn by high priests on sermon visits.,body_equip#416,説法に赴く僧正が着用する袈裟
body_equip,0x08C75714,0x08C71030,24,Mercenary Overalls,body_equip#417,マーセナリオーバーオール
body_equip,0x08C75718,0x08C71030,24,Mercenary Overalls,body_equip#417,マーセナリオーバーオール
body_equip,0x08C7571C,0x08C7104C,38,Overalls well-suited for battle-hardened mercenaries.,body_equip#418,歴戦の傭兵の活動に適したオーバーオール
body_equip,0x08C75748,0x08C71074,12,Governor's Coat,body_equip#419,総督のコート
body_equip,0x08C7574C,0x08C71084,16,Governor's Coat,body_equip#420,ソウトクノコート
body_equip,0x08C75750,0x08C71098,32,A coat worn by governors on security inspections.,body_equip#421,総督が警備の巡察で着用するコート
body_equip,0x08C7577C,0x08C710BC,20,Western Jacket,body_equip#422,ウエスタンジャケット
body_equip,0x08C75780,0x08C710BC,20,Western Jacket,body_equip#422,ウエスタンジャケット
body_equip,0x08C75784,0x08C710D4,32,A jacket worn by wasteland bodyguards.,body_equip#423,荒野の用心棒が着用するジャケット
body_equip,0x08C757B0,0x08C710F8,10,High Priest's Cloth Armor,body_equip#424,僧正の布鎧
body_equip,0x08C757B4,0x08C71104,22,High Priest's Cloth Armor,body_equip#425,ソウジョウノヌノヨロイ
body_equip,0x08C757B8,0x08C7111C,22,Cloth armor of high priests who spread the teachings.,body_equip#426,教義を広める僧正の布鎧
body_equip,0x08C757E4,0x08C71134,16,Admiral Suit,body_equip#427,アドミラルスーツ
body_equip,0x08C757E8,0x08C71134,16,Admiral Suit,body_equip#427,アドミラルスーツ
body_equip,0x08C757EC,0x08C71148,32,A suit worn by admirals commanding fleets.,body_equip#428,艦隊を率いる提督が着用するスーツ
body_equip,0x08C75818,0x08C7116C,14,Tengu Slayer Garb,body_equip#429,天狗討ちの装束
body_equip,0x08C7581C,0x08C7117C,22,Tengu Slayer Garb,body_equip#430,テングウチノショウゾク
body_equip,0x08C75820,0x08C71194,36,Garb worn by those who subjugate the monster Tengu.,body_equip#431,物の怪天狗を討伐する者が着用する装束
body_equip,0x08C7584C,0x08C711BC,10,Captain's Uniform,body_equip#432,大尉の制服
body_equip,0x08C75850,0x08C711C8,16,Captain's Uniform,body_equip#433,タイイノセイフク
body_equip,0x08C75854,0x08C711DC,24,A uniform that signifies the rank of captain.,body_equip#434,大尉の階級の証である制服
body_equip,0x08C75880,0x08C711F8,18,Witch Jacket,body_equip#435,ウィッチジャケット
body_equip,0x08C75884,0x08C711F8,18,Witch Jacket,body_equip#435,ウィッチジャケット
body_equip,0x08C75888,0x08C7120C,26,A jacket enhanced by magic.,body_equip#436,魔法で強化されたジャケット
body_equip,0x08C758B4,0x08C71228,18,Puma Jacket,body_equip#437,ピューマジャケット
body_equip,0x08C758B8,0x08C71228,18,Puma Jacket,body_equip#437,ピューマジャケット
body_equip,0x08C758BC,0x08C7123C,44,A jacket consecrated by the shaman Silver Puma.,body_equip#438,呪術師シルバー・ピューマが祈祷したジャケット
body_equip,0x08C758E8,0x08C7126C,16,Assassin Order Suit,body_equip#439,暗殺教団のスーツ
body_equip,0x08C758EC,0x08C71280,26,Assassin Order Suit,body_equip#440,アンサツキョウダンノスーツ
body_equip,0x08C758F0,0x08C7129C,28,A suit worn by a mysterious order of assassins.,body_equip#441,謎の暗殺教団が着用するスーツ
body_equip,0x08C7591C,0x08C712BC,8,Dragon King Robe,body_equip#442,龍王の衣
body_equip,0x08C75920,0x08C712C8,18,Dragon King Robe,body_equip#443,リュウオウノコロモ
body_equip,0x08C75924,0x08C712DC,34,A robe worn by kung fu masters holding the rank of Dragon King.,body_equip#444,龍王の位を持つ功夫使いが着用する衣
body_equip,0x08C75950,0x08C71300,14,Dragon Trainer Uniform,body_equip#445,竜調教師の制服
body_equip,0x08C75954,0x08C71310,30,Dragon Trainer Uniform,body_equip#446,リュウチョウキョウシノセイフク
body_equip,0x08C75958,0x08C71330,36,A uniform worn by professional dragon trainers.,body_equip#447,竜の調教を生業とする者が着用する制服
body_equip,0x08C75984,0x08C71358,14,Spirit Scholar Uniform,body_equip#448,精霊学士の制服
body_equip,0x08C75988,0x08C71368,24,Spirit Scholar Uniform,body_equip#449,セイレイガクシノセイフク
body_equip,0x08C7598C,0x08C71384,32,A uniform prescribed by school regulations for spirit scholars.,body_equip#450,校則に定められた精霊学士用の制服
body_equip,0x08C759B8,0x08C713A8,10,Bumai Dance Garb,body_equip#451,武舞の装束
body_equip,0x08C759BC,0x08C713B4,18,Bumai Dance Garb,body_equip#452,ブマイノショウゾク
body_equip,0x08C759C0,0x08C713C8,34,Garb worn by those performing valiant dances in sacred rites.,body_equip#453,神前儀式で勇猛な動きで舞う者の装束
body_equip,0x08C759EC,0x08C713EC,20,Pirate Jacket,body_equip#454,パイレーツジャケット
body_equip,0x08C759F0,0x08C713EC,20,Pirate Jacket,body_equip#454,パイレーツジャケット
body_equip,0x08C759F4,0x08C71404,30,A jacket bearing the aura of a great pirate.,body_equip#455,大海賊の風格を持ったジャケット
body_equip,0x08C75A20,0x08C71424,8,Byakko Robe,body_equip#456,白虎の衣
body_equip,0x08C75A24,0x08C71430,16,Byakko Robe,body_equip#457,ビャッコノコロモ
body_equip,0x08C75A28,0x08C71444,24,Clothing bearing the name of the sacred beast Byakko.,body_equip#458,聖獣白虎の名を冠する衣服
body_equip,0x08C75A54,0x08C71460,14,Practitioner's Robe,body_equip#459,実践者のローブ
body_equip,0x08C75A58,0x08C71470,20,Practitioner's Robe,body_equip#460,ジッセンシャノローブ
body_equip,0x08C75A5C,0x08C71488,28,A robe worn by practicing spellcasters.,body_equip#461,実践者の術士が着用するローブ
body_equip,0x08C75A88,0x08C714A8,18,Exempt Adept's Cloak,body_equip#462,被免達人のクローク
body_equip,0x08C75A8C,0x08C714BC,32,Exempt Adept's Cloak,body_equip#463,ヒメンタツジンノクローククローク
body_equip,0x08C75A90,0x08C714E0,44,A cloak awarded to the rank of Exempt Adept in magical societies.,body_equip#464,魔術結社で被免達人の階位に与えられるクローク
body_equip,0x08C75ABC,0x08C71510,18,Sapparot Suit,body_equip#465,サッバロットスーツ
body_equip,0x08C75AC0,0x08C71510,18,Sapparot Suit,body_equip#465,サッバロットスーツ
body_equip,0x08C75AC4,0x08C71524,22,A suit dyed with pineapple.,body_equip#466,パイナップル染のスーツ
body_equip,0x08C75AF0,0x08C7153C,22,Contactee Jacket,body_equip#467,コンタクティジャケット
body_equip,0x08C75AF4,0x08C7153C,22,Contactee Jacket,body_equip#467,コンタクティジャケット
body_equip,0x08C75AF8,0x08C71554,46,A jacket worn by those who make spiritual contact with paranormal beings.,body_equip#468,魂で超常的存在と接触する者が着用するジャケット
body_equip,0x08C75B24,0x08C71584,18,Colonel Service Dress Uniform,body_equip#469,軍大佐第二種礼装服
body_equip,0x08C75B28,0x08C71598,32,Colonel Service Dress Uniform,body_equip#470,グンタイサダイニシュレイソウフク
body_equip,0x08C75B2C,0x08C715BC,44,A robe for Type 2 dress uniform worn by the rank of Colonel.,body_equip#471,大佐の階級の者が着用する第二種礼装用のローブ
body_equip,0x08C75B58,0x08C715EC,20,Secretary Cloak,body_equip#472,セクレタリークローク
body_equip,0x08C75B5C,0x08C715EC,20,Secretary Cloak,body_equip#472,セクレタリークローク
body_equip,0x08C75B60,0x08C71604,22,A cloak worn by secretaries.,body_equip#473,秘書が着用するクローク
body_equip,0x08C75B8C,0x08C7161C,16,Imperial Guard Captain's Robe,body_equip#474,親衛隊長のローブ
body_equip,0x08C75B90,0x08C71630,24,Imperial Guard Captain's Robe,body_equip#475,シンエイタイチョウノロブ
body_equip,0x08C75B94,0x08C7164C,32,A robe worn by spellcasters who serve as captain of the imperial guard.,body_equip#476,城の親衛隊長となった術者のローブ
body_equip,0x08C75BC0,0x08C71670,12,Master Strategist's Kimono,body_equip#477,名軍師の着物
body_equip,0x08C75BC4,0x08C71680,18,Master Strategist's Kimono,body_equip#478,メイグンシノキモノ
body_equip,0x08C75BC8,0x08C71694,26,A kimono favored by master strategists.,body_equip#479,名軍師が好んで着用する着物
body_equip,0x08C75BF4,0x08C716B0,12,Rune Robe,body_equip#480,ルーンローブ
body_equip,0x08C75BF8,0x08C716B0,12,Rune Robe,body_equip#480,ルーンローブ
body_equip,0x08C75BFC,0x08C716C0,28,A robe lined with mystical runes.,body_equip#481,裏地に神秘文様を施したローブ
body_equip,0x08C75C28,0x08C716E0,14,Saint Garb,body_equip#482,セイントガーブ
body_equip,0x08C75C2C,0x08C716E0,14,Saint Garb,body_equip#482,セイントガーブ
body_equip,0x08C75C30,0x08C716F0,24,Garb worn by saints beloved by God.,body_equip#483,神に愛されし聖人のガーブ
body_equip,0x08C75C5C,0x08C7170C,16,Warlock Garb,body_equip#484,ワーロックガーブ
body_equip,0x08C75C60,0x08C71720,18,Warlock Garb,body_equip#485,ワーロッククガーブ
body_equip,0x08C75C64,0x08C71734,32,Garb worn by high-ranking warlocks.,body_equip#486,上位のワーロックが着用するガーブ
body_equip,0x08C75C90,0x08C71758,10,Heretic's Garb,body_equip#487,異端者の衣
body_equip,0x08C75C94,0x08C71764,18,Heretic's Garb,body_equip#488,イタンモノノコロモ
body_equip,0x08C75C98,0x08C71778,34,Clothing of spellcasters who strayed from the righteous path into heresy.,body_equip#489,正道から外れ異端の道を行く術士の衣
body_equip,0x08C75CC4,0x08C7179C,16,Flash Suit,body_equip#490,フラッシュスーツ
body_equip,0x08C75CC8,0x08C7179C,16,Flash Suit,body_equip#490,フラッシュスーツ
body_equip,0x08C75CCC,0x08C717B0,38,A cute outfit emitting an intense aura like light.,body_equip#491,光にも似た強烈なオーラを放つ可愛い衣装
body_equip,0x08C75CF8,0x08C717D8,14,Aiwass's Mantle,body_equip#492,エイワスの外套
body_equip,0x08C75CFC,0x08C717E8,18,Aiwass's Mantle,body_equip#493,エイワスノガイトウ
body_equip,0x08C75D00,0x08C717FC,34,A mantle that received vibrations from the cosmic entity Aiwass.,body_equip#494,宇宙存在エイワスの波動を受けた外套
body_equip,0x08C75D2C,0x08C71820,16,Kurayamatsumi's Robe,body_equip#495,クラヤマツミの衣
body_equip,0x08C75D30,0x08C71834,20,Kurayamatsumi's Robe,body_equip#496,クラヤマツミノコロモ
body_equip,0x08C75D34,0x08C7184C,38,"A robe blessed by Kurayamatsumi, secret god of the East.",body_equip#497,東方の秘神クラヤマツミの加護を受けた衣
body_equip,0x08C75D60,0x08C71874,14,Prophet's Robe,body_equip#498,預言者のローブ
body_equip,0x08C75D64,0x08C71884,18,Prophet's Robe,body_equip#499,ヨゲンシャノローブ
body_equip,0x08C75D68,0x08C71898,24,Sacred clothing worn by divine vessels.,body_equip#500,神の依り代が纏う神聖な衣
body_equip,0x08C75D94,0x08C718B4,12,Moon Garb,body_equip#501,ムーンガーブ
body_equip,0x08C75D98,0x08C718B4,12,Moon Garb,body_equip#501,ムーンガーブ
body_equip,0x08C75D9C,0x08C718C4,32,Enchanted vestments brimming with the power of the moon ruling the night sky.,body_equip#502,夜空を支配する月の力で満ちた呪装
body_equip,0x08C75DC8,0x08C718E8,14,Sultan Robe,body_equip#503,スルタンローブ
body_equip,0x08C75DCC,0x08C718E8,14,Sultan Robe,body_equip#503,スルタンローブ
body_equip,0x08C75DD0,0x08C718F8,26,Garb worn by foreign kings.,body_equip#504,異国の国王が身に着ける装束
body_equip,0x08C75DFC,0x08C71914,10,Chancellor's Kimono,body_equip#505,関白の着物
body_equip,0x08C75E00,0x08C71920,16,Chancellor's Kimono,body_equip#506,カンパクノキモノ
body_equip,0x08C75E04,0x08C71934,34,A kimono worn by the highest-ranking nobles of the East.,body_equip#507,東方で最も高位の貴族が着用する着物
body_equip,0x08C75E30,0x08C71958,18,Underboss Suit,body_equip#508,アンダーボススーツ
body_equip,0x08C75E34,0x08C71958,18,Underboss Suit,body_equip#508,アンダーボススーツ
body_equip,0x08C75E38,0x08C7196C,30,A suit worn by mafia underbosses.,body_equip#509,マフィアの若頭が着用するスーツ
body_equip,0x08C75E64,0x08C7198C,14,Platinum Garb,body_equip#510,プラチナガーブ
body_equip,0x08C75E68,0x08C7198C,14,Platinum Garb,body_equip#510,プラチナガーブ
body_equip,0x08C75E6C,0x08C7199C,34,Garb adorned with platinum decorations.,body_equip#511,プラチナの飾り付けが施されたガーブ
body_equip,0x08C75E98,0x08C719C0,20,Necromancer Robe,body_equip#512,ネクロマンサーローブ
body_equip,0x08C75E9C,0x08C719C0,20,Necromancer Robe,body_equip#512,ネクロマンサーローブ
body_equip,0x08C75EA0,0x08C719D8,24,A robe worn by necromancers.,body_equip#513,死霊使いが着用するローブ
body_equip,0x08C75ECC,0x08C719F4,14,Star Cloak,body_equip#514,スタークローク
body_equip,0x08C75ED0,0x08C719F4,14,Star Cloak,body_equip#514,スタークローク
body_equip,0x08C75ED4,0x08C71A04,30,A cloak that protects its wearer with the power of celestial stars.,body_equip#515,天空の星の力で身を守るクローク
body_equip,0x08C75F00,0x08C71A24,16,Legend Garb,body_equip#516,レジェンドガーブ
body_equip,0x08C75F04,0x08C71A24,16,Legend Garb,body_equip#516,レジェンドガーブ
body_equip,0x08C75F08,0x08C71A38,44,Ancient garb revived in the modern age by a legendary patternmaker.,body_equip#517,伝説のパタンナーが現代に蘇らせた古代のガーブ
body_equip,0x08C75F34,0x08C71A68,12,Progenitor's Robe,body_equip#518,始祖のローブ
body_equip,0x08C75F38,0x08C71A78,12,Progenitor's Robe,body_equip#519,シソノローブ
body_equip,0x08C75F3C,0x08C71A88,24,A robe worn by the Undying King.,body_equip#520,不死の王が着用するローブ
body_equip,0x08C75F68,0x08C71AA4,8,Warrior's Armor,body_equip#521,戦士の鎧
body_equip,0x08C75F6C,0x08C71AB0,14,Warrior's Armor,body_equip#522,センシノヨロイ
body_equip,0x08C75F70,0x08C71AC0,36,Armor exclusively for a Warrior recognized as the Descender.,body_equip#523,ディセンダーと認められた戦士専用の鎧
body_equip,0x08C75F9C,0x08C71AE8,8,Swordsman's Armor,body_equip#524,剣士の鎧
body_equip,0x08C75FA0,0x08C71AF4,14,Swordsman's Armor,body_equip#525,ケンシノヨロイ
body_equip,0x08C75FA4,0x08C71B04,36,Armor exclusively for a Swordsman recognized as the Descender.,body_equip#526,ディセンダーと認められた剣士専用の鎧
body_equip,0x08C75FD0,0x08C71B2C,12,Magic Knight's Armor,body_equip#527,魔法剣士の鎧
body_equip,0x08C75FD4,0x08C71B3C,20,Magic Knight's Armor,body_equip#528,マホウケンシノヨロイ
body_equip,0x08C75FD8,0x08C71B54,40,Armor exclusively for a Magic Knight recognized as the Descender.,body_equip#529,ディセンダーと認められた魔法剣士専用の鎧
body_equip,0x08C76004,0x08C71B80,14,Fighter's Chiton,body_equip#530,拳闘士のキトン
body_equip,0x08C76008,0x08C71B90,18,Fighter's Chiton,body_equip#531,ケントウシノキトン
body_equip,0x08C7600C,0x08C71BA4,42,A chiton exclusively for a Fighter recognized as the Descender.,body_equip#532,ディセンダーと認められた格闘家専用のキトン
body_equip,0x08C76038,0x08C71BD0,8,Hunter's Clothes,body_equip#533,狩人の服
body_equip,0x08C7603C,0x08C71BDC,16,Hunter's Clothes,body_equip#534,カリュウドノフク
body_equip,0x08C76040,0x08C71BF0,36,Clothes exclusively for a Hunter recognized as the Descender.,body_equip#535,ディセンダーと認められた狩人専用の服
body_equip,0x08C7606C,0x08C71C18,8,Thief's Clothes,body_equip#536,盗賊の服
body_equip,0x08C76070,0x08C71C24,14,Thief's Clothes,body_equip#537,トウゾクノフク
body_equip,0x08C76074,0x08C71C34,36,Clothes exclusively for a Thief recognized as the Descender.,body_equip#538,ディセンダーと認められた盗賊専用の服
body_equip,0x08C760A0,0x08C71C5C,6,Ninja's Garb,body_equip#539,忍の衣
body_equip,0x08C760A4,0x08C71C64,14,Ninja's Garb,body_equip#540,シノビノコロモ
body_equip,0x08C760A8,0x08C71C74,36,Garb exclusively for a Ninja recognized as the Descender.,body_equip#541,ディセンダーと認められた忍者専用の衣
body_equip,0x08C760D4,0x08C71C9C,14,Mage's Robe,body_equip#542,魔術師のローブ
body_equip,0x08C760D8,0x08C71CAC,18,Mage's Robe,body_equip#543,マジュツシノローブ
body_equip,0x08C760DC,0x08C71CC0,42,A robe exclusively for a Mage recognized as the Descender.,body_equip#544,ディセンダーと認められた魔術師専用のローブ
body_equip,0x08C76108,0x08C71CEC,16,Priest's Cloak,body_equip#545,修道士のクローク
body_equip,0x08C7610C,0x08C71D00,22,Priest's Cloak,body_equip#546,シュウドウシノクローク
body_equip,0x08C76110,0x08C71D18,42,A cloak exclusively for a Priest recognized as the Descender.,body_equip#547,ディセンダーと認められた僧侶専用のクローク
body_equip,0x08C7613C,0x08C71D44,12,Bishop's Robe,body_equip#548,司教のローブ
body_equip,0x08C76140,0x08C71D54,16,Bishop's Robe,body_equip#549,シキョウノローブ
body_equip,0x08C76144,0x08C71D68,46,A robe exclusively for a Bishop recognized as the Descender.,body_equip#550,ディセンダーと認められたビショップ専用のローブ
body_equip,0x08C76170,0x08C71D98,12,Twin Swordsman's Armor,body_equip#551,二刀剣士の鎧
body_equip,0x08C76174,0x08C71DA8,20,Twin Swordsman's Armor,body_equip#552,ニトウケンシノヨロイ
body_equip,0x08C76178,0x08C71DC0,38,Armor exclusively for a Twin Swordsman recognized as the Descender.,body_equip#553,ディセンダーと認められた双剣士専用の鎧
body_equip,0x08C761A4,0x08C71DE8,10,Great Swordsman's Armor,body_equip#554,大剣士の鎧
body_equip,0x08C761A8,0x08C71DF4,18,Great Swordsman's Armor,body_equip#555,ダイケンシノヨロイ
body_equip,0x08C761AC,0x08C71E08,38,Armor exclusively for a Great Swordsman recognized as the Descender.,body_equip#556,ディセンダーと認められた大剣士専用の鎧
body_equip,0x08C761D8,0x08C71E30,18,Monk's Jacket,body_equip#557,准拳士のジャケット
body_equip,0x08C761DC,0x08C71E44,24,Monk's Jacket,body_equip#558,ジュンケンシノジャケット
body_equip,0x08C761E0,0x08C71E60,46,A jacket exclusively for a Monk recognized as the Descender.,body_equip#559,ディセンダーと認められたモンク専用のジャケット
body_equip,0x08C7620C,0x08C71E90,8,Pirate's Clothes,body_equip#560,海賊の服
body_equip,0x08C76210,0x08C71E9C,14,Pirate's Clothes,body_equip#561,カイゾクノフク
body_equip,0x08C76214,0x08C71EAC,36,Clothes exclusively for a Pirate recognized as the Descender.,body_equip#562,ディセンダーと認められた海賊専用の服
body_equip,0x08C76240,0x08C71ED4,10,Paladin's Armor,body_equip#563,従士隊の鎧
body_equip,0x08C76244,0x08C71EE0,20,Paladin's Armor,body_equip#564,ジュウシタイノヨロイ
body_equip,0x08C76248,0x08C71EF8,38,Armor exclusively for a Paladin recognized as the Descender.,body_equip#565,ディセンダーと認められた聖騎士専用の鎧
body_equip,0x08C76274,0x08C71F20,18,Gunner's Jacket,body_equip#566,狙撃手のジャケット
body_equip,0x08C76278,0x08C71F34,22,Gunner's Jacket,body_equip#567,ソゲキシュノジャケット
body_equip,0x08C7627C,0x08C71F4C,48,A jacket exclusively for a Gunner recognized as the Descender.,body_equip#568,ディセンダーと認められたガンマン専用のジャケット
body_equip,0x08C762A8,0x08C71F80,8,Gladiator's Armor,body_equip#569,闘士の鎧
body_equip,0x08C762AC,0x08C71F8C,14,Gladiator's Armor,body_equip#570,トウシノヨロイ
body_equip,0x08C762B0,0x08C71F9C,38,Armor crafted exclusively for a Warrior Descender.,body_equip#571,ディセンダーの為に作られた戦士専用の鎧
body_equip,0x08C762DC,0x08C71FC4,8,Knight's Armor,body_equip#572,騎士の鎧
body_equip,0x08C762E0,0x08C71FD0,12,Knight's Armor,body_equip#573,キシノヨロイ
body_equip,0x08C762E4,0x08C71FE0,38,Armor crafted exclusively for a Swordsman Descender.,body_equip#574,ディセンダーの為に作られた剣士専用の鎧
body_equip,0x08C76310,0x08C72008,12,Magic Knight's Plate,body_equip#575,魔法騎士の鎧
body_equip,0x08C76314,0x08C72018,18,Magic Knight's Plate,body_equip#576,マホウキシノヨロイ
body_equip,0x08C76318,0x08C7202C,42,Armor crafted exclusively for a Spellsword Descender.,body_equip#577,ディセンダーの為に作られた魔法剣士専用の鎧
body_equip,0x08C76344,0x08C72058,14,Champion's Chiton,body_equip#578,小覇王のキトン
body_equip,0x08C76348,0x08C72068,20,Champion's Chiton,body_equip#579,ショウハオウノキトン
body_equip,0x08C7634C,0x08C72080,44,A chiton crafted exclusively for a Fighter Descender.,body_equip#580,ディセンダーの為に作られた格闘家専用のキトン
body_equip,0x08C76378,0x08C720B0,10,Marksman's Clothes,body_equip#581,名射手の服
body_equip,0x08C7637C,0x08C720BC,14,Marksman's Clothes,body_equip#582,メイイテノフク
body_equip,0x08C76380,0x08C720CC,38,Clothes crafted exclusively for a Hunter Descender.,body_equip#583,ディセンダーの為に作られた狩人専用の服
body_equip,0x08C763AC,0x08C720F4,8,Chivalrous Thief's Clothes,body_equip#584,義賊の服
body_equip,0x08C763B0,0x08C72100,12,Chivalrous Thief's Clothes,body_equip#585,ギゾクノフク
body_equip,0x08C763B4,0x08C72110,38,Clothes crafted exclusively for a Thief Descender.,body_equip#586,ディセンダーの為に作られた盗賊専用の服
body_equip,0x08C763E0,0x08C72138,8,Chieftain's Garb,body_equip#587,頭領の衣
body_equip,0x08C763E4,0x08C72144,18,Chieftain's Garb,body_equip#588,トウリョウノコロモ
body_equip,0x08C763E8,0x08C72158,38,Garb crafted exclusively for a Ninja Descender.,body_equip#589,ディセンダーの為に作られた忍者専用の衣
body_equip,0x08C76414,0x08C72180,14,Sorcerer's Robe,body_equip#590,魔導師のローブ
body_equip,0x08C76418,0x08C72190,16,Sorcerer's Robe,body_equip#591,マドウシノローブ
body_equip,0x08C7641C,0x08C721A4,44,A robe crafted exclusively for a Mage Descender.,body_equip#592,ディセンダーの為に作られた魔術師専用のローブ
body_equip,0x08C76448,0x08C721D4,14,Curate's Cloak,body_equip#593,司祭のクローク
body_equip,0x08C7644C,0x08C721E4,16,Curate's Cloak,body_equip#594,シサイノクローク
body_equip,0x08C76450,0x08C721F8,44,A cloak crafted exclusively for a Priest Descender.,body_equip#595,ディセンダーの為に作られた僧侶専用のクローク
body_equip,0x08C7647C,0x08C72228,12,Pontiff's Robe,body_equip#596,教皇のローブ
body_equip,0x08C76480,0x08C72238,18,Pontiff's Robe,body_equip#597,キョウコウノローブ
body_equip,0x08C76484,0x08C7224C,48,A robe crafted exclusively for a Bishop Descender.,body_equip#598,ディセンダーの為に作られたビショップ専用のローブ
body_equip,0x08C764B0,0x08C72280,12,Niten Swordsman's Armor,body_equip#599,二天剣士の鎧
body_equip,0x08C764B4,0x08C72290,20,Niten Swordsman's Armor,body_equip#600,ニテンケンシノヨロイ
body_equip,0x08C764B8,0x08C722A8,40,Armor crafted exclusively for a Twin Swordsman Descender.,body_equip#601,ディセンダーの為に作られた双剣士専用の鎧
body_equip,0x08C764E4,0x08C722D4,14,Executioner's Armor,body_equip#602,処刑執行人の鎧
body_equip,0x08C764E8,0x08C722E4,28,Executioner's Armor,body_equip#603,ショケイシッコウニンノヨロイ
body_equip,0x08C764EC,0x08C72304,40,Armor crafted exclusively for a Great Swordsman Descender.,body_equip#604,ディセンダーの為に作られた大剣士専用の鎧
body_equip,0x08C76518,0x08C72330,18,Grandmaster's Jacket,body_equip#605,大範士のジャケット
body_equip,0x08C7651C,0x08C72344,22,Grandmaster's Jacket,body_equip#606,ダイハンシノジャケット
body_equip,0x08C76520,0x08C7235C,48,A jacket crafted exclusively for a Monk Descender.,body_equip#607,ディセンダーの為に作られたモンク専用のジャケット
body_equip,0x08C7654C,0x08C72390,20,Viking Clothes,body_equip#608,ヴァイキングクロース
body_equip,0x08C76550,0x08C72390,20,Viking Clothes,body_equip#608,ヴァイキングクロース
body_equip,0x08C76554,0x08C723A8,44,Clothes crafted exclusively for a Pirate Descender.,body_equip#609,ディセンダーの為に作られた海賊専用のクロース
body_equip,0x08C76580,0x08C723D8,8,Sword Saint's Armor,body_equip#610,剣聖の鎧
body_equip,0x08C76584,0x08C723E4,16,Sword Saint's Armor,body_equip#611,ケンセイノヨロイ
body_equip,0x08C76588,0x08C723F8,40,Armor crafted exclusively for a Paladin Descender.,body_equip#612,ディセンダーの為に作られた聖騎士専用の鎧
body_equip,0x08C765B4,0x08C72424,22,Gunmaster Jacket,body_equip#613,ガンマスタージャケット
body_equip,0x08C765B8,0x08C72424,22,Gunmaster Jacket,body_equip#613,ガンマスタージャケット
body_equip,0x08C765BC,0x08C7243C,50,A jacket crafted exclusively for a Gunner Descender.,body_equip#614,ディセンダーの為に作られたガンマン専用のジャケット
body_equip,0x08C765E8,0x08C72470,14,Leadiel,body_equip#615,リィーディアル
body_equip,0x08C765EC,0x08C72470,14,Leadiel,body_equip#615,リィーディアル
body_equip,0x08C765F0,0x08C72480,28,A jacket crafted for assassins.,body_equip#616,暗殺者用に作られたジャケット
body_equip,0x08C7661C,0x08C724A0,16,Heavenly Garb,body_equip#617,ヘヴンリーガーブ
body_equip,0x08C76620,0x08C724A0,16,Heavenly Garb,body_equip#617,ヘヴンリーガーブ
body_equip,0x08C76624,0x08C724B4,28,Mystical garb bearing the name of an angel.,body_equip#618,天使の名を冠する神秘のガーブ
body_equip,0x08C76650,0x08C724D4,12,Valmegar,body_equip#619,ヴァルメガー
body_equip,0x08C76654,0x08C724D4,12,Valmegar,body_equip#619,ヴァルメガー
body_equip,0x08C76658,0x08C724E4,30,A gorgeously tailored jacket.,body_equip#620,豪華にしつらえられたジャケット
body_equip,0x08C76684,0x08C72504,14,Vermilion,body_equip#621,ヴァーミリオン
body_equip,0x08C76688,0x08C72504,14,Vermilion,body_equip#621,ヴァーミリオン
body_equip,0x08C7668C,0x08C72514,48,"Armor steeped in history, drenched in spurting blood through countless battles.",body_equip#622,幾戦もの闘いの末、返り血を浴び続けた曰く付きの鎧
body_equip,0x08C766B8,0x08C72548,8,Shrine Maiden's Garb,body_equip#623,巫の装束
body_equip,0x08C766BC,0x08C72554,20,Shrine Maiden's Garb,body_equip#624,カンナギノショウゾク
body_equip,0x08C766C0,0x08C7256C,32,A somewhat plain yet highly practical cloak.,body_equip#625,地味めだが、実用性の高いクローク
body_equip,0x08C766EC,0x08C72590,10,Exar,body_equip#626,エクサール
body_equip,0x08C766F0,0x08C72590,10,Exar,body_equip#626,エクサール
body_equip,0x08C766F4,0x08C7259C,38,A legendary cloak whose wearer is said to have soared across the heavens.,body_equip#627,纏う者は天を翔けたという伝説のクローク
body_equip,0x08C76720,0x08C725C4,14,Marishiten's Clothes,body_equip#628,摩利支天の衣服
body_equip,0x08C76724,0x08C725D4,18,Marishiten's Clothes,body_equip#629,マリシテンノイフク
body_equip,0x08C76728,0x08C725E8,42,A robe bearing the name of a guardian deity unwounded even on the battlefield.,body_equip#630,戦場でも傷つかない守り神の名を冠するローブ
body_equip,0x08C76754,0x08C72614,8,Phoenix Robe,body_equip#631,鳳凰の衣
body_equip,0x08C76758,0x08C72620,16,Phoenix Robe,body_equip#632,ホウオウノコロモ
body_equip,0x08C7675C,0x08C72634,40,Legendary clothing whose wearer is said to gain the blessing of the phoenix.,body_equip#633,纏う者は不死鳥の加護を得るという伝説の衣
body_equip,0x08C76788,0x08C72660,16,Golden Armor,body_equip#634,ゴールドアーマー
body_equip,0x08C7678C,0x08C72660,16,Golden Armor,body_equip#634,ゴールドアーマー
body_equip,0x08C76790,0x08C72674,44,"Armor of the hero Gilgamesh, whose name lives on in the legend of Ishtar.",body_equip#635,イシュタル伝説に名を残す勇者ギルガメシュの鎧
body_equip,0x08C767BC,0x08C726A4,12,Mumbane,body_equip#636,マム・ベイン
body_equip,0x08C767C0,0x08C726B4,10,Mumbane,body_equip#637,マムベイン
body_equip,0x08C767C4,0x08C726C0,32,Armor that received the protection of the great Earth Mother.,body_equip#638,大いなる大地母神の守りを受けた鎧
body_equip,0x08C767F0,0x08C726E4,18,Last Crusader,body_equip#639,ラストクルセイダー
body_equip,0x08C767F4,0x08C726E4,18,Last Crusader,body_equip#639,ラストクルセイダー
body_equip,0x08C767F8,0x08C726F8,36,Legendary armor said to have been used in an ancient holy war.,body_equip#640,太古の聖戦に使用されたという伝説の鎧
body_equip,0x08C76824,0x08C72720,20,Harmonic Armor,body_equip#641,ハーモニックアーマー
body_equip,0x08C76828,0x08C72720,20,Harmonic Armor,body_equip#641,ハーモニックアーマー
body_equip,0x08C7682C,0x08C72738,42,The supreme armor that resonates with its wielder to unleash maximum performance.,body_equip#642,使い手に同調し最高の性能を発揮する至高の鎧
body_equip,0x08C76858,0x08C72764,8,Gym Clothes A,body_equip#643,体操着Ａ
body_equip,0x08C7685C,0x08C72770,12,Gym Clothes A,body_equip#644,タイソウギＡ
body_equip,0x08C76860,0x08C72780,30,The Van Eltia captain's official gym clothes.,body_equip#645,バンエルティア号船長公式体操着
body_equip,0x08C76894,0x08C72780,30,The Van Eltia captain's official gym clothes.,body_equip#645,バンエルティア号船長公式体操着
body_equip,0x08C768C8,0x08C72780,30,The Van Eltia captain's official gym clothes.,body_equip#645,バンエルティア号船長公式体操着
body_equip,0x08C768FC,0x08C72780,30,The Van Eltia captain's official gym clothes.,body_equip#645,バンエルティア号船長公式体操着
body_equip,0x08C76930,0x08C72780,30,The Van Eltia captain's official gym clothes.,body_equip#645,バンエルティア号船長公式体操着
body_equip,0x08C7688C,0x08C727A0,8,Gym Clothes B,body_equip#646,体操着Ｂ
body_equip,0x08C76890,0x08C727AC,12,Gym Clothes B,body_equip#647,タイソウギＢ
body_equip,0x08C768C0,0x08C727BC,8,Gym Clothes C,body_equip#648,体操着Ｃ
body_equip,0x08C768C4,0x08C727C8,12,Gym Clothes C,body_equip#649,タイソウギＣ
body_equip,0x08C768F4,0x08C727D8,8,Gym Clothes D,body_equip#650,体操着Ｄ
body_equip,0x08C768F8,0x08C727E4,12,Gym Clothes D,body_equip#651,タイソウギＤ
body_equip,0x08C76928,0x08C727F4,8,Gym Clothes E,body_equip#652,体操着Ｅ
body_equip,0x08C7692C,0x08C72800,12,Gym Clothes E,body_equip#653,タイソウギＥ
body_equip,0x08C7695C,0x08C72810,6,Swimsuit A,body_equip#654,水着Ａ
body_equip,0x08C76960,0x08C72818,8,Swimsuit A,body_equip#655,ミズギＡ
body_equip,0x08C76964,0x08C72824,28,The Van Eltia captain's official swimsuit.,body_equip#656,バンエルティア号船長公式水着
body_equip,0x08C76998,0x08C72824,28,The Van Eltia captain's official swimsuit.,body_equip#656,バンエルティア号船長公式水着
body_equip,0x08C769CC,0x08C72824,28,The Van Eltia captain's official swimsuit.,body_equip#656,バンエルティア号船長公式水着
body_equip,0x08C76A00,0x08C72824,28,The Van Eltia captain's official swimsuit.,body_equip#656,バンエルティア号船長公式水着
body_equip,0x08C76A34,0x08C72824,28,The Van Eltia captain's official swimsuit.,body_equip#656,バンエルティア号船長公式水着
body_equip,0x08C76990,0x08C72844,6,Swimsuit B,body_equip#657,水着Ｂ
body_equip,0x08C76994,0x08C7284C,8,Swimsuit B,body_equip#658,ミズギＢ
body_equip,0x08C769C4,0x08C72858,6,Swimsuit C,body_equip#659,水着Ｃ
body_equip,0x08C769C8,0x08C72860,8,Swimsuit C,body_equip#660,ミズギＣ
body_equip,0x08C769F8,0x08C7286C,6,Swimsuit D,body_equip#661,水着Ｄ
body_equip,0x08C769FC,0x08C72874,8,Swimsuit D,body_equip#662,ミズギＤ
body_equip,0x08C76A2C,0x08C72880,6,Swimsuit E,body_equip#663,水着Ｅ
body_equip,0x08C76A30,0x08C72888,8,Swimsuit E,body_equip#664,ミズギＥ
body_equip,0x08C76A60,0x08C72894,6,Mojo,body_equip#665,モジョ
body_equip,0x08C76A64,0x08C72894,6,Mojo,body_equip#665,モジョ
body_equip,0x08C76A68,0x08C7289C,40,Full-body black tights. Elegantly play a suspicious character.,body_equip#666,全身黒タイツ。怪しい人物を華麗に演じます
body_equip,0x08C76A94,0x08C728C8,12,Thunder God A,body_equip#667,かみなり様Ａ
body_equip,0x08C76A98,0x08C728D8,14,Thunder God A,body_equip#668,カミナリサマＡ
body_equip,0x08C76A9C,0x08C728E8,26,A suit that novice thunder gods can equip.,body_equip#669,初級雷様が装備出来るスーツ
body_equip,0x08C76AC8,0x08C72904,12,Thunder God B,body_equip#670,かみなり様Ｂ
body_equip,0x08C76ACC,0x08C72914,14,Thunder God B,body_equip#671,カミナリサマＢ
body_equip,0x08C76AD0,0x08C72924,26,A suit that intermediate thunder gods can equip.,body_equip#672,中級雷様が装備出来るスーツ
body_equip,0x08C76AFC,0x08C72940,12,Thunder God C,body_equip#673,かみなり様Ｃ
body_equip,0x08C76B00,0x08C72950,14,Thunder God C,body_equip#674,カミナリサマＣ
body_equip,0x08C76B04,0x08C72960,26,A suit that advanced thunder gods can equip.,body_equip#675,上級雷様が装備出来るスーツ
body_equip,0x08C76B30,0x08C7297C,8,Pink Era,body_equip#676,桃色時代
body_equip,0x08C76B34,0x08C72988,14,Pink Era,body_equip#677,モモイロジダイ
body_equip,0x08C76B38,0x08C72998,38,For sexy thunder gods. Its name is 'Pink Era'.,body_equip#678,お色気専門雷様用。その名も「桃色時代」
body_equip,0x08C76B64,0x08C729C0,14,Black (Black),body_equip#679,ブラック（黒）
body_equip,0x08C76B68,0x08C729D0,12,Black (Black),body_equip#680,ブラッククロ
body_equip,0x08C76B6C,0x08C729E0,40,The ultimate thunder gear. Its name is 'Black (Black)'.,body_equip#681,究極の雷装備。その名も「ブラック（黒）」
body_equip,0x08C76B98,0x08C72A0C,6,Martial Arts Gi A,body_equip#682,胴着Ａ
body_equip,0x08C76B9C,0x08C72A14,8,Martial Arts Gi A,body_equip#683,ドウギＡ
body_equip,0x08C76BA0,0x08C72A20,28,A gi made for martial arts competitions.,body_equip#684,格闘技の試合用に作られた胴着
body_equip,0x08C76BD4,0x08C72A20,28,A gi made for martial arts competitions.,body_equip#684,格闘技の試合用に作られた胴着
body_equip,0x08C76C08,0x08C72A20,28,A gi made for martial arts competitions.,body_equip#684,格闘技の試合用に作られた胴着
body_equip,0x08C76C3C,0x08C72A20,28,A gi made for martial arts competitions.,body_equip#684,格闘技の試合用に作られた胴着
body_equip,0x08C76C70,0x08C72A20,28,A gi made for martial arts competitions.,body_equip#684,格闘技の試合用に作られた胴着
body_equip,0x08C76BCC,0x08C72A40,6,Martial Arts Gi B,body_equip#685,胴着Ｂ
body_equip,0x08C76BD0,0x08C72A48,8,Martial Arts Gi B,body_equip#686,ドウギＢ
body_equip,0x08C76C00,0x08C72A54,6,Martial Arts Gi C,body_equip#687,胴着Ｃ
body_equip,0x08C76C04,0x08C72A5C,8,Martial Arts Gi C,body_equip#688,ドウギＣ
body_equip,0x08C76C34,0x08C72A68,6,Martial Arts Gi D,body_equip#689,胴着Ｄ
body_equip,0x08C76C38,0x08C72A70,8,Martial Arts Gi D,body_equip#690,ドウギＤ
body_equip,0x08C76C68,0x08C72A7C,6,Martial Arts Gi E,body_equip#691,胴着Ｅ
body_equip,0x08C76C6C,0x08C72A84,8,Martial Arts Gi E,body_equip#692,ドウギＥ
body_equip,0x08C76C9C,0x08C72A90,8,Piyoko A,body_equip#693,ピヨコＡ
body_equip,0x08C76CA0,0x08C72A90,8,Piyoko A,body_equip#693,ピヨコＡ
body_equip,0x08C76CA4,0x08C72A9C,30,A suit resembling a baby chick. Uncolored.,body_equip#694,鶏のヒナを模したスーツ。未着色
body_equip,0x08C76CD0,0x08C72ABC,8,Piyoko B,body_equip#695,ピヨコＢ
body_equip,0x08C76CD4,0x08C72ABC,8,Piyoko B,body_equip#695,ピヨコＢ
body_equip,0x08C76CD8,0x08C72AC8,32,A suit resembling a baby chick. Colored.,body_equip#696,鶏のヒナを模したスーツ。着色済み
body_equip,0x08C76D0C,0x08C72AC8,32,A suit resembling a baby chick. Colored.,body_equip#696,鶏のヒナを模したスーツ。着色済み
body_equip,0x08C76D40,0x08C72AC8,32,A suit resembling a baby chick. Colored.,body_equip#696,鶏のヒナを模したスーツ。着色済み
body_equip,0x08C76D04,0x08C72AEC,8,Piyoko C,body_equip#697,ピヨコＣ
body_equip,0x08C76D08,0x08C72AEC,8,Piyoko C,body_equip#697,ピヨコＣ
body_equip,0x08C76D38,0x08C72AF8,8,Piyoko D,body_equip#698,ピヨコＤ
body_equip,0x08C76D3C,0x08C72AF8,8,Piyoko D,body_equip#698,ピヨコＤ
body_equip,0x08C76D6C,0x08C72B04,8,Piyoko E,body_equip#699,ピヨコＥ
body_equip,0x08C76D70,0x08C72B04,8,Piyoko E,body_equip#699,ピヨコＥ
body_equip,0x08C76D74,0x08C72B10,40,A suit resembling a baby chick. Colored in rare tones.,body_equip#700,鶏のヒナを模したスーツ。レア色で着色済み
body_equip,0x08C76DA0,0x08C72B3C,14,Frog Suit A,body_equip#701,カエルスーツＡ
body_equip,0x08C76DA4,0x08C72B3C,14,Frog Suit A,body_equip#701,カエルスーツＡ
body_equip,0x08C76DA8,0x08C72B4C,20,A suit resembling an amphibian.,body_equip#702,両生類を模したスーツ
body_equip,0x08C76DDC,0x08C72B4C,20,A suit resembling an amphibian.,body_equip#702,両生類を模したスーツ
body_equip,0x08C76E10,0x08C72B4C,20,A suit resembling an amphibian.,body_equip#702,両生類を模したスーツ
body_equip,0x08C76E44,0x08C72B4C,20,A suit resembling an amphibian.,body_equip#702,両生類を模したスーツ
body_equip,0x08C76DD4,0x08C72B64,14,Frog Suit B,body_equip#703,カエルスーツＢ
body_equip,0x08C76DD8,0x08C72B64,14,Frog Suit B,body_equip#703,カエルスーツＢ
body_equip,0x08C76E08,0x08C72B74,14,Frog Suit C,body_equip#704,カエルスーツＣ
body_equip,0x08C76E0C,0x08C72B74,14,Frog Suit C,body_equip#704,カエルスーツＣ
body_equip,0x08C76E3C,0x08C72B84,14,Frog Suit D,body_equip#705,カエルスーツＤ
body_equip,0x08C76E40,0x08C72B84,14,Frog Suit D,body_equip#705,カエルスーツＤ
body_equip,0x08C76E70,0x08C72B94,14,Frog Suit E,body_equip#706,カエルスーツＥ
body_equip,0x08C76E74,0x08C72B94,14,Frog Suit E,body_equip#706,カエルスーツＥ
body_equip,0x08C76E78,0x08C72BA4,34,A suit resembling an amphibian with unusual coloring.,body_equip#707,珍しい色をした両生類を模したスーツ
body_equip,0x08C76EA4,0x08C72BC8,18,Angel Suit,body_equip#708,エンジェル・スーツ
body_equip,0x08C76EA8,0x08C72BC8,18,Angel Suit,body_equip#708,エンジェル・スーツ
body_equip,0x08C76EAC,0x08C72BDC,20,Aim to be a Cupid!,body_equip#709,めざせ！きゅーぴっと
body_equip,0x08C76ED8,0x08C72BF4,18,Soul Costume,body_equip#710,ソウルコスチューム
body_equip,0x08C76EDC,0x08C72BF4,18,Soul Costume,body_equip#710,ソウルコスチューム
body_equip,0x08C76EE0,0x08C72C08,48,Wear it to become that character! (Full-body transform equipment.),body_equip#711,身につければあのキャラに！（全身変化の装備です）
body_equip,0x08C76F14,0x08C72C08,48,Wear it to become that character! (Full-body transform equipment.),body_equip#711,身につければあのキャラに！（全身変化の装備です）
body_equip,0x08C76F48,0x08C72C08,48,Wear it to become that character! (Full-body transform equipment.),body_equip#711,身につければあのキャラに！（全身変化の装備です）
body_equip,0x08C7745C,0x08C72C08,48,Wear it to become that character! (Full-body transform equipment.),body_equip#711,身につければあのキャラに！（全身変化の装備です）
body_equip,0x08C77490,0x08C72C08,48,Wear it to become that character! (Full-body transform equipment.),body_equip#711,身につければあのキャラに！（全身変化の装備です）
body_equip,0x08C774C4,0x08C72C08,48,Wear it to become that character! (Full-body transform equipment.),body_equip#711,身につければあのキャラに！（全身変化の装備です）
body_equip,0x08C774F8,0x08C72C08,48,Wear it to become that character! (Full-body transform equipment.),body_equip#711,身につければあのキャラに！（全身変化の装備です）
body_equip,0x08C7752C,0x08C72C08,48,Wear it to become that character! (Full-body transform equipment.),body_equip#711,身につければあのキャラに！（全身変化の装備です）
body_equip,0x08C77560,0x08C72C08,48,Wear it to become that character! (Full-body transform equipment.),body_equip#711,身につければあのキャラに！（全身変化の装備です）
body_equip,0x08C77594,0x08C72C08,48,Wear it to become that character! (Full-body transform equipment.),body_equip#711,身につければあのキャラに！（全身変化の装備です）
body_equip,0x08C775C8,0x08C72C08,48,Wear it to become that character! (Full-body transform equipment.),body_equip#711,身につければあのキャラに！（全身変化の装備です）
body_equip,0x08C775FC,0x08C72C08,48,Wear it to become that character! (Full-body transform equipment.),body_equip#711,身につければあのキャラに！（全身変化の装備です）
body_equip,0x08C77630,0x08C72C08,48,Wear it to become that character! (Full-body transform equipment.),body_equip#711,身につければあのキャラに！（全身変化の装備です）
body_equip,0x08C77664,0x08C72C08,48,Wear it to become that character! (Full-body transform equipment.),body_equip#711,身につければあのキャラに！（全身変化の装備です）
body_equip,0x08C77698,0x08C72C08,48,Wear it to become that character! (Full-body transform equipment.),body_equip#711,身につければあのキャラに！（全身変化の装備です）
body_equip,0x08C76F0C,0x08C72C3C,22,Namco Oldies A,body_equip#712,ナムコオールディーズＡ
body_equip,0x08C76F10,0x08C72C3C,22,Namco Oldies A,body_equip#712,ナムコオールディーズＡ
body_equip,0x08C76F40,0x08C72C54,22,Namco Oldies B,body_equip#713,ナムコオールディーズＢ
body_equip,0x08C76F44,0x08C72C54,22,Namco Oldies B,body_equip#713,ナムコオールディーズＢ
body_equip,0x08C76F74,0x08C72C6C,22,Games Town T-Shirt,body_equip#714,ゲームスタウンＴシャツ
body_equip,0x08C76F78,0x08C72C6C,22,Games Town T-Shirt,body_equip#714,ゲームスタウンＴシャツ
body_equip,0x08C76F7C,0x08C72C84,34,An original Games Town T-shirt.,body_equip#715,ゲームスタウンオリジナルのＴシャツ
body_equip,0x08C76FA8,0x08C72CA8,24,Tales Magazine T-Shirt,body_equip#716,テイルズマガジンＴシャツ
body_equip,0x08C76FAC,0x08C72CA8,24,Tales Magazine T-Shirt,body_equip#716,テイルズマガジンＴシャツ
body_equip,0x08C76FB0,0x08C72CC4,40,An original Tales of Magazine T-shirt.,body_equip#717,テイルズオブマガジンオリジナルのＴシャツ
body_equip,0x08C76FDC,0x08C72CF0,16,Famitsu T-Shirt,body_equip#718,ファミ通Ｔシャツ
body_equip,0x08C76FE0,0x08C72D04,18,Famitsu T-Shirt,body_equip#719,ファミツウＴシャツ
body_equip,0x08C76FE4,0x08C72D18,28,An original Famitsu T-shirt.,body_equip#720,ファミ通オリジナルのＴシャツ
body_equip,0x08C77010,0x08C72D38,16,Penguin T-Shirt,body_equip#721,ペンギンＴシャツ
body_equip,0x08C77014,0x08C72D38,16,Penguin T-Shirt,body_equip#721,ペンギンＴシャツ
body_equip,0x08C77018,0x08C72D4C,48,An original PENGUIN Bros. T-shirt.,body_equip#722,ＰＥＮＧＵＩＮ　Ｂｒｏｓ．のオリジナルのＴシャツ
body_equip,0x08C77044,0x08C72D80,16,Politan T-Shirt,body_equip#723,ポリタンＴシャツ
body_equip,0x08C77048,0x08C72D80,16,Politan T-Shirt,body_equip#723,ポリタンＴシャツ
body_equip,0x08C7704C,0x08C72D94,24,An original Dengeki T-shirt.,body_equip#724,電撃オリジナルのＴシャツ
body_equip,0x08C77078,0x08C72DB0,16,Dengeki Maoh T-Shirt,body_equip#725,電撃マ王Ｔシャツ
body_equip,0x08C7707C,0x08C72DC4,22,Dengeki Maoh T-Shirt,body_equip#726,デンゲキマオウＴシャツ
body_equip,0x08C77080,0x08C72DDC,28,An original Dengeki Maoh T-shirt.,body_equip#727,電撃マ王オリジナルのＴシャツ
body_equip,0x08C770AC,0x08C72DFC,18,Quickie T-Shirt,body_equip#728,クィッキーＴシャツ
body_equip,0x08C770B0,0x08C72DFC,18,Quickie T-Shirt,body_equip#728,クィッキーＴシャツ
body_equip,0x08C770B4,0x08C72E10,48,A T-shirt featuring a Tales of mascot character.,body_equip#729,テイルズ　オブ　マスコットキャラクターのＴシャツ
body_equip,0x08C770E8,0x08C72E10,48,A T-shirt featuring a Tales of mascot character.,body_equip#729,テイルズ　オブ　マスコットキャラクターのＴシャツ
body_equip,0x08C7711C,0x08C72E10,48,A T-shirt featuring a Tales of mascot character.,body_equip#729,テイルズ　オブ　マスコットキャラクターのＴシャツ
body_equip,0x08C77150,0x08C72E10,48,A T-shirt featuring a Tales of mascot character.,body_equip#729,テイルズ　オブ　マスコットキャラクターのＴシャツ
body_equip,0x08C77184,0x08C72E10,48,A T-shirt featuring a Tales of mascot character.,body_equip#729,テイルズ　オブ　マスコットキャラクターのＴシャツ
body_equip,0x08C771B8,0x08C72E10,48,A T-shirt featuring a Tales of mascot character.,body_equip#729,テイルズ　オブ　マスコットキャラクターのＴシャツ
body_equip,0x08C771EC,0x08C72E10,48,A T-shirt featuring a Tales of mascot character.,body_equip#729,テイルズ　オブ　マスコットキャラクターのＴシャツ
body_equip,0x08C770E0,0x08C72E44,14,Corrine T-Shirt,body_equip#730,コリンＴシャツ
body_equip,0x08C770E4,0x08C72E44,14,Corrine T-Shirt,body_equip#730,コリンＴシャツ
body_equip,0x08C77114,0x08C72E54,14,Zapie T-Shirt,body_equip#731,ザピィＴシャツ
body_equip,0x08C77118,0x08C72E54,14,Zapie T-Shirt,body_equip#731,ザピィＴシャツ
body_equip,0x08C77148,0x08C72E64,16,Mofumofu T-Shirt,body_equip#732,モフモフＴシャツ
body_equip,0x08C7714C,0x08C72E64,16,Mofumofu T-Shirt,body_equip#732,モフモフＴシャツ
body_equip,0x08C7717C,0x08C72E78,14,Mieu T-Shirt,body_equip#733,ミュウＴシャツ
body_equip,0x08C77180,0x08C72E78,14,Mieu T-Shirt,body_equip#733,ミュウＴシャツ
body_equip,0x08C771B0,0x08C72E88,14,Coda T-Shirt,body_equip#734,コーダＴシャツ
body_equip,0x08C771B4,0x08C72E88,14,Coda T-Shirt,body_equip#734,コーダＴシャツ
body_equip,0x08C771E4,0x08C72E98,18,Tenebrae T-Shirt,body_equip#735,テネブラエＴシャツ
body_equip,0x08C771E8,0x08C72E98,18,Tenebrae T-Shirt,body_equip#735,テネブラエＴシャツ
body_equip,0x08C77218,0x08C72EAC,16,Galaga T-Shirt,body_equip#736,ギャラガＴシャツ
body_equip,0x08C7721C,0x08C72EAC,16,Galaga T-Shirt,body_equip#736,ギャラガＴシャツ
body_equip,0x08C77220,0x08C72EC0,46,A T-shirt featuring a character from a nostalgic video game.,body_equip#737,なつかしのビデオゲームのキャラクターのＴシャツ
body_equip,0x08C77254,0x08C72EC0,46,A T-shirt featuring a character from a nostalgic video game.,body_equip#737,なつかしのビデオゲームのキャラクターのＴシャツ
body_equip,0x08C77288,0x08C72EC0,46,A T-shirt featuring a character from a nostalgic video game.,body_equip#737,なつかしのビデオゲームのキャラクターのＴシャツ
body_equip,0x08C772BC,0x08C72EC0,46,A T-shirt featuring a character from a nostalgic video game.,body_equip#737,なつかしのビデオゲームのキャラクターのＴシャツ
body_equip,0x08C772F0,0x08C72EC0,46,A T-shirt featuring a character from a nostalgic video game.,body_equip#737,なつかしのビデオゲームのキャラクターのＴシャツ
body_equip,0x08C77324,0x08C72EC0,46,A T-shirt featuring a character from a nostalgic video game.,body_equip#737,なつかしのビデオゲームのキャラクターのＴシャツ
body_equip,0x08C77358,0x08C72EC0,46,A T-shirt featuring a character from a nostalgic video game.,body_equip#737,なつかしのビデオゲームのキャラクターのＴシャツ
body_equip,0x08C7724C,0x08C72EF0,22,Galaxian T-Shirt,body_equip#738,ギャラクシアンＴシャツ
body_equip,0x08C77250,0x08C72EF0,22,Galaxian T-Shirt,body_equip#738,ギャラクシアンＴシャツ
body_equip,0x08C77280,0x08C72F08,16,Xevious T-Shirt,body_equip#739,ゼビウスＴシャツ
body_equip,0x08C77284,0x08C72F08,16,Xevious T-Shirt,body_equip#739,ゼビウスＴシャツ
body_equip,0x08C772B4,0x08C72F1C,18,Dig Dug T-Shirt,body_equip#740,ディグダグＴシャツ
body_equip,0x08C772B8,0x08C72F1C,18,Dig Dug T-Shirt,body_equip#740,ディグダグＴシャツ
body_equip,0x08C772E8,0x08C72F30,18,Pac-Man T-Shirt,body_equip#741,パックマンＴシャツ
body_equip,0x08C772EC,0x08C72F30,18,Pac-Man T-Shirt,body_equip#741,パックマンＴシャツ
body_equip,0x08C7731C,0x08C72F44,16,Mappy T-Shirt,body_equip#742,マッピーＴシャツ
body_equip,0x08C77320,0x08C72F44,16,Mappy T-Shirt,body_equip#742,マッピーＴシャツ
body_equip,0x08C77350,0x08C72F58,15,Rally-X T-Shirt,body_equip#743,ラリーXＴシャツ
body_equip,0x08C77354,0x08C72F68,16,Rally-X T-Shirt,body_equip#744,ラリーＸＴシャツ
body_equip,0x08C77384,0x08C72F7C,14,Santa Suit,body_equip#745,サンタ・スーツ
body_equip,0x08C77388,0x08C72F7C,14,Santa Suit,body_equip#745,サンタ・スーツ
body_equip,0x08C7738C,0x08C72F8C,24,Red clothes that bring dreams to children.,body_equip#746,お子様に夢を与える赤い服
body_equip,0x08C773B8,0x08C72FA8,16,Reindeer Suit,body_equip#747,トナカイ・スーツ
body_equip,0x08C773BC,0x08C72FA8,16,Reindeer Suit,body_equip#747,トナカイ・スーツ
body_equip,0x08C773C0,0x08C72FBC,42,A suit crafted from fur gifted by a reindeer.,body_equip#748,トナカイさんから頂いた毛皮で作成したスーツ
body_equip,0x08C773EC,0x08C72FE8,16,French Maid,body_equip#749,フレンチ・メイド
body_equip,0x08C773F0,0x08C72FE8,16,French Maid,body_equip#749,フレンチ・メイド
body_equip,0x08C773F4,0x08C72FFC,44,"In response to popular demand, can now be equipped by part!",body_equip#750,皆様の要望にお応えして部位ごとに装備可能に！
body_equip,0x08C77420,0x08C7302C,4,Happi,body_equip#751,法被
body_equip,0x08C77424,0x08C73034,6,Happi,body_equip#752,ハッピ
body_equip,0x08C77428,0x08C7303C,24,Blood boiling and flesh stirring! A manly festival gear.,body_equip#753,血湧き肉躍る！漢の祭装備
body_equip,0x08C77454,0x08C73058,22,Tales of Cosplay A,body_equip#754,なりきりテイルズオブＡ
body_equip,0x08C77458,0x08C73070,22,Tales of Cosplay A,body_equip#755,ナリキリテイルズオブＡ
body_equip,0x08C77488,0x08C73088,22,Tales of Cosplay B,body_equip#756,なりきりテイルズオブＢ
body_equip,0x08C7748C,0x08C730A0,22,Tales of Cosplay B,body_equip#757,ナリキリテイルズオブＢ
body_equip,0x08C774BC,0x08C730B8,22,Tales of Cosplay C,body_equip#758,なりきりテイルズオブＣ
body_equip,0x08C774C0,0x08C730D0,22,Tales of Cosplay C,body_equip#759,ナリキリテイルズオブＣ
body_equip,0x08C774F0,0x08C730E8,22,Tales of Cosplay D,body_equip#760,なりきりテイルズオブＤ
body_equip,0x08C774F4,0x08C73100,22,Tales of Cosplay D,body_equip#761,ナリキリテイルズオブＤ
body_equip,0x08C77524,0x08C73118,22,Tales of Cosplay E,body_equip#762,なりきりテイルズオブＥ
body_equip,0x08C77528,0x08C73130,22,Tales of Cosplay E,body_equip#763,ナリキリテイルズオブＥ
body_equip,0x08C77558,0x08C73148,22,Tales of Cosplay F,body_equip#764,なりきりテイルズオブＦ
body_equip,0x08C7755C,0x08C73160,22,Tales of Cosplay F,body_equip#765,ナリキリテイルズオブＦ
body_equip,0x08C7758C,0x08C73178,22,Tales of Cosplay G,body_equip#766,なりきりテイルズオブＧ
body_equip,0x08C77590,0x08C73190,22,Tales of Cosplay G,body_equip#767,ナリキリテイルズオブＧ
body_equip,0x08C775C0,0x08C731A8,22,Tales of Cosplay H,body_equip#768,なりきりテイルズオブＨ
body_equip,0x08C775C4,0x08C731C0,22,Tales of Cosplay H,body_equip#769,ナリキリテイルズオブＨ
body_equip,0x08C775F4,0x08C731D8,22,Tales of Cosplay I,body_equip#770,なりきりテイルズオブＩ
body_equip,0x08C775F8,0x08C731F0,22,Tales of Cosplay I,body_equip#771,ナリキリテイルズオブＩ
body_equip,0x08C77628,0x08C73208,22,Tales of Cosplay J,body_equip#772,なりきりテイルズオブＪ
body_equip,0x08C7762C,0x08C73220,22,Tales of Cosplay J,body_equip#773,ナリキリテイルズオブＪ
body_equip,0x08C7765C,0x08C73238,22,Tales of Cosplay K,body_equip#774,なりきりテイルズオブＫ
body_equip,0x08C77660,0x08C73250,22,Tales of Cosplay K,body_equip#775,ナリキリテイルズオブＫ
body_equip,0x08C77690,0x08C73268,22,Tales of Cosplay L,body_equip#776,なりきりテイルズオブＬ
body_equip,0x08C77694,0x08C73280,22,Tales of Cosplay L,body_equip#777,ナリキリテイルズオブＬ
body_equip,0x08C776C4,0x08C73298,20,Trial Jacket,body_equip#778,トライアルジャケット
body_equip,0x08C776C8,0x08C73298,20,Trial Jacket,body_equip#778,トライアルジャケット
body_equip,0x08C776CC,0x08C732B0,32,A common jacket that protects the torso.,body_equip#779,胴体を保護する一般的なジャケット
body_equip,0x08C776F8,0x08C732D4,24,Classic Leather Armor,body_equip#780,クラシックレザーアーマー
body_equip,0x08C776FC,0x08C732D4,24,Classic Leather Armor,body_equip#780,クラシックレザーアーマー
body_equip,0x08C77700,0x08C732F0,28,Common leather armor that protects the torso.,body_equip#781,胴体を保護する一般的な皮の鎧
body_equip,0x08C7772C,0x08C73310,12,Bare Body,body_equip#782,すっぴんの体
body_equip,0x08C77730,0x08C73320,16,Bare Body,body_equip#783,スッピンノカラダ
body_equip,0x08C77734,0x08C73334,10,Remove Equipment,body_equip#784,装備を外す
body_equip,0x08C77760,0x08C73340,16,Maximum Value (Body Equip),body_equip#785,最大値（体装備）
hand_equip,0x08C7BDE0,0x08C777AC,14,Leather Gloves,hand_equip#0,レザーグローブ
hand_equip,0x08C7BDE4,0x08C777AC,14,Leather Gloves,hand_equip#0,レザーグローブ
hand_equip,0x08C7BDE8,0x08C777BC,14,Gloves made of leather.,hand_equip#1,革製のグローブ
hand_equip,0x08C7BE14,0x08C777CC,16,Nebula Gloves,hand_equip#2,ネビュラグローブ
hand_equip,0x08C7BE18,0x08C777CC,16,Nebula Gloves,hand_equip#2,ネビュラグローブ
hand_equip,0x08C7BE1C,0x08C777E0,26,Gloves hailed as being on a nebular scale.,hand_equip#3,星雲級と称えられたグローブ
hand_equip,0x08C7BE48,0x08C777FC,22,Brahmi Gauntlets,hand_equip#4,ブラフミーガントレット
hand_equip,0x08C7BE4C,0x08C777FC,22,Brahmi Gauntlets,hand_equip#4,ブラフミーガントレット
hand_equip,0x08C7BE50,0x08C77814,38,Gauntlets bearing the name of the sacred herb brahmi.,hand_equip#5,霊草ブラフミーの名を冠するガントレット
hand_equip,0x08C7BE7C,0x08C7783C,14,Bikini Gloves,hand_equip#6,ビキニグローブ
hand_equip,0x08C7BE80,0x08C7783C,14,Bikini Gloves,hand_equip#6,ビキニグローブ
hand_equip,0x08C7BE84,0x08C7784C,40,Gloves that add a little accent to revealing outfits.,hand_equip#7,露出度にちょっとしたアクセントのグローブ
hand_equip,0x08C7BEB0,0x08C77878,16,Infantry Jaeger Gauntlets,hand_equip#8,歩兵隊猟兵の篭手
hand_equip,0x08C7BEB4,0x08C7788C,26,Infantry Jaeger Gauntlets,hand_equip#9,ホヘイタイリョウヘイノコテ
hand_equip,0x08C7BEB8,0x08C778A8,26,Gauntlets issued to infantry jaegers.,hand_equip#10,歩兵隊猟兵に支給される篭手
hand_equip,0x08C7BEE4,0x08C778C4,16,Iron Gloves,hand_equip#11,アイアングローブ
hand_equip,0x08C7BEE8,0x08C778C4,16,Iron Gloves,hand_equip#11,アイアングローブ
hand_equip,0x08C7BEEC,0x08C778D8,14,Gloves made of iron.,hand_equip#12,鉄製のグローブ
hand_equip,0x08C7BF18,0x08C778E8,20,Trunk Gauntlets,hand_equip#13,トランクガントレット
hand_equip,0x08C7BF1C,0x08C778E8,20,Trunk Gauntlets,hand_equip#13,トランクガントレット
hand_equip,0x08C7BF20,0x08C77900,40,Cloth gauntlets adorned with small metal plates.,hand_equip#14,小さな金属板をあしらった布のガントレット
hand_equip,0x08C7BF4C,0x08C7792C,10,Lone Wolf Gauntlets,hand_equip#15,孤狼の篭手
hand_equip,0x08C7BF50,0x08C77938,12,Lone Wolf Gauntlets,hand_equip#16,コロウノコテ
hand_equip,0x08C7BF54,0x08C77948,34,Gauntlets said to be worn by lone wolf warriors.,hand_equip#17,一匹狼の戦士が身に着けるという篭手
hand_equip,0x08C7BF80,0x08C7796C,10,Lesser Dragon Gauntlets,hand_equip#18,小龍の篭手
hand_equip,0x08C7BF84,0x08C77978,18,Lesser Dragon Gauntlets,hand_equip#19,ショウリュウノコテ
hand_equip,0x08C7BF88,0x08C7798C,28,Gauntlets said to harbor the soul of a lesser dragon.,hand_equip#20,小龍の魂が宿るといわれる篭手
hand_equip,0x08C7BFB4,0x08C779AC,20,Gladiator Gloves,hand_equip#21,グラディエータグラブ
hand_equip,0x08C7BFB8,0x08C779AC,20,Gladiator Gloves,hand_equip#21,グラディエータグラブ
hand_equip,0x08C7BFBC,0x08C779C4,24,Gloves worn by gladiators.,hand_equip#22,剣闘士が身に着けるグラブ
hand_equip,0x08C7BFE8,0x08C779E0,16,Field Arm,hand_equip#23,フィールドアーム
hand_equip,0x08C7BFEC,0x08C779E0,16,Field Arm,hand_equip#23,フィールドアーム
hand_equip,0x08C7BFF0,0x08C779F4,26,Arm armor designed with mobility in mind.,hand_equip#24,動きやすさ重視の腕部用防具
hand_equip,0x08C7C01C,0x08C77A10,14,Ashigaru Captain Gauntlets,hand_equip#25,足軽大将の篭手
hand_equip,0x08C7C020,0x08C77A20,24,Ashigaru Captain Gauntlets,hand_equip#26,アシガルタイショウノコテ
hand_equip,0x08C7C024,0x08C77A3C,28,Gauntlets once worn by soldiers of the East.,hand_equip#27,東方の兵士が着用していた篭手
hand_equip,0x08C7C050,0x08C77A5C,18,Chief Gauntlets,hand_equip#28,チーフガントレット
hand_equip,0x08C7C054,0x08C77A5C,18,Chief Gauntlets,hand_equip#28,チーフガントレット
hand_equip,0x08C7C058,0x08C77A70,22,Gauntlets for non-commissioned officers.,hand_equip#29,下士官用のガントレット
hand_equip,0x08C7C084,0x08C77A88,14,Onmitsu Gloves,hand_equip#30,オンミツグラブ
hand_equip,0x08C7C088,0x08C77A88,14,Onmitsu Gloves,hand_equip#30,オンミツグラブ
hand_equip,0x08C7C08C,0x08C77A98,24,Gloves once worn by undercover spies.,hand_equip#31,隠密が着用していたグラブ
hand_equip,0x08C7C0B8,0x08C77AB4,20,Gothic Gauntlets,hand_equip#32,ゴシックガントレット
hand_equip,0x08C7C0BC,0x08C77AB4,20,Gothic Gauntlets,hand_equip#32,ゴシックガントレット
hand_equip,0x08C7C0C0,0x08C77ACC,32,Arm sections of a full suit of armor made with archaic techniques.,hand_equip#33,古式の製法で作られた全身鎧の腕部
hand_equip,0x08C7C0EC,0x08C77AF0,24,Germain Gauntlets,hand_equip#34,ジャーメインガントレット
hand_equip,0x08C7C0F0,0x08C77AF0,24,Germain Gauntlets,hand_equip#34,ジャーメインガントレット
hand_equip,0x08C7C0F4,0x08C77B0C,56,Gauntlets worn by those who swear justice to the ancient saint Germain.,hand_equip#35,古の聖人ジャーメインに正義を誓う者が着用するガントレット
hand_equip,0x08C7C120,0x08C77B48,18,Musha Gauntlets,hand_equip#36,ムシャガントレット
hand_equip,0x08C7C124,0x08C77B48,18,Musha Gauntlets,hand_equip#36,ムシャガントレット
hand_equip,0x08C7C128,0x08C77B5C,24,Gauntlets reminiscent of armored samurai warriors.,hand_equip#37,鎧武者を彷彿とさせる篭手
hand_equip,0x08C7C154,0x08C77B78,18,Knight Gauntlets,hand_equip#38,ナイトガントレット
hand_equip,0x08C7C158,0x08C77B78,18,Knight Gauntlets,hand_equip#38,ナイトガントレット
hand_equip,0x08C7C15C,0x08C77B8C,44,Gauntlets bestowed upon those who hold the title of Knight.,hand_equip#39,ナイトの称号を持つ者に与えられるガントレット
hand_equip,0x08C7C188,0x08C77BBC,18,Nahl Gauntlets,hand_equip#40,ナハラガントレット
hand_equip,0x08C7C18C,0x08C77BBC,18,Nahl Gauntlets,hand_equip#40,ナハラガントレット
hand_equip,0x08C7C190,0x08C77BD0,44,Gauntlets named after the word for bee in the magical land of 1001 Nights.,hand_equip#41,千夜一夜の魔法の国で蜂を意味するガントレット
hand_equip,0x08C7C1BC,0x08C77C00,22,Ganesha Gauntlets,hand_equip#42,ガネーシャガントレット
hand_equip,0x08C7C1C0,0x08C77C00,22,Ganesha Gauntlets,hand_equip#42,ガネーシャガントレット
hand_equip,0x08C7C1C4,0x08C77C18,38,Gauntlets bearing the name of the beast god Ganesha.,hand_equip#43,獣神ガネーシャの名を冠するガントレット
hand_equip,0x08C7C1F0,0x08C77C40,12,Knights' Gauntlets,hand_equip#44,騎士団の篭手
hand_equip,0x08C7C1F4,0x08C77C50,14,Knights' Gauntlets,hand_equip#45,キシダンノコテ
hand_equip,0x08C7C1F8,0x08C77C60,24,Gauntlets that serve as proof of membership in the knighthood.,hand_equip#46,騎士団所属の証となる篭手
hand_equip,0x08C7C224,0x08C77C7C,18,Cross Gauntlets,hand_equip#47,クロスガントレット
hand_equip,0x08C7C228,0x08C77C7C,18,Cross Gauntlets,hand_equip#47,クロスガントレット
hand_equip,0x08C7C22C,0x08C77C90,34,Gauntlets boasting solid defense and substantial heft.,hand_equip#48,堅い守りと重量感溢れるガントレット
hand_equip,0x08C7C258,0x08C77CB4,18,Bone Gauntlets,hand_equip#49,ボーンガントレット
hand_equip,0x08C7C25C,0x08C77CB4,18,Bone Gauntlets,hand_equip#49,ボーンガントレット
hand_equip,0x08C7C260,0x08C77CC8,22,Arm sections of armor with an eerie design.,hand_equip#50,不気味な意匠の鎧の腕部
hand_equip,0x08C7C28C,0x08C77CE0,20,Great Gauntlets,hand_equip#51,グレートガントレット
hand_equip,0x08C7C290,0x08C77CE0,20,Great Gauntlets,hand_equip#51,グレートガントレット
hand_equip,0x08C7C294,0x08C77CF8,32,Gauntlets offering outstanding defense and an intimidating presence.,hand_equip#52,抜群の防御と威圧感のガントレット
hand_equip,0x08C7C2C0,0x08C77D1C,22,Astaroth Gauntlets,hand_equip#53,アスタロトガントレット
hand_equip,0x08C7C2C4,0x08C77D1C,22,Astaroth Gauntlets,hand_equip#53,アスタロトガントレット
hand_equip,0x08C7C2C8,0x08C77D34,48,"Gauntlets blessed by Astaroth, Grand Duke of the Netherworld.",hand_equip#54,魔界の大公爵アスタロトの福音を受けたガントレット
hand_equip,0x08C7C2F4,0x08C77D68,16,Novice Mercenary Gloves,hand_equip#55,新米傭兵のグラブ
hand_equip,0x08C7C2F8,0x08C77D7C,24,Novice Mercenary Gloves,hand_equip#56,シンマイヨウヘイノグラブ
hand_equip,0x08C7C2FC,0x08C77D98,24,Gloves worn by novice mercenaries.,hand_equip#57,新米傭兵が着用するグラブ
hand_equip,0x08C7C328,0x08C77DB4,14,Quilt Gloves,hand_equip#58,キルトグローブ
hand_equip,0x08C7C32C,0x08C77DB4,14,Quilt Gloves,hand_equip#58,キルトグローブ
hand_equip,0x08C7C330,0x08C77DC4,26,Gloves made with plenty of thick cloth.,hand_equip#59,厚手の布を多用したグローブ
hand_equip,0x08C7C35C,0x08C77DE0,22,Falcon Arm Guards,hand_equip#60,ファルコンアームガード
hand_equip,0x08C7C360,0x08C77DE0,22,Falcon Arm Guards,hand_equip#60,ファルコンアームガード
hand_equip,0x08C7C364,0x08C77DF8,54,"Arm guards blessed by the Falcon, guardian deity of a certain tribe.",hand_equip#61,とある民族の守り神ファルコンの加護を受けたアームガード
hand_equip,0x08C7C390,0x08C77E30,24,Steer Wrestler Gloves,hand_equip#62,スティアレスラーグローブ
hand_equip,0x08C7C394,0x08C77E30,24,Steer Wrestler Gloves,hand_equip#62,スティアレスラーグローブ
hand_equip,0x08C7C398,0x08C77E4C,34,Gloves worn by those who chase down fleeing cattle.,hand_equip#63,逃げる牛を追う者が着用するグローブ
hand_equip,0x08C7C3C4,0x08C77E70,8,Myoko Gauntlets,hand_equip#64,妙光篭手
hand_equip,0x08C7C3C8,0x08C77E7C,14,Myoko Gauntlets,hand_equip#65,ミョウコウコテ
hand_equip,0x08C7C3CC,0x08C77E8C,20,Gauntlets brimming with an exquisite light.,hand_equip#66,妙なる光を湛えた篭手
hand_equip,0x08C7C3F8,0x08C77EA4,12,Ascetic Monk Gloves,hand_equip#67,修行僧の手袋
hand_equip,0x08C7C3FC,0x08C77EB4,24,Ascetic Monk Gloves,hand_equip#68,シュギョウソウノテブクロ
hand_equip,0x08C7C400,0x08C77ED0,30,Gloves worn by ascetic monks devoted to their training.,hand_equip#69,修行に励む修行僧が着用する手袋
hand_equip,0x08C7C42C,0x08C77EF0,18,Survival Gloves,hand_equip#70,サバイバルグローブ
hand_equip,0x08C7C430,0x08C77EF0,18,Survival Gloves,hand_equip#70,サバイバルグローブ
hand_equip,0x08C7C434,0x08C77F04,30,Gloves well suited for survival activities.,hand_equip#71,サバイバル活動に適したグローブ
hand_equip,0x08C7C460,0x08C77F24,14,Soldier Gloves,hand_equip#72,兵士のグローブ
hand_equip,0x08C7C464,0x08C77F34,16,Soldier Gloves,hand_equip#73,ヘイシノグローブ
hand_equip,0x08C7C468,0x08C77F48,32,Gloves worn by soldiers during patrol duty.,hand_equip#74,兵士が巡回警備で着用するグローブ
hand_equip,0x08C7C494,0x08C77F6C,14,Gunner Gloves,hand_equip#75,ガンナーグラブ
hand_equip,0x08C7C498,0x08C77F6C,14,Gunner Gloves,hand_equip#75,ガンナーグラブ
hand_equip,0x08C7C49C,0x08C77F7C,30,Gloves worn by wandering gunmen.,hand_equip#76,流浪のガンマンが着用するグラブ
hand_equip,0x08C7C4C8,0x08C77F9C,12,Ascetic Monk Beads,hand_equip#77,修行僧の数珠
hand_equip,0x08C7C4CC,0x08C77FAC,22,Ascetic Monk Beads,hand_equip#78,シュギョウソウノジュズ
hand_equip,0x08C7C4D0,0x08C77FC4,22,Prayer beads of ascetic monks undertaking rigorous austerities.,hand_equip#79,荒行に挑む修行僧の数珠
hand_equip,0x08C7C4FC,0x08C77FDC,16,Captain Gloves,hand_equip#80,キャプテングラブ
hand_equip,0x08C7C500,0x08C77FDC,16,Captain Gloves,hand_equip#80,キャプテングラブ
hand_equip,0x08C7C504,0x08C77FF0,20,Gloves worn by ship captains.,hand_equip#81,船長が着用するグラブ
hand_equip,0x08C7C530,0x08C78008,16,Tsuchigumo Hunter Handwraps,hand_equip#82,土蜘蛛討ちの手帯
hand_equip,0x08C7C534,0x08C7801C,20,Tsuchigumo Hunter Handwraps,hand_equip#83,ツチグモウチノテオビ
hand_equip,0x08C7C538,0x08C78034,38,Handwraps worn by those who hunt the monstrous Tsuchigumo.,hand_equip#84,物の怪土蜘蛛を討伐する者が着用する手帯
hand_equip,0x08C7C564,0x08C7805C,10,Second Lieutenant Gloves,hand_equip#85,少尉の手袋
hand_equip,0x08C7C568,0x08C78068,18,Second Lieutenant Gloves,hand_equip#86,ショウイノテブクロ
hand_equip,0x08C7C56C,0x08C7807C,24,Gloves serving as proof of the rank of second lieutenant.,hand_equip#87,少尉の階級の証である手袋
hand_equip,0x08C7C598,0x08C78098,20,Misty Arm Guards,hand_equip#88,ミスティアームガード
hand_equip,0x08C7C59C,0x08C78098,20,Misty Arm Guards,hand_equip#88,ミスティアームガード
hand_equip,0x08C7C5A0,0x08C780B0,32,Arm guards worn by foreign warriors.,hand_equip#89,異国の戦士が着用するアームガード
hand_equip,0x08C7C5CC,0x08C780D4,18,Spider Gloves,hand_equip#90,スパイダーグローブ
hand_equip,0x08C7C5D0,0x08C780D4,18,Spider Gloves,hand_equip#90,スパイダーグローブ
hand_equip,0x08C7C5D4,0x08C780E8,44,Gloves consecrated by the shaman Yellow Spider.,hand_equip#91,呪術師イエロー・スパイダーが祈祷したグローブ
hand_equip,0x08C7C600,0x08C78118,20,Assassin Gauntlets,hand_equip#92,殺し屋のガントレット
hand_equip,0x08C7C604,0x08C78130,22,Assassin Gauntlets,hand_equip#93,コロシヤノガントレット
hand_equip,0x08C7C608,0x08C78148,36,Gauntlets worn by freelance assassins.,hand_equip#94,フリーの殺し屋が着用するガントレット
hand_equip,0x08C7C634,0x08C78170,10,Kung Fu Bracelet,hand_equip#95,功夫の腕輪
hand_equip,0x08C7C638,0x08C7817C,16,Kung Fu Bracelet,hand_equip#96,クンフーノウデワ
hand_equip,0x08C7C63C,0x08C78190,34,A bracelet worn by novice kung fu practitioners.,hand_equip#97,入門したての功夫使いが着用する腕輪
hand_equip,0x08C7C668,0x08C781B4,14,Dog Trainer Gloves,hand_equip#98,犬調教師の手袋
hand_equip,0x08C7C66C,0x08C781C4,28,Dog Trainer Gloves,hand_equip#99,イヌチョウキョウシノテブクロ
hand_equip,0x08C7C670,0x08C781E4,36,Gloves worn by those who train dogs for a living.,hand_equip#100,犬の調教を生業とする者が着用する手袋
hand_equip,0x08C7C69C,0x08C7820C,18,Scholar Wristband,hand_equip#101,学士のリストバンド
hand_equip,0x08C7C6A0,0x08C78220,20,Scholar Wristband,hand_equip#102,ガクシノリストバンド
hand_equip,0x08C7C6A4,0x08C78238,36,A wristband for scholars prescribed by school regulations.,hand_equip#103,校則に定められた学士用のリストバンド
hand_equip,0x08C7C6D0,0x08C78260,10,Serene Dance Gauntlets,hand_equip#104,平舞の篭手
hand_equip,0x08C7C6D4,0x08C7826C,14,Serene Dance Gauntlets,hand_equip#105,ヒラマイノコテ
hand_equip,0x08C7C6D8,0x08C7827C,34,Gauntlets worn by those who dance with calm grace in sacred rites.,hand_equip#106,神前儀式で静穏な動きで舞う者の篭手
hand_equip,0x08C7C704,0x08C782A0,18,Bandit Bracelet,hand_equip#107,野盗のブレスレット
hand_equip,0x08C7C708,0x08C782B4,20,Bandit Bracelet,hand_equip#108,ヤトウノブレスレット
hand_equip,0x08C7C70C,0x08C782CC,24,A bracelet favored by bandits.,hand_equip#109,野盗が好んで装備する腕輪
hand_equip,0x08C7C738,0x08C782E8,10,Suzaku Gauntlets,hand_equip#110,朱雀の篭手
hand_equip,0x08C7C73C,0x08C782F4,12,Suzaku Gauntlets,hand_equip#111,スザクノコテ
hand_equip,0x08C7C740,0x08C78304,24,Gauntlets bearing the name of the sacred beast Suzaku.,hand_equip#112,聖獣朱雀の名を冠する篭手
hand_equip,0x08C7C76C,0x08C78320,20,Novice Wristband,hand_equip#113,新参者のリストバンド
hand_equip,0x08C7C770,0x08C78338,26,Novice Wristband,hand_equip#114,シンザンシャノリストバンド
hand_equip,0x08C7C774,0x08C78354,34,A wristband worn by novice mages.,hand_equip#115,新参者の術士が着用するリストバンド
hand_equip,0x08C7C7A0,0x08C78378,12,Minor Adept Gloves,hand_equip#116,小達人の手袋
hand_equip,0x08C7C7A4,0x08C78388,24,Minor Adept Gloves,hand_equip#117,ショウタツジンノテブクロ
hand_equip,0x08C7C7A8,0x08C783A4,38,Gloves bestowed upon the rank of Minor Adept in a magical order.,hand_equip#118,魔術結社で小達人の階位に与えられる手袋
hand_equip,0x08C7C7D4,0x08C783CC,18,Indigo Gloves,hand_equip#119,インディゴグローブ
hand_equip,0x08C7C7D8,0x08C783CC,18,Indigo Gloves,hand_equip#119,インディゴグローブ
hand_equip,0x08C7C7DC,0x08C783E0,14,Gloves dyed with natural indigo.,hand_equip#120,藍染のグローブ
hand_equip,0x08C7C808,0x08C783F0,14,Rave Gloves,hand_equip#121,レイヴグローブ
hand_equip,0x08C7C80C,0x08C783F0,14,Rave Gloves,hand_equip#121,レイヴグローブ
hand_equip,0x08C7C810,0x08C78400,40,Gloves worn by dancers seeking the liberation of their souls.,hand_equip#122,魂の開放を求めて踊る者が着用するグローブ
hand_equip,0x08C7C83C,0x08C7842C,20,Major Service Dress Gloves,hand_equip#123,軍少佐第二種礼装手袋
hand_equip,0x08C7C840,0x08C78444,38,Major Service Dress Gloves,hand_equip#124,グンショウサダイニシュレイソウテブクロ
hand_equip,0x08C7C844,0x08C7846C,42,Type 2 service dress gloves worn by an officer of major rank.,hand_equip#125,少佐の階級の者が着用する第二種礼装用の手袋
hand_equip,0x08C7C870,0x08C78498,16,Helper Gloves,hand_equip#126,ヘルパーグローブ
hand_equip,0x08C7C874,0x08C78498,16,Helper Gloves,hand_equip#126,ヘルパーグローブ
hand_equip,0x08C7C878,0x08C784AC,30,Gloves worn by housekeepers and maids.,hand_equip#127,お手伝いさんが着用するグローブ
hand_equip,0x08C7C8A4,0x08C784CC,14,Castle Guard Gloves,hand_equip#128,衛士のグローブ
hand_equip,0x08C7C8A8,0x08C784DC,16,Castle Guard Gloves,hand_equip#129,エイシノブローブ
hand_equip,0x08C7C8AC,0x08C784F0,30,Gloves worn by mages serving as castle guards.,hand_equip#130,城の衛士となった術者のグローブ
hand_equip,0x08C7C8D8,0x08C78510,10,Tactician Bracelet,hand_equip#131,策士の腕輪
hand_equip,0x08C7C8DC,0x08C7851C,14,Tactician Bracelet,hand_equip#132,サクシノウデワ
hand_equip,0x08C7C8E0,0x08C7852C,24,A bracelet favored by tacticians.,hand_equip#133,策士が好んで着用する腕輪
hand_equip,0x08C7C90C,0x08C78548,20,Fortune Gloves,hand_equip#134,フォーチュングローブ
hand_equip,0x08C7C910,0x08C78548,20,Fortune Gloves,hand_equip#134,フォーチュングローブ
hand_equip,0x08C7C914,0x08C78560,24,Gloves worn by seekers of good fortune.,hand_equip#135,幸運を求めし者のグローブ
hand_equip,0x08C7C940,0x08C7857C,18,Respect Gloves,hand_equip#136,リスペクトグローブ
hand_equip,0x08C7C944,0x08C7857C,18,Respect Gloves,hand_equip#136,リスペクトグローブ
hand_equip,0x08C7C948,0x08C78590,32,Gloves worn by mages who command universal respect.,hand_equip#137,尊敬を一身に集める術士のグローブ
hand_equip,0x08C7C974,0x08C785B4,14,Aria Gloves,hand_equip#138,アリアグローブ
hand_equip,0x08C7C978,0x08C785B4,14,Aria Gloves,hand_equip#138,アリアグローブ
hand_equip,0x08C7C97C,0x08C785C4,20,Gloves tailored for chant casters.,hand_equip#139,詠唱者の為のグローブ
hand_equip,0x08C7C9A8,0x08C785DC,12,Outcast Gloves,hand_equip#140,破門者の手袋
hand_equip,0x08C7C9AC,0x08C785EC,20,Outcast Gloves,hand_equip#141,ハモンモノノテブクロ
hand_equip,0x08C7C9B0,0x08C78604,28,Gloves worn by mages who broke the rules and were excommunicated.,hand_equip#142,掟を破り破門された術士の手袋
hand_equip,0x08C7C9DC,0x08C78624,20,Magical Arm Covers,hand_equip#143,マジカルアームカバー
hand_equip,0x08C7C9E0,0x08C78624,20,Magical Arm Covers,hand_equip#143,マジカルアームカバー
hand_equip,0x08C7C9E4,0x08C7863C,42,Cute arm covers imbued with mysterious magical power.,hand_equip#144,不思議な魔力が込められた可愛いアームカバー
hand_equip,0x08C7CA10,0x08C78668,14,Arion Gloves,hand_equip#145,アリオンの手袋
hand_equip,0x08C7CA14,0x08C78678,18,Arion Gloves,hand_equip#146,アリオンノテブクロ
hand_equip,0x08C7CA18,0x08C7868C,34,Gloves that have received waves from the cosmic entity Arion.,hand_equip#147,宇宙存在アリオンの波動を受けた手袋
hand_equip,0x08C7CA44,0x08C786B0,14,Ihasaku Handwraps,hand_equip#148,イハサクの手帯
hand_equip,0x08C7CA48,0x08C786C0,16,Ihasaku Handwraps,hand_equip#149,イハサクノテオビ
hand_equip,0x08C7CA4C,0x08C786D4,36,"Handwraps blessed by Ihasaku, secret god of the East.",hand_equip#150,東方の秘神イハサクの加護を受けた手帯
hand_equip,0x08C7CA78,0x08C786FC,12,Shaman Gloves,hand_equip#151,祈祷師の手袋
hand_equip,0x08C7CA7C,0x08C7870C,18,Shaman Gloves,hand_equip#152,キトウシノテブクロ
hand_equip,0x08C7CA80,0x08C78720,20,Gloves crafted specifically for ritual prayer.,hand_equip#153,祈祷用に作られた手袋
hand_equip,0x08C7CAAC,0x08C78738,16,Medea Gloves,hand_equip#154,メディアグローブ
hand_equip,0x08C7CAB0,0x08C78738,16,Medea Gloves,hand_equip#154,メディアグローブ
hand_equip,0x08C7CAB4,0x08C7874C,34,Gloves worn by devotees of the ancient moon goddess.,hand_equip#155,古き月の女神を信仰する者のグローブ
hand_equip,0x08C7CAE0,0x08C78770,18,Pilgrim Bangle,hand_equip#156,ピルグリムバングル
hand_equip,0x08C7CAE4,0x08C78770,18,Pilgrim Bangle,hand_equip#156,ピルグリムバングル
hand_equip,0x08C7CAE8,0x08C78784,32,A bangle worn by foreign pilgrims.,hand_equip#157,異国の巡礼者が身に着けるバングル
hand_equip,0x08C7CB14,0x08C787A8,18,Court Noble Bracelet,hand_equip#158,公家のブレスレット
hand_equip,0x08C7CB18,0x08C787BC,18,Court Noble Bracelet,hand_equip#159,クゲノブレスレット
hand_equip,0x08C7CB1C,0x08C787D0,32,A bracelet worn by nobility of the East.,hand_equip#160,東方の貴族が着用するブレスレット
hand_equip,0x08C7CB48,0x08C787F4,20,Consigliere Gloves,hand_equip#161,コンシリエーレグラブ
hand_equip,0x08C7CB4C,0x08C787F4,20,Consigliere Gloves,hand_equip#161,コンシリエーレグラブ
hand_equip,0x08C7CB50,0x08C7880C,36,Gloves worn by advisors and counselors of the mafia.,hand_equip#162,マフィアの相談役顧問が着用するグラブ
hand_equip,0x08C7CB7C,0x08C78834,14,White Band,hand_equip#163,ホワイトバンド
hand_equip,0x08C7CB80,0x08C78834,14,White Band,hand_equip#163,ホワイトバンド
hand_equip,0x08C7CB84,0x08C78844,24,A clean white band with an air of purity.,hand_equip#164,白くて清潔感が漂うバンド
hand_equip,0x08C7CBB0,0x08C78860,12,Onmyoji Gauntlets,hand_equip#165,陰陽師の篭手
hand_equip,0x08C7CBB4,0x08C78870,18,Onmyoji Gauntlets,hand_equip#166,オンミョウジノコテ
hand_equip,0x08C7CBB8,0x08C78884,24,Gauntlets worn by demon-banishing onmyoji.,hand_equip#167,退魔の術士が着用する篭手
hand_equip,0x08C7CBE4,0x08C788A0,16,Blink Gloves,hand_equip#168,ブリンクグローブ
hand_equip,0x08C7CBE8,0x08C788A0,16,Blink Gloves,hand_equip#168,ブリンクグローブ
hand_equip,0x08C7CBEC,0x08C788B4,30,Gloves styled in the image of twinkling stars.,hand_equip#169,煌めく星をイメージしたグローブ
hand_equip,0x08C7CC18,0x08C788D4,20,Ancient Gloves,hand_equip#170,エンシェントグローブ
hand_equip,0x08C7CC1C,0x08C788D4,20,Ancient Gloves,hand_equip#170,エンシェントグローブ
hand_equip,0x08C7CC20,0x08C788EC,30,Gloves made with archaic crafting methods.,hand_equip#171,古くさい製法で作られたグローブ
hand_equip,0x08C7CC4C,0x08C7890C,20,Nightbreed Gloves,hand_equip#172,ナイトブリードグラブ
hand_equip,0x08C7CC50,0x08C7890C,20,Nightbreed Gloves,hand_equip#172,ナイトブリードグラブ
hand_equip,0x08C7CC54,0x08C78924,24,Gloves worn by scions of darkness.,hand_equip#173,闇の眷属が着用するグラブ
hand_equip,0x08C7CC80,0x08C78940,10,Handmade Bracelet,hand_equip#174,手製の腕輪
hand_equip,0x08C7CC84,0x08C7894C,14,Handmade Bracelet,hand_equip#175,テセイノウデワ
hand_equip,0x08C7CC88,0x08C7895C,28,A bracelet made of dried flowers.,hand_equip#176,ドライフラワーで作られた腕輪
hand_equip,0x08C7CCB4,0x08C7897C,12,Wood Ring,hand_equip#177,ウッドリング
hand_equip,0x08C7CCB8,0x08C7897C,12,Wood Ring,hand_equip#177,ウッドリング
hand_equip,0x08C7CCBC,0x08C7898C,10,A bracelet made of wood.,hand_equip#178,木製の腕輪
hand_equip,0x08C7CCE8,0x08C78998,12,Wristband,hand_equip#179,リストバンド
hand_equip,0x08C7CCEC,0x08C78998,12,Wristband,hand_equip#179,リストバンド
hand_equip,0x08C7CCF0,0x08C789A8,22,A bracelet made of thick cloth.,hand_equip#180,厚手の布で作られた腕輪
hand_equip,0x08C7CD1C,0x08C789C0,12,Leather Band,hand_equip#181,レザーバンド
hand_equip,0x08C7CD20,0x08C789C0,12,Leather Band,hand_equip#181,レザーバンド
hand_equip,0x08C7CD24,0x08C789D0,10,A bracelet made of leather.,hand_equip#182,革製の腕輪
hand_equip,0x08C7CD50,0x08C789DC,14,Vidro Ring,hand_equip#183,ビードロリング
hand_equip,0x08C7CD54,0x08C789DC,14,Vidro Ring,hand_equip#183,ビードロリング
hand_equip,0x08C7CD58,0x08C789EC,24,A bracelet made of strung glass beads.,hand_equip#184,ガラスの玉をつなげた腕輪
hand_equip,0x08C7CD84,0x08C78A08,10,Brass Bracelet,hand_equip#185,真鍮の腕輪
hand_equip,0x08C7CD88,0x08C78A14,18,Brass Bracelet,hand_equip#186,シンチュウノウデワ
hand_equip,0x08C7CD8C,0x08C78A28,12,A bracelet made of brass.,hand_equip#187,真鍮製の腕輪
hand_equip,0x08C7CDB8,0x08C78A38,20,Hard Leather Gloves,hand_equip#188,ハードレザーグローブ
hand_equip,0x08C7CDBC,0x08C78A38,20,Hard Leather Gloves,hand_equip#188,ハードレザーグローブ
hand_equip,0x08C7CDC0,0x08C78A50,26,Gloves made of thick leather.,hand_equip#189,厚手の革で作られたグローブ
hand_equip,0x08C7CDEC,0x08C78A6C,20,Galaxy Gloves,hand_equip#190,ギャラクシーグローブ
hand_equip,0x08C7CDF0,0x08C78A6C,20,Galaxy Gloves,hand_equip#190,ギャラクシーグローブ
hand_equip,0x08C7CDF4,0x08C78A84,26,Gloves hailed as being on a galactic scale.,hand_equip#191,銀河級と称えられたグローブ
hand_equip,0x08C7CE20,0x08C78AA0,22,Garhina Gauntlets,hand_equip#192,ガルヒーナガントレット
hand_equip,0x08C7CE24,0x08C78AA0,22,Garhina Gauntlets,hand_equip#192,ガルヒーナガントレット
hand_equip,0x08C7CE28,0x08C78AB8,38,Gauntlets bearing the name of the sacred herb garhina.,hand_equip#193,霊草ガルヒーナの名を冠するガントレット
hand_equip,0x08C7CE54,0x08C78AE0,18,Naked Gloves,hand_equip#194,ネイキッドグローブ
hand_equip,0x08C7CE58,0x08C78AE0,18,Naked Gloves,hand_equip#194,ネイキッドグローブ
hand_equip,0x08C7CE5C,0x08C78AF4,40,Gloves that serve as an accent to show off bare skin.,hand_equip#195,素肌を際立たせるアクセントとなるグローブ
hand_equip,0x08C7CE88,0x08C78B20,18,Mountain Jaeger Gauntlets,hand_equip#196,山岳兵隊猟兵の篭手
hand_equip,0x08C7CE8C,0x08C78B34,32,Mountain Jaeger Gauntlets,hand_equip#197,サンガクヘイタイリョウヘイノコテ
hand_equip,0x08C7CE90,0x08C78B58,28,Gauntlets issued to mountain jaegers.,hand_equip#198,山岳兵隊猟兵に支給される篭手
hand_equip,0x08C7CEBC,0x08C78B78,20,Tungsten Gloves,hand_equip#199,タングステングローブ
hand_equip,0x08C7CEC0,0x08C78B78,20,Tungsten Gloves,hand_equip#199,タングステングローブ
hand_equip,0x08C7CEC4,0x08C78B90,24,Gloves made of tungsten.,hand_equip#200,タングステン製のグローブ
hand_equip,0x08C7CEF0,0x08C78BAC,20,Bronze Gauntlets,hand_equip#201,ブロンズガントレット
hand_equip,0x08C7CEF4,0x08C78BAC,20,Bronze Gauntlets,hand_equip#201,ブロンズガントレット
hand_equip,0x08C7CEF8,0x08C78BC4,42,Cloth gauntlets adorned with small bronze plates.,hand_equip#202,小さな青銅の板をあしらった布のガントレット
hand_equip,0x08C7CF24,0x08C78BF0,10,Outlaw Gauntlets,hand_equip#203,無法の篭手
hand_equip,0x08C7CF28,0x08C78BFC,12,Outlaw Gauntlets,hand_equip#204,ムホウノコテ
hand_equip,0x08C7CF2C,0x08C78C0C,34,Gauntlets said to be worn by outlaw warriors.,hand_equip#205,無法者の戦士が身に着けるという篭手
hand_equip,0x08C7CF58,0x08C78C30,10,Dragon King Gauntlets,hand_equip#206,龍王の篭手
hand_equip,0x08C7CF5C,0x08C78C3C,16,Dragon King Gauntlets,hand_equip#207,リュウオウノコテ
hand_equip,0x08C7CF60,0x08C78C50,28,Gauntlets said to harbor the soul of the Dragon King.,hand_equip#208,龍王の魂が宿るといわれる篭手
hand_equip,0x08C7CF8C,0x08C78C70,12,Lord Gloves,hand_equip#209,ロードグラブ
hand_equip,0x08C7CF90,0x08C78C70,12,Lord Gloves,hand_equip#209,ロードグラブ
hand_equip,0x08C7CF94,0x08C78C80,30,Gloves granted to those holding a noble title.,hand_equip#210,爵位を持つ者に与えられるグラブ
hand_equip,0x08C7CFC0,0x08C78CA0,12,Gale Arm,hand_equip#211,ゲイルアーム
hand_equip,0x08C7CFC4,0x08C78CA0,12,Gale Arm,hand_equip#211,ゲイルアーム
hand_equip,0x08C7CFC8,0x08C78CB0,34,Arm armor that enables movement like the wind.,hand_equip#212,風の如き動作を可能にした腕部用防具
hand_equip,0x08C7CFF4,0x08C78CD4,10,Benkei Gauntlets,hand_equip#213,弁慶の篭手
hand_equip,0x08C7CFF8,0x08C78CE0,14,Benkei Gauntlets,hand_equip#214,ベンケイノコテ
hand_equip,0x08C7CFFC,0x08C78CF0,32,"Gauntlets once worn by Benkei, the giant warrior of the East.",hand_equip#215,東方の大男弁慶が着用していた篭手
hand_equip,0x08C7D028,0x08C78D14,22,Officer Gauntlets,hand_equip#216,オフィサーガントレット
hand_equip,0x08C7D02C,0x08C78D14,22,Officer Gauntlets,hand_equip#216,オフィサーガントレット
hand_equip,0x08C7D030,0x08C78D2C,20,Gauntlets for military officers.,hand_equip#217,士官用のガントレット
hand_equip,0x08C7D05C,0x08C78D44,14,Ninja Gloves,hand_equip#218,ニンジャグラブ
hand_equip,0x08C7D060,0x08C78D44,14,Ninja Gloves,hand_equip#218,ニンジャグラブ
hand_equip,0x08C7D064,0x08C78D54,24,Gloves once worn by ninja.,hand_equip#219,忍者が着用していたグラブ
hand_equip,0x08C7D090,0x08C78D70,20,Embossed Gauntlets,hand_equip#220,エンボスガントレット
hand_equip,0x08C7D094,0x08C78D70,20,Embossed Gauntlets,hand_equip#220,エンボスガントレット
hand_equip,0x08C7D098,0x08C78D88,26,Arm sections of a full suit of armor with seamless plates.,hand_equip#221,継ぎ目の少ない全身鎧の腕部
hand_equip,0x08C7D0C4,0x08C78DA4,18,Kusumi Gauntlets,hand_equip#222,クスミガントレット
hand_equip,0x08C7D0C8,0x08C78DA4,18,Kusumi Gauntlets,hand_equip#222,クスミガントレット
hand_equip,0x08C7D0CC,0x08C78DB8,50,Gauntlets worn by those who swear justice to the ancient saint Kusumi.,hand_equip#223,古の聖人クスミに正義を誓う者が着用するガントレット
hand_equip,0x08C7D0F8,0x08C78DEC,20,Sengoku Gauntlets,hand_equip#224,センゴクガントレット
hand_equip,0x08C7D0FC,0x08C78DEC,20,Sengoku Gauntlets,hand_equip#224,センゴクガントレット
hand_equip,0x08C7D100,0x08C78E04,26,Gauntlets reminiscent of warlords of the Warring States.,hand_equip#225,戦国武将を彷彿とさせる篭手
hand_equip,0x08C7D12C,0x08C78E20,18,Baron Gauntlets,hand_equip#226,バロンガントレット
hand_equip,0x08C7D130,0x08C78E20,18,Baron Gauntlets,hand_equip#226,バロンガントレット
hand_equip,0x08C7D134,0x08C78E34,44,Gauntlets bestowed upon those who hold the title of Baron.,hand_equip#227,バロンの称号を持つ者に与えられるガントレット
hand_equip,0x08C7D160,0x08C78E64,22,Thu'ban Gauntlets,hand_equip#228,ソーバーンガントレット
hand_equip,0x08C7D164,0x08C78E64,22,Thu'ban Gauntlets,hand_equip#228,ソーバーンガントレット
hand_equip,0x08C7D168,0x08C78E7C,44,Gauntlets named after the word for snake in the magical land of 1001 Nights.,hand_equip#229,千夜一夜の魔法の国で蛇を意味するガントレット
hand_equip,0x08C7D194,0x08C78EAC,22,Hanuman Gauntlets,hand_equip#230,ハヌマーンガントレット
hand_equip,0x08C7D198,0x08C78EAC,22,Hanuman Gauntlets,hand_equip#230,ハヌマーンガントレット
hand_equip,0x08C7D19C,0x08C78EC4,38,Gauntlets bearing the name of the monkey god Hanuman.,hand_equip#231,獣神ハヌマーンの名を冠するガントレット
hand_equip,0x08C7D1C8,0x08C78EEC,14,Holy Knights' Gauntlets,hand_equip#232,聖騎士団の篭手
hand_equip,0x08C7D1CC,0x08C78EFC,18,Holy Knights' Gauntlets,hand_equip#233,セイキシダンノコテ
hand_equip,0x08C7D1D0,0x08C78F10,26,Gauntlets that serve as proof of membership in the Holy Knights.,hand_equip#234,聖騎士団所属の証となる篭手
hand_equip,0x08C7D1FC,0x08C78F2C,20,Temple Gauntlets,hand_equip#235,テンプルガントレット
hand_equip,0x08C7D200,0x08C78F2C,20,Temple Gauntlets,hand_equip#235,テンプルガントレット
hand_equip,0x08C7D204,0x08C78F44,42,Great gloves augmented with additional armor for superior defense.,hand_equip#236,装甲を足し、防御力を増したグレートグローブ
hand_equip,0x08C7D230,0x08C78F70,18,Grim Gauntlets,hand_equip#237,グリムガントレット
hand_equip,0x08C7D234,0x08C78F70,18,Grim Gauntlets,hand_equip#237,グリムガントレット
hand_equip,0x08C7D238,0x08C78F84,20,Arm sections of armor with an ominous design.,hand_equip#238,不吉な意匠の鎧の腕部
hand_equip,0x08C7D264,0x08C78F9C,24,Giant Gauntlets,hand_equip#239,ジャイアントガントレット
hand_equip,0x08C7D268,0x08C78F9C,24,Giant Gauntlets,hand_equip#239,ジャイアントガントレット
hand_equip,0x08C7D26C,0x08C78FB8,38,Gauntlets with defense and presence that could be mistaken for a giant's.,hand_equip#240,巨人と見紛う防御と威圧感のガントレット
hand_equip,0x08C7D298,0x08C78FE0,22,Beelzebub Gauntlets,hand_equip#241,ベルゼバブガントレット
hand_equip,0x08C7D29C,0x08C78FE0,22,Beelzebub Gauntlets,hand_equip#241,ベルゼバブガントレット
hand_equip,0x08C7D2A0,0x08C78FF8,46,"Gauntlets blessed by Beelzebub, Lord of the Netherworld.",hand_equip#242,魔界の君主ベルゼバブの福音を受けたガントレット
hand_equip,0x08C7D2CC,0x08C79028,16,Veteran Mercenary Gloves,hand_equip#243,中堅傭兵のグラブ
hand_equip,0x08C7D2D0,0x08C7903C,26,Veteran Mercenary Gloves,hand_equip#244,チュウケンヨウヘイノグラブ
hand_equip,0x08C7D2D4,0x08C79058,24,Gloves worn by veteran mercenaries.,hand_equip#245,中堅傭兵が着用するグラブ
hand_equip,0x08C7D300,0x08C79074,16,Mesh Gloves,hand_equip#246,メッシュグローブ
hand_equip,0x08C7D304,0x08C79074,16,Mesh Gloves,hand_equip#246,メッシュグローブ
hand_equip,0x08C7D308,0x08C79088,28,Gloves featuring breathable mesh styling.,hand_equip#247,メッシュ加工がされたグローブ
hand_equip,0x08C7D334,0x08C790A8,18,Hawk Arm Guards,hand_equip#248,ホークアームガード
hand_equip,0x08C7D338,0x08C790A8,18,Hawk Arm Guards,hand_equip#248,ホークアームガード
hand_equip,0x08C7D33C,0x08C790BC,50,"Arm guards blessed by the Hawk, guardian deity of a certain tribe.",hand_equip#249,とある民族の守り神ホークの加護を受けたアームガード
hand_equip,0x08C7D368,0x08C790F0,24,Bronco Rider Gloves,hand_equip#250,ブロンコライダーグローブ
hand_equip,0x08C7D36C,0x08C790F0,24,Bronco Rider Gloves,hand_equip#250,ブロンコライダーグローブ
hand_equip,0x08C7D370,0x08C7910C,30,Gloves worn by drifters of the wilderness.,hand_equip#251,荒野の流れ者が着用するグローブ
hand_equip,0x08C7D39C,0x08C7912C,8,Reiko Gauntlets,hand_equip#252,霊光篭手
hand_equip,0x08C7D3A0,0x08C79138,12,Reiko Gauntlets,hand_equip#253,レイコウコテ
hand_equip,0x08C7D3A4,0x08C79148,16,Gauntlets surging with spiritual majesty.,hand_equip#254,霊威みなぎる篭手
hand_equip,0x08C7D3D0,0x08C7915C,10,Sohei Gloves,hand_equip#255,僧兵の手袋
hand_equip,0x08C7D3D4,0x08C79168,18,Sohei Gloves,hand_equip#256,ソウヘイノテブクロ
hand_equip,0x08C7D3D8,0x08C7917C,28,Gloves worn by warrior monks guarding temples.,hand_equip#257,寺院警備の僧兵が着用する手袋
hand_equip,0x08C7D404,0x08C7919C,16,Army Gloves,hand_equip#258,アーミーグローブ
hand_equip,0x08C7D408,0x08C7919C,16,Army Gloves,hand_equip#258,アーミーグローブ
hand_equip,0x08C7D40C,0x08C791B0,24,Gloves well suited for field operations.,hand_equip#259,野戦活動に適したグローブ
hand_equip,0x08C7D438,0x08C791CC,14,Squad Leader Gloves,hand_equip#260,隊長のグローブ
hand_equip,0x08C7D43C,0x08C791DC,20,Squad Leader Gloves,hand_equip#261,タイチョウノグローブ
hand_equip,0x08C7D440,0x08C791F4,32,Gloves worn by squad leaders during patrol duty.,hand_equip#262,隊長が巡回警備で着用するグローブ
hand_equip,0x08C7D46C,0x08C79218,18,Frontier Gloves,hand_equip#263,フロンティアグラブ
hand_equip,0x08C7D470,0x08C79218,18,Frontier Gloves,hand_equip#263,フロンティアグラブ
hand_equip,0x08C7D474,0x08C7922C,22,Gloves worn by frontier pioneers.,hand_equip#264,開拓者が着用するグラブ
hand_equip,0x08C7D4A0,0x08C79244,10,Sohei Beads,hand_equip#265,僧兵の数珠
hand_equip,0x08C7D4A4,0x08C79250,16,Sohei Beads,hand_equip#266,ソウヘイノジュズ
hand_equip,0x08C7D4A8,0x08C79264,20,Prayer beads of warrior monks who strike down enemies of the faith.,hand_equip#267,法敵を討つ僧兵の数珠
hand_equip,0x08C7D4D4,0x08C7927C,16,Commander Gloves,hand_equip#268,コマンダーグラブ
hand_equip,0x08C7D4D8,0x08C7927C,16,Commander Gloves,hand_equip#268,コマンダーグラブ
hand_equip,0x08C7D4DC,0x08C79290,30,Gloves worn by captains of large battleships.,hand_equip#269,大型戦艦の艦長が着用するグラブ
hand_equip,0x08C7D508,0x08C792B0,12,Nue Hunter Handwraps,hand_equip#270,鵺討ちの手帯
hand_equip,0x08C7D50C,0x08C792C0,16,Nue Hunter Handwraps,hand_equip#271,ヌエウチノテオビ
hand_equip,0x08C7D510,0x08C792D4,34,Handwraps worn by those who hunt the monstrous Nue.,hand_equip#272,物の怪鵺を討伐する者が着用する手帯
hand_equip,0x08C7D53C,0x08C792F8,10,First Lieutenant Gloves,hand_equip#273,中尉の手袋
hand_equip,0x08C7D540,0x08C79304,18,First Lieutenant Gloves,hand_equip#274,チュウイノテブクロ
hand_equip,0x08C7D544,0x08C79318,24,Gloves serving as proof of the rank of first lieutenant.,hand_equip#275,中尉の階級の証である手袋
hand_equip,0x08C7D570,0x08C79334,22,Strange Arm Guards,hand_equip#276,ストレンジアームガード
hand_equip,0x08C7D574,0x08C79334,22,Strange Arm Guards,hand_equip#276,ストレンジアームガード
hand_equip,0x08C7D578,0x08C7934C,34,Arm guards worn by foreign wanderers.,hand_equip#277,異国の風来坊が着用するアームガード
hand_equip,0x08C7D5A4,0x08C79370,16,Coyote Gloves,hand_equip#278,コヨーテグローブ
hand_equip,0x08C7D5A8,0x08C79370,16,Coyote Gloves,hand_equip#278,コヨーテグローブ
hand_equip,0x08C7D5AC,0x08C79384,40,Gloves consecrated by the shaman Red Coyote.,hand_equip#279,呪術師レッド・コヨーテが祈祷したグローブ
hand_equip,0x08C7D5D8,0x08C793B0,24,Purge Enforcer Gauntlets,hand_equip#280,粛清執行人のガントレット
hand_equip,0x08C7D5DC,0x08C793CC,36,Purge Enforcer Gauntlets,hand_equip#281,シュクセイシッコウニンノガントレット
hand_equip,0x08C7D5E0,0x08C793F4,38,Gauntlets worn by military purge enforcers.,hand_equip#282,軍属の粛清執行人が着用するガントレット
hand_equip,0x08C7D60C,0x08C7941C,10,Lesser Dragon Bracelet,hand_equip#283,小龍の腕輪
hand_equip,0x08C7D610,0x08C79428,20,Lesser Dragon Bracelet,hand_equip#284,ショウリュウノウデワ
hand_equip,0x08C7D614,0x08C79440,36,A bracelet worn by kung fu practitioners of Lesser Dragon rank.,hand_equip#285,小龍の位を持つ功夫使いが着用する腕輪
hand_equip,0x08C7D640,0x08C79468,14,Tiger Trainer Gloves,hand_equip#286,虎調教師の手袋
hand_equip,0x08C7D644,0x08C79478,28,Tiger Trainer Gloves,hand_equip#287,トラチョウキョウシノテブクロ
hand_equip,0x08C7D648,0x08C79498,36,Gloves worn by those who train tigers for a living.,hand_equip#288,虎の調教を生業とする者が着用する手袋
hand_equip,0x08C7D674,0x08C794C0,22,Craymel Scholar Wristband,hand_equip#289,晶霊学士のリストバンド
hand_equip,0x08C7D678,0x08C794D8,30,Craymel Scholar Wristband,hand_equip#290,ショウレイガクシノリストバンド
hand_equip,0x08C7D67C,0x08C794F8,40,A wristband for Craymel scholars prescribed by school regulations.,hand_equip#291,校則に定められた晶霊学士用のリストバンド
hand_equip,0x08C7D6A8,0x08C79524,10,Swift Dance Gauntlets,hand_equip#292,走舞の篭手
hand_equip,0x08C7D6AC,0x08C79530,16,Swift Dance Gauntlets,hand_equip#293,ハシリマイノコテ
hand_equip,0x08C7D6B0,0x08C79544,34,Gauntlets worn by those who dance with lively vigor in sacred rites.,hand_equip#294,神前儀式で活発な動きで舞う者の篭手
hand_equip,0x08C7D6DC,0x08C79568,22,Forban Bracelet,hand_equip#295,フォルバンブレスレット
hand_equip,0x08C7D6E0,0x08C79568,22,Forban Bracelet,hand_equip#295,フォルバンブレスレット
hand_equip,0x08C7D6E4,0x08C79580,34,A bracelet worn by outcasts and rogues.,hand_equip#296,はぐれ者達が身に着けるブレスレット
hand_equip,0x08C7D710,0x08C795A4,10,Genbu Gauntlets,hand_equip#297,玄武の篭手
hand_equip,0x08C7D714,0x08C795B0,12,Genbu Gauntlets,hand_equip#298,ゲンブノコテ
hand_equip,0x08C7D718,0x08C795C0,24,Gauntlets bearing the name of the sacred beast Genbu.,hand_equip#299,聖獣玄武の名を冠する篭手
hand_equip,0x08C7D744,0x08C795DC,20,Zealot Wristband,hand_equip#300,熱心者のリストバンド
hand_equip,0x08C7D748,0x08C795F4,26,Zealot Wristband,hand_equip#301,ネッシンモノノリストバンド
hand_equip,0x08C7D74C,0x08C79610,34,A wristband worn by devout zealous mages.,hand_equip#302,熱心者の術士が着用するリストバンド
hand_equip,0x08C7D778,0x08C79634,12,Major Adept Gloves,hand_equip#303,大達人の手袋
hand_equip,0x08C7D77C,0x08C79644,22,Major Adept Gloves,hand_equip#304,ダイタツジンノテブクロ
hand_equip,0x08C7D780,0x08C7965C,38,Gloves bestowed upon the rank of Major Adept in a magical order.,hand_equip#305,魔術結社で大達人の階位に与えられる手袋
hand_equip,0x08C7D7AC,0x08C79684,20,Klad Gloves,hand_equip#306,クラーティングローブ
hand_equip,0x08C7D7B0,0x08C79684,20,Klad Gloves,hand_equip#306,クラーティングローブ
hand_equip,0x08C7D7B4,0x08C7969C,20,Gloves dyed with white leadtree.,hand_equip#307,ギンネム染のグローブ
hand_equip,0x08C7D7E0,0x08C796B4,20,New Age Gloves,hand_equip#308,ニューエイジグローブ
hand_equip,0x08C7D7E4,0x08C796B4,20,New Age Gloves,hand_equip#308,ニューエイジグローブ
hand_equip,0x08C7D7E8,0x08C796CC,40,Gloves worn by those seeking a new path of the soul.,hand_equip#309,新しい魂の道を求める者が着用するグローブ
hand_equip,0x08C7D814,0x08C796F8,20,Lieutenant Colonel Service Dress Gloves,hand_equip#310,軍中佐第二種礼装手袋
hand_equip,0x08C7D818,0x08C79710,38,Lieutenant Colonel Service Dress Gloves,hand_equip#311,グンチュウサダイニシュレイソウテブクロ
hand_equip,0x08C7D81C,0x08C79738,42,Type 2 service dress gloves worn by an officer of lieutenant colonel rank.,hand_equip#312,中佐の階級の者が着用する第二種礼装用の手袋
hand_equip,0x08C7D848,0x08C79764,20,Steward Gloves,hand_equip#313,スチュワードグローブ
hand_equip,0x08C7D84C,0x08C79764,20,Steward Gloves,hand_equip#313,スチュワードグローブ
hand_equip,0x08C7D850,0x08C7977C,30,Gloves worn by butlers and maids.,hand_equip#314,執事やメイドが着用するグローブ
hand_equip,0x08C7D87C,0x08C7979C,16,Royal Guard Gloves,hand_equip#315,近衛兵のグローブ
hand_equip,0x08C7D880,0x08C797B0,20,Royal Guard Gloves,hand_equip#316,コノエヘイノグローブ
hand_equip,0x08C7D884,0x08C797C8,32,Gloves worn by mages appointed to the royal guard of the castle.,hand_equip#317,城の近衛兵となった術者のグローブ
hand_equip,0x08C7D8B0,0x08C797EC,12,Master Tactician Bracelet,hand_equip#318,名策士の腕輪
hand_equip,0x08C7D8B4,0x08C797FC,18,Master Tactician Bracelet,hand_equip#319,メイサクシノウデワ
hand_equip,0x08C7D8B8,0x08C79810,26,A bracelet favored by master tacticians.,hand_equip#320,名策士が好んで着用する腕輪
hand_equip,0x08C7D8E4,0x08C7982C,16,Arcana Gloves,hand_equip#321,アルカナグローブ
hand_equip,0x08C7D8E8,0x08C7982C,16,Arcana Gloves,hand_equip#321,アルカナグローブ
hand_equip,0x08C7D8EC,0x08C79840,36,Mysterious gloves worn by fortune-tellers.,hand_equip#322,占い師が着用する摩訶不思議なグローブ
hand_equip,0x08C7D918,0x08C79868,16,Belief Gloves,hand_equip#323,ビリーブグローブ
hand_equip,0x08C7D91C,0x08C79868,16,Belief Gloves,hand_equip#323,ビリーブグローブ
hand_equip,0x08C7D920,0x08C7987C,32,Gloves worn by mages who enjoy complete trust.,hand_equip#324,信頼を一身に集める術士のグローブ
hand_equip,0x08C7D94C,0x08C798A0,20,Attainment Gloves,hand_equip#325,アテイメントグローブ
hand_equip,0x08C7D950,0x08C798A0,20,Attainment Gloves,hand_equip#325,アテイメントグローブ
hand_equip,0x08C7D954,0x08C798B8,38,Gloves said to aid the wearer in achieving their goals.,hand_equip#326,着る者の目標達成を助けるというグローブ
hand_equip,0x08C7D980,0x08C798E0,12,Heretic Gloves,hand_equip#327,外法者の手袋
hand_equip,0x08C7D984,0x08C798F0,20,Heretic Gloves,hand_equip#328,ゲホウモノノテブクロ
hand_equip,0x08C7D988,0x08C79908,24,Gloves worn by mages who practice forbidden sorcery.,hand_equip#329,外法の術を使う術士の手袋
hand_equip,0x08C7D9B4,0x08C79924,20,Miracle Arm Covers,hand_equip#330,ミラクルアームカバー
hand_equip,0x08C7D9B8,0x08C79924,20,Miracle Arm Covers,hand_equip#330,ミラクルアームカバー
hand_equip,0x08C7D9BC,0x08C7993C,38,Cute arm covers imbued with miraculous power.,hand_equip#331,奇跡の力が込められた可愛いアームカバー
hand_equip,0x08C7D9E8,0x08C79964,10,Ra Gloves,hand_equip#332,ラーの手袋
hand_equip,0x08C7D9EC,0x08C79970,14,Ra Gloves,hand_equip#333,ラーノテブクロ
hand_equip,0x08C7D9F0,0x08C79980,30,Gloves that have received waves from the cosmic entity Ra.,hand_equip#334,宇宙存在ラーの波動を受けた手袋
hand_equip,0x08C7DA1C,0x08C799A0,16,Mikahayahi Handwraps,hand_equip#335,ミカハヤヒの手帯
hand_equip,0x08C7DA20,0x08C799B4,18,Mikahayahi Handwraps,hand_equip#336,ミカハヤヒノテオビ
hand_equip,0x08C7DA24,0x08C799C8,38,"Handwraps blessed by Mikahayahi, secret god of the East.",hand_equip#337,東方の秘神ミカハヤヒの加護を受けた手帯
hand_equip,0x08C7DA50,0x08C799F0,10,Priest Gloves,hand_equip#338,神官の手袋
hand_equip,0x08C7DA54,0x08C799FC,18,Priest Gloves,hand_equip#339,シンカンノテブクロ
hand_equip,0x08C7DA58,0x08C79A10,22,Showy gloves used in religious rituals.,hand_equip#340,儀式に用いる派手な手袋
hand_equip,0x08C7DA84,0x08C79A28,18,Crescent Gloves,hand_equip#341,クレセントグローブ
hand_equip,0x08C7DA88,0x08C79A28,18,Crescent Gloves,hand_equip#341,クレセントグローブ
hand_equip,0x08C7DA8C,0x08C79A3C,36,Gloves giving off a beautiful glow like a crescent moon.,hand_equip#342,三日月の様な美しい輝きを放つグローブ
hand_equip,0x08C7DAB8,0x08C79A64,16,Rajah Bangle,hand_equip#343,ラージャバングル
hand_equip,0x08C7DABC,0x08C79A64,16,Rajah Bangle,hand_equip#343,ラージャバングル
hand_equip,0x08C7DAC0,0x08C79A78,30,A bangle worn by foreign chieftains.,hand_equip#344,異国の豪族が身に着けるバングル
hand_equip,0x08C7DAEC,0x08C79A98,18,Regent Bracelet,hand_equip#345,摂政のブレスレット
hand_equip,0x08C7DAF0,0x08C79AAC,24,Regent Bracelet,hand_equip#346,セッショウノブレスレット
hand_equip,0x08C7DAF4,0x08C79AC8,32,A bracelet worn by regents of the East.,hand_equip#347,東方の摂政が着用するブレスレット
hand_equip,0x08C7DB20,0x08C79AEC,18,Caporegime Gloves,hand_equip#348,カポレジームグラブ
hand_equip,0x08C7DB24,0x08C79AEC,18,Caporegime Gloves,hand_equip#348,カポレジームグラブ
hand_equip,0x08C7DB28,0x08C79B00,30,Gloves worn by caporegimes of the mafia.,hand_equip#349,マフィアの幹部が着用するグラブ
hand_equip,0x08C7DB54,0x08C79B20,14,Silver Band,hand_equip#350,シルバーバンド
hand_equip,0x08C7DB58,0x08C79B30,20,Silver Arm Covers,hand_equip#351,シルバーアームカバー
hand_equip,0x08C7DB5C,0x08C79B48,24,A band embroidered with silver.,hand_equip#352,銀の刺繍が施されたバンド
hand_equip,0x08C7DB88,0x08C79B64,18,Shaman Gloves,hand_equip#353,シャーマングローブ
hand_equip,0x08C7DB8C,0x08C79B64,18,Shaman Gloves,hand_equip#353,シャーマングローブ
hand_equip,0x08C7DB90,0x08C79B78,30,Gloves worn by eccentric shamans.,hand_equip#354,奇異なる術士が着用するグローブ
hand_equip,0x08C7DBBC,0x08C79B98,22,Celestial Gloves,hand_equip#355,セレスティアルグローブ
hand_equip,0x08C7DBC0,0x08C79B98,22,Celestial Gloves,hand_equip#355,セレスティアルグローブ
hand_equip,0x08C7DBC4,0x08C79BB0,36,Gloves said to have once been worn by heavenly beings.,hand_equip#356,かつて天上人が着用したというグローブ
hand_equip,0x08C7DBF0,0x08C79BD8,18,Precious Gloves,hand_equip#357,プレシャスグローブ
hand_equip,0x08C7DBF4,0x08C79BD8,18,Precious Gloves,hand_equip#357,プレシャスグローブ
hand_equip,0x08C7DBF8,0x08C79BEC,26,Gloves that also serve as a priceless work of art.,hand_equip#358,貴い芸術品でもあるグローブ
hand_equip,0x08C7DC24,0x08C79C08,18,Vampire Gloves,hand_equip#359,ヴァンパイアグラブ
hand_equip,0x08C7DC28,0x08C79C08,18,Vampire Gloves,hand_equip#359,ヴァンパイアグラブ
hand_equip,0x08C7DC2C,0x08C79C1C,22,Gloves worn by vampires.,hand_equip#360,吸血鬼が着用するグラブ
hand_equip,0x08C7DC58,0x08C79C34,20,Silver Bracelet,hand_equip#361,シルバーブレスレット
hand_equip,0x08C7DC5C,0x08C79C34,20,Silver Bracelet,hand_equip#361,シルバーブレスレット
hand_equip,0x08C7DC60,0x08C79C4C,10,A bracelet made of silver.,hand_equip#362,銀製の腕輪
hand_equip,0x08C7DC8C,0x08C79C58,10,Crystal Bracelet,hand_equip#363,水晶の腕輪
hand_equip,0x08C7DC90,0x08C79C64,18,Crystal Bracelet,hand_equip#364,スイショウノウデワ
hand_equip,0x08C7DC94,0x08C79C78,24,A bracelet inlaid with crystals.,hand_equip#365,水晶が散りばめられた腕輪
hand_equip,0x08C7DCC0,0x08C79C94,12,Power Wrist,hand_equip#366,パワーリスト
hand_equip,0x08C7DCC4,0x08C79C94,12,Power Wrist,hand_equip#366,パワーリスト
hand_equip,0x08C7DCC8,0x08C79CA4,28,A training bracelet weighted with lead plates.,hand_equip#367,鉛版が入っている特訓用の腕輪
hand_equip,0x08C7DCF4,0x08C79CC4,12,Hisui Jade Bracelet,hand_equip#368,ヒスイの腕輪
hand_equip,0x08C7DCF8,0x08C79CD4,14,Hisui Jade Bracelet,hand_equip#369,ヒスイノウデワ
hand_equip,0x08C7DCFC,0x08C79CE4,22,A bracelet decorated with Hisui jade.,hand_equip#370,ヒスイで装飾された腕輪
hand_equip,0x08C7DD28,0x08C79CFC,20,Coral Bracelet,hand_equip#371,コーラルブレスレット
hand_equip,0x08C7DD2C,0x08C79CFC,20,Coral Bracelet,hand_equip#371,コーラルブレスレット
hand_equip,0x08C7DD30,0x08C79D14,20,A bracelet crafted from coral.,hand_equip#372,珊瑚を素材にした腕輪
hand_equip,0x08C7DD5C,0x08C79D2C,20,Amber Bracelet,hand_equip#373,アンバーブレスレット
hand_equip,0x08C7DD60,0x08C79D2C,20,Amber Bracelet,hand_equip#373,アンバーブレスレット
hand_equip,0x08C7DD64,0x08C79D44,18,A bracelet made of strung amber.,hand_equip#374,琥珀をつなげた腕輪
hand_equip,0x08C7DD90,0x08C79D58,14,Beast Hide Gloves,hand_equip#375,ＢＨ・グローブ
hand_equip,0x08C7DD94,0x08C79D68,22,Beast Hide Gloves,hand_equip#376,ビーストハイドグローブ
hand_equip,0x08C7DD98,0x08C79D80,20,Gloves made of monster hide.,hand_equip#377,魔物の革製のグローブ
hand_equip,0x08C7DDC4,0x08C79D98,18,Quasar Gloves,hand_equip#378,クエーサーグローブ
hand_equip,0x08C7DDC8,0x08C79D98,18,Quasar Gloves,hand_equip#378,クエーサーグローブ
hand_equip,0x08C7DDCC,0x08C79DAC,32,Gloves hailed as being on a quasar scale.,hand_equip#379,クエーサー級と称えられたグローブ
hand_equip,0x08C7DDF8,0x08C79DD0,22,Tulsi Gauntlets,hand_equip#380,トゥルシーガントレット
hand_equip,0x08C7DDFC,0x08C79DD0,22,Tulsi Gauntlets,hand_equip#380,トゥルシーガントレット
hand_equip,0x08C7DE00,0x08C79DE8,38,Gauntlets bearing the name of the sacred herb tulsi.,hand_equip#381,霊草トゥルシーの名を冠するガントレット
hand_equip,0x08C7DE2C,0x08C79E10,20,Barbarian Gloves,hand_equip#382,バーバリアングローブ
hand_equip,0x08C7DE30,0x08C79E10,20,Barbarian Gloves,hand_equip#382,バーバリアングローブ
hand_equip,0x08C7DE34,0x08C79E28,46,Gloves designed to allow unhindered movement of rugged muscles.,hand_equip#383,頑強な筋肉の動きを妨げぬよう研究されたグローブ
hand_equip,0x08C7DE60,0x08C79E58,16,Cavalry Jaeger Gauntlets,hand_equip#384,騎兵隊猟兵の篭手
hand_equip,0x08C7DE64,0x08C79E6C,26,Cavalry Jaeger Gauntlets,hand_equip#385,キヘイタイリョウヘイノコテ
hand_equip,0x08C7DE68,0x08C79E88,26,Gauntlets issued to cavalry jaegers.,hand_equip#386,騎兵隊猟兵に支給される篭手
hand_equip,0x08C7DE94,0x08C79EA4,20,Orichalcum Gloves,hand_equip#387,オリカルクムグローブ
hand_equip,0x08C7DE98,0x08C79EA4,20,Orichalcum Gloves,hand_equip#387,オリカルクムグローブ
hand_equip,0x08C7DE9C,0x08C79EBC,24,Gloves made of orichalcum.,hand_equip#388,オリカルクム製のグローブ
hand_equip,0x08C7DEC8,0x08C79ED8,20,Chrome Gauntlets,hand_equip#389,クロームガントレット
hand_equip,0x08C7DECC,0x08C79ED8,20,Chrome Gauntlets,hand_equip#389,クロームガントレット
hand_equip,0x08C7DED0,0x08C79EF0,46,Cloth gauntlets adorned with small chrome plates.,hand_equip#390,小さなクロームの板をあしらった布のガントレット
hand_equip,0x08C7DEFC,0x08C79F20,10,Fierce God Gauntlets,hand_equip#391,鬼神の篭手
hand_equip,0x08C7DF00,0x08C79F2C,12,Fierce God Gauntlets,hand_equip#392,キシンノコテ
hand_equip,0x08C7DF04,0x08C79F3C,38,Gauntlets said to be worn by warriors turned into demons of battle.,hand_equip#393,戦鬼となった闘士が身に着けるという篭手
hand_equip,0x08C7DF30,0x08C79F64,10,Supreme Dragon Gauntlets,hand_equip#394,覇龍の篭手
hand_equip,0x08C7DF34,0x08C79F70,14,Supreme Dragon Gauntlets,hand_equip#395,ハリュウノコテ
hand_equip,0x08C7DF38,0x08C79F80,28,Gauntlets said to harbor the soul of a supreme dragon.,hand_equip#396,覇龍の魂が宿るといわれる篭手
hand_equip,0x08C7DF64,0x08C79FA0,18,Archlord Gloves,hand_equip#397,アークロードグラブ
hand_equip,0x08C7DF68,0x08C79FA0,18,Archlord Gloves,hand_equip#397,アークロードグラブ
hand_equip,0x08C7DF6C,0x08C79FB4,36,Gloves granted to those holding a high noble title.,hand_equip#398,上級の爵位を持つ者に与えられるグラブ
hand_equip,0x08C7DF98,0x08C79FDC,14,Dragon Arm,hand_equip#399,ドラゴンアーム
hand_equip,0x08C7DF9C,0x08C79FDC,14,Dragon Arm,hand_equip#399,ドラゴンアーム
hand_equip,0x08C7DFA0,0x08C79FEC,24,Arm armor exuding the majestic dignity of dragons.,hand_equip#400,竜の威風を持つ腕部用防具
hand_equip,0x08C7DFCC,0x08C7A008,10,Yoshitsune Gauntlets,hand_equip#401,義経の篭手
hand_equip,0x08C7DFD0,0x08C7A014,14,Yoshitsune Gauntlets,hand_equip#402,ヨシツネノコテ
hand_equip,0x08C7DFD4,0x08C7A024,38,"Gauntlets once worn by Yoshitsune, the prodigy warrior of the East.",hand_equip#403,東方の戦の麒麟児義経が着用していた篭手
hand_equip,0x08C7E000,0x08C7A04C,20,Colonel Gauntlets,hand_equip#404,カーネルガントレット
hand_equip,0x08C7E004,0x08C7A04C,20,Colonel Gauntlets,hand_equip#404,カーネルガントレット
hand_equip,0x08C7E008,0x08C7A064,24,Gauntlets for senior officers.,hand_equip#405,上級士官用のガントレット
hand_equip,0x08C7E034,0x08C7A080,12,Shinobi Gloves,hand_equip#406,シノビグラブ
hand_equip,0x08C7E038,0x08C7A080,12,Shinobi Gloves,hand_equip#406,シノビグラブ
hand_equip,0x08C7E03C,0x08C7A090,32,Gloves once worn by renowned shinobi.,hand_equip#407,名のある忍びが着用していたグラブ
hand_equip,0x08C7E068,0x08C7A0B4,24,Ancient Gauntlets,hand_equip#408,エンシェントガントレット
hand_equip,0x08C7E06C,0x08C7A0B4,24,Ancient Gauntlets,hand_equip#408,エンシェントガントレット
hand_equip,0x08C7E070,0x08C7A0D0,32,Arm sections of a full suit of armor made with legendary techniques.,hand_equip#409,伝説の製法で作られた全身鎧の腕部
hand_equip,0x08C7E09C,0x08C7A0F4,22,Maitreya Gauntlets,hand_equip#410,マイトレヤガントレット
hand_equip,0x08C7E0A0,0x08C7A0F4,22,Maitreya Gauntlets,hand_equip#410,マイトレヤガントレット
hand_equip,0x08C7E0A4,0x08C7A10C,54,Gauntlets worn by those who swear justice to the ancient saint Maitreya.,hand_equip#411,古の聖人マイトレヤに正義を誓う者が着用するガントレット
hand_equip,0x08C7E0D0,0x08C7A144,22,Daimyo Gauntlets,hand_equip#412,ダイミョーガントレット
hand_equip,0x08C7E0D4,0x08C7A144,22,Daimyo Gauntlets,hand_equip#412,ダイミョーガントレット
hand_equip,0x08C7E0D8,0x08C7A15C,26,Gauntlets reminiscent of feudal lords of the Warring States.,hand_equip#413,戦国大名を彷彿とさせる篭手
hand_equip,0x08C7E104,0x08C7A178,20,Duke Gauntlets,hand_equip#414,デュークガントレット
hand_equip,0x08C7E108,0x08C7A178,20,Duke Gauntlets,hand_equip#414,デュークガントレット
hand_equip,0x08C7E10C,0x08C7A190,46,Gauntlets bestowed upon those who hold the title of Duke.,hand_equip#415,デュークの称号を持つ者に与えられるガントレット
hand_equip,0x08C7E138,0x08C7A1C0,22,Timsah Gauntlets,hand_equip#416,テムサーフガントレット
hand_equip,0x08C7E13C,0x08C7A1C0,22,Timsah Gauntlets,hand_equip#416,テムサーフガントレット
hand_equip,0x08C7E140,0x08C7A1D8,44,Gauntlets named after the word for crocodile in the magical land of 1001 Nights.,hand_equip#417,千夜一夜の魔法の国で鰐を意味するガントレット
hand_equip,0x08C7E16C,0x08C7A208,20,Anubis Gauntlets,hand_equip#418,アヌビスガントレット
hand_equip,0x08C7E170,0x08C7A208,20,Anubis Gauntlets,hand_equip#418,アヌビスガントレット
hand_equip,0x08C7E174,0x08C7A220,36,Gauntlets bearing the name of the beast god Anubis.,hand_equip#419,獣神アヌビスの名を冠するガントレット
hand_equip,0x08C7E1A0,0x08C7A248,16,Guardian Knights' Gauntlets,hand_equip#420,守護騎士団の篭手
hand_equip,0x08C7E1A4,0x08C7A25C,20,Guardian Knights' Gauntlets,hand_equip#421,シュゴキシダンノコテ
hand_equip,0x08C7E1A8,0x08C7A274,28,Gauntlets that serve as proof of membership in the Guardian Knights.,hand_equip#422,守護騎士団所属の証となる篭手
hand_equip,0x08C7E1D4,0x08C7A294,18,Rune Gauntlets,hand_equip#423,ルーンガントレット
hand_equip,0x08C7E1D8,0x08C7A294,18,Rune Gauntlets,hand_equip#423,ルーンガントレット
hand_equip,0x08C7E1DC,0x08C7A2A8,28,Gauntlets engraved with mystical patterns.,hand_equip#424,神秘文様を刻んだガントレット
hand_equip,0x08C7E208,0x08C7A2C8,20,Ghost Gauntlets,hand_equip#425,ゴーストガントレット
hand_equip,0x08C7E20C,0x08C7A2C8,20,Ghost Gauntlets,hand_equip#425,ゴーストガントレット
hand_equip,0x08C7E210,0x08C7A2E0,22,Arm sections of armor with a sinister design.,hand_equip#426,禍々しい意匠の鎧の腕部
hand_equip,0x08C7E23C,0x08C7A2F8,22,Colossus Gauntlets,hand_equip#427,コロッサスガントレット
hand_equip,0x08C7E240,0x08C7A2F8,22,Colossus Gauntlets,hand_equip#427,コロッサスガントレット
hand_equip,0x08C7E244,0x08C7A310,44,Gauntlets with defense and presence that could be mistaken for a legendary colossus.,hand_equip#428,伝説の巨神と見紛う防御と威圧感のガントレット
hand_equip,0x08C7E270,0x08C7A340,22,Lucifer Gauntlets,hand_equip#429,ルシフェルガントレット
hand_equip,0x08C7E274,0x08C7A340,22,Lucifer Gauntlets,hand_equip#429,ルシフェルガントレット
hand_equip,0x08C7E278,0x08C7A358,46,"Gauntlets blessed by Lucifer, Emperor of the Netherworld.",hand_equip#430,魔界の皇帝ルシフェルの福音を受けたガントレット
hand_equip,0x08C7E2A4,0x08C7A388,16,Expert Mercenary Gloves,hand_equip#431,玄人傭兵のグラブ
hand_equip,0x08C7E2A8,0x08C7A39C,24,Expert Mercenary Gloves,hand_equip#432,クロウトヨウヘイノグラブ
hand_equip,0x08C7E2AC,0x08C7A3B8,24,Gloves worn by seasoned expert mercenaries.,hand_equip#433,玄人傭兵が着用するグラブ
hand_equip,0x08C7E2D8,0x08C7A3D4,16,Feather Gloves,hand_equip#434,フェザーグローブ
hand_equip,0x08C7E2DC,0x08C7A3D4,16,Feather Gloves,hand_equip#434,フェザーグローブ
hand_equip,0x08C7E2E0,0x08C7A3E8,20,Gloves as light as a feather.,hand_equip#435,羽の様に軽いグローブ
hand_equip,0x08C7E30C,0x08C7A400,20,Eagle Arm Guards,hand_equip#436,イーグルアームガード
hand_equip,0x08C7E310,0x08C7A400,20,Eagle Arm Guards,hand_equip#436,イーグルアームガード
hand_equip,0x08C7E314,0x08C7A418,52,"Arm guards blessed by the Eagle, guardian deity of a certain tribe.",hand_equip#437,とある民族の守り神イーグルの加護を受けたアームガード
hand_equip,0x08C7E340,0x08C7A450,22,Gunslinger Gloves,hand_equip#438,ガンスリンガーグローブ
hand_equip,0x08C7E344,0x08C7A450,22,Gunslinger Gloves,hand_equip#438,ガンスリンガーグローブ
hand_equip,0x08C7E348,0x08C7A468,30,Gloves worn by master quick-draw artists.,hand_equip#439,早撃ちの名手が着用するグローブ
hand_equip,0x08C7E374,0x08C7A488,8,Shinko Gauntlets,hand_equip#440,神光篭手
hand_equip,0x08C7E378,0x08C7A494,12,Shinko Gauntlets,hand_equip#441,シンコウコテ
hand_equip,0x08C7E37C,0x08C7A4A4,14,Gauntlets radiating divine light.,hand_equip#442,神光発する篭手
hand_equip,0x08C7E3A8,0x08C7A4B4,10,High Priest Gloves,hand_equip#443,僧正の手袋
hand_equip,0x08C7E3AC,0x08C7A4C0,20,High Priest Gloves,hand_equip#444,ソウジョウノテブクロ
hand_equip,0x08C7E3B0,0x08C7A4D8,28,Gloves worn by high priests going to deliver sermons.,hand_equip#445,説法に赴く僧正が着用する手袋
hand_equip,0x08C7E3DC,0x08C7A4F8,18,Mercenary Gloves,hand_equip#446,マーセナリグローブ
hand_equip,0x08C7E3E0,0x08C7A4F8,18,Mercenary Gloves,hand_equip#446,マーセナリグローブ
hand_equip,0x08C7E3E4,0x08C7A50C,32,Gloves well suited for battle-hardened mercenaries.,hand_equip#447,歴戦の傭兵の活動に適したグローブ
hand_equip,0x08C7E410,0x08C7A530,14,Governor-General Gloves,hand_equip#448,総督のグローブ
hand_equip,0x08C7E414,0x08C7A540,18,Governor-General Gloves,hand_equip#449,ソウトクノグローブ
hand_equip,0x08C7E418,0x08C7A554,34,Gloves worn by a governor-general on security inspections.,hand_equip#450,総督が警備の巡察で着用するグローブ
hand_equip,0x08C7E444,0x08C7A578,16,Western Gloves,hand_equip#451,ウエスタングラブ
hand_equip,0x08C7E448,0x08C7A578,16,Western Gloves,hand_equip#451,ウエスタングラブ
hand_equip,0x08C7E44C,0x08C7A58C,28,Gloves worn by bodyguards of the wilderness.,hand_equip#452,荒野の用心棒が着用するグラブ
hand_equip,0x08C7E478,0x08C7A5AC,10,High Priest Beads,hand_equip#453,僧正の数珠
hand_equip,0x08C7E47C,0x08C7A5B8,18,High Priest Beads,hand_equip#454,ソウジョウノジュズ
hand_equip,0x08C7E480,0x08C7A5CC,22,Prayer beads of a high priest spreading the doctrine.,hand_equip#455,教義を広める僧正の数珠
hand_equip,0x08C7E4AC,0x08C7A5E4,16,Admiral Gloves,hand_equip#456,アドミラルグラブ
hand_equip,0x08C7E4B0,0x08C7A5E4,16,Admiral Gloves,hand_equip#456,アドミラルグラブ
hand_equip,0x08C7E4B4,0x08C7A5F8,32,Gloves worn by an admiral leading a fleet.,hand_equip#457,艦隊を率いる提督が着用するグラブ
hand_equip,0x08C7E4E0,0x08C7A61C,14,Tengu Hunter Handwraps,hand_equip#458,天狗討ちの手帯
hand_equip,0x08C7E4E4,0x08C7A62C,18,Tengu Hunter Handwraps,hand_equip#459,テングウチノテオビ
hand_equip,0x08C7E4E8,0x08C7A640,36,Handwraps worn by those who hunt the monstrous Tengu.,hand_equip#460,物の怪天狗を討伐する者が着用する手帯
hand_equip,0x08C7E514,0x08C7A668,10,Captain Gloves,hand_equip#461,大尉の手袋
hand_equip,0x08C7E518,0x08C7A674,16,Captain Gloves,hand_equip#462,タイイノテブクロ
hand_equip,0x08C7E51C,0x08C7A688,24,Gloves serving as proof of the rank of captain.,hand_equip#463,大尉の階級の証である手袋
hand_equip,0x08C7E548,0x08C7A6A4,20,Witch Arm Guards,hand_equip#464,ウィッチアームガード
hand_equip,0x08C7E54C,0x08C7A6A4,20,Witch Arm Guards,hand_equip#464,ウィッチアームガード
hand_equip,0x08C7E550,0x08C7A6BC,28,Arm guards reinforced with magic.,hand_equip#465,魔法で強化されたアームガード
hand_equip,0x08C7E57C,0x08C7A6DC,16,Puma Gloves,hand_equip#466,ピューマグローブ
hand_equip,0x08C7E580,0x08C7A6DC,16,Puma Gloves,hand_equip#466,ピューマグローブ
hand_equip,0x08C7E584,0x08C7A6F0,42,Gloves consecrated by the shaman Silver Puma.,hand_equip#467,呪術師シルバー・ピューマが祈祷したグローブ
hand_equip,0x08C7E5B0,0x08C7A71C,22,Assassin Order Gauntlets,hand_equip#468,暗殺教団のガントレット
hand_equip,0x08C7E5B4,0x08C7A734,32,Assassin Order Gauntlets,hand_equip#469,アンサツキョウダンノガントレット
hand_equip,0x08C7E5B8,0x08C7A758,34,Gauntlets worn by members of a mysterious assassin cult.,hand_equip#470,謎の暗殺教団が着用するガントレット
hand_equip,0x08C7E5E4,0x08C7A77C,10,Dragon King Bracelet,hand_equip#471,龍王の腕輪
hand_equip,0x08C7E5E8,0x08C7A788,18,Dragon King Bracelet,hand_equip#472,リュウオウノウデワ
hand_equip,0x08C7E5EC,0x08C7A79C,36,A bracelet worn by kung fu practitioners of Dragon King rank.,hand_equip#473,龍王の位を持つ功夫使いが着用する腕輪
hand_equip,0x08C7E618,0x08C7A7C4,14,Dragon Trainer Gloves,hand_equip#474,竜調教師の手袋
hand_equip,0x08C7E61C,0x08C7A7D4,30,Dragon Trainer Gloves,hand_equip#475,リュウチョウキョウシノテブクロ
hand_equip,0x08C7E620,0x08C7A7F4,36,Gloves worn by those who train dragons for a living.,hand_equip#476,竜の調教を生業とする者が着用する手袋
hand_equip,0x08C7E64C,0x08C7A81C,22,Spirit Scholar Wristband,hand_equip#477,精霊学士のリストバンド
hand_equip,0x08C7E650,0x08C7A834,28,Spirit Scholar Wristband,hand_equip#478,セイレイガクシノリストバンド
hand_equip,0x08C7E654,0x08C7A854,40,A wristband for Spirit scholars prescribed by school regulations.,hand_equip#479,校則に定められた精霊学士用のリストバンド
hand_equip,0x08C7E680,0x08C7A880,10,Martial Dance Gauntlets,hand_equip#480,武舞の篭手
hand_equip,0x08C7E684,0x08C7A88C,12,Martial Dance Gauntlets,hand_equip#481,ブマイノコテ
hand_equip,0x08C7E688,0x08C7A89C,34,Gauntlets worn by those who dance with brave vigor in sacred rites.,hand_equip#482,神前儀式で勇猛な動きで舞う者の篭手
hand_equip,0x08C7E6B4,0x08C7A8C0,22,Pirate Bracelet,hand_equip#483,パイレーツブレスレット
hand_equip,0x08C7E6B8,0x08C7A8C0,22,Pirate Bracelet,hand_equip#483,パイレーツブレスレット
hand_equip,0x08C7E6BC,0x08C7A8D8,32,A bracelet possessing the presence of a great pirate.,hand_equip#484,大海賊の風格を持ったブレスレット
hand_equip,0x08C7E6E8,0x08C7A8FC,10,Byakko Gauntlets,hand_equip#485,白虎の篭手
hand_equip,0x08C7E6EC,0x08C7A908,14,Byakko Gauntlets,hand_equip#486,ビャッコノコテ
hand_equip,0x08C7E6F0,0x08C7A918,24,Gauntlets bearing the name of the sacred beast Byakko.,hand_equip#487,聖獣白虎の名を冠する篭手
hand_equip,0x08C7E71C,0x08C7A934,20,Practitioner Wristband,hand_equip#488,実践者のリストバンド
hand_equip,0x08C7E720,0x08C7A94C,26,Practitioner Wristband,hand_equip#489,ジッセンシャノリストバンド
hand_equip,0x08C7E724,0x08C7A968,34,A wristband worn by practicing mages.,hand_equip#490,実践者の術士が着用するリストバンド
hand_equip,0x08C7E750,0x08C7A98C,14,Exempt Adept Gloves,hand_equip#491,被免達人の手袋
hand_equip,0x08C7E754,0x08C7A99C,24,Exempt Adept Gloves,hand_equip#492,ヒメンタツジンノテブクロ
hand_equip,0x08C7E758,0x08C7A9B8,40,Gloves bestowed upon the rank of Exempt Adept in a magical order.,hand_equip#493,魔術結社で被免達人の階位に与えられる手袋
hand_equip,0x08C7E784,0x08C7A9E4,20,Sapparot Gloves,hand_equip#494,サッバロットグローブ
hand_equip,0x08C7E788,0x08C7A9E4,20,Sapparot Gloves,hand_equip#494,サッバロットグローブ
hand_equip,0x08C7E78C,0x08C7A9FC,24,Gloves dyed with pineapple fibers.,hand_equip#495,パイナップル染のグローブ
hand_equip,0x08C7E7B8,0x08C7AA18,20,Contactee Gloves,hand_equip#496,コンタクティグローブ
hand_equip,0x08C7E7BC,0x08C7AA18,20,Contactee Gloves,hand_equip#496,コンタクティグローブ
hand_equip,0x08C7E7C0,0x08C7AA30,44,Gloves worn by those who commune spiritually with paranormal entities.,hand_equip#497,魂で超常的存在と接触する者が着用するグローブ
hand_equip,0x08C7E7EC,0x08C7AA60,20,Colonel Service Dress Gloves,hand_equip#498,軍大佐第二種礼装手袋
hand_equip,0x08C7E7F0,0x08C7AA78,36,Colonel Service Dress Gloves,hand_equip#499,グンタイサダイニシュレイソウテブクロ
hand_equip,0x08C7E7F4,0x08C7AAA0,42,Type 2 service dress gloves worn by an officer of colonel rank.,hand_equip#500,大佐の階級の者が着用する第二種礼装用の手袋
hand_equip,0x08C7E820,0x08C7AACC,20,Secretary Gloves,hand_equip#501,セクレタリーグローブ
hand_equip,0x08C7E824,0x08C7AACC,20,Secretary Gloves,hand_equip#501,セクレタリーグローブ
hand_equip,0x08C7E828,0x08C7AAE4,22,Gloves worn by secretaries.,hand_equip#502,秘書が着用するグローブ
hand_equip,0x08C7E854,0x08C7AAFC,18,Royal Guard Captain Gloves,hand_equip#503,親衛隊長のグローブ
hand_equip,0x08C7E858,0x08C7AB10,28,Royal Guard Captain Gloves,hand_equip#504,シンエイタイチョウノグローブ
hand_equip,0x08C7E85C,0x08C7AB30,34,Gloves worn by mages appointed as captain of the royal guard.,hand_equip#505,城の親衛隊長となった術者のグローブ
hand_equip,0x08C7E888,0x08C7AB54,12,Master Strategist Bracelet,hand_equip#506,名軍師の腕輪
hand_equip,0x08C7E88C,0x08C7AB64,18,Master Strategist Bracelet,hand_equip#507,メイグンシノウデワ
hand_equip,0x08C7E890,0x08C7AB78,26,A bracelet favored by master strategists.,hand_equip#508,名軍師が好んで着用する腕輪
hand_equip,0x08C7E8BC,0x08C7AB94,14,Rune Gloves,hand_equip#509,ルーングローブ
hand_equip,0x08C7E8C0,0x08C7AB94,14,Rune Gloves,hand_equip#509,ルーングローブ
hand_equip,0x08C7E8C4,0x08C7ABA4,30,Gloves lined with mystical patterns on the reverse side.,hand_equip#510,裏地に神秘文様を施したグローブ
hand_equip,0x08C7E8F0,0x08C7ABC4,16,Saint Gloves,hand_equip#511,セイントグローブ
hand_equip,0x08C7E8F4,0x08C7ABC4,16,Saint Gloves,hand_equip#511,セイントグローブ
hand_equip,0x08C7E8F8,0x08C7ABD8,26,Gloves worn by saints beloved of God.,hand_equip#512,神に愛されし聖人のグローブ
hand_equip,0x08C7E924,0x08C7ABF4,18,Warlock Gloves,hand_equip#513,ワーロックグローブ
hand_equip,0x08C7E928,0x08C7ABF4,18,Warlock Gloves,hand_equip#513,ワーロックグローブ
hand_equip,0x08C7E92C,0x08C7AC08,34,Gloves worn by high-ranking warlocks.,hand_equip#514,上位のワーロックが着用するグローブ
hand_equip,0x08C7E958,0x08C7AC2C,12,Heretic's Gloves,hand_equip#515,異端者の手袋
hand_equip,0x08C7E95C,0x08C7AC3C,20,Heretic's Gloves,hand_equip#516,イタンモノノテブクロ
hand_equip,0x08C7E960,0x08C7AC54,36,Gloves worn by mages who strayed from orthodoxy onto heretical paths.,hand_equip#517,正道から外れ異端の道を行く術士の手袋
hand_equip,0x08C7E98C,0x08C7AC7C,22,Flash Arm Covers,hand_equip#518,フラッシュアームカバー
hand_equip,0x08C7E990,0x08C7AC7C,22,Flash Arm Covers,hand_equip#518,フラッシュアームカバー
hand_equip,0x08C7E994,0x08C7AC94,46,Cute arm covers radiating an intense aura resembling light.,hand_equip#519,光にも似た強烈なオーラを放つ可愛いアームカバー
hand_equip,0x08C7E9C0,0x08C7ACC4,14,Aiwass Gloves,hand_equip#520,エイワスの手袋
hand_equip,0x08C7E9C4,0x08C7ACD4,18,Aiwass Gloves,hand_equip#521,エイワスノテブクロ
hand_equip,0x08C7E9C8,0x08C7ACE8,34,Gloves that have received waves from the cosmic entity Aiwass.,hand_equip#522,宇宙存在エイワスの波動を受けた手袋
hand_equip,0x08C7E9F4,0x08C7AD0C,18,Kurayamatsumi Handwraps,hand_equip#523,クラヤマツミの手帯
hand_equip,0x08C7E9F8,0x08C7AD20,20,Kurayamatsumi Handwraps,hand_equip#524,クラヤマツミノテオビ
hand_equip,0x08C7E9FC,0x08C7AD38,40,"Handwraps blessed by Kurayamatsumi, secret god of the East.",hand_equip#525,東方の秘神クラヤマツミの加護を受けた手帯
hand_equip,0x08C7EA28,0x08C7AD64,12,Prophet Gloves,hand_equip#526,預言者の手袋
hand_equip,0x08C7EA2C,0x08C7AD74,20,Prophet Gloves,hand_equip#527,ヨゲンシャノテブクロ
hand_equip,0x08C7EA30,0x08C7AD8C,46,It is said that whoever equips these gloves will receive divine oracles.,hand_equip#528,この手袋を装備する者は神託を得られると言われる
hand_equip,0x08C7EA5C,0x08C7ADBC,14,Moon Gloves,hand_equip#529,ムーングローブ
hand_equip,0x08C7EA60,0x08C7ADBC,14,Moon Gloves,hand_equip#529,ムーングローブ
hand_equip,0x08C7EA64,0x08C7ADCC,36,Gloves filled with the power of the moon ruling the night sky.,hand_equip#530,夜空を支配する月の力で満ちたグローブ
hand_equip,0x08C7EA90,0x08C7ADF4,16,Sultan Bangle,hand_equip#531,スルタンバングル
hand_equip,0x08C7EA94,0x08C7ADF4,16,Sultan Bangle,hand_equip#531,スルタンバングル
hand_equip,0x08C7EA98,0x08C7AE08,30,A bangle worn by kings of foreign lands.,hand_equip#532,異国の国王が身に着けるバングル
hand_equip,0x08C7EAC4,0x08C7AE28,18,Kanpaku Bracelet,hand_equip#533,関白のブレスレット
hand_equip,0x08C7EAC8,0x08C7AE3C,22,Kanpaku Bracelet,hand_equip#534,カンパクノブレスレット
hand_equip,0x08C7EACC,0x08C7AE54,42,A bracelet worn by the highest-ranking nobles of the East.,hand_equip#535,東方で最も高位の貴族が着用するブレスレット
hand_equip,0x08C7EAF8,0x08C7AE80,18,Underboss Gloves,hand_equip#536,アンダーボスグラブ
hand_equip,0x08C7EAFC,0x08C7AE80,18,Underboss Gloves,hand_equip#536,アンダーボスグラブ
hand_equip,0x08C7EB00,0x08C7AE94,30,Gloves worn by underbosses of the mafia.,hand_equip#537,マフィアの若頭が着用するグラブ
hand_equip,0x08C7EB2C,0x08C7AEB4,14,Platinum Band,hand_equip#538,プラチナバンド
hand_equip,0x08C7EB30,0x08C7AEB4,14,Platinum Band,hand_equip#538,プラチナバンド
hand_equip,0x08C7EB34,0x08C7AEC4,34,A band embellished with platinum ornaments.,hand_equip#539,プラチナの飾り付けが施されたバンド
hand_equip,0x08C7EB60,0x08C7AEE8,22,Necromancer Gloves,hand_equip#540,ネクロマンサーグローブ
hand_equip,0x08C7EB64,0x08C7AEE8,22,Necromancer Gloves,hand_equip#540,ネクロマンサーグローブ
hand_equip,0x08C7EB68,0x08C7AF00,26,Gloves worn by necromancers.,hand_equip#541,死霊使いが着用するグローブ
hand_equip,0x08C7EB94,0x08C7AF1C,14,Star Gloves,hand_equip#542,スターグローブ
hand_equip,0x08C7EB98,0x08C7AF1C,14,Star Gloves,hand_equip#542,スターグローブ
hand_equip,0x08C7EB9C,0x08C7AF2C,30,Gloves that protect the wearer with the celestial power of the stars.,hand_equip#543,天空の星の力で身を守るグローブ
hand_equip,0x08C7EBC8,0x08C7AF4C,18,Legend Gloves,hand_equip#544,レジェンドグローブ
hand_equip,0x08C7EBCC,0x08C7AF4C,18,Legend Gloves,hand_equip#544,レジェンドグローブ
hand_equip,0x08C7EBD0,0x08C7AF60,46,Ancient gloves revived in the modern age by a legendary patternmaker.,hand_equip#545,伝説のパタンナーが現代に蘇らせた古代のグローブ
hand_equip,0x08C7EBFC,0x08C7AF90,10,Progenitor Gloves,hand_equip#546,始祖の手袋
hand_equip,0x08C7EC00,0x08C7AF9C,14,Progenitor Gloves,hand_equip#547,シソノテブクロ
hand_equip,0x08C7EC04,0x08C7AFAC,22,Gloves worn by the immortal king.,hand_equip#548,不死の王が着用する手袋
hand_equip,0x08C7EC30,0x08C7AFC4,20,Gold Bracelet,hand_equip#549,ゴールドブレスレット
hand_equip,0x08C7EC34,0x08C7AFC4,20,Gold Bracelet,hand_equip#549,ゴールドブレスレット
hand_equip,0x08C7EC38,0x08C7AFDC,10,A bracelet made of gold.,hand_equip#550,金製の腕輪
hand_equip,0x08C7EC64,0x08C7AFE8,20,Platinum Bracelet,hand_equip#551,プラチナブレスレット
hand_equip,0x08C7EC68,0x08C7AFE8,20,Platinum Bracelet,hand_equip#551,プラチナブレスレット
hand_equip,0x08C7EC6C,0x08C7B000,12,A bracelet made of platinum.,hand_equip#552,白金製の腕輪
hand_equip,0x08C7EC98,0x08C7B010,18,Diamond Bracelet,hand_equip#553,ダイヤブレスレット
hand_equip,0x08C7EC9C,0x08C7B010,18,Diamond Bracelet,hand_equip#553,ダイヤブレスレット
hand_equip,0x08C7ECA0,0x08C7B024,26,A bracelet inlaid with diamonds.,hand_equip#554,ダイヤが散りばめられた腕輪
hand_equip,0x08C7ECCC,0x08C7B040,18,Ancient Ring,hand_equip#555,エンシェントリング
hand_equip,0x08C7ECD0,0x08C7B040,18,Ancient Ring,hand_equip#555,エンシェントリング
hand_equip,0x08C7ECD4,0x08C7B054,30,A legendary bracelet made with ancient techniques.,hand_equip#556,古代の技法で作られた伝説の腕輪
hand_equip,0x08C7ED00,0x08C7B074,10,Meteor Bracelet,hand_equip#557,流星の腕輪
hand_equip,0x08C7ED04,0x08C7B080,18,Meteor Bracelet,hand_equip#558,リュウセイノウデワ
hand_equip,0x08C7ED08,0x08C7B094,20,A bracelet crafted from meteoric iron.,hand_equip#559,隕鉄を素材にした腕輪
hand_equip,0x08C7ED34,0x08C7B0AC,18,Pearl Bracelet,hand_equip#560,パールブレスレット
hand_equip,0x08C7ED38,0x08C7B0AC,18,Pearl Bracelet,hand_equip#560,パールブレスレット
hand_equip,0x08C7ED3C,0x08C7B0C0,20,A bracelet decorated with pearls.,hand_equip#561,真珠で装飾された腕輪
hand_equip,0x08C7ED68,0x08C7B0D8,10,Warrior's Gauntlets,hand_equip#562,戦士の篭手
hand_equip,0x08C7ED6C,0x08C7B0E4,12,Warrior's Gauntlets,hand_equip#563,センシノコテ
hand_equip,0x08C7ED70,0x08C7B0F4,38,Gauntlets exclusive to a Warrior recognized as a Descender.,hand_equip#564,ディセンダーと認められた戦士専用の篭手
hand_equip,0x08C7ED9C,0x08C7B11C,10,Swordsman's Gauntlets,hand_equip#565,剣士の篭手
hand_equip,0x08C7EDA0,0x08C7B128,12,Swordsman's Gauntlets,hand_equip#566,ケンシノコテ
hand_equip,0x08C7EDA4,0x08C7B138,38,Gauntlets exclusive to a Swordsman recognized as a Descender.,hand_equip#567,ディセンダーと認められた剣士専用の篭手
hand_equip,0x08C7EDD0,0x08C7B160,14,Spellsword's Gauntlets,hand_equip#568,魔法剣士の篭手
hand_equip,0x08C7EDD4,0x08C7B170,18,Spellsword's Gauntlets,hand_equip#569,マホウケンシノコテ
hand_equip,0x08C7EDD8,0x08C7B184,42,Gauntlets exclusive to a Spellsword recognized as a Descender.,hand_equip#570,ディセンダーと認められた魔法剣士専用の篭手
hand_equip,0x08C7EE04,0x08C7B1B0,12,Brawler's Bracelet,hand_equip#571,拳闘士の腕輪
hand_equip,0x08C7EE08,0x08C7B1C0,18,Brawler's Bracelet,hand_equip#572,ケントウシノウデワ
hand_equip,0x08C7EE0C,0x08C7B1D4,40,A bracelet exclusive to a Martial Artist recognized as a Descender.,hand_equip#573,ディセンダーと認められた格闘家専用の腕輪
hand_equip,0x08C7EE38,0x08C7B200,10,Hunter's Gauntlets,hand_equip#574,狩人の篭手
hand_equip,0x08C7EE3C,0x08C7B20C,16,Hunter's Gauntlets,hand_equip#575,カリュウドノコテ
hand_equip,0x08C7EE40,0x08C7B220,38,Gauntlets exclusive to a Hunter recognized as a Descender.,hand_equip#576,ディセンダーと認められた狩人専用の篭手
hand_equip,0x08C7EE6C,0x08C7B248,10,Thief's Gauntlets,hand_equip#577,盗賊の篭手
hand_equip,0x08C7EE70,0x08C7B254,14,Thief's Gauntlets,hand_equip#578,トウゾクノコテ
hand_equip,0x08C7EE74,0x08C7B264,38,Gauntlets exclusive to a Thief recognized as a Descender.,hand_equip#579,ディセンダーと認められた盗賊専用の篭手
hand_equip,0x08C7EEA0,0x08C7B28C,8,Shinobi Gauntlets,hand_equip#580,忍の篭手
hand_equip,0x08C7EEA4,0x08C7B298,12,Shinobi Gauntlets,hand_equip#581,シノビノコテ
hand_equip,0x08C7EEA8,0x08C7B2A8,38,Gauntlets exclusive to a Ninja recognized as a Descender.,hand_equip#582,ディセンダーと認められた忍者専用の篭手
hand_equip,0x08C7EED4,0x08C7B2D0,12,Mage's Gloves,hand_equip#583,魔術師の手袋
hand_equip,0x08C7EED8,0x08C7B2E0,20,Mage's Gloves,hand_equip#584,マジュツシノテブクロ
hand_equip,0x08C7EEDC,0x08C7B2F8,40,Gloves exclusive to a Mage recognized as a Descender.,hand_equip#585,ディセンダーと認められた魔術師専用の手袋
hand_equip,0x08C7EF08,0x08C7B324,12,Friar's Mittens,hand_equip#586,修道士の手袋
hand_equip,0x08C7EF0C,0x08C7B334,20,Friar's Mittens,hand_equip#587,シュウドウシノミトン
hand_equip,0x08C7EF10,0x08C7B34C,38,Gloves exclusive to a Priest recognized as a Descender.,hand_equip#588,ディセンダーと認められた僧侶専用の手袋
hand_equip,0x08C7EF3C,0x08C7B374,10,Bishop's Mittens,hand_equip#589,司教の手袋
hand_equip,0x08C7EF40,0x08C7B380,16,Bishop's Mittens,hand_equip#590,シキョウノミトン
hand_equip,0x08C7EF44,0x08C7B394,44,Gloves exclusive to a Bishop recognized as a Descender.,hand_equip#591,ディセンダーと認められたビショップ専用の手袋
hand_equip,0x08C7EF70,0x08C7B3C4,14,Dual Swordsman Gauntlets,hand_equip#592,二刀剣士の篭手
hand_equip,0x08C7EF74,0x08C7B3D4,18,Dual Swordsman Gauntlets,hand_equip#593,ニトウケンシノコテ
hand_equip,0x08C7EF78,0x08C7B3E8,40,Gauntlets exclusive to a Twin Swordsman recognized as a Descender.,hand_equip#594,ディセンダーと認められた双剣士専用の篭手
hand_equip,0x08C7EFA4,0x08C7B414,12,Great Swordsman's Gauntlets,hand_equip#595,大剣士の篭手
hand_equip,0x08C7EFA8,0x08C7B424,16,Great Swordsman's Gauntlets,hand_equip#596,ダイケンシノコテ
hand_equip,0x08C7EFAC,0x08C7B438,40,Gauntlets exclusive to a Great Swordsman recognized as a Descender.,hand_equip#597,ディセンダーと認められた大剣士専用の篭手
hand_equip,0x08C7EFD8,0x08C7B464,12,Associate Fist Bracelet,hand_equip#598,准拳士の腕輪
hand_equip,0x08C7EFDC,0x08C7B474,20,Associate Fist Bracelet,hand_equip#599,ジュンケンシノウデワ
hand_equip,0x08C7EFE0,0x08C7B48C,40,A bracelet exclusive to a Monk recognized as a Descender.,hand_equip#600,ディセンダーと認められたモンク専用の腕輪
hand_equip,0x08C7F00C,0x08C7B4B8,10,Pirate's Gauntlets,hand_equip#601,海賊の篭手
hand_equip,0x08C7F010,0x08C7B4C4,14,Pirate's Gauntlets,hand_equip#602,カイゾクノコテ
hand_equip,0x08C7F014,0x08C7B4D4,38,Gauntlets exclusive to a Pirate recognized as a Descender.,hand_equip#603,ディセンダーと認められた海賊専用の篭手
hand_equip,0x08C7F040,0x08C7B4FC,12,Squire Gauntlets,hand_equip#604,従士隊の篭手
hand_equip,0x08C7F044,0x08C7B50C,18,Squire Gauntlets,hand_equip#605,ジュウシタイノコテ
hand_equip,0x08C7F048,0x08C7B520,40,Gauntlets exclusive to a Paladin recognized as a Descender.,hand_equip#606,ディセンダーと認められた聖騎士専用の篭手
hand_equip,0x08C7F074,0x08C7B54C,16,Sniper's Gloves,hand_equip#607,狙撃手のグローブ
hand_equip,0x08C7F078,0x08C7B560,20,Sniper's Gloves,hand_equip#608,ソゲキシュノグローブ
hand_equip,0x08C7F07C,0x08C7B578,46,Gloves exclusive to a Gunman recognized as a Descender.,hand_equip#609,ディセンダーと認められたガンマン専用のグローブ
hand_equip,0x08C7F0A8,0x08C7B5A8,10,Champion's Gauntlets,hand_equip#610,闘士の篭手
hand_equip,0x08C7F0AC,0x08C7B5B4,12,Champion's Gauntlets,hand_equip#611,トウシノコテ
hand_equip,0x08C7F0B0,0x08C7B5C4,40,Gauntlets crafted exclusively for a Descender Warrior.,hand_equip#612,ディセンダーの為に作られた戦士専用の篭手
hand_equip,0x08C7F0DC,0x08C7B5F0,10,Knight's Gauntlets,hand_equip#613,騎士の篭手
hand_equip,0x08C7F0E0,0x08C7B5FC,10,Knight's Gauntlets,hand_equip#614,キシノコテ
hand_equip,0x08C7F0E4,0x08C7B608,40,Gauntlets crafted exclusively for a Descender Swordsman.,hand_equip#615,ディセンダーの為に作られた剣士専用の篭手
hand_equip,0x08C7F110,0x08C7B634,14,Magic Knight's Gauntlets,hand_equip#616,魔法騎士の篭手
hand_equip,0x08C7F114,0x08C7B644,16,Magic Knight's Gauntlets,hand_equip#617,マホウキシノコテ
hand_equip,0x08C7F118,0x08C7B658,44,Gauntlets crafted exclusively for a Descender Spellsword.,hand_equip#618,ディセンダーの為に作られた魔法剣士専用の篭手
hand_equip,0x08C7F144,0x08C7B688,12,Conqueror's Bracelet,hand_equip#619,小覇王の腕輪
hand_equip,0x08C7F148,0x08C7B698,20,Conqueror's Bracelet,hand_equip#620,ショウハオウノウデワ
hand_equip,0x08C7F14C,0x08C7B6B0,42,A bracelet crafted exclusively for a Descender Martial Artist.,hand_equip#621,ディセンダーの為に作られた格闘家専用の腕輪
hand_equip,0x08C7F178,0x08C7B6DC,12,Master Archer's Gauntlets,hand_equip#622,名射手の篭手
hand_equip,0x08C7F17C,0x08C7B6EC,14,Master Archer's Gauntlets,hand_equip#623,メイイテノコテ
hand_equip,0x08C7F180,0x08C7B6FC,40,Gauntlets crafted exclusively for a Descender Hunter.,hand_equip#624,ディセンダーの為に作られた狩人専用の篭手
hand_equip,0x08C7F1AC,0x08C7B728,10,Chivalrous Thief's Gauntlets,hand_equip#625,義賊の篭手
hand_equip,0x08C7F1B0,0x08C7B734,12,Chivalrous Thief's Gauntlets,hand_equip#626,ギゾクノコテ
hand_equip,0x08C7F1B4,0x08C7B744,40,Gauntlets crafted exclusively for a Descender Thief.,hand_equip#627,ディセンダーの為に作られた盗賊専用の篭手
hand_equip,0x08C7F1E0,0x08C7B770,10,Chieftain's Gauntlets,hand_equip#628,頭領の篭手
hand_equip,0x08C7F1E4,0x08C7B77C,16,Chieftain's Gauntlets,hand_equip#629,トウリョウノコテ
hand_equip,0x08C7F1E8,0x08C7B790,40,Gauntlets crafted exclusively for a Descender Ninja.,hand_equip#630,ディセンダーの為に作られた忍者専用の篭手
hand_equip,0x08C7F214,0x08C7B7BC,12,Sorcerer's Gloves,hand_equip#631,魔導師の手袋
hand_equip,0x08C7F218,0x08C7B7CC,18,Sorcerer's Gloves,hand_equip#632,マドウシノテブクロ
hand_equip,0x08C7F21C,0x08C7B7E0,42,Gloves crafted exclusively for a Descender Mage.,hand_equip#633,ディセンダーの為に作られた魔術師専用の手袋
hand_equip,0x08C7F248,0x08C7B80C,10,Priest's Mittens,hand_equip#634,司祭の手袋
hand_equip,0x08C7F24C,0x08C7B818,14,Priest's Mittens,hand_equip#635,シサイノミトン
hand_equip,0x08C7F250,0x08C7B828,40,Gloves crafted exclusively for a Descender Priest.,hand_equip#636,ディセンダーの為に作られた僧侶専用の手袋
hand_equip,0x08C7F27C,0x08C7B854,10,Pontiff's Mittens,hand_equip#637,教皇の手袋
hand_equip,0x08C7F280,0x08C7B860,18,Pontiff's Mittens,hand_equip#638,キョウコウノミトン
hand_equip,0x08C7F284,0x08C7B874,46,Gloves crafted exclusively for a Descender Bishop.,hand_equip#639,ディセンダーの為に作られたビショップ専用の手袋
hand_equip,0x08C7F2B0,0x08C7B8A4,14,Niten Swordsman Gauntlets,hand_equip#640,二天剣士の篭手
hand_equip,0x08C7F2B4,0x08C7B8B4,18,Niten Swordsman Gauntlets,hand_equip#641,ニテンケンシノコテ
hand_equip,0x08C7F2B8,0x08C7B8C8,42,Gauntlets crafted exclusively for a Descender Twin Swordsman.,hand_equip#642,ディセンダーの為に作られた双剣士専用の篭手
hand_equip,0x08C7F2E4,0x08C7B8F4,16,Executioner's Gauntlets,hand_equip#643,処刑執行人の篭手
hand_equip,0x08C7F2E8,0x08C7B908,26,Executioner's Gauntlets,hand_equip#644,ショケイシッコウニンノコテ
hand_equip,0x08C7F2EC,0x08C7B924,42,Gauntlets crafted exclusively for a Descender Great Swordsman.,hand_equip#645,ディセンダーの為に作られた大剣士専用の篭手
hand_equip,0x08C7F318,0x08C7B950,12,Grandmaster's Bracelet,hand_equip#646,大範士の腕輪
hand_equip,0x08C7F31C,0x08C7B960,18,Grandmaster's Bracelet,hand_equip#647,ダイハンシノウデワ
hand_equip,0x08C7F320,0x08C7B974,42,A bracelet crafted exclusively for a Descender Monk.,hand_equip#648,ディセンダーの為に作られたモンク専用の腕輪
hand_equip,0x08C7F34C,0x08C7B9A0,20,Viking Gloves,hand_equip#649,ヴァイキンググローブ
hand_equip,0x08C7F350,0x08C7B9A0,20,Viking Gloves,hand_equip#649,ヴァイキンググローブ
hand_equip,0x08C7F354,0x08C7B9B8,44,Gloves crafted exclusively for a Descender Pirate.,hand_equip#650,ディセンダーの為に作られた海賊専用のグローブ
hand_equip,0x08C7F380,0x08C7B9E8,10,Sword Saint Gauntlets,hand_equip#651,剣聖の篭手
hand_equip,0x08C7F384,0x08C7B9F4,14,Sword Saint Gauntlets,hand_equip#652,ケンセイノコテ
hand_equip,0x08C7F388,0x08C7BA04,42,Gauntlets crafted exclusively for a Descender Paladin.,hand_equip#653,ディセンダーの為に作られた聖騎士専用の篭手
hand_equip,0x08C7F3B4,0x08C7BA30,20,Gun Master Gloves,hand_equip#654,ガンマスターグローブ
hand_equip,0x08C7F3B8,0x08C7BA30,20,Gun Master Gloves,hand_equip#654,ガンマスターグローブ
hand_equip,0x08C7F3BC,0x08C7BA48,48,Gloves crafted exclusively for a Descender Gunman.,hand_equip#655,ディセンダーの為に作られたガンマン専用のグローブ
hand_equip,0x08C7F3E8,0x08C7BA7C,20,Hyper Gauntlets,hand_equip#656,ハイパーガントレット
hand_equip,0x08C7F3EC,0x08C7BA7C,20,Hyper Gauntlets,hand_equip#656,ハイパーガントレット
hand_equip,0x08C7F3F0,0x08C7BA94,46,"Gauntlets of the hero Gilgamesh, whose name lives on in the legend of Ishtar.",hand_equip#657,イシュタル伝説に名を残す勇者ギルガメシュの篭手
hand_equip,0x08C7F41C,0x08C7BAC4,16,Jack Frost,hand_equip#658,ジャックフロスト
hand_equip,0x08C7F420,0x08C7BAC4,16,Jack Frost,hand_equip#658,ジャックフロスト
hand_equip,0x08C7F424,0x08C7BAD8,44,Legendary gauntlets named after the chilling frost they command.,hand_equip#659,冷気を纏う事からその名を付けられた伝説の篭手
hand_equip,0x08C7F450,0x08C7BB08,16,Hand-to-Hand,hand_equip#660,ハンドトゥハンド
hand_equip,0x08C7F454,0x08C7BB08,16,Hand-to-Hand,hand_equip#660,ハンドトゥハンド
hand_equip,0x08C7F458,0x08C7BB1C,46,Legendary gauntlets passed down from hand to hand to the chosen one.,hand_equip#661,手から手へ、選ばれし者へ受け継がれる伝説の篭手
hand_equip,0x08C7F484,0x08C7BB4C,14,Tamagushi Gauntlets,hand_equip#662,タマグシの篭手
hand_equip,0x08C7F488,0x08C7BB5C,14,Tamagushi Gauntlets,hand_equip#663,タマグシノコテ
hand_equip,0x08C7F48C,0x08C7BB6C,44,Gauntlets brought from an eastern foreign land. Blessed by the sacred tree.,hand_equip#664,東方の異国から伝わった篭手。神木の加護がある
hand_equip,0x08C7F4B8,0x08C7BB9C,10,Suzaku Bracelet,hand_equip#665,朱雀の腕輪
hand_equip,0x08C7F4BC,0x08C7BBA8,14,Suzaku Bracelet,hand_equip#666,スザクノウデワ
hand_equip,0x08C7F4C0,0x08C7BBB8,30,A legendary bracelet bearing the name of the sacred beast Suzaku.,hand_equip#667,聖獣朱雀の名を冠する伝説の腕輪
hand_equip,0x08C7F4EC,0x08C7BBD8,10,Genbu Bracelet,hand_equip#668,玄武の腕輪
hand_equip,0x08C7F4F0,0x08C7BBE4,14,Genbu Bracelet,hand_equip#669,ゲンブノウデワ
hand_equip,0x08C7F4F4,0x08C7BBF4,30,A legendary bracelet bearing the name of the sacred beast Genbu.,hand_equip#670,聖獣玄武の名を冠する伝説の腕輪
hand_equip,0x08C7F520,0x08C7BC14,10,Byakko Bracelet,hand_equip#671,白虎の腕輪
hand_equip,0x08C7F524,0x08C7BC20,16,Byakko Bracelet,hand_equip#672,ビャッコノウデワ
hand_equip,0x08C7F528,0x08C7BC34,30,A legendary bracelet bearing the name of the sacred beast Byakko.,hand_equip#673,聖獣白虎の名を冠する伝説の腕輪
hand_equip,0x08C7F554,0x08C7BC54,10,Seiryu Bracelet,hand_equip#674,青竜の腕輪
hand_equip,0x08C7F558,0x08C7BC60,18,Seiryu Bracelet,hand_equip#675,セイリュウノウデワ
hand_equip,0x08C7F55C,0x08C7BC74,30,A legendary bracelet bearing the name of the sacred beast Seiryu.,hand_equip#676,聖獣青竜の名を冠する伝説の腕輪
hand_equip,0x08C7F588,0x08C7BC94,10,Santa Gloves,hand_equip#677,サンタ手袋
hand_equip,0x08C7F58C,0x08C7BCA0,14,Santa Gloves,hand_equip#678,サンタテブクロ
hand_equip,0x08C7F590,0x08C7BCB0,26,Red gloves that give dreams to children.,hand_equip#679,お子様に夢を与える赤い手袋
hand_equip,0x08C7F5BC,0x08C7BCCC,10,Prince of Katamari,hand_equip#680,塊魂の王子
hand_equip,0x08C7F5C0,0x08C7BCD8,22,Prince of Katamari,hand_equip#681,カタマリダマシイオウジ
hand_equip,0x08C7F5C4,0x08C7BCF0,48,"Wonderful gloves full of dreams: push, push, and roll up everything!",hand_equip#682,押して押して転がしまくる、夢の詰まったステキ手袋
hand_equip,0x08C7F5F0,0x08C7BD24,18,Trial Gloves,hand_equip#683,トライアルグローブ
hand_equip,0x08C7F5F4,0x08C7BD24,18,Trial Gloves,hand_equip#683,トライアルグローブ
hand_equip,0x08C7F5F8,0x08C7BD38,28,Standard gloves that protect the arms.,hand_equip#684,腕を保護する一般的なグローブ
hand_equip,0x08C7F624,0x08C7BD58,24,Classic Leather Gloves,hand_equip#685,クラシックレザーグローブ
hand_equip,0x08C7F628,0x08C7BD58,24,Classic Leather Gloves,hand_equip#685,クラシックレザーグローブ
hand_equip,0x08C7F62C,0x08C7BD74,32,Standard leather gloves that protect the arms.,hand_equip#686,腕を保護する一般的な皮のグローブ
hand_equip,0x08C7F658,0x08C7BD98,16,Max Value (Hand Equipment),hand_equip#687,最大値（手装備）
foot_equip,0x08C839C8,0x08C7F6A0,12,Leather Boots,foot_equip#0,レザーブーツ
foot_equip,0x08C839CC,0x08C7F6A0,12,Leather Boots,foot_equip#0,レザーブーツ
foot_equip,0x08C839D0,0x08C7F6B0,12,Boots made of leather.,foot_equip#1,革製のブーツ
foot_equip,0x08C839FC,0x08C7F6C0,16,Nebula Leggings,foot_equip#2,ネビュラレギンス
foot_equip,0x08C83A00,0x08C7F6C0,16,Nebula Leggings,foot_equip#2,ネビュラレギンス
foot_equip,0x08C83A04,0x08C7F6D4,26,Leggings praised as nebula-class.,foot_equip#3,星雲級と称えられたレギンス
foot_equip,0x08C83A30,0x08C7F6F0,18,Brahmi Leggings,foot_equip#4,ブラフミーレギンス
foot_equip,0x08C83A34,0x08C7F6F0,18,Brahmi Leggings,foot_equip#4,ブラフミーレギンス
foot_equip,0x08C83A38,0x08C7F704,34,Leggings bearing the name of the sacred herb Brahmi.,foot_equip#5,霊草ブラフミーの名を冠するレギンス
foot_equip,0x08C83A64,0x08C7F728,14,Bikini Leggings,foot_equip#6,ビキニレギンス
foot_equip,0x08C83A68,0x08C7F728,14,Bikini Leggings,foot_equip#6,ビキニレギンス
foot_equip,0x08C83A6C,0x08C7F738,40,Leggings adding a slight accent to exposure.,foot_equip#7,露出度にちょっとしたアクセントのレギンス
foot_equip,0x08C83A98,0x08C7F764,16,Infantry Jaeger Greaves,foot_equip#8,歩兵隊猟兵の脚絆
foot_equip,0x08C83A9C,0x08C7F778,30,Infantry Jaeger Greaves,foot_equip#9,ホヘイタイリョウヘイノキャハン
foot_equip,0x08C83AA0,0x08C7F798,26,Greaves issued to infantry jaegers.,foot_equip#10,歩兵隊猟兵に支給される脚絆
foot_equip,0x08C83ACC,0x08C7F7B4,16,Iron Greaves,foot_equip#11,アイアングリーブ
foot_equip,0x08C83AD0,0x08C7F7B4,16,Iron Greaves,foot_equip#11,アイアングリーブ
foot_equip,0x08C83AD4,0x08C7F7C8,8,Shoes made of iron.,foot_equip#12,鉄製の靴
foot_equip,0x08C83B00,0x08C7F7D4,16,Trunk Leggings,foot_equip#13,トランクレギンス
foot_equip,0x08C83B04,0x08C7F7D4,16,Trunk Leggings,foot_equip#13,トランクレギンス
foot_equip,0x08C83B08,0x08C7F7E8,32,Leggings adorned with small metal plates.,foot_equip#14,小さな金属板をあしらったレギンス
foot_equip,0x08C83B34,0x08C7F80C,10,Lone Wolf Greaves,foot_equip#15,孤狼の具足
foot_equip,0x08C83B38,0x08C7F818,14,Lone Wolf Greaves,foot_equip#16,コロウノグソク
foot_equip,0x08C83B3C,0x08C7F828,34,Greaves said to be worn by lone wolf warriors.,foot_equip#17,一匹狼の戦士が身に着けるという具足
foot_equip,0x08C83B68,0x08C7F84C,12,Small Dragon Shin Guards,foot_equip#18,小龍の脛当て
foot_equip,0x08C83B6C,0x08C7F85C,22,Small Dragon Shin Guards,foot_equip#19,ショウリュウノスネアテ
foot_equip,0x08C83B70,0x08C7F874,30,Shin guards said to harbor the soul of a small dragon.,foot_equip#20,小龍の魂が宿るといわれる脛当て
foot_equip,0x08C83B9C,0x08C7F894,22,Gladiator Leggings,foot_equip#21,グラディエータレギンス
foot_equip,0x08C83BA0,0x08C7F894,22,Gladiator Leggings,foot_equip#21,グラディエータレギンス
foot_equip,0x08C83BA4,0x08C7F8AC,26,Leggings worn by gladiators.,foot_equip#22,剣闘士が身に着けるレギンス
foot_equip,0x08C83BD0,0x08C7F8C8,16,Field Greaves,foot_equip#23,フィールドレッグ
foot_equip,0x08C83BD4,0x08C7F8C8,16,Field Greaves,foot_equip#23,フィールドレッグ
foot_equip,0x08C83BD8,0x08C7F8DC,26,Leg armor emphasizing ease of movement.,foot_equip#24,動きやすさ重視の脚部用防具
foot_equip,0x08C83C04,0x08C7F8F8,16,Ashigaru General's Shin Guards,foot_equip#25,足軽大将の脛当て
foot_equip,0x08C83C08,0x08C7F90C,28,Ashigaru General's Shin Guards,foot_equip#26,アシガルタイショウノスネアテ
foot_equip,0x08C83C0C,0x08C7F92C,30,Shin guards worn by Eastern soldiers.,foot_equip#27,東方の兵士が着用していた脛当て
foot_equip,0x08C83C38,0x08C7F94C,12,Chief Boots,foot_equip#28,チーフブーツ
foot_equip,0x08C83C3C,0x08C7F94C,12,Chief Boots,foot_equip#28,チーフブーツ
foot_equip,0x08C83C40,0x08C7F95C,16,Boots for non-commissioned officers.,foot_equip#29,下士官用のブーツ
foot_equip,0x08C83C6C,0x08C7F970,14,Onmitsu Boots,foot_equip#30,オンミツブーツ
foot_equip,0x08C83C70,0x08C7F970,14,Onmitsu Boots,foot_equip#30,オンミツブーツ
foot_equip,0x08C83C74,0x08C7F980,24,Boots worn by undercover operatives.,foot_equip#31,隠密が着用していたブーツ
foot_equip,0x08C83CA0,0x08C7F99C,16,Gothic Leggings,foot_equip#32,ゴシックレギンス
foot_equip,0x08C83CA4,0x08C7F99C,16,Gothic Leggings,foot_equip#32,ゴシックレギンス
foot_equip,0x08C83CA8,0x08C7F9B0,32,Leg parts of full plate armor made with ancient methods.,foot_equip#33,古式の製法で作られた全身鎧の脚部
foot_equip,0x08C83CD4,0x08C7F9D4,20,Germain Leggings,foot_equip#34,ジャーメインレギンス
foot_equip,0x08C83CD8,0x08C7F9D4,20,Germain Leggings,foot_equip#34,ジャーメインレギンス
foot_equip,0x08C83CDC,0x08C7F9EC,52,Leggings worn by those who swear justice to the ancient saint Germain.,foot_equip#35,古の聖人ジャーメインに正義を誓う者が着用するレギンス
foot_equip,0x08C83D08,0x08C7FA24,14,Musha Leggings,foot_equip#36,ムシャレギンス
foot_equip,0x08C83D0C,0x08C7FA24,14,Musha Leggings,foot_equip#36,ムシャレギンス
foot_equip,0x08C83D10,0x08C7FA34,26,Shin guards reminiscent of an armored samurai.,foot_equip#37,鎧武者を彷彿とさせる脛当て
foot_equip,0x08C83D3C,0x08C7FA50,14,Knight Leggings,foot_equip#38,ナイトレギンス
foot_equip,0x08C83D40,0x08C7FA50,14,Knight Leggings,foot_equip#38,ナイトレギンス
foot_equip,0x08C83D44,0x08C7FA60,40,Leggings given to those holding the title of Knight.,foot_equip#39,ナイトの称号を持つ者に与えられるレギンス
foot_equip,0x08C83D70,0x08C7FA8C,14,Nahlah Greaves,foot_equip#40,ナハラグリーブ
foot_equip,0x08C83D74,0x08C7FA8C,14,Nahlah Greaves,foot_equip#40,ナハラグリーブ
foot_equip,0x08C83D78,0x08C7FA9C,40,Greaves meaning bee in a magical Arabian Nights kingdom.,foot_equip#41,千夜一夜の魔法の国で蜂を意味するグリーブ
foot_equip,0x08C83DA4,0x08C7FAC8,18,Ganesha Leggings,foot_equip#42,ガネーシャレギンス
foot_equip,0x08C83DA8,0x08C7FAC8,18,Ganesha Leggings,foot_equip#42,ガネーシャレギンス
foot_equip,0x08C83DAC,0x08C7FADC,34,Leggings bearing the name of the beast god Ganesha.,foot_equip#43,獣神ガネーシャの名を冠するレギンス
foot_equip,0x08C83DD8,0x08C7FB00,12,Knightly Order Boots,foot_equip#44,騎士団の長靴
foot_equip,0x08C83DDC,0x08C7FB10,18,Knightly Order Boots,foot_equip#45,キシダンノナガグツ
foot_equip,0x08C83DE0,0x08C7FB24,24,Boots serving as proof of belonging to a knightly order.,foot_equip#46,騎士団所属の証となる長靴
foot_equip,0x08C83E0C,0x08C7FB40,14,Cross Greaves,foot_equip#47,クロスグリーブ
foot_equip,0x08C83E10,0x08C7FB40,14,Cross Greaves,foot_equip#47,クロスグリーブ
foot_equip,0x08C83E14,0x08C7FB50,30,Greaves full of solid defense and a hefty feel.,foot_equip#48,堅い守りと重量感溢れるグリーブ
foot_equip,0x08C83E40,0x08C7FB70,14,Bone Leggings,foot_equip#49,ボーンレギンス
foot_equip,0x08C83E44,0x08C7FB70,14,Bone Leggings,foot_equip#49,ボーンレギンス
foot_equip,0x08C83E48,0x08C7FB80,22,Leg parts of armor with an eerie design.,foot_equip#50,不気味な意匠の鎧の脚部
foot_equip,0x08C83E74,0x08C7FB98,16,Great Leggings,foot_equip#51,グレートレギンス
foot_equip,0x08C83E78,0x08C7FB98,16,Great Leggings,foot_equip#51,グレートレギンス
foot_equip,0x08C83E7C,0x08C7FBAC,28,Leggings of outstanding defense and imposing aura.,foot_equip#52,抜群の防御と威圧感のレギンス
foot_equip,0x08C83EA8,0x08C7FBCC,18,Astaroth Leggings,foot_equip#53,アスタロトレギンス
foot_equip,0x08C83EAC,0x08C7FBCC,18,Astaroth Leggings,foot_equip#53,アスタロトレギンス
foot_equip,0x08C83EB0,0x08C7FBE0,44,"Leggings blessed by the Grand Duke of the underworld, Astaroth.",foot_equip#54,魔界の大公爵アスタロトの福音を受けたレギンス
foot_equip,0x08C83EDC,0x08C7FC10,16,Novice Mercenary's Boots,foot_equip#55,新米傭兵のブーツ
foot_equip,0x08C83EE0,0x08C7FC24,24,Novice Mercenary's Boots,foot_equip#56,シンマイヨウヘイノブーツ
foot_equip,0x08C83EE4,0x08C7FC40,24,Boots worn by novice mercenaries.,foot_equip#57,新米傭兵が着用するブーツ
foot_equip,0x08C83F10,0x08C7FC5C,12,Quilt Boots,foot_equip#58,キルトブーツ
foot_equip,0x08C83F14,0x08C7FC5C,12,Quilt Boots,foot_equip#58,キルトブーツ
foot_equip,0x08C83F18,0x08C7FC6C,24,Boots heavily utilizing thick cloth.,foot_equip#59,厚手の布を多用したブーツ
foot_equip,0x08C83F44,0x08C7FC88,22,Falcon Leg Guards,foot_equip#60,ファルコンレッグガード
foot_equip,0x08C83F48,0x08C7FC88,22,Falcon Leg Guards,foot_equip#60,ファルコンレッグガード
foot_equip,0x08C83F4C,0x08C7FCA0,54,"Leg guards blessed by Falcon, guardian deity of a certain tribe.",foot_equip#61,とある民族の守り神ファルコンの加護を受けたレッグガード
foot_equip,0x08C83F78,0x08C7FCD8,24,Steer Wrestler Shoes,foot_equip#62,スティアレスラーシューズ
foot_equip,0x08C83F7C,0x08C7FCD8,24,Steer Wrestler Shoes,foot_equip#62,スティアレスラーシューズ
foot_equip,0x08C83F80,0x08C7FCF4,28,Shoes worn by those chasing fleeing cattle.,foot_equip#63,逃げる牛を追う者が着用する靴
foot_equip,0x08C83FAC,0x08C7FD14,8,Myoko Greaves,foot_equip#64,妙光具足
foot_equip,0x08C83FB0,0x08C7FD20,16,Myoko Greaves,foot_equip#65,ミョウコウグソク
foot_equip,0x08C83FB4,0x08C7FD34,20,Greaves filled with exquisite light.,foot_equip#66,妙なる光を湛えた具足
foot_equip,0x08C83FE0,0x08C7FD4C,12,Ascetic Monk's Boots,foot_equip#67,修行僧の長靴
foot_equip,0x08C83FE4,0x08C7FD5C,24,Ascetic Monk's Boots,foot_equip#68,シュギョウソウノチョウカ
foot_equip,0x08C83FE8,0x08C7FD78,30,Boots worn by ascetic monks diligent in training.,foot_equip#69,修行に励む修行僧が着用する長靴
foot_equip,0x08C84014,0x08C7FD98,16,Survival Boots,foot_equip#70,サバイバルブーツ
foot_equip,0x08C84018,0x08C7FD98,16,Survival Boots,foot_equip#70,サバイバルブーツ
foot_equip,0x08C8401C,0x08C7FDAC,28,Boots suitable for survival activities.,foot_equip#71,サバイバル活動に適したブーツ
foot_equip,0x08C84048,0x08C7FDCC,12,Soldier's Boots,foot_equip#72,兵士のブーツ
foot_equip,0x08C8404C,0x08C7FDDC,14,Soldier's Boots,foot_equip#73,ヘイシノブーツ
foot_equip,0x08C84050,0x08C7FDEC,30,Boots worn by soldiers on patrol.,foot_equip#74,兵士が巡回警備で着用するブーツ
foot_equip,0x08C8407C,0x08C7FE0C,14,Gunner Boots,foot_equip#75,ガンナーブーツ
foot_equip,0x08C84080,0x08C7FE0C,14,Gunner Boots,foot_equip#75,ガンナーブーツ
foot_equip,0x08C84084,0x08C7FE1C,30,Boots worn by wandering gunmen.,foot_equip#76,流浪のガンマンが着用するブーツ
foot_equip,0x08C840B0,0x08C7FE3C,14,Ascetic Monk's Shin Guards,foot_equip#77,修行僧の脛当て
foot_equip,0x08C840B4,0x08C7FE4C,24,Ascetic Monk's Shin Guards,foot_equip#78,シュギョウソウノスネアテ
foot_equip,0x08C840B8,0x08C7FE68,28,Shin guards for ascetic monks undertaking severe training.,foot_equip#79,荒行に挑む修行僧の為の脛当て
foot_equip,0x08C840E4,0x08C7FE88,16,Captain Boots,foot_equip#80,キャプテンブーツ
foot_equip,0x08C840E8,0x08C7FE88,16,Captain Boots,foot_equip#80,キャプテンブーツ
foot_equip,0x08C840EC,0x08C7FE9C,20,Boots worn by ship captains.,foot_equip#81,船長が着用するブーツ
foot_equip,0x08C84118,0x08C7FEB4,16,Tsuchigumo-Slayer Greaves,foot_equip#82,土蜘蛛討ちの具足
foot_equip,0x08C8411C,0x08C7FEC8,20,Tsuchigumo-Slayer Greaves,foot_equip#83,ツチグモウチノグソク
foot_equip,0x08C84120,0x08C7FEE0,38,Greaves worn by those who subjugate the monster Tsuchigumo.,foot_equip#84,物の怪土蜘蛛を討伐する者が着用する具足
foot_equip,0x08C8414C,0x08C7FF08,10,Second Lieutenant's Boots,foot_equip#85,少尉の長靴
foot_equip,0x08C84150,0x08C7FF14,18,Second Lieutenant's Boots,foot_equip#86,ショウイノナガグツ
foot_equip,0x08C84154,0x08C7FF28,24,Boots serving as proof of the rank of Second Lieutenant.,foot_equip#87,少尉の階級の証である長靴
foot_equip,0x08C84180,0x08C7FF44,16,Misty Shoes,foot_equip#88,ミスティシューズ
foot_equip,0x08C84184,0x08C7FF44,16,Misty Shoes,foot_equip#88,ミスティシューズ
foot_equip,0x08C84188,0x08C7FF58,28,Shoes worn by foreign warriors.,foot_equip#89,異国の戦士が着用するシューズ
foot_equip,0x08C841B4,0x08C7FF78,16,Spider Boots,foot_equip#90,スパイダーブーツ
foot_equip,0x08C841B8,0x08C7FF78,16,Spider Boots,foot_equip#90,スパイダーブーツ
foot_equip,0x08C841BC,0x08C7FF8C,42,Boots prayed over by the shaman Yellow Spider.,foot_equip#91,呪術師イエロー・スパイダーが祈祷したブーツ
foot_equip,0x08C841E8,0x08C7FFB8,16,Assassin's Leggings,foot_equip#92,殺し屋のレギンス
foot_equip,0x08C841EC,0x08C7FFCC,18,Assassin's Leggings,foot_equip#93,コロシヤノレギンス
foot_equip,0x08C841F0,0x08C7FFE0,32,Leggings worn by freelance assassins.,foot_equip#94,フリーの殺し屋が着用するレギンス
foot_equip,0x08C8421C,0x08C80004,8,Kung Fu Shoes,foot_equip#95,功夫の靴
foot_equip,0x08C84220,0x08C80010,14,Kung Fu Shoes,foot_equip#96,クンフーノクツ
foot_equip,0x08C84224,0x08C80020,32,Shoes worn by newly initiated kung fu practitioners.,foot_equip#97,入門したての功夫使いが着用する靴
foot_equip,0x08C84250,0x08C80044,14,Dog Trainer's Boots,foot_equip#98,犬調教師の長靴
foot_equip,0x08C84254,0x08C80054,28,Dog Trainer's Boots,foot_equip#99,イヌチョウキョウシノナガグツ
foot_equip,0x08C84258,0x08C80074,36,Boots worn by those who train dogs for a living.,foot_equip#100,犬の調教を生業とする者が着用する長靴
foot_equip,0x08C84284,0x08C8009C,8,Scholar's Shoes,foot_equip#101,学士の靴
foot_equip,0x08C84288,0x08C800A8,12,Scholar's Shoes,foot_equip#102,ガクシノクツ
foot_equip,0x08C8428C,0x08C800B8,26,Shoes for scholars stipulated by school regulations.,foot_equip#103,校則に定められた学士用の靴
foot_equip,0x08C842B8,0x08C800D4,8,Hiramai Shoes,foot_equip#104,平舞の靴
foot_equip,0x08C842BC,0x08C800E0,14,Hiramai Shoes,foot_equip#105,ヒラマイノクツ
foot_equip,0x08C842C0,0x08C800F0,32,Shoes of one who dances with calm movements in sacred rituals.,foot_equip#106,神前儀式で静穏な動きで舞う者の靴
foot_equip,0x08C842EC,0x08C80114,12,Bandit's Boots,foot_equip#107,野盗のブーツ
foot_equip,0x08C842F0,0x08C80124,14,Bandit's Boots,foot_equip#108,ヤトウノブーツ
foot_equip,0x08C842F4,0x08C80134,26,Boots favored by bandits.,foot_equip#109,野盗が好んで着用するブーツ
foot_equip,0x08C84320,0x08C80150,12,Suzaku's Shin Guards,foot_equip#110,朱雀の脛当て
foot_equip,0x08C84324,0x08C80160,16,Suzaku's Shin Guards,foot_equip#111,スザクノスネアテ
foot_equip,0x08C84328,0x08C80174,26,Shin guards bearing the name of the sacred beast Suzaku.,foot_equip#112,聖獣朱雀の名を冠する脛当て
foot_equip,0x08C84354,0x08C80190,10,Novice's Shoes,foot_equip#113,新参者の靴
foot_equip,0x08C84358,0x08C8019C,18,Novice's Shoes,foot_equip#114,シンザンシャノクツ
foot_equip,0x08C8435C,0x08C801B0,24,Shoes worn by novice spellcasters.,foot_equip#115,新参者の術士が着用する靴
foot_equip,0x08C84388,0x08C801CC,16,Lesser Adept's Shoes,foot_equip#116,小達人のシューズ
foot_equip,0x08C8438C,0x08C801E0,24,Lesser Adept's Shoes,foot_equip#117,ショウタツジンノシューズ
foot_equip,0x08C84390,0x08C801FC,42,Shoes given to the rank of Lesser Adept in a magical society.,foot_equip#118,魔術結社で小達人の階位に与えられるシューズ
foot_equip,0x08C843BC,0x08C80228,16,Indigo Boots,foot_equip#119,インディゴブーツ
foot_equip,0x08C843C0,0x08C80228,16,Indigo Boots,foot_equip#119,インディゴブーツ
foot_equip,0x08C843C4,0x08C8023C,12,Indigo-dyed boots.,foot_equip#120,藍染のブーツ
foot_equip,0x08C843F0,0x08C8024C,12,Rave Boots,foot_equip#121,レイヴブーツ
foot_equip,0x08C843F4,0x08C8024C,12,Rave Boots,foot_equip#121,レイヴブーツ
foot_equip,0x08C843F8,0x08C8025C,38,Boots worn by dancers seeking the liberation of their souls.,foot_equip#122,魂の開放を求めて踊る者が着用するブーツ
foot_equip,0x08C84424,0x08C80284,18,Major's Type-2 Dress Shoes,foot_equip#123,軍少佐第二種礼装靴
foot_equip,0x08C84428,0x08C80298,34,Major's Type-2 Dress Shoes,foot_equip#124,グンショウサダイニシュレイソウクツ
foot_equip,0x08C8442C,0x08C802BC,40,Type-2 dress shoes worn by those holding the rank of Major.,foot_equip#125,少佐の階級の者が着用する第二種礼装用の靴
foot_equip,0x08C84458,0x08C802E8,16,Helper Shoes,foot_equip#126,ヘルパーシューズ
foot_equip,0x08C8445C,0x08C802E8,16,Helper Shoes,foot_equip#126,ヘルパーシューズ
foot_equip,0x08C84460,0x08C802FC,30,Shoes worn by maids.,foot_equip#127,お手伝いさんが着用するシューズ
foot_equip,0x08C8448C,0x08C8031C,12,Guard's Boots,foot_equip#128,衛士のブーツ
foot_equip,0x08C84490,0x08C8032C,14,Guard's Boots,foot_equip#129,エイシノブーツ
foot_equip,0x08C84494,0x08C8033C,28,Boots of a spellcaster who became a castle guard.,foot_equip#130,城の衛士となった術者のブーツ
foot_equip,0x08C844C0,0x08C8035C,8,Tactician's Shoes,foot_equip#131,策士の靴
foot_equip,0x08C844C4,0x08C80368,12,Tactician's Shoes,foot_equip#132,サクシノクツ
foot_equip,0x08C844C8,0x08C80378,22,Shoes favored by tacticians.,foot_equip#133,策士が好んで着用する靴
foot_equip,0x08C844F4,0x08C80390,18,Fortune Boots,foot_equip#134,フォーチュンブーツ
foot_equip,0x08C844F8,0x08C80390,18,Fortune Boots,foot_equip#134,フォーチュンブーツ
foot_equip,0x08C844FC,0x08C803A4,22,Boots of one seeking good fortune.,foot_equip#135,幸運を求めし者のブーツ
foot_equip,0x08C84528,0x08C803BC,16,Respect Boots,foot_equip#136,リスペクトブーツ
foot_equip,0x08C8452C,0x08C803BC,16,Respect Boots,foot_equip#136,リスペクトブーツ
foot_equip,0x08C84530,0x08C803D0,30,Boots of a spellcaster commanding everyone's respect.,foot_equip#137,尊敬を一身に集める術士のブーツ
foot_equip,0x08C8455C,0x08C803F0,12,Aria Boots,foot_equip#138,アリアブーツ
foot_equip,0x08C84560,0x08C803F0,12,Aria Boots,foot_equip#138,アリアブーツ
foot_equip,0x08C84564,0x08C80400,18,Boots for chanters.,foot_equip#139,詠唱者の為のブーツ
foot_equip,0x08C84590,0x08C80414,12,Excommunicated's Boots,foot_equip#140,破門者の長靴
foot_equip,0x08C84594,0x08C80424,20,Excommunicated's Boots,foot_equip#141,ハモンモノノナガグツ
foot_equip,0x08C84598,0x08C8043C,28,Boots of a spellcaster excommunicated for breaking rules.,foot_equip#142,掟を破り破門された術士の長靴
foot_equip,0x08C845C4,0x08C8045C,16,Magical Shoes,foot_equip#143,マジカルシューズ
foot_equip,0x08C845C8,0x08C8045C,16,Magical Shoes,foot_equip#143,マジカルシューズ
foot_equip,0x08C845CC,0x08C80470,36,Cute boots imbued with mysterious magical power.,foot_equip#144,不思議な魔力が込められた可愛いブーツ
foot_equip,0x08C845F8,0x08C80498,14,Arion's Boots,foot_equip#145,アリオンの長靴
foot_equip,0x08C845FC,0x08C804A8,18,Arion's Boots,foot_equip#146,アリオンノナガグツ
foot_equip,0x08C84600,0x08C804BC,34,Boots that received vibrations from the cosmic entity Arion.,foot_equip#147,宇宙存在アリオンの波動を受けた長靴
foot_equip,0x08C8462C,0x08C804E0,14,Ihasaku's Boots,foot_equip#148,イハサクの長靴
foot_equip,0x08C84630,0x08C804F0,18,Ihasaku's Boots,foot_equip#149,イハサクノナガグツ
foot_equip,0x08C84634,0x08C80504,36,"Boots blessed by Ihasaku, secret god of the East.",foot_equip#150,東方の秘神イハサクの加護を受けた長靴
foot_equip,0x08C84660,0x08C8052C,14,Shaman's Shin Guards,foot_equip#151,祈祷師の脛当て
foot_equip,0x08C84664,0x08C8053C,18,Shaman's Shin Guards,foot_equip#152,キトウシノスネアテ
foot_equip,0x08C84668,0x08C80550,22,Shin guards crafted for ritual prayers.,foot_equip#153,祈祷用に作られた脛当て
foot_equip,0x08C84694,0x08C80568,14,Medea Boots,foot_equip#154,メディアブーツ
foot_equip,0x08C84698,0x08C80568,14,Medea Boots,foot_equip#154,メディアブーツ
foot_equip,0x08C8469C,0x08C80578,32,Boots of one who worships an ancient moon goddess.,foot_equip#155,古き月の女神を信仰する者のブーツ
foot_equip,0x08C846C8,0x08C8059C,18,Pilgrim Sandals,foot_equip#156,ピルグリムサンダル
foot_equip,0x08C846CC,0x08C8059C,18,Pilgrim Sandals,foot_equip#156,ピルグリムサンダル
foot_equip,0x08C846D0,0x08C805B0,32,Sandals worn by foreign pilgrims.,foot_equip#157,異国の巡礼者が身に着けるサンダル
foot_equip,0x08C846FC,0x08C805D4,8,Court Noble's Shoes,foot_equip#158,公家の靴
foot_equip,0x08C84700,0x08C805E0,10,Court Noble's Shoes,foot_equip#159,クゲノクツ
foot_equip,0x08C84704,0x08C805EC,22,Shoes worn by Eastern nobles.,foot_equip#160,東方の貴族が着用する靴
foot_equip,0x08C84730,0x08C80604,24,Consigliere Loafers,foot_equip#161,コンシリエーレローファー
foot_equip,0x08C84734,0x08C80604,24,Consigliere Loafers,foot_equip#161,コンシリエーレローファー
foot_equip,0x08C84738,0x08C80620,40,Loafers worn by mafia consiglieri.,foot_equip#162,マフィアの相談役顧問が着用するローファー
foot_equip,0x08C84764,0x08C8064C,20,White Half Boots,foot_equip#163,ホワイトハーフブーツ
foot_equip,0x08C84768,0x08C8064C,20,White Half Boots,foot_equip#163,ホワイトハーフブーツ
foot_equip,0x08C8476C,0x08C80664,24,White boots radiating cleanliness.,foot_equip#164,白くて清潔感が漂うブーツ
foot_equip,0x08C84798,0x08C80680,10,Onmyoji Shoes,foot_equip#165,陰陽師の靴
foot_equip,0x08C8479C,0x08C8068C,18,Onmyoji Shoes,foot_equip#166,オンミョウジノクツ
foot_equip,0x08C847A0,0x08C806A0,24,Ceremonial shoes worn by onmyoji.,foot_equip#167,陰陽師が履いた儀式用の靴
foot_equip,0x08C847CC,0x08C806BC,16,Blink Shoes,foot_equip#168,ブリンクシューズ
foot_equip,0x08C847D0,0x08C806BC,16,Blink Shoes,foot_equip#168,ブリンクシューズ
foot_equip,0x08C847D4,0x08C806D0,28,Boots inspired by twinkling stars.,foot_equip#169,煌めく星をイメージしたブーツ
foot_equip,0x08C84800,0x08C806F0,18,Ancient Boots,foot_equip#170,エンシェントブーツ
foot_equip,0x08C84804,0x08C806F0,18,Ancient Boots,foot_equip#170,エンシェントブーツ
foot_equip,0x08C84808,0x08C80704,28,Boots made with ancient methods.,foot_equip#171,古くさい製法で作られたブーツ
foot_equip,0x08C84834,0x08C80724,20,Nightbreed Boots,foot_equip#172,ナイトブリードブーツ
foot_equip,0x08C84838,0x08C80724,20,Nightbreed Boots,foot_equip#172,ナイトブリードブーツ
foot_equip,0x08C8483C,0x08C8073C,24,Boots worn by kin of darkness.,foot_equip#173,闇の眷属が着用するブーツ
foot_equip,0x08C84868,0x08C80758,18,Hard Leather Boots,foot_equip#174,ハードレザーブーツ
foot_equip,0x08C8486C,0x08C80758,18,Hard Leather Boots,foot_equip#174,ハードレザーブーツ
foot_equip,0x08C84870,0x08C8076C,24,Boots made of thick leather.,foot_equip#175,厚手の革で作られたブーツ
foot_equip,0x08C8489C,0x08C80788,20,Galaxy Leggings,foot_equip#176,ギャラクシーレギンス
foot_equip,0x08C848A0,0x08C80788,20,Galaxy Leggings,foot_equip#176,ギャラクシーレギンス
foot_equip,0x08C848A4,0x08C807A0,26,Leggings praised as galaxy-class.,foot_equip#177,銀河級と称えられたレギンス
foot_equip,0x08C848D0,0x08C807BC,18,Garhina Leggings,foot_equip#178,ガルヒーナレギンス
foot_equip,0x08C848D4,0x08C807BC,18,Garhina Leggings,foot_equip#178,ガルヒーナレギンス
foot_equip,0x08C848D8,0x08C807D0,34,Leggings bearing the name of the sacred herb Garhina.,foot_equip#179,霊草ガルヒーナの名を冠するレギンス
foot_equip,0x08C84904,0x08C807F4,18,Naked Leggings,foot_equip#180,ネイキッドレギンス
foot_equip,0x08C84908,0x08C807F4,18,Naked Leggings,foot_equip#180,ネイキッドレギンス
foot_equip,0x08C8490C,0x08C80808,40,Leggings serving as an accent to highlight bare skin.,foot_equip#181,素肌を際立たせるアクセントとなるレギンス
foot_equip,0x08C84938,0x08C80834,18,Mountain Infantry Jaeger Greaves,foot_equip#182,山岳兵隊猟兵の脚絆
foot_equip,0x08C8493C,0x08C80848,36,Mountain Infantry Jaeger Greaves,foot_equip#183,サンガクヘイタイリョウヘイノキャハン
foot_equip,0x08C84940,0x08C80870,28,Greaves issued to mountain infantry jaegers.,foot_equip#184,山岳兵隊猟兵に支給される脚絆
foot_equip,0x08C8496C,0x08C80890,20,Tungsten Greaves,foot_equip#185,タングステングリーブ
foot_equip,0x08C84970,0x08C80890,20,Tungsten Greaves,foot_equip#185,タングステングリーブ
foot_equip,0x08C84974,0x08C808A8,18,Shoes made of tungsten.,foot_equip#186,タングステン製の靴
foot_equip,0x08C849A0,0x08C808BC,16,Bronze Leggings,foot_equip#187,ブロンズレギンス
foot_equip,0x08C849A4,0x08C808BC,16,Bronze Leggings,foot_equip#187,ブロンズレギンス
foot_equip,0x08C849A8,0x08C808D0,34,Leggings adorned with small bronze plates.,foot_equip#188,小さな青銅の板をあしらったレギンス
foot_equip,0x08C849D4,0x08C808F4,10,Lawless Greaves,foot_equip#189,無法の具足
foot_equip,0x08C849D8,0x08C80900,14,Lawless Greaves,foot_equip#190,ムホウノグソク
foot_equip,0x08C849DC,0x08C80910,34,Greaves said to be worn by outlaw warriors.,foot_equip#191,無法者の戦士が身に着けるという具足
foot_equip,0x08C84A08,0x08C80934,12,Dragon King's Shin Guards,foot_equip#192,龍王の脛当て
foot_equip,0x08C84A0C,0x08C80944,20,Dragon King's Shin Guards,foot_equip#193,リュウオウノスネアテ
foot_equip,0x08C84A10,0x08C8095C,30,Shin guards said to harbor the soul of the dragon king.,foot_equip#194,龍王の魂が宿るといわれる脛当て
foot_equip,0x08C84A3C,0x08C8097C,14,Lord Leggings,foot_equip#195,ロードレギンス
foot_equip,0x08C84A40,0x08C8097C,14,Lord Leggings,foot_equip#195,ロードレギンス
foot_equip,0x08C84A44,0x08C8098C,32,Leggings given to those holding a peerage.,foot_equip#196,爵位を持つ者に与えられるレギンス
foot_equip,0x08C84A70,0x08C809B0,12,Gale Greaves,foot_equip#197,ゲイルレッグ
foot_equip,0x08C84A74,0x08C809B0,12,Gale Greaves,foot_equip#197,ゲイルレッグ
foot_equip,0x08C84A78,0x08C809C0,34,Leg armor enabling wind-like movements.,foot_equip#198,風の如き動作を可能にした脚部用防具
foot_equip,0x08C84AA4,0x08C809E4,12,Benkei's Shin Guards,foot_equip#199,弁慶の脛当て
foot_equip,0x08C84AA8,0x08C809F4,18,Benkei's Shin Guards,foot_equip#200,ベンケイノスネアテ
foot_equip,0x08C84AAC,0x08C80A08,34,Shin guards worn by the giant Benkei of the East.,foot_equip#201,東方の大男弁慶が着用していた脛当て
foot_equip,0x08C84AD8,0x08C80A2C,16,Officer Boots,foot_equip#202,オフィサーブーツ
foot_equip,0x08C84ADC,0x08C80A2C,16,Officer Boots,foot_equip#202,オフィサーブーツ
foot_equip,0x08C84AE0,0x08C80A40,14,Boots for commissioned officers.,foot_equip#203,士官用のブーツ
foot_equip,0x08C84B0C,0x08C80A50,14,Ninja Boots,foot_equip#204,ニンジャブーツ
foot_equip,0x08C84B10,0x08C80A50,14,Ninja Boots,foot_equip#204,ニンジャブーツ
foot_equip,0x08C84B14,0x08C80A60,24,Boots worn by ninja.,foot_equip#205,忍者が着用していたブーツ
foot_equip,0x08C84B40,0x08C80A7C,16,Embossed Leggings,foot_equip#206,エンボスレギンス
foot_equip,0x08C84B44,0x08C80A7C,16,Embossed Leggings,foot_equip#206,エンボスレギンス
foot_equip,0x08C84B48,0x08C80A90,26,Leg parts of full plate armor with few seams.,foot_equip#207,継ぎ目の少ない全身鎧の脚部
foot_equip,0x08C84B74,0x08C80AAC,14,Kusumi Leggings,foot_equip#208,クスミレギンス
foot_equip,0x08C84B78,0x08C80AAC,14,Kusumi Leggings,foot_equip#208,クスミレギンス
foot_equip,0x08C84B7C,0x08C80ABC,46,Leggings worn by those who swear justice to the ancient saint Kusumi.,foot_equip#209,古の聖人クスミに正義を誓う者が着用するレギンス
foot_equip,0x08C84BA8,0x08C80AEC,16,Sengoku Leggings,foot_equip#210,センゴクレギンス
foot_equip,0x08C84BAC,0x08C80AEC,16,Sengoku Leggings,foot_equip#210,センゴクレギンス
foot_equip,0x08C84BB0,0x08C80B00,28,Shin guards reminiscent of a Sengoku warlord.,foot_equip#211,戦国武将を彷彿とさせる脛当て
foot_equip,0x08C84BDC,0x08C80B20,14,Baron Leggings,foot_equip#212,バロンレギンス
foot_equip,0x08C84BE0,0x08C80B20,14,Baron Leggings,foot_equip#212,バロンレギンス
foot_equip,0x08C84BE4,0x08C80B30,40,Leggings given to those holding the title of Baron.,foot_equip#213,バロンの称号を持つ者に与えられるレギンス
foot_equip,0x08C84C10,0x08C80B5C,18,Thuban Greaves,foot_equip#214,ソーバーングリーブ
foot_equip,0x08C84C14,0x08C80B5C,18,Thuban Greaves,foot_equip#214,ソーバーングリーブ
foot_equip,0x08C84C18,0x08C80B70,40,Greaves meaning serpent in a magical Arabian Nights kingdom.,foot_equip#215,千夜一夜の魔法の国で蛇を意味するグリーブ
foot_equip,0x08C84C44,0x08C80B9C,18,Hanuman Leggings,foot_equip#216,ハヌマーンレギンス
foot_equip,0x08C84C48,0x08C80B9C,18,Hanuman Leggings,foot_equip#216,ハヌマーンレギンス
foot_equip,0x08C84C4C,0x08C80BB0,34,Leggings bearing the name of the beast god Hanuman.,foot_equip#217,獣神ハヌマーンの名を冠するレギンス
foot_equip,0x08C84C78,0x08C80BD4,14,Holy Knightly Order Boots,foot_equip#218,聖騎士団の長靴
foot_equip,0x08C84C7C,0x08C80BE4,22,Holy Knightly Order Boots,foot_equip#219,セイキシダンノナガグツ
foot_equip,0x08C84C80,0x08C80BFC,26,Boots serving as proof of belonging to a holy knightly order.,foot_equip#220,聖騎士団所属の証となる長靴
foot_equip,0x08C84CAC,0x08C80C18,16,Temple Greaves,foot_equip#221,テンプルグリーブ
foot_equip,0x08C84CB0,0x08C80C18,16,Temple Greaves,foot_equip#221,テンプルグリーブ
foot_equip,0x08C84CB4,0x08C80C2C,38,Leg parts of silver full plate armor full of solid defense and heft.,foot_equip#222,堅い守りと重量感溢れる銀色全身鎧の脚部
foot_equip,0x08C84CE0,0x08C80C54,14,Grim Leggings,foot_equip#223,グリムレギンス
foot_equip,0x08C84CE4,0x08C80C54,14,Grim Leggings,foot_equip#223,グリムレギンス
foot_equip,0x08C84CE8,0x08C80C64,20,Leg parts of armor with an ominous design.,foot_equip#224,不吉な意匠の鎧の脚部
foot_equip,0x08C84D14,0x08C80C7C,20,Giant Leggings,foot_equip#225,ジャイアントレギンス
foot_equip,0x08C84D18,0x08C80C7C,20,Giant Leggings,foot_equip#225,ジャイアントレギンス
foot_equip,0x08C84D1C,0x08C80C94,34,Leggings with defense and intimidation mistaken for a giant.,foot_equip#226,巨人と見紛う防御と威圧感のレギンス
foot_equip,0x08C84D48,0x08C80CB8,18,Beelzebub Leggings,foot_equip#227,ベルゼバブレギンス
foot_equip,0x08C84D4C,0x08C80CB8,18,Beelzebub Leggings,foot_equip#227,ベルゼバブレギンス
foot_equip,0x08C84D50,0x08C80CCC,42,"Leggings blessed by Beelzebub, lord of the underworld.",foot_equip#228,魔界の君主ベルゼバブの福音を受けたレギンス
foot_equip,0x08C84D7C,0x08C80CF8,16,Journeyman Mercenary's Boots,foot_equip#229,中堅傭兵のブーツ
foot_equip,0x08C84D80,0x08C80D0C,26,Journeyman Mercenary's Boots,foot_equip#230,チュウケンヨウヘイノブーツ
foot_equip,0x08C84D84,0x08C80D28,24,Boots worn by journeyman mercenaries.,foot_equip#231,中堅傭兵が着用するブーツ
foot_equip,0x08C84DB0,0x08C80D44,14,Mesh Boots,foot_equip#232,メッシュブーツ
foot_equip,0x08C84DB4,0x08C80D44,14,Mesh Boots,foot_equip#232,メッシュブーツ
foot_equip,0x08C84DB8,0x08C80D54,26,Boots crafted with mesh processing.,foot_equip#233,メッシュ加工がされたブーツ
foot_equip,0x08C84DE4,0x08C80D70,18,Hawk Leg Guards,foot_equip#234,ホークレッグガード
foot_equip,0x08C84DE8,0x08C80D70,18,Hawk Leg Guards,foot_equip#234,ホークレッグガード
foot_equip,0x08C84DEC,0x08C80D84,50,"Leg guards blessed by Hawk, guardian deity of a certain tribe.",foot_equip#235,とある民族の守り神ホークの加護を受けたレッグガード
foot_equip,0x08C84E18,0x08C80DB8,24,Bronco Rider Shoes,foot_equip#236,ブロンコライダーシューズ
foot_equip,0x08C84E1C,0x08C80DB8,24,Bronco Rider Shoes,foot_equip#236,ブロンコライダーシューズ
foot_equip,0x08C84E20,0x08C80DD4,24,Shoes worn by drifters of the wasteland.,foot_equip#237,荒野の流れ者が着用する靴
foot_equip,0x08C84E4C,0x08C80DF0,8,Reiko Greaves,foot_equip#238,霊光具足
foot_equip,0x08C84E50,0x08C80DFC,14,Reiko Greaves,foot_equip#239,レイコウグソク
foot_equip,0x08C84E54,0x08C80E0C,16,Greaves overflowing with spiritual majesty.,foot_equip#240,霊威みなぎる具足
foot_equip,0x08C84E80,0x08C80E20,10,Monk Soldier's Boots,foot_equip#241,僧兵の長靴
foot_equip,0x08C84E84,0x08C80E2C,18,Monk Soldier's Boots,foot_equip#242,ソウヘイノチョウカ
foot_equip,0x08C84E88,0x08C80E40,28,Boots worn by monk soldiers guarding temples.,foot_equip#243,寺院警備の僧兵が着用する長靴
foot_equip,0x08C84EB4,0x08C80E60,14,Army Boots,foot_equip#244,アーミーブーツ
foot_equip,0x08C84EB8,0x08C80E60,14,Army Boots,foot_equip#244,アーミーブーツ
foot_equip,0x08C84EBC,0x08C80E70,22,Boots suitable for field combat activities.,foot_equip#245,野戦活動に適したブーツ
foot_equip,0x08C84EE8,0x08C80E88,12,Captain's Boots,foot_equip#246,隊長のブーツ
foot_equip,0x08C84EEC,0x08C80E98,18,Captain's Boots,foot_equip#247,タイチョウノブーツ
foot_equip,0x08C84EF0,0x08C80EAC,30,Boots worn by squad captains on patrol.,foot_equip#248,隊長が巡回警備で着用するブーツ
foot_equip,0x08C84F1C,0x08C80ECC,18,Frontier Boots,foot_equip#249,フロンティアブーツ
foot_equip,0x08C84F20,0x08C80ECC,18,Frontier Boots,foot_equip#249,フロンティアブーツ
foot_equip,0x08C84F24,0x08C80EE0,22,Boots worn by pioneers.,foot_equip#250,開拓者が着用するブーツ
foot_equip,0x08C84F50,0x08C80EF8,12,Monk Soldier's Shin Guards,foot_equip#251,僧兵の脛当て
foot_equip,0x08C84F54,0x08C80F08,18,Monk Soldier's Shin Guards,foot_equip#252,ソウヘイノスネアテ
foot_equip,0x08C84F58,0x08C80F1C,22,Shin guards of monk soldiers striking down enemies of the faith.,foot_equip#253,法敵を討つ僧兵の脛当て
foot_equip,0x08C84F84,0x08C80F34,16,Commander Boots,foot_equip#254,コマンダーブーツ
foot_equip,0x08C84F88,0x08C80F34,16,Commander Boots,foot_equip#254,コマンダーブーツ
foot_equip,0x08C84F8C,0x08C80F48,30,Boots worn by captains of large battleships.,foot_equip#255,大型戦艦の艦長が着用するブーツ
foot_equip,0x08C84FB8,0x08C80F68,12,Nue-Slayer Greaves,foot_equip#256,鵺討ちの具足
foot_equip,0x08C84FBC,0x08C80F78,16,Nue-Slayer Greaves,foot_equip#257,ヌエウチノグソク
foot_equip,0x08C84FC0,0x08C80F8C,34,Greaves worn by those who subjugate the monster Nue.,foot_equip#258,物の怪鵺を討伐する者が着用する具足
foot_equip,0x08C84FEC,0x08C80FB0,10,First Lieutenant's Boots,foot_equip#259,中尉の長靴
foot_equip,0x08C84FF0,0x08C80FBC,18,First Lieutenant's Boots,foot_equip#260,チュウイノナガグツ
foot_equip,0x08C84FF4,0x08C80FD0,24,Boots serving as proof of the rank of First Lieutenant.,foot_equip#261,中尉の階級の証である長靴
foot_equip,0x08C85020,0x08C80FEC,18,Strange Shoes,foot_equip#262,ストレンジシューズ
foot_equip,0x08C85024,0x08C80FEC,18,Strange Shoes,foot_equip#262,ストレンジシューズ
foot_equip,0x08C85028,0x08C81000,30,Shoes worn by wandering foreign vagabonds.,foot_equip#263,異国の風来坊が着用するシューズ
foot_equip,0x08C85054,0x08C81020,14,Coyote Boots,foot_equip#264,コヨーテブーツ
foot_equip,0x08C85058,0x08C81020,14,Coyote Boots,foot_equip#264,コヨーテブーツ
foot_equip,0x08C8505C,0x08C81030,38,Boots prayed over by the shaman Red Coyote.,foot_equip#265,呪術師レッド・コヨーテが祈祷したブーツ
foot_equip,0x08C85088,0x08C81058,20,Purge Executioner's Leggings,foot_equip#266,粛清執行人のレギンス
foot_equip,0x08C8508C,0x08C81070,32,Purge Executioner's Leggings,foot_equip#267,シュクセイシッコウニンノレギンス
foot_equip,0x08C85090,0x08C81094,34,Leggings worn by military purge executioners.,foot_equip#268,軍属の粛清執行人が着用するレギンス
foot_equip,0x08C850BC,0x08C810B8,8,Small Dragon Shoes,foot_equip#269,小龍の靴
foot_equip,0x08C850C0,0x08C810C4,18,Small Dragon Shoes,foot_equip#270,ショウリュウノクツ
foot_equip,0x08C850C4,0x08C810D8,34,Shoes worn by kung fu practitioners of Small Dragon rank.,foot_equip#271,小龍の位を持つ功夫使いが着用する靴
foot_equip,0x08C850F0,0x08C810FC,14,Tiger Trainer's Boots,foot_equip#272,虎調教師の長靴
foot_equip,0x08C850F4,0x08C8110C,28,Tiger Trainer's Boots,foot_equip#273,トラチョウキョウシノナガグツ
foot_equip,0x08C850F8,0x08C8112C,36,Boots worn by those who train tigers for a living.,foot_equip#274,虎の調教を生業とする者が着用する長靴
foot_equip,0x08C85124,0x08C81154,12,Craymel Scholar Shoes,foot_equip#275,晶霊学士の靴
foot_equip,0x08C85128,0x08C81164,22,Craymel Scholar Shoes,foot_equip#276,ショウレイガクシノクツ
foot_equip,0x08C8512C,0x08C8117C,30,Shoes for Craymel scholars stipulated by school regulations.,foot_equip#277,校則に定められた晶霊学士用の靴
foot_equip,0x08C85158,0x08C8119C,8,Hashirimai Shoes,foot_equip#278,走舞の靴
foot_equip,0x08C8515C,0x08C811A8,16,Hashirimai Shoes,foot_equip#279,ハシリマイノクツ
foot_equip,0x08C85160,0x08C811BC,32,Shoes of one who dances with lively movements in sacred rituals.,foot_equip#280,神前儀式で活発な動きで舞う者の靴
foot_equip,0x08C8518C,0x08C811E0,16,Forban Boots,foot_equip#281,フォルバンブーツ
foot_equip,0x08C85190,0x08C811E0,16,Forban Boots,foot_equip#281,フォルバンブーツ
foot_equip,0x08C85194,0x08C811F4,22,Boots favored by pirates.,foot_equip#282,海賊が好んで履くブーツ
foot_equip,0x08C851C0,0x08C8120C,12,Genbu's Shin Guards,foot_equip#283,玄武の脛当て
foot_equip,0x08C851C4,0x08C8121C,16,Genbu's Shin Guards,foot_equip#284,ゲンブノスネアテ
foot_equip,0x08C851C8,0x08C81230,26,Shin guards bearing the name of the sacred beast Genbu.,foot_equip#285,聖獣玄武の名を冠する脛当て
foot_equip,0x08C851F4,0x08C8124C,10,Devotee's Shoes,foot_equip#286,熱心者の靴
foot_equip,0x08C851F8,0x08C81258,18,Devotee's Shoes,foot_equip#287,ネッシンモノノクツ
foot_equip,0x08C851FC,0x08C8126C,24,Shoes worn by devoted spellcasters.,foot_equip#288,熱心者の術士が着用する靴
foot_equip,0x08C85228,0x08C81288,16,Master Adept's Shoes,foot_equip#289,大達人のシューズ
foot_equip,0x08C8522C,0x08C8129C,22,Master Adept's Shoes,foot_equip#290,ダイタツジンノシューズ
foot_equip,0x08C85230,0x08C812B4,42,Shoes given to the rank of Master Adept in a magical society.,foot_equip#291,魔術結社で大達人の階位に与えられるシューズ
foot_equip,0x08C8525C,0x08C812E0,18,Klatin Boots,foot_equip#292,クラーティンブーツ
foot_equip,0x08C85260,0x08C812E0,18,Klatin Boots,foot_equip#292,クラーティンブーツ
foot_equip,0x08C85264,0x08C812F4,18,Boots dyed with leadtree.,foot_equip#293,ギンネム染のブーツ
foot_equip,0x08C85290,0x08C81308,18,New Age Boots,foot_equip#294,ニューエイジブーツ
foot_equip,0x08C85294,0x08C81308,18,New Age Boots,foot_equip#294,ニューエイジブーツ
foot_equip,0x08C85298,0x08C8131C,38,Boots worn by those seeking new paths for their souls.,foot_equip#295,新しい魂の道を求める者が着用するブーツ
foot_equip,0x08C852C4,0x08C81344,18,Lieutenant Colonel's Type-2 Dress Shoes,foot_equip#296,軍中佐第二種礼装靴
foot_equip,0x08C852C8,0x08C81358,34,Lieutenant Colonel's Type-2 Dress Shoes,foot_equip#297,グンチュウサダイニシュレイソウクツ
foot_equip,0x08C852CC,0x08C8137C,40,Type-2 dress shoes worn by those holding the rank of Lieutenant Colonel.,foot_equip#298,中佐の階級の者が着用する第二種礼装用の靴
foot_equip,0x08C852F8,0x08C813A8,20,Steward Shoes,foot_equip#299,スチュワードシューズ
foot_equip,0x08C852FC,0x08C813A8,20,Steward Shoes,foot_equip#299,スチュワードシューズ
foot_equip,0x08C85300,0x08C813C0,30,Shoes worn by butlers and maids.,foot_equip#300,執事やメイドが着用するシューズ
foot_equip,0x08C8532C,0x08C813E0,14,Imperial Guard's Boots,foot_equip#301,近衛兵のブーツ
foot_equip,0x08C85330,0x08C813F0,18,Imperial Guard's Boots,foot_equip#302,コノエヘイノブーツ
foot_equip,0x08C85334,0x08C81404,30,Boots of a spellcaster who became an imperial castle guard.,foot_equip#303,城の近衛兵となった術者のブーツ
foot_equip,0x08C85360,0x08C81424,10,Famed Tactician's Shoes,foot_equip#304,名策士の靴
foot_equip,0x08C85364,0x08C81430,16,Famed Tactician's Shoes,foot_equip#305,メイサクシノクツ
foot_equip,0x08C85368,0x08C81444,24,Shoes favored by famed tacticians.,foot_equip#306,名策士が好んで着用する靴
foot_equip,0x08C85394,0x08C81460,14,Arcana Boots,foot_equip#307,アルカナブーツ
foot_equip,0x08C85398,0x08C81460,14,Arcana Boots,foot_equip#307,アルカナブーツ
foot_equip,0x08C8539C,0x08C81470,34,Mysterious boots worn by fortune-tellers.,foot_equip#308,占い師が着用する摩訶不思議なブーツ
foot_equip,0x08C853C8,0x08C81494,14,Believe Boots,foot_equip#309,ビリーブブーツ
foot_equip,0x08C853CC,0x08C81494,14,Believe Boots,foot_equip#309,ビリーブブーツ
foot_equip,0x08C853D0,0x08C814A4,30,Boots of a spellcaster commanding complete trust.,foot_equip#310,信頼を一身に集める術士のブーツ
foot_equip,0x08C853FC,0x08C814C4,18,Attainment Boots,foot_equip#311,アテイメントブーツ
foot_equip,0x08C85400,0x08C814C4,18,Attainment Boots,foot_equip#311,アテイメントブーツ
foot_equip,0x08C85404,0x08C814D8,36,Boots said to aid the wearer in attaining their goals.,foot_equip#312,着る者の目標達成を助けるというブーツ
foot_equip,0x08C85430,0x08C81500,12,Heresy Practitioner's Boots,foot_equip#313,外法者の長靴
foot_equip,0x08C85434,0x08C81510,20,Heresy Practitioner's Boots,foot_equip#314,ゲホウモノノナガグツ
foot_equip,0x08C85438,0x08C81528,24,Boots of a spellcaster using unorthodox arts.,foot_equip#315,外法の術を使う術士の長靴
foot_equip,0x08C85464,0x08C81544,16,Miracle Shoes,foot_equip#316,ミラクルシューズ
foot_equip,0x08C85468,0x08C81544,16,Miracle Shoes,foot_equip#316,ミラクルシューズ
foot_equip,0x08C8546C,0x08C81558,32,Cute boots imbued with miraculous power.,foot_equip#317,奇跡の力が込められた可愛いブーツ
foot_equip,0x08C85498,0x08C8157C,10,Ra's Boots,foot_equip#318,ラーの長靴
foot_equip,0x08C8549C,0x08C81588,14,Ra's Boots,foot_equip#319,ラーノナガグツ
foot_equip,0x08C854A0,0x08C81598,30,Boots that received vibrations from the cosmic entity Ra.,foot_equip#320,宇宙存在ラーの波動を受けた長靴
foot_equip,0x08C854CC,0x08C815B8,16,Mikahayahi's Boots,foot_equip#321,ミカハヤヒの長靴
foot_equip,0x08C854D0,0x08C815CC,20,Mikahayahi's Boots,foot_equip#322,ミカハヤヒノナガグツ
foot_equip,0x08C854D4,0x08C815E4,38,"Boots blessed by Mikahayahi, hidden god of the East.",foot_equip#323,東方の秘神ミカハヤヒの加護を受けた長靴
foot_equip,0x08C85500,0x08C8160C,12,Priest's Greaves,foot_equip#324,神官の脛当て
foot_equip,0x08C85504,0x08C8161C,18,Priest's Greaves,foot_equip#325,シンカンノスネアテ
foot_equip,0x08C85508,0x08C81630,24,Showy greaves used in rituals.,foot_equip#326,儀式に用いる派手な脛当て
foot_equip,0x08C85534,0x08C8164C,16,Crescent Boots,foot_equip#327,クレセントブーツ
foot_equip,0x08C85538,0x08C8164C,16,Crescent Boots,foot_equip#327,クレセントブーツ
foot_equip,0x08C8553C,0x08C81660,34,Boots that give off a beautiful shine like a crescent moon.,foot_equip#328,三日月の様な美しい輝きを放つブーツ
foot_equip,0x08C85568,0x08C81684,16,Raja Sandals,foot_equip#329,ラージャサンダル
foot_equip,0x08C8556C,0x08C81684,16,Raja Sandals,foot_equip#329,ラージャサンダル
foot_equip,0x08C85570,0x08C81698,30,Sandals worn by powerful clans of a foreign land.,foot_equip#330,異国の豪族が身に着けるサンダル
foot_equip,0x08C8559C,0x08C816B8,8,Regent's Shoes,foot_equip#331,摂政の靴
foot_equip,0x08C855A0,0x08C816C4,16,Regent's Shoes,foot_equip#332,セッショウノクツ
foot_equip,0x08C855A4,0x08C816D8,22,Shoes worn by regents of the East.,foot_equip#333,東方の摂政が着用する靴
foot_equip,0x08C855D0,0x08C816F0,22,Caporegime Loafers,foot_equip#334,カポレジームローファー
foot_equip,0x08C855D4,0x08C816F0,22,Caporegime Loafers,foot_equip#334,カポレジームローファー
foot_equip,0x08C855D8,0x08C81708,34,Loafers worn by mafia capos.,foot_equip#335,マフィアの幹部が着用するローファー
foot_equip,0x08C85604,0x08C8172C,20,Silver Half Boots,foot_equip#336,シルバーハーフブーツ
foot_equip,0x08C85608,0x08C8172C,20,Silver Half Boots,foot_equip#336,シルバーハーフブーツ
foot_equip,0x08C8560C,0x08C81744,24,Boots decorated with silver embroidery.,foot_equip#337,銀の刺繍が施されたブーツ
foot_equip,0x08C85638,0x08C81760,18,Shaman Shoes,foot_equip#338,シャーマンシューズ
foot_equip,0x08C8563C,0x08C81760,18,Shaman Shoes,foot_equip#338,シャーマンシューズ
foot_equip,0x08C85640,0x08C81774,30,Shoes worn by unusual spellcasters.,foot_equip#339,奇異なる術士が着用するシューズ
foot_equip,0x08C8566C,0x08C81794,22,Celestial Shoes,foot_equip#340,セレスティアルシューズ
foot_equip,0x08C85670,0x08C81794,22,Celestial Shoes,foot_equip#340,セレスティアルシューズ
foot_equip,0x08C85674,0x08C817AC,36,Shoes said to have once been worn by celestials.,foot_equip#341,かつて天上人が着用したというシューズ
foot_equip,0x08C856A0,0x08C817D4,16,Precious Boots,foot_equip#342,プレシャスブーツ
foot_equip,0x08C856A4,0x08C817D4,16,Precious Boots,foot_equip#342,プレシャスブーツ
foot_equip,0x08C856A8,0x08C817E8,24,Boots that are also precious works of art.,foot_equip#343,貴い芸術品でもあるブーツ
foot_equip,0x08C856D4,0x08C81804,18,Vampire Boots,foot_equip#344,ヴァンパイアブーツ
foot_equip,0x08C856D8,0x08C81804,18,Vampire Boots,foot_equip#344,ヴァンパイアブーツ
foot_equip,0x08C856DC,0x08C81818,22,Boots worn by vampires.,foot_equip#345,吸血鬼が着用するブーツ
foot_equip,0x08C85708,0x08C81830,12,BH Boots,foot_equip#346,ＢＨ・ブーツ
foot_equip,0x08C8570C,0x08C81840,20,Beast Hide Boots,foot_equip#347,ビーストハイドブーツ
foot_equip,0x08C85710,0x08C81858,18,Boots made from beast leather.,foot_equip#348,魔物の革製のブーツ
foot_equip,0x08C8573C,0x08C8186C,18,Quasar Leggings,foot_equip#349,クエーサーレギンス
foot_equip,0x08C85740,0x08C8186C,18,Quasar Leggings,foot_equip#349,クエーサーレギンス
foot_equip,0x08C85744,0x08C81880,32,Leggings hailed as being quasar-grade.,foot_equip#350,クエーサー級と称えられたレギンス
foot_equip,0x08C85770,0x08C818A4,18,Tulsi Leggings,foot_equip#351,トゥルシーレギンス
foot_equip,0x08C85774,0x08C818A4,18,Tulsi Leggings,foot_equip#351,トゥルシーレギンス
foot_equip,0x08C85778,0x08C818B8,34,Leggings named after the sacred herb tulsi.,foot_equip#352,霊草トゥルシーの名を冠するレギンス
foot_equip,0x08C857A4,0x08C818DC,20,Barbarian Leggings,foot_equip#353,バーバリアンレギンス
foot_equip,0x08C857A8,0x08C818DC,20,Barbarian Leggings,foot_equip#353,バーバリアンレギンス
foot_equip,0x08C857AC,0x08C818F4,46,Leggings designed not to hinder tough muscular movements.,foot_equip#354,頑強な筋肉の動きを妨げぬよう研究されたレギンス
foot_equip,0x08C857D8,0x08C81924,16,Cavalry Jaeger Gaiters,foot_equip#355,騎兵隊猟兵の脚絆
foot_equip,0x08C857DC,0x08C81938,30,Cavalry Jaeger Gaiters,foot_equip#356,キヘイタイリョウヘイノキャハン
foot_equip,0x08C857E0,0x08C81958,26,Gaiters issued to cavalry jaegers.,foot_equip#357,騎兵隊猟兵に支給される脚絆
foot_equip,0x08C8580C,0x08C81974,20,Orichalcum Greaves,foot_equip#358,オリカルクムグリーブ
foot_equip,0x08C85810,0x08C81974,20,Orichalcum Greaves,foot_equip#358,オリカルクムグリーブ
foot_equip,0x08C85814,0x08C8198C,18,Shoes made of orichalcum.,foot_equip#359,オリカルクム製の靴
foot_equip,0x08C85840,0x08C819A0,16,Chrome Leggings,foot_equip#360,クロームレギンス
foot_equip,0x08C85844,0x08C819A0,16,Chrome Leggings,foot_equip#360,クロームレギンス
foot_equip,0x08C85848,0x08C819B4,38,Leggings adorned with small chrome plates.,foot_equip#361,小さなクロームの板をあしらったレギンス
foot_equip,0x08C85874,0x08C819DC,10,Fierce God Greaves,foot_equip#362,鬼神の具足
foot_equip,0x08C85878,0x08C819E8,14,Fierce God Greaves,foot_equip#363,キシンノグソク
foot_equip,0x08C8587C,0x08C819F8,38,Greaves said to be worn by champions who became ogres in battle.,foot_equip#364,戦鬼となった闘士が身に着けるという具足
foot_equip,0x08C858A8,0x08C81A20,12,Supreme Dragon Greaves,foot_equip#365,覇龍の脛当て
foot_equip,0x08C858AC,0x08C81A30,18,Supreme Dragon Greaves,foot_equip#366,ハリュウノスネアテ
foot_equip,0x08C858B0,0x08C81A44,30,Greaves said to house the spirit of the Supreme Dragon.,foot_equip#367,覇龍の魂が宿るといわれる脛当て
foot_equip,0x08C858DC,0x08C81A64,20,Archlord Leggings,foot_equip#368,アークロードレギンス
foot_equip,0x08C858E0,0x08C81A64,20,Archlord Leggings,foot_equip#368,アークロードレギンス
foot_equip,0x08C858E4,0x08C81A7C,38,Leggings granted to those holding high noble ranks.,foot_equip#369,上級の爵位を持つ者に与えられるレギンス
foot_equip,0x08C85910,0x08C81AA4,14,Dragon Legs,foot_equip#370,ドラゴンレッグ
foot_equip,0x08C85914,0x08C81AA4,14,Dragon Legs,foot_equip#370,ドラゴンレッグ
foot_equip,0x08C85918,0x08C81AB4,24,Leg armor possessing the majesty of a dragon.,foot_equip#371,竜の威風を持つ脚部用防具
foot_equip,0x08C85944,0x08C81AD0,12,Yoshitsune's Greaves,foot_equip#372,義経の脛当て
foot_equip,0x08C85948,0x08C81AE0,18,Yoshitsune's Greaves,foot_equip#373,ヨシツネノスネアテ
foot_equip,0x08C8594C,0x08C81AF4,40,"Greaves worn by Yoshitsune, the East's brilliant prodigy of war.",foot_equip#374,東方の戦の麒麟児義経が着用していた脛当て
foot_equip,0x08C85978,0x08C81B20,14,Colonel Boots,foot_equip#375,カーネルブーツ
foot_equip,0x08C8597C,0x08C81B20,14,Colonel Boots,foot_equip#375,カーネルブーツ
foot_equip,0x08C85980,0x08C81B30,18,Boots for senior officers.,foot_equip#376,上級士官用のブーツ
foot_equip,0x08C859AC,0x08C81B44,12,Shinobi Boots,foot_equip#377,シノビブーツ
foot_equip,0x08C859B0,0x08C81B44,12,Shinobi Boots,foot_equip#377,シノビブーツ
foot_equip,0x08C859B4,0x08C81B54,32,Boots worn by renowned shinobi.,foot_equip#378,名のある忍びが着用していたブーツ
foot_equip,0x08C859E0,0x08C81B78,20,Ancient Leggings,foot_equip#379,エンシェントレギンス
foot_equip,0x08C859E4,0x08C81B78,20,Ancient Leggings,foot_equip#379,エンシェントレギンス
foot_equip,0x08C859E8,0x08C81B90,32,Leg armor of full plate made using legendary techniques.,foot_equip#380,伝説の製法で作られた全身鎧の脚部
foot_equip,0x08C85A14,0x08C81BB4,18,Maitreya Leggings,foot_equip#381,マイトレヤレギンス
foot_equip,0x08C85A18,0x08C81BB4,18,Maitreya Leggings,foot_equip#381,マイトレヤレギンス
foot_equip,0x08C85A1C,0x08C81BC8,50,Leggings worn by those who pledge justice to the ancient saint Maitreya.,foot_equip#382,古の聖人マイトレヤに正義を誓う者が着用するレギンス
foot_equip,0x08C85A48,0x08C81BFC,18,Daimyo Leggings,foot_equip#383,ダイミョーレギンス
foot_equip,0x08C85A4C,0x08C81BFC,18,Daimyo Leggings,foot_equip#383,ダイミョーレギンス
foot_equip,0x08C85A50,0x08C81C10,28,Greaves reminiscent of a Warring States daimyo.,foot_equip#384,戦国大名を彷彿とさせる脛当て
foot_equip,0x08C85A7C,0x08C81C30,16,Duke Leggings,foot_equip#385,デュークレギンス
foot_equip,0x08C85A80,0x08C81C30,16,Duke Leggings,foot_equip#385,デュークレギンス
foot_equip,0x08C85A84,0x08C81C44,42,Leggings granted to those holding the title of Duke.,foot_equip#386,デュークの称号を持つ者に与えられるレギンス
foot_equip,0x08C85AB0,0x08C81C70,18,Timsah Greaves,foot_equip#387,テムサーフグリーブ
foot_equip,0x08C85AB4,0x08C81C70,18,Timsah Greaves,foot_equip#387,テムサーフグリーブ
foot_equip,0x08C85AB8,0x08C81C84,40,Greaves meaning crocodile in the magical land of 1001 Nights.,foot_equip#388,千夜一夜の魔法の国で鰐を意味するグリーブ
foot_equip,0x08C85AE4,0x08C81CB0,16,Anubis Leggings,foot_equip#389,アヌビスレギンス
foot_equip,0x08C85AE8,0x08C81CB0,16,Anubis Leggings,foot_equip#389,アヌビスレギンス
foot_equip,0x08C85AEC,0x08C81CC4,32,Leggings bearing the name of the beast god Anubis.,foot_equip#390,獣神アヌビスの名を冠するレギンス
foot_equip,0x08C85B18,0x08C81CE8,16,Guardian Order Boots,foot_equip#391,守護騎士団の長靴
foot_equip,0x08C85B1C,0x08C81CFC,24,Guardian Order Boots,foot_equip#392,シュゴキシダンノナガグツ
foot_equip,0x08C85B20,0x08C81D18,28,Boots serving as proof of belonging to the Guardian Order.,foot_equip#393,守護騎士団所属の証となる長靴
foot_equip,0x08C85B4C,0x08C81D38,14,Rune Greaves,foot_equip#394,ルーングリーブ
foot_equip,0x08C85B50,0x08C81D38,14,Rune Greaves,foot_equip#394,ルーングリーブ
foot_equip,0x08C85B54,0x08C81D48,24,Greaves engraved with mystical patterns.,foot_equip#395,神秘文様を刻んだグリーブ
foot_equip,0x08C85B80,0x08C81D64,16,Ghost Leggings,foot_equip#396,ゴーストレギンス
foot_equip,0x08C85B84,0x08C81D64,16,Ghost Leggings,foot_equip#396,ゴーストレギンス
foot_equip,0x08C85B88,0x08C81D78,22,Leg armor with a sinister design.,foot_equip#397,禍々しい意匠の鎧の脚部
foot_equip,0x08C85BB4,0x08C81D90,18,Colossus Leggings,foot_equip#398,コロッサスレギンス
foot_equip,0x08C85BB8,0x08C81D90,18,Colossus Leggings,foot_equip#398,コロッサスレギンス
foot_equip,0x08C85BBC,0x08C81DA4,40,Leggings offering defense and presence mistaken for the legendary Colossus.,foot_equip#399,伝説の巨神と見紛う防御と威圧感のレギンス
foot_equip,0x08C85BE8,0x08C81DD0,18,Lucifel Leggings,foot_equip#400,ルシフェルレギンス
foot_equip,0x08C85BEC,0x08C81DD0,18,Lucifel Leggings,foot_equip#400,ルシフェルレギンス
foot_equip,0x08C85BF0,0x08C81DE4,42,"Leggings blessed by Lucifel, Emperor of the Netherworld.",foot_equip#401,魔界の皇帝ルシフェルの福音を受けたレギンス
foot_equip,0x08C85C1C,0x08C81E10,16,Master Mercenary Boots,foot_equip#402,玄人傭兵のブーツ
foot_equip,0x08C85C20,0x08C81E24,24,Master Mercenary Boots,foot_equip#403,クロウトヨウヘイノブーツ
foot_equip,0x08C85C24,0x08C81E40,24,Boots worn by veteran mercenaries.,foot_equip#404,玄人傭兵が着用するブーツ
foot_equip,0x08C85C50,0x08C81E5C,14,Feather Boots,foot_equip#405,フェザーブーツ
foot_equip,0x08C85C54,0x08C81E5C,14,Feather Boots,foot_equip#405,フェザーブーツ
foot_equip,0x08C85C58,0x08C81E6C,18,Boots as light as a feather.,foot_equip#406,羽の様に軽いブーツ
foot_equip,0x08C85C84,0x08C81E80,20,Eagle Leg Guard,foot_equip#407,イーグルレッグガード
foot_equip,0x08C85C88,0x08C81E80,20,Eagle Leg Guard,foot_equip#407,イーグルレッグガード
foot_equip,0x08C85C8C,0x08C81E98,52,"Leg guards blessed by the Eagle, guardian god of a certain tribe.",foot_equip#408,とある民族の守り神イーグルの加護を受けたレッグガード
foot_equip,0x08C85CB8,0x08C81ED0,22,Gunslinger Shoes,foot_equip#409,ガンスリンガーシューズ
foot_equip,0x08C85CBC,0x08C81ED0,22,Gunslinger Shoes,foot_equip#409,ガンスリンガーシューズ
foot_equip,0x08C85CC0,0x08C81EE8,24,Shoes worn by quick-draw masters.,foot_equip#410,早撃ちの名手が着用する靴
foot_equip,0x08C85CEC,0x08C81F04,8,Divine Light Greaves,foot_equip#411,神光具足
foot_equip,0x08C85CF0,0x08C81F10,14,Divine Light Greaves,foot_equip#412,シンコウグソク
foot_equip,0x08C85CF4,0x08C81F20,14,Greaves emitting divine light.,foot_equip#413,神光発する具足
foot_equip,0x08C85D20,0x08C81F30,10,High Priest Boots,foot_equip#414,僧正の長靴
foot_equip,0x08C85D24,0x08C81F3C,20,High Priest Boots,foot_equip#415,ソウジョウノチョウカ
foot_equip,0x08C85D28,0x08C81F54,28,Boots worn by high priests going to preach.,foot_equip#416,説法に赴く僧正が着用する長靴
foot_equip,0x08C85D54,0x08C81F74,16,Mercenary Boots,foot_equip#417,マーセナリブーツ
foot_equip,0x08C85D58,0x08C81F74,16,Mercenary Boots,foot_equip#417,マーセナリブーツ
foot_equip,0x08C85D5C,0x08C81F88,30,Boots well-suited for activities of battle-hardened mercenaries.,foot_equip#418,歴戦の傭兵の活動に適したブーツ
foot_equip,0x08C85D88,0x08C81FA8,12,Governor General Boots,foot_equip#419,総督のブーツ
foot_equip,0x08C85D8C,0x08C81FB8,16,Governor General Boots,foot_equip#420,ソウトクノブーツ
foot_equip,0x08C85D90,0x08C81FCC,32,Boots worn by governor generals on patrol inspections.,foot_equip#421,総督が警備の巡察で着用するブーツ
foot_equip,0x08C85DBC,0x08C81FF0,16,Western Boots,foot_equip#422,ウエスタンブーツ
foot_equip,0x08C85DC0,0x08C81FF0,16,Western Boots,foot_equip#422,ウエスタンブーツ
foot_equip,0x08C85DC4,0x08C82004,28,Boots worn by bouncers of the wilderness.,foot_equip#423,荒野の用心棒が着用するブーツ
foot_equip,0x08C85DF0,0x08C82024,12,High Priest Greaves,foot_equip#424,僧正の脛当て
foot_equip,0x08C85DF4,0x08C82034,20,High Priest Greaves,foot_equip#425,ソウジョウノスネアテ
foot_equip,0x08C85DF8,0x08C8204C,24,Greaves of a high priest spreading religious doctrine.,foot_equip#426,教義を広める僧正の脛当て
foot_equip,0x08C85E24,0x08C82068,16,Admiral Boots,foot_equip#427,アドミラルブーツ
foot_equip,0x08C85E28,0x08C82068,16,Admiral Boots,foot_equip#427,アドミラルブーツ
foot_equip,0x08C85E2C,0x08C8207C,32,Boots worn by an admiral commanding a fleet.,foot_equip#428,艦隊を率いる提督が着用するブーツ
foot_equip,0x08C85E58,0x08C820A0,14,Tengu Slayer Greaves,foot_equip#429,天狗討ちの具足
foot_equip,0x08C85E5C,0x08C820B0,18,Tengu Slayer Greaves,foot_equip#430,テングウチノグソク
foot_equip,0x08C85E60,0x08C820C4,36,Greaves worn by those who subjugate the monster tengu.,foot_equip#431,物の怪天狗を討伐する者が着用する具足
foot_equip,0x08C85E8C,0x08C820EC,10,Captain's Boots,foot_equip#432,大尉の長靴
foot_equip,0x08C85E90,0x08C820F8,16,Captain's Boots,foot_equip#433,タイイノナガグツ
foot_equip,0x08C85E94,0x08C8210C,24,Boots serving as proof of the rank of captain.,foot_equip#434,大尉の階級の証である長靴
foot_equip,0x08C85EC0,0x08C82128,16,Witch Shoes,foot_equip#435,ウィッチシューズ
foot_equip,0x08C85EC4,0x08C82128,16,Witch Shoes,foot_equip#435,ウィッチシューズ
foot_equip,0x08C85EC8,0x08C8213C,24,Shoes strengthened with magic.,foot_equip#436,魔法で強化されたシューズ
foot_equip,0x08C85EF4,0x08C82158,14,Puma Boots,foot_equip#437,ピューマブーツ
foot_equip,0x08C85EF8,0x08C82158,14,Puma Boots,foot_equip#437,ピューマブーツ
foot_equip,0x08C85EFC,0x08C82168,40,Boots consecrated by the shaman Silver Puma.,foot_equip#438,呪術師シルバー・ピューマが祈祷したブーツ
foot_equip,0x08C85F28,0x08C82194,18,Assassin Cult Leggings,foot_equip#439,暗殺教団のレギンス
foot_equip,0x08C85F2C,0x08C821A8,28,Assassin Cult Leggings,foot_equip#440,アンサツキョウダンノレギンス
foot_equip,0x08C85F30,0x08C821C8,30,Leggings worn by a mysterious assassin cult.,foot_equip#441,謎の暗殺教団が着用するレギンス
foot_equip,0x08C85F5C,0x08C821E8,8,Dragon King Shoes,foot_equip#442,龍王の靴
foot_equip,0x08C85F60,0x08C821F4,16,Dragon King Shoes,foot_equip#443,リュウオウノクツ
foot_equip,0x08C85F64,0x08C82208,34,Shoes worn by kung fu masters holding the rank of Dragon King.,foot_equip#444,龍王の位を持つ功夫使いが着用する靴
foot_equip,0x08C85F90,0x08C8222C,14,Dragon Trainer Boots,foot_equip#445,竜調教師の長靴
foot_equip,0x08C85F94,0x08C8223C,30,Dragon Trainer Boots,foot_equip#446,リュウチョウキョウシノナガグツ
foot_equip,0x08C85F98,0x08C8225C,36,Boots worn by those who make a living training dragons.,foot_equip#447,竜の調教を生業とする者が着用する長靴
foot_equip,0x08C85FC4,0x08C82284,12,Spirit Scholar Shoes,foot_equip#448,精霊学士の靴
foot_equip,0x08C85FC8,0x08C82294,20,Spirit Scholar Shoes,foot_equip#449,セイレイガクシノクツ
foot_equip,0x08C85FCC,0x08C822AC,30,Shoes for spirit scholars prescribed by school regulations.,foot_equip#450,校則に定められた精霊学士用の靴
foot_equip,0x08C85FF8,0x08C822CC,8,Martial Dance Shoes,foot_equip#451,武舞の靴
foot_equip,0x08C85FFC,0x08C822D8,12,Martial Dance Shoes,foot_equip#452,ブマイノクツ
foot_equip,0x08C86000,0x08C822E8,32,Shoes of dancers performing fierce movements in shrine rituals.,foot_equip#453,神前儀式で勇猛な動きで舞う者の靴
foot_equip,0x08C8602C,0x08C8230C,16,Pirate's Boots,foot_equip#454,パイレーツブーツ
foot_equip,0x08C86030,0x08C8230C,16,Pirate's Boots,foot_equip#454,パイレーツブーツ
foot_equip,0x08C86034,0x08C82320,26,Boots possessing the air of a great pirate.,foot_equip#455,大海賊の風格を持ったブーツ
foot_equip,0x08C86060,0x08C8233C,12,Byakko Greaves,foot_equip#456,白虎の脛当て
foot_equip,0x08C86064,0x08C8234C,18,Byakko Greaves,foot_equip#457,ビャッコノスネアテ
foot_equip,0x08C86068,0x08C82360,26,Greaves bearing the name of the sacred beast Byakko.,foot_equip#458,聖獣白虎の名を冠する脛当て
foot_equip,0x08C86094,0x08C8237C,10,Practitioner Shoes,foot_equip#459,実践者の靴
foot_equip,0x08C86098,0x08C82388,20,Practitioner Shoes,foot_equip#460,ジッセンシャノブーツ
foot_equip,0x08C8609C,0x08C823A0,24,Shoes worn by practitioner mages.,foot_equip#461,実践者の術士が着用する靴
foot_equip,0x08C860C8,0x08C823BC,18,Exempt Master Shoes,foot_equip#462,被免達人のシューズ
foot_equip,0x08C860CC,0x08C823D0,24,Exempt Master Shoes,foot_equip#463,ヒメンタツジンノシューズ
foot_equip,0x08C860D0,0x08C823EC,44,Shoes granted to the rank of Exempt Master in a magical society.,foot_equip#464,魔術結社で被免達人の階位に与えられるシューズ
foot_equip,0x08C860FC,0x08C8241C,18,Sapparot Boots,foot_equip#465,サッバロットブーツ
foot_equip,0x08C86100,0x08C8241C,18,Sapparot Boots,foot_equip#465,サッバロットブーツ
foot_equip,0x08C86104,0x08C82430,22,Boots dyed with pineapple.,foot_equip#466,パイナップル染のブーツ
foot_equip,0x08C86130,0x08C82448,18,Contactee Boots,foot_equip#467,コンタクティブーツ
foot_equip,0x08C86134,0x08C82448,18,Contactee Boots,foot_equip#467,コンタクティブーツ
foot_equip,0x08C86138,0x08C8245C,42,Boots worn by those who contact supernatural entities in spirit.,foot_equip#468,魂で超常的存在と接触する者が着用するブーツ
foot_equip,0x08C86164,0x08C82488,18,Colonel Dress Shoes Type 2,foot_equip#469,軍大佐第二種礼装靴
foot_equip,0x08C86168,0x08C8249C,32,Colonel Dress Shoes Type 2,foot_equip#470,グンタイサダイニシュレイソウクツ
foot_equip,0x08C8616C,0x08C824C0,40,Shoes for Type 2 dress uniform worn by the rank of colonel.,foot_equip#471,大佐の階級の者が着用する第二種礼装用の靴
foot_equip,0x08C86198,0x08C824EC,20,Secretary Shoes,foot_equip#472,セクレタリーシューズ
foot_equip,0x08C8619C,0x08C824EC,20,Secretary Shoes,foot_equip#472,セクレタリーシューズ
foot_equip,0x08C861A0,0x08C82504,22,Shoes worn by secretaries.,foot_equip#473,秘書が着用するシューズ
foot_equip,0x08C861CC,0x08C8251C,16,Praetorian Guard Boots,foot_equip#474,親衛隊長のブーツ
foot_equip,0x08C861D0,0x08C82530,26,Praetorian Guard Boots,foot_equip#475,シンエイタイチョウノブーツ
foot_equip,0x08C861D4,0x08C8254C,32,Boots of a spellcaster who became castle praetorian guard captain.,foot_equip#476,城の親衛隊長となった術者のブーツ
foot_equip,0x08C86200,0x08C82570,10,Master Strategist Shoes,foot_equip#477,名軍師の靴
foot_equip,0x08C86204,0x08C8257C,16,Master Strategist Shoes,foot_equip#478,メイグンシノクツ
foot_equip,0x08C86208,0x08C82590,24,Shoes favored by master strategists.,foot_equip#479,名軍師が好んで着用する靴
foot_equip,0x08C86234,0x08C825AC,12,Rune Boots,foot_equip#480,ルーンブーツ
foot_equip,0x08C86238,0x08C825AC,12,Rune Boots,foot_equip#480,ルーンブーツ
foot_equip,0x08C8623C,0x08C825BC,28,Boots with mystical patterns lining the inside.,foot_equip#481,裏地に神秘文様を施したブーツ
foot_equip,0x08C86268,0x08C825DC,14,Saint Boots,foot_equip#482,セイントブーツ
foot_equip,0x08C8626C,0x08C825DC,14,Saint Boots,foot_equip#482,セイントブーツ
foot_equip,0x08C86270,0x08C825EC,24,Boots of a saint beloved by God.,foot_equip#483,神に愛されし聖人のブーツ
foot_equip,0x08C8629C,0x08C82608,16,Warlock Boots,foot_equip#484,ワーロックブーツ
foot_equip,0x08C862A0,0x08C82608,16,Warlock Boots,foot_equip#484,ワーロックブーツ
foot_equip,0x08C862A4,0x08C8261C,32,Boots worn by high-ranking warlocks.,foot_equip#485,上位のワーロックが着用するブーツ
foot_equip,0x08C862D0,0x08C82640,12,Heretic's Boots,foot_equip#486,異端者の長靴
foot_equip,0x08C862D4,0x08C82650,20,Heretic's Boots,foot_equip#487,イタンモノノナガグツ
foot_equip,0x08C862D8,0x08C82668,36,Boots of a spellcaster who strayed from orthodoxy onto the heretical path.,foot_equip#488,正道から外れ異端の道を行く術士の長靴
foot_equip,0x08C86304,0x08C82690,18,Flash Shoes,foot_equip#489,フラッシュシューズ
foot_equip,0x08C86308,0x08C82690,18,Flash Shoes,foot_equip#489,フラッシュシューズ
foot_equip,0x08C8630C,0x08C826A4,42,Cute shoes emitting an intense light-like aura.,foot_equip#490,光にも似た強烈なオーラを放つ可愛いシューズ
foot_equip,0x08C86338,0x08C826D0,14,Aiwass's Boots,foot_equip#491,エイワスの長靴
foot_equip,0x08C8633C,0x08C826E0,18,Aiwass's Boots,foot_equip#492,エイワスノナガグツ
foot_equip,0x08C86340,0x08C826F4,34,Boots that received vibrations from the cosmic entity Aiwass.,foot_equip#493,宇宙存在エイワスの波動を受けた長靴
foot_equip,0x08C8636C,0x08C82718,18,Kurayamatsumi's Boots,foot_equip#494,クラヤマツミの長靴
foot_equip,0x08C86370,0x08C8272C,22,Kurayamatsumi's Boots,foot_equip#495,クラヤマツミノナガグツ
foot_equip,0x08C86374,0x08C82744,40,"Boots blessed by Kurayamatsumi, hidden god of the East.",foot_equip#496,東方の秘神クラヤマツミの加護を受けた長靴
foot_equip,0x08C863A0,0x08C82770,14,Prophet's Greaves,foot_equip#497,預言者の脛当て
foot_equip,0x08C863A4,0x08C82780,20,Prophet's Greaves,foot_equip#498,ヨゲンシャノスネアテ
foot_equip,0x08C863A8,0x08C82798,28,Sacred greaves worn by a vessel of God.,foot_equip#499,神の依り代が纏う神聖な脛当て
foot_equip,0x08C863D4,0x08C827B8,12,Moon Boots,foot_equip#500,ムーンブーツ
foot_equip,0x08C863D8,0x08C827B8,12,Moon Boots,foot_equip#500,ムーンブーツ
foot_equip,0x08C863DC,0x08C827C8,34,Boots filled with lunar power ruling over the night sky.,foot_equip#501,夜空を支配する月の力で満ちたブーツ
foot_equip,0x08C86408,0x08C827EC,16,Sultan Sandals,foot_equip#502,スルタンサンダル
foot_equip,0x08C8640C,0x08C827EC,16,Sultan Sandals,foot_equip#502,スルタンサンダル
foot_equip,0x08C86410,0x08C82800,30,Sandals worn by kings of foreign lands.,foot_equip#503,異国の国王が身に着けるサンダル
foot_equip,0x08C8643C,0x08C82820,8,Kanpaku Shoes,foot_equip#504,関白の靴
foot_equip,0x08C86440,0x08C8282C,14,Kanpaku Shoes,foot_equip#505,カンパクノクツ
foot_equip,0x08C86444,0x08C8283C,32,Shoes worn by the highest-ranking nobles of the East.,foot_equip#506,東方で最も高位の貴族が着用する靴
foot_equip,0x08C86470,0x08C82860,22,Underboss Loafers,foot_equip#507,アンダーボスローファー
foot_equip,0x08C86474,0x08C82860,22,Underboss Loafers,foot_equip#507,アンダーボスローファー
foot_equip,0x08C86478,0x08C82878,34,Loafers worn by young mafia underbosses.,foot_equip#508,マフィアの若頭が着用するローファー
foot_equip,0x08C864A4,0x08C8289C,20,Platinum Half Boots,foot_equip#509,プラチナハーフブーツ
foot_equip,0x08C864A8,0x08C8289C,20,Platinum Half Boots,foot_equip#509,プラチナハーフブーツ
foot_equip,0x08C864AC,0x08C828B4,34,Boots adorned with platinum decorations.,foot_equip#510,プラチナの飾り付けが施されたブーツ
foot_equip,0x08C864D8,0x08C828D8,22,Necromancer Shoes,foot_equip#511,ネクロマンサーシューズ
foot_equip,0x08C864DC,0x08C828D8,22,Necromancer Shoes,foot_equip#511,ネクロマンサーシューズ
foot_equip,0x08C864E0,0x08C828F0,26,Shoes worn by necromancers.,foot_equip#512,死霊使いが着用するシューズ
foot_equip,0x08C8650C,0x08C8290C,14,Star Shoes,foot_equip#513,スターシューズ
foot_equip,0x08C86510,0x08C8290C,14,Star Shoes,foot_equip#513,スターシューズ
foot_equip,0x08C86514,0x08C8291C,30,Shoes protecting the wearer with celestial astral power.,foot_equip#514,天空の星の力で身を守るシューズ
foot_equip,0x08C86540,0x08C8293C,16,Legend Boots,foot_equip#515,レジェンドブーツ
foot_equip,0x08C86544,0x08C8293C,16,Legend Boots,foot_equip#515,レジェンドブーツ
foot_equip,0x08C86548,0x08C82950,44,Ancient boots revived in the modern era by legendary patternmakers.,foot_equip#516,伝説のパタンナーが現代に蘇らせた古代のブーツ
foot_equip,0x08C86574,0x08C82980,12,Progenitor Boots,foot_equip#517,始祖のブーツ
foot_equip,0x08C86578,0x08C82990,12,Progenitor Boots,foot_equip#518,シソノブーツ
foot_equip,0x08C8657C,0x08C829A0,24,Boots worn by the Immortal King.,foot_equip#519,不死の王が着用するブーツ
foot_equip,0x08C865A8,0x08C829BC,12,Warrior's Boots,foot_equip#520,戦士のブーツ
foot_equip,0x08C865AC,0x08C829CC,14,Warrior's Boots,foot_equip#521,センシノブーツ
foot_equip,0x08C865B0,0x08C829DC,40,Boots crafted exclusively for a recognized Descender Warrior.,foot_equip#522,ディセンダーと認められた戦士専用のブーツ
foot_equip,0x08C865DC,0x08C82A08,14,Swordsman's Greaves,foot_equip#523,剣士のグリーブ
foot_equip,0x08C865E0,0x08C82A18,16,Swordsman's Greaves,foot_equip#524,ケンシノグリーブ
foot_equip,0x08C865E4,0x08C82A2C,42,Greaves crafted exclusively for a recognized Descender Swordsman.,foot_equip#525,ディセンダーと認められた剣士専用のグリーブ
foot_equip,0x08C86610,0x08C82A58,16,Spellsword's Greaves,foot_equip#526,魔法剣士の脛当て
foot_equip,0x08C86614,0x08C82A6C,22,Spellsword's Greaves,foot_equip#527,マホウケンシノスネアテ
foot_equip,0x08C86618,0x08C82A84,44,Greaves crafted exclusively for a recognized Descender Spellsword.,foot_equip#528,ディセンダーと認められた魔法剣士専用の脛当て
foot_equip,0x08C86644,0x08C82AB4,10,Fighter's Shoes,foot_equip#529,拳闘士の靴
foot_equip,0x08C86648,0x08C82AC0,16,Fighter's Shoes,foot_equip#530,ケントウシノクツ
foot_equip,0x08C8664C,0x08C82AD4,38,Shoes crafted exclusively for a recognized Descender Fighter.,foot_equip#531,ディセンダーと認められた格闘家専用の靴
foot_equip,0x08C86678,0x08C82AFC,12,Hunter's Boots,foot_equip#532,狩人のブーツ
foot_equip,0x08C8667C,0x08C82B0C,18,Hunter's Boots,foot_equip#533,カリュウドノブーツ
foot_equip,0x08C86680,0x08C82B20,40,Boots crafted exclusively for a recognized Descender Hunter.,foot_equip#534,ディセンダーと認められた狩人専用のブーツ
foot_equip,0x08C866AC,0x08C82B4C,12,Thief's Boots,foot_equip#535,盗賊のブーツ
foot_equip,0x08C866B0,0x08C82B5C,16,Thief's Boots,foot_equip#536,トウゾクノブーツ
foot_equip,0x08C866B4,0x08C82B70,40,Boots crafted exclusively for a recognized Descender Thief.,foot_equip#537,ディセンダーと認められた盗賊専用のブーツ
foot_equip,0x08C866E0,0x08C82B9C,8,Shinobi Tabi,foot_equip#538,忍の足袋
foot_equip,0x08C866E4,0x08C82BA8,12,Shinobi Tabi,foot_equip#539,シノビノタビ
foot_equip,0x08C866E8,0x08C82BB8,38,Tabi crafted exclusively for a recognized Descender Ninja.,foot_equip#540,ディセンダーと認められた忍者専用の足袋
foot_equip,0x08C86714,0x08C82BE0,10,Mage's Shoes,foot_equip#541,魔術師の靴
foot_equip,0x08C86718,0x08C82BEC,16,Mage's Shoes,foot_equip#542,マジュツシノクツ
foot_equip,0x08C8671C,0x08C82C00,38,Shoes crafted exclusively for a recognized Descender Mage.,foot_equip#543,ディセンダーと認められた魔術師専用の靴
foot_equip,0x08C86748,0x08C82C28,10,Monk's Shoes,foot_equip#544,修道士の靴
foot_equip,0x08C8674C,0x08C82C34,18,Monk's Shoes,foot_equip#545,シュウドウシノクツ
foot_equip,0x08C86750,0x08C82C48,36,Shoes crafted exclusively for a recognized Descender Priest.,foot_equip#546,ディセンダーと認められた僧侶専用の靴
foot_equip,0x08C8677C,0x08C82C70,12,Bishop's Boots,foot_equip#547,司教のブーツ
foot_equip,0x08C86780,0x08C82C80,16,Bishop's Boots,foot_equip#548,シキョウノブーツ
foot_equip,0x08C86784,0x08C82C94,46,Boots crafted exclusively for a recognized Descender Bishop.,foot_equip#549,ディセンダーと認められたビショップ専用のブーツ
foot_equip,0x08C867B0,0x08C82CC4,16,Dual Blader's Greaves,foot_equip#550,二刀剣士の脛当て
foot_equip,0x08C867B4,0x08C82CD8,22,Dual Blader's Greaves,foot_equip#551,ニトウケンシノスネアテ
foot_equip,0x08C867B8,0x08C82CF0,42,Greaves crafted exclusively for a recognized Descender Twin Swordsman.,foot_equip#552,ディセンダーと認められた双剣士専用の脛当て
foot_equip,0x08C867E4,0x08C82D1C,14,Great Swordsman's Greaves,foot_equip#553,大剣士の脛当て
foot_equip,0x08C867E8,0x08C82D2C,20,Great Swordsman's Greaves,foot_equip#554,ダイケンシノスネアテ
foot_equip,0x08C867EC,0x08C82D44,42,Greaves crafted exclusively for a recognized Descender Great Swordsman.,foot_equip#555,ディセンダーと認められた大剣士専用の脛当て
foot_equip,0x08C86818,0x08C82D70,10,Associate Monk's Shoes,foot_equip#556,准拳士の靴
foot_equip,0x08C8681C,0x08C82D7C,18,Associate Monk's Shoes,foot_equip#557,ジュンケンシノクツ
foot_equip,0x08C86820,0x08C82D90,38,Shoes crafted exclusively for a recognized Descender Monk.,foot_equip#558,ディセンダーと認められたモンク専用の靴
foot_equip,0x08C8684C,0x08C82DB8,8,Pirate's Shoes,foot_equip#559,海賊の靴
foot_equip,0x08C86850,0x08C82DC4,14,Pirate's Shoes,foot_equip#560,カイゾクノクツ
foot_equip,0x08C86854,0x08C82DD4,36,Shoes crafted exclusively for a recognized Descender Pirate.,foot_equip#561,ディセンダーと認められた海賊専用の靴
foot_equip,0x08C86880,0x08C82DFC,16,Squire's Greaves,foot_equip#562,従士隊のグリーブ
foot_equip,0x08C86884,0x08C82E10,22,Squire's Greaves,foot_equip#563,ジュウシタイノグリーブ
foot_equip,0x08C86888,0x08C82E28,44,Greaves crafted exclusively for a recognized Descender Paladin.,foot_equip#564,ディセンダーと認められた聖騎士専用のグリーブ
foot_equip,0x08C868B4,0x08C82E58,14,Sniper's Boots,foot_equip#565,狙撃手のブーツ
foot_equip,0x08C868B8,0x08C82E68,18,Sniper's Boots,foot_equip#566,ソゲキシュノブーツ
foot_equip,0x08C868BC,0x08C82E7C,44,Boots crafted exclusively for a recognized Descender Gunman.,foot_equip#567,ディセンダーと認められたガンマン専用のブーツ
foot_equip,0x08C868E8,0x08C82EAC,12,Champion's Boots,foot_equip#568,闘士のブーツ
foot_equip,0x08C868EC,0x08C82EBC,14,Champion's Boots,foot_equip#569,トウシノブーツ
foot_equip,0x08C868F0,0x08C82ECC,42,Boots crafted exclusively for a Descender Warrior.,foot_equip#570,ディセンダーの為に作られた戦士専用のブーツ
foot_equip,0x08C8691C,0x08C82EF8,14,Knight's Greaves,foot_equip#571,騎士のグリーブ
foot_equip,0x08C86920,0x08C82F08,14,Knight's Greaves,foot_equip#572,キシノグリーブ
foot_equip,0x08C86924,0x08C82F18,44,Greaves crafted exclusively for a Descender Swordsman.,foot_equip#573,ディセンダーの為に作られた剣士専用のグリーブ
foot_equip,0x08C86950,0x08C82F48,16,Magic Knight's Greaves,foot_equip#574,魔法騎士の脛当て
foot_equip,0x08C86954,0x08C82F5C,20,Magic Knight's Greaves,foot_equip#575,マホウキシノスネアテ
foot_equip,0x08C86958,0x08C82F74,46,Greaves crafted exclusively for a Descender Spellsword.,foot_equip#576,ディセンダーの為に作られた魔法剣士専用の脛当て
foot_equip,0x08C86984,0x08C82FA4,10,Little Conqueror's Shoes,foot_equip#577,小覇王の靴
foot_equip,0x08C86988,0x08C82FB0,18,Little Conqueror's Shoes,foot_equip#578,ショウハオウノクツ
foot_equip,0x08C8698C,0x08C82FC4,40,Shoes crafted exclusively for a Descender Fighter.,foot_equip#579,ディセンダーの為に作られた格闘家専用の靴
foot_equip,0x08C869B8,0x08C82FF0,14,Master Archer's Boots,foot_equip#580,名射手のブーツ
foot_equip,0x08C869BC,0x08C83000,16,Master Archer's Boots,foot_equip#581,メイイテノブーツ
foot_equip,0x08C869C0,0x08C83014,42,Boots crafted exclusively for a Descender Hunter.,foot_equip#582,ディセンダーの為に作られた狩人専用のブーツ
foot_equip,0x08C869EC,0x08C83040,12,Chivalrous Thief's Boots,foot_equip#583,義賊のブーツ
foot_equip,0x08C869F0,0x08C83050,14,Chivalrous Thief's Boots,foot_equip#584,ギゾクノブーツ
foot_equip,0x08C869F4,0x08C83060,42,Boots crafted exclusively for a Descender Thief.,foot_equip#585,ディセンダーの為に作られた盗賊専用のブーツ
foot_equip,0x08C86A20,0x08C8308C,10,Chieftain's Tabi,foot_equip#586,頭領の足袋
foot_equip,0x08C86A24,0x08C83098,16,Chieftain's Tabi,foot_equip#587,トウリョウノタビ
foot_equip,0x08C86A28,0x08C830AC,40,Tabi crafted exclusively for a Descender Ninja.,foot_equip#588,ディセンダーの為に作られた忍者専用の足袋
foot_equip,0x08C86A54,0x08C830D8,10,Sorcerer's Shoes,foot_equip#589,魔導師の靴
foot_equip,0x08C86A58,0x08C830E4,14,Sorcerer's Shoes,foot_equip#590,マドウシノクツ
foot_equip,0x08C86A5C,0x08C830F4,40,Shoes crafted exclusively for a Descender Mage.,foot_equip#591,ディセンダーの為に作られた魔術師専用の靴
foot_equip,0x08C86A88,0x08C83120,8,Priest's Shoes,foot_equip#592,司祭の靴
foot_equip,0x08C86A8C,0x08C8312C,12,Priest's Shoes,foot_equip#593,シサイノクツ
foot_equip,0x08C86A90,0x08C8313C,38,Shoes crafted exclusively for a Descender Priest.,foot_equip#594,ディセンダーの為に作られた僧侶専用の靴
foot_equip,0x08C86ABC,0x08C83164,12,Pontiff's Boots,foot_equip#595,教皇のブーツ
foot_equip,0x08C86AC0,0x08C83174,18,Pontiff's Boots,foot_equip#596,キョウコウノブーツ
foot_equip,0x08C86AC4,0x08C83188,48,Boots crafted exclusively for a Descender Bishop.,foot_equip#597,ディセンダーの為に作られたビショップ専用のブーツ
foot_equip,0x08C86AF0,0x08C831BC,16,Niten Swordsman's Greaves,foot_equip#598,二天剣士の脛当て
foot_equip,0x08C86AF4,0x08C831D0,22,Niten Swordsman's Greaves,foot_equip#599,ニテンケンシノスネアテ
foot_equip,0x08C86AF8,0x08C831E8,44,Greaves crafted exclusively for a Descender Twin Swordsman.,foot_equip#600,ディセンダーの為に作られた双剣士専用の脛当て
foot_equip,0x08C86B24,0x08C83218,18,Executioner's Greaves,foot_equip#601,処刑執行人の脛当て
foot_equip,0x08C86B28,0x08C8322C,30,Executioner's Greaves,foot_equip#602,ショケイシッコウニンノスネアテ
foot_equip,0x08C86B2C,0x08C8324C,44,Greaves crafted exclusively for a Descender Great Swordsman.,foot_equip#603,ディセンダーの為に作られた大剣士専用の脛当て
foot_equip,0x08C86B58,0x08C8327C,10,Grandmaster's Shoes,foot_equip#604,大範士の靴
foot_equip,0x08C86B5C,0x08C83288,16,Grandmaster's Shoes,foot_equip#605,ダイハンシノクツ
foot_equip,0x08C86B60,0x08C8329C,40,Shoes crafted exclusively for a Descender Monk.,foot_equip#606,ディセンダーの為に作られたモンク専用の靴
foot_equip,0x08C86B8C,0x08C832C8,18,Viking Boots,foot_equip#607,ヴァイキングブーツ
foot_equip,0x08C86B90,0x08C832C8,18,Viking Boots,foot_equip#607,ヴァイキングブーツ
foot_equip,0x08C86B94,0x08C832DC,42,Boots crafted exclusively for a Descender Pirate.,foot_equip#608,ディセンダーの為に作られた海賊専用のブーツ
foot_equip,0x08C86BC0,0x08C83308,14,Sword Saint's Greaves,foot_equip#609,剣聖のグリーブ
foot_equip,0x08C86BC4,0x08C83318,18,Sword Saint's Greaves,foot_equip#610,ケンセイノグリーブ
foot_equip,0x08C86BC8,0x08C8332C,46,Greaves crafted exclusively for a Descender Paladin.,foot_equip#611,ディセンダーの為に作られた聖騎士専用のグリーブ
foot_equip,0x08C86BF4,0x08C8335C,18,Gun Master Boots,foot_equip#612,ガンマスターブーツ
foot_equip,0x08C86BF8,0x08C8335C,18,Gun Master Boots,foot_equip#612,ガンマスターブーツ
foot_equip,0x08C86BFC,0x08C83370,46,Boots crafted exclusively for a Descender Gunman.,foot_equip#613,ディセンダーの為に作られたガンマン専用のブーツ
foot_equip,0x08C86C28,0x08C833A0,14,Jet Boots,foot_equip#614,ジェットブーツ
foot_equip,0x08C86C2C,0x08C833A0,14,Jet Boots,foot_equip#614,ジェットブーツ
foot_equip,0x08C86C30,0x08C833B0,48,"Boots of the hero Gilgamesh, whose name lives on in the legend of Ishtar.",foot_equip#615,イシュタル伝説に名を残す勇者ギルガメシュのブーツ
foot_equip,0x08C86C5C,0x08C833E4,14,Persian Boots,foot_equip#616,ペルシアブーツ
foot_equip,0x08C86C60,0x08C833E4,14,Persian Boots,foot_equip#616,ペルシアブーツ
foot_equip,0x08C86C64,0x08C833F4,40,Legendary shoes crafted with techniques handed down in a foreign land.,foot_equip#617,異国に伝えられる製法で制作された伝説の靴
foot_equip,0x08C86C90,0x08C83420,14,Mikagura Tabi,foot_equip#618,ミカグラの足袋
foot_equip,0x08C86C94,0x08C83430,14,Mikagura Tabi,foot_equip#619,ミカグラノタビ
foot_equip,0x08C86C98,0x08C83440,38,Legendary tabi that allow the wearer to walk soundlessly.,foot_equip#620,履く事で音も無く歩けるという伝説の足袋
foot_equip,0x08C86CC4,0x08C83468,14,Elven Boots,foot_equip#621,エルヴンブーツ
foot_equip,0x08C86CC8,0x08C83468,14,Elven Boots,foot_equip#621,エルヴンブーツ
foot_equip,0x08C86CCC,0x08C83478,48,Legendary boots said to make the wearer feel weightless.,foot_equip#622,履くと身の重さを感じなくなるとされる伝説のブーツ
foot_equip,0x08C86CF8,0x08C834AC,14,Ring Boots A,foot_equip#623,リングブーツＡ
foot_equip,0x08C86CFC,0x08C834AC,14,Ring Boots A,foot_equip#623,リングブーツＡ
foot_equip,0x08C86D00,0x08C834BC,46,Match shoes brimming with fighting spirit. A chance to show off nimble footwork.,foot_equip#624,闘気みなぎる試合靴。軽快なフットワークの見せ所
foot_equip,0x08C86D34,0x08C834BC,46,Match shoes brimming with fighting spirit. A chance to show off nimble footwork.,foot_equip#624,闘気みなぎる試合靴。軽快なフットワークの見せ所
foot_equip,0x08C86D68,0x08C834BC,46,Match shoes brimming with fighting spirit. A chance to show off nimble footwork.,foot_equip#624,闘気みなぎる試合靴。軽快なフットワークの見せ所
foot_equip,0x08C86D9C,0x08C834BC,46,Match shoes brimming with fighting spirit. A chance to show off nimble footwork.,foot_equip#624,闘気みなぎる試合靴。軽快なフットワークの見せ所
foot_equip,0x08C86DD0,0x08C834BC,46,Match shoes brimming with fighting spirit. A chance to show off nimble footwork.,foot_equip#624,闘気みなぎる試合靴。軽快なフットワークの見せ所
foot_equip,0x08C86D2C,0x08C834EC,14,Ring Boots B,foot_equip#625,リングブーツＢ
foot_equip,0x08C86D30,0x08C834EC,14,Ring Boots B,foot_equip#625,リングブーツＢ
foot_equip,0x08C86D60,0x08C834FC,14,Ring Boots C,foot_equip#626,リングブーツＣ
foot_equip,0x08C86D64,0x08C834FC,14,Ring Boots C,foot_equip#626,リングブーツＣ
foot_equip,0x08C86D94,0x08C8350C,14,Ring Boots D,foot_equip#627,リングブーツＤ
foot_equip,0x08C86D98,0x08C8350C,14,Ring Boots D,foot_equip#627,リングブーツＤ
foot_equip,0x08C86DC8,0x08C8351C,14,Ring Boots E,foot_equip#628,リングブーツＥ
foot_equip,0x08C86DCC,0x08C8351C,14,Ring Boots E,foot_equip#628,リングブーツＥ
foot_equip,0x08C86DFC,0x08C8352C,16,Nekonin Boots A,foot_equip#629,ねこにんブーツＡ
foot_equip,0x08C86E00,0x08C83540,16,Nekonin Boots A,foot_equip#630,ネコニンブーツＡ
foot_equip,0x08C86E04,0x08C83554,32,Boots with very adorable paw pads (?).,foot_equip#631,とても肉球が愛らしい（？）ブーツ
foot_equip,0x08C86E38,0x08C83554,32,Boots with very adorable paw pads (?).,foot_equip#631,とても肉球が愛らしい（？）ブーツ
foot_equip,0x08C86E6C,0x08C83554,32,Boots with very adorable paw pads (?).,foot_equip#631,とても肉球が愛らしい（？）ブーツ
foot_equip,0x08C86EA0,0x08C83554,32,Boots with very adorable paw pads (?).,foot_equip#631,とても肉球が愛らしい（？）ブーツ
foot_equip,0x08C86ED4,0x08C83554,32,Boots with very adorable paw pads (?).,foot_equip#631,とても肉球が愛らしい（？）ブーツ
foot_equip,0x08C86E30,0x08C83578,16,Nekonin Boots B,foot_equip#632,ねこにんブーツＢ
foot_equip,0x08C86E34,0x08C8358C,16,Nekonin Boots B,foot_equip#633,ネコニンブーツＢ
foot_equip,0x08C86E64,0x08C835A0,16,Nekonin Boots C,foot_equip#634,ねこにんブーツＣ
foot_equip,0x08C86E68,0x08C835B4,16,Nekonin Boots C,foot_equip#635,ネコニンブーツＣ
foot_equip,0x08C86E98,0x08C835C8,16,Nekonin Boots D,foot_equip#636,ねこにんブーツＤ
foot_equip,0x08C86E9C,0x08C835DC,16,Nekonin Boots D,foot_equip#637,ネコニンブーツＤ
foot_equip,0x08C86ECC,0x08C835F0,16,Nekonin Boots E,foot_equip#638,ねこにんブーツＥ
foot_equip,0x08C86ED0,0x08C83604,16,Nekonin Boots E,foot_equip#639,ネコニンブーツＥ
foot_equip,0x08C86F00,0x08C83618,8,Sneakers A,foot_equip#640,運動靴Ａ
foot_equip,0x08C86F04,0x08C83624,14,Sneakers A,foot_equip#641,ウンドウグツＡ
foot_equip,0x08C86F08,0x08C83634,30,Official sneakers of the Van Eltia captain.,foot_equip#642,バンエルティア号船長公式運動靴
foot_equip,0x08C86F3C,0x08C83634,30,Official sneakers of the Van Eltia captain.,foot_equip#642,バンエルティア号船長公式運動靴
foot_equip,0x08C86F70,0x08C83634,30,Official sneakers of the Van Eltia captain.,foot_equip#642,バンエルティア号船長公式運動靴
foot_equip,0x08C86FA4,0x08C83634,30,Official sneakers of the Van Eltia captain.,foot_equip#642,バンエルティア号船長公式運動靴
foot_equip,0x08C86FD8,0x08C83634,30,Official sneakers of the Van Eltia captain.,foot_equip#642,バンエルティア号船長公式運動靴
foot_equip,0x08C86F34,0x08C83654,8,Sneakers B,foot_equip#643,運動靴Ｂ
foot_equip,0x08C86F38,0x08C83660,14,Sneakers B,foot_equip#644,ウンドウグツＢ
foot_equip,0x08C86F68,0x08C83670,8,Sneakers C,foot_equip#645,運動靴Ｃ
foot_equip,0x08C86F6C,0x08C8367C,14,Sneakers C,foot_equip#646,ウンドウグツＣ
foot_equip,0x08C86F9C,0x08C8368C,8,Sneakers D,foot_equip#647,運動靴Ｄ
foot_equip,0x08C86FA0,0x08C83698,14,Sneakers D,foot_equip#648,ウンドウグツＤ
foot_equip,0x08C86FD0,0x08C836A8,8,Sneakers E,foot_equip#649,運動靴Ｅ
foot_equip,0x08C86FD4,0x08C836B4,14,Sneakers E,foot_equip#650,ウンドウグツＥ
foot_equip,0x08C87004,0x08C836C4,16,White Socks,foot_equip#651,ホワイトソックス
foot_equip,0x08C87008,0x08C836C4,16,White Socks,foot_equip#651,ホワイトソックス
foot_equip,0x08C8700C,0x08C836D8,28,Official socks of the Van Eltia captain.,foot_equip#652,バンエルティア号船長公式靴下
foot_equip,0x08C87040,0x08C836D8,28,Official socks of the Van Eltia captain.,foot_equip#652,バンエルティア号船長公式靴下
foot_equip,0x08C87074,0x08C836D8,28,Official socks of the Van Eltia captain.,foot_equip#652,バンエルティア号船長公式靴下
foot_equip,0x08C870A8,0x08C836D8,28,Official socks of the Van Eltia captain.,foot_equip#652,バンエルティア号船長公式靴下
foot_equip,0x08C870DC,0x08C836D8,28,Official socks of the Van Eltia captain.,foot_equip#652,バンエルティア号船長公式靴下
foot_equip,0x08C87038,0x08C836F8,18,Stripe Socks,foot_equip#653,ストライプソックス
foot_equip,0x08C8703C,0x08C836F8,18,Stripe Socks,foot_equip#653,ストライプソックス
foot_equip,0x08C8706C,0x08C8370C,16,Orange Socks,foot_equip#654,オレンジソックス
foot_equip,0x08C87070,0x08C8370C,16,Orange Socks,foot_equip#654,オレンジソックス
foot_equip,0x08C870A0,0x08C83720,16,Green Socks,foot_equip#655,グリーンソックス
foot_equip,0x08C870A4,0x08C83720,16,Green Socks,foot_equip#655,グリーンソックス
foot_equip,0x08C870D4,0x08C83734,12,Polka-Dot Socks,foot_equip#656,水玉ソックス
foot_equip,0x08C870D8,0x08C83744,16,Polka-Dot Socks,foot_equip#657,ミズタマソックス
foot_equip,0x08C87108,0x08C83758,12,Cat Slippers,foot_equip#658,ねこすりっぱ
foot_equip,0x08C8710C,0x08C83768,12,Cat Slippers,foot_equip#659,ネコスリッパ
foot_equip,0x08C87110,0x08C83778,30,Slippers decorated in the shape of a cat.,foot_equip#660,ネコの姿があしらわれたスリッパ
foot_equip,0x08C8713C,0x08C83798,12,Dog Slippers,foot_equip#661,いぬすりっぱ
foot_equip,0x08C87140,0x08C837A8,12,Dog Slippers,foot_equip#662,イヌスリッパ
foot_equip,0x08C87144,0x08C837B8,30,Slippers decorated in the shape of a dog.,foot_equip#663,イヌの姿があしらわれたスリッパ
foot_equip,0x08C87170,0x08C837D8,12,Bear Slippers,foot_equip#664,くますりっぱ
foot_equip,0x08C87174,0x08C837E8,12,Bear Slippers,foot_equip#665,クマスリッパ
foot_equip,0x08C87178,0x08C837F8,34,Slippers decorated in the shape of a bear.,foot_equip#666,クマさんの姿があしらわれたスリッパ
foot_equip,0x08C871A4,0x08C8381C,14,Panda Slippers,foot_equip#667,ぱんだすりっぱ
foot_equip,0x08C871A8,0x08C8382C,14,Panda Slippers,foot_equip#668,パンダスリッパ
foot_equip,0x08C871AC,0x08C8383C,38,Slippers decorated in the shape of a panda.,foot_equip#669,パンダちゃんの姿があしらわれたスリッパ
foot_equip,0x08C871D8,0x08C83864,12,Rabbit Slippers,foot_equip#670,うさすりっぱ
foot_equip,0x08C871DC,0x08C83874,12,Rabbit Slippers,foot_equip#671,ウサスリッパ
foot_equip,0x08C871E0,0x08C83884,36,Slippers decorated in the shape of a rabbit.,foot_equip#672,ウサギさんの姿があしらわれたスリッパ
foot_equip,0x08C8720C,0x08C838AC,12,Santa Boots,foot_equip#673,サンタブーツ
foot_equip,0x08C87210,0x08C838AC,12,Santa Boots,foot_equip#673,サンタブーツ
foot_equip,0x08C87214,0x08C838BC,24,Red shoes that give dreams to children.,foot_equip#674,お子様に夢を与える赤い靴
foot_equip,0x08C87240,0x08C838D8,14,Maid Pumps,foot_equip#675,メイドパンプス
foot_equip,0x08C87244,0x08C838D8,14,Maid Pumps,foot_equip#675,メイドパンプス
foot_equip,0x08C87248,0x08C838E8,44,"In response to popular demand, can now be equipped by part!",foot_equip#676,皆様の要望にお応えして部位ごとに装備可能に！
foot_equip,0x08C87274,0x08C83918,16,Trial Boots,foot_equip#677,トライアルブーツ
foot_equip,0x08C87278,0x08C83918,16,Trial Boots,foot_equip#677,トライアルブーツ
foot_equip,0x08C8727C,0x08C8392C,26,General boots that protect the feet.,foot_equip#678,足を保護する一般的なブーツ
foot_equip,0x08C872A8,0x08C83948,22,Classic Leather Boots,foot_equip#679,クラシックレザーブーツ
foot_equip,0x08C872AC,0x08C83948,22,Classic Leather Boots,foot_equip#679,クラシックレザーブーツ
foot_equip,0x08C872B0,0x08C83960,30,General leather boots that protect the feet.,foot_equip#680,足を保護する一般的な皮のブーツ
foot_equip,0x08C872DC,0x08C83980,16,Maximum Value (Foot Equip),foot_equip#681,最大値（足装備）
foot_equip,0x08C881C0,0x08C87310,4,None,foot_equip#682,無し
foot_equip,0x08C93FB0,0x08C934C8,4,None,foot_equip#682,無し
foot_equip,0x08C88224,0x08C87318,8,Arche,foot_equip#683,アーチェ
foot_equip,0x08C8ECC8,0x08C87318,8,Arche,foot_equip#683,アーチェ
foot_equip,0x08C94C44,0x08C94228,8,Arche,foot_equip#683,アーチェ
foot_equip,0x08C88288,0x08C87324,8,Asbel,foot_equip#684,アスベル
foot_equip,0x08C8ED2C,0x08C87324,8,Asbel,foot_equip#684,アスベル
foot_equip,0x08C8ED90,0x08C87324,8,Asbel,foot_equip#684,アスベル
foot_equip,0x08C8EDF4,0x08C87324,8,Asbel,foot_equip#684,アスベル
foot_equip,0x08C953D0,0x08C94818,8,Asbel,foot_equip#684,アスベル
foot_equip,0x08C882EC,0x08C87330,8,Asch,foot_equip#685,アッシュ
foot_equip,0x08C8EE58,0x08C87330,8,Asch,foot_equip#685,アッシュ
foot_equip,0x08C8EEBC,0x08C87330,8,Asch,foot_equip#685,アッシュ
foot_equip,0x08C95184,0x08C94618,8,Asch,foot_equip#685,アッシュ
foot_equip,0x08C88350,0x08C8733C,6,Annie,foot_equip#686,アニー
foot_equip,0x08C8EF20,0x08C8733C,6,Annie,foot_equip#686,アニー
foot_equip,0x08C95018,0x08C944F0,6,Annie,foot_equip#686,アニー
foot_equip,0x08C883B4,0x08C87344,6,Anise,foot_equip#687,アニス
foot_equip,0x08C8EF84,0x08C87344,6,Anise,foot_equip#687,アニス
foot_equip,0x08C9514C,0x08C945E8,6,Anise,foot_equip#687,アニス
foot_equip,0x08C88418,0x08C8734C,8,Ange,foot_equip#688,アンジュ
foot_equip,0x08C8EFE8,0x08C8734C,8,Ange,foot_equip#688,アンジュ
foot_equip,0x08C95248,0x08C946AC,8,Ange,foot_equip#688,アンジュ
foot_equip,0x08C8847C,0x08C87358,6,Iria,foot_equip#689,イリア
foot_equip,0x08C8F04C,0x08C87358,6,Iria,foot_equip#689,イリア
foot_equip,0x08C95210,0x08C94680,6,Iria,foot_equip#689,イリア
foot_equip,0x08C884E0,0x08C87360,6,Van,foot_equip#690,ヴァン
foot_equip,0x08C8F0B0,0x08C87360,6,Van,foot_equip#690,ヴァン
foot_equip,0x08C8F114,0x08C87360,6,Van,foot_equip#690,ヴァン
foot_equip,0x08C951A0,0x08C94634,6,Van,foot_equip#690,ヴァン
foot_equip,0x08C88544,0x08C87368,12,Widdershin,foot_equip#691,ウィダーシン
foot_equip,0x08C8F178,0x08C87368,12,Widdershin,foot_equip#691,ウィダーシン
foot_equip,0x08C95600,0x08C9495C,12,Widdershin,foot_equip#691,ウィダーシン
foot_equip,0x08C885A8,0x08C87378,6,Will,foot_equip#692,ウィル
foot_equip,0x08C8F1DC,0x08C87378,6,Will,foot_equip#692,ウィル
foot_equip,0x08C9506C,0x08C94538,6,Will,foot_equip#692,ウィル
foot_equip,0x08C8860C,0x08C87380,8,Veigue,foot_equip#693,ヴェイグ
foot_equip,0x08C8F240,0x08C87380,8,Veigue,foot_equip#693,ヴェイグ
foot_equip,0x08C8F2A4,0x08C87380,8,Veigue,foot_equip#693,ヴェイグ
foot_equip,0x08C94F8C,0x08C9449C,8,Veigue,foot_equip#693,ヴェイグ
foot_equip,0x08C88670,0x08C8738C,10,Woodrow,foot_equip#694,ウッドロウ
foot_equip,0x08C8F308,0x08C8738C,10,Woodrow,foot_equip#694,ウッドロウ
foot_equip,0x08C94CEC,0x08C942AC,10,Woodrow,foot_equip#694,ウッドロウ
foot_equip,0x08C886D4,0x08C87398,8,Estelle,foot_equip#695,エステル
foot_equip,0x08C8F36C,0x08C87398,8,Estelle,foot_equip#695,エステル
foot_equip,0x08C8F3D0,0x08C87398,8,Estelle,foot_equip#695,エステル
foot_equip,0x08C9529C,0x08C946FC,8,Estelle,foot_equip#695,エステル
foot_equip,0x08C88738,0x08C873A4,6,Emil,foot_equip#696,エミル
foot_equip,0x08C8F434,0x08C873A4,6,Emil,foot_equip#696,エミル
foot_equip,0x08C8F498,0x08C873A4,6,Emil,foot_equip#696,エミル
foot_equip,0x08C95328,0x08C94788,6,Emil,foot_equip#696,エミル
foot_equip,0x08C8879C,0x08C873AC,4,Guy,foot_equip#697,ガイ
foot_equip,0x08C8F4FC,0x08C873AC,4,Guy,foot_equip#697,ガイ
foot_equip,0x08C95114,0x08C945C0,4,Guy,foot_equip#697,ガイ
foot_equip,0x08C88800,0x08C873B4,8,Caius,foot_equip#698,カイウス
foot_equip,0x08C8F560,0x08C873B4,8,Caius,foot_equip#698,カイウス
foot_equip,0x08C8F5C4,0x08C873B4,8,Caius,foot_equip#698,カイウス
foot_equip,0x08C951BC,0x08C9464C,8,Caius,foot_equip#698,カイウス
foot_equip,0x08C88864,0x08C873C0,6,Kyle,foot_equip#699,カイル
foot_equip,0x08C8F628,0x08C873C0,6,Kyle,foot_equip#699,カイル
foot_equip,0x08C8F68C,0x08C873C0,6,Kyle,foot_equip#699,カイル
foot_equip,0x08C94E04,0x08C94388,6,Kyle,foot_equip#699,カイル
foot_equip,0x08C888C8,0x08C873C8,12,P. Kanonno,foot_equip#700,Ｐ・カノンノ
foot_equip,0x08C8F6F0,0x08C873C8,12,P. Kanonno,foot_equip#700,Ｐ・カノンノ
foot_equip,0x08C8F754,0x08C873C8,12,P. Kanonno,foot_equip#700,Ｐ・カノンノ
foot_equip,0x08C9545C,0x08C94898,12,P. Kanonno,foot_equip#700,Ｐ・カノンノ
foot_equip,0x08C8892C,0x08C873D8,12,Kanonno E.,foot_equip#701,カノンノ・Ｅ
foot_equip,0x08C8F7B8,0x08C873D8,12,Kanonno E.,foot_equip#701,カノンノ・Ｅ
foot_equip,0x08C8F81C,0x08C873D8,12,Kanonno E.,foot_equip#701,カノンノ・Ｅ
foot_equip,0x08C95478,0x08C948C0,12,Kanonno E.,foot_equip#701,カノンノ・Ｅ
foot_equip,0x08C88990,0x08C873E8,8,Kanonno,foot_equip#702,カノンノ
foot_equip,0x08C8F880,0x08C873E8,8,Kanonno,foot_equip#702,カノンノ
foot_equip,0x08C8F8E4,0x08C873E8,8,Kanonno,foot_equip#702,カノンノ
foot_equip,0x08C8F948,0x08C873E8,8,Kanonno,foot_equip#702,カノンノ
foot_equip,0x08C95424,0x08C94864,8,Kanonno,foot_equip#702,カノンノ
foot_equip,0x08C889F4,0x08C873F4,6,Keele,foot_equip#703,キール
foot_equip,0x08C8F9AC,0x08C873F4,6,Keele,foot_equip#703,キール
foot_equip,0x08C94D94,0x08C9432C,6,Keele,foot_equip#703,キール
foot_equip,0x08C88A58,0x08C873FC,8,Kratos,foot_equip#704,クラトス
foot_equip,0x08C8FA10,0x08C873FC,8,Kratos,foot_equip#704,クラトス
foot_equip,0x08C8FA74,0x08C873FC,8,Kratos,foot_equip#704,クラトス
foot_equip,0x08C8FAD8,0x08C873FC,8,Kratos,foot_equip#704,クラトス
foot_equip,0x08C94F1C,0x08C94448,8,Kratos,foot_equip#704,クラトス
foot_equip,0x08C88ABC,0x08C87408,6,Cress,foot_equip#705,クレス
foot_equip,0x08C8FB3C,0x08C87408,6,Cress,foot_equip#705,クレス
foot_equip,0x08C8FBA0,0x08C87408,6,Cress,foot_equip#705,クレス
foot_equip,0x08C94BF0,0x08C941F0,6,Cress,foot_equip#705,クレス
foot_equip,0x08C88B20,0x08C87410,6,Chloe,foot_equip#706,クロエ
foot_equip,0x08C8FC04,0x08C87410,6,Chloe,foot_equip#706,クロエ
foot_equip,0x08C95088,0x08C9454C,6,Chloe,foot_equip#706,クロエ
foot_equip,0x08C88B84,0x08C87418,6,Goede,foot_equip#707,ゲーデ
foot_equip,0x08C8FCCC,0x08C87418,6,Goede,foot_equip#707,ゲーデ
foot_equip,0x08C9561C,0x08C9496C,6,Goede,foot_equip#707,ゲーデ
foot_equip,0x08C88BE8,0x08C87420,6,Kohaku,foot_equip#708,コハク
foot_equip,0x08C8FD30,0x08C87420,6,Kohaku,foot_equip#708,コハク
foot_equip,0x08C95398,0x08C947EC,6,Kohaku,foot_equip#708,コハク
foot_equip,0x08C88C4C,0x08C87428,8,Colette,foot_equip#709,コレット
foot_equip,0x08C8FD94,0x08C87428,8,Colette,foot_equip#709,コレット
foot_equip,0x08C94EC8,0x08C94408,8,Colette,foot_equip#709,コレット
foot_equip,0x08C88CB0,0x08C87434,10,Kongman,foot_equip#710,コングマン
foot_equip,0x08C8FDF8,0x08C87434,10,Kongman,foot_equip#710,コングマン
foot_equip,0x08C94D24,0x08C942D8,10,Kongman,foot_equip#710,コングマン
foot_equip,0x08C88D14,0x08C87440,4,Saleh,foot_equip#711,サレ
foot_equip,0x08C8FE5C,0x08C87440,4,Saleh,foot_equip#711,サレ
foot_equip,0x08C8FEC0,0x08C87440,4,Saleh,foot_equip#711,サレ
foot_equip,0x08C8FF24,0x08C87440,4,Saleh,foot_equip#711,サレ
foot_equip,0x08C8FF88,0x08C87440,4,Saleh,foot_equip#711,サレ
foot_equip,0x08C8FFEC,0x08C87440,4,Saleh,foot_equip#711,サレ
foot_equip,0x08C90050,0x08C87440,4,Saleh,foot_equip#711,サレ
foot_equip,0x08C954E8,0x08C94900,4,Saleh,foot_equip#711,サレ
foot_equip,0x08C88D78,0x08C87448,6,Sheena,foot_equip#712,しいな
foot_equip,0x08C900B4,0x08C87448,6,Sheena,foot_equip#712,しいな
foot_equip,0x08C94F38,0x08C9445C,6,Sheena,foot_equip#712,しいな
foot_equip,0x08C88DDC,0x08C87450,10,Genis,foot_equip#713,ジーニアス
foot_equip,0x08C90118,0x08C87450,10,Genis,foot_equip#713,ジーニアス
foot_equip,0x08C94EE4,0x08C94420,10,Genis,foot_equip#713,ジーニアス
foot_equip,0x08C88E40,0x08C8745C,6,Jay,foot_equip#714,ジェイ
foot_equip,0x08C9017C,0x08C8745C,6,Jay,foot_equip#714,ジェイ
foot_equip,0x08C950C0,0x08C94574,6,Jay,foot_equip#714,ジェイ
foot_equip,0x08C88EA4,0x08C87464,8,Jade,foot_equip#715,ジェイド
foot_equip,0x08C901E0,0x08C87464,8,Jade,foot_equip#715,ジェイド
foot_equip,0x08C95130,0x08C945D4,8,Jade,foot_equip#715,ジェイド
foot_equip,0x08C88F08,0x08C87470,8,Cheria,foot_equip#716,シェリア
foot_equip,0x08C90244,0x08C87470,8,Cheria,foot_equip#716,シェリア
foot_equip,0x08C902A8,0x08C87470,8,Cheria,foot_equip#716,シェリア
foot_equip,0x08C95408,0x08C94844,8,Cheria,foot_equip#716,シェリア
foot_equip,0x08C88F6C,0x08C8747C,10,Shirley,foot_equip#717,シャーリィ
foot_equip,0x08C9030C,0x08C8747C,10,Shirley,foot_equip#717,シャーリィ
foot_equip,0x08C95050,0x08C94520,10,Shirley,foot_equip#717,シャーリィ
foot_equip,0x08C88FD0,0x08C87488,10,Judas,foot_equip#718,ジューダス
foot_equip,0x08C90370,0x08C87488,10,Judas,foot_equip#718,ジューダス
foot_equip,0x08C903D4,0x08C87488,10,Judas,foot_equip#718,ジューダス
foot_equip,0x08C94E58,0x08C943BC,10,Judas,foot_equip#718,ジューダス
foot_equip,0x08C89034,0x08C87494,10,Judith,foot_equip#719,ジュディス
foot_equip,0x08C90438,0x08C87494,10,Judith,foot_equip#719,ジュディス
foot_equip,0x08C952B8,0x08C9471C,10,Judith,foot_equip#719,ジュディス
foot_equip,0x08C89098,0x08C874A0,6,Shing,foot_equip#720,シング
foot_equip,0x08C9049C,0x08C874A0,6,Shing,foot_equip#720,シング
foot_equip,0x08C90500,0x08C874A0,6,Shing,foot_equip#720,シング
foot_equip,0x08C9537C,0x08C947D8,6,Shing,foot_equip#720,シング
foot_equip,0x08C890FC,0x08C874A8,4,Suzu,foot_equip#721,すず
foot_equip,0x08C90564,0x08C874A8,4,Suzu,foot_equip#721,すず
foot_equip,0x08C94C60,0x08C94248,4,Suzu,foot_equip#721,すず
foot_equip,0x08C89160,0x08C874B0,6,Stahn,foot_equip#722,スタン
foot_equip,0x08C905C8,0x08C874B0,6,Stahn,foot_equip#722,スタン
foot_equip,0x08C9062C,0x08C874B0,6,Stahn,foot_equip#722,スタン
foot_equip,0x08C94C7C,0x08C94258,6,Stahn,foot_equip#722,スタン
foot_equip,0x08C891C4,0x08C874B8,8,Spada,foot_equip#723,スパーダ
foot_equip,0x08C90690,0x08C874B8,8,Spada,foot_equip#723,スパーダ
foot_equip,0x08C9522C,0x08C94694,8,Spada,foot_equip#723,スパーダ
foot_equip,0x08C89228,0x08C874C4,6,Senel,foot_equip#724,セネル
foot_equip,0x08C906F4,0x08C874C4,6,Senel,foot_equip#724,セネル
foot_equip,0x08C90758,0x08C874C4,6,Senel,foot_equip#724,セネル
foot_equip,0x08C95034,0x08C94504,6,Senel,foot_equip#724,セネル
foot_equip,0x08C8928C,0x08C874CC,10,Celsius,foot_equip#725,セルシウス
foot_equip,0x08C907BC,0x08C874CC,10,Celsius,foot_equip#725,セルシウス
foot_equip,0x08C94DE8,0x08C94370,10,Celsius,foot_equip#725,セルシウス
foot_equip,0x08C892F0,0x08C874D8,6,Zelos,foot_equip#726,ゼロス
foot_equip,0x08C90820,0x08C874D8,6,Zelos,foot_equip#726,ゼロス
foot_equip,0x08C94F54,0x08C94474,6,Zelos,foot_equip#726,ゼロス
foot_equip,0x08C89354,0x08C874E0,6,Sophie,foot_equip#727,ソフィ
foot_equip,0x08C90884,0x08C874E0,6,Sophie,foot_equip#727,ソフィ
foot_equip,0x08C953EC,0x08C9482C,6,Sophie,foot_equip#727,ソフィ
foot_equip,0x08C893B8,0x08C874E8,6,Dhaos,foot_equip#728,ダオス
foot_equip,0x08C908E8,0x08C874E8,6,Dhaos,foot_equip#728,ダオス
foot_equip,0x08C9094C,0x08C874E8,6,Dhaos,foot_equip#728,ダオス
foot_equip,0x08C909B0,0x08C874E8,6,Dhaos,foot_equip#728,ダオス
foot_equip,0x08C90A14,0x08C874E8,6,Dhaos,foot_equip#728,ダオス
foot_equip,0x08C95494,0x08C948DC,6,Dhaos,foot_equip#728,ダオス
foot_equip,0x08C8941C,0x08C874F0,10,Chester,foot_equip#729,チェスター
foot_equip,0x08C90A78,0x08C874F0,10,Chester,foot_equip#729,チェスター
foot_equip,0x08C94C28,0x08C94210,10,Chester,foot_equip#729,チェスター
foot_equip,0x08C89480,0x08C874FC,10,Chelsea,foot_equip#730,チェルシー
foot_equip,0x08C90ADC,0x08C874FC,10,Chelsea,foot_equip#730,チェルシー
foot_equip,0x08C94D08,0x08C942C0,10,Chelsea,foot_equip#730,チェルシー
foot_equip,0x08C894E4,0x08C87508,8,Chat,foot_equip#731,チャット
foot_equip,0x08C90B40,0x08C87508,8,Chat,foot_equip#731,チャット
foot_equip,0x08C94DCC,0x08C94358,8,Chat,foot_equip#731,チャット
foot_equip,0x08C89548,0x08C87514,6,Tear,foot_equip#732,ティア
foot_equip,0x08C90BA4,0x08C87514,6,Tear,foot_equip#732,ティア
foot_equip,0x08C950F8,0x08C945A8,6,Tear,foot_equip#732,ティア
foot_equip,0x08C895AC,0x08C8751C,10,Tytree,foot_equip#733,ティトレイ
foot_equip,0x08C90C08,0x08C8751C,10,Tytree,foot_equip#733,ティトレイ
foot_equip,0x08C94FFC,0x08C944D4,10,Tytree,foot_equip#733,ティトレイ
foot_equip,0x08C89610,0x08C87528,8,Natalia,foot_equip#734,ナタリア
foot_equip,0x08C90C6C,0x08C87528,8,Natalia,foot_equip#734,ナタリア
foot_equip,0x08C95168,0x08C94604,8,Natalia,foot_equip#734,ナタリア
foot_equip,0x08C89674,0x08C87534,8,Nanaly,foot_equip#735,ナナリー
foot_equip,0x08C90CD0,0x08C87534,8,Nanaly,foot_equip#735,ナナリー
foot_equip,0x08C94E74,0x08C943D4,8,Nanaly,foot_equip#735,ナナリー
foot_equip,0x08C896D8,0x08C87540,6,Norma,foot_equip#736,ノーマ
foot_equip,0x08C90D34,0x08C87540,6,Norma,foot_equip#736,ノーマ
foot_equip,0x08C950A4,0x08C94560,6,Norma,foot_equip#736,ノーマ
foot_equip,0x08C8973C,0x08C87548,10,Barbatos,foot_equip#737,バルバトス
foot_equip,0x08C90D98,0x08C87548,10,Barbatos,foot_equip#737,バルバトス
foot_equip,0x08C90DFC,0x08C87548,10,Barbatos,foot_equip#737,バルバトス
foot_equip,0x08C90E60,0x08C87548,10,Barbatos,foot_equip#737,バルバトス
foot_equip,0x08C90EC4,0x08C87548,10,Barbatos,foot_equip#737,バルバトス
foot_equip,0x08C90F28,0x08C87548,10,Barbatos,foot_equip#737,バルバトス
foot_equip,0x08C954B0,0x08C948E4,10,Barbatos,foot_equip#737,バルバトス
foot_equip,0x08C897A0,0x08C87554,8,Harold,foot_equip#738,ハロルド
foot_equip,0x08C90F8C,0x08C87554,8,Harold,foot_equip#738,ハロルド
foot_equip,0x08C94E90,0x08C943E8,8,Harold,foot_equip#738,ハロルド
foot_equip,0x08C89804,0x08C87560,6,Hisui,foot_equip#739,ヒスイ
foot_equip,0x08C90FF0,0x08C87560,6,Hisui,foot_equip#739,ヒスイ
foot_equip,0x08C953B4,0x08C94800,6,Hisui,foot_equip#739,ヒスイ
foot_equip,0x08C89868,0x08C87568,6,Farah,foot_equip#740,ファラ
foot_equip,0x08C91054,0x08C87568,6,Farah,foot_equip#740,ファラ
foot_equip,0x08C94D78,0x08C94318,6,Farah,foot_equip#740,ファラ
foot_equip,0x08C898CC,0x08C87570,8,Philia,foot_equip#741,フィリア
foot_equip,0x08C910B8,0x08C87570,8,Philia,foot_equip#741,フィリア
foot_equip,0x08C94CB4,0x08C94288,8,Philia,foot_equip#741,フィリア
foot_equip,0x08C89930,0x08C8757C,8,Presea,foot_equip#742,プレセア
foot_equip,0x08C9111C,0x08C8757C,8,Presea,foot_equip#742,プレセア
foot_equip,0x08C94F70,0x08C94484,8,Presea,foot_equip#742,プレセア
foot_equip,0x08C89994,0x08C87588,6,Flynn,foot_equip#743,フレン
foot_equip,0x08C91180,0x08C87588,6,Flynn,foot_equip#743,フレン
foot_equip,0x08C911E4,0x08C87588,6,Flynn,foot_equip#743,フレン
foot_equip,0x08C91248,0x08C87588,6,Flynn,foot_equip#743,フレン
foot_equip,0x08C9530C,0x08C94774,6,Flynn,foot_equip#743,フレン
foot_equip,0x08C899F8,0x08C87590,4,Mao,foot_equip#744,マオ
foot_equip,0x08C912AC,0x08C87590,4,Mao,foot_equip#744,マオ
foot_equip,0x08C94FE0,0x08C944C4,4,Mao,foot_equip#744,マオ
foot_equip,0x08C89A5C,0x08C87598,6,Marta,foot_equip#745,マルタ
foot_equip,0x08C91310,0x08C87598,6,Marta,foot_equip#745,マルタ
foot_equip,0x08C95344,0x08C9479C,6,Marta,foot_equip#745,マルタ
foot_equip,0x08C89AC0,0x08C875A0,6,Mimmy,foot_equip#746,ミミー
foot_equip,0x08C91374,0x08C875A0,6,Mimmy,foot_equip#746,ミミー
foot_equip,0x08C913D8,0x08C875A0,6,Mimmy,foot_equip#746,ミミー
foot_equip,0x08C95504,0x08C94908,6,Mimmy,foot_equip#746,ミミー
foot_equip,0x08C89B24,0x08C875A8,6,Mint,foot_equip#747,ミント
foot_equip,0x08C9143C,0x08C875A8,6,Mint,foot_equip#747,ミント
foot_equip,0x08C94C0C,0x08C94200,6,Mint,foot_equip#747,ミント
foot_equip,0x08C89B88,0x08C875B0,8,Meredy,foot_equip#748,メルディ
foot_equip,0x08C914A0,0x08C875B0,8,Meredy,foot_equip#748,メルディ
foot_equip,0x08C94DB0,0x08C9433C,8,Meredy,foot_equip#748,メルディ
foot_equip,0x08C89BEC,0x08C875BC,6,Mormo,foot_equip#749,モルモ
foot_equip,0x08C91504,0x08C875BC,6,Mormo,foot_equip#749,モルモ
foot_equip,0x08C95638,0x08C94974,6,Mormo,foot_equip#749,モルモ
foot_equip,0x08C89C50,0x08C875C4,10,Eugene,foot_equip#750,ユージーン
foot_equip,0x08C91568,0x08C875C4,10,Eugene,foot_equip#750,ユージーン
foot_equip,0x08C94FC4,0x08C944B0,10,Eugene,foot_equip#750,ユージーン
foot_equip,0x08C89CB4,0x08C875D0,6,Yuri,foot_equip#751,ユーリ
foot_equip,0x08C915CC,0x08C875D0,6,Yuri,foot_equip#751,ユーリ
foot_equip,0x08C91630,0x08C875D0,6,Yuri,foot_equip#751,ユーリ
foot_equip,0x08C91694,0x08C875D0,6,Yuri,foot_equip#751,ユーリ
foot_equip,0x08C916F8,0x08C875D0,6,Yuri,foot_equip#751,ユーリ
foot_equip,0x08C95280,0x08C946E8,6,Yuri,foot_equip#751,ユーリ
foot_equip,0x08C89D18,0x08C875D8,12,Yggdrasill,foot_equip#752,ユグドラシル
foot_equip,0x08C9175C,0x08C875D8,12,Yggdrasill,foot_equip#752,ユグドラシル
foot_equip,0x08C917C0,0x08C875D8,12,Yggdrasill,foot_equip#752,ユグドラシル
foot_equip,0x08C91824,0x08C875D8,12,Yggdrasill,foot_equip#752,ユグドラシル
foot_equip,0x08C91888,0x08C875D8,12,Yggdrasill,foot_equip#752,ユグドラシル
foot_equip,0x08C918EC,0x08C875D8,12,Yggdrasill,foot_equip#752,ユグドラシル
foot_equip,0x08C954CC,0x08C948F0,12,Yggdrasill,foot_equip#752,ユグドラシル
foot_equip,0x08C89D7C,0x08C875E8,6,Reala,foot_equip#753,リアラ
foot_equip,0x08C91950,0x08C875E8,6,Reala,foot_equip#753,リアラ
foot_equip,0x08C94E20,0x08C9439C,6,Reala,foot_equip#753,リアラ
foot_equip,0x08C89DE0,0x08C875F0,6,Leon,foot_equip#754,リオン
foot_equip,0x08C919B4,0x08C875F0,6,Leon,foot_equip#754,リオン
foot_equip,0x08C91A18,0x08C875F0,6,Leon,foot_equip#754,リオン
foot_equip,0x08C91AE0,0x08C875F0,6,Leon,foot_equip#754,リオン
foot_equip,0x08C91B44,0x08C875F0,6,Leon,foot_equip#754,リオン
foot_equip,0x08C94CD0,0x08C94294,6,Leon,foot_equip#754,リオン
foot_equip,0x08C89E44,0x08C875F8,8,Ricardo,foot_equip#755,リカルド
foot_equip,0x08C91BA8,0x08C875F8,8,Ricardo,foot_equip#755,リカルド
foot_equip,0x08C95264,0x08C946C8,8,Ricardo,foot_equip#755,リカルド
foot_equip,0x08C89EA8,0x08C87604,4,Rita,foot_equip#756,リタ
foot_equip,0x08C91C0C,0x08C87604,4,Rita,foot_equip#756,リタ
foot_equip,0x08C91C70,0x08C87604,4,Rita,foot_equip#756,リタ
foot_equip,0x08C952D4,0x08C9473C,4,Rita,foot_equip#756,リタ
foot_equip,0x08C89F0C,0x08C8760C,6,Reid,foot_equip#757,リッド
foot_equip,0x08C91CD4,0x08C8760C,6,Reid,foot_equip#757,リッド
foot_equip,0x08C91D38,0x08C8760C,6,Reid,foot_equip#757,リッド
foot_equip,0x08C94D5C,0x08C94308,6,Reid,foot_equip#757,リッド
foot_equip,0x08C89F70,0x08C87614,8,Richter,foot_equip#758,リヒター
foot_equip,0x08C91D9C,0x08C87614,8,Richter,foot_equip#758,リヒター
foot_equip,0x08C91E00,0x08C87614,8,Richter,foot_equip#758,リヒター
foot_equip,0x08C95360,0x08C947BC,8,Richter,foot_equip#758,リヒター
foot_equip,0x08C89FD4,0x08C87620,8,Raine,foot_equip#759,リフィル
foot_equip,0x08C91E64,0x08C87620,8,Raine,foot_equip#759,リフィル
foot_equip,0x08C94F00,0x08C94434,8,Raine,foot_equip#759,リフィル
foot_equip,0x08C8A038,0x08C8762C,6,Lilith,foot_equip#760,リリス
foot_equip,0x08C91EC8,0x08C8762C,6,Lilith,foot_equip#760,リリス
foot_equip,0x08C94D40,0x08C942F4,6,Lilith,foot_equip#760,リリス
foot_equip,0x08C8A09C,0x08C87634,6,Luke,foot_equip#761,ルーク
foot_equip,0x08C91F2C,0x08C87634,6,Luke,foot_equip#761,ルーク
foot_equip,0x08C91F90,0x08C87634,6,Luke,foot_equip#761,ルーク
foot_equip,0x08C91FF4,0x08C87634,6,Luke,foot_equip#761,ルーク
foot_equip,0x08C950DC,0x08C94590,6,Luke,foot_equip#761,ルーク
foot_equip,0x08C8A100,0x08C8763C,8,Rutee,foot_equip#762,ルーティ
foot_equip,0x08C92058,0x08C8763C,8,Rutee,foot_equip#762,ルーティ
foot_equip,0x08C94C98,0x08C94270,8,Rutee,foot_equip#762,ルーティ
foot_equip,0x08C8A164,0x08C87648,4,Ruca,foot_equip#763,ルカ
foot_equip,0x08C920BC,0x08C87648,4,Ruca,foot_equip#763,ルカ
foot_equip,0x08C92120,0x08C87648,4,Ruca,foot_equip#763,ルカ
foot_equip,0x08C951F4,0x08C9466C,4,Ruca,foot_equip#763,ルカ
foot_equip,0x08C8A1C8,0x08C87650,6,Rubia,foot_equip#764,ルビア
foot_equip,0x08C92184,0x08C87650,6,Rubia,foot_equip#764,ルビア
foot_equip,0x08C951D8,0x08C94664,6,Rubia,foot_equip#764,ルビア
foot_equip,0x08C8A22C,0x08C87658,8,Raven,foot_equip#765,レイヴン
foot_equip,0x08C921E8,0x08C87658,8,Raven,foot_equip#765,レイヴン
foot_equip,0x08C952F0,0x08C94750,8,Raven,foot_equip#765,レイヴン
foot_equip,0x08C8A290,0x08C87664,6,Lloyd,foot_equip#766,ロイド
foot_equip,0x08C9224C,0x08C87664,6,Lloyd,foot_equip#766,ロイド
foot_equip,0x08C922B0,0x08C87664,6,Lloyd,foot_equip#766,ロイド
foot_equip,0x08C94EAC,0x08C94400,6,Lloyd,foot_equip#766,ロイド
foot_equip,0x08C8A2F4,0x08C8766C,4,Loni,foot_equip#767,ロニ
foot_equip,0x08C92314,0x08C8766C,4,Loni,foot_equip#767,ロニ
foot_equip,0x08C94E3C,0x08C943AC,4,Loni,foot_equip#767,ロニ
foot_equip,0x08C8A358,0x08C87674,8,Male: Warrior,foot_equip#768,男：戦士
foot_equip,0x08C8A3BC,0x08C87680,8,Female: Warrior,foot_equip#769,女：戦士
foot_equip,0x08C8A420,0x08C8768C,8,Male: Swordsman,foot_equip#770,男：剣士
foot_equip,0x08C8A484,0x08C87698,8,Female: Swordsman,foot_equip#771,女：剣士
foot_equip,0x08C8A4E8,0x08C876A4,12,Male: Spellsword,foot_equip#772,男：魔法剣士
foot_equip,0x08C8A54C,0x08C876B4,12,Female: Spellsword,foot_equip#773,女：魔法剣士
foot_equip,0x08C8A5B0,0x08C876C4,10,Male: Fighter,foot_equip#774,男：格闘家
foot_equip,0x08C8A614,0x08C876D0,10,Female: Fighter,foot_equip#775,女：格闘家
foot_equip,0x08C8A678,0x08C876DC,8,Male: Hunter,foot_equip#776,男：狩人
foot_equip,0x08C8A6DC,0x08C876E8,8,Female: Hunter,foot_equip#777,女：狩人
foot_equip,0x08C8A740,0x08C876F4,8,Male: Thief,foot_equip#778,男：盗賊
foot_equip,0x08C8A7A4,0x08C87700,8,Female: Thief,foot_equip#779,女：盗賊
foot_equip,0x08C8A808,0x08C8770C,8,Male: Ninja,foot_equip#780,男：忍者
foot_equip,0x08C8A86C,0x08C87718,8,Female: Ninja,foot_equip#781,女：忍者
foot_equip,0x08C8A8D0,0x08C87724,10,Male: Mage,foot_equip#782,男：魔術師
foot_equip,0x08C8A934,0x08C87730,10,Female: Mage,foot_equip#783,女：魔術師
foot_equip,0x08C8A998,0x08C8773C,8,Male: Priest,foot_equip#784,男：僧侶
foot_equip,0x08C8A9FC,0x08C87748,8,Female: Priest,foot_equip#785,女：僧侶
foot_equip,0x08C8AA60,0x08C87754,14,Male: Bishop,foot_equip#786,男：ビショップ
foot_equip,0x08C8AAC4,0x08C87764,14,Female: Bishop,foot_equip#787,女：ビショップ
foot_equip,0x08C8AB28,0x08C87774,10,Male: Twin Swordsman,foot_equip#788,男：双剣士
foot_equip,0x08C8AB8C,0x08C87780,10,Female: Twin Swordsman,foot_equip#789,女：双剣士
foot_equip,0x08C8ABF0,0x08C8778C,10,Male: Great Swordsman,foot_equip#790,男：大剣士
foot_equip,0x08C8AC54,0x08C87798,10,Female: Great Swordsman,foot_equip#791,女：大剣士
foot_equip,0x08C8ACB8,0x08C877A4,10,Male: Monk,foot_equip#792,男：モンク
foot_equip,0x08C8AD1C,0x08C877B0,10,Female: Monk,foot_equip#793,女：モンク
foot_equip,0x08C8AD80,0x08C877BC,14,Male: Pirate,foot_equip#794,男：パイレーツ
foot_equip,0x08C8ADE4,0x08C877CC,14,Female: Pirate,foot_equip#795,女：パイレーツ
foot_equip,0x08C8AE48,0x08C877DC,10,Male: Paladin,foot_equip#796,男：聖騎士
foot_equip,0x08C8AEAC,0x08C877E8,10,Female: Paladin,foot_equip#797,女：聖騎士
foot_equip,0x08C8AF10,0x08C877F4,12,Male: Gunman,foot_equip#798,男：ガンマン
foot_equip,0x08C8AF74,0x08C87804,12,Female: Gunman,foot_equip#799,女：ガンマン
foot_equip,0x08C8AFD8,0x08C87814,8,Gecko-Gecko,foot_equip#800,ゲコゲコ
foot_equip,0x08C8B03C,0x08C87820,8,Red Gecko,foot_equip#801,レドゲコ
foot_equip,0x08C8B0A0,0x08C8782C,14,Rage-Quake Red Gecko,foot_equip#802,憤震のレドゲコ
foot_equip,0x08C8B104,0x08C8783C,8,Gel Gecko,foot_equip#803,ゲルゲコ
foot_equip,0x08C8B168,0x08C8783C,8,Gel Gecko,foot_equip#803,ゲルゲコ
foot_equip,0x08C8B1CC,0x08C87848,8,Polwiggle,foot_equip#804,オタオタ
foot_equip,0x08C8B230,0x08C87854,8,Dekaota,foot_equip#805,デカオタ
foot_equip,0x08C8B294,0x08C87860,8,Otablue,foot_equip#806,オタブル
foot_equip,0x08C8B2F8,0x08C8786C,8,Otared,foot_equip#807,オタレド
foot_equip,0x08C8B35C,0x08C87878,16,Charge Tortoise,foot_equip#808,チャージトータス
foot_equip,0x08C8B3C0,0x08C8788C,14,Storm Tortoise,foot_equip#809,ストムトータス
foot_equip,0x08C8B424,0x08C8789C,14,Tyrant Tortoise,foot_equip#810,タイラントタス
foot_equip,0x08C8B488,0x08C878AC,8,Necont,foot_equip#811,ネコント
foot_equip,0x08C8B4EC,0x08C878B8,14,Wave-Cleaving Sharkin,foot_equip#812,斬波シャーキン
foot_equip,0x08C8B550,0x08C878C8,10,Sharkin,foot_equip#813,シャーキン
foot_equip,0x08C8B5B4,0x08C878D4,8,Wont,foot_equip#814,ウオント
foot_equip,0x08C8B618,0x08C878E0,12,Dekawont,foot_equip#815,デカウオント
foot_equip,0x08C8B67C,0x08C878F0,18,Ancient Liger,foot_equip#816,エンシェントライガ
foot_equip,0x08C8B6E0,0x08C87904,12,Dekarabias,foot_equip#817,デカラビアス
foot_equip,0x08C8B744,0x08C87914,16,Ankylo Bllup,foot_equip#818,アンキュラブルプ
foot_equip,0x08C8B7A8,0x08C87928,8,Mimic,foot_equip#819,ミミック
foot_equip,0x08C8B80C,0x08C87934,6,Bllup,foot_equip#820,ブルプ
foot_equip,0x08C8B870,0x08C8793C,14,Caverex,foot_equip#821,ケイブレックス
foot_equip,0x08C8B8D4,0x08C8793C,14,Caverex,foot_equip#821,ケイブレックス
foot_equip,0x08C8B938,0x08C8794C,14,Tyranpion,foot_equip#822,ティランピオン
foot_equip,0x08C8B99C,0x08C8795C,10,Uniceros,foot_equip#823,ユニセロス
foot_equip,0x08C8BA00,0x08C8795C,10,Uniceros,foot_equip#823,ユニセロス
foot_equip,0x08C8BA64,0x08C87968,14,Fear Bronc,foot_equip#824,フィアブロンク
foot_equip,0x08C8BAC8,0x08C87968,14,Fear Bronc,foot_equip#824,フィアブロンク
foot_equip,0x08C8BB2C,0x08C87978,14,Coryntis,foot_equip#825,コリュンティス
foot_equip,0x08C8BB90,0x08C87988,16,Cyanolantis,foot_equip#826,キアノランティス
foot_equip,0x08C8BBF4,0x08C8799C,14,Geopsitis,foot_equip#827,ゲオプシティス
foot_equip,0x08C8BC58,0x08C879AC,10,Basilisk,foot_equip#828,バジリスク
foot_equip,0x08C8BCBC,0x08C879B8,12,Salamander,foot_equip#829,サラマンダー
foot_equip,0x08C8BD20,0x08C879C8,16,Purgatory Salamander,foot_equip#830,煉獄サラマンダー
foot_equip,0x08C8BD84,0x08C879DC,14,Ice Lizard,foot_equip#831,アイスリザード
foot_equip,0x08C8BDE8,0x08C879EC,14,Sand Fang,foot_equip#832,サンドファング
foot_equip,0x08C8BE4C,0x08C879FC,18,Moonlight Sand Fang,foot_equip#833,月光サンドファング
foot_equip,0x08C8BEB0,0x08C87A10,12,Death Seeker,foot_equip#834,デスシーカー
foot_equip,0x08C8BF14,0x08C87A20,6,Wolf,foot_equip#835,ウルフ
foot_equip,0x08C8BF78,0x08C87A28,12,Smaragdi,foot_equip#836,スマラグディ
foot_equip,0x08C8BFDC,0x08C87A38,12,Garm Wolf,foot_equip#837,ガルムウルフ
foot_equip,0x08C8C040,0x08C87A48,12,Ice Wolf,foot_equip#838,アイスウルフ
foot_equip,0x08C8C0A4,0x08C87A58,12,Night Raid,foot_equip#839,ナイトレイド
foot_equip,0x08C8C108,0x08C87A68,14,Axe Beak,foot_equip#840,アックスビーク
foot_equip,0x08C8C16C,0x08C87A78,16,Hatchet Beak,foot_equip#841,ハチェットビーク
foot_equip,0x08C8C1D0,0x08C87A8C,14,Grosbelva,foot_equip#842,グロスベルヴァ
foot_equip,0x08C8C234,0x08C87A9C,12,Grellhorn,foot_equip#843,グレルホルン
foot_equip,0x08C8C298,0x08C87AAC,12,Sainossus,foot_equip#844,サイノッサス
foot_equip,0x08C8C2FC,0x08C87ABC,10,Zabargad,foot_equip#845,ザバルガド
foot_equip,0x08C8C360,0x08C87AC8,12,Armored Boar,foot_equip#846,アマードボア
foot_equip,0x08C8C3C4,0x08C87AD8,12,Elenossus,foot_equip#847,エレノッサス
foot_equip,0x08C8C428,0x08C87AE8,14,Stone Golem,foot_equip#848,ストーンゴレム
foot_equip,0x08C8C48C,0x08C87AF8,12,Kahraman,foot_equip#849,カフラマーン
foot_equip,0x08C8C4F0,0x08C87B08,14,Lava Golem,foot_equip#850,ラーヴァゴレム
foot_equip,0x08C8C554,0x08C87B18,10,Wood Golem,foot_equip#851,ウドゴレム
foot_equip,0x08C8C5B8,0x08C87B24,8,Crabs,foot_equip#852,クラブス
foot_equip,0x08C8C61C,0x08C87B30,16,Negative Scissor,foot_equip#853,ネガティブシザー
foot_equip,0x08C8C680,0x08C87B44,14,Balmung Crab,foot_equip#854,バルムンクラブ
foot_equip,0x08C8C6E4,0x08C87B54,12,Doraku Crab,foot_equip#855,ドウラクラブ
foot_equip,0x08C8C748,0x08C87B64,18,Bubble Balmung Crab,foot_equip#856,泡沫バルムンクラブ
foot_equip,0x08C8C7AC,0x08C87B78,14,Dread Crab,foot_equip#857,ドレッドクラブ
foot_equip,0x08C8C810,0x08C87B88,10,Killer Bee,foot_equip#858,キラービー
foot_equip,0x08C8C874,0x08C87B94,8,Death Bee,foot_equip#859,デスビー
foot_equip,0x08C8C8D8,0x08C87BA0,14,Death Bee Knight,foot_equip#860,デスビーナイツ
foot_equip,0x08C8C93C,0x08C87BA0,14,Death Bee Knight,foot_equip#860,デスビーナイツ
foot_equip,0x08C8C9A0,0x08C87BB0,16,Poltergeist,foot_equip#861,ポルターガイスト
foot_equip,0x08C8CA04,0x08C87BC4,16,Shadowgeist,foot_equip#862,シャドウガイスト
foot_equip,0x08C8CA68,0x08C87BD8,10,Rap-On,foot_equip#863,ラップオン
foot_equip,0x08C8CACC,0x08C87BE4,12,Sand Worm,foot_equip#864,サンドワーム
foot_equip,0x08C8CB30,0x08C87BF4,12,Rock Worm,foot_equip#865,ロックワーム
foot_equip,0x08C8CB94,0x08C87C04,14,Leviathan,foot_equip#866,リヴァイアサン
foot_equip,0x08C8CBF8,0x08C87C14,10,Gargoyle,foot_equip#867,ガーゴイル
foot_equip,0x08C8CC5C,0x08C87C20,16,Stone Shisa,foot_equip#868,ストーンシーサー
foot_equip,0x08C8CCC0,0x08C87C34,10,Miragoyle,foot_equip#869,ミラゴイル
foot_equip,0x08C8CD24,0x08C87C40,16,Shisa Chest,foot_equip#870,シーサーチェスト
foot_equip,0x08C8CD88,0x08C87C54,10,Pedestal,foot_equip#871,ペデスタル
foot_equip,0x08C8CDEC,0x08C87C60,12,Dresstable,foot_equip#872,ドレステブル
foot_equip,0x08C8CE50,0x08C87C70,16,Sting Roper,foot_equip#873,スティンローパー
foot_equip,0x08C8CEB4,0x08C87C84,14,Red Roper,foot_equip#874,レッドローパー
foot_equip,0x08C8CF18,0x08C87C94,16,Green Roper,foot_equip#875,グリーンローパー
foot_equip,0x08C8CF7C,0x08C87CA8,18,Medusa Roper,foot_equip#876,メデューサローパー
foot_equip,0x08C8CFE0,0x08C87CBC,10,Fossil,foot_equip#877,フォッシル
foot_equip,0x08C8D044,0x08C87CC8,12,Grylockle,foot_equip#878,グリロックル
foot_equip,0x08C8D0A8,0x08C87CD8,8,Lockle,foot_equip#879,ロックル
foot_equip,0x08C8D10C,0x08C87CE4,12,Rainineil,foot_equip#880,ライニネール
foot_equip,0x08C8D170,0x08C87CF4,6,Bat,foot_equip#881,バット
foot_equip,0x08C8D1D4,0x08C87CFC,14,Flame Bat,foot_equip#882,フレイムバット
foot_equip,0x08C8D238,0x08C87D0C,16,Water Bat,foot_equip#883,ウォーターバット
foot_equip,0x08C8D29C,0x08C87D20,14,Wind Bat,foot_equip#884,ウインドバット
foot_equip,0x08C8D300,0x08C87D30,12,Ice Bat,foot_equip#885,アイスバット
foot_equip,0x08C8D364,0x08C87D40,14,Poison Bat,foot_equip#886,ポイズンバット
foot_equip,0x08C8D3C8,0x08C87D50,8,Garuda,foot_equip#887,ガルーダ
foot_equip,0x08C8D42C,0x08C87D5C,12,Grass Ruda,foot_equip#888,グラスルーダ
foot_equip,0x08C8D490,0x08C87D6C,12,Night Owl,foot_equip#889,ナイトオウル
foot_equip,0x08C8D4F4,0x08C87D7C,12,Wood Ruda,foot_equip#890,ウッドルーダ
foot_equip,0x08C8D558,0x08C87D8C,12,Chirp-Chirp,foot_equip#891,チュンチュン
foot_equip,0x08C8D5BC,0x08C87D9C,8,Swoosh-Swoosh,foot_equip#892,ザーザー
foot_equip,0x08C8D620,0x08C87DA8,8,Roar-Roar,foot_equip#893,ボーボー
foot_equip,0x08C8D684,0x08C87DB4,10,Wyvern,foot_equip#894,ワイバーン
foot_equip,0x08C8D6E8,0x08C87DB4,10,Wyvern,foot_equip#894,ワイバーン
foot_equip,0x08C8D74C,0x08C87DC0,8,Drake,foot_equip#895,ドレイク
foot_equip,0x08C8D7B0,0x08C87DCC,12,Granatis,foot_equip#896,グラナティス
foot_equip,0x08C8D814,0x08C87DDC,6,Copan,foot_equip#897,コパン
foot_equip,0x08C8D878,0x08C87DDC,6,Copan,foot_equip#897,コパン
foot_equip,0x08C8D8DC,0x08C87DE4,10,Dekacopan,foot_equip#898,デカコパン
foot_equip,0x08C8D940,0x08C87DF0,8,Uriboar,foot_equip#899,ウリボア
foot_equip,0x08C8D9A4,0x08C87DFC,10,Chupan,foot_equip#900,チューパン
foot_equip,0x08C8DA08,0x08C87DFC,10,Chupan,foot_equip#900,チューパン
foot_equip,0x08C8DA6C,0x08C87E08,8,Low Boar,foot_equip#901,ローボア
foot_equip,0x08C8DAD0,0x08C87E14,8,Decapan,foot_equip#902,デカパン
foot_equip,0x08C8DB34,0x08C87E14,8,Decapan,foot_equip#902,デカパン
foot_equip,0x08C8DB98,0x08C87E20,12,Mini Decapan,foot_equip#903,ミニデカパン
foot_equip,0x08C8DBFC,0x08C87E30,8,Boo Boar,foot_equip#904,ブーボア
foot_equip,0x08C8DC60,0x08C87E3C,10,Xaphan,foot_equip#905,グザファン
foot_equip,0x08C8DCC4,0x08C87E48,8,Yeti,foot_equip#906,イエティ
foot_equip,0x08C8DD28,0x08C87E54,8,Behemoth,foot_equip#907,ベヒモス
foot_equip,0x08C8DD8C,0x08C87E60,14,Jabberwock,foot_equip#908,ジャバウォック
foot_equip,0x08C8DDF0,0x08C87E70,6,Zombie,foot_equip#909,ゾンビ
foot_equip,0x08C8DE54,0x08C87E78,6,Wight,foot_equip#910,ワイト
foot_equip,0x08C8DEB8,0x08C87E80,10,Returner,foot_equip#911,リターナー
foot_equip,0x08C8DF1C,0x08C87E8C,6,Ghoul,foot_equip#912,グール
foot_equip,0x08C8DF80,0x08C87E94,10,Skeleton,foot_equip#913,スケルトン
foot_equip,0x08C8DFE4,0x08C87EA0,16,Temple Battler,foot_equip#914,テンプルバトラー
foot_equip,0x08C8E048,0x08C87EB4,14,Temple Guard,foot_equip#915,テンプルガード
foot_equip,0x08C8E0AC,0x08C87EC4,18,Skeleton Warrior,foot_equip#916,スケルトンウォリア
foot_equip,0x08C8E110,0x08C87ED8,12,Mandragora,foot_equip#917,マンドラゴラ
foot_equip,0x08C8E174,0x08C87EE8,10,Dryad,foot_equip#918,ドライアド
foot_equip,0x08C8E1D8,0x08C87EF4,12,Rafflesian,foot_equip#919,ラフレシアン
foot_equip,0x08C8E23C,0x08C87F04,10,Cactus,foot_equip#920,カクトゥス
foot_equip,0x08C8E2A0,0x08C87F10,16,Strange Night Cactus,foot_equip#921,奇夜のカクトゥス
foot_equip,0x08C8E304,0x08C87F24,12,Mandrotent,foot_equip#922,マンドロテン
foot_equip,0x08C8E368,0x08C87F34,8,Treant,foot_equip#923,トレント
foot_equip,0x08C8E3CC,0x08C87F40,10,Blossom,foot_equip#924,ブラッサム
foot_equip,0x08C8E430,0x08C87F4C,14,Snow Treant,foot_equip#925,スノウトレント
foot_equip,0x08C8E494,0x08C87F5C,8,Petit Puri,foot_equip#926,プチプリ
foot_equip,0x08C8E4F8,0x08C87F68,8,Deka Puri,foot_equip#927,デカプリ
foot_equip,0x08C8E55C,0x08C87F74,18,Negative Plant,foot_equip#928,ネガティブプラント
foot_equip,0x08C8E5C0,0x08C87F88,8,Hilaris,foot_equip#929,ヒラリス
foot_equip,0x08C8E624,0x08C87F94,10,Muscipula,foot_equip#930,ムスシプラ
foot_equip,0x08C8E688,0x08C87FA0,12,Heterodoxa,foot_equip#931,ヘテロドクサ
foot_equip,0x08C8E6EC,0x08C87FB0,18,Fire Spirits,foot_equip#932,ファイアスピリッツ
foot_equip,0x08C8E750,0x08C87FC4,16,Ice Spirits,foot_equip#933,アイススピリッツ
foot_equip,0x08C8E7B4,0x08C87FD8,18,Wind Spirits,foot_equip#934,ウィンドスピリッツ
foot_equip,0x08C8E818,0x08C87FEC,18,Breeze Spirits,foot_equip#935,ブリーズスピリッツ
foot_equip,0x08C8E87C,0x08C88000,10,Dawn Attendant A,foot_equip#936,暁の従者Ａ
foot_equip,0x08C8E8E0,0x08C8800C,10,Dawn Attendant B,foot_equip#937,暁の従者Ｂ
foot_equip,0x08C8E944,0x08C88018,14,Zirdish Solda,foot_equip#938,ジルディソルダ
foot_equip,0x08C8E9A8,0x08C88028,18,Zirdish Cavalier,foot_equip#939,ジルディキャバリエ
foot_equip,0x08C8EA0C,0x08C8803C,16,Zirdish Shaman,foot_equip#940,ジルディシャマン
foot_equip,0x08C8EA70,0x08C88050,18,Zirdish Charge,foot_equip#941,ジルディシャルジュ
foot_equip,0x08C8EAD4,0x08C88064,18,Zirdish Varie,foot_equip#942,ジルディシュバリエ
foot_equip,0x08C8EB38,0x08C88078,16,Zirdish Sorcier,foot_equip#943,ジルディソルシエ
foot_equip,0x08C8EB9C,0x08C8808C,8,Lazaris,foot_equip#944,ラザリス
foot_equip,0x08C95654,0x08C9497C,8,Lazaris,foot_equip#944,ラザリス
foot_equip,0x08C95670,0x08C9497C,8,Lazaris,foot_equip#944,ラザリス
foot_equip,0x08C8EC00,0x08C88098,14,Chaos Lazaris,foot_equip#945,カオスラザリス
foot_equip,0x08C8EC64,0x08C880A8,12,Lazaris Cadre,foot_equip#946,ラザリス幹官
foot_equip,0x08C92378,0x08C880C0,12,R Warrior,foot_equip#947,Ｒウォーリア
foot_equip,0x08C923DC,0x08C880C0,12,R Warrior,foot_equip#947,Ｒウォーリア
foot_equip,0x08C92440,0x08C880D0,12,R Fencer,foot_equip#948,Ｒフェンサー
foot_equip,0x08C924A4,0x08C880D0,12,R Fencer,foot_equip#948,Ｒフェンサー
foot_equip,0x08C92508,0x08C880E0,20,R Magic Fencer,foot_equip#949,Ｒマジックフェンサー
foot_equip,0x08C9256C,0x08C880E0,20,R Magic Fencer,foot_equip#949,Ｒマジックフェンサー
foot_equip,0x08C925D0,0x08C880F8,14,R Grappler,foot_equip#950,Ｒグラップラー
foot_equip,0x08C92634,0x08C880F8,14,R Grappler,foot_equip#950,Ｒグラップラー
foot_equip,0x08C92698,0x08C88108,12,R Archer,foot_equip#951,Ｒアーチャー
foot_equip,0x08C926FC,0x08C88108,12,R Archer,foot_equip#951,Ｒアーチャー
foot_equip,0x08C92760,0x08C88118,8,R Thief,foot_equip#952,Ｒシーフ
foot_equip,0x08C927C4,0x08C88118,8,R Thief,foot_equip#952,Ｒシーフ
foot_equip,0x08C92828,0x08C88124,10,R Ninja,foot_equip#953,Ｒニンジャ
foot_equip,0x08C9288C,0x08C88124,10,R Ninja,foot_equip#953,Ｒニンジャ
foot_equip,0x08C928F0,0x08C88130,12,R Wizard,foot_equip#954,Ｒウィザード
foot_equip,0x08C92954,0x08C88130,12,R Wizard,foot_equip#954,Ｒウィザード
foot_equip,0x08C929B8,0x08C88140,10,R Healer,foot_equip#955,Ｒヒーラー
foot_equip,0x08C92A1C,0x08C88140,10,R Healer,foot_equip#955,Ｒヒーラー
foot_equip,0x08C92A80,0x08C8814C,12,R Bishop,foot_equip#956,Ｒビショップ
foot_equip,0x08C92AE4,0x08C8814C,12,R Bishop,foot_equip#956,Ｒビショップ
foot_equip,0x08C92B48,0x08C8815C,20,R Dual Fencer,foot_equip#957,Ｒデュアルフェンサー
foot_equip,0x08C92BAC,0x08C8815C,20,R Dual Fencer,foot_equip#957,Ｒデュアルフェンサー
foot_equip,0x08C92C10,0x08C88174,18,R Large Fencer,foot_equip#958,Ｒラージフェンサー
foot_equip,0x08C92C74,0x08C88174,18,R Large Fencer,foot_equip#958,Ｒラージフェンサー
foot_equip,0x08C92CD8,0x08C88188,8,R Monk,foot_equip#959,Ｒモンク
foot_equip,0x08C92D3C,0x08C88188,8,R Monk,foot_equip#959,Ｒモンク
foot_equip,0x08C92DA0,0x08C88194,12,R Pirate,foot_equip#960,Ｒパイレーツ
foot_equip,0x08C92E04,0x08C88194,12,R Pirate,foot_equip#960,Ｒパイレーツ
foot_equip,0x08C92E68,0x08C881A4,12,R Paladin,foot_equip#961,Ｒパラディン
foot_equip,0x08C92ECC,0x08C881A4,12,R Paladin,foot_equip#961,Ｒパラディン
foot_equip,0x08C92F30,0x08C881B4,10,R Gunman,foot_equip#962,Ｒガンマン
foot_equip,0x08C92F94,0x08C881B4,10,R Gunman,foot_equip#962,Ｒガンマン
foot_equip,0x08C93FB4,0x08C934D0,22,Invalid priority action.,foot_equip#968,存在しない優先行動です
foot_equip,0x08C93FBC,0x08C934E8,14,Go All Out with Artes,foot_equip#969,術を盛大に使え
foot_equip,0x08C93FC0,0x08C934F8,44,Prioritize fighting with a focus on high-power artes.,foot_equip#970,威力の高い術に比重をおいた戦闘を優先して行う
foot_equip,0x08C93FC8,0x08C93528,14,Fight with Artes,foot_equip#971,術を使って闘え
foot_equip,0x08C93FCC,0x08C93538,52,Prioritize fighting with a focus on moderate-power artes.,foot_equip#972,中程度の威力の術までに比重をおいた戦闘を優先して行う
foot_equip,0x08C93FD4,0x08C93570,12,Use Weak Artes,foot_equip#973,弱い術を使え
foot_equip,0x08C93FD8,0x08C93580,40,Prioritize fighting while keeping to lower-power artes.,foot_equip#974,弱めの威力の術に抑えた戦闘を優先して行う
foot_equip,0x08C93FE0,0x08C935AC,14,Attack Rearguard,foot_equip#975,後衛を攻撃しろ
foot_equip,0x08C93FE4,0x08C935BC,30,Prioritize attacking enemies far away.,foot_equip#976,遠くにいる敵を優先して攻撃する
foot_equip,0x08C93FEC,0x08C935DC,12,Use Mystic Artes,foot_equip#977,秘奥義を使え
foot_equip,0x08C93FF0,0x08C935EC,36,Execute Mystic Artes during Over Limit.,foot_equip#978,オーバーリミッツ中に秘奥義を実行する
foot_equip,0x08C93FF8,0x08C93614,18,Use Mystic Artes Freely,foot_equip#979,自由に秘奥義を使え
foot_equip,0x08C93FFC,0x08C93628,40,Execute Over Limit and Mystic Artes freely.,foot_equip#980,オーバーリミッツと秘奥義を自由に実行する
foot_equip,0x08C94004,0x08C93654,14,Interrupt Chanting,foot_equip#981,詠唱を阻止しろ
foot_equip,0x08C94008,0x08C93664,44,Attack enemies while chanting to interrupt them.,foot_equip#982,詠唱中の敵を攻撃し、詠唱を阻止すべく行動する
foot_equip,0x08C94010,0x08C93694,12,Target Same Enemy,foot_equip#983,同じ敵を狙え
foot_equip,0x08C94014,0x08C936A4,46,Prioritize attacking the same enemy the PC is targeting.,foot_equip#984,PCがターゲットしている同じ敵を優先して攻撃する
foot_equip,0x08C9401C,0x08C936D4,12,Target Different Enemy,foot_equip#985,違う敵を狙え
foot_equip,0x08C94020,0x08C936E4,40,Attack enemies other than the one the PC is targeting.,foot_equip#986,PCがターゲットしている以外の敵を攻撃する
foot_equip,0x08C94028,0x08C93710,12,Tighten Defense,foot_equip#987,守りを固めろ
foot_equip,0x08C9402C,0x08C93720,22,Prioritize defensive actions.,foot_equip#988,防御行動を優先して行う
foot_equip,0x08C94034,0x08C93738,14,Prioritize Evasion,foot_equip#989,回避行動を優先
foot_equip,0x08C94038,0x08C93748,22,Prioritize evasive actions.,foot_equip#990,回避行動を優先して行う
foot_equip,0x08C94040,0x08C93760,14,Act Passively,foot_equip#991,消極的な行動で
foot_equip,0x08C94044,0x08C93770,46,Refrain from attacking and prioritize actions like defending and evading.,foot_equip#992,攻撃を控え、防御や回避などの行動を優先的に行う
foot_equip,0x08C9404C,0x08C937A0,16,Stand By When Weak,foot_equip#993,弱ったときは待機
foot_equip,0x08C94050,0x08C937B4,46,Prioritize restraining attacks when HP is low.,foot_equip#994,HPが少ない時には攻撃を抑えた行動を優先して行う
foot_equip,0x08C94058,0x08C937E4,12,Keep Away from Enemy,foot_equip#995,敵から離れろ
foot_equip,0x08C9405C,0x08C937F4,48,Prioritize keeping distance from the targeted enemy.,foot_equip#996,ターゲット中の敵から距離を開ける事を優先して行う
foot_equip,0x08C94064,0x08C93828,14,Revive Allies,foot_equip#997,味方を蘇生しろ
foot_equip,0x08C94068,0x08C93838,36,Revive fallen allies using artes or skills.,foot_equip#998,戦闘不能状態の仲間を術や技で蘇生する
foot_equip,0x08C94070,0x08C93860,14,Slightly Recover HP,foot_equip#999,HPを小回復しろ
foot_equip,0x08C94074,0x08C93870,34,Recover using low-tier healing artes or skills.,foot_equip#1000,小回復の術や技を使用して回復を行う
foot_equip,0x08C9407C,0x08C93894,14,Moderately Recover HP,foot_equip#1001,HPを中回復しろ
foot_equip,0x08C94080,0x08C938A4,34,Recover using mid-tier healing artes or skills.,foot_equip#1002,中回復の術や技を使用して回復を行う
foot_equip,0x08C94088,0x08C938C8,14,Greatly Recover HP,foot_equip#1003,HPを大回復しろ
foot_equip,0x08C9408C,0x08C938D8,34,Recover using high-tier healing artes or skills.,foot_equip#1004,大回復の術や技を使用して回復を行う
foot_equip,0x08C94094,0x08C938FC,18,Prioritize Status Recovery,foot_equip#1005,状態回復を優先しろ
foot_equip,0x08C94098,0x08C93910,38,Treat allies with status ailments or stat changes using artes.,foot_equip#1006,状態異常や状態変化の仲間を術で治療する
foot_equip,0x08C940A0,0x08C93938,14,Self-Heal HP,foot_equip#1007,HP回復は自力で
foot_equip,0x08C940A4,0x08C93948,63,"If possessing artes or skills dedicated to self-healing,\nuse them to heal self.",foot_equip#1008,自己回復専用の術や技を所有していれば\nそれを用いて自己を回復する
foot_equip,0x08C940AC,0x08C93988,16,Use Apple Gummy,foot_equip#1009,アップルグミ使え
foot_equip,0x08C940B0,0x08C9399C,38,Recover an ally's HP using an Apple Gummy.,foot_equip#1010,アップルグミを使って仲間のHPを回復する
foot_equip,0x08C940B8,0x08C939C4,16,Use Orange Gummy,foot_equip#1011,オレンジグミ使え
foot_equip,0x08C940BC,0x08C939D8,40,Recover an ally's TP using an Orange Gummy.,foot_equip#1012,オレンジグミを使って、仲間のTPを回復する
foot_equip,0x08C940C4,0x08C93A04,14,Use Lemon Gummy,foot_equip#1013,レモングミ使え
foot_equip,0x08C940C8,0x08C93A14,38,Recover an ally's HP using a Lemon Gummy.,foot_equip#1014,レモングミを使って、仲間のHPを回復する
foot_equip,0x08C940D0,0x08C93A3C,16,Use Life Bottle,foot_equip#1015,ライフボトル使え
foot_equip,0x08C940D4,0x08C93A50,48,Revive a fallen ally using a Life Bottle.,foot_equip#1016,ライフボトルを使って戦闘不能状態の仲間を蘇生する
foot_equip,0x08C940DC,0x08C93A84,12,Analyze Enemy,foot_equip#1017,敵を分析しろ
foot_equip,0x08C940E0,0x08C93A94,61,Analyze unanalyzed enemies using Spectacles\nor Inspect Eye.,foot_equip#1018,未分析の敵をスペクタクルズや\nインスペクトアイを用いて分析する
foot_equip,0x08C940E8,0x08C93AD4,16,Use Healing Items,foot_equip#1019,回復アイテム使え
foot_equip,0x08C940EC,0x08C93AE8,65,"Use all recovery items to perform\n""Recover"", ""Cure"", and ""Revive"" actions.",foot_equip#1020,すべての回復アイテムを用いて\n『回復』『治療』『蘇生』の行動を行う
foot_equip,0x08C940F4,0x08C93B2C,14,Use Pine Gummy,foot_equip#1021,パイングミ使え
foot_equip,0x08C940F8,0x08C93B3C,38,Recover an ally's TP using a Pine Gummy.,foot_equip#1022,パイングミを使って、仲間のTPを回復する
foot_equip,0x08C94100,0x08C93B64,16,Use Mix Gummy,foot_equip#1023,ミックスグミ使え
foot_equip,0x08C94104,0x08C93B78,44,Recover an ally's HP and TP using a Mix Gummy.,foot_equip#1024,ミックスグミを使って、仲間のTPとHPを回復する
foot_equip,0x08C9410C,0x08C93BA8,16,Use Miracle Gummy,foot_equip#1025,ミラクルグミ使え
foot_equip,0x08C94110,0x08C93BBC,44,Recover an ally's HP and TP using a Miracle Gummy.,foot_equip#1026,ミラクルグミを使って、仲間のTPとHPを回復する
foot_equip,0x08C94118,0x08C93BEC,22,Cure Ailments with Bottle,foot_equip#1027,ボトルで状態異常を回復
foot_equip,0x08C9411C,0x08C93C04,34,Use items capable of treating status ailments.,foot_equip#1028,状態異常の治療可能なアイテムを使う
foot_equip,0x08C94124,0x08C93C28,22,Cure Changes with Bottle,foot_equip#1029,ボトルで状態変化を回復
foot_equip,0x08C94128,0x08C93C40,34,Use items capable of treating stat changes.,foot_equip#1030,状態変化の治療可能なアイテムを使う
foot_equip,0x08C94130,0x08C93C64,12,Recover with Bottle,foot_equip#1031,ボトルで回復
foot_equip,0x08C94134,0x08C93C74,58,"Use items capable of treating status ailments, stat changes, and incapacitation.",foot_equip#1032,状態異常、状態変化、戦闘不能状態を治療可能なアイテムを使う
foot_equip,0x08C9413C,0x08C93CB0,14,Recover Party HP with Medicine,foot_equip#1033,薬で全員HP回復
foot_equip,0x08C94140,0x08C93CC0,32,Use medicine capable of recovering all allies' HP.,foot_equip#1034,仲間全員のHPを回復可能な薬を使う
foot_equip,0x08C94148,0x08C93CE4,14,Recover Party TP with Medicine,foot_equip#1035,薬で全員TP回復
foot_equip,0x08C9414C,0x08C93CF4,32,Use medicine capable of recovering all allies' TP.,foot_equip#1036,仲間全員のTPを回復可能な薬を使う
foot_equip,0x08C94154,0x08C93D18,14,Steal Items,foot_equip#1037,アイテムを奪え
foot_equip,0x08C94158,0x08C93D28,79,"If possessing a skill capable of stealing,\nsteal items from enemies not yet stolen from in battle.",foot_equip#1038,盗む事のできる技を所有している場合に\n１戦闘中に盗んでいない敵からアイテムを盗む
foot_equip,0x08C94160,0x08C93D78,8,Stand By,foot_equip#1039,待機しろ
foot_equip,0x08C94164,0x08C93D84,42,Stop attacking and perform standby actions like defending and evading.,foot_equip#1040,攻撃を止め、防御や回避などの待機行動を行う
foot_equip,0x08C9416C,0x08C93DB0,10,Steal Gald,foot_equip#1041,お金を奪え
foot_equip,0x08C94170,0x08C93DBC,48,Use Search Gald to steal and gather Gald.,foot_equip#1042,サーチガルドを使って、お金を奪う、拾う行動を行う
foot_equip,0x08C94178,0x08C93DF0,20,Aggressively Use Support Artes,foot_equip#1043,補助術を積極的に使え
foot_equip,0x08C9417C,0x08C93E08,39, Aggressively use support artes regardless of enemy strength.,foot_equip#1044, 敵の強さに関係無く積極的に補助術を使う
foot_equip,0x08C94184,0x08C93E30,18,Moderately Use Support Artes,foot_equip#1045,補助術を適度に使え
foot_equip,0x08C94188,0x08C93E44,37, Moderately use support artes regardless of enemy strength.,foot_equip#1046, 敵の強さに関係無く適度に補助術を使う
foot_equip,0x08C94190,0x08C93E6C,22,Use Over Limit,foot_equip#1047,オーバーリミッツを使え
foot_equip,0x08C94194,0x08C93E84,50,Enter Over Limit when the Over Limit Gauge is full.,foot_equip#1048,リミッツゲージが満了時にオーバーリミッツ状態になる
foot_equip,0x08C9419C,0x08C93EB8,10,Fight with All Your Might,foot_equip#1049,全力で闘え
foot_equip,0x08C941A0,0x08C93EC4,30,"Fight with all your might, using TP without limit.",foot_equip#1050,ＴＰを際限無く使って全力で闘う
foot_equip,0x08C941A8,0x08C93EE4,14,Fight Moderately,foot_equip#1051,ほどほどに闘え
foot_equip,0x08C941AC,0x08C93EF4,42,"Fight with moderate attack frequency, restraining TP consumption.",foot_equip#1052,攻撃頻度をほどほどにＴＰの使用を抑えて闘う
foot_equip,0x08C941B4,0x08C93F20,14,Go Easy on the Enemy,foot_equip#1053,手加減して闘え
foot_equip,0x08C941B8,0x08C93F30,42,Fight while significantly reducing attack frequency and saving TP.,foot_equip#1054,攻撃頻度をかなり控えＴＰの使用を抑えて闘う
foot_equip,0x08C941C0,0x08C93F5C,14,Fight Without Using Skills,foot_equip#1055,技は使わず闘え
foot_equip,0x08C941C4,0x08C93F6C,48,Fight primarily with normal attacks without using many skills.,foot_equip#1056,技をあまり使わず、通常攻撃を主体とした戦闘を行う
foot_equip,0x08C941CC,0x08C93FA0,4,Test,foot_equip#1057,試し
foot_equip,0x08C941D0,0x08C93FA8,6,Trial,foot_equip#1058,お試し
foot_equip,0x08C94BB8,0x08C941D8,6,Dummy,foot_equip#1059,ダミー
foot_equip,0x08C94BD4,0x08C941E4,10,Player,foot_equip#1060,プレイヤー
foot_equip,0x08C94BF4,0x08C941F8,4,Swordsman,foot_equip#1061,剣士
foot_equip,0x08C94EB0,0x08C941F8,4,Swordsman,foot_equip#1061,剣士
foot_equip,0x08C94F90,0x08C941F8,4,Swordsman,foot_equip#1061,剣士
foot_equip,0x08C9AD50,0x08C9AB64,4,Swordsman,foot_equip#1061,剣士
foot_equip,0x08C9B14C,0x08C9AB64,4,Swordsman,foot_equip#1061,剣士
foot_equip,0x08C9B58C,0x08C9AB64,4,Swordsman,foot_equip#1061,剣士
foot_equip,0x08C9B658,0x08C9AB64,4,Swordsman,foot_equip#1061,剣士
foot_equip,0x08C9BDC8,0x08C9AB64,4,Swordsman,foot_equip#1061,剣士
foot_equip,0x08C9BE50,0x08C9AB64,4,Swordsman,foot_equip#1061,剣士
foot_equip,0x08C9BFE8,0x08C9AB64,4,Swordsman,foot_equip#1061,剣士
foot_equip,0x08C9C1C4,0x08C9AB64,4,Swordsman,foot_equip#1061,剣士
foot_equip,0x08C9C35C,0x08C9AB64,4,Swordsman,foot_equip#1061,剣士
foot_equip,0x08C94C10,0x08C94208,6,Cleric,foot_equip#1062,聖職者
foot_equip,0x08C94CB8,0x08C94208,6,Cleric,foot_equip#1062,聖職者
foot_equip,0x08C951DC,0x08C94208,6,Cleric,foot_equip#1062,聖職者
foot_equip,0x08C94C2C,0x08C9421C,8,Hunter,foot_equip#1063,ハンター
foot_equip,0x08C9B2E4,0x08C9ABF0,8,Hunter,foot_equip#1063,ハンター
foot_equip,0x08C9BD40,0x08C9ABF0,8,Hunter,foot_equip#1063,ハンター
foot_equip,0x08C9C24C,0x08C9ABF0,8,Hunter,foot_equip#1063,ハンター
foot_equip,0x08C94C48,0x08C94234,16,Magic User,foot_equip#1064,マジックユーザー
foot_equip,0x08C94C64,0x08C94250,6,Sparrow Ninja,foot_equip#1065,雀忍者
foot_equip,0x08C94C80,0x08C94260,12,Honest Country Boy,foot_equip#1066,田舎の正直者
foot_equip,0x08C94C9C,0x08C9427C,10,Greedy Witch,foot_equip#1067,強欲の魔女
foot_equip,0x08C94CD4,0x08C9429C,12,Kingdom Guest Swordsman,foot_equip#1068,王国客員剣士
foot_equip,0x08C94CF0,0x08C942B8,4,Royalty,foot_equip#1069,王族
foot_equip,0x08C94D0C,0x08C942CC,10,Shortbow Girl,foot_equip#1070,小弓ガール
foot_equip,0x08C94D28,0x08C942E4,12,Champion,foot_equip#1071,チャンピオン
foot_equip,0x08C94D44,0x08C942FC,10,Homemaker,foot_equip#1072,家事手伝い
foot_equip,0x08C94D60,0x08C94310,4,Huntsman,foot_equip#1073,猟師
foot_equip,0x08C94D7C,0x08C94320,10,Farmer,foot_equip#1074,ファーマー
foot_equip,0x08C94D98,0x08C94334,4,Scholar,foot_equip#1075,学士
foot_equip,0x08C94DB4,0x08C94348,12,Foreign Girl?,foot_equip#1076,異国の少女？
foot_equip,0x08C94DD0,0x08C94364,10,Captain,foot_equip#1077,キャプテン
foot_equip,0x08C94DEC,0x08C9437C,8,Ice Spirit,foot_equip#1078,氷の精霊
foot_equip,0x08C94E08,0x08C94390,8,Aspiring Hero,foot_equip#1079,英雄志願
foot_equip,0x08C94E24,0x08C943A4,4,Holy Maiden,foot_equip#1080,聖女
foot_equip,0x08C94E40,0x08C943B4,6,Bodyguard,foot_equip#1081,護衛兵
foot_equip,0x08C94E5C,0x08C943C8,10,Masked Swordsman,foot_equip#1082,仮面の剣士
foot_equip,0x08C94E78,0x08C943E0,6,Archer,foot_equip#1083,弓使い
foot_equip,0x08C9BF1C,0x08C9AC94,6,Archer,foot_equip#1083,弓使い
foot_equip,0x08C9C2D4,0x08C9AC94,6,Archer,foot_equip#1083,弓使い
foot_equip,0x08C94E94,0x08C943F4,10,Genius Scientist,foot_equip#1084,天才科学者
foot_equip,0x08C94ECC,0x08C94414,8,Clumsy Girl,foot_equip#1085,ドジっ娘
foot_equip,0x08C94EE8,0x08C9442C,6,Honor Student,foot_equip#1086,優等生
foot_equip,0x08C94F04,0x08C94440,4,Teacher,foot_equip#1087,教師
foot_equip,0x08C94F20,0x08C94454,4,Mercenary,foot_equip#1088,傭兵
foot_equip,0x08C9578C,0x08C94454,4,Mercenary,foot_equip#1088,傭兵
foot_equip,0x08C957A8,0x08C94454,4,Mercenary,foot_equip#1088,傭兵
foot_equip,0x08C957C4,0x08C94454,4,Mercenary,foot_equip#1088,傭兵
foot_equip,0x08C957E0,0x08C94454,4,Mercenary,foot_equip#1088,傭兵
foot_equip,0x08C957FC,0x08C94454,4,Mercenary,foot_equip#1088,傭兵
foot_equip,0x08C95818,0x08C94454,4,Mercenary,foot_equip#1088,傭兵
foot_equip,0x08C95834,0x08C94454,4,Mercenary,foot_equip#1088,傭兵
foot_equip,0x08C95850,0x08C94454,4,Mercenary,foot_equip#1088,傭兵
foot_equip,0x08C9586C,0x08C94454,4,Mercenary,foot_equip#1088,傭兵
foot_equip,0x08C95888,0x08C94454,4,Mercenary,foot_equip#1088,傭兵
foot_equip,0x08C958A4,0x08C94454,4,Mercenary,foot_equip#1088,傭兵
foot_equip,0x08C958C0,0x08C94454,4,Mercenary,foot_equip#1088,傭兵
foot_equip,0x08C958DC,0x08C94454,4,Mercenary,foot_equip#1088,傭兵
foot_equip,0x08C958F8,0x08C94454,4,Mercenary,foot_equip#1088,傭兵
foot_equip,0x08C95914,0x08C94454,4,Mercenary,foot_equip#1088,傭兵
foot_equip,0x08C95930,0x08C94454,4,Mercenary,foot_equip#1088,傭兵
foot_equip,0x08C9594C,0x08C94454,4,Mercenary,foot_equip#1088,傭兵
foot_equip,0x08C95968,0x08C94454,4,Mercenary,foot_equip#1088,傭兵
foot_equip,0x08C95984,0x08C94454,4,Mercenary,foot_equip#1088,傭兵
foot_equip,0x08C959A0,0x08C94454,4,Mercenary,foot_equip#1088,傭兵
foot_equip,0x08C959BC,0x08C94454,4,Mercenary,foot_equip#1088,傭兵
foot_equip,0x08C959D8,0x08C94454,4,Mercenary,foot_equip#1088,傭兵
foot_equip,0x08C959F4,0x08C94454,4,Mercenary,foot_equip#1088,傭兵
foot_equip,0x08C95A10,0x08C94454,4,Mercenary,foot_equip#1088,傭兵
foot_equip,0x08C95A2C,0x08C94454,4,Mercenary,foot_equip#1088,傭兵
foot_equip,0x08C95A48,0x08C94454,4,Mercenary,foot_equip#1088,傭兵
foot_equip,0x08C95A64,0x08C94454,4,Mercenary,foot_equip#1088,傭兵
foot_equip,0x08C95A80,0x08C94454,4,Mercenary,foot_equip#1088,傭兵
foot_equip,0x08C95A9C,0x08C94454,4,Mercenary,foot_equip#1088,傭兵
foot_equip,0x08C95AB8,0x08C94454,4,Mercenary,foot_equip#1088,傭兵
foot_equip,0x08C95AD4,0x08C94454,4,Mercenary,foot_equip#1088,傭兵
foot_equip,0x08C95AF0,0x08C94454,4,Mercenary,foot_equip#1088,傭兵
foot_equip,0x08C94F3C,0x08C94464,12,Mibuna Shinobi,foot_equip#1089,ミブナの忍び
foot_equip,0x08C94F58,0x08C9447C,6,Magic Swordsman,foot_equip#1090,魔剣士
foot_equip,0x08C94F74,0x08C94490,8,Taciturn Girl,foot_equip#1091,寡黙な娘
foot_equip,0x08C94FA8,0x08C944A8,6,Claire,foot_equip#1092,クレア
foot_equip,0x08C94FC8,0x08C944BC,6,Former Soldier,foot_equip#1093,元軍人
foot_equip,0x08C94FE4,0x08C944CC,6,Arte User,foot_equip#1094,術使い
foot_equip,0x08C95000,0x08C944E0,12,Ecologist,foot_equip#1095,エコロジスト
foot_equip,0x08C9501C,0x08C944F8,8,Aspiring Doctor,foot_equip#1096,医者志望
foot_equip,0x08C95038,0x08C9450C,18,Kind Big Brother,foot_equip#1097,やさしいお兄ちゃん
foot_equip,0x08C95054,0x08C9452C,10,Praying Maiden,foot_equip#1098,いのる少女
foot_equip,0x08C95070,0x08C94540,10,Naturalist Old Man,foot_equip#1099,博物オヤジ
foot_equip,0x08C9508C,0x08C94554,8,Girl Swordsman,foot_equip#1100,少女剣士
foot_equip,0x08C950A8,0x08C94568,10,Treasure Hunter Girl,foot_equip#1101,おたから娘
foot_equip,0x08C950C4,0x08C9457C,18,"""Invisible"" Jay",foot_equip#1102,「不可視」のジェイ
foot_equip,0x08C950E0,0x08C94598,14,First in Line to the Throne,foot_equip#1103,王位第一継承者
foot_equip,0x08C950FC,0x08C945B0,12,Cool Lady,foot_equip#1104,クールレディ
foot_equip,0x08C95118,0x08C945C8,8,Guard Swordsman,foot_equip#1105,護衛剣士
foot_equip,0x08C95134,0x08C945E0,4,Colonel,foot_equip#1106,大佐
foot_equip,0x08C95150,0x08C945F0,18,Mature Child (?),foot_equip#1107,大人な子ども（？）
foot_equip,0x08C9516C,0x08C94610,4,Princess,foot_equip#1108,王女
foot_equip,0x08C95188,0x08C94624,14,Second in Line to the Throne,foot_equip#1109,王位第二継承者
foot_equip,0x08C951A4,0x08C9463C,14,Knight Commander-in-Chief,foot_equip#1110,騎士団主席総長
foot_equip,0x08C951C0,0x08C94658,8,Village Boy,foot_equip#1111,村の少年
foot_equip,0x08C951F8,0x08C94674,10,Merchant's Son,foot_equip#1112,商家の息子
foot_equip,0x08C95214,0x08C94688,8,Village Chief's Daughter,foot_equip#1113,村長の娘
foot_equip,0x08C95230,0x08C946A0,8,Delinquent Boy,foot_equip#1114,不良少年
foot_equip,0x08C9524C,0x08C946B8,14,Guild Leader,foot_equip#1115,ギルドリーダー
foot_equip,0x08C95268,0x08C946D4,16,Master Sniper,foot_equip#1116,凄腕のスナイパー
foot_equip,0x08C95284,0x08C946F0,10,Lower Quarter Youth,foot_equip#1117,下町の青年
foot_equip,0x08C952A0,0x08C94708,16,Princess Seeking Truth,foot_equip#1118,真実を求める姫君
foot_equip,0x08C952BC,0x08C94728,18,Beauty Lancer,foot_equip#1119,ビューティランサー
foot_equip,0x08C952D8,0x08C94744,8,Genius Girl,foot_equip#1120,天才少女
foot_equip,0x08C952F4,0x08C9475C,20,Suspicious Old Guy,foot_equip#1121,うさんくさいおっさん
foot_equip,0x08C95310,0x08C9477C,10,Knight Captain,foot_equip#1122,騎士団団長
foot_equip,0x08C9532C,0x08C94790,10,Timid Boy,foot_equip#1123,内気な少年
foot_equip,0x08C95348,0x08C947A4,20,Heavyhearted (?) Girl,foot_equip#1124,想いが重い（？）少女
foot_equip,0x08C95364,0x08C947C8,12,Guardian of Spirits,foot_equip#1125,精霊の守り人
foot_equip,0x08C95380,0x08C947E0,10,Dreaming Boy,foot_equip#1126,夢見る少年
foot_equip,0x08C9539C,0x08C947F4,10,Demon of Kicking,foot_equip#1127,キックの鬼
foot_equip,0x08C953B8,0x08C94808,14,Bro of Bros,foot_equip#1128,兄貴 ＯＦ 兄貴
foot_equip,0x08C953D4,0x08C94824,4,Knight,foot_equip#1129,騎士
foot_equip,0x08C9BA10,0x08C9AC3C,4,Knight,foot_equip#1129,騎士
foot_equip,0x08C9BCFC,0x08C9AC3C,4,Knight,foot_equip#1129,騎士
foot_equip,0x08C9C318,0x08C9AC3C,4,Knight,foot_equip#1129,騎士
foot_equip,0x08C9C428,0x08C9AC3C,4,Knight,foot_equip#1129,騎士
foot_equip,0x08C953F0,0x08C94834,12,Girl Named After a Flower,foot_equip#1130,花の名の少女
foot_equip,0x08C9540C,0x08C94850,16,Caretaker Empress,foot_equip#1131,お世話エンプレス
foot_equip,0x08C95428,0x08C94870,12,Dream-Weaving Girl,foot_equip#1132,夢を描く少女
foot_equip,0x08C95440,0x08C94880,20,Original Kanonno,foot_equip#1133,オリジナル・カノンノ
foot_equip,0x08C95460,0x08C948A8,20,Pasca's Descender,foot_equip#1134,パスカのディセンダー
foot_equip,0x08C9547C,0x08C948D0,10,Fairytale Girl,foot_equip#1135,おとぎ少女
foot_equip,0x08C95520,0x08C94910,10,Quickie,foot_equip#1136,クィッキー
foot_equip,0x08C9553C,0x08C9491C,8,Kyuppo,foot_equip#1137,キュッポ
foot_equip,0x08C95558,0x08C94928,6,Pippo,foot_equip#1138,ピッポ
foot_equip,0x08C95574,0x08C94930,6,Poppo,foot_equip#1139,ポッポ
foot_equip,0x08C95590,0x08C94938,6,Coda,foot_equip#1140,コーダ
foot_equip,0x08C955AC,0x08C94940,6,Arda,foot_equip#1141,アーダ
foot_equip,0x08C955C8,0x08C94948,8,Rocks,foot_equip#1142,ロックス
foot_equip,0x08C955E4,0x08C94954,6,Niata,foot_equip#1143,ニアタ
foot_equip,0x08C9568C,0x08C94988,8,Joan,foot_equip#1144,ジョアン
foot_equip,0x08C956A8,0x08C94994,6,Miguel,foot_equip#1145,ミゲル
foot_equip,0x08C956C4,0x08C9499C,6,Thomas,foot_equip#1146,トマス
foot_equip,0x08C956E0,0x08C949A4,8,Male NPC,foot_equip#1147,ＮＰＣ男
foot_equip,0x08C956FC,0x08C949B0,8,Female NPC,foot_equip#1148,ＮＰＣ女
foot_equip,0x08C95718,0x08C949BC,6,Cultist 1,foot_equip#1149,信者１
foot_equip,0x08C95734,0x08C949C4,6,Cultist 2,foot_equip#1150,信者２
foot_equip,0x08C95750,0x08C949CC,6,Cultist 3,foot_equip#1151,信者３
foot_equip,0x08C9576C,0x08C949D4,6,Cultist 4,foot_equip#1152,信者４
foot_equip,0x08C95788,0x08C949DC,12,Auguste,foot_equip#1153,オーギュスト
foot_equip,0x08C957A4,0x08C949EC,10,Rachel,foot_equip#1154,レイチェル
foot_equip,0x08C957C0,0x08C949F8,8,Voigt,foot_equip#1155,ヴォイト
foot_equip,0x08C957DC,0x08C94A04,12,Vivian,foot_equip#1156,ヴィヴィアン
foot_equip,0x08C957F8,0x08C94A14,10,Fox,foot_equip#1157,フォックス
foot_equip,0x08C95814,0x08C94A20,10,Halberry,foot_equip#1158,ハルベリー
foot_equip,0x08C95830,0x08C94A2C,10,Statham,foot_equip#1159,ステイサム
foot_equip,0x08C9584C,0x08C94A38,6,Naomi,foot_equip#1160,ナオミ
foot_equip,0x08C95868,0x08C94A40,10,Diesel,foot_equip#1161,ディーゼル
foot_equip,0x08C95884,0x08C94A4C,12,Robinlight,foot_equip#1162,ロビンライト
foot_equip,0x08C958A0,0x08C94A5C,10,Mustafa,foot_equip#1163,ムスタファ
foot_equip,0x08C958BC,0x08C94A68,6,Faye,foot_equip#1164,フェイ
foot_equip,0x08C958D8,0x08C94A70,8,Matthew,foot_equip#1165,マシュー
foot_equip,0x08C958F4,0x08C94A7C,6,Maggie,foot_equip#1166,マギー
foot_equip,0x08C95910,0x08C94A84,10,Richard,foot_equip#1167,リシャール
foot_equip,0x08C9592C,0x08C94A90,4,Yun,foot_equip#1168,ユン
foot_equip,0x08C95948,0x08C94A98,8,Seagull,foot_equip#1169,シーガル
foot_equip,0x08C95964,0x08C94AA4,6,Lotta,foot_equip#1170,ロッタ
foot_equip,0x08C95980,0x08C94AAC,10,Harvey,foot_equip#1171,ハーヴェイ
foot_equip,0x08C9599C,0x08C94AB8,8,Ursula,foot_equip#1172,ウルスラ
foot_equip,0x08C959B8,0x08C94AC4,6,Lazar,foot_equip#1173,ラザー
foot_equip,0x08C959D4,0x08C94ACC,4,Zaji,foot_equip#1174,ザジ
foot_equip,0x08C959F0,0x08C94AD4,8,Travis,foot_equip#1175,トラビス
foot_equip,0x08C95A0C,0x08C94AE0,8,Sandy,foot_equip#1176,サンディ
foot_equip,0x08C95A28,0x08C94AEC,8,Izumaru,foot_equip#1177,イヅマル
foot_equip,0x08C95A44,0x08C94AF8,12,Liu Yi,foot_equip#1178,リュウ・イー
foot_equip,0x08C95A60,0x08C94B08,8,Barney,foot_equip#1179,バーニー
foot_equip,0x08C95A7C,0x08C94B14,8,Alanis,foot_equip#1180,アラニス
foot_equip,0x08C95A98,0x08C94B20,8,Piper,foot_equip#1181,パイパー
foot_equip,0x08C95AB4,0x08C94B2C,6,Pere,foot_equip#1182,ペール
foot_equip,0x08C95AD0,0x08C94B34,10,Roland,foot_equip#1183,ローランド
foot_equip,0x08C95AEC,0x08C94B40,10,Orchid,foot_equip#1184,オーキッド
foot_equip,0x08C95B08,0x08C94B4C,18,Download Mercenary 1,foot_equip#1185,ダウンロード傭兵１
foot_equip,0x08C95B24,0x08C94B60,18,Download Mercenary 2,foot_equip#1186,ダウンロード傭兵２
foot_equip,0x08C95B40,0x08C94B74,18,Download Mercenary 3,foot_equip#1187,ダウンロード傭兵３
foot_equip,0x08C95B5C,0x08C94B88,18,Download Mercenary 4,foot_equip#1188,ダウンロード傭兵４
foot_equip,0x08C95B78,0x08C94B9C,18,Download Mercenary 5,foot_equip#1189,ダウンロード傭兵５
foot_equip,0x08C95B94,0x08C94BB0,4,End,foot_equip#1190,終端
foot_equip,0x08C963AC,0x08C95BB0,6,Invalid Value,foot_equip#1191,無効値
foot_equip,0x08C963B0,0x08C95BB8,4,None,foot_equip#1192,なし
foot_equip,0x08C968D0,0x08C95BB8,4,None,foot_equip#1192,なし
foot_equip,0x08C963CC,0x08C95BC0,4,Bread,foot_equip#1193,パン
foot_equip,0x08C963D0,0x08C95BC8,12,A simple flavor.,foot_equip#1194,素朴な味わい
foot_equip,0x08C963EC,0x08C95BD8,10,Rice Bread,foot_equip#1195,ライスパン
foot_equip,0x08C963F0,0x08C95BE4,14,A chewy texture!,foot_equip#1196,食感もっちり！
foot_equip,0x08C9640C,0x08C95BF4,10,Curry Bread,foot_equip#1197,カレーパン
foot_equip,0x08C96410,0x08C95C00,32,Curry bread spiced to perfection.,foot_equip#1198,絶妙なスパイスが効いたカレーパン
foot_equip,0x08C9642C,0x08C95C24,10,Tuna Sandwich,foot_equip#1199,ツナサンド
foot_equip,0x08C96430,0x08C95C30,40,An irresistible harmony of tuna and mayonnaise.,foot_equip#1200,ツナとマヨネーズのハーモニーがたまらない
foot_equip,0x08C9644C,0x08C95C5C,14,Mixed Sandwich,foot_equip#1201,ミックスサンド
foot_equip,0x08C96450,0x08C95C6C,20,A sandwich loaded with fillings.,foot_equip#1202,具沢山のサンドイッチ
foot_equip,0x08C9646C,0x08C95C84,14,Cheeseburger,foot_equip#1203,チーズバーガー
foot_equip,0x08C96470,0x08C95C94,48,Melted cheese and juicy patties make this the best!,foot_equip#1204,とろーりチーズと、パテから溢れる肉汁がもう最高！
foot_equip,0x08C9648C,0x08C95CC8,16,French Toast,foot_equip#1205,フレンチトースト
foot_equip,0x08C96490,0x08C95CDC,40,"Bread soaked with eggs, milk, and cinnamon.",foot_equip#1206,タマゴ、ミルク、シナモンが染み込んだパン
foot_equip,0x08C964AC,0x08C95D08,18,Salmon Bagel,foot_equip#1207,ベーグル・サーモン
foot_equip,0x08C964B0,0x08C95D1C,36,A healthy bagel filled with salmon.,foot_equip#1208,サーモンが具になった、ヘルシーなパン
foot_equip,0x08C964CC,0x08C95D44,18,Mabo Curry Bread,foot_equip#1209,マーボーカレーパン
foot_equip,0x08C964D0,0x08C95D58,42,"A superb bread among breads, hailed as legendary.",foot_equip#1210,伝説とまで言われたパンの中のパンの極上パン
foot_equip,0x08C964EC,0x08C95D84,10,Vegetable Salad,foot_equip#1211,野菜サラダ
foot_equip,0x08C964F0,0x08C95D90,28,A healthy salad packed with vegetables.,foot_equip#1212,野菜たっぷりのヘルシーサラダ
foot_equip,0x08C9650C,0x08C95DB0,14,Caesar Salad,foot_equip#1213,シーザーサラダ
foot_equip,0x08C96510,0x08C95DC0,38,A feast of a salad packed with various ingredients.,foot_equip#1214,様々な具が盛りだくさんのごちそうサラダ
foot_equip,0x08C9652C,0x08C95DE8,8,Rice Ball,foot_equip#1215,オニギリ
foot_equip,0x08C96530,0x08C95DF4,12,A companion for your adventures.,foot_equip#1216,冒険のお供に
foot_equip,0x08C9654C,0x08C95E04,8,Chirashizushi,foot_equip#1217,バラ寿司
foot_equip,0x08C96550,0x08C95E10,34,Sushi topped with various seafood on vinegared rice.,foot_equip#1218,酢飯の上に色々な魚介肉がのった寿司
foot_equip,0x08C9656C,0x08C95E34,10,Omelet Rice,foot_equip#1219,オムライス
foot_equip,0x08C96570,0x08C95E40,38,Ketchup-seasoned rice wrapped in a thin omelet.,foot_equip#1220,ケチャップご飯を薄焼き卵でくるみました
foot_equip,0x08C9658C,0x08C95E68,16,Pineapple Rice,foot_equip#1221,パイナップルご飯
foot_equip,0x08C96590,0x08C95E7C,38,Rice cooked with pineapple. Surprisingly good.,foot_equip#1222,パインと一緒に煮込んだご飯。意外と合う
foot_equip,0x08C965AC,0x08C95EA4,12,Curry Rice,foot_equip#1223,カレーライス
foot_equip,0x08C965B0,0x08C95EB4,34,Curry rice spiced to perfection.,foot_equip#1224,絶妙なスパイスが効いたカレーライス
foot_equip,0x08C965CC,0x08C95ED8,14,Mabo Curry,foot_equip#1225,マーボーカレー
foot_equip,0x08C965D0,0x08C95EE8,26,A superb dish hailed as legendary.,foot_equip#1226,伝説とまで言われた極上料理
foot_equip,0x08C965EC,0x08C95F04,12,Mabo Pie,foot_equip#1227,マーボーパイ
foot_equip,0x08C965F0,0x08C95F14,30,A superb pie with mabo tofu as its filling.,foot_equip#1228,麻婆豆腐を具に迎えた極上のパイ
foot_equip,0x08C9660C,0x08C95F34,10,Okonomiyaki,foot_equip#1229,お好み焼き
foot_equip,0x08C96610,0x08C95F40,44,Ingredients added to flour batter and grilled on an iron plate.,foot_equip#1230,小麦粉の生地に具を加え、鉄板の上で焼いたもの
foot_equip,0x08C9662C,0x08C95F70,14,Tropical Pizza,foot_equip#1231,トロピカルピザ
foot_equip,0x08C96630,0x08C95F80,46,An exotic tropical flavor topped with fruit.,foot_equip#1232,フルーツがトッピングされた南国エキゾチックな味
foot_equip,0x08C9664C,0x08C95FB0,12,Puttanesca,foot_equip#1233,プッタネスカ
foot_equip,0x08C96650,0x08C95FC0,32,Pasta with small fish and capers.,foot_equip#1234,小魚とケッパーが入っているパスタ
foot_equip,0x08C9666C,0x08C95FE4,12,Seafood Chawanmushi,foot_equip#1235,海鮮茶碗蒸し
foot_equip,0x08C96670,0x08C95FF4,32,Steamed egg custard brimming with seafood flavor.,foot_equip#1236,海の幸から出た旨み溢れる茶碗蒸し
foot_equip,0x08C9668C,0x08C96018,12,Butter Potato,foot_equip#1237,じゃがバター
foot_equip,0x08C96690,0x08C96028,30,A steaming-hot potato smothered in butter.,foot_equip#1238,バターが塗られたホクホクのイモ
foot_equip,0x08C966AC,0x08C96048,6,Dango Soup,foot_equip#1239,だご汁
foot_equip,0x08C966B0,0x08C96050,34,Miso soup with dumplings made from flour.,foot_equip#1240,小麦粉で作られた団子が入った味噌汁
foot_equip,0x08C966CC,0x08C96074,6,Oden,foot_equip#1241,おでん
foot_equip,0x08C966D0,0x08C9607C,28,A comforting and somewhat nostalgic flavor.,foot_equip#1242,どこか懐かしく、優しい味わい
foot_equip,0x08C966EC,0x08C9609C,8,Mabo Tofu,foot_equip#1243,麻婆豆腐
foot_equip,0x08C966F0,0x08C960A8,34,Exquisite spices and rich sauce make it irresistible.,foot_equip#1244,絶妙なスパイスとトロミがたまらない
foot_equip,0x08C9670C,0x08C960CC,10,Hamburg Steak,foot_equip#1245,ハンバーグ
foot_equip,0x08C96710,0x08C960D8,14,A staple of home cooking.,foot_equip#1246,家庭の定番料理
foot_equip,0x08C9672C,0x08C960E8,14,Cabbage Roll,foot_equip#1247,ロールキャベツ
foot_equip,0x08C96730,0x08C960F8,46,"Tender, simmered cabbage rolls bursting with juicy flavor.",foot_equip#1248,柔らかく煮込まれた肉汁たっぷりのロールキャベツ
foot_equip,0x08C9674C,0x08C96128,8,Tea-Simmered Pork,foot_equip#1249,紅茶煮豚
foot_equip,0x08C96750,0x08C96134,44,Pork simmered in black tea. Infused with tea flavor.,foot_equip#1250,紅茶で煮込まれた豚肉。紅茶が染み込んでいます
foot_equip,0x08C9676C,0x08C96164,12,Ratatouille,foot_equip#1251,ラタトゥイユ
foot_equip,0x08C96770,0x08C96174,14,A hearty stew of vegetables.,foot_equip#1252,野菜のごった煮
foot_equip,0x08C9678C,0x08C96184,16,Cheese Fondue,foot_equip#1253,チーズフォンデュ
foot_equip,0x08C96790,0x08C96198,42,A dish where various ingredients are dipped in melted cheese.,foot_equip#1254,様々な具を、熱したチーズにつけて食べる料理
foot_equip,0x08C967AC,0x08C961C4,16,Fruit Gratin,foot_equip#1255,フルーツグラタン
foot_equip,0x08C967B0,0x08C961D8,26,A gratin packed with fruit.,foot_equip#1256,フルーツたっぷりのグラタン
foot_equip,0x08C967CC,0x08C961F4,10,Lemon Pie,foot_equip#1257,レモンパイ
foot_equip,0x08C967D0,0x08C96200,36,"A piping-hot, crispy, freshly baked lemon pie.",foot_equip#1258,アツアツサクサクの焼き立てレモンパイ
foot_equip,0x08C967EC,0x08C96228,6,Chai,foot_equip#1259,チャイ
foot_equip,0x08C967F0,0x08C96230,20,Black tea brewed with milk.,foot_equip#1260,ミルクで煮出した紅茶
foot_equip,0x08C9680C,0x08C96248,12,Tea Cookies,foot_equip#1261,紅茶クッキー
foot_equip,0x08C96810,0x08C96258,24,Cookies fragrant with black tea.,foot_equip#1262,紅茶の香りがするクッキー
foot_equip,0x08C9682C,0x08C96274,18,Crepe Suzette,foot_equip#1263,クレープシュゼット
foot_equip,0x08C96830,0x08C96288,34,Crepes simmered in orange sauce.,foot_equip#1264,オレンジのソースで煮込んだクレープ
foot_equip,0x08C9684C,0x08C962AC,16,Commonly Known as Yummy-Yum,foot_equip#1265,通称おいしおいし
foot_equip,0x08C96850,0x08C962C0,52,Fruit Parfait with Choco-Banane Yummy-Yum,foot_equip#1266,フルーツパフェ・ウィズ・ショコラバナ〜ヌおいしおいし
foot_equip,0x08C9686C,0x08C962F8,14,Mountain and Sea Delicacy Soup,foot_equip#1267,山海珍味スープ
foot_equip,0x08C96870,0x08C96308,30,A soup bringing together delicacies from land and sea.,foot_equip#1268,山と海の珍味が大集合したスープ
foot_equip,0x08C9688C,0x08C96328,16,Medicinal Champuru,foot_equip#1269,薬膳チャンプルー
foot_equip,0x08C96890,0x08C9633C,28,A stir-fry mixing vegetables and tofu.,foot_equip#1270,野菜、豆腐を混ぜて炒めた料理
foot_equip,0x08C968AC,0x08C9635C,16,Manchu-Han Imperial Feast,foot_equip#1271,まンカんぜんセき
foot_equip,0x08C968B0,0x08C96370,50,A legendary feast said to have filled every seat with manly spirit: the Manchu-Han Imperial Feast.,foot_equip#1272,漢気で全ての席を満たしたと故事に残る料理、満漢全席
foot_equip,0x08C968CC,0x08C963A4,6,Maximum Value,foot_equip#1273,最大値
foot_equip,0x08C96A30,0x08C968F0,12,Warrior Default Equipment,foot_equip#1274,戦士初期装備
foot_equip,0x08C96A50,0x08C96900,12,Swordsman Default Equipment,foot_equip#1275,剣士初期装備
foot_equip,0x08C96A70,0x08C96910,16,Spellsword Default Equipment,foot_equip#1276,魔法剣士初期装備
foot_equip,0x08C96A90,0x08C96924,14,Martial Artist Default Equipment,foot_equip#1277,格闘家初期装備
foot_equip,0x08C96AB0,0x08C96934,12,Hunter Default Equipment,foot_equip#1278,狩人初期装備
foot_equip,0x08C96AD0,0x08C96944,12,Thief Default Equipment,foot_equip#1279,盗賊初期装備
foot_equip,0x08C96AF0,0x08C96954,12,Ninja Default Equipment,foot_equip#1280,忍者初期装備
foot_equip,0x08C96B10,0x08C96964,14,Mage Default Equipment,foot_equip#1281,魔術師初期装備
foot_equip,0x08C96B30,0x08C96974,12,Priest Default Equipment,foot_equip#1282,僧侶初期装備
foot_equip,0x08C96B50,0x08C96984,18,Bishop Default Equipment,foot_equip#1283,ビショップ初期装備
foot_equip,0x08C96B70,0x08C96998,14,Twin Swordsman Default Equipment,foot_equip#1284,双剣士初期装備
foot_equip,0x08C96B90,0x08C969A8,14,Great Swordsman Default Equipment,foot_equip#1285,大剣士初期装備
foot_equip,0x08C96BB0,0x08C969B8,14,Monk Default Equipment,foot_equip#1286,モンク初期装備
foot_equip,0x08C96BD0,0x08C969C8,12,Pirate Default Equipment,foot_equip#1287,海賊初期装備
foot_equip,0x08C96BF0,0x08C969D8,14,Paladin Default Equipment,foot_equip#1288,聖騎士初期装備
foot_equip,0x08C96C10,0x08C969E8,16,Gunman Default Equipment,foot_equip#1289,ガンマン初期装備
foot_equip,0x08C96C30,0x08C969FC,16,Kanonno Default Equipment,foot_equip#1290,カノンノ初期装備
foot_equip,0x08C9ACC8,0x08C9AB54,4,None,foot_equip#1294,無職
foot_equip,0x08C9C5C0,0x08C9AB54,4,None,foot_equip#1294,無職
foot_equip,0x08C9AD0C,0x08C9AB5C,4,Warrior,foot_equip#1295,戦士
foot_equip,0x08C9B548,0x08C9AB5C,4,Warrior,foot_equip#1295,戦士
foot_equip,0x08C9B9CC,0x08C9AB5C,4,Warrior,foot_equip#1295,戦士
foot_equip,0x08C9AD94,0x08C9AB6C,8,Spellsword,foot_equip#1296,魔法剣士
foot_equip,0x08C9B2A0,0x08C9AB6C,8,Spellsword,foot_equip#1296,魔法剣士
foot_equip,0x08C9B36C,0x08C9AB6C,8,Spellsword,foot_equip#1296,魔法剣士
foot_equip,0x08C9B4C0,0x08C9AB6C,8,Spellsword,foot_equip#1296,魔法剣士
foot_equip,0x08C9B900,0x08C9AB6C,8,Spellsword,foot_equip#1296,魔法剣士
foot_equip,0x08C9B988,0x08C9AB6C,8,Spellsword,foot_equip#1296,魔法剣士
foot_equip,0x08C9BA98,0x08C9AB6C,8,Spellsword,foot_equip#1296,魔法剣士
foot_equip,0x08C9BF60,0x08C9AB6C,8,Spellsword,foot_equip#1296,魔法剣士
foot_equip,0x08C9C4F4,0x08C9AB6C,8,Spellsword,foot_equip#1296,魔法剣士
foot_equip,0x08C9C538,0x08C9AB6C,8,Spellsword,foot_equip#1296,魔法剣士
foot_equip,0x08C9C57C,0x08C9AB6C,8,Spellsword,foot_equip#1296,魔法剣士
foot_equip,0x08C9ADD8,0x08C9AB78,6,Martial Artist,foot_equip#1297,格闘家
foot_equip,0x08C9B438,0x08C9AB78,6,Martial Artist,foot_equip#1297,格闘家
foot_equip,0x08C9BC30,0x08C9AB78,6,Martial Artist,foot_equip#1297,格闘家
foot_equip,0x08C9C46C,0x08C9AB78,6,Martial Artist,foot_equip#1297,格闘家
foot_equip,0x08C9AE1C,0x08C9AB80,4,Hunter,foot_equip#1298,狩人
foot_equip,0x08C9B1D4,0x08C9AB80,4,Hunter,foot_equip#1298,狩人
foot_equip,0x08C9B3F4,0x08C9AB80,4,Hunter,foot_equip#1298,狩人
foot_equip,0x08C9B5D0,0x08C9AB80,4,Hunter,foot_equip#1298,狩人
foot_equip,0x08C9C3E4,0x08C9AB80,4,Hunter,foot_equip#1298,狩人
foot_equip,0x08C9AE60,0x08C9AB88,4,Thief,foot_equip#1299,盗賊
foot_equip,0x08C9AEA4,0x08C9AB90,4,Ninja,foot_equip#1300,忍者
foot_equip,0x08C9B25C,0x08C9AB90,4,Ninja,foot_equip#1300,忍者
foot_equip,0x08C9AEE8,0x08C9AB98,6,Mage,foot_equip#1301,魔術師
foot_equip,0x08C9B218,0x08C9AB98,6,Mage,foot_equip#1301,魔術師
foot_equip,0x08C9B504,0x08C9AB98,6,Mage,foot_equip#1301,魔術師
foot_equip,0x08C9B6E0,0x08C9AB98,6,Mage,foot_equip#1301,魔術師
foot_equip,0x08C9B724,0x08C9AB98,6,Mage,foot_equip#1301,魔術師
foot_equip,0x08C9B878,0x08C9AB98,6,Mage,foot_equip#1301,魔術師
foot_equip,0x08C9BB64,0x08C9AB98,6,Mage,foot_equip#1301,魔術師
foot_equip,0x08C9BC74,0x08C9AB98,6,Mage,foot_equip#1301,魔術師
foot_equip,0x08C9AF2C,0x08C9ABA0,4,Priest,foot_equip#1302,僧侶
foot_equip,0x08C9B8BC,0x08C9ABA0,4,Priest,foot_equip#1302,僧侶
foot_equip,0x08C9C02C,0x08C9ABA0,4,Priest,foot_equip#1302,僧侶
foot_equip,0x08C9AF70,0x08C9ABA8,10,Bishop,foot_equip#1303,ビショップ
foot_equip,0x08C9AFB4,0x08C9ABB4,6,Twin Swordsman,foot_equip#1304,双剣士
foot_equip,0x08C9B7F0,0x08C9ABB4,6,Twin Swordsman,foot_equip#1304,双剣士
foot_equip,0x08C9C0F8,0x08C9ABB4,6,Twin Swordsman,foot_equip#1304,双剣士
foot_equip,0x08C9AFF8,0x08C9ABBC,6,Great Swordsman,foot_equip#1305,大剣士
foot_equip,0x08C9BADC,0x08C9ABBC,6,Great Swordsman,foot_equip#1305,大剣士
foot_equip,0x08C9C070,0x08C9ABBC,6,Great Swordsman,foot_equip#1305,大剣士
foot_equip,0x08C9B03C,0x08C9ABC4,6,Monk,foot_equip#1306,モンク
foot_equip,0x08C9B69C,0x08C9ABC4,6,Monk,foot_equip#1306,モンク
foot_equip,0x08C9C3A0,0x08C9ABC4,6,Monk,foot_equip#1306,モンク
foot_equip,0x08C9B080,0x08C9ABCC,4,Pirate,foot_equip#1307,海賊
foot_equip,0x08C9B768,0x08C9ABCC,4,Pirate,foot_equip#1307,海賊
foot_equip,0x08C9B0C4,0x08C9ABD4,6,Paladin,foot_equip#1308,聖騎士
foot_equip,0x08C9B108,0x08C9ABDC,8,Gunman,foot_equip#1309,ガンマン
foot_equip,0x08C9C0B4,0x08C9ABDC,8,Gunman,foot_equip#1309,ガンマン
foot_equip,0x08C9B190,0x08C9ABE8,6,Conjurer,foot_equip#1310,法術師
foot_equip,0x08C9B328,0x08C9ABFC,4,Cleric,foot_equip#1311,神官
foot_equip,0x08C9B3B0,0x08C9AC04,8,Bow Swordsman,foot_equip#1312,剣弓戦士
foot_equip,0x08C9B47C,0x08C9AC10,6,Cook,foot_equip#1313,料理人
foot_equip,0x08C9B614,0x08C9AC18,6,Scientist,foot_equip#1314,科学者
foot_equip,0x08C9B7AC,0x08C9AC20,4,Spirit,foot_equip#1315,精霊
foot_equip,0x08C9B834,0x08C9AC28,8,Angel Mage,foot_equip#1316,天使術士
foot_equip,0x08C9B944,0x08C9AC34,6,Talisman Caster,foot_equip#1317,符術士
foot_equip,0x08C9BA54,0x08C9AC44,8,Healer,foot_equip#1318,ヒーラー
foot_equip,0x08C9C208,0x08C9AC44,8,Healer,foot_equip#1318,ヒーラー
foot_equip,0x08C9C4B0,0x08C9AC44,8,Healer,foot_equip#1318,ヒーラー
foot_equip,0x08C9BB20,0x08C9AC50,6,Spearman,foot_equip#1319,槍戦士
foot_equip,0x08C9BBA8,0x08C9AC58,8,Brawler Archer,foot_equip#1320,格闘弓士
foot_equip,0x08C9BBEC,0x08C9AC64,6,Glyph Mage,foot_equip#1321,法陣師
foot_equip,0x08C9BCB8,0x08C9AC6C,6,Sheriff,foot_equip#1322,保安官
foot_equip,0x08C9BD84,0x08C9AC74,6,Informant,foot_equip#1323,情報屋
foot_equip,0x08C9BE0C,0x08C9AC7C,6,Melodist,foot_equip#1324,音律士
foot_equip,0x08C9BE94,0x08C9AC84,6,Fonist,foot_equip#1325,譜術士
foot_equip,0x08C9BED8,0x08C9AC8C,6,Puppeteer,foot_equip#1326,人形士
foot_equip,0x08C9BFA4,0x08C9AC9C,8,Fon Swordsman,foot_equip#1327,譜術剣士
foot_equip,0x08C9C13C,0x08C9ACA8,8,Sister,foot_equip#1328,シスター
foot_equip,0x08C9C180,0x08C9ACB4,10,Sniper,foot_equip#1329,スナイパー
foot_equip,0x08C9C290,0x08C9ACC0,6,Sorcerer,foot_equip#1330,魔導士
foot_equip,0x08C9EA58,0x08C9D470,20,Weapon P.Atk +%d%,foot_equip#1340,武器物理攻撃力＋%d％
foot_equip,0x08C9EA5C,0x08C9D488,20,Weapon P.Atk -%d%,foot_equip#1341,武器物理攻撃力−%d％
foot_equip,0x08C9EA60,0x08C9D4A0,24,Modifies equipment's P.Atk.,foot_equip#1342,装備品の物理攻撃力が変化
foot_equip,0x08C9EA64,0x08C9D4A0,24,Modifies equipment's P.Atk.,foot_equip#1342,装備品の物理攻撃力が変化
foot_equip,0x08C9EA70,0x08C9D4BC,18,Weapon M.Atk +%d%,foot_equip#1343,武器術攻撃力＋%d％
foot_equip,0x08C9EA74,0x08C9D4D0,18,Weapon M.Atk -%d%,foot_equip#1344,武器術攻撃力−%d％
foot_equip,0x08C9EA78,0x08C9D4E4,22,Modifies equipment's M.Atk.,foot_equip#1345,装備品の術攻撃力が変化
foot_equip,0x08C9EA7C,0x08C9D4E4,22,Modifies equipment's M.Atk.,foot_equip#1345,装備品の術攻撃力が変化
foot_equip,0x08C9EA88,0x08C9D4FC,20,Armor P.Def +%d%,foot_equip#1346,防具物理防御力＋%d％
foot_equip,0x08C9EA8C,0x08C9D514,20,Armor P.Def -%d%,foot_equip#1347,防具物理防御力−%d％
foot_equip,0x08C9EA90,0x08C9D52C,24,Modifies equipment's P.Def.,foot_equip#1348,装備品の物理防御力が変化
foot_equip,0x08C9EA94,0x08C9D52C,24,Modifies equipment's P.Def.,foot_equip#1348,装備品の物理防御力が変化
foot_equip,0x08C9EAA0,0x08C9D548,18,Armor M.Def +%d%,foot_equip#1349,防具術防御力＋%d％
foot_equip,0x08C9EAA4,0x08C9D55C,18,Armor M.Def -%d%,foot_equip#1350,防具術防御力−%d％
foot_equip,0x08C9EAA8,0x08C9D570,22,Modifies equipment's M.Def.,foot_equip#1351,装備品の術防御力が変化
foot_equip,0x08C9EAAC,0x08C9D570,22,Modifies equipment's M.Def.,foot_equip#1351,装備品の術防御力が変化
foot_equip,0x08C9EAB8,0x08C9D588,8,Agi +%d,foot_equip#1352,敏捷＋%d
foot_equip,0x08C9EABC,0x08C9D594,8,Agi -%d,foot_equip#1353,敏捷−%d
foot_equip,0x08C9EAC0,0x08C9D5A0,18,Modifies equipment's Agi.,foot_equip#1354,装備品の敏捷が変化
foot_equip,0x08C9EAC4,0x08C9D5A0,18,Modifies equipment's Agi.,foot_equip#1354,装備品の敏捷が変化
foot_equip,0x08C9EACC,0x08C9D5B4,6,Inflict Poison,foot_equip#1355,毒付与
foot_equip,0x08C9EAD0,0x08C9D5BC,10,Inflict Poison (%s),foot_equip#1356,毒付与(%s)
foot_equip,0x08C9EAD8,0x08C9D5C8,24,May inflict poison on enemies.,foot_equip#1357,敵を毒状態にする事がある
foot_equip,0x08C9EAE4,0x08C9D5E4,8,Inflict Paralysis,foot_equip#1358,麻痺付与
foot_equip,0x08C9EAE8,0x08C9D5F0,12,Inflict Paralysis (%s),foot_equip#1359,麻痺付与(%s)
foot_equip,0x08C9EAF0,0x08C9D600,26,May inflict paralysis on enemies.,foot_equip#1360,敵を麻痺状態にする事がある
foot_equip,0x08C9EAFC,0x08C9D61C,20,Critical Damage,foot_equip#1361,クリティカルダメージ
foot_equip,0x08C9EB00,0x08C9D634,26,Critical Damage +%d%,foot_equip#1362,クリティカルダメージ＋%d％
foot_equip,0x08C9EB04,0x08C9D650,26,Critical Damage -%d%,foot_equip#1363,クリティカルダメージ−%d％
foot_equip,0x08C9EB08,0x08C9D66C,34,Modifies critical hit damage.,foot_equip#1364,クリティカルヒットのダメージが変化
foot_equip,0x08C9EB0C,0x08C9D66C,34,Modifies critical hit damage.,foot_equip#1364,クリティカルヒットのダメージが変化
foot_equip,0x08C9EB14,0x08C9D690,6,TP Absorption,foot_equip#1365,TP吸収
foot_equip,0x08C9EB18,0x08C9D698,24,Normal Attack TP Recovery +%d,foot_equip#1366,通常攻撃時ＴＰ回復量＋%d
foot_equip,0x08C9EB20,0x08C9D6B4,42,Modifies TP recovered when hitting with normal attacks.,foot_equip#1367,通常攻撃をヒットさせた時のＴＰ回復量が変化
foot_equip,0x08C9EB2C,0x08C9D6E0,22,Over Limit Gain,foot_equip#1368,オーバーリミッツ増加量
foot_equip,0x08C9EB30,0x08C9D6F8,22,Over Limit Gauge Gain UP,foot_equip#1369,リミッツゲージ増加量UP
foot_equip,0x08C9EB38,0x08C9D710,28,Over Limit Gauge fills faster.,foot_equip#1370,リミッツゲージが溜まりやすい
foot_equip,0x08C9EB44,0x08C9D730,10,Guard Break,foot_equip#1371,ガード破壊
foot_equip,0x08C9EB48,0x08C9D73C,14,Guard Break +%d,foot_equip#1372,ガード破壊＋%d
foot_equip,0x08C9EB50,0x08C9D74C,24,Easier to break enemy guard.,foot_equip#1373,敵のガードを破壊しやすい
foot_equip,0x08C9EB5C,0x08C9D768,16,Stagger Resistance Break,foot_equip#1374,仰け反り耐性破壊
foot_equip,0x08C9EB60,0x08C9D77C,20,Stagger Resistance Break +%d,foot_equip#1375,仰け反り耐性破壊＋%d
foot_equip,0x08C9EB68,0x08C9D794,28,Easier to break enemy stagger resistance.,foot_equip#1376,敵の仰け反り耐性を削りやすい
foot_equip,0x08C9EB74,0x08C9D7B4,14,Attack Element (Earth),foot_equip#1377,攻撃属性（土）
foot_equip,0x08C9EB78,0x08C9D7C4,18,Add Earth Element to Attacks,foot_equip#1378,攻撃属性付加（土）
foot_equip,0x08C9EB80,0x08C9D7D8,22,Adds Earth element to weapon attacks.,foot_equip#1379,武器攻撃に土属性が付加
foot_equip,0x08C9EB8C,0x08C9D7F0,14,Attack Element (Water),foot_equip#1380,攻撃属性（水）
foot_equip,0x08C9EB90,0x08C9D800,18,Add Water Element to Attacks,foot_equip#1381,攻撃属性付加（水）
foot_equip,0x08C9EB98,0x08C9D814,22,Adds Water element to weapon attacks.,foot_equip#1382,武器攻撃に水属性が付加
foot_equip,0x08C9EBA4,0x08C9D82C,14,Attack Element (Fire),foot_equip#1383,攻撃属性（火）
foot_equip,0x08C9EBA8,0x08C9D83C,18,Add Fire Element to Attacks,foot_equip#1384,攻撃属性付加（火）
foot_equip,0x08C9EBB0,0x08C9D850,22,Adds Fire element to weapon attacks.,foot_equip#1385,武器攻撃に火属性が付加
foot_equip,0x08C9EBBC,0x08C9D868,14,Attack Element (Wind),foot_equip#1386,攻撃属性（風）
foot_equip,0x08C9EBC0,0x08C9D878,18,Add Wind Element to Attacks,foot_equip#1387,攻撃属性付加（風）
foot_equip,0x08C9EBC8,0x08C9D88C,22,Adds Wind element to weapon attacks.,foot_equip#1388,武器攻撃に風属性が付加
foot_equip,0x08C9EBD4,0x08C9D8A4,14,Attack Element (Light),foot_equip#1389,攻撃属性（光）
foot_equip,0x08C9EBD8,0x08C9D8B4,18,Add Light Element to Attacks,foot_equip#1390,攻撃属性付加（光）
foot_equip,0x08C9EBE0,0x08C9D8C8,22,Adds Light element to weapon attacks.,foot_equip#1391,武器攻撃に光属性が付加
foot_equip,0x08C9EBEC,0x08C9D8E0,14,Attack Element (Dark),foot_equip#1392,攻撃属性（闇）
foot_equip,0x08C9EBF0,0x08C9D8F0,18,Add Dark Element to Attacks,foot_equip#1393,攻撃属性付加（闇）
foot_equip,0x08C9EBF8,0x08C9D904,22,Adds Dark element to weapon attacks.,foot_equip#1394,武器攻撃に闇属性が付加
foot_equip,0x08C9EC04,0x08C9D91C,14,Defense Element (Earth),foot_equip#1395,防御属性（土）
foot_equip,0x08C9EC08,0x08C9D92C,16,Add Earth Defense,foot_equip#1396,防御属性付加(土)
foot_equip,0x08C9EC0C,0x08C9D940,20,Weaken Earth Defense,foot_equip#1397,防御属性弱体化（土）
foot_equip,0x08C9EC10,0x08C9D958,22,Reduces Earth damage.,foot_equip#1398,土属性のダメージを軽減
foot_equip,0x08C9EC14,0x08C9D970,22,Becomes weak to Earth attacks.,foot_equip#1399,土属性の攻撃に弱くなる
foot_equip,0x08C9EC1C,0x08C9D988,14,Defense Element (Water),foot_equip#1400,防御属性（水）
foot_equip,0x08C9EC20,0x08C9D998,16,Add Water Defense,foot_equip#1401,防御属性付加(水)
foot_equip,0x08C9EC24,0x08C9D9AC,20,Weaken Water Defense,foot_equip#1402,防御属性弱体化（水）
foot_equip,0x08C9EC28,0x08C9D9C4,22,Reduces Water damage.,foot_equip#1403,水属性のダメージを軽減
foot_equip,0x08C9EC2C,0x08C9D9DC,22,Becomes weak to Water attacks.,foot_equip#1404,水属性の攻撃に弱くなる
foot_equip,0x08C9EC34,0x08C9D9F4,14,Defense Element (Fire),foot_equip#1405,防御属性（火）
foot_equip,0x08C9EC38,0x08C9DA04,16,Add Fire Defense,foot_equip#1406,防御属性付加(火)
foot_equip,0x08C9EC3C,0x08C9DA18,20,Weaken Fire Defense,foot_equip#1407,防御属性弱体化（火）
foot_equip,0x08C9EC40,0x08C9DA30,22,Reduces Fire damage.,foot_equip#1408,火属性のダメージを軽減
foot_equip,0x08C9EC44,0x08C9DA48,22,Becomes weak to Fire attacks.,foot_equip#1409,火属性の攻撃に弱くなる
foot_equip,0x08C9EC4C,0x08C9DA60,14,Defense Element (Wind),foot_equip#1410,防御属性（風）
foot_equip,0x08C9EC50,0x08C9DA70,16,Add Wind Defense,foot_equip#1411,防御属性付加(風)
foot_equip,0x08C9EC54,0x08C9DA84,20,Weaken Wind Defense,foot_equip#1412,防御属性弱体化（風）
foot_equip,0x08C9EC58,0x08C9DA9C,22,Reduces Wind damage.,foot_equip#1413,風属性のダメージを軽減
foot_equip,0x08C9EC5C,0x08C9DAB4,22,Becomes weak to Wind attacks.,foot_equip#1414,風属性の攻撃に弱くなる
foot_equip,0x08C9EC64,0x08C9DACC,14,Defense Element (Light),foot_equip#1415,防御属性（光）
foot_equip,0x08C9EC68,0x08C9DADC,16,Add Light Defense,foot_equip#1416,防御属性付加(光)
foot_equip,0x08C9EC6C,0x08C9DAF0,20,Weaken Light Defense,foot_equip#1417,防御属性弱体化（光）
foot_equip,0x08C9EC70,0x08C9DB08,22,Reduces Light damage.,foot_equip#1418,光属性のダメージを軽減
foot_equip,0x08C9EC74,0x08C9DB20,22,Becomes weak to Light attacks.,foot_equip#1419,光属性の攻撃に弱くなる
foot_equip,0x08C9EC7C,0x08C9DB38,14,Defense Element (Dark),foot_equip#1420,防御属性（闇）
foot_equip,0x08C9EC80,0x08C9DB48,16,Add Dark Defense,foot_equip#1421,防御属性付加(闇)
foot_equip,0x08C9EC84,0x08C9DB5C,20,Weaken Dark Defense,foot_equip#1422,防御属性弱体化（闇）
foot_equip,0x08C9EC88,0x08C9DB74,22,Reduces Dark damage.,foot_equip#1423,闇属性のダメージを軽減
foot_equip,0x08C9EC8C,0x08C9DB8C,22,Becomes weak to Dark attacks.,foot_equip#1424,闇属性の攻撃に弱くなる
foot_equip,0x08C9EC98,0x08C9DBA4,14,Max HP +%d%,foot_equip#1425,最大ＨＰ＋%d％
foot_equip,0x08C9EC9C,0x08C9DBB4,14,Max HP -%d%,foot_equip#1426,最大ＨＰ−%d％
foot_equip,0x08C9ECA0,0x08C9DBC4,58,Increases character's Max HP. Stacks with same effect.,foot_equip#1427,キャラクターの最大ＨＰが上昇。同効果装備があればさらに加算
foot_equip,0x08C9ECA4,0x08C9DC00,28,Decreases character's Max HP.,foot_equip#1428,キャラクターの最大ＨＰが減少
foot_equip,0x08C9ECB0,0x08C9DC20,14,Max TP +%d%,foot_equip#1429,最大ＴＰ＋%d％
foot_equip,0x08C9ECB4,0x08C9DC30,14,Max TP -%d%,foot_equip#1430,最大ＴＰ−%d％
foot_equip,0x08C9ECB8,0x08C9DC40,58,Increases character's Max TP. Stacks with same effect.,foot_equip#1431,キャラクターの最大ＴＰが上昇。同効果装備があればさらに加算
foot_equip,0x08C9ECBC,0x08C9DC7C,28,Decreases character's Max TP.,foot_equip#1432,キャラクターの最大ＴＰが減少
foot_equip,0x08C9ECC8,0x08C9DC9C,20,Base P.Atk +%d%,foot_equip#1433,基礎物理攻撃力＋%d％
foot_equip,0x08C9ECCC,0x08C9DCB4,20,Base P.Atk -%d%,foot_equip#1434,基礎物理攻撃力−%d％
foot_equip,0x08C9ECD0,0x08C9DCCC,34,Increases character's base P.Atk.,foot_equip#1435,キャラクターの基礎物理攻撃力が上昇
foot_equip,0x08C9ECD4,0x08C9DCF0,34,Decreases character's base P.Atk.,foot_equip#1436,キャラクターの基礎物理攻撃力が減少
foot_equip,0x08C9ECE0,0x08C9DD14,18,Base M.Atk +%d%,foot_equip#1437,基礎術攻撃力＋%d％
foot_equip,0x08C9ECE4,0x08C9DD28,18,Base M.Atk -%d%,foot_equip#1438,基礎術攻撃力−%d％
foot_equip,0x08C9ECE8,0x08C9DD3C,32,Increases character's base M.Atk.,foot_equip#1439,キャラクターの基礎術攻撃力が上昇
foot_equip,0x08C9ECEC,0x08C9DD60,32,Decreases character's base M.Atk.,foot_equip#1440,キャラクターの基礎術攻撃力が減少
foot_equip,0x08C9ECF8,0x08C9DD84,20,Base P.Def +%d%,foot_equip#1441,基礎物理防御力＋%d％
foot_equip,0x08C9ECFC,0x08C9DD9C,20,Base P.Def -%d%,foot_equip#1442,基礎物理防御力−%d％
foot_equip,0x08C9ED00,0x08C9DDB4,34,Increases character's base P.Def.,foot_equip#1443,キャラクターの基礎物理防御力が上昇
foot_equip,0x08C9ED04,0x08C9DDD8,34,Decreases character's base P.Def.,foot_equip#1444,キャラクターの基礎物理防御力が減少
foot_equip,0x08C9ED10,0x08C9DDFC,18,Base M.Def +%d%,foot_equip#1445,基礎術防御力＋%d％
foot_equip,0x08C9ED14,0x08C9DE10,18,Base M.Def -%d%,foot_equip#1446,基礎術防御力−%d％
foot_equip,0x08C9ED18,0x08C9DE24,32,Increases character's base M.Def.,foot_equip#1447,キャラクターの基礎術防御力が上昇
foot_equip,0x08C9ED1C,0x08C9DE48,32,Decreases character's base M.Def.,foot_equip#1448,キャラクターの基礎術防御力が減少
foot_equip,0x08C9ED28,0x08C9DE6C,14,Base Agi +%d,foot_equip#1449,基礎敏捷値＋%d
foot_equip,0x08C9ED2C,0x08C9DE7C,14,Base Agi -%d,foot_equip#1450,基礎敏捷値−%d
foot_equip,0x08C9ED30,0x08C9DE8C,30,Increases character's base Agi.,foot_equip#1451,キャラクターの基礎敏捷値が上昇
foot_equip,0x08C9ED34,0x08C9DEAC,30,Decreases character's base Agi.,foot_equip#1452,キャラクターの基礎敏捷値が減少
foot_equip,0x08C9ED3C,0x08C9DECC,8,Cast Time,foot_equip#1453,詠唱時間
foot_equip,0x08C9ED40,0x08C9DED8,14,Cast Time +%d%,foot_equip#1454,詠唱時間＋%d％
foot_equip,0x08C9ED44,0x08C9DEE8,14,Cast Time -%d%,foot_equip#1455,詠唱時間−%d％
foot_equip,0x08C9ED48,0x08C9DEF8,22,Increases arte casting time.,foot_equip#1456,術の詠唱時間が長くなる
foot_equip,0x08C9ED4C,0x08C9DF10,40,Shortens arte casting time. Stacks with other equipment.,foot_equip#1457,術の詠唱時間が短縮。他部位の同効果は加算
foot_equip,0x08C9ED54,0x08C9DF3C,8,TP Consumption,foot_equip#1458,TP消費量
foot_equip,0x08C9ED58,0x08C9DF48,14,TP Consumption +%d%,foot_equip#1459,TP消費量＋%d％
foot_equip,0x08C9ED5C,0x08C9DF58,16,TP Consumption -%d%,foot_equip#1460,ＴＰ消費量−%d％
foot_equip,0x08C9ED60,0x08C9DF6C,24,Increases TP consumed by artes and skills.,foot_equip#1461,術や技の消費ＴＰ量が増加
foot_equip,0x08C9ED64,0x08C9DF88,46,Decreases TP consumed by artes and skills. Stacks with other equipment.,foot_equip#1462,術や技の消費ＴＰ量が減少。他部位の同効果は加算
foot_equip,0x08C9ED6C,0x08C9DFB8,10,Guard Reinforcement,foot_equip#1463,ガード強化
foot_equip,0x08C9ED70,0x08C9DFC4,14,Guard Reinforcement +%d,foot_equip#1464,ガード強化＋%d
foot_equip,0x08C9ED78,0x08C9DFD4,54,Harder to guard break. Stacks with same effect.,foot_equip#1465,ガードブレイクされにくい。同効果装備があればさらに加算
foot_equip,0x08C9ED84,0x08C9E00C,12,Stagger Resistance,foot_equip#1466,仰け反り耐性
foot_equip,0x08C9ED88,0x08C9E01C,16,Stagger Resistance +%d,foot_equip#1467,仰け反り耐性＋%d
foot_equip,0x08C9ED90,0x08C9E030,30,Harder to stagger when receiving attacks.,foot_equip#1468,攻撃を受けた時に仰け反りにくい
foot_equip,0x08C9ED9C,0x08C9E050,14,Result TP Recovery,foot_equip#1469,リザルトTP回復
foot_equip,0x08C9EDA0,0x08C9E060,22,Result TP Recovery +%d%,foot_equip#1470,リザルトＴＰ回復＋%d％
foot_equip,0x08C9EDA8,0x08C9E078,62,Modifies TP recovered on victory screen. Stacks with same effect.,foot_equip#1471,リザルト時に回復するＴＰ量が変化。同効果装備があればさらに加算
foot_equip,0x08C9EDB8,0x08C9E0B8,26,Easier to Become Enemy Target,foot_equip#1472,敵のターゲットになりやすい
foot_equip,0x08C9EDC0,0x08C9E0D4,26,Easier to be targeted by enemies in battle.,foot_equip#1473,戦闘中、敵から狙われやすい
foot_equip,0x08C9EDD0,0x08C9E0F0,26,Harder to Become Enemy Target,foot_equip#1474,敵のターゲットになりにくい
foot_equip,0x08C9EDD8,0x08C9E10C,26,Harder to be targeted by enemies in battle.,foot_equip#1475,戦闘中、敵から狙われにくい
foot_equip,0x08C9EDE4,0x08C9E128,8,Prevent Poison,foot_equip#1476,毒を防止
foot_equip,0x08C9EDE8,0x08C9E128,8,Prevent Poison,foot_equip#1476,毒を防止
foot_equip,0x08C9EDF0,0x08C9E134,14,Nullifies poison.,foot_equip#1477,毒状態を無効化
foot_equip,0x08C9EDFC,0x08C9E144,10,Prevent Weakness,foot_equip#1478,衰弱を防止
foot_equip,0x08C9EE00,0x08C9E144,10,Prevent Weakness,foot_equip#1478,衰弱を防止
foot_equip,0x08C9EE08,0x08C9E150,16,Nullifies weakness.,foot_equip#1479,衰弱状態を無効化
foot_equip,0x08C9EE14,0x08C9E164,10,Prevent Stun,foot_equip#1480,気絶を防止
foot_equip,0x08C9EE18,0x08C9E164,10,Prevent Stun,foot_equip#1480,気絶を防止
foot_equip,0x08C9EE20,0x08C9E170,16,Nullifies stun.,foot_equip#1481,気絶状態を無効化
foot_equip,0x08C9EE2C,0x08C9E184,14,Prevent Arte/Skill Seal,foot_equip#1482,術技封印を防止
foot_equip,0x08C9EE30,0x08C9E184,14,Prevent Arte/Skill Seal,foot_equip#1482,術技封印を防止
foot_equip,0x08C9EE38,0x08C9E194,20,Nullifies arte and skill seal.,foot_equip#1483,術技封印状態を無効化
foot_equip,0x08C9EE44,0x08C9E1AC,10,Prevent Paralysis,foot_equip#1484,麻痺を防止
foot_equip,0x08C9EE48,0x08C9E1AC,10,Prevent Paralysis,foot_equip#1484,麻痺を防止
foot_equip,0x08C9EE50,0x08C9E1B8,16,Nullifies paralysis.,foot_equip#1485,麻痺状態を無効化
foot_equip,0x08C9EE5C,0x08C9E1CC,10,Prevent Petrification,foot_equip#1486,石化を防止
foot_equip,0x08C9EE60,0x08C9E1CC,10,Prevent Petrification,foot_equip#1486,石化を防止
foot_equip,0x08C9EE68,0x08C9E1D8,16,Nullifies petrification.,foot_equip#1487,石化状態を無効化
foot_equip,0x08C9EE74,0x08C9E1EC,12,Prevent Status Ailments,foot_equip#1488,状態異常防止
foot_equip,0x08C9EE78,0x08C9E1EC,12,Prevent Status Ailments,foot_equip#1488,状態異常防止
foot_equip,0x08C9EE80,0x08C9E1FC,22,Nullifies all status ailments.,foot_equip#1489,全ての状態異常を無効化
foot_equip,0x08C9EE8C,0x08C9E214,16,HP Recovery on Enemy Defeat,foot_equip#1490,敵撃破時にHP回復
foot_equip,0x08C9EE90,0x08C9E228,20,Recover %d% HP on Enemy Defeat,foot_equip#1491,敵撃破時にHP%d％回復
foot_equip,0x08C9EE98,0x08C9E240,58,Recovers HP when dealing the finishing blow. Stacks with same effect.,foot_equip#1492,敵に止めを刺した時、HPが回復。同効果装備があればさらに加算
foot_equip,0x08C9EEA4,0x08C9E27C,16,TP Recovery on Enemy Defeat,foot_equip#1493,敵撃破時にTP回復
foot_equip,0x08C9EEA8,0x08C9E290,20,Recover %d% TP on Enemy Defeat,foot_equip#1494,敵撃破時にTP%d％回復
foot_equip,0x08C9EEB0,0x08C9E2A8,58,Recovers TP when dealing the finishing blow. Stacks with same effect.,foot_equip#1495,敵に止めを刺した時、TPが回復。同効果装備があればさらに加算
foot_equip,0x08C9EEBC,0x08C9E2E4,10,EXP Earned,foot_equip#1496,獲得経験値
foot_equip,0x08C9EEC0,0x08C9E2F0,16,EXP Earned +%d%,foot_equip#1497,獲得経験値＋%d％
foot_equip,0x08C9EEC8,0x08C9E304,56,Increases EXP earned in battle. Stacks with same effect.,foot_equip#1498,戦闘で獲得する経験値が増加。同効果装備があればさらに加算
foot_equip,0x08C9EED4,0x08C9E340,20,Grade Points Earned,foot_equip#1499,獲得グレードポイント
foot_equip,0x08C9EED8,0x08C9E358,26,Grade Points Earned +%d%,foot_equip#1500,獲得グレードポイント＋%d％
foot_equip,0x08C9EEE0,0x08C9E374,66,Increases Grade Points earned in battle. Stacks with same effect.,foot_equip#1501,戦闘で獲得するグレードポイントが増加。同効果装備があればさらに加算
foot_equip,0x08C9EEEC,0x08C9E3B8,10,Gald Earned,foot_equip#1502,獲得ガルド
foot_equip,0x08C9EEF0,0x08C9E3C4,16,Gald Earned +%d%,foot_equip#1503,獲得ガルド＋%d％
foot_equip,0x08C9EEF8,0x08C9E3D8,56,Increases Gald earned in battle. Stacks with same effect.,foot_equip#1504,戦闘で獲得するガルドが増加。同効果装備があればさらに加算
foot_equip,0x08C9EF04,0x08C9E414,10,Rare Drop Boost,foot_equip#1505,レア獲得増
foot_equip,0x08C9EF08,0x08C9E420,14,Rare Drop Boost +%d,foot_equip#1506,レア獲得増＋%d
foot_equip,0x08C9EF10,0x08C9E430,62,Easier to obtain gear with skills. Stacks with same effect.,foot_equip#1507,スキルの付いた装備を入手しやすい。同効果装備があればさらに加算
foot_equip,0x08C9EF1C,0x08C9E470,16,Skill Slot Boost,foot_equip#1508,スキルスロット増
foot_equip,0x08C9EF20,0x08C9E484,20,Skill Slot Boost +%d,foot_equip#1509,スキルスロット増＋%d
foot_equip,0x08C9EF28,0x08C9E49C,68,Easier to obtain gear with more skill slots. Stacks with same effect.,foot_equip#1510,スキルスロットが多い装備を入手しやすい。同効果装備があればさらに加算
foot_equip,0x08C9EF34,0x08C9E4E4,14,Item Drop Boost,foot_equip#1511,獲得アイテム増
foot_equip,0x08C9EF38,0x08C9E4F4,24,Enemy Item Drops +%d,foot_equip#1512,敵からのアイテム獲得＋%d
foot_equip,0x08C9EF40,0x08C9E510,64,Easier to obtain items from defeated enemies. Stacks with same effect.,foot_equip#1513,倒した敵からアイテムを入手しやすい。同効果装備があればさらに加算
foot_equip,0x08C9EF4C,0x08C9E554,8,Foraging Effect,foot_equip#1514,採取効果
foot_equip,0x08C9EF50,0x08C9E560,12,Foraging Effect +%d,foot_equip#1515,採取効果＋%d
foot_equip,0x08C9EF58,0x08C9E570,58,Easier to obtain items from foraging. Stacks with same effect.,foot_equip#1516,採取でアイテムを入手しやすい。同効果装備があればさらに加算
foot_equip,0x08C9EF64,0x08C9E5AC,8,Mining Effect,foot_equip#1517,採掘効果
foot_equip,0x08C9EF68,0x08C9E5B8,12,Mining Effect +%d,foot_equip#1518,採掘効果＋%d
foot_equip,0x08C9EF70,0x08C9E5C8,58,Easier to obtain items from mining. Stacks with same effect.,foot_equip#1519,採掘でアイテムを入手しやすい。同効果装備があればさらに加算
foot_equip,0x08C9EF7C,0x08C9E604,16,Treasure Chest Drop Effect,foot_equip#1520,宝箱ドロップ効果
foot_equip,0x08C9EF80,0x08C9E618,20,Treasure Chest Drop Effect +%d,foot_equip#1521,宝箱ドロップ効果＋%d
foot_equip,0x08C9EF88,0x08C9E630,60,Easier to obtain items from treasure chests. Stacks with same effect.,foot_equip#1522,宝箱からアイテムを入手しやすい。同効果装備があればさらに加算
foot_equip,0x08C9EF94,0x08C9E670,12,Quest Rewards,foot_equip#1523,クエスト報酬
foot_equip,0x08C9EF98,0x08C9E680,20,Quest Rewards Earned +%d,foot_equip#1524,クエスト報酬獲得＋%d
foot_equip,0x08C9EFA0,0x08C9E698,34,Increases acquisition rate of candidate quest rewards.,foot_equip#1525,クエストの報酬候補の取得率が上がる
foot_equip,0x08C9EFAC,0x08C9E6BC,14,Map Movement Speed,foot_equip#1526,マップ移動速度
foot_equip,0x08C9EFB0,0x08C9E6CC,24,Dungeon Movement Speed +%d%,foot_equip#1527,ダンジョン移動速度＋%d％
foot_equip,0x08C9EFB4,0x08C9E6E8,24,Dungeon Movement Speed -%d%,foot_equip#1528,ダンジョン移動速度−%d％
foot_equip,0x08C9EFB8,0x08C9E704,28,Increases movement speed in dungeons.,foot_equip#1529,ダンジョンでの移動速度が上昇
foot_equip,0x08C9EFBC,0x08C9E724,28,Decreases movement speed in dungeons.,foot_equip#1530,ダンジョンでの移動速度が減少
foot_equip,0x08C9EFC4,0x08C9E744,8,Escape Time,foot_equip#1531,逃走時間
foot_equip,0x08C9EFC8,0x08C9E750,14,Escape Time +%d%,foot_equip#1532,逃走時間＋%d％
foot_equip,0x08C9EFCC,0x08C9E760,14,Escape Time -%d%,foot_equip#1533,逃走時間−%d％
foot_equip,0x08C9EFD0,0x08C9E770,26,Increases time required to escape.,foot_equip#1534,逃走に必要な時間が長くなる
foot_equip,0x08C9EFD4,0x08C9E78C,26,Shortens time required to escape.,foot_equip#1535,逃走に必要な時間が短くなる
foot_equip,0x08C9EFE0,0x08C9E7A8,28,Ignore Back Attack Penalty,foot_equip#1536,バックアタックペナルティ無視
foot_equip,0x08C9EFE4,0x08C9E7C8,24,Always Suffer Back Attack,foot_equip#1537,常にバックアタックされる
foot_equip,0x08C9EFE8,0x08C9E7E4,57,Prevents back attacks even when touched\nfrom behind by an enemy symbol.,foot_equip#1538,敵シンボルに後ろから接触されても、\nバックアタックされない
foot_equip,0x08C9EFEC,0x08C9E820,30,Always results in a back attack.,foot_equip#1539,常にバックアタックされてしまう
foot_equip,0x08C9EFF8,0x08C9E840,26,Enemy Symbol Movement Speed +%d%,foot_equip#1540,敵シンボルの移動速度＋%d％
foot_equip,0x08C9EFFC,0x08C9E85C,26,Enemy Symbol Movement Speed -%d%,foot_equip#1541,敵シンボルの移動速度−%d％
foot_equip,0x08C9F000,0x08C9E878,40,Increases enemy symbol movement speed in dungeons.,foot_equip#1542,ダンジョンでの敵シンボルの移動速度が上昇
foot_equip,0x08C9F004,0x08C9E8A4,40,Decreases enemy symbol movement speed in dungeons.,foot_equip#1543,ダンジョンでの敵シンボルの移動速度が減少
foot_equip,0x08C9F010,0x08C9E8D0,26,Enemy Symbol Spawn Rate +%d%,foot_equip#1544,敵シンボルの出現頻度＋%d％
foot_equip,0x08C9F014,0x08C9E8EC,26,Enemy Symbol Spawn Rate -%d%,foot_equip#1545,敵シンボルの出現頻度−%d％
foot_equip,0x08C9F018,0x08C9E908,40,Increases enemy symbol spawn rate in dungeons.,foot_equip#1546,ダンジョンでの敵シンボルの出現頻度が上昇
foot_equip,0x08C9F01C,0x08C9E934,40,Decreases enemy symbol spawn rate in dungeons.,foot_equip#1547,ダンジョンでの敵シンボルの出現頻度が減少
foot_equip,0x08C9F028,0x08C9E960,26,Enemy Symbols Less Aggressive,foot_equip#1548,敵シンボルが襲ってきにくい
foot_equip,0x08C9F02C,0x08C9E97C,26,Enemy Symbols More Aggressive,foot_equip#1549,敵シンボルが襲ってきやすい
foot_equip,0x08C9F030,0x08C9E998,44,Enemy symbols behave less aggressively in dungeons.,foot_equip#1550,ダンジョンでの敵シンボルの行動が消極的になる
foot_equip,0x08C9F034,0x08C9E9C8,38,Enemy symbols become more aggressive in dungeons.,foot_equip#1551,ダンジョンでの敵シンボルが好戦的になる
foot_equip,0x08C9F048,0x08C9E9FC,62,An empty equip skill slot. You can add equip skills through synthesis.,foot_equip#1552,装備スキルが空白のスロットです。合成で装備スキルを付加出来ます
consumable,0x08C9F414,0x08C9F0BC,12,Apple Gummy,consumable#0,アップルグミ
consumable,0x08C9F418,0x08C9F0BC,12,Apple Gummy,consumable#0,アップルグミ
consumable,0x08C9F41C,0x08C9F0CC,42,A jelly-like medicine made from an apple and a gummy base.,consumable#1,アップルとグミの元で作られた、ゼリー状の薬
consumable,0x08C9F42C,0x08C9F0F8,12,Orange Gummy,consumable#2,オレンジグミ
consumable,0x08C9F430,0x08C9F0F8,12,Orange Gummy,consumable#2,オレンジグミ
consumable,0x08C9F434,0x08C9F108,42,A jelly-like medicine made from an orange and a gummy base.,consumable#3,オレンジとグミの元で作られた、ゼリー状の薬
consumable,0x08C9F444,0x08C9F134,10,Lemon Gummy,consumable#4,レモングミ
consumable,0x08C9F448,0x08C9F134,10,Lemon Gummy,consumable#4,レモングミ
consumable,0x08C9F44C,0x08C9F140,40,A jelly-like medicine made from a lemon and a gummy base.,consumable#5,レモンとグミの元で作られた、ゼリー状の薬
consumable,0x08C9F45C,0x08C9F16C,10,Pine Gummy,consumable#6,パイングミ
consumable,0x08C9F460,0x08C9F16C,10,Pine Gummy,consumable#6,パイングミ
consumable,0x08C9F464,0x08C9F178,40,A jelly-like medicine made from a pineapple and a gummy base.,consumable#7,パインとグミの元で作られた、ゼリー状の薬
consumable,0x08C9F474,0x08C9F1A4,12,Mix Gummy,consumable#8,ミックスグミ
consumable,0x08C9F478,0x08C9F1A4,12,Mix Gummy,consumable#8,ミックスグミ
consumable,0x08C9F47C,0x08C9F1B4,52,"A jelly-like medicine made from an apple, an orange, and a gummy base.",consumable#9,アップルとオレンジとグミの元で作られた、ゼリー状の薬
consumable,0x08C9F48C,0x08C9F1EC,12,Miracle Gummy,consumable#10,ミラクルグミ
consumable,0x08C9F490,0x08C9F1EC,12,Miracle Gummy,consumable#10,ミラクルグミ
consumable,0x08C9F494,0x08C9F1FC,32,A jelly-like medicine that is miraculous in every way.,consumable#11,何もかもが奇跡的な、ゼリー状の薬
consumable,0x08C9F4A4,0x08C9F220,14,Specific,consumable#12,スペシフィック
consumable,0x08C9F4A8,0x08C9F220,14,Specific,consumable#12,スペシフィック
consumable,0x08C9F4AC,0x08C9F230,46,A jelly-like medicine made from cola nuts and a gummy base.,consumable#13,コラ・ナッツとグミの元で作られた、ゼリー状の薬
consumable,0x08C9F4BC,0x08C9F260,8,Treat,consumable#14,トリート
consumable,0x08C9F4C0,0x08C9F260,8,Treat,consumable#14,トリート
consumable,0x08C9F4C4,0x08C9F26C,40,A jelly-like medicine made from a large quantity of gummy ingredients.,consumable#15,大量のグミ素材から作られた、ゼリー状の薬
consumable,0x08C9F4D4,0x08C9F298,12,Cure Bottle,consumable#16,キュアボトル
consumable,0x08C9F4D8,0x08C9F298,12,Cure Bottle,consumable#16,キュアボトル
consumable,0x08C9F4DC,0x08C9F2A8,30,A liquid medicine that cures status ailments.,consumable#17,状態異常を回復させる、液体薬品
consumable,0x08C9F4EC,0x08C9F2C8,14,Dinei Bottle,consumable#18,ディネイボトル
consumable,0x08C9F4F0,0x08C9F2C8,14,Dinei Bottle,consumable#18,ディネイボトル
consumable,0x08C9F4F4,0x08C9F2D8,30,A liquid medicine that cures stat changes.,consumable#19,状態変化を回復させる、液体薬品
consumable,0x08C9F504,0x08C9F2F8,16,Panacea Bottle,consumable#20,パナシーアボトル
consumable,0x08C9F508,0x08C9F2F8,16,Panacea Bottle,consumable#20,パナシーアボトル
consumable,0x08C9F50C,0x08C9F30C,40,A liquid medicine that cures status ailments and stat changes.,consumable#21,状態異常と状態変化を回復させる、液体薬品
consumable,0x08C9F51C,0x08C9F338,12,Life Bottle,consumable#22,ライフボトル
consumable,0x08C9F520,0x08C9F338,12,Life Bottle,consumable#22,ライフボトル
consumable,0x08C9F524,0x08C9F348,30,A liquid medicine that revives fallen allies.,consumable#23,戦闘不能を回復させる、液体薬品
consumable,0x08C9F534,0x08C9F368,12,Elixir,consumable#24,エリクシール
consumable,0x08C9F538,0x08C9F368,12,Elixir,consumable#24,エリクシール
consumable,0x08C9F53C,0x08C9F378,36,"A panacea that completely restores HP, TP, and cures status ailments.",consumable#25,HP、TP、状態異常を全て回復する万能薬
consumable,0x08C9F54C,0x08C9F3A0,14,Spectacles,consumable#26,スペクタクルズ
consumable,0x08C9F550,0x08C9F3A0,14,Spectacles,consumable#26,スペクタクルズ
consumable,0x08C9F554,0x08C9F3B0,20,Analyzes an enemy's stats.,consumable#27,敵のステータスを解析
consumable,0x08C9F564,0x08C9F3C8,14,Oily Flower Mushroom,consumable#28,ハナアブラダケ
consumable,0x08C9F568,0x08C9F3C8,14,Oily Flower Mushroom,consumable#28,ハナアブラダケ
consumable,0x08C9F56C,0x08C9F3D8,32,Ingredients for Tytree's prized mushroom dish.,consumable#29,ティトレイ自慢のキノコ料理の材料
craft_material,0x08C9F978,0x08C9F590,8,Grain,craft_material#0,こくもつ
craft_material,0x08C9F97C,0x08C9F59C,8,Grain,craft_material#1,コクモツ
craft_material,0x08C9F980,0x08C9F5A8,18,"A staple food, yet subtle in flavor.",craft_material#2,主食なのに味は脇役
craft_material,0x08C9F98C,0x08C9F5BC,10,Vegetable,craft_material#3,ベジタブル
craft_material,0x08C9F990,0x08C9F5C8,11,Vegetable,craft_material#4,ベジタブル 
craft_material,0x08C9F994,0x08C9F5D4,26,Eating only this leaves the stomach feeling lonely...,craft_material#5,これだけじゃ胃袋が寂しい…
craft_material,0x08C9F9A0,0x08C9F5F0,6,Meat,craft_material#6,ミート
craft_material,0x08C9F9A4,0x08C9F5F8,7,Meat,craft_material#7,ミート 
craft_material,0x08C9F9A8,0x08C9F600,36,Meat of some kind that... probably grew up carefree.,craft_material#8,のびのびと育った…であろう、何かの肉
craft_material,0x08C9F9B4,0x08C9F628,10,Seafood,craft_material#9,シーフード
craft_material,0x08C9F9B8,0x08C9F634,11,Seafood,craft_material#10,シーフード 
craft_material,0x08C9F9BC,0x08C9F640,38,"They call it sea-food, but it is seafood even from a river.",craft_material#11,シーとは言うが、川でとれてもシーフード
craft_material,0x08C9F9C8,0x08C9F668,6,Egg,craft_material#12,たまご
craft_material,0x08C9F9CC,0x08C9F670,6,Egg,craft_material#13,タマゴ
craft_material,0x08C9F9D0,0x08C9F678,42,"No idea what kind of egg it is, but an egg is an egg.",craft_material#14,何の「卵」かは知らないが、とにかく「玉子」
craft_material,0x08C9F9DC,0x08C9F6A4,6,Milk,craft_material#15,ミルク
craft_material,0x08C9F9E0,0x08C9F6AC,7,Milk,craft_material#16,ミルク 
craft_material,0x08C9F9E4,0x08C9F6B4,20,Fluid secreted out of maternal love.,craft_material#17,母性愛で分泌された汁
craft_material,0x08C9F9F0,0x08C9F6CC,6,Seasoning,craft_material#18,調味料
craft_material,0x08C9F9F4,0x08C9F6D4,14,Seasoning,craft_material#19,チョウミリョウ
craft_material,0x08C9F9F8,0x08C9F6E4,24,"Without this, cooking has no flavor.",craft_material#20,これが無い料理は味が無い
craft_material,0x08C9FA04,0x08C9F700,8,Fruit,craft_material#21,フルーツ
craft_material,0x08C9FA08,0x08C9F70C,9,Fruit,craft_material#22,フルーツ 
craft_material,0x08C9FA0C,0x08C9F718,32,"Strawberries, watermelons, and melons are actually vegetables.",craft_material#23,イチゴとスイカとメロンは野菜です
craft_material,0x08C9FA18,0x08C9F73C,8,Spice,craft_material#24,スパイス
craft_material,0x08C9FA1C,0x08C9F748,9,Spice,craft_material#25,スパイス 
craft_material,0x08C9FA20,0x08C9F754,16,Something essential in life.,craft_material#26,人生に必要なもの
craft_material,0x08C9FA2C,0x08C9F768,12,Rare Spice,craft_material#27,レアスパイス
craft_material,0x08C9FA30,0x08C9F778,13,Rare Spice,craft_material#28,レアスパイス 
craft_material,0x08C9FA34,0x08C9F788,26,"A spice that packs a punch, despite its small grains.",craft_material#29,小粒でもぴりりと高い香辛料
craft_material,0x08C9FA40,0x08C9F7A4,8,Gummy Base,craft_material#30,グミの元
craft_material,0x08C9FA44,0x08C9F7B0,10,Gummy Base,craft_material#31,グミノモト
craft_material,0x08C9FA48,0x08C9F7BC,12,Base ingredient used to make gummies.,craft_material#32,グミを作る元
craft_material,0x08C9FA54,0x08C9F7CC,8,Apple,craft_material#33,アップル
craft_material,0x08C9FA58,0x08C9F7CC,8,Apple,craft_material#33,アップル
craft_material,0x08C9FA5C,0x08C9F7D8,38,"A fruit good stewed, baked, or raw.",craft_material#34,煮てよし、焼いてよし、生でもよしの果物
craft_material,0x08C9FA68,0x08C9F800,8,Orange,craft_material#35,オレンジ
craft_material,0x08C9FA6C,0x08C9F800,8,Orange,craft_material#35,オレンジ
craft_material,0x08C9FA70,0x08C9F80C,26,A fruit whose juice stings if it gets in your eyes.,craft_material#36,果汁が目に入ると沁みる果物
craft_material,0x08C9FA7C,0x08C9F828,6,Lemon,craft_material#37,レモン
craft_material,0x08C9FA80,0x08C9F828,6,Lemon,craft_material#37,レモン
craft_material,0x08C9FA84,0x08C9F830,26,A fruit that makes your mouth water just imagining it.,craft_material#38,想像するとヨダレが出る果物
craft_material,0x08C9FA90,0x08C9F84C,6,Pineapple,craft_material#39,パイン
craft_material,0x08C9FA94,0x08C9F84C,6,Pineapple,craft_material#39,パイン
craft_material,0x08C9FA98,0x08C9F854,18,"A prickling, prickly fruit.",craft_material#40,ちくちくと痛い果物
craft_material,0x08C9FAA4,0x08C9F868,12,Cola Nut,craft_material#41,コラ・ナッツ
craft_material,0x08C9FAA8,0x08C9F868,12,Cola Nut,craft_material#41,コラ・ナッツ
craft_material,0x08C9FAAC,0x08C9F878,14,Nut from a cola tree.,craft_material#42,コーラの木の実
craft_material,0x08C9FAB8,0x08C9F888,6,Bottle,craft_material#43,ボトル
craft_material,0x08C9FABC,0x08C9F888,6,Bottle,craft_material#43,ボトル
craft_material,0x08C9FAC0,0x08C9F890,16,Base material used to make bottles.,craft_material#44,ボトル類を作る元
craft_material,0x08C9FACC,0x08C9F8A4,8,Fruit of Life,craft_material#45,生命の実
craft_material,0x08C9FAD0,0x08C9F8B0,12,Fruit of Life,craft_material#46,セイメイノミ
craft_material,0x08C9FAD4,0x08C9F8C0,36,A miraculous fruit said to increase life force.,craft_material#47,生命力を増大させるといわれる奇跡の実
craft_material,0x08C9FAE0,0x08C9F8E8,8,Fruit of Calamity,craft_material#48,災厄の実
craft_material,0x08C9FAE4,0x08C9F8F4,12,Fruit of Calamity,craft_material#49,サイヤクノミ
craft_material,0x08C9FAE8,0x08C9F904,34,A miraculous fruit said to invite calamity.,craft_material#50,災厄を呼び起こすといわれる奇跡の実
craft_material,0x08C9FAF4,0x08C9F928,8,Holy Fruit,craft_material#51,聖なる実
craft_material,0x08C9FAF8,0x08C9F934,10,Holy Fruit,craft_material#52,セイナルミ
craft_material,0x08C9FAFC,0x08C9F940,32,A miraculous fruit said to ward off calamity.,craft_material#53,災厄を振り払うといわれる奇跡の実
enhance_material,0x08CA093C,0x08C9FB1C,2,Copper,enhance_material#0,銅
enhance_material,0x08CA0940,0x08C9FB20,4,Copper,enhance_material#1,ドウ
enhance_material,0x08CA0944,0x08C9FB28,12,A reddish mineral.,enhance_material#2,赤い色の鉱物
enhance_material,0x08CA0974,0x08C9FB38,2,Silver,enhance_material#3,銀
enhance_material,0x08CA0978,0x08C9FB3C,4,Silver,enhance_material#4,ギン
enhance_material,0x08CA097C,0x08C9FB44,18,A valuable mineral that shines with a white luster.,enhance_material#5,白く輝く高価な鉱物
enhance_material,0x08CA09AC,0x08C9FB58,2,Gold,enhance_material#6,金
enhance_material,0x08CA09B0,0x08C9FB5C,4,Gold,enhance_material#7,キン
enhance_material,0x08CA09B4,0x08C9FB64,18,A valuable mineral that shines with golden luster.,enhance_material#8,金に輝く高価な鉱物
enhance_material,0x08CA09E4,0x08C9FB78,12,Damascus Steel,enhance_material#9,ダマスカス鋼
enhance_material,0x08CA09E8,0x08C9FB88,14,Damascus Steel,enhance_material#10,ダマスカスコウ
enhance_material,0x08CA09EC,0x08C9FB98,30,A tough mineral featuring woodgrain-like patterns.,enhance_material#11,木目状の模様がある、強靭な鉱物
enhance_material,0x08CA0A1C,0x08C9FBB8,12,Hihiirokane,enhance_material#12,ヒヒイロカネ
enhance_material,0x08CA0A20,0x08C9FBB8,12,Hihiirokane,enhance_material#12,ヒヒイロカネ
enhance_material,0x08CA0A24,0x08C9FBC8,28,A living mineral that emits its own radiance.,enhance_material#13,自ら輝きを発する、生きた鉱物
enhance_material,0x08CA0A54,0x08C9FBE8,4,Crystal,enhance_material#14,水晶
enhance_material,0x08CA0A58,0x08C9FBF0,10,Crystal,enhance_material#15,スイショウ
enhance_material,0x08CA0A5C,0x08C9FBFC,22,"A colorless, transparent gemstone like ice.",enhance_material#16,無色透明、氷の様な宝石
enhance_material,0x08CA0A8C,0x08C9FC14,12,Moldavite,enhance_material#17,モルダバイト
enhance_material,0x08CA0A90,0x08C9FC14,12,Moldavite,enhance_material#17,モルダバイト
enhance_material,0x08CA0A94,0x08C9FC24,34,A glassy gemstone formed by a meteorite impact.,enhance_material#18,隕石の衝突で生まれたガラス質の宝石
enhance_material,0x08CA0AC4,0x08C9FC48,16,Aura Crystal,enhance_material#19,オーラクリスタル
enhance_material,0x08CA0AC8,0x08C9FC48,16,Aura Crystal,enhance_material#19,オーラクリスタル
enhance_material,0x08CA0ACC,0x08C9FC5C,40,"A gemstone of the quartz family that emits soft, varied colors.",enhance_material#20,淡い様々な色を発する水晶の仲間である宝石
enhance_material,0x08CA0AFC,0x08C9FC88,18,Sacred Seven,enhance_material#21,セイクリッドセブン
enhance_material,0x08CA0B00,0x08C9FC88,18,Sacred Seven,enhance_material#21,セイクリッドセブン
enhance_material,0x08CA0B04,0x08C9FC9C,40,A precious gemstone encasing seven types of minerals.,enhance_material#22,七種の鉱物が封じ込められている貴重な宝石
enhance_material,0x08CA0B34,0x08C9FCC8,8,Pure Star Crystal,enhance_material#23,純結星晶
enhance_material,0x08CA0B38,0x08C9FCD4,18,Pure Star Crystal,enhance_material#24,ジュンケツホスチア
enhance_material,0x08CA0B3C,0x08C9FCE8,28,A gemstone of high-purity mana materialized into physical form.,enhance_material#25,高純度のマナが物質化した宝石
enhance_material,0x08CA0B6C,0x08C9FD08,2,Hemp,enhance_material#26,麻
enhance_material,0x08CA0B70,0x08C9FD0C,4,Hemp,enhance_material#27,アサ
enhance_material,0x08CA0B74,0x08C9FD14,18,Yields tough fibers.,enhance_material#28,硬質の繊維がとれる
enhance_material,0x08CA0BA4,0x08C9FD28,2,Cotton,enhance_material#29,綿
enhance_material,0x08CA0BA8,0x08C9FD2C,4,Cotton,enhance_material#30,ワタ
enhance_material,0x08CA0BAC,0x08C9FD34,34,Yields moisture-absorbent fibers resistant to stretching.,enhance_material#31,伸びにくく吸湿性のある繊維がとれる
enhance_material,0x08CA0BDC,0x08C9FD58,6,Wool,enhance_material#32,ウール
enhance_material,0x08CA0BE0,0x08C9FD58,6,Wool,enhance_material#32,ウール
enhance_material,0x08CA0BE4,0x08C9FD60,30,An elastic fiber that traps plenty of air.,enhance_material#33,弾力があり、空気を多く含む繊維
enhance_material,0x08CA0C14,0x08C9FD80,2,Silk,enhance_material#34,絹
enhance_material,0x08CA0C18,0x08C9FD84,4,Silk,enhance_material#35,キヌ
enhance_material,0x08CA0C1C,0x08C9FD8C,26,"A smooth, lustrous fiber.",enhance_material#36,光沢があり、なめらかな繊維
enhance_material,0x08CA0C4C,0x08C9FDA8,12,Angel Hair,enhance_material#37,エンゼルヘア
enhance_material,0x08CA0C50,0x08C9FDA8,12,Angel Hair,enhance_material#37,エンゼルヘア
enhance_material,0x08CA0C54,0x08C9FDB8,40,A fiber said to be dropped by unidentified flying objects.,enhance_material#38,未確認飛行物体の落としものと言われる繊維
enhance_material,0x08CA0C84,0x08C9FDE4,8,Cracked Fang,enhance_material#39,割れた牙
enhance_material,0x08CA0C88,0x08C9FDF0,10,Cracked Fang,enhance_material#40,ワレタキバ
enhance_material,0x08CA0C8C,0x08C9FDFC,20,A brittle fang eroded by cavities.,enhance_material#41,虫歯に侵されて脆い牙
enhance_material,0x08CA0CBC,0x08C9FE14,8,Ordinary Fang,enhance_material#42,普通の牙
enhance_material,0x08CA0CC0,0x08C9FE20,12,Ordinary Fang,enhance_material#43,フツウノキバ
enhance_material,0x08CA0CC4,0x08C9FE30,10,A healthy fang.,enhance_material#44,健康的な牙
enhance_material,0x08CA0CF4,0x08C9FE3C,6,Sharp Fang,enhance_material#45,鋭い牙
enhance_material,0x08CA0CF8,0x08C9FE44,12,Sharp Fang,enhance_material#46,スルドイキバ
enhance_material,0x08CA0CFC,0x08C9FE54,12,A sharply pointed fang.,enhance_material#47,鋭く尖った牙
enhance_material,0x08CA0D2C,0x08C9FE64,8,Stout Fang,enhance_material#48,頑強な牙
enhance_material,0x08CA0D30,0x08C9FE70,16,Stout Fang,enhance_material#49,ガンキョウナキバ
enhance_material,0x08CA0D34,0x08C9FE84,20,A sturdy and highly aggressive fang.,enhance_material#50,頑丈で攻撃性の高い牙
enhance_material,0x08CA0D64,0x08C9FE9C,8,Overlord's Fang,enhance_material#51,覇王の牙
enhance_material,0x08CA0D68,0x08C9FEA8,12,Overlord's Fang,enhance_material#52,ハオウノキバ
enhance_material,0x08CA0D6C,0x08C9FEB8,38,A fang that evokes the commanding presence of its owner.,enhance_material#53,持ち主の堂々たる風格が思い起こされる牙
enhance_material,0x08CA0D9C,0x08C9FEE0,12,Weak Scale,enhance_material#54,貧弱なウロコ
enhance_material,0x08CA0DA0,0x08C9FEF0,18,Weak Scale,enhance_material#55,ヒンジャクナウロコ
enhance_material,0x08CA0DA4,0x08C9FF04,32,A paper-thin and easily breakable scale.,enhance_material#56,ペラペラと薄く、割れやすいウロコ
enhance_material,0x08CA0DD4,0x08C9FF28,10,Hard Scale,enhance_material#57,硬いウロコ
enhance_material,0x08CA0DD8,0x08C9FF34,12,Hard Scale,enhance_material#58,カタイウロコ
enhance_material,0x08CA0DDC,0x08C9FF44,32,A scale that protected against the outside environment.,enhance_material#59,外部環境から身を守っていたウロコ
enhance_material,0x08CA0E0C,0x08C9FF68,12,Sturdy Scale,enhance_material#60,堅守のウロコ
enhance_material,0x08CA0E10,0x08C9FF78,16,Sturdy Scale,enhance_material#61,ケンシュノウロコ
enhance_material,0x08CA0E14,0x08C9FF8C,34,A scale that defended against enemy attacks.,enhance_material#62,外敵の攻撃から身を守っていたウロコ
enhance_material,0x08CA0E44,0x08C9FFB0,12,Menacing Scale,enhance_material#63,威迫のウロコ
enhance_material,0x08CA0E48,0x08C9FFC0,14,Menacing Scale,enhance_material#64,イハクノウロコ
enhance_material,0x08CA0E4C,0x08C9FFD0,40,A scale developed more for offense than defense.,enhance_material#65,防御よりも、攻撃の為に発達していたウロコ
enhance_material,0x08CA0E7C,0x08C9FFFC,10,Shining Scale,enhance_material#66,輝くウロコ
enhance_material,0x08CA0E80,0x08CA0008,14,Shining Scale,enhance_material#67,カガヤクウロコ
enhance_material,0x08CA0E84,0x08CA0018,32,A scale that gleams bright enough to be mistaken for a jewel.,enhance_material#68,宝石と見まごうばかりに輝くウロコ
enhance_material,0x08CA0EB4,0x08CA003C,16,Bent Beak,enhance_material#69,まがったクチバシ
enhance_material,0x08CA0EB8,0x08CA0050,16,Bent Beak,enhance_material#70,マガッタクチバシ
enhance_material,0x08CA0EBC,0x08CA0064,40,A beak frequently cited as evidence of environmental pollution.,enhance_material#71,環境汚染の証拠に度々持ち出されるクチバシ
enhance_material,0x08CA0EEC,0x08CA0090,12,Long Beak,enhance_material#72,長いクチバシ
enhance_material,0x08CA0EF0,0x08CA00A0,14,Long Beak,enhance_material#73,ナガイクチバシ
enhance_material,0x08CA0EF4,0x08CA00B0,34,"A beak that is long, but not very sturdy.",enhance_material#74,長いだけで強度はあまりないクチバシ
enhance_material,0x08CA0F24,0x08CA00D4,14,Durable Beak,enhance_material#75,丈夫なクチバシ
enhance_material,0x08CA0F28,0x08CA00E4,18,Durable Beak,enhance_material#76,ジョウブなクチバシ
enhance_material,0x08CA0F2C,0x08CA00F8,18,A beak with considerable durability.,enhance_material#77,強度のあるクチバシ
enhance_material,0x08CA0F5C,0x08CA010C,16,Fierce Beak,enhance_material#78,いかついクチバシ
enhance_material,0x08CA0F60,0x08CA0120,16,Fierce Beak,enhance_material#79,イカツイクチバシ
enhance_material,0x08CA0F64,0x08CA0134,32,A beak that also served to intimidate foes.,enhance_material#80,威嚇の役目も果たしていたクチバシ
enhance_material,0x08CA0F94,0x08CA0158,14,Gluttonous Beak,enhance_material#81,貪婪のクチバシ
enhance_material,0x08CA0F98,0x08CA0168,18,Gluttonous Beak,enhance_material#82,ドンランノクチバシ
enhance_material,0x08CA0F9C,0x08CA017C,38,A tenacious beak that has devoured all manner of things.,enhance_material#83,あらゆるものを貪ってきた剛毅なクチバシ
enhance_material,0x08CA0FCC,0x08CA01A4,10,Rigid Tail,enhance_material#84,硬質の尻尾
enhance_material,0x08CA0FD0,0x08CA01B0,16,Rigid Tail,enhance_material#85,コウシツノシッポ
enhance_material,0x08CA0FD4,0x08CA01C4,20,A stiff tail that does not bend.,enhance_material#86,硬くて曲がらない尻尾
enhance_material,0x08CA1004,0x08CA01DC,14,Supple Tail,enhance_material#87,しなやかな尻尾
enhance_material,0x08CA1008,0x08CA01EC,16,Supple Tail,enhance_material#88,シナヤカナシッポ
enhance_material,0x08CA100C,0x08CA0200,28,A supple tail that sways gently back and forth.,enhance_material#89,しなやかでふりふり揺れる尻尾
enhance_material,0x08CA103C,0x08CA0220,12,Wind-Cutting Whisker,enhance_material#90,風切りのヒゲ
enhance_material,0x08CA1040,0x08CA0230,14,Wind-Cutting Whisker,enhance_material#91,カゼキリノヒゲ
enhance_material,0x08CA1044,0x08CA0240,36,A firm and springy whisker that does not waver in the wind.,enhance_material#92,風にも揺れない、ハリとコシのあるヒゲ
enhance_material,0x08CA1074,0x08CA0268,10,Gorgeous Tail,enhance_material#93,絢爛な尻尾
enhance_material,0x08CA1078,0x08CA0274,16,Gorgeous Tail,enhance_material#94,ケンランナシッポ
enhance_material,0x08CA107C,0x08CA0288,26,"A beautiful, yet not particularly cute tail.",enhance_material#95,綺麗だが、可愛さはない尻尾
enhance_material,0x08CA10AC,0x08CA02A4,10,Whisker of Illusion,enhance_material#96,幻視のヒゲ
enhance_material,0x08CA10B0,0x08CA02B0,12,Whisker of Illusion,enhance_material#97,ゲンシノヒゲ
enhance_material,0x08CA10B4,0x08CA02C0,46,"A whisker that appears and disappears, yet definitely exists.",enhance_material#98,見えたり見えなかったりするが確かに実在するヒゲ
enhance_material,0x08CA10E4,0x08CA02F0,8,Tough Hide,enhance_material#99,硬い表皮
enhance_material,0x08CA10E8,0x08CA02FC,14,Tough Hide,enhance_material#100,カタイヒョウヒ
enhance_material,0x08CA10EC,0x08CA030C,22,A tough hide that is difficult to work with.,enhance_material#101,硬いが応用しづらい表皮
enhance_material,0x08CA111C,0x08CA0324,14,Smooth Hide,enhance_material#102,なめらかな表皮
enhance_material,0x08CA1120,0x08CA0334,18,Smooth Hide,enhance_material#103,ナメラカナヒョウヒ
enhance_material,0x08CA1124,0x08CA0348,24,A smooth hide that is easy to process.,enhance_material#104,滑らかで加工が容易な表皮
enhance_material,0x08CA1154,0x08CA0364,10,Glossy Hide,enhance_material#105,艶めく表皮
enhance_material,0x08CA1158,0x08CA0370,16,Glossy Hide,enhance_material#106,ツヤメクヒョウヒ
enhance_material,0x08CA115C,0x08CA0384,18,"A glossy, gleaming hide.",enhance_material#107,ツヤツヤとした表皮
enhance_material,0x08CA118C,0x08CA0398,10,Alluring Hide,enhance_material#108,魅惑の表皮
enhance_material,0x08CA1190,0x08CA03A4,16,Alluring Hide,enhance_material#109,ミワクノヒョウヒ
enhance_material,0x08CA1194,0x08CA03B8,26,A hide so soft you cannot help rubbing your cheek against it.,enhance_material#110,思わず頬擦りしたくなる表皮
enhance_material,0x08CA11C4,0x08CA03D4,10,Refined Hide,enhance_material#111,高雅な表皮
enhance_material,0x08CA11C8,0x08CA03E0,16,Refined Hide,enhance_material#112,コウガナヒョウヒ
enhance_material,0x08CA11CC,0x08CA03F4,32,A hide so elegant it feels presumptuous to even look at it.,enhance_material#113,見る事もはばかられるほど雅な表皮
enhance_material,0x08CA11FC,0x08CA0418,14,Molted Feather,enhance_material#114,抜け落ちた羽根
enhance_material,0x08CA1200,0x08CA0428,14,Molted Feather,enhance_material#115,ヌケオチタハネ
enhance_material,0x08CA1204,0x08CA0438,40,A degraded feather that shed naturally after serving its purpose.,enhance_material#116,用済みとなって身体から抜けた、劣化した羽
enhance_material,0x08CA1234,0x08CA0464,8,Long Feather,enhance_material#117,長い羽根
enhance_material,0x08CA1238,0x08CA0470,10,Long Feather,enhance_material#118,ナガイハネ
enhance_material,0x08CA123C,0x08CA047C,20,"A feather that is long, but not particularly beautiful.",enhance_material#119,長いが美しくはない羽
enhance_material,0x08CA126C,0x08CA0494,10,Splendid Feather,enhance_material#120,華麗な羽根
enhance_material,0x08CA1270,0x08CA04A0,12,Splendid Feather,enhance_material#121,カレイナハネ
enhance_material,0x08CA1274,0x08CA04B0,20,A feather serving as the deciding factor in courtship.,enhance_material#122,求愛の決め手となる羽
enhance_material,0x08CA12A4,0x08CA04C8,8,Fragrant Feather,enhance_material#123,香る羽根
enhance_material,0x08CA12A8,0x08CA04D4,10,Fragrant Feather,enhance_material#124,カオルハネ
enhance_material,0x08CA12AC,0x08CA04E0,20,A mysterious feather that emits a sweet aroma.,enhance_material#125,芳香を放つ不思議な羽
enhance_material,0x08CA12DC,0x08CA04F8,12,Iridescent Feather,enhance_material#126,虹彩放つ羽根
enhance_material,0x08CA12E0,0x08CA0508,18,Iridescent Feather,enhance_material#127,コウサイハナツハネ
enhance_material,0x08CA12E4,0x08CA051C,20,A rare feather that shines with its own light.,enhance_material#128,自ら光り輝く珍しい羽
enhance_material,0x08CA1314,0x08CA0534,12,Brittle Bone,enhance_material#129,スカスカの骨
enhance_material,0x08CA1318,0x08CA0544,14,Brittle Bone,enhance_material#130,スカスカノホネ
enhance_material,0x08CA131C,0x08CA0554,20,A bone that suffered from poor nutrition.,enhance_material#131,栄養状態の悪かった骨
enhance_material,0x08CA134C,0x08CA056C,6,Hard Bone,enhance_material#132,硬い骨
enhance_material,0x08CA1350,0x08CA0574,10,Hard Bone,enhance_material#133,カタイホネ
enhance_material,0x08CA1354,0x08CA0580,22,A bone packed full of calcium.,enhance_material#134,カルシウムみっちりの骨
enhance_material,0x08CA1384,0x08CA0598,12,Overgrown Bone,enhance_material#135,異常発達の骨
enhance_material,0x08CA1388,0x08CA05A8,22,Overgrown Bone,enhance_material#136,イジョウハッタツノホネ
enhance_material,0x08CA138C,0x08CA05C0,28,An outsized bone that underwent abnormal development.,enhance_material#137,異常な発達を遂げて規格外の骨
enhance_material,0x08CA13BC,0x08CA05E0,10,Bone of Grudges,enhance_material#138,遺恨放つ骨
enhance_material,0x08CA13C0,0x08CA05EC,16,Bone of Grudges,enhance_material#139,イコンハナツホネ
enhance_material,0x08CA13C4,0x08CA0600,30,A bone steeped in bitter grudges from its past life.,enhance_material#140,生前の恨み辛みがこもっている骨
enhance_material,0x08CA13F4,0x08CA0620,10,Demon-Possessed Bone,enhance_material#141,魔性宿る骨
enhance_material,0x08CA13F8,0x08CA062C,18,Demon-Possessed Bone,enhance_material#142,マショウヤドルホネ
enhance_material,0x08CA13FC,0x08CA0640,42,A bone that continues to possess a lingering will even after death.,enhance_material#143,死してもなお、何かの意思を持ち続けている骨
enhance_material,0x08CA142C,0x08CA066C,8,Broken Needle,enhance_material#144,折れた針
enhance_material,0x08CA1430,0x08CA0678,10,Broken Needle,enhance_material#145,オレタハリ
enhance_material,0x08CA1434,0x08CA0684,24,A needle lacking its vital sharp point.,enhance_material#146,肝心な尖りが欠けている針
enhance_material,0x08CA1464,0x08CA06A0,10,Hooked Needle,enhance_material#147,鉤のある針
enhance_material,0x08CA1468,0x08CA06AC,14,Hooked Needle,enhance_material#148,カギノアルハリ
enhance_material,0x08CA146C,0x08CA06BC,30,A needle difficult to pull out once it pierces.,enhance_material#149,一度刺さればなかなか抜けない針
enhance_material,0x08CA149C,0x08CA06DC,8,Lethal Needle,enhance_material#150,致死の針
enhance_material,0x08CA14A0,0x08CA06E8,10,Lethal Needle,enhance_material#151,チシノハリ
enhance_material,0x08CA14A4,0x08CA06F4,32,A needle containing lethal venom that kills when pierced.,enhance_material#152,刺すと、死に至らしめる毒がある針
enhance_material,0x08CA14D4,0x08CA0718,12,Transparent Needle,enhance_material#153,透きとおる針
enhance_material,0x08CA14D8,0x08CA0728,14,Transparent Needle,enhance_material#154,スキトオルハリ
enhance_material,0x08CA14DC,0x08CA0738,32,A transparent needle hard to notice even when pierced.,enhance_material#155,透明で、刺しても気付かれにくい針
enhance_material,0x08CA150C,0x08CA075C,12,All-Piercing Needle,enhance_material#156,全てを貫く針
enhance_material,0x08CA1510,0x08CA076C,20,All-Piercing Needle,enhance_material#157,スベテヲツラヌクハリ
enhance_material,0x08CA1514,0x08CA0784,34,A needle said to pierce through anything.,enhance_material#158,どんなものでも貫通する…とされる針
enhance_material,0x08CA1544,0x08CA07A8,10,Dried Tentacle,enhance_material#159,乾いた触手
enhance_material,0x08CA1548,0x08CA07B4,18,Dried Tentacle,enhance_material#160,カワイタショクシュ
enhance_material,0x08CA154C,0x08CA07C8,18,A tentacle lacking flexibility.,enhance_material#161,柔軟性に欠ける触手
enhance_material,0x08CA157C,0x08CA07DC,12,Wriggling Tentacle,enhance_material#162,うごめく触手
enhance_material,0x08CA1580,0x08CA07EC,18,Wriggling Tentacle,enhance_material#163,ウゴメクショクシュ
enhance_material,0x08CA1584,0x08CA0800,36,A tentacle still moving even after being severed from the body.,enhance_material#164,本体から切り離されても動いている触手
enhance_material,0x08CA15B4,0x08CA0828,12,Warm Tentacle,enhance_material#165,生温かい触手
enhance_material,0x08CA15B8,0x08CA0838,24,Warm Tentacle,enhance_material#166,ナマアタタカイショクシュ
enhance_material,0x08CA15BC,0x08CA0854,26,A tentacle that stays fresh indefinitely.,enhance_material#167,いつまでもフレッシュな触手
enhance_material,0x08CA15EC,0x08CA0870,8,Slippery Tentacle,enhance_material#168,滑る触手
enhance_material,0x08CA15F0,0x08CA087C,16,Slippery Tentacle,enhance_material#169,ヌメルショクシュ
enhance_material,0x08CA15F4,0x08CA0890,30,A tentacle constantly dripping with sluggish slime.,enhance_material#170,だらだらと粘液が滴り続ける触手
enhance_material,0x08CA1624,0x08CA08B0,12,Suction Tentacle,enhance_material#171,吸い付く触手
enhance_material,0x08CA1628,0x08CA08C0,18,Suction Tentacle,enhance_material#172,スイツクショクシュ
enhance_material,0x08CA162C,0x08CA08D4,44,A tentacle that keeps hunting for prey even after being severed.,enhance_material#173,本体から切り離されても捕食活動をし続ける触手
exchange_item,0x08CA2B74,0x08CA1674,14,1H Sword Pattern 1,exchange_item#0,片手剣の型紙１
exchange_item,0x08CA2B78,0x08CA1684,22,1H Sword Pattern 1,exchange_item#1,カタテケンノカタガミ１
exchange_item,0x08CA2B7C,0x08CA169C,34,Can be exchanged for Flamberge with 3 sheets.,exchange_item#2,３枚でフランベルジュと交換出来ます
exchange_item,0x08CA2B8C,0x08CA16C0,14,1H Sword Pattern 2,exchange_item#3,片手剣の型紙２
exchange_item,0x08CA2B90,0x08CA16D0,22,1H Sword Pattern 2,exchange_item#4,カタテケンノカタガミ２
exchange_item,0x08CA2B94,0x08CA16E8,36,Can be exchanged for Vorpal Sword with 3 sheets.,exchange_item#5,３枚でヴォーパルソードと交換出来ます
exchange_item,0x08CA2BA4,0x08CA1710,22,1H Sword Pattern 3 (Unused),exchange_item#6,片手剣の型紙３（欠番）
exchange_item,0x08CA2BA8,0x08CA1728,22,1H Sword Pattern 3,exchange_item#7,カタテケンノカタガミ３
exchange_item,0x08CA2BC0,0x08CA1728,22,1H Sword Pattern 3,exchange_item#7,カタテケンノカタガミ３
exchange_item,0x08CA2BAC,0x08CA1740,38,Can be exchanged for Eternal Sword S with 3 sheets.,exchange_item#8,３枚でエターナルソードＳと交換出来ます
exchange_item,0x08CA2BBC,0x08CA1768,14,1H Sword Pattern 3,exchange_item#9,片手剣の型紙３
exchange_item,0x08CA2BC4,0x08CA1778,30,Can be exchanged for Frying Pan with 5 sheets.,exchange_item#10,５枚でフライパンと交換出来ます
exchange_item,0x08CA2BD4,0x08CA1798,14,1H Sword Pattern 4,exchange_item#11,片手剣の型紙４
exchange_item,0x08CA2BD8,0x08CA17A8,22,1H Sword Pattern 4,exchange_item#12,カタテケンノカタガミ４
exchange_item,0x08CA2BDC,0x08CA17C0,28,Can be exchanged for Harisen with 5 sheets.,exchange_item#13,５枚でハリセンと交換出来ます
exchange_item,0x08CA2BEC,0x08CA17E0,14,1H Sword Pattern 5,exchange_item#14,片手剣の型紙５
exchange_item,0x08CA2BF0,0x08CA17F0,22,1H Sword Pattern 5,exchange_item#15,カタテケンノカタガミ５
exchange_item,0x08CA2BF4,0x08CA1808,26,Can be exchanged for Long Leek with 6 sheets.,exchange_item#16,６枚で長ネギと交換出来ます
exchange_item,0x08CA2C04,0x08CA1824,14,1H Sword Pattern 6,exchange_item#17,片手剣の型紙６
exchange_item,0x08CA2C08,0x08CA1834,22,1H Sword Pattern 6,exchange_item#18,カタテケンノカタガミ６
exchange_item,0x08CA2C0C,0x08CA184C,40,Can be exchanged for Order of Lorelei Cantor Sword with 3 sheets.,exchange_item#19,３枚でローレライ教団詠師剣と交換出来ます
exchange_item,0x08CA2C1C,0x08CA1878,22,1H Sword Pattern 8 (Unused),exchange_item#20,片手剣の型紙８（欠番）
exchange_item,0x08CA2C20,0x08CA1890,22,1H Sword Pattern 8,exchange_item#21,カタテケンノカタガミ８
exchange_item,0x08CA2C50,0x08CA1890,22,1H Sword Pattern 8,exchange_item#21,カタテケンノカタガミ８
exchange_item,0x08CA2C24,0x08CA18A8,38,Can be exchanged for Fonic Blade with 3 sheets.,exchange_item#22,３枚でフォニックブレードと交換出来ます
exchange_item,0x08CA2C34,0x08CA18D0,14,1H Sword Pattern 7,exchange_item#23,片手剣の型紙７
exchange_item,0x08CA2C38,0x08CA18E0,22,1H Sword Pattern 7,exchange_item#24,カタテケンノカタガミ７
exchange_item,0x08CA2C3C,0x08CA18F8,32,Can be exchanged for Igtenos with 3 sheets.,exchange_item#25,３枚でイクティノスと交換出来ます
exchange_item,0x08CA2C4C,0x08CA191C,14,1H Sword Pattern 8,exchange_item#26,片手剣の型紙８
exchange_item,0x08CA2C54,0x08CA192C,32,Can be exchanged for Chaltier with 3 sheets.,exchange_item#27,３枚でシャルティエと交換出来ます
exchange_item,0x08CA2C64,0x08CA1950,14,1H Sword Pattern 9,exchange_item#28,片手剣の型紙９
exchange_item,0x08CA2C68,0x08CA1960,22,1H Sword Pattern 9,exchange_item#29,カタテケンノカタガミ９
exchange_item,0x08CA2C6C,0x08CA1978,30,Can be exchanged for Dymlos with 3 sheets.,exchange_item#30,３枚でディムロスと交換出来ます
exchange_item,0x08CA2C7C,0x08CA1998,16,1H Sword Pattern 10,exchange_item#31,片手剣の型紙１０
exchange_item,0x08CA2C80,0x08CA19AC,24,1H Sword Pattern 10,exchange_item#32,カタテケンノカタガミ１０
exchange_item,0x08CA2C84,0x08CA19C8,38,Can be exchanged for Stormbringer with 3 sheets.,exchange_item#33,３枚でストームブリンガーと交換出来ます
exchange_item,0x08CA2C94,0x08CA19F0,16,1H Sword Pattern 11,exchange_item#34,片手剣の型紙１１
exchange_item,0x08CA2C98,0x08CA1A04,24,1H Sword Pattern 11,exchange_item#35,カタテケンノカタガミ１１
exchange_item,0x08CA2C9C,0x08CA1A20,36,Can be exchanged for Last Fencer with 3 sheets.,exchange_item#36,３枚でラストフェンサーと交換出来ます
exchange_item,0x08CA2CAC,0x08CA1A48,16,1H Sword Pattern 12,exchange_item#37,片手剣の型紙１２
exchange_item,0x08CA2CB0,0x08CA1A5C,24,1H Sword Pattern 12,exchange_item#38,カタテケンノカタガミ１２
exchange_item,0x08CA2CB4,0x08CA1A78,34,Can be exchanged for Akabane Sword with 3 sheets.,exchange_item#39,３枚でアカバネソードと交換出来ます
exchange_item,0x08CA2CC4,0x08CA1A9C,16,1H Sword Pattern 13,exchange_item#40,片手剣の型紙１３
exchange_item,0x08CA2CC8,0x08CA1AB0,24,1H Sword Pattern 13,exchange_item#41,カタテケンノカタガミ１３
exchange_item,0x08CA2CCC,0x08CA1ACC,38,Can be exchanged for Eternal Sword P with 3 sheets.,exchange_item#42,３枚でエターナルソードＰと交換出来ます
exchange_item,0x08CA2CDC,0x08CA1AF4,16,1H Sword Pattern 14,exchange_item#43,片手剣の型紙１４
exchange_item,0x08CA2CE0,0x08CA1B08,24,1H Sword Pattern 14,exchange_item#44,カタテケンノカタガミ１４
exchange_item,0x08CA2CE4,0x08CA1B24,28,Can be exchanged for Ninja Blade Blood Cherry with 3 sheets.,exchange_item#45,３枚で忍刀血桜と交換出来ます
exchange_item,0x08CA2CF4,0x08CA1B44,16,1H Sword Pattern 15,exchange_item#46,片手剣の型紙１５
exchange_item,0x08CA2CF8,0x08CA1B58,24,1H Sword Pattern 15,exchange_item#47,カタテケンノカタガミ１５
exchange_item,0x08CA2CFC,0x08CA1B74,34,Can be exchanged for Aether Sword with 3 sheets.,exchange_item#48,３枚でエーテルソードと交換出来ます
exchange_item,0x08CA2D0C,0x08CA1B98,16,1H Sword Pattern 16,exchange_item#49,片手剣の型紙１６
exchange_item,0x08CA2D10,0x08CA1BAC,24,1H Sword Pattern 16,exchange_item#50,カタテケンノカタガミ１６
exchange_item,0x08CA2D14,0x08CA1BC8,34,Can be exchanged for Beast Soul with 3 sheets.,exchange_item#51,３枚でビーストソウルと交換出来ます
exchange_item,0x08CA2D24,0x08CA1BEC,24,1H Sword Pattern 19 (Unused),exchange_item#52,片手剣の型紙１９（欠番）
exchange_item,0x08CA2D28,0x08CA1C08,24,1H Sword Pattern 19,exchange_item#53,カタテケンノカタガミ１９
exchange_item,0x08CA2D2C,0x08CA1C24,30,Can be exchanged for Nibanboshi with 3 sheets.,exchange_item#54,３枚でニバンボシと交換出来ます
exchange_item,0x08CA2D3C,0x08CA1C44,22,2H Sword Pattern 1 (Unused),exchange_item#55,両手剣の型紙１（欠番）
exchange_item,0x08CA2D40,0x08CA1C5C,24,2H Sword Pattern 1,exchange_item#56,リョウテケンノカタガミ１
exchange_item,0x08CA2D58,0x08CA1C5C,24,2H Sword Pattern 1,exchange_item#56,リョウテケンノカタガミ１
exchange_item,0x08CA2D44,0x08CA1C78,34,Can be exchanged for Seventh Summer with 3 sheets.,exchange_item#57,３枚でセブンスサマーと交換出来ます
exchange_item,0x08CA2D54,0x08CA1C9C,14,2H Sword Pattern 1,exchange_item#58,両手剣の型紙１
exchange_item,0x08CA2D5C,0x08CA1CAC,30,Can be exchanged for Clemente with 3 sheets.,exchange_item#59,３枚でクレメンテと交換出来ます
exchange_item,0x08CA2D6C,0x08CA1CCC,14,2H Sword Pattern 2,exchange_item#60,両手剣の型紙２
exchange_item,0x08CA2D70,0x08CA1CDC,24,2H Sword Pattern 2,exchange_item#61,リョウテケンノカタガミ２
exchange_item,0x08CA2D74,0x08CA1CF8,38,Can be exchanged for Fals Tewern with 3 sheets.,exchange_item#62,３枚でファルステヴェルンと交換出来ます
exchange_item,0x08CA2D84,0x08CA1D20,10,Axe Pattern 1,exchange_item#63,斧の型紙１
exchange_item,0x08CA2D88,0x08CA1D2C,16,Axe Pattern 1,exchange_item#64,オノノカタガミ１
exchange_item,0x08CA2D8C,0x08CA1D40,36,Can be exchanged for Piko Piko Hammer with 1 sheet.,exchange_item#65,１枚でピコピコハンマーと交換出来ます
exchange_item,0x08CA2D9C,0x08CA1D68,10,Axe Pattern 2,exchange_item#66,斧の型紙２
exchange_item,0x08CA2DA0,0x08CA1D74,16,Axe Pattern 2,exchange_item#67,オノノカタガミ２
exchange_item,0x08CA2DA4,0x08CA1D88,38,Can be exchanged for Gaia Cleaver with 3 sheets.,exchange_item#68,３枚でガイアクリーヴァーと交換出来ます
exchange_item,0x08CA2DB4,0x08CA1DB0,10,Axe Pattern 3,exchange_item#69,斧の型紙３
exchange_item,0x08CA2DB8,0x08CA1DBC,16,Axe Pattern 3,exchange_item#70,オノノカタガミ３
exchange_item,0x08CA2DBC,0x08CA1DD0,42,Can be exchanged for Diabolic Fang with 3 sheets.,exchange_item#71,３枚でディアボリックファングと交換出来ます
exchange_item,0x08CA2DCC,0x08CA1DFC,12,Dagger Pattern 1,exchange_item#72,短剣の型紙１
exchange_item,0x08CA2DD0,0x08CA1E0C,20,Dagger Pattern 1,exchange_item#73,タンケンノカタガミ１
exchange_item,0x08CA2DD4,0x08CA1E24,32,Can be exchanged for French Bread with 5 sheets.,exchange_item#74,５枚でフランスパンと交換出来ます
exchange_item,0x08CA2DE4,0x08CA1E48,12,Dagger Pattern 2,exchange_item#75,短剣の型紙２
exchange_item,0x08CA2DE8,0x08CA1E58,20,Dagger Pattern 2,exchange_item#76,タンケンノカタガミ２
exchange_item,0x08CA2DEC,0x08CA1E70,30,Can be exchanged for Atwight with 3 sheets.,exchange_item#77,３枚でアトワイトと交換出来ます
exchange_item,0x08CA2DFC,0x08CA1E90,10,Staff Pattern 1,exchange_item#78,杖の型紙１
exchange_item,0x08CA2E00,0x08CA1E9C,16,Staff Pattern 1,exchange_item#79,ツエノカタガミ１
exchange_item,0x08CA2E04,0x08CA1EB0,32,Can be exchanged for Deck Brush with 6 sheets.,exchange_item#80,６枚でデッキブラシと交換出来ます
exchange_item,0x08CA2E14,0x08CA1ED4,10,Staff Pattern 2,exchange_item#81,杖の型紙２
exchange_item,0x08CA2E18,0x08CA1EE0,16,Staff Pattern 2,exchange_item#82,ツエノカタガミ２
exchange_item,0x08CA2E1C,0x08CA1EF4,36,Can be exchanged for Fonic Mace with 3 sheets.,exchange_item#83,３枚でフォニックメイスと交換出来ます
exchange_item,0x08CA2E2C,0x08CA1F1C,10,Staff Pattern 3,exchange_item#84,杖の型紙３
exchange_item,0x08CA2E30,0x08CA1F28,16,Staff Pattern 3,exchange_item#85,ツエノカタガミ３
exchange_item,0x08CA2E34,0x08CA1F3C,36,Can be exchanged for Fonic Rod with 3 sheets.,exchange_item#86,３枚でフォニックロッドと交換出来ます
exchange_item,0x08CA2E44,0x08CA1F64,10,Staff Pattern 4,exchange_item#87,杖の型紙４
exchange_item,0x08CA2E48,0x08CA1F70,16,Staff Pattern 4,exchange_item#88,ツエノカタガミ４
exchange_item,0x08CA2E4C,0x08CA1F84,36,Can be exchanged for Lyric Scepter with 3 sheets.,exchange_item#89,３枚でリリックセプターと交換出来ます
exchange_item,0x08CA2E5C,0x08CA1FAC,10,Staff Pattern 5,exchange_item#90,杖の型紙５
exchange_item,0x08CA2E60,0x08CA1FB8,16,Staff Pattern 5,exchange_item#91,ツエノカタガミ５
exchange_item,0x08CA2E64,0x08CA1FCC,36,Can be exchanged for Genius Harold's Staff with 3 sheets.,exchange_item#92,３枚で天才ハロルドの杖と交換出来ます
exchange_item,0x08CA2E74,0x08CA1FF4,10,Staff Pattern 6,exchange_item#93,杖の型紙６
exchange_item,0x08CA2E78,0x08CA2000,16,Staff Pattern 6,exchange_item#94,ツエノカタガミ６
exchange_item,0x08CA2E7C,0x08CA2014,32,Can be exchanged for Ruby Wand with 3 sheets.,exchange_item#95,３枚でルビーワンドと交換出来ます
exchange_item,0x08CA2E8C,0x08CA2038,10,Staff Pattern 7,exchange_item#96,杖の型紙７
exchange_item,0x08CA2E90,0x08CA2044,16,Staff Pattern 7,exchange_item#97,ツエノカタガミ７
exchange_item,0x08CA2E94,0x08CA2058,28,Can be exchanged for Staff of Benevolence with 3 sheets.,exchange_item#98,３枚で慈愛の杖と交換出来ます
exchange_item,0x08CA2EA4,0x08CA2078,10,Staff Pattern 8,exchange_item#99,杖の型紙８
exchange_item,0x08CA2EA8,0x08CA2084,16,Staff Pattern 8,exchange_item#100,ツエノカタガミ８
exchange_item,0x08CA2EAC,0x08CA2098,32,Can be exchanged for Bernadette with 3 sheets.,exchange_item#101,３枚でベルナテッタと交換出来ます
exchange_item,0x08CA2EBC,0x08CA20BC,10,Staff Pattern 9,exchange_item#102,杖の型紙９
exchange_item,0x08CA2EC0,0x08CA20C8,16,Staff Pattern 9,exchange_item#103,ツエノカタガミ９
exchange_item,0x08CA2EC4,0x08CA20DC,34,Can be exchanged for The Earth Rod with 3 sheets.,exchange_item#104,３枚でジアースロッドと交換出来ます
exchange_item,0x08CA2ED4,0x08CA2100,12,Staff Pattern 10,exchange_item#105,杖の型紙１０
exchange_item,0x08CA2ED8,0x08CA2110,18,Staff Pattern 10,exchange_item#106,ツエノカタガミ１０
exchange_item,0x08CA2EDC,0x08CA2124,38,Can be exchanged for Flower of Life with 3 sheets.,exchange_item#107,３枚でフラワーオブライフと交換出来ます
exchange_item,0x08CA2EEC,0x08CA214C,12,Staff Pattern 11,exchange_item#108,杖の型紙１１
exchange_item,0x08CA2EF0,0x08CA215C,18,Staff Pattern 11,exchange_item#109,ツエノカタガミ１１
exchange_item,0x08CA2EF4,0x08CA2170,34,Can be exchanged for Queen Rod with 3 sheets.,exchange_item#110,３枚でクィーンロッドと交換出来ます
exchange_item,0x08CA2F04,0x08CA2194,10,Fist Pattern 1,exchange_item#111,拳の型紙１
exchange_item,0x08CA2F08,0x08CA21A0,18,Fist Pattern 1,exchange_item#112,コブシノカタガミ１
exchange_item,0x08CA2F0C,0x08CA21B4,38,Can be exchanged for Boxing Glove A with 3 sheets.,exchange_item#113,３枚でボクシンググラブＡと交換出来ます
exchange_item,0x08CA2F1C,0x08CA21DC,10,Fist Pattern 2,exchange_item#114,拳の型紙２
exchange_item,0x08CA2F20,0x08CA21E8,18,Fist Pattern 2,exchange_item#115,コブシノカタガミ２
exchange_item,0x08CA2F24,0x08CA21FC,28,Can be exchanged for Crab Pincer A with 3 sheets.,exchange_item#116,３枚でカニ爪Ａと交換出来ます
exchange_item,0x08CA2F34,0x08CA221C,10,Fist Pattern 3,exchange_item#117,拳の型紙３
exchange_item,0x08CA2F38,0x08CA2228,18,Fist Pattern 3,exchange_item#118,コブシノカタガミ３
exchange_item,0x08CA2F3C,0x08CA223C,34,Can be exchanged for Spiked Glove A with 3 sheets.,exchange_item#119,３枚でトゲグローブＡと交換出来ます
exchange_item,0x08CA2F4C,0x08CA2260,10,Bow Pattern 1,exchange_item#120,弓の型紙１
exchange_item,0x08CA2F50,0x08CA226C,16,Bow Pattern 1,exchange_item#121,ユミノカタガミ１
exchange_item,0x08CA2F54,0x08CA2280,36,Can be exchanged for Eden's Fire with 3 sheets.,exchange_item#122,３枚でエデンズファイアと交換出来ます
exchange_item,0x08CA2F64,0x08CA22A8,10,Bow Pattern 2,exchange_item#123,弓の型紙２
exchange_item,0x08CA2F68,0x08CA22B4,16,Bow Pattern 2,exchange_item#124,ユミノカタガミ２
exchange_item,0x08CA2F6C,0x08CA22C8,42,Can be exchanged for Primal Elven Bow with 3 sheets.,exchange_item#125,３枚でプライマルエルヴンボウと交換出来ます
exchange_item,0x08CA2F7C,0x08CA22F4,10,Clothes Pattern 1,exchange_item#126,服の型紙１
exchange_item,0x08CA2F80,0x08CA2300,16,Clothes Pattern 1,exchange_item#127,フクノカタガミ１
exchange_item,0x08CA2F84,0x08CA2314,28,Can be exchanged for Gym Clothes A with 3 sheets.,exchange_item#128,３枚で体操着Ａと交換出来ます
exchange_item,0x08CA2F94,0x08CA2334,10,Clothes Pattern 2,exchange_item#129,服の型紙２
exchange_item,0x08CA2F98,0x08CA2340,16,Clothes Pattern 2,exchange_item#130,フクノカタガミ２
exchange_item,0x08CA2F9C,0x08CA2354,28,Can be exchanged for Gym Clothes C with 3 sheets.,exchange_item#131,３枚で体操着Ｃと交換出来ます
exchange_item,0x08CA2FAC,0x08CA2374,10,Clothes Pattern 3,exchange_item#132,服の型紙３
exchange_item,0x08CA2FB0,0x08CA2380,16,Clothes Pattern 3,exchange_item#133,フクノカタガミ３
exchange_item,0x08CA2FB4,0x08CA2394,28,Can be exchanged for Gym Clothes E with 6 sheets.,exchange_item#134,６枚で体操着Ｅと交換出来ます
exchange_item,0x08CA2FC4,0x08CA23B4,10,Clothes Pattern 4,exchange_item#135,服の型紙４
exchange_item,0x08CA2FC8,0x08CA23C0,16,Clothes Pattern 4,exchange_item#136,フクノカタガミ４
exchange_item,0x08CA2FCC,0x08CA23D4,26,Can be exchanged for Swimsuit A with 3 sheets.,exchange_item#137,３枚で水着Ａと交換出来ます
exchange_item,0x08CA2FDC,0x08CA23F0,10,Clothes Pattern 5,exchange_item#138,服の型紙５
exchange_item,0x08CA2FE0,0x08CA23FC,16,Clothes Pattern 5,exchange_item#139,フクノカタガミ５
exchange_item,0x08CA2FE4,0x08CA2410,26,Can be exchanged for Swimsuit B with 8 sheets.,exchange_item#140,８枚で水着Ｂと交換出来ます
exchange_item,0x08CA2FF4,0x08CA242C,10,Clothes Pattern 6,exchange_item#141,服の型紙６
exchange_item,0x08CA2FF8,0x08CA2438,16,Clothes Pattern 6,exchange_item#142,フクノカタガミ６
exchange_item,0x08CA2FFC,0x08CA244C,26,Can be exchanged for Swimsuit C with 3 sheets.,exchange_item#143,３枚で水着Ｃと交換出来ます
exchange_item,0x08CA300C,0x08CA2468,10,Clothes Pattern 7,exchange_item#144,服の型紙７
exchange_item,0x08CA3010,0x08CA2474,16,Clothes Pattern 7,exchange_item#145,フクノカタガミ７
exchange_item,0x08CA3014,0x08CA2488,32,Can be exchanged for Thunder God A with 3 sheets.,exchange_item#146,３枚でかみなり様Ａと交換出来ます
exchange_item,0x08CA3024,0x08CA24AC,10,Clothes Pattern 8,exchange_item#147,服の型紙８
exchange_item,0x08CA3028,0x08CA24B8,16,Clothes Pattern 8,exchange_item#148,フクノカタガミ８
exchange_item,0x08CA302C,0x08CA24CC,26,Can be exchanged for Martial Arts Gi A with 3 sheets.,exchange_item#149,３枚で胴着Ａと交換出来ます
exchange_item,0x08CA303C,0x08CA24E8,10,Clothes Pattern 9,exchange_item#150,服の型紙９
exchange_item,0x08CA3040,0x08CA24F4,16,Clothes Pattern 9,exchange_item#151,フクノカタガミ９
exchange_item,0x08CA3044,0x08CA2508,28,Can be exchanged for Piyoko E with 1 sheet.,exchange_item#152,１枚でピヨコＥと交換出来ます
exchange_item,0x08CA3054,0x08CA2528,12,Clothes Pattern 10,exchange_item#153,服の型紙１０
exchange_item,0x08CA3058,0x08CA2538,18,Clothes Pattern 10,exchange_item#154,フクノカタガミ１０
exchange_item,0x08CA305C,0x08CA254C,34,Can be exchanged for Frog Suit A with 3 sheets.,exchange_item#155,３枚でカエルスーツＡと交換出来ます
exchange_item,0x08CA306C,0x08CA2570,12,Clothes Pattern 11,exchange_item#156,服の型紙１１
exchange_item,0x08CA3070,0x08CA2580,18,Clothes Pattern 11,exchange_item#157,フクノカタガミ１１
exchange_item,0x08CA3074,0x08CA2594,34,Can be exchanged for Frog Suit E with 1 sheet.,exchange_item#158,１枚でカエルスーツＥと交換出来ます
exchange_item,0x08CA3084,0x08CA25B8,12,Clothes Pattern 12,exchange_item#159,服の型紙１２
exchange_item,0x08CA3088,0x08CA25C8,18,Clothes Pattern 12,exchange_item#160,フクノカタガミ１２
exchange_item,0x08CA308C,0x08CA25DC,40,Can be exchanged for Angel Suit with 12 sheets.,exchange_item#161,１２枚でエンジェル・スーツと交換出来ます
exchange_item,0x08CA309C,0x08CA2608,12,Hat Pattern 1,exchange_item#162,帽子の型紙１
exchange_item,0x08CA30A0,0x08CA2618,18,Hat Pattern 1,exchange_item#163,ボウシノカタガミ１
exchange_item,0x08CA30A4,0x08CA262C,30,Can be exchanged for Cat Ears A with 3 sheets.,exchange_item#164,３枚でねこみみＡと交換出来ます
exchange_item,0x08CA30B4,0x08CA264C,12,Hat Pattern 2,exchange_item#165,帽子の型紙２
exchange_item,0x08CA30B8,0x08CA265C,18,Hat Pattern 2,exchange_item#166,ボウシノカタガミ２
exchange_item,0x08CA30BC,0x08CA2670,34,Can be exchanged for Bunny Head A with 3 sheets.,exchange_item#167,３枚でバニーヘッドＡと交換出来ます
exchange_item,0x08CA30CC,0x08CA2694,12,Hat Pattern 3,exchange_item#168,帽子の型紙３
exchange_item,0x08CA30D0,0x08CA26A4,18,Hat Pattern 3,exchange_item#169,ボウシノカタガミ３
exchange_item,0x08CA30D4,0x08CA26B8,38,Can be exchanged for Party Cap A with 3 sheets.,exchange_item#170,３枚でパーティキャップＡと交換出来ます
exchange_item,0x08CA30E4,0x08CA26E0,12,Hat Pattern 4,exchange_item#171,帽子の型紙４
exchange_item,0x08CA30E8,0x08CA26F0,18,Hat Pattern 4,exchange_item#172,ボウシノカタガミ４
exchange_item,0x08CA30EC,0x08CA2704,26,Can be exchanged for Construction Cap with 3 sheets.,exchange_item#173,３枚で工事帽と交換出来ます
exchange_item,0x08CA30FC,0x08CA2720,12,Hat Pattern 5,exchange_item#174,帽子の型紙５
exchange_item,0x08CA3100,0x08CA2730,18,Hat Pattern 5,exchange_item#175,ボウシノカタガミ５
exchange_item,0x08CA3104,0x08CA2744,34,Can be exchanged for Camo Helmet with 3 sheets.,exchange_item#176,３枚で迷彩ヘルメットと交換出来ます
exchange_item,0x08CA3114,0x08CA2768,12,Hat Pattern 6,exchange_item#177,帽子の型紙６
exchange_item,0x08CA3118,0x08CA2778,18,Hat Pattern 6,exchange_item#178,ボウシノカタガミ６
exchange_item,0x08CA311C,0x08CA278C,36,Can be exchanged for Nekonin Mask A with 3 sheets.,exchange_item#179,３枚でねこにんマスクＡと交換出来ます
exchange_item,0x08CA312C,0x08CA27B4,12,Hat Pattern 7,exchange_item#180,帽子の型紙７
exchange_item,0x08CA3130,0x08CA27C4,18,Hat Pattern 7,exchange_item#181,ボウシノカタガミ７
exchange_item,0x08CA3134,0x08CA27D8,28,Can be exchanged for Chef Hat with 3 sheets.,exchange_item#182,３枚でコック帽と交換出来ます
exchange_item,0x08CA3144,0x08CA27F8,14,Boots Pattern 1,exchange_item#183,ブーツの型紙１
exchange_item,0x08CA3148,0x08CA2808,18,Boots Pattern 1,exchange_item#184,ブーツノカタガミ１
exchange_item,0x08CA314C,0x08CA281C,34,Can be exchanged for Ring Boots A with 3 sheets.,exchange_item#185,３枚でリングブーツＡと交換出来ます
exchange_item,0x08CA315C,0x08CA2840,14,Boots Pattern 2,exchange_item#186,ブーツの型紙２
exchange_item,0x08CA3160,0x08CA2850,18,Boots Pattern 2,exchange_item#187,ブーツノカタガミ２
exchange_item,0x08CA3164,0x08CA2864,36,Can be exchanged for Nekonin Boots A with 3 sheets.,exchange_item#188,３枚でねこにんブーツＡと交換出来ます
exchange_item,0x08CA3174,0x08CA288C,14,Boots Pattern 3,exchange_item#189,ブーツの型紙３
exchange_item,0x08CA3178,0x08CA289C,18,Boots Pattern 3,exchange_item#190,ブーツノカタガミ３
exchange_item,0x08CA317C,0x08CA28B0,28,Can be exchanged for Sneakers A with 3 sheets.,exchange_item#191,３枚で運動靴Ａと交換出来ます
exchange_item,0x08CA318C,0x08CA28D0,14,Boots Pattern 4,exchange_item#192,ブーツの型紙４
exchange_item,0x08CA3190,0x08CA28E0,18,Boots Pattern 4,exchange_item#193,ブーツノカタガミ４
exchange_item,0x08CA3194,0x08CA28F4,36,Can be exchanged for White Socks with 3 sheets.,exchange_item#194,３枚でホワイトソックスと交換出来ます
exchange_item,0x08CA31A4,0x08CA291C,14,Boots Pattern 5,exchange_item#195,ブーツの型紙５
exchange_item,0x08CA31A8,0x08CA292C,18,Boots Pattern 5,exchange_item#196,ブーツノカタガミ５
exchange_item,0x08CA31AC,0x08CA2940,32,Can be exchanged for Cat Slippers with 3 sheets.,exchange_item#197,３枚でねこすりっぱと交換出来ます
exchange_item,0x08CA31BC,0x08CA2964,14,Santa Pattern 1,exchange_item#198,サンタの型紙１
exchange_item,0x08CA31C0,0x08CA2974,18,Santa Pattern 1,exchange_item#199,サンタノカタガミ１
exchange_item,0x08CA31C4,0x08CA2988,28,Can be exchanged for Santa Hat with 3 sheets.,exchange_item#200,３枚でサンタ帽と交換出来ます
exchange_item,0x08CA31D4,0x08CA29A8,14,Santa Pattern 2,exchange_item#201,サンタの型紙２
exchange_item,0x08CA31D8,0x08CA29B8,18,Santa Pattern 2,exchange_item#202,サンタノカタガミ２
exchange_item,0x08CA31DC,0x08CA29CC,34,Can be exchanged for Santa Suit with 3 sheets.,exchange_item#203,３枚でサンタ・スーツと交換出来ます
exchange_item,0x08CA31EC,0x08CA29F0,14,Santa Pattern 3,exchange_item#204,サンタの型紙３
exchange_item,0x08CA31F0,0x08CA2A00,18,Santa Pattern 3,exchange_item#205,サンタノカタガミ３
exchange_item,0x08CA31F4,0x08CA2A14,30,Can be exchanged for Santa Gloves with 3 sheets.,exchange_item#206,３枚でサンタ手袋と交換出来ます
exchange_item,0x08CA3204,0x08CA2A34,14,Santa Pattern 4,exchange_item#207,サンタの型紙４
exchange_item,0x08CA3208,0x08CA2A44,18,Santa Pattern 4,exchange_item#208,サンタノカタガミ４
exchange_item,0x08CA320C,0x08CA2A58,32,Can be exchanged for Santa Boots with 3 sheets.,exchange_item#209,３枚でサンタブーツと交換出来ます
exchange_item,0x08CA321C,0x08CA2A7C,14,Maid Pattern 1,exchange_item#210,メイドの型紙１
exchange_item,0x08CA3220,0x08CA2A8C,18,Maid Pattern 1,exchange_item#211,メイドノカタガミ１
exchange_item,0x08CA3224,0x08CA2AA0,38,Can be exchanged for Maid Headband with 4 sheets.,exchange_item#212,４枚でメイドカチューシャと交換出来ます
exchange_item,0x08CA3234,0x08CA2AC8,14,Maid Pattern 2,exchange_item#213,メイドの型紙２
exchange_item,0x08CA3238,0x08CA2AD8,18,Maid Pattern 2,exchange_item#214,メイドノカタガミ２
exchange_item,0x08CA323C,0x08CA2AEC,36,Can be exchanged for French Maid with 4 sheets.,exchange_item#215,４枚でフレンチ・メイドと交換出来ます
exchange_item,0x08CA324C,0x08CA2B14,14,Maid Pattern 3,exchange_item#216,メイドの型紙３
exchange_item,0x08CA3250,0x08CA2B24,18,Maid Pattern 3,exchange_item#217,メイドノカタガミ３
exchange_item,0x08CA3254,0x08CA2B38,34,Can be exchanged for Maid Pumps with 4 sheets.,exchange_item#218,４枚でメイドパンプスと交換出来ます
accessory,0x08CA3938,0x08CA327C,10,Talisman,accessory#0,タリスマン
accessory,0x08CA393C,0x08CA327C,10,Talisman,accessory#0,タリスマン
accessory,0x08CA3940,0x08CA3288,22,An amulet housing the goddess's blessing.,accessory#1,女神の祝福が宿るお守り
accessory,0x08CA395C,0x08CA32A0,16,Blue Talisman,accessory#2,ブルータリスマン
accessory,0x08CA3960,0x08CA32A0,16,Blue Talisman,accessory#2,ブルータリスマン
accessory,0x08CA3964,0x08CA32B4,26,A talisman strengthened with holy arts.,accessory#3,法術で強化されたタリスマン
accessory,0x08CA3980,0x08CA32D0,14,Feet Mark,accessory#4,フィートマーク
accessory,0x08CA3984,0x08CA32D0,14,Feet Mark,accessory#4,フィートマーク
accessory,0x08CA3988,0x08CA32E0,26,A tattoo seal for religious rituals.,accessory#5,宗教儀式用のタトゥーシール
accessory,0x08CA39A4,0x08CA32FC,16,Feet Symbol,accessory#6,フィートシンボル
accessory,0x08CA39A8,0x08CA32FC,16,Feet Symbol,accessory#6,フィートシンボル
accessory,0x08CA39AC,0x08CA3310,18,An earring for religious rituals.,accessory#7,宗教儀式用のピアス
accessory,0x08CA39C8,0x08CA3324,16,Protect Ring,accessory#8,プロテクトリング
accessory,0x08CA39CC,0x08CA3324,16,Protect Ring,accessory#8,プロテクトリング
accessory,0x08CA39D0,0x08CA3338,12,A ring for warrior monks.,accessory#9,武僧用の指輪
accessory,0x08CA39EC,0x08CA3348,18,Protect Bangle,accessory#10,プロテクトバングル
accessory,0x08CA39F0,0x08CA3348,18,Protect Bangle,accessory#10,プロテクトバングル
accessory,0x08CA39F4,0x08CA335C,16,A bangle for warrior monks.,accessory#11,武僧用のバングル
accessory,0x08CA3A10,0x08CA3370,14,Magic Ring,accessory#12,マジックリング
accessory,0x08CA3A14,0x08CA3370,14,Magic Ring,accessory#12,マジックリング
accessory,0x08CA3A18,0x08CA3380,18,A ring made by a mage.,accessory#13,魔術師が作った指輪
accessory,0x08CA3A34,0x08CA3394,16,Magic Bangle,accessory#14,マジックバングル
accessory,0x08CA3A38,0x08CA3394,16,Magic Bangle,accessory#14,マジックバングル
accessory,0x08CA3A3C,0x08CA33A8,22,A bangle made by a mage.,accessory#15,魔術師が作ったバングル
accessory,0x08CA3A58,0x08CA33C0,14,Feather Cloak,accessory#16,フェザーマント
accessory,0x08CA3A5C,0x08CA33C0,14,Feather Cloak,accessory#16,フェザーマント
accessory,0x08CA3A60,0x08CA33D0,18,A light and sturdy cloak.,accessory#17,軽く、頑丈なマント
accessory,0x08CA3A7C,0x08CA33E4,14,Elven Cloak,accessory#18,エルヴンマント
accessory,0x08CA3A80,0x08CA33E4,14,Elven Cloak,accessory#18,エルヴンマント
accessory,0x08CA3A84,0x08CA33F4,20,A cloak housing the power of spirits.,accessory#19,精霊の力が宿るマント
accessory,0x08CA3AA0,0x08CA340C,16,Feather Bangle,accessory#20,フェザーバングル
accessory,0x08CA3AA4,0x08CA340C,16,Feather Bangle,accessory#20,フェザーバングル
accessory,0x08CA3AA8,0x08CA3420,20,A light and sturdy bangle.,accessory#21,軽く、頑丈なバングル
accessory,0x08CA3AC4,0x08CA3438,16,Elven Bangle,accessory#22,エルヴンバングル
accessory,0x08CA3AC8,0x08CA3438,16,Elven Bangle,accessory#22,エルヴンバングル
accessory,0x08CA3ACC,0x08CA344C,22,A bangle housing the power of spirits.,accessory#23,精霊の力が宿るバングル
accessory,0x08CA3AE8,0x08CA3464,16,Poison Check,accessory#24,ポイズンチェック
accessory,0x08CA3AEC,0x08CA3464,16,Poison Check,accessory#24,ポイズンチェック
accessory,0x08CA3AF0,0x08CA3478,14,Special scientific gear.,accessory#25,特殊な科学用品
accessory,0x08CA3B0C,0x08CA3488,20,Weakness Check,accessory#26,ウィークネスチェック
accessory,0x08CA3B10,0x08CA3488,20,Weakness Check,accessory#26,ウィークネスチェック
accessory,0x08CA3B14,0x08CA34A0,26,An ornament housing the soul of a battle-hardened warrior.,accessory#27,歴戦の戦士の魂が宿る装飾品
accessory,0x08CA3B30,0x08CA34BC,12,Stun Check,accessory#28,ピヨチェック
accessory,0x08CA3B34,0x08CA34BC,12,Stun Check,accessory#28,ピヨチェック
accessory,0x08CA3B38,0x08CA34CC,22,The bust of a man called the God of War.,accessory#29,武神と呼ばれた男の胸像
accessory,0x08CA3B54,0x08CA34E4,14,Seal Check,accessory#30,シールチェック
accessory,0x08CA3B58,0x08CA34E4,14,Seal Check,accessory#30,シールチェック
accessory,0x08CA3B5C,0x08CA34F4,26,An amulet blessed with demon-banishing holy arts.,accessory#31,退魔の法術が施されたお守り
accessory,0x08CA3B78,0x08CA3510,16,Paralysis Check,accessory#32,パラライチェック
accessory,0x08CA3B7C,0x08CA3510,16,Paralysis Check,accessory#32,パラライチェック
accessory,0x08CA3B80,0x08CA3524,26,An amulet made by a legendary high priest.,accessory#33,伝説の大僧侶が作ったお守り
accessory,0x08CA3B9C,0x08CA3540,16,Stone Check,accessory#34,ストーンチェック
accessory,0x08CA3BA0,0x08CA3540,16,Stone Check,accessory#34,ストーンチェック
accessory,0x08CA3BA4,0x08CA3554,26,A ring made by a master of petrification magic.,accessory#35,石化魔法の達人が作った指輪
accessory,0x08CA3BC0,0x08CA3570,12,Aqua Cloak,accessory#36,アクアマント
accessory,0x08CA3BC4,0x08CA3570,12,Aqua Cloak,accessory#36,アクアマント
accessory,0x08CA3BC8,0x08CA3580,26,A hand-knit cloak housing the power of water.,accessory#37,水の力が宿る手編みのマント
accessory,0x08CA3BE4,0x08CA359C,12,Earth Cloak,accessory#38,アースマント
accessory,0x08CA3BE8,0x08CA359C,12,Earth Cloak,accessory#38,アースマント
accessory,0x08CA3BEC,0x08CA35AC,26,A hand-knit cloak housing the power of earth.,accessory#39,土の力が宿る手編みのマント
accessory,0x08CA3C08,0x08CA35C8,12,Flare Cloak,accessory#40,フレアマント
accessory,0x08CA3C0C,0x08CA35C8,12,Flare Cloak,accessory#40,フレアマント
accessory,0x08CA3C10,0x08CA35D8,26,A hand-knit cloak housing the power of fire.,accessory#41,火の力が宿る手編みのマント
accessory,0x08CA3C2C,0x08CA35F4,14,Wind Cloak,accessory#42,ウィンドマント
accessory,0x08CA3C30,0x08CA35F4,14,Wind Cloak,accessory#42,ウィンドマント
accessory,0x08CA3C34,0x08CA3604,26,A hand-knit cloak housing the power of wind.,accessory#43,風の力が宿る手編みのマント
accessory,0x08CA3C50,0x08CA3620,12,Light Cloak,accessory#44,ライトマント
accessory,0x08CA3C54,0x08CA3620,12,Light Cloak,accessory#44,ライトマント
accessory,0x08CA3C58,0x08CA3630,26,A hand-knit cloak housing the power of light.,accessory#45,光の力が宿る手編みのマント
accessory,0x08CA3C74,0x08CA364C,12,Dark Cloak,accessory#46,ダークマント
accessory,0x08CA3C78,0x08CA364C,12,Dark Cloak,accessory#46,ダークマント
accessory,0x08CA3C7C,0x08CA365C,24,A hand-knit cloak housing grudges.,accessory#47,怨念が宿る手編みのマント
accessory,0x08CA3C98,0x08CA3678,16,Sapphire Ring,accessory#48,サファイアリング
accessory,0x08CA3C9C,0x08CA3678,16,Sapphire Ring,accessory#48,サファイアリング
accessory,0x08CA3CA0,0x08CA368C,16,A sapphire ring.,accessory#49,サファイアの指輪
accessory,0x08CA3CBC,0x08CA36A0,16,Emerald Ring,accessory#50,エメラルドリング
accessory,0x08CA3CC0,0x08CA36A0,16,Emerald Ring,accessory#50,エメラルドリング
accessory,0x08CA3CC4,0x08CA36B4,16,An emerald ring.,accessory#51,エメラルドの指輪
accessory,0x08CA3CE0,0x08CA36C8,16,Fairy Ring,accessory#52,フェアリィリング
accessory,0x08CA3CE4,0x08CA36C8,16,Fairy Ring,accessory#52,フェアリィリング
accessory,0x08CA3CE8,0x08CA36DC,18,A ring housing the power of fairies.,accessory#53,妖精の力が宿る指輪
accessory,0x08CA3D04,0x08CA36F0,14,Mysti Mark,accessory#54,ミスティマーク
accessory,0x08CA3D08,0x08CA36F0,14,Mysti Mark,accessory#54,ミスティマーク
accessory,0x08CA3D0C,0x08CA3700,26,A tattoo seal written with incantations.,accessory#55,呪文が書かれたタトゥシール
accessory,0x08CA3D28,0x08CA371C,16,Mysti Symbol,accessory#56,ミスティシンボル
accessory,0x08CA3D2C,0x08CA371C,16,Mysti Symbol,accessory#56,ミスティシンボル
accessory,0x08CA3D30,0x08CA3730,18,A stone slate written with incantations.,accessory#57,呪文が書かれた石版
accessory,0x08CA3D4C,0x08CA3744,14,Magic Mist,accessory#58,マジックミスト
accessory,0x08CA3D50,0x08CA3744,14,Magic Mist,accessory#58,マジックミスト
accessory,0x08CA3D54,0x08CA3754,24,A smoke bomb completely unrelated to magic.,accessory#59,魔法は一切関係無い煙幕弾
accessory,0x08CA3D70,0x08CA3770,12,Moss Agate,accessory#60,モスアゲート
accessory,0x08CA3D74,0x08CA3770,12,Moss Agate,accessory#60,モスアゲート
accessory,0x08CA3D78,0x08CA3780,16,A stone polished with holy water.,accessory#61,聖水で磨かれた石
accessory,0x08CA3D94,0x08CA3794,14,Sardonyx,accessory#62,サードオニキス
accessory,0x08CA3D98,0x08CA3794,14,Sardonyx,accessory#62,サードオニキス
accessory,0x08CA3D9C,0x08CA37A4,16,A stone that received a religious ritual.,accessory#63,法儀礼を受けた石
accessory,0x08CA3DB8,0x08CA37B8,16,Black Onyx,accessory#64,ブラックオニキス
accessory,0x08CA3DBC,0x08CA37B8,16,Black Onyx,accessory#64,ブラックオニキス
accessory,0x08CA3DC0,0x08CA37CC,20,A stone carved out by a high priest.,accessory#65,大僧侶が削り出した石
accessory,0x08CA3DDC,0x08CA37E4,20,Blue Moonstone,accessory#66,ブルームーンストーン
accessory,0x08CA3DE0,0x08CA37E4,20,Blue Moonstone,accessory#66,ブルームーンストーン
accessory,0x08CA3DE4,0x08CA37FC,18,A moonstone imbued with magic.,accessory#67,魔力を帯びた月の石
accessory,0x08CA3E00,0x08CA3810,22,White Moonstone,accessory#68,ホワイトムーンストーン
accessory,0x08CA3E04,0x08CA3810,22,White Moonstone,accessory#68,ホワイトムーンストーン
accessory,0x08CA3E08,0x08CA3828,22,A moonstone polished by craftsmen.,accessory#69,職人が磨き上げた月の石
accessory,0x08CA3E24,0x08CA3840,16,Moon Crystal,accessory#70,ムーンクリスタル
accessory,0x08CA3E28,0x08CA3840,16,Moon Crystal,accessory#70,ムーンクリスタル
accessory,0x08CA3E2C,0x08CA3854,24,A moonstone into which a demon poured magical power.,accessory#71,悪魔が魔力を注いだ月の石
accessory,0x08CA3E48,0x08CA3870,12,Heal Ring,accessory#72,ヒールリング
accessory,0x08CA3E4C,0x08CA3870,12,Heal Ring,accessory#72,ヒールリング
accessory,0x08CA3E50,0x08CA3880,22,A ring that converts fighting spirit into physical strength.,accessory#73,闘志を体力に変える指輪
accessory,0x08CA3E6C,0x08CA3898,14,Heal Bangle,accessory#74,ヒールバングル
accessory,0x08CA3E70,0x08CA3898,14,Heal Bangle,accessory#74,ヒールバングル
accessory,0x08CA3E74,0x08CA38A8,26,A bangle that converts fighting spirit into physical strength.,accessory#75,闘志を体力に変えるバングル
accessory,0x08CA3E90,0x08CA38C4,14,Mental Ring,accessory#76,メンタルリング
accessory,0x08CA3E94,0x08CA38C4,14,Mental Ring,accessory#76,メンタルリング
accessory,0x08CA3E98,0x08CA38D4,16,A ring that heightens fighting spirit.,accessory#77,闘志を高める指輪
accessory,0x08CA3EB4,0x08CA38E8,16,Mental Bangle,accessory#78,メンタルバングル
accessory,0x08CA3EB8,0x08CA38E8,16,Mental Bangle,accessory#78,メンタルバングル
accessory,0x08CA3EBC,0x08CA38FC,20,A bangle that heightens fighting spirit.,accessory#79,闘志を高めるバングル
sword_1h,0x08CC13E0,0x08CBFA90,12,Longsword,sword_1h#0,ロングソード
sword_1h,0x08CC13E4,0x08CBFA90,12,Longsword,sword_1h#0,ロングソード
sword_1h,0x08CC13E8,0x08CBFAA0,16,A one-handed sword with a long blade.,sword_1h#1,剣身の長い片手剣
sword_1h,0x08CC140C,0x08CBFAB4,8,Scimitar,sword_1h#2,シミター
sword_1h,0x08CC1410,0x08CBFAB4,8,Scimitar,sword_1h#2,シミター
sword_1h,0x08CC1414,0x08CBFAC0,20,A sword with a supple curved blade.,sword_1h#3,しなやかに湾曲した剣
sword_1h,0x08CC1438,0x08CBFAD8,8,Rapier,sword_1h#4,レイピア
sword_1h,0x08CC143C,0x08CBFAD8,8,Rapier,sword_1h#4,レイピア
sword_1h,0x08CC1440,0x08CBFAE4,48,A slender longsword. Demands a certain degree of skill to master.,sword_1h#5,細身の長剣。使いこなすにはある程度の技量を要する
sword_1h,0x08CC1464,0x08CBFB18,12,Battle Sword,sword_1h#6,バトルソード
sword_1h,0x08CC1468,0x08CBFB18,12,Battle Sword,sword_1h#6,バトルソード
sword_1h,0x08CC146C,0x08CBFB28,24,A sword treated specifically for combat.,sword_1h#7,戦闘用に処理が施された剣
sword_1h,0x08CC1490,0x08CBFB44,14,Bronze Sword,sword_1h#8,ブロンズソード
sword_1h,0x08CC1494,0x08CBFB44,14,Bronze Sword,sword_1h#8,ブロンズソード
sword_1h,0x08CC1498,0x08CBFB54,16,A sword made of bronze.,sword_1h#9,青銅で作られた剣
sword_1h,0x08CC14BC,0x08CBFB68,14,Beam Saber,sword_1h#10,ビームサーベル
sword_1h,0x08CC14C0,0x08CBFB68,14,Beam Saber,sword_1h#10,ビームサーベル
sword_1h,0x08CC14C4,0x08CBFB78,30,A mysterious sword emitting a pink light.,sword_1h#11,ピンク色の光を発する不思議な剣
sword_1h,0x08CC14E8,0x08CBFB98,16,Bastard Sword,sword_1h#12,バスタードソード
sword_1h,0x08CC14EC,0x08CBFB98,16,Bastard Sword,sword_1h#12,バスタードソード
sword_1h,0x08CC14F0,0x08CBFBAC,42,A so-called hand-and-a-half sword that can be held with one or two hands.,sword_1h#13,片手でも両手でも持つ事が出来る通称片手半剣
sword_1h,0x08CC1514,0x08CBFBD8,6,Curved Blade,sword_1h#14,湾曲刀
sword_1h,0x08CC1518,0x08CBFBE0,14,Curved Blade,sword_1h#15,ワンキョクトウ
sword_1h,0x08CC151C,0x08CBFBF0,26,A single-edged sword with a slightly curved blade.,sword_1h#16,刀身が多少湾曲した片刃の剣
sword_1h,0x08CC1540,0x08CBFC0C,16,Iron Saber,sword_1h#17,アイアンサーベル
sword_1h,0x08CC1544,0x08CBFC0C,16,Iron Saber,sword_1h#17,アイアンサーベル
sword_1h,0x08CC1548,0x08CBFC20,20,A saber made of iron.,sword_1h#18,鉄で作られたサーベル
sword_1h,0x08CC156C,0x08CBFC38,18,Small Falx,sword_1h#19,スモールファルクス
sword_1h,0x08CC1570,0x08CBFC38,18,Small Falx,sword_1h#19,スモールファルクス
sword_1h,0x08CC1574,0x08CBFC4C,20,A sword with a sickle-shaped blade.,sword_1h#20,鎌状の刀身を持った剣
sword_1h,0x08CC1598,0x08CBFC64,18,Fighter Saber,sword_1h#21,ファイターサーベル
sword_1h,0x08CC159C,0x08CBFC64,18,Fighter Saber,sword_1h#21,ファイターサーベル
sword_1h,0x08CC15A0,0x08CBFC78,24,A saber favored by warriors.,sword_1h#22,戦士が好んで使うサーベル
sword_1h,0x08CC15C4,0x08CBFC94,8,Harpe,sword_1h#23,ハルパー
sword_1h,0x08CC15C8,0x08CBFC94,8,Harpe,sword_1h#23,ハルパー
sword_1h,0x08CC15CC,0x08CBFCA0,18,An ancient sword known as a sickle sword.,sword_1h#24,鎌剣といわれる古刀
sword_1h,0x08CC15F0,0x08CBFCB4,6,Ettam,sword_1h#25,エタム
sword_1h,0x08CC15F4,0x08CBFCB4,6,Ettam,sword_1h#25,エタム
sword_1h,0x08CC15F8,0x08CBFCBC,30,A blade used in rituals among minority tribes.,sword_1h#26,少数民族の間で儀礼に使われる刀
sword_1h,0x08CC161C,0x08CBFCDC,14,Wind Sword,sword_1h#27,ウィンドソード
sword_1h,0x08CC1620,0x08CBFCDC,14,Wind Sword,sword_1h#27,ウィンドソード
sword_1h,0x08CC1624,0x08CBFCEC,22,A sword that slashes through enemies like the wind.,sword_1h#28,風の様に敵を切り裂く剣
sword_1h,0x08CC1648,0x08CBFD04,12,Scissor Sword,sword_1h#29,シザーソード
sword_1h,0x08CC164C,0x08CBFD04,12,Scissor Sword,sword_1h#29,シザーソード
sword_1h,0x08CC1650,0x08CBFD14,26,A scissor-like sword featuring two blades.,sword_1h#30,二つの刀身を持った鋏状の剣
sword_1h,0x08CC1674,0x08CBFD30,12,Stinger,sword_1h#31,スティンガー
sword_1h,0x08CC1678,0x08CBFD30,12,Stinger,sword_1h#31,スティンガー
sword_1h,0x08CC167C,0x08CBFD40,20,A sword with a needle-like blade.,sword_1h#32,針状の刀身を持った剣
sword_1h,0x08CC16A0,0x08CBFD58,16,Atoa Matarua,sword_1h#33,アトア・マタルア
sword_1h,0x08CC16A4,0x08CBFD58,16,Atoa Matarua,sword_1h#33,アトア・マタルア
sword_1h,0x08CC16A8,0x08CBFD6C,40,"A sword bearing the name of Matarua, god at the underworld's entrance.",sword_1h#34,冥界の入口にいる神マタルアの名を冠する剣
sword_1h,0x08CC16CC,0x08CBFD98,14,Circle Sword,sword_1h#35,サークルソード
sword_1h,0x08CC16D0,0x08CBFD98,14,Circle Sword,sword_1h#35,サークルソード
sword_1h,0x08CC16D4,0x08CBFDA8,20,A sword with a circular blade.,sword_1h#36,円状の刀身を持った剣
sword_1h,0x08CC16F8,0x08CBFDC0,18,Hunting Sword,sword_1h#37,ハンティングソード
sword_1h,0x08CC16FC,0x08CBFDC0,18,Hunting Sword,sword_1h#37,ハンティングソード
sword_1h,0x08CC1700,0x08CBFDD4,32,A thrust-specialized sword favored in hunting.,sword_1h#38,狩りに愛用される突きに特化した剣
sword_1h,0x08CC1724,0x08CBFDF8,16,Serpent Sword,sword_1h#39,サーペントソード
sword_1h,0x08CC1728,0x08CBFDF8,16,Serpent Sword,sword_1h#39,サーペントソード
sword_1h,0x08CC172C,0x08CBFE0C,34,A famous blade bearing the name of the sea monster Serpent.,sword_1h#40,海の怪物サーペントの名を冠する名刀
sword_1h,0x08CC1750,0x08CBFE30,16,Bone Piercer,sword_1h#41,ボーンピアッサー
sword_1h,0x08CC1754,0x08CBFE30,16,Bone Piercer,sword_1h#41,ボーンピアッサー
sword_1h,0x08CC1758,0x08CBFE44,26,A sword crafted from the hard bone of a monster.,sword_1h#42,魔物の硬い骨から作られた剣
sword_1h,0x08CC177C,0x08CBFE60,16,Nimble Rapier,sword_1h#43,ニンブルレイピア
sword_1h,0x08CC1780,0x08CBFE60,16,Nimble Rapier,sword_1h#43,ニンブルレイピア
sword_1h,0x08CC1784,0x08CBFE74,36,A rapier structured for swift attacks.,sword_1h#44,素早い攻撃に向いた構造を持つレイピア
sword_1h,0x08CC17A8,0x08CBFE9C,12,Rune Sword,sword_1h#45,ルーンソード
sword_1h,0x08CC17AC,0x08CBFE9C,12,Rune Sword,sword_1h#45,ルーンソード
sword_1h,0x08CC17B0,0x08CBFEAC,22,A one-handed sword carved with mystical patterns.,sword_1h#46,神秘文様を刻んだ片手剣
sword_1h,0x08CC17D4,0x08CBFEC4,8,Saber,sword_1h#47,サーベル
sword_1h,0x08CC17D8,0x08CBFEC4,8,Saber,sword_1h#47,サーベル
sword_1h,0x08CC17DC,0x08CBFED0,20,A sword modified from a scimitar.,sword_1h#48,シミターを改良した剣
sword_1h,0x08CC1800,0x08CBFEE8,14,Rune Rapier,sword_1h#49,ルーンレイピア
sword_1h,0x08CC1804,0x08CBFEE8,14,Rune Rapier,sword_1h#49,ルーンレイピア
sword_1h,0x08CC1808,0x08CBFEF8,24,A rapier carved with mystical patterns.,sword_1h#50,神秘文様を刻んだレイピア
sword_1h,0x08CC182C,0x08CBFF14,12,War Sword,sword_1h#51,ウォーソード
sword_1h,0x08CC1830,0x08CBFF14,12,War Sword,sword_1h#51,ウォーソード
sword_1h,0x08CC1834,0x08CBFF24,26,A sword issued to soldiers in wartime.,sword_1h#52,戦時中に兵士に支給された剣
sword_1h,0x08CC1858,0x08CBFF40,14,Silver Sword,sword_1h#53,シルバーソード
sword_1h,0x08CC185C,0x08CBFF40,14,Silver Sword,sword_1h#53,シルバーソード
sword_1h,0x08CC1860,0x08CBFF50,14,A sword made of silver.,sword_1h#54,銀で作られた剣
sword_1h,0x08CC1884,0x08CBFF60,8,Mirai Ninja,sword_1h#55,未来忍者
sword_1h,0x08CC1888,0x08CBFF6C,14,Mirai Ninja,sword_1h#56,ミライニンジャ
sword_1h,0x08CC188C,0x08CBFF7C,26,A mysterious sword emitting a blue light.,sword_1h#57,青色の光を発する不思議な剣
sword_1h,0x08CC18B0,0x08CBFF98,10,Claymore,sword_1h#58,クレイモア
sword_1h,0x08CC18B4,0x08CBFF98,10,Claymore,sword_1h#58,クレイモア
sword_1h,0x08CC18B8,0x08CBFFA4,28,A sword modified from a bastard sword.,sword_1h#59,バスタードソードを改良した剣
sword_1h,0x08CC18DC,0x08CBFFC4,10,Shotel,sword_1h#60,ショーテル
sword_1h,0x08CC18E0,0x08CBFFC4,10,Shotel,sword_1h#60,ショーテル
sword_1h,0x08CC18E4,0x08CBFFD0,18,A sword modified from a curved blade.,sword_1h#61,湾曲刀を改良した剣
sword_1h,0x08CC1908,0x08CBFFE4,16,Silver Saber,sword_1h#62,シルバーサーベル
sword_1h,0x08CC190C,0x08CBFFE4,16,Silver Saber,sword_1h#62,シルバーサーベル
sword_1h,0x08CC1910,0x08CBFFF8,20,A saber made of silver.,sword_1h#63,銀で作られたサーベル
sword_1h,0x08CC1934,0x08CC0010,16,Small Sickle,sword_1h#64,スモールシックル
sword_1h,0x08CC1938,0x08CC0010,16,Small Sickle,sword_1h#64,スモールシックル
sword_1h,0x08CC193C,0x08CC0024,30,A sword modified from a small falx.,sword_1h#65,スモールファルクスを改良した剣
sword_1h,0x08CC1960,0x08CC0044,20,Warrior Saber,sword_1h#66,ウォーリアーサーベル
sword_1h,0x08CC1964,0x08CC0044,20,Warrior Saber,sword_1h#66,ウォーリアーサーベル
sword_1h,0x08CC1968,0x08CC005C,30,A saber favored by battle-hardened warriors.,sword_1h#67,歴戦の戦士が好んで使うサーベル
sword_1h,0x08CC198C,0x08CC007C,14,Witch Killer,sword_1h#68,ウィッチキラー
sword_1h,0x08CC1990,0x08CC007C,14,Witch Killer,sword_1h#68,ウィッチキラー
sword_1h,0x08CC1994,0x08CC008C,22,An ancient sword known as a witch killer.,sword_1h#69,魔女殺しといわれる古刀
sword_1h,0x08CC19B8,0x08CC00A4,8,Epetam,sword_1h#70,エペタム
sword_1h,0x08CC19BC,0x08CC00A4,8,Epetam,sword_1h#70,エペタム
sword_1h,0x08CC19C0,0x08CC00B0,42,A blade feared among minority tribes as a man-eater.,sword_1h#71,少数民族の間で恐れられる人喰いと呼ばれる刀
sword_1h,0x08CC19E4,0x08CC00DC,14,Storm Sword,sword_1h#72,ストームソード
sword_1h,0x08CC19E8,0x08CC00DC,14,Storm Sword,sword_1h#72,ストームソード
sword_1h,0x08CC19EC,0x08CC00EC,24,A sword that slashes through enemies like a tempest.,sword_1h#73,暴風の様に敵を切り裂く剣
sword_1h,0x08CC1A10,0x08CC0108,18,Violent Scissors,sword_1h#74,バイオレントシザー
sword_1h,0x08CC1A14,0x08CC0108,18,Violent Scissors,sword_1h#74,バイオレントシザー
sword_1h,0x08CC1A18,0x08CC011C,24,A sword modified from a scissor sword.,sword_1h#75,シザーソードを改良した剣
sword_1h,0x08CC1A3C,0x08CC0138,14,Beast Horn,sword_1h#76,ビーストホーン
sword_1h,0x08CC1A40,0x08CC0138,14,Beast Horn,sword_1h#76,ビーストホーン
sword_1h,0x08CC1A44,0x08CC0148,22,A sword crafted from a monster's horn.,sword_1h#77,魔物の角から作られた剣
sword_1h,0x08CC1A68,0x08CC0160,16,Atoa Mangus,sword_1h#78,アトア・マングス
sword_1h,0x08CC1A6C,0x08CC0160,16,Atoa Mangus,sword_1h#78,アトア・マングス
sword_1h,0x08CC1A70,0x08CC0174,40,"A sword bearing the name of Mangus, god at the underworld's center.",sword_1h#79,冥界の中心にいる神マングスの名を冠する剣
sword_1h,0x08CC1A94,0x08CC01A0,16,Angel Sword,sword_1h#80,エンジェルソード
sword_1h,0x08CC1A98,0x08CC01A0,16,Angel Sword,sword_1h#80,エンジェルソード
sword_1h,0x08CC1A9C,0x08CC01B4,22,A sword said to have been used by an angel.,sword_1h#81,天使が使ったとされる剣
sword_1h,0x08CC1AC0,0x08CC01CC,16,Boar Spear Sword,sword_1h#82,ボアスピアソード
sword_1h,0x08CC1AC4,0x08CC01CC,16,Boar Spear Sword,sword_1h#82,ボアスピアソード
sword_1h,0x08CC1AC8,0x08CC01E0,36,A thrust-specialized sword said to bring down a boar in one blow.,sword_1h#83,猪を一撃で倒すという突きに特化した剣
sword_1h,0x08CC1AEC,0x08CC0208,14,Scylla Sword,sword_1h#84,スキュラソード
sword_1h,0x08CC1AF0,0x08CC0208,14,Scylla Sword,sword_1h#84,スキュラソード
sword_1h,0x08CC1AF4,0x08CC0218,32,A famous blade bearing the name of the sea monster Scylla.,sword_1h#85,海の怪物スキュラの名を冠する名刀
sword_1h,0x08CC1B18,0x08CC023C,16,Skull Piercer,sword_1h#86,スカルピアッサー
sword_1h,0x08CC1B1C,0x08CC023C,16,Skull Piercer,sword_1h#86,スカルピアッサー
sword_1h,0x08CC1B20,0x08CC0250,30,An eerie sword adorned with skulls.,sword_1h#87,ドクロがあしらわれた不気味な剣
sword_1h,0x08CC1B44,0x08CC0270,16,Wazir Rapier,sword_1h#88,ワジールレイピア
sword_1h,0x08CC1B48,0x08CC0270,16,Wazir Rapier,sword_1h#88,ワジールレイピア
sword_1h,0x08CC1B4C,0x08CC0284,28,A sword upgraded from a nimble rapier.,sword_1h#89,ニンブルレイピアを強化した剣
sword_1h,0x08CC1B70,0x08CC02A4,14,Holy Sword,sword_1h#90,ホーリーソード
sword_1h,0x08CC1B74,0x08CC02A4,14,Holy Sword,sword_1h#90,ホーリーソード
sword_1h,0x08CC1B78,0x08CC02B4,24,A one-handed sword receiving holy blessing.,sword_1h#91,聖なる祝福を受けた片手剣
sword_1h,0x08CC1B9C,0x08CC02D0,8,Cutlass,sword_1h#92,カトラス
sword_1h,0x08CC1BA0,0x08CC02D0,8,Cutlass,sword_1h#92,カトラス
sword_1h,0x08CC1BA4,0x08CC02DC,20,A sword modified from a saber.,sword_1h#93,サーベルを改良した剣
sword_1h,0x08CC1BC8,0x08CC02F4,16,Holy Rapier,sword_1h#94,ホーリーレイピア
sword_1h,0x08CC1BCC,0x08CC02F4,16,Holy Rapier,sword_1h#94,ホーリーレイピア
sword_1h,0x08CC1BD0,0x08CC0308,26,A rapier receiving holy blessing.,sword_1h#95,聖なる祝福を受けたレイピア
sword_1h,0x08CC1BF4,0x08CC0324,14,Duel Sword,sword_1h#96,デュエルソード
sword_1h,0x08CC1BF8,0x08CC0324,14,Duel Sword,sword_1h#96,デュエルソード
sword_1h,0x08CC1BFC,0x08CC0334,34,A renowned sword bestowed upon heroes in an ancient kingdom.,sword_1h#97,イニシエの王国で英雄に贈られた名剣
sword_1h,0x08CC1C20,0x08CC0358,14,Platinum Sword,sword_1h#98,プラチナソード
sword_1h,0x08CC1C24,0x08CC0358,14,Platinum Sword,sword_1h#98,プラチナソード
sword_1h,0x08CC1C28,0x08CC0368,14,A sword made of platinum.,sword_1h#99,プラチナ製の剣
sword_1h,0x08CC1C4C,0x08CC0378,16,Laser Blade,sword_1h#100,レーザーブレード
sword_1h,0x08CC1C50,0x08CC0378,16,Laser Blade,sword_1h#100,レーザーブレード
sword_1h,0x08CC1C54,0x08CC038C,26,A mysterious sword emitting a green light.,sword_1h#101,緑色の光を発する不思議な剣
sword_1h,0x08CC1C78,0x08CC03A8,14,Greatsword,sword_1h#102,グレートソード
sword_1h,0x08CC1C7C,0x08CC03A8,14,Greatsword,sword_1h#102,グレートソード
sword_1h,0x08CC1C80,0x08CC03B8,22,A sword modified from a claymore.,sword_1h#103,クレイモアを改良した剣
sword_1h,0x08CC1CA4,0x08CC03D0,16,Rune Shotel,sword_1h#104,ルーンショーテル
sword_1h,0x08CC1CA8,0x08CC03D0,16,Rune Shotel,sword_1h#104,ルーンショーテル
sword_1h,0x08CC1CAC,0x08CC03E4,26,A shotel carved with mystical patterns.,sword_1h#105,神秘文様を刻んだショーテル
sword_1h,0x08CC1CD0,0x08CC0400,16,Mithril Saber,sword_1h#106,ミスリルサーベル
sword_1h,0x08CC1CD4,0x08CC0400,16,Mithril Saber,sword_1h#106,ミスリルサーベル
sword_1h,0x08CC1CD8,0x08CC0414,20,A saber made of mithril.,sword_1h#107,ミスリル製のサーベル
sword_1h,0x08CC1CFC,0x08CC042C,18,Small Death Scythe,sword_1h#108,スモールデスサイズ
sword_1h,0x08CC1D00,0x08CC042C,18,Small Death Scythe,sword_1h#108,スモールデスサイズ
sword_1h,0x08CC1D04,0x08CC0440,28,A sword modified from a small sickle.,sword_1h#109,スモールシックルを改良した剣
sword_1h,0x08CC1D28,0x08CC0460,14,Knight Saber,sword_1h#110,ナイトサーベル
sword_1h,0x08CC1D2C,0x08CC0460,14,Knight Saber,sword_1h#110,ナイトサーベル
sword_1h,0x08CC1D30,0x08CC0470,24,A saber favored by knights.,sword_1h#111,騎士が好んで使うサーベル
sword_1h,0x08CC1D54,0x08CC048C,16,Medusa Killer,sword_1h#112,メデューサキラー
sword_1h,0x08CC1D58,0x08CC048C,16,Medusa Killer,sword_1h#112,メデューサキラー
sword_1h,0x08CC1D5C,0x08CC04A0,28,An ancient sword known as a Medusa killer.,sword_1h#113,メデューサ殺しといわれる古刀
sword_1h,0x08CC1D80,0x08CC04C0,12,Kutone Shirika,sword_1h#114,クトネシリカ
sword_1h,0x08CC1D84,0x08CC04C0,12,Kutone Shirika,sword_1h#114,クトネシリカ
sword_1h,0x08CC1D88,0x08CC04D0,32,A blade passed down among minority tribes inhabited by a sacred beast.,sword_1h#115,少数民族の間で伝わる神獣が宿る刀
sword_1h,0x08CC1DAC,0x08CC04F4,18,Voltek Sword,sword_1h#116,ヴォルテックソード
sword_1h,0x08CC1DB0,0x08CC04F4,18,Voltek Sword,sword_1h#116,ヴォルテックソード
sword_1h,0x08CC1DB4,0x08CC0508,30,A sword that slashes through enemies like a lightning storm.,sword_1h#117,雷を伴う嵐の様に敵を切り裂く剣
sword_1h,0x08CC1DD8,0x08CC0528,18,Excellent Scissors,sword_1h#118,エクセレントシザー
sword_1h,0x08CC1DDC,0x08CC0528,18,Excellent Scissors,sword_1h#118,エクセレントシザー
sword_1h,0x08CC1DE0,0x08CC053C,30,A sword modified from violent scissors.,sword_1h#119,バイオレントシザーを改良した剣
sword_1h,0x08CC1E04,0x08CC055C,16,Unicorn Horn,sword_1h#120,ユニコーンホーン
sword_1h,0x08CC1E08,0x08CC055C,16,Unicorn Horn,sword_1h#120,ユニコーンホーン
sword_1h,0x08CC1E0C,0x08CC0570,36,A sword said to have been crafted from the horn of a legendary holy beast.,sword_1h#121,伝説の聖獣の角から作られたとされる剣
sword_1h,0x08CC1E30,0x08CC0598,16,Atoa Matatasi,sword_1h#122,アトア・マタタシ
sword_1h,0x08CC1E34,0x08CC0598,16,Atoa Matatasi,sword_1h#122,アトア・マタタシ
sword_1h,0x08CC1E38,0x08CC05AC,40,"A sword bearing the name of Matatasi, god at the deepest part of the underworld.",sword_1h#123,冥界の最奥にいる神マタタシの名を冠する剣
sword_1h,0x08CC1E5C,0x08CC05D8,14,Endymion,sword_1h#124,エンディミオン
sword_1h,0x08CC1E60,0x08CC05D8,14,Endymion,sword_1h#124,エンディミオン
sword_1h,0x08CC1E64,0x08CC05E8,38,A sword said to put those slashed by it into an eternal slumber.,sword_1h#125,斬られた者は永遠の眠りにつくとされる剣
sword_1h,0x08CC1E88,0x08CC0610,18,Mail Piercing Sword,sword_1h#126,メイルピアスソード
sword_1h,0x08CC1E8C,0x08CC0610,18,Mail Piercing Sword,sword_1h#126,メイルピアスソード
sword_1h,0x08CC1E90,0x08CC0624,40,A thrust-specialized sword said to pierce even sturdy armor.,sword_1h#127,頑丈な鎧をも貫くとされる突きに特化した剣
sword_1h,0x08CC1EB4,0x08CC0650,12,Hydra Sword,sword_1h#128,ヒドラソード
sword_1h,0x08CC1EB8,0x08CC0650,12,Hydra Sword,sword_1h#128,ヒドラソード
sword_1h,0x08CC1EBC,0x08CC0660,26,A famous blade bearing the name of a legendary magical beast.,sword_1h#129,伝説の魔獣の名を冠する名刀
sword_1h,0x08CC1EE0,0x08CC067C,14,Death Piercer,sword_1h#130,デスピアッサー
sword_1h,0x08CC1EE4,0x08CC067C,14,Death Piercer,sword_1h#130,デスピアッサー
sword_1h,0x08CC1EE8,0x08CC068C,34,A sword bearing the name of a death-bringing reaper.,sword_1h#131,死を呼ぶとされる死神の名を冠する剣
sword_1h,0x08CC1F0C,0x08CC06B0,22,Holy Judgment,sword_1h#132,ホーリージャッジメント
sword_1h,0x08CC1F10,0x08CC06B0,22,Holy Judgment,sword_1h#132,ホーリージャッジメント
sword_1h,0x08CC1F14,0x08CC06C8,24,A sword bearing the name of divine judgment.,sword_1h#133,天からの裁きの名を持つ剣
sword_1h,0x08CC1F38,0x08CC06E4,10,Swordsman's Longsword,sword_1h#134,剣士の長剣
sword_1h,0x08CC1F3C,0x08CC06F0,18,Swordsman's Longsword,sword_1h#135,ケンシノチョウケン
sword_1h,0x08CC1F40,0x08CC0704,38,A longsword exclusive to swordsmen recognized as Descenders.,sword_1h#136,ディセンダーと認められた剣士専用の長剣
sword_1h,0x08CC1F64,0x08CC072C,14,Magic Swordsman's Longsword,sword_1h#137,魔法剣士の長剣
sword_1h,0x08CC1F68,0x08CC073C,24,Magic Swordsman's Longsword,sword_1h#138,マホウケンシノチョウケン
sword_1h,0x08CC1F6C,0x08CC0758,42,A longsword exclusive to magic swordsmen recognized as Descenders.,sword_1h#139,ディセンダーと認められた魔法剣士専用の長剣
sword_1h,0x08CC1F90,0x08CC0784,6,Shinobi Katana,sword_1h#140,忍の刀
sword_1h,0x08CC1F94,0x08CC078C,14,Shinobi Katana,sword_1h#141,シノビノカタナ
sword_1h,0x08CC1F98,0x08CC079C,36,A katana exclusive to ninjas recognized as Descenders.,sword_1h#142,ディセンダーと認められた忍者専用の刀
sword_1h,0x08CC1FBC,0x08CC07C4,6,Blue Dragon Blade,sword_1h#143,青龍刀
sword_1h,0x08CC1FC0,0x08CC07CC,14,Blue Dragon Blade,sword_1h#144,セイリュウトウ
sword_1h,0x08CC1FC4,0x08CC07DC,44,One of the twin katanas exclusive to twin swordsmen recognized as Descenders.,sword_1h#145,ディセンダーと認められた双剣士専用の刀の一つ
sword_1h,0x08CC1FF0,0x08CC07DC,44,One of the twin katanas exclusive to twin swordsmen recognized as Descenders.,sword_1h#145,ディセンダーと認められた双剣士専用の刀の一つ
sword_1h,0x08CC1FE8,0x08CC080C,6,Suzaku Blade,sword_1h#146,朱雀刀
sword_1h,0x08CC1FEC,0x08CC0814,10,Suzaku Blade,sword_1h#147,スザクトウ
sword_1h,0x08CC2014,0x08CC0820,10,Knight's Longsword,sword_1h#148,騎士の長剣
sword_1h,0x08CC2018,0x08CC082C,16,Knight's Longsword,sword_1h#149,キシノチョウケン
sword_1h,0x08CC201C,0x08CC0840,40,A longsword crafted for swordsmen recognized as Descenders.,sword_1h#150,ディセンダーの為に作られた剣士専用の長剣
sword_1h,0x08CC2040,0x08CC086C,14,Magic Knight's Longsword,sword_1h#151,魔法騎士の長剣
sword_1h,0x08CC2044,0x08CC087C,22,Magic Knight's Longsword,sword_1h#152,マホウキシノチョウケン
sword_1h,0x08CC2048,0x08CC0894,44,A longsword crafted for magic swordsmen recognized as Descenders.,sword_1h#153,ディセンダーの為に作られた魔法剣士専用の長剣
sword_1h,0x08CC206C,0x08CC08C4,8,Head Ninja's Katana,sword_1h#154,頭領の刀
sword_1h,0x08CC2070,0x08CC08D0,18,Head Ninja's Katana,sword_1h#155,トウリョウノカタナ
sword_1h,0x08CC2074,0x08CC08E4,38,A katana crafted for ninjas recognized as Descenders.,sword_1h#156,ディセンダーの為に作られた忍者専用の刀
sword_1h,0x08CC2098,0x08CC090C,6,White Tiger Blade,sword_1h#157,白虎刀
sword_1h,0x08CC209C,0x08CC0914,12,White Tiger Blade,sword_1h#158,ビャッコトウ
sword_1h,0x08CC20A0,0x08CC0924,40,A katana crafted for twin swordsmen recognized as Descenders.,sword_1h#159,ディセンダーの為に作られた双剣士専用の刀
sword_1h,0x08CC20CC,0x08CC0924,40,A katana crafted for twin swordsmen recognized as Descenders.,sword_1h#159,ディセンダーの為に作られた双剣士専用の刀
sword_1h,0x08CC20C4,0x08CC0950,6,Black Tortoise Blade,sword_1h#160,玄武刀
sword_1h,0x08CC20C8,0x08CC0958,10,Black Tortoise Blade,sword_1h#161,ゲンブトウ
sword_1h,0x08CC20F0,0x08CC0964,14,Excalibur,sword_1h#162,エクスカリバー
sword_1h,0x08CC20F4,0x08CC0964,14,Excalibur,sword_1h#162,エクスカリバー
sword_1h,0x08CC20F8,0x08CC0974,44,"Sword of the hero Gilgamesh, renowned in the Legend of Ishtar.",sword_1h#163,イシュタル伝説に名を残す勇者ギルガメシュの剣
sword_1h,0x08CC211C,0x08CC09A4,12,Fragarach,sword_1h#164,フラガラッハ
sword_1h,0x08CC2120,0x08CC09A4,12,Fragarach,sword_1h#164,フラガラッハ
sword_1h,0x08CC2124,0x08CC09B4,40,A sword said to inflict wounds that never heal.,sword_1h#165,この刃に付けられた傷は治らないと伝わる剣
sword_1h,0x08CC2148,0x08CC09E0,10,Balmung,sword_1h#166,バルムンク
sword_1h,0x08CC214C,0x08CC09E0,10,Balmung,sword_1h#166,バルムンク
sword_1h,0x08CC2150,0x08CC09EC,28,Sword of the legendary hero Siegfried.,sword_1h#167,伝説の英雄ジークフリートの剣
sword_1h,0x08CC2174,0x08CC0A0C,8,Ame-no-Murakumo,sword_1h#168,天叢雲剣
sword_1h,0x08CC2178,0x08CC0A18,22,Ame-no-Murakumo,sword_1h#169,アマノムラクモノツルギ
sword_1h,0x08CC217C,0x08CC0A30,26,A legendary precious sword passed down in the East.,sword_1h#170,東方に伝えられる伝説の宝剣
sword_1h,0x08CC21A0,0x08CC0A4C,14,Flamberge,sword_1h#171,フランベルジュ
sword_1h,0x08CC21A4,0x08CC0A4C,14,Flamberge,sword_1h#171,フランベルジュ
sword_1h,0x08CC21A8,0x08CC0A5C,46,Weapon equipped in this title by Lloyd from TOS.,sword_1h#172,ＴＯＳに登場したロイドが本作で装備している武器
sword_1h,0x08CC21D4,0x08CC0A5C,46,Weapon equipped in this title by Lloyd from TOS.,sword_1h#172,ＴＯＳに登場したロイドが本作で装備している武器
sword_1h,0x08CC21CC,0x08CC0A8C,16,Vorpal Sword,sword_1h#173,ヴォーパルソード
sword_1h,0x08CC21D0,0x08CC0A8C,16,Vorpal Sword,sword_1h#173,ヴォーパルソード
sword_1h,0x08CC21F8,0x08CC0AA0,18,Eternal Sword S,sword_1h#174,エターナルソードＳ
sword_1h,0x08CC21FC,0x08CC0AB4,20,Eternal Sword S,sword_1h#175,エターナルソードエス
sword_1h,0x08CC2200,0x08CC0ACC,46,Weapon used during Mystic Arte by Lloyd from TOS.,sword_1h#176,ＴＯＳに登場したロイドが秘奥義中に使用する武器
sword_1h,0x08CC2224,0x08CC0AFC,10,Frying Pan,sword_1h#177,フライパン
sword_1h,0x08CC2228,0x08CC0AFC,10,Frying Pan,sword_1h#177,フライパン
sword_1h,0x08CC222C,0x08CC0B08,30,A cooking utensil. It hurts quite a bit to get hit with this.,sword_1h#178,調理器具。これで叩かれると痛い
sword_1h,0x08CC2250,0x08CC0B28,10,Ladle (Sword),sword_1h#179,おたま・剣
sword_1h,0x08CC2254,0x08CC0B34,10,Ladle (Sword),sword_1h#180,オタマケン
sword_1h,0x08CC2258,0x08CC0B40,40,"A cooking utensil, but sometimes wielded as a weapon.",sword_1h#181,調理器具だが、武器として使用する事もある
sword_1h,0x08CC227C,0x08CC0B6C,2,Bone,sword_1h#182,骨
sword_1h,0x08CC2280,0x08CC0B70,4,Bone,sword_1h#183,ホネ
sword_1h,0x08CC2284,0x08CC0B78,24,A bone of some kind. Not the bone of a nobody.,sword_1h#184,何かの骨。馬の骨ではない
sword_1h,0x08CC22A8,0x08CC0B94,8,Harisen,sword_1h#185,ハリセン
sword_1h,0x08CC22AC,0x08CC0B94,8,Harisen,sword_1h#185,ハリセン
sword_1h,0x08CC22B0,0x08CC0BA0,26,Made strictly for straight-man slaps. Who's playing the funny guy?,sword_1h#186,ツッコミ専用。ボケ役は誰？
sword_1h,0x08CC22D4,0x08CC0BBC,6,Green Onion,sword_1h#187,長ネギ
sword_1h,0x08CC22D8,0x08CC0BC4,8,Green Onion,sword_1h#188,ナガネギ
sword_1h,0x08CC22DC,0x08CC0BD0,14,Perfect companion for a hot pot...,sword_1h#189,お鍋のお供に…
sword_1h,0x08CC2300,0x08CC0BE0,6,Bonito,sword_1h#190,カツオ
sword_1h,0x08CC2304,0x08CC0BE0,6,Bonito,sword_1h#190,カツオ
sword_1h,0x08CC2308,0x08CC0BE8,12,A frozen bonito.,sword_1h#191,冷凍のカツオ
sword_1h,0x08CC232C,0x08CC0BF8,6,Dango,sword_1h#192,だんご
sword_1h,0x08CC2330,0x08CC0C00,6,Dango,sword_1h#193,ダンゴ
sword_1h,0x08CC2334,0x08CC0C08,20,I'm completely stuffed...,sword_1h#194,もうおなか一杯です…
sword_1h,0x08CC2358,0x08CC0C20,8,Broken Sword,sword_1h#195,折れた剣
sword_1h,0x08CC235C,0x08CC0C2C,10,Broken Sword,sword_1h#196,オレタケン
sword_1h,0x08CC2360,0x08CC0C38,28,The sad remnant of an ancient renowned blade...,sword_1h#197,イニシエの名刀のなれの果て…
sword_1h,0x08CC2384,0x08CC0C58,14,Soul Edge (Male),sword_1h#198,ソウルエッジ雄
sword_1h,0x08CC2388,0x08CC0C68,16,Soul Edge (Male),sword_1h#199,ソウルエッジオス
sword_1h,0x08CC238C,0x08CC0C7C,32,A legendary cursed sword. Its name is Soul Edge.,sword_1h#200,伝説の魔剣。その名はソウルエッジ
sword_1h,0x08CC23B8,0x08CC0C7C,32,A legendary cursed sword. Its name is Soul Edge.,sword_1h#200,伝説の魔剣。その名はソウルエッジ
sword_1h,0x08CC3C70,0x08CC0C7C,32,A legendary cursed sword. Its name is Soul Edge.,sword_1h#200,伝説の魔剣。その名はソウルエッジ
sword_1h,0x08CC23B0,0x08CC0CA0,14,Soul Edge (Female),sword_1h#201,ソウルエッジ雌
sword_1h,0x08CC23B4,0x08CC0CB0,16,Soul Edge (Female),sword_1h#202,ソウルエッジメス
sword_1h,0x08CC23DC,0x08CC0CC4,16,Soul Calibur,sword_1h#203,ソウルキャリバー
sword_1h,0x08CC23E0,0x08CC0CC4,16,Soul Calibur,sword_1h#203,ソウルキャリバー
sword_1h,0x08CC23E4,0x08CC0CD8,36,A legendary holy sword. Its name is Soul Calibur.,sword_1h#204,伝説の聖剣。その名はソウルキャリバー
sword_1h,0x08CC3C9C,0x08CC0CD8,36,A legendary holy sword. Its name is Soul Calibur.,sword_1h#204,伝説の聖剣。その名はソウルキャリバー
sword_1h,0x08CC2408,0x08CC0D00,16,Treasure Sword Gardios,sword_1h#205,宝刀ガルディオス
sword_1h,0x08CC240C,0x08CC0D14,20,Treasure Sword Gardios,sword_1h#206,ホウトウガルディオス
sword_1h,0x08CC2410,0x08CC0D2C,44,Weapon equipped in this title by Guy from TOA.,sword_1h#207,ＴＯＡに登場したガイが本作で装備している武器
sword_1h,0x08CC2434,0x08CC0D5C,10,Solvalou,sword_1h#208,ソルバルウ
sword_1h,0x08CC2438,0x08CC0D5C,10,Solvalou,sword_1h#208,ソルバルウ
sword_1h,0x08CC243C,0x08CC0D68,42,"Even if equipped, it cannot fire Zapper or Blaster.",sword_1h#209,装備してもザッパー、ブラスターは撃てません
sword_1h,0x08CC2460,0x08CC0D94,20,Order of Lorelei Cantor Sword,sword_1h#210,ローレライ教団詠師剣
sword_1h,0x08CC2464,0x08CC0DAC,30,Order of Lorelei Cantor Sword,sword_1h#211,ローレライキョウダンエイシケン
sword_1h,0x08CC2468,0x08CC0DCC,48,Weapon equipped in this title by Asch from TOA.,sword_1h#212,ＴＯＡに登場したアッシュが本作で装備している武器
sword_1h,0x08CC248C,0x08CC0E00,18,Phonic Blade,sword_1h#213,フォニックブレード
sword_1h,0x08CC2490,0x08CC0E00,18,Phonic Blade,sword_1h#213,フォニックブレード
sword_1h,0x08CC2494,0x08CC0E14,46,Weapon equipped in this title by Luke from TOA.,sword_1h#214,ＴＯＡに登場したルークが本作で装備している武器
sword_1h,0x08CC24B8,0x08CC0E44,12,Igtenos,sword_1h#215,イクティノス
sword_1h,0x08CC24BC,0x08CC0E44,12,Igtenos,sword_1h#215,イクティノス
sword_1h,0x08CC24C0,0x08CC0E54,50,Weapon equipped in this title by Woodrow from TOD.,sword_1h#216,ＴＯＤに登場したウッドロウが本作で装備している武器
sword_1h,0x08CC24E4,0x08CC0E88,12,Chaltier,sword_1h#217,シャルティエ
sword_1h,0x08CC24E8,0x08CC0E88,12,Chaltier,sword_1h#217,シャルティエ
sword_1h,0x08CC24EC,0x08CC0E98,46,Weapon equipped in this title by Leon from TOD.,sword_1h#218,ＴＯＤに登場したリオンが本作で装備している武器
sword_1h,0x08CC2510,0x08CC0EC8,10,Dymlos,sword_1h#219,ディムロス
sword_1h,0x08CC2514,0x08CC0EC8,10,Dymlos,sword_1h#219,ディムロス
sword_1h,0x08CC2518,0x08CC0ED4,46,Weapon equipped in this title by Stahn from TOD.,sword_1h#220,ＴＯＤに登場したスタンが本作で装備している武器
sword_1h,0x08CC253C,0x08CC0F04,18,Stormbringer,sword_1h#221,ストームブリンガー
sword_1h,0x08CC2540,0x08CC0F04,18,Stormbringer,sword_1h#221,ストームブリンガー
sword_1h,0x08CC2544,0x08CC0F18,48,Weapon equipped in this title by Kyle from TOD2.,sword_1h#222,ＴＯＤ２に登場したカイルが本作で装備している武器
sword_1h,0x08CC2568,0x08CC0F4C,16,Last Fencer,sword_1h#223,ラストフェンサー
sword_1h,0x08CC256C,0x08CC0F4C,16,Last Fencer,sword_1h#223,ラストフェンサー
sword_1h,0x08CC2570,0x08CC0F60,46,Weapon equipped in this title by Reid from TOE.,sword_1h#224,ＴＯＥに登場したリッドが本作で装備している武器
sword_1h,0x08CC2594,0x08CC0F90,14,Akabane Sword,sword_1h#225,アカバネソード
sword_1h,0x08CC2598,0x08CC0F90,14,Akabane Sword,sword_1h#225,アカバネソード
sword_1h,0x08CC259C,0x08CC0FA0,48,Weapon equipped in this title by Spada from TOI.,sword_1h#226,ＴＯＩに登場したスパーダが本作で装備している武器
sword_1h,0x08CC25C0,0x08CC0FD4,18,Eternal Sword P,sword_1h#227,エターナルソードＰ
sword_1h,0x08CC25C4,0x08CC0FE8,20,Eternal Sword P,sword_1h#228,エターナルソードピー
sword_1h,0x08CC25C8,0x08CC1000,46,Weapon equipped in this title by Cress from TOP.,sword_1h#229,ＴＯＰに登場したクレスが本作で装備している武器
sword_1h,0x08CC25EC,0x08CC1030,8,Ninja Blade Chizakura,sword_1h#230,忍刀血桜
sword_1h,0x08CC25F0,0x08CC103C,16,Ninja Blade Chizakura,sword_1h#231,ニントウチザクラ
sword_1h,0x08CC25F4,0x08CC1050,44,Weapon equipped in this title by Suzu from TOP.,sword_1h#232,ＴＯＰに登場したすずが本作で装備している武器
sword_1h,0x08CC2618,0x08CC1080,14,Ether Sword,sword_1h#233,エーテルソード
sword_1h,0x08CC261C,0x08CC1080,14,Ether Sword,sword_1h#233,エーテルソード
sword_1h,0x08CC2620,0x08CC1090,46,Weapon equipped in this title by Zelos from TOS.,sword_1h#234,ＴＯＳに登場したゼロスが本作で装備している武器
sword_1h,0x08CC2644,0x08CC10C0,14,Beast Soul,sword_1h#235,ビーストソウル
sword_1h,0x08CC2648,0x08CC10C0,14,Beast Soul,sword_1h#235,ビーストソウル
sword_1h,0x08CC264C,0x08CC10D0,48,Weapon equipped in this title by Caius from TOT.,sword_1h#236,ＴＯＴに登場したカイウスが本作で装備している武器
sword_1h,0x08CC2670,0x08CC1104,10,Second Star,sword_1h#237,ニバンボシ
sword_1h,0x08CC2674,0x08CC1104,10,Second Star,sword_1h#237,ニバンボシ
sword_1h,0x08CC2678,0x08CC1110,46,Weapon equipped in this title by Yuri from TOV.,sword_1h#238,ＴＯＶに登場したユーリが本作で装備している武器
sword_1h,0x08CC269C,0x08CC1140,16,Sturm Stol,sword_1h#239,ストームシュテル
sword_1h,0x08CC26A0,0x08CC1140,16,Sturm Stol,sword_1h#239,ストームシュテル
sword_1h,0x08CC26A4,0x08CC1154,44,Weapon equipped in this title by Saleh from TOR.,sword_1h#240,ＴＯＲに登場したサレが本作で装備している武器
sword_1h,0x08CC26C8,0x08CC1184,20,White Knight Sword,sword_1h#241,ホワイトナイトソード
sword_1h,0x08CC26CC,0x08CC1184,20,White Knight Sword,sword_1h#241,ホワイトナイトソード
sword_1h,0x08CC26D0,0x08CC119C,46,Weapon equipped in this title by Flynn from TOV.,sword_1h#242,ＴＯＶに登場したフレンが本作で装備している武器
sword_1h,0x08CC26F4,0x08CC11CC,10,Asteria,sword_1h#243,アステリア
sword_1h,0x08CC26F8,0x08CC11CC,10,Asteria,sword_1h#243,アステリア
sword_1h,0x08CC26FC,0x08CC11D8,46,Weapon equipped in this title by Shing from TOH.,sword_1h#244,ＴＯＨに登場したシングが本作で装備している武器
sword_1h,0x08CC2720,0x08CC1208,4,Kyogetsu,sword_1h#245,狂月
sword_1h,0x08CC2724,0x08CC1210,10,Kyogetsu,sword_1h#246,キョウゲツ
sword_1h,0x08CC2728,0x08CC121C,50,Weapon equipped in this title by Richter from TOSR.,sword_1h#247,ＴＯＳＲに登場したリヒターが本作で装備している武器
sword_1h,0x08CC6B48,0x08CC121C,50,Weapon equipped in this title by Richter from TOSR.,sword_1h#247,ＴＯＳＲに登場したリヒターが本作で装備している武器
sword_1h,0x08CC274C,0x08CC1250,12,Caladbolg,sword_1h#248,カラドボルグ
sword_1h,0x08CC2750,0x08CC1250,12,Caladbolg,sword_1h#248,カラドボルグ
sword_1h,0x08CC2754,0x08CC1260,52,Weapon equipped in this title by Judas from TOD2.,sword_1h#249,ＴＯＤ２に登場したジューダスが本作で装備している武器
sword_1h,0x08CC5544,0x08CC1260,52,Weapon equipped in this title by Judas from TOD2.,sword_1h#249,ＴＯＤ２に登場したジューダスが本作で装備している武器
sword_1h,0x08CC2778,0x08CC1298,14,Longsword SR,sword_1h#250,ロングソードSR
sword_1h,0x08CC277C,0x08CC12A8,22,Longsword SR,sword_1h#251,ロングソードエスアール
sword_1h,0x08CC2780,0x08CC12C0,48,Weapon equipped in this title by Emil from TOSR.,sword_1h#252,ＴＯＳＲに登場したエミルが本作で装備している武器
sword_1h,0x08CC27A4,0x08CC12F4,16,Trial Sword,sword_1h#253,トライアルソード
sword_1h,0x08CC27A8,0x08CC12F4,16,Trial Sword,sword_1h#253,トライアルソード
sword_1h,0x08CC27AC,0x08CC1308,50,A mock combat weapon modified to be viable in actual battle.,sword_1h#254,模擬戦闘用の武器を実戦でも通用する様に改造したもの
sword_1h,0x08CC3DA4,0x08CC1308,50,A mock combat weapon modified to be viable in actual battle.,sword_1h#254,模擬戦闘用の武器を実戦でも通用する様に改造したもの
sword_1h,0x08CC5570,0x08CC1308,50,A mock combat weapon modified to be viable in actual battle.,sword_1h#254,模擬戦闘用の武器を実戦でも通用する様に改造したもの
sword_1h,0x08CC6B74,0x08CC1308,50,A mock combat weapon modified to be viable in actual battle.,sword_1h#254,模擬戦闘用の武器を実戦でも通用する様に改造したもの
sword_1h,0x08CC8A2C,0x08CC1308,50,A mock combat weapon modified to be viable in actual battle.,sword_1h#254,模擬戦闘用の武器を実戦でも通用する様に改造したもの
sword_1h,0x08CCAA90,0x08CC1308,50,A mock combat weapon modified to be viable in actual battle.,sword_1h#254,模擬戦闘用の武器を実戦でも通用する様に改造したもの
sword_1h,0x08CCC380,0x08CC1308,50,A mock combat weapon modified to be viable in actual battle.,sword_1h#254,模擬戦闘用の武器を実戦でも通用する様に改造したもの
sword_1h,0x08CCD9B8,0x08CC1308,50,A mock combat weapon modified to be viable in actual battle.,sword_1h#254,模擬戦闘用の武器を実戦でも通用する様に改造したもの
sword_1h,0x08CC27D0,0x08CC133C,18,Eternal Sword X,sword_1h#255,エターナルソードＸ
sword_1h,0x08CC27D4,0x08CC1350,24,Eternal Sword X,sword_1h#256,エターナルソードエックス
sword_1h,0x08CC27D8,0x08CC136C,52,Narikiri Dungeon X bonus. Weapon equipped in this title by Cress.,sword_1h#257,なりきりダンジョンＸ特典。本作でクレスが装備する武器
sword_1h,0x08CC27FC,0x08CC13A4,14,Max Value (One-Handed Sword),sword_1h#258,最大値(片手剣)
sword_2h,0x08CC3454,0x08CC283C,16,Protect Sword,sword_2h#0,プロテクトソード
sword_2h,0x08CC3458,0x08CC283C,16,Protect Sword,sword_2h#0,プロテクトソード
sword_2h,0x08CC345C,0x08CC2850,34,A greatsword developed with the theme of offense and defense as one.,sword_2h#1,攻防一体をテーマに開発された両手剣
sword_2h,0x08CC3480,0x08CC2874,16,Broad Blade,sword_2h#2,ブロードブレード
sword_2h,0x08CC3484,0x08CC2874,16,Broad Blade,sword_2h#2,ブロードブレード
sword_2h,0x08CC3488,0x08CC2888,12,A wide greatsword.,sword_2h#3,幅広の両手剣
sword_2h,0x08CC34AC,0x08CC2898,16,Stone Blade,sword_2h#4,ストーンブレード
sword_2h,0x08CC34B0,0x08CC2898,16,Stone Blade,sword_2h#4,ストーンブレード
sword_2h,0x08CC34B4,0x08CC28AC,34,A greatsword carved from hard rock.,sword_2h#5,硬い岩石を削り出して作られた両手剣
sword_2h,0x08CC34D8,0x08CC28D0,12,Large Sword,sword_2h#6,ラージソード
sword_2h,0x08CC34DC,0x08CC28D0,12,Large Sword,sword_2h#6,ラージソード
sword_2h,0x08CC34E0,0x08CC28E0,22,A greatsword with a long blade.,sword_2h#7,長い刀身を持った両手剣
sword_2h,0x08CC3504,0x08CC28F8,14,Breeze Sword,sword_2h#8,ブリーズソード
sword_2h,0x08CC3508,0x08CC28F8,14,Breeze Sword,sword_2h#8,ブリーズソード
sword_2h,0x08CC350C,0x08CC2908,26,A greatsword said to stir up winds.,sword_2h#9,風を起こすといわれる両手剣
sword_2h,0x08CC3530,0x08CC2924,18,Two-Handed Sword,sword_2h#10,トゥーハンドソード
sword_2h,0x08CC3534,0x08CC2924,18,Two-Handed Sword,sword_2h#10,トゥーハンドソード
sword_2h,0x08CC3538,0x08CC2938,28,A greatsword that cannot be wielded with one hand.,sword_2h#11,片手で扱う事は出来ない両手剣
sword_2h,0x08CC355C,0x08CC2958,14,Walloon Sword,sword_2h#12,ワルーンソード
sword_2h,0x08CC3560,0x08CC2958,14,Walloon Sword,sword_2h#12,ワルーンソード
sword_2h,0x08CC3564,0x08CC2968,44,A greatsword excelling more in blunt impact from blade weight than slicing.,sword_2h#13,斬撃よりも刀身の重さによる打撃に優れた両手剣
sword_2h,0x08CC3588,0x08CC2998,14,Battle Blade,sword_2h#14,バトルブレード
sword_2h,0x08CC358C,0x08CC2998,14,Battle Blade,sword_2h#14,バトルブレード
sword_2h,0x08CC3590,0x08CC29A8,28,A greatsword treated specifically for combat.,sword_2h#15,戦闘用に処理が施された両手剣
sword_2h,0x08CC35B4,0x08CC29C8,12,Grimm Sword,sword_2h#16,グリムソード
sword_2h,0x08CC35B8,0x08CC29C8,12,Grimm Sword,sword_2h#16,グリムソード
sword_2h,0x08CC35BC,0x08CC29D8,30,A greatsword modeled after a sword in old folk tales.,sword_2h#17,昔話に登場した剣を模した両手剣
sword_2h,0x08CC35E0,0x08CC29F8,16,Mithril Blade,sword_2h#18,ミスリルブレード
sword_2h,0x08CC35E4,0x08CC29F8,16,Mithril Blade,sword_2h#18,ミスリルブレード
sword_2h,0x08CC35E8,0x08CC2A0C,18,A greatsword made of mithril.,sword_2h#19,ミスリル製の両手剣
sword_2h,0x08CC360C,0x08CC2A20,12,Heat Sword,sword_2h#20,ヒートソード
sword_2h,0x08CC3610,0x08CC2A20,12,Heat Sword,sword_2h#20,ヒートソード
sword_2h,0x08CC3614,0x08CC2A30,28,A greatsword with a blazing blade.,sword_2h#21,燃える様な刀身を持った両手剣
sword_2h,0x08CC3638,0x08CC2A50,14,Rune Blade,sword_2h#22,ルーンブレード
sword_2h,0x08CC363C,0x08CC2A50,14,Rune Blade,sword_2h#22,ルーンブレード
sword_2h,0x08CC3640,0x08CC2A60,22,A greatsword carved with mystical patterns.,sword_2h#23,神秘文様を刻んだ両手剣
sword_2h,0x08CC3664,0x08CC2A78,14,Globe Sword,sword_2h#24,グローブソード
sword_2h,0x08CC3668,0x08CC2A78,14,Globe Sword,sword_2h#24,グローブソード
sword_2h,0x08CC366C,0x08CC2A88,34,A greatsword named after its planet-like hilt.,sword_2h#25,惑星の様な柄から名付けられた両手剣
sword_2h,0x08CC3690,0x08CC2AAC,14,Defender,sword_2h#26,ディフェンダー
sword_2h,0x08CC3694,0x08CC2AAC,14,Defender,sword_2h#26,ディフェンダー
sword_2h,0x08CC3698,0x08CC2ABC,28,A greatsword that leads oneself and allies to victory.,sword_2h#27,自分と味方を勝利に導く両手剣
sword_2h,0x08CC36BC,0x08CC2ADC,18,Broad Blade Custom,sword_2h#28,ブロードブレード改
sword_2h,0x08CC36C0,0x08CC2AF0,20,Broad Blade Custom,sword_2h#29,ブロードブレードカイ
sword_2h,0x08CC36C4,0x08CC2B08,32,A greatsword modified from a broad blade.,sword_2h#30,ブロードブレードを改良した両手剣
sword_2h,0x08CC36E8,0x08CC2B2C,14,Gnome Blade,sword_2h#31,ノームブレード
sword_2h,0x08CC36EC,0x08CC2B2C,14,Gnome Blade,sword_2h#31,ノームブレード
sword_2h,0x08CC36F0,0x08CC2B3C,36,A greatsword said to receive the blessing of the earth spirit.,sword_2h#32,土の精霊の加護を受けるとされる両手剣
sword_2h,0x08CC3714,0x08CC2B64,14,Huge Sword,sword_2h#33,ヒュージソード
sword_2h,0x08CC3718,0x08CC2B64,14,Huge Sword,sword_2h#33,ヒュージソード
sword_2h,0x08CC371C,0x08CC2B74,28,A greatsword modified from a large sword.,sword_2h#34,ラージソードを改良した両手剣
sword_2h,0x08CC3740,0x08CC2B94,12,Gust Sword,sword_2h#35,ガストソード
sword_2h,0x08CC3744,0x08CC2B94,12,Gust Sword,sword_2h#35,ガストソード
sword_2h,0x08CC3748,0x08CC2BA4,28,A greatsword said to stir up gales.,sword_2h#36,疾風を起こすといわれる両手剣
sword_2h,0x08CC376C,0x08CC2BC4,10,Rhomphaia,sword_2h#37,ロンパイア
sword_2h,0x08CC3770,0x08CC2BC4,10,Rhomphaia,sword_2h#37,ロンパイア
sword_2h,0x08CC3774,0x08CC2BD0,30,A greatsword with tremendous cutting power.,sword_2h#38,すさまじい切断力を持った両手剣
sword_2h,0x08CC3798,0x08CC2BF0,16,Damascus Sword,sword_2h#39,ダマスクスソード
sword_2h,0x08CC379C,0x08CC2BF0,16,Damascus Sword,sword_2h#39,ダマスクスソード
sword_2h,0x08CC37A0,0x08CC2C04,36,A greatsword forged from hard ore.,sword_2h#40,硬い鉱石によって鍛え上げられた両手剣
sword_2h,0x08CC37C4,0x08CC2C2C,16,Duel Blade,sword_2h#41,デュエルブレード
sword_2h,0x08CC37C8,0x08CC2C2C,16,Duel Blade,sword_2h#41,デュエルブレード
sword_2h,0x08CC37CC,0x08CC2C40,36,A greatsword bestowed upon heroes in an ancient kingdom.,sword_2h#42,イニシエの王国で英雄に贈られた両手剣
sword_2h,0x08CC37F0,0x08CC2C68,12,Alice Sword,sword_2h#43,アリスソード
sword_2h,0x08CC37F4,0x08CC2C68,12,Alice Sword,sword_2h#43,アリスソード
sword_2h,0x08CC37F8,0x08CC2C78,34,A greatsword modeled after a sword in fairy tales.,sword_2h#44,おとぎ話に登場した剣を模した両手剣
sword_2h,0x08CC381C,0x08CC2C9C,16,Platinum Blade,sword_2h#45,プラチナブレード
sword_2h,0x08CC3820,0x08CC2C9C,16,Platinum Blade,sword_2h#45,プラチナブレード
sword_2h,0x08CC3824,0x08CC2CB0,18,A greatsword made of platinum.,sword_2h#46,プラチナ製の両手剣
sword_2h,0x08CC3848,0x08CC2CC4,14,Flame Sword,sword_2h#47,フレイムソード
sword_2h,0x08CC384C,0x08CC2CC4,14,Flame Sword,sword_2h#47,フレイムソード
sword_2h,0x08CC3850,0x08CC2CD4,30,A greatsword harboring destructive power like explosive flames.,sword_2h#48,爆炎の如き破壊力を秘める両手剣
sword_2h,0x08CC3874,0x08CC2CF4,14,Spell Blade,sword_2h#49,スペルブレード
sword_2h,0x08CC3878,0x08CC2CF4,14,Spell Blade,sword_2h#49,スペルブレード
sword_2h,0x08CC387C,0x08CC2D04,34,A greatsword whose sharpness is enhanced by magical power.,sword_2h#50,魔力により切れ味が強化された両手剣
sword_2h,0x08CC38A0,0x08CC2D28,16,Gravity Sword,sword_2h#51,グラビティソード
sword_2h,0x08CC38A4,0x08CC2D28,16,Gravity Sword,sword_2h#51,グラビティソード
sword_2h,0x08CC38A8,0x08CC2D3C,40,A greatsword bearing the name of gravity due to the heaviness of its strike.,sword_2h#52,その一撃の重さから重力の名を冠する両手剣
sword_2h,0x08CC38CC,0x08CC2D68,12,Guardian,sword_2h#53,ガーディアン
sword_2h,0x08CC38D0,0x08CC2D68,12,Guardian,sword_2h#53,ガーディアン
sword_2h,0x08CC38D4,0x08CC2D78,24,A greatsword bearing the name of a guardian.,sword_2h#54,守護者の名を冠する両手剣
sword_2h,0x08CC38F8,0x08CC2D94,18,Broad Blade Max,sword_2h#55,ブロードブレード極
sword_2h,0x08CC38FC,0x08CC2DA8,22,Broad Blade Max,sword_2h#56,ブロードブレードキョク
sword_2h,0x08CC3900,0x08CC2DC0,34,A greatsword modified from a broad blade custom.,sword_2h#57,ブロードブレード改を改良した両手剣
sword_2h,0x08CC3924,0x08CC2DE4,14,Earth Blade,sword_2h#58,アースブレード
sword_2h,0x08CC3928,0x08CC2DE4,14,Earth Blade,sword_2h#58,アースブレード
sword_2h,0x08CC392C,0x08CC2DF4,30,A greatsword even said to sever the earth.,sword_2h#59,大地を断つとすらいわれる両手剣
sword_2h,0x08CC3950,0x08CC2E14,18,Giant Sword,sword_2h#60,ジャイアントソード
sword_2h,0x08CC3954,0x08CC2E14,18,Giant Sword,sword_2h#60,ジャイアントソード
sword_2h,0x08CC3958,0x08CC2E28,30,A greatsword modified from a huge sword.,sword_2h#61,ヒュージソードを改良した両手剣
sword_2h,0x08CC397C,0x08CC2E48,16,Voltek Sword,sword_2h#62,ボルテックソード
sword_2h,0x08CC3980,0x08CC2E48,16,Voltek Sword,sword_2h#62,ボルテックソード
sword_2h,0x08CC3984,0x08CC2E5C,28,A greatsword said to stir up ferocious winds.,sword_2h#63,烈風を起こすといわれる両手剣
sword_2h,0x08CC39A8,0x08CC2E7C,10,Espadon,sword_2h#64,エスパドン
sword_2h,0x08CC39AC,0x08CC2E7C,10,Espadon,sword_2h#64,エスパドン
sword_2h,0x08CC39B0,0x08CC2E88,32,A greatsword said to have been used by a legendary knight.,sword_2h#65,伝説の騎士が使ったとされる両手剣
sword_2h,0x08CC39D4,0x08CC2EAC,12,Year Sword,sword_2h#66,イヤーソード
sword_2h,0x08CC39D8,0x08CC2EAC,12,Year Sword,sword_2h#66,イヤーソード
sword_2h,0x08CC39DC,0x08CC2EBC,36,A legendary greatsword with tremendous destructive power.,sword_2h#67,すさまじい破壊力を持った伝説の両手剣
sword_2h,0x08CC3A00,0x08CC2EE4,14,War Blade,sword_2h#68,ウォーブレード
sword_2h,0x08CC3A04,0x08CC2EE4,14,War Blade,sword_2h#68,ウォーブレード
sword_2h,0x08CC3A08,0x08CC2EF4,30,A greatsword issued to soldiers in wartime.,sword_2h#69,戦時中に兵士に支給された両手剣
sword_2h,0x08CC3A2C,0x08CC2F14,16,Fairy Sword,sword_2h#70,フェアリーソード
sword_2h,0x08CC3A30,0x08CC2F14,16,Fairy Sword,sword_2h#70,フェアリーソード
sword_2h,0x08CC3A34,0x08CC2F28,32,A greatsword modeled after a sword in heroic epics.,sword_2h#71,英雄譚に登場した剣を模した両手剣
sword_2h,0x08CC3A58,0x08CC2F4C,14,Diamond Blade,sword_2h#72,ダイヤブレード
sword_2h,0x08CC3A5C,0x08CC2F4C,14,Diamond Blade,sword_2h#72,ダイヤブレード
sword_2h,0x08CC3A60,0x08CC2F5C,16,A greatsword made of diamond.,sword_2h#73,ダイヤ製の両手剣
sword_2h,0x08CC3A84,0x08CC2F70,14,Blaze Sword,sword_2h#74,ブレイズソード
sword_2h,0x08CC3A88,0x08CC2F70,14,Blaze Sword,sword_2h#74,ブレイズソード
sword_2h,0x08CC3A8C,0x08CC2F80,42,A greatsword named after its destructive power akin to raging flames.,sword_2h#75,豪爆の炎の如き破壊力から名付けられた両手剣
sword_2h,0x08CC3AB0,0x08CC2FAC,20,Ancient Blade,sword_2h#76,エンシェントブレード
sword_2h,0x08CC3AB4,0x08CC2FAC,20,Ancient Blade,sword_2h#76,エンシェントブレード
sword_2h,0x08CC3AB8,0x08CC2FC4,34,A greatsword crafted using techniques handed down from antiquity.,sword_2h#77,古代より伝わる技法で作られた両手剣
sword_2h,0x08CC3ADC,0x08CC2FE8,16,Planet Sword,sword_2h#78,プラネットソード
sword_2h,0x08CC3AE0,0x08CC2FE8,16,Planet Sword,sword_2h#78,プラネットソード
sword_2h,0x08CC3AE4,0x08CC2FFC,22,A greatsword bearing the name of a planet.,sword_2h#79,惑星の名を冠する両手剣
sword_2h,0x08CC3B08,0x08CC3014,16,Zweihander,sword_2h#80,ツヴァイハンダー
sword_2h,0x08CC3B0C,0x08CC3014,16,Zweihander,sword_2h#80,ツヴァイハンダー
sword_2h,0x08CC3B10,0x08CC3028,42,A greatsword exclusive to great swordsmen recognized as Descenders.,sword_2h#81,ディセンダーと認められた大剣士専用の両手剣
sword_2h,0x08CC3B34,0x08CC3054,12,Squire Corps Greatsword,sword_2h#82,従士隊の大剣
sword_2h,0x08CC3B38,0x08CC3064,22,Squire Corps Greatsword,sword_2h#83,ジュウシタイノダイケン
sword_2h,0x08CC3B3C,0x08CC307C,42,A greatsword exclusive to paladins recognized as Descenders.,sword_2h#84,ディセンダーと認められた聖騎士専用の両手剣
sword_2h,0x08CC3B60,0x08CC30A8,20,Executioner,sword_2h#85,エグゼキューショナー
sword_2h,0x08CC3B64,0x08CC30A8,20,Executioner,sword_2h#85,エグゼキューショナー
sword_2h,0x08CC3B68,0x08CC30C0,44,A greatsword crafted for great swordsmen recognized as Descenders.,sword_2h#86,ディセンダーの為に作られた大剣士専用の両手剣
sword_2h,0x08CC3B8C,0x08CC30F0,10,Sword Saint's Greatsword,sword_2h#87,剣聖の大剣
sword_2h,0x08CC3B90,0x08CC30FC,18,Sword Saint's Greatsword,sword_2h#88,ケンセイノダイケン
sword_2h,0x08CC3B94,0x08CC3110,44,A greatsword crafted for paladins recognized as Descenders.,sword_2h#89,ディセンダーの為に作られた聖騎士専用の両手剣
sword_2h,0x08CC3BB8,0x08CC3140,12,Caliburn,sword_2h#90,キャリバーン
sword_2h,0x08CC3BBC,0x08CC3140,12,Caliburn,sword_2h#90,キャリバーン
sword_2h,0x08CC3BC0,0x08CC3150,36,A greatsword that only those worthy of being kings can wield.,sword_2h#91,王たる資格を持つ者だけが扱える両手剣
sword_2h,0x08CC3BE4,0x08CC3178,16,Dainsleif,sword_2h#92,ダーインスレイヴ
sword_2h,0x08CC3BE8,0x08CC3178,16,Dainsleif,sword_2h#92,ダーインスレイヴ
sword_2h,0x08CC3BEC,0x08CC318C,50,"A greatsword that, once drawn, inevitably brings death to its opponent.",sword_2h#93,ひとたび剣を抜けば、必ず相手を死に至らしめる両手剣
sword_2h,0x08CC3C10,0x08CC31C0,14,Laevateinn,sword_2h#94,レーヴァテイン
sword_2h,0x08CC3C14,0x08CC31C0,14,Laevateinn,sword_2h#94,レーヴァテイン
sword_2h,0x08CC3C18,0x08CC31D0,44,A greatsword said to bring anyone slashed by it before the gates of death.,sword_2h#95,斬られた者は死の扉の前に立つといわれる両手剣
sword_2h,0x08CC3C3C,0x08CC3200,6,Gram,sword_2h#96,グラム
sword_2h,0x08CC3C40,0x08CC3200,6,Gram,sword_2h#96,グラム
sword_2h,0x08CC3C44,0x08CC3208,34,A greatsword said to have been forged to defeat evil gods.,sword_2h#97,魔神を倒す為に鍛えたと伝わる両手剣
sword_2h,0x08CC3C68,0x08CC322C,18,Soul Edge (Greatsword),sword_2h#98,ソウルエッジ・大剣
sword_2h,0x08CC3C6C,0x08CC3240,20,Soul Edge (Greatsword),sword_2h#99,ソウルエッジダイケン
sword_2h,0x08CC3C94,0x08CC3258,22,Soul Calibur (Greatsword),sword_2h#100,ソウルキャリバー・大剣
sword_2h,0x08CC3C98,0x08CC3270,24,Soul Calibur (Greatsword),sword_2h#101,ソウルキャリバーダイケン
sword_2h,0x08CC3CC0,0x08CC328C,14,Seventh Summer,sword_2h#102,セブンスサマー
sword_2h,0x08CC3CC4,0x08CC328C,14,Seventh Summer,sword_2h#102,セブンスサマー
sword_2h,0x08CC3CC8,0x08CC329C,54,Weapon equipped in this title by Kanonno from TOWRM2.,sword_2h#103,ＴＯＷＲＭ２に登場したカノンノが本作で装備している武器
sword_2h,0x08CC3CEC,0x08CC32D4,10,Clemente,sword_2h#104,クレメンテ
sword_2h,0x08CC3CF0,0x08CC32D4,10,Clemente,sword_2h#104,クレメンテ
sword_2h,0x08CC3CF4,0x08CC32E0,48,Weapon equipped in this title by Philia from TOD.,sword_2h#105,ＴＯＤに登場したフィリアが本作で装備している武器
sword_2h,0x08CC3D18,0x08CC3314,18,Fals Tewern,sword_2h#106,ファルステヴェルン
sword_2h,0x08CC3D1C,0x08CC3314,18,Fals Tewern,sword_2h#106,ファルステヴェルン
sword_2h,0x08CC3D20,0x08CC3328,48,Weapon equipped in this title by Veigue from TOR.,sword_2h#107,ＴＯＲに登場したヴェイグが本作で装備している武器
sword_2h,0x08CC3D44,0x08CC335C,16,Oracle Cantor Commandant Greatsword,sword_2h#108,神託詠師謡将大剣
sword_2h,0x08CC3D48,0x08CC3370,32,Oracle Cantor Commandant Greatsword,sword_2h#109,シンタクエイシヨウショウタイケン
sword_2h,0x08CC3D4C,0x08CC3394,46,Weapon equipped in this title by Van from TOA.,sword_2h#110,ＴＯＡに登場したヴァンが本作で装備している武器
sword_2h,0x08CC3D70,0x08CC33C4,14,Autumn Lily,sword_2h#111,オータムリリィ
sword_2h,0x08CC3D74,0x08CC33C4,14,Autumn Lily,sword_2h#111,オータムリリィ
sword_2h,0x08CC3D78,0x08CC33D4,44,A greatsword forged by Rocks and bestowed upon Kanonno.,sword_2h#112,ロックスが鍛え上げて、カノンノに与えた両手剣
sword_2h,0x08CC3D9C,0x08CC3404,18,Trial Blade,sword_2h#113,トライアルブレード
sword_2h,0x08CC3DA0,0x08CC3404,18,Trial Blade,sword_2h#113,トライアルブレード
sword_2h,0x08CC3DC8,0x08CC3418,14,Max Value (Greatsword),sword_2h#114,最大値(両手剣)
dagger,0x08CC4AC0,0x08CC3E04,6,Knife,dagger#0,ナイフ
dagger,0x08CC4AC4,0x08CC3E04,6,Knife,dagger#0,ナイフ
dagger,0x08CC4AC8,0x08CC3E0C,22,A dagger treated like an everyday utility knife.,dagger#1,日用品的に扱われる短剣
dagger,0x08CC4AEC,0x08CC3E24,6,Dagger,dagger#2,ダガー
dagger,0x08CC4AF0,0x08CC3E24,6,Dagger,dagger#2,ダガー
dagger,0x08CC4AF4,0x08CC3E2C,46,A dagger said to be capable of throwing as well as stabbing.,dagger#3,刺すだけではなく、投げる事も出来たとされる短剣
dagger,0x08CC4B18,0x08CC3E5C,14,Main Gauche,dagger#4,マン・ゴーシュ
dagger,0x08CC4B1C,0x08CC3E5C,14,Main Gauche,dagger#4,マン・ゴーシュ
dagger,0x08CC4B20,0x08CC3E6C,36,A dagger designed with a mechanism to parry enemy attacks.,dagger#5,相手の攻撃を受け流す仕組みがある短剣
dagger,0x08CC4B44,0x08CC3E94,16,Musket Knife,dagger#6,マスケットナイフ
dagger,0x08CC4B48,0x08CC3E94,16,Musket Knife,dagger#6,マスケットナイフ
dagger,0x08CC4B4C,0x08CC3EA8,18,A dagger carried by infantrymen.,dagger#7,歩兵が携帯した短剣
dagger,0x08CC4B70,0x08CC3EBC,14,Stone Edge,dagger#8,ストーンエッジ
dagger,0x08CC4B74,0x08CC3EBC,14,Stone Edge,dagger#8,ストーンエッジ
dagger,0x08CC4B78,0x08CC3ECC,34,A dagger said to receive the blessing of mineral spirits.,dagger#9,鉱物の精霊の加護を得るとされる短剣
dagger,0x08CC4B9C,0x08CC3EF0,6,Dirk,dagger#10,ダーク
dagger,0x08CC4BA0,0x08CC3EF0,6,Dirk,dagger#10,ダーク
dagger,0x08CC4BA4,0x08CC3EF8,46,A dagger used in daily life as well. Can also be wielded as a weapon.,dagger#11,日常でも使われていた短剣。武器としても使用可能
dagger,0x08CC4BC8,0x08CC3F28,12,Heat Dagger,dagger#12,ヒートダガー
dagger,0x08CC4BCC,0x08CC3F28,12,Heat Dagger,dagger#12,ヒートダガー
dagger,0x08CC4BD0,0x08CC3F38,34,A sharp dagger with a flame-red blade.,dagger#13,炎の様な赤い刀身を持った鋭利な短剣
dagger,0x08CC4BF4,0x08CC3F5C,14,Bronze Knife,dagger#14,ブロンズナイフ
dagger,0x08CC4BF8,0x08CC3F5C,14,Bronze Knife,dagger#14,ブロンズナイフ
dagger,0x08CC4BFC,0x08CC3F6C,24,A dagger made of bronze.,dagger#15,青銅によって作られた短剣
dagger,0x08CC4C20,0x08CC3F88,6,Kris,dagger#16,クリス
dagger,0x08CC4C24,0x08CC3F88,6,Kris,dagger#16,クリス
dagger,0x08CC4C28,0x08CC3F90,24,A dagger featuring beautiful ornamentation.,dagger#17,美しい装飾が施された短剣
dagger,0x08CC4C4C,0x08CC3FAC,12,Cool Edge,dagger#18,クールエッジ
dagger,0x08CC4C50,0x08CC3FAC,12,Cool Edge,dagger#18,クールエッジ
dagger,0x08CC4C54,0x08CC3FBC,44,A dagger evoking a chilled feeling from its blue blade.,dagger#19,青い刀身から冷たいイメージをかもしだした短剣
dagger,0x08CC4C78,0x08CC3FEC,14,Duel Knife,dagger#20,デュエルナイフ
dagger,0x08CC4C7C,0x08CC3FEC,14,Duel Knife,dagger#20,デュエルナイフ
dagger,0x08CC4C80,0x08CC3FFC,34,A dagger bestowed upon heroes in an ancient kingdom.,dagger#21,イニシエの王国で英雄に贈られた短剣
dagger,0x08CC4CA4,0x08CC4020,12,Gladius,dagger#22,グラディウス
dagger,0x08CC4CA8,0x08CC4020,12,Gladius,dagger#22,グラディウス
dagger,0x08CC4CAC,0x08CC4030,28,Rather long for a dagger and suited for actual battle.,dagger#23,短剣の部類では長めで実戦向き
dagger,0x08CC4CD0,0x08CC4050,12,Stiletto,dagger#24,スティレット
dagger,0x08CC4CD4,0x08CC4050,12,Stiletto,dagger#24,スティレット
dagger,0x08CC4CD8,0x08CC4060,40,An awl-like dagger designed for piercing rather than slashing.,dagger#25,切るよりも刺す事を目的とされた錐状の短剣
dagger,0x08CC4CFC,0x08CC408C,14,Cinquedea,dagger#26,チンクエディア
dagger,0x08CC4D00,0x08CC408C,14,Cinquedea,dagger#26,チンクエディア
dagger,0x08CC4D04,0x08CC409C,14,A dagger with a broad blade width.,dagger#27,身幅が広い短剣
dagger,0x08CC4D28,0x08CC40AC,4,Awayuki,dagger#28,淡雪
dagger,0x08CC4D2C,0x08CC40B4,8,Awayuki,dagger#29,アワユキ
dagger,0x08CC4D30,0x08CC40C0,30,A short blade whose temper line resembles light snow.,dagger#30,淡い雪を思わせる刃紋を持つ短刀
dagger,0x08CC4D54,0x08CC40E0,12,Twin Edge,dagger#31,ツインエッジ
dagger,0x08CC4D58,0x08CC40E0,12,Twin Edge,dagger#31,ツインエッジ
dagger,0x08CC4D5C,0x08CC40F0,38,A dagger whose combat strength is enhanced by two blades.,dagger#32,二本の刀身を持つ事で戦闘力を増した短剣
dagger,0x08CC4D80,0x08CC4118,12,Battle Knife,dagger#33,バトルナイフ
dagger,0x08CC4D84,0x08CC4118,12,Battle Knife,dagger#33,バトルナイフ
dagger,0x08CC4D88,0x08CC4128,28,A dagger modified from a knife for combat.,dagger#34,ナイフを戦闘用に改良した短剣
dagger,0x08CC4DAC,0x08CC4148,12,Rune Dagger,dagger#35,ルーンダガー
dagger,0x08CC4DB0,0x08CC4148,12,Rune Dagger,dagger#35,ルーンダガー
dagger,0x08CC4DB4,0x08CC4158,22,A dagger carved with mystical patterns.,dagger#36,神秘文様を刻んだダガー
dagger,0x08CC4DD8,0x08CC4170,16,Main Gauche Custom,dagger#37,マン・ゴーシュ改
dagger,0x08CC4DDC,0x08CC4184,18,Main Gauche Custom,dagger#38,マン・ゴーシュカイ
dagger,0x08CC4DE0,0x08CC4198,28,A dagger modified from a main gauche.,dagger#39,マン・ゴーシュを改良した短剣
dagger,0x08CC4E04,0x08CC41B8,14,Gunner Knife,dagger#40,ガンナーナイフ
dagger,0x08CC4E08,0x08CC41B8,14,Gunner Knife,dagger#40,ガンナーナイフ
dagger,0x08CC4E0C,0x08CC41C8,18,A dagger carried by musketeers.,dagger#41,銃士が携帯した短剣
dagger,0x08CC4E30,0x08CC41DC,12,Earth Edge,dagger#42,アースエッジ
dagger,0x08CC4E34,0x08CC41DC,12,Earth Edge,dagger#42,アースエッジ
dagger,0x08CC4E38,0x08CC41EC,28,A dagger said to receive the earth's blessing.,dagger#43,大地の加護を得るとされる短剣
dagger,0x08CC4E5C,0x08CC420C,12,Rune Dirk,dagger#44,ルーンダーク
dagger,0x08CC4E60,0x08CC420C,12,Rune Dirk,dagger#44,ルーンダーク
dagger,0x08CC4E64,0x08CC421C,22,A dirk carved with mystical patterns.,dagger#45,神秘文様を刻んだダーク
dagger,0x08CC4E88,0x08CC4234,14,Flame Dagger,dagger#46,フレイムダガー
dagger,0x08CC4E8C,0x08CC4234,14,Flame Dagger,dagger#46,フレイムダガー
dagger,0x08CC4E90,0x08CC4244,26,A dagger said to receive the flame's blessing.,dagger#47,炎の加護を得るとされる短剣
dagger,0x08CC4EB4,0x08CC4260,14,Silver Knife,dagger#48,シルバーナイフ
dagger,0x08CC4EB8,0x08CC4260,14,Silver Knife,dagger#48,シルバーナイフ
dagger,0x08CC4EBC,0x08CC4270,34,A silver dagger said to hold warding power against evil.,dagger#49,魔よけの効果を持つとされる銀の短剣
dagger,0x08CC4EE0,0x08CC4294,12,Bone Kris,dagger#50,ボーンクリス
dagger,0x08CC4EE4,0x08CC4294,12,Bone Kris,dagger#50,ボーンクリス
dagger,0x08CC4EE8,0x08CC42A4,26,A kris decorated with bone patterns on its hilt.,dagger#51,柄に骨の模様を施したクリス
dagger,0x08CC4F0C,0x08CC42C0,12,Ice Edge,dagger#52,アイスエッジ
dagger,0x08CC4F10,0x08CC42C0,12,Ice Edge,dagger#52,アイスエッジ
dagger,0x08CC4F14,0x08CC42D0,26,A dagger possessing ice-like coldness.,dagger#53,氷の様な冷たさを持った短剣
dagger,0x08CC4F38,0x08CC42EC,16,Soldier Knife,dagger#54,ソルジャーナイフ
dagger,0x08CC4F3C,0x08CC42EC,16,Soldier Knife,dagger#54,ソルジャーナイフ
dagger,0x08CC4F40,0x08CC4300,28,A dagger modified from a duel knife.,dagger#55,デュエルナイフを改良した短剣
dagger,0x08CC4F64,0x08CC4320,14,Gladius Custom,dagger#56,グラディウス改
dagger,0x08CC4F68,0x08CC4330,16,Gladius Custom,dagger#57,グラディウスカイ
dagger,0x08CC4F6C,0x08CC4344,26,A dagger modified from a gladius.,dagger#58,グラディウスを改良した短剣
dagger,0x08CC4F90,0x08CC4360,16,Tiger Fang,dagger#59,タイガーファング
dagger,0x08CC4F94,0x08CC4360,16,Tiger Fang,dagger#59,タイガーファング
dagger,0x08CC4F98,0x08CC4374,30,A thrusting dagger named after the fangs of a tiger.,dagger#60,虎の牙の意を持つ、突き用の短剣
dagger,0x08CC4FBC,0x08CC4394,14,Power Spike,dagger#61,パワースパイク
dagger,0x08CC4FC0,0x08CC4394,14,Power Spike,dagger#61,パワースパイク
dagger,0x08CC4FC4,0x08CC43A4,28,A dagger structured to easily channel strength.,dagger#62,力を入れやすい構造を持つ短剣
dagger,0x08CC4FE8,0x08CC43C4,4,Fukusui,dagger#63,覆水
dagger,0x08CC4FEC,0x08CC43CC,8,Fukusui,dagger#64,フクスイ
dagger,0x08CC4FF0,0x08CC43D8,34,A short blade whose temper line resembles spilled water.,dagger#65,こぼれる水を思わせる刃紋を持つ短刀
dagger,0x08CC5014,0x08CC43FC,14,Dual Edge,dagger#66,デュアルエッジ
dagger,0x08CC5018,0x08CC43FC,14,Dual Edge,dagger#66,デュアルエッジ
dagger,0x08CC501C,0x08CC440C,26,A dagger modified from a twin edge.,dagger#67,ツインエッジを改良した短剣
dagger,0x08CC5040,0x08CC4428,12,War Knife,dagger#68,ウォーナイフ
dagger,0x08CC5044,0x08CC4428,12,War Knife,dagger#68,ウォーナイフ
dagger,0x08CC5048,0x08CC4438,26,A dagger modified from a battle knife.,dagger#69,バトルナイフを改良した短剣
dagger,0x08CC506C,0x08CC4454,14,Holy Dagger,dagger#70,ホーリーダガー
dagger,0x08CC5070,0x08CC4454,14,Holy Dagger,dagger#70,ホーリーダガー
dagger,0x08CC5074,0x08CC4464,24,A dagger receiving holy blessing.,dagger#71,聖なる祝福を受けたダガー
dagger,0x08CC5098,0x08CC4480,16,Main Gauche Max,dagger#72,マン・ゴーシュ極
dagger,0x08CC509C,0x08CC4494,20,Main Gauche Max,dagger#73,マン・ゴーシュキョク
dagger,0x08CC50A0,0x08CC44AC,30,A dagger modified from a main gauche custom.,dagger#74,マン・ゴーシュ改を改良した短剣
dagger,0x08CC50C4,0x08CC44CC,14,Hunter Knife,dagger#75,ハンターナイフ
dagger,0x08CC50C8,0x08CC44CC,14,Hunter Knife,dagger#75,ハンターナイフ
dagger,0x08CC50CC,0x08CC44DC,22,A dagger carried by hunters.,dagger#76,ハンターが携帯した短剣
dagger,0x08CC50F0,0x08CC44F4,14,Atlas Edge,dagger#77,アトラスエッジ
dagger,0x08CC50F4,0x08CC44F4,14,Atlas Edge,dagger#77,アトラスエッジ
dagger,0x08CC50F8,0x08CC4504,40,A dagger said to receive the blessing of the earth and the star itself.,dagger#78,大地、星そのものの加護を得るとされる短剣
dagger,0x08CC511C,0x08CC4530,14,Holy Dirk,dagger#79,ホーリーダーク
dagger,0x08CC5120,0x08CC4530,14,Holy Dirk,dagger#79,ホーリーダーク
dagger,0x08CC5124,0x08CC4540,24,A dirk receiving holy blessing.,dagger#80,聖なる祝福を受けたダーク
dagger,0x08CC5148,0x08CC455C,14,Blaze Dagger,dagger#81,ブレイズダガー
dagger,0x08CC514C,0x08CC455C,14,Blaze Dagger,dagger#81,ブレイズダガー
dagger,0x08CC5150,0x08CC456C,34,A dagger inflicting burning pain upon wounds.,dagger#82,切り口が焼ける様な痛みを与える短剣
dagger,0x08CC5174,0x08CC4590,14,Platinum Knife,dagger#83,プラチナナイフ
dagger,0x08CC5178,0x08CC4590,14,Platinum Knife,dagger#83,プラチナナイフ
dagger,0x08CC517C,0x08CC45A0,16,A dagger made of platinum.,dagger#84,プラチナ製の短剣
dagger,0x08CC51A0,0x08CC45B4,14,Ghost Kris,dagger#85,ゴーストクリス
dagger,0x08CC51A4,0x08CC45B4,14,Ghost Kris,dagger#85,ゴーストクリス
dagger,0x08CC51A8,0x08CC45C4,28,A kris decorated with ghost motifs on its hilt.,dagger#86,柄に幽霊の模様を施したクリス
dagger,0x08CC51CC,0x08CC45E4,16,Blizzard Edge,dagger#87,ブリザードエッジ
dagger,0x08CC51D0,0x08CC45E4,16,Blizzard Edge,dagger#87,ブリザードエッジ
dagger,0x08CC51D4,0x08CC45F8,28,A dagger that exudes a freezing aura.,dagger#88,凍てつく用な風格を感じる短剣
dagger,0x08CC51F8,0x08CC4618,16,Machinery Knife,dagger#89,マシナリーナイフ
dagger,0x08CC51FC,0x08CC4618,16,Machinery Knife,dagger#89,マシナリーナイフ
dagger,0x08CC5200,0x08CC462C,30,A dagger modified from a soldier knife.,dagger#90,ソルジャーナイフを改良した短剣
dagger,0x08CC5224,0x08CC464C,14,Gladius Max,dagger#91,グラディウス極
dagger,0x08CC5228,0x08CC465C,18,Gladius Max,dagger#92,グラディウスキョク
dagger,0x08CC522C,0x08CC4670,28,A dagger modified from a gladius custom.,dagger#93,グラディウス改を改良した短剣
dagger,0x08CC5250,0x08CC4690,16,Dragon Fang,dagger#94,ドラゴンファング
dagger,0x08CC5254,0x08CC4690,16,Dragon Fang,dagger#94,ドラゴンファング
dagger,0x08CC5258,0x08CC46A4,30,A thrusting dagger named after the fangs of a dragon.,dagger#95,龍の牙の意を持つ、突き用の短剣
dagger,0x08CC527C,0x08CC46C4,14,Bone Spike,dagger#96,ボーンスパイク
dagger,0x08CC5280,0x08CC46C4,14,Bone Spike,dagger#96,ボーンスパイク
dagger,0x08CC5284,0x08CC46D4,28,A dagger structured to crush bones with blunt force.,dagger#97,打撃で骨を砕く構造を持つ短剣
dagger,0x08CC52A8,0x08CC46F4,4,Nyosui,dagger#98,如水
dagger,0x08CC52AC,0x08CC46FC,8,Nyosui,dagger#99,ニョスイ
dagger,0x08CC52B0,0x08CC4708,38,A short blade whose temper line resembles freely flowing water.,dagger#100,自在に流れる水を思わせる刃紋を持つ短刀
dagger,0x08CC52D4,0x08CC4730,14,Zwei Edge,dagger#101,ツヴァイエッジ
dagger,0x08CC52D8,0x08CC4730,14,Zwei Edge,dagger#101,ツヴァイエッジ
dagger,0x08CC52DC,0x08CC4740,28,A dagger modified from a dual edge.,dagger#102,デュアルエッジを改良した短剣
dagger,0x08CC5300,0x08CC4760,12,Thief's Dagger,dagger#103,盗賊のダガー
dagger,0x08CC5304,0x08CC4770,16,Thief's Dagger,dagger#104,トウゾクノダガー
dagger,0x08CC5308,0x08CC4784,38,A dagger exclusive to thieves recognized as Descenders.,dagger#105,ディセンダーと認められた盗賊専用の短剣
dagger,0x08CC532C,0x08CC47AC,10,Pirate's Dagger,dagger#106,海賊の短剣
dagger,0x08CC5330,0x08CC47B8,18,Pirate's Dagger,dagger#107,カイゾクノタンケン
dagger,0x08CC5334,0x08CC47CC,38,A dagger exclusive to pirates recognized as Descenders.,dagger#108,ディセンダーと認められた海賊専用の短剣
dagger,0x08CC5358,0x08CC47F4,12,Chivalrous Thief's Dagger,dagger#109,義賊のダガー
dagger,0x08CC535C,0x08CC4804,14,Chivalrous Thief's Dagger,dagger#110,ギゾクノダガー
dagger,0x08CC5360,0x08CC4814,40,A dagger crafted for thieves recognized as Descenders.,dagger#111,ディセンダーの為に作られた盗賊専用の短剣
dagger,0x08CC5384,0x08CC4840,18,Viking Dagger,dagger#112,ヴァイキングダガー
dagger,0x08CC5388,0x08CC4840,18,Viking Dagger,dagger#112,ヴァイキングダガー
dagger,0x08CC538C,0x08CC4854,40,A dagger crafted for pirates recognized as Descenders.,dagger#113,ディセンダーの為に作られた海賊専用の短剣
dagger,0x08CC53B0,0x08CC4880,4,Tsubokiri,dagger#114,壺切
dagger,0x08CC53B4,0x08CC4888,8,Tsubokiri,dagger#115,ツボキリ
dagger,0x08CC53B8,0x08CC4894,32,A wakizashi said to be inherited by the crown prince in the East.,dagger#116,東方で皇太子が受け継ぐという脇差
dagger,0x08CC53DC,0x08CC48B8,8,Izushi Knife,dagger#117,出石小刀
dagger,0x08CC53E0,0x08CC48C4,14,Izushi Knife,dagger#118,イズシコガタナ
dagger,0x08CC53E4,0x08CC48D4,22,A wakizashi passed down as a sacred treasure in the East.,dagger#119,東方で神宝と伝わる脇差
dagger,0x08CC5408,0x08CC48EC,10,Ame-no-Ohabari,dagger#120,天之尾羽張
dagger,0x08CC540C,0x08CC48F8,14,Ame-no-Ohabari,dagger#121,アメノオハバリ
dagger,0x08CC5410,0x08CC4908,24,A wakizashi bearing the name of a god in the East.,dagger#122,東方で神の名を冠する脇差
dagger,0x08CC5434,0x08CC4924,4,Chidori,dagger#123,千鳥
dagger,0x08CC5438,0x08CC492C,6,Chidori,dagger#124,チドリ
dagger,0x08CC543C,0x08CC4934,28,A wakizashi said to have sliced through lightning in the East.,dagger#125,東方で雷を斬ったと伝わる脇差
dagger,0x08CC5460,0x08CC4954,6,Round Fan,dagger#126,うちわ
dagger,0x08CC5464,0x08CC495C,6,Round Fan,dagger#127,ウチワ
dagger,0x08CC5468,0x08CC4964,36,A round fan adorned with Don Wada and Katsu Wada.,dagger#128,和田どん、和田かつをあしらったうちわ
dagger,0x08CC548C,0x08CC498C,12,Baguette,dagger#129,フランスパン
dagger,0x08CC5490,0x08CC498C,12,Baguette,dagger#129,フランスパン
dagger,0x08CC5494,0x08CC499C,22,"Bread with a hard, fragrant crust.",dagger#130,外皮が硬く香ばしいパン
dagger,0x08CC54B8,0x08CC49B4,6,Pacific Saury,dagger#131,サンマ
dagger,0x08CC54BC,0x08CC49B4,6,Pacific Saury,dagger#131,サンマ
dagger,0x08CC54C0,0x08CC49BC,20,A taste of autumn. A frozen Pacific saury.,dagger#132,秋の味覚。冷凍サンマ
dagger,0x08CC54E4,0x08CC49D4,10,Atwight,dagger#133,アトワイト
dagger,0x08CC54E8,0x08CC49D4,10,Atwight,dagger#133,アトワイト
dagger,0x08CC54EC,0x08CC49E0,48,Weapon equipped in this title by Rutee from TOD.,dagger#134,ＴＯＤに登場したルーティが本作で装備している武器
dagger,0x08CC5510,0x08CC4A14,6,Mekkimaru,dagger#135,滅鬼丸
dagger,0x08CC5514,0x08CC4A1C,10,Mekkimaru,dagger#136,メッキマル
dagger,0x08CC5518,0x08CC4A28,48,Taki's favorite dagger. (Source: Soulcalibur series),dagger#137,タキ愛用の短剣（出典：ソウルキャリバーシリーズ）
dagger,0x08CC553C,0x08CC4A5C,16,Mail Breaker,dagger#138,メイルブレイカー
dagger,0x08CC5540,0x08CC4A5C,16,Mail Breaker,dagger#138,メイルブレイカー
dagger,0x08CC5568,0x08CC4A70,16,Trial Knife,dagger#139,トライアルナイフ
dagger,0x08CC556C,0x08CC4A70,16,Trial Knife,dagger#139,トライアルナイフ
dagger,0x08CC5594,0x08CC4A84,14,Max Value (Dagger),dagger#140,最大値（短剣）
axe,0x08CC6224,0x08CC55D0,6,Axe,axe#0,アクス
axe,0x08CC6228,0x08CC55D0,6,Axe,axe#0,アクス
axe,0x08CC622C,0x08CC55D8,22,An axe primarily used for logging.,axe#1,主に伐採に使用される斧
axe,0x08CC6250,0x08CC55F0,8,Hammer,axe#2,ハンマー
axe,0x08CC6254,0x08CC55F0,8,Hammer,axe#2,ハンマー
axe,0x08CC6258,0x08CC55FC,30,A mallet used in construction such as pile driving.,axe#3,杭打ちなどの工事に使用される槌
axe,0x08CC627C,0x08CC561C,14,Knocker Axe,axe#4,ノッカーアクス
axe,0x08CC6280,0x08CC561C,14,Knocker Axe,axe#4,ノッカーアクス
axe,0x08CC6284,0x08CC562C,36,An axe whose crafting method was said to be taught by the faerie Knocker.,axe#5,妖精ノッカーが製法を伝えたとされる斧
axe,0x08CC62A8,0x08CC5654,12,Francisca,axe#6,フランシスカ
axe,0x08CC62AC,0x08CC5654,12,Francisca,axe#6,フランシスカ
axe,0x08CC62B0,0x08CC5664,32,An axe used as a throwing weapon in days of old.,axe#7,その昔は投擲用として用いられた斧
axe,0x08CC62D4,0x08CC5688,10,Arges,axe#8,アルゲース
axe,0x08CC62D8,0x08CC5688,10,Arges,axe#8,アルゲース
axe,0x08CC62DC,0x08CC5694,44,"An axe bearing the name of Arges, youngest of the three cyclops brothers.",axe#9,単眼巨人三兄弟の三男アルゲースの名を冠する斧
axe,0x08CC6300,0x08CC56C4,16,Kalariwari Axe,axe#10,カラリワリアクス
axe,0x08CC6304,0x08CC56C4,16,Kalariwari Axe,axe#10,カラリワリアクス
axe,0x08CC6308,0x08CC56D8,48,"An axe wielded by warriors chosen by a tribe's god, Kalariwari.",axe#11,ある部族の神カラリワリに選ばれた戦士が手にする斧
axe,0x08CC632C,0x08CC570C,14,Needle Axe,axe#12,ニードルアクス
axe,0x08CC6330,0x08CC570C,14,Needle Axe,axe#12,ニードルアクス
axe,0x08CC6334,0x08CC571C,22,An axe with a spike-like blade.,axe#13,スパイク状の刃を持つ斧
axe,0x08CC6358,0x08CC5734,12,Beak Axe,axe#14,ビークアクス
axe,0x08CC635C,0x08CC5734,12,Beak Axe,axe#14,ビークアクス
axe,0x08CC6360,0x08CC5744,38,An axe with a blade reminiscent of an axe beak.,axe#15,アックスビークを彷彿とさせる刃を持つ斧
axe,0x08CC6384,0x08CC576C,14,Greataxe,axe#16,グレートアクス
axe,0x08CC6388,0x08CC576C,14,Greataxe,axe#16,グレートアクス
axe,0x08CC638C,0x08CC577C,32,A massive axe. Cannot be wielded with half-hearted strength.,axe#17,大柄な斧。生半可な力では使えない
axe,0x08CC63B0,0x08CC57A0,12,Tamas Axe,axe#18,タマスアクス
axe,0x08CC63B4,0x08CC57A0,12,Tamas Axe,axe#18,タマスアクス
axe,0x08CC63B8,0x08CC57B0,28,An axe wielded by one who knows the dark quality of all creation.,axe#19,万物の闇い質を知る者が扱う斧
axe,0x08CC63DC,0x08CC57D0,14,Duel Pick,axe#20,デュエルピック
axe,0x08CC63E0,0x08CC57D0,14,Duel Pick,axe#20,デュエルピック
axe,0x08CC63E4,0x08CC57E0,36,A pick bestowed upon heroes in an ancient kingdom.,axe#21,イニシエの王国で英雄に贈られたピック
axe,0x08CC6408,0x08CC5808,16,Needle Hammer,axe#22,ニードルハンマー
axe,0x08CC640C,0x08CC5808,16,Needle Hammer,axe#22,ニードルハンマー
axe,0x08CC6410,0x08CC581C,22,"A spiked, iron-ball mallet.",axe#23,トゲが付いた鉄球状の槌
axe,0x08CC6434,0x08CC5834,18,Twin Edge Axe,axe#24,ツインエッジアクス
axe,0x08CC6438,0x08CC5834,18,Twin Edge Axe,axe#24,ツインエッジアクス
axe,0x08CC643C,0x08CC5848,22,"An axe possessing two blades, one large and one small.",axe#25,大小二つの刃を持った斧
axe,0x08CC6460,0x08CC5860,16,Goblin Hammer,axe#26,ゴブリンハンマー
axe,0x08CC6464,0x08CC5860,16,Goblin Hammer,axe#26,ゴブリンハンマー
axe,0x08CC6468,0x08CC5874,28,A hammer adorned with the face of an ogre.,axe#27,鬼の顔があしらわれたハンマー
axe,0x08CC648C,0x08CC5894,12,Battleaxe,axe#28,バトルアクス
axe,0x08CC6490,0x08CC5894,12,Battleaxe,axe#28,バトルアクス
axe,0x08CC6494,0x08CC58A4,24,An axe treated specifically for combat.,axe#29,戦闘用に処理が施された斧
axe,0x08CC64B8,0x08CC58C0,14,Battle Hammer,axe#30,バトルハンマー
axe,0x08CC64BC,0x08CC58C0,14,Battle Hammer,axe#30,バトルハンマー
axe,0x08CC64C0,0x08CC58D0,24,A mallet treated specifically for combat.,axe#31,戦闘用に処理が施された槌
axe,0x08CC64E4,0x08CC58EC,14,Kobold Axe,axe#32,コボルトアクス
axe,0x08CC64E8,0x08CC58EC,14,Kobold Axe,axe#32,コボルトアクス
axe,0x08CC64EC,0x08CC58FC,36,An axe whose crafting method was said to be taught by the faerie Kobold.,axe#33,妖精コボルトが製法を伝えたとされる斧
axe,0x08CC6510,0x08CC5924,14,Francisca Custom,axe#34,フランシスカ改
axe,0x08CC6514,0x08CC5934,16,Francisca Custom,axe#35,フランシスカカイ
axe,0x08CC6518,0x08CC5948,24,An axe modified from a francisca.,axe#36,フランシスカを改良した斧
axe,0x08CC653C,0x08CC5964,12,Steropes,axe#37,ステロペース
axe,0x08CC6540,0x08CC5964,12,Steropes,axe#37,ステロペース
axe,0x08CC6544,0x08CC5974,46,"An axe bearing the name of Steropes, second of the three cyclops brothers.",axe#38,単眼巨人三兄弟の次男ステロペースの名を冠する斧
axe,0x08CC6568,0x08CC59A4,14,Shakra Axe,axe#39,シャクラアクス
axe,0x08CC656C,0x08CC59A4,14,Shakra Axe,axe#39,シャクラアクス
axe,0x08CC6570,0x08CC59B4,46,"An axe wielded by warriors chosen by a tribe's god, Shakra.",axe#40,ある部族の神シャクラに選ばれた戦士が手にする斧
axe,0x08CC6594,0x08CC59E4,16,Needle Axe Custom,axe#41,ニードルアクス改
axe,0x08CC6598,0x08CC59F8,18,Needle Axe Custom,axe#42,ニードルアクスカイ
axe,0x08CC659C,0x08CC5A0C,26,An axe modified from a needle axe.,axe#43,ニードルアクスを改良した斧
axe,0x08CC65C0,0x08CC5A28,14,Beak Axe Custom,axe#44,ビークアクス改
axe,0x08CC65C4,0x08CC5A38,16,Beak Axe Custom,axe#45,ビークアクスカイ
axe,0x08CC65C8,0x08CC5A4C,24,An axe modified from a beak axe.,axe#46,ビークアクスを改良した斧
axe,0x08CC65EC,0x08CC5A68,18,Giant Axe,axe#47,ジャイアントアクス
axe,0x08CC65F0,0x08CC5A68,18,Giant Axe,axe#47,ジャイアントアクス
axe,0x08CC65F4,0x08CC5A7C,38,An extremely massive axe. Cannot be wielded with half-hearted strength.,axe#48,とても大柄な斧。生半可な力では使えない
axe,0x08CC6618,0x08CC5AA4,14,Rajas Axe,axe#49,ラジャスアクス
axe,0x08CC661C,0x08CC5AA4,14,Rajas Axe,axe#49,ラジャスアクス
axe,0x08CC6620,0x08CC5AB4,30,An axe wielded by one who knows the passionate quality of all creation.,axe#50,万物の激しい質を知る者が扱う斧
axe,0x08CC6644,0x08CC5AD4,12,Battle Pick,axe#51,バトルピック
axe,0x08CC6648,0x08CC5AD4,12,Battle Pick,axe#51,バトルピック
axe,0x08CC664C,0x08CC5AE4,30,A pick treated specifically for combat.,axe#52,戦闘向きに処理が施されたピック
axe,0x08CC6670,0x08CC5B04,18,Needle Hammer Custom,axe#53,ニードルハンマー改
axe,0x08CC6674,0x08CC5B18,20,Needle Hammer Custom,axe#54,ニードルハンマーカイ
axe,0x08CC6678,0x08CC5B30,28,A mallet modified from a needle hammer.,axe#55,ニードルハンマーを改良した槌
axe,0x08CC669C,0x08CC5B50,20,Dual Edge Axe,axe#56,デュアルエッジアクス
axe,0x08CC66A0,0x08CC5B50,20,Dual Edge Axe,axe#56,デュアルエッジアクス
axe,0x08CC66A4,0x08CC5B68,28,An axe with large and small blades featuring increased sharpness.,axe#57,切れ味を増した大小二枚刃の斧
axe,0x08CC66C8,0x08CC5B88,20,Orkish Hammer,axe#58,オーキッシュハンマー
axe,0x08CC66CC,0x08CC5B88,20,Orkish Hammer,axe#58,オーキッシュハンマー
axe,0x08CC66D0,0x08CC5BA0,40,A hammer with an ogre visage that intimidates even monsters.,axe#59,魔物をも畏怖させる大鬼の面を持つハンマー
axe,0x08CC66F4,0x08CC5BCC,12,War Axe,axe#60,ウォーアクス
axe,0x08CC66F8,0x08CC5BCC,12,War Axe,axe#60,ウォーアクス
axe,0x08CC66FC,0x08CC5BDC,26,An axe issued to soldiers in wartime.,axe#61,戦時中に兵士に支給された斧
axe,0x08CC6720,0x08CC5BF8,14,War Hammer,axe#62,ウォーハンマー
axe,0x08CC6724,0x08CC5BF8,14,War Hammer,axe#62,ウォーハンマー
axe,0x08CC6728,0x08CC5C08,26,A mallet issued to soldiers in wartime.,axe#63,戦時中に兵士に支給された槌
axe,0x08CC674C,0x08CC5C24,14,Bukiod Axe,axe#64,ブキオドアクス
axe,0x08CC6750,0x08CC5C24,14,Bukiod Axe,axe#64,ブキオドアクス
axe,0x08CC6754,0x08CC5C34,36,An axe whose crafting method was said to be taught by the faerie Bukiod.,axe#65,妖精ブキオドが製法を伝えたとされる斧
axe,0x08CC6778,0x08CC5C5C,14,Francisca Max,axe#66,フランシスカ極
axe,0x08CC677C,0x08CC5C6C,18,Francisca Max,axe#67,フランシスカキョク
axe,0x08CC6780,0x08CC5C80,26,An axe modified from a francisca custom.,axe#68,フランシスカ改を改良した斧
axe,0x08CC67A4,0x08CC5C9C,12,Brontes,axe#69,ブロンテース
axe,0x08CC67A8,0x08CC5C9C,12,Brontes,axe#69,ブロンテース
axe,0x08CC67AC,0x08CC5CAC,46,"An axe bearing the name of Brontes, eldest of the three cyclops brothers.",axe#70,単眼巨人三兄弟の長男ブロンテースの名を冠する斧
axe,0x08CC67D0,0x08CC5CDC,20,Tirawahat Axe,axe#71,ティラワハットアクス
axe,0x08CC67D4,0x08CC5CDC,20,Tirawahat Axe,axe#71,ティラワハットアクス
axe,0x08CC67D8,0x08CC5CF4,52,"An axe wielded by warriors chosen by a tribe's god, Tirawahat.",axe#72,ある部族の神ティラワハットに選ばれた戦士が手にする斧
axe,0x08CC67FC,0x08CC5D2C,16,Needle Axe Max,axe#73,ニードルアクス極
axe,0x08CC6800,0x08CC5D40,20,Needle Axe Max,axe#74,ニードルアクスキョク
axe,0x08CC6804,0x08CC5D58,28,An axe modified from a needle axe custom.,axe#75,ニードルアクス改を改良した斧
axe,0x08CC6828,0x08CC5D78,14,Beak Axe Max,axe#76,ビークアクス極
axe,0x08CC682C,0x08CC5D88,18,Beak Axe Max,axe#77,ビークアクスキョク
axe,0x08CC6830,0x08CC5D9C,26,An axe modified from a beak axe custom.,axe#78,ビークアクス改を改良した斧
axe,0x08CC6854,0x08CC5DB8,18,Ancient Axe,axe#79,エンシェントアクス
axe,0x08CC6858,0x08CC5DB8,18,Ancient Axe,axe#79,エンシェントアクス
axe,0x08CC685C,0x08CC5DCC,12,An axe crafted in ancient style.,axe#80,古代様式の斧
axe,0x08CC6880,0x08CC5DDC,16,Sattva Axe,axe#81,サットヴァアクス
axe,0x08CC6884,0x08CC5DDC,16,Sattva Axe,axe#81,サットヴァアクス
axe,0x08CC6888,0x08CC5DF0,30,An axe wielded by one who knows the pure quality of all creation.,axe#82,万物の純粋な質を知る者が扱う斧
axe,0x08CC68AC,0x08CC5E10,12,War Pick,axe#83,ウォーピック
axe,0x08CC68B0,0x08CC5E10,12,War Pick,axe#83,ウォーピック
axe,0x08CC68B4,0x08CC5E20,34,A pick issued to soldiers during castle sieges.,axe#84,城攻めの兵隊に支給されていたピック
axe,0x08CC68D8,0x08CC5E44,18,Needle Hammer Max,axe#85,ニードルハンマー極
axe,0x08CC68DC,0x08CC5E58,22,Needle Hammer Max,axe#86,ニードルハンマーキョク
axe,0x08CC68E0,0x08CC5E70,30,A mallet modified from a needle hammer custom.,axe#87,ニードルハンマー改を改良した槌
axe,0x08CC6904,0x08CC5E90,12,Labyrinthos,axe#88,ラビリントス
axe,0x08CC6908,0x08CC5E90,12,Labyrinthos,axe#88,ラビリントス
axe,0x08CC690C,0x08CC5EA0,24,An axe bearing the name of a legendary renowned axe.,axe#89,伝説の名斧の名を冠する斧
axe,0x08CC6930,0x08CC5EBC,14,Ogre Hammer,axe#90,オーガハンマー
axe,0x08CC6934,0x08CC5EBC,14,Ogre Hammer,axe#90,オーガハンマー
axe,0x08CC6938,0x08CC5ECC,46,A hammer with a visage so frightful it makes anyone flee.,axe#91,見た者は逃げ出したくなる形相の面を持つハンマー
axe,0x08CC695C,0x08CC5EFC,8,Warrior's Axe,axe#92,戦士の斧
axe,0x08CC6960,0x08CC5F08,12,Warrior's Axe,axe#93,センシノオノ
axe,0x08CC6964,0x08CC5F18,36,An axe exclusive to warriors recognized as Descenders.,axe#94,ディセンダーと認められた戦士専用の斧
axe,0x08CC6988,0x08CC5F40,8,Fighter's Axe,axe#95,闘士の斧
axe,0x08CC698C,0x08CC5F4C,12,Fighter's Axe,axe#96,トウシノオノ
axe,0x08CC6990,0x08CC5F5C,38,An axe crafted for warriors recognized as Descenders.,axe#97,ディセンダーの為に作られた戦士専用の斧
axe,0x08CC69B4,0x08CC5F84,16,Bahamut Tear,axe#98,バハムートティア
axe,0x08CC69B8,0x08CC5F84,16,Bahamut Tear,axe#98,バハムートティア
axe,0x08CC69BC,0x08CC5F98,32,An axe harboring power capable of tearing even legendary dragons apart.,axe#99,伝説の竜をも引き裂く力を秘めた斧
axe,0x08CC69E0,0x08CC5FBC,10,Diablo,axe#100,ディアブロ
axe,0x08CC69E4,0x08CC5FBC,10,Diablo,axe#100,ディアブロ
axe,0x08CC69E8,0x08CC5FC8,32,An axe once used by a legendary demon in ancient times.,axe#101,その昔、伝説の悪魔が使っていた斧
axe,0x08CC6A0C,0x08CC5FEC,10,Mjolnir,axe#102,ミョルニル
axe,0x08CC6A10,0x08CC5FEC,10,Mjolnir,axe#102,ミョルニル
axe,0x08CC6A14,0x08CC5FF8,58,"A hammer favored by the thunder god Thor, meaning 'that which smashes.'",axe#103,雷神トールが愛用していた「打ち砕くもの」という意味を持つ鎚
axe,0x08CC6A38,0x08CC6034,12,Minotaur,axe#104,ミノタウロス
axe,0x08CC6A3C,0x08CC6034,12,Minotaur,axe#104,ミノタウロス
axe,0x08CC6A40,0x08CC6044,38,An axe said to have been used by the beastman lurking in labyrinths.,axe#105,迷宮に潜む獣人が使用していたとされる斧
axe,0x08CC6A64,0x08CC606C,16,Piko Piko Hammer,axe#106,ピコピコハンマー
axe,0x08CC6A68,0x08CC606C,16,Piko Piko Hammer,axe#106,ピコピコハンマー
axe,0x08CC6A6C,0x08CC6080,26,Swinging this will not unleash any artes.,axe#107,これを振っても技は出ません
axe,0x08CC6A90,0x08CC609C,8,Ogre's Iron Club,axe#108,鬼の金棒
axe,0x08CC6A94,0x08CC60A8,14,Ogre's Iron Club,axe#109,オニノカナボウ
axe,0x08CC6A98,0x08CC60B8,32,Allows you to play the role of the target during Setsubun.,axe#110,節分のマト役を演じる事が出来ます
axe,0x08CC6ABC,0x08CC60DC,18,Gaia Cleaver,axe#111,ガイアクリーヴァー
axe,0x08CC6AC0,0x08CC60DC,18,Gaia Cleaver,axe#111,ガイアクリーヴァー
axe,0x08CC6AC4,0x08CC60F0,48,Weapon equipped in this title by Presea from TOS.,axe#112,ＴＯＳに登場したプレセアが本作で装備している武器
axe,0x08CC6AE8,0x08CC6124,22,Diabolic Fang,axe#113,ディアボリックファング
axe,0x08CC6AEC,0x08CC6124,22,Diabolic Fang,axe#113,ディアボリックファング
axe,0x08CC6AF0,0x08CC613C,60,Weapon equipped in this title by Barbatos from TOD and TOD2.,axe#114,ＴＯＤ、ＴＯＤ２に登場したバルバトスが本作で装備している武器
axe,0x08CC6B14,0x08CC617C,16,Mofumofu Hammer,axe#115,モフモフハンマー
axe,0x08CC6B18,0x08CC617C,16,Mofumofu Hammer,axe#115,モフモフハンマー
axe,0x08CC6B1C,0x08CC6190,46,Weapon equipped in this title by Will from TOL.,axe#116,ＴＯＬに登場したウィルが本作で装備している武器
axe,0x08CC6B40,0x08CC61C0,4,Rakuyo,axe#117,烙陽
axe,0x08CC6B44,0x08CC61C8,8,Rakuyo,axe#118,ラクヨウ
axe,0x08CC6B6C,0x08CC61D4,16,Trial Axe,axe#119,トライアルアクス
axe,0x08CC6B70,0x08CC61D4,16,Trial Axe,axe#119,トライアルアクス
axe,0x08CC6B98,0x08CC61E8,12,Max Value (Axe),axe#120,最大値（斧）
staff,0x08CC7CBC,0x08CC6BD4,8,Staff,staff#0,スタッフ
staff,0x08CC7CC0,0x08CC6BD4,8,Staff,staff#0,スタッフ
staff,0x08CC7CC4,0x08CC6BE0,22,A staff made to be held with both hands.,staff#1,両手で持つ様に出来た杖
staff,0x08CC7CE8,0x08CC6BF8,20,Starlight Staff,staff#2,スターライトスタッフ
staff,0x08CC7CEC,0x08CC6BF8,20,Starlight Staff,staff#2,スターライトスタッフ
staff,0x08CC7CF0,0x08CC6C10,28,A staff dwelling an envoy of the star goddess.,staff#3,星の女神の使いが宿るスタッフ
staff,0x08CC7D14,0x08CC6C30,8,Scepter,staff#4,セプター
staff,0x08CC7D18,0x08CC6C30,8,Scepter,staff#4,セプター
staff,0x08CC7D1C,0x08CC6C3C,16,A ceremonial scepter.,staff#5,儀礼用のセプター
staff,0x08CC7D40,0x08CC6C50,16,Iron Scepter,staff#6,アイアンセプター
staff,0x08CC7D44,0x08CC6C50,16,Iron Scepter,staff#6,アイアンセプター
staff,0x08CC7D48,0x08CC6C64,10,A scepter made of iron.,staff#7,鉄製の王笏
staff,0x08CC7D6C,0x08CC6C70,6,Wand,staff#8,ワンド
staff,0x08CC7D70,0x08CC6C70,6,Wand,staff#8,ワンド
staff,0x08CC7D74,0x08CC6C78,16,A rod imbued with magical power.,staff#9,魔力を宿らせた棒
staff,0x08CC7D98,0x08CC6C8C,16,Shaman Wand,staff#10,シャーマンワンド
staff,0x08CC7D9C,0x08CC6C8C,16,Shaman Wand,staff#10,シャーマンワンド
staff,0x08CC7DA0,0x08CC6CA0,10,A rod used for shamanistic rituals.,staff#11,呪術用の棒
staff,0x08CC7DC4,0x08CC6CAC,6,Rod,staff#12,ロッド
staff,0x08CC7DC8,0x08CC6CAC,6,Rod,staff#12,ロッド
staff,0x08CC7DCC,0x08CC6CB4,16,A staff imbued with magical power.,staff#13,魔力を宿らせた杖
staff,0x08CC7DF0,0x08CC6CC8,14,Saint Rod,staff#14,セイントロッド
staff,0x08CC7DF4,0x08CC6CC8,14,Saint Rod,staff#14,セイントロッド
staff,0x08CC7DF8,0x08CC6CD8,30,A rod said to have been used by a saint.,staff#15,聖者が使っていたとされるロッド
staff,0x08CC7E1C,0x08CC6CF8,6,Dual Iron Staff,staff#16,両鉄杖
staff,0x08CC7E20,0x08CC6D00,16,Dual Iron Staff,staff#17,リョウテツジョウ
staff,0x08CC7E24,0x08CC6D14,30,A staff fitted with iron ornaments on both ends.,staff#18,杖の両端に鉄製の装飾をつけた杖
staff,0x08CC7E48,0x08CC6D34,16,Throne Scepter,staff#19,スローネセプター
staff,0x08CC7E4C,0x08CC6D34,16,Throne Scepter,staff#19,スローネセプター
staff,0x08CC7E50,0x08CC6D48,38,A scepter said to be held by the Throne angels.,staff#20,座天使スローネが持つといわれるセプター
staff,0x08CC7E74,0x08CC6D70,6,Mace,staff#21,メイス
staff,0x08CC7E78,0x08CC6D70,6,Mace,staff#21,メイス
staff,0x08CC7E7C,0x08CC6D78,38,A staff with enhanced attack power via a weight at its tip.,staff#22,先端に付けられた重りで攻撃力を高めた杖
staff,0x08CC7EA0,0x08CC6DA0,12,Ascetic Monk's Khakkhara,staff#23,修行僧の錫杖
staff,0x08CC7EA4,0x08CC6DB0,28,Ascetic Monk's Khakkhara,staff#24,シュギョウソウノシャクジョウ
staff,0x08CC7EA8,0x08CC6DD0,20,A khakkhara favored by ascetic monks.,staff#25,修行僧が愛用する錫杖
staff,0x08CC7ECC,0x08CC6DE8,12,Ghoul Wand,staff#26,グールワンド
staff,0x08CC7ED0,0x08CC6DE8,12,Ghoul Wand,staff#26,グールワンド
staff,0x08CC7ED4,0x08CC6DF8,32,A wand made from a tree grown feeding on carrion.,staff#27,屍肉を糧に育った木で作ったワンド
staff,0x08CC7EF8,0x08CC6E1C,16,Iron Staff,staff#28,アイアンスタッフ
staff,0x08CC7EFC,0x08CC6E1C,16,Iron Staff,staff#28,アイアンスタッフ
staff,0x08CC7F00,0x08CC6E30,14,A staff made of iron.,staff#29,鉄製のスタッフ
staff,0x08CC7F24,0x08CC6E40,14,Cute Rod,staff#30,キュートロッド
staff,0x08CC7F28,0x08CC6E40,14,Cute Rod,staff#30,キュートロッド
staff,0x08CC7F2C,0x08CC6E50,16,Feeling so magical!,staff#31,気分はマジカル☆
staff,0x08CC7F50,0x08CC6E64,14,Silver Rod,staff#32,シルバーロッド
staff,0x08CC7F54,0x08CC6E64,14,Silver Rod,staff#32,シルバーロッド
staff,0x08CC7F58,0x08CC6E74,12,A rod made of silver.,staff#33,銀製のロッド
staff,0x08CC7F7C,0x08CC6E84,20,Power Stone Rod,staff#34,パワーストーンロッド
staff,0x08CC7F80,0x08CC6E84,20,Power Stone Rod,staff#34,パワーストーンロッド
staff,0x08CC7F84,0x08CC6E9C,40,A staff adorned with gemstones said to boost fortune.,staff#35,運気を上げるとされる宝石があしらわれた杖
staff,0x08CC7FA8,0x08CC6EC8,14,Force Rod,staff#36,フォースロッド
staff,0x08CC7FAC,0x08CC6EC8,14,Force Rod,staff#36,フォースロッド
staff,0x08CC7FB0,0x08CC6ED8,40,A staff adorned with gemstones said to harbor magic power.,staff#37,魔力を秘めるとされる宝石があしらわれた杖
staff,0x08CC7FD4,0x08CC6F04,14,Circle Rod,staff#38,サークルロッド
staff,0x08CC7FD8,0x08CC6F04,14,Circle Rod,staff#38,サークルロッド
staff,0x08CC7FDC,0x08CC6F14,32,A staff decorated with ornamentation reminiscent of planets.,staff#39,惑星を彷彿とさせる飾りのついた杖
staff,0x08CC8000,0x08CC6F38,14,Battle Staff,staff#40,バトルスタッフ
staff,0x08CC8004,0x08CC6F38,14,Battle Staff,staff#40,バトルスタッフ
staff,0x08CC8008,0x08CC6F48,24,A staff treated specifically for combat.,staff#41,戦闘用に処理が施された杖
staff,0x08CC802C,0x08CC6F64,18,Lunalight Staff,staff#42,ルナライトスタッフ
staff,0x08CC8030,0x08CC6F64,18,Lunalight Staff,staff#42,ルナライトスタッフ
staff,0x08CC8034,0x08CC6F78,28,A staff dwelling an envoy of the moon goddess.,staff#43,月の女神の使いが宿るスタッフ
staff,0x08CC8058,0x08CC6F98,14,Battle Scepter,staff#44,バトルセプター
staff,0x08CC805C,0x08CC6F98,14,Battle Scepter,staff#44,バトルセプター
staff,0x08CC8060,0x08CC6FA8,30,A scepter treated specifically for combat.,staff#45,戦闘用に処理が施されたセプター
staff,0x08CC8084,0x08CC6FC8,16,Silver Scepter,staff#46,シルバーセプター
staff,0x08CC8088,0x08CC6FC8,16,Silver Scepter,staff#46,シルバーセプター
staff,0x08CC808C,0x08CC6FDC,14,A scepter made of silver.,staff#47,銀製のセプター
staff,0x08CC80B0,0x08CC6FEC,14,Magic Wand,staff#48,マジックワンド
staff,0x08CC80B4,0x08CC6FEC,14,Magic Wand,staff#48,マジックワンド
staff,0x08CC80B8,0x08CC6FFC,22,A wand infused with magic power.,staff#49,魔力を吹き込んだワンド
staff,0x08CC80DC,0x08CC7014,12,Lord Wand,staff#50,ロードワンド
staff,0x08CC80E0,0x08CC7014,12,Lord Wand,staff#50,ロードワンド
staff,0x08CC80E4,0x08CC7024,20,A rod used by people of power.,staff#51,権力者が使っていた棒
staff,0x08CC8108,0x08CC703C,14,Iron Rod,staff#52,アイアンロッド
staff,0x08CC810C,0x08CC703C,14,Iron Rod,staff#52,アイアンロッド
staff,0x08CC8110,0x08CC704C,12,A rod made of iron.,staff#53,鉄製のロッド
staff,0x08CC8134,0x08CC705C,14,Holy Rod,staff#54,ホーリーロッド
staff,0x08CC8138,0x08CC705C,14,Holy Rod,staff#54,ホーリーロッド
staff,0x08CC813C,0x08CC706C,16,A consecrated rod.,staff#55,聖別されたロッド
staff,0x08CC8160,0x08CC7080,18,Symmetry Rod,staff#56,シンメトリーロッド
staff,0x08CC8164,0x08CC7080,18,Symmetry Rod,staff#56,シンメトリーロッド
staff,0x08CC8168,0x08CC7094,24,A staff with a symmetrical design.,staff#57,シンメトリカルな形状の杖
staff,0x08CC818C,0x08CC70B0,14,Cherub Scepter,staff#58,ケルブセプター
staff,0x08CC8190,0x08CC70B0,14,Cherub Scepter,staff#58,ケルブセプター
staff,0x08CC8194,0x08CC70C0,36,A scepter said to be held by the Cherubim angels.,staff#59,智天使ケルブが持つといわれるセプター
staff,0x08CC81B8,0x08CC70E8,12,Heavy Mace,staff#60,ヘビーメイス
staff,0x08CC81BC,0x08CC70E8,12,Heavy Mace,staff#60,ヘビーメイス
staff,0x08CC81C0,0x08CC70F8,30,A mace capable of delivering heavy blows.,staff#61,重い一撃を放つ事が出来るメイス
staff,0x08CC81E4,0x08CC7118,10,Priest's Khakkhara,staff#62,僧侶の錫杖
staff,0x08CC81E8,0x08CC7124,22,Priest's Khakkhara,staff#63,ソウリョノシャクジョウ
staff,0x08CC81EC,0x08CC713C,18,A khakkhara favored by priests.,staff#64,僧侶が愛用する錫杖
staff,0x08CC8210,0x08CC7150,16,Phantom Wand,staff#65,ファントムワンド
staff,0x08CC8214,0x08CC7150,16,Phantom Wand,staff#65,ファントムワンド
staff,0x08CC8218,0x08CC7164,30,A wand made from the wreckage of a shipwreck.,staff#66,遭難した船の残骸で作ったワンド
staff,0x08CC823C,0x08CC7184,16,Silver Staff,staff#67,シルバースタッフ
staff,0x08CC8240,0x08CC7184,16,Silver Staff,staff#67,シルバースタッフ
staff,0x08CC8244,0x08CC7198,14,A staff made of silver.,staff#68,銀製のスタッフ
staff,0x08CC8268,0x08CC71A8,12,Star Rod,staff#69,スターロッド
staff,0x08CC826C,0x08CC71A8,12,Star Rod,staff#69,スターロッド
staff,0x08CC8270,0x08CC71B8,26,A cute staff adorned with stars.,staff#70,星のあしらわれたかわいい杖
staff,0x08CC8294,0x08CC71D4,14,Mithril Rod,staff#71,ミスリルロッド
staff,0x08CC8298,0x08CC71D4,14,Mithril Rod,staff#71,ミスリルロッド
staff,0x08CC829C,0x08CC71E4,18,A rod made of mithril.,staff#72,ミスリル製のロッド
staff,0x08CC82C0,0x08CC71F8,18,Power Orb Rod,staff#73,パワーオーブロッド
staff,0x08CC82C4,0x08CC71F8,18,Power Orb Rod,staff#73,パワーオーブロッド
staff,0x08CC82C8,0x08CC720C,40,A staff adorned with an orb said to boost fortune.,staff#74,運気を上げるとされるオーブをあしらった杖
staff,0x08CC82EC,0x08CC7238,12,Gem Rod,staff#75,ジェムロッド
staff,0x08CC82F0,0x08CC7238,12,Gem Rod,staff#75,ジェムロッド
staff,0x08CC82F4,0x08CC7248,30,A staff adorned with gemstones harboring magical power.,staff#76,魔力を秘めた宝石をあしらった杖
staff,0x08CC8318,0x08CC7268,16,Circle Rod Custom,staff#77,サークルロッド改
staff,0x08CC831C,0x08CC727C,18,Circle Rod Custom,staff#78,サークルロッドカイ
staff,0x08CC8320,0x08CC7290,28,A further reinforced circle rod.,staff#79,より強化されたサークルロッド
staff,0x08CC8344,0x08CC72B0,14,War Staff,staff#80,ウォースタッフ
staff,0x08CC8348,0x08CC72B0,14,War Staff,staff#80,ウォースタッフ
staff,0x08CC834C,0x08CC72C0,26,A staff issued to soldiers in wartime.,staff#81,戦時中に兵士に支給された杖
staff,0x08CC8370,0x08CC72DC,18,Sol-Light Staff,staff#82,ソルライトスタッフ
staff,0x08CC8374,0x08CC72DC,18,Sol-Light Staff,staff#82,ソルライトスタッフ
staff,0x08CC8378,0x08CC72F0,30,A staff dwelling an envoy of the sun goddess.,staff#83,太陽の女神の使いが宿るスタッフ
staff,0x08CC839C,0x08CC7310,14,War Scepter,staff#84,ウォーセプター
staff,0x08CC83A0,0x08CC7310,14,War Scepter,staff#84,ウォーセプター
staff,0x08CC83A4,0x08CC7320,32,A scepter issued to soldiers in wartime.,staff#85,戦時中に兵士に支給されたセプター
staff,0x08CC83C8,0x08CC7344,16,Mithril Scepter,staff#86,ミスリルセプター
staff,0x08CC83CC,0x08CC7344,16,Mithril Scepter,staff#86,ミスリルセプター
staff,0x08CC83D0,0x08CC7358,20,A scepter made of mithril.,staff#87,ミスリル製のセプター
staff,0x08CC83F4,0x08CC7370,18,Mystic Wand,staff#88,ミスティックワンド
staff,0x08CC83F8,0x08CC7370,18,Mystic Wand,staff#88,ミスティックワンド
staff,0x08CC83FC,0x08CC7384,26,A wand carrying a mystical aura.,staff#89,神秘的な雰囲気を持つワンド
staff,0x08CC8420,0x08CC73A0,14,Grave Wand,staff#90,グレイブワンド
staff,0x08CC8424,0x08CC73A0,14,Grave Wand,staff#90,グレイブワンド
staff,0x08CC8428,0x08CC73B0,28,A wand imbued with the grudges of the dead.,staff#91,死者の怨念が込められたワンド
staff,0x08CC844C,0x08CC73D0,16,Warlock Rod,staff#92,ワーロックロッド
staff,0x08CC8450,0x08CC73D0,16,Warlock Rod,staff#92,ワーロックロッド
staff,0x08CC8454,0x08CC73E4,20,A rod belonging to one who commands magic.,staff#93,魔法を使う者のロッド
staff,0x08CC8478,0x08CC73FC,10,Red Crystal Rod,staff#94,ＲＣロッド
staff,0x08CC847C,0x08CC7408,22,Red Crystal Rod,staff#95,レッドクリスタルロッド
staff,0x08CC8480,0x08CC7420,34,The RC Rod appearing in the Legend of Ishtar.,staff#96,イシュタル伝説に登場するＲＣロッド
staff,0x08CC84A4,0x08CC7444,14,Gemini Rod,staff#97,ジェミニロッド
staff,0x08CC84A8,0x08CC7444,14,Gemini Rod,staff#97,ジェミニロッド
staff,0x08CC84AC,0x08CC7454,46,A staff named Gemini because both ends share identical tips.,staff#98,両先に同じ先端を持つ事から双子と名付けられた杖
staff,0x08CC84D0,0x08CC7484,14,Seraph Scepter,staff#99,セラフセプター
staff,0x08CC84D4,0x08CC7484,14,Seraph Scepter,staff#99,セラフセプター
staff,0x08CC84D8,0x08CC7494,36,A scepter said to be held by the Seraphim angels.,staff#100,熾天使セラフが持つといわれるセプター
staff,0x08CC84FC,0x08CC74BC,14,Grand Mace,staff#101,グランドメイス
staff,0x08CC8500,0x08CC74BC,14,Grand Mace,staff#101,グランドメイス
staff,0x08CC8504,0x08CC74CC,28,A mace possessing tremendous destructive power.,staff#102,すさまじい破壊力を持つメイス
staff,0x08CC8528,0x08CC74EC,10,High Priest's Khakkhara,staff#103,高僧の錫杖
staff,0x08CC852C,0x08CC74F8,22,High Priest's Khakkhara,staff#104,コウソウノシャクジョウ
staff,0x08CC8530,0x08CC7510,18,A khakkhara favored by high priests.,staff#105,高僧が愛用する錫杖
staff,0x08CC8554,0x08CC7524,14,Ghost Wand,staff#106,ゴーストワンド
staff,0x08CC8558,0x08CC7524,14,Ghost Wand,staff#106,ゴーストワンド
staff,0x08CC855C,0x08CC7534,34,A wand crafted from a tree of miraculous spiritual power.,staff#107,霊力あらたかな木から作られたワンド
staff,0x08CC8580,0x08CC7558,16,Mithril Staff,staff#108,ミスリルスタッフ
staff,0x08CC8584,0x08CC7558,16,Mithril Staff,staff#108,ミスリルスタッフ
staff,0x08CC8588,0x08CC756C,20,A staff made of mithril.,staff#109,ミスリル製のスタッフ
staff,0x08CC85AC,0x08CC7584,20,Shooting Star,staff#110,シューティングスター
staff,0x08CC85B0,0x08CC7584,20,Shooting Star,staff#110,シューティングスター
staff,0x08CC85B4,0x08CC759C,32,A staff capable of delivering a blow like a shooting star.,staff#111,流星の如き一撃を放つ事の出来る杖
staff,0x08CC85D8,0x08CC75C0,10,Blue Crystal Rod,staff#112,ＢＣロッド
staff,0x08CC85DC,0x08CC75CC,22,Blue Crystal Rod,staff#113,ブルークリスタルロッド
staff,0x08CC85E0,0x08CC75E4,34,The BC Rod appearing in the Legend of Ishtar.,staff#114,イシュタル伝説に登場するＢＣロッド
staff,0x08CC8604,0x08CC7608,20,Magic Orb Rod,staff#115,マジックオーブロッド
staff,0x08CC8608,0x08CC7608,20,Magic Orb Rod,staff#115,マジックオーブロッド
staff,0x08CC860C,0x08CC7620,28,A staff harboring power that protects its wielder.,staff#116,使用者を加護する力を秘めた杖
staff,0x08CC8630,0x08CC7640,12,Ruby Rod,staff#117,ルビーロッド
staff,0x08CC8634,0x08CC7640,12,Ruby Rod,staff#117,ルビーロッド
staff,0x08CC8638,0x08CC7650,30,A staff said to increase magic power the more it is used.,staff#118,使うほどに魔力を増すとされる杖
staff,0x08CC865C,0x08CC7670,10,Planetes,staff#119,プラネテス
staff,0x08CC8660,0x08CC7670,10,Planetes,staff#119,プラネテス
staff,0x08CC8664,0x08CC767C,18,A staff bearing the name of wandering planets.,staff#120,惑星の名を冠する杖
staff,0x08CC8688,0x08CC7690,10,Mage's Staff,staff#121,魔術師の杖
staff,0x08CC868C,0x08CC769C,16,Mage's Staff,staff#122,マジュツシノツエ
staff,0x08CC8690,0x08CC76B0,42,A rod exclusive to mages recognized as Descenders.,staff#123,ディセンダーと認められた魔術師専用のロッド
staff,0x08CC86B4,0x08CC76DC,10,Monk's Staff,staff#124,修道師の杖
staff,0x08CC86B8,0x08CC76E8,18,Monk's Staff,staff#125,シュウドウシノツエ
staff,0x08CC86BC,0x08CC76FC,42,A staff exclusive to priests recognized as Descenders.,staff#126,ディセンダーと認められた僧侶専用のスタッフ
staff,0x08CC86E0,0x08CC7728,10,Bishop's Scepter,staff#127,司教の王笏
staff,0x08CC86E4,0x08CC7734,20,Bishop's Scepter,staff#128,シキョウノオウシャク
staff,0x08CC86E8,0x08CC774C,46,A rod exclusive to bishops recognized as Descenders.,staff#129,ディセンダーと認められたビショップ専用のロッド
staff,0x08CC870C,0x08CC777C,10,Sorcerer's Staff,staff#130,魔導師の杖
staff,0x08CC8710,0x08CC7788,14,Sorcerer's Staff,staff#131,マドウシノツエ
staff,0x08CC8714,0x08CC7798,44,A rod crafted for mages recognized as Descenders.,staff#132,ディセンダーの為に作られた魔術師専用のロッド
staff,0x08CC8738,0x08CC77C8,8,Priest's Staff,staff#133,司祭の杖
staff,0x08CC873C,0x08CC77D4,12,Priest's Staff,staff#134,シサイノツエ
staff,0x08CC8740,0x08CC77E4,44,A staff crafted for priests recognized as Descenders.,staff#135,ディセンダーの為に作られた僧侶専用のスタッフ
staff,0x08CC8764,0x08CC7814,10,Pope's Scepter,staff#136,教皇の王笏
staff,0x08CC8768,0x08CC7820,22,Pope's Scepter,staff#137,キョウコウノオウシャク
staff,0x08CC876C,0x08CC7838,48,A rod crafted for bishops recognized as Descenders.,staff#138,ディセンダーの為に作られたビショップ専用のロッド
staff,0x08CC8790,0x08CC786C,14,Gale Staff,staff#139,ゲイルスタッフ
staff,0x08CC8794,0x08CC786C,14,Gale Staff,staff#139,ゲイルスタッフ
staff,0x08CC8798,0x08CC787C,24,A staff adorned with a jewel at its tip.,staff#140,先端に宝玉を飾り付けた杖
staff,0x08CC87BC,0x08CC7898,10,Ouroboros,staff#141,ウロボロス
staff,0x08CC87C0,0x08CC7898,10,Ouroboros,staff#141,ウロボロス
staff,0x08CC87C4,0x08CC78A4,22,A staff of the serpent devouring itself.,staff#142,自らを飲み込む大蛇の杖
staff,0x08CC87E8,0x08CC78BC,18,Hanuman Shaft,staff#143,ハヌマーンシャフト
staff,0x08CC87EC,0x08CC78BC,18,Hanuman Shaft,staff#143,ハヌマーンシャフト
staff,0x08CC87F0,0x08CC78D0,28,A shaft bearing the name of the monkey god Hanuman.,staff#144,獣神ハヌマーンの名を冠する棒
staff,0x08CC8814,0x08CC78F0,14,Caduceus,staff#145,ケリュケイオン
staff,0x08CC8818,0x08CC78F0,14,Caduceus,staff#145,ケリュケイオン
staff,0x08CC881C,0x08CC7900,34,A staff said to have been carried by heralds in days of old.,staff#146,その昔、伝令使が持っていたという杖
staff,0x08CC8840,0x08CC7924,12,Deck Brush,staff#147,デッキブラシ
staff,0x08CC8844,0x08CC7924,12,Deck Brush,staff#147,デッキブラシ
staff,0x08CC8848,0x08CC7934,16,A staff that can also be used for cleaning.,staff#148,清掃にも使える杖
staff,0x08CC886C,0x08CC7948,16,Phonic Mace,staff#149,フォニックメイス
staff,0x08CC8870,0x08CC7948,16,Phonic Mace,staff#149,フォニックメイス
staff,0x08CC8874,0x08CC795C,46,Weapon equipped in this title by Tear from TOA.,staff#150,ＴＯＡに登場したティアが本作で装備している武器
staff,0x08CC8898,0x08CC798C,16,Phonic Rod,staff#151,フォニックロッド
staff,0x08CC889C,0x08CC798C,16,Phonic Rod,staff#151,フォニックロッド
staff,0x08CC88A0,0x08CC79A0,46,Weapon equipped in this title by Anise from TOA.,staff#152,ＴＯＡに登場したアニスが本作で装備している武器
staff,0x08CC88C4,0x08CC79D0,16,Lyric Scepter,staff#153,リリックセプター
staff,0x08CC88C8,0x08CC79D0,16,Lyric Scepter,staff#153,リリックセプター
staff,0x08CC88CC,0x08CC79E4,48,Weapon equipped in this title by Reala from TOD2.,staff#154,ＴＯＤ２に登場したリアラが本作で装備している武器
staff,0x08CC88F0,0x08CC7A18,16,Genius Harold's Staff,staff#155,天才ハロルドの杖
staff,0x08CC88F4,0x08CC7A2C,22,Genius Harold's Staff,staff#156,テンサイハロルドノツエ
staff,0x08CC88F8,0x08CC7A44,50,Weapon equipped in this title by Harold from TOD2.,staff#157,ＴＯＤ２に登場したハロルドが本作で装備している武器
staff,0x08CC891C,0x08CC7A78,12,Ruby Wand,staff#158,ルビーワンド
staff,0x08CC8920,0x08CC7A78,12,Ruby Wand,staff#158,ルビーワンド
staff,0x08CC8924,0x08CC7A88,46,Weapon equipped in this title by Keele from TOE.,staff#159,ＴＯＥに登場したキールが本作で装備している武器
staff,0x08CC8948,0x08CC7AB8,8,Staff of Benevolence,staff#160,慈愛の杖
staff,0x08CC894C,0x08CC7AC4,12,Staff of Benevolence,staff#161,ジアイノツエ
staff,0x08CC8950,0x08CC7AD4,46,Weapon equipped in this title by Mint from TOP.,staff#162,ＴＯＰに登場したミントが本作で装備している武器
staff,0x08CC8974,0x08CC7B04,12,Bernadette,staff#163,ベルナテッタ
staff,0x08CC8978,0x08CC7B04,12,Bernadette,staff#163,ベルナテッタ
staff,0x08CC897C,0x08CC7B14,46,Weapon equipped in this title by Annie from TOR.,staff#164,ＴＯＲに登場したアニーが本作で装備している武器
staff,0x08CC89A0,0x08CC7B44,14,The Earth Rod,staff#165,ジアースロッド
staff,0x08CC89A4,0x08CC7B44,14,The Earth Rod,staff#165,ジアースロッド
staff,0x08CC89A8,0x08CC7B54,48,Weapon equipped in this title by Raine from TOS.,staff#166,ＴＯＳに登場したリフィルが本作で装備している武器
staff,0x08CC89CC,0x08CC7B88,18,Flower of Life,staff#167,フラワーオブライフ
staff,0x08CC89D0,0x08CC7B88,18,Flower of Life,staff#167,フラワーオブライフ
staff,0x08CC89D4,0x08CC7B9C,46,Weapon equipped in this title by Rubia from TOT.,staff#168,ＴＯＴに登場したルビアが本作で装備している武器
staff,0x08CC89F8,0x08CC7BCC,14,Queen Rod,staff#169,クィーンロッド
staff,0x08CC89FC,0x08CC7BCC,14,Queen Rod,staff#169,クィーンロッド
staff,0x08CC8A00,0x08CC7BDC,48,Weapon equipped in this title by Estelle from TOV.,staff#170,ＴＯＶに登場したエステルが本作で装備している武器
staff,0x08CC8A24,0x08CC7C10,16,Trial Rod,staff#171,トライアルロッド
staff,0x08CC8A28,0x08CC7C10,16,Trial Rod,staff#171,トライアルロッド
staff,0x08CC8A50,0x08CC7C24,10,Staff of Benevolence X,staff#172,慈愛の杖Ｘ
staff,0x08CC8A54,0x08CC7C30,20,Staff of Benevolence X,staff#173,ジアイノツエエックス
staff,0x08CC8A58,0x08CC7C48,52,Narikiri Dungeon X bonus. Weapon equipped in this title by Mint.,staff#174,なりきりダンジョンＸ特典。本作でミントが装備する武器
staff,0x08CC8A7C,0x08CC7C80,12,Max Value (Staff),staff#175,最大値（杖）
fist,0x08CC9B68,0x08CC8AB8,14,Leather Arms,fist#0,レザーアームズ
fist,0x08CC9B6C,0x08CC8AB8,14,Leather Arms,fist#0,レザーアームズ
fist,0x08CC9B70,0x08CC8AC8,30,Leather arms capable of protecting the fists.,fist#1,拳の保護が出来る革製のアームズ
fist,0x08CC9B94,0x08CC8AE8,14,Power Arms,fist#2,パワーアームズ
fist,0x08CC9B98,0x08CC8AE8,14,Power Arms,fist#2,パワーアームズ
fist,0x08CC9B9C,0x08CC8AF8,34,Arms that fill you with power when equipped?,fist#3,装備すれば、力がみなぎる？アームズ
fist,0x08CC9BC0,0x08CC8B1C,18,Studded Arms,fist#4,スタデッドアームズ
fist,0x08CC9BC4,0x08CC8B1C,18,Studded Arms,fist#4,スタデッドアームズ
fist,0x08CC9BC8,0x08CC8B30,48,Leather arms studded with rivets to increase attack power.,fist#5,レザーアームズに鋲を打ち付け、攻撃力を上げたもの
fist,0x08CC9BEC,0x08CC8B64,16,Needle Arms,fist#6,ニードルアームズ
fist,0x08CC9BF0,0x08CC8B64,16,Needle Arms,fist#6,ニードルアームズ
fist,0x08CC9BF4,0x08CC8B78,18,Arms fitted with spikes.,fist#7,トゲ付きのアームズ
fist,0x08CC9C18,0x08CC8B8C,16,Simple Arms,fist#8,シンプルアームズ
fist,0x08CC9C1C,0x08CC8B8C,16,Simple Arms,fist#8,シンプルアームズ
fist,0x08CC9C20,0x08CC8BA0,36,Arms favored for their simple appearance.,fist#9,シンプルな風貌から愛用されるアームズ
fist,0x08CC9C44,0x08CC8BC8,14,Battle Arms,fist#10,バトルアームズ
fist,0x08CC9C48,0x08CC8BC8,14,Battle Arms,fist#10,バトルアームズ
fist,0x08CC9C4C,0x08CC8BD8,28,Arms developed specifically for combat.,fist#11,戦闘向けに開発されたアームズ
fist,0x08CC9C70,0x08CC8BF8,16,Iron Arms,fist#12,アイアンアームズ
fist,0x08CC9C74,0x08CC8BF8,16,Iron Arms,fist#12,アイアンアームズ
fist,0x08CC9C78,0x08CC8C0C,22,Arms crafted from iron plating.,fist#13,鉄板で作られたアームズ
fist,0x08CC9C9C,0x08CC8C24,16,Chain Arms,fist#14,チェインアームズ
fist,0x08CC9CA0,0x08CC8C24,16,Chain Arms,fist#14,チェインアームズ
fist,0x08CC9CA4,0x08CC8C38,24,Arms woven with chains.,fist#15,鎖を編み込まれたアームズ
fist,0x08CC9CC8,0x08CC8C54,16,Silver Arms,fist#16,シルバーアームズ
fist,0x08CC9CCC,0x08CC8C54,16,Silver Arms,fist#16,シルバーアームズ
fist,0x08CC9CD0,0x08CC8C68,14,Arms made of silver.,fist#17,銀製のアームズ
fist,0x08CC9CF4,0x08CC8C78,14,Eagle Claw,fist#18,イーグルクロー
fist,0x08CC9CF8,0x08CC8C78,14,Eagle Claw,fist#18,イーグルクロー
fist,0x08CC9CFC,0x08CC8C88,26,Claws reminiscent of eagle talons.,fist#19,鷲の爪を彷彿とさせるクロー
fist,0x08CC9D20,0x08CC8CA4,16,Gold Arms,fist#20,ゴールドアームズ
fist,0x08CC9D24,0x08CC8CA4,16,Gold Arms,fist#20,ゴールドアームズ
fist,0x08CC9D28,0x08CC8CB8,14,Arms made of gold.,fist#21,金製のアームズ
fist,0x08CC9D4C,0x08CC8CC8,6,Great Iron Ball,fist#22,大鉄球
fist,0x08CC9D50,0x08CC8CD0,14,Great Iron Ball,fist#23,ダイテッキュウ
fist,0x08CC9D54,0x08CC8CE0,20,Arms that are just as they appear.,fist#24,見た目通りのアームズ
fist,0x08CC9D78,0x08CC8CF8,16,Mithril Arms,fist#25,ミスリルアームズ
fist,0x08CC9D7C,0x08CC8CF8,16,Mithril Arms,fist#25,ミスリルアームズ
fist,0x08CC9D80,0x08CC8D0C,22,Arms made of mithril silver.,fist#26,ミスリル銀製のアームズ
fist,0x08CC9DA4,0x08CC8D24,12,Bear Arms,fist#27,ベアアームズ
fist,0x08CC9DA8,0x08CC8D24,12,Bear Arms,fist#27,ベアアームズ
fist,0x08CC9DAC,0x08CC8D34,26,Arms evocative of bear paws.,fist#28,熊の手を想像させるアームズ
fist,0x08CC9DD0,0x08CC8D50,18,Crystal Arms,fist#29,クリスタルアームズ
fist,0x08CC9DD4,0x08CC8D50,18,Crystal Arms,fist#29,クリスタルアームズ
fist,0x08CC9DD8,0x08CC8D64,40,Arms crafted by carving crystal.,fist#30,クリスタルを削り出して製造されたアームズ
fist,0x08CC9DFC,0x08CC8D90,14,Diamond Arms,fist#31,ダイヤアームズ
fist,0x08CC9E00,0x08CC8D90,14,Diamond Arms,fist#31,ダイヤアームズ
fist,0x08CC9E04,0x08CC8DA0,30,Arms made of diamond.,fist#32,ダイヤモンドで作られたアームズ
fist,0x08CC9E28,0x08CC8DC0,8,Sinker,fist#33,シンカー
fist,0x08CC9E2C,0x08CC8DC0,8,Sinker,fist#33,シンカー
fist,0x08CC9E30,0x08CC8DCC,34,Arms possessing destructive power comparable to a mining machine.,fist#34,採掘機ばりの破壊力を持ったアームズ
fist,0x08CC9E54,0x08CC8DF0,16,Spike Arms,fist#35,スパイクアームズ
fist,0x08CC9E58,0x08CC8DF0,16,Spike Arms,fist#35,スパイクアームズ
fist,0x08CC9E5C,0x08CC8E04,26,A great iron ball with added spikes.,fist#36,スパイクの追加された大鉄球
fist,0x08CC9E80,0x08CC8E20,18,Third Edge Claw,fist#37,サードエッジクロー
fist,0x08CC9E84,0x08CC8E20,18,Third Edge Claw,fist#37,サードエッジクロー
fist,0x08CC9E88,0x08CC8E34,32,Arms fitted with three blades.,fist#38,三つの刃の取り付けられたアームズ
fist,0x08CC9EAC,0x08CC8E58,16,Beast Arms,fist#39,ビーストアームズ
fist,0x08CC9EB0,0x08CC8E58,16,Beast Arms,fist#39,ビーストアームズ
fist,0x08CC9EB4,0x08CC8E6C,28,Arms adorned with a beast's face.,fist#40,獣の顔があしらわれたアームズ
fist,0x08CC9ED8,0x08CC8E8C,14,Leather Knuckle,fist#41,レザーナックル
fist,0x08CC9EDC,0x08CC8E8C,14,Leather Knuckle,fist#41,レザーナックル
fist,0x08CC9EE0,0x08CC8E9C,30,Leather knuckles capable of protecting the fists.,fist#42,拳の保護が出来る革製のナックル
fist,0x08CC9F04,0x08CC8EBC,14,Power Knuckle,fist#43,パワーナックル
fist,0x08CC9F08,0x08CC8EBC,14,Power Knuckle,fist#43,パワーナックル
fist,0x08CC9F0C,0x08CC8ECC,32,Knuckles structured to easily channel strength.,fist#44,力を込めやすい構造を持つナックル
fist,0x08CC9F30,0x08CC8EF0,18,Studded Knuckle,fist#45,スタデッドナックル
fist,0x08CC9F34,0x08CC8EF0,18,Studded Knuckle,fist#45,スタデッドナックル
fist,0x08CC9F38,0x08CC8F04,48,Leather knuckles studded with rivets to increase attack power.,fist#46,レザーナックルに鋲を打ち付け、攻撃力を上げたもの
fist,0x08CC9F5C,0x08CC8F38,16,Needle Knuckle,fist#47,ニードルナックル
fist,0x08CC9F60,0x08CC8F38,16,Needle Knuckle,fist#47,ニードルナックル
fist,0x08CC9F64,0x08CC8F4C,18,Knuckles fitted with spikes.,fist#48,トゲ付きのナックル
fist,0x08CC9F88,0x08CC8F60,18,Simple Arms Custom,fist#49,シンプルアームズ改
fist,0x08CC9F8C,0x08CC8F74,20,Simple Arms Custom,fist#50,シンプルアームズカイ
fist,0x08CC9F90,0x08CC8F8C,38,Simple arms made lighter and with increased strength.,fist#51,より軽く、強度を増したシンプルアームズ
fist,0x08CC9FB4,0x08CC8FB4,16,Duel Arms,fist#52,デュエルアームズ
fist,0x08CC9FB8,0x08CC8FB4,16,Duel Arms,fist#52,デュエルアームズ
fist,0x08CC9FBC,0x08CC8FC8,32,Arms said to have been crafted for dueling.,fist#53,決闘用に作られたとされるアームズ
fist,0x08CC9FE0,0x08CC8FEC,16,Iron Knuckle,fist#54,アイアンナックル
fist,0x08CC9FE4,0x08CC8FEC,16,Iron Knuckle,fist#54,アイアンナックル
fist,0x08CC9FE8,0x08CC9000,22,Knuckles crafted from iron plating.,fist#55,鉄板で作られたナックル
fist,0x08CCA00C,0x08CC9018,16,Chain Knuckle,fist#56,チェインナックル
fist,0x08CCA010,0x08CC9018,16,Chain Knuckle,fist#56,チェインナックル
fist,0x08CCA014,0x08CC902C,24,Knuckles woven with chains.,fist#57,鎖を編み込まれたナックル
fist,0x08CCA038,0x08CC9048,16,Silver Knuckle,fist#58,シルバーナックル
fist,0x08CCA03C,0x08CC9048,16,Silver Knuckle,fist#58,シルバーナックル
fist,0x08CCA040,0x08CC905C,14,Knuckles made of silver.,fist#59,銀製のナックル
fist,0x08CCA064,0x08CC906C,14,Garuda Claw,fist#60,ガルーダクロー
fist,0x08CCA068,0x08CC906C,14,Garuda Claw,fist#60,ガルーダクロー
fist,0x08CCA06C,0x08CC907C,32,Claws reminiscent of Garuda talons.,fist#61,ガルーダの爪を彷彿とさせるクロー
fist,0x08CCA090,0x08CC90A0,16,Gold Knuckle,fist#62,ゴールドナックル
fist,0x08CCA094,0x08CC90A0,16,Gold Knuckle,fist#62,ゴールドナックル
fist,0x08CCA098,0x08CC90B4,14,Knuckles made of gold.,fist#63,金製のナックル
fist,0x08CCA0BC,0x08CC90C4,6,Steel Ball,fist#64,鋼鉄球
fist,0x08CCA0C0,0x08CC90CC,14,Steel Ball,fist#65,コウテッキュウ
fist,0x08CCA0C4,0x08CC90DC,30,An iron-ball martial arts weapon made of steel.,fist#66,鋼鉄で作られた鉄球状の格闘武器
fist,0x08CCA0E8,0x08CC90FC,16,Mithril Knuckle,fist#67,ミスリルナックル
fist,0x08CCA0EC,0x08CC90FC,16,Mithril Knuckle,fist#67,ミスリルナックル
fist,0x08CCA0F0,0x08CC9110,22,Knuckles made of mithril silver.,fist#68,ミスリル銀製のナックル
fist,0x08CCA114,0x08CC9128,12,Bear Knuckle,fist#69,ベアナックル
fist,0x08CCA118,0x08CC9128,12,Bear Knuckle,fist#69,ベアナックル
fist,0x08CCA11C,0x08CC9138,26,Knuckles evocative of bear paws.,fist#70,熊の手を想像させるナックル
fist,0x08CCA140,0x08CC9154,18,Crystal Knuckle,fist#71,クリスタルナックル
fist,0x08CCA144,0x08CC9154,18,Crystal Knuckle,fist#71,クリスタルナックル
fist,0x08CCA148,0x08CC9168,40,Knuckles crafted by carving crystal.,fist#72,クリスタルを削り出して製造されたナックル
fist,0x08CCA16C,0x08CC9194,14,Diamond Knuckle,fist#73,ダイヤナックル
fist,0x08CCA170,0x08CC9194,14,Diamond Knuckle,fist#73,ダイヤナックル
fist,0x08CCA174,0x08CC91A4,30,Knuckles made of diamond.,fist#74,ダイヤモンドで作られたナックル
fist,0x08CCA198,0x08CC91C4,14,Battle Sinker,fist#75,バトルシンカー
fist,0x08CCA19C,0x08CC91C4,14,Battle Sinker,fist#75,バトルシンカー
fist,0x08CCA1A0,0x08CC91D4,26,A sinker modified for combat.,fist#76,戦闘用に改良されたシンカー
fist,0x08CCA1C4,0x08CC91F0,18,Crash Arms,fist#77,クラッシュアームズ
fist,0x08CCA1C8,0x08CC91F0,18,Crash Arms,fist#77,クラッシュアームズ
fist,0x08CCA1CC,0x08CC9204,40,A forbidden weapon created solely for the purpose of destruction.,fist#78,破壊する事だけを目的に作られた禁断の武器
fist,0x08CCA1F0,0x08CC9230,20,Triple Edge Claw,fist#79,トリプルエッジクロー
fist,0x08CCA1F4,0x08CC9230,20,Triple Edge Claw,fist#79,トリプルエッジクロー
fist,0x08CCA1F8,0x08CC9248,38,Arms fitted with sharper blades.,fist#80,より鋭利な刃物を取り付けられたアームズ
fist,0x08CCA21C,0x08CC9270,16,Lion Arms,fist#81,ライオンアームズ
fist,0x08CCA220,0x08CC9270,16,Lion Arms,fist#81,ライオンアームズ
fist,0x08CCA224,0x08CC9284,40,"Arms named after the king of beasts, the lion.",fist#82,百獣の王ライオンの名を付けられたアームズ
fist,0x08CCA248,0x08CC92B0,12,Leather Shell,fist#83,レザーシェル
fist,0x08CCA24C,0x08CC92B0,12,Leather Shell,fist#83,レザーシェル
fist,0x08CCA250,0x08CC92C0,28,A leather shell capable of protecting the fists.,fist#84,拳の保護が出来る革製のシェル
fist,0x08CCA274,0x08CC92E0,12,Power Shell,fist#85,パワーシェル
fist,0x08CCA278,0x08CC92E0,12,Power Shell,fist#85,パワーシェル
fist,0x08CCA27C,0x08CC92F0,30,A shell structured to easily channel strength.,fist#86,力を込めやすい構造を持つシェル
fist,0x08CCA2A0,0x08CC9310,16,Studded Shell,fist#87,スタデッドシェル
fist,0x08CCA2A4,0x08CC9310,16,Studded Shell,fist#87,スタデッドシェル
fist,0x08CCA2A8,0x08CC9324,46,A leather shell studded with rivets to increase attack power.,fist#88,レザーシェルに鋲を打ち付け、攻撃力を上げたもの
fist,0x08CCA2CC,0x08CC9354,14,Needle Shell,fist#89,ニードルシェル
fist,0x08CCA2D0,0x08CC9354,14,Needle Shell,fist#89,ニードルシェル
fist,0x08CCA2D4,0x08CC9364,16,A shell fitted with spikes.,fist#90,トゲ付きのシェル
fist,0x08CCA2F8,0x08CC9378,20,Benefit Arms,fist#91,ベネフィットアームズ
fist,0x08CCA2FC,0x08CC9378,20,Benefit Arms,fist#91,ベネフィットアームズ
fist,0x08CCA300,0x08CC9390,38,The ultimate arms adjusted specifically to suit the wielder.,fist#92,使用者に合わせ調整された究極のアームズ
fist,0x08CCA324,0x08CC93B8,14,War Arms,fist#93,ウォーアームズ
fist,0x08CCA328,0x08CC93B8,14,War Arms,fist#93,ウォーアームズ
fist,0x08CCA32C,0x08CC93C8,32,Arms said to have been used in wartime.,fist#94,戦時中に使われたとされるアームズ
fist,0x08CCA350,0x08CC93EC,14,Iron Shell,fist#95,アイアンシェル
fist,0x08CCA354,0x08CC93EC,14,Iron Shell,fist#95,アイアンシェル
fist,0x08CCA358,0x08CC93FC,20,A shell crafted from iron plating.,fist#96,鉄板で作られたシェル
fist,0x08CCA37C,0x08CC9414,14,Chain Shell,fist#97,チェインシェル
fist,0x08CCA380,0x08CC9414,14,Chain Shell,fist#97,チェインシェル
fist,0x08CCA384,0x08CC9424,22,A shell woven with chains.,fist#98,鎖を編み込まれたシェル
fist,0x08CCA3A8,0x08CC943C,14,Silver Shell,fist#99,シルバーシェル
fist,0x08CCA3AC,0x08CC943C,14,Silver Shell,fist#99,シルバーシェル
fist,0x08CCA3B0,0x08CC944C,12,A shell made of silver.,fist#100,銀製のシェル
fist,0x08CCA3D4,0x08CC945C,16,Griffon Claw,fist#101,グリフォンクロー
fist,0x08CCA3D8,0x08CC945C,16,Griffon Claw,fist#101,グリフォンクロー
fist,0x08CCA3DC,0x08CC9470,34,Claws reminiscent of griffon talons.,fist#102,グリフォンの爪を彷彿とさせるクロー
fist,0x08CCA400,0x08CC9494,14,Gold Shell,fist#103,ゴールドシェル
fist,0x08CCA404,0x08CC9494,14,Gold Shell,fist#103,ゴールドシェル
fist,0x08CCA408,0x08CC94A4,12,A shell made of gold.,fist#104,金製のシェル
fist,0x08CCA42C,0x08CC94B4,10,Destruction Iron Ball,fist#105,破壊の鉄球
fist,0x08CCA430,0x08CC94C0,18,Destruction Iron Ball,fist#106,ハカイノテッキュウ
fist,0x08CCA434,0x08CC94D4,22,These fists shatter all in their wake.,fist#107,その拳は全てを破砕する
fist,0x08CCA458,0x08CC94EC,14,Mithril Shell,fist#108,ミスリルシェル
fist,0x08CCA45C,0x08CC94EC,14,Mithril Shell,fist#108,ミスリルシェル
fist,0x08CCA460,0x08CC94FC,20,A shell made of mithril silver.,fist#109,ミスリル銀製のシェル
fist,0x08CCA484,0x08CC9514,10,Bear Shell,fist#110,ベアシェル
fist,0x08CCA488,0x08CC9514,10,Bear Shell,fist#110,ベアシェル
fist,0x08CCA48C,0x08CC9520,24,A shell evocative of bear paws.,fist#111,熊の手を想像させるシェル
fist,0x08CCA4B0,0x08CC953C,16,Crystal Shell,fist#112,クリスタルシェル
fist,0x08CCA4B4,0x08CC953C,16,Crystal Shell,fist#112,クリスタルシェル
fist,0x08CCA4B8,0x08CC9550,38,A shell crafted by carving crystal.,fist#113,クリスタルを削り出して製造されたシェル
fist,0x08CCA4DC,0x08CC9578,12,Diamond Shell,fist#114,ダイヤシェル
fist,0x08CCA4E0,0x08CC9578,12,Diamond Shell,fist#114,ダイヤシェル
fist,0x08CCA4E4,0x08CC9588,28,A shell made of diamond.,fist#115,ダイヤモンドで作られたシェル
fist,0x08CCA508,0x08CC95A8,16,Duel Sinker,fist#116,デュエルシンカー
fist,0x08CCA50C,0x08CC95A8,16,Duel Sinker,fist#116,デュエルシンカー
fist,0x08CCA510,0x08CC95BC,26,A sinker modified for dueling.,fist#117,決闘用に改良されたシンカー
fist,0x08CCA534,0x08CC95D8,16,Junk Arms,fist#118,ジャンクアームズ
fist,0x08CCA538,0x08CC95D8,16,Junk Arms,fist#118,ジャンクアームズ
fist,0x08CCA53C,0x08CC95EC,38,"Before its power, all that remains is junk...",fist#119,その威力の前に残るものはジャンクのみ…
fist,0x08CCA560,0x08CC9614,18,Tri-Edge Claw,fist#120,トライエッジクロー
fist,0x08CCA564,0x08CC9614,18,Tri-Edge Claw,fist#120,トライエッジクロー
fist,0x08CCA568,0x08CC9628,50,"The ultimate claw pursuing the three effects of slash, strike, and smash.",fist#121,「斬」「打」「砕」三つの効果を追求した究極のクロー
fist,0x08CCA58C,0x08CC965C,8,King of Lions,fist#122,獅子の王
fist,0x08CCA590,0x08CC9668,10,King of Lions,fist#123,シシノオウ
fist,0x08CCA594,0x08CC9674,32,The true king of beasts. That is the name of this weapon.,fist#124,真の獣の王。それがこの武器の名前
fist,0x08CCA5B8,0x08CC9698,10,Pugilist's Fist,fist#125,拳闘士の拳
fist,0x08CCA5BC,0x08CC96A4,18,Pugilist's Fist,fist#126,ケントウシノコブシ
fist,0x08CCA5C0,0x08CC96B8,44,Knuckles exclusive to fighters recognized as Descenders.,fist#127,ディセンダーと認められた格闘家専用のナックル
fist,0x08CCA5E4,0x08CC96E8,10,Associate Monk's Fist,fist#128,准拳士の拳
fist,0x08CCA5E8,0x08CC96F4,20,Associate Monk's Fist,fist#129,ジュンケンシノコブシ
fist,0x08CCA5EC,0x08CC970C,44,Knuckles exclusive to monks recognized as Descenders.,fist#130,ディセンダーと認められたモンク専用のナックル
fist,0x08CCA610,0x08CC973C,10,Little Conqueror's Fist,fist#131,小覇王の拳
fist,0x08CCA614,0x08CC9748,20,Little Conqueror's Fist,fist#132,ショウハオウノコブシ
fist,0x08CCA618,0x08CC9760,46,Knuckles crafted for fighters recognized as Descenders.,fist#133,ディセンダーの為に作られた格闘家専用のナックル
fist,0x08CCA63C,0x08CC9790,10,Grand Master's Fist,fist#134,大範士の拳
fist,0x08CCA640,0x08CC979C,18,Grand Master's Fist,fist#135,ダイハンシノコブシ
fist,0x08CCA644,0x08CC97B0,46,Knuckles crafted for monks recognized as Descenders.,fist#136,ディセンダーの為に作られたモンク専用のナックル
fist,0x08CCA668,0x08CC97E0,8,Venom,fist#137,ヴェノム
fist,0x08CCA66C,0x08CC97E0,8,Venom,fist#137,ヴェノム
fist,0x08CCA670,0x08CC97EC,24,A weapon utilizing the venom fangs of a great serpent.,fist#138,大蛇の毒牙を使用した武具
fist,0x08CCA694,0x08CC9808,14,With Teeth,fist#139,ウィズティース
fist,0x08CCA698,0x08CC9808,14,With Teeth,fist#139,ウィズティース
fist,0x08CCA69C,0x08CC9818,34,Knuckles harboring power to smash even gigantic boulders.,fist#140,巨大な岩をも砕く力を秘めたナックル
fist,0x08CCA6C0,0x08CC983C,14,God Weapon,fist#141,ゴッドウェポン
fist,0x08CCA6C4,0x08CC983C,14,God Weapon,fist#141,ゴッドウェポン
fist,0x08CCA6C8,0x08CC984C,24,Knuckles granting the fists of a god.,fist#142,神の拳を得られるナックル
fist,0x08CCA6EC,0x08CC9868,14,Heaven's Claw,fist#143,ヘブンズクロー
fist,0x08CCA6F0,0x08CC9868,14,Heaven's Claw,fist#143,ヘブンズクロー
fist,0x08CCA6F4,0x08CC9878,32,Claws that invite those struck by them into heaven.,fist#144,殴られた者を天国へ誘い込むクロー
fist,0x08CCA718,0x08CC989C,18,Boxing Glove A,fist#145,ボクシンググラブＡ
fist,0x08CCA71C,0x08CC989C,18,Boxing Glove A,fist#145,ボクシンググラブＡ
fist,0x08CCA720,0x08CC98B0,42,Gloves of legendary champ 'Chotchu Nei.',fist#146,伝説のチャンプ「チョッチュ・ネイ」のグラブ
fist,0x08CCA74C,0x08CC98B0,42,Gloves of legendary champ 'Chotchu Nei.',fist#146,伝説のチャンプ「チョッチュ・ネイ」のグラブ
fist,0x08CCA778,0x08CC98B0,42,Gloves of legendary champ 'Chotchu Nei.',fist#146,伝説のチャンプ「チョッチュ・ネイ」のグラブ
fist,0x08CCA7A4,0x08CC98B0,42,Gloves of legendary champ 'Chotchu Nei.',fist#146,伝説のチャンプ「チョッチュ・ネイ」のグラブ
fist,0x08CCA7D0,0x08CC98B0,42,Gloves of legendary champ 'Chotchu Nei.',fist#146,伝説のチャンプ「チョッチュ・ネイ」のグラブ
fist,0x08CCA744,0x08CC98DC,18,Boxing Glove B,fist#147,ボクシンググラブＢ
fist,0x08CCA748,0x08CC98DC,18,Boxing Glove B,fist#147,ボクシンググラブＢ
fist,0x08CCA770,0x08CC98F0,18,Boxing Glove C,fist#148,ボクシンググラブＣ
fist,0x08CCA774,0x08CC98F0,18,Boxing Glove C,fist#148,ボクシンググラブＣ
fist,0x08CCA79C,0x08CC9904,18,Boxing Glove D,fist#149,ボクシンググラブＤ
fist,0x08CCA7A0,0x08CC9904,18,Boxing Glove D,fist#149,ボクシンググラブＤ
fist,0x08CCA7C8,0x08CC9918,18,Boxing Glove E,fist#150,ボクシンググラブＥ
fist,0x08CCA7CC,0x08CC9918,18,Boxing Glove E,fist#150,ボクシンググラブＥ
fist,0x08CCA7F4,0x08CC992C,16,Katz Mittens A,fist#151,ねこにんミトンＡ
fist,0x08CCA7F8,0x08CC9940,16,Katz Mittens A,fist#152,ネコニンミトンＡ
fist,0x08CCA7FC,0x08CC9954,32,Mittens with exceedingly adorable (?) paw pads.,fist#153,とても肉球が愛らしい（？）ミトン
fist,0x08CCA828,0x08CC9954,32,Mittens with exceedingly adorable (?) paw pads.,fist#153,とても肉球が愛らしい（？）ミトン
fist,0x08CCA854,0x08CC9954,32,Mittens with exceedingly adorable (?) paw pads.,fist#153,とても肉球が愛らしい（？）ミトン
fist,0x08CCA880,0x08CC9954,32,Mittens with exceedingly adorable (?) paw pads.,fist#153,とても肉球が愛らしい（？）ミトン
fist,0x08CCA8AC,0x08CC9954,32,Mittens with exceedingly adorable (?) paw pads.,fist#153,とても肉球が愛らしい（？）ミトン
fist,0x08CCA820,0x08CC9978,16,Katz Mittens B,fist#154,ねこにんミトンＢ
fist,0x08CCA824,0x08CC998C,16,Katz Mittens B,fist#155,ネコニンミトンＢ
fist,0x08CCA84C,0x08CC99A0,16,Katz Mittens C,fist#156,ねこにんミトンＣ
fist,0x08CCA850,0x08CC99B4,16,Katz Mittens C,fist#157,ネコニンミトンＣ
fist,0x08CCA878,0x08CC99C8,16,Katz Mittens D,fist#158,ねこにんミトンＤ
fist,0x08CCA87C,0x08CC99DC,16,Katz Mittens D,fist#159,ネコニンミトンＤ
fist,0x08CCA8A4,0x08CC99F0,16,Katz Mittens E,fist#160,ねこにんミトンＥ
fist,0x08CCA8A8,0x08CC9A04,16,Katz Mittens E,fist#161,ネコニンミトンＥ
fist,0x08CCA8D0,0x08CC9A18,8,Crab Claw A,fist#162,カニ爪Ａ
fist,0x08CCA8D4,0x08CC9A24,10,Crab Claw A,fist#163,カニツメＡ
fist,0x08CCA8D8,0x08CC9A30,16,A gift from Mr. Crab.,fist#164,カニさんの贈り物
fist,0x08CCA904,0x08CC9A30,16,A gift from Mr. Crab.,fist#164,カニさんの贈り物
fist,0x08CCA930,0x08CC9A30,16,A gift from Mr. Crab.,fist#164,カニさんの贈り物
fist,0x08CCA95C,0x08CC9A30,16,A gift from Mr. Crab.,fist#164,カニさんの贈り物
fist,0x08CCA988,0x08CC9A30,16,A gift from Mr. Crab.,fist#164,カニさんの贈り物
fist,0x08CCA8FC,0x08CC9A44,8,Crab Claw B,fist#165,カニ爪Ｂ
fist,0x08CCA900,0x08CC9A50,10,Crab Claw B,fist#166,カニツメＢ
fist,0x08CCA928,0x08CC9A5C,8,Crab Claw C,fist#167,カニ爪Ｃ
fist,0x08CCA92C,0x08CC9A68,10,Crab Claw C,fist#168,カニツメＣ
fist,0x08CCA954,0x08CC9A74,8,Crab Claw D,fist#169,カニ爪Ｄ
fist,0x08CCA958,0x08CC9A80,10,Crab Claw D,fist#170,カニツメＤ
fist,0x08CCA980,0x08CC9A8C,8,Crab Claw E,fist#171,カニ爪Ｅ
fist,0x08CCA984,0x08CC9A98,10,Crab Claw E,fist#172,カニツメＥ
fist,0x08CCA9AC,0x08CC9AA4,14,Spike Glove A,fist#173,トゲグローブＡ
fist,0x08CCA9B0,0x08CC9AA4,14,Spike Glove A,fist#173,トゲグローブＡ
fist,0x08CCA9B4,0x08CC9AB4,34,Gloves used in competitions in a certain region.,fist#174,とある地域の競技に使われたグローブ
fist,0x08CCA9E0,0x08CC9AB4,34,Gloves used in competitions in a certain region.,fist#174,とある地域の競技に使われたグローブ
fist,0x08CCAA0C,0x08CC9AB4,34,Gloves used in competitions in a certain region.,fist#174,とある地域の競技に使われたグローブ
fist,0x08CCAA38,0x08CC9AB4,34,Gloves used in competitions in a certain region.,fist#174,とある地域の競技に使われたグローブ
fist,0x08CCAA64,0x08CC9AB4,34,Gloves used in competitions in a certain region.,fist#174,とある地域の競技に使われたグローブ
fist,0x08CCA9D8,0x08CC9AD8,14,Spike Glove B,fist#175,トゲグローブＢ
fist,0x08CCA9DC,0x08CC9AD8,14,Spike Glove B,fist#175,トゲグローブＢ
fist,0x08CCAA04,0x08CC9AE8,14,Spike Glove C,fist#176,トゲグローブＣ
fist,0x08CCAA08,0x08CC9AE8,14,Spike Glove C,fist#176,トゲグローブＣ
fist,0x08CCAA30,0x08CC9AF8,14,Spike Glove D,fist#177,トゲグローブＤ
fist,0x08CCAA34,0x08CC9AF8,14,Spike Glove D,fist#177,トゲグローブＤ
fist,0x08CCAA5C,0x08CC9B08,14,Spike Glove E,fist#178,トゲグローブＥ
fist,0x08CCAA60,0x08CC9B08,14,Spike Glove E,fist#178,トゲグローブＥ
fist,0x08CCAA88,0x08CC9B18,18,Trial Arms,fist#179,トライアルアームズ
fist,0x08CCAA8C,0x08CC9B18,18,Trial Arms,fist#179,トライアルアームズ
fist,0x08CCAAB4,0x08CC9B2C,12,Max Value (Fist),fist#180,最大値（拳）
bow,0x08CCB7F4,0x08CCAAF0,12,Small Bow,bow#0,スモールボウ
bow,0x08CCB7F8,0x08CCAAF0,12,Small Bow,bow#0,スモールボウ
bow,0x08CCB7FC,0x08CCAB00,28,A small bow emphasizing ease of use.,bow#1,使いやすさを重視した小型の弓
bow,0x08CCB820,0x08CCAB20,10,Self Bow,bow#2,セルフボウ
bow,0x08CCB824,0x08CCAB20,10,Self Bow,bow#2,セルフボウ
bow,0x08CCB828,0x08CCAB2C,24,A bow crafted from a single material.,bow#3,単一の素材から作られた弓
bow,0x08CCB84C,0x08CCAB48,4,Bow,bow#4,ボウ
bow,0x08CCB850,0x08CCAB48,4,Bow,bow#4,ボウ
bow,0x08CCB854,0x08CCAB50,22,A versatile bow handled by beginners.,bow#5,初心者が扱う汎用的な弓
bow,0x08CCB878,0x08CCAB68,16,Composite Bow,bow#6,コンポジットボウ
bow,0x08CCB87C,0x08CCAB68,16,Composite Bow,bow#6,コンポジットボウ
bow,0x08CCB880,0x08CCAB7C,24,A bow crafted from multiple materials.,bow#7,複数の素材から作られた弓
bow,0x08CCB8A4,0x08CCAB98,12,Rapid Bow,bow#8,ラピッドボウ
bow,0x08CCB8A8,0x08CCAB98,12,Rapid Bow,bow#8,ラピッドボウ
bow,0x08CCB8AC,0x08CCABA8,24,A bow structured for rapid firing.,bow#9,連射しやすい構造を持つ弓
bow,0x08CCB8D0,0x08CCABC4,10,Spread,bow#10,スプレッド
bow,0x08CCB8D4,0x08CCABC4,10,Spread,bow#10,スプレッド
bow,0x08CCB8D8,0x08CCABD0,22,A bow meaning to scatter.,bow#11,まき散らすの意を持つ弓
bow,0x08CCB8FC,0x08CCABE8,12,Iron Bow,bow#12,アイアンボウ
bow,0x08CCB900,0x08CCABE8,12,Iron Bow,bow#12,アイアンボウ
bow,0x08CCB904,0x08CCABF8,4,An iron bow.,bow#13,鉄弓
bow,0x08CCB928,0x08CCAC00,10,Battle Bow,bow#14,バトルボウ
bow,0x08CCB92C,0x08CCAC00,10,Battle Bow,bow#14,バトルボウ
bow,0x08CCB930,0x08CCAC0C,38,A bow reinforced with metal to be more suited for combat.,bow#15,金属で補強され、より実戦向きになった弓
bow,0x08CCB954,0x08CCAC34,16,Lightning Bow,bow#16,ライトニングボウ
bow,0x08CCB958,0x08CCAC34,16,Lightning Bow,bow#16,ライトニングボウ
bow,0x08CCB95C,0x08CCAC48,30,A bow capable of firing arrows at lightning speed.,bow#17,雷の如く高速で矢を撃ち出せる弓
bow,0x08CCB980,0x08CCAC68,12,Gothic Bow,bow#18,ゴシックボウ
bow,0x08CCB984,0x08CCAC68,12,Gothic Bow,bow#18,ゴシックボウ
bow,0x08CCB988,0x08CCAC78,16,An ornamented bow.,bow#19,装飾が施された弓
bow,0x08CCB9AC,0x08CCAC8C,10,Guard Bow,bow#20,ガードボウ
bow,0x08CCB9B0,0x08CCAC8C,10,Guard Bow,bow#20,ガードボウ
bow,0x08CCB9B4,0x08CCAC98,30,A sturdy bow fitted with a shield.,bow#21,シールドがあしらわれた頑丈な弓
bow,0x08CCB9D8,0x08CCACB8,14,Cranequin,bow#22,クレインクィン
bow,0x08CCB9DC,0x08CCACB8,14,Cranequin,bow#22,クレインクィン
bow,0x08CCB9E0,0x08CCACC8,22,A bow with a remarkably superior structure.,bow#23,大変優れた構造を持つ弓
bow,0x08CCBA04,0x08CCACE0,10,Siege Bow,bow#24,シージボウ
bow,0x08CCBA08,0x08CCACE0,10,Siege Bow,bow#24,シージボウ
bow,0x08CCBA0C,0x08CCACEC,28,A bow used during castle sieges.,bow#25,城攻めの時に使用されていた弓
bow,0x08CCBA30,0x08CCAD0C,10,Metal Bow,bow#26,メタルボウ
bow,0x08CCBA34,0x08CCAD0C,10,Metal Bow,bow#26,メタルボウ
bow,0x08CCBA38,0x08CCAD18,26,A bow made of pliable metal.,bow#27,しなやかな金属で作られた弓
bow,0x08CCBA5C,0x08CCAD34,12,Elven Bow,bow#28,エルヴンボウ
bow,0x08CCBA60,0x08CCAD34,12,Elven Bow,bow#28,エルヴンボウ
bow,0x08CCBA64,0x08CCAD44,34,A legendary bow handed down in a clan renowned for archery.,bow#29,弓使いに長けた一族に伝わる伝説の弓
bow,0x08CCBA88,0x08CCAD68,10,Grimm Bow,bow#30,グリムボウ
bow,0x08CCBA8C,0x08CCAD68,10,Grimm Bow,bow#30,グリムボウ
bow,0x08CCBA90,0x08CCAD74,40,Those shot by this bow meet a cruel end.,bow#31,この弓で撃たれた者は、残酷な結末を迎える
bow,0x08CCBAB4,0x08CCADA0,10,Shell Bow,bow#32,シェルボウ
bow,0x08CCBAB8,0x08CCADA0,10,Shell Bow,bow#32,シェルボウ
bow,0x08CCBABC,0x08CCADAC,22,A bow crafted from monster carapace.,bow#33,魔物の甲殻で作られた弓
bow,0x08CCBAE0,0x08CCADC4,16,Cupid Bow,bow#34,キューピッドボウ
bow,0x08CCBAE4,0x08CCADC4,16,Cupid Bow,bow#34,キューピッドボウ
bow,0x08CCBAE8,0x08CCADD8,18,A bow modeled after an angel's bow.,bow#35,天使の弓を模した弓
bow,0x08CCBB0C,0x08CCADEC,14,Compact Bow,bow#36,コンパクトボウ
bow,0x08CCBB10,0x08CCADEC,14,Compact Bow,bow#36,コンパクトボウ
bow,0x08CCBB14,0x08CCADFC,34,A bow made even easier to use through further weight reduction.,bow#37,さらなる軽量化で使いやすくなった弓
bow,0x08CCBB38,0x08CCAE20,12,Mighty Bow,bow#38,マイティボウ
bow,0x08CCBB3C,0x08CCAE20,12,Mighty Bow,bow#38,マイティボウ
bow,0x08CCBB40,0x08CCAE30,22,A self bow with enhanced power.,bow#39,威力を高めたセルフボウ
bow,0x08CCBB64,0x08CCAE48,12,Shortbow,bow#40,ショートボウ
bow,0x08CCBB68,0x08CCAE48,12,Shortbow,bow#40,ショートボウ
bow,0x08CCBB6C,0x08CCAE58,22,A versatile bow used by intermediate archers.,bow#41,中級者が使う汎用的な弓
bow,0x08CCBB90,0x08CCAE70,12,Silver Bow,bow#42,シルバーボウ
bow,0x08CCBB94,0x08CCAE70,12,Silver Bow,bow#42,シルバーボウ
bow,0x08CCBB98,0x08CCAE80,32,A composite bow decorated with silver.,bow#43,銀装飾がなされたコンポジットボウ
bow,0x08CCBBBC,0x08CCAEA4,10,Machine Gun,bow#44,マシンガン
bow,0x08CCBBC0,0x08CCAEA4,10,Machine Gun,bow#44,マシンガン
bow,0x08CCBBC4,0x08CCAEB0,28,A bow structured for even easier rapid firing.,bow#45,より連射しやすい構造を持つ弓
bow,0x08CCBBE8,0x08CCAED0,16,Bone Spread,bow#46,ボーンスプレッド
bow,0x08CCBBEC,0x08CCAED0,16,Bone Spread,bow#46,ボーンスプレッド
bow,0x08CCBBF0,0x08CCAEE4,32,A bow meaning those hit will scatter their bones.,bow#47,当たった者は骨をまき散らす意の弓
bow,0x08CCBC14,0x08CCAF08,12,Gold Bow,bow#48,ゴールドボウ
bow,0x08CCBC18,0x08CCAF08,12,Gold Bow,bow#48,ゴールドボウ
bow,0x08CCBC1C,0x08CCAF18,28,A gorgeous bow adorned with gold craftsmanship.,bow#49,金細工が施されている豪華な弓
bow,0x08CCBC40,0x08CCAF38,10,War Bow,bow#50,ウォーボウ
bow,0x08CCBC44,0x08CCAF38,10,War Bow,bow#50,ウォーボウ
bow,0x08CCBC48,0x08CCAF44,8,A combat bow.,bow#51,実戦用弓
bow,0x08CCBC6C,0x08CCAF50,12,Thunder Bow,bow#52,サンダーボウ
bow,0x08CCBC70,0x08CCAF50,12,Thunder Bow,bow#52,サンダーボウ
bow,0x08CCBC74,0x08CCAF60,24,A renowned bow unleashing a flash like a lightning strike.,bow#53,雷撃の如き一閃を放つ名弓
bow,0x08CCBC98,0x08CCAF7C,12,Dragon Bow,bow#54,ドラゴンボウ
bow,0x08CCBC9C,0x08CCAF7C,12,Dragon Bow,bow#54,ドラゴンボウ
bow,0x08CCBCA0,0x08CCAF8C,20,A bow decorated with dragon ornamentation.,bow#55,龍の装飾が施された弓
bow,0x08CCBCC4,0x08CCAFA4,12,Shield Bow,bow#56,シールドボウ
bow,0x08CCBCC8,0x08CCAFA4,12,Shield Bow,bow#56,シールドボウ
bow,0x08CCBCCC,0x08CCAFB4,18,A bow combining offense and defense in one.,bow#57,攻防一体となった弓
bow,0x08CCBCF0,0x08CCAFC8,16,Crusader Bow,bow#58,クルセイダーボウ
bow,0x08CCBCF4,0x08CCAFC8,16,Crusader Bow,bow#58,クルセイダーボウ
bow,0x08CCBCF8,0x08CCAFDC,18,A bow wielded by the devout.,bow#59,信心深い者が持つ弓
bow,0x08CCBD1C,0x08CCAFF0,16,Long Siege Bow,bow#60,ロングシージボウ
bow,0x08CCBD20,0x08CCAFF0,16,Long Siege Bow,bow#60,ロングシージボウ
bow,0x08CCBD24,0x08CCB004,26,A bow capable of sniping from long range.,bow#61,遠距離からの狙撃が可能な弓
bow,0x08CCBD48,0x08CCB020,14,High Metal Bow,bow#62,ハイメタルボウ
bow,0x08CCBD4C,0x08CCB020,14,High Metal Bow,bow#62,ハイメタルボウ
bow,0x08CCBD50,0x08CCB030,30,A bow made of highly valuable metal.,bow#63,希少価値の高い金属で作られた弓
bow,0x08CCBD74,0x08CCB050,12,Blade Bow,bow#64,ブレードボウ
bow,0x08CCBD78,0x08CCB050,12,Blade Bow,bow#64,ブレードボウ
bow,0x08CCBD7C,0x08CCB060,20,A bow with specially crafted arrows.,bow#65,矢に細工がしてある弓
bow,0x08CCBDA0,0x08CCB078,10,Rune Bow,bow#66,ルーンボウ
bow,0x08CCBDA4,0x08CCB078,10,Rune Bow,bow#66,ルーンボウ
bow,0x08CCBDA8,0x08CCB084,18,A bow inscribed with magical patterns.,bow#67,魔法文様を施した弓
bow,0x08CCBDCC,0x08CCB098,18,Beast Shell Bow,bow#68,ビーストシェルボウ
bow,0x08CCBDD0,0x08CCB098,18,Beast Shell Bow,bow#68,ビーストシェルボウ
bow,0x08CCBDD4,0x08CCB0AC,30,A bow crafted from the carapace of stronger monsters.,bow#69,より強い魔物の甲殻で作られた弓
bow,0x08CCBDF8,0x08CCB0CC,14,Angel Bow,bow#70,エンジェルボウ
bow,0x08CCBDFC,0x08CCB0CC,14,Angel Bow,bow#70,エンジェルボウ
bow,0x08CCBE00,0x08CCB0DC,24,A bow said to be used by angels to pass judgment.,bow#71,天使が罰を下すとされる弓
bow,0x08CCBE24,0x08CCB0F8,10,Light Bow,bow#72,ライトボウ
bow,0x08CCBE28,0x08CCB0F8,10,Light Bow,bow#72,ライトボウ
bow,0x08CCBE2C,0x08CCB104,26,A renowned bow lightened again and again.,bow#73,軽量化に軽量化を重ねた名弓
bow,0x08CCBE50,0x08CCB120,14,Sniper Bow,bow#74,スナイパーボウ
bow,0x08CCBE54,0x08CCB120,14,Sniper Bow,bow#74,スナイパーボウ
bow,0x08CCBE58,0x08CCB130,30,A self bow with further improved accuracy.,bow#75,更に命中精度を上げたセルフボウ
bow,0x08CCBE7C,0x08CCB150,10,Longbow,bow#76,ロングボウ
bow,0x08CCBE80,0x08CCB150,10,Longbow,bow#76,ロングボウ
bow,0x08CCBE84,0x08CCB15C,14,A bow used by advanced archers.,bow#77,上級者が使う弓
bow,0x08CCBEA8,0x08CCB16C,12,Mithril Bow,bow#78,ミスリルボウ
bow,0x08CCBEAC,0x08CCB16C,12,Mithril Bow,bow#78,ミスリルボウ
bow,0x08CCBEB0,0x08CCB17C,36,A composite bow using mithril silver.,bow#79,ミスリル銀を使用したコンポジットボウ
bow,0x08CCBED4,0x08CCB1A4,8,Vulcan,bow#80,バルカン
bow,0x08CCBED8,0x08CCB1A4,8,Vulcan,bow#80,バルカン
bow,0x08CCBEDC,0x08CCB1B0,34,Shoots arrows as though spraying them across the battlefield...,bow#81,まるで矢をばらまく様に撃てるかも…
bow,0x08CCBF00,0x08CCB1D4,18,Ghost Spread,bow#82,ゴーストスプレッド
bow,0x08CCBF04,0x08CCB1D4,18,Ghost Spread,bow#82,ゴーストスプレッド
bow,0x08CCBF08,0x08CCB1E8,32,Those struck by it have even their souls scattered.,bow#83,撃たれた者は魂までをもまき散らす
bow,0x08CCBF2C,0x08CCB20C,10,Diamond Bow,bow#84,ダイヤボウ
bow,0x08CCBF30,0x08CCB20C,10,Diamond Bow,bow#84,ダイヤボウ
bow,0x08CCBF34,0x08CCB218,44,A lavish bow adorned with diamond craftsmanship.,bow#85,ダイヤモンド細工が施されているかなり豪華な弓
bow,0x08CCBF58,0x08CCB248,16,Long War Bow,bow#86,ロングウォーボウ
bow,0x08CCBF5C,0x08CCB248,16,Long War Bow,bow#86,ロングウォーボウ
bow,0x08CCBF60,0x08CCB25C,22,A powerful bow meant for long-distance firing.,bow#87,長距離射撃用の強力な弓
bow,0x08CCBF84,0x08CCB274,12,Maiden Bow,bow#88,メイデンボウ
bow,0x08CCBF88,0x08CCB274,12,Maiden Bow,bow#88,メイデンボウ
bow,0x08CCBF8C,0x08CCB284,20,A renowned bow bearing the name of a maiden.,bow#89,乙女の名を冠する名弓
bow,0x08CCBFB0,0x08CCB29C,12,Hydra Bow,bow#90,ハイドラボウ
bow,0x08CCBFB4,0x08CCB29C,12,Hydra Bow,bow#90,ハイドラボウ
bow,0x08CCBFB8,0x08CCB2AC,32,A bow decorated with the motif of a nine-headed serpent.,bow#91,九の頭を持つ蛇の装飾が施された弓
bow,0x08CCBFDC,0x08CCB2D0,14,Protect Bow,bow#92,プロテクトボウ
bow,0x08CCBFE0,0x08CCB2D0,14,Protect Bow,bow#92,プロテクトボウ
bow,0x08CCBFE4,0x08CCB2E0,20,A renowned bow combining offense and defense.,bow#93,攻防を兼ね備えた名弓
bow,0x08CCC008,0x08CCB2F8,16,Berserk Arrow,bow#94,ベルセルクアロー
bow,0x08CCC00C,0x08CCB2F8,16,Berserk Arrow,bow#94,ベルセルクアロー
bow,0x08CCC010,0x08CCB30C,36,A berserker's bow capable of firing an intensely powerful shot.,bow#95,狂戦士の弓。とても強力な一撃を放てる
bow,0x08CCC034,0x08CCB334,16,Soul Steal,bow#96,ソウルスティール
bow,0x08CCC038,0x08CCB334,16,Soul Steal,bow#96,ソウルスティール
bow,0x08CCC03C,0x08CCB348,44,A powerful magic bow said to pierce even the soul of the target.,bow#97,射抜いた相手の魂までも貫くとされる強力な魔弓
bow,0x08CCC060,0x08CCB378,14,Rare Metal Bow,bow#98,レアメタルボウ
bow,0x08CCC064,0x08CCB378,14,Rare Metal Bow,bow#98,レアメタルボウ
bow,0x08CCC068,0x08CCB388,24,A renowned bow crafted from rare metals.,bow#99,希少な金属で作られた名弓
bow,0x08CCC08C,0x08CCB3A4,10,Edge Bow,bow#100,エッジボウ
bow,0x08CCC090,0x08CCB3A4,10,Edge Bow,bow#100,エッジボウ
bow,0x08CCC094,0x08CCB3B0,32,A bow with arrows designed to widen wounds.,bow#101,矢に傷口が広がる細工がしてある弓
bow,0x08CCC0B8,0x08CCB3D4,16,Ancient Bow,bow#102,エンシェントボウ
bow,0x08CCC0BC,0x08CCB3D4,16,Ancient Bow,bow#102,エンシェントボウ
bow,0x08CCC0C0,0x08CCB3E8,12,A bow crafted in ancient style.,bow#103,古代様式の弓
bow,0x08CCC0E4,0x08CCB3F8,18,Dragon Shell Bow,bow#104,ドラゴンシェルボウ
bow,0x08CCC0E8,0x08CCB3F8,18,Dragon Shell Bow,bow#104,ドラゴンシェルボウ
bow,0x08CCC0EC,0x08CCB40C,24,A renowned bow crafted from dragon carapace.,bow#105,竜の甲殻から作られた名弓
bow,0x08CCC110,0x08CCB428,10,God Bow,bow#106,ゴッドボウ
bow,0x08CCC114,0x08CCB428,10,God Bow,bow#106,ゴッドボウ
bow,0x08CCC118,0x08CCB434,34,A renowned bow modeled after the bow of a great deity.,bow#107,大神が使ったとされる弓を模した名弓
bow,0x08CCC13C,0x08CCB458,8,Hunter's Bow,bow#108,狩人の弓
bow,0x08CCC140,0x08CCB464,16,Hunter's Bow,bow#109,カリュウドノユミ
bow,0x08CCC144,0x08CCB478,36,A bow exclusive to hunters recognized as Descenders.,bow#110,ディセンダーと認められた狩人専用の弓
bow,0x08CCC168,0x08CCB4A0,10,Master Archer's Bow,bow#111,名射手の弓
bow,0x08CCC16C,0x08CCB4AC,14,Master Archer's Bow,bow#112,メイイテノユミ
bow,0x08CCC170,0x08CCB4BC,38,A bow crafted for hunters recognized as Descenders.,bow#113,ディセンダーの為に作られた狩人専用の弓
bow,0x08CCC194,0x08CCB4E4,8,Demon-Banishment Bow,bow#114,破魔の弓
bow,0x08CCC198,0x08CCB4F0,10,Demon-Banishment Bow,bow#115,ハマノユミ
bow,0x08CCC19C,0x08CCB4FC,44,A demon-slaying bow used by an eastern hero to defeat beasts.,bow#116,東方の英雄が魔獸退治に使ったとされる退魔の弓
bow,0x08CCC1C0,0x08CCB52C,16,Windforce,bow#117,ウィンドフォース
bow,0x08CCC1C4,0x08CCB52C,16,Windforce,bow#117,ウィンドフォース
bow,0x08CCC1C8,0x08CCB540,24,A legendary bow renowned by the name of the divine wind.,bow#118,神風の異名を持つ伝説の弓
bow,0x08CCC1EC,0x08CCB55C,14,Artemis Bow,bow#119,アルテミスの弓
bow,0x08CCC1F0,0x08CCB56C,16,Artemis Bow,bow#120,アルテミスノユミ
bow,0x08CCC1F4,0x08CCB580,36,A legendary bow said to have been used by the goddess Artemis.,bow#121,アルテミス神が使ったとされる伝説の弓
bow,0x08CCC218,0x08CCB5A8,8,Ame-no-Kakoyumi,bow#122,天鹿児弓
bow,0x08CCC21C,0x08CCB5B4,14,Ame-no-Kakoyumi,bow#123,アマノカコユミ
bow,0x08CCC220,0x08CCB5C4,36,A sacred bow said to reach the heavens when an arrow is loosed.,bow#124,矢を放てば、天まで届くといわれる神器
bow,0x08CCC244,0x08CCB5EC,10,Seraph Bow,bow#125,セラフボウ
bow,0x08CCC248,0x08CCB5EC,10,Seraph Bow,bow#125,セラフボウ
bow,0x08CCC24C,0x08CCB5F8,26,A bow capable of being cloaked in angelic wings.,bow#126,天使の羽を纏う事の出来る弓
bow,0x08CCC270,0x08CCB614,10,Devil Bow,bow#127,デビルボウ
bow,0x08CCC274,0x08CCB614,10,Devil Bow,bow#127,デビルボウ
bow,0x08CCC278,0x08CCB620,26,A bow capable of being cloaked in demonic wings.,bow#128,悪魔の羽を纏う事の出来る弓
bow,0x08CCC29C,0x08CCB63C,16,Eden's Fire,bow#129,エデンズファイア
bow,0x08CCC2A0,0x08CCB63C,16,Eden's Fire,bow#129,エデンズファイア
bow,0x08CCC2A4,0x08CCB650,50,Weapon equipped in this title by Nanaly from TOD2.,bow#130,ＴＯＤ２に登場したナナリーが本作で装備している武器
bow,0x08CCC2C8,0x08CCB684,22,Primal Elven Bow,bow#131,プライマルエルヴンボウ
bow,0x08CCC2CC,0x08CCB684,22,Primal Elven Bow,bow#131,プライマルエルヴンボウ
bow,0x08CCC2D0,0x08CCB69C,50,Weapon equipped in this title by Chester from TOP.,bow#132,ＴＯＰに登場したチェスターが本作で装備している武器
bow,0x08CCC2F4,0x08CCB6D0,18,Variable Edge,bow#133,ヴァリアブルエッジ
bow,0x08CCC2F8,0x08CCB6D0,18,Variable Edge,bow#133,ヴァリアブルエッジ
bow,0x08CCC2FC,0x08CCB6E4,48,Weapon equipped in this title by Raven from TOV.,bow#134,ＴＯＶに登場したレイヴンが本作で装備している武器
bow,0x08CCC320,0x08CCB718,20,Celestial Star,bow#135,セレスティアルスター
bow,0x08CCC324,0x08CCB718,20,Celestial Star,bow#135,セレスティアルスター
bow,0x08CCC328,0x08CCB730,48,Weapon equipped in this title by Natalia from TOA.,bow#136,ＴＯＡに登場したナタリアが本作で装備している武器
bow,0x08CCC34C,0x08CCB764,14,Wood Arrow D,bow#137,ウッドアローＤ
bow,0x08CCC350,0x08CCB764,14,Wood Arrow D,bow#137,ウッドアローＤ
bow,0x08CCC354,0x08CCB774,50,Weapon equipped in this title by Chelsea from TOD.,bow#138,ＴＯＤに登場したチェルシーが本作で装備している武器
bow,0x08CCC378,0x08CCB7A8,14,Trial Bow,bow#139,トライアルボウ
bow,0x08CCC37C,0x08CCB7A8,14,Trial Bow,bow#139,トライアルボウ
bow,0x08CCC3A4,0x08CCB7B8,12,Max Value (Bow),bow#140,最大値（弓）
handgun,0x08CCD03C,0x08CCC3E0,14,Revolver SA,handgun#0,リボルバーＳＡ
handgun,0x08CCD040,0x08CCC3F0,28,Revolver SA,handgun#1,リボルバーシングルアクション
handgun,0x08CCD044,0x08CCC410,12,A firearm from several generations ago.,handgun#2,数世代前の銃
handgun,0x08CCD068,0x08CCC420,16,Automa Custom,handgun#3,オートマカスタム
handgun,0x08CCD06C,0x08CCC420,16,Automa Custom,handgun#3,オートマカスタム
handgun,0x08CCD070,0x08CCC434,24,A commercially sold automatic pistol.,handgun#4,市販されている自動式拳銃
handgun,0x08CCD094,0x08CCC450,16,Texas Blaze,handgun#5,テキサスブレイズ
handgun,0x08CCD098,0x08CCC450,16,Texas Blaze,handgun#5,テキサスブレイズ
handgun,0x08CCD09C,0x08CCC464,30,A firearm favored extensively by frontiersmen.,handgun#6,開拓者がもっぱら愛用している銃
handgun,0x08CCD0C0,0x08CCC484,16,Standard Mag,handgun#7,スタンダードマグ
handgun,0x08CCD0C4,0x08CCC484,16,Standard Mag,handgun#7,スタンダードマグ
handgun,0x08CCD0C8,0x08CCC498,28,A revolver that fires magnum rounds.,handgun#8,マグナム弾を使うリボルバー銃
handgun,0x08CCD0EC,0x08CCC4B8,14,Voltek Mag,handgun#9,ボルテックマグ
handgun,0x08CCD0F0,0x08CCC4B8,14,Voltek Mag,handgun#9,ボルテックマグ
handgun,0x08CCD0F4,0x08CCC4C8,36,A flashing handgun firing bullets reminiscent of ball lightning.,handgun#10,雷球を思わせる弾丸を撃ち出す閃光の銃
handgun,0x08CCD118,0x08CCC4F0,10,Auto Mag,handgun#11,オートマグ
handgun,0x08CCD11C,0x08CCC4F0,10,Auto Mag,handgun#11,オートマグ
handgun,0x08CCD120,0x08CCC4FC,26,An automatic pistol that fires magnum rounds.,handgun#12,マグナム弾を使う自動式拳銃
handgun,0x08CCD144,0x08CCC518,14,Blizzard Mag,handgun#13,ブリザードマグ
handgun,0x08CCD148,0x08CCC518,14,Blizzard Mag,handgun#13,ブリザードマグ
handgun,0x08CCD14C,0x08CCC528,38,A handgun firing freezing bullets that chill even the soul.,handgun#14,魂をも凍らせる冷たき弾丸を撃ち出す拳銃
handgun,0x08CCD170,0x08CCC550,12,Viper Mag,handgun#15,バイパーマグ
handgun,0x08CCD174,0x08CCC550,12,Viper Mag,handgun#15,バイパーマグ
handgun,0x08CCD178,0x08CCC560,32,A handgun using large-caliber magnum rounds.,handgun#16,大口径のマグナム弾を使用する拳銃
handgun,0x08CCD19C,0x08CCC584,12,Fast Mag,handgun#17,ファストマグ
handgun,0x08CCD1A0,0x08CCC584,12,Fast Mag,handgun#17,ファストマグ
handgun,0x08CCD1A4,0x08CCC594,36,A gun so fine it is hard to suppress the urge to shoot it.,handgun#18,良質故に射撃衝動を抑えるのが大変な銃
handgun,0x08CCD1C8,0x08CCC5BC,14,Quick Worker,handgun#19,クイックワーカ
handgun,0x08CCD1CC,0x08CCC5BC,14,Quick Worker,handgun#19,クイックワーカ
handgun,0x08CCD1D0,0x08CCC5CC,44,A smartly designed gun that shifts swiftly into shooting stance.,handgun#20,素早く射撃体勢に移れるスマートなデザインの銃
handgun,0x08CCD1F4,0x08CCC5FC,16,Pit Sweeper,handgun#21,ピットスイーパー
handgun,0x08CCD1F8,0x08CCC5FC,16,Pit Sweeper,handgun#21,ピットスイーパー
handgun,0x08CCD1FC,0x08CCC610,36,An unfortunate gun rarely used for good purposes.,handgun#22,あまり良い目的には使われない不遇の銃
handgun,0x08CCD220,0x08CCC638,16,Desert Burial,handgun#23,デザートベリアル
handgun,0x08CCD224,0x08CCC638,16,Desert Burial,handgun#23,デザートベリアル
handgun,0x08CCD228,0x08CCC64C,34,A gun said not to mind harsh environments in the least.,handgun#24,環境の悪さを苦にしないといわれる銃
handgun,0x08CCD24C,0x08CCC670,14,Rend Buster,handgun#25,レンドバスター
handgun,0x08CCD250,0x08CCC670,14,Rend Buster,handgun#25,レンドバスター
handgun,0x08CCD254,0x08CCC680,30,A terrifying gun that obliterates all accomplices of evil.,handgun#26,悪の加担者をすべて抹殺する恐銃
handgun,0x08CCD278,0x08CCC6A0,14,Peacekeeper,handgun#27,ピースキーパー
handgun,0x08CCD27C,0x08CCC6A0,14,Peacekeeper,handgun#27,ピースキーパー
handgun,0x08CCD280,0x08CCC6B0,28,A firearm possessed by arbiters of conflict resolution.,handgun#28,紛争解決の調停者が所有する銃
handgun,0x08CCD2A4,0x08CCC6D0,16,Billy's Legacy,handgun#29,ビリーズレガシー
handgun,0x08CCD2A8,0x08CCC6D0,16,Billy's Legacy,handgun#29,ビリーズレガシー
handgun,0x08CCD2AC,0x08CCC6E4,34,A magic gun hailed as the legacy of a legendary gunslinger.,handgun#30,伝説のガンマンの遺産と称される魔銃
handgun,0x08CCD2D0,0x08CCC708,14,Revolver DA,handgun#31,リボルバーＤＡ
handgun,0x08CCD2D4,0x08CCC718,26,Revolver DA,handgun#32,リボルバーダブルアクション
handgun,0x08CCD2D8,0x08CCC734,30,A powerful and easy-to-handle revolver.,handgun#33,強力かつ扱いやすいリボルバー銃
handgun,0x08CCD2FC,0x08CCC754,16,Automa Hyper,handgun#34,オートマハイパー
handgun,0x08CCD300,0x08CCC754,16,Automa Hyper,handgun#34,オートマハイパー
handgun,0x08CCD304,0x08CCC768,24,An enhanced version of the Automa Custom.,handgun#35,オートマカスタムの強化版
handgun,0x08CCD328,0x08CCC784,16,Uncle Texas,handgun#36,アンクルテキサス
handgun,0x08CCD32C,0x08CCC784,16,Uncle Texas,handgun#36,アンクルテキサス
handgun,0x08CCD330,0x08CCC798,34,A gun handed down across generations of frontiersmen.,handgun#37,歴代の開拓者から受け継がれてきた銃
handgun,0x08CCD354,0x08CCC7BC,20,Standard Mag 32,handgun#38,スタンダードマグ３２
handgun,0x08CCD358,0x08CCC7D4,28,Standard Mag 32,handgun#39,スタンダードマグサンジュウニ
handgun,0x08CCD35C,0x08CCC7F4,24,An enhanced version of the Standard Mag.,handgun#40,スタンダードマグの強化版
handgun,0x08CCD380,0x08CCC810,18,Grizzly Magnum,handgun#41,グリズリーマグナム
handgun,0x08CCD384,0x08CCC810,18,Grizzly Magnum,handgun#41,グリズリーマグナム
handgun,0x08CCD388,0x08CCC824,28,Mighty power reminiscent of a grizzly bear!,handgun#42,灰色熊を思わせる強大な威力！
handgun,0x08CCD3AC,0x08CCC844,14,Light Trigger,handgun#43,ライトトリガー
handgun,0x08CCD3B0,0x08CCC844,14,Light Trigger,handgun#43,ライトトリガー
handgun,0x08CCD3B4,0x08CCC854,24,A handgun with a trigger pull of 70 grams.,handgun#44,引き金の張力が７０ｇの銃
handgun,0x08CCD3D8,0x08CCC870,10,Viper,handgun#45,ヴァイパー
handgun,0x08CCD3DC,0x08CCC870,10,Viper,handgun#45,ヴァイパー
handgun,0x08CCD3E0,0x08CCC87C,18,A gun bearing the name of a venomous snake.,handgun#46,毒蛇の名を冠する銃
handgun,0x08CCD404,0x08CCC890,12,Punisher,handgun#47,パニッシャー
handgun,0x08CCD408,0x08CCC890,12,Punisher,handgun#47,パニッシャー
handgun,0x08CCD40C,0x08CCC8A0,20,The holy gun of an agent of divine punishment.,handgun#48,神罰代行者の聖なる銃
handgun,0x08CCD430,0x08CCC8B8,14,Red Eagle,handgun#49,レッドイーグル
handgun,0x08CCD434,0x08CCC8B8,14,Red Eagle,handgun#49,レッドイーグル
handgun,0x08CCD438,0x08CCC8C8,50,A fearsome gun whose bullet speed is likened to a hunting eagle.,handgun#50,その弾速は狩りをするイーグルに例えられる恐るべき銃
handgun,0x08CCD45C,0x08CCC8FC,20,Traditional Gun,handgun#51,トラディショナルガン
handgun,0x08CCD460,0x08CCC8FC,20,Traditional Gun,handgun#51,トラディショナルガン
handgun,0x08CCD464,0x08CCC914,28,A gun crafted by traditional artisans.,handgun#52,伝統ある匠によって作られた銃
handgun,0x08CCD488,0x08CCC934,14,Heavy Recoil,handgun#53,ヘビーリコイル
handgun,0x08CCD48C,0x08CCC934,14,Heavy Recoil,handgun#53,ヘビーリコイル
handgun,0x08CCD490,0x08CCC944,32,"Has noticeable recoil, but boasts respectable power.",handgun#54,反動を強く感じるがそれなりの威力
handgun,0x08CCD4B4,0x08CCC968,10,Trooper,handgun#55,トルーパー
handgun,0x08CCD4B8,0x08CCC968,10,Trooper,handgun#55,トルーパー
handgun,0x08CCD4BC,0x08CCC974,10,A handgun for cavalry troops.,handgun#56,騎兵用拳銃
handgun,0x08CCD4E0,0x08CCC980,16,Black Eagle,handgun#57,ブラックイーグル
handgun,0x08CCD4E4,0x08CCC980,16,Black Eagle,handgun#57,ブラックイーグル
handgun,0x08CCD4E8,0x08CCC994,30,A gun with a larger caliber than the Red Eagle.,handgun#58,レッドイーグルよりも大口径の銃
handgun,0x08CCD50C,0x08CCC9B4,16,Raging Dog,handgun#59,レイジングドッグ
handgun,0x08CCD510,0x08CCC9B4,16,Raging Dog,handgun#59,レイジングドッグ
handgun,0x08CCD514,0x08CCC9C8,18,A gun as tough as a fighting dog.,handgun#60,闘犬の如くタフな銃
handgun,0x08CCD538,0x08CCC9DC,8,Warrior's Gun,handgun#61,戦士の銃
handgun,0x08CCD53C,0x08CCC9E8,14,Warrior's Gun,handgun#62,センシノジュウ
handgun,0x08CCD540,0x08CCC9F8,32,A gun hailed as a symbol of courage and a righteous heart.,handgun#63,勇気と正しき心の象徴と称される銃
handgun,0x08CCD564,0x08CCCA1C,14,Revolver TA,handgun#64,リボルバーＴＡ
handgun,0x08CCD568,0x08CCCA2C,28,Revolver TA,handgun#65,リボルバートリプルアクション
handgun,0x08CCD56C,0x08CCCA4C,32,A gun boasting high performance in every aspect.,handgun#66,全ての面で高レベルの性能を持つ銃
handgun,0x08CCD590,0x08CCCA70,16,Short Recoil,handgun#67,ショートリコイル
handgun,0x08CCD594,0x08CCCA70,16,Short Recoil,handgun#67,ショートリコイル
handgun,0x08CCD598,0x08CCCA84,36,A gun balancing power and ease of handling.,handgun#68,威力と使いやすさのバランスを取った銃
handgun,0x08CCD5BC,0x08CCCAAC,16,Texas Thunder,handgun#69,テキサスサンダー
handgun,0x08CCD5C0,0x08CCCAAC,16,Texas Thunder,handgun#69,テキサスサンダー
handgun,0x08CCD5C4,0x08CCCAC0,40,"A gun harboring the frontiersman spirit, likened to thunder over the wild.",handgun#70,荒野に轟く雷と例えられる開拓者魂が宿る銃
handgun,0x08CCD5E8,0x08CCCAEC,8,Casull,handgun#71,カスール
handgun,0x08CCD5EC,0x08CCCAEC,8,Casull,handgun#71,カスール
handgun,0x08CCD5F0,0x08CCCAF8,26,A versatile handgun capable of firing Casull rounds.,handgun#72,カスール弾を撃てる汎用拳銃
handgun,0x08CCD614,0x08CCCB14,16,Pit Viper,handgun#73,ピットヴァイパー
handgun,0x08CCD618,0x08CCCB14,16,Pit Viper,handgun#73,ピットヴァイパー
handgun,0x08CCD61C,0x08CCCB28,20,A gun bearing the name of a pit viper.,handgun#74,マムシの名を冠する銃
handgun,0x08CCD640,0x08CCCB40,14,Commonwealth Army Service Pistol,handgun#75,協和軍正式拳銃
handgun,0x08CCD644,0x08CCCB50,30,Commonwealth Army Service Pistol,handgun#76,キョウワグンセイシキケンジュウ
handgun,0x08CCD648,0x08CCCB70,26,An excellent pistol officially adopted by the military.,handgun#77,軍が正式採用した優秀な拳銃
handgun,0x08CCD66C,0x08CCCB8C,12,Baby Hawk,handgun#78,ベビーホーク
handgun,0x08CCD670,0x08CCCB8C,12,Baby Hawk,handgun#78,ベビーホーク
handgun,0x08CCD674,0x08CCCB9C,18,"A compact, easy-to-use handgun.",handgun#79,小型の使いやすい銃
handgun,0x08CCD698,0x08CCCBB0,16,Dread Trigger,handgun#80,ドレッドトリガー
handgun,0x08CCD69C,0x08CCCBB0,16,Dread Trigger,handgun#80,ドレッドトリガー
handgun,0x08CCD6A0,0x08CCCBC4,20,A gun that plunges its targets into dread.,handgun#81,標的を恐怖に陥れる銃
handgun,0x08CCD6C4,0x08CCCBDC,20,Insolent Buster,handgun#82,インソレントバスター
handgun,0x08CCD6C8,0x08CCCBDC,20,Insolent Buster,handgun#82,インソレントバスター
handgun,0x08CCD6CC,0x08CCCBF4,18,A gun that eliminates the insolent.,handgun#83,無礼者を排除する銃
handgun,0x08CCD6F0,0x08CCCC08,10,Bullseye Gun,handgun#84,百発百中丸
handgun,0x08CCD6F4,0x08CCCC14,26,Bullseye Gun,handgun#85,ヒャッパツヒャクチュウマル
handgun,0x08CCD6F8,0x08CCCC30,32,A pistol whose ease of aiming is top-notch.,handgun#86,狙いのつけやすさはピカイチの拳銃
handgun,0x08CCD71C,0x08CCCC54,14,Machine Pistol,handgun#87,マシンピストル
handgun,0x08CCD720,0x08CCCC54,14,Machine Pistol,handgun#87,マシンピストル
handgun,0x08CCD724,0x08CCCC64,32,A gun balancing rapid-fire capability with stopping power.,handgun#88,連射力と威力のバランスを取った銃
handgun,0x08CCD748,0x08CCCC88,18,Grizzly Custom,handgun#89,グリズリーカスタム
handgun,0x08CCD74C,0x08CCCC88,18,Grizzly Custom,handgun#89,グリズリーカスタム
handgun,0x08CCD750,0x08CCCC9C,24,A gun with enough power to bring down a grizzly bear.,handgun#90,灰色熊をも倒せる威力の銃
handgun,0x08CCD774,0x08CCCCB8,14,Trooper SP,handgun#91,トルーパーＳＰ
handgun,0x08CCD778,0x08CCCCC8,20,Trooper SP,handgun#92,トルーパースペシャル
handgun,0x08CCD77C,0x08CCCCE0,22,An enhanced version of the Trooper pistol.,handgun#93,トルーパーの強化版拳銃
handgun,0x08CCD7A0,0x08CCCCF8,14,Desert Hawk,handgun#94,デザートホーク
handgun,0x08CCD7A4,0x08CCCCF8,14,Desert Hawk,handgun#94,デザートホーク
handgun,0x08CCD7A8,0x08CCCD08,28,A gun with a larger caliber than the Baby Hawk.,handgun#95,ベビーホークよりも大口径の銃
handgun,0x08CCD7CC,0x08CCCD28,8,Anti-Tank Gun,handgun#96,対戦車銃
handgun,0x08CCD7D0,0x08CCCD34,18,Anti-Tank Gun,handgun#97,タイセンシャジュウ
handgun,0x08CCD7D4,0x08CCCD48,28,A military gun capable of piercing any heavy armor.,handgun#98,どんな重装甲をも貫く軍用の銃
handgun,0x08CCD7F8,0x08CCCD68,10,Pirate's Pistol,handgun#99,海賊の拳銃
handgun,0x08CCD7FC,0x08CCCD74,20,Pirate's Pistol,handgun#100,カイゾクノケンジュウ
handgun,0x08CCD800,0x08CCCD8C,36,A gun exclusive to pirates recognized as Descenders.,handgun#101,ディセンダーと認められた海賊専用の銃
handgun,0x08CCD824,0x08CCCDB4,12,Holy Gunner's Pistol,handgun#102,聖銃士の拳銃
handgun,0x08CCD828,0x08CCCDC4,24,Holy Gunner's Pistol,handgun#103,セイジュウシノケンジュウ
handgun,0x08CCD82C,0x08CCCDE0,42,A sacred gun exclusive to gunners recognized as Descenders.,handgun#104,ディセンダーと認められたガンマン専用の聖銃
handgun,0x08CCD850,0x08CCCE0C,12,Magic Gunner's Pistol,handgun#105,魔銃士の拳銃
handgun,0x08CCD854,0x08CCCE1C,22,Magic Gunner's Pistol,handgun#106,マジュウシノケンジュウ
handgun,0x08CCD858,0x08CCCE34,42,A demonic gun exclusive to gunners recognized as Descenders.,handgun#107,ディセンダーと認められたガンマン専用の魔銃
handgun,0x08CCD87C,0x08CCCE60,16,Viking Gun,handgun#108,ヴァイキングガン
handgun,0x08CCD880,0x08CCCE60,16,Viking Gun,handgun#108,ヴァイキングガン
handgun,0x08CCD884,0x08CCCE74,38,A gun crafted for pirates recognized as Descenders.,handgun#109,ディセンダーの為に作られた海賊専用の銃
handgun,0x08CCD8A8,0x08CCCE9C,18,Angel Shot,handgun#110,エンジェルショット
handgun,0x08CCD8AC,0x08CCCE9C,18,Angel Shot,handgun#110,エンジェルショット
handgun,0x08CCD8B0,0x08CCCEB0,44,A sacred gun crafted for gunners recognized as Descenders.,handgun#111,ディセンダーの為に作られたガンマン専用の聖銃
handgun,0x08CCD8D4,0x08CCCEE0,14,Devil Shot,handgun#112,デビルショット
handgun,0x08CCD8D8,0x08CCCEE0,14,Devil Shot,handgun#112,デビルショット
handgun,0x08CCD8DC,0x08CCCEF0,44,A demonic gun crafted for gunners recognized as Descenders.,handgun#113,ディセンダーの為に作られたガンマン専用の魔銃
handgun,0x08CCD900,0x08CCCF20,22,Flash in the Dark,handgun#114,フラッシュインザダーク
handgun,0x08CCD904,0x08CCCF20,22,Flash in the Dark,handgun#114,フラッシュインザダーク
handgun,0x08CCD908,0x08CCCF38,32,A gun that finishes off targets with a momentary flash.,handgun#115,一瞬の光陰と共に標的を仕留める銃
handgun,0x08CCD92C,0x08CCCF5C,20,Satisfaction,handgun#116,サティスファクション
handgun,0x08CCD930,0x08CCCF5C,20,Satisfaction,handgun#116,サティスファクション
handgun,0x08CCD934,0x08CCCF74,32,A gun accompanied by a dark urge that is never satisfied.,handgun#117,決して満たされぬ暗い衝動を伴う銃
handgun,0x08CCD958,0x08CCCF98,10,Death Gaze,handgun#118,デスゲイズ
handgun,0x08CCD95C,0x08CCCF98,10,Death Gaze,handgun#118,デスゲイズ
handgun,0x08CCD960,0x08CCCFA4,20,A calamitous secret gun that invites death.,handgun#119,死を呼び込む禍の秘銃
handgun,0x08CCD984,0x08CCCFBC,6,Golden Gun,handgun#120,黄金銃
handgun,0x08CCD988,0x08CCCFC4,14,Golden Gun,handgun#121,オウゴンジュウ
handgun,0x08CCD98C,0x08CCCFD4,26,A treasured gun shining gold and filled with nobility.,handgun#122,金色に輝く気品に満ちた宝銃
handgun,0x08CCD9B0,0x08CCCFF0,14,Trial Gun,handgun#123,トライアルガン
handgun,0x08CCD9B4,0x08CCCFF0,14,Trial Gun,handgun#123,トライアルガン
handgun,0x08CCD9DC,0x08CCD000,14,Max Value (Handgun),handgun#124,最大値（拳銃）
spear,0x08CCDEB0,0x08CCDA64,8,Spear,spear#0,スピアー
spear,0x08CCDEB4,0x08CCDA64,8,Spear,spear#0,スピアー
spear,0x08CCDEB8,0x08CCDA70,36,An ordinary spear easily obtained. (Tales Exclusive Weapon),spear#1,ごく普通に手に入る槍（ＴＯ専用武器）
spear,0x08CCDEDC,0x08CCDA98,8,Fork,spear#2,フォーク
spear,0x08CCDEE0,0x08CCDA98,8,Fork,spear#2,フォーク
spear,0x08CCDEE4,0x08CCDAA4,44,"A sharpened, beautiful fork. (Tales Exclusive Weapon)",spear#3,研ぎ澄まされた美しいフォーク（ＴＯ専用武器）
spear,0x08CCDF08,0x08CCDAD4,12,War Pike,spear#4,ウォーパイク
spear,0x08CCDF0C,0x08CCDAD4,12,War Pike,spear#4,ウォーパイク
spear,0x08CCDF10,0x08CCDAE4,34,A high-powered military pike. (Tales Exclusive Weapon),spear#5,高威力の戦争用長槍（ＴＯ専用武器）
spear,0x08CCDF34,0x08CCDB08,10,Halberd,spear#6,ハルバード
spear,0x08CCDF38,0x08CCDB08,10,Halberd,spear#6,ハルバード
spear,0x08CCDF3C,0x08CCDB14,42,A polearm combining properties of axe and spear. (Tales Exclusive Weapon),spear#7,斧と槍の特性をあわせもつ槍（ＴＯ専用武器）
spear,0x08CCDF60,0x08CCDB40,12,Bledit,spear#8,ブレディット
spear,0x08CCDF64,0x08CCDB40,12,Bledit,spear#8,ブレディット
spear,0x08CCDF68,0x08CCDB50,42,A spear with a point exceeding 30 cm. (Tales Exclusive Weapon),spear#9,３０ｃｍ以上の穂身をもつ槍（ＴＯ専用武器）
spear,0x08CCDF8C,0x08CCDB7C,20,Lightning Fury,spear#10,ライトニングフューリ
spear,0x08CCDF90,0x08CCDB7C,20,Lightning Fury,spear#10,ライトニングフューリ
spear,0x08CCDF94,0x08CCDB94,44,A spear bearing the name of furious lightning. (Tales Exclusive Weapon),spear#11,狂暴なるイナズマの名をもつ槍（ＴＯ専用武器）
spear,0x08CCDFB8,0x08CCDBC4,18,Silver Halberd,spear#12,シルバーハルバード
spear,0x08CCDFBC,0x08CCDBC4,18,Silver Halberd,spear#12,シルバーハルバード
spear,0x08CCDFC0,0x08CCDBD8,32,A halberd made of silver. (Tales Exclusive Weapon),spear#13,銀製のハルバード（ＴＯ専用武器）
spear,0x08CCDFE4,0x08CCDBFC,18,Brandistock,spear#14,ブランディストック
spear,0x08CCDFE8,0x08CCDBFC,18,Brandistock,spear#14,ブランディストック
spear,0x08CCDFEC,0x08CCDC10,28,A type of three-pronged spear. (Tales Exclusive Weapon),spear#15,三叉槍の一種（ＴＯ専用武器）
spear,0x08CCE010,0x08CCDC30,16,Dragoon Lance,spear#16,ドラグナーランス
spear,0x08CCE014,0x08CCDC30,16,Dragoon Lance,spear#16,ドラグナーランス
spear,0x08CCE018,0x08CCDC44,26,A lance for dragoons. (Tales Exclusive Weapon),spear#17,竜騎兵用槍（ＴＯ専用武器）
spear,0x08CCE03C,0x08CCDC60,18,Silver Ruessel,spear#18,シルバーリュッセル
spear,0x08CCE040,0x08CCDC60,18,Silver Ruessel,spear#18,シルバーリュッセル
spear,0x08CCE044,0x08CCDC74,32,A ruessel made of silver. (Tales Exclusive Weapon),spear#19,銀製のリュッセル（ＴＯ専用武器）
spear,0x08CCE068,0x08CCDC98,16,Silver Guisarme,spear#20,シルバーギサルメ
spear,0x08CCE06C,0x08CCDC98,16,Silver Guisarme,spear#20,シルバーギサルメ
spear,0x08CCE070,0x08CCDCAC,30,A guisarme made of silver. (Tales Exclusive Weapon),spear#21,銀製のギサルメ（ＴＯ専用武器）
spear,0x08CCE094,0x08CCDCCC,16,Impale Pike,spear#22,インペールパイク
spear,0x08CCE098,0x08CCDCCC,16,Impale Pike,spear#22,インペールパイク
spear,0x08CCE09C,0x08CCDCE0,48,A long pike that impales enemies effortlessly. (Tales Exclusive Weapon),spear#23,思わず敵を串刺しにしてしまう長槍（ＴＯ専用武器）
spear,0x08CCE0C0,0x08CCDD14,14,Mithril Lance,spear#24,ミスリルランス
spear,0x08CCE0C4,0x08CCDD14,14,Mithril Lance,spear#24,ミスリルランス
spear,0x08CCE0C8,0x08CCDD24,36,A lance using mithril silver. (Tales Exclusive Weapon),spear#25,ミスリル銀を用いた槍（ＴＯ専用武器）
spear,0x08CCE0EC,0x08CCDD4C,18,Gold Halberd,spear#26,ゴールドハルバード
spear,0x08CCE0F0,0x08CCDD4C,18,Gold Halberd,spear#26,ゴールドハルバード
spear,0x08CCE0F4,0x08CCDD60,32,A halberd made of gold. (Tales Exclusive Weapon),spear#27,金製のハルバード（ＴＯ専用武器）
spear,0x08CCE118,0x08CCDD84,16,Dragoon Pike,spear#28,ドラグナーパイク
spear,0x08CCE11C,0x08CCDD84,16,Dragoon Pike,spear#28,ドラグナーパイク
spear,0x08CCE120,0x08CCDD98,28,A long pike for dragoons. (Tales Exclusive Weapon),spear#29,竜騎兵用長槍（ＴＯ専用武器）
spear,0x08CCE144,0x08CCDDB8,4,Vermilion Spear,spear#30,朱槍
spear,0x08CCE148,0x08CCDDC0,8,Vermilion Spear,spear#31,シュソウ
spear,0x08CCE14C,0x08CCDDCC,48,A spear held by the bravest warrior in the East. (Tales Exclusive Weapon),spear#32,東方で最も勇気ある武人が持った槍（ＴＯ専用武器）
spear,0x08CCE170,0x08CCDE00,16,Gold Guisarme,spear#33,ゴールドギサルメ
spear,0x08CCE174,0x08CCDE00,16,Gold Guisarme,spear#33,ゴールドギサルメ
spear,0x08CCE178,0x08CCDE14,30,A guisarme made of gold. (Tales Exclusive Weapon),spear#34,金製のギサルメ（ＴＯ専用武器）
spear,0x08CCE19C,0x08CCDE34,16,Fortis Spear,spear#35,フォルティスピア
spear,0x08CCE1A0,0x08CCDE34,16,Fortis Spear,spear#35,フォルティスピア
spear,0x08CCE1A4,0x08CCDE48,40,A spear harboring power to cleave the sea. (Tales Exclusive Weapon),spear#36,海を割る程の力を秘めた槍（ＴＯ専用武器）
spear,0x08CCE1C8,0x08CCDE74,12,Max Value (Spear),spear#37,最大値（槍）
tonfa,0x08CCE6D8,0x08CCE208,16,Wood Tonfa,tonfa#0,ウッドトンファー
tonfa,0x08CCE6DC,0x08CCE208,16,Wood Tonfa,tonfa#0,ウッドトンファー
tonfa,0x08CCE6E0,0x08CCE21C,40,A wooden tonfa for self-defense. (Tales Exclusive Weapon),tonfa#1,木製のトンファー。護身用（ＴＯ専用武器）
tonfa,0x08CCE704,0x08CCE248,18,Iron Tonfa,tonfa#2,アイアントンファー
tonfa,0x08CCE708,0x08CCE248,18,Iron Tonfa,tonfa#2,アイアントンファー
tonfa,0x08CCE70C,0x08CCE25C,40,A tonfa reinforced with iron. (Tales Exclusive Weapon),tonfa#3,鉄で強化されたトンファー（ＴＯ専用武器）
tonfa,0x08CCE730,0x08CCE288,20,Fortis Tonfa,tonfa#4,フォルティトンファー
tonfa,0x08CCE734,0x08CCE288,20,Fortis Tonfa,tonfa#4,フォルティトンファー
tonfa,0x08CCE738,0x08CCE2A0,50,The strongest tonfa depending on mindset? (Tales Exclusive Weapon),tonfa#5,心の持ちようでは最強？のトンファー（ＴＯ専用武器）
tonfa,0x08CCE75C,0x08CCE2D4,18,Steel Tonfa,tonfa#6,スチールトンファー
tonfa,0x08CCE760,0x08CCE2D4,18,Steel Tonfa,tonfa#6,スチールトンファー
tonfa,0x08CCE764,0x08CCE2E8,34,A tonfa made of steel. (Tales Exclusive Weapon),tonfa#7,鋼鉄製のトンファー（ＴＯ専用武器）
tonfa,0x08CCE788,0x08CCE30C,18,Silver Tonfa,tonfa#8,シルバートンファー
tonfa,0x08CCE78C,0x08CCE30C,18,Silver Tonfa,tonfa#8,シルバートンファー
tonfa,0x08CCE790,0x08CCE320,38,A tonfa made of silver. (Tales Exclusive Weapon),tonfa#9,シルバー製のトンファー（ＴＯ専用武器）
tonfa,0x08CCE7B4,0x08CCE348,18,Platinum Tonfa,tonfa#10,プラチナトンファー
tonfa,0x08CCE7B8,0x08CCE348,18,Platinum Tonfa,tonfa#10,プラチナトンファー
tonfa,0x08CCE7BC,0x08CCE35C,38,A tonfa made of platinum. (Tales Exclusive Weapon),tonfa#11,プラチナ製のトンファー（ＴＯ専用武器）
tonfa,0x08CCE7E0,0x08CCE384,12,Ettouria,tonfa#12,エトゥーリア
tonfa,0x08CCE7E4,0x08CCE384,12,Ettouria,tonfa#12,エトゥーリア
tonfa,0x08CCE7E8,0x08CCE394,38,A tonfa fitted with axe blades. (Tales Exclusive Weapon),tonfa#13,斧刃が付いたトンファー（ＴＯ専用武器）
tonfa,0x08CCE80C,0x08CCE3BC,16,Morgenstern,tonfa#14,モルゲンシュテル
tonfa,0x08CCE810,0x08CCE3BC,16,Morgenstern,tonfa#14,モルゲンシュテル
tonfa,0x08CCE814,0x08CCE3D0,44,A morning star-style tonfa. (Tales Exclusive Weapon),tonfa#15,モーニングスター風トンファー（ＴＯ専用武器）
tonfa,0x08CCE838,0x08CCE400,12,Bafferdam,tonfa#16,バファーダム
tonfa,0x08CCE83C,0x08CCE400,12,Bafferdam,tonfa#16,バファーダム
tonfa,0x08CCE840,0x08CCE410,48,A tonfa that continuously radiates mysterious power. (Tales Exclusive Weapon),tonfa#17,不思議な力を発し続けるトンファー（ＴＯ専用武器）
tonfa,0x08CCE864,0x08CCE444,8,Jagna,tonfa#18,ジャグナ
tonfa,0x08CCE868,0x08CCE444,8,Jagna,tonfa#18,ジャグナ
tonfa,0x08CCE86C,0x08CCE450,44,A tonfa with an iron ball attached to its tip. (Tales Exclusive Weapon),tonfa#19,先端に鉄球の付いたトンファー（ＴＯ専用武器）
tonfa,0x08CCE890,0x08CCE480,12,Cheirobar,tonfa#20,チェイロバー
tonfa,0x08CCE894,0x08CCE480,12,Cheirobar,tonfa#20,チェイロバー
tonfa,0x08CCE898,0x08CCE490,40,A tonfa fitted with blades. (Tales Exclusive Weapon),tonfa#21,ブレード付きのトンファー（ＴＯ専用武器）
tonfa,0x08CCE8BC,0x08CCE4BC,18,Mithril Tonfa,tonfa#22,ミスリルトンファー
tonfa,0x08CCE8C0,0x08CCE4BC,18,Mithril Tonfa,tonfa#22,ミスリルトンファー
tonfa,0x08CCE8C4,0x08CCE4D0,38,A tonfa made of mithril. (Tales Exclusive Weapon),tonfa#23,ミスリル製のトンファー（ＴＯ専用武器）
tonfa,0x08CCE8E8,0x08CCE4F8,8,Iron Ball Tonfa,tonfa#24,鉄球旋棍
tonfa,0x08CCE8EC,0x08CCE504,18,Iron Ball Tonfa,tonfa#25,テッキュウセンコン
tonfa,0x08CCE8F0,0x08CCE518,30,A tonfa with an iron ball. (Tales Exclusive Weapon),tonfa#26,鉄球付きの旋棍（ＴＯ専用武器）
tonfa,0x08CCE914,0x08CCE538,8,Bladed Tonfa,tonfa#27,刃付旋棍
tonfa,0x08CCE918,0x08CCE544,18,Bladed Tonfa,tonfa#28,ヤイバツキセンコン
tonfa,0x08CCE91C,0x08CCE558,30,A tonfa fitted with a blade. (Tales Exclusive Weapon),tonfa#29,刃が付いた旋棍（ＴＯ専用武器）
tonfa,0x08CCE940,0x08CCE578,8,Sacred Wood Tonfa,tonfa#30,霊樹旋棍
tonfa,0x08CCE944,0x08CCE584,16,Sacred Wood Tonfa,tonfa#31,レイジュセンコン
tonfa,0x08CCE948,0x08CCE598,50,"A tonfa crafted from a sacred, miraculous tree. (Tales Exclusive Weapon)",tonfa#32,霊験あらたかな御神木で作られた旋棍（ＴＯ専用武器）
tonfa,0x08CCE96C,0x08CCE5CC,8,Barbed Tonfa,tonfa#33,有刺旋棍
tonfa,0x08CCE970,0x08CCE5D8,14,Barbed Tonfa,tonfa#34,ユウシセンコン
tonfa,0x08CCE974,0x08CCE5E8,36,A tonfa wrapped in barbed wire. (Tales Exclusive Weapon),tonfa#35,有刺鉄線を巻いた旋棍（ＴＯ専用武器）
tonfa,0x08CCE998,0x08CCE610,12,Mithril Tonfa,tonfa#36,魅栖璃瑠旋棍
tonfa,0x08CCE99C,0x08CCE620,16,Mithril Tonfa,tonfa#37,ミスリルセンコン
tonfa,0x08CCE9A0,0x08CCE634,34,A tonfa made of mithril silver. (Tales Exclusive Weapon),tonfa#38,ミスリル銀製の旋棍（ＴＯ専用武器）
tonfa,0x08CCE9C4,0x08CCE658,8,Vajra Tonfa,tonfa#39,金剛旋棍
tonfa,0x08CCE9C8,0x08CCE664,16,Vajra Tonfa,tonfa#40,コンドウセンコン
tonfa,0x08CCE9CC,0x08CCE678,28,A magnificent tonfa. (Tales Exclusive Weapon),tonfa#41,素晴しい旋棍（ＴＯ専用武器）
tonfa,0x08CCE9F0,0x08CCE698,18,Max Value (Tonfa),tonfa#42,最大値（トンファ）
chakram,0x08CCEE8C,0x08CCEA2C,10,Chakram,chakram#0,チャクラム
chakram,0x08CCEE90,0x08CCEA2C,10,Chakram,chakram#0,チャクラム
chakram,0x08CCEE94,0x08CCEA38,44,A battle ring that returns after being thrown. (Tales Exclusive Weapon),chakram#1,投擲後、手元に戻ってくる戦輪（ＴＯ専用武器）
chakram,0x08CCEEB8,0x08CCEA68,16,Ring Slicer,chakram#2,リングスライサー
chakram,0x08CCEEBC,0x08CCEA68,16,Ring Slicer,chakram#2,リングスライサー
chakram,0x08CCEEC0,0x08CCEA7C,46,A ring-shaped weapon crafted for combat. (Tales Exclusive Weapon),chakram#3,戦闘用に作られたリング状の武器（ＴＯ専用武器）
chakram,0x08CCEEE4,0x08CCEAAC,6,Pie Pan,chakram#4,パイ皿
chakram,0x08CCEEE8,0x08CCEAB4,8,Pie Pan,chakram#5,パイザラ
chakram,0x08CCEEEC,0x08CCEAC0,36,A battle ring you can use at parties. (Tales Exclusive Weapon),chakram#6,パーティに使える戦輪（ＴＯ専用武器）
chakram,0x08CCEF10,0x08CCEAE8,14,Mithril Ring,chakram#7,ミスリルリング
chakram,0x08CCEF14,0x08CCEAE8,14,Mithril Ring,chakram#7,ミスリルリング
chakram,0x08CCEF18,0x08CCEAF8,40,A ring using mithril silver. (Tales Exclusive Weapon),chakram#8,ミスリル銀を用いたリング（ＴＯ専用武器）
chakram,0x08CCEF3C,0x08CCEB24,16,Ring of the Moon,chakram#9,リングオブムーン
chakram,0x08CCEF40,0x08CCEB24,16,Ring of the Moon,chakram#9,リングオブムーン
chakram,0x08CCEF44,0x08CCEB38,26,A ring of the moon. (Tales Exclusive Weapon),chakram#10,月のリング（ＴＯ専用武器）
chakram,0x08CCEF68,0x08CCEB54,18,Angel Halo,chakram#11,エンジェルハイロウ
chakram,0x08CCEF6C,0x08CCEB54,18,Angel Halo,chakram#11,エンジェルハイロウ
chakram,0x08CCEF70,0x08CCEB68,24,An angel's halo. (Tales Exclusive Weapon),chakram#12,天使の輪（ＴＯ専用武器）
chakram,0x08CCEF94,0x08CCEB84,12,Battle Ring,chakram#13,バトルリング
chakram,0x08CCEF98,0x08CCEB84,12,Battle Ring,chakram#13,バトルリング
chakram,0x08CCEF9C,0x08CCEB94,48,A battle ring balancing strikes and throws. (Tales Exclusive Weapon),chakram#14,打撃と投擲のバランスを取った戦輪（ＴＯ専用武器）
chakram,0x08CCEFC0,0x08CCEBC8,16,Chrome Wheel,chakram#15,クロームホイール
chakram,0x08CCEFC4,0x08CCEBC8,16,Chrome Wheel,chakram#15,クロームホイール
chakram,0x08CCEFC8,0x08CCEBDC,40,A chrome-plated wheel. (Tales Exclusive Weapon),chakram#16,クローム化されたホイール（ＴＯ専用武器）
chakram,0x08CCEFEC,0x08CCEC08,18,Stardust Ring,chakram#17,スターダストリング
chakram,0x08CCEFF0,0x08CCEC08,18,Stardust Ring,chakram#17,スターダストリング
chakram,0x08CCEFF4,0x08CCEC1C,28,A ring of stardust. (Tales Exclusive Weapon),chakram#18,星屑のリング（ＴＯ専用武器）
chakram,0x08CCF018,0x08CCEC3C,14,Platinum Ring,chakram#19,プラチナリング
chakram,0x08CCF01C,0x08CCEC3C,14,Platinum Ring,chakram#19,プラチナリング
chakram,0x08CCF020,0x08CCEC4C,38,A ring using platinum. (Tales Exclusive Weapon),chakram#20,プラチナを用いたリング（ＴＯ専用武器）
chakram,0x08CCF044,0x08CCEC74,12,Might Ring,chakram#21,マイトリング
chakram,0x08CCF048,0x08CCEC74,12,Might Ring,chakram#21,マイトリング
chakram,0x08CCF04C,0x08CCEC84,40,A battle ring that feels bursting with power. (Tales Exclusive Weapon),chakram#22,力みなぎる感じがする戦輪（ＴＯ専用武器）
chakram,0x08CCF070,0x08CCECB0,14,Ring of the Sun,chakram#23,リングオブサン
chakram,0x08CCF074,0x08CCECB0,14,Ring of the Sun,chakram#23,リングオブサン
chakram,0x08CCF078,0x08CCECC0,28,A ring of the sun. (Tales Exclusive Weapon),chakram#24,太陽のリング（ＴＯ専用武器）
chakram,0x08CCF09C,0x08CCECE0,12,War Ring,chakram#25,ウォーリング
chakram,0x08CCF0A0,0x08CCECE0,12,War Ring,chakram#25,ウォーリング
chakram,0x08CCF0A4,0x08CCECF0,36,A battle ring used by warriors of old. (Tales Exclusive Weapon),chakram#26,古の戦士が使った戦輪（ＴＯ専用武器）
chakram,0x08CCF0C8,0x08CCED18,18,Spike Dish,chakram#27,スパイクディッシュ
chakram,0x08CCF0CC,0x08CCED18,18,Spike Dish,chakram#27,スパイクディッシュ
chakram,0x08CCF0D0,0x08CCED2C,42,A battle ring with long thorns on its rim. (Tales Exclusive Weapon),chakram#28,縁に長い棘が付いている戦輪（ＴＯ専用武器）
chakram,0x08CCF0F4,0x08CCED58,16,Eternal Ring,chakram#29,エターナルリング
chakram,0x08CCF0F8,0x08CCED58,16,Eternal Ring,chakram#29,エターナルリング
chakram,0x08CCF0FC,0x08CCED6C,38,A ring bearing the name of eternity. (Tales Exclusive Weapon),chakram#30,永遠の名を冠したリング（ＴＯ専用武器）
chakram,0x08CCF120,0x08CCED94,14,Rune Disc,chakram#31,ルーンディスク
chakram,0x08CCF124,0x08CCED94,14,Rune Disc,chakram#31,ルーンディスク
chakram,0x08CCF128,0x08CCEDA4,44,A discus used in ancient throwing events. (Tales Exclusive Weapon),chakram#32,古代の投擲競技に使われた円盤（ＴＯ専用武器）
chakram,0x08CCF14C,0x08CCEDD4,16,Gold Saucer,chakram#33,ゴールドソーサー
chakram,0x08CCF150,0x08CCEDD4,16,Gold Saucer,chakram#33,ゴールドソーサー
chakram,0x08CCF154,0x08CCEDE8,36,A battle ring adorned with gold craft. (Tales Exclusive Weapon),chakram#34,金細工が施された戦輪（ＴＯ専用武器）
chakram,0x08CCF178,0x08CCEE10,12,Blue Ring,chakram#35,ブルーリング
chakram,0x08CCF17C,0x08CCEE10,12,Blue Ring,chakram#35,ブルーリング
chakram,0x08CCF180,0x08CCEE20,44,A battle ring imbued with strong magic effects. (Tales Exclusive Weapon),chakram#36,強い魔法効果が付与された戦輪（ＴＯ専用武器）
chakram,0x08CCF1A4,0x08CCEE50,14,Max Value (Chakram),chakram#37,最大値（戦輪）
hammer,0x08CCF740,0x08CCF1E4,12,Wood Maul,hammer#0,ウッドモール
hammer,0x08CCF744,0x08CCF1E4,12,Wood Maul,hammer#0,ウッドモール
hammer,0x08CCF748,0x08CCF1F4,28,A wooden maul. (Tales Exclusive Weapon),hammer#1,木製のモール（ＴＯ専用武器）
hammer,0x08CCF76C,0x08CCF214,14,Warhammer,hammer#2,ウォーハンマー
hammer,0x08CCF770,0x08CCF214,14,Warhammer,hammer#2,ウォーハンマー
hammer,0x08CCF774,0x08CCF224,32,A combat hammer. (Tales Exclusive Weapon),hammer#3,戦闘用のハンマー（ＴＯ専用武器）
hammer,0x08CCF798,0x08CCF248,8,Piko Hammer,hammer#4,ピコハン
hammer,0x08CCF79C,0x08CCF248,8,Piko Hammer,hammer#4,ピコハン
hammer,0x08CCF7A0,0x08CCF254,52,A children's toy that squeaks. (Tales Exclusive Weapon),hammer#5,ピコピコと音がなる子ども用のおもちゃ（ＴＯ専用武器）
hammer,0x08CCF7C4,0x08CCF28C,16,Iron Hammer,hammer#6,アイアンハンマー
hammer,0x08CCF7C8,0x08CCF28C,16,Iron Hammer,hammer#6,アイアンハンマー
hammer,0x08CCF7CC,0x08CCF2A0,30,An iron hammer. (Tales Exclusive Weapon),hammer#7,鉄製のハンマー（ＴＯ専用武器）
hammer,0x08CCF7F0,0x08CCF2C0,22,Swirling Drill Hammer,hammer#8,グルグルドリルハンマー
hammer,0x08CCF7F4,0x08CCF2C0,22,Swirling Drill Hammer,hammer#8,グルグルドリルハンマー
hammer,0x08CCF7F8,0x08CCF2D8,46,A hammer equipped with a swirling drill. (Tales Exclusive Weapon),hammer#9,渦巻くドリルを装着したハンマー（ＴＯ専用武器）
hammer,0x08CCF81C,0x08CCF308,20,Guardian Stamp,hammer#10,ガーディアンスタンプ
hammer,0x08CCF820,0x08CCF308,20,Guardian Stamp,hammer#10,ガーディアンスタンプ
hammer,0x08CCF824,0x08CCF320,46,A heavy hammer said to be used by giants. (Tales Exclusive Weapon),hammer#11,巨人が使用したという重ハンマー（ＴＯ専用武器）
hammer,0x08CCF848,0x08CCF350,14,Wood Maul Custom,hammer#12,ウッドモール改
hammer,0x08CCF84C,0x08CCF360,16,Wood Maul Custom,hammer#13,ウッドモールカイ
hammer,0x08CCF850,0x08CCF374,48,A wood maul modified for actual combat. (Tales Exclusive Weapon),hammer#14,実戦向けに改良されたウッドモール（ＴＯ専用武器）
hammer,0x08CCF874,0x08CCF3A8,18,Iron Hammer Custom,hammer#15,アイアンハンマー改
hammer,0x08CCF878,0x08CCF3BC,20,Iron Hammer Custom,hammer#16,アイアンハンマーカイ
hammer,0x08CCF87C,0x08CCF3D4,52,An iron hammer modified for actual combat. (Tales Exclusive Weapon),hammer#17,実戦向けに改良されたアイアンハンマー（ＴＯ専用武器）
hammer,0x08CCF8A0,0x08CCF40C,16,Deadly Horn,hammer#18,デッドリーホーン
hammer,0x08CCF8A4,0x08CCF40C,16,Deadly Horn,hammer#18,デッドリーホーン
hammer,0x08CCF8A8,0x08CCF420,48,A dangerous hammer delivering lethal blows. (Tales Exclusive Weapon),hammer#19,致命的な一打を放つ危険なハンマー（ＴＯ専用武器）
hammer,0x08CCF8CC,0x08CCF454,16,Pile Driver,hammer#20,パイルドライバー
hammer,0x08CCF8D0,0x08CCF454,16,Pile Driver,hammer#20,パイルドライバー
hammer,0x08CCF8D4,0x08CCF468,54,A hammer combining destructive power and handling. (Tales Exclusive Weapon),hammer#21,破壊力と扱いやすさを兼ね揃えたハンマー（ＴＯ専用武器）
hammer,0x08CCF8F8,0x08CCF4A0,16,Mithril Hammer,hammer#22,ミスリルハンマー
hammer,0x08CCF8FC,0x08CCF4A0,16,Mithril Hammer,hammer#22,ミスリルハンマー
hammer,0x08CCF900,0x08CCF4B4,54,A mithril hammer that is lighter than it looks. (Tales Exclusive Weapon),hammer#23,ミスリル製のハンマーで見た目程重くない（ＴＯ専用武器）
hammer,0x08CCF924,0x08CCF4EC,14,Thor Hammer,hammer#24,トールハンマー
hammer,0x08CCF928,0x08CCF4EC,14,Thor Hammer,hammer#24,トールハンマー
hammer,0x08CCF92C,0x08CCF4FC,44,A super-heavy hammer favored by a titan god. (Tales Exclusive Weapon),hammer#25,巨神が愛用した超重量ハンマー（ＴＯ専用武器）
hammer,0x08CCF950,0x08CCF52C,12,Heavy Maul,hammer#26,ヘヴィモール
hammer,0x08CCF954,0x08CCF52C,12,Heavy Maul,hammer#26,ヘヴィモール
hammer,0x08CCF958,0x08CCF53C,44,A heavy maul that crushes armor and enemies alike. (Tales Exclusive Weapon),hammer#27,防具ごと敵を押し潰す重モール（ＴＯ専用武器）
hammer,0x08CCF97C,0x08CCF56C,22,Roaring Drill Hammer,hammer#28,バリバリドリルハンマー
hammer,0x08CCF980,0x08CCF56C,22,Roaring Drill Hammer,hammer#28,バリバリドリルハンマー
hammer,0x08CCF984,0x08CCF584,52,A hammer equipped with an ultra-high-speed drill. (Tales Exclusive Weapon),hammer#29,超高速回転ドリルが装着されたハンマー（ＴＯ専用武器）
hammer,0x08CCF9A8,0x08CCF5BC,16,Thor Hammer Custom,hammer#30,トールハンマー改
hammer,0x08CCF9AC,0x08CCF5D0,18,Thor Hammer Custom,hammer#31,トールハンマーカイ
hammer,0x08CCF9B0,0x08CCF5E4,50,A Thor hammer modified for actual combat. (Tales Exclusive Weapon),hammer#32,実戦向けに改良されたトールハンマー（ＴＯ専用武器）
hammer,0x08CCF9D4,0x08CCF618,12,Express,hammer#33,エクスプレス
hammer,0x08CCF9D8,0x08CCF618,12,Express,hammer#33,エクスプレス
hammer,0x08CCF9DC,0x08CCF628,38,A hammer that smashes all creation. (Tales Exclusive Weapon),hammer#34,万物を叩き潰すハンマー（ＴＯ専用武器）
hammer,0x08CCFA00,0x08CCF650,18,Golden Hammer,hammer#35,ゴールデンハンマー
hammer,0x08CCFA04,0x08CCF650,18,Golden Hammer,hammer#35,ゴールデンハンマー
hammer,0x08CCFA08,0x08CCF664,46,A gleaming heavy hammer of love and courage. (Tales Exclusive Weapon),hammer#36,金色に輝く愛と勇気の重ハンマー（ＴＯ専用武器）
hammer,0x08CCFA2C,0x08CCF694,18,765kg Hammer,hammer#37,７６５ｋｇハンマー
hammer,0x08CCFA30,0x08CCF6A8,24,765kg Hammer,hammer#38,ナムコキログラムハンマー
hammer,0x08CCFA34,0x08CCF6C4,58,"A heavy hammer packed with dreams, fun, and excitement. (Tales Exclusive Weapon)",hammer#39,「夢」「遊び」「感動」が詰まった重ハンマー（ＴＯ専用武器）
hammer,0x08CCFA58,0x08CCF700,18,Max Value (Hammer),hammer#40,最大値（ハンマー）
rifle,0x08CCFFA4,0x08CCFA98,8,Rifle,rifle#0,ライフル
rifle,0x08CCFFA8,0x08CCFA98,8,Rifle,rifle#0,ライフル
rifle,0x08CCFFAC,0x08CCFAA4,32,A commercially sold rifle. (Tales Exclusive Weapon),rifle#1,市販品のライフル（ＴＯ専用武器）
rifle,0x08CCFFD0,0x08CCFAC8,16,Hunter Rifle,rifle#2,ハンターライフル
rifle,0x08CCFFD4,0x08CCFAC8,16,Hunter Rifle,rifle#2,ハンターライフル
rifle,0x08CCFFD8,0x08CCFADC,32,A hunting rifle. (Tales Exclusive Weapon),rifle#3,狩猟用のライフル（ＴＯ専用武器）
rifle,0x08CCFFFC,0x08CCFB00,16,Poacher Barrel,rifle#4,ポーチャーバレル
rifle,0x08CD0000,0x08CCFB00,16,Poacher Barrel,rifle#4,ポーチャーバレル
rifle,0x08CD0004,0x08CCFB14,42,A rifle confiscated from poachers. (Tales Exclusive Weapon),rifle#5,密猟者より押収したライフル（ＴＯ専用武器）
rifle,0x08CD0028,0x08CCFB40,16,Big Marshal,rifle#6,ビッグマーシャル
rifle,0x08CD002C,0x08CCFB40,16,Big Marshal,rifle#6,ビッグマーシャル
rifle,0x08CD0030,0x08CCFB54,48,Standard-issue rifle of marshals. (Tales Exclusive Weapon),rifle#7,保安官が標準装備しているライフル（ＴＯ専用武器）
rifle,0x08CD0054,0x08CCFB88,16,Smart Hunter,rifle#8,スマートハンター
rifle,0x08CD0058,0x08CCFB88,16,Smart Hunter,rifle#8,スマートハンター
rifle,0x08CD005C,0x08CCFB9C,30,An enhanced hunting rifle. (Tales Exclusive Weapon),rifle#9,強化された猟銃（ＴＯ専用武器）
rifle,0x08CD0080,0x08CCFBBC,16,Blood Carbine,rifle#10,ブラッドカービン
rifle,0x08CD0084,0x08CCFBBC,16,Blood Carbine,rifle#10,ブラッドカービン
rifle,0x08CD0088,0x08CCFBD0,40,A dark rifle stained with blood. (Tales Exclusive Weapon),rifle#11,血に染まりし闇のライフル（ＴＯ専用武器）
rifle,0x08CD00AC,0x08CCFBFC,10,Garand,rifle#12,ガーランド
rifle,0x08CD00B0,0x08CCFBFC,10,Garand,rifle#12,ガーランド
rifle,0x08CD00B4,0x08CCFC08,40,A mass-produced military rifle. (Tales Exclusive Weapon),rifle#13,量産タイプの軍用ライフル（ＴＯ専用武器）
rifle,0x08CD00D8,0x08CCFC34,16,Assault Rifle,rifle#14,アサルトライフル
rifle,0x08CD00DC,0x08CCFC34,16,Assault Rifle,rifle#14,アサルトライフル
rifle,0x08CD00E0,0x08CCFC48,32,The main military rifle. (Tales Exclusive Weapon),rifle#15,軍の主力ライフル（ＴＯ専用武器）
rifle,0x08CD0104,0x08CCFC6C,14,Musketeer's Rifle,rifle#16,銃士のライフル
rifle,0x08CD0108,0x08CCFC7C,18,Musketeer's Rifle,rifle#17,ジュウシノライフル
rifle,0x08CD010C,0x08CCFC90,50,A rifle owned by elite soldiers. (Tales Exclusive Weapon),rifle#18,エリート層の兵士が所有するライフル（ＴＯ専用武器）
rifle,0x08CD0130,0x08CCFCC4,16,Commander Barrel,rifle#19,コマンダーバレル
rifle,0x08CD0134,0x08CCFCC4,16,Commander Barrel,rifle#19,コマンダーバレル
rifle,0x08CD0138,0x08CCFCD8,40,A rifle exclusive to frontline commanders. (Tales Exclusive Weapon),rifle#20,前線指揮官専用のライフル（ＴＯ専用武器）
rifle,0x08CD015C,0x08CCFD04,16,Master Rifle,rifle#21,マスターライフル
rifle,0x08CD0160,0x08CCFD04,16,Master Rifle,rifle#21,マスターライフル
rifle,0x08CD0164,0x08CCFD18,36,A rifle ideal for sniping. (Tales Exclusive Weapon),rifle#22,狙撃に最適のライフル（ＴＯ専用武器）
rifle,0x08CD0188,0x08CCFD40,16,Flame Gunner,rifle#23,フレイムガンナー
rifle,0x08CD018C,0x08CCFD40,16,Flame Gunner,rifle#23,フレイムガンナー
rifle,0x08CD0190,0x08CCFD54,44,A flaming rifle shooting fire spirits. (Tales Exclusive Weapon),rifle#24,火の精を撃ち出す炎のライフル（ＴＯ専用武器）
rifle,0x08CD01B4,0x08CCFD84,12,Rebel's Will,rifle#25,反逆者の遺志
rifle,0x08CD01B8,0x08CCFD94,20,Rebel's Will,rifle#26,ハンギャクシャノイシ
rifle,0x08CD01BC,0x08CCFDAC,48,A rifle found beside a rebellion ringleader. (Tales Exclusive Weapon),rifle#27,反乱首謀者の傍らに在ったライフル（ＴＯ専用武器）
rifle,0x08CD01E0,0x08CCFDE0,14,Hell Sniper,rifle#28,ヘルスナイパー
rifle,0x08CD01E4,0x08CCFDE0,14,Hell Sniper,rifle#28,ヘルスナイパー
rifle,0x08CD01E8,0x08CCFDF0,44,A sniper rifle that never lets targeted prey escape. (Tales Exclusive Weapon),rifle#29,狙った獲物は逃がさない狙撃銃（ＴＯ専用武器）
rifle,0x08CD020C,0x08CCFE20,16,Red Requiem,rifle#30,レッドレクイエム
rifle,0x08CD0210,0x08CCFE20,16,Red Requiem,rifle#30,レッドレクイエム
rifle,0x08CD0214,0x08CCFE34,66,A fearsome rifle whose gunshots are a requiem for targets. (Tales Exclusive Weapon),rifle#31,その銃声は狙われた者への鎮魂歌と恐れられるライフル（ＴＯ専用武器）
rifle,0x08CD0238,0x08CCFE78,12,AP Rifle,rifle#32,ＡＰライフル
rifle,0x08CD023C,0x08CCFE88,26,AP Rifle,rifle#33,アーマーピアシングライフル
rifle,0x08CD0240,0x08CCFEA4,48,An anti-tank rifle with fierce penetration power. (Tales Exclusive Weapon),rifle#34,強烈な貫徹力を持つ対戦車ライフル（ＴＯ専用武器）
rifle,0x08CD0264,0x08CCFED8,16,Element Barrel,rifle#35,エレメントバレル
rifle,0x08CD0268,0x08CCFED8,16,Element Barrel,rifle#35,エレメントバレル
rifle,0x08CD026C,0x08CCFEEC,50,A miraculous rifle blessed by all spirits. (Tales Exclusive Weapon),rifle#36,全精霊の加護を受けた奇跡のライフル（ＴＯ専用武器）
rifle,0x08CD0290,0x08CCFF20,16,Freeze Carbine,rifle#37,フリーズカービン
rifle,0x08CD0294,0x08CCFF20,16,Freeze Carbine,rifle#37,フリーズカービン
rifle,0x08CD0298,0x08CCFF34,46,A rifle firing ultra-high-speed ice spears. (Tales Exclusive Weapon),rifle#38,超高速の氷槍を撃ち出すライフル（ＴＯ専用武器）
rifle,0x08CD02BC,0x08CCFF64,18,Max Value (Rifle),rifle#39,最大値（ライフル）
baton,0x08CD07D8,0x08CD02FC,10,Elrond,baton#0,エルロンド
baton,0x08CD07DC,0x08CD02FC,10,Elrond,baton#0,エルロンド
baton,0x08CD07E0,0x08CD0308,44,A basic baton used for dancing. (Tales Exclusive Weapon),baton#1,ダンスに用いる基本的なバトン（ＴＯ専用武器）
baton,0x08CD0804,0x08CD0338,6,Rumba,baton#2,ルンバ
baton,0x08CD0808,0x08CD0338,6,Rumba,baton#2,ルンバ
baton,0x08CD080C,0x08CD0340,40,A baton ideal for lively dances. (Tales Exclusive Weapon),baton#3,軽快な踊りに最適のバトン（ＴＯ専用武器）
baton,0x08CD0830,0x08CD036C,10,Alder,baton#4,オールダー
baton,0x08CD0834,0x08CD036C,10,Alder,baton#4,オールダー
baton,0x08CD0838,0x08CD0378,30,A baton for competitions. (Tales Exclusive Weapon),baton#5,競技用のバトン（ＴＯ専用武器）
baton,0x08CD085C,0x08CD0398,10,Orible,baton#6,オリーブル
baton,0x08CD0860,0x08CD0398,10,Orible,baton#6,オリーブル
baton,0x08CD0864,0x08CD03A4,44,A high-quality baton of fine materials. (Tales Exclusive Weapon),baton#7,材質にこだわった良質のバトン（ＴＯ専用武器）
baton,0x08CD0888,0x08CD03D4,6,Salsa,baton#8,サルサ
baton,0x08CD088C,0x08CD03D4,6,Salsa,baton#8,サルサ
baton,0x08CD0890,0x08CD03DC,56,A baton also used as rhythm clappers. (Tales Exclusive Weapon),baton#9,リズムを取る拍子木としても使われるバトン（ＴＯ専用武器）
baton,0x08CD08B4,0x08CD0418,10,Pistis,baton#10,ピスティス
baton,0x08CD08B8,0x08CD0418,10,Pistis,baton#10,ピスティス
baton,0x08CD08BC,0x08CD0424,50,A baton with a hard ball and tip. (Tales Exclusive Weapon),baton#11,硬質のボールとチップが付いたバトン（ＴＯ専用武器）
baton,0x08CD08E0,0x08CD0458,8,Melia,baton#12,メリアー
baton,0x08CD08E4,0x08CD0458,8,Melia,baton#12,メリアー
baton,0x08CD08E8,0x08CD0464,54,"A baton with a reinforced, break-resistant shaft. (Tales Exclusive Weapon)",baton#13,シャフトを強化し折れにくくなったバトン（ＴＯ専用武器）
baton,0x08CD090C,0x08CD049C,6,Tango,baton#14,タンゴ
baton,0x08CD0910,0x08CD049C,6,Tango,baton#14,タンゴ
baton,0x08CD0914,0x08CD04A4,56,A baton reinforced for advanced twirling. (Tales Exclusive Weapon),baton#15,高度な振り回しを目指して強化されたバトン（ＴＯ専用武器）
baton,0x08CD0938,0x08CD04E0,12,Tristis,baton#16,トゥリステス
baton,0x08CD093C,0x08CD04E0,12,Tristis,baton#16,トゥリステス
baton,0x08CD0940,0x08CD04F0,54,A baton strangely used for self-defense. (Tales Exclusive Weapon),baton#17,なぜか護身用武器として用いられるバトン（ＴＯ専用武器）
baton,0x08CD0964,0x08CD0528,6,Jazz,baton#18,ジャズ
baton,0x08CD0968,0x08CD0528,6,Jazz,baton#18,ジャズ
baton,0x08CD096C,0x08CD0530,60,A baton with greatly enhanced ball and tip hardness. (Tales Exclusive Weapon),baton#19,ボールとチップの硬度が大幅に強化されたバトン（ＴＯ専用武器）
baton,0x08CD0990,0x08CD0570,10,Courage,baton#20,クラージュ
baton,0x08CD0994,0x08CD0570,10,Courage,baton#20,クラージュ
baton,0x08CD0998,0x08CD057C,66,A baton with a thicker shaft reinforced for combat. (Tales Exclusive Weapon),baton#21,シャフトを太くし、より実戦的な強化がなされたバトン（ＴＯ専用武器）
baton,0x08CD09BC,0x08CD05C0,10,Bachata,baton#22,バチャータ
baton,0x08CD09C0,0x08CD05C0,10,Bachata,baton#22,バチャータ
baton,0x08CD09C4,0x08CD05CC,52,A heavier baton designed to land heavy strikes. (Tales Exclusive Weapon),baton#23,重い一打を放つ為に重量を増したバトン（ＴＯ専用武器）
baton,0x08CD09E8,0x08CD0604,8,Menis,baton#24,メーニス
baton,0x08CD09EC,0x08CD0604,8,Menis,baton#24,メーニス
baton,0x08CD09F0,0x08CD0610,34,A baton for close-quarters combat. (Tales Exclusive Weapon),baton#25,近接戦闘用のバトン（ＴＯ専用武器）
baton,0x08CD0A14,0x08CD0634,8,Valse,baton#26,ヴァルス
baton,0x08CD0A18,0x08CD0634,8,Valse,baton#26,ヴァルス
baton,0x08CD0A1C,0x08CD0640,58,A baton performing excellently in dance and battle alike. (Tales Exclusive Weapon),baton#27,踊りでも戦闘でも優れた性能を発揮するバトン（ＴＯ専用武器）
baton,0x08CD0A40,0x08CD067C,10,Agrado,baton#28,アグラード
baton,0x08CD0A44,0x08CD067C,10,Agrado,baton#28,アグラード
baton,0x08CD0A48,0x08CD0688,56,A baton used by a legendary baton twirler for special training. (Tales Exclusive Weapon),baton#29,伝説のバトントワラーが特訓に使ったバトン（ＴＯ専用武器）
baton,0x08CD0A6C,0x08CD06C4,4,Ballet,baton#30,バレ
baton,0x08CD0A70,0x08CD06C4,4,Ballet,baton#30,バレ
baton,0x08CD0A74,0x08CD06CC,62,A luxury baton held by top-tier twirlers. (Tales Exclusive Weapon),baton#31,一流のバトントワラーが一度は手にする高級バトン（ＴＯ専用武器）
baton,0x08CD0A98,0x08CD070C,8,Pilia,baton#32,ピリアー
baton,0x08CD0A9C,0x08CD070C,8,Pilia,baton#32,ピリアー
baton,0x08CD0AA0,0x08CD0718,54,A baton boasting perfected quality for combat. (Tales Exclusive Weapon),baton#33,戦闘用として完成された品質を誇るバトン（ＴＯ専用武器）
baton,0x08CD0AC4,0x08CD0750,10,Ilex,baton#34,イーレクス
baton,0x08CD0AC8,0x08CD0750,10,Ilex,baton#34,イーレクス
baton,0x08CD0ACC,0x08CD075C,58,A baton used in tournaments by a legendary twirler. (Tales Exclusive Weapon),baton#35,伝説のバトントワラーが競技に使用したバトン（ＴＯ専用武器）
baton,0x08CD0AF0,0x08CD0798,16,Max Value (Baton),baton#36,最大値（バトン）
crossbow,0x08CD0FF4,0x08CD0B30,12,Gale Arc,crossbow#0,ゲイルアーク
crossbow,0x08CD0FF8,0x08CD0B30,12,Gale Arc,crossbow#0,ゲイルアーク
crossbow,0x08CD0FFC,0x08CD0B40,32,A commercially sold crossbow. (Tales Exclusive Weapon),crossbow#1,市販品のボウガン（ＴＯ専用武器）
crossbow,0x08CD1020,0x08CD0B64,10,Imbat,crossbow#2,インバット
crossbow,0x08CD1024,0x08CD0B64,10,Imbat,crossbow#2,インバット
crossbow,0x08CD1028,0x08CD0B70,32,A hunting crossbow. (Tales Exclusive Weapon),crossbow#3,狩猟用のボウガン（ＴＯ専用武器）
crossbow,0x08CD104C,0x08CD0B94,10,Shax,crossbow#4,シャックス
crossbow,0x08CD1050,0x08CD0B94,10,Shax,crossbow#4,シャックス
crossbow,0x08CD1054,0x08CD0BA0,54,A crossbow with increased power and range via bowstring improvements. (Tales Exclusive Weapon),crossbow#5,弦の改良で威力と射程が上がったボウガン（ＴＯ専用武器）
crossbow,0x08CD1078,0x08CD0BD8,12,Schwalbe,crossbow#6,シュヴァルベ
crossbow,0x08CD107C,0x08CD0BD8,12,Schwalbe,crossbow#6,シュヴァルベ
crossbow,0x08CD1080,0x08CD0BE8,32,A self-defense crossbow. (Tales Exclusive Weapon),crossbow#7,護身用のボウガン（ＴＯ専用武器）
crossbow,0x08CD10A4,0x08CD0C0C,10,Malphas,crossbow#8,マルファス
crossbow,0x08CD10A8,0x08CD0C0C,10,Malphas,crossbow#8,マルファス
crossbow,0x08CD10AC,0x08CD0C18,52,A crossbow of simple structure easy to maintain. (Tales Exclusive Weapon),crossbow#9,簡易構造でメンテナンスが楽なボウガン（ＴＯ専用武器）
crossbow,0x08CD10D0,0x08CD0C50,10,Pasianos,crossbow#10,パシアノス
crossbow,0x08CD10D4,0x08CD0C50,10,Pasianos,crossbow#10,パシアノス
crossbow,0x08CD10D8,0x08CD0C5C,50,A crossbow that takes no time to reload bolts. (Tales Exclusive Weapon),crossbow#11,矢の装填に時間がかからないボウガン（ＴＯ専用武器）
crossbow,0x08CD10FC,0x08CD0C90,10,Cornix,crossbow#12,コルニクス
crossbow,0x08CD1100,0x08CD0C90,10,Cornix,crossbow#12,コルニクス
crossbow,0x08CD1104,0x08CD0C9C,46,A sniping crossbow with high accuracy. (Tales Exclusive Weapon),crossbow#13,命中精度が高い狙撃用のボウガン（ＴＯ専用武器）
crossbow,0x08CD1128,0x08CD0CCC,8,Crane,crossbow#14,クレイン
crossbow,0x08CD112C,0x08CD0CCC,8,Crane,crossbow#14,クレイン
crossbow,0x08CD1130,0x08CD0CD8,50,A fine crossbow used by the military. (Tales Exclusive Weapon),crossbow#15,軍でも用いられている良質なボウガン（ＴＯ専用武器）
crossbow,0x08CD1154,0x08CD0D0C,6,Garuda,crossbow#16,ガルダ
crossbow,0x08CD1158,0x08CD0D0C,6,Garuda,crossbow#16,ガルダ
crossbow,0x08CD115C,0x08CD0D14,46,A crossbow crafted for hunting magical beasts. (Tales Exclusive Weapon),crossbow#17,魔獣を狩る為に作られたボウガン（ＴＯ専用武器）
crossbow,0x08CD1180,0x08CD0D44,12,Ortyx,crossbow#18,オルテュクス
crossbow,0x08CD1184,0x08CD0D44,12,Ortyx,crossbow#18,オルテュクス
crossbow,0x08CD1188,0x08CD0D54,54,A lightweight crossbow boasting high performance. (Tales Exclusive Weapon),crossbow#19,軽量でありながら高い性能を誇るボウガン（ＴＯ専用武器）
crossbow,0x08CD11AC,0x08CD0D8C,10,Auster,crossbow#20,アウストル
crossbow,0x08CD11B0,0x08CD0D8C,10,Auster,crossbow#20,アウストル
crossbow,0x08CD11B4,0x08CD0D98,46,A high-powered crossbow using special bolts. (Tales Exclusive Weapon),crossbow#21,特殊な矢を使う高威力のボウガン（ＴＯ専用武器）
crossbow,0x08CD11D8,0x08CD0DC8,10,Simurgh,crossbow#22,シームルグ
crossbow,0x08CD11DC,0x08CD0DC8,10,Simurgh,crossbow#22,シームルグ
crossbow,0x08CD11E0,0x08CD0DD4,58,A custom-ordered crossbow available only to a select few. (Tales Exclusive Weapon),crossbow#23,限られた者しか入手出来ない特注品のボウガン（ＴＯ専用武器）
crossbow,0x08CD1204,0x08CD0E10,10,Mistral,crossbow#24,ミストラル
crossbow,0x08CD1208,0x08CD0E10,10,Mistral,crossbow#24,ミストラル
crossbow,0x08CD120C,0x08CD0E1C,56,A crossbow performing stably even in bad weather. (Tales Exclusive Weapon),crossbow#25,悪天候でも安定した性能を発揮するボウガン（ＴＯ専用武器）
crossbow,0x08CD1230,0x08CD0E58,10,Amulzes,crossbow#26,アムルゼス
crossbow,0x08CD1234,0x08CD0E58,10,Amulzes,crossbow#26,アムルゼス
crossbow,0x08CD1238,0x08CD0E64,56,A superb crossbow rarely produced from mass lines. (Tales Exclusive Weapon),crossbow#27,量産品から稀に出てくる超高品質のボウガン（ＴＯ専用武器）
crossbow,0x08CD125C,0x08CD0EA0,12,Vidofnir,crossbow#28,ヴィゾフニル
crossbow,0x08CD1260,0x08CD0EA0,12,Vidofnir,crossbow#28,ヴィゾフニル
crossbow,0x08CD1264,0x08CD0EB0,60,A crossbow with holy power bringing all targets into range. (Tales Exclusive Weapon),crossbow#29,聖なる力で如何なるものも射程に捉えるボウガン（ＴＯ専用武器）
crossbow,0x08CD1288,0x08CD0EF0,10,Pellegrino,crossbow#30,ペレグリノ
crossbow,0x08CD128C,0x08CD0EF0,10,Pellegrino,crossbow#30,ペレグリノ
crossbow,0x08CD1290,0x08CD0EFC,50,A crossbow rumored to always strike vital spots. (Tales Exclusive Weapon),crossbow#31,必ず急所に当たると噂されるボウガン（ＴＯ専用武器）
crossbow,0x08CD12B4,0x08CD0F30,12,Hraesvelgr,crossbow#32,フレズベルグ
crossbow,0x08CD12B8,0x08CD0F30,12,Hraesvelgr,crossbow#32,フレズベルグ
crossbow,0x08CD12BC,0x08CD0F40,50,A crossbow whose power is enhanced by borrowing demonic forces. (Tales Exclusive Weapon),crossbow#33,魔の力を借りて威力を上げたボウガン（ＴＯ専用武器）
crossbow,0x08CD12E0,0x08CD0F74,12,Alectoris,crossbow#34,アレクトリス
crossbow,0x08CD12E4,0x08CD0F74,12,Alectoris,crossbow#34,アレクトリス
crossbow,0x08CD12E8,0x08CD0F84,46,A legendary crossbow that pierces even dragon scales. (Tales Exclusive Weapon),crossbow#35,竜の鱗をも貫く伝説級のボウガン（ＴＯ専用武器）
crossbow,0x08CD130C,0x08CD0FB4,18,Max Value (Crossbow),crossbow#36,最大値（ボウガン）
bag,0x08CD17E8,0x08CD1350,14,Chat Bag,bag#0,チャットバッグ
bag,0x08CD17EC,0x08CD1350,14,Chat Bag,bag#0,チャットバッグ
bag,0x08CD17F0,0x08CD1360,40,With this you will feel like a captain! (Tales Exclusive Weapon),bag#1,これで気分はキャプテン！（ＴＯ専用武器）
bag,0x08CD1814,0x08CD138C,12,Tote Bag,bag#2,トートバッグ
bag,0x08CD1818,0x08CD138C,12,Tote Bag,bag#2,トートバッグ
bag,0x08CD181C,0x08CD139C,32,A large rectangular bag. (Tales Exclusive Weapon),bag#3,大型の角型バッグ（ＴＯ専用武器）
bag,0x08CD1840,0x08CD13C0,10,Eco Bag,bag#4,エコバッグ
bag,0x08CD1844,0x08CD13C0,10,Eco Bag,bag#4,エコバッグ
bag,0x08CD1848,0x08CD13CC,44,An eco-friendly shopping bag. (Tales Exclusive Weapon),bag#5,環境にやさしい買い物用バッグ（ＴＯ専用武器）
bag,0x08CD186C,0x08CD13FC,12,Big Bag,bag#6,ビッグバッグ
bag,0x08CD1870,0x08CD13FC,12,Big Bag,bag#6,ビッグバッグ
bag,0x08CD1874,0x08CD140C,48,An even larger bag than a tote bag. (Tales Exclusive Weapon),bag#7,トートバッグより更に大型のバッグ（ＴＯ専用武器）
bag,0x08CD1898,0x08CD1440,12,Lucky Bag,bag#8,ラックバッグ
bag,0x08CD189C,0x08CD1440,12,Lucky Bag,bag#8,ラックバッグ
bag,0x08CD18A0,0x08CD1450,30,A lucky bag? (Tales Exclusive Weapon),bag#9,福袋？なバッグ（ＴＯ専用武器）
bag,0x08CD18C4,0x08CD1470,14,Wonder Bag,bag#10,ワンダーバッグ
bag,0x08CD18C8,0x08CD1470,14,Wonder Bag,bag#10,ワンダーバッグ
bag,0x08CD18CC,0x08CD1480,50,"A travel bag packed with souvenirs, very heavy. (Tales Exclusive Weapon)",bag#11,旅行かばん。お土産満載でとても重い（ＴＯ専用武器）
bag,0x08CD18F0,0x08CD14B4,16,Captain Bag,bag#12,キャプテンバッグ
bag,0x08CD18F4,0x08CD14B4,16,Captain Bag,bag#12,キャプテンバッグ
bag,0x08CD18F8,0x08CD14C8,46,A bag only the captain is permitted to own. (Tales Exclusive Weapon),bag#13,船長だけが所有を許されるバッグ（ＴＯ専用武器）
bag,0x08CD191C,0x08CD14F8,12,Handbag,bag#14,ハンドバッグ
bag,0x08CD1920,0x08CD14F8,12,Handbag,bag#14,ハンドバッグ
bag,0x08CD1924,0x08CD1508,42,A bag heavier than it appears. (Tales Exclusive Weapon),bag#15,見かけよりも重いバッグです（ＴＯ専用武器）
bag,0x08CD1948,0x08CD1534,12,Golf Bag,bag#16,ゴルフバッグ
bag,0x08CD194C,0x08CD1534,12,Golf Bag,bag#16,ゴルフバッグ
bag,0x08CD1950,0x08CD1544,44,Contains golf balls and such. (Tales Exclusive Weapon),bag#17,ゴルフボールなどが入ってます（ＴＯ専用武器）
bag,0x08CD1974,0x08CD1574,12,Large Bag,bag#18,ラージバッグ
bag,0x08CD1978,0x08CD1574,12,Large Bag,bag#18,ラージバッグ
bag,0x08CD197C,0x08CD1584,38,A very large bag. (Tales Exclusive Weapon),bag#19,とても大きいバッグです（ＴＯ専用武器）
bag,0x08CD19A0,0x08CD15AC,10,Genuine Leather Bag,bag#20,本革バッグ
bag,0x08CD19A4,0x08CD15B8,14,Genuine Leather Bag,bag#21,ホンカワバッグ
bag,0x08CD19A8,0x08CD15C8,44,An elegant and stylish bag made of leather. (Tales Exclusive Weapon),bag#22,革製の上品でおしゃれなバッグ（ＴＯ専用武器）
bag,0x08CD19CC,0x08CD15F8,16,Garment Bag,bag#23,ガーメントバッグ
bag,0x08CD19D0,0x08CD15F8,16,Garment Bag,bag#23,ガーメントバッグ
bag,0x08CD19D4,0x08CD160C,44,Can hold clothes and garments. (Tales Exclusive Weapon),bag#24,衣服などを入れる事が出来ます（ＴＯ専用武器）
bag,0x08CD19F8,0x08CD163C,18,President Bag,bag#25,プレジデントバッグ
bag,0x08CD19FC,0x08CD163C,18,President Bag,bag#25,プレジデントバッグ
bag,0x08CD1A00,0x08CD1650,38,A bag that makes you feel like a company president. (Tales Exclusive Weapon),bag#26,社長気分になれるバッグ（ＴＯ専用武器）
bag,0x08CD1A24,0x08CD1678,14,Brand Bag,bag#27,ブランドバッグ
bag,0x08CD1A28,0x08CD1678,14,Brand Bag,bag#27,ブランドバッグ
bag,0x08CD1A2C,0x08CD1688,38,Its contents are very light. (Tales Exclusive Weapon),bag#28,中身はとても軽いバッグ（ＴＯ専用武器）
bag,0x08CD1A50,0x08CD16B0,14,Huge Bag,bag#29,ヒュージバッグ
bag,0x08CD1A54,0x08CD16B0,14,Huge Bag,bag#29,ヒュージバッグ
bag,0x08CD1A58,0x08CD16C0,32,It is... very heavy. (Tales Exclusive Weapon),bag#30,とても…重いです（ＴＯ専用武器）
bag,0x08CD1A7C,0x08CD16E4,14,Sports Bag,bag#31,スポーツバッグ
bag,0x08CD1A80,0x08CD16E4,14,Sports Bag,bag#31,スポーツバッグ
bag,0x08CD1A84,0x08CD16F4,46,Contains bowling balls and such. (Tales Exclusive Weapon),bag#32,ボウリングの球などが入ってます（ＴＯ専用武器）
bag,0x08CD1AA8,0x08CD1724,18,Duralumin Case,bag#33,ジュラルミンバッグ
bag,0x08CD1AAC,0x08CD1724,18,Duralumin Case,bag#33,ジュラルミンバッグ
bag,0x08CD1AB0,0x08CD1738,44,Often used for cash transport. (Tales Exclusive Weapon),bag#34,現金輸送などによく使われます（ＴＯ専用武器）
bag,0x08CD1AD4,0x08CD1768,16,Lawyer's Bag,bag#35,ローヤーズバッグ
bag,0x08CD1AD8,0x08CD1768,16,Lawyer's Bag,bag#35,ローヤーズバッグ
bag,0x08CD1ADC,0x08CD177C,40,It probably does not contain legal documents. (Tales Exclusive Weapon),bag#36,多分書類は入っていません（ＴＯ専用武器）
bag,0x08CD1B00,0x08CD17A8,16,Max Value (Bag),bag#37,最大値（バッグ）
kendama,0x08CD1F78,0x08CD1B3C,14,Easy Play,kendama#0,イージープレイ
kendama,0x08CD1F7C,0x08CD1B3C,14,Easy Play,kendama#0,イージープレイ
kendama,0x08CD1F80,0x08CD1B4C,30,A wooden kendama. (Tales Exclusive Weapon),kendama#1,木製のケンダマ（ＴＯ専用武器）
kendama,0x08CD1FA4,0x08CD1B6C,14,Duel Play,kendama#2,デュエルプレイ
kendama,0x08CD1FA8,0x08CD1B6C,14,Duel Play,kendama#2,デュエルプレイ
kendama,0x08CD1FAC,0x08CD1B7C,48,A kendama you can strike seriously with despite being a toy. (Tales Exclusive Weapon),kendama#3,おもちゃでも本気で殴れるケンダマ（ＴＯ専用武器）
kendama,0x08CD1FD0,0x08CD1BB0,16,Thunder Drift,kendama#4,サンダードリフト
kendama,0x08CD1FD4,0x08CD1BB0,16,Thunder Drift,kendama#4,サンダードリフト
kendama,0x08CD1FD8,0x08CD1BC4,46,A super kendama like lightning. (Tales Exclusive Weapon),kendama#5,イナズマの様なスーパーケンダマ（ＴＯ専用武器）
kendama,0x08CD1FFC,0x08CD1BF4,14,Nightingale,kendama#6,ナイチンゲール
kendama,0x08CD2000,0x08CD1BF4,14,Nightingale,kendama#6,ナイチンゲール
kendama,0x08CD2004,0x08CD1C04,38,An authentic kendama for beginners. (Tales Exclusive Weapon),kendama#7,初心者用本格的ケンダマ（ＴＯ専用武器）
kendama,0x08CD2028,0x08CD1C2C,14,Hummingbird,kendama#8,ハミングバード
kendama,0x08CD202C,0x08CD1C2C,14,Hummingbird,kendama#8,ハミングバード
kendama,0x08CD2030,0x08CD1C3C,30,A compact kendama. (Tales Exclusive Weapon),kendama#9,小型のケンダマ（ＴＯ専用武器）
kendama,0x08CD2054,0x08CD1C5C,6,Hayate,kendama#10,ハヤテ
kendama,0x08CD2058,0x08CD1C5C,6,Hayate,kendama#10,ハヤテ
kendama,0x08CD205C,0x08CD1C64,38,An authentic kendama for intermediate players. (Tales Exclusive Weapon),kendama#11,中級者用本格的ケンダマ（ＴＯ専用武器）
kendama,0x08CD2080,0x08CD1C8C,12,War Play,kendama#12,ウォープレイ
kendama,0x08CD2084,0x08CD1C8C,12,War Play,kendama#12,ウォープレイ
kendama,0x08CD2088,0x08CD1C9C,30,A combat kendama. (Tales Exclusive Weapon),kendama#13,戦闘用ケンダマ（ＴＯ専用武器）
kendama,0x08CD20AC,0x08CD1CBC,14,Trick Play,kendama#14,トリックプレイ
kendama,0x08CD20B0,0x08CD1CBC,14,Trick Play,kendama#14,トリックプレイ
kendama,0x08CD20B4,0x08CD1CCC,44,A kendama capable of performing flashy tricks. (Tales Exclusive Weapon),kendama#15,奇抜な技を披露できるケンダマ（ＴＯ専用武器）
kendama,0x08CD20D8,0x08CD1CFC,16,Shadow Dancer,kendama#16,シャドウダンサー
kendama,0x08CD20DC,0x08CD1CFC,16,Shadow Dancer,kendama#16,シャドウダンサー
kendama,0x08CD20E0,0x08CD1D10,46,A kendama for steady practice in the shadows. (Tales Exclusive Weapon),kendama#17,影で踊る地道なプレイ用ケンダマ（ＴＯ専用武器）
kendama,0x08CD2104,0x08CD1D40,10,Falcon,kendama#18,ファルコン
kendama,0x08CD2108,0x08CD1D40,10,Falcon,kendama#18,ファルコン
kendama,0x08CD210C,0x08CD1D4C,34,A slightly larger kendama. (Tales Exclusive Weapon),kendama#19,少し大型のケンダマ（ＴＯ専用武器）
kendama,0x08CD2130,0x08CD1D70,18,Fantagosmaria,kendama#20,ファンタゴズマリア
kendama,0x08CD2134,0x08CD1D70,18,Fantagosmaria,kendama#20,ファンタゴズマリア
kendama,0x08CD2138,0x08CD1D84,44,A kendama for illusionists. (Tales Exclusive Weapon),kendama#21,イリュージョニスト用ケンダマ（ＴＯ専用武器）
kendama,0x08CD215C,0x08CD1DB4,20,Around the World,kendama#22,アラウンドザワールド
kendama,0x08CD2160,0x08CD1DB4,20,Around the World,kendama#22,アラウンドザワールド
kendama,0x08CD2164,0x08CD1DCC,30,Feeling like traveling around the world. (Tales Exclusive Weapon),kendama#23,気分は世界一周（ＴＯ専用武器）
kendama,0x08CD2188,0x08CD1DEC,12,Airplane,kendama#24,エアプレーン
kendama,0x08CD218C,0x08CD1DEC,12,Airplane,kendama#24,エアプレーン
kendama,0x08CD2190,0x08CD1DFC,36,Light as an airplane! (Tales Exclusive Weapon),kendama#25,飛行機の様に軽やか！（ＴＯ専用武器）
kendama,0x08CD21B4,0x08CD1E24,10,Shrine,kendama#26,シュライン
kendama,0x08CD21B8,0x08CD1E24,10,Shrine,kendama#26,シュライン
kendama,0x08CD21BC,0x08CD1E30,38,An authentic kendama for advanced players. (Tales Exclusive Weapon),kendama#27,上級者用本格的ケンダマ（ＴＯ専用武器）
kendama,0x08CD21E0,0x08CD1E58,14,Rising Sun,kendama#28,ライジングサン
kendama,0x08CD21E4,0x08CD1E58,14,Rising Sun,kendama#28,ライジングサン
kendama,0x08CD21E8,0x08CD1E68,46,A kendama used in traditional ceremonies. (Tales Exclusive Weapon),kendama#29,伝統ある儀式に使われたケンダマ（ＴＯ専用武器）
kendama,0x08CD220C,0x08CD1E98,14,Northern Light,kendama#30,ノーザンライト
kendama,0x08CD2210,0x08CD1E98,14,Northern Light,kendama#30,ノーザンライト
kendama,0x08CD2214,0x08CD1EA8,46,A kendama that displays auroras when swung. (Tales Exclusive Weapon),kendama#31,振るとオーロラが見えるケンダマ（ＴＯ専用武器）
kendama,0x08CD2238,0x08CD1ED8,16,Heavenly Play,kendama#32,ヘヴンリープレイ
kendama,0x08CD223C,0x08CD1ED8,16,Heavenly Play,kendama#32,ヘヴンリープレイ
kendama,0x08CD2240,0x08CD1EEC,26,Truly a divine performance. (Tales Exclusive Weapon),kendama#33,まさに神業（ＴＯ専用武器）
kendama,0x08CD2264,0x08CD1F08,18,Galaxy Play,kendama#34,ギャラクシープレイ
kendama,0x08CD2268,0x08CD1F08,18,Galaxy Play,kendama#34,ギャラクシープレイ
kendama,0x08CD226C,0x08CD1F1C,30,Feeling like traveling across the galaxy. (Tales Exclusive Weapon),kendama#35,気分は銀河一周（ＴＯ専用武器）
kendama,0x08CD2290,0x08CD1F3C,14,Max Value (Kendama),kendama#36,最大値（剣玉）
cleaning_tool,0x08CD2748,0x08CD22D0,8,Broom,cleaning_tool#0,ブルーム
cleaning_tool,0x08CD274C,0x08CD22D0,8,Broom,cleaning_tool#0,ブルーム
cleaning_tool,0x08CD2750,0x08CD22DC,40,Commonly known as a broom. Can fly in the sky. (Tales Exclusive Weapon),cleaning_tool#1,通称ホウキ。空を飛べます（ＴＯ専用武器）
cleaning_tool,0x08CD2774,0x08CD2308,16,Misty Broom,cleaning_tool#2,ミスティブルーム
cleaning_tool,0x08CD2778,0x08CD2308,16,Misty Broom,cleaning_tool#2,ミスティブルーム
cleaning_tool,0x08CD277C,0x08CD231C,44,A broom with a mysterious aura. (Tales Exclusive Weapon),cleaning_tool#3,ミステリアスな雰囲気のホウキ（ＴＯ専用武器）
cleaning_tool,0x08CD27A0,0x08CD234C,16,Magical Broom,cleaning_tool#4,マジカルブルーム
cleaning_tool,0x08CD27A4,0x08CD234C,16,Magical Broom,cleaning_tool#4,マジカルブルーム
cleaning_tool,0x08CD27A8,0x08CD2360,40,A broom imbued with magical effects. (Tales Exclusive Weapon),cleaning_tool#5,魔法効果を付与したホウキ（ＴＯ専用武器）
cleaning_tool,0x08CD27CC,0x08CD238C,16,Sylph Broom,cleaning_tool#6,シルフィブルーム
cleaning_tool,0x08CD27D0,0x08CD238C,16,Sylph Broom,cleaning_tool#6,シルフィブルーム
cleaning_tool,0x08CD27D4,0x08CD23A0,38,A broom harboring the power of fairies. (Tales Exclusive Weapon),cleaning_tool#7,妖精の力を秘めたホウキ（ＴＯ専用武器）
cleaning_tool,0x08CD27F8,0x08CD23C8,16,Wonder Broom,cleaning_tool#8,ワンダーブルーム
cleaning_tool,0x08CD27FC,0x08CD23C8,16,Wonder Broom,cleaning_tool#8,ワンダーブルーム
cleaning_tool,0x08CD2800,0x08CD23DC,42,This broom cleans up the world. (Tales Exclusive Weapon),cleaning_tool#9,そのホウキは世界を掃除する（ＴＯ専用武器）
cleaning_tool,0x08CD2824,0x08CD2408,14,Star Broom,cleaning_tool#10,スターブルーム
cleaning_tool,0x08CD2828,0x08CD2408,14,Star Broom,cleaning_tool#10,スターブルーム
cleaning_tool,0x08CD282C,0x08CD2418,28,A starry broom. (Tales Exclusive Weapon),cleaning_tool#11,星降るホウキ（ＴＯ専用武器）
cleaning_tool,0x08CD2850,0x08CD2438,6,Mop,cleaning_tool#12,モップ
cleaning_tool,0x08CD2854,0x08CD2438,6,Mop,cleaning_tool#12,モップ
cleaning_tool,0x08CD2858,0x08CD2440,44,A cleaning tool with a rag attached. Can fly in the sky. (Tales Exclusive Weapon),cleaning_tool#13,雑巾付き清掃具。空も飛べます（ＴＯ専用武器）
cleaning_tool,0x08CD287C,0x08CD2470,12,Might Mop,cleaning_tool#14,マイトモップ
cleaning_tool,0x08CD2880,0x08CD2470,12,Might Mop,cleaning_tool#14,マイトモップ
cleaning_tool,0x08CD2884,0x08CD2480,38,A mop capable of vigorous cleaning. (Tales Exclusive Weapon),cleaning_tool#15,力強く清掃出来るモップ（ＴＯ専用武器）
cleaning_tool,0x08CD28A8,0x08CD24A8,14,Silver Mop,cleaning_tool#16,シルバーモップ
cleaning_tool,0x08CD28AC,0x08CD24A8,14,Silver Mop,cleaning_tool#16,シルバーモップ
cleaning_tool,0x08CD28B0,0x08CD24B8,32,A mop with a silver handle. (Tales Exclusive Weapon),cleaning_tool#17,柄が銀製のモップ（ＴＯ専用武器）
cleaning_tool,0x08CD28D4,0x08CD24DC,14,Gold Mop,cleaning_tool#18,ゴールドモップ
cleaning_tool,0x08CD28D8,0x08CD24DC,14,Gold Mop,cleaning_tool#18,ゴールドモップ
cleaning_tool,0x08CD28DC,0x08CD24EC,32,A mop with a golden handle. (Tales Exclusive Weapon),cleaning_tool#19,柄が金製のモップ（ＴＯ専用武器）
cleaning_tool,0x08CD2900,0x08CD2510,14,Hyper Mop,cleaning_tool#20,ハイパーモップ
cleaning_tool,0x08CD2904,0x08CD2510,14,Hyper Mop,cleaning_tool#20,ハイパーモップ
cleaning_tool,0x08CD2908,0x08CD2520,46,This mop leaves not a single speck of dust. (Tales Exclusive Weapon),cleaning_tool#21,そのモップはチリ一つ残しません（ＴＯ専用武器）
cleaning_tool,0x08CD292C,0x08CD2550,18,Stardust Mop,cleaning_tool#22,スターダストモップ
cleaning_tool,0x08CD2930,0x08CD2550,18,Stardust Mop,cleaning_tool#22,スターダストモップ
cleaning_tool,0x08CD2934,0x08CD2564,40,A mop capable of cleaning space itself? (Tales Exclusive Weapon),cleaning_tool#23,宇宙も掃除出来る？モップ（ＴＯ専用武器）
cleaning_tool,0x08CD2958,0x08CD2590,6,Brush,cleaning_tool#24,ブラシ
cleaning_tool,0x08CD295C,0x08CD2590,6,Brush,cleaning_tool#24,ブラシ
cleaning_tool,0x08CD2960,0x08CD2598,46,A cleaning tool for scrubbing. Can fly in the sky. (Tales Exclusive Weapon),cleaning_tool#25,磨き掃除用清掃具。空も飛べます（ＴＯ専用武器）
cleaning_tool,0x08CD2984,0x08CD25C8,16,Gallop Brush,cleaning_tool#26,ギャロップブラシ
cleaning_tool,0x08CD2988,0x08CD25C8,16,Gallop Brush,cleaning_tool#26,ギャロップブラシ
cleaning_tool,0x08CD298C,0x08CD25DC,48,A gentle brush using the hair of a pony. (Tales Exclusive Weapon),cleaning_tool#27,子馬さんの毛を使った優しいブラシ（ＴＯ専用武器）
cleaning_tool,0x08CD29B0,0x08CD2610,18,Excellent Brush,cleaning_tool#28,エクセレントブラシ
cleaning_tool,0x08CD29B4,0x08CD2610,18,Excellent Brush,cleaning_tool#28,エクセレントブラシ
cleaning_tool,0x08CD29B8,0x08CD2624,30,A magnificent brush. (Tales Exclusive Weapon),cleaning_tool#29,素晴しいブラシ（ＴＯ専用武器）
cleaning_tool,0x08CD29DC,0x08CD2644,18,Shining Brush,cleaning_tool#30,シャイニングブラシ
cleaning_tool,0x08CD29E0,0x08CD2644,18,Shining Brush,cleaning_tool#30,シャイニングブラシ
cleaning_tool,0x08CD29E4,0x08CD2658,48,Scrubbing with this brush makes everything sparkle! (Tales Exclusive Weapon),cleaning_tool#31,このブラシで磨けばピカピカです！（ＴＯ専用武器）
cleaning_tool,0x08CD2A08,0x08CD268C,16,Golden Brush,cleaning_tool#32,ゴールデンブラシ
cleaning_tool,0x08CD2A0C,0x08CD268C,16,Golden Brush,cleaning_tool#32,ゴールデンブラシ
cleaning_tool,0x08CD2A10,0x08CD26A0,32,A brush with a golden handle. (Tales Exclusive Weapon),cleaning_tool#33,柄が金製のブラシ（ＴＯ専用武器）
cleaning_tool,0x08CD2A34,0x08CD26C4,18,Stardust Brush,cleaning_tool#34,スターダストブラシ
cleaning_tool,0x08CD2A38,0x08CD26C4,18,Stardust Brush,cleaning_tool#34,スターダストブラシ
cleaning_tool,0x08CD2A3C,0x08CD26D8,44,A brush capable of polishing even the stars of space? (Tales Exclusive Weapon),cleaning_tool#35,宇宙の星々すら磨ける？ブラシ（ＴＯ専用武器）
cleaning_tool,0x08CD2A60,0x08CD2708,16,Max Value (Cleaning Tool),cleaning_tool#36,最大値（清掃具）
ladle,0x08CD2FA8,0x08CD2AA0,10,Iron Ladle,ladle#0,鉄のおたま
ladle,0x08CD2FAC,0x08CD2AAC,12,Iron Ladle,ladle#1,テツノオタマ
ladle,0x08CD2FB0,0x08CD2ABC,42,A standard ladle made of iron. (Tales Exclusive Weapon),ladle#2,鉄製のおたま。スタンダード（ＴＯ専用武器）
ladle,0x08CD2FD4,0x08CD2AE8,10,Copper Ladle,ladle#3,銅のおたま
ladle,0x08CD2FD8,0x08CD2AF4,12,Copper Ladle,ladle#4,ドウノオタマ
ladle,0x08CD2FDC,0x08CD2B04,38,A slightly lavish ladle made of copper. (Tales Exclusive Weapon),ladle#5,銅製のおたま。少し豪華（ＴＯ専用武器）
ladle,0x08CD3000,0x08CD2B2C,10,Silver Ladle,ladle#6,銀のおたま
ladle,0x08CD3004,0x08CD2B38,12,Silver Ladle,ladle#7,ギンノオタマ
ladle,0x08CD3008,0x08CD2B48,42,A silver ladle that wards off evil. (Tales Exclusive Weapon),ladle#8,銀製のおたま。魔を払います（ＴＯ専用武器）
ladle,0x08CD302C,0x08CD2B74,10,Gold Ladle,ladle#9,金のおたま
ladle,0x08CD3030,0x08CD2B80,12,Gold Ladle,ladle#10,キンノオタマ
ladle,0x08CD3034,0x08CD2B90,40,A very lavish ladle made of gold. (Tales Exclusive Weapon),ladle#11,金製のおたま。とても豪華（ＴＯ専用武器）
ladle,0x08CD3058,0x08CD2BBC,16,Stainless Ladle,ladle#12,ステンレスおたま
ladle,0x08CD305C,0x08CD2BD0,16,Stainless Ladle,ladle#13,ステンレスオタマ
ladle,0x08CD3060,0x08CD2BE4,40,"A housewife's sturdy, rust-proof ally. (Tales Exclusive Weapon)",ladle#14,丈夫で錆びない主婦の味方（ＴＯ専用武器）
ladle,0x08CD3084,0x08CD2C10,22,Fantastic Ladle,ladle#15,ファナスティックおたま
ladle,0x08CD3088,0x08CD2C28,22,Fantastic Ladle,ladle#16,ファナスティックオタマ
ladle,0x08CD308C,0x08CD2C40,42,A wonderful ladle that gets your blood pumping. (Tales Exclusive Weapon),ladle#17,血沸き肉踊るすてきなおたま（ＴＯ専用武器）
ladle,0x08CD30B0,0x08CD2C6C,16,Green Ladle,ladle#18,グリーンレードル
ladle,0x08CD30B4,0x08CD2C6C,16,Green Ladle,ladle#18,グリーンレードル
ladle,0x08CD30B8,0x08CD2C80,36,A ladle with a green handle. (Tales Exclusive Weapon),ladle#19,緑の柄の付いたおたま（ＴＯ専用武器）
ladle,0x08CD30DC,0x08CD2CA8,14,Red Ladle,ladle#20,レッドレードル
ladle,0x08CD30E0,0x08CD2CA8,14,Red Ladle,ladle#20,レッドレードル
ladle,0x08CD30E4,0x08CD2CB8,36,A ladle with a red handle. (Tales Exclusive Weapon),ladle#21,赤い柄の付いたおたま（ＴＯ専用武器）
ladle,0x08CD3108,0x08CD2CE0,14,Blue Ladle,ladle#22,ブルーレードル
ladle,0x08CD310C,0x08CD2CE0,14,Blue Ladle,ladle#22,ブルーレードル
ladle,0x08CD3110,0x08CD2CF0,36,A ladle with a blue handle. (Tales Exclusive Weapon),ladle#23,青い柄の付いたおたま（ＴＯ専用武器）
ladle,0x08CD3134,0x08CD2D18,14,Commercial Ladle,ladle#24,業務用レードル
ladle,0x08CD3138,0x08CD2D28,20,Commercial Ladle,ladle#25,ギョウムヨウレードル
ladle,0x08CD313C,0x08CD2D40,46,The quintessential ladle for first-class chefs. (Tales Exclusive Weapon),ladle#26,一流料理人のおたまといえばコレ（ＴＯ専用武器）
ladle,0x08CD3160,0x08CD2D70,16,Magical Ladle,ladle#27,マジカルレードル
ladle,0x08CD3164,0x08CD2D70,16,Magical Ladle,ladle#27,マジカルレードル
ladle,0x08CD3168,0x08CD2D84,38,A ladle endowed with magical effects. (Tales Exclusive Weapon),ladle#28,魔法効果の付いたおたま（ＴＯ専用武器）
ladle,0x08CD318C,0x08CD2DAC,18,Marvelous Ladle,ladle#29,マーベラスレードル
ladle,0x08CD3190,0x08CD2DAC,18,Marvelous Ladle,ladle#29,マーベラスレードル
ladle,0x08CD3194,0x08CD2DC0,50,Might draw out astounding deliciousness? (Tales Exclusive Weapon),ladle#30,驚異的な美味しさを引き出せるかも？（ＴＯ専用武器）
ladle,0x08CD31B8,0x08CD2DF4,16,Silver Spoon,ladle#31,シルバースプーン
ladle,0x08CD31BC,0x08CD2DF4,16,Silver Spoon,ladle#31,シルバースプーン
ladle,0x08CD31C0,0x08CD2E08,38,A silver spoon suitable for gifts. (Tales Exclusive Weapon),ladle#32,銀製のスプーン。贈答用（ＴＯ専用武器）
ladle,0x08CD31E4,0x08CD2E30,16,Gold Spoon,ladle#33,ゴールドスプーン
ladle,0x08CD31E8,0x08CD2E30,16,Gold Spoon,ladle#33,ゴールドスプーン
ladle,0x08CD31EC,0x08CD2E44,44,A golden spoon with outstanding heat conductivity. (Tales Exclusive Weapon),ladle#34,金製のスプーン。熱伝導率抜群（ＴＯ専用武器）
ladle,0x08CD3210,0x08CD2E74,16,Platinum Spoon,ladle#35,プラチナスプーン
ladle,0x08CD3214,0x08CD2E74,16,Platinum Spoon,ladle#35,プラチナスプーン
ladle,0x08CD3218,0x08CD2E88,44,A platinum spoon that delights anyone. (Tales Exclusive Weapon),ladle#36,白金製のスプーン。喜ばれます（ＴＯ専用武器）
ladle,0x08CD323C,0x08CD2EB8,12,Love Spoon,ladle#37,ラブスプーン
ladle,0x08CD3240,0x08CD2EB8,12,Love Spoon,ladle#37,ラブスプーン
ladle,0x08CD3244,0x08CD2EC8,54,"If you want to pour love into cooking, use this spoon. (Tales Exclusive Weapon)",ladle#38,料理に愛情を注ぐなら是非このスプーンで（ＴＯ専用武器）
ladle,0x08CD3268,0x08CD2F00,20,Ancient Spoon,ladle#39,エンシェントスプーン
ladle,0x08CD326C,0x08CD2F00,20,Ancient Spoon,ladle#39,エンシェントスプーン
ladle,0x08CD3270,0x08CD2F18,28,An ancient spoon. (Tales Exclusive Weapon),ladle#40,古のスプーン（ＴＯ専用武器）
ladle,0x08CD3294,0x08CD2F38,14,Arc Spoon,ladle#41,アークスプーン
ladle,0x08CD3298,0x08CD2F38,14,Arc Spoon,ladle#41,アークスプーン
ladle,0x08CD329C,0x08CD2F48,30,A ceremonial spoon. (Tales Exclusive Weapon),ladle#42,儀式用スプーン（ＴＯ専用武器）
ladle,0x08CD32C0,0x08CD2F68,16,Max Value (Ladle),ladle#43,最大値（おたま）
flute,0x08CD3800,0x08CD32FC,10,Whistle,flute#0,ホイッスル
flute,0x08CD3804,0x08CD32FC,10,Whistle,flute#0,ホイッスル
flute,0x08CD3808,0x08CD3308,44,A simple whistle used for signals and commands. (Tales Exclusive Weapon),flute#1,合図や指示に使われる簡易な笛（ＴＯ専用武器）
flute,0x08CD382C,0x08CD3338,10,Recorder,flute#2,リコーダー
flute,0x08CD3830,0x08CD3338,10,Recorder,flute#2,リコーダー
flute,0x08CD3834,0x08CD3344,30,A vertical flute for beginners. (Tales Exclusive Weapon),flute#3,初心者用の縦笛（ＴＯ専用武器）
flute,0x08CD3858,0x08CD3364,8,Conch Horn,flute#4,ホラガイ
flute,0x08CD385C,0x08CD3364,8,Conch Horn,flute#4,ホラガイ
flute,0x08CD3860,0x08CD3370,52,A shell flute used for war signals and commands. (Tales Exclusive Weapon),flute#5,戦の合図や号令に使われた貝で出来た笛（ＴＯ専用武器）
flute,0x08CD3884,0x08CD33A8,4,Dog Whistle,flute#6,犬笛
flute,0x08CD3888,0x08CD33B0,8,Dog Whistle,flute#7,イヌブエ
flute,0x08CD388C,0x08CD33BC,46,A whistle used to give commands to dogs. (Tales Exclusive Weapon),flute#8,犬に命令を与える時に使用する笛（ＴＯ専用武器）
flute,0x08CD38B0,0x08CD33EC,6,Bugle,flute#9,ラッパ
flute,0x08CD38B4,0x08CD33EC,6,Bugle,flute#9,ラッパ
flute,0x08CD38B8,0x08CD33F4,40,A brass instrument with a flared bell. (Tales Exclusive Weapon),flute#10,筒の先が広がった金管楽器（ＴＯ専用武器）
flute,0x08CD38DC,0x08CD3420,4,Shakuhachi,flute#11,尺八
flute,0x08CD38E0,0x08CD3428,10,Shakuhachi,flute#12,シャクハチ
flute,0x08CD38E4,0x08CD3434,46,A bamboo woodwind instrument passed down from the East. (Tales Exclusive Weapon),flute#13,東方より伝わった竹製の木管楽器（ＴＯ専用武器）
flute,0x08CD3908,0x08CD3464,8,Flute,flute#14,フルート
flute,0x08CD390C,0x08CD3464,8,Flute,flute#14,フルート
flute,0x08CD3910,0x08CD3470,44,A transverse flute excelling in high pitch ranges. (Tales Exclusive Weapon),flute#15,高い音域を出す事に秀でた横笛（ＴＯ専用武器）
flute,0x08CD3934,0x08CD34A0,18,Piyo Piyo Whistle,flute#16,ピヨピヨホイッスル
flute,0x08CD3938,0x08CD34A0,18,Piyo Piyo Whistle,flute#16,ピヨピヨホイッスル
flute,0x08CD393C,0x08CD34B4,58,A whistle modeled after the beloved chick Piyo Piyo. (Tales Exclusive Weapon),flute#17,お子様に大人気のピヨピヨを模したホイッスル（ＴＯ専用武器）
flute,0x08CD3960,0x08CD34F0,18,Gym Teacher Whistle,flute#18,体育教師ホイッスル
flute,0x08CD3964,0x08CD3504,26,Gym Teacher Whistle,flute#19,タイイクキョウシホイッスル
flute,0x08CD3968,0x08CD3520,48,A whistle of sweat and tears for passionate coaches. (Tales Exclusive Weapon),flute#20,熱血教師向けの汗と涙のホイッスル（ＴＯ専用武器）
flute,0x08CD398C,0x08CD3554,14,Marching Bugle,flute#21,シングンラッパ
flute,0x08CD3990,0x08CD3554,14,Marching Bugle,flute#21,シングンラッパ
flute,0x08CD3994,0x08CD3564,46,A military bugle used as an advance signal. (Tales Exclusive Weapon),flute#22,進軍の合図に使われる軍用ラッパ（ＴＯ専用武器）
flute,0x08CD39B8,0x08CD3594,12,Warbler Whistle,flute#23,ウグイスブエ
flute,0x08CD39BC,0x08CD3594,12,Warbler Whistle,flute#23,ウグイスブエ
flute,0x08CD39C0,0x08CD35A4,48,A small whistle mimicking the song of a bush warbler. (Tales Exclusive Weapon),flute#24,ウグイスの鳴き声を模した小さな笛（ＴＯ専用武器）
flute,0x08CD39E4,0x08CD35D8,16,Pretty Conch Horn,flute#25,プリティホラガイ
flute,0x08CD39E8,0x08CD35D8,16,Pretty Conch Horn,flute#25,プリティホラガイ
flute,0x08CD39EC,0x08CD35EC,36,A very cute conch horn. (Tales Exclusive Weapon),flute#26,とても可愛いホラガイ（ＴＯ専用武器）
flute,0x08CD3A10,0x08CD3614,16,Samba Whistle,flute#27,サンバホイッスル
flute,0x08CD3A14,0x08CD3614,16,Samba Whistle,flute#27,サンバホイッスル
flute,0x08CD3A18,0x08CD3628,62,A whistle with a lively sound that makes you move. (Tales Exclusive Weapon),flute#28,思わずリズムを取りたくなる軽快な音のホイッスル（ＴＯ専用武器）
flute,0x08CD3A3C,0x08CD3668,18,Memory Whistle,flute#29,メモリーホイッスル
flute,0x08CD3A40,0x08CD3668,18,Memory Whistle,flute#29,メモリーホイッスル
flute,0x08CD3A44,0x08CD367C,54,A whistle carrying memories from childhood. (Tales Exclusive Weapon),flute#30,幼いころの思い出が込められたホイッスル（ＴＯ専用武器）
flute,0x08CD3A68,0x08CD36B4,20,Twinkle Flute,flute#31,トゥインクルフルート
flute,0x08CD3A6C,0x08CD36B4,20,Twinkle Flute,flute#31,トゥインクルフルート
flute,0x08CD3A70,0x08CD36CC,38,Its timbre sparkles like twinkling stars. (Tales Exclusive Weapon),flute#32,その音色は瞬く星の如く（ＴＯ専用武器）
flute,0x08CD3A94,0x08CD36F4,14,Charge Bugle,flute#33,トツゲキラッパ
flute,0x08CD3A98,0x08CD36F4,14,Charge Bugle,flute#33,トツゲキラッパ
flute,0x08CD3A9C,0x08CD3704,46,A military bugle used as a charge signal. (Tales Exclusive Weapon),flute#34,突撃の合図に使われる軍用ラッパ（ＴＯ専用武器）
flute,0x08CD3AC0,0x08CD3734,8,Aoba Flute,flute#35,青葉の笛
flute,0x08CD3AC4,0x08CD3740,12,Aoba Flute,flute#36,アオバノフエ
flute,0x08CD3AC8,0x08CD3750,44,A flute of fugitive legend handed down from the East. (Tales Exclusive Weapon),flute#37,東方より伝わりし落人伝説の笛（ＴＯ専用武器）
flute,0x08CD3AEC,0x08CD3780,18,Eternia Melody,flute#38,エターニアメロディ
flute,0x08CD3AF0,0x08CD3780,18,Eternia Melody,flute#38,エターニアメロディ
flute,0x08CD3AF4,0x08CD3794,44,The timeless sound of eternal truth. (Tales Exclusive Weapon),flute#39,永遠に変わる事のない真実の音（ＴＯ専用武器）
flute,0x08CD3B18,0x08CD37C4,12,Max Value (Flute),flute#40,最大値（笛）
talisman,0x08CD3FF8,0x08CD3B54,4,Ceremonial Talisman,talisman#0,式符
talisman,0x08CD3FFC,0x08CD3B5C,6,Ceremonial Talisman,talisman#1,シキフ
talisman,0x08CD4000,0x08CD3B64,48,A basic talisman used in rituals and spells. (Tales Exclusive Weapon),talisman#2,儀式や呪術に用いられる基本的な符（ＴＯ専用武器）
talisman,0x08CD4024,0x08CD3B98,6,Full House Pouch,talisman#3,大入袋
talisman,0x08CD4028,0x08CD3BA0,14,Full House Pouch,talisman#4,オオイリブクロ
talisman,0x08CD402C,0x08CD3BB0,30,A lucky charm celebrating a thriving business. (Tales Exclusive Weapon),talisman#5,大盛況の縁起物（ＴＯ専用武器）
talisman,0x08CD4050,0x08CD3BD0,4,Water Bird,talisman#6,水鳥
talisman,0x08CD4054,0x08CD3BD8,10,Water Bird,talisman#7,スイチョウ
talisman,0x08CD4058,0x08CD3BE4,38,A talisman imbued with the power of water spirits. (Tales Exclusive Weapon),talisman#8,水精の力が込められた符（ＴＯ専用武器）
talisman,0x08CD407C,0x08CD3C0C,4,Mole,talisman#9,土竜
talisman,0x08CD4080,0x08CD3C14,6,Mole,talisman#10,モグラ
talisman,0x08CD4084,0x08CD3C1C,38,A talisman imbued with the power of earth spirits. (Tales Exclusive Weapon),talisman#11,地精の力が込められた符（ＴＯ専用武器）
talisman,0x08CD40A8,0x08CD3C44,4,Rakshasa,talisman#12,羅刹
talisman,0x08CD40AC,0x08CD3C4C,6,Rakshasa,talisman#13,ラセツ
talisman,0x08CD40B0,0x08CD3C54,38,A talisman imbued with the power of a war deity. (Tales Exclusive Weapon),talisman#14,闘神の力が込められた符（ＴＯ専用武器）
talisman,0x08CD40D4,0x08CD3C7C,4,Fire Bear,talisman#15,火熊
talisman,0x08CD40D8,0x08CD3C84,6,Fire Bear,talisman#16,ヒグマ
talisman,0x08CD40DC,0x08CD3C8C,38,A talisman imbued with the power of fire spirits. (Tales Exclusive Weapon),talisman#17,火精の力が込められた符（ＴＯ専用武器）
talisman,0x08CD4100,0x08CD3CB4,4,Vajra,talisman#18,金剛
talisman,0x08CD4104,0x08CD3CBC,8,Vajra,talisman#19,コンゴウ
talisman,0x08CD4108,0x08CD3CC8,34,A talisman imbued with dharmic spiritual power. (Tales Exclusive Weapon),talisman#20,法力が込められた符（ＴＯ専用武器）
talisman,0x08CD412C,0x08CD3CEC,4,Wind Cat,talisman#21,風猫
talisman,0x08CD4130,0x08CD3CF4,10,Wind Cat,talisman#22,フウビョウ
talisman,0x08CD4134,0x08CD3D00,48,A talisman said to command and control wind spirits. (Tales Exclusive Weapon),talisman#23,風精を従え使役出来るといわれる符（ＴＯ専用武器）
talisman,0x08CD4158,0x08CD3D34,4,Ice Wolf,talisman#24,氷狼
talisman,0x08CD415C,0x08CD3D3C,10,Ice Wolf,talisman#25,ヒョウロウ
talisman,0x08CD4160,0x08CD3D48,48,A talisman said to command and control ice spirits. (Tales Exclusive Weapon),talisman#26,氷精を従え使役出来るといわれる符（ＴＯ専用武器）
talisman,0x08CD4184,0x08CD3D7C,4,Thunder Rat,talisman#27,雷鼠
talisman,0x08CD4188,0x08CD3D84,6,Thunder Rat,talisman#28,ライソ
talisman,0x08CD418C,0x08CD3D8C,48,A talisman said to command and control thunder spirits. (Tales Exclusive Weapon),talisman#29,雷精を従え使役出来るといわれる符（ＴＯ専用武器）
talisman,0x08CD41B0,0x08CD3DC0,4,Fudo,talisman#30,不動
talisman,0x08CD41B4,0x08CD3DC8,6,Fudo,talisman#31,フドウ
talisman,0x08CD41B8,0x08CD3DD0,42,A battle talisman sealing immense spiritual power. (Tales Exclusive Weapon),talisman#32,絶大な法力が封じられた戦符（ＴＯ専用武器）
talisman,0x08CD41DC,0x08CD3DFC,4,Fujin,talisman#33,風神
talisman,0x08CD41E0,0x08CD3E04,8,Fujin,talisman#34,フウジン
talisman,0x08CD41E4,0x08CD3E10,38,A talisman imbued with the power of the wind god. (Tales Exclusive Weapon),talisman#35,風神の力が込められた符（ＴＯ専用武器）
talisman,0x08CD4208,0x08CD3E38,4,Yaksha,talisman#36,夜叉
talisman,0x08CD420C,0x08CD3E40,6,Yaksha,talisman#37,ヤシャ
talisman,0x08CD4210,0x08CD3E48,38,A talisman imbued with the power of a fierce deity. (Tales Exclusive Weapon),talisman#38,鬼神の力が込められた符（ＴＯ専用武器）
talisman,0x08CD4234,0x08CD3E70,4,Raijin,talisman#39,雷神
talisman,0x08CD4238,0x08CD3E78,8,Raijin,talisman#40,ライジン
talisman,0x08CD423C,0x08CD3E84,38,A talisman imbued with the power of the thunder god. (Tales Exclusive Weapon),talisman#41,雷神の力が込められた符（ＴＯ専用武器）
talisman,0x08CD4260,0x08CD3EAC,4,Fenghuang,talisman#42,鳳凰
talisman,0x08CD4264,0x08CD3EB4,8,Fenghuang,talisman#43,ホウオウ
talisman,0x08CD4268,0x08CD3EC0,56,A sacred talisman sealing a divine bird to command its might. (Tales Exclusive Weapon),talisman#44,神鳥を封じ、その力を行使出来るという霊符（ＴＯ専用武器）
talisman,0x08CD428C,0x08CD3EFC,6,Asura,talisman#45,阿修羅
talisman,0x08CD4290,0x08CD3F04,8,Asura,talisman#46,アシュラ
talisman,0x08CD4294,0x08CD3F10,46,A demonic talisman capable of wielding an evil god's power. (Tales Exclusive Weapon),talisman#47,邪神の力を行使出来るという魔符（ＴＯ専用武器）
talisman,0x08CD42B8,0x08CD3F40,4,Kamui,talisman#48,神威
talisman,0x08CD42BC,0x08CD3F48,6,Kamui,talisman#49,カムイ
talisman,0x08CD42C0,0x08CD3F50,44,A divine talisman receiving the protection of numerous spirits. (Tales Exclusive Weapon),talisman#50,様々な神霊の加護を受けた神符（ＴＯ専用武器）
talisman,0x08CD42E4,0x08CD3F80,4,Amaterasu,talisman#51,天照
talisman,0x08CD42E8,0x08CD3F88,10,Amaterasu,talisman#52,アマテラス
talisman,0x08CD42EC,0x08CD3F94,38,A sacred talisman bestowed by the goddess of the sun. (Tales Exclusive Weapon),talisman#53,日の女神より賜った聖符（ＴＯ専用武器）
talisman,0x08CD4310,0x08CD3FBC,12,Max Value (Talisman),talisman#54,最大値（符）
straw,0x08CD4848,0x08CD4350,8,Straw,straw#0,ストロー
straw,0x08CD484C,0x08CD4350,8,Straw,straw#0,ストロー
straw,0x08CD4850,0x08CD435C,38,A sturdily crafted straw. (Tales Exclusive Weapon),straw#1,丈夫に作られたストロー（ＴＯ専用武器）
straw,0x08CD4874,0x08CD4384,16,Iron Straw,straw#2,アイアンストロー
straw,0x08CD4878,0x08CD4384,16,Iron Straw,straw#2,アイアンストロー
straw,0x08CD487C,0x08CD4398,44,A straw formed by rolling thin iron plate. (Tales Exclusive Weapon),straw#3,薄い鉄板を筒状にしたストロー（ＴＯ専用武器）
straw,0x08CD48A0,0x08CD43C8,16,Flame Straw,straw#4,フレイムストロー
straw,0x08CD48A4,0x08CD43C8,16,Flame Straw,straw#4,フレイムストロー
straw,0x08CD48A8,0x08CD43DC,38,A straw that sprays flames. (Tales Exclusive Weapon),straw#5,炎を吹きかけるストロー（ＴＯ専用武器）
straw,0x08CD48CC,0x08CD4404,18,Water Straw,straw#6,ウォーターストロー
straw,0x08CD48D0,0x08CD4404,18,Water Straw,straw#6,ウォーターストロー
straw,0x08CD48D4,0x08CD4418,54,A straw that sprays high-pressure water jets. (Tales Exclusive Weapon),straw#7,ウォータージェットを吹きかけるストロー（ＴＯ専用武器）
straw,0x08CD48F8,0x08CD4450,16,Bronze Straw,straw#8,ブロンズストロー
straw,0x08CD48FC,0x08CD4450,16,Bronze Straw,straw#8,ブロンズストロー
straw,0x08CD4900,0x08CD4464,36,A straw made of bronze. (Tales Exclusive Weapon),straw#9,ブロンズ製のストロー（ＴＯ専用武器）
straw,0x08CD4924,0x08CD448C,16,Grave Straw,straw#10,グレイブストロー
straw,0x08CD4928,0x08CD448C,16,Grave Straw,straw#10,グレイブストロー
straw,0x08CD492C,0x08CD44A0,48,A straw that blows out small rocks. (Tales Exclusive Weapon),straw#11,小ぶりな岩石を吹きかけるストロー（ＴＯ専用武器）
straw,0x08CD4950,0x08CD44D4,16,Silver Straw,straw#12,シルバーストロー
straw,0x08CD4954,0x08CD44D4,16,Silver Straw,straw#12,シルバーストロー
straw,0x08CD4958,0x08CD44E8,38,An unbreakable straw made of silver. (Tales Exclusive Weapon),straw#13,銀製の折れないストロー（ＴＯ専用武器）
straw,0x08CD497C,0x08CD4510,16,Wind Straw,straw#14,ウィンドストロー
straw,0x08CD4980,0x08CD4510,16,Wind Straw,straw#14,ウィンドストロー
straw,0x08CD4984,0x08CD4524,46,A straw that generates wind scythes. (Tales Exclusive Weapon),straw#15,カマイタチを発生させるストロー（ＴＯ専用武器）
straw,0x08CD49A8,0x08CD4554,16,Poison Straw,straw#16,ポイズンストロー
straw,0x08CD49AC,0x08CD4554,16,Poison Straw,straw#16,ポイズンストロー
straw,0x08CD49B0,0x08CD4568,44,A dangerous straw that sprays poison. (Tales Exclusive Weapon),straw#17,毒を吹きかける危険なストロー（ＴＯ専用武器）
straw,0x08CD49D4,0x08CD4598,8,Piyoro,straw#18,ピヨロー
straw,0x08CD49D8,0x08CD4598,8,Piyoro,straw#18,ピヨロー
straw,0x08CD49DC,0x08CD45A4,56,A straw modeled after the beloved chick Piyo Piyo. (Tales Exclusive Weapon),straw#19,お子様に大人気のピヨピヨを模したストロー（ＴＯ専用武器）
straw,0x08CD4A00,0x08CD45E0,12,Love Straw,straw#20,ラブストロー
straw,0x08CD4A04,0x08CD45E0,12,Love Straw,straw#20,ラブストロー
straw,0x08CD4A08,0x08CD45F0,52,A lovely straw adorned with heart shapes and ribbons. (Tales Exclusive Weapon),straw#21,ハート型とリボンがラブリーなストロー（ＴＯ専用武器）
straw,0x08CD4A2C,0x08CD4628,18,Strike Straw,straw#22,ストライクストロー
straw,0x08CD4A30,0x08CD4628,18,Strike Straw,straw#22,ストライクストロー
straw,0x08CD4A34,0x08CD463C,44,A straw that never lets targeted prey escape. (Tales Exclusive Weapon),straw#23,狙った獲物は逃さないストロー（ＴＯ専用武器）
straw,0x08CD4A58,0x08CD466C,16,Gold Straw,straw#24,ゴールドストロー
straw,0x08CD4A5C,0x08CD466C,16,Gold Straw,straw#24,ゴールドストロー
straw,0x08CD4A60,0x08CD4680,44,A supreme straw crafted from gold. (Tales Exclusive Weapon),straw#25,黄金で作られた至高のストロー（ＴＯ専用武器）
straw,0x08CD4A84,0x08CD46B0,16,Marble Straw,straw#26,マーブルストロー
straw,0x08CD4A88,0x08CD46B0,16,Marble Straw,straw#26,マーブルストロー
straw,0x08CD4A8C,0x08CD46C4,44,A cute straw with a striped pattern. (Tales Exclusive Weapon),straw#27,しましま模様が可愛いストロー（ＴＯ専用武器）
straw,0x08CD4AB0,0x08CD46F4,16,Love-Love Straw,straw#28,ラブラブストロー
straw,0x08CD4AB4,0x08CD46F4,16,Love-Love Straw,straw#28,ラブラブストロー
straw,0x08CD4AB8,0x08CD4708,58,"A straw overflowing with love, adorned with multiple hearts. (Tales Exclusive Weapon)",straw#29,ハートを幾つもあしらった溢れる愛のストロー（ＴＯ専用武器）
straw,0x08CD4ADC,0x08CD4744,16,Mithril Straw,straw#30,ミスリルストロー
straw,0x08CD4AE0,0x08CD4744,16,Mithril Straw,straw#30,ミスリルストロー
straw,0x08CD4AE4,0x08CD4758,48,An absolutely unbreakable straw made of mithril. (Tales Exclusive Weapon),straw#31,ミスリル製の絶対折れないストロー（ＴＯ専用武器）
straw,0x08CD4B08,0x08CD478C,16,Scope Straw,straw#32,スコープストロー
straw,0x08CD4B0C,0x08CD478C,16,Scope Straw,straw#32,スコープストロー
straw,0x08CD4B10,0x08CD47A0,40,A straw fitted with a scope. (Tales Exclusive Weapon),straw#33,スコープの付いたストロー（ＴＯ専用武器）
straw,0x08CD4B34,0x08CD47CC,16,Platinum Straw,straw#34,プラチナストロー
straw,0x08CD4B38,0x08CD47CC,16,Platinum Straw,straw#34,プラチナストロー
straw,0x08CD4B3C,0x08CD47E0,38,An ultra-luxurious straw made of platinum. (Tales Exclusive Weapon),straw#35,白金製の超高級ストロー（ＴＯ専用武器）
straw,0x08CD4B60,0x08CD4808,18,Max Value (Straw),straw#36,最大値（ストロー）
pen,0x08CD510C,0x08CD4B9C,6,Quill Pen,pen#0,羽ペン
pen,0x08CD5110,0x08CD4BA4,8,Quill Pen,pen#1,ハネペン
pen,0x08CD5114,0x08CD4BB0,36,A writing instrument made from a bird feather. (Tales Exclusive Weapon),pen#2,鳥の羽を使った筆記具（ＴＯ専用武器）
pen,0x08CD5138,0x08CD4BD8,8,Correction Pen,pen#3,矯正ペン
pen,0x08CD513C,0x08CD4BE4,14,Correction Pen,pen#4,キョウセイペン
pen,0x08CD5140,0x08CD4BF4,56,An editor's favorite pen that overlooks not a single mistake. (Tales Exclusive Weapon),pen#5,僅かなミスも見逃さない編集者御用達のペン（ＴＯ専用武器）
pen,0x08CD5164,0x08CD4C30,6,Red Pen,pen#6,赤ペン
pen,0x08CD5168,0x08CD4C38,8,Red Pen,pen#7,アカペン
pen,0x08CD516C,0x08CD4C44,28,A pen used for grading. (Tales Exclusive Weapon),pen#8,採点用のペン（ＴＯ専用武器）
pen,0x08CD5190,0x08CD4C64,8,Chalk,pen#9,ロウセキ
pen,0x08CD5194,0x08CD4C64,8,Chalk,pen#9,ロウセキ
pen,0x08CD5198,0x08CD4C70,44,A writing tool used by children for doodling. (Tales Exclusive Weapon),pen#10,子どもがラクガキに使う筆記具（ＴＯ専用武器）
pen,0x08CD51BC,0x08CD4CA0,6,Fountain Pen,pen#11,万年筆
pen,0x08CD51C0,0x08CD4CA8,12,Fountain Pen,pen#12,マンネンヒツ
pen,0x08CD51C4,0x08CD4CB8,54,A convenient pen holding ink in its grip. (Tales Exclusive Weapon),pen#13,グリップにインクが溜められた便利なペン（ＴＯ専用武器）
pen,0x08CD51E8,0x08CD4CF0,16,High Grade Pen,pen#14,ハイグレードペン
pen,0x08CD51EC,0x08CD4CF0,16,High Grade Pen,pen#14,ハイグレードペン
pen,0x08CD51F0,0x08CD4D04,42,A writing instrument pursuing supreme ease of use. (Tales Exclusive Weapon),pen#15,使いやすさを追求した筆記具（ＴＯ専用武器）
pen,0x08CD5214,0x08CD4D30,4,Writing Brush,pen#16,毛筆
pen,0x08CD5218,0x08CD4D38,8,Writing Brush,pen#17,モウヒツ
pen,0x08CD521C,0x08CD4D44,52,A brush bundling animal hair to write characters with ink. (Tales Exclusive Weapon),pen#18,動物の毛を束ね、墨を使って字を書く筆（ＴＯ専用武器）
pen,0x08CD5240,0x08CD4D7C,14,Mapping Pen,pen#19,マッピングペン
pen,0x08CD5244,0x08CD4D7C,14,Mapping Pen,pen#19,マッピングペン
pen,0x08CD5248,0x08CD4D8C,48,A pen for cartography capable of drawing uniform lines. (Tales Exclusive Weapon),pen#20,均一の線が引ける地図作成用のペン（ＴＯ専用武器）
pen,0x08CD526C,0x08CD4DC0,6,G-Pen,pen#21,Ｇペン
pen,0x08CD5270,0x08CD4DC8,8,G-Pen,pen#22,ジーペン
pen,0x08CD5274,0x08CD4DD4,48,A versatile pen capable of drawing varied line thickness. (Tales Exclusive Weapon),pen#23,強弱の付いた線が引ける器用なペン（ＴＯ専用武器）
pen,0x08CD5298,0x08CD4E08,10,Combat Pen,pen#24,戦闘用ペン
pen,0x08CD529C,0x08CD4E14,16,Combat Pen,pen#25,セントウヨウペン
pen,0x08CD52A0,0x08CD4E28,40,"A writing instrument with a hard, sharp pen tip. (Tales Exclusive Weapon)",pen#26,硬くて鋭いペン先の筆記具（ＴＯ専用武器）
pen,0x08CD52C4,0x08CD4E54,6,Eternity Pen,pen#27,億年筆
pen,0x08CD52C8,0x08CD4E5C,12,Eternity Pen,pen#28,オクネンヒツ
pen,0x08CD52CC,0x08CD4E6C,44,A pen said to be usable for eternity. (Tales Exclusive Weapon),pen#29,永久に使用可能といわれるペン（ＴＯ専用武器）
pen,0x08CD52F0,0x08CD4E9C,8,Master Writer's Brush,pen#30,文豪の筆
pen,0x08CD52F4,0x08CD4EA8,14,Master Writer's Brush,pen#31,ブンゴウノフデ
pen,0x08CD52F8,0x08CD4EB8,44,A brush that has produced numerous masterpieces. (Tales Exclusive Weapon),pen#32,多くの傑作を生み出してきた筆（ＴＯ専用武器）
pen,0x08CD531C,0x08CD4EE8,12,Signing Ceremony Pen,pen#33,調印式のペン
pen,0x08CD5320,0x08CD4EF8,20,Signing Ceremony Pen,pen#34,チョウインシキノペン
pen,0x08CD5324,0x08CD4F10,50,A pen used during treaty agreements between nations. (Tales Exclusive Weapon),pen#35,国家間取り決めの時に用いられるペン（ＴＯ専用武器）
pen,0x08CD5348,0x08CD4F44,12,Kobo's Brush,pen#36,コウボウの筆
pen,0x08CD534C,0x08CD4F54,14,Kobo's Brush,pen#37,コウボウノフデ
pen,0x08CD5350,0x08CD4F64,48,A noble writing brush that occasionally slips up characters. (Tales Exclusive Weapon),pen#38,たまに字を間違える高貴なる筆記具（ＴＯ専用武器）
pen,0x08CD5374,0x08CD4F98,12,Magic Pen,pen#39,マジックペン
pen,0x08CD5378,0x08CD4F98,12,Magic Pen,pen#39,マジックペン
pen,0x08CD537C,0x08CD4FA8,42,A mysterious pen that writes with magical power. (Tales Exclusive Weapon),pen#40,魔力で字を書く不思議なペン（ＴＯ専用武器）
pen,0x08CD53A0,0x08CD4FD4,10,Pen of Retirement,pen#41,断筆のペン
pen,0x08CD53A4,0x08CD4FE0,14,Pen of Retirement,pen#42,ダンピツノペン
pen,0x08CD53A8,0x08CD4FF0,50,The tragic pen once used by an author who gave up writing. (Tales Exclusive Weapon),pen#43,断筆した作家が使っていた非業のペン（ＴＯ専用武器）
pen,0x08CD53CC,0x08CD5024,16,Pen Mightier Than the Sword,pen#44,剣よりも強いペン
pen,0x08CD53D0,0x08CD5038,20,Pen Mightier Than the Sword,pen#45,ケンヨリモツヨイペン
pen,0x08CD53D4,0x08CD5050,38,A rousing word from a pen strikes harder than a sword. (Tales Exclusive Weapon),pen#46,剣の一撃よりペンの一檄（ＴＯ専用武器）
pen,0x08CD53F8,0x08CD5078,12,Angel Quill Pen,pen#47,天使の羽ペン
pen,0x08CD53FC,0x08CD5088,16,Angel Quill Pen,pen#48,テンシノハネペン
pen,0x08CD5400,0x08CD509C,48,A pen used to record divine oracles. (Tales Exclusive Weapon),pen#49,神託を記録する為に用いられるペン（ＴＯ専用武器）
pen,0x08CD5424,0x08CD50D0,14,Max Value (Pen),pen#50,最大値（ペン）
sash,0x08CD59A8,0x08CD5460,8,Sash,sash#0,サッシュ
sash,0x08CD59AC,0x08CD5460,8,Sash,sash#0,サッシュ
sash,0x08CD59B0,0x08CD546C,60,An elastic waistcloth woven from fibers with high mana conductivity. (Tales Exclusive Weapon),sash#1,マナ伝導率の高い繊維で編まれた伸縮自在の腰布（ＴＯ専用武器）
sash,0x08CD59D4,0x08CD54AC,8,Leather Whip,sash#2,皮のムチ
sash,0x08CD59D8,0x08CD54B8,10,Leather Whip,sash#3,カワノムチ
sash,0x08CD59DC,0x08CD54C4,58,A single-tail whip often mistaken for rough training or torture. (Tales Exclusive Weapon),sash#4,荒っぽい調教や拷問用と考えられがちな一本鞭（ＴＯ専用武器）
sash,0x08CD5A00,0x08CD5500,6,Tape Measure,sash#5,巻き尺
sash,0x08CD5A04,0x08CD5508,10,Tape Measure,sash#6,マキジャク
sash,0x08CD5A08,0x08CD5514,56,A tool used to check various curious measurements. (Tales Exclusive Weapon),sash#7,色々と気になるサイズをチェック出来る道具（ＴＯ専用武器）
sash,0x08CD5A2C,0x08CD5550,18,King Size Belt,sash#8,キングサイズベルト
sash,0x08CD5A30,0x08CD5550,18,King Size Belt,sash#8,キングサイズベルト
sash,0x08CD5A34,0x08CD5564,50,A belt of almost unimaginable size. (Tales Exclusive Weapon),sash#9,ちょっと考えられないサイズのベルト（ＴＯ専用武器）
sash,0x08CD5A58,0x08CD5598,16,Endless Heart,sash#10,エンドレスハート
sash,0x08CD5A5C,0x08CD5598,16,Endless Heart,sash#10,エンドレスハート
sash,0x08CD5A60,0x08CD55AC,52,Cloth patterned with a motif of heart-shaped petals. (Tales Exclusive Weapon),sash#11,ハート形の花びらをモチーフにした反物（ＴＯ専用武器）
sash,0x08CD5A84,0x08CD55E4,20,Perfect Green,sash#12,パーフェクトグリーン
sash,0x08CD5A88,0x08CD55E4,20,Perfect Green,sash#12,パーフェクトグリーン
sash,0x08CD5A8C,0x08CD55FC,54,A dyed fabric of pure green that never fades. (Tales Exclusive Weapon),sash#13,決して色あせる事の無い完全な緑色の染物（ＴＯ専用武器）
sash,0x08CD5AB0,0x08CD5634,14,Rivet Belt,sash#14,リベットベルト
sash,0x08CD5AB4,0x08CD5634,14,Rivet Belt,sash#14,リベットベルト
sash,0x08CD5AB8,0x08CD5644,52,A belt studded with rivets along its strap. (Tales Exclusive Weapon),sash#15,帯にリベットが埋め込まれているベルト（ＴＯ専用武器）
sash,0x08CD5ADC,0x08CD567C,14,Resolve Scroll,sash#16,カクゴノキロク
sash,0x08CD5AE0,0x08CD567C,14,Resolve Scroll,sash#16,カクゴノキロク
sash,0x08CD5AE4,0x08CD568C,48,A blood-sealed scroll filled with desperate determination. (Tales Exclusive Weapon),sash#17,決死の想いが込められた血判の巻物（ＴＯ専用武器）
sash,0x08CD5B08,0x08CD56C0,18,Glowing Ribbon,sash#18,グローイングリボン
sash,0x08CD5B0C,0x08CD56C0,18,Glowing Ribbon,sash#18,グローイングリボン
sash,0x08CD5B10,0x08CD56D4,54,A ribbon soaked in liquid mana conductors. (Tales Exclusive Weapon),sash#19,液体状のマナ伝導体をしみこませたリボン（ＴＯ専用武器）
sash,0x08CD5B34,0x08CD570C,18,Grim Guardian,sash#20,グリムカーディアン
sash,0x08CD5B38,0x08CD570C,18,Grim Guardian,sash#20,グリムカーディアン
sash,0x08CD5B3C,0x08CD5720,50,A special chain forged from bronze statues of ancient temples. (Tales Exclusive Weapon),sash#21,古代神殿の銅像から作られた特殊な鎖（ＴＯ専用武器）
sash,0x08CD5B60,0x08CD5754,14,Ever Blue,sash#22,エヴァーブルー
sash,0x08CD5B64,0x08CD5754,14,Ever Blue,sash#22,エヴァーブルー
sash,0x08CD5B68,0x08CD5764,46,A fortunate dyed cloth used by sea-dwelling folk. (Tales Exclusive Weapon),sash#23,海洋民族が使った幸運を呼ぶ染物（ＴＯ専用武器）
sash,0x08CD5B8C,0x08CD5794,16,Twinkle Star,sash#24,ティンクルスター
sash,0x08CD5B90,0x08CD5794,16,Twinkle Star,sash#24,ティンクルスター
sash,0x08CD5B94,0x08CD57A8,54,Part of a cloak worn by a legendary mage. (Tales Exclusive Weapon),sash#25,伝説の魔術師が着用していたマントの一部（ＴＯ専用武器）
sash,0x08CD5BB8,0x08CD57E0,12,Psychedelica,sash#26,サイケデリカ
sash,0x08CD5BBC,0x08CD57E0,12,Psychedelica,sash#26,サイケデリカ
sash,0x08CD5BC0,0x08CD57F0,48,A long sash painted with patterns having high bewitching effects. (Tales Exclusive Weapon),sash#27,幻惑効果の高い模様が描かれた長帯（ＴＯ専用武器）
sash,0x08CD5BE4,0x08CD5824,16,Death Contrast,sash#28,デスコントラスト
sash,0x08CD5BE8,0x08CD5824,16,Death Contrast,sash#28,デスコントラスト
sash,0x08CD5BEC,0x08CD5838,50,A fragment of a painting bearing traces of a sealed entity. (Tales Exclusive Weapon),sash#29,何かを封印した痕跡のある絵画の一片（ＴＯ専用武器）
sash,0x08CD5C10,0x08CD586C,8,Anubis,sash#30,アヌビス
sash,0x08CD5C14,0x08CD586C,8,Anubis,sash#30,アヌビス
sash,0x08CD5C18,0x08CD5878,32,A fragment of a cursed painting. (Tales Exclusive Weapon),sash#31,呪いの絵画の一片（ＴＯ専用武器）
sash,0x08CD5C3C,0x08CD589C,14,Milky Way,sash#32,ミルキーウェイ
sash,0x08CD5C40,0x08CD589C,14,Milky Way,sash#32,ミルキーウェイ
sash,0x08CD5C44,0x08CD58AC,54,A beautiful fabric depicting a starry sky with golden threads. (Tales Exclusive Weapon),sash#33,金糸を使い満天の星空を描いた美しい織物（ＴＯ専用武器）
sash,0x08CD5C68,0x08CD58E4,10,Aspion,sash#34,アスピオン
sash,0x08CD5C6C,0x08CD58E4,10,Aspion,sash#34,アスピオン
sash,0x08CD5C70,0x08CD58F0,52,A weapon made by cutting mana-treated sashes to appropriate length. (Tales Exclusive Weapon),sash#35,マナ加工の帯を適当な長さに切った武器（ＴＯ専用武器）
sash,0x08CD5C94,0x08CD5928,20,Sacred Chain,sash#36,セイクリッドチェーン
sash,0x08CD5C98,0x08CD5928,20,Sacred Chain,sash#36,セイクリッドチェーン
sash,0x08CD5C9C,0x08CD5940,42,A chain crafted from a mysterious metal. (Tales Exclusive Weapon),sash#37,なぞの金属で作られている鎖（ＴＯ専用武器）
sash,0x08CD5CC0,0x08CD596C,12,Max Value (Sash),sash#38,最大値（帯）
