id,cena,ordem,ator,falante,tipo,idx_string,bytes_jp,repetida,control_codes,original,traducao,status,nota
mev00_010.scr:0,mev00_010.scr,0,203,(narracao),narracao,1,54,,CRLF x1,世界樹の恩恵によって、\n人々が暮らす世界「ルミナシア」,,pendente,
mev00_010.scr:1,mev00_010.scr,1,203,(narracao),narracao,2,44,,,世界樹が生み出したとされる「マナ」と「星晶」,,pendente,
mev00_010.scr:2,mev00_010.scr,2,203,(narracao),narracao,3,72,,CRLF x1,人々は、「星晶」をエネルギー資源とし、\n文明はめまぐるしく発展していった,,pendente,
mev00_010.scr:3,mev00_010.scr,3,203,(narracao),narracao,4,84,,CRLF x1,やがて、世界中の大国は「星晶」の保有を求め、\n各地で争いが繰り広げられるようになった,,pendente,
mev00_010.scr:4,mev00_010.scr,4,203,(narracao),narracao,5,74,,CRLF x2,混迷していく世界。\n閉塞した時代の中、\n人々は一人の救世主を待ち望んでいた,,pendente,
mev00_010.scr:5,mev00_010.scr,5,203,(narracao),narracao,6,112,,CRLF x2,世界樹の守り手「ディセンダー」。\n太古より予言されていたそれは、\n世界樹より生み出され、世界を守護する為に現れる,,pendente,
mev00_010.scr:6,mev00_010.scr,6,203,(narracao),narracao,7,84,,CRLF x1,「ディセンダー」に過去の履歴は一切ない。\n国も家族も記憶もなく、在るのは自由と命のみ,,pendente,
mev00_010.scr:7,mev00_010.scr,7,203,(narracao),narracao,8,44,,CRLF x1,何も知らぬ無垢な者。\n不可能も恐れも知らぬ者,,pendente,
mev00_010.scr:8,mev00_010.scr,8,203,(narracao),narracao,9,66,,CRLF x1,そして、かの者は光を奪わず。\n惜しみなく全てのものに光を分け与えん,,pendente,
mev00_010.scr:9,mev00_010.scr,9,203,(narracao),narracao,10,84,,CRLF x2,それは自由の灯火なり。\n己に対する幻想を持たぬ者。\n幼子のようにその瞬間を生きる者…,,pendente,
mev00_010.scr:10,mev00_010.scr,10,203,(narracao),narracao,12,54,,CRLF x1,世界樹の恩恵によって、\n人々が暮らす世界「ルミナシア」,,pendente,
mev00_010.scr:11,mev00_010.scr,11,203,(narracao),narracao,71,44,,,世界樹が生み出したとされる「マナ」と「星晶」,,pendente,
mev00_010.scr:12,mev00_010.scr,12,203,(narracao),narracao,72,72,,CRLF x1,人々は、「星晶」をエネルギー資源とし、\n文明はめぐるましく発展していった,,pendente,
mev00_010.scr:13,mev00_010.scr,13,203,(narracao),narracao,73,84,,CRLF x1,やがて、世界中の大国は「星晶」の保有を求め、\n各地で争いが繰り広げられるようになった,,pendente,
mev00_010.scr:14,mev00_010.scr,14,203,(narracao),narracao,74,74,,CRLF x2,混迷していく世界。\n閉塞した時代の中、\n人々は一人の救世主を待ち望んでいた,,pendente,
mev00_010.scr:15,mev00_010.scr,15,203,(narracao),narracao,75,112,,CRLF x2,世界樹の守り手「ディセンダー」。\n太古より予言されていたそれは、\n世界樹より生み出され、世界を守護する為に現れる,,pendente,
mev00_010.scr:16,mev00_010.scr,16,203,(narracao),narracao,76,84,,CRLF x1,「ディセンダー」に過去の履歴は一切ない。\n国も家族も記憶もなく、在るのは自由と命のみ,,pendente,
mev00_010.scr:17,mev00_010.scr,17,203,(narracao),narracao,77,44,,CRLF x1,何も知らぬ無垢な者。\n不可能も恐れも知らぬ者,,pendente,
mev00_010.scr:18,mev00_010.scr,18,203,(narracao),narracao,78,66,,CRLF x1,そして、かの者は光を奪わず。\n惜しみなく全てのものに光を分け与えん,,pendente,
mev00_010.scr:19,mev00_010.scr,19,203,(narracao),narracao,79,84,,CRLF x2,それは自由の灯火なり。\n己に対する幻想を持たぬ者。\n幼子のようにその瞬間を生きる者…,,pendente,
mev00_020.scr:0,mev00_020.scr,0,86,カノンノ,personagem,1,58,,CRLF x2,さて、と。\n今回の仕事も、これで終わり！\n船に戻らなくちゃ,,pendente,
mev00_020.scr:1,mev00_020.scr,1,86,カノンノ,personagem,2,10,,,何だろう…,,pendente,
mev00_020.scr:2,mev00_020.scr,2,86,カノンノ,personagem,3,24,,,迎えまで、まだ時間がある,,pendente,
mev00_020.scr:3,mev00_020.scr,3,86,カノンノ,personagem,4,12,,,行ってみよう,,pendente,
mev00_030.scr:0,mev00_030.scr,0,86,カノンノ,personagem,2,12,,,何…、光…？,,pendente,
mev00_030.scr:1,mev00_030.scr,1,86,カノンノ,personagem,3,32,,CRLF x1,人…、だ！？\n空から人が降りて…,,pendente,
mev00_040.scr:0,mev00_040.scr,0,86,カノンノ,personagem,0,68,,CRLF x2,気が付いて良かった。\n空から降りて来たんだもん。\nすっごく驚いたよ！,,pendente,
mev00_040.scr:1,mev00_040.scr,1,86,カノンノ,personagem,1,24,,,あれは、何かの魔術なの？,,pendente,
mev00_040.scr:2,mev00_040.scr,2,86,カノンノ,personagem,2,44,,CRLF x1,覚えて無いの？\nあなた、空から降りて来たのよ,,pendente,
mev00_040.scr:3,mev00_040.scr,3,86,カノンノ,personagem,5,54,,CRLF x2,そう。\n光に包まれて、\n空からフワフワ降りて来たんだよ,,pendente,
mev00_040.scr:4,mev00_040.scr,4,86,カノンノ,personagem,6,60,,CRLF x2,違うの？\nスゴイ魔術で空を飛んだのかなあって\n思ったんだけど,,pendente,
mev00_040.scr:5,mev00_040.scr,5,86,カノンノ,personagem,7,104,,CRLF x2,ともかく、気が付いて良かった。\nまるで眠ってしまった様な状態だったもの。\nここは魔物が多くて危険だから…,,pendente,
mev00_040.scr:6,mev00_040.scr,6,86,カノンノ,personagem,8,52,,CRLF x2,私はカノンノ。\nカノンノ・グラスバレー。\nあなたは？,,pendente,
mev00_040.scr:7,mev00_040.scr,7,86,カノンノ,personagem,11,20,,CRLF x1,○○…。\nいい名前ね,,pendente,
mev00_040.scr:8,mev00_040.scr,8,86,カノンノ,personagem,12,46,,CRLF x1,とりあえず、ここは危険だから\n山を降りましょう,,pendente,
mev00_040.scr:9,mev00_040.scr,9,,(opcao do jogador),escolha,3,30,,,空から降りたのが本当か、尋ねる,,pendente,
mev00_040.scr:10,mev00_040.scr,10,,(opcao do jogador),escolha,4,22,,,魔術とは何か、と尋ねる,,pendente,
mev00_040.scr:11,mev00_040.scr,11,,(opcao do jogador),escolha,9,6,,,名乗る,,pendente,
mev00_040.scr:12,mev00_040.scr,12,,(opcao do jogador),escolha,10,24,,,自信はないが名乗ってみる,,pendente,
mev00_050.scr:0,mev00_050.scr,0,86,カノンノ,personagem,0,20,,,あっちゃあ…、魔物だ,,pendente,
mev00_050.scr:1,mev00_050.scr,1,86,カノンノ,personagem,1,24,,,通してくれそうに無いなぁ,,pendente,
mev00_050.scr:2,mev00_050.scr,2,86,カノンノ,personagem,4,60,,CRLF x2,ホント！？\nじゃあ、私もサポートするから、\nここは頑張ろう！,,pendente,
mev00_050.scr:3,mev00_050.scr,3,86,カノンノ,personagem,5,50,,CRLF x1,そうみたいだね…。\n倒さないと、先には進めなさそう,,pendente,
mev00_050.scr:4,mev00_050.scr,4,86,カノンノ,personagem,6,34,,CRLF x1,えっ。\n○○も手伝ってくれるって？,,pendente,
mev00_050.scr:5,mev00_050.scr,5,86,カノンノ,personagem,7,28,,,うん、じゃあ、一緒に戦おう！,,pendente,
mev00_050.scr:6,mev00_050.scr,6,86,カノンノ,personagem,8,16,,,じゃあ、行くよ！,,pendente,
mev00_050.scr:7,mev00_050.scr,7,,(opcao do jogador),escolha,2,24,,,武器を持ってる事を伝える,,pendente,
mev00_050.scr:8,mev00_050.scr,8,,(opcao do jogador),escolha,3,14,,,戦う事を伝える,,pendente,
mev00_060.scr:0,mev00_060.scr,0,86,カノンノ,personagem,2,14,,,大丈夫だった？,,pendente,
mev00_060.scr:1,mev00_060.scr,1,86,カノンノ,personagem,3,56,,CRLF x1,あ、そろそろ船が到着する時間だ。\n急いで山を降りなきゃ！,,pendente,
mev00_060.scr:2,mev00_060.scr,2,86,カノンノ,personagem,4,32,,,少し急ぐ事になるけど、いいかな？,,pendente,
mev00_060.scr:3,mev00_060.scr,3,86,カノンノ,personagem,5,66,,CRLF x1,船に乗ったら、あなたの希望する場所へ\n送ってもらえる様に伝えるから,,pendente,
mev00_060.scr:4,mev00_060.scr,4,86,カノンノ,personagem,8,80,,CRLF x2,そう。\nどこかへ行こうとしていたんでしょう？\nそれで、ここへ降りてしまったとか…,,pendente,
mev00_060.scr:5,mev00_060.scr,5,86,カノンノ,personagem,9,44,,CRLF x1,え…？\nどこへ行ったらいいのか、わからない？,,pendente,
mev00_060.scr:6,mev00_060.scr,6,86,カノンノ,personagem,10,8,,,え………,,pendente,
mev00_060.scr:7,mev00_060.scr,7,86,カノンノ,personagem,11,48,,CRLF x1,ええっ！？\n自分の名前以外、何もわからないって…,,pendente,
mev00_060.scr:8,mev00_060.scr,8,86,カノンノ,personagem,12,46,,CRLF x1,んーんんん…。\nそれじゃあ、どうすればいいかな,,pendente,
mev00_060.scr:9,mev00_060.scr,9,86,カノンノ,personagem,13,54,,CRLF x1,とりあえず、船までおいでよ。\nそれから一緒に考えるから,,pendente,
mev00_060.scr:10,mev00_060.scr,10,86,カノンノ,personagem,14,8,,,行こっ！,,pendente,
mev00_060.scr:11,mev00_060.scr,11,,(mensagem de sistema),sistema,0,56,,CRLF x1,モンスターを倒すと、\nアイテムをドロップする事があります,,pendente,
mev00_060.scr:12,mev00_060.scr,12,,(mensagem de sistema),sistema,1,62,,CRLF x1,なお、ドロップするアイテムは\nモンスターの種類により異なります,,pendente,
mev00_060.scr:13,mev00_060.scr,13,,(opcao do jogador),escolha,6,24,,,希望する場所について悩む,,pendente,
mev00_060.scr:14,mev00_060.scr,14,,(opcao do jogador),escolha,7,18,,,送ると言われて悩む,,pendente,
mev00_060.scr:15,mev00_060.scr,15,,(mensagem de sistema),sistema,15,108,,CRLF x2,△ボタンを押すとメニューを起動します。\nメニューからアイテムの使用や、\nステータスで状態の確認などが出来ます,,pendente,
mev00_060.scr:16,mev00_060.scr,16,,(mensagem de sistema),sistema,16,58,,CRLF x1,×ボタンを押すと、ミニマップを表示し、\n周囲を確認出来ます,,pendente,
mev00_060.scr:17,mev00_060.scr,17,,(mensagem de sistema),sistema,17,46,,CRLF x1,再び非表示にするには、\n×ボタンを押して下さい,,pendente,
mev00_070.scr:0,mev00_070.scr,0,86,カノンノ,personagem,1,56,,CRLF x2,あれ？\nまだ船が到着してない。\n私達の方が、先だったかな,,pendente,
mev00_070.scr:1,mev00_070.scr,1,86,カノンノ,personagem,2,66,,CRLF x2,ねえ、○○。\nひょっとしたら、あなたは\n記憶喪失なのかもしれないね,,pendente,
mev00_070.scr:2,mev00_070.scr,2,86,カノンノ,personagem,3,66,,CRLF x2,何か、原因があって…。\nそういう状態になっているんじゃ\nないかなぁ,,pendente,
mev00_070.scr:3,mev00_070.scr,3,86,カノンノ,personagem,6,48,,CRLF x1,わからない。\nそれこそ、理由は色々あると思うから,,pendente,
mev00_070.scr:4,mev00_070.scr,4,86,カノンノ,personagem,7,114,,CRLF x2,でも、あなたがこの山へ降りて来た時以前の\n記憶が無い所をみると、あなたを包んでいた\n光に原因があったりするのかなぁ,,pendente,
mev00_070.scr:5,mev00_070.scr,5,86,カノンノ,personagem,8,52,,CRLF x2,…うん。\n今は、無理に思い出そうとしない方が\nいいよ,,pendente,
mev00_070.scr:6,mev00_070.scr,6,86,カノンノ,personagem,9,66,,CRLF x2,あなたが良ければ、\nこれからどうしていけばいいかを\n一緒に考えるよ,,pendente,
mev00_070.scr:7,mev00_070.scr,7,86,カノンノ,personagem,10,12,,,船が来たよ！,,pendente,
mev00_070.scr:8,mev00_070.scr,8,,(opcao do jogador),escolha,4,28,,,記憶喪失の原因について尋ねる,,pendente,
mev00_070.scr:9,mev00_070.scr,9,,(opcao do jogador),escolha,5,10,,,黙っている,,pendente,
mev00_090.scr:0,mev00_090.scr,0,62,アンジュ,personagem,0,18,,,お疲れ様、カノンノ,,pendente,
mev00_090.scr:1,mev00_090.scr,1,62,アンジュ,personagem,1,74,,CRLF x1,あなたが魔物を討伐してくれたお陰で、\nペカン村の人達の移民は無事に済んだよ,,pendente,
mev00_090.scr:2,mev00_090.scr,2,62,アンジュ,personagem,2,26,,,ところで、そちらの男性は？,,pendente,
mev00_090.scr:3,mev00_090.scr,3,86,カノンノ,personagem,3,32,,,彼とは、ルバーブ連山で出会って…,,pendente,
mev00_090.scr:4,mev00_090.scr,4,62,アンジュ,personagem,4,26,,,ところで、そちらの女性は？,,pendente,
mev00_090.scr:5,mev00_090.scr,5,86,カノンノ,personagem,5,34,,,彼女とは、ルバーブ連山で出会って…,,pendente,
mev00_090.scr:6,mev00_090.scr,6,62,アンジュ,personagem,6,32,,,それじゃあ、まずは自己紹介からね,,pendente,
mev00_090.scr:7,mev00_090.scr,7,62,アンジュ,personagem,7,60,,CRLF x1,わたしはアンジュ・セレーナ。\nあなたの話を聞いてもいいかな？,,pendente,
mev00_090.scr:8,mev00_090.scr,8,62,アンジュ,personagem,10,60,,CRLF x2,そう。\n記憶が無いなら、どこに行っていいかも\nわからないよね,,pendente,
mev00_090.scr:9,mev00_090.scr,9,62,アンジュ,personagem,11,40,,,記憶が戻るまで、ここに置くのは構いません,,pendente,
mev00_090.scr:10,mev00_090.scr,10,62,アンジュ,personagem,12,68,,CRLF x1,でも、話を聞く限り体力には自信が\nある様だし、働いてもらいましょうか,,pendente,
mev00_090.scr:11,mev00_090.scr,11,62,アンジュ,personagem,13,72,,CRLF x2,それじゃあ、今からあなたを\nギルド「アドリビトム」の一員として\n迎えるね,,pendente,
mev00_090.scr:12,mev00_090.scr,12,62,アンジュ,personagem,16,60,,CRLF x1,このギルドの名前の事かな？\n古代神官語で「自由」という意味よ,,pendente,
mev00_090.scr:13,mev00_090.scr,13,62,アンジュ,personagem,17,64,,CRLF x1,まあ、おおむねそういうのが多いかな。\nだって、ここはギルドだもの,,pendente,
mev00_090.scr:14,mev00_090.scr,14,62,アンジュ,personagem,18,98,,CRLF x2,ギルドというのは、人々から寄せられる依頼を\nこなす、いわゆる何でも屋さんと思って\nくれればいいかな,,pendente,
mev00_090.scr:15,mev00_090.scr,15,62,アンジュ,personagem,19,62,,CRLF x1,でも、仕事の話よりも、まずは\n他のメンバーとの顔合わせが必要よ,,pendente,
mev00_090.scr:16,mev00_090.scr,16,62,アンジュ,personagem,20,38,,,みんなの所へ行って、挨拶してらっしゃい,,pendente,
mev00_090.scr:17,mev00_090.scr,17,62,アンジュ,personagem,21,40,,,それが終わったら、仕事について教えるから,,pendente,
mev00_090.scr:18,mev00_090.scr,18,62,アンジュ,personagem,22,54,,CRLF x1,カノンノ、みんなへの挨拶に付いて行って\nあげてくれる？,,pendente,
mev00_090.scr:19,mev00_090.scr,19,86,カノンノ,personagem,23,4,,,はい,,pendente,
mev00_090.scr:20,mev00_090.scr,20,86,カノンノ,personagem,24,86,,CRLF x2,それじゃあ、このギルドの拠点となる船、\n「バンエルティア号」の艦内見取り図を\nあげるね,,pendente,
mev00_090.scr:21,mev00_090.scr,21,86,カノンノ,personagem,25,66,,CRLF x2,これを見れば、これから行く場所が\nわかりやすいよ。\n迷ったら見てね,,pendente,
mev00_090.scr:22,mev00_090.scr,22,86,カノンノ,personagem,26,38,,CRLF x1,今、下の階のみんなは\n仕事で外出中なの,,pendente,
mev00_090.scr:23,mev00_090.scr,23,86,カノンノ,personagem,27,88,,CRLF x2,下の階には今行けない様になってるから、\n注意してね。\nまずは、１階のみんなに挨拶に行こう,,pendente,
mev00_090.scr:24,mev00_090.scr,24,86,カノンノ,personagem,28,36,,,それじゃあ、早速見取り図を見てみて！,,pendente,
mev00_090.scr:25,mev00_090.scr,25,,(opcao do jogador),escolha,8,14,,,ありのまま話す,,pendente,
mev00_090.scr:26,mev00_090.scr,26,,(opcao do jogador),escolha,9,16,,,自信は無いが話す,,pendente,
mev00_090.scr:27,mev00_090.scr,27,,(opcao do jogador),escolha,14,26,,,アドリビトムとは何かを聞く,,pendente,
mev00_090.scr:28,mev00_090.scr,28,,(opcao do jogador),escolha,15,28,,,仕事は体力の要る仕事かと聞く,,pendente,
mev00_100.scr:0,mev00_100.scr,0,1,クレス,personagem,0,20,,,やあ、新しい仲間だね,,pendente,
mev00_100.scr:1,mev00_100.scr,1,1,クレス,personagem,1,44,,CRLF x1,僕はクレス・アルベイン。\nこれから、よろしく,,pendente,
mev00_100.scr:2,mev00_100.scr,2,2,ミント,personagem,2,26,,,私はミント・アドネードです,,pendente,
mev00_100.scr:3,mev00_100.scr,3,2,ミント,personagem,3,84,,CRLF x2,アドリビトムのリーダーである\nアンジュさんとは、\n元々教会で修行をした旧知の仲でした,,pendente,
mev00_100.scr:4,mev00_100.scr,4,2,ミント,personagem,4,72,,CRLF x1,ギルドの発足に手を貸して欲しいと便りを頂き、\nアドリビトムに加わりました,,pendente,
mev00_100.scr:5,mev00_100.scr,5,1,クレス,personagem,5,26,,,僕はミントに付いて来たんだ,,pendente,
mev00_100.scr:6,mev00_100.scr,6,1,クレス,personagem,6,74,,CRLF x2,僕は将来、自分の故郷にギルドを\n作りたくてね。\n勉強の為に、ここに居るんだ,,pendente,
mev00_100.scr:7,mev00_100.scr,7,2,ミント,personagem,7,40,,CRLF x1,それでは、\n今後ともよろしくお願いします,,pendente,
mev00_110.scr:0,mev00_110.scr,0,35,マルタ,personagem,0,32,,,あ、キミが新しいメンバーだよね？,,pendente,
mev00_110.scr:1,mev00_110.scr,1,35,マルタ,personagem,1,38,,CRLF x1,私は、マルタ・ルアルディ。\nよろしくね,,pendente,
mev00_110.scr:2,mev00_110.scr,2,35,マルタ,personagem,2,16,,,ほら、エミルも！,,pendente,
mev00_110.scr:3,mev00_110.scr,3,34,エミル,personagem,3,46,,CRLF x1,……あ、…え。\nエ、エミル・キャスタニエ…です,,pendente,
mev00_110.scr:4,mev00_110.scr,4,35,マルタ,personagem,4,102,,CRLF x2,もう！　男なら、はっきりする！\nそんな風に、いちいち他人の顔色窺ってたら\n相手に気を遣わせちゃうでしょ,,pendente,
mev00_110.scr:5,mev00_110.scr,5,34,エミル,personagem,5,20,,,う、うん…、ごめん…,,pendente,
mev00_110.scr:6,mev00_110.scr,6,35,マルタ,personagem,6,74,,CRLF x2,彼、あなたとの初対面で\nちょっと緊張してるみたい。\nでも、すぐになれるから,,pendente,
mev00_110.scr:7,mev00_110.scr,7,35,マルタ,personagem,7,84,,CRLF x2,私達はアンジュと故郷が同じで、\nギルド発足を手伝ったの。\nそのままここで働いてるんだ,,pendente,
mev00_110.scr:8,mev00_110.scr,8,35,マルタ,personagem,8,40,,CRLF x1,今日からキミも仲間だね！\n一緒に頑張ろう,,pendente,
mev00_120.scr:0,mev00_120.scr,0,30,クラトス,personagem,0,74,,CRLF x2,クラトス・アウリオンだ。\nリーダーのアンジュより、\n傭兵として雇われている,,pendente,
mev00_120.scr:1,mev00_120.scr,1,30,クラトス,personagem,1,14,,CRLF x1,…？\nお前は…,,pendente,
mev00_120.scr:2,mev00_120.scr,2,30,クラトス,personagem,2,44,,CRLF x1,いや…、何でもない。\n早く仕事を覚えるのだな,,pendente,
mev00_130.scr:0,mev00_130.scr,0,7,ルーティ,personagem,0,20,,,はいはい、新人さんね,,pendente,
mev00_130.scr:1,mev00_130.scr,1,7,ルーティ,personagem,1,68,,CRLF x1,あたしは、ルーティ・カトレット。\n遺跡発掘専門のトレジャーハンターよ,,pendente,
mev00_130.scr:2,mev00_130.scr,2,6,スタン,personagem,2,36,,CRLF x1,俺は、スタン・エルロン！\nよろしくな,,pendente,
mev00_130.scr:3,mev00_130.scr,3,6,スタン,personagem,3,28,,,フィリアには、もう会ったか？,,pendente,
mev00_130.scr:4,mev00_130.scr,4,6,スタン,personagem,4,68,,CRLF x1,フィリアがさ、世界中の人を手助けする\nギルドに入るって聞いて…、な？,,pendente,
mev00_130.scr:5,mev00_130.scr,5,7,ルーティ,personagem,5,50,,CRLF x1,あたし達も手伝いましょ、って事で\nこの船に乗ったの,,pendente,
mev00_130.scr:6,mev00_130.scr,6,7,ルーティ,personagem,6,88,,CRLF x2,ま、目的はそれだけじゃないんだけど。\n孤児院を経営する為の\n資金稼ぎしなくちゃなんないの,,pendente,
mev00_130.scr:7,mev00_130.scr,7,7,ルーティ,personagem,7,66,,CRLF x2,そういうわけで、\n儲かりそうな仕事の時には\n声をかけてちょうだい♪,,pendente,
mev00_140.scr:0,mev00_140.scr,0,8,フィリア,personagem,0,64,,CRLF x1,私から伺おうと思っていましたのに、\nご丁寧にありがとうございます,,pendente,
mev00_140.scr:1,mev00_140.scr,1,8,フィリア,personagem,1,58,,CRLF x1,私は、フィリア・フィリスと申します。\nよろしくお願いします,,pendente,
mev00_140.scr:2,mev00_140.scr,2,8,フィリア,personagem,2,62,,CRLF x1,私とアンジュさんは、\n教会に勤めていた時からの知り合いなのです,,pendente,
mev00_140.scr:3,mev00_140.scr,3,8,フィリア,personagem,3,52,,CRLF x1,出身国は違いますけれど、\n私達は教会出身者なんですよ,,pendente,
mev00_140.scr:4,mev00_140.scr,4,8,フィリア,personagem,4,80,,CRLF x2,それで、アンジュさんが多くの人々の\n力になれるギルドを立ち上げたと\n便りをくれて,,pendente,
mev00_140.scr:5,mev00_140.scr,5,8,フィリア,personagem,5,32,,,私も、ぜひ協力したくて来たんです,,pendente,
mev00_140.scr:6,mev00_140.scr,6,8,フィリア,personagem,6,36,,,では、今後ともよろしくお願い致します,,pendente,
mev00_150.scr:0,mev00_150.scr,0,44,シャーリィ,personagem,0,70,,CRLF x2,こんにちは、初めまして。\nわたしは、シャーリィ・フェンネスと\nいいます,,pendente,
mev00_150.scr:1,mev00_150.scr,1,44,シャーリィ,personagem,1,30,,,そして、こっちはわたしの兄の…,,pendente,
mev00_150.scr:2,mev00_150.scr,2,43,セネル,personagem,2,20,,,セネル・クーリッジだ,,pendente,
mev00_150.scr:3,mev00_150.scr,3,43,セネル,personagem,3,84,,CRLF x2,元はギルド専属のマリントルーパーを\nやっていた。\nここへはつい最近、加入したばかりだ,,pendente,
mev00_150.scr:4,mev00_150.scr,4,44,シャーリィ,personagem,4,36,,,元々は故郷のギルドに所属していました,,pendente,
mev00_150.scr:5,mev00_150.scr,5,44,シャーリィ,personagem,5,56,,CRLF x1,でも、わたし達の国は、\n戦争で焼け野原となってしまって…,,pendente,
mev00_150.scr:6,mev00_150.scr,6,43,セネル,personagem,6,78,,CRLF x1,それで、こっちのギルドへ移ったわけだ。\n故郷のギルドは、解体してしまったからな,,pendente,
mev00_150.scr:7,mev00_150.scr,7,44,シャーリィ,personagem,7,68,,CRLF x1,でも、バンエルティア号のお陰で\nいつでも故郷のみんなを助けに行けます,,pendente,
mev00_150.scr:8,mev00_150.scr,8,44,シャーリィ,personagem,8,50,,CRLF x1,そういえば、研究室のウィルさんには\n会いましたか？,,pendente,
mev00_150.scr:9,mev00_150.scr,9,44,シャーリィ,personagem,9,58,,CRLF x1,ウィルさんも、わたし達と同じ故郷、\n同じギルドにいたんです,,pendente,
mev00_150.scr:10,mev00_150.scr,10,44,シャーリィ,personagem,10,42,,CRLF x1,それじゃあ、\nこれからよろしくお願いします,,pendente,
mev00_160.scr:0,mev00_160.scr,0,21,ファラ,personagem,0,50,,CRLF x1,あっ、初めまして。\nあなたが、新しい仲間になるのね,,pendente,
mev00_160.scr:1,mev00_160.scr,1,21,ファラ,personagem,1,38,,CRLF x1,わたしはファラ。\nファラ・エルステッド,,pendente,
mev00_160.scr:2,mev00_160.scr,2,21,ファラ,personagem,2,66,,CRLF x1,アンジュとは故郷が同じで、\nギルドを立ち上げた時からのメンバーなの,,pendente,
mev00_160.scr:3,mev00_160.scr,3,20,リッド,personagem,3,80,,CRLF x2,オレはリッド・ハーシェル。\n同じく、ギルド発足当時からのメンバーだ。\nよろしくな,,pendente,
mev00_160.scr:4,mev00_160.scr,4,20,リッド,personagem,4,32,,,元々は、故郷の村で猟師をやってた,,pendente,
mev00_160.scr:5,mev00_160.scr,5,20,リッド,personagem,5,102,,CRLF x2,でも、領主国がオレ達の村に綿の栽培を強制\nさせようと、畑を広げる為に\n猟をする森まで焼いちまったんだよ,,pendente,
mev00_160.scr:6,mev00_160.scr,6,21,ファラ,personagem,6,100,,CRLF x2,わたしは農家出身なんだけど、\n綿の栽培を強制されたから、自分達の\n食料すらまかなえなくなっちゃったの,,pendente,
mev00_160.scr:7,mev00_160.scr,7,20,リッド,personagem,7,38,,CRLF x1,綿じゃあ、腹一杯には\nならねえからなあ,,pendente,
mev00_160.scr:8,mev00_160.scr,8,21,ファラ,personagem,8,78,,CRLF x2,でも、このギルドで働けば、\n村に不足している物資を集めて\n届ける事も出来るんだ,,pendente,
mev00_160.scr:9,mev00_160.scr,9,20,リッド,personagem,9,24,,,じゃ、これからよろしくな,,pendente,
mev00_170.scr:0,mev00_170.scr,0,37,ヴェイグ,personagem,0,30,,CRLF x1,新入りか。\nさっき、話を聞いた,,pendente,
mev00_170.scr:1,mev00_170.scr,1,37,ヴェイグ,personagem,1,70,,CRLF x1,オレは、ヴェイグ・リュングベル。\nアニーやクレアと同じヘーゼル村出身だ,,pendente,
mev00_170.scr:2,mev00_170.scr,2,37,ヴェイグ,personagem,2,58,,CRLF x1,ここへは最近入ったばかりで、\nオレから教えられる事は少ない,,pendente,
mev00_170.scr:3,mev00_170.scr,3,37,ヴェイグ,personagem,3,64,,CRLF x2,ギルドのみんなは、\nそれぞれ故郷での事情があって\nここへ来ている,,pendente,
mev00_170.scr:4,mev00_170.scr,4,37,ヴェイグ,personagem,4,26,,,良ければ、力になって欲しい,,pendente,
mev00_180.scr:0,mev00_180.scr,0,57,カイウス,personagem,0,44,,CRLF x1,オレは、カイウス・クオールズ。\nよろしくな！,,pendente,
mev00_180.scr:1,mev00_180.scr,1,58,ルビア,personagem,1,30,,,あたしは、ルビア・ナトウィック,,pendente,
mev00_180.scr:2,mev00_180.scr,2,58,ルビア,personagem,2,50,,CRLF x1,アンジュさんがいた教会で、\n神官の見習いをしてたの,,pendente,
mev00_180.scr:3,mev00_180.scr,3,58,ルビア,personagem,3,34,,,アンジュさんの後輩、ってところかな,,pendente,
mev00_180.scr:4,mev00_180.scr,4,57,カイウス,personagem,4,58,,CRLF x1,アンジュさんが村の教会にいた頃、\nオレ、よく出入りしててさ,,pendente,
mev00_180.scr:5,mev00_180.scr,5,57,カイウス,personagem,5,70,,CRLF x2,ギルドを立ち上げるから\n一緒にやらないかって言われて、\nここへ来たんだ,,pendente,
mev00_180.scr:6,mev00_180.scr,6,58,ルビア,personagem,6,60,,CRLF x1,あら、カイウスったら、\nアンジュさんに誘われたのはあたしよ？,,pendente,
mev00_180.scr:7,mev00_180.scr,7,58,ルビア,personagem,7,48,,CRLF x1,あなたは、オレも行くって\n付いて来ただけじゃない,,pendente,
mev00_180.scr:8,mev00_180.scr,8,57,カイウス,personagem,8,68,,CRLF x2,何だよ、それ！\n大体、お前じゃアンジュさんの足を\n引っ張るだけだろっ,,pendente,
mev00_180.scr:9,mev00_180.scr,9,57,カイウス,personagem,9,78,,CRLF x2,お前がそうなった時に\n助けてやろうって思って、\n付き合ってやってんじゃないか！,,pendente,
mev00_180.scr:10,mev00_180.scr,10,58,ルビア,personagem,12,18,,,またやっちゃった…,,pendente,
mev00_180.scr:11,mev00_180.scr,11,58,ルビア,personagem,13,14,,,ごめんなさいね,,pendente,
mev00_180.scr:12,mev00_180.scr,12,58,ルビア,personagem,14,18,,,あ、ごめんなさい…,,pendente,
mev00_180.scr:13,mev00_180.scr,13,58,ルビア,personagem,15,72,,CRLF x2,カイウスとは幼馴染で、\nいっつもこんな調子なの。\nだから、気にしないでね,,pendente,
mev00_180.scr:14,mev00_180.scr,14,58,ルビア,personagem,16,40,,CRLF x1,それじゃあ、○○。\nこれから、よろしくね,,pendente,
mev00_180.scr:15,mev00_180.scr,15,,(opcao do jogador),escolha,10,14,,,ケンカを止める,,pendente,
mev00_180.scr:16,mev00_180.scr,16,,(opcao do jogador),escolha,11,20,,,黙って二人を見ている,,pendente,
mev00_190.scr:0,mev00_190.scr,0,60,イリア,personagem,0,20,,CRLF x1,あーん？\nあんた誰？,,pendente,
mev00_190.scr:1,mev00_190.scr,1,59,ルカ,personagem,1,56,,CRLF x1,ちょっ、ちょっとイリア。\n今度入ってきた、新しい仲間だよ,,pendente,
mev00_190.scr:2,mev00_190.scr,2,60,イリア,personagem,2,56,,CRLF x1,なーんだ、新人なの。\nそんじゃ、ま、自己紹介しないとねー,,pendente,
mev00_190.scr:3,mev00_190.scr,3,60,イリア,personagem,3,52,,CRLF x2,あたしは、イリア・アニーミ。\n好物は肉。\nよろしく〜,,pendente,
mev00_190.scr:4,mev00_190.scr,4,59,ルカ,personagem,4,18,,,僕は、ルカ・ミルダ,,pendente,
mev00_190.scr:5,mev00_190.scr,5,59,ルカ,personagem,5,56,,CRLF x1,イリアと、それからリーダーのアンジュとは\n同じ故郷なんだ,,pendente,
mev00_190.scr:6,mev00_190.scr,6,60,イリア,personagem,6,92,,CRLF x2,あたしはアンジュのギルド発足に\n賛同して付いて来たの。\nウチの故郷の村がまた貧しくってさー！,,pendente,
mev00_190.scr:7,mev00_190.scr,7,60,イリア,personagem,7,100,,CRLF x2,貧しい上に教育も無い村だから、\n将来あたしが学校を作ろうと思ってね。\nここで、稼がさせてもらってんの,,pendente,
mev00_190.scr:8,mev00_190.scr,8,60,イリア,personagem,8,78,,CRLF x2,あたしのパパ、村長やってんだけど\n村の領主国に綿の単一栽培を\n押し付けられたの,,pendente,
mev00_190.scr:9,mev00_190.scr,9,60,イリア,personagem,9,94,,CRLF x2,領主国はパパが言いなりになるとわかると、\n手のひら返した様な態度になって、\n村はされるがまま！,,pendente,
mev00_190.scr:10,mev00_190.scr,10,60,イリア,personagem,10,56,,CRLF x1,色々知ってれば、村も守れただろうし。\n教育って必要よね〜,,pendente,
mev00_190.scr:11,mev00_190.scr,11,59,ルカ,personagem,11,50,,CRLF x1,で、でも村長は\n村のみんなを思って決めたんでしょ？,,pendente,
mev00_190.scr:12,mev00_190.scr,12,60,イリア,personagem,12,52,,CRLF x1,わかってる。\n村長なんだから、みんなの為に決断したの,,pendente,
mev00_190.scr:13,mev00_190.scr,13,60,イリア,personagem,13,50,,CRLF x1,ただ、知らない事が多過ぎて、\n痛い目を見たってだけ,,pendente,
mev00_190.scr:14,mev00_190.scr,14,60,イリア,personagem,14,42,,CRLF x1,あたしはね、\nパパの為にも学校を作りたいの,,pendente,
mev00_190.scr:15,mev00_190.scr,15,59,ルカ,personagem,15,48,,CRLF x1,その前に、イリアが勉強した方が\nいいんじゃない…,,pendente,
mev00_190.scr:16,mev00_190.scr,16,60,イリア,personagem,16,102,,CRLF x2,言うわね〜？\nあんたのよーに、村の中でも商家の坊ちゃんで、\n家庭教師が付いてりゃあ、学も身に付くわねぇ,,pendente,
mev00_190.scr:17,mev00_190.scr,17,59,ルカ,personagem,17,72,,CRLF x2,あ、でも、\n僕はその商家を継がされるのが嫌で\n家出してここへ来たんだし…,,pendente,
mev00_190.scr:18,mev00_190.scr,18,60,イリア,personagem,18,80,,CRLF x2,わかってるってば。\nあんたはここでお金貯めて、\nあんたがなりたい医者の勉強をして,,pendente,
mev00_190.scr:19,mev00_190.scr,19,60,イリア,personagem,19,54,,CRLF x1,村のみんなが待ち望む医者になれば\n親も諦めてくれるわよ,,pendente,
mev00_190.scr:20,mev00_190.scr,20,60,イリア,personagem,20,72,,CRLF x1,ま、こんなわけでガンガン稼ぎたいから\n仕事で組みたい時は呼んでちょうだい,,pendente,
mev00_190.scr:21,mev00_190.scr,21,60,イリア,personagem,21,20,,,んじゃ、よろしくー♪,,pendente,
mev00_200.scr:0,mev00_200.scr,0,71,コハク,personagem,0,34,,CRLF x1,あっ。\nきみ、新しく入った○○…？,,pendente,
mev00_200.scr:1,mev00_200.scr,1,71,コハク,personagem,1,14,,,話は聞いてたよ,,pendente,
mev00_200.scr:2,mev00_200.scr,2,70,シング,personagem,2,52,,CRLF x2,初めまして！\nオレは、シング。\nシング・メテオライト,,pendente,
mev00_200.scr:3,mev00_200.scr,3,71,コハク,personagem,3,38,,CRLF x1,わたしは、コハク・ハーツ。\nよろしくね,,pendente,
mev00_200.scr:4,mev00_200.scr,4,70,シング,personagem,4,56,,CRLF x1,オレ達の故郷は、\nいつもアドリビトムに助けてもらっててさ,,pendente,
mev00_200.scr:5,mev00_200.scr,5,71,コハク,personagem,5,86,,CRLF x2,お礼にわたし達も何か手伝えないかなって\n思って、このギルドに加入させて\nもらったんだよ,,pendente,
mev00_200.scr:6,mev00_200.scr,6,70,シング,personagem,6,94,,CRLF x2,この船に乗った事で、初めて村を出たんだ。\nホント、世界には知らない事ばっかりで\n毎日が驚きだよ,,pendente,
mev00_200.scr:7,mev00_200.scr,7,71,コハク,personagem,7,50,,CRLF x2,うん。\nきっと○○も、\nこの仕事が気に入るはずだよ,,pendente,
mev00_200.scr:8,mev00_200.scr,8,71,コハク,personagem,8,42,,CRLF x1,それじゃ、一緒に仕事をする時は\nよろしくね,,pendente,
mev00_210.scr:0,mev00_210.scr,0,24,チャット,personagem,1,24,,,ああ、機械って崇高です…,,pendente,
mev00_210.scr:1,mev00_210.scr,1,24,チャット,personagem,2,26,,CRLF x1,むっ！？\n誰です、あなたは,,pendente,
mev00_210.scr:2,mev00_210.scr,2,24,チャット,personagem,5,48,,CRLF x1,そうですか。\nそれでは挨拶しなければなりませんね,,pendente,
mev00_210.scr:3,mev00_210.scr,3,24,チャット,personagem,6,56,,CRLF x2,ああ、カノンノさんから\n話を聞きました。\n新人さんですね,,pendente,
mev00_210.scr:4,mev00_210.scr,4,24,チャット,personagem,7,92,,CRLF x2,ボクは、チャット。\n由緒正しき大海賊アイフリードの子孫。\nこの船、バンエルティア号の船長です,,pendente,
mev00_210.scr:5,mev00_210.scr,5,24,チャット,personagem,8,48,,CRLF x1,アンジュさんはギルド「アドリビトム」の\nリーダー,,pendente,
mev00_210.scr:6,mev00_210.scr,6,24,チャット,personagem,9,72,,CRLF x1,ボクはそのアドリビトムの拠点である船、\n「バンエルティア号」の船長です！,,pendente,
mev00_210.scr:7,mev00_210.scr,7,24,チャット,personagem,10,42,,,拠点を提供しているボクの方が偉いんですよ！,,pendente,
mev00_210.scr:8,mev00_210.scr,8,24,チャット,personagem,11,100,,CRLF x2,ボクのひいおじいさん、アイフリードは、\n貧しき者からは奪わず、むしろ施しの為に\n海賊をやっていました,,pendente,
mev00_210.scr:9,mev00_210.scr,9,24,チャット,personagem,12,68,,CRLF x1,ボクは船とその意志を受け継いで、\nギルドの為に船を提供しているのです,,pendente,
mev00_210.scr:10,mev00_210.scr,10,24,チャット,personagem,13,114,,CRLF x2,あなたもこのギルドに所属するという事は、\nアイフリード…そして、ボクの意思に従って\n務めていかなくてはなりません！,,pendente,
mev00_210.scr:11,mev00_210.scr,11,24,チャット,personagem,14,90,,CRLF x2,それでは、このバンエルティア号の\n船員として相応しくある為に、\n早く一人前になって下さいね,,pendente,
mev00_210.scr:12,mev00_210.scr,12,24,チャット,personagem,15,8,,,………あ,,pendente,
mev00_210.scr:13,mev00_210.scr,13,24,チャット,personagem,16,90,,CRLF x2,…えっと、やっぱりさっきの\n「ボクの方が偉い」って話、\nアンジュさんには内緒にして下さい…,,pendente,
mev00_210.scr:14,mev00_210.scr,14,,(opcao do jogador),escolha,3,24,,,新人として自己紹介をする,,pendente,
mev00_210.scr:15,mev00_210.scr,15,,(opcao do jogador),escolha,4,20,,,記憶喪失の旨を伝える,,pendente,
mev00_220.scr:0,mev00_220.scr,0,42,アニー,personagem,0,72,,CRLF x2,こんにちは、初めまして。\nわたしはアニー・バース。\nヘーゼル村の出身です,,pendente,
mev00_220.scr:1,mev00_220.scr,1,42,アニー,personagem,1,110,,CRLF x2,ギルドでは、この医務室を任されています。\nまだ、医者としては不勉強な所もありますが\nどうかよろしくお願いします,,pendente,
mev00_230.scr:0,mev00_230.scr,0,45,ウィル,personagem,0,72,,CRLF x2,ホールでの話は聞こえていた。\nオレは、ウィル・レイナード。\nよろしく頼む,,pendente,
mev00_230.scr:1,mev00_230.scr,1,45,ウィル,personagem,1,72,,CRLF x1,ここへ来る前も、故郷でギルドに所属していた。\n本業は博物学者をやっている,,pendente,
mev00_230.scr:2,mev00_230.scr,2,45,ウィル,personagem,2,32,,,そういえば、記憶喪失と聞いたが…,,pendente,
mev00_230.scr:3,mev00_230.scr,3,45,ウィル,personagem,3,46,,CRLF x1,君は、ここへ来る前に\n世界樹が光るのを見たか？,,pendente,
mev00_230.scr:4,mev00_230.scr,4,45,ウィル,personagem,6,108,,CRLF x2,そうか、見ていないのか。\nオレはちょうど、甲板から見えたのだが…。\n今まで観測された事が無い現象だったからな,,pendente,
mev00_230.scr:5,mev00_230.scr,5,45,ウィル,personagem,7,70,,CRLF x2,それについて、\n君が何かを知っていたりするのか\n聞いてみたかっただけだ,,pendente,
mev00_230.scr:6,mev00_230.scr,6,45,ウィル,personagem,8,72,,CRLF x1,記憶喪失の君が知っているはずもないが、\nはるか昔から伝わる「予言」の話だ,,pendente,
mev00_230.scr:7,mev00_230.scr,7,45,ウィル,personagem,9,88,,CRLF x2,現実的ではないし、\nありえないと考えてはいるのだが、\n記憶が無い、というのが気になってな,,pendente,
mev00_230.scr:8,mev00_230.scr,8,45,ウィル,personagem,10,56,,CRLF x1,変な事を聞いてすまなかった。\n君の記憶が早く戻る事を祈る,,pendente,
mev00_230.scr:9,mev00_230.scr,9,45,ウィル,personagem,11,24,,,では、今後もよろしく頼む,,pendente,
mev00_230.scr:10,mev00_230.scr,10,,(opcao do jogador),escolha,4,18,,,見ていない、と言う,,pendente,
mev00_230.scr:11,mev00_230.scr,11,,(opcao do jogador),escolha,5,14,,,きょとんとする,,pendente,
mev00_240.scr:0,mev00_240.scr,0,38,クレア,personagem,0,68,,CRLF x2,あたらしい、ギルドの方ですね。\n私は、クレア・ベネット。\n初めまして,,pendente,
mev00_240.scr:1,mev00_240.scr,1,90,ロックス,personagem,1,78,,CRLF x2,どうも、初めまして。\nロックスプリングスと申します。\nロックス、とお呼び下さい,,pendente,
mev00_240.scr:2,mev00_240.scr,2,90,ロックス,personagem,4,72,,CRLF x2,ご丁寧に、どうも。\n僕はギルドの皆さんの\nお世話をさせて頂いている者です,,pendente,
mev00_240.scr:3,mev00_240.scr,3,90,ロックス,personagem,5,72,,CRLF x1,その、僕は、こちらで、ギルドの皆さんの\nお世話をさせて頂いている者です…,,pendente,
mev00_240.scr:4,mev00_240.scr,4,90,ロックス,personagem,6,84,,CRLF x2,え、ええっと…、あの…。\n冗談みたいな姿ですけど…、その、\nいじめないで下さい…ね？,,pendente,
mev00_240.scr:5,mev00_240.scr,5,38,クレア,personagem,7,102,,CRLF x2,ロックスさんは、家事やギルドの経理なども\n任されている、この船の、いわば\n「コンシェルジュ」なんですよ,,pendente,
mev00_240.scr:6,mev00_240.scr,6,90,ロックス,personagem,8,114,,CRLF x2,この船で皆様が安心してくつろげるよう、\n日々ホスピタリティの向上に努めています。\n何か御用の時は申し付けて下さいね,,pendente,
mev00_240.scr:7,mev00_240.scr,7,90,ロックス,personagem,9,54,,CRLF x1,それにしても、また船の中が\nいっそう賑やかになりますね,,pendente,
mev00_240.scr:8,mev00_240.scr,8,38,クレア,personagem,10,46,,CRLF x1,ええ、食事の時は特に！\n楽しくなると思いますよ,,pendente,
mev00_240.scr:9,mev00_240.scr,9,90,ロックス,personagem,11,80,,CRLF x2,今日は、○○様が\n新しく入った事ですし。\n腕にヨリをかけて、ご馳走にしましょうか,,pendente,
mev00_240.scr:10,mev00_240.scr,10,38,クレア,personagem,12,52,,CRLF x1,そうですね。\nそれじゃあ、今日は忙しくなりそうですね,,pendente,
mev00_240.scr:11,mev00_240.scr,11,38,クレア,personagem,13,50,,CRLF x1,それでは、○○さん。\n今後ともよろしくお願いします,,pendente,
mev00_240.scr:12,mev00_240.scr,12,,(opcao do jogador),escolha,2,10,,,挨拶を返す,,pendente,
mev00_240.scr:13,mev00_240.scr,13,,(opcao do jogador),escolha,3,24,,,まじまじとロックスを見る,,pendente,
mev00_250.scr:0,mev00_250.scr,0,62,アンジュ,personagem,0,72,,CRLF x1,みんなへの挨拶は終わったみたいね。\nそれじゃあ、ここでの仕事を説明するよ,,pendente,
mev00_250.scr:1,mev00_250.scr,1,62,アンジュ,personagem,1,82,,CRLF x2,アドリビトムは、どの国にも属さない。\n依頼があれば、どこへでも向かう\n自由のギルド,,pendente,
mev00_250.scr:2,mev00_250.scr,2,62,アンジュ,personagem,2,64,,CRLF x1,そのギルドに人々から寄せられる依頼を\n「クエスト」と言うんだけど,,pendente,
mev00_250.scr:3,mev00_250.scr,3,62,アンジュ,personagem,3,76,,CRLF x2,そのクエストは、ここでわたしが\n管理しているから、仕事がしたい時は\n訪ねてね,,pendente,
mev00_250.scr:4,mev00_250.scr,4,62,アンジュ,personagem,4,100,,CRLF x2,そうそう、わたしがいるカウンター以外にも、\nメンバーのみんなと話すと、\n直接依頼をしてくる事もあるよ,,pendente,
mev00_250.scr:5,mev00_250.scr,5,62,アンジュ,personagem,5,22,,,その時は聞いてあげてね,,pendente,
mev00_250.scr:6,mev00_250.scr,6,62,アンジュ,personagem,6,54,,CRLF x1,でも、そうね…。\n初めてだとわからない事があるだろうし,,pendente,
mev00_250.scr:7,mev00_250.scr,7,62,アンジュ,personagem,7,62,,CRLF x1,まずは簡単な仕事を用意するから、\n見習いから始めてもらおっかな,,pendente,
mev00_250.scr:8,mev00_250.scr,8,62,アンジュ,personagem,8,66,,CRLF x2,と言うわけで、\n最初はカノンノを同行者にして\n仕事の仕方を学んでね,,pendente,
mev00_250.scr:9,mev00_250.scr,9,62,アンジュ,personagem,9,32,,,カノンノ、しばらくの間構わない？,,pendente,
mev00_250.scr:10,mev00_250.scr,10,86,カノンノ,personagem,10,6,,,はい！,,pendente,
mev00_250.scr:11,mev00_250.scr,11,62,アンジュ,personagem,11,66,,CRLF x1,さてと、早速仕事を用意したから、\nいつ受けてもらっても構わないよ！,,pendente,
mev00_260.scr:0,mev00_260.scr,0,58,ルビア,personagem,0,54,,CRLF x2,ねえ、○○。\nあなたって、\n空からやって来たって本当？,,pendente,
mev00_260.scr:1,mev00_260.scr,1,58,ルビア,personagem,3,42,,CRLF x1,じゃあ、ほんとの事は\nわからないんじゃない,,pendente,
mev00_260.scr:2,mev00_260.scr,2,58,ルビア,personagem,4,16,,,知らないって…？,,pendente,
mev00_260.scr:3,mev00_260.scr,3,58,ルビア,personagem,5,48,,CRLF x1,それじゃあ、ウソかどうか\n確かめ様が無いじゃない,,pendente,
mev00_260.scr:4,mev00_260.scr,4,86,カノンノ,personagem,6,56,,CRLF x1,でも、本当なんだもん。\n光に包まれて、空から降りて来たの,,pendente,
mev00_260.scr:5,mev00_260.scr,5,58,ルビア,personagem,7,32,,,そんな事、簡単には信じられないわ,,pendente,
mev00_260.scr:6,mev00_260.scr,6,2,ミント,personagem,8,60,,CRLF x1,真実であるかどうかは別としても、\n素敵なお話だと思いますよ？,,pendente,
mev00_260.scr:7,mev00_260.scr,7,2,ミント,personagem,9,84,,CRLF x2,世界樹が光を発した日に\n空から降りて来た、なんて…。\nまるで、ディセンダーの様ですね,,pendente,
mev00_260.scr:8,mev00_260.scr,8,86,カノンノ,personagem,10,14,,,ディセンダー？,,pendente,
mev00_260.scr:9,mev00_260.scr,9,58,ルビア,personagem,11,74,,CRLF x2,そう。\nあたしやアンジュさんがいた教会には、\n「救世主」の言い伝えがあるの,,pendente,
mev00_260.scr:10,mev00_260.scr,10,58,ルビア,personagem,12,44,,CRLF x1,世界に危機が訪れた時、\n世界樹が生み出す存在,,pendente,
mev00_260.scr:11,mev00_260.scr,11,2,ミント,personagem,13,36,,,遠い昔から、教会に伝わる「予言」です,,pendente,
mev00_260.scr:12,mev00_260.scr,12,2,ミント,personagem,14,72,,CRLF x1,世界樹から生まれたばかりのディセンダーは\n記憶が無く、世界の事も知らず、,,pendente,
mev00_260.scr:13,mev00_260.scr,13,2,ミント,personagem,15,46,,CRLF x1,不可能も恐れも知らない無垢な存在だと\n言います,,pendente,
mev00_260.scr:14,mev00_260.scr,14,2,ミント,personagem,16,106,,CRLF x2,そして、人々の為に世界を学び、強くなり、\nゆくゆくは世界を平和に導き…、\nまた世界樹へと還って行くそうです,,pendente,
mev00_260.scr:15,mev00_260.scr,15,2,ミント,personagem,17,68,,CRLF x2,○○さんの\n「記憶が無い」という点は、\nまさにディセンダーの様ですね,,pendente,
mev00_260.scr:16,mev00_260.scr,16,86,カノンノ,personagem,18,26,,,じゃあ、彼はディセンダー？,,pendente,
mev00_260.scr:17,mev00_260.scr,17,86,カノンノ,personagem,19,28,,,じゃあ、彼女はディセンダー？,,pendente,
mev00_260.scr:18,mev00_260.scr,18,45,ウィル,personagem,20,94,,CRLF x2,だが、彼がディセンダーか\nどうかの真偽はわからない。\nあくまで予言で伝えられているだけだからな,,pendente,
mev00_260.scr:19,mev00_260.scr,19,45,ウィル,personagem,21,96,,CRLF x2,だが、彼女がディセンダーか\nどうかの真偽はわからない。\nあくまで予言で伝えられているだけだからな,,pendente,
mev00_260.scr:20,mev00_260.scr,20,45,ウィル,personagem,22,52,,CRLF x1,そもそも、その予言自体の真偽すら、\n誰にもわからない,,pendente,
mev00_260.scr:21,mev00_260.scr,21,45,ウィル,personagem,23,38,,,昔の人の創作話という見方が一般的だろう,,pendente,
mev00_260.scr:22,mev00_260.scr,22,86,カノンノ,personagem,24,14,,,そう、ですか…,,pendente,
mev00_260.scr:23,mev00_260.scr,23,45,ウィル,personagem,25,84,,CRLF x2,いや、かくいうオレも\n世界樹が光ったのを見た時、\n真っ先に予言の話を思い出したからな,,pendente,
mev00_260.scr:24,mev00_260.scr,24,45,ウィル,personagem,26,74,,CRLF x2,しかし…。\n世間ではディセンダーの出現を待つ宗教が\n次々に興っている様だな,,pendente,
mev00_260.scr:25,mev00_260.scr,25,2,ミント,personagem,27,56,,CRLF x1,この様なご時世ですし、\n救いを求める人々が多い証拠ですね,,pendente,
mev00_260.scr:26,mev00_260.scr,26,2,ミント,personagem,28,82,,CRLF x2,各地で争いが絶えませんからね…。\n救いを求める人が増えても、\nおかしくはありません,,pendente,
mev00_260.scr:27,mev00_260.scr,27,,(opcao do jogador),escolha,1,30,,,そういう事だったらしい、と言う,,pendente,
mev00_260.scr:28,mev00_260.scr,28,,(opcao do jogador),escolha,2,22,,,自分は知らない、と言う,,pendente,
mev00_270.scr:0,mev00_270.scr,0,86,カノンノ,personagem,0,38,,CRLF x1,ん？　なあに？\n聞きたい事があるって？,,pendente,
mev00_270.scr:1,mev00_270.scr,1,86,カノンノ,personagem,1,24,,,ミントさんが言ってた話？,,pendente,
mev00_270.scr:2,mev00_270.scr,2,86,カノンノ,personagem,2,34,,,えっと、今の世界の状況についてだね,,pendente,
mev00_270.scr:3,mev00_270.scr,3,62,アンジュ,personagem,3,68,,CRLF x2,世界の国々では、\n星晶（ホスチア）を巡って\n国同士の争いが起きてるの,,pendente,
mev00_270.scr:4,mev00_270.scr,4,86,カノンノ,personagem,6,78,,CRLF x2,ひょっとして、○○は、\nこの世界についての事まで\n記憶を失ってしまったのかな…,,pendente,
mev00_270.scr:5,mev00_270.scr,5,86,カノンノ,personagem,7,48,,CRLF x1,もしかして、\n星晶の事も忘れてしまったのかな…？,,pendente,
mev00_270.scr:6,mev00_270.scr,6,86,カノンノ,personagem,8,82,,CRLF x1,えっと、星晶というのはね、世界中で色んな\nものに使われる、現代のエネルギー資源だよ,,pendente,
mev00_270.scr:7,mev00_270.scr,7,86,カノンノ,personagem,9,42,,CRLF x1,マナは知ってる？\n世界樹が生み出す生命の源,,pendente,
mev00_270.scr:8,mev00_270.scr,8,86,カノンノ,personagem,10,122,,CRLF x2,マナは、私達生命の源とも言える力なんだけど、\n捉えどころの無い非物質のものだから、\n工業的なエネルギー源としては使えないの,,pendente,
mev00_270.scr:9,mev00_270.scr,9,86,カノンノ,personagem,11,90,,CRLF x2,でも、星晶は違うの。\n物質で、地下から採掘が出来て、\nエネルギーとして活用消費が出来るのよ,,pendente,
mev00_270.scr:10,mev00_270.scr,10,86,カノンノ,personagem,12,116,,CRLF x2,星晶も、マナと同じ性質を持っているの。\n世界樹が、長い年月をかけて、マナを結晶化\nさせたものじゃないかって言われてる,,pendente,
mev00_270.scr:11,mev00_270.scr,11,86,カノンノ,personagem,13,36,,,本当の所は、まだわからないらしいけど,,pendente,
mev00_270.scr:12,mev00_270.scr,12,86,カノンノ,personagem,14,68,,CRLF x2,で、さっきも言ったけど\n今はその星晶を巡って国同士の\n争いが起きてる,,pendente,
mev00_270.scr:13,mev00_270.scr,13,86,カノンノ,personagem,15,76,,CRLF x1,星晶があるとされる小さな国や村は、\n力のある大国にそれらを搾取されるがまま…,,pendente,
mev00_270.scr:14,mev00_270.scr,14,86,カノンノ,personagem,16,50,,CRLF x1,星晶には、土地に恵みを与えるマナを\n出す力があるの,,pendente,
mev00_270.scr:15,mev00_270.scr,15,86,カノンノ,personagem,17,94,,CRLF x2,採り尽くされてしまったら、\n土地はみるみる荒れていくわ。\n作物なんか、育たなくなってしまうのよ,,pendente,
mev00_270.scr:16,mev00_270.scr,16,86,カノンノ,personagem,18,68,,CRLF x1,星晶が世界の主要エネルギーに変わってから、\n文明は急成長したと言うわ,,pendente,
mev00_270.scr:17,mev00_270.scr,17,86,カノンノ,personagem,19,74,,CRLF x1,でも、多くの国は星晶の採掘権を巡って\n他国との関係は悪化の道をたどるばかり,,pendente,
mev00_270.scr:18,mev00_270.scr,18,86,カノンノ,personagem,20,18,,,それだけじゃないの,,pendente,
mev00_270.scr:19,mev00_270.scr,19,86,カノンノ,personagem,21,100,,CRLF x2,星晶を得て大量消費国となった国は、星晶の\nない他の国や村を植民地化したり、\n労働を強いたりするんだよ,,pendente,
mev00_270.scr:20,mev00_270.scr,20,86,カノンノ,personagem,22,38,,,富める国と貧しい国の差は開く一方なの…,,pendente,
mev00_270.scr:21,mev00_270.scr,21,86,カノンノ,personagem,23,80,,CRLF x1,アドリビトムは、これらによって貧富の差が\n拡大した、貧しい土地の出身者ばかりなの,,pendente,
mev00_270.scr:22,mev00_270.scr,22,86,カノンノ,personagem,24,86,,CRLF x2,アンジュさんは、みんなの故郷を\n危機的状況から救う為に、\nアドリビトムを立ち上げたのよ,,pendente,
mev00_270.scr:23,mev00_270.scr,23,,(opcao do jogador),escolha,4,24,,,星晶について詳しく尋ねる,,pendente,
mev00_270.scr:24,mev00_270.scr,24,,(opcao do jogador),escolha,5,12,,,首をかしげる,,pendente,
mev00_280.scr:0,mev00_280.scr,0,90,ロックス,personagem,0,38,,CRLF x1,お帰りなさい。\nお腹が空いたでしょう？,,pendente,
mev00_280.scr:1,mev00_280.scr,1,90,ロックス,personagem,1,46,,CRLF x1,食堂へどうぞ。\nシナモンロールが焼けていますよ,,pendente,
mev00_280.scr:2,mev00_280.scr,2,86,カノンノ,personagem,2,58,,CRLF x1,どうりでいい匂いがすると思った！\nね、おやつ食べに行こう♪,,pendente,
mev00_290.scr:0,mev00_290.scr,0,90,ロックス,personagem,2,12,,,さあ、どうぞ,,pendente,
mev00_290.scr:1,mev00_290.scr,1,86,カノンノ,personagem,3,32,,CRLF x1,スゴイいい匂い。\nうん、美味しい,,pendente,
mev00_290.scr:2,mev00_290.scr,2,90,ロックス,personagem,4,70,,CRLF x2,お嬢様。\nちゃんと食べる前に「いただきます」を\n言わないといけませんよ,,pendente,
mev00_290.scr:3,mev00_290.scr,3,86,カノンノ,personagem,5,28,,CRLF x1,あ……、はい。\nいただきます,,pendente,
mev00_290.scr:4,mev00_290.scr,4,90,ロックス,personagem,6,54,,CRLF x2,はい。\n食べ物には感謝をしてから\n食べなくては、ですよ,,pendente,
mev00_290.scr:5,mev00_290.scr,5,38,クレア,personagem,7,12,,,（あぁ……）,,pendente,
mev00_290.scr:6,mev00_290.scr,6,90,ロックス,personagem,8,50,,CRLF x1,クレア様、どうかしましたか？\n食欲が無い様ですが…,,pendente,
mev00_290.scr:7,mev00_290.scr,7,38,クレア,personagem,9,48,,CRLF x1,ごめんなさい。\n故郷のヘーゼル村の事が気になって,,pendente,
mev00_290.scr:8,mev00_290.scr,8,90,ロックス,personagem,10,84,,CRLF x2,ああ…、でもヴェイグ様が\n頑張ってくれているじゃないですか。\nアドリビトムのみんなも,,pendente,
mev00_290.scr:9,mev00_290.scr,9,38,クレア,personagem,11,10,,,そうですね,,pendente,
mev00_290.scr:10,mev00_290.scr,10,90,ロックス,personagem,14,72,,CRLF x2,ヘーゼル村の方々が、\n無事に暮らしているかどうか\n心配でならないんですよ,,pendente,
mev00_290.scr:11,mev00_290.scr,11,90,ロックス,personagem,15,74,,CRLF x2,ヘーゼル村の方々が、\n無事に暮らせるよう、\n色々と影から支えているんですよ,,pendente,
mev00_290.scr:12,mev00_290.scr,12,86,カノンノ,personagem,16,90,,CRLF x2,ヘーゼル村は今、\nウリズン帝国に占拠されていて…。\n住民は星晶の採掘労働を強いられているの,,pendente,
mev00_290.scr:13,mev00_290.scr,13,86,カノンノ,personagem,17,102,,CRLF x2,星晶があるとされる小さな国や村が、\n力のある大国から、搾取されるがままに\nなってるって話を前にしたよね,,pendente,
mev00_290.scr:14,mev00_290.scr,14,86,カノンノ,personagem,18,34,,,クレアの故郷、ヘーゼル村もそうなの,,pendente,
mev00_290.scr:15,mev00_290.scr,15,86,カノンノ,personagem,19,98,,CRLF x2,ヘーゼル村の大人達は採掘だけを\n強いられるから、必要な物資や食料を\n自分達で生産する事が出来ないの,,pendente,
mev00_290.scr:16,mev00_290.scr,16,86,カノンノ,personagem,20,72,,CRLF x1,だから、ヴェイグさん、クレアやアニーは\nここで物資を集めて送っているのよ,,pendente,
mev00_290.scr:17,mev00_290.scr,17,,(opcao do jogador),escolha,12,38,,,クレアは、故郷の何が気になるのかを聞く,,pendente,
mev00_290.scr:18,mev00_290.scr,18,,(opcao do jogador),escolha,13,32,,,ヴェイグが何をしているのかを聞く,,pendente,
mev00_291.scr:0,mev00_291.scr,0,18,ナナリー,personagem,0,50,,CRLF x1,アドリビトムってギルドは、\nここで間違いないかい？,,pendente,
mev00_291.scr:1,mev00_291.scr,1,62,アンジュ,personagem,1,28,,CRLF x1,はい。\n何か依頼でしょうか？,,pendente,
mev00_291.scr:2,mev00_291.scr,2,18,ナナリー,personagem,2,72,,CRLF x1,先日、ルバーブ連山を村人全員が越えるのに\n協力してもらったペカン村の者さ,,pendente,
mev00_291.scr:3,mev00_291.scr,3,18,ナナリー,personagem,3,60,,CRLF x1,改めて礼を言わせてもらうよ。\nみんなを助けてくれてありがとう,,pendente,
mev00_291.scr:4,mev00_291.scr,4,62,アンジュ,personagem,4,56,,CRLF x1,ああ、ペカン村の方なのね。\nみんな、新天地で落ち着けた？,,pendente,
mev00_291.scr:5,mev00_291.scr,5,86,カノンノ,personagem,5,50,,CRLF x1,あなたと出会った時、\nあの山で私がやってた仕事だよ,,pendente,
mev00_291.scr:6,mev00_291.scr,6,86,カノンノ,personagem,6,66,,CRLF x2,ペカン村の人が、\n安全に山越え出来る様にしてたの。\nそこの人達だよ,,pendente,
mev00_291.scr:7,mev00_291.scr,7,19,ハロルド,personagem,7,34,,,新しい村の設立は、何とかやってるわ,,pendente,
mev00_291.scr:8,mev00_291.scr,8,19,ハロルド,personagem,8,104,,CRLF x2,元の土地は、ウリズン帝国に星晶を\n採り尽されて、作物も育たないし。\n新しい土地でやっていくしかないもんね,,pendente,
mev00_291.scr:9,mev00_291.scr,9,18,ナナリー,personagem,9,44,,CRLF x1,んで、今日は報酬の件で話があってさ。\nその…,,pendente,
mev00_291.scr:10,mev00_291.scr,10,19,ハロルド,personagem,10,52,,CRLF x1,単刀直入に言っちゃえば、\nお金が無いって事なのよね〜,,pendente,
mev00_291.scr:11,mev00_291.scr,11,18,ナナリー,personagem,11,102,,CRLF x2,村の人々が新しい生活を始める為に、\n色々資金が必要で…、報酬の支払いを\nもう少し待ってもらえないかい？,,pendente,
mev00_291.scr:12,mev00_291.scr,12,19,ハロルド,personagem,12,46,,CRLF x1,提案なんだけど、あなた、\nこの天才を雇わない？,,pendente,
mev00_291.scr:13,mev00_291.scr,13,19,ハロルド,personagem,13,84,,CRLF x2,ここって設備も良さそうだし！\n私の研究もはかどりそう〜！\n私、役に立つと思うわよ〜♪,,pendente,
mev00_291.scr:14,mev00_291.scr,14,19,ハロルド,personagem,14,38,,CRLF x1,で、働いて返しちゃう★\nグフフ、どう？,,pendente,
mev00_291.scr:15,mev00_291.scr,15,18,ナナリー,personagem,15,70,,CRLF x2,待ちなよ。\nそれはあたしも考えたけど、\n村のみんなをほっとくわけにも…,,pendente,
mev00_291.scr:16,mev00_291.scr,16,62,アンジュ,personagem,16,86,,CRLF x2,大丈夫よ。\nこの船で、すぐに戻る事は出来るから。\nそれに、世界中から物資を集められるし,,pendente,
mev00_291.scr:17,mev00_291.scr,17,62,アンジュ,personagem,17,58,,CRLF x1,ここのみんなも、そうやってそれぞれの\n故郷を助けているから,,pendente,
mev00_291.scr:18,mev00_291.scr,18,62,アンジュ,personagem,18,46,,CRLF x1,あなた達が持つ経験や特技での活躍を\n期待します,,pendente,
mev00_291.scr:19,mev00_291.scr,19,19,ハロルド,personagem,19,16,,,じゃ、決まり〜！,,pendente,
mev00_291.scr:20,mev00_291.scr,20,19,ハロルド,personagem,20,38,,CRLF x1,言ってみるもんねぇ。\nねえ、ナナリー？,,pendente,
mev00_291.scr:21,mev00_291.scr,21,18,ナナリー,personagem,21,26,,,…ありがとう、リーダーさん,,pendente,
mev00_291.scr:22,mev00_291.scr,22,18,ナナリー,personagem,22,48,,CRLF x2,そういうわけで、\nこれから世話になるよ\nよろしく,,pendente,
mev00_291.scr:23,mev00_291.scr,23,18,ナナリー,personagem,23,60,,CRLF x1,あたしは、ナナリー・フレッチ。\n家事と弓の使いならお手の物さ,,pendente,
mev00_291.scr:24,mev00_291.scr,24,19,ハロルド,personagem,24,72,,CRLF x2,ハイハイ、ヨロシク〜。\n私は、ハロルド・ベルセリオス。\n大天才科学者よ♪,,pendente,
mev00_291.scr:25,mev00_291.scr,25,62,アンジュ,personagem,25,52,,CRLF x1,ちょうど良かった！\n人手は、もっと必要だと思ってたの,,pendente,
mev00_291.scr:26,mev00_291.scr,26,62,アンジュ,personagem,26,56,,CRLF x2,それじゃあ、\nこれから困った人々の為に\nしっかり働いてね,,pendente,
mev00_291.scr:27,mev00_291.scr,27,,(mensagem de sistema),sistema,27,36,,,ナナリーがアドリビトムに加入しました,,pendente,
mev00_291.scr:28,mev00_291.scr,28,,(mensagem de sistema),sistema,28,36,,,ハロルドがアドリビトムに加入しました,,pendente,
mev00_292.scr:0,mev00_292.scr,0,90,ロックス,personagem,1,82,,CRLF x2,お嬢様。\n街でスケッチブックを買っておきましたよ。\nそろそろ無くなる頃でしたよね？,,pendente,
mev00_292.scr:1,mev00_292.scr,1,86,カノンノ,personagem,3,68,,CRLF x2,うん。\nありがとう、ロックス。\nじゃあ、大事にしまっておかなくちゃ！,,pendente,
mev00_292.scr:2,mev00_292.scr,2,90,ロックス,personagem,6,66,,CRLF x2,はい。\nスケッチブックを買ってあげた時は、\nいつもあの笑顔なんです,,pendente,
mev00_292.scr:3,mev00_292.scr,3,90,ロックス,personagem,7,58,,CRLF x1,お嬢様が小さい頃に買ってあげた時と同じ。\n変わらないなぁ…,,pendente,
mev00_292.scr:4,mev00_292.scr,4,90,ロックス,personagem,8,84,,CRLF x2,はい。\n時間がある時はいつも、絵を描いています。\nもう、小さい頃からずっとなんです…,,pendente,
mev00_292.scr:5,mev00_292.scr,5,90,ロックス,personagem,9,42,,CRLF x1,ええ、お嬢様が赤ん坊の時から\n一緒なんです,,pendente,
mev00_292.scr:6,mev00_292.scr,6,90,ロックス,personagem,10,52,,CRLF x1,色々、事情があって…、お嬢様を引き取り\n育てています,,pendente,
mev00_292.scr:7,mev00_292.scr,7,90,ロックス,personagem,11,90,,CRLF x2,僕に、親の役が務まっているか、\nそれに、お嬢様をしっかり育てられているか、\n不安ですけど…,,pendente,
mev00_292.scr:8,mev00_292.scr,8,90,ロックス,personagem,12,50,,CRLF x1,でも、お嬢様を素敵なレディに育てて\nあげなくては…,,pendente,
mev00_292.scr:9,mev00_292.scr,9,90,ロックス,personagem,13,38,,CRLF x1,あっ、しまった！！\n絵筆も渡すんだった,,pendente,
mev00_292.scr:10,mev00_292.scr,10,90,ロックス,personagem,15,96,,CRLF x2,○○様、すみません。\nお嬢様に絵筆を渡してきてくれませんか？\nいつも、お嬢様は操舵室にいますから,,pendente,
mev00_292.scr:11,mev00_292.scr,11,90,ロックス,personagem,16,68,,CRLF x1,僕は、お鍋を見に行かないといけないので。\nそれじゃあ、お願いしますね,,pendente,
mev00_292.scr:12,mev00_292.scr,12,,(opcao do jogador),escolha,4,30,,,カノンノが喜んでいた印象を話す,,pendente,
mev00_292.scr:13,mev00_292.scr,13,,(opcao do jogador),escolha,5,30,,,カノンノは絵を描くのかと尋ねる,,pendente,
mev00_293.scr:0,mev00_293.scr,0,86,カノンノ,personagem,0,14,,,ん…、誰なの？,,pendente,
mev00_293.scr:1,mev00_293.scr,1,86,カノンノ,personagem,1,36,,CRLF x1,ああ、○○だったのね。\nどうしたの？,,pendente,
mev00_293.scr:2,mev00_293.scr,2,86,カノンノ,personagem,2,46,,CRLF x1,絵筆を持ってきてくれたの…。\nロックスからだね,,pendente,
mev00_293.scr:3,mev00_293.scr,3,86,カノンノ,personagem,3,16,,,うん、ありがとう,,pendente,
mev00_293.scr:4,mev00_293.scr,4,86,カノンノ,personagem,6,50,,CRLF x1,絵を？　ロックスに聞いたの？\nあまり上手じゃないよ,,pendente,
mev00_293.scr:5,mev00_293.scr,5,86,カノンノ,personagem,7,22,,,でも、見てもらいたいな,,pendente,
mev00_293.scr:6,mev00_293.scr,6,86,カノンノ,personagem,8,46,,CRLF x1,うん、好きだよ。\n独学だから、上手じゃないけど,,pendente,
mev00_293.scr:7,mev00_293.scr,7,86,カノンノ,personagem,9,50,,CRLF x2,じゃあ、あなたに\n絵を見てもらおうかなあ。\nいい？,,pendente,
mev00_293.scr:8,mev00_293.scr,8,86,カノンノ,personagem,11,24,,,こんな風景、見た事ある？,,pendente,
mev00_293.scr:9,mev00_293.scr,9,86,カノンノ,personagem,14,56,,CRLF x2,そっかぁ…。\n記憶の手掛かりになるかと\n思ったんだけど…,,pendente,
mev00_293.scr:10,mev00_293.scr,10,86,カノンノ,personagem,15,40,,CRLF x1,私もね、この風景を\n実際に見た事無いんだ,,pendente,
mev00_293.scr:11,mev00_293.scr,11,86,カノンノ,personagem,16,14,,,私も知らない…,,pendente,
mev00_293.scr:12,mev00_293.scr,12,86,カノンノ,personagem,17,62,,CRLF x2,私はこの風景が、\nどこかにあるんじゃないかなって\n思ってるんだ,,pendente,
mev00_293.scr:13,mev00_293.scr,13,86,カノンノ,personagem,18,74,,CRLF x2,スケッチブックの白い紙を見てるとね、\nたまに見えてくるんだ。\n色んな風景が,,pendente,
mev00_293.scr:14,mev00_293.scr,14,86,カノンノ,personagem,19,56,,CRLF x1,その見えた風景を筆でなぞって、\n出来たのがこれらの絵なの,,pendente,
mev00_293.scr:15,mev00_293.scr,15,86,カノンノ,personagem,20,44,,CRLF x1,どうしてだかはわからない。\nでも、見えるんだ,,pendente,
mev00_293.scr:16,mev00_293.scr,16,86,カノンノ,personagem,21,46,,CRLF x1,他の人にも見せたけど、\n誰もこの風景を知らない,,pendente,
mev00_293.scr:17,mev00_293.scr,17,86,カノンノ,personagem,22,42,,CRLF x1,それに、作り話でしょって、\n笑われちゃうの,,pendente,
mev00_293.scr:18,mev00_293.scr,18,86,カノンノ,personagem,25,22,,CRLF x1,うん。\n…あり、がとう,,pendente,
mev00_293.scr:19,mev00_293.scr,19,86,カノンノ,personagem,26,20,,,うん、事実なんだもん,,pendente,
mev00_293.scr:20,mev00_293.scr,20,86,カノンノ,personagem,27,40,,CRLF x2,…………。\n○○は、\n信じてくれるんだね,,pendente,
mev00_293.scr:21,mev00_293.scr,21,86,カノンノ,personagem,28,14,,,あり、がとう…,,pendente,
mev00_293.scr:22,mev00_293.scr,22,86,カノンノ,personagem,29,58,,CRLF x1,この船でさ、色んな所を旅して、\nこれらの風景に出会えたら…,,pendente,
mev00_293.scr:23,mev00_293.scr,23,86,カノンノ,personagem,30,88,,CRLF x2,もし出会えたら、\nどうして私に知らない風景が見えるのか、\nその理由がわかるかもしれない…,,pendente,
mev00_293.scr:24,mev00_293.scr,24,86,カノンノ,personagem,31,96,,CRLF x2,それにね、「知らなきゃいけない」って\n思いもあるんだ。\n…見えた風景は、綺麗なものだけじゃないの,,pendente,
mev00_293.scr:25,mev00_293.scr,25,86,カノンノ,personagem,32,48,,CRLF x1,恐い、この世の終わりみたいな\n風景も見えたから…,,pendente,
mev00_293.scr:26,mev00_293.scr,26,,(opcao do jogador),escolha,4,26,,,描いてる絵を見せて、と言う,,pendente,
mev00_293.scr:27,mev00_293.scr,27,,(opcao do jogador),escolha,5,26,,,絵を描くのは好きか、と聞く,,pendente,
mev00_293.scr:28,mev00_293.scr,28,,(opcao do jogador),escolha,12,12,,,ないと答える,,pendente,
mev00_293.scr:29,mev00_293.scr,29,,(opcao do jogador),escolha,13,20,,,どこの風景かを尋ねる,,pendente,
mev00_293.scr:30,mev00_293.scr,30,,(opcao do jogador),escolha,23,20,,,カノンノの話を信じる,,pendente,
mev00_293.scr:31,mev00_293.scr,31,,(opcao do jogador),escolha,24,34,,,事実なんだからしょうがない、と言う,,pendente,
mev00_294.scr:0,mev00_294.scr,0,38,クレア,personagem,0,26,,,いつもの依頼をお願いします,,pendente,
mev00_294.scr:1,mev00_294.scr,1,38,クレア,personagem,1,52,,CRLF x1,故郷のヘーゼル村に、\n物資を届けてもらいたいんです…,,pendente,
mev00_294.scr:2,mev00_294.scr,2,38,クレア,personagem,2,46,,CRLF x1,ヴェイグと一緒に行ってくれる人は\nいませんか？,,pendente,
mev00_294.scr:3,mev00_294.scr,3,62,アンジュ,personagem,3,32,,,大丈夫よ、みんな協力してくれるわ,,pendente,
mev00_294.scr:4,mev00_294.scr,4,62,アンジュ,personagem,4,72,,CRLF x2,それより、そろそろ風邪が流行る時期\nじゃない？\nヘーゼル村の人達が心配ね,,pendente,
mev00_294.scr:5,mev00_294.scr,5,38,クレア,personagem,5,54,,CRLF x1,ええ、だから今回は薬を\n一杯届けてもらうつもりなんです,,pendente,
mev00_294.scr:6,mev00_294.scr,6,62,アンジュ,personagem,6,26,,,その依頼は受け付けておくね,,pendente,
mev00_294.scr:7,mev00_294.scr,7,38,クレア,personagem,7,36,,CRLF x1,はい。\nいつも、ありがとうございます,,pendente,
mev01_010.scr:0,mev01_010.scr,0,62,アンジュ,personagem,0,74,,CRLF x2,あなたが引き受けてくれるのね。\n今回、行ってもらうのは\nコンフェイト大森林,,pendente,
mev01_010.scr:1,mev01_010.scr,1,62,アンジュ,personagem,1,62,,CRLF x1,そこで、ヘーゼル村の人と接触し、\n必要な物資を届ける事が仕事よ,,pendente,
mev01_010.scr:2,mev01_010.scr,2,62,アンジュ,personagem,2,48,,CRLF x1,同行者は、ヴェイグ君、ミント、\nそれからシング君,,pendente,
mev01_010.scr:3,mev01_010.scr,3,62,アンジュ,personagem,3,76,,CRLF x1,ヘーゼル村は今、ウリズン帝国により\n星晶の搾取と採掘の労働を強いられているの,,pendente,
mev01_010.scr:4,mev01_010.scr,4,62,アンジュ,personagem,4,80,,CRLF x1,だから畑仕事や狩りも出来ないみたいで…、\nこんな形でしか助けられないのだけれど…,,pendente,
mev01_010.scr:5,mev01_010.scr,5,62,アンジュ,personagem,5,46,,CRLF x1,ヘーゼル村の人は、\nヴェイグ君が知っているから,,pendente,
mev01_010.scr:6,mev01_010.scr,6,62,アンジュ,personagem,6,20,,,それじゃあ、お願いね,,pendente,
mev01_020.scr:0,mev01_020.scr,0,70,シング,personagem,0,58,,CRLF x1,ウリズン帝国の奴ら、どれだけ星晶を\n奪い取るつもりなんだ！,,pendente,
mev01_020.scr:1,mev01_020.scr,1,2,ミント,personagem,1,42,,CRLF x1,そういえば、\nシングさんの故郷もでしたね…,,pendente,
mev01_020.scr:2,mev01_020.scr,2,70,シング,personagem,2,36,,,あいつら、突然村に押しかけて来たんだ,,pendente,
mev01_020.scr:3,mev01_020.scr,3,70,シング,personagem,3,66,,CRLF x1,村を封鎖した上に、星晶を採り尽くすまで\n男の人はみんな働かされて…,,pendente,
mev01_020.scr:4,mev01_020.scr,4,70,シング,personagem,4,80,,CRLF x2,残された女の人や子どもだけじゃ\n狩りが出来ないから、\n食べ物も足りなくなったんだ,,pendente,
mev01_020.scr:5,mev01_020.scr,5,70,シング,personagem,5,60,,CRLF x1,星晶を失った土地はやせ衰えて、\n森からは動物がいなくなったよ,,pendente,
mev01_020.scr:6,mev01_020.scr,6,70,シング,personagem,6,60,,CRLF x1,オレの村で有名だった果物もさっぱり\n採れなくなってしまったし,,pendente,
mev01_020.scr:7,mev01_020.scr,7,37,ヴェイグ,personagem,7,44,,CRLF x1,ヘーゼル村も同じ運命をたどる、\nという事か…,,pendente,
mev01_020.scr:8,mev01_020.scr,8,70,シング,personagem,8,46,,CRLF x1,えっ！！\nそ、そういう意味で言ったんじゃ…！！,,pendente,
mev01_020.scr:9,mev01_020.scr,9,37,ヴェイグ,personagem,9,46,,CRLF x2,わかっている。\n行くぞ。\n仲間が先で待っている,,pendente,
mev01_020.scr:10,mev01_020.scr,10,70,シング,personagem,10,24,,,よーし、ガンドコ行こう！,,pendente,
mev01_020.scr:11,mev01_020.scr,11,2,ミント,personagem,11,18,,,ガンドコ、ですか？,,pendente,
mev01_020.scr:12,mev01_020.scr,12,70,シング,personagem,12,52,,CRLF x2,うん！\n「ガンガン、どこまでも」で\n「ガンドコ」さ！,,pendente,
mev01_030.scr:0,mev01_030.scr,0,70,シング,personagem,0,34,,CRLF x1,ねえ、ヴェイグ。\n聞いていいかな？,,pendente,
mev01_030.scr:1,mev01_030.scr,1,37,ヴェイグ,personagem,1,4,,,何だ,,pendente,
mev01_030.scr:2,mev01_030.scr,2,70,シング,personagem,2,54,,CRLF x1,ヘーゼル村を支配している帝国の使者は、\nどんな奴なの？,,pendente,
mev01_030.scr:3,mev01_030.scr,3,70,シング,personagem,3,46,,CRLF x1,オレの故郷に来たのは、\nものっすごい悪い奴でさ,,pendente,
mev01_030.scr:4,mev01_030.scr,4,70,シング,personagem,4,96,,CRLF x2,村一番の力自慢がかかっていっても\n汗一つかかずにあっさりと倒してしまうくらい\n強い騎士だったんだ,,pendente,
mev01_030.scr:5,mev01_030.scr,5,70,シング,personagem,5,46,,CRLF x1,紫色の髪の、\n変なしゃべり方をする奴だったけど,,pendente,
mev01_030.scr:6,mev01_030.scr,6,37,ヴェイグ,personagem,6,28,,CRLF x1,…！？\nまさか、「サレ」か？,,pendente,
mev01_030.scr:7,mev01_030.scr,7,70,シング,personagem,7,64,,CRLF x1,じゃあ、ヘーゼル村には今、\nオレの村と同じ奴が来てるってこと！？,,pendente,
mev01_030.scr:8,mev01_030.scr,8,2,ミント,personagem,8,32,,,サレという騎士の悪行は有名です…,,pendente,
mev01_030.scr:9,mev01_030.scr,9,2,ミント,personagem,9,76,,CRLF x2,彼は嵐を起こす力を持っていて、\n命令に従わない村を幾つも\n破壊しているとか…,,pendente,
mev01_030.scr:10,mev01_030.scr,10,70,シング,personagem,10,114,,CRLF x2,オレの村も、初めは星晶を採られない様に\n抵抗したけど、土地も村の人も犠牲になるから\n大人しく従うしかなかったんだ…,,pendente,
mev01_030.scr:11,mev01_030.scr,11,70,シング,personagem,11,76,,CRLF x1,くそっ、オレにもっと力があればッ！！\n村のみんなも、星晶も守る事が出来たのに,,pendente,
mev01_040.scr:0,mev01_040.scr,0,79,サレ,personagem,2,42,,CRLF x1,残念、この道はハズレなんだよ。\nハ・ズ・レ,,pendente,
mev01_040.scr:1,mev01_040.scr,1,79,サレ,personagem,4,60,,CRLF x1,小うるさいお供の目の届かない所に\n引っ張り出すのは苦労したよ,,pendente,
mev01_040.scr:2,mev01_040.scr,2,79,サレ,personagem,5,60,,CRLF x1,さあ、僕と来てくれるかな？\nガルバンゾ国王女、エステリーゼ様,,pendente,
mev01_040.scr:3,mev01_040.scr,3,79,サレ,personagem,6,76,,CRLF x2,キミさえ来てくれれば、\nガルバンゾ国が保有する多大な星晶も、\n帝国のものだ…,,pendente,
mev01_040.scr:4,mev01_040.scr,4,79,サレ,personagem,7,42,,CRLF x1,わかるよね？\n近々、キミの国とは戦争になる,,pendente,
mev01_040.scr:5,mev01_040.scr,5,79,サレ,personagem,8,92,,CRLF x2,でも、キミが人質になって、\nガルバンゾ国の星晶を渡してもらえれば\n多くの人は血を流さずに済む,,pendente,
mev01_040.scr:6,mev01_040.scr,6,79,サレ,personagem,9,73,,CRLF x2,ガルバンゾ 国民の命は今、キミの手の中にある。\nどう？\n命って重いのかな？,,pendente,
mev01_040.scr:7,mev01_040.scr,7,70,シング,personagem,10,40,,CRLF x1,サレだ…！\nねえ、あの女の人が危ないよ！,,pendente,
mev01_040.scr:8,mev01_040.scr,8,2,ミント,personagem,11,56,,CRLF x1,ガルバンゾ国の王女、と聞こえましたが…。\nなぜここに…？,,pendente,
mev01_040.scr:9,mev01_040.scr,9,37,ヴェイグ,personagem,12,46,,CRLF x1,わからない…。\n星晶狙いな事は間違いないだろう,,pendente,
mev01_040.scr:10,mev01_040.scr,10,70,シング,personagem,13,32,,CRLF x1,何て奴だ！\n助けよう、二人とも！,,pendente,
mev01_040.scr:11,mev01_040.scr,11,2,ミント,personagem,14,16,,CRLF x1,あっ。\n皆さん！,,pendente,
mev01_040.scr:12,mev01_040.scr,12,2,ミント,personagem,15,30,,,正面から行くのは危険ですよ！！,,pendente,
mev01_040.scr:13,mev01_040.scr,13,37,ヴェイグ,personagem,16,6,,,退け…,,pendente,
mev01_040.scr:14,mev01_040.scr,14,79,サレ,personagem,17,28,,CRLF x1,やあ、ヴェイグ。\nお久しぶり,,pendente,
mev01_040.scr:15,mev01_040.scr,15,79,サレ,personagem,18,76,,CRLF x2,キミの事はよく覚えているよ。\n僕に刃向かい、村を捨てて逃げた\nドブネズミくん,,pendente,
mev01_040.scr:16,mev01_040.scr,16,37,ヴェイグ,personagem,19,6,,,くッ…,,pendente,
mev01_040.scr:17,mev01_040.scr,17,79,サレ,personagem,20,56,,CRLF x2,逃げなければ、\n僕の玩具になれていたのになぁ…。\n残念だ,,pendente,
mev01_040.scr:18,mev01_040.scr,18,79,サレ,personagem,21,72,,CRLF x2,でも、再会出来て嬉しいよ。\nここでキミをズタズタに\n弄んでやれるんだもの,,pendente,
mev01_040.scr:19,mev01_040.scr,19,79,サレ,personagem,22,58,,CRLF x1,僕に剣を向け、傷を付けた者なんて\nキミが初めてだからね！！,,pendente,
mev01_050.scr:0,mev01_050.scr,0,79,サレ,personagem,0,28,,,やあ、また来てくれたのかい？,,pendente,
mev01_050.scr:1,mev01_050.scr,1,79,サレ,personagem,1,88,,CRLF x2,その必死な目……キライだな。\nキミみたいな人を見ると、\nもっといじめたくなるんだよね、僕,,pendente,
mev01_060.scr:0,mev01_060.scr,0,2,ミント,personagem,1,18,,,もう、大丈夫ですよ,,pendente,
mev01_060.scr:1,mev01_060.scr,1,65,エステル,personagem,2,22,,,ありがとうございます…,,pendente,
mev01_060.scr:2,mev01_060.scr,2,79,サレ,personagem,3,54,,CRLF x1,う、ウソだろう……？\n僕が、本気で……こんなヤツに……,,pendente,
mev01_060.scr:3,mev01_060.scr,3,79,サレ,personagem,4,88,,CRLF x2,これまで僕は、\nずっと人の心をバカにして生きてきた…。\n軽く遊んでやればいいと思っていた,,pendente,
mev01_060.scr:4,mev01_060.scr,4,79,サレ,personagem,5,96,,CRLF x2,でも、キミ達との戦いで心の大切さってヤツを\n学ばされたよ。\nああ、今まで大きな間違いを犯していた,,pendente,
mev01_060.scr:5,mev01_060.scr,5,79,サレ,personagem,6,42,,CRLF x1,よく、わかったよ。\n心の力は強くて、大きい,,pendente,
mev01_060.scr:6,mev01_060.scr,6,79,サレ,personagem,7,30,,,そして、実に不愉快なものだと！,,pendente,
mev01_060.scr:7,mev01_060.scr,7,79,サレ,personagem,8,56,,CRLF x1,だから…、次は本気で叩き潰す。\nキミ達の……人の心をね！,,pendente,
mev01_060.scr:8,mev01_060.scr,8,65,エステル,personagem,9,48,,CRLF x1,あ、あの。\n助けていただいてありがとうございます,,pendente,
mev01_060.scr:9,mev01_060.scr,9,65,エステル,personagem,10,58,,CRLF x2,わたし、\nエステリーゼ・シデス・ヒュラッセイン\nと言います,,pendente,
mev01_060.scr:10,mev01_060.scr,10,65,エステル,personagem,11,24,,,エステルって呼んで下さい,,pendente,
mev01_060.scr:11,mev01_060.scr,11,67,リタ,personagem,12,24,,CRLF x1,エステル！\nケガはない？,,pendente,
mev01_060.scr:12,mev01_060.scr,12,65,エステル,personagem,13,44,,CRLF x1,大丈夫です。\nこの方達に助けていただきました,,pendente,
mev01_060.scr:13,mev01_060.scr,13,64,ユーリ,personagem,14,40,,CRLF x2,そうか。\nあの変な口調の奴は\nどうした？,,pendente,
mev01_060.scr:14,mev01_060.scr,14,37,ヴェイグ,personagem,15,38,,,駐在しているヘーゼル村へ戻ったのだろう,,pendente,
mev01_060.scr:15,mev01_060.scr,15,37,ヴェイグ,personagem,16,98,,CRLF x2,この一件で、サレの監視が厳しくなって、\nオレの仲間も外には出られない状態に\nなっているかもしれない,,pendente,
mev01_060.scr:16,mev01_060.scr,16,70,シング,personagem,17,44,,CRLF x1,そっか…。\n今日は引き返した方がいいかなあ…,,pendente,
mev01_060.scr:17,mev01_060.scr,17,2,ミント,personagem,18,56,,CRLF x1,あの、エステリーゼ様…い、いえ、\nエステルさん、ですよね,,pendente,
mev01_060.scr:18,mev01_060.scr,18,2,ミント,personagem,19,42,,CRLF x1,私達は、アドリビトムという\nギルドの者です,,pendente,
mev01_060.scr:19,mev01_060.scr,19,2,ミント,personagem,20,66,,CRLF x1,お疲れの様ですし、皆さん\n私達の船で体を休めてはいかがでしょうか？,,pendente,
mev01_060.scr:20,mev01_060.scr,20,65,エステル,personagem,21,28,,CRLF x1,ユーリ、リタ。\nどうします？,,pendente,
mev01_060.scr:21,mev01_060.scr,21,64,ユーリ,personagem,22,54,,CRLF x1,アドリビトム？\nああ、あの妙な船を拠点にしてるギルドか,,pendente,
mev01_060.scr:22,mev01_060.scr,22,64,ユーリ,personagem,23,74,,CRLF x2,せっかくだから、行こうぜ。\nこの森で迷ってから、\nまともに食えてないもんな,,pendente,
mev01_070.scr:0,mev01_070.scr,0,62,アンジュ,personagem,0,62,,CRLF x2,お帰りなさい。\nヘーゼル村に物資を届けられなくて\n残念だったね,,pendente,
mev01_070.scr:1,mev01_070.scr,1,62,アンジュ,personagem,1,44,,CRLF x1,でも、今回はサレがいたんだもん。\n仕方ないよ,,pendente,
mev01_070.scr:2,mev01_070.scr,2,62,アンジュ,personagem,2,38,,,物資を届けるのは、またの機会にしましょ,,pendente,
mev01_070.scr:3,mev01_070.scr,3,2,ミント,personagem,3,52,,CRLF x1,エステルさん達は、\n食堂のとなりの部屋へ案内しました,,pendente,
mev01_070.scr:4,mev01_070.scr,4,62,アンジュ,personagem,4,94,,CRLF x2,じゃあ、挨拶しないとね。\nガルバンゾ国のお姫様だったら、\nあんな森にいたのも事情がありそうだし,,pendente,
mev01_070.scr:5,mev01_070.scr,5,62,アンジュ,personagem,5,52,,CRLF x1,○○、あなたもいらっしゃい。\n一緒に話を聞きましょう,,pendente,
mev01_080.scr:0,mev01_080.scr,0,62,アンジュ,personagem,0,52,,CRLF x1,さて、あなた達。\nもし良かったら、話を聞いてもいい？,,pendente,
mev01_080.scr:1,mev01_080.scr,1,62,アンジュ,personagem,1,30,,,その前に自己紹介をしなくちゃね,,pendente,
mev01_080.scr:2,mev01_080.scr,2,62,アンジュ,personagem,2,58,,CRLF x1,わたしは、アンジュ。\nこのギルド、アドリビトムのリーダーよ,,pendente,
mev01_080.scr:3,mev01_080.scr,3,65,エステル,personagem,3,88,,CRLF x2,申し遅れました。\nわたしは、ガルバンゾ国の王女エステリーゼ。\nエステル、って呼んで下さい,,pendente,
mev01_080.scr:4,mev01_080.scr,4,65,エステル,personagem,4,34,,CRLF x1,ええと、あなたの名は\n○○でしたね,,pendente,
mev01_080.scr:5,mev01_080.scr,5,65,エステル,personagem,5,38,,,助けていただいて、ありがとうございます,,pendente,
mev01_080.scr:6,mev01_080.scr,6,67,リタ,personagem,6,26,,,あたしは、リタ・モルディオ,,pendente,
mev01_080.scr:7,mev01_080.scr,7,64,ユーリ,personagem,7,54,,CRLF x1,オレはユーリ・ローウェル。\nガルバンゾ国のギルドの者だ,,pendente,
mev01_080.scr:8,mev01_080.scr,8,64,ユーリ,personagem,8,46,,CRLF x1,今は、このお姫様に\n旅の護衛として雇われている,,pendente,
mev01_080.scr:9,mev01_080.scr,9,62,アンジュ,personagem,9,66,,CRLF x1,あなたの様な大国の王族がなぜ、\nギルドを雇って旅なんてしているの？,,pendente,
mev01_080.scr:10,mev01_080.scr,10,65,エステル,personagem,10,62,,CRLF x1,コンフェイト大森林には、ガルバンゾ国の\n星晶採掘地があるんです,,pendente,
mev01_080.scr:11,mev01_080.scr,11,65,エステル,personagem,11,60,,CRLF x1,現在、ウリズン帝国とその土地をめぐって\n緊張状態なのですが…,,pendente,
mev01_080.scr:12,mev01_080.scr,12,65,エステル,personagem,12,64,,CRLF x2,その採掘地で今、\n変な現象が起こっているという話を\n聞いたんです,,pendente,
mev01_080.scr:13,mev01_080.scr,13,62,アンジュ,personagem,13,10,,,変な現象？,,pendente,
mev01_080.scr:14,mev01_080.scr,14,67,リタ,personagem,14,48,,CRLF x1,採掘が行われた土地の生物が、\n変化してるって話よ,,pendente,
mev01_080.scr:15,mev01_080.scr,15,67,リタ,personagem,15,102,,CRLF x2,どんな変化が起こってるかってのは、\n明確にわかってるわけじゃないけど\n採掘者の間でそんな話が上がってて,,pendente,
mev01_080.scr:16,mev01_080.scr,16,67,リタ,personagem,16,98,,CRLF x2,それを聞いた学者が「土地にある星晶を\n取り過ぎたせいではないか」って\n仮説を立てて、騒ぎ始めたのよ,,pendente,
mev01_080.scr:17,mev01_080.scr,17,67,リタ,personagem,17,98,,CRLF x2,でも、それに対して国の評議会は何も\n調査をせず、ついには世間を騒がせた罪で\n学者まで逮捕、ってわけ,,pendente,
mev01_080.scr:18,mev01_080.scr,18,65,エステル,personagem,18,46,,CRLF x1,その話を知って、わたし、\n本当の事が知りたくて,,pendente,
mev01_080.scr:19,mev01_080.scr,19,65,エステル,personagem,19,60,,CRLF x1,国が動かないのなら、まず自分で調査を\nしようと国を出たんです,,pendente,
mev01_080.scr:20,mev01_080.scr,20,64,ユーリ,personagem,20,84,,CRLF x2,そこまでは良かったんだが。\n森で迷うわ、あのサレって奴に\nエステルがさらわれるわでな,,pendente,
mev01_080.scr:21,mev01_080.scr,21,62,アンジュ,personagem,21,92,,CRLF x2,サレの所属するウリズン帝国と\nあなたのガルバンゾ国は、今星晶を巡って\n緊張状態にあるものね…,,pendente,
mev01_080.scr:22,mev01_080.scr,22,65,エステル,personagem,22,68,,CRLF x1,コンフェイト大森林の辺りは、様々な国が\n星晶採掘に関わっていますし…,,pendente,
mev01_080.scr:23,mev01_080.scr,23,65,エステル,personagem,23,32,,,早く、問題の採掘地へ急がないと…,,pendente,
mev01_080.scr:24,mev01_080.scr,24,62,アンジュ,personagem,24,48,,CRLF x1,焦っては、駄目。\nまず、あなた達には休養が必要よ,,pendente,
mev01_080.scr:25,mev01_080.scr,25,62,アンジュ,personagem,25,60,,CRLF x1,わたし達も何か手伝えそうだから、\n今はゆっくりくつろいでいて,,pendente,
mev01_080.scr:26,mev01_080.scr,26,65,エステル,personagem,26,30,,CRLF x1,はい。\nそうさせていただきます,,pendente,
mev01_090.scr:0,mev01_090.scr,0,37,ヴェイグ,personagem,0,32,,CRLF x1,すまない。\n物資を届けられなくて,,pendente,
mev01_090.scr:1,mev01_090.scr,1,38,クレア,personagem,1,36,,CRLF x1,仕方ないわ。\nサレがいたんでしょう？,,pendente,
mev01_090.scr:2,mev01_090.scr,2,38,クレア,personagem,2,54,,CRLF x1,でも、今後はヘーゼル村へ接触するのは\n難しくなりそうね,,pendente,
mev01_090.scr:3,mev01_090.scr,3,37,ヴェイグ,personagem,3,8,,,そうだな,,pendente,
mev01_090.scr:4,mev01_090.scr,4,38,クレア,personagem,4,74,,CRLF x2,ごめんなさい。\n村を出なければならなくなったのは\n私がサレに逆らったから…,,pendente,
mev01_090.scr:5,mev01_090.scr,5,37,ヴェイグ,personagem,5,34,,,あの時、クレアがした事は正しかった,,pendente,
mev01_090.scr:6,mev01_090.scr,6,37,ヴェイグ,personagem,6,60,,CRLF x1,奴にいたぶられる村の人を庇った。\nその事を、責める必要は無い,,pendente,
mev01_090.scr:7,mev01_090.scr,7,38,クレア,personagem,7,54,,CRLF x1,ヴェイグも随分無茶をしたわね。\nサレに剣を向けるなんて,,pendente,
mev01_090.scr:8,mev01_090.scr,8,37,ヴェイグ,personagem,8,22,,,クレアを守りたかった…,,pendente,
mev01_090.scr:9,mev01_090.scr,9,38,クレア,personagem,9,68,,CRLF x1,守ってくれてありがとう、ヴェイグ。\nでも、ヘーゼル村のみんなが心配ね,,pendente,
mev01_090.scr:10,mev01_090.scr,10,37,ヴェイグ,personagem,10,64,,CRLF x1,みんな、オレ達をサレから逃がしてくれた。\nでも、逃げずに戦えば…,,pendente,
mev01_090.scr:11,mev01_090.scr,11,38,クレア,personagem,11,84,,CRLF x2,いえ、そんな事は無いわ。\n今はこうして、外から村のみんなを\n助ける事が出来るんだもの,,pendente,
mev01_090.scr:12,mev01_090.scr,12,38,クレア,personagem,12,62,,CRLF x1,いい方に考えましょう。\nまだ、みんなを助ける道はあるはずだから,,pendente,
mev01_090.scr:13,mev01_090.scr,13,37,ヴェイグ,personagem,13,6,,,ああ…,,pendente,
mev01_100.scr:0,mev01_100.scr,0,57,カイウス,personagem,0,68,,CRLF x1,ガルバンゾ国のお姫様かぁ。\nちょっと話したけど、悪い人じゃなかったな,,pendente,
mev01_100.scr:1,mev01_100.scr,1,24,チャット,personagem,1,48,,CRLF x1,エステルさん？\nなぜ、悪い人だと思ったのですか？,,pendente,
mev01_100.scr:2,mev01_100.scr,2,57,カイウス,personagem,2,70,,CRLF x1,オレは生まれ故郷を追い出されたんだ。\n村の人達みんな、ガルバンゾ国から,,pendente,
mev01_100.scr:3,mev01_100.scr,3,57,カイウス,personagem,3,54,,CRLF x1,星晶採掘の為に土地を明け渡せって、\n移住させられたんだ,,pendente,
mev01_100.scr:4,mev01_100.scr,4,24,チャット,personagem,4,18,,,そうだったんですか,,pendente,
mev01_100.scr:5,mev01_100.scr,5,57,カイウス,personagem,5,64,,CRLF x2,でも、エステルは違う。\nむしろ、人々の為に行動したいと\n言ってる,,pendente,
mev01_100.scr:6,mev01_100.scr,6,24,チャット,personagem,6,60,,CRLF x1,大国は往々にして、小さい国や村を\n食いものにするものですから,,pendente,
mev01_100.scr:7,mev01_100.scr,7,24,チャット,personagem,7,52,,CRLF x1,偏見を持ってしまうのは、\n仕方ないかもしれないですね,,pendente,
mev01_100.scr:8,mev01_100.scr,8,57,カイウス,personagem,8,48,,CRLF x1,ああ。\nここにいるみんなも、そう思う奴は多かった,,pendente,
mev01_100.scr:9,mev01_100.scr,9,57,カイウス,personagem,9,64,,CRLF x2,大国に食いつぶされて、\n価値が無くなったら\n見捨てられてきたから,,pendente,
mev01_100.scr:10,mev01_100.scr,10,57,カイウス,personagem,10,64,,CRLF x2,でも、見方変わったよ。\n全部の人が、そう悪いヤツじゃ\nないんだな,,pendente,
mev01_110.scr:0,mev01_110.scr,0,64,ユーリ,personagem,0,40,,CRLF x1,リーダーさんよ、\nちっと頼みがあんだけど,,pendente,
mev01_110.scr:1,mev01_110.scr,1,62,アンジュ,personagem,1,10,,,何かしら？,,pendente,
mev01_110.scr:2,mev01_110.scr,2,64,ユーリ,personagem,2,30,,,オレもここで雇ってくんねぇか？,,pendente,
mev01_110.scr:3,mev01_110.scr,3,64,ユーリ,personagem,3,106,,CRLF x2,どうやらオレは、姫様誘拐の疑いで\n指名手配中って事になってて、しばらく\nガルバンゾには戻れなさそうだからな,,pendente,
mev01_110.scr:4,mev01_110.scr,4,65,エステル,personagem,4,86,,CRLF x2,誘拐だなんて、ひどいです…。\nすみません。\nわたしがユーリに依頼したばかりにご迷惑を…,,pendente,
mev01_110.scr:5,mev01_110.scr,5,64,ユーリ,personagem,5,60,,CRLF x2,気にすんな。\nお偉いさんにゃ、\n真偽なんかどうでもいいんだろ,,pendente,
mev01_110.scr:6,mev01_110.scr,6,64,ユーリ,personagem,6,64,,CRLF x1,大事なのは、王女が自ら調査に出たってのを\n周囲に隠せるかって事さ,,pendente,
mev01_110.scr:7,mev01_110.scr,7,67,リタ,personagem,7,36,,,ねえ、あたしもここで働きたいんだけど,,pendente,
mev01_110.scr:8,mev01_110.scr,8,62,アンジュ,personagem,8,32,,,あなたも指名手配になっているの？,,pendente,
mev01_110.scr:9,mev01_110.scr,9,67,リタ,personagem,9,56,,CRLF x1,国から兵器開発の協力を要請されてたの。\n戦争が近いからね,,pendente,
mev01_110.scr:10,mev01_110.scr,10,67,リタ,personagem,10,68,,CRLF x2,けど、興味ないし、\n協力する気もないからユーリに付いて\n国を出たのよ,,pendente,
mev01_110.scr:11,mev01_110.scr,11,67,リタ,personagem,11,72,,CRLF x1,あたしはただ、どこかに腰を落ち着けて\n自分の研究課題に取り組めればいいの,,pendente,
mev01_110.scr:12,mev01_110.scr,12,67,リタ,personagem,12,64,,CRLF x1,それとさ、エステルだって\nしばらくここにいた方がいいんじゃない？,,pendente,
mev01_110.scr:13,mev01_110.scr,13,67,リタ,personagem,13,64,,CRLF x1,帰ったら、もう城から出してもらえなく\nなっちゃうかもしれないわよ,,pendente,
mev01_110.scr:14,mev01_110.scr,14,64,ユーリ,personagem,14,34,,,そいつは、エステル自身が決める事だ,,pendente,
mev01_110.scr:15,mev01_110.scr,15,65,エステル,personagem,15,10,,,わたしは…,,pendente,
mev01_110.scr:16,mev01_110.scr,16,65,エステル,personagem,16,82,,CRLF x2,わたしも、ここで働きたいです！！\n剣も多少は心得ていますし\nお役に立てると思います,,pendente,
mev01_110.scr:17,mev01_110.scr,17,65,エステル,personagem,17,74,,CRLF x1,採掘場に起こる異常現象の原因を確かめて、\n出来れば自分の力で解決したいから,,pendente,
mev01_110.scr:18,mev01_110.scr,18,65,エステル,personagem,18,54,,CRLF x1,まだ、具体的にどうすればいいか、\n何もわかりませんが…,,pendente,
mev01_110.scr:19,mev01_110.scr,19,62,アンジュ,personagem,19,50,,CRLF x1,それについては、\nみんなで協力して取り組みましょう,,pendente,
mev01_110.scr:20,mev01_110.scr,20,62,アンジュ,personagem,20,46,,CRLF x1,じゃあ、メンバー登録するから\nちゃんと働いてね,,pendente,
mev01_110.scr:21,mev01_110.scr,21,65,エステル,personagem,21,22,,,ありがとうございます！,,pendente,
mev01_110.scr:22,mev01_110.scr,22,67,リタ,personagem,22,36,,,んじゃ、早速あたしは研究室を借りるわ,,pendente,
mev01_110.scr:23,mev01_110.scr,23,65,エステル,personagem,23,46,,CRLF x1,わたしは、早速調査の依頼を\n登録したいんですが,,pendente,
mev01_110.scr:24,mev01_110.scr,24,62,アンジュ,personagem,24,48,,CRLF x1,コンフェイト大森林の\n星晶採掘地跡へ行きたいのね,,pendente,
mev01_110.scr:25,mev01_110.scr,25,62,アンジュ,personagem,25,52,,CRLF x1,じゃあ、登録して同行者を募るから\n待っててちょうだい,,pendente,
mev01_110.scr:26,mev01_110.scr,26,,(mensagem de sistema),sistema,26,34,,,ユーリがアドリビトムに加入しました,,pendente,
mev01_110.scr:27,mev01_110.scr,27,,(mensagem de sistema),sistema,27,36,,,エステルがアドリビトムに加入しました,,pendente,
mev01_110.scr:28,mev01_110.scr,28,,(mensagem de sistema),sistema,28,32,,,リタがアドリビトムに加入しました,,pendente,
mev02_010.scr:0,mev02_010.scr,0,62,アンジュ,personagem,0,28,,,これは、エステルからの依頼よ,,pendente,
mev02_010.scr:1,mev02_010.scr,1,62,アンジュ,personagem,1,96,,CRLF x2,コンフェイト大森林にある、\nガルバンゾ国が行った星晶採掘の跡地へ行って、\n調査をしてきて欲しいの,,pendente,
mev02_010.scr:2,mev02_010.scr,2,62,アンジュ,personagem,2,80,,CRLF x2,分析調査はフィリアに頼んでるから、\nあなたは、エステルの護衛を\nしっかりお願いね,,pendente,
mev02_010.scr:3,mev02_010.scr,3,62,アンジュ,personagem,3,36,,,それじゃ、気を付けて行ってらっしゃい,,pendente,
mev02_020.scr:0,mev02_020.scr,0,20,リッド,personagem,0,64,,CRLF x1,ここも随分、動物が減ったなあ。\n狩りにはちょうどいい森だったのに,,pendente,
mev02_020.scr:1,mev02_020.scr,1,65,エステル,personagem,1,60,,CRLF x1,そういえば、魔物は多いけれど\n動物はあまり見かけませんでした,,pendente,
mev02_020.scr:2,mev02_020.scr,2,8,フィリア,personagem,2,32,,,星晶が採掘され始めてから、ですね,,pendente,
mev02_020.scr:3,mev02_020.scr,3,8,フィリア,personagem,3,102,,CRLF x2,星晶は、生命の源であるマナを発します。\nだから、採掘される前は、この土地も\n生命に溢れていたんですが…,,pendente,
mev02_020.scr:4,mev02_020.scr,4,65,エステル,personagem,4,12,,,すみません…,,pendente,
mev02_020.scr:5,mev02_020.scr,5,20,リッド,personagem,5,74,,CRLF x2,エステルが謝る事ねえよ。\n星晶採掘を命じたのは、\nエステルじゃないんだろ？,,pendente,
mev02_020.scr:6,mev02_020.scr,6,65,エステル,personagem,6,48,,CRLF x1,はい。\n王女ですが、わたしに止める権限は無くて…,,pendente,
mev02_020.scr:7,mev02_020.scr,7,8,フィリア,personagem,7,50,,CRLF x1,ですから、\nご自分の意志で国を出られたのでしょう？,,pendente,
mev02_020.scr:8,mev02_020.scr,8,65,エステル,personagem,8,4,,,はい,,pendente,
mev02_020.scr:9,mev02_020.scr,9,65,エステル,personagem,9,100,,CRLF x2,まず、自分の目で生物が変化するという\n現象を確かめて、もしそれが本当なら、\nそれをどうにかしたくて…,,pendente,
mev02_020.scr:10,mev02_020.scr,10,8,フィリア,personagem,10,92,,CRLF x2,これから、出来る事をやればいいんです。\n私達アドリビトムは、そうやって\n働いているのですから,,pendente,
mev02_020.scr:11,mev02_020.scr,11,20,リッド,personagem,11,66,,CRLF x2,そうだ。\nエステルはもう、\n立派なアドリビトムの一員なんだからな！,,pendente,
mev02_020.scr:12,mev02_020.scr,12,65,エステル,personagem,12,6,,,はい！,,pendente,
mev02_030.scr:0,mev02_030.scr,0,20,リッド,personagem,0,70,,CRLF x1,なあ、星晶の採掘が原因で起こってる\n生物の変化ってどういうもんなんだ？,,pendente,
mev02_030.scr:1,mev02_030.scr,1,65,エステル,personagem,1,26,,,まだ、詳しくはわかりません,,pendente,
mev02_030.scr:2,mev02_030.scr,2,65,エステル,personagem,2,88,,CRLF x2,現場で作業をしていた人達による話では、\n全く別の生物になってしまう程の\n変化らしいんです,,pendente,
mev02_030.scr:3,mev02_030.scr,3,8,フィリア,personagem,3,114,,CRLF x2,ガルバンゾ国は、この土地以外でも\n世界各地で星晶を採掘していましたよね。\nそこでも同じ様な話があったのでしょうか？,,pendente,
mev02_030.scr:4,mev02_030.scr,4,65,エステル,personagem,4,52,,CRLF x2,はい。\n他にも３ヶ所の土地で起こったと\n聞いています,,pendente,
mev02_030.scr:5,mev02_030.scr,5,8,フィリア,personagem,5,42,,CRLF x1,３ヶ所も…。\n星晶採掘地に限ってなのですね,,pendente,
mev02_030.scr:6,mev02_030.scr,6,65,エステル,personagem,6,76,,CRLF x2,はい。\n決まって、採掘が終盤に近づいた頃から\n採掘し終えた期間に起こる様です,,pendente,
mev02_030.scr:7,mev02_030.scr,7,8,フィリア,personagem,7,32,,,星晶との関連性はわかりませんが…,,pendente,
mev02_030.scr:8,mev02_030.scr,8,8,フィリア,personagem,8,92,,CRLF x2,ひょっとしたら、生態系に影響を及ぼす\n有害な物質を掘り当ててしまったという\n可能性もあります,,pendente,
mev02_030.scr:9,mev02_030.scr,9,8,フィリア,personagem,9,66,,CRLF x1,何にしても、この現象が本当なら、\n人体にも影響が及ぶかもしれません,,pendente,
mev02_030.scr:10,mev02_030.scr,10,20,リッド,personagem,10,4,,,ああ,,pendente,
mev02_030.scr:11,mev02_030.scr,11,20,リッド,personagem,11,88,,CRLF x2,人間に危険なものならちゃんと\n調べておかねえと、作業してる奴らに\n注意すら出来ねえもんな,,pendente,
mev02_040.scr:0,mev02_040.scr,0,20,リッド,personagem,0,30,,,なあ、やっぱわかんねえんだけど,,pendente,
mev02_040.scr:1,mev02_040.scr,1,20,リッド,personagem,1,56,,CRLF x1,そんな危ねえもんを、\n何でエステルの国は放っておくんだ？,,pendente,
mev02_040.scr:2,mev02_040.scr,2,8,フィリア,personagem,2,42,,CRLF x1,そうですね。\nでは、少しお話をしましょうか,,pendente,
mev02_040.scr:3,mev02_040.scr,3,8,フィリア,personagem,3,32,,,大きな国には、人が集まりますよね,,pendente,
mev02_040.scr:4,mev02_040.scr,4,8,フィリア,personagem,4,108,,CRLF x2,大勢の人は生きる為に産業を行っていますが、\n産業そのものを続けていくには、\n原動力となる資源が必要になります,,pendente,
mev02_040.scr:5,mev02_040.scr,5,8,フィリア,personagem,5,48,,CRLF x1,大国の資源といえば、\n今やほとんど星晶ですからね,,pendente,
mev02_040.scr:6,mev02_040.scr,6,8,フィリア,personagem,6,68,,CRLF x1,採掘を止めて星晶が不足すれば、産業は滞り、\n多くの人が仕事を失います,,pendente,
mev02_040.scr:7,mev02_040.scr,7,8,フィリア,personagem,7,46,,CRLF x1,そうすれば、\n衣食住に困る人が増えてしまいます,,pendente,
mev02_040.scr:8,mev02_040.scr,8,20,リッド,personagem,8,72,,CRLF x1,食い物なんて、森に行けばあるだろ。\n狩りをすればいいし、畑も作ればいいし,,pendente,
mev02_040.scr:9,mev02_040.scr,9,65,エステル,personagem,9,110,,CRLF x2,わたしの国は、産業施設や国民の住宅の為に\n森は切り開かれて、あまりありません。\n畑を開墾する土地もないでしょう,,pendente,
mev02_040.scr:10,mev02_040.scr,10,65,エステル,personagem,10,50,,CRLF x1,食料は、自給ではなく\n他国からの輸入に頼っています,,pendente,
mev02_040.scr:11,mev02_040.scr,11,8,フィリア,personagem,11,62,,CRLF x1,どうでしょう、リッドさん。\n他国から食料を輸入する為の産業です,,pendente,
mev02_040.scr:12,mev02_040.scr,12,8,フィリア,personagem,12,56,,CRLF x1,ガルバンゾ国は星晶の採掘を止める事は\n出来るでしょうか？,,pendente,
mev02_040.scr:13,mev02_040.scr,13,20,リッド,personagem,13,64,,CRLF x2,そうか。\n大国にも、止めるに止められない\n事情ってのがあるんだな,,pendente,
mev02_040.scr:14,mev02_040.scr,14,65,エステル,personagem,14,60,,CRLF x2,はい。\nですが、このまま目をつぶっておくわけにも\n行きません,,pendente,
mev02_040.scr:15,mev02_040.scr,15,8,フィリア,personagem,15,44,,CRLF x1,もちろんです。\nさあ、では先を急ぎましょうか,,pendente,
mev02_045.scr:0,mev02_045.scr,0,65,エステル,personagem,1,20,,,お、大きいです…！！,,pendente,
mev02_045.scr:1,mev02_045.scr,1,20,リッド,personagem,2,60,,CRLF x1,あーあ、デカオタだ。\nこいつ、なかなかどいてくれねえんだよな,,pendente,
mev02_045.scr:2,mev02_045.scr,2,20,リッド,personagem,3,52,,CRLF x1,しょうがねえ。\nこっちから行って、追っ払うしかないか,,pendente,
mev02_046.scr:0,mev02_046.scr,0,20,リッド,personagem,1,52,,CRLF x1,ったく、てこずらせやがって。\n今度は負けねえからな！,,pendente,
mev02_047.scr:0,mev02_047.scr,0,65,エステル,personagem,1,66,,CRLF x1,サレの追跡から逃れる為に、\nユーリがこうやって道を隠していたんです,,pendente,
mev02_047.scr:1,mev02_047.scr,1,65,エステル,personagem,2,54,,CRLF x1,ですが、ここで迷った上にユーリ達と\nはぐれてしまって…,,pendente,
mev02_047.scr:2,mev02_047.scr,2,65,エステル,personagem,3,54,,CRLF x1,サレに捕まりそうになった時は\nどうしようかと思いました,,pendente,
mev02_047.scr:3,mev02_047.scr,3,20,リッド,personagem,4,50,,CRLF x1,上手い事作ってあったな。\nオレにはわかんなかったぜ,,pendente,
mev02_047.scr:4,mev02_047.scr,4,65,エステル,personagem,5,18,,,さあ、行きましょう,,pendente,
mev02_050.scr:0,mev02_050.scr,0,8,フィリア,personagem,0,52,,CRLF x1,ここが、採掘跡地ですね。\n今は封鎖されている様ですが,,pendente,
mev02_050.scr:1,mev02_050.scr,1,20,リッド,personagem,1,84,,CRLF x2,なあ、何か…やばいんじゃないか？\n見てみろよ、周りの植物を。\nこんなもの見た事ねぇぞ,,pendente,
mev02_050.scr:2,mev02_050.scr,2,8,フィリア,personagem,2,66,,CRLF x1,一部、無機物化しています。\nもはや植物と呼んでいいのかわかりません,,pendente,
mev02_050.scr:3,mev02_050.scr,3,8,フィリア,personagem,3,16,,,これらは一体…？,,pendente,
mev02_050.scr:4,mev02_050.scr,4,39,ユージーン,personagem,5,24,,,…お前達、アドリビトムか,,pendente,
mev02_050.scr:5,mev02_050.scr,5,20,リッド,personagem,6,52,,CRLF x1,あ、前にヘーゼル村に物資を届けに\n行った時に会った…,,pendente,
mev02_050.scr:6,mev02_050.scr,6,39,ユージーン,personagem,8,22,,,ユージーン・ガラルドだ,,pendente,
mev02_050.scr:7,mev02_050.scr,7,39,ユージーン,personagem,9,62,,CRLF x1,アドリビトムには、ヴェイグ達の事も含め\nいつも世話になっている,,pendente,
mev02_050.scr:8,mev02_050.scr,8,41,ティトレイ,personagem,10,24,,,おれはティトレイ・クロウ,,pendente,
mev02_050.scr:9,mev02_050.scr,9,41,ティトレイ,personagem,11,40,,,ヴェイグがまた、サレとやりあったらしいな,,pendente,
mev02_050.scr:10,mev02_050.scr,10,41,ティトレイ,personagem,12,34,,,ったく、あいつもしょうがねえ奴だな,,pendente,
mev02_050.scr:11,mev02_050.scr,11,39,ユージーン,personagem,13,22,,,今日は、ここに何の用だ,,pendente,
mev02_050.scr:12,mev02_050.scr,12,65,エステル,personagem,14,94,,CRLF x2,星晶採掘地跡で見られる奇妙な現象\nというのが、本当に起こっているのか。\nそれを確かめに来ました,,pendente,
mev02_050.scr:13,mev02_050.scr,13,39,ユージーン,personagem,15,36,,,奇妙な現象とは、この生物変化の事か？,,pendente,
mev02_050.scr:14,mev02_050.scr,14,39,ユージーン,personagem,16,64,,CRLF x2,見ての有様だ。\nこの採掘地から星晶が出尽くした頃から\nこうなった,,pendente,
mev02_050.scr:15,mev02_050.scr,15,39,ユージーン,personagem,17,90,,CRLF x2,元々ここは薬草などが豊富に採れたのだが。\n今では何とも言えない妙な植物や、\n虫が増えている,,pendente,
mev02_050.scr:16,mev02_050.scr,16,41,ティトレイ,personagem,18,28,,,星晶の採掘が原因だってのか？,,pendente,
mev02_050.scr:17,mev02_050.scr,17,8,フィリア,personagem,19,94,,CRLF x2,星晶との関連性は、まだわかりません。\nですが、生物の変化というのは\n実際に起こっている様ですね,,pendente,
mev02_050.scr:18,mev02_050.scr,18,41,ティトレイ,personagem,20,78,,CRLF x2,おれ達も、このヤバイ現象を\nヴェイグに伝えようって、\n村を出たところだったんだ,,pendente,
mev02_050.scr:19,mev02_050.scr,19,41,ティトレイ,personagem,21,46,,CRLF x1,アドリビトムに接触出来て、\nちょうど良かったぜ,,pendente,
mev02_050.scr:20,mev02_050.scr,20,8,フィリア,personagem,22,60,,CRLF x1,ですが、村にはサレが…。\n帝国の監視は大丈夫だったのですか？,,pendente,
mev02_050.scr:21,mev02_050.scr,21,41,ティトレイ,personagem,23,78,,CRLF x1,盗るモン盗ったら、引き上げてったぜ！\nおかげでおれ達の村の星晶はスッカラカンだ,,pendente,
mev02_050.scr:22,mev02_050.scr,22,20,リッド,personagem,24,96,,CRLF x2,まあまあ、ここで長話しても仕方ねえだろ。\nとにかく船に来てもらおうぜ。\n細かい話は帰ってからだな,,pendente,
mev02_060.scr:0,mev02_060.scr,0,62,アンジュ,personagem,0,42,,CRLF x1,お帰りなさい。\nエステルから、話は聞いたよ,,pendente,
mev02_060.scr:1,mev02_060.scr,1,62,アンジュ,personagem,1,70,,CRLF x1,生物変化現象の事実を確認しただけで、\nまだわからない事の方が多いけど…,,pendente,
mev02_060.scr:2,mev02_060.scr,2,62,アンジュ,personagem,2,92,,CRLF x2,ユージーンさん達は、部屋へ通してあるから、\nその現象について、詳しく話を聞きに\n行きましょう,,pendente,
mev02_070.scr:0,mev02_070.scr,0,39,ユージーン,personagem,0,60,,CRLF x1,星晶が採掘されて、あの森周辺の村々に\nマナの恵みはなくなった,,pendente,
mev02_070.scr:1,mev02_070.scr,1,41,ティトレイ,personagem,1,118,,CRLF x2,あそこらは、マナを生み出す世界樹の根も\n張ってねぇし、星晶がわずかに出すマナだけが\nヘーゼル村に恵みを与えていたからな,,pendente,
mev02_070.scr:2,mev02_070.scr,2,39,ユージーン,personagem,2,70,,CRLF x2,ああいった生物の変化は、\n星晶採掘が終盤に差し掛かった頃から\n始まった,,pendente,
mev02_070.scr:3,mev02_070.scr,3,39,ユージーン,personagem,3,54,,CRLF x1,まず、土地が痩せ、畑からは作物が\n取れなくなっていった,,pendente,
mev02_070.scr:4,mev02_070.scr,4,62,アンジュ,personagem,4,22,,,あの様な場所は他にも？,,pendente,
mev02_070.scr:5,mev02_070.scr,5,41,ティトレイ,personagem,5,50,,CRLF x1,ああ、村近辺の星晶は\nゴッソリ盗っていかれたからな,,pendente,
mev02_070.scr:6,mev02_070.scr,6,41,ティトレイ,personagem,6,38,,,それから森の生物に奇妙な変化が現れてよ,,pendente,
mev02_070.scr:7,mev02_070.scr,7,65,エステル,personagem,7,24,,,具体的には、どの様な…？,,pendente,
mev02_070.scr:8,mev02_070.scr,8,41,ティトレイ,personagem,8,46,,CRLF x1,ほとんどの作物は、\n食えないものになっちまって,,pendente,
mev02_070.scr:9,mev02_070.scr,9,41,ティトレイ,personagem,9,78,,CRLF x2,狩る動物も同じだ。\n何て言やぁいい…、肉がねえんだよ。\n生き物って感じじゃねえ,,pendente,
mev02_070.scr:10,mev02_070.scr,10,41,ティトレイ,personagem,10,74,,CRLF x1,仕留めた先から溶けていくものもあった。\nちゃんとした獲物が取れた時は奇跡さ,,pendente,
mev02_070.scr:11,mev02_070.scr,11,65,エステル,personagem,11,70,,CRLF x1,元々星晶もなく、マナを生み出す世界樹の根も\nない土地というのはあります,,pendente,
mev02_070.scr:12,mev02_070.scr,12,65,エステル,personagem,12,90,,CRLF x2,でも、その様な土地で、マナが少ないから\n生き物に変化が現れたという現象は\n起こっていません,,pendente,
mev02_070.scr:13,mev02_070.scr,13,62,アンジュ,personagem,13,48,,CRLF x1,マナが少ない以外に、\n原因があるのかもしれないね,,pendente,
mev02_070.scr:14,mev02_070.scr,14,39,ユージーン,personagem,14,54,,CRLF x1,原因が判明しない事にはな…。\nあの現象も拡大しつつある,,pendente,
mev02_070.scr:15,mev02_070.scr,15,41,ティトレイ,personagem,15,68,,CRLF x2,くそっ！\n…村のみんなは、どうやって生活していきゃあ\nいいんだよっ！,,pendente,
mev02_070.scr:16,mev02_070.scr,16,41,ティトレイ,personagem,16,64,,CRLF x1,サレはいなくなったけど、もう村に\n物資もねぇ、採取もままならねぇ,,pendente,
mev02_070.scr:17,mev02_070.scr,17,41,ティトレイ,personagem,17,46,,CRLF x1,もっと遠くに行って\n探してくるしかねえのか……,,pendente,
mev02_070.scr:18,mev02_070.scr,18,62,アンジュ,personagem,18,24,,,じゃあ、ここで働かない？,,pendente,
mev02_070.scr:19,mev02_070.scr,19,62,アンジュ,personagem,19,56,,CRLF x1,そんな話を聞いたら、\nますます人手が必要になりそうだもの,,pendente,
mev02_070.scr:20,mev02_070.scr,20,39,ユージーン,personagem,20,118,,CRLF x2,そうか、それならばヴェイグ達が今まで\nしてくれていた様に、俺達もここで働き、\n物資を送り届ける事で、村を助けて行けるな,,pendente,
mev02_070.scr:21,mev02_070.scr,21,41,ティトレイ,personagem,21,42,,CRLF x1,よっしゃ！！\nそうと決まれば、よろしくな！,,pendente,
mev02_070.scr:22,mev02_070.scr,22,41,ティトレイ,personagem,22,28,,,ヴェイグの倍働いてやるぜ！！,,pendente,
mev02_070.scr:23,mev02_070.scr,23,,(mensagem de sistema),sistema,23,38,,,ユージーンがアドリビトムに加入しました,,pendente,
mev02_070.scr:24,mev02_070.scr,24,,(mensagem de sistema),sistema,24,38,,,ティトレイがアドリビトムに加入しました,,pendente,
mev02_080.scr:0,mev02_080.scr,0,65,エステル,personagem,0,58,,CRLF x1,これからどうやって、\n調査を進めていけばいいんでしょう……,,pendente,
mev02_080.scr:1,mev02_080.scr,1,8,フィリア,personagem,1,60,,CRLF x1,星晶が採掘された後に、\n同じ様な現象が起こっているとしたら…,,pendente,
mev02_080.scr:2,mev02_080.scr,2,8,フィリア,personagem,2,50,,CRLF x1,ともかく、各地から情報を\n集めなければなりませんね,,pendente,
mev02_080.scr:3,mev02_080.scr,3,65,エステル,personagem,3,6,,,はい…,,pendente,
mev02_090.scr:0,mev02_090.scr,0,20,リッド,personagem,1,38,,CRLF x1,よう。\nキール、メルディ、長旅だったな,,pendente,
mev02_090.scr:1,mev02_090.scr,1,21,ファラ,personagem,2,10,,,久しぶり！,,pendente,
mev02_090.scr:2,mev02_090.scr,2,23,メルディ,personagem,3,18,,,はいな、久しぶり！,,pendente,
mev02_090.scr:3,mev02_090.scr,3,22,キール,personagem,4,40,,CRLF x1,やれやれ。\nここはいつ来ても平和そうだな,,pendente,
mev02_090.scr:4,mev02_090.scr,4,21,ファラ,personagem,5,36,,CRLF x1,○○、紹介するね。\nわたしの友達の…,,pendente,
mev02_090.scr:5,mev02_090.scr,5,23,メルディ,personagem,6,16,,,メルディだよう！,,pendente,
mev02_090.scr:6,mev02_090.scr,6,22,キール,personagem,7,20,,,キール・ツァイベルだ,,pendente,
mev02_090.scr:7,mev02_090.scr,7,22,キール,personagem,8,56,,CRLF x1,元々、ぼくとメルディも\nこのギルド発足時からのメンバーだ,,pendente,
mev02_090.scr:8,mev02_090.scr,8,23,メルディ,personagem,9,66,,CRLF x1,おっきい国が大学で、お勉強してたな。\nでも、もうすぐ戦争始まるよ…,,pendente,
mev02_090.scr:9,mev02_090.scr,9,22,キール,personagem,10,50,,CRLF x1,星晶の採掘権を巡っての戦争だ。\nおかげで大学は休校,,pendente,
mev02_090.scr:10,mev02_090.scr,10,22,キール,personagem,11,74,,CRLF x2,こうなってしまったら、\n休校どころか大学まで潰れるんじゃ\nないかと思うが…,,pendente,
mev02_090.scr:11,mev02_090.scr,11,22,キール,personagem,12,102,,CRLF x2,ともかく、これからぼくとメルディも\nここに戻って働く事にした。\nそうするしか、身を寄せる場所もないしな,,pendente,
mev02_090.scr:12,mev02_090.scr,12,62,アンジュ,personagem,13,34,,CRLF x1,お帰りなさい。\nキール君、メルディ,,pendente,
mev02_090.scr:13,mev02_090.scr,13,62,アンジュ,personagem,14,30,,,手紙で頼んでおいた情報収集は？,,pendente,
mev02_090.scr:14,mev02_090.scr,14,22,キール,personagem,15,22,,,ああ、色々聞いてきたよ,,pendente,
mev02_090.scr:15,mev02_090.scr,15,22,キール,personagem,16,46,,CRLF x1,少し休ませてくれないか？\n話は部屋でさせてくれ,,pendente,
mev02_090.scr:16,mev02_090.scr,16,62,アンジュ,personagem,17,42,,CRLF x1,ええ。\nあなた達の部屋はそのまま残ってるわ,,pendente,
mev02_090.scr:17,mev02_090.scr,17,62,アンジュ,personagem,18,44,,CRLF x1,ギルドへの再登録は、\n話を聞いた後でいっか！,,pendente,
mev02_090.scr:18,mev02_090.scr,18,62,アンジュ,personagem,19,28,,CRLF x1,○○も、\n部屋へいらっしゃい,,pendente,
mev02_100.scr:0,mev02_100.scr,0,22,キール,personagem,0,54,,CRLF x1,ああ、やっと荷解きが済んだ。\n本が多くて、大変だったよ,,pendente,
mev02_100.scr:1,mev02_100.scr,1,62,アンジュ,personagem,1,80,,CRLF x2,○○、キール君とメルディはね、\n「持続可能な社会」を研究しに\n大学へ行っていたの,,pendente,
mev02_100.scr:2,mev02_100.scr,2,22,キール,personagem,2,96,,CRLF x2,ぼく達の世代が、将来の世代の為に、\n環境をありのまま利用して、充足した社会を\n作るっていうものさ,,pendente,
mev02_100.scr:3,mev02_100.scr,3,22,キール,personagem,3,28,,,よって、星晶の採掘も行わない,,pendente,
mev02_100.scr:4,mev02_100.scr,4,62,アンジュ,personagem,4,78,,CRLF x2,人間が自然を壊さず、調和して、\n人々が生活する為の衣食住が十分に\n行き渡る社会,,pendente,
mev02_100.scr:5,mev02_100.scr,5,62,アンジュ,personagem,5,78,,CRLF x2,その理念で運営する村、\n「オルタ・ビレッジ」を作るのが\nアドリビトムの目的なの,,pendente,
mev02_100.scr:6,mev02_100.scr,6,62,アンジュ,personagem,6,98,,CRLF x2,みんなでお金を貯めて、オルタ・ビレッジを\n各地に作って、大国に消費された村の人達を\n移住させるのよ,,pendente,
mev02_100.scr:7,mev02_100.scr,7,23,メルディ,personagem,9,60,,CRLF x2,はいな！\nみんな幸せ、みんな仲間、\nみんな友達がなれる村！！,,pendente,
mev02_100.scr:8,mev02_100.scr,8,23,メルディ,personagem,10,56,,CRLF x2,きっとする！\nキールが研究、リッパ。\n絶対、実現させるよ,,pendente,
mev02_100.scr:9,mev02_100.scr,9,23,メルディ,personagem,11,32,,,そしたら、たくさんの人幸せになる,,pendente,
mev02_100.scr:10,mev02_100.scr,10,22,キール,personagem,12,66,,CRLF x1,しかし、大学が休校になった今は、\nここで研究を続けていくしかないな,,pendente,
mev02_100.scr:11,mev02_100.scr,11,62,アンジュ,personagem,13,32,,CRLF x1,そうそう。\nあの現象については？,,pendente,
mev02_100.scr:12,mev02_100.scr,12,22,キール,personagem,14,64,,CRLF x1,星晶の採掘跡地で起こる、生物変化現象か。\nぼくが街で聞いたのは…,,pendente,
mev02_100.scr:13,mev02_100.scr,13,22,キール,personagem,15,64,,CRLF x1,生物に変化が現れた場所には、\n赤い煙の様なものが現れていたらしい,,pendente,
mev02_100.scr:14,mev02_100.scr,14,22,キール,personagem,16,38,,,その後、生物への変化が見られたと言うが,,pendente,
mev02_100.scr:15,mev02_100.scr,15,62,アンジュ,personagem,17,8,,,赤い煙？,,pendente,
mev02_100.scr:16,mev02_100.scr,16,23,メルディ,personagem,18,80,,CRLF x2,はいな。\nその赤い煙も、ほんの数日現れただけな。\n今は消えてしまってるそうだよう,,pendente,
mev02_100.scr:17,mev02_100.scr,17,62,アンジュ,personagem,19,30,,,気になる話ね、その赤い煙って…,,pendente,
mev02_100.scr:18,mev02_100.scr,18,22,キール,personagem,20,70,,CRLF x1,街では失職者もいるらしく、遠征採掘の\n登録所に並んでいる人を見かけたよ,,pendente,
mev02_100.scr:19,mev02_100.scr,19,22,キール,personagem,21,88,,CRLF x2,そこで聞いた話では、オルタータ火山が\n数日前に採掘を終えたらしい。\n行ってみてはどうだ？,,pendente,
mev02_100.scr:20,mev02_100.scr,20,62,アンジュ,personagem,22,44,,CRLF x1,そうね。\nでは、依頼の登録をしておきましょう,,pendente,
mev02_100.scr:21,mev02_100.scr,21,,(opcao do jogador),escolha,7,18,,,素敵な村だ、と言う,,pendente,
mev02_100.scr:22,mev02_100.scr,22,,(opcao do jogador),escolha,8,26,,,実現出来ればいいな、と言う,,pendente,
mev02_100.scr:23,mev02_100.scr,23,,(mensagem de sistema),sistema,23,34,,,キールがアドリビトムに加入しました,,pendente,
mev02_100.scr:24,mev02_100.scr,24,,(mensagem de sistema),sistema,24,36,,,メルディがアドリビトムに加入しました,,pendente,
mev03_010.scr:0,mev03_010.scr,0,62,アンジュ,personagem,0,52,,CRLF x1,あなたが引き受けてくれるのね。\nそれじゃ、説明するよ,,pendente,
mev03_010.scr:1,mev03_010.scr,1,62,アンジュ,personagem,1,74,,CRLF x2,目的地はオルタータ火山。\nそこに、つい最近\n星晶採掘が終了した場所があるの,,pendente,
mev03_010.scr:2,mev03_010.scr,2,62,アンジュ,personagem,2,56,,CRLF x1,そこへ向かって、何か異常がないか\n調査してきてちょうだい,,pendente,
mev03_010.scr:3,mev03_010.scr,3,62,アンジュ,personagem,3,36,,,今回の同行者は、ウィルさんとルビアよ,,pendente,
mev03_010.scr:4,mev03_010.scr,4,62,アンジュ,personagem,4,20,,,それじゃあ、お願いね,,pendente,
mev03_020.scr:0,mev03_020.scr,0,58,ルビア,personagem,0,22,,,あぁ〜〜〜…、暑ぅい…,,pendente,
mev03_020.scr:1,mev03_020.scr,1,58,ルビア,personagem,1,62,,CRLF x1,勇んでこの仕事に参加したけど、\nこんなに過酷な所だったなんて…,,pendente,
mev03_020.scr:2,mev03_020.scr,2,45,ウィル,personagem,2,66,,CRLF x2,それにしても、キールが聞いたという情報が\n気になるな。\n赤い煙か…,,pendente,
mev03_020.scr:3,mev03_020.scr,3,45,ウィル,personagem,3,42,,CRLF x1,採掘の際に、\n有害なガスが噴き出したのか…,,pendente,
mev03_020.scr:4,mev03_020.scr,4,58,ルビア,personagem,4,40,,CRLF x1,ここは火山だし、\n空気の悪そうな所だし…,,pendente,
mev03_020.scr:5,mev03_020.scr,5,45,ウィル,personagem,5,64,,CRLF x1,しかし、他の土地でもあったとなると、\n火山性ガスなどの類ではない,,pendente,
mev03_020.scr:6,mev03_020.scr,6,45,ウィル,personagem,6,56,,CRLF x1,生物に変化を及ぼす物質など、\nオレも聞いた事がないしな…,,pendente,
mev03_020.scr:7,mev03_020.scr,7,45,ウィル,personagem,7,24,,,星晶との因果関係もまだ…,,pendente,
mev03_020.scr:8,mev03_020.scr,8,58,ルビア,personagem,8,42,,CRLF x1,ああ、もう！\nじっとしていた方が暑苦しいわ,,pendente,
mev03_020.scr:9,mev03_020.scr,9,58,ルビア,personagem,9,20,,,早く先に進みましょ！,,pendente,
mev03_030.scr:0,mev03_030.scr,0,58,ルビア,personagem,1,18,,,何かしら、今の音…,,pendente,
mev03_030.scr:1,mev03_030.scr,1,45,ウィル,personagem,2,76,,CRLF x2,ここは近年、安定した状態と\n言われているが、見たところ\nそうでもないらしいな,,pendente,
mev03_030.scr:2,mev03_030.scr,2,58,ルビア,personagem,3,44,,CRLF x1,ここの火山活動が、\n活発になっているって事？,,pendente,
mev03_030.scr:3,mev03_030.scr,3,45,ウィル,personagem,4,40,,,星晶の採掘は、自然にも影響を与えてしまう,,pendente,
mev03_030.scr:4,mev03_030.scr,4,58,ルビア,personagem,5,58,,CRLF x1,星晶も、土地に恵みを与える\nマナそのものでもあるからなのね,,pendente,
mev03_030.scr:5,mev03_030.scr,5,45,ウィル,personagem,6,88,,CRLF x2,この火山でも、採掘は行われた。\nマナの恵みが無くなり、\n不安定な状態になっているのだろう,,pendente,
mev03_030.scr:6,mev03_030.scr,6,58,ルビア,personagem,7,98,,CRLF x2,星晶がエネルギーとして使用される様に\nなるまで、人々は世界樹が生み出すマナだけで\n生きていたのに…,,pendente,
mev03_030.scr:7,mev03_030.scr,7,58,ルビア,personagem,8,100,,CRLF x2,昔の人は、マナを生み出してくれる世界樹に\n感謝を捧げていたのに、今の人や文明は\n星晶をむさぼるばかり,,pendente,
mev03_030.scr:8,mev03_030.scr,8,58,ルビア,personagem,9,26,,,感謝する事すら忘れているわ,,pendente,
mev03_030.scr:9,mev03_030.scr,9,45,ウィル,personagem,10,80,,CRLF x2,星晶を採掘し尽くしてしまうと、\nもう人々は今の様な豊かな暮らしは\n出来なくなるな,,pendente,
mev03_030.scr:10,mev03_030.scr,10,45,ウィル,personagem,11,100,,CRLF x2,だが、もっと恐ろしいのは、\n世界樹が生み出している非物質のマナを\nエネルギー利用する技術が出来た時だ,,pendente,
mev03_030.scr:11,mev03_030.scr,11,45,ウィル,personagem,12,68,,CRLF x1,そうなれば、人々はこの世界の生命を支える\nマナまでも奪い尽くすだろう,,pendente,
mev03_030.scr:12,mev03_030.scr,12,45,ウィル,personagem,13,58,,CRLF x1,一時の繁栄と引き換えに世界樹は枯れ、\n世界は滅亡してしまう,,pendente,
mev03_030.scr:13,mev03_030.scr,13,58,ルビア,personagem,14,34,,,星晶に頼らない世界になればいいな…,,pendente,
mev03_030.scr:14,mev03_030.scr,14,58,ルビア,personagem,15,44,,CRLF x1,早く、オルタ・ビレッジが\n実現すればいいのに,,pendente,
mev03_040.scr:0,mev03_040.scr,0,58,ルビア,personagem,1,16,,,キャッ！　虫！？,,pendente,
mev03_040.scr:1,mev03_040.scr,1,45,ウィル,personagem,3,66,,CRLF x2,これは…！！\nここにしか生息しない貴重な生物、\n「コクヨウ玉虫」だ,,pendente,
mev03_040.scr:2,mev03_040.scr,2,58,ルビア,personagem,4,46,,CRLF x2,こんな環境で虫が？\n動かないわ。\n死んでる…？,,pendente,
mev03_040.scr:3,mev03_040.scr,3,45,ウィル,personagem,5,100,,CRLF x2,コクヨウ玉虫は、この苔を食するのだが。\nこいつも枯れているな…。\n不安定な地熱のせいで枯れたのだろう,,pendente,
mev03_040.scr:4,mev03_040.scr,4,45,ウィル,personagem,6,36,,,やはり、星晶の採掘が原因かもしれんな,,pendente,
mev03_040.scr:5,mev03_040.scr,5,45,ウィル,personagem,7,58,,CRLF x1,コクヨウ玉虫に、この苔…。\nどちらも貴重な種だと言うのに…,,pendente,
mev03_040.scr:6,mev03_040.scr,6,58,ルビア,personagem,8,20,,,これって、赤い煙！？,,pendente,
mev03_040.scr:7,mev03_040.scr,7,45,ウィル,personagem,9,18,,,この煙の動きは…！,,pendente,
mev03_040.scr:8,mev03_040.scr,8,45,ウィル,personagem,10,64,,CRLF x2,何だ、今のは…。\nあの赤い煙、まるで意志がある様に\n動いていた…,,pendente,
mev03_040.scr:9,mev03_040.scr,9,45,ウィル,personagem,11,44,,CRLF x1,これは、単なる有害なガスなどでは\n無さそうだ,,pendente,
mev03_040.scr:10,mev03_040.scr,10,45,ウィル,personagem,12,28,,CRLF x1,む…？\nまだ生きている様だな,,pendente,
mev03_040.scr:11,mev03_040.scr,11,45,ウィル,personagem,13,28,,,ならば、こいつを持って帰るか,,pendente,
mev03_040.scr:12,mev03_040.scr,12,58,ルビア,personagem,14,22,,,ええ〜、気持ちわる〜い,,pendente,
mev03_040.scr:13,mev03_040.scr,13,45,ウィル,personagem,15,74,,CRLF x2,だが、今の赤い煙が\n生物変化の要因かもしれない。\n調べれば何かわかるだろう,,pendente,
mev03_040.scr:14,mev03_040.scr,14,58,ルビア,personagem,16,62,,CRLF x1,それじゃあ、早く戻りましょう。\nこんな場所、もうこりごりだわ！,,pendente,
mev03_050.scr:0,mev03_050.scr,0,62,アンジュ,personagem,0,46,,CRLF x1,今回、赤い煙が本当に現れたのは、\n収穫だったね,,pendente,
mev03_050.scr:1,mev03_050.scr,1,45,ウィル,personagem,1,58,,CRLF x1,あの場で生物変化は確認出来なかったが、\n現れたあの赤い煙…,,pendente,
mev03_050.scr:2,mev03_050.scr,2,45,ウィル,personagem,2,52,,CRLF x1,奇妙な事に、生きている虫にしか\nまとわり付かなかった,,pendente,
mev03_050.scr:3,mev03_050.scr,3,45,ウィル,personagem,3,50,,CRLF x1,持ち帰った虫を調べてみたが、\n取り立てて変化は無い,,pendente,
mev03_050.scr:4,mev03_050.scr,4,45,ウィル,personagem,4,66,,CRLF x1,ほんのわずかだが餌も手に入れられた。\nしばらく飼育してみようと思う,,pendente,
mev03_050.scr:5,mev03_050.scr,5,62,アンジュ,personagem,5,38,,CRLF x1,はい。\nそれじゃあ、管理はお願いします,,pendente,
mev03_050.scr:6,mev03_050.scr,6,,(mensagem de sistema),sistema,6,46,,,優先行動（初級者編）が使えるようになりました！,,pendente,
mev03_060.scr:0,mev03_060.scr,0,68,レイヴン,personagem,1,10,,,よう、少年,,pendente,
mev03_060.scr:1,mev03_060.scr,1,68,レイヴン,personagem,2,48,,CRLF x1,アドリビトムってギルドは、\nここで良かったかな？,,pendente,
mev03_060.scr:2,mev03_060.scr,2,68,レイヴン,personagem,3,22,,,おっ、そこのお嬢さん！,,pendente,
mev03_060.scr:3,mev03_060.scr,3,68,レイヴン,personagem,4,50,,CRLF x1,アドリビトムってギルドは、\nここで良かったのかな？,,pendente,
mev03_060.scr:4,mev03_060.scr,4,68,レイヴン,personagem,5,68,,CRLF x2,あらー。\nおっさん、そんなに怪しい？\nおっさんの魅力に胸がどきどき？,,pendente,
mev03_060.scr:5,mev03_060.scr,5,66,ジュディス,personagem,6,68,,CRLF x1,あら、この人があなたの魅力を\nわかってくれる人だったらいいのだけれど,,pendente,
mev03_060.scr:6,mev03_060.scr,6,68,レイヴン,personagem,7,20,,,…ジュディスちゃん…,,pendente,
mev03_060.scr:7,mev03_060.scr,7,66,ジュディス,personagem,8,44,,CRLF x1,私達、ここで働きたいの。\nリーダーはどちら？,,pendente,
mev03_060.scr:8,mev03_060.scr,8,62,アンジュ,personagem,9,86,,CRLF x2,はい、わたしがこのギルド\nアドリビトムのリーダー、アンジュです。\n何か御用でしょうか？,,pendente,
mev03_060.scr:9,mev03_060.scr,9,66,ジュディス,personagem,10,30,,CRLF x1,私はジュディス。\nそして彼が…,,pendente,
mev03_060.scr:10,mev03_060.scr,10,68,レイヴン,personagem,11,52,,CRLF x1,俺はレイヴン。\nここにユーリのあんちゃんいるっしょ？,,pendente,
mev03_060.scr:11,mev03_060.scr,11,68,レイヴン,personagem,12,38,,,俺達、あいつが元いたギルドの仲間なのよ,,pendente,
mev03_060.scr:12,mev03_060.scr,12,66,ジュディス,personagem,13,62,,CRLF x1,エステルの依頼を受けたあとで、\n彼、指名手配になったでしょう？,,pendente,
mev03_060.scr:13,mev03_060.scr,13,68,レイヴン,personagem,14,122,,CRLF x2,そーそー、そのせいで俺達のギルドまで\nガサ入れが入っちゃって、エステル嬢ちゃん\n誘拐の手引きをしたと疑いをかけられてるのよ,,pendente,
mev03_060.scr:14,mev03_060.scr,14,68,レイヴン,personagem,15,42,,,ま、手引きをしたのはウソじゃないんだけどね,,pendente,
mev03_060.scr:15,mev03_060.scr,15,68,レイヴン,personagem,16,60,,CRLF x1,そんで、ガルバンゾをしばらく出た方が\nいいんじゃないかねって,,pendente,
mev03_060.scr:16,mev03_060.scr,16,66,ジュディス,personagem,17,56,,CRLF x1,ユーリがここで仕事をしてるって\n噂を聞いたから来てみたの,,pendente,
mev03_060.scr:17,mev03_060.scr,17,66,ジュディス,personagem,18,40,,CRLF x1,どうかしら？\nここで働かせてもらえない？,,pendente,
mev03_060.scr:18,mev03_060.scr,18,62,アンジュ,personagem,19,46,,CRLF x1,オッケーよ。\nそれじゃあ、加入の手続きをするね,,pendente,
mev03_060.scr:19,mev03_060.scr,19,68,レイヴン,personagem,20,42,,CRLF x1,ふい〜。\nやっと、逃亡生活とおさらばなのね,,pendente,
mev03_060.scr:20,mev03_060.scr,20,68,レイヴン,personagem,21,34,,,んじゃ、これからよろしくな、少年！,,pendente,
mev03_060.scr:21,mev03_060.scr,21,68,レイヴン,personagem,22,38,,,んじゃ、これからよろしくな、お嬢さん！,,pendente,
mev03_060.scr:22,mev03_060.scr,22,,(mensagem de sistema),sistema,23,38,,,ジュディスがアドリビトムに加入しました,,pendente,
mev03_060.scr:23,mev03_060.scr,23,,(mensagem de sistema),sistema,24,36,,,レイヴンがアドリビトムに加入しました,,pendente,
mev03_070.scr:0,mev03_070.scr,0,101,ジョアン,personagem,0,62,,CRLF x2,すみません…。\nアドリビトムというギルドは\nこちらでしょうか？,,pendente,
mev03_070.scr:1,mev03_070.scr,1,62,アンジュ,personagem,1,4,,,はい,,pendente,
mev03_070.scr:2,mev03_070.scr,2,101,ジョアン,personagem,2,88,,CRLF x2,私は、モラード村から来ました。\nジョアンと言います。\nここへ、依頼をしに来たんですけど…,,pendente,
mev03_070.scr:3,mev03_070.scr,3,62,アンジュ,personagem,3,26,,,どういった依頼でしょうか？,,pendente,
mev03_070.scr:4,mev03_070.scr,4,101,ジョアン,personagem,4,90,,CRLF x2,ゴホッ…！！\nブラウニー坑道の奥地へ行きたくて、\n護衛を…ゴホゴホッ…、お願いしたいんです,,pendente,
mev03_070.scr:5,mev03_070.scr,5,62,アンジュ,personagem,5,52,,CRLF x1,顔色が随分悪い様ですが、\nお薬をもってきましょうか？,,pendente,
mev03_070.scr:6,mev03_070.scr,6,101,ジョアン,personagem,6,74,,CRLF x1,いいえ、私の病気は薬では治りません。\n医者ですら、さじを投げたんですから…,,pendente,
mev03_070.scr:7,mev03_070.scr,7,101,ジョアン,personagem,7,26,,,でも、治す方法が一つだけ…,,pendente,
mev03_070.scr:8,mev03_070.scr,8,101,ジョアン,personagem,8,74,,CRLF x2,そのブラウニー坑道の奥には\n「病気を治してくれる存在」が\nいるそうなので…,,pendente,
mev03_070.scr:9,mev03_070.scr,9,62,アンジュ,personagem,9,14,,,病気を治す…？,,pendente,
mev03_070.scr:10,mev03_070.scr,10,101,ジョアン,personagem,10,50,,CRLF x1,護衛を…、ゴホッ…、\n引き受けていただけますか…？,,pendente,
mev03_070.scr:11,mev03_070.scr,11,62,アンジュ,personagem,11,24,,CRLF x1,はい…。\n依頼とあれば…,,pendente,
mev03_070.scr:12,mev03_070.scr,12,101,ジョアン,personagem,12,40,,CRLF x1,では、受けていただける時に\n連絡を下さい,,pendente,
mev03_070.scr:13,mev03_070.scr,13,101,ジョアン,personagem,13,32,,,失礼します…、ゴホゴホゴホッ…！,,pendente,
mev03_070.scr:14,mev03_070.scr,14,62,アンジュ,personagem,14,44,,CRLF x1,はい。\nでは、お体、お大事になさって下さいね,,pendente,
mev04_010.scr:0,mev04_010.scr,0,62,アンジュ,personagem,0,18,,,今回の仕事は護衛よ,,pendente,
mev04_010.scr:1,mev04_010.scr,1,62,アンジュ,personagem,1,74,,CRLF x2,モラード村のジョアンさんを\nブラウニー坑道の奥へ\n連れて行ってもらいたいの,,pendente,
mev04_010.scr:2,mev04_010.scr,2,62,アンジュ,personagem,2,42,,CRLF x1,詳しい話は、\n現地でジョアンさんに聞いてね,,pendente,
mev04_010.scr:3,mev04_010.scr,3,62,アンジュ,personagem,3,34,,,この仕事の同行者は、ファラとマルタ,,pendente,
mev04_010.scr:4,mev04_010.scr,4,62,アンジュ,personagem,4,50,,CRLF x1,それじゃあ、ジョアンさんに\n怪我をさせてはダメよ？,,pendente,
mev04_010.scr:5,mev04_010.scr,5,62,アンジュ,personagem,5,18,,,行ってらっしゃい！,,pendente,
mev04_020.scr:0,mev04_020.scr,0,35,マルタ,personagem,0,84,,CRLF x2,ジョアンさん、大丈夫ですか？\n歩くのも辛そうなのに、\nそんな無理をしてまで行くなんて,,pendente,
mev04_020.scr:1,mev04_020.scr,1,101,ジョアン,personagem,1,80,,CRLF x2,はぁ…、はぁ…、これが…\n私にとっての…最後のチャンスなんだ。\n生き延びる為の…,,pendente,
mev04_020.scr:2,mev04_020.scr,2,21,ファラ,personagem,2,20,,,生き延びる為のって…,,pendente,
mev04_020.scr:3,mev04_020.scr,3,101,ジョアン,personagem,3,52,,CRLF x1,私は、もう…長くないんだ。\n医者も見離した病気でね…,,pendente,
mev04_020.scr:4,mev04_020.scr,4,101,ジョアン,personagem,4,16,,,ゴホッ、ゴホッ…,,pendente,
mev04_020.scr:5,mev04_020.scr,5,101,ジョアン,personagem,5,62,,CRLF x1,だけど、この奥にいるという\n病気を治してくれる存在に会えれば…,,pendente,
mev04_020.scr:6,mev04_020.scr,6,35,マルタ,personagem,6,50,,CRLF x1,病気を治してくれる存在なんて、\n本当にいるのかなあ,,pendente,
mev04_020.scr:7,mev04_020.scr,7,21,ファラ,personagem,7,32,,,それは行ってみないとわからないよ,,pendente,
mev04_020.scr:8,mev04_020.scr,8,21,ファラ,personagem,8,60,,CRLF x1,ジョアンさん、そこまでしっかり護衛するから\n頑張りましょう！,,pendente,
mev04_020.scr:9,mev04_020.scr,9,21,ファラ,personagem,9,22,,,うん、イケる、イケる！,,pendente,
mev04_020.scr:10,mev04_020.scr,10,101,ジョアン,personagem,10,20,,,はい、お願いします…,,pendente,
mev04_025.scr:0,mev04_025.scr,0,35,マルタ,personagem,1,50,,CRLF x1,ジョアンさん。\nこの先、行き止まりになってますよ…,,pendente,
mev04_025.scr:1,mev04_025.scr,1,101,ジョアン,personagem,2,38,,CRLF x1,はぁ…、はぁ…。\nこっちで、構わない…,,pendente,
mev04_025.scr:2,mev04_025.scr,2,101,ジョアン,personagem,3,42,,CRLF x1,ごふっ…、ここの鍵を…\n持っているんでね…,,pendente,
mev04_025.scr:3,mev04_025.scr,3,101,ジョアン,personagem,4,38,,CRLF x1,ゴホゴホッ…。\n目的地は…、もうすぐだ,,pendente,
mev04_030.scr:0,mev04_030.scr,0,35,マルタ,personagem,0,74,,CRLF x2,あの、ジョアンさん。\nその病気を治す存在って、\nどうやって知ったんですか？,,pendente,
mev04_030.scr:1,mev04_030.scr,1,101,ジョアン,personagem,1,88,,CRLF x2,ゴフッ…、故郷のモラード村に、私と同じ\n病気に…ゴホッ…なったミゲルという男が\nいてね…,,pendente,
mev04_030.scr:2,mev04_030.scr,2,101,ジョアン,personagem,2,92,,CRLF x2,彼はいい医者に見てもらおうと、\nこの坑道を通って…ゴホゴホッ。\n…大きな街を目指していたんだ,,pendente,
mev04_030.scr:3,mev04_030.scr,3,101,ジョアン,personagem,3,64,,CRLF x1,けれども、道中で発作が始まり、\nどうにも身動きが取れなくなって、,,pendente,
mev04_030.scr:4,mev04_030.scr,4,101,ジョアン,personagem,4,32,,,死を覚悟…ゴホゴホッ…したらしい,,pendente,
mev04_030.scr:5,mev04_030.scr,5,101,ジョアン,personagem,5,66,,CRLF x1,そして、ここで死ぬのかと目をつぶり、\nもっと生きたいと思っていたら,,pendente,
mev04_030.scr:6,mev04_030.scr,6,101,ジョアン,personagem,6,60,,CRLF x1,ゴホッ、ゴホッ…、\nどこからともなく…、赤い煙が現れたそうだ,,pendente,
mev04_030.scr:7,mev04_030.scr,7,35,マルタ,personagem,7,10,,,赤い煙…？,,pendente,
mev04_030.scr:8,mev04_030.scr,8,101,ジョアン,personagem,8,70,,CRLF x1,赤い煙は周囲を包み、ミゲルにはそれが\nあの世からの迎えだと思ったそうだ,,pendente,
mev04_030.scr:9,mev04_030.scr,9,101,ジョアン,personagem,9,74,,CRLF x2,それから彼は\n「死にたくない、もっと生きたい」。\nゴホッ…そう、強く願った,,pendente,
mev04_030.scr:10,mev04_030.scr,10,101,ジョアン,personagem,10,74,,CRLF x1,すると、次に気が付いた時は赤い煙はなく、\nすっかり病気は治っていたらしい…,,pendente,
mev04_030.scr:11,mev04_030.scr,11,21,ファラ,personagem,11,28,,,それが病気を治す存在なんだね,,pendente,
mev04_030.scr:12,mev04_030.scr,12,21,ファラ,personagem,12,42,,CRLF x1,実際に体験した人がいたんだ。\n不思議な話…,,pendente,
mev04_030.scr:13,mev04_030.scr,13,35,マルタ,personagem,13,32,,,何だろう、精霊みたいなものかな？,,pendente,
mev04_030.scr:14,mev04_030.scr,14,101,ジョアン,personagem,14,18,,,私にもわからないよ,,pendente,
mev04_030.scr:15,mev04_030.scr,15,101,ジョアン,personagem,15,60,,CRLF x1,けれども、私ももっと長生きがしたい。\nその存在に会いたいんだ,,pendente,
mev04_030.scr:16,mev04_030.scr,16,101,ジョアン,personagem,16,36,,,本当に、わらにもすがる思いなんだよ…,,pendente,
mev04_030.scr:17,mev04_030.scr,17,101,ジョアン,personagem,17,20,,,ゴホッ、ゴホゴホッ…,,pendente,
mev04_040.scr:0,mev04_040.scr,0,21,ファラ,personagem,1,40,,CRLF x1,目的地はここみたいだけど、\n魔物がいるよ,,pendente,
mev04_040.scr:1,mev04_040.scr,1,35,マルタ,personagem,2,48,,CRLF x1,ちょっと大変そうな相手だけど、\n戦うしかないね！,,pendente,
mev04_040.scr:2,mev04_040.scr,2,101,ジョアン,personagem,3,60,,CRLF x2,はぁ…、はぁ…。\nお、お願いします！\nアドリビトムの皆さん…,,pendente,
mev04_040.scr:3,mev04_040.scr,3,21,ファラ,personagem,4,14,,,行こう、○○！,,pendente,
mev04_050.scr:0,mev04_050.scr,0,35,マルタ,personagem,1,28,,,今度こそ、負けないんだから！,,pendente,
mev04_050.scr:1,mev04_050.scr,1,21,ファラ,personagem,2,24,,CRLF x1,よっし！\n行くよ、○○！,,pendente,
mev04_060.scr:0,mev04_060.scr,0,21,ファラ,personagem,1,34,,,ジョアンさん、もうここは安全ですよ,,pendente,
mev04_060.scr:1,mev04_060.scr,1,101,ジョアン,personagem,2,36,,,はぁ…、はぁ…、ありがとうございます,,pendente,
mev04_060.scr:2,mev04_060.scr,2,101,ジョアン,personagem,3,74,,CRLF x2,やはり、一人で来るのは無理だった\nみたいですね…良かった…。\nゴホゴホッ！,,pendente,
mev04_060.scr:3,mev04_060.scr,3,35,マルタ,personagem,4,44,,CRLF x1,でも、病気を治す存在なんて、\nどこにいるの？,,pendente,
mev04_060.scr:4,mev04_060.scr,4,101,ジョアン,personagem,5,6,,,………,,pendente,
mev04_060.scr:5,mev04_060.scr,5,101,ジョアン,personagem,6,76,,CRLF x2,ミゲルの病気を治してくれた方、\nどこにいるんですか？\n私もお願いに参りました,,pendente,
mev04_060.scr:6,mev04_060.scr,6,101,ジョアン,personagem,7,60,,CRLF x2,ゴホッ…ゴホッ。\nどうか…、私の病気を…、\n治して下さい！！,,pendente,
mev04_060.scr:7,mev04_060.scr,7,101,ジョアン,personagem,8,28,,,………………………………！？,,pendente,
mev04_060.scr:8,mev04_060.scr,8,101,ジョアン,personagem,9,60,,CRLF x2,息が…、苦しくない…？\n治ったんだ、私の病気が！！\n奇跡だ！,,pendente,
mev04_060.scr:9,mev04_060.scr,9,101,ジョアン,personagem,10,56,,CRLF x1,あんなに私を苦しめていたセキも。\n身体の節々の痛みも無い,,pendente,
mev04_060.scr:10,mev04_060.scr,10,101,ジョアン,personagem,11,20,,,本当に治ったんだ！！,,pendente,
mev04_060.scr:11,mev04_060.scr,11,21,ファラ,personagem,12,66,,CRLF x2,ねえ、○○。\n気にならなかった？\nコクヨウ玉虫を包んだ赤い煙の事…,,pendente,
mev04_060.scr:12,mev04_060.scr,12,21,ファラ,personagem,13,38,,CRLF x1,わたし…、\n今のを見て、思い出したんだ,,pendente,
mev04_060.scr:13,mev04_060.scr,13,21,ファラ,personagem,14,46,,CRLF x1,あの、ジョアンさん。\n本当に大丈夫なんですか？,,pendente,
mev04_060.scr:14,mev04_060.scr,14,101,ジョアン,personagem,15,20,,,いやぁ？　大丈夫だよ,,pendente,
mev04_060.scr:15,mev04_060.scr,15,101,ジョアン,personagem,16,82,,CRLF x2,ああ、とてもすがすがしい気分だ。\n健康とは、こんなにも素晴らしいもの\nだったのか！,,pendente,
mev04_060.scr:16,mev04_060.scr,16,101,ジョアン,personagem,17,64,,CRLF x2,さあ、ここを出よう。\n早く帰って、みんなの為に\nバリバリ働くぞ！,,pendente,
mev04_060.scr:17,mev04_060.scr,17,21,ファラ,personagem,18,14,,,大丈夫かなぁ…,,pendente,
mev04_060.scr:18,mev04_060.scr,18,35,マルタ,personagem,19,48,,CRLF x2,うん。\n何か、こっちが\nすっきりしない気分だね…,,pendente,
mev04_070.scr:0,mev04_070.scr,0,21,ファラ,personagem,0,68,,CRLF x1,結果的に病気は治ってたみたいだけど。\nジョアンさん、本当に大丈夫かな,,pendente,
mev04_070.scr:1,mev04_070.scr,1,35,マルタ,personagem,1,50,,CRLF x1,赤い煙が、生物変化の原因…かも\nしれないんでしょ？,,pendente,
mev04_070.scr:2,mev04_070.scr,2,45,ウィル,personagem,2,82,,CRLF x2,まだ、確定ではない。\nキールが街で聞いた話、\nオレ達がオルタータ火山で見た赤い煙…,,pendente,
mev04_070.scr:3,mev04_070.scr,3,45,ウィル,personagem,3,84,,CRLF x2,はっきりわかっているのは、赤い煙と\n生物変化という現象が「実在した」という\n事までだ,,pendente,
mev04_070.scr:4,mev04_070.scr,4,45,ウィル,personagem,4,54,,CRLF x1,この二つの現象の因果関係は、\nまだ確認していないからな,,pendente,
mev04_070.scr:5,mev04_070.scr,5,45,ウィル,personagem,5,62,,CRLF x2,だが、赤い煙…。\nやはり、単なるガスなどの物質とは\n考えにくい,,pendente,
mev04_070.scr:6,mev04_070.scr,6,45,ウィル,personagem,6,32,,,あれは、超常的な何かかもしれない,,pendente,
mev04_070.scr:7,mev04_070.scr,7,45,ウィル,personagem,7,84,,CRLF x2,自然界のものにも、科学的に作り出した\nものにも、あんな特性を持った物質は\nないからな,,pendente,
mev04_070.scr:8,mev04_070.scr,8,62,アンジュ,personagem,8,36,,,そうね…、わからない事はまだ多いなぁ,,pendente,
mev04_070.scr:9,mev04_070.scr,9,62,アンジュ,personagem,9,84,,CRLF x1,赤い煙が危険なのかどうかすらわからないし、\nもうこれに関する依頼は受けられないかな…,,pendente,
mev04_070.scr:10,mev04_070.scr,10,35,マルタ,personagem,10,14,,,何かあったの？,,pendente,
mev04_070.scr:11,mev04_070.scr,11,62,アンジュ,personagem,11,84,,CRLF x2,護衛の依頼が殺到しているのよ。\n例の「病気を治す存在」の元へ連れて行って\n欲しいって,,pendente,
mev04_070.scr:12,mev04_070.scr,12,62,アンジュ,personagem,12,30,,,ずいぶん、噂が広まってるみたい,,pendente,
mev04_070.scr:13,mev04_070.scr,13,62,アンジュ,personagem,13,110,,CRLF x2,仕事が増えるのは嬉しいけれど、\nあんな得体のしれないものに引き合わせて、\n依頼者とトラブルになったら大変でしょ,,pendente,
mev04_070.scr:14,mev04_070.scr,14,45,ウィル,personagem,14,56,,CRLF x1,ああ、むしろ今後は接触させない様に\nしなければならないな,,pendente,
mev04_070.scr:15,mev04_070.scr,15,62,アンジュ,personagem,15,78,,CRLF x2,そうね。\nこれから危ない仕事が増えそうだし、\n…もっと人を増やさないと駄目かも,,pendente,
mev04_070.scr:16,mev04_070.scr,16,62,アンジュ,personagem,16,38,,,アテがあるから、手紙を出してみましょう,,pendente,
mev04_070.scr:17,mev04_070.scr,17,62,アンジュ,personagem,17,46,,CRLF x1,それじゃ、今回はお疲れ様。\nまたお願いね、○○,,pendente,
mev04_080.scr:0,mev04_080.scr,0,61,スパーダ,personagem,1,20,,,よう、来たぜアンジュ,,pendente,
mev04_080.scr:1,mev04_080.scr,1,62,アンジュ,personagem,2,60,,CRLF x1,いらっしゃい、スパーダ君。\n旅先まで手紙が届いて、良かったぁ,,pendente,
mev04_080.scr:2,mev04_080.scr,2,61,スパーダ,personagem,3,54,,CRLF x1,なーんか、ギルド始めたって書いてあって\nビックリしたぜ,,pendente,
mev04_080.scr:3,mev04_080.scr,3,61,スパーダ,personagem,4,26,,,ルカとイリアもいるんだろ？,,pendente,
mev04_080.scr:4,mev04_080.scr,4,62,アンジュ,personagem,5,48,,CRLF x1,ええ、二人とも待ってるよ。\nすぐ部屋に案内するね,,pendente,
mev04_080.scr:5,mev04_080.scr,5,62,アンジュ,personagem,6,30,,,リカルドさんは一緒じゃないの？,,pendente,
mev04_080.scr:6,mev04_080.scr,6,61,スパーダ,personagem,7,76,,CRLF x1,ちょっくら雇われて戦場へ行ったぜ。\n一仕事終わったら、連絡してくるんじゃね？,,pendente,
mev04_080.scr:7,mev04_080.scr,7,60,イリア,personagem,8,44,,CRLF x1,うおっと、スパーダじゃん。\n何しに来たワケ？,,pendente,
mev04_080.scr:8,mev04_080.scr,8,60,イリア,personagem,9,32,,,リカルドと旅してたんじゃないの？,,pendente,
mev04_080.scr:9,mev04_080.scr,9,61,スパーダ,personagem,10,60,,CRLF x1,何しにって、アンジュが手伝いに\n来いっつったから、来たんだよ,,pendente,
mev04_080.scr:10,mev04_080.scr,10,61,スパーダ,personagem,11,28,,,旅も出来るし、面白そうだしな,,pendente,
mev04_080.scr:11,mev04_080.scr,11,60,イリア,personagem,12,52,,CRLF x1,んじゃ、ルカちゃまと\nあたしの部屋まで案内してやるか,,pendente,
mev04_080.scr:12,mev04_080.scr,12,61,スパーダ,personagem,13,58,,CRLF x2,おお、ルカちゃまな。\n久しぶりにイジってやるか。\nグヘヘ…,,pendente,
mev04_080.scr:13,mev04_080.scr,13,60,イリア,personagem,14,46,,CRLF x1,久しぶりだからって、\nあんまりやり過ぎないでよ,,pendente,
mev04_080.scr:14,mev04_080.scr,14,61,スパーダ,personagem,15,32,,,あー、シメのいじりは譲れってか？,,pendente,
mev04_080.scr:15,mev04_080.scr,15,60,イリア,personagem,16,38,,CRLF x1,よくわかってんじゃん。\nギヒヒヒヒヒ…,,pendente,
mev04_080.scr:16,mev04_080.scr,16,62,アンジュ,personagem,17,54,,CRLF x2,○○、\n彼らにとっては、いつもの事だから\n気にしないで,,pendente,
mev04_080.scr:17,mev04_080.scr,17,62,アンジュ,personagem,18,52,,CRLF x1,基本、行き過ぎない程度までは\nわたしもスルーしてるし,,pendente,
mev04_080.scr:18,mev04_080.scr,18,62,アンジュ,personagem,19,56,,CRLF x1,そうそう、あなたにも彼を紹介するから\n部屋へいらっしゃい,,pendente,
mev04_090.scr:0,mev04_090.scr,0,61,スパーダ,personagem,0,20,,,あン、誰だァコイツ？,,pendente,
mev04_090.scr:1,mev04_090.scr,1,59,ルカ,personagem,1,50,,CRLF x1,ちょっ、スパーダったらもう！\nこのギルドの仲間だよ,,pendente,
mev04_090.scr:2,mev04_090.scr,2,61,スパーダ,personagem,2,68,,CRLF x2,おー、そうか。\nってか、ビビらすつもりは\nさらさら無かったんだけどな,,pendente,
mev04_090.scr:3,mev04_090.scr,3,59,ルカ,personagem,3,54,,CRLF x1,君は、誰に対してもそうだけど\n中には恐がる人もいるし…,,pendente,
mev04_090.scr:4,mev04_090.scr,4,61,スパーダ,personagem,4,62,,CRLF x1,ルカとかな、ヒャハハハ！\n初めて会った時のお前、そうだったよな,,pendente,
mev04_090.scr:5,mev04_090.scr,5,61,スパーダ,personagem,5,40,,CRLF x1,オレはスパーダ。\nスパーダ・ベルフォルマ,,pendente,
mev04_090.scr:6,mev04_090.scr,6,61,スパーダ,personagem,6,28,,,こいつらのダチだ、よろしくな,,pendente,
mev04_090.scr:7,mev04_090.scr,7,62,アンジュ,personagem,7,78,,CRLF x2,ところで、スパーダ君。\n手紙にも書いておいたけど、\n情報は仕入れてきてくれた？,,pendente,
mev04_090.scr:8,mev04_090.scr,8,61,スパーダ,personagem,8,62,,CRLF x1,あー、赤い煙ってヤツかぁ？\nアレ、割と知れ渡っているみたいだな,,pendente,
mev04_090.scr:9,mev04_090.scr,9,61,スパーダ,personagem,9,62,,CRLF x1,気になんのは、見る者によって、\nその煙の姿が違うらしいって事だ,,pendente,
mev04_090.scr:10,mev04_090.scr,10,59,ルカ,personagem,10,50,,CRLF x2,姿？\n煙とかモヤとか、\nそんな不定形なものでしょ？,,pendente,
mev04_090.scr:11,mev04_090.scr,11,61,スパーダ,personagem,11,44,,CRLF x1,ソイツの存在がわかった頃は\n煙だったらしいな,,pendente,
mev04_090.scr:12,mev04_090.scr,12,61,スパーダ,personagem,12,50,,CRLF x1,けど今は、花や、虫、魚、色んな姿で\n現れるらしいぜ,,pendente,
mev04_090.scr:13,mev04_090.scr,13,59,ルカ,personagem,13,32,,,…まるで、進化しているみたいだね,,pendente,
mev04_090.scr:14,mev04_090.scr,14,61,スパーダ,personagem,14,44,,CRLF x1,それだけじゃねェ。\n変わってんのは街の人もだ,,pendente,
mev04_090.scr:15,mev04_090.scr,15,61,スパーダ,personagem,15,70,,CRLF x1,「病気を治す」から、いつの間にか\n「願いを叶える」って話になってんだぜ,,pendente,
mev04_090.scr:16,mev04_090.scr,16,62,アンジュ,personagem,16,14,,,願いを叶える？,,pendente,
mev04_090.scr:17,mev04_090.scr,17,62,アンジュ,personagem,17,62,,CRLF x2,…それはもはや……。\nそれは、病気を治すなんて\nものではない…,,pendente,
mev04_090.scr:18,mev04_090.scr,18,62,アンジュ,personagem,18,30,,,もっと、「とんでもない」ものよ,,pendente,
mev04_090.scr:19,mev04_090.scr,19,59,ルカ,personagem,19,18,,,願いを叶える、か…,,pendente,
mev04_090.scr:20,mev04_090.scr,20,59,ルカ,personagem,20,60,,CRLF x1,じゃあ、もっとたくさんの人が\nその存在に会いたがるんだろうね,,pendente,
mev04_090.scr:21,mev04_090.scr,21,,(mensagem de sistema),sistema,21,36,,,スパーダがアドリビトムに加入しました,,pendente,
mev04_100.scr:0,mev04_100.scr,0,86,カノンノ,personagem,1,68,,CRLF x2,○○、\nもうすっかりここに慣れたみたいね。\n仕事もすごく頑張ってるし,,pendente,
mev04_100.scr:1,mev04_100.scr,1,86,カノンノ,personagem,2,42,,CRLF x1,どうかな。\n何か、思い出せた記憶ってある？,,pendente,
mev04_100.scr:2,mev04_100.scr,2,86,カノンノ,personagem,5,40,,CRLF x1,そっか…。\nまだ、何も思い出せないんだね,,pendente,
mev04_100.scr:3,mev04_100.scr,3,86,カノンノ,personagem,8,70,,CRLF x2,うん。\nまたスケッチブックを買わなきゃ。\nもう無くなってきちゃったから,,pendente,
mev04_100.scr:4,mev04_100.scr,4,86,カノンノ,personagem,9,42,,CRLF x1,…ううん。\nまだ、どの風景にも出会ってない,,pendente,
mev04_100.scr:5,mev04_100.scr,5,86,カノンノ,personagem,10,92,,CRLF x2,最近はね、前よりも風景が見える様になって。\n一杯絵に描き留めて、どんどん紙が\n無くなっちゃう,,pendente,
mev04_100.scr:6,mev04_100.scr,6,86,カノンノ,personagem,11,82,,CRLF x2,でも、やっぱり一番に思うのは…。\n私の知らない風景が、\nどうして見えるのかってこと,,pendente,
mev04_100.scr:7,mev04_100.scr,7,86,カノンノ,personagem,12,70,,CRLF x1,根拠は無いけど、やっぱりこれらの風景は\nどこかにある様な気がするんだ…,,pendente,
mev04_100.scr:8,mev04_100.scr,8,,(opcao do jogador),escolha,3,24,,,何も思い出せない、と言う,,pendente,
mev04_100.scr:9,mev04_100.scr,9,,(opcao do jogador),escolha,4,12,,,首を横に振る,,pendente,
mev04_100.scr:10,mev04_100.scr,10,,(opcao do jogador),escolha,6,28,,,また絵を描いてたのかと尋ねる,,pendente,
mev04_100.scr:11,mev04_100.scr,11,,(opcao do jogador),escolha,7,32,,,描いた風景は見つかったかと尋ねる,,pendente,
mev04_110.scr:0,mev04_110.scr,0,60,イリア,personagem,1,26,,,　　　　　　　　　　　　　,,pendente,
mev04_110.scr:1,mev04_110.scr,1,62,アンジュ,personagem,3,46,,CRLF x1,今の、イリアの悲鳴じゃない？\n研究室の方からね,,pendente,
mev04_110.scr:2,mev04_110.scr,2,62,アンジュ,personagem,4,50,,CRLF x2,○○。\nちょっと研究室へ行って、\n見てきてくれる？,,pendente,
mev04_120.scr:0,mev04_120.scr,0,45,ウィル,personagem,0,24,,,よし、やっと捕まえたぞ…,,pendente,
mev04_120.scr:1,mev04_120.scr,1,60,イリア,personagem,2,68,,CRLF x2,○○！！\n見てよこの虫！！\nこんなんなっちゃってんのよ、気色悪ぅ！！,,pendente,
mev04_120.scr:2,mev04_120.scr,2,19,ハロルド,personagem,3,84,,CRLF x2,羽根も鉱物の様に固いわね。\nそして、呼吸する為の気門が無い。\n目も、口も無くなってる,,pendente,
mev04_120.scr:3,mev04_120.scr,3,19,ハロルド,personagem,4,40,,CRLF x1,生物として、あるべきものが\n欠けているわ,,pendente,
mev04_120.scr:4,mev04_120.scr,4,60,イリア,personagem,5,34,,,これって、あの赤い煙のせいなわけ？,,pendente,
mev04_120.scr:5,mev04_120.scr,5,19,ハロルド,personagem,6,18,,,その可能性は濃厚ね,,pendente,
mev04_120.scr:6,mev04_120.scr,6,19,ハロルド,personagem,7,42,,CRLF x1,もう一例くらい、\n確認出来ればいいんだけど,,pendente,
mev04_130.scr:0,mev04_130.scr,0,103,トマス,personagem,0,90,,CRLF x2,ワシは、モラード村の村長の\nトマスという者でのゥ。\n一つ、受けてもらいたい依頼があるんだが,,pendente,
mev04_130.scr:1,mev04_130.scr,1,62,アンジュ,personagem,1,4,,,はい,,pendente,
mev04_130.scr:2,mev04_130.scr,2,62,アンジュ,personagem,2,76,,CRLF x2,モラード村といえば、\n以前ジョアンさんという方が\n当ギルドを利用されましたが,,pendente,
mev04_130.scr:3,mev04_130.scr,3,62,アンジュ,personagem,3,42,,,ジョアンさんはその後、どんなご様子ですか？,,pendente,
mev04_130.scr:4,mev04_130.scr,4,103,トマス,personagem,4,86,,CRLF x2,…ああ、ジョアンはなァ。\n元気になった途端、今までの倍働くと\n行商に出て行ったでなァ…,,pendente,
mev04_130.scr:5,mev04_130.scr,5,62,アンジュ,personagem,5,40,,CRLF x1,そうですか、お元気なのですね。\n良かった,,pendente,
mev04_130.scr:6,mev04_130.scr,6,62,アンジュ,personagem,6,32,,,それでは、依頼とは何でしょうか？,,pendente,
mev04_130.scr:7,mev04_130.scr,7,103,トマス,personagem,7,88,,CRLF x2,ワシの村に魔物が入り込んでのゥ。\nそれを捕まえたんで、遠くの地に\n捨ててきて欲しいんだァ,,pendente,
mev04_130.scr:8,mev04_130.scr,8,62,アンジュ,personagem,8,50,,CRLF x1,捕まえた魔物を捨てる、ですか？\n討伐などではなく？,,pendente,
mev04_130.scr:9,mev04_130.scr,9,103,トマス,personagem,9,24,,,受けてもらえんのかァ…？,,pendente,
mev04_130.scr:10,mev04_130.scr,10,62,アンジュ,personagem,10,22,,CRLF x1,いえ…。\n依頼とあれば,,pendente,
mev04_130.scr:11,mev04_130.scr,11,103,トマス,personagem,11,88,,CRLF x2,場所は…、カダイフ砂漠がいいかのゥ。\nあそこにあるオアシスにでも\n捨ててきてくれんかなァ,,pendente,
mev04_130.scr:12,mev04_130.scr,12,103,トマス,personagem,12,84,,CRLF x2,それじゃ、頼んだでよゥ。\n仕事を受けてくれる者が決まったら、\n魔物を引き渡すんでなァ,,pendente,
mev04_130.scr:13,mev04_130.scr,13,62,アンジュ,personagem,13,22,,CRLF x1,はい。\nわかりました…,,pendente,
mev05_010.scr:0,mev05_010.scr,0,62,アンジュ,personagem,0,30,,,今回は、ちょっと変わった依頼よ,,pendente,
mev05_010.scr:1,mev05_010.scr,1,62,アンジュ,personagem,1,60,,CRLF x1,カダイフ砂漠のオアシスまで行って、\n魔物を捨ててきて欲しいの,,pendente,
mev05_010.scr:2,mev05_010.scr,2,62,アンジュ,personagem,2,82,,CRLF x2,カダイフ砂漠に着いたら、\n依頼主のトマスさんから\n魔物が入ったケージを渡されるから,,pendente,
mev05_010.scr:3,mev05_010.scr,3,62,アンジュ,personagem,3,42,,,オアシスまで、そのケージを運んでちょうだい,,pendente,
mev05_010.scr:4,mev05_010.scr,4,62,アンジュ,personagem,4,52,,CRLF x1,今回は、クレス君とイリアが\n同行する事になってるから,,pendente,
mev05_010.scr:5,mev05_010.scr,5,62,アンジュ,personagem,5,98,,CRLF x2,それと、契約で渡されたケージの中は\n絶対に見ないでくれって言われてるの。\nそれは守ってちょうだいね,,pendente,
mev05_010.scr:6,mev05_010.scr,6,62,アンジュ,personagem,6,38,,CRLF x1,じゃあ、頼んだわよ。\n行ってらっしゃい,,pendente,
mev05_020.scr:0,mev05_020.scr,0,103,トマス,personagem,1,48,,CRLF x1,あんたらァ、\nこの仕事を引き受けてくれる者だね…,,pendente,
mev05_020.scr:1,mev05_020.scr,1,103,トマス,personagem,2,104,,CRLF x2,そうだなァ…、この土地がいいだろうなァ…。\nここなら、人に会う事も無かろうなァ。\nオアシスもあるしなァ…,,pendente,
mev05_020.scr:2,mev05_020.scr,2,1,クレス,personagem,3,44,,CRLF x1,なぜ、わざわざ捕まえた魔物を\n捨てるんですか,,pendente,
mev05_020.scr:3,mev05_020.scr,3,103,トマス,personagem,4,28,,,殺すまでは…出来なくてなァ…,,pendente,
mev05_020.scr:4,mev05_020.scr,4,1,クレス,personagem,5,6,,,はぁ…,,pendente,
mev05_020.scr:5,mev05_020.scr,5,60,イリア,personagem,6,34,,CRLF x1,どれどれ。\nどんな奴が入ってんの？,,pendente,
mev05_020.scr:6,mev05_020.scr,6,103,トマス,personagem,7,22,,,開けては、ならァん！！,,pendente,
mev05_020.scr:7,mev05_020.scr,7,103,トマス,personagem,8,56,,CRLF x1,薬で眠らせてあるんだ！\n開ければ…光で目覚めてしまうぞィ,,pendente,
mev05_020.scr:8,mev05_020.scr,8,60,イリア,personagem,9,30,,CRLF x1,ゲッ！？\nさ、先に言えっての！,,pendente,
mev05_020.scr:9,mev05_020.scr,9,1,クレス,personagem,10,64,,CRLF x2,すみません。\n確か、ケージの中を見ない、\n…そういう契約でしたね,,pendente,
mev05_020.scr:10,mev05_020.scr,10,103,トマス,personagem,11,6,,,………,,pendente,
mev05_020.scr:11,mev05_020.scr,11,103,トマス,personagem,12,72,,CRLF x2,それじゃあ、頼んだよ。\n着いたら扉の鍵を外して、\nそのまま立ち去ってくれ,,pendente,
mev05_020.scr:12,mev05_020.scr,12,103,トマス,personagem,13,74,,CRLF x1,そうすれば、後は勝手に出て行くだろうよゥ。\nくれぐれも、中は見ない様になァ,,pendente,
mev05_020.scr:13,mev05_020.scr,13,60,イリア,personagem,14,66,,CRLF x2,めんどくさっ…。\n魔物なんて、\nここで始末してっても良さそうじゃん,,pendente,
mev05_020.scr:14,mev05_020.scr,14,60,イリア,personagem,15,56,,CRLF x1,あたしが何発か撃ち込むから、それで\n仕事終わりにしない？,,pendente,
mev05_020.scr:15,mev05_020.scr,15,1,クレス,personagem,16,62,,CRLF x1,だ、駄目だよ、イリア。\n依頼を受けた以上、指示には従わないと…,,pendente,
mev05_020.scr:16,mev05_020.scr,16,60,イリア,personagem,17,34,,CRLF x1,へいへい。\nんじゃ、行くとしますか,,pendente,
mev05_025.scr:0,mev05_025.scr,0,60,イリア,personagem,1,16,,,うっわ、最悪！！,,pendente,
mev05_025.scr:1,mev05_025.scr,1,60,イリア,personagem,2,44,,CRLF x1,砂漠でこいつだけには\n会いたくなかったのに…,,pendente,
mev05_025.scr:2,mev05_025.scr,2,1,クレス,personagem,3,48,,CRLF x1,ケージを守る為にも、\n倒しておいた方が良さそうだ,,pendente,
mev05_025.scr:3,mev05_025.scr,3,60,イリア,personagem,4,68,,CRLF x1,ケージをアイツに放り投げて、\nそれで仕事も終わりでいいじゃん、もう！,,pendente,
mev05_025.scr:4,mev05_025.scr,4,1,クレス,personagem,5,18,,,行くぞ、イリア！！,,pendente,
mev05_025.scr:5,mev05_025.scr,5,60,イリア,personagem,6,16,,,聞いとんのかい！,,pendente,
mev05_026.scr:0,mev05_026.scr,0,1,クレス,personagem,1,18,,,行くぞ、イリア！！,,pendente,
mev05_026.scr:1,mev05_026.scr,1,60,イリア,personagem,2,36,,CRLF x1,はいはい。\nやりゃあいいんでしょ〜…,,pendente,
mev05_027.scr:0,mev05_027.scr,0,1,クレス,personagem,0,38,,CRLF x1,よし。\nこれで、ケージを安全に運べるぞ,,pendente,
mev05_027.scr:1,mev05_027.scr,1,60,イリア,personagem,1,54,,CRLF x1,う〜〜お〜〜…。\nもうひと仕事終わった気分になってた…,,pendente,
mev05_027.scr:2,mev05_027.scr,2,60,イリア,personagem,2,34,,,しょっぱなから、ハードな仕事だわ〜,,pendente,
mev05_030.scr:0,mev05_030.scr,0,101,ジョアン,personagem,1,14,,,………ァァァ…,,pendente,
mev05_030.scr:1,mev05_030.scr,1,60,イリア,personagem,2,14,,,ちょっとっ！！,,pendente,
mev05_030.scr:2,mev05_030.scr,2,60,イリア,personagem,3,46,,CRLF x1,今、何か聞こえなかった！？\nうめき声みたいなの,,pendente,
mev05_030.scr:3,mev05_030.scr,3,1,クレス,personagem,4,24,,,風のうなりじゃないのか？,,pendente,
mev05_030.scr:4,mev05_030.scr,4,102,ミゲル,personagem,6,22,,,ウ…、ウ…、ウゥゥ……,,pendente,
mev05_030.scr:5,mev05_030.scr,5,60,イリア,personagem,7,8,,,ホラ！！,,pendente,
mev05_030.scr:6,mev05_030.scr,6,60,イリア,personagem,8,30,,,ケージよ、ケージの中だって！！,,pendente,
mev05_030.scr:7,mev05_030.scr,7,60,イリア,personagem,9,70,,CRLF x2,っか〜〜〜〜〜！！\nやっぱ、ここで何発かブチ込んだ方が\n安全だって！！,,pendente,
mev05_030.scr:8,mev05_030.scr,8,1,クレス,personagem,10,24,,,落ち着くんだ、イリア！！,,pendente,
mev05_030.scr:9,mev05_030.scr,9,1,クレス,personagem,11,72,,CRLF x2,魔物の眠り薬が\n切れ始めているかもしれない。\n変に刺激しない様にしないと,,pendente,
mev05_030.scr:10,mev05_030.scr,10,1,クレス,personagem,12,48,,CRLF x1,とにかく、今は急ごう。\nオアシスまで、もう少しだ,,pendente,
mev05_040.scr:0,mev05_040.scr,0,60,イリア,personagem,1,24,,,ふ〜…、やっとオアシスね,,pendente,
mev05_040.scr:1,mev05_040.scr,1,60,イリア,personagem,2,26,,,さっさと済ませて帰りましょ,,pendente,
mev05_040.scr:2,mev05_040.scr,2,1,クレス,personagem,3,74,,CRLF x2,手順は、まず鍵を外して…。\nそのまま開けずに、\nここを去ればいいんだったね,,pendente,
mev05_040.scr:3,mev05_040.scr,3,1,クレス,personagem,4,20,,,しまった、魔物に！！,,pendente,
mev05_040.scr:4,mev05_040.scr,4,60,イリア,personagem,5,44,,CRLF x1,ゲェッ！！\nまさかあんた、アレを追っ払う気？,,pendente,
mev05_040.scr:5,mev05_040.scr,5,60,イリア,personagem,6,78,,CRLF x1,向こう、こっちに目もくれてないじゃない。\nもう、このまま逃げりゃいいでしょ！！,,pendente,
mev05_040.scr:6,mev05_040.scr,6,1,クレス,personagem,7,46,,CRLF x1,駄目だ。\nそれでは依頼を完遂した事にはならない,,pendente,
mev05_040.scr:7,mev05_040.scr,7,60,イリア,personagem,8,52,,CRLF x1,なんつー、どマジメ人間。\n絶対結婚したくないタイプ…,,pendente,
mev05_040.scr:8,mev05_040.scr,8,101,ジョアン,personagem,10,64,,CRLF x1,ひいいい！！　何だ、何なんだよ！！\n何が起こってるんだあああ！？,,pendente,
mev05_040.scr:9,mev05_040.scr,9,102,ミゲル,personagem,12,34,,,た、助けて、助けてくれェェェ！！！,,pendente,
mev05_040.scr:10,mev05_040.scr,10,1,クレス,personagem,13,24,,,ケージの中から悲鳴が！！,,pendente,
mev05_040.scr:11,mev05_040.scr,11,1,クレス,personagem,14,56,,CRLF x1,あの中は魔物なんかじゃない！！\nヒトが入っているんだ！！,,pendente,
mev05_040.scr:12,mev05_040.scr,12,60,イリア,personagem,15,8,,,なぬ！？,,pendente,
mev05_040.scr:13,mev05_040.scr,13,60,イリア,personagem,16,52,,CRLF x1,じゃあ、あたし…危うく撃っちゃう\nとこだったワケ！？,,pendente,
mev05_040.scr:14,mev05_040.scr,14,1,クレス,personagem,17,28,,,まずはあの魔物を倒さないと！,,pendente,
mev05_040.scr:15,mev05_040.scr,15,60,イリア,personagem,18,28,,,ったく、しょーがないわね！！,,pendente,
mev05_040.scr:16,mev05_040.scr,16,60,イリア,personagem,19,50,,CRLF x1,んじゃ、エンリョなく\nハデに行かせてもらうわよ！！,,pendente,
mev05_050.scr:0,mev05_050.scr,0,1,クレス,personagem,1,26,,,さあ、ケージから離れろ！！,,pendente,
mev05_050.scr:1,mev05_050.scr,1,60,イリア,personagem,2,20,,,言って聞く相手かい…,,pendente,
mev05_060.scr:0,mev05_060.scr,0,1,クレス,personagem,4,22,,,よし、ケージを開けよう,,pendente,
mev05_060.scr:1,mev05_060.scr,1,60,イリア,personagem,5,8,,,契約は？,,pendente,
mev05_060.scr:2,mev05_060.scr,2,1,クレス,personagem,6,36,,CRLF x1,…中にいるのは魔物じゃない。\nヒトだ,,pendente,
mev05_060.scr:3,mev05_060.scr,3,1,クレス,personagem,7,42,,,僕達が受けたのは、ヒトを捨てる仕事じゃない,,pendente,
mev05_060.scr:4,mev05_060.scr,4,1,クレス,personagem,8,50,,CRLF x1,あなたは、\n以前依頼に来たジョアン…さん、ですか？,,pendente,
mev05_060.scr:5,mev05_060.scr,5,101,ジョアン,personagem,9,12,,,は、はいぃ…,,pendente,
mev05_060.scr:6,mev05_060.scr,6,1,クレス,personagem,10,16,,,なぜそんな姿に…,,pendente,
mev05_060.scr:7,mev05_060.scr,7,101,ジョアン,personagem,11,34,,,そ、それが私達にもわからないのです,,pendente,
mev05_060.scr:8,mev05_060.scr,8,101,ジョアン,personagem,12,62,,CRLF x1,あの赤い煙に触れてから、病は治って\n村で過ごしていたんですが…,,pendente,
mev05_060.scr:9,mev05_060.scr,9,101,ジョアン,personagem,13,74,,CRLF x1,なぜかはわかりませんが、村の中にいる事が\nひどく居心地悪く感じる様になって,,pendente,
mev05_060.scr:10,mev05_060.scr,10,101,ジョアン,personagem,14,90,,CRLF x2,村…だけじゃなく、\nこの世に生きている事自体に…。\n自分で、自分の存在がわからなくなって…,,pendente,
mev05_060.scr:11,mev05_060.scr,11,101,ジョアン,personagem,15,42,,,自分が今まで知っている自分でない気がして…,,pendente,
mev05_060.scr:12,mev05_060.scr,12,101,ジョアン,personagem,16,52,,CRLF x1,そうして、次に意識がハッキリした時には\n檻の中でした,,pendente,
mev05_060.scr:13,mev05_060.scr,13,101,ジョアン,personagem,17,50,,CRLF x1,私は、この異形の姿になって\n暴れていたらしいのです,,pendente,
mev05_060.scr:14,mev05_060.scr,14,101,ジョアン,personagem,18,94,,CRLF x2,彼、ミゲルもです。\n私よりも前に赤い煙に触れ、病気が治った後\n同じ様に肉体が変化し始めたんです,,pendente,
mev05_060.scr:15,mev05_060.scr,15,102,ミゲル,personagem,19,80,,CRLF x2,もう、村には置いておけないと…。\nでも、確かに…俺の身体は\nもうヒトとは違う様だ,,pendente,
mev05_060.scr:16,mev05_060.scr,16,102,ミゲル,personagem,20,38,,,ヒトの中じゃ、生きていけないんだろうよ,,pendente,
mev05_060.scr:17,mev05_060.scr,17,102,ミゲル,personagem,21,74,,CRLF x1,ああ、これから俺はどうすりゃいい。\nここに残って死ぬのを待つしかねえのか…,,pendente,
mev05_060.scr:18,mev05_060.scr,18,60,イリア,personagem,22,10,,,ゲェッ！？,,pendente,
mev05_060.scr:19,mev05_060.scr,19,101,ジョアン,personagem,23,22,,,ヒトの…、元の姿に！！,,pendente,
mev05_060.scr:20,mev05_060.scr,20,101,ジョアン,personagem,24,60,,CRLF x1,ああ、あなたには助けられてばかりです。\nありがとうございます,,pendente,
mev05_060.scr:21,mev05_060.scr,21,1,クレス,personagem,25,26,,CRLF x1,○○。\n君がやったのか！？,,pendente,
mev05_060.scr:22,mev05_060.scr,22,60,イリア,personagem,28,24,,,無意識にやったってワケ？,,pendente,
mev05_060.scr:23,mev05_060.scr,23,60,イリア,personagem,29,44,,CRLF x1,それともやっぱ、\nアンタの力じゃないって事？,,pendente,
mev05_060.scr:24,mev05_060.scr,24,60,イリア,personagem,30,28,,,黙ってたらわかんないでしょ！,,pendente,
mev05_060.scr:25,mev05_060.scr,25,60,イリア,personagem,31,48,,CRLF x1,ってかさ、アンタの力かどうかも\n怪しいもんだし…,,pendente,
mev05_060.scr:26,mev05_060.scr,26,102,ミゲル,personagem,32,84,,CRLF x2,でも、このまま村には帰れねえぞ。\n帰っても、みんなにまたあの姿になると\n思われちまう,,pendente,
mev05_060.scr:27,mev05_060.scr,27,1,クレス,personagem,33,64,,CRLF x1,それじゃあ、僕達の船へ来て下さい。\nここに留まるのは危険ですから,,pendente,
mev05_060.scr:28,mev05_060.scr,28,60,イリア,personagem,34,62,,CRLF x2,そうね。\n誰か、いい知恵出してくれるだろうし。\n船に戻りましょ,,pendente,
mev05_060.scr:29,mev05_060.scr,29,,(opcao do jogador),escolha,26,22,,,よくわからない、と言う,,pendente,
mev05_060.scr:30,mev05_060.scr,30,,(opcao do jogador),escolha,27,10,,,黙っている,,pendente,
mev05_070.scr:0,mev05_070.scr,0,62,アンジュ,personagem,0,70,,CRLF x2,お疲れ様、○○。\n肉体的にも精神的にも、\nなかなかハードな仕事だったね,,pendente,
mev05_070.scr:1,mev05_070.scr,1,62,アンジュ,personagem,1,22,,,さてと…、ハロルドさん,,pendente,
mev05_070.scr:2,mev05_070.scr,2,62,アンジュ,personagem,2,62,,CRLF x1,赤い煙を浴びたコクヨウ玉虫、\nそしてジョアンさん達に起きた変化,,pendente,
mev05_070.scr:3,mev05_070.scr,3,62,アンジュ,personagem,3,86,,CRLF x2,この二つから、赤い煙が\n「生物変化の原因」であると確定した、\nと言ってもいいのかしら？,,pendente,
mev05_070.scr:4,mev05_070.scr,4,19,ハロルド,personagem,4,6,,,そうね,,pendente,
mev05_070.scr:5,mev05_070.scr,5,19,ハロルド,personagem,5,78,,CRLF x2,ただ、人を治癒したり、\n生物変化を起こしたりする過程については\nわからないけど,,pendente,
mev05_070.scr:6,mev05_070.scr,6,62,アンジュ,personagem,6,56,,CRLF x2,○○。\n今、医務室でアニーがジョアンさん達を\n診ているの,,pendente,
mev05_070.scr:7,mev05_070.scr,7,62,アンジュ,personagem,9,42,,CRLF x1,あの二人の今後についてね。\nそれは、任せて,,pendente,
mev05_070.scr:8,mev05_070.scr,8,62,アンジュ,personagem,10,76,,CRLF x2,ちょっと、ね。\nすんなり村に帰れました、というわけには\n行かないだろうけど…,,pendente,
mev05_070.scr:9,mev05_070.scr,9,62,アンジュ,personagem,11,62,,CRLF x1,医務室へ行って、彼らと話をしてみないとね。\n一緒にいらっしゃい,,pendente,
mev05_070.scr:10,mev05_070.scr,10,,(opcao do jogador),escolha,7,28,,,あの二人の今後について尋ねる,,pendente,
mev05_070.scr:11,mev05_070.scr,11,,(opcao do jogador),escolha,8,30,,,二人は村には帰れないのか尋ねる,,pendente,
mev05_080.scr:0,mev05_080.scr,0,42,アニー,personagem,0,36,,,あっ、今お二人を診終わったところです,,pendente,
mev05_080.scr:1,mev05_080.scr,1,62,アンジュ,personagem,1,20,,,二人とも異常はない？,,pendente,
mev05_080.scr:2,mev05_080.scr,2,42,アニー,personagem,2,46,,CRLF x1,はい、普通の人間と特に変わった点は\nありません,,pendente,
mev05_080.scr:3,mev05_080.scr,3,62,アンジュ,personagem,3,14,,,そう、良かった,,pendente,
mev05_080.scr:4,mev05_080.scr,4,62,アンジュ,personagem,4,74,,CRLF x2,ジョアンさん、ミゲルさん、\n確かに今は故郷へ帰るのは\n難しいかもしれません,,pendente,
mev05_080.scr:5,mev05_080.scr,5,62,アンジュ,personagem,5,56,,CRLF x1,ですが、わたしが所属していた教会なら\n受け入れてくれます,,pendente,
mev05_080.scr:6,mev05_080.scr,6,62,アンジュ,personagem,6,66,,CRLF x1,あなた方さえよろしければ、\nそこで働いてはいただけないでしょうか？,,pendente,
mev05_080.scr:7,mev05_080.scr,7,101,ジョアン,personagem,7,14,,,いいんですか？,,pendente,
mev05_080.scr:8,mev05_080.scr,8,102,ミゲル,personagem,8,24,,,そりゃ、願ってもない事で,,pendente,
mev05_080.scr:9,mev05_080.scr,9,62,アンジュ,personagem,9,58,,CRLF x2,嬉しい！\nちょうど男性の働き手が\n欲しいと言われていたから,,pendente,
mev05_080.scr:10,mev05_080.scr,10,62,アンジュ,personagem,10,64,,CRLF x1,それじゃあ、教会への紹介状を書いて\nその街までお送りいたしますね,,pendente,
mev05_080.scr:11,mev05_080.scr,11,101,ジョアン,personagem,11,54,,CRLF x2,ああ、何でもするよ。\nありがとう。\n本当に、ありがとう,,pendente,
mev05_090.scr:0,mev05_090.scr,0,62,アンジュ,personagem,0,84,,CRLF x2,ジョアンさん達には、教会で働きながら\nオルタ・ビレッジの建築を進めて\nもらいましょう,,pendente,
mev05_090.scr:1,mev05_090.scr,1,62,アンジュ,personagem,1,34,,,さあ、こっちの方も忙しくなりそうね,,pendente,
mev05_090.scr:2,mev05_090.scr,2,2,ミント,personagem,2,32,,,それにしても、悲しい事件でしたね,,pendente,
mev05_090.scr:3,mev05_090.scr,3,2,ミント,personagem,3,48,,CRLF x1,魔物化したとはいえ、同じ村の民を\n捨てるなんて…,,pendente,
mev05_090.scr:4,mev05_090.scr,4,8,フィリア,personagem,4,28,,,他に方法が無かったのでしょう,,pendente,
mev05_090.scr:5,mev05_090.scr,5,8,フィリア,personagem,5,90,,CRLF x2,村人全員に被害が出る可能性があるならば、\n村長さんもああするしかなかったのかも\nしれません,,pendente,
mev05_090.scr:6,mev05_090.scr,6,2,ミント,personagem,6,84,,CRLF x2,そう…ですね…。\n殺さず、オアシスに追放するのは、\nせめてもの処置だったのでしょう…,,pendente,
mev05_090.scr:7,mev05_090.scr,7,2,ミント,personagem,7,44,,CRLF x1,でも、悲しい話です。\n人が人を捨てるなんて…,,pendente,
mev05_090.scr:8,mev05_090.scr,8,62,アンジュ,personagem,8,62,,CRLF x2,そう。\nだからもう二度と赤い煙が人に\n接触しない様にしないとね,,pendente,
mev05_090.scr:9,mev05_090.scr,9,62,アンジュ,personagem,9,84,,CRLF x1,生物を変化させる原理はわからないけれど、\n原因はあの赤い煙だという事がわかったんだし,,pendente,
mev05_090.scr:10,mev05_090.scr,10,2,ミント,personagem,10,68,,CRLF x1,赤い煙の出現は、短期間なのですよね。\n次はどこに現れるのでしょうか？,,pendente,
mev05_090.scr:11,mev05_090.scr,11,8,フィリア,personagem,11,64,,CRLF x1,しかも、最近は星晶採掘地跡以外でも\n現れるという「噂」もあります,,pendente,
mev05_090.scr:12,mev05_090.scr,12,8,フィリア,personagem,12,24,,,あくまで、噂の様ですが…,,pendente,
mev05_090.scr:13,mev05_090.scr,13,62,アンジュ,personagem,13,84,,CRLF x2,また、護衛の依頼が来るはずだし、\nその情報から、次にどこに行けばいいかが\nわかるかも,,pendente,
mev05_090.scr:14,mev05_090.scr,14,62,アンジュ,personagem,14,24,,,今は、それを待ちましょう,,pendente,
mev05_100.scr:0,mev05_100.scr,0,4,アーチェ,personagem,1,52,,CRLF x2,あたし、アーチェ。\nアーチェ・クライン。\nよろしくね,,pendente,
mev05_100.scr:1,mev05_100.scr,1,4,アーチェ,personagem,4,18,,,はいはい、よろしく,,pendente,
mev05_100.scr:2,mev05_100.scr,2,4,アーチェ,personagem,5,70,,CRLF x1,あんたもギルドのメンバーなんでしょ？\nあたし、今日からここで働くからさ,,pendente,
mev05_100.scr:3,mev05_100.scr,3,4,アーチェ,personagem,6,70,,CRLF x1,変に飾ってかしこまるのも、何だかね〜。\n気を遣われるのも疲れるじゃん？,,pendente,
mev05_100.scr:4,mev05_100.scr,4,4,アーチェ,personagem,7,112,,CRLF x2,あたし、今日からここのメンバーになったのよ。\nどうせずっと一緒にやってく事になるんだし、\n堅っ苦しい挨拶はナシ！,,pendente,
mev05_100.scr:5,mev05_100.scr,5,2,ミント,personagem,8,32,,,アーチェさん、お待ちしていました,,pendente,
mev05_100.scr:6,mev05_100.scr,6,4,アーチェ,personagem,9,60,,CRLF x2,ミントが欲しがってたのって、\nこれでしょ？\nソーサラーリング,,pendente,
mev05_100.scr:7,mev05_100.scr,7,2,ミント,personagem,11,60,,CRLF x2,はい。\nこれの力を借りれば、\n未踏の地へ行けるかもしれません,,pendente,
mev05_100.scr:8,mev05_100.scr,8,2,ミント,personagem,12,66,,CRLF x1,これからアドリビトムにとって、\n必要なものになると思っていたもので,,pendente,
mev05_100.scr:9,mev05_100.scr,9,4,アーチェ,personagem,13,50,,CRLF x1,でも、今はまっさらな状態で\nなーんの力もないのよね,,pendente,
mev05_100.scr:10,mev05_100.scr,10,4,アーチェ,personagem,14,64,,CRLF x1,だから、このリングにまず、\n息吹を吹き込んでやんないといけないの,,pendente,
mev05_100.scr:11,mev05_100.scr,11,2,ミント,personagem,15,48,,CRLF x1,では、ひとまずこれは\nアンジュさんに預けましょう,,pendente,
mev05_100.scr:12,mev05_100.scr,12,2,ミント,personagem,16,70,,CRLF x1,どなたかが、このリングに息吹を与えて\nくれる様に依頼を出しておきますね,,pendente,
mev05_100.scr:13,mev05_100.scr,13,4,アーチェ,personagem,17,44,,CRLF x1,んじゃ、○○。\n仕事で組みたい時は呼んでね！,,pendente,
mev05_100.scr:14,mev05_100.scr,14,4,アーチェ,personagem,18,36,,,あたし、専門は魔術だから役に立つわよ,,pendente,
mev05_100.scr:15,mev05_100.scr,15,,(opcao do jogador),escolha,2,20,,,よろしくと挨拶をする,,pendente,
mev05_100.scr:16,mev05_100.scr,16,,(opcao do jogador),escolha,3,16,,,唐突な挨拶に驚く,,pendente,
mev05_100.scr:17,mev05_100.scr,17,,(mensagem de sistema),sistema,19,36,,,アーチェがアドリビトムに加入しました,,pendente,
mev05_110.scr:0,mev05_110.scr,0,21,ファラ,personagem,0,56,,CRLF x1,赤い煙は、最近じゃ色々な形に見える、って\n言ってたよね？,,pendente,
mev05_110.scr:1,mev05_110.scr,1,21,ファラ,personagem,1,42,,,もしかして、実体を持とうとしてる…のかな？,,pendente,
mev05_110.scr:2,mev05_110.scr,2,71,コハク,personagem,2,36,,,精霊なら、正体を知っていたりするかな,,pendente,
mev05_110.scr:3,mev05_110.scr,3,21,ファラ,personagem,3,24,,,精霊って、本当にいるの？,,pendente,
mev05_110.scr:4,mev05_110.scr,4,71,コハク,personagem,4,10,,,どうかな…,,pendente,
mev05_110.scr:5,mev05_110.scr,5,71,コハク,personagem,5,60,,CRLF x1,昔はいたって聞いた事あるけど、\nどこまで本当かわからないよね,,pendente,
mev05_110.scr:6,mev05_110.scr,6,30,クラトス,personagem,6,50,,CRLF x1,精霊と交流を持つ、\n「ミブナの里」という場所がある,,pendente,
mev05_110.scr:7,mev05_110.scr,7,21,ファラ,personagem,7,14,,,どこにあるの？,,pendente,
mev05_110.scr:8,mev05_110.scr,8,30,クラトス,personagem,8,56,,CRLF x1,行く意志があるのなら、案内する。\n依頼として届けておこう,,pendente,
mev05_110.scr:9,mev05_110.scr,9,90,ロックス,personagem,9,64,,CRLF x1,ミブナの里…、聞いた事があります。\nあそこは妙な昔話があるんです,,pendente,
mev05_110.scr:10,mev05_110.scr,10,90,ロックス,personagem,10,84,,CRLF x1,本が…確か、「異類化生記」だったかな…。\nあの地方に伝わる昔話を集めた本があるんです,,pendente,
mev05_110.scr:11,mev05_110.scr,11,90,ロックス,personagem,11,50,,CRLF x1,人がお化けになったり、\n動物になったりする昔話です,,pendente,
mev05_110.scr:12,mev05_110.scr,12,90,ロックス,personagem,12,48,,CRLF x1,他にも、悪い事をしてカエルにされた\n男の話とか…,,pendente,
mev05_110.scr:13,mev05_110.scr,13,21,ファラ,personagem,13,34,,,ロックスも元々ヒトだったりしてね！,,pendente,
mev05_110.scr:14,mev05_110.scr,14,90,ロックス,personagem,14,52,,CRLF x1,えーぇぇぇ…ぇっと。\n何でしょうか、ヤブカラボーに…,,pendente,
mev05_110.scr:15,mev05_110.scr,15,21,ファラ,personagem,15,60,,CRLF x2,ふふ、冗談だよ！\nただ、ロックスってすごく\nヒトみたいだから,,pendente,
mev05_110.scr:16,mev05_110.scr,16,21,ファラ,personagem,16,76,,CRLF x1,わたし達より頭がいいし、色んな事出来るし。\n何だかヒトとの違いを感じないもの,,pendente,
mev05_110.scr:17,mev05_110.scr,17,90,ロックス,personagem,17,38,,CRLF x1,そ、そうですか。\nそれは…、どうも……,,pendente,
mev05_110.scr:18,mev05_110.scr,18,90,ロックス,personagem,18,70,,CRLF x1,ヒトとの違いを感じないっていうのは、\nそうですね、うれしいものですね…,,pendente,
mev05_110.scr:19,mev05_110.scr,19,90,ロックス,personagem,19,48,,CRLF x1,お嬢様のご両親の代わりをして\n生きてきましたが…,,pendente,
mev05_110.scr:20,mev05_110.scr,20,90,ロックス,personagem,20,72,,CRLF x1,僕みたいなのが親代わりなんて、\n恥ずかしいと思ってはいないだろうか…って,,pendente,
mev05_110.scr:21,mev05_110.scr,21,90,ロックス,personagem,21,34,,,それはずっと…気になっていましたし,,pendente,
mev05_110.scr:22,mev05_110.scr,22,90,ロックス,personagem,24,20,,,ありがとうございます,,pendente,
mev05_110.scr:23,mev05_110.scr,23,90,ロックス,personagem,25,76,,CRLF x2,でも、駄目ですね。\nそう思う僕の方が親代わりとしての\n意識を欠いてますよね…,,pendente,
mev05_110.scr:24,mev05_110.scr,24,90,ロックス,personagem,26,24,,,あ、ありがとうございます,,pendente,
mev05_110.scr:25,mev05_110.scr,25,90,ロックス,personagem,27,44,,CRLF x1,そう言ってもらえると、救われます。\n本当に…,,pendente,
mev05_110.scr:26,mev05_110.scr,26,90,ロックス,personagem,28,68,,CRLF x1,いつもいつも、好奇の目で見られました。\n僕が親代わりをしている事に…,,pendente,
mev05_110.scr:27,mev05_110.scr,27,90,ロックス,personagem,29,62,,CRLF x1,お嬢様もその事でからかわれて、\n恥ずかしい思いをしたでしょうに,,pendente,
mev05_110.scr:28,mev05_110.scr,28,71,コハク,personagem,30,38,,CRLF x1,ううん。\nロックスはわたし達の家族だよ,,pendente,
mev05_110.scr:29,mev05_110.scr,29,90,ロックス,personagem,31,32,,CRLF x1,はい…。\nありがとうございます！,,pendente,
mev05_110.scr:30,mev05_110.scr,30,71,コハク,personagem,32,38,,,そういえば、ロックスって何て種族なの？,,pendente,
mev05_110.scr:31,mev05_110.scr,31,90,ロックス,personagem,33,16,,,ぅ、えーっと……,,pendente,
mev05_110.scr:32,mev05_110.scr,32,90,ロックス,personagem,34,72,,CRLF x2,ななななな何でしょうね。\nひょっとしたら僕、新種かも…。\nタハハハハ……,,pendente,
mev05_110.scr:33,mev05_110.scr,33,,(opcao do jogador),escolha,22,24,,,ロックスは立派だ、と言う,,pendente,
mev05_110.scr:34,mev05_110.scr,34,,(opcao do jogador),escolha,23,34,,,恥ずかしいなんて思うものか、と言う,,pendente,
mev05_120.scr:0,mev05_120.scr,0,22,キール,personagem,1,24,,,メルディ、何だこの紙は？,,pendente,
mev05_120.scr:1,mev05_120.scr,1,23,メルディ,personagem,2,54,,CRLF x1,それな、街に買い出し行った時もらった。\nキールにあげる,,pendente,
mev05_120.scr:2,mev05_120.scr,2,22,キール,personagem,3,32,,,なになに…、「終末近し」だって？,,pendente,
mev05_120.scr:3,mev05_120.scr,3,22,キール,personagem,4,40,,,「今こそ救世主ディセンダーが降臨する時」,,pendente,
mev05_120.scr:4,mev05_120.scr,4,22,キール,personagem,5,90,,CRLF x2,「ディセンダーをこの世に迎え、\n　腐敗した世界を共に打ち砕き、\n　輝ける未来を再建しよう」,,pendente,
mev05_120.scr:5,mev05_120.scr,5,22,キール,personagem,6,28,,,「世界再建の要…、暁の従者」,,pendente,
mev05_120.scr:6,mev05_120.scr,6,22,キール,personagem,7,72,,CRLF x2,最近世間を騒がせている、\nディセンダーの出現を待つ新興宗教の\nチラシだな,,pendente,
mev05_120.scr:7,mev05_120.scr,7,22,キール,personagem,8,84,,CRLF x1,大体ディセンダーなんて、いるわけがないんだ。\nお前もこんなのに引っかかるんじゃないぞ,,pendente,
mev05_120.scr:8,mev05_120.scr,8,23,メルディ,personagem,9,58,,CRLF x2,バイバ！\nなあキール、\nほんとにディセンダーいるがいいな！,,pendente,
mev05_120.scr:9,mev05_120.scr,9,23,メルディ,personagem,10,18,,,世界を救うんだよぅ,,pendente,
mev05_120.scr:10,mev05_120.scr,10,22,キール,personagem,11,110,,CRLF x2,で、結局こういう奴らは何も出来ずに延々と\n在りもしないディセンダーを待ち続けて、\n何も掴めない人生で終わるんだ,,pendente,
mev05_120.scr:11,mev05_120.scr,11,23,メルディ,personagem,12,68,,CRLF x2,待つだけがダメだな。\nでも、この「暁の従者」信じるが人、\n増えてるよ,,pendente,
mev05_120.scr:12,mev05_120.scr,12,23,メルディ,personagem,13,34,,,みんな、自分持つが力、知らないか？,,pendente,
mev05_120.scr:13,mev05_120.scr,13,22,キール,personagem,14,6,,,さあな,,pendente,
mev05_120.scr:14,mev05_120.scr,14,22,キール,personagem,15,96,,CRLF x2,ただ、本気で何かをした事がなく、\n我が身の不幸を嘆くばかりの奴が\nこういうのに入信してしまうんだ,,pendente,
mev05_120.scr:15,mev05_120.scr,15,23,メルディ,personagem,16,78,,CRLF x2,メルディ、自分何か出来るがわかると、\nすぐそれやろうと思うよ。\nみんな違うか？,,pendente,
mev06_010.scr:0,mev06_010.scr,0,62,アンジュ,personagem,0,44,,CRLF x1,精霊と関わりのある里が\n実際にあったなんて…,,pendente,
mev06_010.scr:1,mev06_010.scr,1,62,アンジュ,personagem,1,108,,CRLF x2,教会でも、世界樹と共に精霊を奉じるけど、\nわたし達の様な教会関係者でも\n精霊と会った人なんていなかったから…,,pendente,
mev06_010.scr:2,mev06_010.scr,2,62,アンジュ,personagem,2,80,,CRLF x2,でも、もし、精霊に話を聞けて、\n赤い煙について何かわかるのなら\nとても心強いよね,,pendente,
mev06_010.scr:3,mev06_010.scr,3,62,アンジュ,personagem,3,72,,CRLF x1,さあ、ミブナの里へ行く方法なのだけれど、\nブラウニー坑道を通る事になるの,,pendente,
mev06_010.scr:4,mev06_010.scr,4,62,アンジュ,personagem,4,60,,CRLF x1,同行は、クラトスさん。\nそれと、ハロルドさんが行ってくれるよ,,pendente,
mev06_010.scr:5,mev06_010.scr,5,62,アンジュ,personagem,5,40,,CRLF x1,それじゃあ、\n気を付けて行ってらっしゃい,,pendente,
mev06_020.scr:0,mev06_020.scr,0,19,ハロルド,personagem,0,70,,CRLF x2,ねえ、クラトス。\nそのミブナの里って、\nここを通らないと行けないわけ？,,pendente,
mev06_020.scr:1,mev06_020.scr,1,30,クラトス,personagem,1,72,,CRLF x1,ミブナの里は、忍びの者が住む里だ。\n一般の者には見つかりづらい場所にある,,pendente,
mev06_020.scr:2,mev06_020.scr,2,30,クラトス,personagem,2,34,,,この坑道が、そこへ繋がる唯一の道だ,,pendente,
mev06_020.scr:3,mev06_020.scr,3,19,ハロルド,personagem,3,18,,,なるほど、忍びねえ,,pendente,
mev06_020.scr:4,mev06_020.scr,4,19,ハロルド,personagem,4,56,,CRLF x1,隠密行動しないといけないなら\n外部に知られてはまずいわね,,pendente,
mev06_020.scr:5,mev06_020.scr,5,30,クラトス,personagem,5,10,,,それもある,,pendente,
mev06_020.scr:6,mev06_020.scr,6,30,クラトス,personagem,6,66,,CRLF x1,だが、ウリズン帝国がミブナの星晶を狙って\nいるという話もあるのでな,,pendente,
mev06_020.scr:7,mev06_020.scr,7,19,ハロルド,personagem,7,64,,CRLF x1,ああ…、ヴェイグの故郷の星晶を採り尽くした\nサレって奴がいる国…,,pendente,
mev06_020.scr:8,mev06_020.scr,8,30,クラトス,personagem,8,54,,CRLF x1,だから、外部の者には\n並々ならぬ警戒を抱いているはずだ,,pendente,
mev06_020.scr:9,mev06_020.scr,9,19,ハロルド,personagem,9,34,,,でも、何であんたは道を知ってるの？,,pendente,
mev06_020.scr:10,mev06_020.scr,10,30,クラトス,personagem,10,70,,CRLF x2,ミブナの里の近くに、\n唯一忍びと交流のある村がある。\n私はそこから来た,,pendente,
mev06_020.scr:11,mev06_020.scr,11,19,ハロルド,personagem,11,28,,,ふ〜ん、そりゃまた珍しいわね,,pendente,
mev06_025.scr:0,mev06_025.scr,0,19,ハロルド,personagem,1,40,,CRLF x1,道、無いじゃない。\nこっちであってんの？,,pendente,
mev06_025.scr:1,mev06_025.scr,1,19,ハロルド,personagem,2,40,,CRLF x1,ふうん。\n忍びが作った隠し通路ってワケね,,pendente,
mev06_025.scr:2,mev06_025.scr,2,30,クラトス,personagem,3,8,,,…行くぞ,,pendente,
mev06_030.scr:0,mev06_030.scr,0,30,クラトス,personagem,0,30,,CRLF x1,何を読んでいる？\nそれは何だ？,,pendente,
mev06_030.scr:1,mev06_030.scr,1,19,ハロルド,personagem,2,42,,CRLF x1,そこに落ちてた紙。\n新興宗教の勧誘チラシよ,,pendente,
mev06_030.scr:2,mev06_030.scr,2,19,ハロルド,personagem,3,56,,CRLF x1,こんな人のいない所にまで布教だなんて、\nご苦労な事よね〜,,pendente,
mev06_030.scr:3,mev06_030.scr,3,30,クラトス,personagem,4,44,,CRLF x1,暁の従者…、\nディセンダーの出現を待つ集団か,,pendente,
mev06_030.scr:4,mev06_030.scr,4,19,ハロルド,personagem,5,48,,CRLF x1,世界の危機が訪れた時に現れるディセンダー、\nね〜,,pendente,
mev06_030.scr:5,mev06_030.scr,5,19,ハロルド,personagem,6,78,,CRLF x1,まあ、危機の感じ方って人それぞれだろうけど、\n今が危機の最たる時なワケかしら？,,pendente,
mev06_030.scr:6,mev06_030.scr,6,30,クラトス,personagem,7,100,,CRLF x2,さあな、世界の住人はヒトだけではない。\nヒト以外のものが危機を感じているならば、\nそうかもしれぬが…,,pendente,
mev06_030.scr:7,mev06_030.scr,7,31,しいな,personagem,9,38,,,わー！！　待てっ！　こらーーーーっ！！,,pendente,
mev06_030.scr:8,mev06_030.scr,8,19,ハロルド,personagem,10,16,,,なぁに、今の声？,,pendente,
mev06_030.scr:9,mev06_030.scr,9,30,クラトス,personagem,11,12,,,あの声は…！,,pendente,
mev06_030.scr:10,mev06_030.scr,10,30,クラトス,personagem,12,42,,CRLF x1,何か、異様な気配が流れてくる。\n先を急ぐぞ,,pendente,
mev06_040.scr:0,mev06_040.scr,0,30,クラトス,personagem,1,20,,,先程の気配はこいつか,,pendente,
mev06_040.scr:1,mev06_040.scr,1,19,ハロルド,personagem,2,22,,,ねえ、こいつと戦うの？,,pendente,
mev06_040.scr:2,mev06_040.scr,2,30,クラトス,personagem,3,26,,,恐らく、門番のつもりだろう,,pendente,
mev06_040.scr:3,mev06_040.scr,3,30,クラトス,personagem,4,60,,CRLF x1,こいつを倒さねば、ミブナの里へは\n行けそうにないだろうからな,,pendente,
mev06_040.scr:4,mev06_040.scr,4,19,ハロルド,personagem,5,38,,CRLF x1,やっぱり〜！\nこれが忍びの技術なのね♪,,pendente,
mev06_040.scr:5,mev06_040.scr,5,19,ハロルド,personagem,6,34,,,面白そうだから、相手しちゃうわよ！,,pendente,
mev06_050.scr:0,mev06_050.scr,0,19,ハロルド,personagem,1,42,,CRLF x1,さあ、忍びの技って奴を\nもっと見せなさい♪,,pendente,
mev06_060.scr:0,mev06_060.scr,0,19,ハロルド,personagem,1,62,,CRLF x1,倒したら、跡形もなく消えちゃった。\nと、言う事は呪術的な存在ね,,pendente,
mev06_060.scr:1,mev06_060.scr,1,19,ハロルド,personagem,2,28,,,これは興味深いわ、グフフッ！,,pendente,
mev06_060.scr:2,mev06_060.scr,2,30,クラトス,personagem,3,18,,,そいつは人工精霊だ,,pendente,
mev06_060.scr:3,mev06_060.scr,3,19,ハロルド,personagem,4,12,,,人工精霊〜？,,pendente,
mev06_060.scr:4,mev06_060.scr,4,30,クラトス,personagem,5,24,,CRLF x1,しいな。\nお前だったか…,,pendente,
mev06_060.scr:5,mev06_060.scr,5,31,しいな,personagem,6,22,,,クラトスだったのかい！,,pendente,
mev06_060.scr:6,mev06_060.scr,6,31,しいな,personagem,7,50,,CRLF x1,久しぶりだねぇ。\nあいつを始末してくれて助かったよ,,pendente,
mev06_060.scr:7,mev06_060.scr,7,31,しいな,personagem,8,64,,CRLF x2,あんた達が倒したのは、\nあたしが「光気丹術」で\n作ったものなんだ,,pendente,
mev06_060.scr:8,mev06_060.scr,8,19,ハロルド,personagem,9,54,,CRLF x1,ふんふん、光気丹術っていうのね！\nワクワクしちゃう〜★,,pendente,
mev06_060.scr:9,mev06_060.scr,9,31,しいな,personagem,10,32,,,扱いきれなくて暴走しちまってさ…,,pendente,
mev06_060.scr:10,mev06_060.scr,10,31,しいな,personagem,11,44,,CRLF x1,もしあれが外に出たら大変だったよ\nありがとう,,pendente,
mev06_060.scr:11,mev06_060.scr,11,31,しいな,personagem,12,28,,,ところで何の用だったんだい？,,pendente,
mev06_060.scr:12,mev06_060.scr,12,30,クラトス,personagem,13,42,,CRLF x1,精霊と話がしたい。\n会わせてはくれないか？,,pendente,
mev06_060.scr:13,mev06_060.scr,13,31,しいな,personagem,14,66,,CRLF x1,ミブナの里の精霊にかい？\n前は精霊と交流があったけど、今はいないよ,,pendente,
mev06_060.scr:14,mev06_060.scr,14,31,しいな,personagem,15,60,,CRLF x1,ミブナの里周辺の星晶が採取され始めてから、\nいなくなったんだ,,pendente,
mev06_060.scr:15,mev06_060.scr,15,30,クラトス,personagem,16,16,,,ウリズン帝国か…,,pendente,
mev06_060.scr:16,mev06_060.scr,16,31,しいな,personagem,17,92,,CRLF x2,それ以外の国もだね…。\n奴ら、星晶ばかりじゃなく、土地にあるものを\n何でも取っていこうとする,,pendente,
mev06_060.scr:17,mev06_060.scr,17,31,しいな,personagem,18,46,,CRLF x1,ミブナの里が奴らに見つかるのも\n時間の問題だよ,,pendente,
mev06_060.scr:18,mev06_060.scr,18,31,しいな,personagem,19,66,,CRLF x1,だから、奴らが入って来れない様にって、\n人工精霊を作ろうとしたんだ,,pendente,
mev06_060.scr:19,mev06_060.scr,19,31,しいな,personagem,20,78,,CRLF x2,でも、難しくてダメだったね。\nあたしなりの解釈だったんだけど、\n結局あの程度さ,,pendente,
mev06_060.scr:20,mev06_060.scr,20,19,ハロルド,personagem,21,46,,CRLF x1,んー、とりあえず、精霊への接触は\nムリって事ね,,pendente,
mev06_060.scr:21,mev06_060.scr,21,19,ハロルド,personagem,22,22,,,どうする？　引き返す？,,pendente,
mev06_060.scr:22,mev06_060.scr,22,30,クラトス,personagem,23,8,,,そうだな,,pendente,
mev06_060.scr:23,mev06_060.scr,23,31,しいな,personagem,24,58,,CRLF x2,待ちなよ！\nあんたが精霊を頼るって事は、\n余程の事なんだね,,pendente,
mev06_060.scr:24,mev06_060.scr,24,31,しいな,personagem,25,94,,CRLF x2,ミブナの里に精霊はいないけど、\n他の地域にいる精霊についてだったら、\n何かわかるかもしれないよ,,pendente,
mev06_060.scr:25,mev06_060.scr,25,19,ハロルド,personagem,26,18,,,あら、いいわね〜！,,pendente,
mev06_060.scr:26,mev06_060.scr,26,31,しいな,personagem,27,56,,CRLF x1,里に文献があるんだ。\n後であんた達のギルドに届けにいくよ,,pendente,
mev06_060.scr:27,mev06_060.scr,27,30,クラトス,personagem,28,36,,CRLF x1,わかった。\nでは、それを待つとしよう,,pendente,
mev06_060.scr:28,mev06_060.scr,28,31,しいな,personagem,29,24,,,ああ、待ってておくれよ！,,pendente,
mev06_070.scr:0,mev06_070.scr,0,62,アンジュ,personagem,0,74,,CRLF x1,精霊に会えなかったのは残念だけど、\nまだ望みが絶たれたわけじゃないでしょ？,,pendente,
mev06_070.scr:1,mev06_070.scr,1,62,アンジュ,personagem,1,28,,,しいなさんの来船を待ちましょ,,pendente,
mev06_070.scr:2,mev06_070.scr,2,19,ハロルド,personagem,2,84,,CRLF x2,それにしても、人工精霊や\n光気丹術の存在を知る事が出来たのは\n私にとって大収穫だわ〜,,pendente,
mev06_070.scr:3,mev06_070.scr,3,67,リタ,personagem,3,70,,CRLF x2,そう、その光気丹術！\nあたしが研究しているものと\n同じかもしれないのよ,,pendente,
mev06_070.scr:4,mev06_070.scr,4,19,ハロルド,personagem,4,8,,,あらそう,,pendente,
mev06_070.scr:5,mev06_070.scr,5,19,ハロルド,personagem,5,30,,,んで、何を研究してたんだっけ？,,pendente,
mev06_070.scr:6,mev06_070.scr,6,67,リタ,personagem,6,52,,CRLF x1,ソウルアルケミーよ！\n魔術の曙とでも言える太古の技術,,pendente,
mev06_070.scr:7,mev06_070.scr,7,19,ハロルド,personagem,7,62,,CRLF x1,あら、あんたそれ研究してんの？\nでも、資料あんましないっしょ？,,pendente,
mev06_070.scr:8,mev06_070.scr,8,19,ハロルド,personagem,8,42,,,私もいずれは研究したいと思ってたのよねぇ♪,,pendente,
mev06_070.scr:9,mev06_070.scr,9,19,ハロルド,personagem,9,68,,CRLF x1,うーん、でも光気丹術とソウルアルケミーの\n関連性はまだわかんないわね,,pendente,
mev06_070.scr:10,mev06_070.scr,10,19,ハロルド,personagem,10,46,,CRLF x1,詳しく聞く為にも、\nしいなが来るのを待ちましょ,,pendente,
mev06_070.scr:11,mev06_070.scr,11,62,アンジュ,personagem,11,50,,CRLF x1,それじゃ、今回もお疲れ様。\nまた仕事を受けに来てね,,pendente,
mev06_080.scr:0,mev06_080.scr,0,31,しいな,personagem,1,50,,CRLF x1,ええっと、ああ、あんた。\nこないだクラトスといた…,,pendente,
mev06_080.scr:1,mev06_080.scr,1,31,しいな,personagem,4,26,,,ああ、やっぱりそうなんだね,,pendente,
mev06_080.scr:2,mev06_080.scr,2,31,しいな,personagem,5,32,,CRLF x2,○○か。\nいい名だね。\nよろしく,,pendente,
mev06_080.scr:3,mev06_080.scr,3,31,しいな,personagem,6,40,,CRLF x1,そういえば、\nちゃんと挨拶してなかったね,,pendente,
mev06_080.scr:4,mev06_080.scr,4,31,しいな,personagem,7,36,,CRLF x1,あたしは、しいな。\n藤林　しいなだよ,,pendente,
mev06_080.scr:5,mev06_080.scr,5,31,しいな,personagem,8,44,,CRLF x1,今日は、精霊についての文献を\n持って来たんだ,,pendente,
mev06_080.scr:6,mev06_080.scr,6,62,アンジュ,personagem,9,46,,CRLF x1,あら、いらっしゃい。\nようこそ、アドリビトムへ,,pendente,
mev06_080.scr:7,mev06_080.scr,7,31,しいな,personagem,10,78,,CRLF x1,えーっと、ギルドのリーダーさんだよね。\n実は、あたしをここに置いて欲しいんだよ,,pendente,
mev06_080.scr:8,mev06_080.scr,8,62,アンジュ,personagem,11,48,,CRLF x1,働いてくれるのなら、構わないけど。\nでも、なぜ？,,pendente,
mev06_080.scr:9,mev06_080.scr,9,31,しいな,personagem,12,84,,CRLF x2,光気丹術を使った事がばれちまって、\nほとぼりが冷めるまで里に居られなく\nなったんだよ,,pendente,
mev06_080.scr:10,mev06_080.scr,10,31,しいな,personagem,13,62,,CRLF x2,あの人工精霊は、\n侵入者専用の門番にしようと\n作ったものなんだ,,pendente,
mev06_080.scr:11,mev06_080.scr,11,31,しいな,personagem,14,48,,CRLF x1,でも、うちの里では\n禁呪に値するものだったからね,,pendente,
mev06_080.scr:12,mev06_080.scr,12,31,しいな,personagem,15,82,,CRLF x2,里の人達にはばれてないんだけど、\n頭領だけがあたしが使ったって事を\n見抜いててさ…,,pendente,
mev06_080.scr:13,mev06_080.scr,13,31,しいな,personagem,16,46,,CRLF x1,それで一時的に里を出る事を\nすすめられたんだよ,,pendente,
mev06_080.scr:14,mev06_080.scr,14,31,しいな,personagem,17,40,,CRLF x1,それに、\nやっぱりここで働いてみたいんだ,,pendente,
mev06_080.scr:15,mev06_080.scr,15,31,しいな,personagem,18,30,,,連れもいるんだけど、いいかい？,,pendente,
mev06_080.scr:16,mev06_080.scr,16,62,アンジュ,personagem,19,68,,CRLF x2,ええ。\nにぎやかになるから歓迎よ。\nそれじゃあ、部屋を用意しないとね,,pendente,
mev06_080.scr:17,mev06_080.scr,17,62,アンジュ,personagem,20,72,,CRLF x2,ねえ、○○。\n一緒に部屋へ来てちょうだい。\n部屋の準備の手伝い、お願いね,,pendente,
mev06_080.scr:18,mev06_080.scr,18,,(opcao do jogador),escolha,2,10,,,会釈をする,,pendente,
mev06_080.scr:19,mev06_080.scr,19,,(opcao do jogador),escolha,3,14,,,自己紹介をする,,pendente,
mev06_090.scr:0,mev06_090.scr,0,62,アンジュ,personagem,0,50,,CRLF x1,これでいいかな。\n部屋は、ここを使ってちょうだいね,,pendente,
mev06_090.scr:1,mev06_090.scr,1,31,しいな,personagem,1,46,,CRLF x1,ありがとう。\nそうそう、連れの紹介もしないとね,,pendente,
mev06_090.scr:2,mev06_090.scr,2,26,ロイド,personagem,2,50,,CRLF x2,俺は、ロイド。\nロイド・アーヴィング。\nよろしくな,,pendente,
mev06_090.scr:3,mev06_090.scr,3,27,コレット,personagem,3,68,,CRLF x2,私はコレット。\nコレット・ブルーネルです。\nこれからお世話になります,,pendente,
mev06_090.scr:4,mev06_090.scr,4,5,すず,personagem,4,14,,,藤林　すずです,,pendente,
mev06_090.scr:5,mev06_090.scr,5,5,すず,personagem,5,70,,CRLF x2,故郷を出るのは初めてです。\nここで、外の世界について\n勉強させて下さい,,pendente,
mev06_090.scr:6,mev06_090.scr,6,31,しいな,personagem,6,48,,CRLF x1,あたしとすずは姓が一緒だけど、\n繋がりはないんだ,,pendente,
mev06_090.scr:7,mev06_090.scr,7,31,しいな,personagem,7,54,,CRLF x1,これは「あざな」で、\nあたしらの本名は、また違うんだよ,,pendente,
mev06_090.scr:8,mev06_090.scr,8,5,すず,personagem,8,92,,CRLF x2,本名は、本人や両親、名付け親、頭領の他、\n結婚相手のみしか知る事はありません。\nご了承下さい,,pendente,
mev06_090.scr:9,mev06_090.scr,9,62,アンジュ,personagem,9,22,,,へえぇ、変わった習慣ね,,pendente,
mev06_090.scr:10,mev06_090.scr,10,31,しいな,personagem,10,38,,,精霊の居場所は、文献から特定しておくれ,,pendente,
mev06_090.scr:11,mev06_090.scr,11,31,しいな,personagem,11,50,,CRLF x1,暗号になっていて、\nあたしでは正確にわからないんだ,,pendente,
mev06_090.scr:12,mev06_090.scr,12,62,アンジュ,personagem,12,40,,CRLF x1,ありがとう。\n文献の解読はみんなで行うわ,,pendente,
mev06_090.scr:13,mev06_090.scr,13,62,アンジュ,personagem,13,46,,CRLF x1,それじゃあ、部屋は自由に使ってね。\nごゆっくり,,pendente,
mev06_090.scr:14,mev06_090.scr,14,,(mensagem de sistema),sistema,14,34,,,しいながアドリビトムに加入しました,,pendente,
mev06_090.scr:15,mev06_090.scr,15,,(mensagem de sistema),sistema,15,34,,,ロイドがアドリビトムに加入しました,,pendente,
mev06_090.scr:16,mev06_090.scr,16,,(mensagem de sistema),sistema,16,36,,,コレットがアドリビトムに加入しました,,pendente,
mev06_090.scr:17,mev06_090.scr,17,,(mensagem de sistema),sistema,17,32,,,すずがアドリビトムに加入しました,,pendente,
mev06_100.scr:0,mev06_100.scr,0,67,リタ,personagem,0,48,,CRLF x1,ねえ、しいな。\n光気丹術について聞きたいんだけど,,pendente,
mev06_100.scr:1,mev06_100.scr,1,31,しいな,personagem,1,46,,CRLF x1,悪いね。\nあれは、外部の者には教えられないんだ,,pendente,
mev06_100.scr:2,mev06_100.scr,2,67,リタ,personagem,2,30,,,興味本位で言ってるんじゃないわ,,pendente,
mev06_100.scr:3,mev06_100.scr,3,67,リタ,personagem,3,100,,CRLF x2,今、ヒトや植物、ううん、それだけじゃない。\nあらゆるモノを変異させてしまう現象が\n各地で起こってるの,,pendente,
mev06_100.scr:4,mev06_100.scr,4,31,しいな,personagem,4,12,,,何だって…？,,pendente,
mev06_100.scr:5,mev06_100.scr,5,67,リタ,personagem,5,106,,CRLF x2,その仕組みはわかってないけど、\nひょっとしたらあんたの里に伝わるそれが、\n解決の糸口になるかもしれないのよ,,pendente,
mev06_100.scr:6,mev06_100.scr,6,31,しいな,personagem,6,20,,CRLF x1,○○。\n本当の話かい,,pendente,
mev06_100.scr:7,mev06_100.scr,7,31,しいな,personagem,9,28,,CRLF x1,わかった。\nあんたを信じるよ,,pendente,
mev06_100.scr:8,mev06_100.scr,8,31,しいな,personagem,10,36,,CRLF x1,わかった。\nそういう事なら協力するよ,,pendente,
mev06_100.scr:9,mev06_100.scr,9,31,しいな,personagem,12,20,,,これが「光気丹術経」,,pendente,
mev06_100.scr:10,mev06_100.scr,10,31,しいな,personagem,13,86,,CRLF x2,人工精霊の作り方や何やら載ってるけど、\nあんたにわかるかい？\nあたしには、さっぱりだよ,,pendente,
mev06_100.scr:11,mev06_100.scr,11,67,リタ,personagem,14,44,,CRLF x1,わからないならわかるまで、\n調べ尽くすまでよ,,pendente,
mev06_100.scr:12,mev06_100.scr,12,67,リタ,personagem,15,48,,CRLF x1,他に、あの怪現象を解明する手立てが\nないんだもの,,pendente,
mev06_100.scr:13,mev06_100.scr,13,,(opcao do jogador),escolha,7,8,,,うなずく,,pendente,
mev06_100.scr:14,mev06_100.scr,14,,(opcao do jogador),escolha,8,18,,,しいなに協力を請う,,pendente,
mev06_110.scr:0,mev06_110.scr,0,67,リタ,personagem,0,88,,CRLF x2,光気丹術経、ざっと目を通してみたけど。\nやっぱり、これはソウルアルケミーの\n技術の一端よ,,pendente,
mev06_110.scr:1,mev06_110.scr,1,23,メルディ,personagem,1,40,,CRLF x1,こないだが聞いた、\n魔術の曙な技術だな！,,pendente,
mev06_110.scr:2,mev06_110.scr,2,62,アンジュ,personagem,2,34,,,でも、それは一体どういうものなの？,,pendente,
mev06_110.scr:3,mev06_110.scr,3,67,リタ,personagem,3,76,,CRLF x2,根底にある理論として、\nまず全ての物質は「ドクメント」を\n持ってる、って事よ,,pendente,
mev06_110.scr:4,mev06_110.scr,4,62,アンジュ,personagem,4,12,,,ドクメント？,,pendente,
mev06_110.scr:5,mev06_110.scr,5,19,ハロルド,personagem,5,26,,,見せた方が早いんじゃない？,,pendente,
mev06_110.scr:6,mev06_110.scr,6,67,リタ,personagem,6,42,,CRLF x1,そうね、じゃあメルディ。\nちょっと協力して,,pendente,
mev06_110.scr:7,mev06_110.scr,7,23,メルディ,personagem,7,8,,,はいな！,,pendente,
mev06_120.scr:0,mev06_120.scr,0,67,リタ,personagem,1,6,,,見てて,,pendente,
mev06_120.scr:1,mev06_120.scr,1,23,メルディ,personagem,2,44,,CRLF x1,バイバ！\nメルディが周りに輪っかが出来たよぅ,,pendente,
mev06_120.scr:2,mev06_120.scr,2,67,リタ,personagem,3,74,,CRLF x2,これが、ドクメント。\nメルディの情報、あるいは設計書\nみたいなものと思って,,pendente,
mev06_120.scr:3,mev06_120.scr,3,67,リタ,personagem,4,56,,CRLF x1,物質はまず、このドクメントという\nエネルギー体ありきなの,,pendente,
mev06_120.scr:4,mev06_120.scr,4,67,リタ,personagem,5,70,,CRLF x1,自分の設計書を持って、みんな生まれてくる。\nこれは生命の営みでもあるの,,pendente,
mev06_120.scr:5,mev06_120.scr,5,67,リタ,personagem,6,28,,,そして、さらに細かく見ると…,,pendente,
mev06_120.scr:6,mev06_120.scr,6,67,リタ,personagem,7,70,,CRLF x1,これは潜在能力とか、病気になりうる要素とか、\n設計書のさらに細かい所ね,,pendente,
mev06_120.scr:7,mev06_120.scr,7,67,リタ,personagem,8,56,,CRLF x1,ドクメントと物質体は、\n互いにフィードバックしあってるの,,pendente,
mev06_120.scr:8,mev06_120.scr,8,67,リタ,personagem,9,90,,CRLF x2,治癒術ってのは、実はここに干渉して\n傷や疲労を治したりするの。\nみんな知らずに使ってるけど,,pendente,
mev06_120.scr:9,mev06_120.scr,9,19,ハロルド,personagem,10,86,,CRLF x2,いわゆる「呪い」って奴も、\n実はこのドクメントに干渉して\n相手にダメージを刷り込むわけ,,pendente,
mev06_120.scr:10,mev06_120.scr,10,67,リタ,personagem,11,72,,CRLF x2,このソウルアルケミーは、\nドクメントをいじったり、\n作り出したりする技術,,pendente,
mev06_120.scr:11,mev06_120.scr,11,67,リタ,personagem,12,42,,CRLF x1,ミブナの里に伝わる人工精霊も\nこれの応用よ,,pendente,
mev06_120.scr:12,mev06_120.scr,12,19,ハロルド,personagem,13,76,,CRLF x2,ドクメントの中の、\nヒトをヒトたらしめている設計を\nいじる事が出来るんだもの,,pendente,
mev06_120.scr:13,mev06_120.scr,13,19,ハロルド,personagem,14,56,,CRLF x1,ヒトの存在や形を変えてしまう事も\n出来るかもしれないわね,,pendente,
mev06_120.scr:14,mev06_120.scr,14,62,アンジュ,personagem,15,66,,CRLF x2,なるほど。\n生物変化は、この仕組みで\n起こっているかもしれないのね,,pendente,
mev06_120.scr:15,mev06_120.scr,15,67,リタ,personagem,16,30,,,じゃあ、ドクメントを閉じるわね,,pendente,
mev06_130.scr:0,mev06_130.scr,0,23,メルディ,personagem,0,32,,,メルディ、何か、クラクラするよ〜,,pendente,
mev06_130.scr:1,mev06_130.scr,1,67,リタ,personagem,1,34,,CRLF x1,ごめん。\n無理をさせてしまったわね,,pendente,
mev06_130.scr:2,mev06_130.scr,2,67,リタ,personagem,2,94,,CRLF x2,本来、不可視のものを、今は無理矢理\n可視状態にしてるから、被験者には\n負担がかかってしまうのよ,,pendente,
mev06_130.scr:3,mev06_130.scr,3,19,ハロルド,personagem,3,80,,CRLF x2,細かいドクメントの展開も危険ね。\n本当は細かいトコまで解析させて\nもらいたいけど,,pendente,
mev06_130.scr:4,mev06_130.scr,4,62,アンジュ,personagem,4,36,,,人工精霊は、どうやって出来ているの？,,pendente,
mev06_130.scr:5,mev06_130.scr,5,19,ハロルド,personagem,5,60,,CRLF x1,人工精霊は、人工的にドクメントを作り出す\nところから始まるわ,,pendente,
mev06_130.scr:6,mev06_130.scr,6,19,ハロルド,personagem,6,100,,CRLF x2,ドクメントは、精妙な非物質エネルギー。\n術者の念、自然界の気なんかを\n掛け合わせてドクメントを作るの,,pendente,
mev06_130.scr:7,mev06_130.scr,7,19,ハロルド,personagem,7,88,,CRLF x2,んで、その人工ドクメントエネルギーの\n振動数を、濃密な状態へ落とすと\n実体化するってワケ,,pendente,
mev06_130.scr:8,mev06_130.scr,8,19,ハロルド,personagem,8,90,,CRLF x2,あ、ほら。\n聖者が何もない所から、食べ物や衣類を出して\n人々に与えたって話とかあるでしょ？,,pendente,
mev06_130.scr:9,mev06_130.scr,9,19,ハロルド,personagem,9,34,,,あれは、この技術の為と言われてるわ,,pendente,
mev06_130.scr:10,mev06_130.scr,10,19,ハロルド,personagem,10,70,,CRLF x1,マナ、自然界の気、術者の意識をもって\n非物質状態でドクメントを構成して,,pendente,
mev06_130.scr:11,mev06_130.scr,11,19,ハロルド,personagem,11,60,,CRLF x1,そのドクメントの振動数を落としてやると\n物質になっていくのよ,,pendente,
mev06_130.scr:12,mev06_130.scr,12,62,アンジュ,personagem,12,20,,,それは……神の力…？,,pendente,
mev06_130.scr:13,mev06_130.scr,13,67,リタ,personagem,13,44,,CRLF x1,まあ、術者の精神力や技量によって\nまちまちよ,,pendente,
mev06_130.scr:14,mev06_130.scr,14,67,リタ,personagem,14,62,,CRLF x2,そこまでの力を持つ様な\n精神力の持ち主は\n滅多にいないと思うわ,,pendente,
mev06_130.scr:15,mev06_130.scr,15,67,リタ,personagem,15,50,,CRLF x1,この技術は、そうそう簡単に\n使えるもんじゃないわね,,pendente,
mev06_140.scr:0,mev06_140.scr,0,62,アンジュ,personagem,0,46,,CRLF x2,キール君、\n精霊の居場所の特定は\nまだかなあ？,,pendente,
mev06_140.scr:1,mev06_140.scr,1,22,キール,personagem,1,84,,CRLF x2,まだかかりそうだ。\nミブナの里の文献は、この上なく\nひねくれた暗号で書かれてるからな,,pendente,
mev06_140.scr:2,mev06_140.scr,2,5,すず,personagem,2,80,,CRLF x2,容易に秘密を知られては困りますので、\n身内にもわからない様に\n記してあるはずです,,pendente,
mev06_140.scr:3,mev06_140.scr,3,22,キール,personagem,3,66,,CRLF x1,しかし、これじゃあ書いた本人も、\n解読法を忘れるんじゃないのか…？,,pendente,
mev06_140.scr:4,mev06_140.scr,4,5,すず,personagem,4,64,,CRLF x2,アンジュさん。\n「例の存在に会いたい」と護衛の依頼が\n届きました,,pendente,
mev06_140.scr:5,mev06_140.scr,5,62,アンジュ,personagem,5,38,,CRLF x1,赤い煙…。\n願いを叶えるという存在ね…,,pendente,
mev06_140.scr:6,mev06_140.scr,6,62,アンジュ,personagem,6,102,,CRLF x2,…依頼内容によれば、場所はルバーブ連山ね。\n依頼者には悪いけど、わたし達は、\nその存在を追いましょう！,,pendente,
mev06_140.scr:7,mev06_140.scr,7,5,すず,personagem,7,12,,,了解しました,,pendente,
mev06_140.scr:8,mev06_140.scr,8,62,アンジュ,personagem,8,44,,CRLF x1,ルバーブ連山。\nあそこに、いるというわけね…,,pendente,
mev06_140.scr:9,mev06_140.scr,9,62,アンジュ,personagem,9,52,,CRLF x1,これでまた噂が広まれば、\n向かう人々が増えてしまう…,,pendente,
mev06_140.scr:10,mev06_140.scr,10,62,アンジュ,personagem,10,38,,,これ以上、接触はさせない様にしないと…,,pendente,
mev07_010.scr:0,mev07_010.scr,0,62,アンジュ,personagem,0,66,,CRLF x1,あの「願いを叶える」と噂される存在が、\nルバーブ連山にいるらしいの,,pendente,
mev07_010.scr:1,mev07_010.scr,1,62,アンジュ,personagem,1,104,,CRLF x2,以前見た時は「赤い煙」だったけれど、\nスパーダ君から聞いた通り、\n今は他の姿をしている可能性があるかもね,,pendente,
mev07_010.scr:2,mev07_010.scr,2,62,アンジュ,personagem,2,82,,CRLF x2,出来うる限りその存在に接触して、\n調査をしてちょうだい。\n方法、手段は問わないから,,pendente,
mev07_010.scr:3,mev07_010.scr,3,62,アンジュ,personagem,3,74,,CRLF x1,もし道中、その存在を求める民間人に会ったら、\n接触させない様に追い返すのよ,,pendente,
mev07_010.scr:4,mev07_010.scr,4,62,アンジュ,personagem,4,56,,CRLF x1,今回は、ティトレイ君とメルディが\n一緒に行ってくれるから,,pendente,
mev07_010.scr:5,mev07_010.scr,5,62,アンジュ,personagem,5,22,,,それじゃあ、お願いね！,,pendente,
mev07_020.scr:0,mev07_020.scr,0,23,メルディ,personagem,2,50,,CRLF x1,あそこが人、山登るか？\nやめる言わないとダメだな！,,pendente,
mev07_020.scr:1,mev07_020.scr,1,41,ティトレイ,personagem,3,54,,CRLF x1,おーい、そこの二人。\nそんな軽装じゃ、この山登れないぜ,,pendente,
mev07_020.scr:2,mev07_020.scr,2,104,青年,personagem,4,54,,CRLF x1,登れないつったって、\nこっちゃ登らなきゃならないんだよ,,pendente,
mev07_020.scr:3,mev07_020.scr,3,104,青年,personagem,5,52,,CRLF x1,願いを叶えてくれるってのが\n山の上にいるんだろーよ？,,pendente,
mev07_020.scr:4,mev07_020.scr,4,105,女性,personagem,6,64,,CRLF x1,アタシら、そいつに会いに行くんだよね。\nで、この山って危ないの？,,pendente,
mev07_020.scr:5,mev07_020.scr,5,104,青年,personagem,7,48,,CRLF x1,っていうかさ、\nおたくら武器とか持って、何なの？,,pendente,
mev07_020.scr:6,mev07_020.scr,6,41,ティトレイ,personagem,8,42,,CRLF x1,おれ達は、\nアドリビトムってギルドのモンだ,,pendente,
mev07_020.scr:7,mev07_020.scr,7,105,女性,personagem,9,26,,,ギルドって何でも屋でしょ？,,pendente,
mev07_020.scr:8,mev07_020.scr,8,105,女性,personagem,10,48,,CRLF x1,ちょっとウチらの護衛頼まれても\nいいんじゃない？,,pendente,
mev07_020.scr:9,mev07_020.scr,9,104,青年,personagem,11,66,,CRLF x2,オレら、この山にいる\n願いを叶える奴に\n大金持ちにしてもらうんだよ,,pendente,
mev07_020.scr:10,mev07_020.scr,10,104,青年,personagem,12,32,,,だから、報酬はその後払うからさー,,pendente,
mev07_020.scr:11,mev07_020.scr,11,105,女性,personagem,15,48,,CRLF x1,ええ？　それホント？\n街で聞いた話と違うじゃない,,pendente,
mev07_020.scr:12,mev07_020.scr,12,104,青年,personagem,16,60,,CRLF x1,チェッ！　じゃあ、いいや。\n元々二人だけで行くつもりだったし,,pendente,
mev07_020.scr:13,mev07_020.scr,13,23,メルディ,personagem,17,32,,CRLF x1,んとな、それはな…。\nんと……な,,pendente,
mev07_020.scr:14,mev07_020.scr,14,41,ティトレイ,personagem,18,38,,CRLF x1,…あー。\n…ああー！　残念だったなっ！,,pendente,
mev07_020.scr:15,mev07_020.scr,15,41,ティトレイ,personagem,19,82,,CRLF x2,今あの、街…街にいるらしいぜっ！！\nほら、早く行かねえと\nまたどっか行っちまうぜ！,,pendente,
mev07_020.scr:16,mev07_020.scr,16,105,女性,personagem,20,54,,CRLF x2,なあんだ。\nだったら、こんなトコいないで\n帰ろ帰ろっ！,,pendente,
mev07_020.scr:17,mev07_020.scr,17,104,青年,personagem,21,16,,,つまんねえのっ！,,pendente,
mev07_020.scr:18,mev07_020.scr,18,41,ティトレイ,personagem,22,62,,CRLF x1,命知らずな上に、俗っぽい奴らだぜ。\n人の欲って、際限ねえからな,,pendente,
mev07_020.scr:19,mev07_020.scr,19,41,ティトレイ,personagem,23,84,,CRLF x2,あんな連中が私利私欲の為に\n一斉に願いを叶えまくったら、\n世の中滅茶苦茶になっちまう,,pendente,
mev07_020.scr:20,mev07_020.scr,20,23,メルディ,personagem,24,32,,,さ、メルディ達も行こー、行こー！,,pendente,
mev07_020.scr:21,mev07_020.scr,21,,(opcao do jogador),escolha,13,30,,,願いを叶える存在はいないと諭す,,pendente,
mev07_020.scr:22,mev07_020.scr,22,,(opcao do jogador),escolha,14,4,,,断る,,pendente,
mev07_025.scr:0,mev07_025.scr,0,41,ティトレイ,personagem,1,32,,,こっちは通れなかったはずなのに…,,pendente,
mev07_025.scr:1,mev07_025.scr,1,23,メルディ,personagem,2,20,,,きっと誰かが通ったよ,,pendente,
mev07_025.scr:2,mev07_025.scr,2,41,ティトレイ,personagem,3,62,,CRLF x2,そうだな…。\n「願いを叶える存在」を\n探しに来た奴かもしれねえ,,pendente,
mev07_025.scr:3,mev07_025.scr,3,41,ティトレイ,personagem,4,26,,,こっから、ちいっと急ぐか！,,pendente,
mev07_030.scr:0,mev07_030.scr,0,41,ティトレイ,personagem,0,54,,CRLF x1,他に、民間人の姿は見えねえな。\nけど、時間の問題かもな,,pendente,
mev07_030.scr:1,mev07_030.scr,1,41,ティトレイ,personagem,1,58,,CRLF x1,登山口にいた様な奴が、\n今からわんさか訪れるかもしんねえし,,pendente,
mev07_030.scr:2,mev07_030.scr,2,23,メルディ,personagem,2,56,,CRLF x1,最初がビョウキ、治すだけだったよ。\nどして願いが叶うか？,,pendente,
mev07_030.scr:3,mev07_030.scr,3,41,ティトレイ,personagem,3,38,,CRLF x1,さあな。\nそれを今から調べに行くんだろ,,pendente,
mev07_030.scr:4,mev07_030.scr,4,23,メルディ,personagem,4,28,,,ティトレイ、何か怒ってるか？,,pendente,
mev07_030.scr:5,mev07_030.scr,5,41,ティトレイ,personagem,5,72,,CRLF x2,大して努力もせずに、\n夢を叶えようってヤロウを見ると\nムカムカするんだよ,,pendente,
mev07_030.scr:6,mev07_030.scr,6,41,ティトレイ,personagem,6,54,,CRLF x1,正直、登山口にいた奴も\n一発殴らせろって思ったくらいだ,,pendente,
mev07_030.scr:7,mev07_030.scr,7,41,ティトレイ,personagem,7,58,,CRLF x1,ああいうヤロウは、何でもしてもらって\n当然って思ってやがる,,pendente,
mev07_030.scr:8,mev07_030.scr,8,41,ティトレイ,personagem,8,66,,CRLF x2,だから、他人の大事なものを\n平気で踏みにじって、\n奪い取れるんだよ,,pendente,
mev07_030.scr:9,mev07_030.scr,9,41,ティトレイ,personagem,9,66,,CRLF x1,大国の偉い奴らなんか、そうだろ。\n小さい国を食いつぶしていくだけだ,,pendente,
mev07_030.scr:10,mev07_030.scr,10,23,メルディ,personagem,10,68,,CRLF x2,でもな、ティトレイ。\nエステルが、違うよ。\nみんな全部、そうじゃない,,pendente,
mev07_030.scr:11,mev07_030.scr,11,41,ティトレイ,personagem,11,20,,,…ああ、わかってるさ,,pendente,
mev07_040.scr:0,mev07_040.scr,0,41,ティトレイ,personagem,3,18,,,おい、ありゃ何だ？,,pendente,
mev07_040.scr:1,mev07_040.scr,1,23,メルディ,personagem,4,12,,,光ってるよ！,,pendente,
mev07_040.scr:2,mev07_040.scr,2,41,ティトレイ,personagem,5,54,,CRLF x1,こいつが、赤い煙だった奴か？\n願いを叶える存在なのか？,,pendente,
mev07_040.scr:3,mev07_040.scr,3,41,ティトレイ,personagem,6,46,,CRLF x1,人間…じゃねえな。\nお前は何だ、何者なんだよ！,,pendente,
mev07_040.scr:4,mev07_040.scr,4,41,ティトレイ,personagem,7,16,,,お、おい…、○○,,pendente,
mev07_040.scr:5,mev07_040.scr,5,41,ティトレイ,personagem,8,30,,CRLF x1,大丈夫なのか？\n気を付けろよ…,,pendente,
mev07_040.scr:6,mev07_040.scr,6,106,暁の従者・信者１,personagem,9,32,,CRLF x1,いたぞ！！\nディセンダー様だ！！,,pendente,
mev07_040.scr:7,mev07_040.scr,7,106,暁の従者・信者１,personagem,10,82,,CRLF x2,願いを叶え、全ての者を導き給うお方。\nディセンダー様！\nやはり、降臨されていたか！,,pendente,
mev07_040.scr:8,mev07_040.scr,8,41,ティトレイ,personagem,11,52,,CRLF x1,ディセンダー？\n何言ってやがる、そんなワケあるか！！,,pendente,
mev07_040.scr:9,mev07_040.scr,9,23,メルディ,personagem,12,46,,CRLF x1,あの人、街でチラシ配ってた。\n「暁の従者」だな,,pendente,
mev07_040.scr:10,mev07_040.scr,10,41,ティトレイ,personagem,13,50,,CRLF x1,あのディセンダーの出現を\n待ち望んでるってアレか？,,pendente,
mev07_040.scr:11,mev07_040.scr,11,41,ティトレイ,personagem,14,44,,CRLF x1,こりゃ、ややこしい連中に\n出くわしたもんだな,,pendente,
mev07_040.scr:12,mev07_040.scr,12,107,暁の従者・信者２,personagem,15,28,,,我々の救世主をお運びするぞ！,,pendente,
mev07_040.scr:13,mev07_040.scr,13,41,ティトレイ,personagem,16,90,,CRLF x2,おっと、待てよ！\nコイツがディセンダーだって確証はあるのか？\nうかつに接触しない方がいいぜ,,pendente,
mev07_040.scr:14,mev07_040.scr,14,107,暁の従者・信者２,personagem,17,34,,CRLF x1,何だ、お前達は。\n邪魔をするな！！,,pendente,
mev07_040.scr:15,mev07_040.scr,15,106,暁の従者・信者１,personagem,18,112,,CRLF x2,その方こそが、貧しき者を救いに導き、\n私欲に肥え膨れ、堕落した大国の者共を\n成敗する為に降臨したディセンダー様だ,,pendente,
mev07_040.scr:16,mev07_040.scr,16,41,ティトレイ,personagem,19,76,,CRLF x2,コイツはヒトだけじゃなく、\n生物全てに害を成す\n危険な存在かもしれねえんだぞ,,pendente,
mev07_040.scr:17,mev07_040.scr,17,41,ティトレイ,personagem,20,44,,CRLF x1,小難しい説法してねえで、\nとっとと帰りやがれ,,pendente,
mev07_040.scr:18,mev07_040.scr,18,107,暁の従者・信者２,personagem,21,30,,,ディセンダー様を侮辱するか！！,,pendente,
mev07_040.scr:19,mev07_040.scr,19,106,暁の従者・信者１,personagem,22,80,,CRLF x2,お前達、ディセンダー様を\n私欲の為に独占する気だな。\nならば、これでも食らえ！！,,pendente,
mev07_040.scr:20,mev07_040.scr,20,23,メルディ,personagem,23,26,,CRLF x1,バイバ！！\n見えないよぅ！,,pendente,
mev07_040.scr:21,mev07_040.scr,21,41,ティトレイ,personagem,24,40,,CRLF x1,ああああああっ！！\n光ってる奴がいねえ！,,pendente,
mev07_040.scr:22,mev07_040.scr,22,41,ティトレイ,personagem,25,36,,,おい！　あいつらどこへ行きやがった！,,pendente,
mev07_040.scr:23,mev07_040.scr,23,23,メルディ,personagem,26,30,,CRLF x1,イナイよー。\n連れてかれたな！,,pendente,
mev07_040.scr:24,mev07_040.scr,24,41,ティトレイ,personagem,27,20,,,急いで戻って報告だ！,,pendente,
mev07_040.scr:25,mev07_040.scr,25,41,ティトレイ,personagem,28,46,,CRLF x1,アレが人の手に渡ったんだ。\nえらい事になるぜ…,,pendente,
mev07_050.scr:0,mev07_050.scr,0,62,アンジュ,personagem,1,70,,CRLF x2,まさか、あの存在が人の手に\n渡ってしまうなんて。\nしかも、暁の従者に…,,pendente,
mev07_050.scr:1,mev07_050.scr,1,23,メルディ,personagem,2,34,,CRLF x1,赤い煙が違った。\nヒトが姿してたな,,pendente,
mev07_050.scr:2,mev07_050.scr,2,23,メルディ,personagem,3,46,,CRLF x1,けれど、なぜ姿が持ってたか\nわかんなかったよー,,pendente,
mev07_050.scr:3,mev07_050.scr,3,41,ティトレイ,personagem,4,64,,CRLF x1,うす気味悪い奴だったぜ。\n何を考えてるか、まるで読めねえ感じだな,,pendente,
mev07_050.scr:4,mev07_050.scr,4,41,ティトレイ,personagem,5,88,,CRLF x2,そうだな、何となくなんだけどよ、\nあの存在、どうも自分が何者か\nわかっていない様だったぜ,,pendente,
mev07_050.scr:5,mev07_050.scr,5,62,アンジュ,personagem,6,44,,CRLF x1,ディセンダー？\nいいえ、まさかそんなはずは…,,pendente,
mev07_050.scr:6,mev07_050.scr,6,62,アンジュ,personagem,7,92,,CRLF x2,もし、あのまま信仰の対象にされて、\n多くの人々に接触してしまったら\n大変な事になってしまう…,,pendente,
mev07_050.scr:7,mev07_050.scr,7,23,メルディ,personagem,8,56,,CRLF x1,ジョアンさん達がみたいに\nたくさんのヒトが魔物になるか？,,pendente,
mev07_050.scr:8,mev07_050.scr,8,62,アンジュ,personagem,9,20,,,大いに考えられる事ね,,pendente,
mev07_050.scr:9,mev07_050.scr,9,41,ティトレイ,personagem,10,16,,,「暁の従者」か…,,pendente,
mev07_050.scr:10,mev07_050.scr,10,41,ティトレイ,personagem,11,58,,CRLF x2,これから、その団体は\n変な真似しねえ様に\n見張ってねえとな,,pendente,
mev07_050.scr:11,mev07_050.scr,11,62,アンジュ,personagem,12,44,,CRLF x1,あ、そうだ。\nリタの研究に進展があったみたい,,pendente,
mev07_050.scr:12,mev07_050.scr,12,62,アンジュ,personagem,13,42,,CRLF x1,今から話を聞く為に、\n研究室へ行きましょう,,pendente,
mev07_060.scr:0,mev07_060.scr,0,67,リタ,personagem,0,48,,CRLF x1,待ってたわよ。\nそれじゃあ、早速説明を始めるわね,,pendente,
mev07_060.scr:1,mev07_060.scr,1,67,リタ,personagem,1,100,,CRLF x2,コクヨウ玉虫のドクメントを調べたんだけど、\nやっぱりこの虫本来のドクメントが\n侵食されてるみたいなの,,pendente,
mev07_060.scr:2,mev07_060.scr,2,67,リタ,personagem,2,84,,CRLF x1,全く違う生物にドクメントが書き換えられてる。\nううん…、生物という仕組みじゃないわね,,pendente,
mev07_060.scr:3,mev07_060.scr,3,67,リタ,personagem,3,50,,CRLF x1,あたし達の世界には、\n存在し得ないドクメントなのよ,,pendente,
mev07_060.scr:4,mev07_060.scr,4,19,ハロルド,personagem,4,102,,CRLF x2,そういえば、前に助けた二人のドクメントも\n確かめてきたんだけど、\nちゃんとヒトのドクメントに戻ってたわ,,pendente,
mev07_060.scr:5,mev07_060.scr,5,67,リタ,personagem,5,92,,CRLF x2,あの、赤い煙…だった存在は、\n…あたし達の世界にはない「異質なドクメント」\nなのかもしれない,,pendente,
mev07_060.scr:6,mev07_060.scr,6,67,リタ,personagem,6,76,,CRLF x2,でも、どこからどうやって現れたかは\nわからないし、\n目的が何かもわからないわ,,pendente,
mev07_060.scr:7,mev07_060.scr,7,41,ティトレイ,personagem,7,40,,,目的がねえのが、いちばんタチ悪いんだよ…,,pendente,
mev07_060.scr:8,mev07_060.scr,8,31,しいな,personagem,8,100,,CRLF x2,「赤い煙」が他の生物に接触する事で、\nその生物のドクメントが変化…。\nそして、「赤い煙」自身の変容…,,pendente,
mev07_060.scr:9,mev07_060.scr,9,31,しいな,personagem,9,16,,,例えば、だけどさ,,pendente,
mev07_060.scr:10,mev07_060.scr,10,31,しいな,personagem,10,100,,CRLF x2,今までの出来事から「願いを叶えて欲しい」\nという強い想いに「赤い煙」は反応している\nらしいじゃないか,,pendente,
mev07_060.scr:11,mev07_060.scr,11,31,しいな,personagem,11,40,,,その「赤い煙」って奴は意志を持ってて…、,,pendente,
mev07_060.scr:12,mev07_060.scr,12,31,しいな,personagem,12,104,,CRLF x2,相手の「想い」に接触する時に、\n相手の「ドクメント」を覗き込む事で学習、\n進化してる…としたらどうだい？,,pendente,
mev07_060.scr:13,mev07_060.scr,13,41,ティトレイ,personagem,13,66,,CRLF x2,人はそうかもしれねえ。\nでも、虫や植物の変化も\n起きてるじゃねえか,,pendente,
mev07_060.scr:14,mev07_060.scr,14,41,ティトレイ,personagem,14,40,,,そいつらにも意志や、願いがあるってのか？,,pendente,
mev07_060.scr:15,mev07_060.scr,15,31,しいな,personagem,15,28,,CRLF x1,ああ、あるよ。\n「生存欲」さ,,pendente,
mev07_060.scr:16,mev07_060.scr,16,31,しいな,personagem,16,76,,CRLF x1,生物が瀕死に陥った時、もしくは絶体絶命の\n危機が迫った時の意識は絶大だからね,,pendente,
mev07_060.scr:17,mev07_060.scr,17,41,ティトレイ,personagem,17,36,,CRLF x1,うーん。\nわかる様な、わかんねえ様な,,pendente,
mev07_060.scr:18,mev07_060.scr,18,31,しいな,personagem,18,48,,CRLF x1,そうだねえ。\nじゃ、もっと具体的な例を見せようか,,pendente,
mev07_070.scr:0,mev07_070.scr,0,31,しいな,personagem,1,18,,,さて、見ててごらん,,pendente,
mev07_070.scr:1,mev07_070.scr,1,31,しいな,personagem,2,62,,CRLF x1,さーて、このサボテンはもう要らないし、\n燃やしちまおうかねぇ？,,pendente,
mev07_070.scr:2,mev07_070.scr,2,31,しいな,personagem,3,26,,,ごめん、試させてもらったよ,,pendente,
mev07_070.scr:3,mev07_070.scr,3,31,しいな,personagem,4,32,,,さ、みんな、これでわかったかい？,,pendente,
mev07_070.scr:4,mev07_070.scr,4,31,しいな,personagem,5,114,,CRLF x2,「光気丹術」、つまりソウルアルケミーで\n言えば、生物の生存欲ってものは、\nドクメントにそれだけ影響を及ぼすって事さ,,pendente,
mev07_070.scr:5,mev07_070.scr,5,31,しいな,personagem,6,54,,CRLF x1,今まで赤い煙が現れた場所には、\n星晶がなかったんだろ？,,pendente,
mev07_070.scr:6,mev07_070.scr,6,31,しいな,personagem,7,84,,CRLF x1,星晶が無くなり、土地からマナが枯渇した為に、\n植物や虫達にとって危機的な状況となった,,pendente,
mev07_070.scr:7,mev07_070.scr,7,31,しいな,personagem,8,68,,CRLF x2,赤い煙は植物や虫、\n動物の生存欲を察知して接触、\nドクメントに干渉…,,pendente,
mev07_070.scr:8,mev07_070.scr,8,31,しいな,personagem,9,78,,CRLF x1,やがて、その対象はヒトとなり学習、\nそして「赤い煙」自体が進化…ってとこかねえ,,pendente,
mev07_070.scr:9,mev07_070.scr,9,19,ハロルド,personagem,10,78,,CRLF x2,なるほどね〜。\n「赤い煙」が意識体、と仮定するならば、\n意識もドクメントの一つ,,pendente,
mev07_070.scr:10,mev07_070.scr,10,19,ハロルド,personagem,11,32,,,進化ってのも考えられなくないわね,,pendente,
mev07_070.scr:11,mev07_070.scr,11,31,しいな,personagem,12,70,,CRLF x2,でも、仮定だからねぇ。\nそもそも、そいつが現れた理由が\nわかんないね…,,pendente,
mev07_070.scr:12,mev07_070.scr,12,41,ティトレイ,personagem,13,88,,CRLF x2,「赤い煙」…いや、\n「願いを叶える存在」がいて、\n生物に影響を及ぼしているのはわかったよ,,pendente,
mev07_070.scr:13,mev07_070.scr,13,41,ティトレイ,personagem,14,74,,CRLF x1,でもよ、何でそいつは相手の願いを叶える？\n何で相手の姿形を変えちまうんだ？,,pendente,
mev07_070.scr:14,mev07_070.scr,14,41,ティトレイ,personagem,15,18,,,目的がわかんねえよ,,pendente,
mev07_080.scr:0,mev07_080.scr,0,73,アスベル,personagem,1,34,,,アドリビトムというギルドはここか？,,pendente,
mev07_080.scr:1,mev07_080.scr,1,73,アスベル,personagem,4,28,,CRLF x1,ふう…。\nようやく着いたか…,,pendente,
mev07_080.scr:2,mev07_080.scr,2,73,アスベル,personagem,5,48,,CRLF x1,すみません、ここに探している人が\nいるのですが…,,pendente,
mev07_080.scr:3,mev07_080.scr,3,73,アスベル,personagem,6,54,,CRLF x1,あれ、違ったのか…？\nここで間違いないと思ったんだが…,,pendente,
mev07_080.scr:4,mev07_080.scr,4,73,アスベル,personagem,7,46,,CRLF x1,あの、すみません。\n実は、人を探しているんです,,pendente,
mev07_080.scr:5,mev07_080.scr,5,62,アンジュ,personagem,8,36,,CRLF x1,あら、○○。\nそちらはお客様かしら？,,pendente,
mev07_080.scr:6,mev07_080.scr,6,73,アスベル,personagem,9,42,,CRLF x1,あなたがこのギルドの\nリーダーでしょうか？,,pendente,
mev07_080.scr:7,mev07_080.scr,7,62,アンジュ,personagem,10,34,,CRLF x1,ええ。\nわたしはアンジュといいます,,pendente,
mev07_080.scr:8,mev07_080.scr,8,62,アンジュ,personagem,11,10,,,あなたは？,,pendente,
mev07_080.scr:9,mev07_080.scr,9,73,アスベル,personagem,12,88,,CRLF x2,私は、ガルバンゾ国騎士団に所属する、\nアスベル・ラントです。\n横に居るのが…さあ、ソフィ,,pendente,
mev07_080.scr:10,mev07_080.scr,10,74,ソフィ,personagem,13,48,,CRLF x1,わたしの名前…ソフィ。\nアスベルが…そう呼ぶから,,pendente,
mev07_080.scr:11,mev07_080.scr,11,73,アスベル,personagem,14,50,,CRLF x1,…すみません。\nソフィにはその、事情がありまして…,,pendente,
mev07_080.scr:12,mev07_080.scr,12,62,アンジュ,personagem,15,56,,CRLF x1,いいえ、お気になさらず。\nそれで、御用件は何でしょうか？,,pendente,
mev07_080.scr:13,mev07_080.scr,13,73,アスベル,personagem,16,70,,CRLF x2,はい。\nここにガルバンゾ国王女、エステリーゼ様が\n滞在されているはず…,,pendente,
mev07_080.scr:14,mev07_080.scr,14,73,アスベル,personagem,17,24,,,すぐにお会いしたいのです,,pendente,
mev07_080.scr:15,mev07_080.scr,15,62,アンジュ,personagem,18,26,,,…なぜ、そう思うのかしら？,,pendente,
mev07_080.scr:16,mev07_080.scr,16,73,アスベル,personagem,19,74,,CRLF x1,…王女誘拐の罪で指名手配になっている、\nユーリ・ローウェルはご存知ですね？,,pendente,
mev07_080.scr:17,mev07_080.scr,17,73,アスベル,personagem,20,78,,CRLF x1,彼と同じギルドだったという仲間が二人、\nこのアドリビトムに逃亡してきたはずです,,pendente,
mev07_080.scr:18,mev07_080.scr,18,73,アスベル,personagem,21,66,,CRLF x1,私達は彼らを追って来ました。\n…エステリーゼ様はここにいるはずです,,pendente,
mev07_080.scr:19,mev07_080.scr,19,62,アンジュ,personagem,22,34,,,（エステルを連れ戻しに来たのね…）,,pendente,
mev07_080.scr:20,mev07_080.scr,20,62,アンジュ,personagem,23,58,,CRLF x1,…騎士団の権力があれば、\n武力行使だって出来たでしょうに…,,pendente,
mev07_080.scr:21,mev07_080.scr,21,62,アンジュ,personagem,24,48,,CRLF x1,紳士的な対応、感謝いたします。\nさあ、中へどうぞ,,pendente,
mev07_080.scr:22,mev07_080.scr,22,62,アンジュ,personagem,27,46,,CRLF x1,断ったところで、\n止められるものじゃないでしょ,,pendente,
mev07_080.scr:23,mev07_080.scr,23,62,アンジュ,personagem,28,28,,,それは、エステルが決める事よ,,pendente,
mev07_080.scr:24,mev07_080.scr,24,62,アンジュ,personagem,29,28,,CRLF x1,そうね。\n様子が気になるよね,,pendente,
mev07_080.scr:25,mev07_080.scr,25,62,アンジュ,personagem,30,84,,CRLF x2,それじゃあ、あなたにお願い。\nエステルの部屋へ行って\n様子を見てきてくれないかしら？,,pendente,
mev07_080.scr:26,mev07_080.scr,26,,(opcao do jogador),escolha,2,12,,,はい、と言う,,pendente,
mev07_080.scr:27,mev07_080.scr,27,,(opcao do jogador),escolha,3,10,,,黙っている,,pendente,
mev07_080.scr:28,mev07_080.scr,28,,(opcao do jogador),escolha,25,22,,,会わせていいのかと聞く,,pendente,
mev07_080.scr:29,mev07_080.scr,29,,(opcao do jogador),escolha,26,24,,,エステルは帰るのかと聞く,,pendente,
mev07_090.scr:0,mev07_090.scr,0,65,エステル,personagem,0,52,,CRLF x1,わたしは…、戻りません。\nそう、フレンに伝えて下さい,,pendente,
mev07_090.scr:1,mev07_090.scr,1,65,エステル,personagem,1,96,,CRLF x2,わたしは、自分の国が起こした事による異変を\n解決するまで、ガルバンゾへは戻らないと\n決めたんです,,pendente,
mev07_090.scr:2,mev07_090.scr,2,73,アスベル,personagem,2,90,,CRLF x2,ですが、エステリーゼ様が仰った\n生物が変化する現象の調査は、\nこれから評議会に提起すれば…,,pendente,
mev07_090.scr:3,mev07_090.scr,3,65,エステル,personagem,3,32,,,それでは、いつまでも変わりません,,pendente,
mev07_090.scr:4,mev07_090.scr,4,65,エステル,personagem,4,68,,CRLF x2,アスベル。\nわたしは国を守る為にも、\nここにいなければと思っています,,pendente,
mev07_090.scr:5,mev07_090.scr,5,73,アスベル,personagem,5,88,,CRLF x2,…異変についてはわかりました。\n私も国、そして守るべき民の為に\n尽くしたい思いは同じです,,pendente,
mev07_090.scr:6,mev07_090.scr,6,73,アスベル,personagem,6,68,,CRLF x2,ですが、フレン様は\nあなたを連れてくるまで\nガルバンゾへは戻るなと…,,pendente,
mev07_090.scr:7,mev07_090.scr,7,65,エステル,personagem,7,44,,CRLF x1,だったら、\nここにいていいんじゃありません？,,pendente,
mev07_090.scr:8,mev07_090.scr,8,73,アスベル,personagem,8,30,,CRLF x1,ここに？\nこのギルドにですか？,,pendente,
mev07_090.scr:9,mev07_090.scr,9,65,エステル,personagem,9,44,,CRLF x1,はい。\nここなら、色んな人を守る事が出来ます,,pendente,
mev07_090.scr:10,mev07_090.scr,10,64,ユーリ,personagem,10,50,,CRLF x1,おいおい、いいのかよ。\nこっちゃ誘拐犯になってんだ,,pendente,
mev07_090.scr:11,mev07_090.scr,11,64,ユーリ,personagem,11,58,,CRLF x2,お前がここに残れば、\nこのアスベルって奴にまで\n罪が及ぶぞ,,pendente,
mev07_090.scr:12,mev07_090.scr,12,65,エステル,personagem,12,60,,CRLF x1,フレンならわかってくれます。\nいえ、わかってくれてるはずです,,pendente,
mev07_090.scr:13,mev07_090.scr,13,73,アスベル,personagem,13,14,,,…わかりました,,pendente,
mev07_090.scr:14,mev07_090.scr,14,73,アスベル,personagem,14,40,,CRLF x1,ここに残って、\n王女の為に尽力いたします,,pendente,
mev07_090.scr:15,mev07_090.scr,15,65,エステル,personagem,15,56,,CRLF x1,ありがとうございます。\n早速アンジュに伝えないと、ですね,,pendente,
mev07_090.scr:16,mev07_090.scr,16,65,エステル,personagem,16,68,,CRLF x1,そして、同じギルドのメンバーとして\nこれからもよろしくお願いしますね,,pendente,
mev07_090.scr:17,mev07_090.scr,17,73,アスベル,personagem,17,24,,,同じ、メンバー…ですか？,,pendente,
mev07_090.scr:18,mev07_090.scr,18,65,エステル,personagem,18,60,,CRLF x2,はい、だからここでは\nかた苦しい言葉はなしです。\nいいです？,,pendente,
mev07_090.scr:19,mev07_090.scr,19,65,エステル,personagem,19,30,,,これは、わたしからのお願いです,,pendente,
mev07_090.scr:20,mev07_090.scr,20,73,アスベル,personagem,20,14,,,えっと、その…,,pendente,
mev07_090.scr:21,mev07_090.scr,21,73,アスベル,personagem,21,12,,,努力します…,,pendente,
mev07_090.scr:22,mev07_090.scr,22,,(mensagem de sistema),sistema,22,36,,,アスベルがアドリビトムに加入しました,,pendente,
mev07_090.scr:23,mev07_090.scr,23,,(mensagem de sistema),sistema,23,34,,,ソフィがアドリビトムに加入しました,,pendente,
mev07_100.scr:0,mev07_100.scr,0,52,ジェイド,personagem,0,60,,CRLF x1,国に属さない中立のギルド、\nアドリビトムはこちらでしょうか？,,pendente,
mev07_100.scr:1,mev07_100.scr,1,62,アンジュ,personagem,1,62,,CRLF x2,はい。\nわたしがリーダーのアンジュです。\n何か依頼でしょうか？,,pendente,
mev07_100.scr:2,mev07_100.scr,2,52,ジェイド,personagem,2,66,,CRLF x1,依頼というか、そうですねぇ…。\nしばらく、かくまって欲しいのですが,,pendente,
mev07_100.scr:3,mev07_100.scr,3,62,アンジュ,personagem,3,18,,,かくまう、ですか？,,pendente,
mev07_100.scr:4,mev07_100.scr,4,52,ジェイド,personagem,4,64,,CRLF x2,ええ。\nここはどの国にも属さない\n自由のギルドと聞いているのでね,,pendente,
mev07_100.scr:5,mev07_100.scr,5,52,ジェイド,personagem,5,52,,CRLF x1,高貴な身分の方を隠すには、\nちょうどいいと思いまして,,pendente,
mev07_100.scr:6,mev07_100.scr,6,52,ジェイド,personagem,6,62,,CRLF x1,申し遅れました、私はライマ国国軍大佐\nジェイド・カーティスです,,pendente,
mev07_100.scr:7,mev07_100.scr,7,52,ジェイド,personagem,7,46,,CRLF x1,そして、こちらがライマ国王女の\nナタリア姫です,,pendente,
mev07_100.scr:8,mev07_100.scr,8,54,ナタリア,personagem,8,80,,CRLF x2,ジェイド。\nあなたは私の家庭教師でしょう？\nいつもの通り、ナタリアで構いませんわ,,pendente,
mev07_100.scr:9,mev07_100.scr,9,52,ジェイド,personagem,9,34,,CRLF x1,おや、そうですか。\nでは、遠慮なく,,pendente,
mev07_100.scr:10,mev07_100.scr,10,54,ナタリア,personagem,10,74,,CRLF x2,ナタリア・ルツ・キムラスカ・ランバルディア\nです。\nよろしくお願いしますわ,,pendente,
mev07_100.scr:11,mev07_100.scr,11,52,ジェイド,personagem,11,52,,CRLF x1,そして彼女は、私の部下のティア。\nナタリアの護衛です,,pendente,
mev07_100.scr:12,mev07_100.scr,12,50,ティア,personagem,12,30,,CRLF x1,私はティア。\nティア・グランツ,,pendente,
mev07_100.scr:13,mev07_100.scr,13,62,アンジュ,personagem,13,54,,CRLF x1,はい、よろしく。\nともかく、込み入った事情がありそうね,,pendente,
mev07_100.scr:14,mev07_100.scr,14,62,アンジュ,personagem,14,74,,CRLF x2,それじゃ、ジェイドさん。\n部屋へお通ししますね。\nお話はそこでお伺いします,,pendente,
mev07_100.scr:15,mev07_100.scr,15,62,アンジュ,personagem,15,62,,CRLF x2,○○。\nあなたも部屋の用意を手伝いに来てちょうだい。\nお願いね,,pendente,
mev07_110.scr:0,mev07_110.scr,0,62,アンジュ,personagem,0,30,,,部屋は気に入ってくれたかしら？,,pendente,
mev07_110.scr:1,mev07_110.scr,1,54,ナタリア,personagem,1,16,,,ええ、素敵ですわ,,pendente,
mev07_110.scr:2,mev07_110.scr,2,62,アンジュ,personagem,2,60,,CRLF x1,ふふ、良かった。\nもちろん、お部屋代もしっかり頂きますけど♪,,pendente,
mev07_110.scr:3,mev07_110.scr,3,54,ナタリア,personagem,3,8,,,まあ…！,,pendente,
mev07_110.scr:4,mev07_110.scr,4,52,ジェイド,personagem,4,50,,CRLF x1,困りましたねぇ。\n今、我々は持ち合わせがないもので,,pendente,
mev07_110.scr:5,mev07_110.scr,5,62,アンジュ,personagem,5,40,,,このギルドでは、王族だろうと容赦しません,,pendente,
mev07_110.scr:6,mev07_110.scr,6,62,アンジュ,personagem,6,82,,CRLF x1,居付くなら家賃を払うか、ここでギルドの\nメンバーとして働くか、好きな方を選んでね♪,,pendente,
mev07_110.scr:7,mev07_110.scr,7,54,ナタリア,personagem,7,68,,CRLF x2,私は構いませんわ。\nいつライマ国に戻れるか、\nわからないのでしょう？,,pendente,
mev07_110.scr:8,mev07_110.scr,8,52,ジェイド,personagem,8,34,,CRLF x1,暴動が収まるまでは\n仕方ありません,,pendente,
mev07_110.scr:9,mev07_110.scr,9,52,ジェイド,personagem,9,26,,,では、ここで働くという事で,,pendente,
mev07_110.scr:10,mev07_110.scr,10,62,アンジュ,personagem,10,10,,,決まりね♪,,pendente,
mev07_110.scr:11,mev07_110.scr,11,62,アンジュ,personagem,11,66,,CRLF x1,それじゃあ、次の話をしましょう。\nあなた達の国では、何があったの？,,pendente,
mev07_110.scr:12,mev07_110.scr,12,52,ジェイド,personagem,12,88,,CRLF x2,我がライマ国で、暴動が起こりましてね。\n「暁の従者」という宗教組織の\n導引によるものです,,pendente,
mev07_110.scr:13,mev07_110.scr,13,62,アンジュ,personagem,13,14,,,「暁の従者」？,,pendente,
mev07_110.scr:14,mev07_110.scr,14,62,アンジュ,personagem,14,36,,CRLF x1,ディセンダーを奉るという\n新興宗教ね,,pendente,
mev07_110.scr:15,mev07_110.scr,15,54,ナタリア,personagem,15,62,,CRLF x1,「暁の従者」の信者達は皆、\n人を超えた異様な力を持っていました,,pendente,
mev07_110.scr:16,mev07_110.scr,16,54,ナタリア,personagem,16,50,,CRLF x1,国民は信者に煽られてしまい、\n城を攻め落とそうと…,,pendente,
mev07_110.scr:17,mev07_110.scr,17,52,ジェイド,personagem,17,72,,CRLF x1,まあ、そんなわけで王族には安全の為、\n国を離れた方が良いと思いましてねえ,,pendente,
mev07_110.scr:18,mev07_110.scr,18,52,ジェイド,personagem,18,54,,CRLF x1,そういえば、ディセンダーが降臨したと\n言っていましたね,,pendente,
mev07_110.scr:19,mev07_110.scr,19,62,アンジュ,personagem,19,50,,CRLF x1,その「ディセンダー」と呼ばれる者を\n連れていたの？,,pendente,
mev07_110.scr:20,mev07_110.scr,20,52,ジェイド,personagem,20,28,,,そこまでは、確認していません,,pendente,
mev07_110.scr:21,mev07_110.scr,21,54,ナタリア,personagem,21,28,,,私達王族が至らないばかりに…,,pendente,
mev07_110.scr:22,mev07_110.scr,22,54,ナタリア,personagem,22,78,,CRLF x2,国は星晶の利権には恵まれず、\n国民には、苦しい思いをさせてしまって\nいましたわ,,pendente,
mev07_110.scr:23,mev07_110.scr,23,52,ジェイド,personagem,23,122,,CRLF x2,そこで「暁の従者」が現れ、ディセンダーを\n担ぎ出して、救いとやらを持ち出した事で、\n国民の不満が爆発してしまった様ですねえ,,pendente,
mev07_110.scr:24,mev07_110.scr,24,52,ジェイド,personagem,24,14,,,困ったものです,,pendente,
mev07_110.scr:25,mev07_110.scr,25,62,アンジュ,personagem,25,76,,CRLF x2,「暁の従者」は、\n大国に搾取されるがままだった\n人達により興ったと聞いたな…,,pendente,
mev07_110.scr:26,mev07_110.scr,26,62,アンジュ,personagem,26,98,,CRLF x2,でも、小さな宗教団体が、大きな力を手に入れ\n一つの国を没落寸前に追い込むなんて\n考えられない事態よ,,pendente,
mev07_110.scr:27,mev07_110.scr,27,62,アンジュ,personagem,27,72,,CRLF x2,信者が、人を超えた異様な力を\n持っていたって、\nそこが気になるんだけど…,,pendente,
mev07_110.scr:28,mev07_110.scr,28,62,アンジュ,personagem,28,40,,,わたし達も、「暁の従者」を追っているから,,pendente,
mev07_110.scr:29,mev07_110.scr,29,52,ジェイド,personagem,29,58,,CRLF x2,そうですか。\nこちらでは、彼らの拠点情報を\n掴んでいますよ,,pendente,
mev07_110.scr:30,mev07_110.scr,30,52,ジェイド,personagem,30,30,,,アルマナック遺跡、という話です,,pendente,
mev07_110.scr:31,mev07_110.scr,31,62,アンジュ,personagem,31,30,,,そう…、貴重な情報をありがとう,,pendente,
mev07_110.scr:32,mev07_110.scr,32,62,アンジュ,personagem,32,52,,CRLF x1,アルマナック遺跡…。\n誰か行ってみてくれないかしら…,,pendente,
mev07_110.scr:33,mev07_110.scr,33,,(mensagem de sistema),sistema,33,36,,,ナタリアがアドリビトムに加入しました,,pendente,
mev07_110.scr:34,mev07_110.scr,34,,(mensagem de sistema),sistema,34,36,,,ジェイドがアドリビトムに加入しました,,pendente,
mev07_110.scr:35,mev07_110.scr,35,,(mensagem de sistema),sistema,35,34,,,ティアがアドリビトムに加入しました,,pendente,
mev07_120.scr:0,mev07_120.scr,0,65,エステル,personagem,0,74,,CRLF x2,新しい方ですね。\nわたしはエステリーゼと言います。\nよろしくお願いしますね,,pendente,
mev07_120.scr:1,mev07_120.scr,1,54,ナタリア,personagem,1,50,,CRLF x1,ナタリアです。\nこちらこそ、よろしくお願いしますわ,,pendente,
mev07_120.scr:2,mev07_120.scr,2,54,ナタリア,personagem,2,62,,CRLF x1,ところで、あなたはガルバンゾ国の\n王女とお聞きしていますけれど,,pendente,
mev07_120.scr:3,mev07_120.scr,3,65,エステル,personagem,3,84,,CRLF x2,はい…。\n城の中に居るだけでは、国民や、世界の為に\n成すべき事も出来ませんでしたから,,pendente,
mev07_120.scr:4,mev07_120.scr,4,65,エステル,personagem,4,54,,CRLF x1,わたしに出来る事をしようと\nここで働かせてもらってます,,pendente,
mev07_120.scr:5,mev07_120.scr,5,54,ナタリア,personagem,5,18,,,世界の為に…ですか,,pendente,
mev07_120.scr:6,mev07_120.scr,6,54,ナタリア,personagem,6,62,,CRLF x2,素敵ですわ！\n私も国民の為に何か出来ないかと\n思っていましたの,,pendente,
mev07_120.scr:7,mev07_120.scr,7,54,ナタリア,personagem,7,92,,CRLF x2,王女という身でありながら、\n国民の為に尽くしたくとも、なかなか自由に\n行動させてもらえなくて,,pendente,
mev07_120.scr:8,mev07_120.scr,8,54,ナタリア,personagem,8,60,,CRLF x1,ここでなら、国民のみならず\n様々な人を助けていけるのですわね,,pendente,
mev07_120.scr:9,mev07_120.scr,9,65,エステル,personagem,9,4,,,はい,,pendente,
mev07_120.scr:10,mev07_120.scr,10,54,ナタリア,personagem,10,108,,CRLF x2,私、ギルドという仕事は初めてですので、\n至らないところもあるかと思います。\nどうぞよろしくお願い致しますわね,,pendente,
mev08_010.scr:0,mev08_010.scr,0,62,アンジュ,personagem,0,68,,CRLF x1,今回は、アルマナック遺跡にある\n「暁の従者」の拠点へ行ってちょうだい,,pendente,
mev08_010.scr:1,mev08_010.scr,1,62,アンジュ,personagem,1,116,,CRLF x2,「暁の従者」は、あの得体のしれない\n光る存在を、救世主「ディセンダー」として、\nルバーブ連山から連れ出した宗教団体よ,,pendente,
mev08_010.scr:2,mev08_010.scr,2,62,アンジュ,personagem,2,88,,CRLF x2,彼らは、ナタリアの国であるライマ国\nばかりでなく、様々な所で暴動を\n起こしているらしいの,,pendente,
mev08_010.scr:3,mev08_010.scr,3,62,アンジュ,personagem,3,50,,CRLF x2,彼らの拠点に、\nきっとあの光る存在も\nいるでしょう,,pendente,
mev08_010.scr:4,mev08_010.scr,4,62,アンジュ,personagem,4,54,,CRLF x1,早く、彼らから切り離さなければ\n大変な事になってしまう,,pendente,
mev08_010.scr:5,mev08_010.scr,5,62,アンジュ,personagem,5,42,,,今回は、わたしとジェイドさんが同行するから,,pendente,
mev08_010.scr:6,mev08_010.scr,6,62,アンジュ,personagem,6,34,,,準備が整ったら、すぐに発ちましょう,,pendente,
mev08_020.scr:0,mev08_020.scr,0,106,暁の従者・信者１,personagem,1,58,,CRLF x2,ホントさ。\nディセンダー様が手から金を\n山の様に出したんだ,,pendente,
mev08_020.scr:1,mev08_020.scr,1,107,暁の従者・信者２,personagem,2,92,,CRLF x2,しかし、ディセンダー様は、\n救世主という自覚がおありでない。\n自分が何者かもわからないとは…,,pendente,
mev08_020.scr:2,mev08_020.scr,2,106,暁の従者・信者１,personagem,3,92,,CRLF x2,ほら、予言でも言うだろう。\nディセンダーは、世界樹から生まれたばかりで\n記憶というものがない,,pendente,
mev08_020.scr:3,mev08_020.scr,3,106,暁の従者・信者１,personagem,4,20,,,恐怖すら知らないとな,,pendente,
mev08_020.scr:4,mev08_020.scr,4,106,暁の従者・信者１,personagem,5,58,,CRLF x1,少し前に、俺達の間で裏切り者が出たって\n話があっただろう？,,pendente,
mev08_020.scr:5,mev08_020.scr,5,106,暁の従者・信者１,personagem,6,62,,CRLF x1,先日、その裏切り者に罰をお与え下さいって\n願った奴がいたんだよ,,pendente,
mev08_020.scr:6,mev08_020.scr,6,106,暁の従者・信者１,personagem,7,48,,CRLF x1,そうするとディセンダー様は、\n表情一つ変えずに…,,pendente,
mev08_020.scr:7,mev08_020.scr,7,106,暁の従者・信者１,personagem,8,56,,CRLF x2,ああ、むごい。\n口に出すのもはばかられる程の\nものだった,,pendente,
mev08_020.scr:8,mev08_020.scr,8,106,暁の従者・信者１,personagem,9,58,,CRLF x1,恐怖という感情があれば…、\n確かにあんな事は出来ないだろう,,pendente,
mev08_020.scr:9,mev08_020.scr,9,107,暁の従者・信者２,personagem,10,50,,CRLF x1,俺もディセンダー様に\n願いを叶えてもらいたいものだ,,pendente,
mev08_020.scr:10,mev08_020.scr,10,106,暁の従者・信者１,personagem,11,56,,CRLF x2,無理さ。\n司祭クラスの許可なくしては\n会えないんだろうし,,pendente,
mev08_020.scr:11,mev08_020.scr,11,62,アンジュ,personagem,12,34,,,やっぱり、この奥が彼らの拠点なのね,,pendente,
mev08_020.scr:12,mev08_020.scr,12,62,アンジュ,personagem,13,104,,CRLF x2,ここは、太古にあったディセンダー信仰の\n場所だったそうだから、彼らも拠点として\nここを選んだんでしょうね,,pendente,
mev08_020.scr:13,mev08_020.scr,13,52,ジェイド,personagem,14,22,,,ディセンダー様、ですか,,pendente,
mev08_020.scr:14,mev08_020.scr,14,52,ジェイド,personagem,15,58,,CRLF x1,そのいかがわしい存在も\nここに隠しているんでしょうかねぇ…,,pendente,
mev08_030.scr:0,mev08_030.scr,0,108,暁の従者・信者３,personagem,1,16,,,はぁぁぁぁ…ッ！,,pendente,
mev08_030.scr:1,mev08_030.scr,1,108,暁の従者・信者３,personagem,2,38,,CRLF x1,見ろ、この力！\nラザリス様がくれたんだ,,pendente,
mev08_030.scr:2,mev08_030.scr,2,109,暁の従者・信者４,personagem,3,12,,,素晴らしい！,,pendente,
mev08_030.scr:3,mev08_030.scr,3,108,暁の従者・信者３,personagem,4,96,,CRLF x2,ああ、この力をもって、\n我々のディセンダー・ラザリス様と共に\nすべての民を平等な世界へと導くんだ,,pendente,
mev08_030.scr:4,mev08_030.scr,4,109,暁の従者・信者４,personagem,5,50,,CRLF x1,んっ、何だお前達は？\n我々の同志になりに来たのか？,,pendente,
mev08_030.scr:5,mev08_030.scr,5,62,アンジュ,personagem,6,22,,,いいえ、そうではないの,,pendente,
mev08_030.scr:6,mev08_030.scr,6,108,暁の従者・信者３,personagem,7,28,,,じゃあ、何の目的で来たんだ？,,pendente,
mev08_030.scr:7,mev08_030.scr,7,52,ジェイド,personagem,8,62,,CRLF x1,あなた方がディセンダーと呼んでいるものを\n引き渡してもらいます,,pendente,
mev08_030.scr:8,mev08_030.scr,8,62,アンジュ,personagem,9,66,,CRLF x1,あれは、ディセンダーなんかじゃないの。\nもっと得体の知れない何かよ,,pendente,
mev08_030.scr:9,mev08_030.scr,9,52,ジェイド,personagem,10,32,,,そう、危険な存在かもしれませんよ,,pendente,
mev08_030.scr:10,mev08_030.scr,10,108,暁の従者・信者３,personagem,11,30,,CRLF x1,危険な存在だと？\nバカな事を…,,pendente,
mev08_030.scr:11,mev08_030.scr,11,109,暁の従者・信者４,personagem,12,56,,CRLF x1,今は誕生されたばかりで、予言通り\n名前以外何も記憶はない,,pendente,
mev08_030.scr:12,mev08_030.scr,12,109,暁の従者・信者４,personagem,13,48,,CRLF x1,だが、今この奥でこの世の事を\n学んでおられるのだ,,pendente,
mev08_030.scr:13,mev08_030.scr,13,109,暁の従者・信者４,personagem,14,58,,CRLF x1,それが終わるまで、誰もこの先へは\n通すわけには行かないのだ,,pendente,
mev08_030.scr:14,mev08_030.scr,14,108,暁の従者・信者３,personagem,15,56,,CRLF x1,この腐敗した世の中を正す為に\n降臨されたディセンダー様だ,,pendente,
mev08_030.scr:15,mev08_030.scr,15,108,暁の従者・信者３,personagem,16,86,,CRLF x2,じきに、自ら立ち上がられ、\nこの世界を理想郷へと造り変えられる。\n邪魔はさせないぞ！！,,pendente,
mev08_030.scr:16,mev08_030.scr,16,52,ジェイド,personagem,17,54,,CRLF x1,やれやれ、ずいぶんな熱の入れ様ですね。\n話になりません,,pendente,
mev08_030.scr:17,mev08_030.scr,17,109,暁の従者・信者４,personagem,18,70,,CRLF x2,我等に勝てると思うな！\nディセンダー様より授かった力、\nとくと見よ！！,,pendente,
mev08_040.scr:0,mev08_040.scr,0,108,暁の従者・信者３,personagem,0,26,,,性懲りもなく、また来たか！,,pendente,
mev08_040.scr:1,mev08_040.scr,1,109,暁の従者・信者４,personagem,1,92,,CRLF x2,ディセンダー様を守り、\n付き従うのが我等「暁の従者」の使命！\nここは何人たりとも通さんぞ！！,,pendente,
mev08_050.scr:0,mev08_050.scr,0,108,暁の従者・信者３,personagem,1,16,,,くっ…、やるな！,,pendente,
mev08_050.scr:1,mev08_050.scr,1,109,暁の従者・信者４,personagem,2,22,,,だが、まだ屈しはせんぞ,,pendente,
mev08_050.scr:2,mev08_050.scr,2,109,暁の従者・信者４,personagem,3,76,,CRLF x2,一部の者ばかりが益を得る\n腐った世の仕組み。\n必ずやディセンダー様が打ち砕く,,pendente,
mev08_050.scr:3,mev08_050.scr,3,108,暁の従者・信者３,personagem,4,60,,CRLF x1,搾取のない、平等で平和な世界を\n望んでいる者達の声の為にも…,,pendente,
mev08_050.scr:4,mev08_050.scr,4,108,暁の従者・信者３,personagem,5,50,,CRLF x1,ディセンダー様を\nお前達に渡すわけには行かない！！,,pendente,
mev08_050.scr:5,mev08_050.scr,5,52,ジェイド,personagem,6,72,,CRLF x2,世を変えるにも、\nディセンダー頼りですか。\nそれでは、何も変わりませんよ,,pendente,
mev08_050.scr:6,mev08_050.scr,6,108,暁の従者・信者３,personagem,7,8,,,黙れ！！,,pendente,
mev08_050.scr:7,mev08_050.scr,7,108,暁の従者・信者３,personagem,8,14,,,何だ…、これは,,pendente,
mev08_050.scr:8,mev08_050.scr,8,108,暁の従者・信者３,personagem,9,28,,,身体が…、身体がぁぁぁぁ！！,,pendente,
mev08_050.scr:9,mev08_050.scr,9,109,暁の従者・信者４,personagem,10,36,,CRLF x1,ヒィッ！？\nな、何だっ、この姿は！！,,pendente,
mev08_050.scr:10,mev08_050.scr,10,62,アンジュ,personagem,11,26,,,まさか…、生物変化現象！？,,pendente,
mev08_050.scr:11,mev08_050.scr,11,109,暁の従者・信者４,personagem,12,58,,CRLF x2,あぁぁ、…なぜ。\nなぜだ、なぜ…こんな姿に。\nラザリス様…,,pendente,
mev08_050.scr:12,mev08_050.scr,12,108,暁の従者・信者３,personagem,13,64,,CRLF x1,ラザリス様…助けて下さい…。\nディセンダー、ラザリス様ぁぁぁ！！,,pendente,
mev08_050.scr:13,mev08_050.scr,13,62,アンジュ,personagem,14,70,,CRLF x1,わたし達や多くの人と同じ様に、\n彼らも平等な世界の理想を持っているのに,,pendente,
mev08_050.scr:14,mev08_050.scr,14,62,アンジュ,personagem,15,54,,CRLF x1,なのに、世界はバラバラで、\n人々の思いは…かみ合わない,,pendente,
mev08_050.scr:15,mev08_050.scr,15,52,ジェイド,personagem,16,80,,CRLF x2,仮にディセンダーが存在したとして、\nこの世界を見たら、\nどう思うんでしょうねえ…,,pendente,
mev08_060.scr:0,mev08_060.scr,0,108,暁の従者・信者３,personagem,1,64,,CRLF x1,ラザリス様…ディセンダー様…、\n助けて下さい…こんな、こんな姿…,,pendente,
mev08_060.scr:1,mev08_060.scr,1,95,ラザリス,personagem,2,16,,,助けて…だって？,,pendente,
mev08_060.scr:2,mev08_060.scr,2,95,ラザリス,personagem,3,46,,CRLF x1,望んだから、欲しがったから、\n力をあげたのに…,,pendente,
mev08_060.scr:3,mev08_060.scr,3,95,ラザリス,personagem,4,58,,CRLF x1,今の君達はとても強いよ？\nなぜなら僕がそうしてあげたから…,,pendente,
mev08_060.scr:4,mev08_060.scr,4,95,ラザリス,personagem,5,68,,CRLF x1,君達さ、強くなりたいんだったら、\nこうならなければならなかったんだよ,,pendente,
mev08_060.scr:5,mev08_060.scr,5,95,ラザリス,personagem,6,62,,CRLF x2,大丈夫。\n今はまだ半分ヒトだろうけど、\nじきに完全に変化するよ,,pendente,
mev08_060.scr:6,mev08_060.scr,6,95,ラザリス,personagem,7,36,,,そうすれば、今より強い体になるはずさ,,pendente,
mev08_060.scr:7,mev08_060.scr,7,109,暁の従者・信者４,personagem,8,42,,CRLF x2,そんな！\nこれでは魔物です…。\n元の姿に…,,pendente,
mev08_060.scr:8,mev08_060.scr,8,95,ラザリス,personagem,9,66,,CRLF x1,本当に欲しがってばかりだね…。\nでも、もう君達に付き合う必要もない,,pendente,
mev08_060.scr:9,mev08_060.scr,9,95,ラザリス,personagem,10,48,,CRLF x1,この醜いヒトの姿は耐え難いものだけど、\nまあいい,,pendente,
mev08_060.scr:10,mev08_060.scr,10,95,ラザリス,personagem,11,52,,CRLF x1,やっと自ら行動する身体が\n手に入れられたんだからね…,,pendente,
mev08_070.scr:0,mev08_070.scr,0,62,アンジュ,personagem,1,36,,,あの子が…あの、赤い煙だったもの…？,,pendente,
mev08_070.scr:1,mev08_070.scr,1,95,ラザリス,personagem,2,6,,,誰…？,,pendente,
mev08_070.scr:2,mev08_070.scr,2,62,アンジュ,personagem,3,24,,,あなたは一体何者なの！？,,pendente,
mev08_070.scr:3,mev08_070.scr,3,95,ラザリス,personagem,4,30,,CRLF x1,ラザリス…。\n僕は、ラザリス…,,pendente,
mev08_070.scr:4,mev08_070.scr,4,62,アンジュ,personagem,5,58,,CRLF x1,あなたが人々の願いを叶えてきたの？\n願いを叶えるのはなぜ？,,pendente,
mev08_070.scr:5,mev08_070.scr,5,95,ラザリス,personagem,6,44,,CRLF x1,…どうしてかな？\n実のところ僕にもわからない,,pendente,
mev08_070.scr:6,mev08_070.scr,6,95,ラザリス,personagem,7,66,,CRLF x1,けども、君らから少しずつ世界を知るには\n都合が良かったからだと思う,,pendente,
mev08_070.scr:7,mev08_070.scr,7,52,ジェイド,personagem,8,62,,CRLF x2,あなたが願いを叶えた生物から、\n学習した。\nこういう事ですか？,,pendente,
mev08_070.scr:8,mev08_070.scr,8,95,ラザリス,personagem,9,70,,CRLF x2,そうなるかな。\n「願いを叶えて」と、\n向こうから僕に接触して来たからね,,pendente,
mev08_070.scr:9,mev08_070.scr,9,95,ラザリス,personagem,10,58,,CRLF x1,この世界に出たばかりの時は、\n僕にも接触する能力がなかった,,pendente,
mev08_070.scr:10,mev08_070.scr,10,95,ラザリス,personagem,11,52,,CRLF x1,でも、やがてあらゆる生物が\n僕の方へ手を伸ばしたんだ,,pendente,
mev08_070.scr:11,mev08_070.scr,11,95,ラザリス,personagem,12,92,,CRLF x2,願いを叶えるという意志のコネクトを通じて、\n僕はこの世界の生命力と情報を\n少しずつ手に入れた,,pendente,
mev08_070.scr:12,mev08_070.scr,12,52,ジェイド,personagem,13,50,,CRLF x2,なるほど…。\nしいなの仮説が\n当たっていた様ですね,,pendente,
mev08_070.scr:13,mev08_070.scr,13,95,ラザリス,personagem,14,80,,CRLF x2,おかげで実体も思考も手に入れた。\n思う存分、僕の好きな様に力を\n振るう事が出来る,,pendente,
mev08_070.scr:14,mev08_070.scr,14,62,アンジュ,personagem,15,64,,CRLF x2,あなたは、さっき\n世界の生命力と情報を\n手に入れたと言ったけれど,,pendente,
mev08_070.scr:15,mev08_070.scr,15,62,アンジュ,personagem,16,40,,CRLF x1,あなたは、ヒトじゃない。\n…何者なの…？,,pendente,
mev08_070.scr:16,mev08_070.scr,16,95,ラザリス,personagem,17,62,,CRLF x1,僕は、この世界ルミナシアの様に、\n誕生するはずだった「世界」だ,,pendente,
mev08_070.scr:17,mev08_070.scr,17,62,アンジュ,personagem,18,28,,,誕生するはずだった「世界」？,,pendente,
mev08_080.scr:0,mev08_080.scr,0,95,ラザリス,personagem,1,84,,CRLF x2,ああ…、ああ…。\nこの世界にはうんざりだ！\n僕ならもっといい世界になるはずだった！！,,pendente,
mev08_080.scr:1,mev08_080.scr,1,95,ラザリス,personagem,2,80,,CRLF x2,こんな、腐り切った世界をもたらすヒトが\nいる世界なんて、\n僕なら造らなかった！！,,pendente,
mev08_080.scr:2,mev08_080.scr,2,95,ラザリス,personagem,3,52,,CRLF x1,君も何故こんな者達を守ろうとするんだ。\nわからないよ,,pendente,
mev08_080.scr:3,mev08_080.scr,3,109,暁の従者・信者４,personagem,4,24,,CRLF x1,これは…。\n元の姿に！！,,pendente,
mev08_080.scr:4,mev08_080.scr,4,62,アンジュ,personagem,5,18,,,あなた、その力は…,,pendente,
mev08_080.scr:5,mev08_080.scr,5,62,アンジュ,personagem,8,40,,CRLF x1,あなたにも、\nその力が何かわからないの？,,pendente,
mev08_080.scr:6,mev08_080.scr,6,52,ジェイド,personagem,9,78,,CRLF x2,あなたは記憶喪失だそうですが。\n記憶を失う前に、使っていた\n力かもしれませんね,,pendente,
mev08_080.scr:7,mev08_080.scr,7,108,暁の従者・信者３,personagem,10,56,,CRLF x1,ラザリス様は…、\nあれは、ディセンダーではなかったのか…,,pendente,
mev08_080.scr:8,mev08_080.scr,8,52,ジェイド,personagem,11,38,,CRLF x1,彼らもやっと、\n目を覚ました様ですね？,,pendente,
mev08_080.scr:9,mev08_080.scr,9,52,ジェイド,personagem,12,24,,,我々も一旦戻りましょうか,,pendente,
mev08_080.scr:10,mev08_080.scr,10,,(opcao do jogador),escolha,6,18,,,わからない、と言う,,pendente,
mev08_080.scr:11,mev08_080.scr,11,,(opcao do jogador),escolha,7,38,,,こうしなければならない気がした、と言う,,pendente,
mev08_090.scr:0,mev08_090.scr,0,62,アンジュ,personagem,0,68,,CRLF x2,とうとうあの存在…\nラザリスが意志を持ち、\n一人歩きし始めてしまった,,pendente,
mev08_090.scr:1,mev08_090.scr,1,62,アンジュ,personagem,1,18,,,ああ、どうすれば…,,pendente,
mev08_090.scr:2,mev08_090.scr,2,62,アンジュ,personagem,4,48,,CRLF x1,そんな事ないって。\nあなたはよくやってくれたよ…,,pendente,
mev08_090.scr:3,mev08_090.scr,3,62,アンジュ,personagem,5,64,,CRLF x2,そうね。\nリーダーがこんな態度じゃ\nみんなに不安を与えてしまう…,,pendente,
mev08_090.scr:4,mev08_090.scr,4,62,アンジュ,personagem,6,24,,,さ、気を取り直さなくちゃ,,pendente,
mev08_090.scr:5,mev08_090.scr,5,62,アンジュ,personagem,7,94,,CRLF x2,「暁の従者」の信者達に、話を聞いたの。\n彼らが説明してくれた、\n今までの経緯をあなたにも話すね,,pendente,
mev08_090.scr:6,mev08_090.scr,6,62,アンジュ,personagem,8,100,,CRLF x2,まず、彼らは願いを叶える存在の噂を聞き、\nラザリスを、自分達の信ずるところの\nディセンダーだと思った,,pendente,
mev08_090.scr:7,mev08_090.scr,7,62,アンジュ,personagem,9,56,,CRLF x1,そして、「暁の従者」の教義に従い、\nディセンダーを迎えた,,pendente,
mev08_090.scr:8,mev08_090.scr,8,62,アンジュ,personagem,10,92,,CRLF x2,そのディセンダー、ラザリスは自分の名前以外、\n何も知らなかった。\n自我もあまりない状態だった,,pendente,
mev08_090.scr:9,mev08_090.scr,9,62,アンジュ,personagem,11,66,,CRLF x1,だけど、ヒトの願いを叶えると、\n自我、そして思考が生まれていった…,,pendente,
mev08_090.scr:10,mev08_090.scr,10,62,アンジュ,personagem,12,18,,,以上がわかった事よ,,pendente,
mev08_090.scr:11,mev08_090.scr,11,62,アンジュ,personagem,13,36,,,それでね、彼ら、最後にこう言ってたの,,pendente,
mev08_090.scr:12,mev08_090.scr,12,62,アンジュ,personagem,14,52,,CRLF x1,願いを叶える事で、\n何か学習をしている様だったって…,,pendente,
mev08_090.scr:13,mev08_090.scr,13,52,ジェイド,personagem,15,80,,CRLF x2,ラザリスが言っていた、\n「誕生するはずだった世界」という言葉…。\n気になりますね,,pendente,
mev08_090.scr:14,mev08_090.scr,14,62,アンジュ,personagem,16,28,,,誕生するはずだった世界、かぁ,,pendente,
mev08_090.scr:15,mev08_090.scr,15,62,アンジュ,personagem,17,62,,CRLF x1,世界は、世界樹から生まれたって言われてる。\nそれも、大昔から…,,pendente,
mev08_090.scr:16,mev08_090.scr,16,62,アンジュ,personagem,18,46,,CRLF x1,けれど、本当のところは\n誰も知りはしないのよね,,pendente,
mev08_090.scr:17,mev08_090.scr,17,52,ジェイド,personagem,19,68,,CRLF x1,認知されているのは、世界樹の生み出す\nマナの恩恵で生物は生きている事,,pendente,
mev08_090.scr:18,mev08_090.scr,18,52,ジェイド,personagem,20,70,,CRLF x1,よって、世界樹が世界創造の礎である事も\n何となく容認されてはいますが…,,pendente,
mev08_090.scr:19,mev08_090.scr,19,52,ジェイド,personagem,21,76,,CRLF x2,しかし、\n「本来生まれるはずだった世界」とは\n一体何を表しているというのか…,,pendente,
mev08_090.scr:20,mev08_090.scr,20,62,アンジュ,personagem,22,50,,CRLF x1,世界の始まりについては、\nやはり精霊に聞くべきよね,,pendente,
mev08_090.scr:21,mev08_090.scr,21,62,アンジュ,personagem,23,82,,CRLF x2,教会でも、精霊はヒトよりも古い存在と\n伝えているもの。\nきっと、何か知っているはず,,pendente,
mev08_090.scr:22,mev08_090.scr,22,22,キール,personagem,24,20,,,アンジュ、その件だが,,pendente,
mev08_090.scr:23,mev08_090.scr,23,22,キール,personagem,25,80,,CRLF x2,精霊のいる場所が特定出来た。\nあとは、この船を安全に着陸させる\n場所を探すだけだ,,pendente,
mev08_090.scr:24,mev08_090.scr,24,62,アンジュ,personagem,26,60,,CRLF x1,ありがとう、キール君。\nそれじゃあ、もうすぐ精霊に会えるのね,,pendente,
mev08_090.scr:25,mev08_090.scr,25,,(opcao do jogador),escolha,2,26,,,自分に力がなかった、と言う,,pendente,
mev08_090.scr:26,mev08_090.scr,26,,(opcao do jogador),escolha,3,34,,,悲観的になっても仕方がない、と言う,,pendente,
mev08_090.scr:27,mev08_090.scr,27,,(mensagem de sistema),sistema,27,46,,,優先行動（中級者編）が使えるようになりました！,,pendente,
mev08_100.scr:0,mev08_100.scr,0,62,アンジュ,personagem,0,64,,CRLF x2,○○、あのね。\nあなたの力なんだけど。\n研究室のみんなに話したの,,pendente,
mev08_100.scr:1,mev08_100.scr,1,67,リタ,personagem,1,74,,CRLF x2,変化した生物を元に戻すなんて、\nまるでソウルアルケミーの術を\n持ってる様ね,,pendente,
mev08_100.scr:2,mev08_100.scr,2,67,リタ,personagem,4,50,,CRLF x1,あんたの記憶が戻りさえすれば、\n真実がわかるのにね,,pendente,
mev08_100.scr:3,mev08_100.scr,3,67,リタ,personagem,5,82,,CRLF x2,あんた、記憶を失う前は、\nとんでもない知識を独占してきた術者\nだったんじゃないの？,,pendente,
mev08_100.scr:4,mev08_100.scr,4,19,ハロルド,personagem,6,48,,CRLF x1,○○の記憶の\nドクメントを見たらわかるかもよ〜♪,,pendente,
mev08_100.scr:5,mev08_100.scr,5,67,リタ,personagem,7,58,,CRLF x1,あんた、わかって言ってんでしょ！\nそんな事したら死ぬわよ！,,pendente,
mev08_100.scr:6,mev08_100.scr,6,67,リタ,personagem,8,74,,CRLF x1,相当細かく展開しなきゃなんないんだもの。\n肉体の負担だって相当なものだわ！,,pendente,
mev08_100.scr:7,mev08_100.scr,7,19,ハロルド,personagem,9,54,,CRLF x2,デハハ！\n冗談に決まってるでしょ★\n現実的じゃないもの,,pendente,
mev08_100.scr:8,mev08_100.scr,8,,(opcao do jogador),escolha,2,26,,,そんな力は知らない、と言う,,pendente,
mev08_100.scr:9,mev08_100.scr,9,,(opcao do jogador),escolha,3,30,,,自分でもよくわからない、と言う,,pendente,
mev08_110.scr:0,mev08_110.scr,0,203,(narracao),narracao,1,12,,,一方その頃…,,pendente,
mev08_110.scr:1,mev08_110.scr,1,95,ラザリス,personagem,2,38,,CRLF x1,ヒトは、\nどれだけのものを欲しがるんだ,,pendente,
mev08_110.scr:2,mev08_110.scr,2,95,ラザリス,personagem,3,56,,CRLF x1,動物や植物や虫達は、\nただ生きたいとしか願わなかったのに,,pendente,
mev08_110.scr:3,mev08_110.scr,3,95,ラザリス,personagem,4,84,,CRLF x2,ヒトが一番、世界を食いつぶしてる。\nこの世界は、このままヒトの手に\nよって死んでいく,,pendente,
mev08_110.scr:4,mev08_110.scr,4,95,ラザリス,personagem,5,86,,CRLF x2,僕が生みたくても、生めなかった世界。\n僕が世界を造ったら、\nきっとこうではなかったろう,,pendente,
mev08_110.scr:5,mev08_110.scr,5,95,ラザリス,personagem,6,34,,,ううん、こんな世界にはしなかった…,,pendente,
mev08_120.scr:0,mev08_120.scr,0,86,カノンノ,personagem,0,48,,CRLF x1,ねえ、○○。\nロックスがおやつを作ってくれてるよ,,pendente,
mev08_120.scr:1,mev08_120.scr,1,86,カノンノ,personagem,1,30,,,食堂に食べに来て欲しいんだって,,pendente,
mev08_120.scr:2,mev08_120.scr,2,86,カノンノ,personagem,4,38,,CRLF x1,うん。\nじゃあ、ロックスにそう伝えるね,,pendente,
mev08_120.scr:3,mev08_120.scr,3,86,カノンノ,personagem,5,72,,CRLF x2,うん。\n今日のおやつは、チョコケーキだよ。\nじゃあ、お茶を用意しておくね,,pendente,
mev08_120.scr:4,mev08_120.scr,4,62,アンジュ,personagem,6,64,,CRLF x2,○○、\n行ってらっしゃい。\n早くしないと、誰かに取られちゃうよ！,,pendente,
mev08_120.scr:5,mev08_120.scr,5,,(opcao do jogador),escolha,2,16,,,すぐ行く、と言う,,pendente,
mev08_120.scr:6,mev08_120.scr,6,,(opcao do jogador),escolha,3,18,,,ありがとう、と言う,,pendente,
mev08_130.scr:0,mev08_130.scr,0,90,ロックス,personagem,2,54,,CRLF x1,さあ、おやつですよ。\nお茶はミルクティーを用意しますね,,pendente,
mev08_130.scr:1,mev08_130.scr,1,90,ロックス,personagem,5,34,,CRLF x1,はい、どうぞ。\n召し上がって下さい,,pendente,
mev08_130.scr:2,mev08_130.scr,2,90,ロックス,personagem,6,58,,CRLF x1,あっ、いけませんよ。\nちゃんと、いただきますを言わなくては,,pendente,
mev08_130.scr:3,mev08_130.scr,3,90,ロックス,personagem,7,48,,CRLF x1,いただきますは、\n食べ物へのご挨拶なんですから！,,pendente,
mev08_130.scr:4,mev08_130.scr,4,90,ロックス,personagem,10,68,,CRLF x1,食べ物はですね、自分の命になってくれる\n身体への大事なお客様なんです,,pendente,
mev08_130.scr:5,mev08_130.scr,5,90,ロックス,personagem,11,50,,CRLF x1,だから、いただきますと言うのは\n大事な事なんですよ,,pendente,
mev08_130.scr:6,mev08_130.scr,6,86,カノンノ,personagem,12,12,,,ごちそうさま,,pendente,
mev08_130.scr:7,mev08_130.scr,7,90,ロックス,personagem,13,30,,CRLF x1,そう。\nごちそうさま、もですよ,,pendente,
mev08_130.scr:8,mev08_130.scr,8,86,カノンノ,personagem,14,46,,CRLF x1,ねえ、○○。\n何か、少し思い出せた事ってある？,,pendente,
mev08_130.scr:9,mev08_130.scr,9,86,カノンノ,personagem,17,6,,,そう…,,pendente,
mev08_130.scr:10,mev08_130.scr,10,86,カノンノ,personagem,18,30,,,でも、いつかきっと思い出せるよ,,pendente,
mev08_130.scr:11,mev08_130.scr,11,86,カノンノ,personagem,19,26,,,そう、まだ記憶は戻らないの,,pendente,
mev08_130.scr:12,mev08_130.scr,12,86,カノンノ,personagem,20,26,,,私も、何か力になれたらな…,,pendente,
mev08_130.scr:13,mev08_130.scr,13,86,カノンノ,personagem,21,48,,CRLF x2,そうだ。\nまた絵を描いたんだ。\n見に来てくれる？,,pendente,
mev08_130.scr:14,mev08_130.scr,14,86,カノンノ,personagem,22,32,,,何かきっかけになるかもしれないし,,pendente,
mev08_130.scr:15,mev08_130.scr,15,86,カノンノ,personagem,23,48,,CRLF x1,それに、私に出来る事って\nこんな事しかないから…,,pendente,
mev08_130.scr:16,mev08_130.scr,16,86,カノンノ,personagem,24,22,,,それじゃあ、待ってるね,,pendente,
mev08_130.scr:17,mev08_130.scr,17,90,ロックス,personagem,25,66,,CRLF x1,彼女、絵を見てくれるあなたの事を\nすっかり気に入ってるみたいですね,,pendente,
mev08_130.scr:18,mev08_130.scr,18,90,ロックス,personagem,26,56,,CRLF x1,旦那様と奥様がいたら、\nあんな風に絵を見せていたのかな…,,pendente,
mev08_130.scr:19,mev08_130.scr,19,90,ロックス,personagem,29,62,,CRLF x1,彼女のご両親、…旦那様と奥様は\nお亡くなりになられているんです,,pendente,
mev08_130.scr:20,mev08_130.scr,20,90,ロックス,personagem,30,92,,CRLF x2,二人とも、腕の立つ医者でしたので\n従軍医として、国から戦場へと連れて行かれ…、\n殉職しました,,pendente,
mev08_130.scr:21,mev08_130.scr,21,90,ロックス,personagem,31,90,,CRLF x2,まだ、お嬢様が生まれてほんのひと月の事…。\n召集がかかり、二人は強引に連れて\n行かれました,,pendente,
mev08_130.scr:22,mev08_130.scr,22,90,ロックス,personagem,32,68,,CRLF x2,…戦争の原因ですか？\nお察しの通りです。\n星晶を巡っての戦争でした…,,pendente,
mev08_130.scr:23,mev08_130.scr,23,90,ロックス,personagem,33,56,,CRLF x1,僕は当時、お嬢様のご両親に使用人として\n雇われていました,,pendente,
mev08_130.scr:24,mev08_130.scr,24,90,ロックス,personagem,34,70,,CRLF x1,そして残されたお嬢様を預かり、\n二人の無事を祈りながら育てていたんです,,pendente,
mev08_130.scr:25,mev08_130.scr,25,90,ロックス,personagem,35,108,,CRLF x2,でも、やがて二人の死を国から伝えられ…、\n戦火は住んでいる村にまで及び、\n僕は幼いお嬢様を連れて旅立ちました,,pendente,
mev08_130.scr:26,mev08_130.scr,26,90,ロックス,personagem,36,104,,CRLF x2,仕えていた旦那様と奥様の大事な娘。\n彼女は僕にとって、とても大切な…そして、\n新しい主人でもあったんです,,pendente,
mev08_130.scr:27,mev08_130.scr,27,90,ロックス,personagem,37,50,,CRLF x1,責任をもって、\n立派な淑女に育てるって決めたんです,,pendente,
mev08_130.scr:28,mev08_130.scr,28,90,ロックス,personagem,38,34,,,色々お嬢様には辛い思いをさせました,,pendente,
mev08_130.scr:29,mev08_130.scr,29,90,ロックス,personagem,39,84,,CRLF x2,でも、行き着いたアンジュ様の教会で\nお世話になる事が出来て、この船に乗る事も\n出来て,,pendente,
mev08_130.scr:30,mev08_130.scr,30,90,ロックス,personagem,40,74,,CRLF x1,何とか健やかに育ってくれてます。\n僕も、お嬢様を育てる事で救われていますし,,pendente,
mev08_130.scr:31,mev08_130.scr,31,90,ロックス,personagem,41,54,,CRLF x1,どうか、仲良くしてあげて下さいね。\nカノンノお嬢様と…,,pendente,
mev08_130.scr:32,mev08_130.scr,32,,(opcao do jogador),escolha,3,20,,,いただきます、と言う,,pendente,
mev08_130.scr:33,mev08_130.scr,33,,(opcao do jogador),escolha,4,8,,,がっつく,,pendente,
mev08_130.scr:34,mev08_130.scr,34,,(opcao do jogador),escolha,8,12,,,首をかしげる,,pendente,
mev08_130.scr:35,mev08_130.scr,35,,(opcao do jogador),escolha,9,14,,,黙って話を聞く,,pendente,
mev08_130.scr:36,mev08_130.scr,36,,(opcao do jogador),escolha,15,12,,,首を横に振る,,pendente,
mev08_130.scr:37,mev08_130.scr,37,,(opcao do jogador),escolha,16,4,,,黙る,,pendente,
mev08_130.scr:38,mev08_130.scr,38,,(opcao do jogador),escolha,27,26,,,カノンノの両親について聞く,,pendente,
mev08_130.scr:39,mev08_130.scr,39,,(opcao do jogador),escolha,28,34,,,親代わりをしてるのはなぜか、と聞く,,pendente,
mev08_140.scr:0,mev08_140.scr,0,86,カノンノ,personagem,0,26,,CRLF x1,あ、○○。\n来てくれたのね,,pendente,
mev08_140.scr:1,mev08_140.scr,1,86,カノンノ,personagem,1,44,,CRLF x1,どうかな、この風景。\n何か思い出せるかなぁ…,,pendente,
mev08_140.scr:2,mev08_140.scr,2,86,カノンノ,personagem,4,10,,,そっかぁ…,,pendente,
mev08_140.scr:3,mev08_140.scr,3,86,カノンノ,personagem,5,14,,,ん…、わかった,,pendente,
mev08_140.scr:4,mev08_140.scr,4,86,カノンノ,personagem,6,24,,,力になれると思ったけど…,,pendente,
mev08_140.scr:5,mev08_140.scr,5,86,カノンノ,personagem,7,30,,CRLF x1,ごめん。\n何も出来なかったね…,,pendente,
mev08_140.scr:6,mev08_140.scr,6,86,カノンノ,personagem,10,4,,,あ…,,pendente,
mev08_140.scr:7,mev08_140.scr,7,86,カノンノ,personagem,11,18,,,ほんとに…ごめんね,,pendente,
mev08_140.scr:8,mev08_140.scr,8,86,カノンノ,personagem,12,4,,,あ…,,pendente,
mev08_140.scr:9,mev08_140.scr,9,86,カノンノ,personagem,13,12,,,ありがとう…,,pendente,
mev08_140.scr:10,mev08_140.scr,10,86,カノンノ,personagem,14,44,,CRLF x1,何だか今の顔…。\nお父さんとお母さんみたい…,,pendente,
mev08_140.scr:11,mev08_140.scr,11,86,カノンノ,personagem,17,28,,,ロックスから…、聞いたんだね,,pendente,
mev08_140.scr:12,mev08_140.scr,12,86,カノンノ,personagem,18,76,,CRLF x2,でも、実際は、\nお父さんやお母さんの事なんて、\n何一つ覚えてないんだけどね…,,pendente,
mev08_140.scr:13,mev08_140.scr,13,86,カノンノ,personagem,19,36,,,お父さんもお母さんも、立派な医者で…,,pendente,
mev08_140.scr:14,mev08_140.scr,14,86,カノンノ,personagem,20,82,,CRLF x2,でも、私が生まれてすぐに、戦争で\n死んでしまったって。\nロックスに、そう聞いたんだ,,pendente,
mev08_140.scr:15,mev08_140.scr,15,86,カノンノ,personagem,21,48,,CRLF x1,お父さんの事もお母さんの事も\n何も知らないけれど,,pendente,
mev08_140.scr:16,mev08_140.scr,16,86,カノンノ,personagem,22,72,,CRLF x2,○○のさっきの顔を見たら、\nこんな風に笑ってくれてたのかなって\n思ったの,,pendente,
mev08_140.scr:17,mev08_140.scr,17,86,カノンノ,personagem,25,48,,CRLF x1,寂しい時もあるけど、\nロックスがいるから平気だよ,,pendente,
mev08_140.scr:18,mev08_140.scr,18,86,カノンノ,personagem,26,28,,,ロックスも、よく笑ってくれる,,pendente,
mev08_140.scr:19,mev08_140.scr,19,86,カノンノ,personagem,27,26,,CRLF x1,へへ。\n何か嬉しいよ、○○,,pendente,
mev08_140.scr:20,mev08_140.scr,20,86,カノンノ,personagem,28,10,,,ありがと…,,pendente,
mev08_140.scr:21,mev08_140.scr,21,86,カノンノ,personagem,29,50,,CRLF x1,また、何か風景が見えたら描くよ。\n出来たら、見てね,,pendente,
mev08_140.scr:22,mev08_140.scr,22,86,カノンノ,personagem,30,8,,,絶対だよ,,pendente,
mev08_140.scr:23,mev08_140.scr,23,,(opcao do jogador),escolha,2,18,,,覚えがない、と言う,,pendente,
mev08_140.scr:24,mev08_140.scr,24,,(opcao do jogador),escolha,3,12,,,首を横に振る,,pendente,
mev08_140.scr:25,mev08_140.scr,25,,(opcao do jogador),escolha,8,14,,,微笑んでみせる,,pendente,
mev08_140.scr:26,mev08_140.scr,26,,(opcao do jogador),escolha,9,10,,,頭をなでる,,pendente,
mev08_140.scr:27,mev08_140.scr,27,,(opcao do jogador),escolha,15,26,,,両親は知らないはず、と言う,,pendente,
mev08_140.scr:28,mev08_140.scr,28,,(opcao do jogador),escolha,16,10,,,黙っている,,pendente,
mev08_140.scr:29,mev08_140.scr,29,,(opcao do jogador),escolha,23,24,,,寂しくはないか、と尋ねる,,pendente,
mev08_140.scr:30,mev08_140.scr,30,,(opcao do jogador),escolha,24,6,,,微笑む,,pendente,
mev08_150.scr:0,mev08_150.scr,0,52,ジェイド,personagem,0,56,,CRLF x1,いやあ、助かります。\n彼らの様な荷物を引き取って下さって,,pendente,
mev08_150.scr:1,mev08_150.scr,1,62,アンジュ,personagem,1,58,,CRLF x2,いいえ。\nあの方々がこの船で辛抱して下されば\nいいのだけど,,pendente,
mev08_150.scr:2,mev08_150.scr,2,52,ジェイド,personagem,2,48,,CRLF x1,そう言って、しっかり働かせる\nおつもりでしょう？,,pendente,
mev08_150.scr:3,mev08_150.scr,3,62,アンジュ,personagem,3,64,,CRLF x1,あら、そうは言っていないでしょ。\nただ、お部屋代は頂きますけどね,,pendente,
mev08_150.scr:4,mev08_150.scr,4,62,アンジュ,personagem,6,20,,,ジェイドさんの仲間よ,,pendente,
mev08_150.scr:5,mev08_150.scr,5,62,アンジュ,personagem,7,54,,CRLF x2,まあね。\nでも、正式に入るかどうかの話は\nこれからなの,,pendente,
mev08_150.scr:6,mev08_150.scr,6,62,アンジュ,personagem,8,50,,CRLF x1,今から挨拶に行くから、\nあなたも部屋にいらっしゃい,,pendente,
mev08_150.scr:7,mev08_150.scr,7,,(opcao do jogador),escolha,4,22,,,あの方々とは、と尋ねる,,pendente,
mev08_150.scr:8,mev08_150.scr,8,,(opcao do jogador),escolha,5,34,,,新しいメンバーが来たのか、と尋ねる,,pendente,
mev08_160.scr:0,mev08_160.scr,0,62,アンジュ,personagem,0,40,,CRLF x1,ようこそ。\n自由のギルド、アドリビトムへ,,pendente,
mev08_160.scr:1,mev08_160.scr,1,62,アンジュ,personagem,1,98,,CRLF x2,わたしはリーダーを務めるアンジュ・セレーナ。\nライマ国の方々、\nまずは、ごゆっくりおくつろぎ下さい,,pendente,
mev08_160.scr:2,mev08_160.scr,2,56,ヴァン,personagem,2,16,,,心遣い、痛み入る,,pendente,
mev08_160.scr:3,mev08_160.scr,3,56,ヴァン,personagem,3,68,,CRLF x2,私は、ヴァン・グランツ。\nライマ国に属し、この二人に\n剣を教えている,,pendente,
mev08_160.scr:4,mev08_160.scr,4,55,アッシュ,personagem,4,12,,,アッシュだ…,,pendente,
mev08_160.scr:5,mev08_160.scr,5,49,ルーク,personagem,5,38,,CRLF x1,俺はルーク。\nルーク・フォン・ファブレ,,pendente,
mev08_160.scr:6,mev08_160.scr,6,52,ジェイド,personagem,6,84,,CRLF x2,やれやれ。\n二人とも、剣の腕はともかく、礼儀の方は\n別の教師を付ける必要がありますね,,pendente,
mev08_160.scr:7,mev08_160.scr,7,62,アンジュ,personagem,7,58,,CRLF x1,ここで働いて下さるなら、\nわたしが教えて差し上げますけど？,,pendente,
mev08_160.scr:8,mev08_160.scr,8,49,ルーク,personagem,8,68,,CRLF x2,はあ？　何言ってんだ。\n俺は、ここで働かせてくれなんて\n頼んでねーぞ,,pendente,
mev08_160.scr:9,mev08_160.scr,9,56,ヴァン,personagem,9,84,,CRLF x2,だが、今ライマ国は動乱の最中だ。\n王位継承者であるお前達を\n連れて戻るわけにはいかん,,pendente,
mev08_160.scr:10,mev08_160.scr,10,62,アンジュ,personagem,10,28,,,まあ、王位継承者なのですか…,,pendente,
mev08_160.scr:11,mev08_160.scr,11,62,アンジュ,personagem,11,56,,CRLF x1,そう言えば、お顔がそっくりだけれど、\n双子…なのかしら？,,pendente,
mev08_160.scr:12,mev08_160.scr,12,52,ジェイド,personagem,12,36,,CRLF x1,ええ。\n二人は、ファブレ公爵家の子息,,pendente,
mev08_160.scr:13,mev08_160.scr,13,52,ジェイド,personagem,13,60,,CRLF x1,ルークが兄で第一継承者。\nアッシュが弟で第二継承者になります,,pendente,
mev08_160.scr:14,mev08_160.scr,14,52,ジェイド,personagem,14,108,,CRLF x2,彼らはヴァンの指導の下にて、王族にのみ\n伝えられるアルバート流の剣術を授かる為に、\n修行の旅に出ていたのです,,pendente,
mev08_160.scr:15,mev08_160.scr,15,52,ジェイド,personagem,15,62,,CRLF x1,アンジュには既に話しましたが、\nしばらくライマには戻れませんし,,pendente,
mev08_160.scr:16,mev08_160.scr,16,52,ジェイド,personagem,16,58,,CRLF x1,ここで修行の延長として働くのも、\n悪くないかと思いましてね,,pendente,
mev08_160.scr:17,mev08_160.scr,17,52,ジェイド,personagem,17,50,,CRLF x1,そういうわけで、あなた方をこの船に\n呼んだのですよ,,pendente,
mev08_160.scr:18,mev08_160.scr,18,62,アンジュ,personagem,18,64,,CRLF x1,それじゃあ、事情がわかったところで\n意思確認をさせてもらおうかな,,pendente,
mev08_160.scr:19,mev08_160.scr,19,62,アンジュ,personagem,19,46,,CRLF x1,あなた方、\nアドリビトムで働く気はあるかしら？,,pendente,
mev08_160.scr:20,mev08_160.scr,20,55,アッシュ,personagem,20,36,,CRLF x1,ちっ…。\n他に選択肢はないんだろう？,,pendente,
mev08_160.scr:21,mev08_160.scr,21,49,ルーク,personagem,21,74,,CRLF x2,冗談じゃねえ。\n何で俺がそんな下々がやる様な仕事\nやんなきゃなんねーんだよ,,pendente,
mev08_160.scr:22,mev08_160.scr,22,62,アンジュ,personagem,22,38,,CRLF x1,あっ、そう。\nじゃあ、お引取り下さいな,,pendente,
mev08_160.scr:23,mev08_160.scr,23,62,アンジュ,personagem,23,38,,,働かない人を養う程、ウチは楽じゃないの,,pendente,
mev08_160.scr:24,mev08_160.scr,24,49,ルーク,personagem,24,10,,,なっ…！！,,pendente,
mev08_160.scr:25,mev08_160.scr,25,56,ヴァン,personagem,25,20,,,ルーク、これも修行だ,,pendente,
mev08_160.scr:26,mev08_160.scr,26,56,ヴァン,personagem,26,78,,CRLF x1,王となるべき者、民衆がどの様な助けを\n欲しているのかを知るいい機会になるだろう,,pendente,
mev08_160.scr:27,mev08_160.scr,27,49,ルーク,personagem,27,62,,CRLF x2,わーかったよ！\n師匠がそう言うんなら、修行として\n働いてやるよ,,pendente,
mev08_160.scr:28,mev08_160.scr,28,62,アンジュ,personagem,28,70,,CRLF x2,ふふふ。\nそれじゃあ、あなた達をアドリビトムの\nメンバーとして迎えます,,pendente,
mev08_160.scr:29,mev08_160.scr,29,62,アンジュ,personagem,29,36,,,これからしっかり働いてちょうだいね！,,pendente,
mev08_160.scr:30,mev08_160.scr,30,,(mensagem de sistema),sistema,30,34,,,ルークがアドリビトムに加入しました,,pendente,
mev08_160.scr:31,mev08_160.scr,31,,(mensagem de sistema),sistema,31,36,,,アッシュがアドリビトムに加入しました,,pendente,
mev08_160.scr:32,mev08_160.scr,32,,(mensagem de sistema),sistema,32,34,,,ヴァンがアドリビトムに加入しました,,pendente,
mev08_170.scr:0,mev08_170.scr,0,24,チャット,personagem,0,60,,CRLF x1,アンジュさん、霊峰アブソールでの\n着陸場所が見つかりましたよ,,pendente,
mev08_170.scr:1,mev08_170.scr,1,62,アンジュ,personagem,1,26,,,そう、いい場所があったのね,,pendente,
mev08_170.scr:2,mev08_170.scr,2,24,チャット,personagem,2,48,,CRLF x1,指示があれば、\nすぐにでも船を降ろす事が出来ます,,pendente,
mev08_170.scr:3,mev08_170.scr,3,62,アンジュ,personagem,3,10,,,ありがとう,,pendente,
mev08_170.scr:4,mev08_170.scr,4,62,アンジュ,personagem,4,38,,,これで、いよいよ精霊に会いに行けるのね,,pendente,
mev08_170.scr:5,mev08_170.scr,5,62,アンジュ,personagem,5,40,,,それじゃあ、早速依頼を出しておきましょう,,pendente,
mev09_010.scr:0,mev09_010.scr,0,62,アンジュ,personagem,0,82,,CRLF x2,しいなが提供してくれた\n資料の解読が済んで、やっと\n精霊に会いに行ける様になったの,,pendente,
mev09_010.scr:1,mev09_010.scr,1,62,アンジュ,personagem,1,82,,CRLF x2,今回、あなたには精霊に会って\nラザリスの事、世界の始まりの事を\n聞いてきてもらうね,,pendente,
mev09_010.scr:2,mev09_010.scr,2,62,アンジュ,personagem,2,82,,CRLF x2,行き先は、霊峰アブソールという雪山。\nエミル君とカイウス君に\n同行を頼んでいるから,,pendente,
mev09_010.scr:3,mev09_010.scr,3,62,アンジュ,personagem,3,22,,,それじゃあ、よろしくね,,pendente,
mev09_020.scr:0,mev09_020.scr,0,34,エミル,personagem,1,16,,,うわっ…、寒いね,,pendente,
mev09_020.scr:1,mev09_020.scr,1,57,カイウス,personagem,2,46,,CRLF x1,そうか？\nそこまでひどい寒さじゃないと思うけど,,pendente,
mev09_020.scr:2,mev09_020.scr,2,57,カイウス,personagem,3,52,,CRLF x1,それに、いざとなれば\nオレは獣人化して毛皮まとえるし,,pendente,
mev09_020.scr:3,mev09_020.scr,3,34,エミル,personagem,4,96,,CRLF x2,そうか、カイウスは獣人に変身出来る\nリカンツだったね。\n初めて変身した姿を見た時はびっくりしたな,,pendente,
mev09_020.scr:4,mev09_020.scr,4,57,カイウス,personagem,5,62,,CRLF x1,オレは、エミルが戦う時に出る\n妙な人格の方がびっくりしたけどな,,pendente,
mev09_020.scr:5,mev09_020.scr,5,34,エミル,personagem,6,18,,,あ…、ご、ごめん…,,pendente,
mev09_020.scr:6,mev09_020.scr,6,57,カイウス,personagem,7,40,,CRLF x1,いや、もう付き合い長いから\n慣れたけどさ,,pendente,
mev09_020.scr:7,mev09_020.scr,7,57,カイウス,personagem,8,100,,CRLF x2,それに、アドリビトムには\n人間だけじゃなくて、色んな種族がいるから、\n誰が珍しいっていうのはないよな,,pendente,
mev09_020.scr:8,mev09_020.scr,8,34,エミル,personagem,9,40,,CRLF x1,そうだね。\nそれに、種族の差を感じないし,,pendente,
mev09_020.scr:9,mev09_020.scr,9,57,カイウス,personagem,10,62,,CRLF x1,外から見れば、相当変わったギルドに\n見えてるかもしれないけどな,,pendente,
mev09_020.scr:10,mev09_020.scr,10,34,エミル,personagem,11,48,,CRLF x1,精霊も、そうかな？\nヒトとあまり変わらないのかな,,pendente,
mev09_020.scr:11,mev09_020.scr,11,34,エミル,personagem,14,76,,CRLF x2,何かありそうな気がするんだ。\nそう、やすやすと会ってくれるとも\n限らないし…,,pendente,
mev09_020.scr:12,mev09_020.scr,12,34,エミル,personagem,15,82,,CRLF x2,ヒトと心を通わせてくれるのかな…。\n僕は…、不安だな。\n何かありそうな気がするし…,,pendente,
mev09_020.scr:13,mev09_020.scr,13,,(opcao do jogador),escolha,12,22,,,よくわからない、と言う,,pendente,
mev09_020.scr:14,mev09_020.scr,14,,(opcao do jogador),escolha,13,26,,,ヒトと同じだと思う、と言う,,pendente,
mev09_030.scr:0,mev09_030.scr,0,57,カイウス,personagem,0,48,,CRLF x1,精霊は、マナが豊かな所にしか\nいられないんだろ？,,pendente,
mev09_030.scr:1,mev09_030.scr,1,57,カイウス,personagem,1,50,,CRLF x1,この山に精霊がいるなら、ここは\nマナが豊富なのかな,,pendente,
mev09_030.scr:2,mev09_030.scr,2,34,エミル,personagem,2,40,,CRLF x1,…ええっと。\nそういう事に…なるのかな？,,pendente,
mev09_030.scr:3,mev09_030.scr,3,34,エミル,personagem,3,80,,CRLF x1,土地がマナに恵まれる条件は二つあって、\nまず一つが、地下に世界樹の根が通ってる事,,pendente,
mev09_030.scr:4,mev09_030.scr,4,34,エミル,personagem,4,30,,,そして、もう一つは星晶がある事,,pendente,
mev09_030.scr:5,mev09_030.scr,5,57,カイウス,personagem,5,62,,CRLF x1,ここはどうなんだろうな。\nこんな寒い所に世界樹の根が伸びるかな,,pendente,
mev09_030.scr:6,mev09_030.scr,6,34,エミル,personagem,6,100,,CRLF x2,寒さとかは関係ないんじゃないかな。\n普通の樹じゃないんだから。\nマグマの中でも根は伸びてるって言うし,,pendente,
mev09_030.scr:7,mev09_030.scr,7,57,カイウス,personagem,7,88,,CRLF x2,星晶は、マナが物質化したものなんだろ。\n根が張ってない所にも星晶があるのは\n何でなんだ？,,pendente,
mev09_030.scr:8,mev09_030.scr,8,34,エミル,personagem,8,34,,,そ、そこまでは…僕にはわからないよ,,pendente,
mev09_030.scr:9,mev09_030.scr,9,34,エミル,personagem,9,68,,CRLF x1,でも、世界樹も成長の途中で…、世界中に\n根を伸ばしきれていないとか…,,pendente,
mev09_030.scr:10,mev09_030.scr,10,34,エミル,personagem,10,90,,CRLF x2,だから、世界中に根が張り尽くされるまで、\n世界樹はマナを物質化させる事で\n星晶を作って…、,,pendente,
mev09_030.scr:11,mev09_030.scr,11,34,エミル,personagem,11,70,,CRLF x1,根が張っていない土地に星晶を据えたって\nそういう「説」はあるみたいだね,,pendente,
mev09_030.scr:12,mev09_030.scr,12,57,カイウス,personagem,12,56,,CRLF x1,じゃあ、やっぱそういうのも含めて\n精霊に聞くしかないのか,,pendente,
mev09_040.scr:0,mev09_040.scr,0,34,エミル,personagem,2,16,,,だ、誰かいるよ…,,pendente,
mev09_040.scr:1,mev09_040.scr,1,57,カイウス,personagem,3,20,,,精霊じゃ無さそうだな,,pendente,
mev09_040.scr:2,mev09_040.scr,2,57,カイウス,personagem,4,54,,CRLF x1,でも、アンジュさんの指示じゃ\n目的地はここなんだけどな,,pendente,
mev09_040.scr:3,mev09_040.scr,3,36,リヒター,personagem,7,24,,,精霊を探している、だと？,,pendente,
mev09_040.scr:4,mev09_040.scr,4,34,エミル,personagem,8,26,,,…あ……、…その、僕達は…,,pendente,
mev09_040.scr:5,mev09_040.scr,5,34,エミル,personagem,9,44,,CRLF x1,…ギルドの者で…\n精霊を……探していて………,,pendente,
mev09_040.scr:6,mev09_040.scr,6,36,リヒター,personagem,10,44,,CRLF x1,精霊に会わせる事は出来ない。\n早々に立ち去れ,,pendente,
mev09_040.scr:7,mev09_040.scr,7,57,カイウス,personagem,11,78,,CRLF x2,でも、オレ達は精霊に\n聞かなきゃいけない事があるんだよ。\n話がしたいだけなんだ,,pendente,
mev09_040.scr:8,mev09_040.scr,8,36,リヒター,personagem,12,8,,,話だと？,,pendente,
mev09_040.scr:9,mev09_040.scr,9,36,リヒター,personagem,13,40,,,そんな嘘は、今まで訪れた者は皆言っていた,,pendente,
mev09_040.scr:10,mev09_040.scr,10,36,リヒター,personagem,14,86,,CRLF x2,お前達の目的は、精霊を捕え\n星晶がある場所を探知させる為に\n利用したいだけなのだろう？,,pendente,
mev09_040.scr:11,mev09_040.scr,11,34,エミル,personagem,15,14,,,い、いいえ……,,pendente,
mev09_040.scr:12,mev09_040.scr,12,34,エミル,personagem,16,24,,,そんな事は…、絶対に……,,pendente,
mev09_040.scr:13,mev09_040.scr,13,57,カイウス,personagem,17,20,,,精霊を知ってるんだな,,pendente,
mev09_040.scr:14,mev09_040.scr,14,57,カイウス,personagem,18,26,,,あんたこそ、何者なんだよ！,,pendente,
mev09_040.scr:15,mev09_040.scr,15,36,リヒター,personagem,20,78,,CRLF x2,俺は、リヒター・アーベント。\nここにいる精霊と契約し、\nこの地と精霊を守る者だ,,pendente,
mev09_040.scr:16,mev09_040.scr,16,36,リヒター,personagem,21,34,,,精霊に会いたくば、俺に勝ってみせろ,,pendente,
mev09_040.scr:17,mev09_040.scr,17,57,カイウス,personagem,22,12,,,そういう事か,,pendente,
mev09_040.scr:18,mev09_040.scr,18,57,カイウス,personagem,23,24,,,よし、行くぜ！　みんな！,,pendente,
mev09_040.scr:19,mev09_040.scr,19,36,リヒター,personagem,26,26,,,お前達、ここへ何しに来た…,,pendente,
mev09_040.scr:20,mev09_040.scr,20,34,エミル,personagem,27,26,,,…あ……、…その、僕達は…,,pendente,
mev09_040.scr:21,mev09_040.scr,21,34,エミル,personagem,28,44,,CRLF x1,…ギルドの者で…\n精霊を……探していて………,,pendente,
mev09_040.scr:22,mev09_040.scr,22,36,リヒター,personagem,29,44,,CRLF x1,精霊に会わせる事は出来ない。\n早々に立ち去れ,,pendente,
mev09_040.scr:23,mev09_040.scr,23,57,カイウス,personagem,30,78,,CRLF x2,でも、オレ達は精霊に\n聞かなきゃいけない事があるんだよ。\n話がしたいだけなんだ,,pendente,
mev09_040.scr:24,mev09_040.scr,24,36,リヒター,personagem,31,8,,,話だと？,,pendente,
mev09_040.scr:25,mev09_040.scr,25,36,リヒター,personagem,32,40,,,そんな嘘は、今まで訪れた者は皆言っていた,,pendente,
mev09_040.scr:26,mev09_040.scr,26,36,リヒター,personagem,33,86,,CRLF x2,お前達の目的は、精霊を捕え\n星晶がある場所を探知させる為に\n利用したいだけなのだろう？,,pendente,
mev09_040.scr:27,mev09_040.scr,27,34,エミル,personagem,34,14,,,い、いいえ……,,pendente,
mev09_040.scr:28,mev09_040.scr,28,34,エミル,personagem,35,24,,,そんな事は…、絶対に……,,pendente,
mev09_040.scr:29,mev09_040.scr,29,57,カイウス,personagem,36,20,,,精霊を知ってるんだな,,pendente,
mev09_040.scr:30,mev09_040.scr,30,57,カイウス,personagem,37,26,,,あんたこそ、何者なんだよ！,,pendente,
mev09_040.scr:31,mev09_040.scr,31,36,リヒター,personagem,39,78,,CRLF x2,俺は、リヒター・アーベント。\nここにいる精霊と契約し、\nこの地と精霊を守る者だ,,pendente,
mev09_040.scr:32,mev09_040.scr,32,36,リヒター,personagem,40,34,,,精霊に会いたくば、俺に勝ってみせろ,,pendente,
mev09_040.scr:33,mev09_040.scr,33,57,カイウス,personagem,41,12,,,そういう事か,,pendente,
mev09_040.scr:34,mev09_040.scr,34,57,カイウス,personagem,42,24,,,よし、行くぜ！　みんな！,,pendente,
mev09_040.scr:35,mev09_040.scr,35,,(opcao do jogador),escolha,5,28,,,男に精霊の居場所を聞いてみる,,pendente,
mev09_040.scr:36,mev09_040.scr,36,,(opcao do jogador),escolha,6,24,,,男を無視して、精霊を探す,,pendente,
mev09_050.scr:0,mev09_050.scr,0,36,リヒター,personagem,1,62,,CRLF x1,何度来ようと同じ事だ。\n精霊を守るという俺の役目は変わらない…,,pendente,
mev09_060.scr:0,mev09_060.scr,0,36,リヒター,personagem,2,12,,,………くっ！,,pendente,
mev09_060.scr:1,mev09_060.scr,1,34,エミル,personagem,3,60,,CRLF x2,僕…、僕達は……、\n精霊を捕らえようなんて\n思ってなくて……,,pendente,
mev09_060.scr:2,mev09_060.scr,2,34,エミル,personagem,4,80,,CRLF x2,本当に、ただ、話をしたくて…。\nすみません、それが済んだら\nすぐに帰りますから…,,pendente,
mev09_060.scr:3,mev09_060.scr,3,34,エミル,personagem,5,74,,CRLF x2,そ、それより…あなたに手当てを……。\nすみません…！\n今、手当てをします…,,pendente,
mev09_060.scr:4,mev09_060.scr,4,25,セルシウス,personagem,6,54,,CRLF x1,闘気をおさめて、リヒター。\nそのヒト達は、敵ではないわ,,pendente,
mev09_060.scr:5,mev09_060.scr,5,25,セルシウス,personagem,8,28,,,わたしは、氷の精霊セルシウス,,pendente,
mev09_060.scr:6,mev09_060.scr,6,25,セルシウス,personagem,9,30,,,あなた達が知りたい事に答えるわ,,pendente,
mev09_070.scr:0,mev09_070.scr,0,57,カイウス,personagem,1,56,,CRLF x1,ええっと、じゃあまず世界の始まり、\n創世の時についてかな,,pendente,
mev09_070.scr:1,mev09_070.scr,1,25,セルシウス,personagem,2,10,,,創世の時…,,pendente,
mev09_070.scr:2,mev09_070.scr,2,25,セルシウス,personagem,3,44,,CRLF x1,ごめんなさい。\nそれについては答えられないわ,,pendente,
mev09_070.scr:3,mev09_070.scr,3,34,エミル,personagem,4,22,,,ええっ！？　そんなぁ…,,pendente,
mev09_070.scr:4,mev09_070.scr,4,25,セルシウス,personagem,5,54,,CRLF x1,だって、精霊にも世界の始まりの事は\nわからないんだもの,,pendente,
mev09_070.scr:5,mev09_070.scr,5,25,セルシウス,personagem,6,48,,CRLF x1,精霊という存在は、\n世界が創られた後に生まれた者,,pendente,
mev09_070.scr:6,mev09_070.scr,6,25,セルシウス,personagem,7,60,,CRLF x1,わたし達は、マナを自然界の現象に\n作用させる為に生まれたのよ,,pendente,
mev09_070.scr:7,mev09_070.scr,7,25,セルシウス,personagem,8,64,,CRLF x1,そして、星晶により封じられていた\n「あの存在」の事しか知らないわ,,pendente,
mev09_070.scr:8,mev09_070.scr,8,57,カイウス,personagem,9,18,,,あの存在って何だ？,,pendente,
mev09_070.scr:9,mev09_070.scr,9,25,セルシウス,personagem,10,30,,,わたし達、精霊にもわからないの,,pendente,
mev09_070.scr:10,mev09_070.scr,10,25,セルシウス,personagem,11,58,,CRLF x1,ただ、精霊が生まれる以前に、\n既にこの世界にいたものの様よ,,pendente,
mev09_070.scr:11,mev09_070.scr,11,25,セルシウス,personagem,12,46,,CRLF x1,精霊ですら届かない次元にいる、\n何か歪んだ力…,,pendente,
mev09_070.scr:12,mev09_070.scr,12,25,セルシウス,personagem,13,68,,CRLF x1,そして、それが大きな災厄となる事を、\n本能的に察知しているだけなのよ,,pendente,
mev09_070.scr:13,mev09_070.scr,13,34,エミル,personagem,14,60,,CRLF x1,大きな災厄になる、歪んだ力…。\nそれを、星晶が封じていたの？,,pendente,
mev09_070.scr:14,mev09_070.scr,14,25,セルシウス,personagem,15,70,,CRLF x1,けれど、その封印は解かれてしまったわ。\n星晶を人々が採り尽くした事で…,,pendente,
mev09_070.scr:15,mev09_070.scr,15,34,エミル,personagem,16,12,,,……やっぱり,,pendente,
mev09_070.scr:16,mev09_070.scr,16,34,エミル,personagem,17,28,,,いい話じゃないとは思ってた…,,pendente,
mev09_070.scr:17,mev09_070.scr,17,25,セルシウス,personagem,18,48,,CRLF x1,だから、\n世界樹は「あなた」を遣わせたのかしら？,,pendente,
mev09_070.scr:18,mev09_070.scr,18,57,カイウス,personagem,21,8,,,オレ…？,,pendente,
mev09_070.scr:19,mev09_070.scr,19,25,セルシウス,personagem,22,6,,,いいえ,,pendente,
mev09_070.scr:20,mev09_070.scr,20,34,エミル,personagem,23,28,,,ぼ…、僕でもないと思うけど…,,pendente,
mev09_070.scr:21,mev09_070.scr,21,25,セルシウス,personagem,24,12,,,ええ、違うわ,,pendente,
mev09_070.scr:22,mev09_070.scr,22,25,セルシウス,personagem,25,26,,,あなたの事よ、ディセンダー,,pendente,
mev09_070.scr:23,mev09_070.scr,23,57,カイウス,personagem,26,12,,,○○、って…,,pendente,
mev09_070.scr:24,mev09_070.scr,24,57,カイウス,personagem,27,36,,CRLF x1,えええ！！！\nディセンダーだって！？,,pendente,
mev09_070.scr:25,mev09_070.scr,25,34,エミル,personagem,28,38,,,あ……、じゃあ記憶が無いっていうのは…,,pendente,
mev09_070.scr:26,mev09_070.scr,26,34,エミル,personagem,29,64,,CRLF x2,予言で言う通り、\n世界樹から生まれて\n何も知らないからだったんだ,,pendente,
mev09_070.scr:27,mev09_070.scr,27,36,リヒター,personagem,30,56,,CRLF x1,そういう事か、セルシウス。\n…こいつがディセンダーとはな,,pendente,
mev09_070.scr:28,mev09_070.scr,28,25,セルシウス,personagem,31,34,,,世界樹の福音を受けし、光まとう者…,,pendente,
mev09_070.scr:29,mev09_070.scr,29,25,セルシウス,personagem,32,34,,,わたしも、あなたに与して力を貸すわ,,pendente,
mev09_070.scr:30,mev09_070.scr,30,25,セルシウス,personagem,33,102,,CRLF x2,あの存在が、どんな災厄かはわからないし、\n何を目的としているのか、\nわたし達精霊にもわからないけれど…,,pendente,
mev09_070.scr:31,mev09_070.scr,31,57,カイウス,personagem,34,60,,CRLF x1,もしかして、その災厄ってのは\n「ラザリス」の事じゃないのか？,,pendente,
mev09_070.scr:32,mev09_070.scr,32,25,セルシウス,personagem,35,14,,,…ラザリス…？,,pendente,
mev09_070.scr:33,mev09_070.scr,33,25,セルシウス,personagem,36,8,,,そうね…,,pendente,
mev09_070.scr:34,mev09_070.scr,34,25,セルシウス,personagem,37,64,,CRLF x2,ねえ、リヒター。\nこの地を守るだけでは\n済みそうにないみたいだわ,,pendente,
mev09_070.scr:35,mev09_070.scr,35,36,リヒター,personagem,38,12,,,その様だな…,,pendente,
mev09_070.scr:36,mev09_070.scr,36,25,セルシウス,personagem,39,88,,CRLF x2,ディセンダー。\nわたしもあなたに付いていくわ。\n解き放たれた災厄より、この世界を守る為に,,pendente,
mev09_070.scr:37,mev09_070.scr,37,36,リヒター,personagem,40,8,,,案内しろ,,pendente,
mev09_070.scr:38,mev09_070.scr,38,34,エミル,personagem,41,6,,,え…？,,pendente,
mev09_070.scr:39,mev09_070.scr,39,36,リヒター,personagem,42,22,,,お前達の拠点へ案内しろ,,pendente,
mev09_070.scr:40,mev09_070.scr,40,34,エミル,personagem,43,16,,,は、はいっ…！！,,pendente,
mev09_070.scr:41,mev09_070.scr,41,,(opcao do jogador),escolha,19,30,,,「あなた」とは誰か、と聞き返す,,pendente,
mev09_070.scr:42,mev09_070.scr,42,,(opcao do jogador),escolha,20,22,,,カイウスとエミルを見る,,pendente,
mev09_080.scr:0,mev09_080.scr,0,62,アンジュ,personagem,0,54,,CRLF x2,まさか、あなたが\nディセンダーだったなんて…。\n………,,pendente,
mev09_080.scr:1,mev09_080.scr,1,62,アンジュ,personagem,1,84,,CRLF x2,ごめんなさい、何と言うか…、\nあまりにも驚いてしまって、\n上手く言葉が出て来ないの…,,pendente,
mev09_080.scr:2,mev09_080.scr,2,62,アンジュ,personagem,4,50,,CRLF x2,そうよね。\n一番、戸惑っているのは\nあなたの方よね,,pendente,
mev09_080.scr:3,mev09_080.scr,3,62,アンジュ,personagem,5,56,,CRLF x2,え、ええ…。\nそうよね、\nこういう時こそ落ち着かないと…,,pendente,
mev09_080.scr:4,mev09_080.scr,4,57,カイウス,personagem,6,60,,CRLF x2,ってもなぁ。\n取り立てて、オレ達と違う所なんて\nないのになぁ,,pendente,
mev09_080.scr:5,mev09_080.scr,5,60,イリア,personagem,7,16,,,いーや、あるわよ,,pendente,
mev09_080.scr:6,mev09_080.scr,6,60,イリア,personagem,8,62,,CRLF x1,だって、あんた生物変化を起こした\nジョアン達を元に戻したでしょ,,pendente,
mev09_080.scr:7,mev09_080.scr,7,60,イリア,personagem,9,36,,,あれがきっと、ディセンダーの力なのよ,,pendente,
mev09_080.scr:8,mev09_080.scr,8,62,アンジュ,personagem,10,44,,CRLF x1,そういえば、\n「暁の従者」の人達もあなたが…,,pendente,
mev09_080.scr:9,mev09_080.scr,9,34,エミル,personagem,11,92,,CRLF x2,あの、アンジュさん。\n部屋へ案内するって伝えたんだけど、\nセルシウスさんは、甲板がいいって…,,pendente,
mev09_080.scr:10,mev09_080.scr,10,62,アンジュ,personagem,12,72,,CRLF x2,了解よ、エミル君。\n氷の精霊だから、少しでも涼しい場所が\nいいのかしらね,,pendente,
mev09_080.scr:11,mev09_080.scr,11,62,アンジュ,personagem,13,68,,CRLF x2,とりあえず、○○。\nあなたの話は、また近いうちにする事に\nしましょう,,pendente,
mev09_080.scr:12,mev09_080.scr,12,62,アンジュ,personagem,14,38,,CRLF x1,今は、セルシウスから\n話を聞かないとね,,pendente,
mev09_080.scr:13,mev09_080.scr,13,62,アンジュ,personagem,15,72,,CRLF x1,先に甲板へ訪ねておいてくれるかしら？\nわたしは、リタを呼んでから行くから,,pendente,
mev09_080.scr:14,mev09_080.scr,14,,(opcao do jogador),escolha,2,28,,,自分も戸惑っている事を伝える,,pendente,
mev09_080.scr:15,mev09_080.scr,15,,(opcao do jogador),escolha,3,16,,,落ち付く様に諭す,,pendente,
mev09_090.scr:0,mev09_090.scr,0,62,アンジュ,personagem,1,56,,CRLF x1,さて、セルシウス。\n色々、あなたから話を聞きたいんだけど,,pendente,
mev09_090.scr:1,mev09_090.scr,1,62,アンジュ,personagem,2,50,,CRLF x1,そうね、まず星晶に封じられていた\n「災厄」について,,pendente,
mev09_090.scr:2,mev09_090.scr,2,25,セルシウス,personagem,3,94,,CRLF x2,そちらの話も、エミルに聞いたわ。\nあなた達が、ラザリスと呼ぶ者。\nそれがきっと、災厄でしょうね,,pendente,
mev09_090.scr:3,mev09_090.scr,3,62,アンジュ,personagem,4,60,,CRLF x1,ラザリスは自分の事を、\n「誕生するはずだった世界」と言ったの,,pendente,
mev09_090.scr:4,mev09_090.scr,4,62,アンジュ,personagem,5,110,,CRLF x2,その「誕生するはずだった世界」がなぜ、\nこの世界ルミナシアに封じられていたのか、\nどういう災厄になっていくのか,,pendente,
mev09_090.scr:5,mev09_090.scr,5,62,アンジュ,personagem,6,18,,,それについては…？,,pendente,
mev09_090.scr:6,mev09_090.scr,6,25,セルシウス,personagem,7,42,,CRLF x1,いえ。\nその様な事までは、精霊も知らないわ,,pendente,
mev09_090.scr:7,mev09_090.scr,7,67,リタ,personagem,8,42,,CRLF x1,ともかく、星晶の採掘が\n引き金だったわけね,,pendente,
mev09_090.scr:8,mev09_090.scr,8,67,リタ,personagem,9,66,,CRLF x2,はぁ…。\n知らなかったとはいえ、\nこんな事態を引き起こすなんてね…,,pendente,
mev09_090.scr:9,mev09_090.scr,9,67,リタ,personagem,10,36,,,今から採掘を止めても、手遅れみたいね,,pendente,
mev09_090.scr:10,mev09_090.scr,10,25,セルシウス,personagem,11,32,,,「生まれるはずだった世界」、ね…,,pendente,
mev09_090.scr:11,mev09_090.scr,11,25,セルシウス,personagem,12,58,,CRLF x1,そういえば、この世の創世に\n立ち会った者がいたらしいけれど,,pendente,
mev09_090.scr:12,mev09_090.scr,12,67,リタ,personagem,13,22,,,そんなヒトがいるわけ？,,pendente,
mev09_090.scr:13,mev09_090.scr,13,25,セルシウス,personagem,14,64,,CRLF x2,創世に立ち会ったのは、\nもちろんヒトではないわ。\n精霊でもないの,,pendente,
mev09_090.scr:14,mev09_090.scr,14,25,セルシウス,personagem,15,70,,CRLF x2,そして、その存在から、\n創世の時について聞いたのが\n「ヒトの祖」なのよ,,pendente,
mev09_090.scr:15,mev09_090.scr,15,67,リタ,personagem,16,16,,,「ヒトの祖」…？,,pendente,
mev09_090.scr:16,mev09_090.scr,16,62,アンジュ,personagem,17,82,,CRLF x2,何だか話が長くなりそうね。\nリタ、この話については、\nあなたが聞いておいてくれる？,,pendente,
mev09_090.scr:17,mev09_090.scr,17,67,リタ,personagem,18,10,,,わかったわ,,pendente,
mev09_090.scr:18,mev09_090.scr,18,62,アンジュ,personagem,19,86,,CRLF x2,それじゃあ、セルシウスとリヒターさんは\n今後ギルドの人員となるよう、\n手続きをするわね,,pendente,
mev09_090.scr:19,mev09_090.scr,19,,(mensagem de sistema),sistema,20,38,,,セルシウスがアドリビトムに加入しました,,pendente,
mev09_090.scr:20,mev09_090.scr,20,,(mensagem de sistema),sistema,21,36,,,リヒターがアドリビトムに加入しました,,pendente,
mev09_100.scr:0,mev09_100.scr,0,67,リタ,personagem,0,36,,,セルシウスから聞いた事を伝えに来たわ,,pendente,
mev09_100.scr:1,mev09_100.scr,1,67,リタ,personagem,1,48,,CRLF x1,かなりぶっ飛んだ内容だけど、\n一応話しておくから,,pendente,
mev09_100.scr:2,mev09_100.scr,2,62,アンジュ,personagem,2,54,,CRLF x1,創世の時について伝え聞いた、という\n「ヒトの祖」の事ね,,pendente,
mev09_100.scr:3,mev09_100.scr,3,67,リタ,personagem,3,68,,CRLF x2,遥か太古…。\nあたし達ヒトは、精霊に近い非物質の\n存在だったらしいわ,,pendente,
mev09_100.scr:4,mev09_100.scr,4,62,アンジュ,personagem,4,64,,CRLF x1,太古のヒト、今のわたし達の先祖は\n肉体を持っていなかったって事？,,pendente,
mev09_100.scr:5,mev09_100.scr,5,67,リタ,personagem,5,76,,CRLF x2,…そ。\nそして、物質体を自分達で設計して\n今あるヒトとして、地上に増え栄えた,,pendente,
mev09_100.scr:6,mev09_100.scr,6,67,リタ,personagem,6,74,,CRLF x1,これはつまり、「ヒトの祖」ってのは、\nドクメントだけの存在だったという事よ,,pendente,
mev09_100.scr:7,mev09_100.scr,7,67,リタ,personagem,7,68,,CRLF x1,自分達のヒトたる姿や構造まで設計して、\n非物質から物質体を生み出した,,pendente,
mev09_100.scr:8,mev09_100.scr,8,67,リタ,personagem,8,48,,CRLF x1,あたかもミブナの里に伝わる人工精霊を\n創る様に…,,pendente,
mev09_100.scr:9,mev09_100.scr,9,67,リタ,personagem,9,92,,CRLF x2,だとすると、ソウルアルケミーは、\nその当時にあった技術で、現代まで\n細々と伝わっていたわけね,,pendente,
mev09_100.scr:10,mev09_100.scr,10,62,アンジュ,personagem,10,74,,CRLF x1,でも、結局その創世の時の事を知る\n非物質の「ヒトの祖」は今、いないんでしょ,,pendente,
mev09_100.scr:11,mev09_100.scr,11,67,リタ,personagem,11,58,,CRLF x1,でも、「ヒトの祖」が残した遺構なら\n知っていると言ってたわ,,pendente,
mev09_100.scr:12,mev09_100.scr,12,62,アンジュ,personagem,12,6,,,遺構？,,pendente,
mev09_100.scr:13,mev09_100.scr,13,67,リタ,personagem,13,108,,CRLF x2,天空にある宮殿、ヴェラトローパよ。\n「ヒトの祖」、ヴェラトローパの民が\nその身を物質とするまで居た場所だって,,pendente,
mev09_100.scr:14,mev09_100.scr,14,62,アンジュ,personagem,14,52,,CRLF x1,そこにヒントがあるとしても、\nそれも非物質なんでしょ,,pendente,
mev09_100.scr:15,mev09_100.scr,15,67,リタ,personagem,15,18,,,そうね、そういう事,,pendente,
mev09_100.scr:16,mev09_100.scr,16,67,リタ,personagem,16,56,,CRLF x1,ヴェラトローパは精霊と次元を\n同じくした時もあったけど、,,pendente,
mev09_100.scr:17,mev09_100.scr,17,67,リタ,personagem,17,74,,CRLF x1,ヴェラトローパの民が地上へ下りる時に、\nさらに次元を隔てて隠されたらしいわ,,pendente,
mev09_100.scr:18,mev09_100.scr,18,62,アンジュ,personagem,18,42,,CRLF x1,非物質じゃあ、\n存在しないのと一緒じゃない,,pendente,
mev09_100.scr:19,mev09_100.scr,19,67,リタ,personagem,19,36,,CRLF x1,いや、待って…。\n非物質を物質に……,,pendente,
mev09_100.scr:20,mev09_100.scr,20,62,アンジュ,personagem,20,16,,,何かいい案でも？,,pendente,
mev09_100.scr:21,mev09_100.scr,21,67,リタ,personagem,21,40,,CRLF x1,ん…。\nちょっと、ハロルドと話してみるわ,,pendente,
mev09_110.scr:0,mev09_110.scr,0,86,カノンノ,personagem,1,56,,CRLF x2,○○…。\nもう、絵を見る\n必要はなくなっちゃったかな……,,pendente,
mev09_110.scr:1,mev09_110.scr,1,60,イリア,personagem,2,68,,CRLF x1,そーね、予言通りなら生まれたばっかで\n記憶が無くて当たり前なんでしょ,,pendente,
mev09_110.scr:2,mev09_110.scr,2,60,イリア,personagem,3,28,,,思い出すモンも無いんじゃねぇ,,pendente,
mev09_110.scr:3,mev09_110.scr,3,86,カノンノ,personagem,4,8,,,イリア…,,pendente,
mev09_110.scr:4,mev09_110.scr,4,60,イリア,personagem,7,98,,CRLF x2,（まー、そうじゃなくても、\n　カノンノの変な絵が、記憶のアテに\n　なってたかも怪しいと思うけど…）,,pendente,
mev09_110.scr:5,mev09_110.scr,5,60,イリア,personagem,8,12,,,ところでさー,,pendente,
mev09_110.scr:6,mev09_110.scr,6,60,イリア,personagem,9,118,,CRLF x2,あんたが、世界を危機から救う為に現れた\nディセンダーなら、これからどんな災厄が\n訪れるのかとか、知ってたりしないワケ？,,pendente,
mev09_110.scr:7,mev09_110.scr,7,60,イリア,personagem,12,30,,,はーぁ？　何も知らないっての？,,pendente,
mev09_110.scr:8,mev09_110.scr,8,60,イリア,personagem,13,74,,CRLF x2,調子狂うわー。\nディセンダーつっても\nあんまり当てにしない方が良さそうねー,,pendente,
mev09_110.scr:9,mev09_110.scr,9,86,カノンノ,personagem,14,6,,,………,,pendente,
mev09_110.scr:10,mev09_110.scr,10,86,カノンノ,personagem,17,16,,,見て…くれるの？,,pendente,
mev09_110.scr:11,mev09_110.scr,11,86,カノンノ,personagem,18,48,,CRLF x1,うん！　じゃあ描くよ。\nたくさん、たくさん描く！,,pendente,
mev09_110.scr:12,mev09_110.scr,12,86,カノンノ,personagem,19,6,,,○○…,,pendente,
mev09_110.scr:13,mev09_110.scr,13,86,カノンノ,personagem,20,16,,,うん、ありがと…,,pendente,
mev09_110.scr:14,mev09_110.scr,14,86,カノンノ,personagem,21,50,,CRLF x1,あなたが好きと言ってくれるなら、\nいくらでも描くよ,,pendente,
mev09_110.scr:15,mev09_110.scr,15,86,カノンノ,personagem,22,66,,CRLF x1,私も…、あの勝手に見えてくる\n知らない風景ばかり描いてちゃダメだな,,pendente,
mev09_110.scr:16,mev09_110.scr,16,86,カノンノ,personagem,23,62,,CRLF x1,あなたが飛びっきり気に入ってくれる様な絵が\n描けたらいいなぁ…,,pendente,
mev09_110.scr:17,mev09_110.scr,17,,(opcao do jogador),escolha,5,20,,,否定出来ないので黙る,,pendente,
mev09_110.scr:18,mev09_110.scr,18,,(opcao do jogador),escolha,6,22,,,カノンノに微笑んでおく,,pendente,
mev09_110.scr:19,mev09_110.scr,19,,(opcao do jogador),escolha,10,20,,,何も知らない、と言う,,pendente,
mev09_110.scr:20,mev09_110.scr,20,,(opcao do jogador),escolha,11,4,,,黙る,,pendente,
mev09_110.scr:21,mev09_110.scr,21,,(opcao do jogador),escolha,15,22,,,また絵が見たいと伝える,,pendente,
mev09_110.scr:22,mev09_110.scr,22,,(opcao do jogador),escolha,16,30,,,カノンノの絵が好きな事を伝える,,pendente,
mev09_120.scr:0,mev09_120.scr,0,67,リタ,personagem,0,38,,,ヴェラトローパへ行く方法を考えてみたの,,pendente,
mev09_120.scr:1,mev09_120.scr,1,67,リタ,personagem,1,46,,CRLF x1,今、セルシウスが実体化して\nここに居るでしょ？,,pendente,
mev09_120.scr:2,mev09_120.scr,2,67,リタ,personagem,2,98,,CRLF x2,それをヒントにソウルアルケミーを応用して、\nヴェラトローパを物質世界に呼び込んで\nみよう、ってわけ,,pendente,
mev09_120.scr:3,mev09_120.scr,3,19,ハロルド,personagem,5,70,,CRLF x2,シンプルに考えていいわよ。\n要は、非物質のものを\n物質にするだけだから,,pendente,
mev09_120.scr:4,mev09_120.scr,4,19,ハロルド,personagem,6,50,,CRLF x1,ふふん♪\n不可能を可能にする事が面白いんじゃない！,,pendente,
mev09_120.scr:5,mev09_120.scr,5,19,ハロルド,personagem,7,36,,CRLF x1,私の辞書に、\n不可能の文字はないわ！,,pendente,
mev09_120.scr:6,mev09_120.scr,6,25,セルシウス,personagem,8,78,,CRLF x2,精霊は元々姿もなく、\nあまねくものに浸透出来る精妙なもの。\n本来は非物質なのよ,,pendente,
mev09_120.scr:7,mev09_120.scr,7,25,セルシウス,personagem,9,72,,CRLF x2,己を構成する情報…、\nつまりドクメントの波動を\n濃密にすれば物質になるの,,pendente,
mev09_120.scr:8,mev09_120.scr,8,19,ハロルド,personagem,10,66,,CRLF x1,そういや、マナに恵まれた土地を\n離れていて、どうして存在出来てるの,,pendente,
mev09_120.scr:9,mev09_120.scr,9,25,セルシウス,personagem,11,44,,CRLF x1,ディセンダーの近くにいれば、\n大丈夫だからよ,,pendente,
mev09_120.scr:10,mev09_120.scr,10,19,ハロルド,personagem,12,54,,CRLF x2,そんなものなの。\n便利なのか不便なのか\nわかんないわね,,pendente,
mev09_120.scr:11,mev09_120.scr,11,25,セルシウス,personagem,13,70,,CRLF x2,ヴェラトローパは\n物質世界と重なる様に、\n非物質の状態で現存しているわ,,pendente,
mev09_120.scr:12,mev09_120.scr,12,19,ハロルド,personagem,14,64,,CRLF x1,で、これからヴェラトローパの\n次元振動数を変えて、物質化させるの,,pendente,
mev09_120.scr:13,mev09_120.scr,13,19,ハロルド,personagem,15,28,,,あんたも甲板にいらっしゃい♪,,pendente,
mev09_120.scr:14,mev09_120.scr,14,,(opcao do jogador),escolha,3,30,,,理解出来ない様子で首をかしげる,,pendente,
mev09_120.scr:15,mev09_120.scr,15,,(opcao do jogador),escolha,4,18,,,可能なのかと尋ねる,,pendente,
mev09_130.scr:0,mev09_130.scr,0,19,ハロルド,personagem,1,34,,,んじゃ、ちゃっちゃと始めちゃうわね,,pendente,
mev09_130.scr:1,mev09_130.scr,1,19,ハロルド,personagem,2,46,,CRLF x1,何も起きないわねぇ。\n触媒が足りなかったかしら,,pendente,
mev09_130.scr:2,mev09_130.scr,2,14,カイル,personagem,4,20,,,わぁぁぁぁぁぁぁ！！,,pendente,
mev09_130.scr:3,mev09_130.scr,3,15,リアラ,personagem,6,12,,,きゃああああ,,pendente,
mev09_130.scr:4,mev09_130.scr,4,16,ロニ,personagem,8,22,,,うおおおおおおおおおお,,pendente,
mev09_130.scr:5,mev09_130.scr,5,19,ハロルド,personagem,9,16,,,今の音、なぁに？,,pendente,
mev09_130.scr:6,mev09_130.scr,6,67,リタ,personagem,10,6,,,さあ？,,pendente,
mev09_130.scr:7,mev09_130.scr,7,67,リタ,personagem,11,64,,CRLF x1,そんな事より、その装置はまだ\n手を加えないといけないんじゃないの,,pendente,
mev09_130.scr:8,mev09_130.scr,8,19,ハロルド,personagem,12,32,,,やっぱ、もうちょっと改良が必要ね,,pendente,
mev09_130.scr:9,mev09_130.scr,9,19,ハロルド,personagem,13,18,,,じゃあ、撤収撤収〜,,pendente,
mev09_140.scr:0,mev09_140.scr,0,62,アンジュ,personagem,0,16,,,人が落ちて来た？,,pendente,
mev09_140.scr:1,mev09_140.scr,1,90,ロックス,personagem,1,54,,CRLF x1,ええ、展望室の上に。\nさっき、スゴイ音がしたでしょう？,,pendente,
mev09_140.scr:2,mev09_140.scr,2,86,カノンノ,personagem,2,82,,CRLF x2,ロックス。\nさっきの人達を、医務室へ運んだよ。\n大きなケガとかは無い様子だったけど,,pendente,
mev09_140.scr:3,mev09_140.scr,3,90,ロックス,personagem,3,64,,CRLF x1,そうですか、安心しました。\nあとは、アニー様が見てくれるでしょう,,pendente,
mev09_140.scr:4,mev09_140.scr,4,62,アンジュ,personagem,4,30,,,まあ、空からだなんて珍しい客ね,,pendente,
mev09_140.scr:5,mev09_140.scr,5,62,アンジュ,personagem,5,20,,,って、○○もだったか,,pendente,
mev09_140.scr:6,mev09_140.scr,6,62,アンジュ,personagem,6,60,,CRLF x1,わたしも、最近はどんな客が来ても、\n動じなくなってきたなぁ…,,pendente,
mev09_140.scr:7,mev09_140.scr,7,62,アンジュ,personagem,7,34,,,さて、ちょっと顔を出して来ようかな,,pendente,
mev09_140.scr:8,mev09_140.scr,8,62,アンジュ,personagem,8,28,,CRLF x1,○○、\nあなたもいらっしゃい,,pendente,
mev09_150.scr:0,mev09_150.scr,0,42,アニー,personagem,1,56,,CRLF x1,はい、皆さん大丈夫ですよ。\n幸い、軽い傷で済みましたから,,pendente,
mev09_150.scr:1,mev09_150.scr,1,42,アニー,personagem,2,38,,,それにしても、空から落ちてくるなんて…,,pendente,
mev09_150.scr:2,mev09_150.scr,2,15,リアラ,personagem,3,58,,CRLF x2,はい。\nわたし達は…、\nある人と戦っていたはずなんですが…,,pendente,
mev09_150.scr:3,mev09_150.scr,3,14,カイル,personagem,4,90,,CRLF x2,急に地面が無くなって、\n一瞬まぶしい光に包まれたと思ったら\nこの船に向かって落下してたんだ,,pendente,
mev09_150.scr:4,mev09_150.scr,4,16,ロニ,personagem,5,48,,CRLF x1,なあ…。\nこれって、やっぱり夢なんじゃねえのか？,,pendente,
mev09_150.scr:5,mev09_150.scr,5,42,アニー,personagem,6,70,,CRLF x2,そうですね。\nいきなりそんな目に遭われては、\n戸惑ってしまいますよね…,,pendente,
mev09_150.scr:6,mev09_150.scr,6,16,ロニ,personagem,7,58,,CRLF x1,いいえ、お嬢さん！\nこのロニ・デュナミスが今抱く戸惑いは…,,pendente,
mev09_150.scr:7,mev09_150.scr,7,16,ロニ,personagem,8,58,,CRLF x1,あなたの様な美しい方の元へと\n辿りついてしまった事です！！,,pendente,
mev09_150.scr:8,mev09_150.scr,8,42,アニー,personagem,9,12,,,………はい？,,pendente,
mev09_150.scr:9,mev09_150.scr,9,42,アニー,personagem,10,94,,CRLF x2,ひょっとして、頭を強く打ったのかも\nしれませんね。\nハロルドさんに診て貰った方がいいと思います,,pendente,
mev09_150.scr:10,mev09_150.scr,10,16,ロニ,personagem,11,30,,,あっ、ちょっと…、お嬢さんっ！,,pendente,
mev09_150.scr:11,mev09_150.scr,11,19,ハロルド,personagem,12,90,,CRLF x2,はいは〜い♪\n脳ミソ見て欲しいのはどちらかしら？\n開頭術、穿頭術、好きな方選んでいいわよ〜,,pendente,
mev09_150.scr:12,mev09_150.scr,12,16,ロニ,personagem,13,38,,,その両手に持っているドリルは何でしょ？,,pendente,
mev09_150.scr:13,mev09_150.scr,13,16,ロニ,personagem,14,72,,CRLF x2,…っつうかマジで大丈夫ですって、\nおいお前ら助けろよ！！\nうわわわわ！！,,pendente,
mev09_150.scr:14,mev09_150.scr,14,19,ハロルド,personagem,15,24,,,さあさあ、じっとする！！,,pendente,
mev09_150.scr:15,mev09_150.scr,15,16,ロニ,personagem,16,26,,,目が本気じゃねぇかよっ！！,,pendente,
mev09_150.scr:16,mev09_150.scr,16,16,ロニ,personagem,17,18,,,うわああああああ…,,pendente,
mev09_150.scr:17,mev09_150.scr,17,62,アンジュ,personagem,18,58,,CRLF x1,その様子だと、みんな無事の様ね。\nとりあえず、ひと安心かな,,pendente,
mev09_150.scr:18,mev09_150.scr,18,62,アンジュ,personagem,19,92,,CRLF x2,わたしはギルド・アドリビトムのリーダー、\nアンジュよ。\nあなた達の名前を聞いてもいいかしら？,,pendente,
mev09_150.scr:19,mev09_150.scr,19,14,カイル,personagem,20,26,,,オレ、カイル・デュナミス！,,pendente,
mev09_150.scr:20,mev09_150.scr,20,15,リアラ,personagem,21,58,,CRLF x2,わたしはリアラ。\nそして、今部屋を出て行ったのは\nロニです,,pendente,
mev09_150.scr:21,mev09_150.scr,21,17,ジューダス,personagem,22,18,,,僕はジューダスだ…,,pendente,
mev09_150.scr:22,mev09_150.scr,22,15,リアラ,personagem,23,92,,CRLF x2,落ちたのが船の上で良かった。\nもし、あのまま地面に落ちていたら\nきっとみんな助からなかったわ,,pendente,
mev09_150.scr:23,mev09_150.scr,23,62,アンジュ,personagem,24,64,,CRLF x1,それについては謝らなきゃね。\nどうやら、わたし達のせいの様だから,,pendente,
mev09_150.scr:24,mev09_150.scr,24,14,カイル,personagem,25,16,,,えっ、そうなの？,,pendente,
mev09_150.scr:25,mev09_150.scr,25,62,アンジュ,personagem,26,46,,CRLF x1,これは、\nリタとハロルドさんの見解なんだけど…,,pendente,
mev09_150.scr:26,mev09_150.scr,26,62,アンジュ,personagem,27,86,,CRLF x2,次元チューニング装置の不具合のせいで、\nあなた達をこの船に呼び寄せてしまった\nらしいの,,pendente,
mev09_150.scr:27,mev09_150.scr,27,62,アンジュ,personagem,28,62,,CRLF x1,だから、これからあなた達が希望する場所へ\n送ろうと思うんだけど,,pendente,
mev09_150.scr:28,mev09_150.scr,28,62,アンジュ,personagem,29,18,,,希望する行き先は？,,pendente,
mev09_150.scr:29,mev09_150.scr,29,14,カイル,personagem,30,48,,CRLF x1,えっと、ここからだと…。\nどう説明すればいいかな,,pendente,
mev09_150.scr:30,mev09_150.scr,30,62,アンジュ,personagem,31,40,,CRLF x1,世界樹から、\nどの方角かでもいいんだけど,,pendente,
mev09_150.scr:31,mev09_150.scr,31,14,カイル,personagem,32,12,,,世界樹って？,,pendente,
mev09_150.scr:32,mev09_150.scr,32,62,アンジュ,personagem,33,42,,CRLF x1,世界樹は世界樹よ。\nあなた達、知らないの？,,pendente,
mev09_150.scr:33,mev09_150.scr,33,17,ジューダス,personagem,34,60,,CRLF x1,…まさか、とは思うが。\nここは僕達の世界じゃないんじゃないか,,pendente,
mev09_150.scr:34,mev09_150.scr,34,15,リアラ,personagem,35,70,,CRLF x1,そういえば、さっき上で見た世界地図。\nわたし達の世界のものとは違ってた,,pendente,
mev09_150.scr:35,mev09_150.scr,35,15,リアラ,personagem,36,20,,,でも、そんな事って…,,pendente,
mev09_150.scr:36,mev09_150.scr,36,17,ジューダス,personagem,37,84,,CRLF x2,だったら、元の世界へ戻してくれ。\n呼び寄せたと言うのなら、\n戻す事くらい出来るだろう,,pendente,
mev09_150.scr:37,mev09_150.scr,37,62,アンジュ,personagem,38,36,,,それは…、ハロルドさん達に聞かないと,,pendente,
mev09_150.scr:38,mev09_150.scr,38,62,アンジュ,personagem,39,50,,CRLF x1,○○、研究室へ行って、\nこの事を話してきてくれる？,,pendente,
mev09_150.scr:39,mev09_150.scr,39,62,アンジュ,personagem,40,42,,CRLF x1,わたしは部屋を用意してくるから、\nお願いね,,pendente,
mev09_160.scr:0,mev09_160.scr,0,19,ハロルド,personagem,0,66,,CRLF x1,元の世界に戻せって言ってもねぇ。\nま、いずれ戻れる様にはしてあげる,,pendente,
mev09_160.scr:1,mev09_160.scr,1,15,リアラ,personagem,1,26,,,すぐには戻れないんですか？,,pendente,
mev09_160.scr:2,mev09_160.scr,2,19,ハロルド,personagem,2,96,,CRLF x2,どういう仕組みで、あんた達の世界と\n繋がったのかわかんないんだもん。\nまずは、そこから調べないと,,pendente,
mev09_160.scr:3,mev09_160.scr,3,17,ジューダス,personagem,3,72,,CRLF x2,まずいな…。\nこうしている間にも、\n「あの男」が多くの者を殺めてしまう…,,pendente,
mev09_160.scr:4,mev09_160.scr,4,17,ジューダス,personagem,6,66,,CRLF x1,とにかく強い者がいると聞けば、\n戦いを挑むというめちゃくちゃな奴だ,,pendente,
mev09_160.scr:5,mev09_160.scr,5,17,ジューダス,personagem,7,44,,CRLF x1,腕の立つ者は目を付けられて、\n皆命を奪われた,,pendente,
mev09_160.scr:6,mev09_160.scr,6,17,ジューダス,personagem,8,28,,,そのうちでは手遅れになる…！,,pendente,
mev09_160.scr:7,mev09_160.scr,7,17,ジューダス,personagem,9,76,,CRLF x1,あの男というのは…強い者がいると聞けば、\n戦いを挑むというめちゃくちゃな奴だ,,pendente,
mev09_160.scr:8,mev09_160.scr,8,17,ジューダス,personagem,10,70,,CRLF x1,腕の立つ事で目を付けられた者は、\n必ず戦いを挑まれ、そして命を奪われる,,pendente,
mev09_160.scr:9,mev09_160.scr,9,14,カイル,personagem,11,82,,CRLF x2,そいつが、オレの父さんを\n狙ってるってわかって、\nそれを止める為に旅をしていたんだ,,pendente,
mev09_160.scr:10,mev09_160.scr,10,17,ジューダス,personagem,12,72,,CRLF x1,全く…、やっと奴を探し出して\nあと少しで倒せていたかもしれないというのに,,pendente,
mev09_160.scr:11,mev09_160.scr,11,19,ハロルド,personagem,13,54,,CRLF x1,まー、そりゃ悪かったけど。\n無理なもんは無理なんだしさ,,pendente,
mev09_160.scr:12,mev09_160.scr,12,19,ハロルド,personagem,14,74,,CRLF x2,そのうち戻してあげるから、\nそれまでここのギルドで働いてれば\nいいじゃない,,pendente,
mev09_160.scr:13,mev09_160.scr,13,15,リアラ,personagem,15,32,,,そうするしかないみたいね、カイル,,pendente,
mev09_160.scr:14,mev09_160.scr,14,14,カイル,personagem,16,54,,CRLF x2,うん。\nオレ、ギルドの仕事って\n一度やってみたかったし,,pendente,
mev09_160.scr:15,mev09_160.scr,15,15,リアラ,personagem,17,54,,CRLF x1,それじゃあ、わたし達、\nしばらくここでお世話になります,,pendente,
mev09_160.scr:16,mev09_160.scr,16,15,リアラ,personagem,18,30,,,これから、よろしくお願いします,,pendente,
mev09_160.scr:17,mev09_160.scr,17,19,ハロルド,personagem,19,20,,,ハイハイ、よろしく〜,,pendente,
mev09_160.scr:18,mev09_160.scr,18,,(opcao do jogador),escolha,4,22,,,あの男とは何かを尋ねる,,pendente,
mev09_160.scr:19,mev09_160.scr,19,,(opcao do jogador),escolha,5,22,,,そのうち戻れると励ます,,pendente,
mev09_160.scr:20,mev09_160.scr,20,,(mensagem de sistema),sistema,20,34,,,カイルがアドリビトムに加入しました,,pendente,
mev09_160.scr:21,mev09_160.scr,21,,(mensagem de sistema),sistema,21,34,,,リアラがアドリビトムに加入しました,,pendente,
mev09_160.scr:22,mev09_160.scr,22,,(mensagem de sistema),sistema,22,32,,,ロニがアドリビトムに加入しました,,pendente,
mev09_160.scr:23,mev09_160.scr,23,,(mensagem de sistema),sistema,23,38,,,ジューダスがアドリビトムに加入しました,,pendente,
mev09_170.scr:0,mev09_170.scr,0,77,バルバトス,personagem,1,14,,,ぬぅぅぅぅぅ…,,pendente,
mev09_170.scr:1,mev09_170.scr,1,77,バルバトス,personagem,2,28,,,あの小僧ども、どこへ消えた…,,pendente,
mev09_170.scr:2,mev09_170.scr,2,77,バルバトス,personagem,3,38,,CRLF x1,待てよ…。\n俺はなぜ、こんな所にいる？,,pendente,
mev09_170.scr:3,mev09_170.scr,3,77,バルバトス,personagem,4,18,,,ここは…、どこだ？,,pendente,
mev09_180.scr:0,mev09_180.scr,0,7,ルーティ,personagem,1,16,,,あら、新入り君？,,pendente,
mev09_180.scr:1,mev09_180.scr,1,7,ルーティ,personagem,2,44,,CRLF x1,よろしく。\nあたしは、ルーティ・カトレットよ,,pendente,
mev09_180.scr:2,mev09_180.scr,2,16,ロニ,personagem,3,28,,,ル、ルーティ………さんっ！？,,pendente,
mev09_180.scr:3,mev09_180.scr,3,6,スタン,personagem,4,24,,,ああ、新しいメンバーだね,,pendente,
mev09_180.scr:4,mev09_180.scr,4,6,スタン,personagem,5,52,,CRLF x1,俺は、スタン・エルロン。\n一緒に組む時はよろしくな！,,pendente,
mev09_180.scr:5,mev09_180.scr,5,14,カイル,personagem,6,8,,,ウソ…？,,pendente,
mev09_180.scr:6,mev09_180.scr,6,6,スタン,personagem,7,46,,CRLF x1,えっ？\n名乗るだけなのに、ウソなんか言わないよ,,pendente,
mev09_180.scr:7,mev09_180.scr,7,16,ロニ,personagem,8,14,,,…あ、…いやっ,,pendente,
mev09_180.scr:8,mev09_180.scr,8,16,ロニ,personagem,9,40,,,あ、何でもありませ…いやっ、何でもない！,,pendente,
mev09_180.scr:9,mev09_180.scr,9,16,ロニ,personagem,10,60,,CRLF x1,俺はロニ、こいつはカイル。\nどどどどどどーも、よろしく…！！,,pendente,
mev09_180.scr:10,mev09_180.scr,10,6,スタン,personagem,11,80,,CRLF x2,ははっ、緊張なんてしなくていいよ。\nここのみんなは、\n気さくでいい奴ばかりだから,,pendente,
mev09_180.scr:11,mev09_180.scr,11,7,ルーティ,personagem,12,26,,,それじゃ、あたし達はこれで,,pendente,
mev09_180.scr:12,mev09_180.scr,12,7,ルーティ,personagem,13,44,,CRLF x1,報酬が多い仕事する時は、\nあたしを呼んでね〜,,pendente,
mev09_180.scr:13,mev09_180.scr,13,14,カイル,personagem,14,44,,CRLF x1,若かったけど、\n今のは父さんと母さんだった…,,pendente,
mev09_180.scr:14,mev09_180.scr,14,14,カイル,personagem,15,52,,CRLF x1,別の世界に…、\n父さんと母さんが存在していたなんて…,,pendente,
mev09_180.scr:15,mev09_180.scr,15,19,ハロルド,personagem,16,80,,CRLF x2,あんた達、違う世界から来たのよね？\nでも、あんたの両親がここに居る…。\n…ふ〜ん,,pendente,
mev09_180.scr:16,mev09_180.scr,16,14,カイル,personagem,17,30,,,ハロルド、これってどういう事？,,pendente,
mev09_180.scr:17,mev09_180.scr,17,19,ハロルド,personagem,18,78,,CRLF x2,そんなのわかんないわよ。\n仮説を立てるにしたって、\n様々な事が考えられるんだし,,pendente,
mev09_180.scr:18,mev09_180.scr,18,19,ハロルド,personagem,19,62,,CRLF x2,ただ、カイル。\nあんたが二人の子どもである事は\n伏せておくのよ,,pendente,
mev09_180.scr:19,mev09_180.scr,19,19,ハロルド,personagem,20,26,,,例え違う世界の事とはいえね,,pendente,
mev09_180.scr:20,mev09_180.scr,20,14,カイル,personagem,21,10,,,何でだよ！,,pendente,
mev09_180.scr:21,mev09_180.scr,21,19,ハロルド,personagem,22,36,,CRLF x1,あの二人の未来は\nまだ決まってないの,,pendente,
mev09_180.scr:22,mev09_180.scr,22,19,ハロルド,personagem,23,38,,CRLF x1,不確定の未来に\n干渉するべきではないわ,,pendente,
mev09_180.scr:23,mev09_180.scr,23,19,ハロルド,personagem,24,68,,CRLF x1,ヘタしたら、この世界でのカイルが\n生まれなくなるかもしれないんだから,,pendente,
mev09_180.scr:24,mev09_180.scr,24,16,ロニ,personagem,25,32,,,カイルが…、生まれなくなる…！？,,pendente,
mev09_180.scr:25,mev09_180.scr,25,19,ハロルド,personagem,26,76,,CRLF x2,だから、あんた達同じ世界のもの同士にしか\nこの話はしないでおいて。\nそれと…,,pendente,
mev09_180.scr:26,mev09_180.scr,26,19,ハロルド,personagem,27,78,,CRLF x2,○○、聞いてたでしょ？\nあんたもこの件については、\n誰にも言っちゃダメだからね,,pendente,
mev09_190.scr:0,mev09_190.scr,0,39,ユージーン,personagem,0,38,,CRLF x1,一つ、アドリビトムに依頼が\nあるのだが,,pendente,
mev09_190.scr:1,mev09_190.scr,1,62,アンジュ,personagem,1,28,,CRLF x1,あら。\n皆さん、おそろいで…,,pendente,
mev09_190.scr:2,mev09_190.scr,2,39,ユージーン,personagem,2,48,,CRLF x1,故郷ヘーゼル村の働き手が、\n帝国に連れて行かれた,,pendente,
mev09_190.scr:3,mev09_190.scr,3,39,ユージーン,personagem,3,122,,CRLF x2,村近辺の星晶採掘は終わり、皆解放されたと\n思っていたが、遠くの土地の星晶採掘の為に\n連れて行かれ、強制労働を強いられている,,pendente,
mev09_190.scr:4,mev09_190.scr,4,62,アンジュ,personagem,4,40,,CRLF x1,ひどい話…。\nあの、サレという人の仕業ね,,pendente,
mev09_190.scr:5,mev09_190.scr,5,41,ティトレイ,personagem,5,106,,CRLF x2,ヘーゼル村に残ってる者も、\nもうあの土地では生活していけない。\n土地のマナ不足は、そこまで深刻になってんだ,,pendente,
mev09_190.scr:6,mev09_190.scr,6,41,ティトレイ,personagem,6,108,,CRLF x2,そこで、村のみんなと話し合って、\n多少不便でもマナの恵みにあずかれる土地へ\n移って、村を建て直す事にしたんだ,,pendente,
mev09_190.scr:7,mev09_190.scr,7,42,アニー,personagem,7,116,,CRLF x2,キールさんが研究しているオルタ・ビレッジの\n構想を取り入れれば、また村人は豊かな生活を\n手にする事が出来るでしょうし,,pendente,
mev09_190.scr:8,mev09_190.scr,8,37,ヴェイグ,personagem,8,42,,,これからオレ達は、ヘーゼル村のみんなを救う,,pendente,
mev09_190.scr:9,mev09_190.scr,9,37,ヴェイグ,personagem,9,94,,CRLF x2,村人と、強制労働の為に連れて行かれた者を\n連れ、新たな土地へ移動する為に\nカダイフ砂漠を越える,,pendente,
mev09_190.scr:10,mev09_190.scr,10,39,ユージーン,personagem,10,84,,CRLF x2,砂漠には魔物も多い。\n村人が、無事に砂漠を越えられる様に、\n魔物の討伐を頼みたいのだ,,pendente,
mev09_190.scr:11,mev09_190.scr,11,62,アンジュ,personagem,11,52,,CRLF x1,わかりました。\nすぐに、誰かが名乗り出てくれるはずよ,,pendente,
mev09_190.scr:12,mev09_190.scr,12,37,ヴェイグ,personagem,12,78,,CRLF x2,これからオレとユージーンは、\n帝国に連れて行かれた村人を\n救出する為に船を出る,,pendente,
mev09_190.scr:13,mev09_190.scr,13,41,ティトレイ,personagem,13,66,,CRLF x2,おれとアニーは、\nヘーゼル村に残されたみんなを連れて\n砂漠へ向かう,,pendente,
mev09_190.scr:14,mev09_190.scr,14,42,アニー,personagem,14,46,,CRLF x1,わたし達はしばらく船を出ます。\nごめんなさい…,,pendente,
mev09_190.scr:15,mev09_190.scr,15,62,アンジュ,personagem,15,70,,CRLF x1,医務室の業務については気にしないで。\n今回は、村の人達の為に頑張ってね,,pendente,
mev09_190.scr:16,mev09_190.scr,16,42,アニー,personagem,16,26,,CRLF x1,はい。\nでは、行ってきます,,pendente,
mev09_190.scr:17,mev09_190.scr,17,62,アンジュ,personagem,17,34,,CRLF x1,はい。\nみんなの無事を祈っています,,pendente,
mev09_190.scr:18,mev09_190.scr,18,,(mensagem de sistema),sistema,18,62,,CRLF x1,ヴェイグとユージーン、ティトレイとアニーが\n別任務で下船します,,pendente,
mev09_190.scr:19,mev09_190.scr,19,,(mensagem de sistema),sistema,19,32,,,ヴェイグがパーティから外れました,,pendente,
mev09_190.scr:20,mev09_190.scr,20,,(mensagem de sistema),sistema,20,34,,,ユージーンがパーティから外れました,,pendente,
mev09_190.scr:21,mev09_190.scr,21,,(mensagem de sistema),sistema,21,30,,,アニーがパーティから外れました,,pendente,
mev09_190.scr:22,mev09_190.scr,22,,(mensagem de sistema),sistema,22,34,,,ティトレイがパーティから外れました,,pendente,
mev10_010.scr:0,mev10_010.scr,0,62,アンジュ,personagem,0,34,,,これは、ユージーンさんからの依頼よ,,pendente,
mev10_010.scr:1,mev10_010.scr,1,62,アンジュ,personagem,1,72,,CRLF x1,ユージーンさんの故郷、ヘーゼル村の働き手が\n帝国に連れて行かれたそうなの,,pendente,
mev10_010.scr:2,mev10_010.scr,2,62,アンジュ,personagem,2,62,,CRLF x1,村近辺の星晶採掘は終わって、\nみんな解放されていたというのに、,,pendente,
mev10_010.scr:3,mev10_010.scr,3,62,アンジュ,personagem,3,84,,CRLF x2,今度は遠くの土地の星晶採掘の為に連れて\n行かれて、強制労働を強いられている\nらしいの,,pendente,
mev10_010.scr:4,mev10_010.scr,4,62,アンジュ,personagem,4,98,,CRLF x2,ヘーゼル村に残っている者も、\n土地のマナ不足が深刻で、もうあの土地では\n生活してはいけないみたい…,,pendente,
mev10_010.scr:5,mev10_010.scr,5,62,アンジュ,personagem,5,54,,CRLF x1,そこで、ヘーゼル村のみんなは話し合って、\n決めたそうよ,,pendente,
mev10_010.scr:6,mev10_010.scr,6,62,アンジュ,personagem,6,70,,CRLF x1,多少不便でも、マナの恵みにあずかれる土地へ\n移って、村を立て直そうって,,pendente,
mev10_010.scr:7,mev10_010.scr,7,62,アンジュ,personagem,7,52,,CRLF x1,ほら、あなたが以前助けた\nジョアンさん達を覚えてる？,,pendente,
mev10_010.scr:8,mev10_010.scr,8,62,アンジュ,personagem,8,82,,CRLF x2,彼らが今、キール君が研究している\nオルタ・ビレッジの構想を元に、\n村を建設中なのよ,,pendente,
mev10_010.scr:9,mev10_010.scr,9,62,アンジュ,personagem,9,30,,,そこに住んでもらおうと思ってね,,pendente,
mev10_010.scr:10,mev10_010.scr,10,62,アンジュ,personagem,10,80,,CRLF x2,ユージーンさんとヴェイグ君は今、\n強制労働の為に連れて行かれた\n村人を解放しに、,,pendente,
mev10_010.scr:11,mev10_010.scr,11,62,アンジュ,personagem,11,64,,CRLF x2,アニーとティトレイ君は、\nヘーゼル村の人達を\n迎えに船を出てるの,,pendente,
mev10_010.scr:12,mev10_010.scr,12,62,アンジュ,personagem,12,64,,CRLF x1,彼らは新天地へ移動する為に、\nカダイフ砂漠を越える必要があるのよ,,pendente,
mev10_010.scr:13,mev10_010.scr,13,62,アンジュ,personagem,13,102,,CRLF x2,そこで、今回あなたには、ヘーゼル村の\n人達が無事に砂漠を越えられるよう\n魔物を討伐して来てもらいたいの,,pendente,
mev10_010.scr:14,mev10_010.scr,14,62,アンジュ,personagem,14,36,,,今回の同行者は、すずとユーリさんだよ,,pendente,
mev10_010.scr:15,mev10_010.scr,15,62,アンジュ,personagem,15,52,,CRLF x1,それじゃ、ヘーゼル村の人達の為にも\n頑張りましょうね,,pendente,
mev10_020.scr:0,mev10_020.scr,0,64,ユーリ,personagem,0,80,,CRLF x2,確かにこの環境じゃあ、\n年齢とか男も女も関係なしに\n厳しい砂漠越えになるだろうな,,pendente,
mev10_020.scr:1,mev10_020.scr,1,64,ユーリ,personagem,1,56,,CRLF x1,それに加えて魔物もわんさか出やがる。\n命懸けもいいとこだ,,pendente,
mev10_020.scr:2,mev10_020.scr,2,5,すず,personagem,2,44,,CRLF x1,ここまでの事態を引き起こしたのは、\n帝国です,,pendente,
mev10_020.scr:3,mev10_020.scr,3,64,ユーリ,personagem,3,84,,CRLF x2,オレが、ガルバンゾのギルドにいた時は、\nオレの知る世界は、住んでた場所だけ\nだったな,,pendente,
mev10_020.scr:4,mev10_020.scr,4,64,ユーリ,personagem,4,76,,CRLF x2,帝国の事は知ってたが、\nよその国や、世界の動きなんざ\nまるで見えていなかった,,pendente,
mev10_020.scr:5,mev10_020.scr,5,64,ユーリ,personagem,5,60,,CRLF x1,本当、何でも見渡せる自由のギルドだな。\nアドリビトムってのは,,pendente,
mev10_020.scr:6,mev10_020.scr,6,5,すず,personagem,6,34,,,私も里を出て、様々な事を知りました,,pendente,
mev10_020.scr:7,mev10_020.scr,7,5,すず,personagem,7,100,,CRLF x2,貧富の格差、星晶の大量消費、紛争…。\n大国が小国に強いた、単一栽培が引き起こす\n自然破壊、そして飢餓,,pendente,
mev10_020.scr:8,mev10_020.scr,8,64,ユーリ,personagem,8,52,,CRLF x1,このまま進んでいけば、\n世界の危機って奴はすぐ訪れる,,pendente,
mev10_020.scr:9,mev10_020.scr,9,64,ユーリ,personagem,9,94,,CRLF x2,ラザリスがいようといまいと関係ねえ。\n国のお偉いさんは、全てを食い潰すまで\n気が付かねえんだな,,pendente,
mev10_020.scr:10,mev10_020.scr,10,5,すず,personagem,10,54,,CRLF x1,その危機を回避出来るかどうか。\n今が岐路の時でしょうね,,pendente,
mev10_020.scr:11,mev10_020.scr,11,64,ユーリ,personagem,13,12,,,ま、当然だな,,pendente,
mev10_020.scr:12,mev10_020.scr,12,64,ユーリ,personagem,14,58,,CRLF x1,国のお偉いさんにゃ頼れねえとなると、\nオレ達でやんなきゃな,,pendente,
mev10_020.scr:13,mev10_020.scr,13,64,ユーリ,personagem,15,36,,CRLF x1,ちっとは気ィ抜けよ。\n気楽にやろうぜ,,pendente,
mev10_020.scr:14,mev10_020.scr,14,64,ユーリ,personagem,16,50,,CRLF x1,ディセンダーか何か知らねえけど、\n気負い過ぎんなよ,,pendente,
mev10_020.scr:15,mev10_020.scr,15,5,すず,personagem,17,4,,,ええ,,pendente,
mev10_020.scr:16,mev10_020.scr,16,5,すず,personagem,18,48,,CRLF x1,ですから、○○さんは\n一人で抱え込まないで下さい,,pendente,
mev10_020.scr:17,mev10_020.scr,17,5,すず,personagem,19,16,,,私達がいますから,,pendente,
mev10_020.scr:18,mev10_020.scr,18,64,ユーリ,personagem,20,18,,,オレ達が選んだ道だ,,pendente,
mev10_020.scr:19,mev10_020.scr,19,64,ユーリ,personagem,21,84,,CRLF x2,一つの選択は小さいかもしれねえが、\nその選択が世界を正しい方向に\n変えていくだろうよ,,pendente,
mev10_020.scr:20,mev10_020.scr,20,64,ユーリ,personagem,22,68,,CRLF x2,やるんだよ、それを。\nお前だけじゃなくて、\nアドリビトムのみんなでな,,pendente,
mev10_020.scr:21,mev10_020.scr,21,,(opcao do jogador),escolha,11,8,,,同意する,,pendente,
mev10_020.scr:22,mev10_020.scr,22,,(opcao do jogador),escolha,12,22,,,やや不安そうな顔をする,,pendente,
mev10_025.scr:0,mev10_025.scr,0,64,ユーリ,personagem,1,28,,CRLF x1,道はこっちなんだが。\nさて…,,pendente,
mev10_025.scr:1,mev10_025.scr,1,64,ユーリ,personagem,2,36,,,鍵は、向こう側からかけてあるらしいな,,pendente,
mev10_025.scr:2,mev10_025.scr,2,5,すず,personagem,3,16,,,私に任せて下さい,,pendente,
mev10_025.scr:3,mev10_025.scr,3,64,ユーリ,personagem,4,24,,CRLF x1,へえ。\nさすがは忍びだな,,pendente,
mev10_025.scr:4,mev10_025.scr,4,5,すず,personagem,5,22,,,さあ、先を急ぎましょう,,pendente,
mev10_030.scr:0,mev10_030.scr,0,64,ユーリ,personagem,0,22,,,魔物が見つかんねえな…,,pendente,
mev10_030.scr:1,mev10_030.scr,1,5,すず,personagem,1,26,,,ティランピオン、でしたか？,,pendente,
mev10_030.scr:2,mev10_030.scr,2,64,ユーリ,personagem,2,94,,CRLF x2,この砂漠の中でも、厄介な相手だ。\n普通の奴が束になってかかっても、\nなかなか倒せるもんじゃねえ,,pendente,
mev10_030.scr:3,mev10_030.scr,3,64,ユーリ,personagem,3,30,,,他の魔物はそうでもないんだがな,,pendente,
mev10_030.scr:4,mev10_030.scr,4,5,すず,personagem,4,62,,CRLF x1,それを倒せば、ヘーゼル村の皆さんも\n無事に砂漠を渡れるのですね,,pendente,
mev10_030.scr:5,mev10_030.scr,5,64,ユーリ,personagem,5,52,,CRLF x2,ああ。\nだから、早いとこそいつを\n見つけ出さなきゃな,,pendente,
mev10_040.scr:0,mev10_040.scr,0,64,ユーリ,personagem,1,28,,CRLF x1,おおっと。\nこりゃ、でかいな,,pendente,
mev10_040.scr:1,mev10_040.scr,1,5,すず,personagem,2,44,,CRLF x1,これがティランピオンですね。\nでは、行きます,,pendente,
mev10_050.scr:0,mev10_050.scr,0,64,ユーリ,personagem,1,14,,,お、まだいたか,,pendente,
mev10_050.scr:1,mev10_050.scr,1,64,ユーリ,personagem,2,20,,,お手柔らかに頼むぜ！,,pendente,
mev10_060.scr:0,mev10_060.scr,0,64,ユーリ,personagem,1,20,,,何とか仕留められたな,,pendente,
mev10_060.scr:1,mev10_060.scr,1,5,すず,personagem,2,52,,CRLF x1,これでヘーゼル村の皆さんも\n無事に砂漠を越えられます,,pendente,
mev10_060.scr:2,mev10_060.scr,2,64,ユーリ,personagem,3,14,,,じゃあ、戻るか,,pendente,
mev10_060.scr:3,mev10_060.scr,3,79,サレ,personagem,4,20,,,アドリビトム、ねえ…,,pendente,
mev10_060.scr:4,mev10_060.scr,4,79,サレ,personagem,5,54,,CRLF x1,…大事な働き手を奪ってくれた報い、\n必ず受けてもらうよ,,pendente,
mev10_060.scr:5,mev10_060.scr,5,79,サレ,personagem,6,74,,CRLF x1,でも、今日はヴェイグがいないみたいだし、\n僕と遊ぶのはまた今度にしようか…,,pendente,
mev10_060.scr:6,mev10_060.scr,6,79,サレ,personagem,7,28,,,楽しみにしているよ…フフフ…,,pendente,
mev10_070.scr:0,mev10_070.scr,0,39,ユージーン,personagem,0,64,,CRLF x1,ヘーゼル村のみんなは、無事砂漠を越えられた。\n協力に深く感謝する,,pendente,
mev10_070.scr:1,mev10_070.scr,1,39,ユージーン,personagem,3,62,,CRLF x2,うむ。\n村のみんなは、お前の活躍で\n新しい生活を手に入れられた,,pendente,
mev10_070.scr:2,mev10_070.scr,2,39,ユージーン,personagem,4,48,,CRLF x1,いつか、お返しをせねばと\nみんなが感謝していたぞ,,pendente,
mev10_070.scr:3,mev10_070.scr,3,39,ユージーン,personagem,5,68,,CRLF x2,そう謙遜する事は無い。\n自分の力を知る事は、\n強くなる為に必要な事だ,,pendente,
mev10_070.scr:4,mev10_070.scr,4,39,ユージーン,personagem,6,56,,CRLF x1,今回のお前の活躍は、\nそれだけの強さを持っていると言う証,,pendente,
mev10_070.scr:5,mev10_070.scr,5,39,ユージーン,personagem,7,60,,CRLF x1,さらなる強さを求めるならば、\n今の実力を受け入れておくのだな,,pendente,
mev10_070.scr:6,mev10_070.scr,6,62,アンジュ,personagem,8,32,,,ユージーンさん達も無事で良かった,,pendente,
mev10_070.scr:7,mev10_070.scr,7,39,ユージーン,personagem,9,44,,CRLF x1,ああ、現場にサレがいなかったのが\n幸いだった,,pendente,
mev10_070.scr:8,mev10_070.scr,8,62,アンジュ,personagem,10,48,,CRLF x1,オルタ・ビレッジもうまく運営して\nいければいいな,,pendente,
mev10_070.scr:9,mev10_070.scr,9,39,ユージーン,personagem,11,56,,CRLF x1,暗雲とした世の中、多くの者が\n未来への展望を見失っている,,pendente,
mev10_070.scr:10,mev10_070.scr,10,39,ユージーン,personagem,12,86,,CRLF x2,みんな、不安と困惑の中にあり、\nどう生きていけばいいかがわからず\n世の中に失望している,,pendente,
mev10_070.scr:11,mev10_070.scr,11,41,ティトレイ,personagem,13,26,,,国も助けてくれないからな…,,pendente,
mev10_070.scr:12,mev10_070.scr,12,39,ユージーン,personagem,14,64,,CRLF x1,だが、それでも希望を見つけ、\n自分達で未来を作らなければならない,,pendente,
mev10_070.scr:13,mev10_070.scr,13,39,ユージーン,personagem,15,92,,CRLF x2,頼るばかりでなく、一人ひとりが\n希望を生み出せるきっかけに\n我々アドリビトムがならなければな,,pendente,
mev10_070.scr:14,mev10_070.scr,14,62,アンジュ,personagem,16,32,,,それじゃあ、今回もお疲れ様でした,,pendente,
mev10_070.scr:15,mev10_070.scr,15,62,アンジュ,personagem,17,88,,CRLF x2,それから、ちょっと研究室を訪ねてくれる？\nハロルドさん達の研究、\n難航しているみたいだし,,pendente,
mev10_070.scr:16,mev10_070.scr,16,62,アンジュ,personagem,18,32,,,ちょっと経過を聞いてきて欲しいの,,pendente,
mev10_070.scr:17,mev10_070.scr,17,62,アンジュ,personagem,19,14,,,じゃ、お願いね,,pendente,
mev10_070.scr:18,mev10_070.scr,18,,(opcao do jogador),escolha,1,18,,,みんなの無事を喜ぶ,,pendente,
mev10_070.scr:19,mev10_070.scr,19,,(opcao do jogador),escolha,2,8,,,謙遜する,,pendente,
mev10_070.scr:20,mev10_070.scr,20,,(mensagem de sistema),sistema,20,66,,CRLF x1,ヴェイグとユージーン、ティトレイとアニーが\n別任務から帰還しました,,pendente,
mev10_080.scr:0,mev10_080.scr,0,16,ロニ,personagem,0,22,,CRLF x1,おっ。\nどうした、○○,,pendente,
mev10_080.scr:1,mev10_080.scr,1,16,ロニ,personagem,3,82,,CRLF x2,アンジュも気を揉んでいるんだな。\n無理もねえか。\nあれからほとんど進展してないしな,,pendente,
mev10_080.scr:2,mev10_080.scr,2,16,ロニ,personagem,4,44,,CRLF x1,みんな、そうやって\nここの様子を見に来るんだ,,pendente,
mev10_080.scr:3,mev10_080.scr,3,16,ロニ,personagem,5,32,,,俺も気になって見に来たんだけどな,,pendente,
mev10_080.scr:4,mev10_080.scr,4,19,ハロルド,personagem,6,44,,CRLF x1,ん〜〜〜〜…、\nあと一歩ってところなのよね〜,,pendente,
mev10_080.scr:5,mev10_080.scr,5,19,ハロルド,personagem,7,32,,,「アレ」さえあれば、いいんだけど,,pendente,
mev10_080.scr:6,mev10_080.scr,6,19,ハロルド,personagem,10,28,,,ん〜、言うのは簡単だけどさ…,,pendente,
mev10_080.scr:7,mev10_080.scr,7,16,ロニ,personagem,11,22,,,ああ、俺も協力するぜ？,,pendente,
mev10_080.scr:8,mev10_080.scr,8,19,ハロルド,personagem,12,18,,,取りに行く…、ねえ,,pendente,
mev10_080.scr:9,mev10_080.scr,9,19,ハロルド,personagem,13,34,,,取りに行けるもんならいいけどさぁ…,,pendente,
mev10_080.scr:10,mev10_080.scr,10,67,リタ,personagem,14,76,,CRLF x2,ヴェラトローパを出現させる為には、\nヴェラトローパのドクメントが\n必要なのよ,,pendente,
mev10_080.scr:11,mev10_080.scr,11,16,ロニ,personagem,15,54,,CRLF x1,ミもフタもないだろ。\n…それがわかったら、苦労しねえよ,,pendente,
mev10_080.scr:12,mev10_080.scr,12,16,ロニ,personagem,16,50,,CRLF x1,見た事も触った事もない物、\n探せるわけねえもんなあ,,pendente,
mev10_080.scr:13,mev10_080.scr,13,67,リタ,personagem,17,68,,CRLF x1,ほんの一部でもいいから、ヴェラトローパの\n純粋なドクメントがあれば…,,pendente,
mev10_080.scr:14,mev10_080.scr,14,67,リタ,personagem,18,62,,CRLF x1,ヴェラトローパの次元に共鳴させて、\n干渉する事が出来るんだけど,,pendente,
mev10_080.scr:15,mev10_080.scr,15,19,ハロルド,personagem,19,24,,,もうちょっと考えてみるわ,,pendente,
mev10_080.scr:16,mev10_080.scr,16,16,ロニ,personagem,20,32,,CRLF x1,…無理すんなよな。\n寝てねぇだろ,,pendente,
mev10_080.scr:17,mev10_080.scr,17,19,ハロルド,personagem,21,62,,CRLF x2,あら！\nこんな面白い事なんだもの、\n寝てる時間も惜しいわよ〜♪,,pendente,
mev10_080.scr:18,mev10_080.scr,18,,(opcao do jogador),escolha,1,30,,,アンジュに頼まれてきた、と言う,,pendente,
mev10_080.scr:19,mev10_080.scr,19,,(opcao do jogador),escolha,2,28,,,様子が気になって来た、と言う,,pendente,
mev10_080.scr:20,mev10_080.scr,20,,(opcao do jogador),escolha,8,24,,,「アレ」とは何かを尋ねる,,pendente,
mev10_080.scr:21,mev10_080.scr,21,,(opcao do jogador),escolha,9,36,,,必要なものがあれば取りに行く、と言う,,pendente,
mev10_090.scr:0,mev10_090.scr,0,86,カノンノ,personagem,0,38,,CRLF x1,○○。\nセルシウスは、甲板にいるかな？,,pendente,
mev10_090.scr:1,mev10_090.scr,1,86,カノンノ,personagem,3,14,,,うん、ありがと,,pendente,
mev10_090.scr:2,mev10_090.scr,2,86,カノンノ,personagem,4,54,,CRLF x1,うん、ありがと。\nちょっとセルシウスに会いたかったから,,pendente,
mev10_090.scr:3,mev10_090.scr,3,86,カノンノ,personagem,5,54,,CRLF x1,今まで描いた絵をね、\nセルシウスに見てもらおうと思って,,pendente,
mev10_090.scr:4,mev10_090.scr,4,86,カノンノ,personagem,6,52,,CRLF x1,絵の風景に、精霊の世界とか\nあったりするのかなあって,,pendente,
mev10_090.scr:5,mev10_090.scr,5,86,カノンノ,personagem,7,64,,CRLF x1,いつもの様に、知らないって\n言われちゃうだけかもしれないけどね…,,pendente,
mev10_090.scr:6,mev10_090.scr,6,86,カノンノ,personagem,8,66,,CRLF x2,でも、不思議だな。\nこれらの風景がどこかにあるって\n思えてるのが…,,pendente,
mev10_090.scr:7,mev10_090.scr,7,86,カノンノ,personagem,11,12,,,……………ぁ,,pendente,
mev10_090.scr:8,mev10_090.scr,8,86,カノンノ,personagem,12,22,,,…うん……、そうだね…,,pendente,
mev10_090.scr:9,mev10_090.scr,9,86,カノンノ,personagem,13,50,,CRLF x1,みんなに知らないって言われても、\n諦められないの…,,pendente,
mev10_090.scr:10,mev10_090.scr,10,86,カノンノ,personagem,14,72,,CRLF x2,ホント、何でなんだろうな。\nそれに、どうして描かずには\nいられないんだろ,,pendente,
mev10_090.scr:11,mev10_090.scr,11,86,カノンノ,personagem,17,44,,CRLF x1,あ、もし良かったら\n一緒に行ってくれるかな？,,pendente,
mev10_090.scr:12,mev10_090.scr,12,86,カノンノ,personagem,18,14,,,お願い、○○…,,pendente,
mev10_090.scr:13,mev10_090.scr,13,86,カノンノ,personagem,19,24,,CRLF x1,うん。\nありがとう、○○,,pendente,
mev10_090.scr:14,mev10_090.scr,14,,(opcao do jogador),escolha,1,8,,,うなずく,,pendente,
mev10_090.scr:15,mev10_090.scr,15,,(opcao do jogador),escolha,2,20,,,自信無さそうに答える,,pendente,
mev10_090.scr:16,mev10_090.scr,16,,(opcao do jogador),escolha,9,32,,,その風景が本当にあるから、と言う,,pendente,
mev10_090.scr:17,mev10_090.scr,17,,(opcao do jogador),escolha,10,22,,,不思議だね、と同意する,,pendente,
mev10_090.scr:18,mev10_090.scr,18,,(opcao do jogador),escolha,15,26,,,セルシウスに見せるよう促す,,pendente,
mev10_090.scr:19,mev10_090.scr,19,,(opcao do jogador),escolha,16,34,,,一緒にセルシウスの所へ行く、と言う,,pendente,
mev10_100.scr:0,mev10_100.scr,0,86,カノンノ,personagem,1,62,,CRLF x2,ねえ、セルシウス。\nちょっと見てもらいたいものが\nあるんだけど,,pendente,
mev10_100.scr:1,mev10_100.scr,1,25,セルシウス,personagem,2,10,,,何かしら？,,pendente,
mev10_100.scr:2,mev10_100.scr,2,86,カノンノ,personagem,3,66,,CRLF x1,私が、描いた絵なんだけど…。\nこの中に、知ってる風景ってあるかな？,,pendente,
mev10_100.scr:3,mev10_100.scr,3,25,セルシウス,personagem,5,20,,,いいえ…、知らないわ,,pendente,
mev10_100.scr:4,mev10_100.scr,4,25,セルシウス,personagem,6,74,,CRLF x2,精霊は、この世界の事を\nヒトよりはわかるけれども。\n知らないものばかりね…,,pendente,
mev10_100.scr:5,mev10_100.scr,5,86,カノンノ,personagem,7,6,,,そう…,,pendente,
mev10_100.scr:6,mev10_100.scr,6,86,カノンノ,personagem,8,58,,CRLF x1,精霊にもわからないなら、\nやっぱりただの妄想だったのかな…,,pendente,
mev10_100.scr:7,mev10_100.scr,7,25,セルシウス,personagem,9,22,,,あら、一枚落ちたわよ？,,pendente,
mev10_100.scr:8,mev10_100.scr,8,86,カノンノ,personagem,10,14,,,あ…、いけない,,pendente,
mev10_100.scr:9,mev10_100.scr,9,25,セルシウス,personagem,12,12,,,これは…！？,,pendente,
mev10_100.scr:10,mev10_100.scr,10,86,カノンノ,personagem,13,22,,,この風景、知ってるの？,,pendente,
mev10_100.scr:11,mev10_100.scr,11,25,セルシウス,personagem,14,90,,CRLF x2,知ってるも何も…。\nあなた、これがヴェラトローパよ！\nヒトの祖が地上に降りるまで過ごした…,,pendente,
mev10_100.scr:12,mev10_100.scr,12,86,カノンノ,personagem,15,10,,,本…当に？,,pendente,
mev10_100.scr:13,mev10_100.scr,13,25,セルシウス,personagem,16,44,,CRLF x1,その絵を持って、研究室のみんなに\n見せなさい,,pendente,
mev10_100.scr:14,mev10_100.scr,14,25,セルシウス,personagem,17,60,,CRLF x2,ディセンダー。\n早く、カノンノを連れて研究室へ。\nいいわね？,,pendente,
mev10_110.scr:0,mev10_110.scr,0,67,リタ,personagem,0,28,,,この風景が、ヴェラトローパ？,,pendente,
mev10_110.scr:1,mev10_110.scr,1,45,ウィル,personagem,1,30,,,しかし、カノンノがなぜそれを？,,pendente,
mev10_110.scr:2,mev10_110.scr,2,86,カノンノ,personagem,2,14,,,わかりません…,,pendente,
mev10_110.scr:3,mev10_110.scr,3,86,カノンノ,personagem,3,42,,CRLF x1,ただ、いつもの様に紙の上に\n風景が見えて…,,pendente,
mev10_110.scr:4,mev10_110.scr,4,67,リタ,personagem,4,30,,,……これは、どういう事なの…？,,pendente,
mev10_110.scr:5,mev10_110.scr,5,67,リタ,personagem,5,44,,CRLF x1,カノンノ、あんたのドクメントを\n見てもいい？,,pendente,
mev10_110.scr:6,mev10_110.scr,6,86,カノンノ,personagem,6,18,,,あ、うん、いいよ…,,pendente,
mev10_120.scr:0,mev10_120.scr,0,67,リタ,personagem,2,22,,,この頭上のドクメント…,,pendente,
mev10_120.scr:1,mev10_120.scr,1,67,リタ,personagem,3,50,,CRLF x1,ハロルド、あんたのドクメントと比べたいの。\nいい？,,pendente,
mev10_120.scr:2,mev10_120.scr,2,19,ハロルド,personagem,4,8,,,オッケー,,pendente,
mev10_120.scr:3,mev10_120.scr,3,67,リタ,personagem,5,10,,,やっぱり…,,pendente,
mev10_120.scr:4,mev10_120.scr,4,67,リタ,personagem,6,54,,CRLF x1,カノンノの頭上に見えるドクメントは\n普通のヒトとは違う,,pendente,
mev10_120.scr:5,mev10_120.scr,5,25,セルシウス,personagem,7,36,,CRLF x1,感じるわ。\nこの中にヴェラトローパを,,pendente,
mev10_120.scr:6,mev10_120.scr,6,25,セルシウス,personagem,8,26,,,どうして、カノンノの中に？,,pendente,
mev10_120.scr:7,mev10_120.scr,7,67,リタ,personagem,9,28,,CRLF x1,ちょっと！\n本当なの、それ！,,pendente,
mev10_120.scr:8,mev10_120.scr,8,67,リタ,personagem,10,68,,CRLF x1,だとしたら、…さらに展開すれば\nヴェラトローパのドクメントが手に入る,,pendente,
mev10_120.scr:9,mev10_120.scr,9,67,リタ,personagem,11,50,,CRLF x1,でも、これ以上続ければ、\nカノンノの身体に負担が…,,pendente,
mev10_120.scr:10,mev10_120.scr,10,86,カノンノ,personagem,12,66,,CRLF x2,ううん、続けて。\nヴェラトローパを出現させる為に\n必要なんでしょう,,pendente,
mev10_120.scr:11,mev10_120.scr,11,67,リタ,personagem,13,12,,,……わかった,,pendente,
mev10_120.scr:12,mev10_120.scr,12,67,リタ,personagem,14,20,,,じゃあ、少し我慢して,,pendente,
mev10_120.scr:13,mev10_120.scr,13,25,セルシウス,personagem,15,40,,CRLF x1,これよ。\nヴェラトローパのドクメント！！,,pendente,
mev10_120.scr:14,mev10_120.scr,14,67,リタ,personagem,16,48,,CRLF x1,よっし、コピー出来たっ！\n可視化を解除するわ！！,,pendente,
mev10_120.scr:15,mev10_120.scr,15,67,リタ,personagem,17,10,,,カノンノ！,,pendente,
mev10_120.scr:16,mev10_120.scr,16,67,リタ,personagem,18,32,,,やっぱり、かなりの負担だったのね,,pendente,
mev10_120.scr:17,mev10_120.scr,17,67,リタ,personagem,19,36,,,肉体とドクメントにズレが生じたのかも,,pendente,
mev10_120.scr:18,mev10_120.scr,18,25,セルシウス,personagem,20,28,,,わたしが医務室へ連れて行くわ,,pendente,
mev10_120.scr:19,mev10_120.scr,19,19,ハロルド,personagem,21,26,,,ええ、よーく休ませてあげて,,pendente,
mev10_120.scr:20,mev10_120.scr,20,19,ハロルド,personagem,22,54,,CRLF x1,やっぱり、ドクメントを細かく展開するのは、\n危険なのね,,pendente,
mev10_120.scr:21,mev10_120.scr,21,19,ハロルド,personagem,23,50,,CRLF x1,でも、これでヴェラトローパへ\n行く事が出来るわよ！,,pendente,
mev10_120.scr:22,mev10_120.scr,22,,(mensagem de sistema),sistema,24,42,,,カノンノが治療のため、医務室に収容されます,,pendente,
mev10_120.scr:23,mev10_120.scr,23,,(mensagem de sistema),sistema,25,32,,,カノンノがパーティから外れました,,pendente,
mev10_130.scr:0,mev10_130.scr,0,70,シング,personagem,1,50,,CRLF x1,ええ！？\nその「ヒトの祖」の遺構って、空にあるの？,,pendente,
mev10_130.scr:1,mev10_130.scr,1,70,シング,personagem,2,26,,,でも、何もないじゃないか…,,pendente,
mev10_130.scr:2,mev10_130.scr,2,67,リタ,personagem,3,42,,CRLF x1,あるの。\n何もない所から、引っ張り出すのよ,,pendente,
mev10_130.scr:3,mev10_130.scr,3,19,ハロルド,personagem,4,62,,CRLF x2,空間が反応してる。\nカノンノにあったドクメントと\n呼応する様に,,pendente,
mev10_130.scr:4,mev10_130.scr,4,19,ハロルド,personagem,5,50,,CRLF x1,これを、私達と同じ物質の振動数に\nおとしてやれば…,,pendente,
mev10_130.scr:5,mev10_130.scr,5,19,ハロルド,personagem,6,18,,,じゃあ、行くわよ！,,pendente,
mev10_150.scr:0,mev10_150.scr,0,70,シング,personagem,1,16,,,何だ…？　宮殿？,,pendente,
mev10_150.scr:1,mev10_150.scr,1,52,ジェイド,personagem,2,48,,CRLF x1,これが、「ヒトの祖」の遺構…。\nヴェラトローパ…,,pendente,
mev10_150.scr:2,mev10_150.scr,2,19,ハロルド,personagem,3,6,,,さてと,,pendente,
mev10_150.scr:3,mev10_150.scr,3,19,ハロルド,personagem,4,70,,CRLF x1,この世界の始まり、創世の時のヒミツを\n探りに行ってくれるのは誰かしら？,,pendente,
mev10_150.scr:4,mev10_150.scr,4,19,ハロルド,personagem,5,32,,,この依頼は、私から出しておくわね,,pendente,
mev11_010.scr:0,mev11_010.scr,0,62,アンジュ,personagem,0,16,,,世界の始まり…か,,pendente,
mev11_010.scr:1,mev11_010.scr,1,62,アンジュ,personagem,1,56,,CRLF x1,その謎が、ヴェラトローパへ行けば\nわかるかもしれないのね,,pendente,
mev11_010.scr:2,mev11_010.scr,2,62,アンジュ,personagem,2,94,,CRLF x2,ラザリスの事をよく知る為にも、\n今回、あなたには創世の時についての調査を\nしてきてもらいたいの,,pendente,
mev11_010.scr:3,mev11_010.scr,3,62,アンジュ,personagem,3,36,,,同行するのは、キール君とジュディスよ,,pendente,
mev11_010.scr:4,mev11_010.scr,4,62,アンジュ,personagem,4,28,,,それじゃあ、行ってらっしゃい,,pendente,
mev11_020.scr:0,mev11_020.scr,0,22,キール,personagem,1,62,,CRLF x2,ここが、ヒトの祖が\n今の人類になるその最後まで\n過ごした場所か,,pendente,
mev11_020.scr:1,mev11_020.scr,1,66,ジュディス,personagem,2,68,,CRLF x1,私達の次元からは隠されていても、\nこの宮殿はずっと生き続けていたのね,,pendente,
mev11_020.scr:2,mev11_020.scr,2,22,キール,personagem,3,50,,CRLF x1,ん、文字があるぞ。\n手持ちの資料で読めるだろうか…,,pendente,
mev11_020.scr:3,mev11_020.scr,3,66,ジュディス,personagem,4,36,,CRLF x1,情報を読んだ方が早いわ。\n私に任せて,,pendente,
mev11_020.scr:4,mev11_020.scr,4,22,キール,personagem,5,6,,,そうか,,pendente,
mev11_020.scr:5,mev11_020.scr,5,22,キール,personagem,6,88,,CRLF x2,ジュディスは、物から情報を読み取る\n「ナギーグ」という能力を持つ、\nクリティア族だったな,,pendente,
mev11_020.scr:6,mev11_020.scr,6,66,ジュディス,personagem,7,66,,CRLF x2,ええ。\n「創世伝えし者の為にこの空間を遺す」\nって、書いてある様よ,,pendente,
mev11_020.scr:7,mev11_020.scr,7,66,ジュディス,personagem,8,52,,CRLF x1,もしかして、創世を見た者が\nここにいるって事かしら？,,pendente,
mev11_020.scr:8,mev11_020.scr,8,22,キール,personagem,9,62,,CRLF x2,ありえないな。\nせいぜい、そいつの墓が残ってるって\n程度だろう,,pendente,
mev11_020.scr:9,mev11_020.scr,9,66,ジュディス,personagem,10,92,,CRLF x2,あら、セルシウスは、創世の時を見ていた者は\nヒトでも精霊とも違った。\nそう言っていたけれど？,,pendente,
mev11_020.scr:10,mev11_020.scr,10,22,キール,personagem,11,66,,CRLF x2,いたとしても、\nまともにコンタクトを取れる存在か\nわからないだろう,,pendente,
mev11_020.scr:11,mev11_020.scr,11,22,キール,personagem,12,18,,,安易な接触は危険…,,pendente,
mev11_020.scr:12,mev11_020.scr,12,22,キール,personagem,13,26,,,おい…、何か気配がしないか,,pendente,
mev11_020.scr:13,mev11_020.scr,13,66,ジュディス,personagem,14,94,,CRLF x2,あら、もう魔物が入り込んだのかしら。\nもしくは、この宮殿に置かれた自動警備の\n類かもしれないわ,,pendente,
mev11_020.scr:14,mev11_020.scr,14,22,キール,personagem,15,70,,CRLF x2,自動警備…。\nそんなものまで物質化させたっていうのか。\nハロルドの奴…,,pendente,
mev11_020.scr:15,mev11_020.scr,15,66,ジュディス,personagem,16,56,,CRLF x1,ふふ、こういう所はワクワクするわ。\nじゃ、先に進みましょ,,pendente,
mev11_030.scr:0,mev11_030.scr,0,22,キール,personagem,0,26,,CRLF x1,壁画だ。\nこれは世界樹か？,,pendente,
mev11_030.scr:1,mev11_030.scr,1,66,ジュディス,personagem,1,8,,,その様ね,,pendente,
mev11_030.scr:2,mev11_030.scr,2,22,キール,personagem,2,26,,,絵から情報を読み取れるか？,,pendente,
mev11_030.scr:3,mev11_030.scr,3,66,ジュディス,personagem,3,12,,,やってみるわ,,pendente,
mev11_030.scr:4,mev11_030.scr,4,66,ジュディス,personagem,5,80,,CRLF x1,「世界樹とは、世界を生みしもの…。\n　大地、自然の摂理、そして生命体を作り出す」,,pendente,
mev11_030.scr:5,mev11_030.scr,5,22,キール,personagem,6,40,,,何だ、ぼく達の認識と変わらないじゃないか,,pendente,
mev11_030.scr:6,mev11_030.scr,6,66,ジュディス,personagem,7,12,,,続きがあるわ,,pendente,
mev11_030.scr:7,mev11_030.scr,7,66,ジュディス,personagem,8,84,,CRLF x2,「世界樹の始まりは一つの種子。\n　宙空のただ中を漂いながら芽吹き、\n　創造を始める」,,pendente,
mev11_030.scr:8,mev11_030.scr,8,66,ジュディス,personagem,9,34,,,これは、大地や生命を生み出す行為ね,,pendente,
mev11_030.scr:9,mev11_030.scr,9,66,ジュディス,personagem,10,78,,CRLF x2,「そして世界樹は、\n　作られた世界と調和を成しながら\n　さらに成長していく…」,,pendente,
mev11_030.scr:10,mev11_030.scr,10,66,ジュディス,personagem,11,78,,CRLF x1,「それから調和によりマナ満ちた時、\n　世界樹は新たな世界となる種子を付ける…」,,pendente,
mev11_030.scr:11,mev11_030.scr,11,22,キール,personagem,12,10,,,何だって？,,pendente,
mev11_030.scr:12,mev11_030.scr,12,22,キール,personagem,13,112,,CRLF x2,それじゃあ、この世界ルミナシアは\nかつてどこかに存在していた世界樹から\n生まれた種子が、芽吹いたものだと言うのか,,pendente,
mev11_030.scr:13,mev11_030.scr,13,66,ジュディス,personagem,14,76,,CRLF x1,この壁画にある情報は、ここまでよ。\n他にもある様だから、見に行ってみましょう,,pendente,
mev11_040.scr:0,mev11_040.scr,0,22,キール,personagem,0,16,,,今度の絵は何だ…,,pendente,
mev11_040.scr:1,mev11_040.scr,1,66,ジュディス,personagem,1,10,,,この絵は…,,pendente,
mev11_040.scr:2,mev11_040.scr,2,66,ジュディス,personagem,3,28,,,世界に大地が生まれた後の事ね,,pendente,
mev11_040.scr:3,mev11_040.scr,3,66,ジュディス,personagem,4,50,,CRLF x1,「大地が生まれた後、\n　ヒトの祖と精霊が生まれた」,,pendente,
mev11_040.scr:4,mev11_040.scr,4,66,ジュディス,personagem,5,58,,CRLF x2,非物質だけども、\n知的生命の誕生という事に\nなるのかしら…,,pendente,
mev11_040.scr:5,mev11_040.scr,5,22,キール,personagem,6,22,,,ジュディス、続けてくれ,,pendente,
mev11_040.scr:6,mev11_040.scr,6,66,ジュディス,personagem,7,80,,CRLF x2,ヒトの祖は、ここヴェラトローパを創り、\nヒトとなる為に肉体や潜在能力を\n設計した,,pendente,
mev11_040.scr:7,mev11_040.scr,7,66,ジュディス,personagem,8,50,,CRLF x1,そして、設計通りの身体をまとい、\n地上に降りた様よ,,pendente,
mev11_040.scr:8,mev11_040.scr,8,22,キール,personagem,9,46,,CRLF x1,まさに、ソウルアルケミー…。\n神の成せる業だな,,pendente,
mev11_040.scr:9,mev11_040.scr,9,66,ジュディス,personagem,10,70,,CRLF x2,ソウルアルケミーは、\nヴェラトローパの民が\n普通に持っていた能力の様ね,,pendente,
mev11_040.scr:10,mev11_040.scr,10,66,ジュディス,personagem,11,84,,CRLF x2,私達には魔術の曙、\n失われた技術とされていたけど、\nここでは当たり前に使われていた…,,pendente,
mev11_040.scr:11,mev11_040.scr,11,66,ジュディス,personagem,12,80,,CRLF x2,私達クリティアという種族、\nそしてこのナギーグという力は、\nここで決められたのね,,pendente,
mev11_040.scr:12,mev11_040.scr,12,22,キール,personagem,13,64,,CRLF x1,人間も、ユージーンの様なガジュマも、\nカイウスの様なリカンツも…,,pendente,
mev11_040.scr:13,mev11_040.scr,13,66,ジュディス,personagem,14,72,,CRLF x1,コレットの様に羽がある者も…、\n全てのヒト、人類はここから始まったんだわ,,pendente,
mev11_040.scr:14,mev11_040.scr,14,22,キール,personagem,15,74,,CRLF x1,だが、「ヒトの祖」はなぜ地上へ？\nここに残れば、神の様に生きられただろうに,,pendente,
mev11_040.scr:15,mev11_040.scr,15,66,ジュディス,personagem,16,26,,,世界と共に、創造する為、ね,,pendente,
mev11_040.scr:16,mev11_040.scr,16,66,ジュディス,personagem,17,88,,CRLF x2,世界樹の被造物であるヒトの祖もまた、\n世界と共に創造の担い手として生きる事を\n決めたのよ,,pendente,
mev11_040.scr:17,mev11_040.scr,17,66,ジュディス,personagem,18,48,,CRLF x1,それは実際に生きて、\n世界と調和し、経験をする事,,pendente,
mev11_040.scr:18,mev11_040.scr,18,66,ジュディス,personagem,19,46,,CRLF x1,世界にある生命全てが学び合い、\n向上していく事,,pendente,
mev11_040.scr:19,mev11_040.scr,19,66,ジュディス,personagem,20,50,,CRLF x1,そして、そうしなければ新しい発見も\nなかったはずよ,,pendente,
mev11_040.scr:20,mev11_040.scr,20,66,ジュディス,personagem,21,60,,CRLF x1,世界をより成長させていく為に、\n一からの学びの道を選んだのね,,pendente,
mev11_040.scr:21,mev11_040.scr,21,22,キール,personagem,22,64,,CRLF x1,それが、今の世の中の有様か？\n成長どころか後退してるじゃないか！,,pendente,
mev11_040.scr:22,mev11_040.scr,22,66,ジュディス,personagem,23,36,,CRLF x1,そう？\n今が学びの時かもしれないわよ,,pendente,
mev11_040.scr:23,mev11_040.scr,23,66,ジュディス,personagem,24,62,,CRLF x2,次に行きましょう。\nこの壁画から読み取れる情報は、\nもうないわ,,pendente,
mev11_050.scr:0,mev11_050.scr,0,22,キール,personagem,0,46,,CRLF x2,この絵は何だ？\n一つは世界樹。\n横にあるのは…,,pendente,
mev11_050.scr:1,mev11_050.scr,1,66,ジュディス,personagem,2,50,,CRLF x1,これは、世界樹の種子…、\nルミナシアではない種子よ,,pendente,
mev11_050.scr:2,mev11_050.scr,2,66,ジュディス,personagem,3,48,,CRLF x1,それが、この世界の近くにあったと\n描かれている…,,pendente,
mev11_050.scr:3,mev11_050.scr,3,66,ジュディス,personagem,4,14,,,わかったわ…！,,pendente,
mev11_050.scr:4,mev11_050.scr,4,22,キール,personagem,5,20,,,どうした、ジュディス,,pendente,
mev11_050.scr:5,mev11_050.scr,5,66,ジュディス,personagem,6,100,,CRLF x2,私達の世界ルミナシアが生まれる一方で、\n傍らにある芽吹かなかった世界が、\nこの世界に取り込まれている,,pendente,
mev11_050.scr:6,mev11_050.scr,6,66,ジュディス,personagem,7,58,,CRLF x1,この事なのよ。\nラザリスが言った「生まれるはずだった世界」,,pendente,
mev11_050.scr:7,mev11_050.scr,7,66,ジュディス,personagem,8,50,,CRLF x1,ラザリスの正体は、\nもう一つの世界そのものなんだわ,,pendente,
mev11_050.scr:8,mev11_050.scr,8,22,キール,personagem,9,88,,CRLF x2,ラザリスが、発芽しなかった\n世界の種子だったって？\nなぜ、そんなものが取り込まれてるんだ,,pendente,
mev11_050.scr:9,mev11_050.scr,9,66,ジュディス,personagem,10,116,,CRLF x2,なぜ種子を取り込んだのかはわからないわ。\nでも、種子を取り込んだ事によって\nこのルミナシアに大きな災厄が起こったと…,,pendente,
mev11_050.scr:10,mev11_050.scr,10,66,ジュディス,personagem,11,94,,CRLF x2,どんな災厄があったかは伝えられていないわ。\nただ、あまりにも理が違う為、としか\n読み取れないの,,pendente,
mev11_050.scr:11,mev11_050.scr,11,66,ジュディス,personagem,12,76,,CRLF x1,確かなのは、ルミナシアの世界樹は、\nもう一つの世界を取り込んでいるという事よ,,pendente,
mev11_050.scr:12,mev11_050.scr,12,22,キール,personagem,13,66,,CRLF x1,ラザリス…、赤い煙……。\n星晶によって封じられていたと言っていたな,,pendente,
mev11_050.scr:13,mev11_050.scr,13,66,ジュディス,personagem,14,92,,CRLF x2,そう、星晶はやはりその為に\n世界樹が生んだものみたい。\n人々のエネルギーにする為ではなく、ね,,pendente,
mev11_060.scr:0,mev11_060.scr,0,22,キール,personagem,1,22,,,中心にいるのは人間か？,,pendente,
mev11_060.scr:1,mev11_060.scr,1,22,キール,personagem,2,40,,CRLF x1,その周りにあるのは、\n武具か何かの様だが,,pendente,
mev11_060.scr:2,mev11_060.scr,2,66,ジュディス,personagem,3,52,,CRLF x2,予言ね。\n私達にも伝わっている、\nディセンダーの予言,,pendente,
mev11_060.scr:3,mev11_060.scr,3,66,ジュディス,personagem,4,90,,CRLF x2,「世界の危機が生まれし時、\n　世界樹はディセンダーを生み出す。\n　それは、世界の守り手…」,,pendente,
mev11_060.scr:4,mev11_060.scr,4,66,ジュディス,personagem,5,116,,CRLF x2,生まれた時には記憶が無いとか、世界を救った\n後、また世界樹へと還るなどのその特徴は、\n現在に伝わっているものと一緒ね,,pendente,
mev11_060.scr:5,mev11_060.scr,5,22,キール,personagem,6,52,,CRLF x1,ディセンダーの予言のルーツは、\nここからだったのか…,,pendente,
mev11_060.scr:6,mev11_060.scr,6,22,キール,personagem,7,64,,CRLF x2,待てよ？\n「ヒトの祖」はなぜ、\nディセンダーの事を知っていたんだ,,pendente,
mev11_060.scr:7,mev11_060.scr,7,66,ジュディス,personagem,8,104,,CRLF x2,創世を伝えし者より、もたらされたみたいね。\nそして、地上へ降りたヒトの祖が、\nこの予言を後世に伝えていた,,pendente,
mev11_060.scr:8,mev11_060.scr,8,66,ジュディス,personagem,9,26,,,そんなところじゃないかしら,,pendente,
mev11_060.scr:9,mev11_060.scr,9,22,キール,personagem,10,74,,CRLF x2,○○、\nお前の、ディセンダーという存在は、\n世界樹のシステムの一つなのか？,,pendente,
mev11_060.scr:10,mev11_060.scr,10,22,キール,personagem,13,42,,CRLF x2,全く。\n本当にお前は\nディセンダーなのか？,,pendente,
mev11_060.scr:11,mev11_060.scr,11,22,キール,personagem,14,52,,CRLF x1,お前の事を聞いてるんだ。\n意見の一つくらい無いのか？,,pendente,
mev11_060.scr:12,mev11_060.scr,12,22,キール,personagem,15,112,,CRLF x2,…ともかく、ディセンダーというのは、\n世界樹があれば、ディセンダーが実在\nしている可能性が高い、と言う事になるな,,pendente,
mev11_060.scr:13,mev11_060.scr,13,22,キール,personagem,16,32,,,で、この描かれている武具は何だ？,,pendente,
mev11_060.scr:14,mev11_060.scr,14,66,ジュディス,personagem,17,58,,CRLF x1,光まとうものに送りし輝ける光器、\n「レディアント」とあるわ,,pendente,
mev11_060.scr:15,mev11_060.scr,15,66,ジュディス,personagem,18,48,,CRLF x1,ディセンダーが現れた時の為に作られた\n特殊な武具,,pendente,
mev11_060.scr:16,mev11_060.scr,16,66,ジュディス,personagem,19,52,,CRLF x2,ヒトの祖が、\nソウルアルケミーによって\n創ったものね,,pendente,
mev11_060.scr:17,mev11_060.scr,17,66,ジュディス,personagem,20,76,,CRLF x1,ディセンダーはあらゆる姿に転じる。\nその為、様々な種類の武具を用意したみたい,,pendente,
mev11_060.scr:18,mev11_060.scr,18,22,キール,personagem,21,38,,CRLF x1,○○の為だけに\n作られた武具だって…？,,pendente,
mev11_060.scr:19,mev11_060.scr,19,66,ジュディス,personagem,22,32,,,でも、簡単には手に入らないみたい,,pendente,
mev11_060.scr:20,mev11_060.scr,20,66,ジュディス,personagem,23,104,,CRLF x2,レディアントは、ディセンダー以外の手に\n渡らないよう、ヒトの祖が作った\n人工精霊がまとっているそうだから,,pendente,
mev11_060.scr:21,mev11_060.scr,21,22,キール,personagem,24,54,,CRLF x1,手に入れる為には、その人工精霊と\n戦う必要があるんだな,,pendente,
mev11_060.scr:22,mev11_060.scr,22,66,ジュディス,personagem,25,6,,,そうね,,pendente,
mev11_060.scr:23,mev11_060.scr,23,,(opcao do jogador),escolha,11,18,,,わからない、と言う,,pendente,
mev11_060.scr:24,mev11_060.scr,24,,(opcao do jogador),escolha,12,10,,,黙っている,,pendente,
mev11_070.scr:0,mev11_070.scr,0,22,キール,personagem,0,22,,,壁画はこれで終わりか…,,pendente,
mev11_070.scr:1,mev11_070.scr,1,66,ジュディス,personagem,1,12,,,思い出したわ,,pendente,
mev11_070.scr:2,mev11_070.scr,2,66,ジュディス,personagem,2,70,,CRLF x2,入り口に\n「創世伝えし者の為にこの空間を遺す」と\n書かれていたわよね？,,pendente,
mev11_070.scr:3,mev11_070.scr,3,22,キール,personagem,3,24,,,もっと奥の調査が必要か？,,pendente,
mev11_070.scr:4,mev11_070.scr,4,66,ジュディス,personagem,4,42,,CRLF x1,ええ。\n「創世伝えし者」に、会ってみたいわ,,pendente,
mev11_070.scr:5,mev11_070.scr,5,22,キール,personagem,5,52,,CRLF x1,ぼくは反対だ。\nこちらに敵意を向けられる可能性がある,,pendente,
mev11_070.scr:6,mev11_070.scr,6,22,キール,personagem,6,44,,CRLF x1,まあ、もうちょっと調査が必要なのは\n認めるが,,pendente,
mev11_070.scr:7,mev11_070.scr,7,66,ジュディス,personagem,7,8,,,決まりね,,pendente,
mev11_080.scr:0,mev11_080.scr,0,66,ジュディス,personagem,1,8,,,これは…,,pendente,
mev11_080.scr:1,mev11_080.scr,1,22,キール,personagem,2,46,,CRLF x1,ここ、ヴェラトローパとは\nまた異質なものだな…,,pendente,
mev11_080.scr:2,mev11_080.scr,2,22,キール,personagem,3,62,,CRLF x2,この物体の質感…。\nこの世界には、存在しないものかも\nしれない,,pendente,
mev11_080.scr:3,mev11_080.scr,3,66,ジュディス,personagem,4,20,,,私、呼びかけてみるわ,,pendente,
mev11_080.scr:4,mev11_080.scr,4,91,ニアタ,personagem,6,26,,,我々に呼びかけるのは誰だ…,,pendente,
mev11_080.scr:5,mev11_080.scr,5,22,キール,personagem,7,12,,,し、喋った！,,pendente,
mev11_080.scr:6,mev11_080.scr,6,91,ニアタ,personagem,8,30,,,そなたらは、…ルミナシアの民か,,pendente,
mev11_080.scr:7,mev11_080.scr,7,66,ジュディス,personagem,9,28,,,あなたが…創世を見届けし者？,,pendente,
mev11_080.scr:8,mev11_080.scr,8,91,ニアタ,personagem,11,96,,CRLF x2,我々はニアタ・モナド。\n肉体を捨て、ディセンダーの介添人として、\n一つの機器に宿った精神集合体だ,,pendente,
mev11_080.scr:9,mev11_080.scr,9,66,ジュディス,personagem,12,22,,,ディセンダーの介添人？,,pendente,
mev11_080.scr:10,mev11_080.scr,10,91,ニアタ,personagem,13,74,,CRLF x2,そうだ。\nそなたらと異なる世界「パスカ」の\nディセンダーに仕えしものだった,,pendente,
mev11_080.scr:11,mev11_080.scr,11,22,キール,personagem,14,68,,CRLF x1,異なる世界のディセンダー？\nあんたの世界にも世界樹があったって事か？,,pendente,
mev11_080.scr:12,mev11_080.scr,12,91,ニアタ,personagem,15,68,,CRLF x2,左様。\nだが、我々の世界は遥か過去に寿命を迎え\nもう存在してはいない,,pendente,
mev11_080.scr:13,mev11_080.scr,13,91,ニアタ,personagem,16,106,,CRLF x2,世界も無く、仕えるディセンダーもおらず、\n我々は朽ちぬ機械の身体のまま\nあらゆる世界を旅している最中に…、,,pendente,
mev11_080.scr:14,mev11_080.scr,14,91,ニアタ,personagem,17,44,,CRLF x1,まだ種子の状態だった\nこの世界を見つけたのだ,,pendente,
mev11_080.scr:15,mev11_080.scr,15,66,ジュディス,personagem,18,50,,CRLF x1,そして、このルミナシアの\n世界の創世を目にしたのね,,pendente,
mev11_080.scr:16,mev11_080.scr,16,91,ニアタ,personagem,19,6,,,そうだ,,pendente,
mev11_080.scr:17,mev11_080.scr,17,91,ニアタ,personagem,20,84,,CRLF x2,そして、この世界が我らの世界の記憶を\n受け継ぐものかどうか、\nそれを知る為に留まった,,pendente,
mev11_080.scr:18,mev11_080.scr,18,22,キール,personagem,21,6,,,記憶？,,pendente,
mev11_080.scr:19,mev11_080.scr,19,91,ニアタ,personagem,22,52,,CRLF x2,世界樹の種子は、\nその親となる世界の記憶を\n受け継ぐ,,pendente,
mev11_080.scr:20,mev11_080.scr,20,91,ニアタ,personagem,23,80,,CRLF x2,どの様な者が存在したか、\nどの様な生命が存在したか…。\n全ての情報を受け継がせる,,pendente,
mev11_080.scr:21,mev11_080.scr,21,22,キール,personagem,24,38,,CRLF x1,それじゃ、\n本当に生物と…同じなんだな,,pendente,
mev11_080.scr:22,mev11_080.scr,22,22,キール,personagem,25,58,,CRLF x1,では、伝えられる記憶を元に、\n新しい世界は構築されるのか？,,pendente,
mev11_080.scr:23,mev11_080.scr,23,91,ニアタ,personagem,26,50,,CRLF x2,そうだ。\nそうして、生まれ行く世界は\n進化し続ける,,pendente,
mev11_080.scr:24,mev11_080.scr,24,66,ジュディス,personagem,27,48,,CRLF x1,では、このルミナシアに、\nあなたの故郷の記憶が？,,pendente,
mev11_080.scr:25,mev11_080.scr,25,91,ニアタ,personagem,28,56,,CRLF x1,いや、ここは我々の世界、パスカの記憶を\n有していなかった,,pendente,
mev11_080.scr:26,mev11_080.scr,26,91,ニアタ,personagem,29,50,,CRLF x1,だから、我々は６０００年前に\nこの世界を去ったのだ,,pendente,
mev11_080.scr:27,mev11_080.scr,27,91,ニアタ,personagem,30,90,,CRLF x2,今、そなたらと対話しているのは、\n我々の端末の一つ。\n本体は遠く時空を隔てた別の世界にある,,pendente,
mev11_080.scr:28,mev11_080.scr,28,22,キール,personagem,31,32,,CRLF x1,端末だって？\n何の為にそんな事を,,pendente,
mev11_080.scr:29,mev11_080.scr,29,91,ニアタ,personagem,32,48,,CRLF x1,我々とて、世界樹の全てを\n知っているわけではない,,pendente,
mev11_080.scr:30,mev11_080.scr,30,91,ニアタ,personagem,33,48,,CRLF x1,この身体朽ちるまで、\nそれを探求したかったのだよ,,pendente,
mev11_080.scr:31,mev11_080.scr,31,22,キール,personagem,34,30,,,ここで、観察していたってわけか,,pendente,
mev11_080.scr:32,mev11_080.scr,32,91,ニアタ,personagem,35,26,,,それに、我々には誓いがある,,pendente,
mev11_080.scr:33,mev11_080.scr,33,91,ニアタ,personagem,36,46,,CRLF x1,世界に危機訪れし時、\nそこに住む民に力を貸すと,,pendente,
mev11_080.scr:34,mev11_080.scr,34,91,ニアタ,personagem,37,74,,CRLF x2,そして、ディセンダーよ。\nそなたが生まれたというなら、\n今がその時なのだな,,pendente,
mev11_080.scr:35,mev11_080.scr,35,66,ジュディス,personagem,38,72,,CRLF x2,この世界に封じられていた\nもう一つの世界、\nあなたは見ていたのでしょう？,,pendente,
mev11_080.scr:36,mev11_080.scr,36,66,ジュディス,personagem,39,54,,CRLF x1,それが、この世界に現れたの。\n一人の人格と、姿を得て…,,pendente,
mev11_080.scr:37,mev11_080.scr,37,91,ニアタ,personagem,40,96,,CRLF x2,なるほど…、「生命の場」を持たない\n情報だけの存在が、この世界の生命力を得て、\n姿を持ったのだな,,pendente,
mev11_080.scr:38,mev11_080.scr,38,22,キール,personagem,41,40,,,「生命の場」？　「情報だけの存在」とは？,,pendente,
mev11_080.scr:39,mev11_080.scr,39,91,ニアタ,personagem,42,64,,CRLF x2,世界樹の種子に実体は無く、\n輝くエネルギーのみで\n構成されている,,pendente,
mev11_080.scr:40,mev11_080.scr,40,91,ニアタ,personagem,43,82,,CRLF x1,そこには、生命を生み出す力「生命の場」と\nいかなる世界を構築するかの「情報」がある,,pendente,
mev11_080.scr:41,mev11_080.scr,41,91,ニアタ,personagem,44,36,,,この二つがなければ、種子は芽吹かない,,pendente,
mev11_080.scr:42,mev11_080.scr,42,66,ジュディス,personagem,45,6,,,情報…,,pendente,
mev11_080.scr:43,mev11_080.scr,43,66,ジュディス,personagem,46,80,,CRLF x1,言い換えれば、ドクメントだけの存在だった\nラザリスに、私達の世界の人間が願い…、,,pendente,
mev11_080.scr:44,mev11_080.scr,44,66,ジュディス,personagem,47,70,,CRLF x2,それを叶える事で、ラザリスは\n力を得てしまった…。\nそういう事かしら？,,pendente,
mev11_080.scr:45,mev11_080.scr,45,95,ラザリス,personagem,48,54,,CRLF x1,時空が騒いだと思ったら、\nこんなものがあったなんてね…,,pendente,
mev11_080.scr:46,mev11_080.scr,46,22,キール,personagem,49,10,,,ラザリス…,,pendente,
mev11_080.scr:47,mev11_080.scr,47,95,ラザリス,personagem,50,26,,,僕が何者か、わかった様だね,,pendente,
mev11_080.scr:48,mev11_080.scr,48,95,ラザリス,personagem,51,66,,CRLF x2,そう。\n僕は、生まれるはずだった世界\nジルディアにして、その一部…,,pendente,
mev11_080.scr:49,mev11_080.scr,49,95,ラザリス,personagem,52,32,,,だけど、僕の種子は芽吹かなかった,,pendente,
mev11_080.scr:50,mev11_080.scr,50,95,ラザリス,personagem,53,94,,CRLF x2,僕はね、あのまま朽ちるはずだったんだ。\nでも、君達の世界樹は僕を取り込み、\n星晶で封じたんだよ,,pendente,
mev11_080.scr:51,mev11_080.scr,51,95,ラザリス,personagem,54,100,,CRLF x2,何の為に封じたんだい、ディセンダー…。\n生まれる事も出来ず、価値のない僕を\nなぜわざわざ封印したんだ,,pendente,
mev11_080.scr:52,mev11_080.scr,52,95,ラザリス,personagem,57,42,,CRLF x1,だんまりかい。\n知った事ではないってんだね,,pendente,
mev11_080.scr:53,mev11_080.scr,53,95,ラザリス,personagem,58,52,,CRLF x1,ともかく、どういうわけか\n僕はこの世界に解き放たれた,,pendente,
mev11_080.scr:54,mev11_080.scr,54,95,ラザリス,personagem,59,76,,CRLF x2,あきれたよ。\n出来上がったこの世界を見れば、\n自滅の道を歩んでいるじゃないか,,pendente,
mev11_080.scr:55,mev11_080.scr,55,95,ラザリス,personagem,60,12,,,だから……、,,pendente,
mev11_080.scr:56,mev11_080.scr,56,95,ラザリス,personagem,61,34,,,だから、この世界は僕がもらうよ！！,,pendente,
mev11_080.scr:57,mev11_080.scr,57,,(opcao do jogador),escolha,55,26,,,何か言葉を見つけようと焦る,,pendente,
mev11_080.scr:58,mev11_080.scr,58,,(opcao do jogador),escolha,56,4,,,黙る,,pendente,
mev11_100.scr:0,mev11_100.scr,0,22,キール,personagem,1,16,,,何だ、あれは！？,,pendente,
mev11_100.scr:1,mev11_100.scr,1,95,ラザリス,personagem,2,38,,,アレは、僕の世界ジルディアのほんの一部,,pendente,
mev11_100.scr:2,mev11_100.scr,2,95,ラザリス,personagem,3,72,,CRLF x1,まだまだ世界樹が生命の場を譲って\nくれそうにないから、一度にはムリだけど,,pendente,
mev11_100.scr:3,mev11_100.scr,3,95,ラザリス,personagem,4,52,,CRLF x1,でも、やがて全てを僕色に塗り替えるよ。\nじわじわとね,,pendente,
mev11_100.scr:4,mev11_100.scr,4,95,ラザリス,personagem,5,32,,,僕ならもっといい世界を生み出せる,,pendente,
mev11_100.scr:5,mev11_100.scr,5,95,ラザリス,personagem,6,48,,CRLF x1,ディセンダー、\nいずれ君も僕のものになってくれよ,,pendente,
mev11_100.scr:6,mev11_100.scr,6,66,ジュディス,personagem,7,10,,,ニアタ…！,,pendente,
mev11_100.scr:7,mev11_100.scr,7,91,ニアタ,personagem,8,66,,CRLF x1,あの…ラザリスが…出現させたものが、\n世界を……侵食し始めている…,,pendente,
mev11_100.scr:8,mev11_100.scr,8,91,ニアタ,personagem,9,46,,CRLF x1,このルミナシアの……理を変えていく…\n媒体だ…,,pendente,
mev11_100.scr:9,mev11_100.scr,9,91,ニアタ,personagem,10,62,,CRLF x1,最終的には…世界樹の生命の場を…\n…乗っ取る…つもりだろう……,,pendente,
mev11_100.scr:10,mev11_100.scr,10,91,ニアタ,personagem,11,72,,CRLF x1,星晶で…封じたと…言って…いたな……。\n世界樹が…生んだ…あの物質の事か,,pendente,
mev11_100.scr:11,mev11_100.scr,11,66,ジュディス,personagem,12,58,,CRLF x1,でも、星晶のほとんどが採掘されてしまって、\n残っていないわ,,pendente,
mev11_100.scr:12,mev11_100.scr,12,91,ニアタ,personagem,13,100,,CRLF x2,そなた…、モノから情報を読む力を持つよう…\n自らを設計して地上へ降りた……、\nクリティア族…だな……,,pendente,
mev11_100.scr:13,mev11_100.scr,13,91,ニアタ,personagem,14,80,,CRLF x2,ならば…、必要な事は…このプレートに\n記して…ある。\n力に…なれれば…いいが……,,pendente,
mev11_100.scr:14,mev11_100.scr,14,91,ニアタ,personagem,15,24,,,………………………………,,pendente,
mev11_100.scr:15,mev11_100.scr,15,22,キール,personagem,16,18,,,もう、反応がない…,,pendente,
mev11_100.scr:16,mev11_100.scr,16,22,キール,personagem,17,18,,,みんな、一度戻ろう,,pendente,
mev11_105.scr:0,mev11_105.scr,0,22,キール,personagem,1,24,,,おい、見ろよ！　道が…！,,pendente,
mev11_105.scr:1,mev11_105.scr,1,66,ジュディス,personagem,2,56,,CRLF x1,いえ、これでいいの。\nこの場所は荒らされるべきではないわ,,pendente,
mev11_105.scr:2,mev11_105.scr,2,66,ジュディス,personagem,3,14,,CRLF x1,戻りましょう\n,,pendente,
mev11_110.scr:0,mev11_110.scr,0,62,アンジュ,personagem,0,32,,CRLF x1,お疲れ様。\n無事に戻れて何よりよ,,pendente,
mev11_110.scr:1,mev11_110.scr,1,62,アンジュ,personagem,1,64,,CRLF x1,それにしても、あのキバの様なものの出現に\nみんな、動揺しているわ,,pendente,
mev11_110.scr:2,mev11_110.scr,2,62,アンジュ,personagem,2,42,,,近隣の村とかに、被害がないか気になるよね…,,pendente,
mev11_110.scr:3,mev11_110.scr,3,62,アンジュ,personagem,5,70,,CRLF x2,ラザリスが出現させた、\nあの空に食い付かんばかりの\n大きくて白いものよ,,pendente,
mev11_110.scr:4,mev11_110.scr,4,62,アンジュ,personagem,6,64,,CRLF x2,どう見ても、キバだもん…。\n他に何て言えばいいのか\nわからないし,,pendente,
mev11_110.scr:5,mev11_110.scr,5,62,アンジュ,personagem,7,72,,CRLF x2,今後あれは「ジルディアのキバ」か\n「キバ」って呼びましょ\nね？　決まり！,,pendente,
mev11_110.scr:6,mev11_110.scr,6,62,アンジュ,personagem,8,26,,,みんなにもそう伝えておくね,,pendente,
mev11_110.scr:7,mev11_110.scr,7,62,アンジュ,personagem,11,16,,,うふふ、良かった,,pendente,
mev11_110.scr:8,mev11_110.scr,8,62,アンジュ,personagem,12,74,,CRLF x2,わかりやすいから、いいじゃない。\nみんなもすぐ覚えられるし、\n合理的でしょ,,pendente,
mev11_110.scr:9,mev11_110.scr,9,62,アンジュ,personagem,13,92,,CRLF x2,さて、と。\nあとの報告はキール君から詳しく聞くから、\nあなたには、医務室へ行ってもらおうかな,,pendente,
mev11_110.scr:10,mev11_110.scr,10,62,アンジュ,personagem,14,44,,CRLF x1,ちょっと、カノンノの様子を\n見てきて欲しいの,,pendente,
mev11_110.scr:11,mev11_110.scr,11,62,アンジュ,personagem,15,20,,,それじゃあ、お願いね,,pendente,
mev11_110.scr:12,mev11_110.scr,12,,(opcao do jogador),escolha,3,22,,,「キバ」とは、と尋ねる,,pendente,
mev11_110.scr:13,mev11_110.scr,13,,(opcao do jogador),escolha,4,28,,,「キバ」と呼ぶのか、と尋ねる,,pendente,
mev11_110.scr:14,mev11_110.scr,14,,(opcao do jogador),escolha,9,8,,,了解する,,pendente,
mev11_110.scr:15,mev11_110.scr,15,,(opcao do jogador),escolha,10,28,,,アンジュのいい加減さに呆れる,,pendente,
mev11_110.scr:16,mev11_110.scr,16,,(mensagem de sistema),sistema,16,48,,,優先行動（ベテラン編）が使えるようになりました！,,pendente,
mev11_120.scr:0,mev11_120.scr,0,86,カノンノ,personagem,0,28,,CRLF x1,あれっ、○○。\nどうしたの？,,pendente,
mev11_120.scr:1,mev11_120.scr,1,86,カノンノ,personagem,3,26,,,ああ、心配かけちゃったよね,,pendente,
mev11_120.scr:2,mev11_120.scr,2,86,カノンノ,personagem,4,16,,,謝りに行かなきゃ,,pendente,
mev11_120.scr:3,mev11_120.scr,3,86,カノンノ,personagem,5,26,,,ぁ…、それで来てくれたの？,,pendente,
mev11_120.scr:4,mev11_120.scr,4,86,カノンノ,personagem,6,10,,,ありがと…,,pendente,
mev11_120.scr:5,mev11_120.scr,5,86,カノンノ,personagem,7,34,,CRLF x1,でも、もう仕事出来るから。\n大丈夫,,pendente,
mev11_120.scr:6,mev11_120.scr,6,86,カノンノ,personagem,8,64,,CRLF x2,そういえば、\nヴェラトローパに行ってきたんだよね。\nどうだった？,,pendente,
mev11_120.scr:7,mev11_120.scr,7,86,カノンノ,personagem,11,38,,CRLF x1,そう。\nそんなに色んな事がわかったんだ,,pendente,
mev11_120.scr:8,mev11_120.scr,8,86,カノンノ,personagem,12,70,,CRLF x2,そうなの。\n私も、そんなに色んな事があったら、\n戸惑っちゃうだろうな…,,pendente,
mev11_120.scr:9,mev11_120.scr,9,86,カノンノ,personagem,13,48,,CRLF x1,でも、今の話の中でも\nヒトの祖の話…、すごいなあ,,pendente,
mev11_120.scr:10,mev11_120.scr,10,86,カノンノ,personagem,14,42,,,世界と共に、創造する為に地上に降りたなんて,,pendente,
mev11_120.scr:11,mev11_120.scr,11,86,カノンノ,personagem,15,70,,CRLF x1,私達、その「ヒトの祖」の子孫なんだなって\n思ったら、すごく不思議な気分,,pendente,
mev11_120.scr:12,mev11_120.scr,12,86,カノンノ,personagem,16,70,,CRLF x2,不思議で、素敵な事だと思うけど…。\nでも…。\n今の世界はどうなのかな…,,pendente,
mev11_120.scr:13,mev11_120.scr,13,86,カノンノ,personagem,17,78,,CRLF x1,戦争をしたり、奪い合ったり、欲しがったり。\nみんながみんな、別々の方向を見てる,,pendente,
mev11_120.scr:14,mev11_120.scr,14,86,カノンノ,personagem,18,30,,,世界樹は…、寂しがってないかな,,pendente,
mev11_120.scr:15,mev11_120.scr,15,86,カノンノ,personagem,21,38,,CRLF x1,○○は、\nみんなの事を信じているんだね,,pendente,
mev11_120.scr:16,mev11_120.scr,16,86,カノンノ,personagem,22,38,,CRLF x1,うん。\n今、悲観的になったらだめだよね,,pendente,
mev11_120.scr:17,mev11_120.scr,17,86,カノンノ,personagem,23,48,,CRLF x1,世界を良くする為に、\nアドリビトムはあるんだもん,,pendente,
mev11_120.scr:18,mev11_120.scr,18,86,カノンノ,personagem,24,48,,CRLF x1,そっか…。\nあなたが言うなら、そうなんだろうな…,,pendente,
mev11_120.scr:19,mev11_120.scr,19,86,カノンノ,personagem,25,74,,CRLF x2,でも、出来るよね。\nアドリビトムで、世界を少しずつでも\n変えていけるよね？,,pendente,
mev11_120.scr:20,mev11_120.scr,20,86,カノンノ,personagem,26,84,,CRLF x2,でも、世界が良くなったら…。\nあなたは、予言の通りに世界樹へ帰らないと\nいけないの？,,pendente,
mev11_120.scr:21,mev11_120.scr,21,86,カノンノ,personagem,29,38,,CRLF x1,私、あなたがいなくなったら\n寂しいよ…,,pendente,
mev11_120.scr:22,mev11_120.scr,22,,(opcao do jogador),escolha,1,40,,,アンジュに頼まれて様子を見に来た、と言う,,pendente,
mev11_120.scr:23,mev11_120.scr,23,,(opcao do jogador),escolha,2,22,,,心配で見に来た、と言う,,pendente,
mev11_120.scr:24,mev11_120.scr,24,,(opcao do jogador),escolha,9,20,,,ありのままの事を話す,,pendente,
mev11_120.scr:25,mev11_120.scr,25,,(opcao do jogador),escolha,10,16,,,戸惑いがちに話す,,pendente,
mev11_120.scr:26,mev11_120.scr,26,,(opcao do jogador),escolha,19,14,,,大丈夫、と言う,,pendente,
mev11_120.scr:27,mev11_120.scr,27,,(opcao do jogador),escolha,20,32,,,世界樹は寂しがってるはず、と言う,,pendente,
mev11_120.scr:28,mev11_120.scr,28,,(opcao do jogador),escolha,27,8,,,苦笑する,,pendente,
mev11_120.scr:29,mev11_120.scr,29,,(opcao do jogador),escolha,28,18,,,わからない、と言う,,pendente,
mev11_120.scr:30,mev11_120.scr,30,,(mensagem de sistema),sistema,30,28,,,カノンノの治療が終了しました,,pendente,
mev11_130.scr:0,mev11_130.scr,0,66,ジュディス,personagem,0,66,,CRLF x1,ラザリスの狙いは、この世界。\n…その為に世界樹を奪おうとしているわ,,pendente,
mev11_130.scr:1,mev11_130.scr,1,22,キール,personagem,1,74,,CRLF x1,人類は星晶を巡って争ってる場合じゃない。\n世界の存在そのものが危険なんだ！,,pendente,
mev11_130.scr:2,mev11_130.scr,2,59,ルカ,personagem,2,62,,CRLF x1,も、もし、世界が作りかえられたら…。\n僕達、どうなっちゃうの？,,pendente,
mev11_130.scr:3,mev11_130.scr,3,22,キール,personagem,3,114,,CRLF x2,ラザリスの世界の理に適応出来なくて死ぬか。\nあるいは、自分達も異質なものへと変化して\nラザリスの世界の住人になるか,,pendente,
mev11_130.scr:4,mev11_130.scr,4,22,キール,personagem,4,30,,,考えられるのはこんなところだな,,pendente,
mev11_130.scr:5,mev11_130.scr,5,59,ルカ,personagem,5,84,,CRLF x2,じゃ、じゃあ、ラザリスの世界の住人に\nなった場合は、少なくとも死なずには\n済むんだね,,pendente,
mev11_130.scr:6,mev11_130.scr,6,25,セルシウス,personagem,6,36,,,あなた、変化した虫を見たのでしょう？,,pendente,
mev11_130.scr:7,mev11_130.scr,7,25,セルシウス,personagem,7,88,,CRLF x2,あなたがもし異質な存在になったとして、\nあなた達ヒトの精神はそれに耐えられるの\nかしら？,,pendente,
mev11_130.scr:8,mev11_130.scr,8,59,ルカ,personagem,8,6,,,うっ…,,pendente,
mev11_130.scr:9,mev11_130.scr,9,25,セルシウス,personagem,9,58,,CRLF x1,今までの生き方だって全て、\n通用しなくなるかもしれないわよ,,pendente,
mev11_130.scr:10,mev11_130.scr,10,22,キール,personagem,10,80,,CRLF x2,そうだ、セルシウス。\nラザリスは、世界樹…その中でも\n生命の場を狙っている様だが,,pendente,
mev11_130.scr:11,mev11_130.scr,11,22,キール,personagem,11,46,,CRLF x1,生命の場と言うものを、\n詳しく教えてくれないか,,pendente,
mev11_130.scr:12,mev11_130.scr,12,25,セルシウス,personagem,12,116,,CRLF x2,世界樹の中にある、マナを生み出す部分。\n全ての源、世界樹の心臓とも言えるし、\nこの世界そのもののドクメントでもあるわ,,pendente,
mev11_130.scr:13,mev11_130.scr,13,22,キール,personagem,13,86,,CRLF x2,と、なると、\nそのドクメントが侵食されてしまえば、\nラザリスの世界へ作り変えられる…か,,pendente,
mev11_130.scr:14,mev11_130.scr,14,25,セルシウス,personagem,14,84,,CRLF x2,それは世界樹自身、\nもしくは世界樹の分身である\nディセンダーにしか扱えないでしょうね,,pendente,
mev11_130.scr:15,mev11_130.scr,15,59,ルカ,personagem,15,52,,CRLF x1,○○…。\n君が、生命の場を守りに行く事は出来ないの？,,pendente,
mev11_130.scr:16,mev11_130.scr,16,59,ルカ,personagem,18,14,,,そ、そんなぁ…,,pendente,
mev11_130.scr:17,mev11_130.scr,17,59,ルカ,personagem,19,66,,CRLF x2,ええ…。\n何でそんなに自信なさげなの？\n君の事、頼りにしてるのに…,,pendente,
mev11_130.scr:18,mev11_130.scr,18,25,セルシウス,personagem,20,60,,CRLF x1,ラザリスが手にしたところで、\n簡単に扱えるものではないはずよ,,pendente,
mev11_130.scr:19,mev11_130.scr,19,25,セルシウス,personagem,21,22,,,…恐らく、だけれどね…,,pendente,
mev11_130.scr:20,mev11_130.scr,20,22,キール,personagem,22,40,,CRLF x1,つまり、共に滅びる可能性も\nあるわけだな,,pendente,
mev11_130.scr:21,mev11_130.scr,21,66,ジュディス,personagem,23,44,,CRLF x1,まだ、完全に手詰まり、\nというわけではないわ,,pendente,
mev11_130.scr:22,mev11_130.scr,22,66,ジュディス,personagem,24,32,,,だって、彼は力を貸すと言ったもの,,pendente,
mev11_130.scr:23,mev11_130.scr,23,22,キール,personagem,25,40,,,ニアタから渡されたプレートを読んだのか？,,pendente,
mev11_130.scr:24,mev11_130.scr,24,66,ジュディス,personagem,26,42,,CRLF x1,これからよ。\nだから、少し時間をもらうわね,,pendente,
mev11_130.scr:25,mev11_130.scr,25,,(opcao do jogador),escolha,16,28,,,何も知らないので無理、と言う,,pendente,
mev11_130.scr:26,mev11_130.scr,26,,(opcao do jogador),escolha,17,30,,,何とかしてあげたいが…、と言う,,pendente,
mev11_140.scr:0,mev11_140.scr,0,66,ジュディス,personagem,0,24,,,プレートの情報を読んだわ,,pendente,
mev11_140.scr:1,mev11_140.scr,1,66,ジュディス,personagem,1,94,,CRLF x2,あのキバは、ラザリスが封印されていた\n次元から、物理法則を超えて、\nこのルミナシアへ現れている,,pendente,
mev11_140.scr:2,mev11_140.scr,2,66,ジュディス,personagem,2,18,,,パイプの様なものよ,,pendente,
mev11_140.scr:3,mev11_140.scr,3,67,リタ,personagem,3,8,,,パイプ？,,pendente,
mev11_140.scr:4,mev11_140.scr,4,66,ジュディス,personagem,4,44,,CRLF x1,ええ。\nラザリスの世界の情報を通すパイプ、ね,,pendente,
mev11_140.scr:5,mev11_140.scr,5,67,リタ,personagem,5,24,,,で、他に読み取れた事は？,,pendente,
mev11_140.scr:6,mev11_140.scr,6,66,ジュディス,personagem,6,90,,CRLF x2,ラザリス、及び彼女の世界ジルディアが\n封印されていた次元は、星晶によって\n作られたらしいわ,,pendente,
mev11_140.scr:7,mev11_140.scr,7,66,ジュディス,personagem,7,76,,CRLF x2,でも、封印されていた次元は\nほころんでいるから、\n元に戻すには星晶が必要なの,,pendente,
mev11_140.scr:8,mev11_140.scr,8,67,リタ,personagem,8,58,,CRLF x1,でも、どうすんのよ。\n星晶はほとんど採掘されて無いじゃない,,pendente,
mev11_140.scr:9,mev11_140.scr,9,66,ジュディス,personagem,9,88,,CRLF x2,これはプレートからの情報なのだけれど、\n星晶の代用となるものを作る事が\n出来るみたいなの,,pendente,
mev11_140.scr:10,mev11_140.scr,10,66,ジュディス,personagem,10,66,,CRLF x1,でも、それは私達が生活する為の\nエネルギーとして使う事は無理な様ね,,pendente,
mev11_140.scr:11,mev11_140.scr,11,66,ジュディス,personagem,11,50,,CRLF x1,星晶の代用品は、ラザリスに再び封印を\n施す為のもの,,pendente,
mev11_140.scr:12,mev11_140.scr,12,66,ジュディス,personagem,12,72,,CRLF x1,代用品で次元…、「封印次元」を構築したら、\nこの世界を包む様に封印を施す,,pendente,
mev11_140.scr:13,mev11_140.scr,13,66,ジュディス,personagem,13,48,,CRLF x1,そうすれば、ラザリスを再び封じる事が\n出来る様よ,,pendente,
mev11_140.scr:14,mev11_140.scr,14,67,リタ,personagem,14,24,,,星晶の代用はどうやって？,,pendente,
mev11_140.scr:15,mev11_140.scr,15,66,ジュディス,personagem,15,54,,CRLF x1,三つの素材のドクメントを\nソウルアルケミーで構築するの,,pendente,
mev11_140.scr:16,mev11_140.scr,16,66,ジュディス,personagem,16,104,,CRLF x2,一つ目は、舐めると塩辛い空色の石、\n二つ目は、羽があって飛び回る実。\n釣鐘に羽が付いた様な感じかしら…？,,pendente,
mev11_140.scr:17,mev11_140.scr,17,67,リタ,personagem,17,6,,,はあ？,,pendente,
mev11_140.scr:18,mev11_140.scr,18,66,ジュディス,personagem,18,80,,CRLF x2,三つ目は、どう伝えればいいかしら。\n全身から汗を流すパン…？\nロールパンみたいな,,pendente,
mev11_140.scr:19,mev11_140.scr,19,67,リタ,personagem,19,30,,,ちょっとあんた、ふざけてんの？,,pendente,
mev11_140.scr:20,mev11_140.scr,20,66,ジュディス,personagem,20,78,,CRLF x2,名称まではわからないわ。\nプレートにあったこの情報は、\n言葉ではなく映像だもの,,pendente,
mev11_140.scr:21,mev11_140.scr,21,66,ジュディス,personagem,21,62,,CRLF x1,ニアタだって、この世界のものの名称までは\nわからないでしょうし,,pendente,
mev11_140.scr:22,mev11_140.scr,22,67,リタ,personagem,22,34,,,はぁ…、正直ワケわかんないんだけど,,pendente,
mev11_140.scr:23,mev11_140.scr,23,67,リタ,personagem,23,40,,,でも、塩辛い空色の石ってのは「塩水晶」ね,,pendente,
mev11_140.scr:24,mev11_140.scr,24,67,リタ,personagem,24,66,,CRLF x2,他のものは、これから\n資料を引っ張り出して\n調べていくしかないか…,,pendente,
mev11_140.scr:25,mev11_140.scr,25,67,リタ,personagem,25,42,,CRLF x1,んじゃ、塩水晶の採取は\n依頼に出しておくわ,,pendente,
mev12_010.scr:0,mev12_010.scr,0,62,アンジュ,personagem,0,40,,,リタからの依頼、あなたが受けてくれるのね,,pendente,
mev12_010.scr:1,mev12_010.scr,1,62,アンジュ,personagem,1,54,,CRLF x1,ええと、今回の目的地はブラウニー坑道。\n塩水晶の採取よ,,pendente,
mev12_010.scr:2,mev12_010.scr,2,62,アンジュ,personagem,2,26,,,同行者は、しいなとカイル君,,pendente,
mev12_010.scr:3,mev12_010.scr,3,62,アンジュ,personagem,3,56,,CRLF x1,でも、そんな素材で\n本当にラザリスを封印出来るのかしら…,,pendente,
mev12_010.scr:4,mev12_010.scr,4,62,アンジュ,personagem,6,54,,CRLF x2,そう。\nそれじゃあ、わたしは\nあなたを信じる事にするね,,pendente,
mev12_010.scr:5,mev12_010.scr,5,62,アンジュ,personagem,7,70,,CRLF x1,そうね、代案を出せって言われたって、\n他に手掛かりすらないんだものね…,,pendente,
mev12_010.scr:6,mev12_010.scr,6,62,アンジュ,personagem,8,48,,CRLF x1,やれる事からやりましょう。\n後悔だけはしない様に,,pendente,
mev12_010.scr:7,mev12_010.scr,7,62,アンジュ,personagem,9,26,,,それじゃ、行ってらっしゃい,,pendente,
mev12_010.scr:8,mev12_010.scr,8,,(opcao do jogador),escolha,4,28,,,自分はニアタを信じる、と言う,,pendente,
mev12_010.scr:9,mev12_010.scr,9,,(opcao do jogador),escolha,5,26,,,他に方法があるのか、と問う,,pendente,
mev12_020.scr:0,mev12_020.scr,0,14,カイル,personagem,0,54,,CRLF x1,えっと…、ラザリスを封印するのに\n何が必要なんだっけ？,,pendente,
mev12_020.scr:1,mev12_020.scr,1,31,しいな,personagem,1,90,,CRLF x2,今から取りに行く、塩水晶。\nそれから、羽があって飛び回る実と\n全身から汗を流すパン、だとさ,,pendente,
mev12_020.scr:2,mev12_020.scr,2,14,カイル,personagem,2,62,,CRLF x1,全身から汗を流すパン！？\nそんなものどうやって作ればいいんだ？,,pendente,
mev12_020.scr:3,mev12_020.scr,3,31,しいな,personagem,3,78,,CRLF x1,本当にパンかどうかはわからないよ。\nジュディスがそういうイメージで捉えただけさ,,pendente,
mev12_020.scr:4,mev12_020.scr,4,31,しいな,personagem,4,68,,CRLF x1,残り二つがどういうものかってのは、\n船にいるみんなが調べてくれてるよ,,pendente,
mev12_020.scr:5,mev12_020.scr,5,14,カイル,personagem,5,62,,CRLF x2,良かった〜。\nさすがにそんなパンは、\n食べる気にならないもんな,,pendente,
mev12_020.scr:6,mev12_020.scr,6,31,しいな,personagem,6,32,,,そこは心配するトコじゃないだろ…,,pendente,
mev12_025.scr:0,mev12_025.scr,0,14,カイル,personagem,1,18,,,この扉、開かないよ,,pendente,
mev12_025.scr:1,mev12_025.scr,1,31,しいな,personagem,2,36,,,こいつはちょっと、仕掛けがあるんだよ,,pendente,
mev12_025.scr:2,mev12_025.scr,2,31,しいな,personagem,3,16,,,ほら、開いただろ,,pendente,
mev12_025.scr:3,mev12_025.scr,3,14,カイル,personagem,4,22,,,うわぁ、セコい仕掛け…,,pendente,
mev12_030.scr:0,mev12_030.scr,0,31,しいな,personagem,0,48,,CRLF x1,カイル。\nあんた、あたし達の世界には慣れたかい？,,pendente,
mev12_030.scr:1,mev12_030.scr,1,14,カイル,personagem,1,40,,CRLF x1,うん！\n見た事無い術とかあるし、面白いよ,,pendente,
mev12_030.scr:2,mev12_030.scr,2,31,しいな,personagem,2,56,,CRLF x1,全く、本当に面白いよ。\nヴェラトローパの話は聞いたかい？,,pendente,
mev12_030.scr:3,mev12_030.scr,3,31,しいな,personagem,3,80,,CRLF x2,あたしの故郷に伝わる光気丹術は、\nソウルアルケミーの一端だったって\n言ってたろ？,,pendente,
mev12_030.scr:4,mev12_030.scr,4,31,しいな,personagem,4,70,,CRLF x2,その術は、遥か昔からあった\nヴェラトローパの民が\n使用してたってんだよ,,pendente,
mev12_030.scr:5,mev12_030.scr,5,31,しいな,personagem,5,58,,CRLF x1,すごいと思わないかい？\nそんなに長い間伝わってきたなんてさ,,pendente,
mev12_030.scr:6,mev12_030.scr,6,14,カイル,personagem,6,78,,CRLF x1,何でも創り出せる力だったんでしょ？\nいつの頃から、ヒトはその力を失ったんだろう,,pendente,
mev12_030.scr:7,mev12_030.scr,7,31,しいな,personagem,7,84,,CRLF x2,さあね。\nだけど、ほんの一部は残ってるじゃないか。\nあたしらが知ってる魔術って形でさ,,pendente,
mev12_030.scr:8,mev12_030.scr,8,14,カイル,personagem,8,30,,,え？　魔術もソウルアルケミー？,,pendente,
mev12_030.scr:9,mev12_030.scr,9,31,しいな,personagem,9,76,,CRLF x2,そう。\nドクメントの創造なんて事は、普通の人には\nおいそれと出来やしないけど,,pendente,
mev12_030.scr:10,mev12_030.scr,10,31,しいな,personagem,10,70,,CRLF x1,まあ、ちょっとだけ使えてるってのが\n今あたし達の間で知られてる魔術だね,,pendente,
mev12_030.scr:11,mev12_030.scr,11,14,カイル,personagem,11,48,,CRLF x1,魔術が使えるってだけでも\nすごいと思うけどなぁ…,,pendente,
mev12_030.scr:12,mev12_030.scr,12,31,しいな,personagem,12,110,,CRLF x2,真のソウルアルケミーの使い手が\nいるとしたら…、魔術を使うにしても\n詠唱も道具も要らないだろうって言われてるよ,,pendente,
mev12_030.scr:13,mev12_030.scr,13,31,しいな,personagem,13,30,,,願えば何でも現実になるんだから,,pendente,
mev12_030.scr:14,mev12_030.scr,14,14,カイル,personagem,14,64,,CRLF x1,ふぅん、やっぱ神様みたいだなぁ。\nオレ達ヒトには出来ない事だよね,,pendente,
mev12_030.scr:15,mev12_030.scr,15,31,しいな,personagem,15,74,,CRLF x2,何でも出来ちゃあ面白くないし、\nそれで生きてるって実感が\n沸くもんかねえ？,,pendente,
mev12_030.scr:16,mev12_030.scr,16,31,しいな,personagem,16,116,,CRLF x2,ヴェラトローパの民…ヒトの祖は、\n苦難に満ちたものであっても、その力を捨てて、\n生きる事を学ぶと決めたとかって話だし,,pendente,
mev12_030.scr:17,mev12_030.scr,17,14,カイル,personagem,17,76,,CRLF x2,そっか。\nそれで今、オレ達は生きてる事の喜びや辛さを\n知る事が出来てるんだね,,pendente,
mev12_030.scr:18,mev12_030.scr,18,31,しいな,personagem,18,64,,CRLF x2,あたしは、その力を捨てた\nヒトの祖の子孫である事を\n誇りに思うよ,,pendente,
mev12_030.scr:19,mev12_030.scr,19,31,しいな,personagem,19,56,,CRLF x1,辛かった日々も、楽しかった日々も\nあたしには宝物だからね,,pendente,
mev12_040.scr:0,mev12_040.scr,0,31,しいな,personagem,1,12,,,誰かいるよ！,,pendente,
mev12_040.scr:1,mev12_040.scr,1,14,カイル,personagem,2,34,,CRLF x1,あっ！\nあいつは、バルバトス…！！,,pendente,
mev12_040.scr:2,mev12_040.scr,2,31,しいな,personagem,3,8,,,ええ！？,,pendente,
mev12_040.scr:3,mev12_040.scr,3,31,しいな,personagem,4,84,,CRLF x1,まさか、あいつが「強い者がいると聞けば、\n戦いを挑むというめちゃくちゃな奴」かい！？,,pendente,
mev12_040.scr:4,mev12_040.scr,4,14,カイル,personagem,5,50,,CRLF x1,あいつも、一緒にこの世界へ\n飛ばされて来てたのか…,,pendente,
mev12_040.scr:5,mev12_040.scr,5,77,バルバトス,personagem,6,42,,CRLF x1,ほう…、死に損ないが。\nまだ生きていたのか,,pendente,
mev12_040.scr:6,mev12_040.scr,6,77,バルバトス,personagem,7,64,,CRLF x1,妙な所へ飛ばされたせいで、\n我が餓えを満たす相手がいなくてなぁ…,,pendente,
mev12_040.scr:7,mev12_040.scr,7,14,カイル,personagem,8,64,,CRLF x1,望むところだ、バルバトス！\nお前なんかに父さんを殺させやしない！,,pendente,
mev12_040.scr:8,mev12_040.scr,8,31,しいな,personagem,9,42,,CRLF x1,カイル、待ちなって！\n勝てる相手なのかい？,,pendente,
mev12_040.scr:9,mev12_040.scr,9,77,バルバトス,personagem,10,36,,CRLF x1,心配するな。\nその答えは一つしかない,,pendente,
mev12_040.scr:10,mev12_040.scr,10,77,バルバトス,personagem,11,28,,,貴様達はここで骸になるだけだ,,pendente,
mev12_040.scr:11,mev12_040.scr,11,77,バルバトス,personagem,12,40,,CRLF x1,逃げられるとは思うなよ。\nさあ、来い！！,,pendente,
mev12_050.scr:0,mev12_050.scr,0,77,バルバトス,personagem,1,40,,CRLF x1,ちょこざいな……。\nだが、今度は帰れぬぞ,,pendente,
mev12_050.scr:1,mev12_050.scr,1,77,バルバトス,personagem,2,34,,,その身、ここで塵にしてくれるわ！！,,pendente,
mev12_060.scr:0,mev12_060.scr,0,77,バルバトス,personagem,1,16,,,ぐぉぉぉぉ……ッ,,pendente,
mev12_060.scr:1,mev12_060.scr,1,31,しいな,personagem,2,18,,,し、仕留めた…！？,,pendente,
mev12_060.scr:2,mev12_060.scr,2,77,バルバトス,personagem,3,14,,,クク、ククク…,,pendente,
mev12_060.scr:3,mev12_060.scr,3,77,バルバトス,personagem,4,8,,,いいぞ…,,pendente,
mev12_060.scr:4,mev12_060.scr,4,77,バルバトス,personagem,5,26,,,いいぞ、いいぞ、いいぞ！！,,pendente,
mev12_060.scr:5,mev12_060.scr,5,77,バルバトス,personagem,6,36,,CRLF x1,貴様だ！\n貴様が俺の渇きをいやす者！,,pendente,
mev12_060.scr:6,mev12_060.scr,6,77,バルバトス,personagem,7,56,,CRLF x1,覚えたぞ、貴様の顔。\n次に相見える時は血祭りにあげてやる,,pendente,
mev12_060.scr:7,mev12_060.scr,7,77,バルバトス,personagem,8,34,,,それまで首をよーく洗っておくんだな,,pendente,
mev12_060.scr:8,mev12_060.scr,8,77,バルバトス,personagem,9,8,,,ククク…,,pendente,
mev12_060.scr:9,mev12_060.scr,9,77,バルバトス,personagem,10,24,,,ハァーッハッハッハッハ！,,pendente,
mev12_060.scr:10,mev12_060.scr,10,14,カイル,personagem,11,24,,,とどめを、刺せなかった…,,pendente,
mev12_070.scr:0,mev12_070.scr,0,14,カイル,personagem,2,38,,CRLF x1,でも、あいつを倒さないと\n父さんが！！,,pendente,
mev12_070.scr:1,mev12_070.scr,1,14,カイル,personagem,3,40,,CRLF x1,あいつ、前に会った時より\n強くなってた…,,pendente,
mev12_070.scr:2,mev12_070.scr,2,14,カイル,personagem,4,26,,,きっとまた、次に会う時は…,,pendente,
mev12_070.scr:3,mev12_070.scr,3,31,しいな,personagem,5,88,,CRLF x2,全く、熱くなり過ぎだよ。\nあんなに見境なく突っ込んでたら、\n命がいくらあっても足りないね,,pendente,
mev12_070.scr:4,mev12_070.scr,4,14,カイル,personagem,6,6,,,…！！,,pendente,
mev12_070.scr:5,mev12_070.scr,5,14,カイル,personagem,7,44,,CRLF x1,ごめん。\nオレ、みんなの事を考えて無かった…,,pendente,
mev12_070.scr:6,mev12_070.scr,6,14,カイル,personagem,8,20,,,巻き込んで、ごめん…,,pendente,
mev12_070.scr:7,mev12_070.scr,7,31,しいな,personagem,9,108,,CRLF x2,巻き込まれたって事は構わないさ。\nあんたの父親を守りたいって気持ちもわかるし、\nそれに協力はしてあげたいしね,,pendente,
mev12_070.scr:8,mev12_070.scr,8,31,しいな,personagem,10,40,,,ただ、何でも闇雲に行くのはよしなって事さ,,pendente,
mev12_070.scr:9,mev12_070.scr,9,14,カイル,personagem,11,10,,,う、うん…,,pendente,
mev12_070.scr:10,mev12_070.scr,10,31,しいな,personagem,12,28,,,よし、じゃあこの話は終わりだ,,pendente,
mev12_070.scr:11,mev12_070.scr,11,31,しいな,personagem,13,8,,,さてと…,,pendente,
mev12_070.scr:12,mev12_070.scr,12,,(opcao do jogador),escolha,0,28,,,無謀にも挑んだカイルを咎める,,pendente,
mev12_070.scr:13,mev12_070.scr,13,,(opcao do jogador),escolha,1,10,,,溜息を吐く,,pendente,
mev12_080.scr:0,mev12_080.scr,0,31,しいな,personagem,0,74,,CRLF x2,ふぅ…、用があったのは\nあのバルバトスって奴じゃなくて\nこいつだったのにね,,pendente,
mev12_080.scr:1,mev12_080.scr,1,14,カイル,personagem,1,14,,,それが塩水晶？,,pendente,
mev12_080.scr:2,mev12_080.scr,2,31,しいな,personagem,2,26,,CRLF x1,そうさ。\nこれで依頼は達成,,pendente,
mev12_080.scr:3,mev12_080.scr,3,31,しいな,personagem,3,16,,,さあ、船に戻るよ,,pendente,
mev12_090.scr:0,mev12_090.scr,0,62,アンジュ,personagem,0,64,,CRLF x2,ご苦労様。\n今回は大変だったね。\n恐い人に目を付けられちゃって…,,pendente,
mev12_090.scr:1,mev12_090.scr,1,62,アンジュ,personagem,1,72,,CRLF x2,各国も大変な状況みたい。\nジルディアのキバが現れたせいで\nどこも大騒ぎよ,,pendente,
mev12_090.scr:2,mev12_090.scr,2,54,ナタリア,personagem,2,80,,CRLF x2,以前紛争が起きていた場所も、\n今は停戦となって、\n人々は結束し始めている様ですわ,,pendente,
mev12_090.scr:3,mev12_090.scr,3,54,ナタリア,personagem,3,94,,CRLF x2,あのキバの出現を目の当たりにする事で、\n争っている場合ではない、\nと気が付いてくれたのでしょう,,pendente,
mev12_090.scr:4,mev12_090.scr,4,54,ナタリア,personagem,4,90,,CRLF x2,ですが…、この様な危機を迎える事でしか、\n人々は手を取り合う事が出来ないので\nしょうか…？,,pendente,
mev12_090.scr:5,mev12_090.scr,5,62,アンジュ,personagem,5,42,,CRLF x1,そうね。\nでも、そんなに悲観的にならないで,,pendente,
mev12_090.scr:6,mev12_090.scr,6,62,アンジュ,personagem,6,52,,CRLF x1,手を取り合える事を「知る」その一歩が\n大事なんだから,,pendente,
mev12_090.scr:7,mev12_090.scr,7,54,ナタリア,personagem,7,12,,,そうですわね,,pendente,
mev12_100.scr:0,mev12_100.scr,0,203,(narracao),narracao,0,12,,,一方、その頃,,pendente,
mev12_100.scr:1,mev12_100.scr,1,95,ラザリス,personagem,1,70,,CRLF x1,生き物のフリをしてるだけだ。\nまだ不完全で、まともに動く事も出来ないか,,pendente,
mev12_100.scr:2,mev12_100.scr,2,95,ラザリス,personagem,2,50,,CRLF x2,くっ…、\n僕の作りたかったのは\nこんなものじゃない,,pendente,
mev12_100.scr:3,mev12_100.scr,3,95,ラザリス,personagem,3,8,,,…………,,pendente,
mev12_100.scr:4,mev12_100.scr,4,95,ラザリス,personagem,4,30,,,…いや、不完全なのは僕も同じか,,pendente,
mev12_100.scr:5,mev12_100.scr,5,95,ラザリス,personagem,5,86,,CRLF x2,ルミナシアの民から得た醜い身体…。\n僕にもっと力があれば、\nこんな姿は捨てられるのに…,,pendente,
mev12_100.scr:6,mev12_100.scr,6,95,ラザリス,personagem,6,50,,CRLF x2,ごめんよ。\n生まれてきてくれたんだよね。\nごめん…,,pendente,
mev12_100.scr:7,mev12_100.scr,7,95,ラザリス,personagem,7,30,,CRLF x1,生きよう。\n一緒に生きようね…,,pendente,
mev12_100.scr:8,mev12_100.scr,8,95,ラザリス,personagem,8,78,,CRLF x2,やっぱり、世界樹を…。\n生命の場を手に入れるまでは\n世界を奪い尽くせないのか…,,pendente,
mev12_110.scr:0,mev12_110.scr,0,45,ウィル,personagem,0,48,,CRLF x1,アンジュ、封印次元を作る為の\n残り二つが判明した,,pendente,
mev12_110.scr:1,mev12_110.scr,1,62,アンジュ,personagem,1,8,,,ホント？,,pendente,
mev12_110.scr:2,mev12_110.scr,2,45,ウィル,personagem,2,54,,CRLF x1,羽があって飛び回る実…、\nこれはツリガネトンボ草の事だ,,pendente,
mev12_110.scr:3,mev12_110.scr,3,45,ウィル,personagem,3,86,,CRLF x1,もう一つ、全身から汗を流すパンというのは、\n多孔菌の一種、ウズマキフスベというキノコだ,,pendente,
mev12_110.scr:4,mev12_110.scr,4,44,シャーリィ,personagem,4,44,,CRLF x1,じゃあ、それらを採取しに行けば\nいいんですね,,pendente,
mev12_110.scr:5,mev12_110.scr,5,45,ウィル,personagem,5,32,,,いや、それがそうは行かないんだ…,,pendente,
mev12_110.scr:6,mev12_110.scr,6,62,アンジュ,personagem,6,36,,,危険な場所へ行かなければならないの？,,pendente,
mev12_110.scr:7,mev12_110.scr,7,45,ウィル,personagem,7,40,,CRLF x1,いや、その二つはもうこの世に\n存在しない,,pendente,
mev12_110.scr:8,mev12_110.scr,8,45,ウィル,personagem,8,22,,,既に絶滅したものなんだ,,pendente,
mev12_110.scr:9,mev12_110.scr,9,44,シャーリィ,personagem,9,6,,,絶滅？,,pendente,
mev12_110.scr:10,mev12_110.scr,10,44,シャーリィ,personagem,10,50,,CRLF x1,そんな…。\nそれじゃもう、手に入らないんですか…？,,pendente,
mev12_110.scr:11,mev12_110.scr,11,62,アンジュ,personagem,11,50,,CRLF x1,ウィルさん、その二つは\nどうやって調べたのですか？,,pendente,
mev12_110.scr:12,mev12_110.scr,12,45,ウィル,personagem,12,16,,,その事なんだが…,,pendente,
mev12_110.scr:13,mev12_110.scr,13,45,ウィル,personagem,13,50,,CRLF x1,実は、二つともカノンノが描いた風景の中に\nあってな,,pendente,
mev12_110.scr:14,mev12_110.scr,14,45,ウィル,personagem,14,84,,CRLF x2,ジュディスがそれを見て、\nプレートで伝えられた情報と同じものだと\n教えてくれたわけだ,,pendente,
mev12_110.scr:15,mev12_110.scr,15,45,ウィル,personagem,15,62,,CRLF x1,それを元に調べた結果、この二つのものの\n正体がわかったのだが…,,pendente,
mev12_110.scr:16,mev12_110.scr,16,45,ウィル,personagem,18,38,,CRLF x1,○○。\nカノンノの所へ行ってくれるか？,,pendente,
mev12_110.scr:17,mev12_110.scr,17,45,ウィル,personagem,19,30,,,この事で、彼女も動揺してる様だ,,pendente,
mev12_110.scr:18,mev12_110.scr,18,45,ウィル,personagem,20,24,,,カノンノの所へ行くのか？,,pendente,
mev12_110.scr:19,mev12_110.scr,19,45,ウィル,personagem,21,62,,CRLF x1,ああ、そうしてくれ。\n今回の件で、彼女も動揺している様だからな,,pendente,
mev12_110.scr:20,mev12_110.scr,20,62,アンジュ,personagem,22,52,,CRLF x1,そういえば、少しカノンノの\n様子がおかしかったわね…,,pendente,
mev12_110.scr:21,mev12_110.scr,21,62,アンジュ,personagem,23,56,,CRLF x2,○○。\nわたしからもお願い。\nカノンノの所へ行ってあげて,,pendente,
mev12_110.scr:22,mev12_110.scr,22,,(opcao do jogador),escolha,16,22,,,カノンノの事を気にする,,pendente,
mev12_110.scr:23,mev12_110.scr,23,,(opcao do jogador),escolha,17,18,,,カノンノの所へ行く,,pendente,
mev12_120.scr:0,mev12_120.scr,0,86,カノンノ,personagem,0,32,,CRLF x1,あ、○○…。\nあなただったんだ…,,pendente,
mev12_120.scr:1,mev12_120.scr,1,86,カノンノ,personagem,3,62,,CRLF x2,ん、ありがとう。\nちょっと、自分の絵の事で\n色々考えちゃって…,,pendente,
mev12_120.scr:2,mev12_120.scr,2,86,カノンノ,personagem,4,10,,,そうなの？,,pendente,
mev12_120.scr:3,mev12_120.scr,3,86,カノンノ,personagem,5,14,,,ふふ、嬉しいな,,pendente,
mev12_120.scr:4,mev12_120.scr,4,86,カノンノ,personagem,6,34,,,ヴェラトローパの他にも、あったんだ,,pendente,
mev12_120.scr:5,mev12_120.scr,5,86,カノンノ,personagem,7,92,,CRLF x2,ジュディスさんが私の絵を見て、\nこれから探さなくちゃいけない二つのものが\n絵の中にあったって,,pendente,
mev12_120.scr:6,mev12_120.scr,6,86,カノンノ,personagem,8,72,,CRLF x2,何で、私には知らない風景が\n見えてるんだろう。\n何の為に見えてるんだろう,,pendente,
mev12_120.scr:7,mev12_120.scr,7,86,カノンノ,personagem,9,46,,CRLF x1,私って、一体何なのかな…って\nちょっと考えてた,,pendente,
mev12_120.scr:8,mev12_120.scr,8,86,カノンノ,personagem,10,58,,CRLF x2,それよりも、ね。\nあなたも何だか\n思い詰めた様な顔をしてる,,pendente,
mev12_120.scr:9,mev12_120.scr,9,86,カノンノ,personagem,11,54,,CRLF x1,気になる事でもあるの？\n良かったら…、聞かせて欲しいな,,pendente,
mev12_120.scr:10,mev12_120.scr,10,86,カノンノ,personagem,14,16,,,ラザリスの事…？,,pendente,
mev12_120.scr:11,mev12_120.scr,11,86,カノンノ,personagem,15,108,,CRLF x2,…放っておけば朽ちるはずだった、\nラザリスの世界、ジルディア…。\nそれを私達の世界、ルミナシアが取り込んだ…,,pendente,
mev12_120.scr:12,mev12_120.scr,12,86,カノンノ,personagem,16,54,,CRLF x1,なぜ、世界樹が\nジルディアを取り込んだんだろう、って？,,pendente,
mev12_120.scr:13,mev12_120.scr,13,86,カノンノ,personagem,17,10,,,そう…だね,,pendente,
mev12_120.scr:14,mev12_120.scr,14,86,カノンノ,personagem,18,96,,CRLF x2,ルミナシアにとって、\n災厄となるかもしれないのに、世界樹は\nわざわざ取り込んで、封印したんだよね,,pendente,
mev12_120.scr:15,mev12_120.scr,15,86,カノンノ,personagem,19,90,,CRLF x2,その、世界樹の意志は…私にはわからない。\nでも…。\n世界樹には、何か考えがあったのかなぁ…,,pendente,
mev12_120.scr:16,mev12_120.scr,16,86,カノンノ,personagem,22,48,,CRLF x2,うん。\n世界樹の本当の気持ち。\n私も知りたいな…,,pendente,
mev12_120.scr:17,mev12_120.scr,17,86,カノンノ,personagem,23,30,,,ごめん…、何も力になれなくて…,,pendente,
mev12_120.scr:18,mev12_120.scr,18,86,カノンノ,personagem,24,10,,,…あの、ね,,pendente,
mev12_120.scr:19,mev12_120.scr,19,86,カノンノ,personagem,25,98,,CRLF x2,その…、話を聞かせてもらっておきながら\n何にも力になれなかったけど。\n…その、何て言えばいいのかな,,pendente,
mev12_120.scr:20,mev12_120.scr,20,86,カノンノ,personagem,26,64,,CRLF x2,一人で抱え込まないで。\nみんないるから。\n私も、みんなもいるから,,pendente,
mev12_120.scr:21,mev12_120.scr,21,86,カノンノ,personagem,27,8,,,……ね？,,pendente,
mev12_120.scr:22,mev12_120.scr,22,,(opcao do jogador),escolha,1,24,,,様子が気になった、と言う,,pendente,
mev12_120.scr:23,mev12_120.scr,23,,(opcao do jogador),escolha,2,30,,,ただ、何となく来てみた、と言う,,pendente,
mev12_120.scr:24,mev12_120.scr,24,,(opcao do jogador),escolha,12,4,,,話す,,pendente,
mev12_120.scr:25,mev12_120.scr,25,,(opcao do jogador),escolha,13,18,,,言いにくそうに話す,,pendente,
mev12_120.scr:26,mev12_120.scr,26,,(opcao do jogador),escolha,20,22,,,真相が知りたい、と言う,,pendente,
mev12_120.scr:27,mev12_120.scr,27,,(opcao do jogador),escolha,21,24,,,何も知らない事に落ち込む,,pendente,
mev12_130.scr:0,mev12_130.scr,0,66,ジュディス,personagem,0,36,,CRLF x1,そうだわ、○○。\nあなたに話があるの,,pendente,
mev12_130.scr:1,mev12_130.scr,1,66,ジュディス,personagem,1,20,,,甲板で待っているわね,,pendente,
mev12_140.scr:0,mev12_140.scr,0,66,ジュディス,personagem,2,28,,CRLF x1,話がしたかったの。\nあなたと,,pendente,
mev12_140.scr:1,mev12_140.scr,1,66,ジュディス,personagem,4,64,,CRLF x1,故郷とディセンダーの為に肉体を捨て、\n機械に宿った異世界の賢人達,,pendente,
mev12_140.scr:2,mev12_140.scr,2,66,ジュディス,personagem,5,40,,CRLF x1,ニアタの欠片よ。\nあの時、持って帰ったの,,pendente,
mev12_140.scr:3,mev12_140.scr,3,66,ジュディス,personagem,6,56,,CRLF x1,これにあった情報…、読んでいたのよ。\n聞きたい、かしら？,,pendente,
mev12_140.scr:4,mev12_140.scr,4,66,ジュディス,personagem,9,28,,,じゃあ、あなたに話しておくわ,,pendente,
mev12_140.scr:5,mev12_140.scr,5,66,ジュディス,personagem,10,48,,CRLF x1,それは、聞く意志があると\n判断してもいいのかしら,,pendente,
mev12_140.scr:6,mev12_140.scr,6,66,ジュディス,personagem,11,56,,CRLF x1,どちらにしても、\nあなたは知っておいた方が良さそうだけど,,pendente,
mev12_140.scr:7,mev12_140.scr,7,66,ジュディス,personagem,12,62,,CRLF x1,欠片を読んでみたら、\nニアタの故郷のディセンダーの姿が見えたわ,,pendente,
mev12_140.scr:8,mev12_140.scr,8,66,ジュディス,personagem,13,64,,CRLF x1,そのディセンダーが、カノンノにそっくりなの。\n信じられなかったわ,,pendente,
mev12_140.scr:9,mev12_140.scr,9,66,ジュディス,personagem,14,30,,,名も…カノンノと言うらしいから,,pendente,
mev12_140.scr:10,mev12_140.scr,10,66,ジュディス,personagem,17,16,,,でも、本当の事よ,,pendente,
mev12_140.scr:11,mev12_140.scr,11,66,ジュディス,personagem,18,32,,,私も最初は、読んだ情報を疑ったわ,,pendente,
mev12_140.scr:12,mev12_140.scr,12,66,ジュディス,personagem,19,52,,CRLF x1,でも、何度読んでも同じだから、\n認めざるを得なかった,,pendente,
mev12_140.scr:13,mev12_140.scr,13,66,ジュディス,personagem,20,80,,CRLF x2,欠片からとても強く伝わってくる。\nパスカという異世界のディセンダー、\nカノンノを,,pendente,
mev12_140.scr:14,mev12_140.scr,14,66,ジュディス,personagem,21,46,,CRLF x1,共にずっと、\n故郷の世界を守り抜いていた固い絆,,pendente,
mev12_140.scr:15,mev12_140.scr,15,66,ジュディス,personagem,22,40,,,ニアタは、ディセンダーを愛していたようよ,,pendente,
mev12_140.scr:16,mev12_140.scr,16,66,ジュディス,personagem,23,22,,,孫の様に、娘の様に、ね,,pendente,
mev12_140.scr:17,mev12_140.scr,17,66,ジュディス,personagem,24,108,,CRLF x2,偶然なのかしらね。\n私達の仲間のカノンノが、彼のディセンダーと、\nとても似たヒト、そして同じ名前だったのは…,,pendente,
mev12_140.scr:18,mev12_140.scr,18,66,ジュディス,personagem,25,84,,CRLF x2,彼、言っていたわね。\n「この世界は、故郷パスカの情報因子を\n　受け継いでいない」って,,pendente,
mev12_140.scr:19,mev12_140.scr,19,66,ジュディス,personagem,26,74,,CRLF x1,でも、カノンノは存在するのよ。\nまるで世界の記憶が受け継がれていた様に、ね,,pendente,
mev12_140.scr:20,mev12_140.scr,20,86,カノンノ,personagem,27,52,,CRLF x1,スケッチブックを忘れて、取りに来たの。\n見なかった？,,pendente,
mev12_140.scr:21,mev12_140.scr,21,66,ジュディス,personagem,28,32,,,さっき、ロックスが持って行ったわ,,pendente,
mev12_140.scr:22,mev12_140.scr,22,86,カノンノ,personagem,29,68,,CRLF x2,ロックスが…。\nあちゃあ…、また片付けなかったって\n怒られちゃうなぁ,,pendente,
mev12_140.scr:23,mev12_140.scr,23,66,ジュディス,personagem,30,8,,,欠片が…,,pendente,
mev12_140.scr:24,mev12_140.scr,24,86,カノンノ,personagem,31,18,,,今のは、なぁに…？,,pendente,
mev12_140.scr:25,mev12_140.scr,25,66,ジュディス,personagem,32,22,,,…いいえ、何でもないわ,,pendente,
mev12_140.scr:26,mev12_140.scr,26,66,ジュディス,personagem,33,16,,,それじゃ、またね,,pendente,
mev12_140.scr:27,mev12_140.scr,27,,(opcao do jogador),escolha,7,4,,,頷く,,pendente,
mev12_140.scr:28,mev12_140.scr,28,,(opcao do jogador),escolha,8,10,,,黙っている,,pendente,
mev12_140.scr:29,mev12_140.scr,29,,(opcao do jogador),escolha,15,8,,,驚愕する,,pendente,
mev12_140.scr:30,mev12_140.scr,30,,(opcao do jogador),escolha,16,20,,,信じられない、と言う,,pendente,
mev12_150.scr:0,mev12_150.scr,0,90,ロックス,personagem,1,14,,,　　　　　　　,,pendente,
mev12_150.scr:1,mev12_150.scr,1,62,アンジュ,personagem,3,24,,,今のは、ロックスの声！？,,pendente,
mev12_150.scr:2,mev12_150.scr,2,62,アンジュ,personagem,4,40,,CRLF x1,○○。\n急いで食堂へ様子を見に行って！！,,pendente,
mev12_160.scr:0,mev12_160.scr,0,90,ロックス,personagem,0,20,,,あわわわわわわわ……,,pendente,
mev12_160.scr:1,mev12_160.scr,1,90,ロックス,personagem,1,36,,CRLF x1,はっ…！？\nい、いらしてたんですか…,,pendente,
mev12_160.scr:2,mev12_160.scr,2,90,ロックス,personagem,4,46,,CRLF x1,え、ええっ…！\nぼ、僕はそんなに大きな声を！？,,pendente,
mev12_160.scr:3,mev12_160.scr,3,90,ロックス,personagem,5,16,,,す、すみません…,,pendente,
mev12_160.scr:4,mev12_160.scr,4,90,ロックス,personagem,6,44,,CRLF x1,は、はい。\nすみません、取り乱してしまって…,,pendente,
mev12_160.scr:5,mev12_160.scr,5,90,ロックス,personagem,7,66,,CRLF x1,実は…、お嬢様のスケッチブックを片付けて\nここで絵を見ていたんです,,pendente,
mev12_160.scr:6,mev12_160.scr,6,90,ロックス,personagem,8,28,,,そのテーブルの上の絵ですが…,,pendente,
mev12_160.scr:7,mev12_160.scr,7,90,ロックス,personagem,10,54,,CRLF x1,お嬢様は知らないはずなんです。\n旦那様と奥様のお顔は…,,pendente,
mev12_160.scr:8,mev12_160.scr,8,90,ロックス,personagem,11,20,,,なのに、お嬢様は……,,pendente,
mev12_160.scr:9,mev12_160.scr,9,90,ロックス,personagem,12,54,,CRLF x1,まるで、今しがた見た様な正確さで\nお二人の姿を描いて…,,pendente,
mev12_160.scr:10,mev12_160.scr,10,90,ロックス,personagem,13,26,,,なぜ、お嬢様がこんな事を…,,pendente,
mev12_160.scr:11,mev12_160.scr,11,90,ロックス,personagem,14,88,,CRLF x1,風景の絵も、お嬢様の想像だと思っていました。\nお嬢様の豊かな才能だと、そう思いたかった…,,pendente,
mev12_160.scr:12,mev12_160.scr,12,90,ロックス,personagem,15,98,,CRLF x2,ですが、ヴェラトローパの絵や、既に絶滅\nしている植物の絵を描かれていた、と聞いて\n…確信したんです,,pendente,
mev12_160.scr:13,mev12_160.scr,13,90,ロックス,personagem,16,64,,CRLF x1,お嬢様は…、何かを背負って生きている。\n僕には計り知れない何かを,,pendente,
mev12_160.scr:14,mev12_160.scr,14,90,ロックス,personagem,17,8,,,お嬢様…,,pendente,
mev12_160.scr:15,mev12_160.scr,15,,(opcao do jogador),escolha,2,16,,,悲鳴の原因を聞く,,pendente,
mev12_160.scr:16,mev12_160.scr,16,,(opcao do jogador),escolha,3,20,,,大丈夫かと声をかける,,pendente,
mev12_170.scr:0,mev12_170.scr,0,62,アンジュ,personagem,1,64,,CRLF x1,そう、そんな事があったの…。\nだから、ロックスは悲鳴をあげたのね,,pendente,
mev12_170.scr:1,mev12_170.scr,1,62,アンジュ,personagem,2,54,,CRLF x1,カノンノだけに見える風景、\n彼女にしかないドクメント…,,pendente,
mev12_170.scr:2,mev12_170.scr,2,62,アンジュ,personagem,3,48,,CRLF x1,カノンノには、\n何か隠された秘密があるのかしらね,,pendente,
mev12_170.scr:3,mev12_170.scr,3,52,ジェイド,personagem,4,50,,CRLF x1,お話の途中、すみません。\n一つ、依頼があるのですが,,pendente,
mev12_170.scr:4,mev12_170.scr,4,62,アンジュ,personagem,5,18,,,はい、何でしょうか,,pendente,
mev12_170.scr:5,mev12_170.scr,5,52,ジェイド,personagem,6,62,,CRLF x1,ジルディアのキバについて、\n調査をしてみた方が良いと思いまして,,pendente,
mev12_170.scr:6,mev12_170.scr,6,52,ジェイド,personagem,7,80,,CRLF x2,既に各国のギルドに\n依頼が行っている様なのですが、\nどこも断っているそうなのです,,pendente,
mev12_170.scr:7,mev12_170.scr,7,62,アンジュ,personagem,8,44,,CRLF x1,あのキバについては\n調べておく必要があるなあ,,pendente,
mev12_170.scr:8,mev12_170.scr,8,62,アンジュ,personagem,9,34,,,よし！　それは私達がやりましょう！,,pendente,
mev12_170.scr:9,mev12_170.scr,9,62,アンジュ,personagem,10,34,,,そうねぇ、誰が行ってくれるかしら…,,pendente,
mev13_010.scr:0,mev13_010.scr,0,62,アンジュ,personagem,0,40,,CRLF x1,この依頼を受けてくれるのね。\nありがとう,,pendente,
mev13_010.scr:1,mev13_010.scr,1,62,アンジュ,personagem,1,88,,CRLF x2,ジェイドさんの提案で、\nラザリスが出現させたあのキバらしきものの\n調査をする事になったの,,pendente,
mev13_010.scr:2,mev13_010.scr,2,62,アンジュ,personagem,2,70,,CRLF x1,そこで、あなたにはあのキバのドクメントを\n採取してきて欲しいんだけど…,,pendente,
mev13_010.scr:3,mev13_010.scr,3,52,ジェイド,personagem,3,28,,,なに、難しい事ではありません,,pendente,
mev13_010.scr:4,mev13_010.scr,4,52,ジェイド,personagem,5,86,,CRLF x2,あのキバの元へ行って、\nこれからお貸しする、コピーズ・ロッドを\nかざすだけでいいんです,,pendente,
mev13_010.scr:5,mev13_010.scr,5,52,ジェイド,personagem,6,54,,CRLF x1,そうすれば、このロッドにドクメントを、\nコピー出来ます,,pendente,
mev13_010.scr:6,mev13_010.scr,6,52,ジェイド,personagem,7,98,,CRLF x2,あとは、リタや私が解析をしましょう。\nそれで、あのキバの特性について\n少しは知る事が出来るでしょう,,pendente,
mev13_010.scr:7,mev13_010.scr,7,62,アンジュ,personagem,8,44,,CRLF x1,あのキバは、オルタータ火山から\n生えているの,,pendente,
mev13_010.scr:8,mev13_010.scr,8,62,アンジュ,personagem,10,100,,CRLF x2,それと、途中で行き止まりになっている所が\nあるから、この宝石で道を作りなさい。\n「セルシウスの涙」よ,,pendente,
mev13_010.scr:9,mev13_010.scr,9,62,アンジュ,personagem,11,64,,CRLF x1,使い方は、同行してくれるロイド君と\nジューダス君に教えてあるから,,pendente,
mev13_010.scr:10,mev13_010.scr,10,62,アンジュ,personagem,12,28,,,それじゃあ、行ってらっしゃい,,pendente,
mev13_020.scr:0,mev13_020.scr,0,26,ロイド,personagem,0,78,,CRLF x2,あのキバって奴、\n空からちょっと見ただけなんだけどさ、\nすごい綺麗だったよな…,,pendente,
mev13_020.scr:1,mev13_020.scr,1,26,ロイド,personagem,1,64,,CRLF x1,…もちろん、ラザリスが世界を\n作り変えようとしてるのはわかってる,,pendente,
mev13_020.scr:2,mev13_020.scr,2,26,ロイド,personagem,2,58,,CRLF x1,でも、あいつの世界は\n綺麗なんじゃないかって、そう思うんだ,,pendente,
mev13_020.scr:3,mev13_020.scr,3,17,ジューダス,personagem,3,28,,,この世界もなかなかだと思うが,,pendente,
mev13_020.scr:4,mev13_020.scr,4,26,ロイド,personagem,4,54,,CRLF x1,そうか、ジューダスはルミナシアの\nヒトじゃないんだよな,,pendente,
mev13_020.scr:5,mev13_020.scr,5,26,ロイド,personagem,5,44,,CRLF x1,なあ、どんな世界なんだ？\n豊かな世界なのか？,,pendente,
mev13_020.scr:6,mev13_020.scr,6,17,ジューダス,personagem,6,64,,CRLF x1,決定的な違いは、世界樹がない事だな。\nそうだな、豊か…なのだろう,,pendente,
mev13_020.scr:7,mev13_020.scr,7,26,ロイド,personagem,7,58,,CRLF x2,…そうか。\nルミナシアは、\n俺達ヒトが自然を壊しちまってる,,pendente,
mev13_020.scr:8,mev13_020.scr,8,26,ロイド,personagem,8,40,,,産業の為に森を切り開き、戦争で川を汚す…,,pendente,
mev13_020.scr:9,mev13_020.scr,9,26,ロイド,personagem,9,60,,CRLF x1,俺は…、このギルドに入るまで\n世界の問題って奴を知らなかった,,pendente,
mev13_020.scr:10,mev13_020.scr,10,26,ロイド,personagem,10,54,,CRLF x1,学べる機会はあったのに…、\nやっぱ勉強って必要なんだな,,pendente,
mev13_020.scr:11,mev13_020.scr,11,17,ジューダス,personagem,11,46,,CRLF x1,真実を知ったのなら、\n次に行動する力が生まれる,,pendente,
mev13_020.scr:12,mev13_020.scr,12,17,ジューダス,personagem,12,92,,CRLF x2,後悔か、それとも違う生き方を選ぶか。\nどちらの行動を起こすのにも\nやるべき仕事量は変わらない,,pendente,
mev13_020.scr:13,mev13_020.scr,13,17,ジューダス,personagem,13,66,,CRLF x1,自分に対して、不当な意味を持たせるな。\nこの世界を変えたいのならな,,pendente,
mev13_020.scr:14,mev13_020.scr,14,26,ロイド,personagem,14,12,,,お…、おう！,,pendente,
mev13_030.scr:0,mev13_030.scr,0,26,ロイド,personagem,1,22,,,うわっ、何だ、こいつ！,,pendente,
mev13_030.scr:1,mev13_030.scr,1,17,ジューダス,personagem,2,32,,,先に進む為にも、倒すしかあるまい,,pendente,
mev13_030.scr:2,mev13_030.scr,2,26,ロイド,personagem,3,38,,CRLF x1,わかってる。\nやるしかねえって事だろ？,,pendente,
mev13_030.scr:3,mev13_030.scr,3,26,ロイド,personagem,4,16,,,じゃあ、行くぜ！,,pendente,
mev13_040.scr:0,mev13_040.scr,0,26,ロイド,personagem,1,32,,CRLF x1,ちぇっ。\nまだ、どく気ないのかよ,,pendente,
mev13_040.scr:1,mev13_040.scr,1,17,ジューダス,personagem,2,36,,CRLF x1,今度こそ道を譲ってもらう。\n行くぞ！,,pendente,
mev13_050.scr:0,mev13_050.scr,0,26,ロイド,personagem,1,34,,CRLF x1,ふう。\nこの環境の中、こたえるぜ…,,pendente,
mev13_050.scr:1,mev13_050.scr,1,17,ジューダス,personagem,2,44,,CRLF x1,これくらいで、音を上げるな。\n先はまだ長いぞ,,pendente,
mev13_050.scr:2,mev13_050.scr,2,26,ロイド,personagem,3,34,,,そういや、道を作るってのはここか？,,pendente,
mev13_050.scr:3,mev13_050.scr,3,26,ロイド,personagem,5,38,,,ええと、セルシウスの涙を使うんだったな,,pendente,
mev13_055.scr:0,mev13_055.scr,0,26,ロイド,personagem,1,38,,CRLF x1,すげー！\n溶岩が固まって道になったぞ！,,pendente,
mev13_055.scr:1,mev13_055.scr,1,17,ジューダス,personagem,2,12,,,よし、進むぞ,,pendente,
mev13_060.scr:0,mev13_060.scr,0,17,ジューダス,personagem,0,20,,,ここの魔物は異質だ…,,pendente,
mev13_060.scr:1,mev13_060.scr,1,17,ジューダス,personagem,1,42,,CRLF x1,いや、この空間自体が異質、\nと言うべきか…,,pendente,
mev13_060.scr:2,mev13_060.scr,2,26,ロイド,personagem,2,38,,CRLF x1,あのキバに近づいてるって\n証拠なのかな,,pendente,
mev13_060.scr:3,mev13_060.scr,3,26,ロイド,personagem,3,54,,CRLF x1,それとも、この場所がラザリスの\n影響を受けているとか…,,pendente,
mev13_060.scr:4,mev13_060.scr,4,17,ジューダス,personagem,4,84,,CRLF x2,あのキバを通してラザリスの世界の情報…、\nドクメントが流れ込んでいると\n言っていたな,,pendente,
mev13_060.scr:5,mev13_060.scr,5,17,ジューダス,personagem,5,20,,,だが、何とも言えない,,pendente,
mev13_060.scr:6,mev13_060.scr,6,17,ジューダス,personagem,6,28,,,確証を得る為にも、先を急ぐぞ,,pendente,
mev13_070.scr:0,mev13_070.scr,0,26,ロイド,personagem,3,12,,,あの壁の色…,,pendente,
mev13_070.scr:1,mev13_070.scr,1,26,ロイド,personagem,4,32,,,あれが、ジルディアのキバなんだな,,pendente,
mev13_070.scr:2,mev13_070.scr,2,17,ジューダス,personagem,5,12,,,この風景は…,,pendente,
mev13_070.scr:3,mev13_070.scr,3,26,ロイド,personagem,8,28,,,何か、夢に見そうな景色だよな,,pendente,
mev13_070.scr:4,mev13_070.scr,4,26,ロイド,personagem,9,56,,CRLF x1,これは、ここがラザリスに\n侵食されてるって証拠なのかな…,,pendente,
mev13_070.scr:5,mev13_070.scr,5,26,ロイド,personagem,10,38,,CRLF x1,うん、やっぱり綺麗だな\n素直にそう思う,,pendente,
mev13_070.scr:6,mev13_070.scr,6,26,ロイド,personagem,11,24,,,ルミナシアにはない風景…,,pendente,
mev13_070.scr:7,mev13_070.scr,7,17,ジューダス,personagem,12,78,,CRLF x2,不思議なものだな。\n確かに美しくはあるが、\n人間が生きていく世界でないとわかる,,pendente,
mev13_070.scr:8,mev13_070.scr,8,26,ロイド,personagem,13,34,,CRLF x1,ああ。\nどう表現したらいいんだろう,,pendente,
mev13_070.scr:9,mev13_070.scr,9,26,ロイド,personagem,14,14,,,…命を感じない,,pendente,
mev13_070.scr:10,mev13_070.scr,10,17,ジューダス,personagem,15,54,,CRLF x1,これが、ラザリスの世界。\nジルディアの風景なんだろう…,,pendente,
mev13_070.scr:11,mev13_070.scr,11,26,ロイド,personagem,16,72,,CRLF x2,ジェイドから借りた\nこのコピーズ・ロッドを\nキバにかざせばいいんだっけ？,,pendente,
mev13_070.scr:12,mev13_070.scr,12,26,ロイド,personagem,17,16,,,これでいいのか？,,pendente,
mev13_070.scr:13,mev13_070.scr,13,17,ジューダス,personagem,18,64,,CRLF x1,専門知識を問うものなら、\nお前にこの仕事が任されるはずないだろう,,pendente,
mev13_070.scr:14,mev13_070.scr,14,26,ロイド,personagem,19,26,,,ちぇっ、バカにしやがって…,,pendente,
mev13_070.scr:15,mev13_070.scr,15,26,ロイド,personagem,20,30,,,じゃ、仕事はこれで完了なんだな,,pendente,
mev13_070.scr:16,mev13_070.scr,16,,(opcao do jogador),escolha,6,8,,,見惚れる,,pendente,
mev13_070.scr:17,mev13_070.scr,17,,(opcao do jogador),escolha,7,10,,,呆然とする,,pendente,
mev13_075.scr:0,mev13_075.scr,0,17,ジューダス,personagem,1,50,,CRLF x1,これは？\nこの世界の風景に戻した、というのか…！？,,pendente,
mev13_075.scr:1,mev13_075.scr,1,26,ロイド,personagem,2,30,,CRLF x1,○○！　おい！！\n大丈夫か！？,,pendente,
mev13_080.scr:0,mev13_080.scr,0,90,ロックス,personagem,0,28,,,…やっと、気が付いたんですね,,pendente,
mev13_080.scr:1,mev13_080.scr,1,90,ロックス,personagem,3,60,,CRLF x1,ここへは三十分程前に…。\nずっと、気を失っていた状態でしたよ,,pendente,
mev13_080.scr:2,mev13_080.scr,2,90,ロックス,personagem,4,54,,CRLF x2,あぁ…。\nまだ、はっきりとお目覚めでない\nご様子ですね,,pendente,
mev13_080.scr:3,mev13_080.scr,3,90,ロックス,personagem,5,64,,CRLF x2,ジューダス様が、\n○○様をここまで背負って\n連れて帰ったんですよ,,pendente,
mev13_080.scr:4,mev13_080.scr,4,17,ジューダス,personagem,6,94,,CRLF x2,ディセンダーの力を使い過ぎたのか？\nお前は、ラザリスの世界の風景を\nこの世界のものに戻したんだ,,pendente,
mev13_080.scr:5,mev13_080.scr,5,17,ジューダス,personagem,7,50,,CRLF x1,…しかし、あのキバを消すには\n力及ばなかった様だな,,pendente,
mev13_080.scr:6,mev13_080.scr,6,17,ジューダス,personagem,10,18,,,そう、気を落とすな,,pendente,
mev13_080.scr:7,mev13_080.scr,7,17,ジューダス,personagem,11,20,,,お前が謝る必要はない,,pendente,
mev13_080.scr:8,mev13_080.scr,8,17,ジューダス,personagem,12,64,,CRLF x1,…別にお前を責めてなどいない。\nお前が礼を言われてもいいくらいだ,,pendente,
mev13_080.scr:9,mev13_080.scr,9,62,アンジュ,personagem,13,84,,CRLF x2,そうよ。\n元々は、ヒトが星晶を採り過ぎなければ、\nこんな事にはならなかったはずだから,,pendente,
mev13_080.scr:10,mev13_080.scr,10,62,アンジュ,personagem,14,32,,,ともかく、あなたが無事で良かった,,pendente,
mev13_080.scr:11,mev13_080.scr,11,62,アンジュ,personagem,15,96,,CRLF x2,コピーズ・ロッドはロイド君が研究室へ\n持って行ってくれたから。\n今、解析に取り掛かってもらってる,,pendente,
mev13_080.scr:12,mev13_080.scr,12,62,アンジュ,personagem,16,42,,CRLF x1,今回もご苦労様。\nたまにはゆっくり休んでね,,pendente,
mev13_080.scr:13,mev13_080.scr,13,,(opcao do jogador),escolha,1,26,,,いつの間に戻ったのか、聞く,,pendente,
mev13_080.scr:14,mev13_080.scr,14,,(opcao do jogador),escolha,2,12,,,ぼーっとする,,pendente,
mev13_080.scr:15,mev13_080.scr,15,,(opcao do jogador),escolha,8,8,,,うつむく,,pendente,
mev13_080.scr:16,mev13_080.scr,16,,(opcao do jogador),escolha,9,4,,,謝る,,pendente,
mev13_090.scr:0,mev13_090.scr,0,90,ロックス,personagem,0,32,,,アンジュ様、お手紙が届いてますよ,,pendente,
mev13_090.scr:1,mev13_090.scr,1,62,アンジュ,personagem,1,20,,,ありがとう、ロックス,,pendente,
mev13_090.scr:2,mev13_090.scr,2,62,アンジュ,personagem,2,36,,,このハンコは、オルタ・ビレッジからね,,pendente,
mev13_090.scr:3,mev13_090.scr,3,90,ロックス,personagem,3,120,,CRLF x2,ヘーゼル村の皆さんや、ここにいる皆さんの\n故郷の方々も集まって、もうそろそろ\n一つの村らしくなっているんじゃないですか？,,pendente,
mev13_090.scr:4,mev13_090.scr,4,62,アンジュ,personagem,4,8,,,まぁ……,,pendente,
mev13_090.scr:5,mev13_090.scr,5,90,ロックス,personagem,5,40,,CRLF x1,どうかしました？\n何か、良くない事でも…,,pendente,
mev13_090.scr:6,mev13_090.scr,6,62,アンジュ,personagem,6,84,,CRLF x2,色んな所から人々が集まっているせいか、\n文化や価値観の違いで\n衝突が起きているみたい,,pendente,
mev13_090.scr:7,mev13_090.scr,7,62,アンジュ,personagem,7,52,,CRLF x1,それぞれのやり方を、みんな\n譲ろうとしないらしくて…,,pendente,
mev13_090.scr:8,mev13_090.scr,8,62,アンジュ,personagem,8,24,,,やっぱり…、難しいものね,,pendente,
mev13_090.scr:9,mev13_090.scr,9,90,ロックス,personagem,9,50,,CRLF x1,けれども…、皆さん一人ひとりは\nいい人なんですから,,pendente,
mev13_090.scr:10,mev13_090.scr,10,90,ロックス,personagem,10,68,,CRLF x2,それぞれ、よかれと思って\n自分達のやり方を提案して\nくれてるんですよ,,pendente,
mev13_090.scr:11,mev13_090.scr,11,62,アンジュ,personagem,11,62,,CRLF x1,でも、どうすればいいの。\nみんなが一つにまとまる様にするには…,,pendente,
mev13_090.scr:12,mev13_090.scr,12,90,ロックス,personagem,12,86,,CRLF x2,そうですね…。\n種族や文化の違いは、押し付けるのではなく\n分かち合うべきだと思うんです,,pendente,
mev13_090.scr:13,mev13_090.scr,13,90,ロックス,personagem,13,92,,CRLF x2,そうする事で、「お互いが自らの価値観を\n変える事が出来ると認識」出来るんじゃ\nないでしょうか,,pendente,
mev13_090.scr:14,mev13_090.scr,14,90,ロックス,personagem,14,94,,CRLF x2,時間が必要かもしれませんが、\nこの、分かち合ってみると言う事を\n「提案」してみてはどうでしょう,,pendente,
mev13_090.scr:15,mev13_090.scr,15,62,アンジュ,personagem,15,20,,CRLF x1,ええ。\nやってみるわ,,pendente,
mev13_090.scr:16,mev13_090.scr,16,90,ロックス,personagem,16,110,,CRLF x2,ただ、ノーと言うんじゃなくて、\nこっちの方もどう、こんなのもあると\n選択肢を増やして、肯定の力で導くというか…,,pendente,
mev13_090.scr:17,mev13_090.scr,17,62,アンジュ,personagem,17,6,,,そうね,,pendente,
mev13_090.scr:18,mev13_090.scr,18,62,アンジュ,personagem,18,108,,CRLF x2,自分自身の事をダメだと思ってても、\n人って色々やってるうちに「自分にこんな\n力があったんだ」と気付けるものね,,pendente,
mev13_090.scr:19,mev13_090.scr,19,90,ロックス,personagem,19,94,,CRLF x2,その…、アンジュ様。\n一人で抱え込まないで下さい。\n僕に出来る事なんて、たかが知れてますけど…,,pendente,
mev13_090.scr:20,mev13_090.scr,20,62,アンジュ,personagem,20,110,,CRLF x2,あなたも、もっと自信を持ちなさい。\nあなたがわたしの教会に来てくれなかったら、\nきっとアドリビトムは無かったよ,,pendente,
mev13_090.scr:21,mev13_090.scr,21,62,アンジュ,personagem,21,78,,CRLF x2,あなたが提案してくれて、\n色々奔走してくれたから\nアドリビトムが誕生したんだし,,pendente,
mev13_090.scr:22,mev13_090.scr,22,90,ロックス,personagem,22,74,,CRLF x2,あ、いや、それは…。\n提案した以上は、\n僕がやらなくてはダメかなと思って…,,pendente,
mev13_090.scr:23,mev13_090.scr,23,62,アンジュ,personagem,23,54,,CRLF x1,もう、あなたに全部任せて\nわたしは隠居してもいいかなー,,pendente,
mev13_090.scr:24,mev13_090.scr,24,90,ロックス,personagem,24,28,,,そ、それは困りますってば！！,,pendente,
mev13_090.scr:25,mev13_090.scr,25,62,アンジュ,personagem,25,38,,CRLF x1,おだてには乗らないかぁ。\n残念だなあ…,,pendente,
mev13_090.scr:26,mev13_090.scr,26,90,ロックス,personagem,26,36,,,（うう、また丸め込まれる所だった…）,,pendente,
mev13_090.scr:27,mev13_090.scr,27,90,ロックス,personagem,27,76,,CRLF x2,（家事だけって約束のはずが、\n　ほとんど任されてきたもんなぁ。\n　トホホ…）,,pendente,
mev13_100.scr:0,mev13_100.scr,0,52,ジェイド,personagem,0,38,,,採取したドクメントの解析が終わりました,,pendente,
mev13_100.scr:1,mev13_100.scr,1,52,ジェイド,personagem,1,118,,CRLF x2,以前、ジュディスの報告にあった様に、あの\nキバは、ラザリスの世界の情報をルミナシアに\n送り込むパイプになっている様です,,pendente,
mev13_100.scr:2,mev13_100.scr,2,62,アンジュ,personagem,2,54,,CRLF x1,ニアタ、という方からの情報は正しかった。\nそういう事ね,,pendente,
mev13_100.scr:3,mev13_100.scr,3,52,ジェイド,personagem,3,26,,,そう判断してもいいでしょう,,pendente,
mev13_100.scr:4,mev13_100.scr,4,52,ジェイド,personagem,4,50,,CRLF x1,あのキバの周辺から、\n徐々に世界の侵食が進んでいる,,pendente,
mev13_100.scr:5,mev13_100.scr,5,52,ジェイド,personagem,5,74,,CRLF x2,キバを含め、あれらのものは、\nこの世界を構成している何ものにも\n該当しない,,pendente,
mev13_100.scr:6,mev13_100.scr,6,52,ジェイド,personagem,6,64,,CRLF x2,○○が侵食を戻す能力を\n持っていたとしても、\n限界があるでしょう,,pendente,
mev13_100.scr:7,mev13_100.scr,7,52,ジェイド,personagem,7,32,,,侵食はキバがある限り続きますから,,pendente,
mev13_100.scr:8,mev13_100.scr,8,62,アンジュ,personagem,8,54,,CRLF x1,根本から解決するには、\n封印次元を早急に作り上げる事ね,,pendente,
mev13_100.scr:9,mev13_100.scr,9,62,アンジュ,personagem,9,46,,CRLF x1,…でも、その為には星晶の代わりを\n作らないと…,,pendente,
mev13_100.scr:10,mev13_100.scr,10,62,アンジュ,personagem,10,92,,CRLF x2,必要なものはあと二つ。\n両方とも絶滅してしまって、もうこの世界には\n存在しないんだったよね…,,pendente,
mev13_100.scr:11,mev13_100.scr,11,45,ウィル,personagem,11,52,,CRLF x1,ウズマキフスベは２０年前に絶滅した、\nと言われている,,pendente,
mev13_100.scr:12,mev13_100.scr,12,45,ウィル,personagem,12,34,,,だが、発見出来る可能性はあるだろう,,pendente,
mev13_100.scr:13,mev13_100.scr,13,45,ウィル,personagem,13,78,,CRLF x2,絶滅したのは、たった２０年前。\nさらに言えば、生態や分布も\nわかっているからな,,pendente,
mev13_100.scr:14,mev13_100.scr,14,62,アンジュ,personagem,14,58,,CRLF x1,じゃあ、そのウズマキフスベは\nまだ見つかるかもしれないのね,,pendente,
mev13_100.scr:15,mev13_100.scr,15,45,ウィル,personagem,15,82,,CRLF x2,ああ。\nしかし、ウズマキフスベが生息する季節は\n限られていて、今はその季節ではない,,pendente,
mev13_100.scr:16,mev13_100.scr,16,45,ウィル,personagem,16,78,,CRLF x2,ツリガネトンボ草の方は、\nもっと古くに絶滅していて\n化石なら入手出来るのだが…,,pendente,
mev13_100.scr:17,mev13_100.scr,17,52,ジェイド,personagem,17,74,,CRLF x2,ふむ。\n化石にでも、わずかにドクメントがあるなら\n採取する価値はありますね,,pendente,
mev13_100.scr:18,mev13_100.scr,18,45,ウィル,personagem,18,68,,CRLF x1,それならば、オレが場所を知っている。\n採取を依頼として届けさせてくれ,,pendente,
mev13_100.scr:19,mev13_100.scr,19,62,アンジュ,personagem,19,16,,,ええ、もちろんよ,,pendente,
mev14_010.scr:0,mev14_010.scr,0,62,アンジュ,personagem,0,92,,CRLF x2,今回、あなたにはアルマナック遺跡へ\n行って、ツリガネトンボ草の化石を\n取ってきてもらいたいの,,pendente,
mev14_010.scr:1,mev14_010.scr,1,62,アンジュ,personagem,1,32,,,同行するのは、ルカ君とルーティよ,,pendente,
mev14_010.scr:2,mev14_010.scr,2,59,ルカ,personagem,2,24,,,遺跡に化石なんてあるの？,,pendente,
mev14_010.scr:3,mev14_010.scr,3,62,アンジュ,personagem,3,70,,CRLF x2,正しく言えば、遺跡の中にある\n「生命讃歌の間」に\n化石が飾られているの,,pendente,
mev14_010.scr:4,mev14_010.scr,4,59,ルカ,personagem,4,64,,CRLF x1,それって、盗むって事じゃないか！？\nあそこは、世界文化遺産なのに,,pendente,
mev14_010.scr:5,mev14_010.scr,5,59,ルカ,personagem,5,22,,,僕、そんな事出来ないよ,,pendente,
mev14_010.scr:6,mev14_010.scr,6,62,アンジュ,personagem,6,32,,,あら、後で返せばいいんじゃない？,,pendente,
mev14_010.scr:7,mev14_010.scr,7,62,アンジュ,personagem,7,56,,CRLF x1,世界救済の為なら、神様も世界樹も\n罪をとがめたりしないわ,,pendente,
mev14_010.scr:8,mev14_010.scr,8,62,アンジュ,personagem,8,62,,CRLF x1,それと、その場所は特殊な仕掛けに\n隠された秘密の部屋があるのよ,,pendente,
mev14_010.scr:9,mev14_010.scr,9,62,アンジュ,personagem,9,44,,CRLF x1,仕掛けの解除は、\nルーティに任せればいいから,,pendente,
mev14_010.scr:10,mev14_010.scr,10,62,アンジュ,personagem,10,28,,,それじゃあ、行ってらっしゃい,,pendente,
mev14_010.scr:11,mev14_010.scr,11,59,ルカ,personagem,11,20,,,何だか気が重いなぁ…,,pendente,
mev14_020.scr:0,mev14_020.scr,0,7,ルーティ,personagem,0,82,,CRLF x2,ここは、予言にあったディセンダーを\n迎える為に、古い時代に作られた\n遺跡らしいわね,,pendente,
mev14_020.scr:1,mev14_020.scr,1,7,ルーティ,personagem,1,50,,CRLF x1,きっと、相当な数のお宝が\n眠ってるんでしょうね〜！,,pendente,
mev14_020.scr:2,mev14_020.scr,2,59,ルカ,personagem,2,74,,CRLF x1,そういえばさ、ディセンダーを崇めていた\n暁の従者って、どうしてるんだろうね,,pendente,
mev14_020.scr:3,mev14_020.scr,3,7,ルーティ,personagem,3,66,,CRLF x2,最近聞かないわね。\n世間からフェードアウト\nしちゃったんじゃない？,,pendente,
mev14_020.scr:4,mev14_020.scr,4,59,ルカ,personagem,4,60,,CRLF x2,○○が\nディセンダーだと知ったら、\nどういう反応をするだろう,,pendente,
mev14_020.scr:5,mev14_020.scr,5,59,ルカ,personagem,5,28,,,やっぱり崇めたりするのかな？,,pendente,
mev14_020.scr:6,mev14_020.scr,6,7,ルーティ,personagem,8,64,,CRLF x1,あら、上に立つのが苦手なの？\nでも、あんたなら人々を導けるかもね,,pendente,
mev14_020.scr:7,mev14_020.scr,7,59,ルカ,personagem,9,12,,,そう、かな？,,pendente,
mev14_020.scr:8,mev14_020.scr,8,59,ルカ,personagem,10,68,,CRLF x2,ともかくアドリビトムだって\n○○のおかげで、\n前進して行ってるんだし,,pendente,
mev14_020.scr:9,mev14_020.scr,9,59,ルカ,personagem,11,54,,CRLF x1,人ってさ、自分で作った定規に\n収まろうとするじゃないか,,pendente,
mev14_020.scr:10,mev14_020.scr,10,59,ルカ,personagem,12,28,,,その…、これは僕もなんだけど,,pendente,
mev14_020.scr:11,mev14_020.scr,11,59,ルカ,personagem,13,88,,CRLF x2,これはムリ、って思ったら手が出せないし。\n限界を勝手に作って、出来る人に\n頼ってしまうし,,pendente,
mev14_020.scr:12,mev14_020.scr,12,59,ルカ,personagem,14,56,,CRLF x1,頼って、自分の思い通りに\nならなかったらグチってしまうし,,pendente,
mev14_020.scr:13,mev14_020.scr,13,59,ルカ,personagem,15,46,,CRLF x1,けどさ、頼ったり期待する事を\n止められなくって,,pendente,
mev14_020.scr:14,mev14_020.scr,14,59,ルカ,personagem,16,76,,CRLF x2,でも、○○は違うよね。\n何でも、やってしまうもの。\nとりあえず、やろうとする,,pendente,
mev14_020.scr:15,mev14_020.scr,15,59,ルカ,personagem,17,30,,,そして、前進して強くなってく…,,pendente,
mev14_020.scr:16,mev14_020.scr,16,7,ルーティ,personagem,18,92,,CRLF x2,あんたがディセンダーなんだなって\n思うところは、言い伝え通り\n不可能を知らないってところだわ,,pendente,
mev14_020.scr:17,mev14_020.scr,17,7,ルーティ,personagem,19,52,,CRLF x1,この世界のみんなが、あんたみたいに\nなれればいいのに,,pendente,
mev14_020.scr:18,mev14_020.scr,18,7,ルーティ,personagem,20,76,,CRLF x2,そしたら、何でも\n「やってやろうじゃない！」って\n行動する様になるじゃない？,,pendente,
mev14_020.scr:19,mev14_020.scr,19,7,ルーティ,personagem,21,32,,,そうなれば、世界は変わると思うわ,,pendente,
mev14_020.scr:20,mev14_020.scr,20,7,ルーティ,personagem,22,48,,CRLF x1,と、まあ、話はここまでにして\n道を開かなくっちゃ,,pendente,
mev14_020.scr:21,mev14_020.scr,21,,(opcao do jogador),escolha,6,16,,,遠慮する、と言う,,pendente,
mev14_020.scr:22,mev14_020.scr,22,,(opcao do jogador),escolha,7,32,,,皆の希望に添う自信がない、と言う,,pendente,
mev14_030.scr:0,mev14_030.scr,0,7,ルーティ,personagem,1,58,,CRLF x1,んー、仕組みはわからないけど\nとりあえず触ってみましょっか,,pendente,
mev14_030.scr:1,mev14_030.scr,1,59,ルカ,personagem,2,72,,CRLF x2,ちょっ、ちょっと…！！\nそんなわけのわかんないもの触っても\n大丈夫なの？,,pendente,
mev14_030.scr:2,mev14_030.scr,2,59,ルカ,personagem,3,10,,,うそっ！？,,pendente,
mev14_030.scr:3,mev14_030.scr,3,7,ルーティ,personagem,4,70,,CRLF x2,ホホホホホ！\nトレジャーハンターの腕にかかれば、\nざっとこんなものよ！,,pendente,
mev14_030.scr:4,mev14_030.scr,4,7,ルーティ,personagem,5,68,,CRLF x2,さあ、行きましょ。\nひょっとしたら、\nお宝に巡りあうかもしれないし♪,,pendente,
mev14_035.scr:0,mev14_035.scr,0,7,ルーティ,personagem,0,38,,CRLF x1,ちょっと、ちょっと！\nどこに行くのよ？,,pendente,
mev14_035.scr:1,mev14_035.scr,1,7,ルーティ,personagem,1,50,,CRLF x1,「生命賛歌の間」はこっちじゃないの。\n引き返すわよ,,pendente,
mev14_040.scr:0,mev14_040.scr,0,59,ルカ,personagem,1,48,,CRLF x1,すごい！\nここが世界文化遺産の「生命讃歌の間」…,,pendente,
mev14_040.scr:1,mev14_040.scr,1,59,ルカ,personagem,2,16,,,色んな化石がある,,pendente,
mev14_040.scr:2,mev14_040.scr,2,7,ルーティ,personagem,3,62,,CRLF x1,これらの化石は自然の調和、絡み合いを\n表しているものらしいわよ,,pendente,
mev14_040.scr:3,mev14_040.scr,3,59,ルカ,personagem,4,36,,,様々な植物、生き物、ヒト…、世界樹…,,pendente,
mev14_040.scr:4,mev14_040.scr,4,59,ルカ,personagem,5,42,,CRLF x1,いつから、ヒトは\n調和を見失ったんだろうね,,pendente,
mev14_040.scr:5,mev14_040.scr,5,7,ルーティ,personagem,6,28,,,ええと、渡された資料によると,,pendente,
mev14_040.scr:6,mev14_040.scr,6,7,ルーティ,personagem,7,20,,,どうやら、これの様ね,,pendente,
mev14_040.scr:7,mev14_040.scr,7,59,ルカ,personagem,8,22,,,（…スルーされたっ…）,,pendente,
mev14_040.scr:8,mev14_040.scr,8,7,ルーティ,personagem,9,34,,,でも、ま、不満ばっかり言ってもね…,,pendente,
mev14_040.scr:9,mev14_040.scr,9,59,ルカ,personagem,10,6,,,えっ…,,pendente,
mev14_040.scr:10,mev14_040.scr,10,7,ルーティ,personagem,11,38,,CRLF x1,先へ進まなきゃ。\n昔は昔、今は今でしょ,,pendente,
mev14_040.scr:11,mev14_040.scr,11,7,ルーティ,personagem,12,44,,CRLF x1,さあ、化石も手に入れられたし\nここを出るわよ,,pendente,
mev14_050.scr:0,mev14_050.scr,0,62,アンジュ,personagem,0,66,,CRLF x1,化石は早速、研究室へ届けておいたよ。\nこれで何か進展があればいいね,,pendente,
mev14_050.scr:1,mev14_050.scr,1,62,アンジュ,personagem,1,26,,,それじゃあ、今回もご苦労様,,pendente,
mev14_050.scr:2,mev14_050.scr,2,7,ルーティ,personagem,2,46,,CRLF x1,なーんか、高価なお宝があると\n思ってたんだけど,,pendente,
mev14_050.scr:3,mev14_050.scr,3,7,ルーティ,personagem,3,24,,,今回は縁がなかったわねぇ,,pendente,
mev14_050.scr:4,mev14_050.scr,4,7,ルーティ,personagem,4,46,,CRLF x1,でも、あの部屋の仕掛け。\nまだ何かありそうだわ,,pendente,
mev14_050.scr:5,mev14_050.scr,5,59,ルカ,personagem,5,28,,,ええ、…盗む気満々じゃないか,,pendente,
mev14_050.scr:6,mev14_050.scr,6,7,ルーティ,personagem,6,40,,CRLF x2,ふふん。\nじゃ、ルカ。\nあんたに問題ね？,,pendente,
mev14_050.scr:7,mev14_050.scr,7,7,ルーティ,personagem,7,56,,CRLF x1,もんだーい、その１！\nアルマナック遺跡が作られた目的は？,,pendente,
mev14_050.scr:8,mev14_050.scr,8,59,ルカ,personagem,8,46,,CRLF x1,ええと…、\nディセンダーを迎える為に作られた…,,pendente,
mev14_050.scr:9,mev14_050.scr,9,7,ルーティ,personagem,9,40,,CRLF x1,もんだーい、その２！\nディセンダーは誰？,,pendente,
mev14_050.scr:10,mev14_050.scr,10,59,ルカ,personagem,10,38,,CRLF x1,ええと、その…\n目の前にいる…、○○…,,pendente,
mev14_050.scr:11,mev14_050.scr,11,7,ルーティ,personagem,11,32,,CRLF x1,で、○○。\n次は、あんたに質問！,,pendente,
mev14_050.scr:12,mev14_050.scr,12,7,ルーティ,personagem,12,38,,CRLF x1,あの遺跡、要る？\nあそこで暮らしたい？,,pendente,
mev14_050.scr:13,mev14_050.scr,13,7,ルーティ,personagem,15,50,,CRLF x2,ほら、○○が\nこう言ってるんだから\nいいじゃない！,,pendente,
mev14_050.scr:14,mev14_050.scr,14,59,ルカ,personagem,16,20,,,む、無茶苦茶だ…！！,,pendente,
mev14_050.scr:15,mev14_050.scr,15,,(opcao do jogador),escolha,13,24,,,自分には必要ない、と言う,,pendente,
mev14_050.scr:16,mev14_050.scr,16,,(opcao do jogador),escolha,14,16,,,要らない、と言う,,pendente,
mev14_060.scr:0,mev14_060.scr,0,90,ロックス,personagem,0,34,,,アンジュ様、お食事がまだなのでは？,,pendente,
mev14_060.scr:1,mev14_060.scr,1,90,ロックス,personagem,1,64,,CRLF x1,軽食をお持ちしましょうか？\nサーモンとチーズのサンドになりますが,,pendente,
mev14_060.scr:2,mev14_060.scr,2,62,アンジュ,personagem,2,70,,CRLF x2,うん、お願いね。\nちょっと手続きが終わらなくて、\nここを離れられないの,,pendente,
mev14_060.scr:3,mev14_060.scr,3,90,ロックス,personagem,3,60,,CRLF x1,あと、貴腐ブドウのワインを\nほんのちょっとだけお持ちしますね,,pendente,
mev14_060.scr:4,mev14_060.scr,4,90,ロックス,personagem,4,20,,,僕からの差し入れです,,pendente,
mev14_060.scr:5,mev14_060.scr,5,62,アンジュ,personagem,5,12,,,わぁ、嬉しい,,pendente,
mev14_060.scr:6,mev14_060.scr,6,62,アンジュ,personagem,6,58,,CRLF x1,でも…、控えた方がいいかな？\n最近また太った気がするのよね,,pendente,
mev14_060.scr:7,mev14_060.scr,7,90,ロックス,personagem,7,80,,CRLF x2,大丈夫ですよ〜。\n女の子は、少しぽっちゃりしていた方が\n男性は好きだと思いますが,,pendente,
mev14_060.scr:8,mev14_060.scr,8,62,アンジュ,personagem,8,42,,CRLF x1,そう？　そうよね！\nじゃあ、いただきます♪,,pendente,
mev14_060.scr:9,mev14_060.scr,9,62,アンジュ,personagem,9,86,,CRLF x2,あと、一口さっぱりしたものも欲しいな。\nフルーツと、…あと頭の疲れに\n甘いお茶菓子も！,,pendente,
mev14_060.scr:10,mev14_060.scr,10,90,ロックス,personagem,10,56,,CRLF x1,はい、お持ちします。\nデザートがないと、寂しいですものね,,pendente,
mev14_060.scr:11,mev14_060.scr,11,58,ルビア,personagem,11,30,,,（あれじゃあ、太るわけだわ…）,,pendente,
mev14_060.scr:12,mev14_060.scr,12,58,ルビア,personagem,12,96,,CRLF x2,（ロックスもロックスね。\n　アンジュさんが美味しそうに食べる顔を\n　見るのが好きなもんだから…）,,pendente,
mev14_060.scr:13,mev14_060.scr,13,58,ルビア,personagem,13,46,,CRLF x1,（言われれば何でも\n　用意しちゃうんだもの…）,,pendente,
mev14_060.scr:14,mev14_060.scr,14,62,アンジュ,personagem,14,48,,CRLF x1,ん？　ルビア、何か用？\nどうしたの、そんな顔して,,pendente,
mev14_060.scr:15,mev14_060.scr,15,58,ルビア,personagem,15,10,,,い、いいえ,,pendente,
mev14_060.scr:16,mev14_060.scr,16,58,ルビア,personagem,16,46,,CRLF x1,それより、オルタ・ビレッジから\n手紙が来てます,,pendente,
mev14_060.scr:17,mev14_060.scr,17,90,ロックス,personagem,17,42,,CRLF x1,この間の提案、\n上手くいったんでしょうか？,,pendente,
mev14_060.scr:18,mev14_060.scr,18,62,アンジュ,personagem,18,44,,CRLF x1,気になるわね。\nさて、近況はどんな感じかしら,,pendente,
mev14_060.scr:19,mev14_060.scr,19,62,アンジュ,personagem,19,12,,,…ん〜………,,pendente,
mev14_060.scr:20,mev14_060.scr,20,90,ロックス,personagem,20,20,,,どんな様子、ですか？,,pendente,
mev14_060.scr:21,mev14_060.scr,21,62,アンジュ,personagem,21,66,,CRLF x2,それぞれが、\n相手の意見について考える期間を\n設けてみたんですって,,pendente,
mev14_060.scr:22,mev14_060.scr,22,62,アンジュ,personagem,22,106,,CRLF x2,主義主張は一度忘れて、実際に相手の事を\n学習したら、新しい発見が次々に生まれて、\n効率が良くなった…って！,,pendente,
mev14_060.scr:23,mev14_060.scr,23,90,ロックス,personagem,23,18,,,本当ですか……！！,,pendente,
mev14_060.scr:24,mev14_060.scr,24,62,アンジュ,personagem,24,24,,,ええ、ロックスのおかげよ,,pendente,
mev14_060.scr:25,mev14_060.scr,25,90,ロックス,personagem,25,84,,CRLF x2,いいえ、彼ら自身の力ですよ。\n新しい価値観と手段を、\n自分達で生み出してくれたんです,,pendente,
mev14_060.scr:26,mev14_060.scr,26,54,ナタリア,personagem,26,100,,CRLF x2,星晶の採掘を行わず、環境をありのまま\n利用して、充足した社会を作るという\nオルタ・ビレッジの実現…！,,pendente,
mev14_060.scr:27,mev14_060.scr,27,54,ナタリア,personagem,27,50,,CRLF x1,アドリビトムの皆さんの\n目標が達成されたのですわね,,pendente,
mev14_060.scr:28,mev14_060.scr,28,65,エステル,personagem,28,56,,CRLF x2,人々の間でも、\nああやって受け入れ合う事が\n出来るなら…,,pendente,
mev14_060.scr:29,mev14_060.scr,29,65,エステル,personagem,29,36,,,国同士でも、きっと実現出来ますよね！,,pendente,
mev14_060.scr:30,mev14_060.scr,30,54,ナタリア,personagem,30,62,,CRLF x2,ええ。\nそうしよう、と私達が働きかければ、\nきっと出来ますわ！,,pendente,
mev14_060.scr:31,mev14_060.scr,31,65,エステル,personagem,31,30,,CRLF x1,ですね！\nわたし、頑張ります！,,pendente,
mev14_070.scr:0,mev14_070.scr,0,62,アンジュ,personagem,0,14,,,あら、また…？,,pendente,
mev14_070.scr:1,mev14_070.scr,1,66,ジュディス,personagem,1,14,,,どうかしたの？,,pendente,
mev14_070.scr:2,mev14_070.scr,2,62,アンジュ,personagem,2,64,,CRLF x2,みんなが街に行った時に、\nついでに依頼を集めてきて\nくれるでしょ,,pendente,
mev14_070.scr:3,mev14_070.scr,3,62,アンジュ,personagem,3,70,,CRLF x1,カノンノが集めてきた依頼のメモの中に\nたまに妙な文字が交じっているのね,,pendente,
mev14_070.scr:4,mev14_070.scr,4,62,アンジュ,personagem,4,18,,,ホラ、こういう字…,,pendente,
mev14_070.scr:5,mev14_070.scr,5,66,ジュディス,personagem,5,24,,,確かに、見た事も無い字ね,,pendente,
mev14_070.scr:6,mev14_070.scr,6,66,ジュディス,personagem,6,32,,,別のメモのは、また違う文字みたい,,pendente,
mev14_070.scr:7,mev14_070.scr,7,90,ロックス,personagem,7,80,,CRLF x2,アンジュ様〜♪\nおやつのプリンが余ったんですけど、\nもう二個くらいいかがですか？,,pendente,
mev14_070.scr:8,mev14_070.scr,8,62,アンジュ,personagem,8,24,,,もちろん、いただきます♪,,pendente,
mev14_070.scr:9,mev14_070.scr,9,62,アンジュ,personagem,9,36,,CRLF x1,って…\nロックス、この文字知ってる？,,pendente,
mev14_070.scr:10,mev14_070.scr,10,90,ロックス,personagem,10,26,,,これは、お嬢様の字…ですね,,pendente,
mev14_070.scr:11,mev14_070.scr,11,90,ロックス,personagem,11,52,,CRLF x2,…いいえ、この文字については、\n知りません。\nでも…,,pendente,
mev14_070.scr:12,mev14_070.scr,12,90,ロックス,personagem,12,48,,CRLF x1,たまに、こういう事がありました。\nええ、昔から…,,pendente,
mev14_070.scr:13,mev14_070.scr,13,90,ロックス,personagem,13,62,,CRLF x1,ただ、お嬢様が遊びで考えたものだと。\n絵を描く時と、同じ様に…,,pendente,
mev14_070.scr:14,mev14_070.scr,14,62,アンジュ,personagem,14,54,,CRLF x2,変ね。\nカノンノは、仕事に遊びを\n持ち込む子じゃないし,,pendente,
mev14_070.scr:15,mev14_070.scr,15,66,ジュディス,personagem,15,40,,CRLF x1,そのメモの内容を\n知る必要があるのよね？,,pendente,
mev14_070.scr:16,mev14_070.scr,16,66,ジュディス,personagem,16,26,,,私がカノンノに聞いておくわ,,pendente,
mev14_070.scr:17,mev14_070.scr,17,62,アンジュ,personagem,17,12,,,うん、お願い,,pendente,
mev14_070.scr:18,mev14_070.scr,18,66,ジュディス,personagem,18,42,,CRLF x1,○○。\nカノンノの所へ一緒に行ってくれる？,,pendente,
mev14_070.scr:19,mev14_070.scr,19,66,ジュディス,personagem,19,14,,,さ、行きましょ,,pendente,
mev14_080.scr:0,mev14_080.scr,0,86,カノンノ,personagem,0,32,,CRLF x1,ジュディスさん？\nそれに、○○も,,pendente,
mev14_080.scr:1,mev14_080.scr,1,67,リタ,personagem,1,54,,CRLF x2,どうしたのよ。\nあんた達もカノンノの絵を\n見に来たの？,,pendente,
mev14_080.scr:2,mev14_080.scr,2,66,ジュディス,personagem,2,32,,,あなたが街で集めてきた依頼のメモ,,pendente,
mev14_080.scr:3,mev14_080.scr,3,66,ジュディス,personagem,3,50,,CRLF x1,ここに書かれている文字について\n聞きたいのだけれど,,pendente,
mev14_080.scr:4,mev14_080.scr,4,86,カノンノ,personagem,4,36,,CRLF x1,いけない。\n急いで書いたから、つい…,,pendente,
mev14_080.scr:5,mev14_080.scr,5,66,ジュディス,personagem,5,6,,,つい？,,pendente,
mev14_080.scr:6,mev14_080.scr,6,86,カノンノ,personagem,6,62,,CRLF x2,これは、ええっと…。\n「納品」って書いたつもり\nだったんだけど,,pendente,
mev14_080.scr:7,mev14_080.scr,7,66,ジュディス,personagem,7,52,,CRLF x1,つい、というのは、\nこの文字、無意識に書いているのね,,pendente,
mev14_080.scr:8,mev14_080.scr,8,86,カノンノ,personagem,8,44,,CRLF x1,……うん。\nでも、文字の意味は…わからないの,,pendente,
mev14_080.scr:9,mev14_080.scr,9,66,ジュディス,personagem,9,32,,,知らない風景を描く様に、かしら？,,pendente,
mev14_080.scr:10,mev14_080.scr,10,86,カノンノ,personagem,10,12,,,どう…かな…,,pendente,
mev14_080.scr:11,mev14_080.scr,11,86,カノンノ,personagem,11,56,,CRLF x1,ただ、文章を書くと、いつの間にか\n書いている事があって…,,pendente,
mev14_080.scr:12,mev14_080.scr,12,86,カノンノ,personagem,12,38,,CRLF x1,風景は…、\n紙の上に見えてくるから……,,pendente,
mev14_080.scr:13,mev14_080.scr,13,66,ジュディス,personagem,13,82,,CRLF x2,ヴェラトローパの事もそうだったわね。\n絶滅したはずの生物も、あなたは\n知っていた…,,pendente,
mev14_080.scr:14,mev14_080.scr,14,66,ジュディス,personagem,14,50,,CRLF x1,あなた、ひょっとして\n「過去」が見えるんじゃない？,,pendente,
mev14_080.scr:15,mev14_080.scr,15,86,カノンノ,personagem,15,28,,CRLF x1,過去…？\n私にはわからない…,,pendente,
mev14_080.scr:16,mev14_080.scr,16,66,ジュディス,personagem,16,14,,,見える…そうね,,pendente,
mev14_080.scr:17,mev14_080.scr,17,66,ジュディス,personagem,17,68,,CRLF x2,私達クリティア族の様に、\n情報を読み取っている…とも\n考えられるわね,,pendente,
mev14_080.scr:18,mev14_080.scr,18,67,リタ,personagem,18,96,,CRLF x2,ヴェラトローパそのもののドクメントが\nカノンノに含まれていたのだから、\n見えるというのは違うかも,,pendente,
mev14_080.scr:19,mev14_080.scr,19,67,リタ,personagem,19,92,,CRLF x2,調べれば、他にどんなドクメントが\n含まれていて、なぜカノンノにあるのかが\nわかるかもしれない,,pendente,
mev14_080.scr:20,mev14_080.scr,20,67,リタ,personagem,20,86,,CRLF x2,でも、それは出来ないわね。\nドクメントを展開すると、\n肉体へのダメージがひどいんだから,,pendente,
mev14_080.scr:21,mev14_080.scr,21,67,リタ,personagem,21,36,,,ヴェラトローパの時もそうだったでしょ,,pendente,
mev14_080.scr:22,mev14_080.scr,22,86,カノンノ,personagem,22,20,,,でも、私は知りたい…,,pendente,
mev14_080.scr:23,mev14_080.scr,23,86,カノンノ,personagem,23,44,,CRLF x1,どうして、私だけに\nこんな事が起きているのか,,pendente,
mev14_080.scr:24,mev14_080.scr,24,67,リタ,personagem,24,50,,CRLF x1,その気持ち、わかんなくないわ。\nあたしも興味がある,,pendente,
mev14_080.scr:25,mev14_080.scr,25,67,リタ,personagem,25,56,,CRLF x1,でもね、あんたの体を危険にさらしてまで\nする必要はないの,,pendente,
mev14_080.scr:26,mev14_080.scr,26,66,ジュディス,personagem,26,58,,CRLF x1,でも、これらの絵、それに文字。\n私達の歴史にはないものだわ,,pendente,
mev14_080.scr:27,mev14_080.scr,27,66,ジュディス,personagem,27,28,,,ニアタなら、わかったかしらね,,pendente,
mev14_080.scr:28,mev14_080.scr,28,86,カノンノ,personagem,28,62,,CRLF x2,ニアタ…。\nあのヴェラトローパで、\n色々教えてくれたっていう…,,pendente,
mev14_080.scr:29,mev14_080.scr,29,66,ジュディス,personagem,29,30,,,ルミナシアの創世を見届けた賢人,,pendente,
mev14_080.scr:30,mev14_080.scr,30,66,ジュディス,personagem,30,46,,CRLF x1,この世界だけじゃなく、\n異世界も見てきたそうよ,,pendente,
mev14_080.scr:31,mev14_080.scr,31,66,ジュディス,personagem,31,36,,,きっと色んな事を知っていたでしょうね,,pendente,
mev14_080.scr:32,mev14_080.scr,32,86,カノンノ,personagem,32,32,,CRLF x1,私、会ってみたいな。\nニアタに…,,pendente,
mev14_080.scr:33,mev14_080.scr,33,66,ジュディス,personagem,33,56,,CRLF x2,ニアタはラザリスに壊されて\nしまったの。\n行っても無理よ,,pendente,
mev14_080.scr:34,mev14_080.scr,34,86,カノンノ,personagem,34,18,,,でも、行きたいな…,,pendente,
mev14_080.scr:35,mev14_080.scr,35,86,カノンノ,personagem,35,76,,CRLF x2,ねえ、○○。\nヴェラトローパへの同行を依頼に出したら、\n一緒に行ってくれる？,,pendente,
mev14_080.scr:36,mev14_080.scr,36,86,カノンノ,personagem,38,16,,,ありがとう、○○,,pendente,
mev14_080.scr:37,mev14_080.scr,37,66,ジュディス,personagem,39,56,,CRLF x2,○○、\n彼女はあなたがいいのよ。\n一緒に行ってあげたら？,,pendente,
mev14_080.scr:38,mev14_080.scr,38,66,ジュディス,personagem,40,54,,CRLF x2,さて、と。\nカノンノ、\n後はあなたが依頼を出すだけ、ね,,pendente,
mev14_080.scr:39,mev14_080.scr,39,86,カノンノ,personagem,41,6,,,うん！,,pendente,
mev14_080.scr:40,mev14_080.scr,40,,(opcao do jogador),escolha,36,8,,,もちろん,,pendente,
mev14_080.scr:41,mev14_080.scr,41,,(opcao do jogador),escolha,37,4,,,迷う,,pendente,
mev15_010.scr:0,mev15_010.scr,0,62,アンジュ,personagem,0,44,,CRLF x1,カノンノを連れて、\nヴェラトローパに行くのね,,pendente,
mev15_010.scr:1,mev15_010.scr,1,62,アンジュ,personagem,1,52,,CRLF x1,以前ジュディスと行った時に、\n通路が失われたでしょ？,,pendente,
mev15_010.scr:2,mev15_010.scr,2,62,アンジュ,personagem,2,90,,CRLF x2,だから、今回はアーチェも連れて行って。\n彼女はホウキで飛べるから、\nきっと力になると思うわ,,pendente,
mev15_010.scr:3,mev15_010.scr,3,62,アンジュ,personagem,3,26,,,それじゃ、行ってらっしゃい,,pendente,
mev15_020.scr:0,mev15_020.scr,0,86,カノンノ,personagem,0,54,,CRLF x1,あの風景の中に立ってる。\n私が描いた、あの風景の中に…,,pendente,
mev15_020.scr:1,mev15_020.scr,1,86,カノンノ,personagem,1,20,,,すごく不思議な気分…,,pendente,
mev15_020.scr:2,mev15_020.scr,2,86,カノンノ,personagem,2,80,,CRLF x2,私にあるドクメントに、\n何の意味があるんだろう。\nそれが何なのか、わかればいいな,,pendente,
mev15_020.scr:3,mev15_020.scr,3,86,カノンノ,personagem,3,74,,CRLF x2,色んな風景を描いた。\n綺麗な風景もあれば、まるで世界の\n終わりの様な風景も,,pendente,
mev15_020.scr:4,mev15_020.scr,4,86,カノンノ,personagem,4,72,,CRLF x1,その…、世界の終わりの様な風景が、\nこの世界の事でなければいいなって思う,,pendente,
mev15_020.scr:5,mev15_020.scr,5,86,カノンノ,personagem,5,74,,CRLF x2,ヴェラトローパが実在した様に、\n世界の終わりの様な風景も\n実在…するのかな,,pendente,
mev15_020.scr:6,mev15_020.scr,6,86,カノンノ,personagem,8,48,,CRLF x1,…うん、そうだね。\n今、気にしてもしょうがないか,,pendente,
mev15_020.scr:7,mev15_020.scr,7,86,カノンノ,personagem,9,58,,CRLF x2,うん。\n今は、ニアタの所へ行く事だけを\n考えればいいんだね,,pendente,
mev15_020.scr:8,mev15_020.scr,8,4,アーチェ,personagem,10,50,,CRLF x1,えーっと、本来なら真っ直ぐ行けば\nいいんだろうけど,,pendente,
mev15_020.scr:9,mev15_020.scr,9,4,アーチェ,personagem,11,10,,,他の道ねぇ,,pendente,
mev15_020.scr:10,mev15_020.scr,10,4,アーチェ,personagem,12,44,,CRLF x1,ま、何とか見つかるでしょ！\nあたしに任せて！,,pendente,
mev15_020.scr:11,mev15_020.scr,11,,(opcao do jogador),escolha,6,26,,,まだ何もわからない、と言う,,pendente,
mev15_020.scr:12,mev15_020.scr,12,,(opcao do jogador),escolha,7,26,,,悪い事は考えないで、と言う,,pendente,
mev15_030.scr:0,mev15_030.scr,0,86,カノンノ,personagem,1,12,,,この先なのね,,pendente,
mev15_030.scr:1,mev15_030.scr,1,86,カノンノ,personagem,2,22,,,でも、ここを通るには…,,pendente,
mev15_030.scr:2,mev15_030.scr,2,4,アーチェ,personagem,3,34,,,ん〜、パッと飛んでって探したいけど,,pendente,
mev15_030.scr:3,mev15_030.scr,3,4,アーチェ,personagem,4,64,,CRLF x1,向こうとこっちの間に気流があって、\nホウキで飛んでくのは危険かも,,pendente,
mev15_030.scr:4,mev15_030.scr,4,86,カノンノ,personagem,5,10,,,他の道は？,,pendente,
mev15_030.scr:5,mev15_030.scr,5,4,アーチェ,personagem,6,42,,CRLF x1,そうね…、他に道があるか\n探してみよっか！,,pendente,
mev15_035.scr:0,mev15_035.scr,0,4,アーチェ,personagem,0,32,,,うーん、他にどの道があるのかな？,,pendente,
mev15_035.scr:1,mev15_035.scr,1,86,カノンノ,personagem,1,42,,CRLF x1,こういう時は、\n一旦戻ってみたらどうかな？,,pendente,
mev15_035.scr:2,mev15_035.scr,2,4,アーチェ,personagem,2,58,,CRLF x2,そうね〜。\n船に戻って作戦の練り直しを\n提案するしかないか,,pendente,
mev15_040.scr:0,mev15_040.scr,0,86,カノンノ,personagem,0,18,,,ねえ、下に道がある,,pendente,
mev15_040.scr:1,mev15_040.scr,1,4,アーチェ,personagem,1,38,,,あ、じゃあ、ちょっとあたしが見てくる！,,pendente,
mev15_045.scr:0,mev15_045.scr,0,4,アーチェ,personagem,1,28,,,大丈夫、降りられそうだよ〜！,,pendente,
mev15_045.scr:1,mev15_045.scr,1,86,カノンノ,personagem,2,22,,CRLF x1,○○、\n私達も行こう！,,pendente,
mev15_050.scr:0,mev15_050.scr,0,86,カノンノ,personagem,0,58,,CRLF x1,世界樹があるのは、私達の世界\nルミナシアだけじゃないんだね,,pendente,
mev15_050.scr:1,mev15_050.scr,1,86,カノンノ,personagem,1,34,,,ここは、どこかの世界の子どもなんだ,,pendente,
mev15_050.scr:2,mev15_050.scr,2,86,カノンノ,personagem,2,98,,CRLF x2,その……、ニアタが教えてくれたんだね…。\n異世界からやって来て、このルミナシアの\n創世を見届けて…,,pendente,
mev15_050.scr:3,mev15_050.scr,3,4,アーチェ,personagem,3,44,,CRLF x1,故郷を失って、永遠の時間を\n一人ぼっち…かあ,,pendente,
mev15_050.scr:4,mev15_050.scr,4,4,アーチェ,personagem,4,30,,,そうしたくなるのも、わかるかも,,pendente,
mev15_050.scr:5,mev15_050.scr,5,86,カノンノ,personagem,5,54,,CRLF x2,うん…。\n一人ぼっちで生きて行くのは、\n寂しいだろうね,,pendente,
mev15_050.scr:6,mev15_050.scr,6,66,ジュディス,personagem,7,108,,CRLF x2,偶然なのかしらね。\n私達の仲間のカノンノが、彼のディセンダーと、\nとても似たヒト、そして同じ名前だったのは…,,pendente,
mev15_050.scr:7,mev15_050.scr,7,86,カノンノ,personagem,8,20,,CRLF x1,○○。\nどうしたの？,,pendente,
mev15_050.scr:8,mev15_050.scr,8,86,カノンノ,personagem,11,36,,CRLF x1,そう？\n何だか疲れてるみたいだけど…,,pendente,
mev15_050.scr:9,mev15_050.scr,9,86,カノンノ,personagem,12,34,,,もし、つらかったら戻ってもいいから,,pendente,
mev15_050.scr:10,mev15_050.scr,10,4,アーチェ,personagem,13,52,,CRLF x1,○○、無理しないでよね！\nさ、ぱぱっと片付けちゃお！,,pendente,
mev15_050.scr:11,mev15_050.scr,11,4,アーチェ,personagem,14,40,,CRLF x1,らしくないじゃん！\nあんたが考え事なんて,,pendente,
mev15_050.scr:12,mev15_050.scr,12,4,アーチェ,personagem,15,28,,,目的地まで、あと少しみたいよ,,pendente,
mev15_050.scr:13,mev15_050.scr,13,4,アーチェ,personagem,16,22,,,ほら、とっとと行こっ！,,pendente,
mev15_050.scr:14,mev15_050.scr,14,,(sem caixa de nome),sem_caixa,6,26,,,ジュディスの言葉を思い出す,,pendente,
mev15_050.scr:15,mev15_050.scr,15,,(opcao do jogador),escolha,9,18,,,何でもない、と言う,,pendente,
mev15_050.scr:16,mev15_050.scr,16,,(opcao do jogador),escolha,10,24,,,考え事をしていた、と言う,,pendente,
mev15_060.scr:0,mev15_060.scr,0,86,カノンノ,personagem,2,10,,,これは…？,,pendente,
mev15_060.scr:1,mev15_060.scr,1,86,カノンノ,personagem,3,18,,,これが、ニアタ…？,,pendente,
mev15_060.scr:2,mev15_060.scr,2,4,アーチェ,personagem,4,26,,,ってよりは、部品じゃない？,,pendente,
mev15_060.scr:3,mev15_060.scr,3,4,アーチェ,personagem,5,20,,,何か、光ってるけど…,,pendente,
mev15_060.scr:4,mev15_060.scr,4,86,カノンノ,personagem,6,8,,,ニアタ…,,pendente,
mev15_060.scr:5,mev15_060.scr,5,4,アーチェ,personagem,7,56,,CRLF x2,わあぁっ！？\nす、すごい…！\n自分で直しちゃった…の…？,,pendente,
mev15_060.scr:6,mev15_060.scr,6,91,ニアタ,personagem,8,26,,CRLF x1,そなた…。\nカノンノ…か？,,pendente,
mev15_060.scr:7,mev15_060.scr,7,86,カノンノ,personagem,9,20,,,どうして私の名前を？,,pendente,
mev15_060.scr:8,mev15_060.scr,8,91,ニアタ,personagem,10,22,,,…そなたに会えるとは…,,pendente,
mev15_060.scr:9,mev15_060.scr,9,86,カノンノ,personagem,11,16,,,ど、どういう事…,,pendente,
mev15_060.scr:10,mev15_060.scr,10,86,カノンノ,personagem,13,46,,CRLF x1,ニアタの世界のディセンダーと、\n私がそっくり？,,pendente,
mev15_060.scr:11,mev15_060.scr,11,86,カノンノ,personagem,14,20,,,名前も…同じなんて…,,pendente,
mev15_060.scr:12,mev15_060.scr,12,86,カノンノ,personagem,15,62,,CRLF x1,でも、私はパスカなんて世界や、\nニアタの事なんて何も知らない…,,pendente,
mev15_060.scr:13,mev15_060.scr,13,91,ニアタ,personagem,16,36,,CRLF x1,混乱させてしまった様だね。\nすまない,,pendente,
mev15_060.scr:14,mev15_060.scr,14,91,ニアタ,personagem,17,74,,CRLF x1,そなたが我々の世界を知らなくても当然だ。\nこの世界に我々の故郷の因子はない,,pendente,
mev15_060.scr:15,mev15_060.scr,15,91,ニアタ,personagem,18,64,,CRLF x1,そなたはこの世界の住人で、\n我々の世界との接点は何もないのだから,,pendente,
mev15_060.scr:16,mev15_060.scr,16,86,カノンノ,personagem,19,44,,CRLF x1,わ、私はただ…、\nあなたに聞きたい事があって,,pendente,
mev15_060.scr:17,mev15_060.scr,17,86,カノンノ,personagem,20,54,,CRLF x1,色んな世界を旅したあなたなら\n何か知っているかもって…,,pendente,
mev15_060.scr:18,mev15_060.scr,18,91,ニアタ,personagem,21,20,,,何を聞きたいのかね…,,pendente,
mev15_060.scr:19,mev15_060.scr,19,86,カノンノ,personagem,23,44,,CRLF x1,あの、この風景を、\n見た事はありませんか…？,,pendente,
mev15_060.scr:20,mev15_060.scr,20,86,カノンノ,personagem,24,44,,CRLF x1,この世界にはない風景なんです。\nこの文字も…,,pendente,
mev15_060.scr:21,mev15_060.scr,21,91,ニアタ,personagem,25,8,,,これは…,,pendente,
mev15_060.scr:22,mev15_060.scr,22,91,ニアタ,personagem,26,48,,CRLF x1,…この風景は我々がかつて訪れた\n別の世界のものだ,,pendente,
mev15_060.scr:23,mev15_060.scr,23,91,ニアタ,personagem,27,56,,CRLF x1,この文字にも見覚えがある。\nこれはまた別の世界のものだ…,,pendente,
mev15_060.scr:24,mev15_060.scr,24,86,カノンノ,personagem,28,10,,,それって…,,pendente,
mev15_060.scr:25,mev15_060.scr,25,91,ニアタ,personagem,29,18,,,…これは、仮定だが,,pendente,
mev15_060.scr:26,mev15_060.scr,26,91,ニアタ,personagem,30,66,,CRLF x2,そなたの中にあるのは、\nかつてあった世界の因子では\nないだろうか？,,pendente,
mev15_060.scr:27,mev15_060.scr,27,91,ニアタ,personagem,31,68,,CRLF x1,その因子はこの世界のどこにもなく、\nそなただけに受け継がれているのだ,,pendente,
mev15_060.scr:28,mev15_060.scr,28,86,カノンノ,personagem,32,20,,,それが、なぜ…私に？,,pendente,
mev15_060.scr:29,mev15_060.scr,29,91,ニアタ,personagem,33,24,,,それは、我々にもわからぬ,,pendente,
mev15_060.scr:30,mev15_060.scr,30,91,ニアタ,personagem,34,84,,CRLF x2,だが、そなたの存在。\n我々の世界以前にもカノンノの因子が\nあったという事かもしれぬ…,,pendente,
mev15_060.scr:31,mev15_060.scr,31,91,ニアタ,personagem,35,62,,CRLF x1,この世界の種子を生んだ世界、\nそしてまたその種子を生んだ世界…,,pendente,
mev15_060.scr:32,mev15_060.scr,32,91,ニアタ,personagem,36,104,,CRLF x2,カノンノという個体の情報の根源があり、\nその世界から派生したのが、\nここルミナシアや、我々のパスカ…か？,,pendente,
mev15_060.scr:33,mev15_060.scr,33,,(sem caixa de nome),sem_caixa,12,32,,,カノンノにジュディスの話を伝える,,pendente,
mev15_070.scr:0,mev15_070.scr,0,90,ロックス,personagem,2,22,,,皆さ〜〜〜〜〜〜ん！！,,pendente,
mev15_070.scr:1,mev15_070.scr,1,90,ロックス,personagem,3,20,,,皆さん、船が…船が…,,pendente,
mev15_070.scr:2,mev15_070.scr,2,4,アーチェ,personagem,4,18,,,船がどうしたの！？,,pendente,
mev15_070.scr:3,mev15_070.scr,3,90,ロックス,personagem,5,36,,,高度を保てなくて、降下し始めたんです,,pendente,
mev15_070.scr:4,mev15_070.scr,4,90,ロックス,personagem,6,86,,CRLF x2,皆さんの帰還を待とうにも、\nこの高さまでバンエルティア号が\n上がれなくなってしまって…,,pendente,
mev15_070.scr:5,mev15_070.scr,5,86,カノンノ,personagem,7,36,,,じゃあ、私達はここに残された状態に？,,pendente,
mev15_070.scr:6,mev15_070.scr,6,4,アーチェ,personagem,8,48,,CRLF x1,あたしはホウキがあるけど、\nせいぜい一人が限界よ,,pendente,
mev15_070.scr:7,mev15_070.scr,7,90,ロックス,personagem,9,68,,CRLF x2,大丈夫です！\n一人ずつでも僕が持ち上げて\n飛んで連れて帰りますっ！！,,pendente,
mev15_070.scr:8,mev15_070.scr,8,86,カノンノ,personagem,10,10,,,無茶だよ！,,pendente,
mev15_070.scr:9,mev15_070.scr,9,91,ニアタ,personagem,11,58,,CRLF x2,待ちなさい。\nそなた、今バンエルティア号、\nと言ったかね？,,pendente,
mev15_070.scr:10,mev15_070.scr,10,90,ロックス,personagem,12,22,,CRLF x1,え、ええ。\nそうですが,,pendente,
mev15_070.scr:11,mev15_070.scr,11,90,ロックス,personagem,13,32,,,（何だか硬そうなヒトだなぁ…？）,,pendente,
mev15_070.scr:12,mev15_070.scr,12,91,ニアタ,personagem,14,48,,CRLF x1,…それは驚きだ。\nますますこの世界に興味が湧いた,,pendente,
mev15_070.scr:13,mev15_070.scr,13,91,ニアタ,personagem,15,22,,,では、我々に任せたまえ,,pendente,
mev15_080.scr:0,mev15_080.scr,0,62,アンジュ,personagem,0,30,,CRLF x1,あら？\nやっと、お目覚めみたい,,pendente,
mev15_080.scr:1,mev15_080.scr,1,86,カノンノ,personagem,1,20,,,○○、目が覚めたのね,,pendente,
mev15_080.scr:2,mev15_080.scr,2,86,カノンノ,personagem,2,68,,CRLF x1,あの後、みんな気を失ってしまってて。\n目を開けたら、船に戻ってたんだ,,pendente,
mev15_080.scr:3,mev15_080.scr,3,86,カノンノ,personagem,3,48,,CRLF x1,あそこであった事は、\nアンジュさんに報告したから,,pendente,
mev15_080.scr:4,mev15_080.scr,4,86,カノンノ,personagem,4,54,,CRLF x1,私の存在が何なのか、はっきりとは\nわからなかったけど…,,pendente,
mev15_080.scr:5,mev15_080.scr,5,86,カノンノ,personagem,5,102,,CRLF x2,仮にニアタの話が正しかったとしても、\n私の中に過去の世界の記憶が\n何の為にあるのかなんて、わからないし,,pendente,
mev15_080.scr:6,mev15_080.scr,6,86,カノンノ,personagem,6,74,,CRLF x2,でも、ヴェラトローパへ連れて行って\nくれた事、嬉しかったよ。\nありがとう…,,pendente,
mev15_080.scr:7,mev15_080.scr,7,66,ジュディス,personagem,7,78,,CRLF x2,カノンノの存在は、世界を越えて\n受け継がれた記憶の証明なのかも\nしれない…わね,,pendente,
mev15_080.scr:8,mev15_080.scr,8,66,ジュディス,personagem,8,60,,CRLF x2,それにしても、\nまたニアタと話す事が出来るなんて、\n驚いたわ,,pendente,
mev15_080.scr:9,mev15_080.scr,9,86,カノンノ,personagem,9,78,,CRLF x2,ニアタは機関室よ。\nもう、みんなとなじんで\n船の修理をアドバイスしてくれてるの,,pendente,
mev15_080.scr:10,mev15_080.scr,10,66,ジュディス,personagem,10,30,,,あなたも機関室へ行ってみたら？,,pendente,
mev15_085.scr:0,mev15_085.scr,0,,(mensagem de sistema),sistema,0,46,,,船の調子が悪い為、ヴェラトローパには行けません,,pendente,
mev15_086.scr:0,mev15_086.scr,0,62,アンジュ,personagem,0,90,,CRLF x2,船の調子はどうなのかしらね…。\nねえ、ちょっと機関室へ行って\n様子を見てきてくれないかな？,,pendente,
mev15_090.scr:0,mev15_090.scr,0,52,ジェイド,personagem,1,74,,CRLF x2,ほう、驚きましたね。\nこの船は星晶を使用した内燃機関と\n思っていたのですが,,pendente,
mev15_090.scr:1,mev15_090.scr,1,91,ニアタ,personagem,2,60,,CRLF x1,これは半永久機関だ。\n別の世界で同じ仕組みの船を見た事がある,,pendente,
mev15_090.scr:2,mev15_090.scr,2,91,ニアタ,personagem,3,56,,CRLF x1,ふむ…、異常の原因は調整に必要な計算を\n間違えた為だろう,,pendente,
mev15_090.scr:3,mev15_090.scr,3,24,チャット,personagem,4,6,,,うっ…,,pendente,
mev15_090.scr:4,mev15_090.scr,4,52,ジェイド,personagem,5,36,,,では、機器類自体に異常は無いのですね,,pendente,
mev15_090.scr:5,mev15_090.scr,5,34,エミル,personagem,6,98,,CRLF x2,そういえば、僕達この船に乗って長いけど、\n燃料の星晶を補充したところは、一度も\n見た事なかったよね,,pendente,
mev15_090.scr:6,mev15_090.scr,6,52,ジェイド,personagem,7,30,,,チャットは知っていたのですか？,,pendente,
mev15_090.scr:7,mev15_090.scr,7,24,チャット,personagem,8,12,,,もちろんです,,pendente,
mev15_090.scr:8,mev15_090.scr,8,52,ジェイド,personagem,9,14,,,…本当ですか？,,pendente,
mev15_090.scr:9,mev15_090.scr,9,52,ジェイド,personagem,10,48,,CRLF x1,そういう大事な話は、\n早くして頂かないと困ります,,pendente,
mev15_090.scr:10,mev15_090.scr,10,52,ジェイド,personagem,11,80,,CRLF x2,いいですか。\nこの船は星晶で動いていない。\nこれがいかに重要な話かわかりますか？,,pendente,
mev15_090.scr:11,mev15_090.scr,11,52,ジェイド,personagem,12,88,,CRLF x2,星晶を採り尽くし、\n後退に向かうしかないこの世界を\n救う光明となるかもしれないのですよ？,,pendente,
mev15_090.scr:12,mev15_090.scr,12,34,エミル,personagem,13,12,,,それじゃあ…,,pendente,
mev15_090.scr:13,mev15_090.scr,13,52,ジェイド,personagem,14,56,,CRLF x1,もし、この機関の仕組みを解明し、\n同じ物が作れたとしたら,,pendente,
mev15_090.scr:14,mev15_090.scr,14,52,ジェイド,personagem,15,82,,CRLF x2,星晶を巡って国家同士が争う事も、\n採掘の為に人々が駆りだされる事も\n無くなりますよ,,pendente,
mev15_090.scr:15,mev15_090.scr,15,24,チャット,personagem,16,18,,,そ、そうですが…！,,pendente,
mev15_090.scr:16,mev15_090.scr,16,24,チャット,personagem,17,82,,CRLF x2,ボクはひいおじいさんとの約束で、\nこの船の技術を守る様に\n言われていたんですよ…！,,pendente,
mev15_090.scr:17,mev15_090.scr,17,24,チャット,personagem,18,36,,,…今回故障したのは想定外でしたけど…,,pendente,
mev15_090.scr:18,mev15_090.scr,18,34,エミル,personagem,19,16,,,灯台下暗し…だね,,pendente,
mev15_090.scr:19,mev15_090.scr,19,34,エミル,personagem,20,38,,CRLF x1,変わった船だなぁ、とは\n思っていたけど,,pendente,
mev15_090.scr:20,mev15_090.scr,20,52,ジェイド,personagem,21,70,,CRLF x1,この機関はヴェラトローパの民によるものか、\nそれとも異世界の物なのか…,,pendente,
mev15_090.scr:21,mev15_090.scr,21,52,ジェイド,personagem,22,64,,CRLF x1,いずれにしろ、星晶を用いない\n優れた技術を持った民がいたんですね,,pendente,
mev15_090.scr:22,mev15_090.scr,22,91,ニアタ,personagem,23,44,,CRLF x1,半永久機関、か。\n…方法が無い訳ではないが…,,pendente,
mev15_090.scr:23,mev15_090.scr,23,52,ジェイド,personagem,24,14,,,何か名案でも？,,pendente,
mev15_090.scr:24,mev15_090.scr,24,91,ニアタ,personagem,25,44,,CRLF x1,…いや、すまない。\n我々に今出来る事ではない,,pendente,
mev15_090.scr:25,mev15_090.scr,25,24,チャット,personagem,26,18,,,ああ、直りました！,,pendente,
mev15_090.scr:26,mev15_090.scr,26,24,チャット,personagem,27,28,,,ううっ…本当に良かった…！！,,pendente,
mev15_090.scr:27,mev15_090.scr,27,52,ジェイド,personagem,28,30,,,船の高度も上がっている様ですね,,pendente,
mev15_090.scr:28,mev15_090.scr,28,52,ジェイド,personagem,29,44,,CRLF x1,やれやれ。\n一時はどうなる事かと思いましたよ,,pendente,
mev15_090.scr:29,mev15_090.scr,29,52,ジェイド,personagem,30,26,,,これでまた仕事に励めますね,,pendente,
mev15_100.scr:0,mev15_100.scr,0,86,カノンノ,personagem,0,54,,CRLF x2,ニアタ。\nなぜ、アドリビトムに力を貸そうと\n思ったの？,,pendente,
mev15_100.scr:1,mev15_100.scr,1,91,ニアタ,personagem,1,70,,CRLF x2,誓いを立てたのだ。\n我々の故郷の因子を受け継ぐ世界に\n力を貸していくと,,pendente,
mev15_100.scr:2,mev15_100.scr,2,91,ニアタ,personagem,2,56,,CRLF x1,我々は死ねぬ機械の身体。\n永遠の時間を生きなければならん,,pendente,
mev15_100.scr:3,mev15_100.scr,3,91,ニアタ,personagem,3,52,,CRLF x1,故郷のディセンダーに仕える為に、\n我々が選んだ道だが,,pendente,
mev15_100.scr:4,mev15_100.scr,4,86,カノンノ,personagem,4,82,,CRLF x2,私も、この世界も、ニアタの故郷の情報因子を\n受け継いでいないんでしょう。\nなのに…,,pendente,
mev15_100.scr:5,mev15_100.scr,5,91,ニアタ,personagem,5,46,,CRLF x1,我々のディセンダーなら、\nそんな事は考えないさ,,pendente,
mev15_100.scr:6,mev15_100.scr,6,91,ニアタ,personagem,6,68,,CRLF x1,危機が訪れれば、乗り越える。\n我々は、その意志を受け継いでいるだけだ,,pendente,
mev15_100.scr:7,mev15_100.scr,7,91,ニアタ,personagem,7,70,,CRLF x1,それに因子を引き継いでいないこの世界に、\nそなたがいる事にも興味がある,,pendente,
mev15_100.scr:8,mev15_100.scr,8,91,ニアタ,personagem,8,84,,CRLF x2,いや、興味という言い方は良くないな…。\n嬉しいんだよ。\nまたカノンノに出会えた事が…,,pendente,
mev15_100.scr:9,mev15_100.scr,9,86,カノンノ,personagem,9,48,,CRLF x1,私は…、\nニアタの世界のカノンノにはなれないよ…,,pendente,
mev15_100.scr:10,mev15_100.scr,10,91,ニアタ,personagem,10,82,,CRLF x2,我々は、そんな事は望んではいないよ。\nそなたは、そのまま自分の望む姿で\nありなさい,,pendente,
mev15_100.scr:11,mev15_100.scr,11,86,カノンノ,personagem,11,20,,CRLF x1,…うん。\nありがとう,,pendente,
mev15_110.scr:0,mev15_110.scr,0,67,リタ,personagem,0,110,,CRLF x2,化石のドクメントを調べたけど、\n大体、既に化石になっちゃってるものだから、\nほとんどが鉱物のドクメントなのよね,,pendente,
mev15_110.scr:1,mev15_110.scr,1,67,リタ,personagem,1,60,,CRLF x1,ツリガネトンボ草本来のドクメントは、\nあまりわからなかったわ,,pendente,
mev15_110.scr:2,mev15_110.scr,2,70,シング,personagem,2,56,,CRLF x2,う〜ん。\n残念だなあ…。\nオレ、力になれる事、ないかな？,,pendente,
mev15_110.scr:3,mev15_110.scr,3,67,リタ,personagem,3,18,,,…あんたには無理ね,,pendente,
mev15_110.scr:4,mev15_110.scr,4,70,シング,personagem,4,92,,CRLF x2,そりゃあ、頭使って何かやるってのは\n苦手だけどさ、何にも力を貸せない\nわけじゃない……と思う,,pendente,
mev15_110.scr:5,mev15_110.scr,5,67,リタ,personagem,5,18,,CRLF x1,ふ〜ん。\n例えば？,,pendente,
mev15_110.scr:6,mev15_110.scr,6,70,シング,personagem,6,78,,CRLF x1,ええと、肩がこったらもんであげる、とか。\n嫌いな食べ物が出たら食べてあげるとか,,pendente,
mev15_110.scr:7,mev15_110.scr,7,67,リタ,personagem,7,6,,,はぁ？,,pendente,
mev15_110.scr:8,mev15_110.scr,8,67,リタ,personagem,8,76,,CRLF x2,…あ、ありがと。\nその気持ちだけもらっとくわ…。\nだ、だから邪魔しないでよね,,pendente,
mev15_110.scr:9,mev15_110.scr,9,67,リタ,personagem,9,72,,CRLF x1,それに、煮詰まって出なくなったら、\n頭切り替えて別案考えた方が効率的だし,,pendente,
mev15_110.scr:10,mev15_110.scr,10,70,シング,personagem,10,60,,CRLF x1,そうだ、ニアタを呼んでくるよ。\n何か答えをくれるかもしれない,,pendente,
mev15_110.scr:11,mev15_110.scr,11,67,リタ,personagem,11,16,,,あ、待ちなさい！,,pendente,
mev15_110.scr:12,mev15_110.scr,12,67,リタ,personagem,12,30,,,ああもう、人の話聞きなさいよ…,,pendente,
mev15_110.scr:13,mev15_110.scr,13,70,シング,personagem,13,20,,,ほら、連れて来たよ！,,pendente,
mev15_110.scr:14,mev15_110.scr,14,70,シング,personagem,14,48,,CRLF x1,わからない事があったら、\n聞いてみるのが一番だろ,,pendente,
mev15_110.scr:15,mev15_110.scr,15,67,リタ,personagem,15,6,,,早っ！,,pendente,
mev15_110.scr:16,mev15_110.scr,16,67,リタ,personagem,16,102,,CRLF x2,…あんたねぇ、さっきの話はニアタがくれた\nプレートの情報から得た結果なの。\n同じ事聞いてどうすんのよ！,,pendente,
mev15_110.scr:17,mev15_110.scr,17,70,シング,personagem,17,16,,,え？　そうなの？,,pendente,
mev15_110.scr:18,mev15_110.scr,18,67,リタ,personagem,18,18,,CRLF x1,はあ。\nまあいいわ,,pendente,
mev15_110.scr:19,mev15_110.scr,19,67,リタ,personagem,19,12,,,ねえ、ニアタ,,pendente,
mev15_110.scr:20,mev15_110.scr,20,67,リタ,personagem,20,96,,CRLF x2,あんたがジュディスに託した\nプレートの情報を元に、あたし達は\n封印次元に必要な素材を集めているの,,pendente,
mev15_110.scr:21,mev15_110.scr,21,67,リタ,personagem,21,74,,CRLF x2,でも、そのあと二つが、\nこの世ではもう手に入らないのよ。\n絶滅してるから…,,pendente,
mev15_110.scr:22,mev15_110.scr,22,91,ニアタ,personagem,22,60,,CRLF x1,そうか、星晶が生まれた頃と、\n世界の環境は大きく変わったのか,,pendente,
mev15_110.scr:23,mev15_110.scr,23,91,ニアタ,personagem,23,50,,CRLF x1,生物も、進化や混種が進んでいても\nおかしくはない…,,pendente,
mev15_110.scr:24,mev15_110.scr,24,91,ニアタ,personagem,24,36,,CRLF x1,残念だ。\n力になれると思ったのだが…,,pendente,
mev15_110.scr:25,mev15_110.scr,25,67,リタ,personagem,25,28,,CRLF x1,…っ！！！\n進化や混種…、か,,pendente,
mev15_110.scr:26,mev15_110.scr,26,67,リタ,personagem,26,46,,CRLF x1,ちょっ、ツリガネトンボ草って、\n何目何科何種？,,pendente,
mev15_110.scr:27,mev15_110.scr,27,67,リタ,personagem,27,26,,,こうしちゃいられないわ！！,,pendente,
mev15_110.scr:28,mev15_110.scr,28,70,シング,personagem,28,12,,,あっ、リタ！,,pendente,
mev15_110.scr:29,mev15_110.scr,29,70,シング,personagem,29,24,,,ねえ、どうしたんだよー！,,pendente,
mev15_110.scr:30,mev15_110.scr,30,67,リタ,personagem,30,40,,CRLF x1,あんたのおせっかい、\n役に立ったって事よ,,pendente,
mev15_110.scr:31,mev15_110.scr,31,70,シング,personagem,31,14,,,え…、ええっ？,,pendente,
mev15_110.scr:32,mev15_110.scr,32,70,シング,personagem,32,46,,CRLF x1,よくわからないけど、\n何かヒントが掴めたんだね,,pendente,
mev15_110.scr:33,mev15_110.scr,33,70,シング,personagem,33,26,,,へへ、力になれて良かったよ,,pendente,
mev15_120.scr:0,mev15_120.scr,0,45,ウィル,personagem,0,32,,CRLF x1,アンジュ。\n一つ、依頼を出したい,,pendente,
mev15_120.scr:1,mev15_120.scr,1,62,アンジュ,personagem,1,16,,,はい、何かしら？,,pendente,
mev15_120.scr:2,mev15_120.scr,2,45,ウィル,personagem,2,52,,CRLF x1,これから、ツリガネトンボ草が辿った\n進化種を集めたい,,pendente,
mev15_120.scr:3,mev15_120.scr,3,62,アンジュ,personagem,3,10,,,進化種を？,,pendente,
mev15_120.scr:4,mev15_120.scr,4,67,リタ,personagem,4,116,,CRLF x2,本来絶滅しているツリガネトンボ草だけど、\nもしかしたら、進化種に受け継がれた\nドクメントで補完出来るかもしれないのよ,,pendente,
mev15_120.scr:5,mev15_120.scr,5,62,アンジュ,personagem,5,80,,CRLF x2,なるほど！\n絶滅したサーベルタイガーのルーツを\nトラやライオンに求める様なものね,,pendente,
mev15_120.scr:6,mev15_120.scr,6,62,アンジュ,personagem,6,42,,CRLF x1,それじゃ、\n早速この依頼を登録しなくっちゃ,,pendente,
mev16_010.scr:0,mev16_010.scr,0,62,アンジュ,personagem,0,54,,CRLF x1,この依頼、あなたが行ってくれるのね。\nじゃ、説明するよ,,pendente,
mev16_010.scr:1,mev16_010.scr,1,62,アンジュ,personagem,1,54,,CRLF x1,これからツリガネトンボ草の進化種を\n集める事になったの,,pendente,
mev16_010.scr:2,mev16_010.scr,2,62,アンジュ,personagem,2,50,,CRLF x1,集めるのは１４０属２０００種近くに\nなるけれど…、,,pendente,
mev16_010.scr:3,mev16_010.scr,3,62,アンジュ,personagem,3,86,,CRLF x2,比較的安全な場所のものは、\nみんなの故郷の人達や各国のギルドに\n応援を頼む事にしたから,,pendente,
mev16_010.scr:4,mev16_010.scr,4,62,アンジュ,personagem,4,58,,CRLF x1,わたし達は、わたし達でしか\n集められないものを採取するのよ,,pendente,
mev16_010.scr:5,mev16_010.scr,5,62,アンジュ,personagem,5,92,,CRLF x2,それで…っと、その進化種の名称や分布が\n不明なものもあるけど、\nまずは判明しているものからね,,pendente,
mev16_010.scr:6,mev16_010.scr,6,62,アンジュ,personagem,6,46,,CRLF x1,目標は、霊峰アブソールにある\n「オイルツリー」,,pendente,
mev16_010.scr:7,mev16_010.scr,7,62,アンジュ,personagem,7,74,,CRLF x1,でね、そこに向かう為の道なんだけど、\n新しい道をセルシウスが作ってくれたの,,pendente,
mev16_010.scr:8,mev16_010.scr,8,25,セルシウス,personagem,8,86,,CRLF x2,入ってすぐ右に、道が出来ているわ。\nそこを通れば、オイルツリーの所まで\n辿りつけるから,,pendente,
mev16_010.scr:9,mev16_010.scr,9,62,アンジュ,personagem,9,38,,,同行するのは、ヴェイグ君とスパーダ君よ,,pendente,
mev16_010.scr:10,mev16_010.scr,10,62,アンジュ,personagem,10,38,,,それじゃあ、気を付けて行ってらっしゃい,,pendente,
mev16_020.scr:0,mev16_020.scr,0,61,スパーダ,personagem,0,70,,CRLF x2,でェ、採って来なきゃなんねー\nオイルツリーってのは\nどんなモンなんだ？,,pendente,
mev16_020.scr:1,mev16_020.scr,1,37,ヴェイグ,personagem,1,58,,CRLF x1,寒冷地に生息する植物で、\nその名の通り油分を多く含むそうだ,,pendente,
mev16_020.scr:2,mev16_020.scr,2,61,スパーダ,personagem,2,16,,,外見的なモンは？,,pendente,
mev16_020.scr:3,mev16_020.scr,3,37,ヴェイグ,personagem,3,80,,CRLF x2,大型植物で、樹全体が赤いらしい。\nこの環境の中では目立つから\nすぐ判別出来そうだ,,pendente,
mev16_020.scr:4,mev16_020.scr,4,61,スパーダ,personagem,4,44,,CRLF x1,大型？\nそりゃまた、持って帰るのも一苦労だな,,pendente,
mev16_020.scr:5,mev16_020.scr,5,37,ヴェイグ,personagem,6,70,,CRLF x1,コピーズ・ロッドを持ってきている。\nドクメントさえ採取すればいいそうだ,,pendente,
mev16_020.scr:6,mev16_020.scr,6,61,スパーダ,personagem,7,28,,CRLF x1,ふーん。\nじゃあ、まあ楽だな,,pendente,
mev16_020.scr:7,mev16_020.scr,7,61,スパーダ,personagem,8,72,,CRLF x2,しっかし、進化ねぇ。\n化石になったアレよか\nずいぶん形状変わってそうだな,,pendente,
mev16_020.scr:8,mev16_020.scr,8,37,ヴェイグ,personagem,9,94,,CRLF x2,もらった資料には、\n種子のサイズをより小さく、そして\n多くしていった進化種であると書かれていた,,pendente,
mev16_020.scr:9,mev16_020.scr,9,37,ヴェイグ,personagem,10,100,,CRLF x2,寒冷地で生き延びる為に、\nエネルギー効率の良い油脂の形で樹や種子に\n養分を蓄えるよう、進化したらしい,,pendente,
mev16_020.scr:10,mev16_020.scr,10,61,スパーダ,personagem,11,58,,CRLF x1,そんな進化種が世にあふれてるのか。\n世界って変化してんだな,,pendente,
mev16_020.scr:11,mev16_020.scr,11,61,スパーダ,personagem,12,24,,,ヒトも変わってんのかな？,,pendente,
mev16_020.scr:12,mev16_020.scr,12,37,ヴェイグ,personagem,13,88,,CRLF x2,そうだな。\nヴェラトローパから地上に降りた多くの人種も、\n何らかの変化はしているだろうな,,pendente,
mev16_020.scr:13,mev16_020.scr,13,61,スパーダ,personagem,14,60,,CRLF x2,にしても、\n一つの生物から２０００種ってなぁ。\nどんだけだよ,,pendente,
mev16_020.scr:14,mev16_020.scr,14,61,スパーダ,personagem,15,24,,,ま、やるしかねーんだけど,,pendente,
mev16_025.scr:0,mev16_025.scr,0,37,ヴェイグ,personagem,0,60,,CRLF x2,…こっちか。\nセルシウスの言う通り、\n通れる様になっているな,,pendente,
mev16_025.scr:1,mev16_025.scr,1,61,スパーダ,personagem,1,16,,,んじゃ、行こうぜ,,pendente,
mev16_030.scr:0,mev16_030.scr,0,37,ヴェイグ,personagem,0,6,,,…！！,,pendente,
mev16_030.scr:1,mev16_030.scr,1,61,スパーダ,personagem,1,18,,,おい、どうしたよ？,,pendente,
mev16_030.scr:2,mev16_030.scr,2,37,ヴェイグ,personagem,2,26,,,風に乗って、声が聞こえた…,,pendente,
mev16_030.scr:3,mev16_030.scr,3,61,スパーダ,personagem,3,42,,CRLF x1,ハァ？\nそりゃお前、ただの空耳じゃねーの？,,pendente,
mev16_030.scr:4,mev16_030.scr,4,38,クレア,personagem,5,12,,,きゃあああ…,,pendente,
mev16_030.scr:5,mev16_030.scr,5,37,ヴェイグ,personagem,6,10,,,クレア…？,,pendente,
mev16_030.scr:6,mev16_030.scr,6,61,スパーダ,personagem,7,34,,,クレアは街に買出しに行ってたはずだ,,pendente,
mev16_030.scr:7,mev16_030.scr,7,61,スパーダ,personagem,8,16,,,けど、今の声は…,,pendente,
mev16_030.scr:8,mev16_030.scr,8,37,ヴェイグ,personagem,9,10,,,クレア…、,,pendente,
mev16_030.scr:9,mev16_030.scr,9,37,ヴェイグ,personagem,10,24,,,クレアアアアアアアアア！,,pendente,
mev16_030.scr:10,mev16_030.scr,10,61,スパーダ,personagem,11,34,,CRLF x1,声は、この奥からだ。\n行こうぜ！！,,pendente,
mev16_040.scr:0,mev16_040.scr,0,37,ヴェイグ,personagem,1,8,,,クレア！,,pendente,
mev16_040.scr:1,mev16_040.scr,1,38,クレア,personagem,2,10,,,ヴェイグ…,,pendente,
mev16_040.scr:2,mev16_040.scr,2,79,サレ,personagem,3,56,,CRLF x1,ようこそ、アドリビトムの諸君。\nそして久しぶり、ヴェイグ,,pendente,
mev16_040.scr:3,mev16_040.scr,3,37,ヴェイグ,personagem,4,8,,,サレ…！,,pendente,
mev16_040.scr:4,mev16_040.scr,4,79,サレ,personagem,5,24,,,やっと会えたね、ヴェイグ,,pendente,
mev16_040.scr:5,mev16_040.scr,5,38,クレア,personagem,6,56,,CRLF x1,ごめんなさい…、ヴェイグ。\n街に出ていた間に見つかって…,,pendente,
mev16_040.scr:6,mev16_040.scr,6,79,サレ,personagem,7,68,,CRLF x2,ねえ、クレアちゃん。\nあんな場所で会うなんて、\n本当に運命を感じたよ,,pendente,
mev16_040.scr:7,mev16_040.scr,7,79,サレ,personagem,8,70,,CRLF x2,クレアちゃんには、\nキミ達をおびき寄せる餌に\nなってもらおうと思ってね,,pendente,
mev16_040.scr:8,mev16_040.scr,8,79,サレ,personagem,9,68,,CRLF x2,でも、まさかキミ達の方…。\nしかもヴェイグが\nやって来てくれるなんて,,pendente,
mev16_040.scr:9,mev16_040.scr,9,79,サレ,personagem,10,104,,CRLF x2,ますます運命を感じちゃうなあ。\nキミ達が働き手を奪ってくれたせいで、\n星晶の採掘がストップしてしまったよ,,pendente,
mev16_040.scr:10,mev16_040.scr,10,79,サレ,personagem,11,62,,CRLF x2,さあ、言うんだ。\n大事な労働資源をどこに連れて\n行ったんだい？,,pendente,
mev16_040.scr:11,mev16_040.scr,11,79,サレ,personagem,12,86,,CRLF x2,素直に話してくれないと、\nヘーゼル村イチバンの上玉、\nクレアちゃんに傷が付いちゃうよ？,,pendente,
mev16_040.scr:12,mev16_040.scr,12,38,クレア,personagem,13,48,,CRLF x1,星晶の採掘が、\n世界の危機を招いているんですよ！,,pendente,
mev16_040.scr:13,mev16_040.scr,13,38,クレア,personagem,14,72,,CRLF x1,今は国も、種族も奪い合うのを止めて\n世界を守る為に心を一つにすべき時です,,pendente,
mev16_040.scr:14,mev16_040.scr,14,79,サレ,personagem,15,78,,CRLF x1,だったら僕は、それを踏みにじるまでさ！\n僕は人の心の力なんて信用しないからね…,,pendente,
mev16_040.scr:15,mev16_040.scr,15,79,サレ,personagem,16,64,,CRLF x1,本当は、働き手なんてどうでもいい。\nそんなものはどこでも手に入る,,pendente,
mev16_040.scr:16,mev16_040.scr,16,79,サレ,personagem,17,60,,CRLF x1,ただね、キミ達アドリビトムを\nつぶしたいってのはあるんだよね,,pendente,
mev16_040.scr:17,mev16_040.scr,17,79,サレ,personagem,18,80,,CRLF x1,アドリビトム…自由という意味だっけかな？\n自由ってのはどういう事か知ってるかい？,,pendente,
mev16_040.scr:18,mev16_040.scr,18,79,サレ,personagem,19,76,,CRLF x2,自由にはね、\n常に多くの危険が付きまとうものさ。\n気の休まる暇のない危険がね,,pendente,
mev16_040.scr:19,mev16_040.scr,19,79,サレ,personagem,20,38,,,僕がキミ達をその危険から救ってあげるよ,,pendente,
mev16_040.scr:20,mev16_040.scr,20,61,スパーダ,personagem,23,28,,,要するに、手下になれってか？,,pendente,
mev16_040.scr:21,mev16_040.scr,21,61,スパーダ,personagem,24,62,,CRLF x1,不自由を手に入れて得る、平穏な日々なんて\n退屈でしゃーねぇなぁ,,pendente,
mev16_040.scr:22,mev16_040.scr,22,61,スパーダ,personagem,25,86,,CRLF x2,ああ。\n自由が危険なんて、オレは思わねーし、\n危険だからって誰かに自由を預けられっか！,,pendente,
mev16_040.scr:23,mev16_040.scr,23,61,スパーダ,personagem,26,78,,CRLF x2,オレぁ、自由を捨ててテメェに\n力を頼って生きる方が\nよっぽどあぶねー気がするぜ,,pendente,
mev16_040.scr:24,mev16_040.scr,24,61,スパーダ,personagem,27,64,,CRLF x2,誰かに力を頼る程、\nその相手の力に支配されて、\n自由を奪われんだ,,pendente,
mev16_040.scr:25,mev16_040.scr,25,61,スパーダ,personagem,28,52,,CRLF x1,オレ達アドリビトムが、\nてめーなんかに屈するかよ！！,,pendente,
mev16_040.scr:26,mev16_040.scr,26,79,サレ,personagem,29,16,,,フフフ、そうかい,,pendente,
mev16_040.scr:27,mev16_040.scr,27,79,サレ,personagem,30,62,,CRLF x2,いいね。\nキミ達程の強い心を踏みにじるのは、\nとても楽しそうだ,,pendente,
mev16_040.scr:28,mev16_040.scr,28,79,サレ,personagem,31,34,,,…じゃあ、本気で叩き潰す事にするよ,,pendente,
mev16_040.scr:29,mev16_040.scr,29,79,サレ,personagem,32,26,,,キミ達の……ヒトの心をね！,,pendente,
mev16_040.scr:30,mev16_040.scr,30,61,スパーダ,personagem,33,36,,CRLF x1,面白ぇ！\nケツから蹴り上げてやるぜ！,,pendente,
mev16_040.scr:31,mev16_040.scr,31,37,ヴェイグ,personagem,34,18,,,待ってろ、クレア…,,pendente,
mev16_040.scr:32,mev16_040.scr,32,,(opcao do jogador),escolha,21,38,,,自由の意味は人それぞれが決める、と言う,,pendente,
mev16_040.scr:33,mev16_040.scr,33,,(opcao do jogador),escolha,22,42,,,自由を危険と解釈するのもお前の自由、と言う,,pendente,
mev16_050.scr:0,mev16_050.scr,0,37,ヴェイグ,personagem,1,14,,,クレアアアア！,,pendente,
mev16_050.scr:1,mev16_050.scr,1,79,サレ,personagem,2,10,,,待ってたよ,,pendente,
mev16_050.scr:2,mev16_050.scr,2,79,サレ,personagem,3,32,,,今度こそ……ぶっ殺してあげるよ！,,pendente,
mev16_050.scr:3,mev16_050.scr,3,61,スパーダ,personagem,4,26,,CRLF x1,次こそ\nひん剥いてやらぁ！,,pendente,
mev16_060.scr:0,mev16_060.scr,0,79,サレ,personagem,3,16,,,この僕が…ッ……,,pendente,
mev16_060.scr:1,mev16_060.scr,1,37,ヴェイグ,personagem,4,26,,CRLF x1,…クレア。\n無事で良かった,,pendente,
mev16_060.scr:2,mev16_060.scr,2,79,サレ,personagem,5,30,,,待てよ……どこに行くんだ……？,,pendente,
mev16_060.scr:3,mev16_060.scr,3,79,サレ,personagem,6,30,,,もう、終わりだって言うのか…？,,pendente,
mev16_060.scr:4,mev16_060.scr,4,37,ヴェイグ,personagem,7,34,,,オレは、オレに出来る事をやるだけだ,,pendente,
mev16_060.scr:5,mev16_060.scr,5,79,サレ,personagem,8,44,,CRLF x1,何だよそれ……。\n情けをかけてるつもりかい？,,pendente,
mev16_060.scr:6,mev16_060.scr,6,79,サレ,personagem,9,46,,CRLF x1,こんな終わり方は認めない。\n認められるもんか…,,pendente,
mev16_060.scr:7,mev16_060.scr,7,79,サレ,personagem,10,18,,,殺せ……殺せよっ！,,pendente,
mev16_060.scr:8,mev16_060.scr,8,37,ヴェイグ,personagem,11,8,,,戻るぞ…,,pendente,
mev16_060.scr:9,mev16_060.scr,9,79,サレ,personagem,12,58,,CRLF x1,殺せって言ってるだろう！！\nこんちくしょうがぁぁぁぁッ！！,,pendente,
mev16_070.scr:0,mev16_070.scr,0,90,ロックス,personagem,0,50,,CRLF x1,クレア様…！！\nまさかクレア様が誘拐されるだなんて,,pendente,
mev16_070.scr:1,mev16_070.scr,1,90,ロックス,personagem,1,22,,,何もされませんでした？,,pendente,
mev16_070.scr:2,mev16_070.scr,2,90,ロックス,personagem,2,38,,CRLF x1,ああ…もう…。\n無事で本当に良かった…,,pendente,
mev16_070.scr:3,mev16_070.scr,3,38,クレア,personagem,3,50,,CRLF x1,大丈夫ですよ、ロックスさん。\nご心配おかけしました,,pendente,
mev16_070.scr:4,mev16_070.scr,4,61,スパーダ,personagem,4,72,,CRLF x1,サレの奴もいい具合にシメてやったから、\nさすがにもう手を出してこねーだろ,,pendente,
mev16_070.scr:5,mev16_070.scr,5,61,スパーダ,personagem,5,46,,CRLF x1,で、何か一杯荷物が来てるな。\nありゃあ、何だ？,,pendente,
mev16_070.scr:6,mev16_070.scr,6,90,ロックス,personagem,6,28,,,ツリガネトンボ草の進化種です,,pendente,
mev16_070.scr:7,mev16_070.scr,7,90,ロックス,personagem,7,52,,CRLF x1,協力してくれた皆さんの手で\n集められたものなんですよ,,pendente,
mev16_070.scr:8,mev16_070.scr,8,90,ロックス,personagem,8,54,,CRLF x1,皆さんで、一つの目標に向かって。\nこの世界を守る為に…,,pendente,
mev16_070.scr:9,mev16_070.scr,9,61,スパーダ,personagem,9,20,,,へえ、そりゃすげーな,,pendente,
mev16_070.scr:10,mev16_070.scr,10,90,ロックス,personagem,10,56,,CRLF x1,さあ、中に入って下さい。\nみんなに元気な姿を見せないと！,,pendente,
mev16_080.scr:0,mev16_080.scr,0,62,アンジュ,personagem,0,28,,,今回は思わぬ事態になったね…,,pendente,
mev16_080.scr:1,mev16_080.scr,1,62,アンジュ,personagem,1,68,,CRLF x2,でも、目的は完遂出来たし、\nクレアもあなた達も無事で\n本当に良かった,,pendente,
mev16_080.scr:2,mev16_080.scr,2,62,アンジュ,personagem,2,84,,CRLF x2,次に採取するのものについての資料は\nもうすぐ出来るそうよ。\nあとちょっと、待っててね,,pendente,
mev16_080.scr:3,mev16_080.scr,3,61,スパーダ,personagem,3,20,,,次はどんな奴なんだ？,,pendente,
mev16_080.scr:4,mev16_080.scr,4,62,アンジュ,personagem,4,52,,CRLF x1,水の上をスイスイすべる花よ。\nとても珍しいんですって,,pendente,
mev16_080.scr:5,mev16_080.scr,5,61,スパーダ,personagem,5,24,,,ふーん、想像も付かねえな,,pendente,
mev16_090.scr:0,mev16_090.scr,0,44,シャーリィ,personagem,0,66,,CRLF x2,アンジュさん。\n次に採取するものの資料が出来たので\n届けに来ました,,pendente,
mev16_090.scr:1,mev16_090.scr,1,62,アンジュ,personagem,1,22,,,ありがとう、シャーリィ,,pendente,
mev16_090.scr:2,mev16_090.scr,2,62,アンジュ,personagem,2,32,,,えっと、依頼主は…わたしでいっか,,pendente,
mev16_090.scr:3,mev16_090.scr,3,62,アンジュ,personagem,3,34,,,早速、依頼の登録をしておきましょう,,pendente,
mev17_010.scr:0,mev17_010.scr,0,62,アンジュ,personagem,0,22,,,さて、今回の仕事はね…,,pendente,
mev17_010.scr:1,mev17_010.scr,1,62,アンジュ,personagem,1,98,,CRLF x2,行ってもらう場所は、シフノ湧泉洞。\nそこにある「ユルングの樹」の\nドクメントを採取してきてもらうね,,pendente,
mev17_010.scr:2,mev17_010.scr,2,62,アンジュ,personagem,2,36,,CRLF x1,同行するのは、\nアッシュ君とナタリア,,pendente,
mev17_010.scr:3,mev17_010.scr,3,62,アンジュ,personagem,3,50,,CRLF x1,資料とコピーズ・ロッドは\n二人に渡しておいたからね,,pendente,
mev17_010.scr:4,mev17_010.scr,4,62,アンジュ,personagem,4,26,,,それじゃ、行ってらっしゃい,,pendente,
mev17_020.scr:0,mev17_020.scr,0,54,ナタリア,personagem,0,56,,CRLF x1,…ライマ国の暴動も収まり、\n秩序も戻り始めている様ですわ,,pendente,
mev17_020.scr:1,mev17_020.scr,1,54,ナタリア,personagem,1,30,,,ですが、民の苦しみは続いている,,pendente,
mev17_020.scr:2,mev17_020.scr,2,54,ナタリア,personagem,2,62,,CRLF x1,どうしてもっと前から、\n国民の苦しみに気付けなかったのでしょう,,pendente,
mev17_020.scr:3,mev17_020.scr,3,55,アッシュ,personagem,3,20,,,しけたツラをするな！,,pendente,
mev17_020.scr:4,mev17_020.scr,4,55,アッシュ,personagem,4,46,,CRLF x1,お前は国の為に\nアドリビトムへ入ったのだろう！,,pendente,
mev17_020.scr:5,mev17_020.scr,5,55,アッシュ,personagem,5,8,,,それに…,,pendente,
mev17_020.scr:6,mev17_020.scr,6,55,アッシュ,personagem,6,54,,CRLF x1,お前がそんな様子では、\n一緒に国を変えられないだろうが,,pendente,
mev17_020.scr:7,mev17_020.scr,7,54,ナタリア,personagem,7,10,,,アッシュ…,,pendente,
mev17_020.scr:8,mev17_020.scr,8,54,ナタリア,personagem,8,64,,CRLF x1,約束を…、子どもの頃に交わした約束を\n覚えていて下さったのですね,,pendente,
mev17_020.scr:9,mev17_020.scr,9,54,ナタリア,personagem,9,28,,,その…プロポーズの…言葉も…,,pendente,
mev17_020.scr:10,mev17_020.scr,10,55,アッシュ,personagem,10,40,,CRLF x1,所詮、俺はルークの影だ。\n王にはなれない,,pendente,
mev17_020.scr:11,mev17_020.scr,11,55,アッシュ,personagem,11,16,,,お前との未来も…,,pendente,
mev17_020.scr:12,mev17_020.scr,12,55,アッシュ,personagem,12,54,,CRLF x1,だが、お前と一緒に\n国を…、世界を変えていく事は出来る,,pendente,
mev17_020.scr:13,mev17_020.scr,13,54,ナタリア,personagem,13,70,,CRLF x2,アッシュ。\n…世界を変えられるなら、\n私は王族でなくても構いませんのよ,,pendente,
mev17_020.scr:14,mev17_020.scr,14,55,アッシュ,personagem,14,16,,,……………………,,pendente,
mev17_020.scr:15,mev17_020.scr,15,55,アッシュ,personagem,15,10,,,ナタリア…,,pendente,
mev17_020.scr:16,mev17_020.scr,16,55,アッシュ,personagem,18,8,,,な…！？,,pendente,
mev17_020.scr:17,mev17_020.scr,17,55,アッシュ,personagem,19,42,,CRLF x1,何を聞いているッ！！\n死にたいのか、貴様…,,pendente,
mev17_020.scr:18,mev17_020.scr,18,55,アッシュ,personagem,20,6,,,なっ…,,pendente,
mev17_020.scr:19,mev17_020.scr,19,55,アッシュ,personagem,21,16,,,何を見ている！！,,pendente,
mev17_020.scr:20,mev17_020.scr,20,55,アッシュ,personagem,22,10,,,………チッ,,pendente,
mev17_020.scr:21,mev17_020.scr,21,55,アッシュ,personagem,23,18,,,行くぞ！　ナタリア,,pendente,
mev17_020.scr:22,mev17_020.scr,22,54,ナタリア,personagem,24,8,,,…はい！,,pendente,
mev17_020.scr:23,mev17_020.scr,23,,(opcao do jogador),escolha,16,22,,,そういう関係かと尋ねる,,pendente,
mev17_020.scr:24,mev17_020.scr,24,,(opcao do jogador),escolha,17,20,,,じっと二人を見ている,,pendente,
mev17_030.scr:0,mev17_030.scr,0,54,ナタリア,personagem,1,30,,,まあ、花が流れていきますわ…！,,pendente,
mev17_030.scr:1,mev17_030.scr,1,54,ナタリア,personagem,2,22,,,何て美しいのでしょう…,,pendente,
mev17_030.scr:2,mev17_030.scr,2,55,アッシュ,personagem,3,18,,,ユルングの樹の花だ,,pendente,
mev17_030.scr:3,mev17_030.scr,3,55,アッシュ,personagem,4,28,,,この上流に、樹があるんだろう,,pendente,
mev17_030.scr:4,mev17_030.scr,4,55,アッシュ,personagem,5,48,,CRLF x1,…土壁がぬれているな。\n水位が下がっているのか？,,pendente,
mev17_030.scr:5,mev17_030.scr,5,54,ナタリア,personagem,6,58,,CRLF x1,引き潮…かもしれませんわね。\nここは海と繋がっていますもの,,pendente,
mev17_030.scr:6,mev17_030.scr,6,54,ナタリア,personagem,7,44,,CRLF x1,潮の満ち引きで水位が変わるのだと\n思いますわ,,pendente,
mev17_030.scr:7,mev17_030.scr,7,54,ナタリア,personagem,8,60,,CRLF x2,それにしても、\nユルングの樹というのは\nどの様なものですの？,,pendente,
mev17_030.scr:8,mev17_030.scr,8,54,ナタリア,personagem,9,98,,CRLF x2,雄花は水上に、雌花は水中に咲くと\n資料には書いてありましたけれど…。\n受粉の効率が悪そうですわね…,,pendente,
mev17_030.scr:9,mev17_030.scr,9,54,ナタリア,personagem,10,48,,CRLF x1,なぜ、その様な進化を辿ったのか。\n不思議ですわ…,,pendente,
mev17_040.scr:0,mev17_040.scr,0,54,ナタリア,personagem,1,6,,,…！！,,pendente,
mev17_040.scr:1,mev17_040.scr,1,54,ナタリア,personagem,2,24,,,何ですの、この生物は！？,,pendente,
mev17_040.scr:2,mev17_040.scr,2,55,アッシュ,personagem,3,50,,CRLF x1,依頼の品はある様だが、\n簡単には持ち帰れない様だな,,pendente,
mev17_040.scr:3,mev17_040.scr,3,55,アッシュ,personagem,4,8,,,行くぞ！,,pendente,
mev17_050.scr:0,mev17_050.scr,0,54,ナタリア,personagem,1,24,,,今度こそ、負けませんわ！,,pendente,
mev17_050.scr:1,mev17_050.scr,1,55,アッシュ,personagem,2,22,,CRLF x1,その意気だ。\n行くぞ！,,pendente,
mev17_060.scr:0,mev17_060.scr,0,55,アッシュ,personagem,2,24,,,これで邪魔は無くなったな,,pendente,
mev17_060.scr:1,mev17_060.scr,1,55,アッシュ,personagem,3,28,,,…用事を済ませるぞ、ナタリア,,pendente,
mev17_060.scr:2,mev17_060.scr,2,54,ナタリア,personagem,4,4,,,はい,,pendente,
mev17_060.scr:3,mev17_060.scr,3,55,アッシュ,personagem,5,44,,CRLF x1,この時間だけ、\n雌花が水中から顔を出すのか…,,pendente,
mev17_060.scr:4,mev17_060.scr,4,54,ナタリア,personagem,6,88,,CRLF x2,では、この落ちてくる雄花とは、\nこの引き潮の時間だけしか\n出会えない、という事ですのね…,,pendente,
mev17_060.scr:5,mev17_060.scr,5,55,アッシュ,personagem,7,10,,,その様だな,,pendente,
mev17_060.scr:6,mev17_060.scr,6,55,アッシュ,personagem,8,78,,CRLF x2,だから、潮が満ちていく時は、\n上に咲く雄花は落下しない様に\nなっているのだろう,,pendente,
mev17_060.scr:7,mev17_060.scr,7,54,ナタリア,personagem,9,86,,CRLF x2,事前に頂いた資料によれば\n「陸から水中に根を下ろす様に進化した」と\n書かれていましたわ,,pendente,
mev17_060.scr:8,mev17_060.scr,8,54,ナタリア,personagem,10,48,,CRLF x1,植物も生き残る為に\n必死に知恵を絞ったのでしょう,,pendente,
mev17_060.scr:9,mev17_060.scr,9,54,ナタリア,personagem,11,68,,CRLF x2,栄養が豊富で、\n他の植物には遮られる事のない場所を\n目指した様ですわ,,pendente,
mev17_060.scr:10,mev17_060.scr,10,54,ナタリア,personagem,12,106,,CRLF x2,呼吸は、水上では葉にある気孔を使って…。\n水中では、根から直接、水に溶けた\n二酸化炭素を取り込んでいますわ,,pendente,
mev17_060.scr:11,mev17_060.scr,11,54,ナタリア,personagem,13,82,,CRLF x2,水や養分も、根の表面の細胞から\n塩分だけを除いて吸収しているとも\n書かれていますわ,,pendente,
mev17_060.scr:12,mev17_060.scr,12,54,ナタリア,personagem,14,56,,CRLF x1,生きていく為に、特殊な進化を遂げていった\n植物なのですね,,pendente,
mev17_060.scr:13,mev17_060.scr,13,55,アッシュ,personagem,15,50,,CRLF x2,生きる為に、\n次の世代を残していく為に\n変わる…か,,pendente,
mev17_060.scr:14,mev17_060.scr,14,55,アッシュ,personagem,16,72,,CRLF x2,他の種の生息域を奪わず、\n新天地に適応する為に\n自らの変化を選んだんだな,,pendente,
mev17_060.scr:15,mev17_060.scr,15,54,ナタリア,personagem,17,20,,,奪わず…自ら変わる…,,pendente,
mev17_060.scr:16,mev17_060.scr,16,54,ナタリア,personagem,18,60,,CRLF x1,私達ヒト、そして国や世界も\n変化していく事が出来ますわよね…,,pendente,
mev17_060.scr:17,mev17_060.scr,17,55,アッシュ,personagem,19,24,,CRLF x1,…ナタリア。\n○○を見ろ,,pendente,
mev17_060.scr:18,mev17_060.scr,18,55,アッシュ,personagem,20,52,,CRLF x1,○○は、故郷も無ければ\n血の繋がった親や兄弟もいない,,pendente,
mev17_060.scr:19,mev17_060.scr,19,55,アッシュ,personagem,21,52,,CRLF x1,だがな、こいつは行動する事で\n世界を変えていっている,,pendente,
mev17_060.scr:20,mev17_060.scr,20,55,アッシュ,personagem,22,30,,,…俺達にも、出来ない事はない…,,pendente,
mev17_060.scr:21,mev17_060.scr,21,54,ナタリア,personagem,23,28,,CRLF x1,アッシュ…。\nそうですわね…,,pendente,
mev17_070.scr:0,mev17_070.scr,0,62,アンジュ,personagem,0,40,,CRLF x1,ユルングの樹のドクメント採取、\nお疲れ様,,pendente,
mev17_070.scr:1,mev17_070.scr,1,62,アンジュ,personagem,1,54,,CRLF x1,この船にも各地から、どんどん進化種が\n集まってきてるよ,,pendente,
mev17_070.scr:2,mev17_070.scr,2,62,アンジュ,personagem,2,50,,CRLF x1,船のみんなで、ドクメントの抽出作業を\nやっているの,,pendente,
mev17_070.scr:3,mev17_070.scr,3,71,コハク,personagem,3,28,,,アンジュ、わたしも手伝うよ！,,pendente,
mev17_070.scr:4,mev17_070.scr,4,70,シング,personagem,4,82,,CRLF x2,オレもやるよ！\nさっき、やり方を教えてもらったんだ！\nみんなでやった方が早いだろ？,,pendente,
mev17_070.scr:5,mev17_070.scr,5,71,コハク,personagem,5,56,,CRLF x2,ええ？\nシングはリタの嫌いなものを\n食べる係なんでしょ？,,pendente,
mev17_070.scr:6,mev17_070.scr,6,70,シング,personagem,6,98,,CRLF x2,オレはバカだからさ。\n出来ないって諦める前に、教えてもらって、\nとにかくやってみようと思ったんだ！,,pendente,
mev17_070.scr:7,mev17_070.scr,7,70,シング,personagem,7,74,,CRLF x1,ハロルドやリタみたいにはなれないけど、\nオレだってちょっとなら手伝えるさ！,,pendente,
mev17_070.scr:8,mev17_070.scr,8,62,アンジュ,personagem,8,20,,,えらいわ、シング君♪,,pendente,
mev17_070.scr:9,mev17_070.scr,9,19,ハロルド,personagem,9,64,,CRLF x1,さあさ、また新しい植物が届いたから、\nガンガン手伝ってもらうわよ,,pendente,
mev17_070.scr:10,mev17_070.scr,10,70,シング,personagem,10,28,,,よーし、頑張ろうね、コハク！,,pendente,
mev17_070.scr:11,mev17_070.scr,11,71,コハク,personagem,11,18,,,うん！　頑張ろう！,,pendente,
mev17_070.scr:12,mev17_070.scr,12,62,アンジュ,personagem,12,24,,,ふふふ、みんな頼もしいな,,pendente,
mev17_070.scr:13,mev17_070.scr,13,62,アンジュ,personagem,13,40,,CRLF x1,このギルドを立ち上げて、\n本当に良かった,,pendente,
mev17_070.scr:14,mev17_070.scr,14,62,アンジュ,personagem,14,44,,CRLF x1,さてと、\n次に採取する植物の資料はまだかな？,,pendente,
mev17_070.scr:15,mev17_070.scr,15,19,ハロルド,personagem,15,36,,CRLF x1,ウィルが作成中よ。\nあと、ちょっとね,,pendente,
mev17_070.scr:16,mev17_070.scr,16,62,アンジュ,personagem,16,10,,,オッケーよ,,pendente,
mev17_070.scr:17,mev17_070.scr,17,62,アンジュ,personagem,17,38,,CRLF x1,それじゃ、○○、\n今回もご苦労様でした,,pendente,
mev17_080.scr:0,mev17_080.scr,0,86,カノンノ,personagem,0,48,,CRLF x1,ニアタの教えてくれた事、\nちゃんと力になってるよ,,pendente,
mev17_080.scr:1,mev17_080.scr,1,86,カノンノ,personagem,1,26,,,少しずつでも、進んでるもの,,pendente,
mev17_080.scr:2,mev17_080.scr,2,91,ニアタ,personagem,2,52,,CRLF x2,そうか…。\nやはり、アドリビトムは\nこうでなくてはな,,pendente,
mev17_080.scr:3,mev17_080.scr,3,86,カノンノ,personagem,5,6,,,うん？,,pendente,
mev17_080.scr:4,mev17_080.scr,4,86,カノンノ,personagem,6,36,,CRLF x1,「やはり」って、\nどういう意味なの？,,pendente,
mev17_080.scr:5,mev17_080.scr,5,91,ニアタ,personagem,7,52,,CRLF x1,ここではない別の世界にも、\nアドリビトムがあるのだよ,,pendente,
mev17_080.scr:6,mev17_080.scr,6,91,ニアタ,personagem,8,60,,CRLF x1,我々の本体は今、異世界グラニデにある\nバンエルティア号の中だ,,pendente,
mev17_080.scr:7,mev17_080.scr,7,86,カノンノ,personagem,9,58,,CRLF x1,ここではない世界に、\nバンエルティア号や、アドリビトムが？,,pendente,
mev17_080.scr:8,mev17_080.scr,8,91,ニアタ,personagem,10,78,,CRLF x2,我々の故郷パスカの因子を受け継ぐ\n世界グラニデ。\nそこに、ここの皆もいるんだよ,,pendente,
mev17_080.scr:9,mev17_080.scr,9,91,ニアタ,personagem,11,24,,,もちろん、カノンノもだ…,,pendente,
mev17_080.scr:10,mev17_080.scr,10,91,ニアタ,personagem,12,58,,CRLF x2,ああ。\nこの船も、この船のメンバーも\n異世界に存在している,,pendente,
mev17_080.scr:11,mev17_080.scr,11,91,ニアタ,personagem,13,80,,CRLF x2,だが、全く同じではない。\nどこかしら、違いはある。\nやはり、それぞれの別人の様だ,,pendente,
mev17_080.scr:12,mev17_080.scr,12,91,ニアタ,personagem,14,70,,CRLF x1,けれども、アドリビトムの志は一緒だ。\nそれは、世界を越えても変わらない,,pendente,
mev17_080.scr:13,mev17_080.scr,13,86,カノンノ,personagem,15,54,,CRLF x1,それはやっぱり、ルミナシアの様に\n世界樹がある所なの？,,pendente,
mev17_080.scr:14,mev17_080.scr,14,91,ニアタ,personagem,16,18,,,そうだよ、カノンノ,,pendente,
mev17_080.scr:15,mev17_080.scr,15,91,ニアタ,personagem,17,72,,CRLF x1,そなたや我々、アドリビトムの皆も、\n始めはどこか別々の世界にいたのだろう,,pendente,
mev17_080.scr:16,mev17_080.scr,16,91,ニアタ,personagem,18,72,,CRLF x1,世界樹の記憶と共に受け継がれながら出会い、\nまた受け継がれながら出会い…,,pendente,
mev17_080.scr:17,mev17_080.scr,17,91,ニアタ,personagem,19,68,,CRLF x1,それを繰り返して、一つの世界で\n出会う様になっていったのかもしれない,,pendente,
mev17_080.scr:18,mev17_080.scr,18,86,カノンノ,personagem,20,50,,CRLF x1,どんな世界なんだろう。\n私が始めに存在した世界は…,,pendente,
mev17_080.scr:19,mev17_080.scr,19,86,カノンノ,personagem,21,82,,CRLF x1,何の為に、世界は生まれていくんだろう。\n何の為に、記憶は受け継がれていくんだろう…,,pendente,
mev17_080.scr:20,mev17_080.scr,20,,(opcao do jogador),escolha,3,34,,,「やはり」という言葉の意味を尋ねる,,pendente,
mev17_080.scr:21,mev17_080.scr,21,,(opcao do jogador),escolha,4,10,,,黙っている,,pendente,
mev17_090.scr:0,mev17_090.scr,0,18,ナナリー,personagem,0,84,,CRLF x2,あんた達、聞いたかい？\n世界中でやってた戦争が、\n次々と終戦になってるそうじゃないか,,pendente,
mev17_090.scr:1,mev17_090.scr,1,35,マルタ,personagem,1,68,,CRLF x2,でも、その一方で\nジルディアのキバからの侵食が\n進んでいるんでしょ？,,pendente,
mev17_090.scr:2,mev17_090.scr,2,35,マルタ,personagem,2,56,,CRLF x1,戦争なんてしてる場合じゃないって、\nやっと気付いたんだよ,,pendente,
mev17_090.scr:3,mev17_090.scr,3,58,ルビア,personagem,3,76,,CRLF x2,皮肉よね。\n国を越えた危機が訪れない限り、\n人は争いを止められないのかしら？,,pendente,
mev17_090.scr:4,mev17_090.scr,4,54,ナタリア,personagem,4,72,,CRLF x2,そういう見方もありますわね。\nですが、他にも理由があるかも\nしれませんわ,,pendente,
mev17_090.scr:5,mev17_090.scr,5,54,ナタリア,personagem,5,66,,CRLF x2,そうですわね…例えば、\n人々が争う事に疲れ果ててしまった、\nとか…,,pendente,
mev17_090.scr:6,mev17_090.scr,6,58,ルビア,personagem,6,50,,CRLF x1,ナタリアも、そろそろライマに\n帰れるんじゃないの？,,pendente,
mev17_090.scr:7,mev17_090.scr,7,54,ナタリア,personagem,7,60,,CRLF x1,いいえ、その前に王族として、\n国民を守らなくてはなりませんわ,,pendente,
mev17_090.scr:8,mev17_090.scr,8,54,ナタリア,personagem,8,70,,CRLF x1,その為にも、最後までこのアドリビトムで\nお手伝いをさせて頂きたいのです,,pendente,
mev17_090.scr:9,mev17_090.scr,9,54,ナタリア,personagem,9,56,,CRLF x1,それに…世界を守った後、\n私には成すべき計画がありますの,,pendente,
mev17_090.scr:10,mev17_090.scr,10,58,ルビア,personagem,10,6,,,計画？,,pendente,
mev17_090.scr:11,mev17_090.scr,11,54,ナタリア,personagem,11,4,,,ええ,,pendente,
mev17_090.scr:12,mev17_090.scr,12,54,ナタリア,personagem,12,96,,CRLF x2,主権者による一方的な支配、統治ではなく、\n全ての人々に権利を与え、\n共に歩む世界を作る計画ですわ,,pendente,
mev17_090.scr:13,mev17_090.scr,13,54,ナタリア,personagem,13,76,,CRLF x1,今まで人々は、それぞれの自己意識は\nもちろんの事、国を愛する心を持っていて、,,pendente,
mev17_090.scr:14,mev17_090.scr,14,54,ナタリア,personagem,14,46,,CRLF x1,お互い簡単に譲れるものでは\nありませんでしたわ,,pendente,
mev17_090.scr:15,mev17_090.scr,15,54,ナタリア,personagem,15,106,,CRLF x2,ですが今、この危機を迎える事によって、\n人々は国や種族を越えて、意識を結び付ける\n事に気が付き始めています,,pendente,
mev17_090.scr:16,mev17_090.scr,16,54,ナタリア,personagem,16,70,,CRLF x1,私は、この意識があれば、国を越えて、\n世界を統合していけると思うのです,,pendente,
mev17_090.scr:17,mev17_090.scr,17,54,ナタリア,personagem,17,36,,,きっと、世界を変える事が出来ますわ！,,pendente,
mev17_090.scr:18,mev17_090.scr,18,35,マルタ,personagem,18,60,,CRLF x1,でも、競争とか、主張とか…。\n人間ってそういうものじゃない？,,pendente,
mev17_090.scr:19,mev17_090.scr,19,35,マルタ,personagem,19,28,,,簡単には行かないと思うけど…,,pendente,
mev17_090.scr:20,mev17_090.scr,20,54,ナタリア,personagem,20,84,,CRLF x2,競争も、広い視野で見れば、\nあり方が変わってくるはずですわ。\nオルタ・ビレッジの様に,,pendente,
mev17_090.scr:21,mev17_090.scr,21,54,ナタリア,personagem,21,52,,CRLF x1,意識が変われば、全く別のものに\nなっていくのでしょう,,pendente,
mev17_090.scr:22,mev17_090.scr,22,54,ナタリア,personagem,22,104,,CRLF x2,そうすれば、世界中の対立を、みんなが越えて、\n人々が結び付いていく様な方向に\nいくだろうと考えていますわ,,pendente,
mev17_090.scr:23,mev17_090.scr,23,54,ナタリア,personagem,23,82,,CRLF x1,そうすれば、資源も分かち合える様になり、\n新しい倫理を打ち立てる事も出来るでしょう,,pendente,
mev17_090.scr:24,mev17_090.scr,24,54,ナタリア,personagem,24,58,,CRLF x1,全てのものを全ての人が分かち合う\n文明は必ず生み出せますわ,,pendente,
mev17_090.scr:25,mev17_090.scr,25,18,ナナリー,personagem,25,60,,CRLF x2,政治的に統一されて、\n一つの国になるというんじゃ\nないんだね,,pendente,
mev17_090.scr:26,mev17_090.scr,26,54,ナタリア,personagem,26,70,,CRLF x2,はい。\nそれぞれの多様性を認め、\n文化的に結び付いていく、という事です,,pendente,
mev17_090.scr:27,mev17_090.scr,27,18,ナナリー,personagem,27,30,,CRLF x1,いいね。\nそういう世界になれば,,pendente,
mev17_090.scr:28,mev17_090.scr,28,18,ナナリー,personagem,28,36,,,ううん、そうしなくっちゃいけないんだ,,pendente,
mev17_090.scr:29,mev17_090.scr,29,54,ナタリア,personagem,29,34,,CRLF x1,はい。\nだから私は、帰れませんの♪,,pendente,
mev17_100.scr:0,mev17_100.scr,0,64,ユーリ,personagem,0,36,,CRLF x1,ウィルから、\nこいつを預かってきたぜ,,pendente,
mev17_100.scr:1,mev17_100.scr,1,62,アンジュ,personagem,1,24,,CRLF x1,次の資料ね。\nありがとう,,pendente,
mev17_100.scr:2,mev17_100.scr,2,64,ユーリ,personagem,2,18,,,…お前、大丈夫か？,,pendente,
mev17_100.scr:3,mev17_100.scr,3,62,アンジュ,personagem,3,36,,CRLF x1,大丈夫よ。\n無理してそうに見えるの？,,pendente,
mev17_100.scr:4,mev17_100.scr,4,64,ユーリ,personagem,4,40,,CRLF x1,張り切んのもいいが、\n一人で無理すんなよ,,pendente,
mev17_100.scr:5,mev17_100.scr,5,64,ユーリ,personagem,5,20,,,もっと皆を頼るんだな,,pendente,
mev17_100.scr:6,mev17_100.scr,6,62,アンジュ,personagem,6,16,,,ん…、そうするよ,,pendente,
mev17_100.scr:7,mev17_100.scr,7,62,アンジュ,personagem,7,66,,CRLF x2,さてと。\n新しい資料も出来た事だし、\n依頼を登録しておかなくっちゃ,,pendente,
mev18_010.scr:0,mev18_010.scr,0,62,アンジュ,personagem,0,20,,,この仕事を受けるのね,,pendente,
mev18_010.scr:1,mev18_010.scr,1,62,アンジュ,personagem,1,86,,CRLF x2,ハードな仕事は、みんなあなたが\n引き受けちゃうから、\n無理してないか心配になっちゃうな,,pendente,
mev18_010.scr:2,mev18_010.scr,2,62,アンジュ,personagem,4,66,,CRLF x1,ディセンダーは、恐れや不可能も\n無理も知らないってわけじゃないよね,,pendente,
mev18_010.scr:3,mev18_010.scr,3,62,アンジュ,personagem,5,56,,CRLF x1,ん、ちょっと心配だっただけ。\n無理をしてないなら、いいの,,pendente,
mev18_010.scr:4,mev18_010.scr,4,62,アンジュ,personagem,6,26,,CRLF x1,そう。\nだったら応援するよ,,pendente,
mev18_010.scr:5,mev18_010.scr,5,62,アンジュ,personagem,7,22,,,ちょっと、心配だけど…,,pendente,
mev18_010.scr:6,mev18_010.scr,6,62,アンジュ,personagem,8,44,,CRLF x1,じゃ、気持ちを切り替えて\n依頼の説明をするね,,pendente,
mev18_010.scr:7,mev18_010.scr,7,62,アンジュ,personagem,9,106,,CRLF x2,今回行ってもらうのは、カダイフ砂漠。\nそこに生きる「風来草」という植物の\nドクメントを採取してきて欲しいの,,pendente,
mev18_010.scr:8,mev18_010.scr,8,62,アンジュ,personagem,10,30,,,同行者は、スタン君とロニさんよ,,pendente,
mev18_010.scr:9,mev18_010.scr,9,62,アンジュ,personagem,11,36,,,それじゃ、気を付けて行ってらっしゃい,,pendente,
mev18_010.scr:10,mev18_010.scr,10,,(opcao do jogador),escolha,2,24,,,無理はしていない、と言う,,pendente,
mev18_010.scr:11,mev18_010.scr,11,,(opcao do jogador),escolha,3,32,,,やりたい事をやってるだけ、と言う,,pendente,
mev18_020.scr:0,mev18_020.scr,0,6,スタン,personagem,1,46,,CRLF x2,あっ！\nあの転がってるのが\n風来草じゃないか？,,pendente,
mev18_020.scr:1,mev18_020.scr,1,6,スタン,personagem,2,54,,CRLF x1,こんな所で見つけられるなんて、\n意外と楽な仕事だったな,,pendente,
mev18_020.scr:2,mev18_020.scr,2,16,ロニ,personagem,3,80,,CRLF x2,スタンさん。\n必ず地面から生えている状態の奴しか\nダメって資料に書いてありますよ,,pendente,
mev18_020.scr:3,mev18_020.scr,3,6,スタン,personagem,4,44,,CRLF x1,何だ…。\n結局、奥まで行かなきゃなんないのか,,pendente,
mev18_020.scr:4,mev18_020.scr,4,6,スタン,personagem,5,34,,,転がっていたのは、枯れた奴なのかな,,pendente,
mev18_020.scr:5,mev18_020.scr,5,16,ロニ,personagem,6,82,,CRLF x2,成長したら、あんな風に茎から切り離して\n転がりながら種を撒くって\n書いてありました,,pendente,
mev18_020.scr:6,mev18_020.scr,6,6,スタン,personagem,7,50,,CRLF x1,ふーん、あれもツリガネトンボ草の\n進化種なんだよな,,pendente,
mev18_020.scr:7,mev18_020.scr,7,16,ロニ,personagem,8,12,,,………………,,pendente,
mev18_020.scr:8,mev18_020.scr,8,16,ロニ,personagem,9,94,,CRLF x2,（この世界のスタンさんは、\n　まだ英雄になっていない…。\n　少なくとも、そうは呼ばれていない）,,pendente,
mev18_020.scr:9,mev18_020.scr,9,16,ロニ,personagem,10,80,,CRLF x2,（俺の世界では…、\n　英雄として名を残した事が原因で、\n　バルバトスに狙われた）,,pendente,
mev18_020.scr:10,mev18_020.scr,10,16,ロニ,personagem,11,56,,CRLF x1,（そして、今バルバトスもこの世界に\n　飛ばされている…）,,pendente,
mev18_020.scr:11,mev18_020.scr,11,16,ロニ,personagem,12,86,,CRLF x2,（もし、スタンさんが英雄と呼ばれる様に\n　なったら…？\n　バルバトスに襲われるのか…）,,pendente,
mev18_020.scr:12,mev18_020.scr,12,16,ロニ,personagem,13,96,,CRLF x2,（そして、スタンさんやルーティさんに\n　何かあったら、この世界にカイルは\n　生まれないのか…？）,,pendente,
mev18_020.scr:13,mev18_020.scr,13,6,スタン,personagem,14,38,,CRLF x1,どうしたんだ、ロニ。\n腹でも痛いのか？,,pendente,
mev18_020.scr:14,mev18_020.scr,14,16,ロニ,personagem,15,8,,,えっ…、,,pendente,
mev18_020.scr:15,mev18_020.scr,15,16,ロニ,personagem,16,66,,CRLF x1,えええええ、いやいやいやいやいや。\n何にも、どこもございませんっ！,,pendente,
mev18_020.scr:16,mev18_020.scr,16,16,ロニ,personagem,17,94,,CRLF x2,さーあ、風来草を探しに行きましょう。\nスタンさん、ここは俺が守りますから\n長生きして下さいよ！,,pendente,
mev18_020.scr:17,mev18_020.scr,17,6,スタン,personagem,18,74,,CRLF x2,ええっ？\n俺、ロニより年下なのに\n何でそんな心配されなきゃなんないんだよ！,,pendente,
mev18_025.scr:0,mev18_025.scr,0,16,ロニ,personagem,1,66,,CRLF x1,こっちの道って行けねぇのかな？\nなーんか、この先が気になるんだよな,,pendente,
mev18_025.scr:1,mev18_025.scr,1,6,スタン,personagem,2,56,,CRLF x2,無理だよ。\nこんな大きな岩、\nそう簡単に動かせるわけが…,,pendente,
mev18_025.scr:2,mev18_025.scr,2,6,スタン,personagem,3,8,,,動いた…,,pendente,
mev18_025.scr:3,mev18_025.scr,3,16,ロニ,personagem,4,42,,CRLF x1,（もしや英雄の力か…？\n　ま、まさか、な）,,pendente,
mev18_025.scr:4,mev18_025.scr,4,16,ロニ,personagem,5,36,,CRLF x1,スタンさんっ、すげえ！\nすげえよ！！,,pendente,
mev18_025.scr:5,mev18_025.scr,5,6,スタン,personagem,6,8,,,え、あ？,,pendente,
mev18_025.scr:6,mev18_025.scr,6,6,スタン,personagem,7,36,,CRLF x1,いや、今のはたまたまだよ。\nたまたま,,pendente,
mev18_025.scr:7,mev18_025.scr,7,16,ロニ,personagem,8,60,,CRLF x1,よっし、向こうへの道も開けたし\n早速こっちへ行くとしようか！,,pendente,
mev18_030.scr:0,mev18_030.scr,0,203,(narracao),narracao,1,14,,,一方　その頃…,,pendente,
mev18_030.scr:1,mev18_030.scr,1,95,ラザリス,personagem,2,22,,,ヒトの争いの火が消えた,,pendente,
mev18_030.scr:2,mev18_030.scr,2,95,ラザリス,personagem,3,60,,CRLF x2,そうか…。\nこの世界のヒトにとって、\n敵が僕に代わったんだね,,pendente,
mev18_030.scr:3,mev18_030.scr,3,95,ラザリス,personagem,4,12,,,苦しいかい…,,pendente,
mev18_030.scr:4,mev18_030.scr,4,95,ラザリス,personagem,5,50,,CRLF x1,僕の世界とルミナシアは、\n土壌も大気も理が違うんだ,,pendente,
mev18_030.scr:5,mev18_030.scr,5,95,ラザリス,personagem,6,62,,CRLF x1,早く、君達が生きていける様に、\nこの世界の理を塗り替えてあげる,,pendente,
mev18_030.scr:6,mev18_030.scr,6,95,ラザリス,personagem,7,14,,,生きたいよね…,,pendente,
mev18_035.scr:0,mev18_035.scr,0,16,ロニ,personagem,0,68,,CRLF x1,スタンさん…、とルーティさんは、\nなぜアドリビトムへ入ったんですか？,,pendente,
mev18_035.scr:1,mev18_035.scr,1,6,スタン,personagem,1,62,,CRLF x1,フィリアが世界中の人を手助けする\n仕事があるって教えてくれてさ,,pendente,
mev18_035.scr:2,mev18_035.scr,2,6,スタン,personagem,2,62,,CRLF x1,それで、俺達も手伝おうって\nルーティとアドリビトムへ入ったんだ,,pendente,
mev18_035.scr:3,mev18_035.scr,3,16,ロニ,personagem,3,42,,,（英雄の一人である、フィリアさんからか…）,,pendente,
mev18_035.scr:4,mev18_035.scr,4,16,ロニ,personagem,4,64,,CRLF x1,（けど、フィリアさんもまだ、\n　この世界では英雄になってないな）,,pendente,
mev18_035.scr:5,mev18_035.scr,5,6,スタン,personagem,5,66,,CRLF x1,戦争で親を失った子ども達の為に、\n俺がしてあげられる事をしたいんだ,,pendente,
mev18_035.scr:6,mev18_035.scr,6,6,スタン,personagem,6,50,,CRLF x1,その為の資金も稼がなきゃって、\nルーティが言うしさ,,pendente,
mev18_035.scr:7,mev18_035.scr,7,16,ロニ,personagem,7,6,,,………,,pendente,
mev18_035.scr:8,mev18_035.scr,8,16,ロニ,personagem,8,58,,CRLF x1,ええと、孤児院とかですよね…。\n…その、孤児院の…名前は？,,pendente,
mev18_035.scr:9,mev18_035.scr,9,6,スタン,personagem,9,32,,,はは、そこまではまだ決めてないよ,,pendente,
mev18_035.scr:10,mev18_035.scr,10,6,スタン,personagem,10,92,,CRLF x2,ただ俺は、困ってる人を助けて、\n子ども達が、明るく元気に育って\nいってくれたらなって思うんだ,,pendente,
mev18_035.scr:11,mev18_035.scr,11,16,ロニ,personagem,11,62,,CRLF x2,…カイルのヤツも、\n困ってる人を放って置けない\n性分なんだよな,,pendente,
mev18_035.scr:12,mev18_035.scr,12,6,スタン,personagem,12,30,,CRLF x1,うん。\nカイルは、優しい子だよ,,pendente,
mev18_035.scr:13,mev18_035.scr,13,6,スタン,personagem,13,50,,CRLF x1,あんな風に、子どもがまっすぐ育つ\n場所にしたいよな,,pendente,
mev18_035.scr:14,mev18_035.scr,14,16,ロニ,personagem,14,38,,CRLF x1,はい！\nスタンさんならきっと出来ます！,,pendente,
mev18_040.scr:0,mev18_040.scr,0,6,スタン,personagem,0,22,,,ここは、割と緑があるな,,pendente,
mev18_040.scr:1,mev18_040.scr,1,16,ロニ,personagem,1,36,,CRLF x1,はて？\nこの先に水場があったっけな？,,pendente,
mev18_040.scr:2,mev18_040.scr,2,16,ロニ,personagem,2,28,,,それとも地下水でもあるとか…,,pendente,
mev18_040.scr:3,mev18_040.scr,3,6,スタン,personagem,3,46,,CRLF x1,じゃあ、風来草も\nこの先にあるかもしれないな！,,pendente,
mev18_040.scr:4,mev18_040.scr,4,6,スタン,personagem,4,50,,CRLF x1,けど、この先に何かあるのかな？\nニオイ、じゃないな,,pendente,
mev18_040.scr:5,mev18_040.scr,5,6,スタン,personagem,5,22,,,妙な空気を感じないか？,,pendente,
mev18_040.scr:6,mev18_040.scr,6,16,ロニ,personagem,6,46,,CRLF x1,この先、ヤバイのでも\n待ち構えていそうですね…,,pendente,
mev18_040.scr:7,mev18_040.scr,7,16,ロニ,personagem,7,62,,CRLF x2,じゃあ、スタンさん、\nあとは俺と○○で行くので\n待ってて下さい,,pendente,
mev18_040.scr:8,mev18_040.scr,8,6,スタン,personagem,8,20,,CRLF x1,えっ！\nな、何でだよ,,pendente,
mev18_040.scr:9,mev18_040.scr,9,16,ロニ,personagem,9,38,,CRLF x1,危ない目に遭ってもらっては\n困るんです,,pendente,
mev18_040.scr:10,mev18_040.scr,10,16,ロニ,personagem,10,14,,,頼みます…！！,,pendente,
mev18_040.scr:11,mev18_040.scr,11,6,スタン,personagem,11,24,,,それは、みんな同じだろ？,,pendente,
mev18_040.scr:12,mev18_040.scr,12,6,スタン,personagem,12,70,,CRLF x1,仕事を無事に終わらせる為に、\nこの三人で行けって言われてるんじゃないか,,pendente,
mev18_040.scr:13,mev18_040.scr,13,16,ロニ,personagem,13,60,,CRLF x1,あなたには…、スタンさんには\n英雄になってもらいたいからです,,pendente,
mev18_040.scr:14,mev18_040.scr,14,6,スタン,personagem,14,22,,CRLF x1,え、英雄……？\n俺が？,,pendente,
mev18_040.scr:15,mev18_040.scr,15,16,ロニ,personagem,15,52,,CRLF x1,（いけね…！\n　未来の事を話すのはダメだったんだ！）,,pendente,
mev18_040.scr:16,mev18_040.scr,16,16,ロニ,personagem,16,64,,CRLF x1,と、とにかく長生きして、結婚して、\n子どもも欲しいでしょうし…！,,pendente,
mev18_040.scr:17,mev18_040.scr,17,6,スタン,personagem,17,30,,,そ、そんな先の事は考えてないよ,,pendente,
mev18_040.scr:18,mev18_040.scr,18,16,ロニ,personagem,18,46,,CRLF x1,いやっ…！！\nそこはもう考えていただかないと！,,pendente,
mev18_040.scr:19,mev18_040.scr,19,16,ロニ,personagem,19,32,,,とにかく、ここで待ってて下さい！,,pendente,
mev18_040.scr:20,mev18_040.scr,20,6,スタン,personagem,20,50,,CRLF x1,ロニが何を心配してくれてるのか\nわからないけどさ…,,pendente,
mev18_040.scr:21,mev18_040.scr,21,6,スタン,personagem,21,70,,CRLF x1,英雄にならなきゃいけないのなら、\n危機に立ち向かっていく力が必要だろ？,,pendente,
mev18_040.scr:22,mev18_040.scr,22,16,ロニ,personagem,22,10,,,う…………,,pendente,
mev18_040.scr:23,mev18_040.scr,23,16,ロニ,personagem,23,16,,,そ、…そうだな…,,pendente,
mev18_040.scr:24,mev18_040.scr,24,6,スタン,personagem,24,58,,CRLF x1,俺は英雄になる為に、\nこの仕事をしてるわけじゃないけどさ…,,pendente,
mev18_040.scr:25,mev18_040.scr,25,16,ロニ,personagem,25,58,,CRLF x1,よっし、わかりました！\nだったら、徹底してお助けします！！,,pendente,
mev18_040.scr:26,mev18_040.scr,26,6,スタン,personagem,26,44,,CRLF x1,ハハ…、よくわかんないけど、\nよろしく頼むよ,,pendente,
mev18_050.scr:0,mev18_050.scr,0,6,スタン,personagem,0,6,,,…ッ！,,pendente,
mev18_050.scr:1,mev18_050.scr,1,6,スタン,personagem,1,28,,CRLF x1,何だ、ここ…は。\n目が痛む…,,pendente,
mev18_050.scr:2,mev18_050.scr,2,16,ロニ,personagem,2,14,,,喉にも刺激が…,,pendente,
mev18_050.scr:3,mev18_050.scr,3,16,ロニ,personagem,3,28,,CRLF x1,ん？\n向こうに何かいるぞ！？,,pendente,
mev18_060.scr:0,mev18_060.scr,0,95,ラザリス,personagem,1,42,,CRLF x1,ディセンダー…。\n招かざる客が来てくれたね,,pendente,
mev18_060.scr:1,mev18_060.scr,1,16,ロニ,personagem,2,54,,CRLF x1,ここの空気は、どうしちまってんだ？\nさっきより、ひでぇ,,pendente,
mev18_060.scr:2,mev18_060.scr,2,95,ラザリス,personagem,3,66,,CRLF x1,ここの空気は僕の世界のもの。\n君達ルミナシアの民が居る場所じゃない,,pendente,
mev18_060.scr:3,mev18_060.scr,3,95,ラザリス,personagem,4,32,,,あまりここに居ると、命に関わるよ,,pendente,
mev18_060.scr:4,mev18_060.scr,4,6,スタン,personagem,5,40,,CRLF x1,ラザリス…。\nここはお前が侵食したのか？,,pendente,
mev18_060.scr:5,mev18_060.scr,5,95,ラザリス,personagem,6,52,,CRLF x1,そうだよ。\n僕の世界の住人に、快適な環境が必要なんだ,,pendente,
mev18_060.scr:6,mev18_060.scr,6,6,スタン,personagem,7,26,,,まさか、そこにいる生物は…,,pendente,
mev18_060.scr:7,mev18_060.scr,7,95,ラザリス,personagem,8,72,,CRLF x2,僕が生み出した。\n君達の世界にとって変わる新しい世界、\nジルディアの民だ,,pendente,
mev18_060.scr:8,mev18_060.scr,8,95,ラザリス,personagem,9,68,,CRLF x1,手前の彼は、元は君達の世界のヒトだった。\nでも、今は僕の世界の住人さ,,pendente,
mev18_060.scr:9,mev18_060.scr,9,16,ロニ,personagem,10,12,,,何…だと！？,,pendente,
mev18_060.scr:10,mev18_060.scr,10,16,ロニ,personagem,11,60,,CRLF x2,元に戻しやがれ！！\nこの世界をお前なんかに\n渡してたまるか！,,pendente,
mev18_060.scr:11,mev18_060.scr,11,16,ロニ,personagem,12,40,,CRLF x1,おい、○○！\nお前の力で戻せるんだろう？,,pendente,
mev18_060.scr:12,mev18_060.scr,12,16,ロニ,personagem,13,30,,,ヒトの姿に戻してやってくれ！！,,pendente,
mev18_060.scr:13,mev18_060.scr,13,6,スタン,personagem,14,30,,CRLF x1,拒んでるのか？\nどうしてだよ…,,pendente,
mev18_060.scr:14,mev18_060.scr,14,95,ラザリス,personagem,15,50,,CRLF x1,何も知らないくせに、\nとんでもないエゴを吐くんだね,,pendente,
mev18_060.scr:15,mev18_060.scr,15,95,ラザリス,personagem,16,34,,,彼が、僕と共に生きたいと願ったんだ,,pendente,
mev18_060.scr:16,mev18_060.scr,16,16,ロニ,personagem,17,8,,,何だと…,,pendente,
mev18_060.scr:17,mev18_060.scr,17,95,ラザリス,personagem,18,92,,CRLF x2,君達の世界では、ヒトがヒトを見捨てている。\n国が民衆を、親が子を、友が友を、\n隣人が隣人を…,,pendente,
mev18_060.scr:18,mev18_060.scr,18,95,ラザリス,personagem,19,64,,CRLF x1,ここにいるヒトだった者は、\n君達ルミナシアの民が見捨てたんだ！！,,pendente,
mev18_060.scr:19,mev18_060.scr,19,95,ラザリス,personagem,20,84,,CRLF x2,君達に返して、どうするのさ…。\n彼らに豊かさと、恐れのない未来を\n約束出来るのか！！,,pendente,
mev18_060.scr:20,mev18_060.scr,20,95,ラザリス,personagem,23,82,,CRLF x2,こんなに大地が疲弊するまで、\n自らのエゴの為に戦い、\n生き物を殺し、奪い、捨てて！,,pendente,
mev18_060.scr:21,mev18_060.scr,21,6,スタン,personagem,24,68,,CRLF x2,ラザリス。\n生命の場はお前が手にしたところで、\n扱えるものじゃない！,,pendente,
mev18_060.scr:22,mev18_060.scr,22,6,スタン,personagem,25,96,,CRLF x2,精霊がそう言ってたんだ。\n生命の場を扱う事で、この世界も\nお前の世界も滅びるかもしれないんだぞ！,,pendente,
mev18_060.scr:23,mev18_060.scr,23,95,ラザリス,personagem,26,54,,CRLF x1,じゃあ、諦めろって言うのか！\n僕に、このまま死ねと！！,,pendente,
mev18_060.scr:24,mev18_060.scr,24,95,ラザリス,personagem,27,76,,CRLF x2,生まれてしまった僕には、\n死ぬ運命しか残っていないと。\nそう言いたいんだね？,,pendente,
mev18_060.scr:25,mev18_060.scr,25,95,ラザリス,personagem,28,44,,CRLF x1,じゃあ、こっちも死ぬ気で奪うよ。\n生命の場を,,pendente,
mev18_060.scr:26,mev18_060.scr,26,95,ラザリス,personagem,29,68,,CRLF x2,死ぬかどうかなんて、\n僕にはどうでもいい。\n僕はやり尽くす事を選ぶ！,,pendente,
mev18_060.scr:27,mev18_060.scr,27,95,ラザリス,personagem,30,22,,,生命の場は、僕のものだ,,pendente,
mev18_060.scr:28,mev18_060.scr,28,95,ラザリス,personagem,31,72,,CRLF x2,ディセンダー、君もね。\n僕と、僕の世界を守るディセンダーに\nなってくれよ,,pendente,
mev18_060.scr:29,mev18_060.scr,29,95,ラザリス,personagem,32,22,,,来ないかい、僕と一緒に,,pendente,
mev18_060.scr:30,mev18_060.scr,30,95,ラザリス,personagem,33,66,,CRLF x1,僕を消した所で、ルミナシアの世界の住人は\nまた争いを始めるんだよ？,,pendente,
mev18_060.scr:31,mev18_060.scr,31,95,ラザリス,personagem,34,20,,,わかりきってる事さ…,,pendente,
mev18_060.scr:32,mev18_060.scr,32,95,ラザリス,personagem,35,10,,,そうかい…,,pendente,
mev18_060.scr:33,mev18_060.scr,33,95,ラザリス,personagem,36,32,,CRLF x1,でも、もう遅いよ…。\nバカだな…,,pendente,
mev18_060.scr:34,mev18_060.scr,34,16,ロニ,personagem,37,20,,,何だ、この地震は！！,,pendente,
mev18_060.scr:35,mev18_060.scr,35,6,スタン,personagem,38,20,,,どうしたんだ、○○！,,pendente,
mev18_060.scr:36,mev18_060.scr,36,,(opcao do jogador),escolha,21,12,,,言葉に詰まる,,pendente,
mev18_060.scr:37,mev18_060.scr,37,,(opcao do jogador),escolha,22,8,,,うつむく,,pendente,
mev18_065.scr:0,mev18_065.scr,0,16,ロニ,personagem,0,16,,,あれは、風来草…,,pendente,
mev18_065.scr:1,mev18_065.scr,1,16,ロニ,personagem,1,12,,,○○、お前…,,pendente,
mev18_065.scr:2,mev18_065.scr,2,16,ロニ,personagem,2,58,,CRLF x1,今ので、ひどく力を使ったんじゃないか？\n大丈夫なのかよ！？,,pendente,
mev18_065.scr:3,mev18_065.scr,3,6,スタン,personagem,5,48,,CRLF x1,俺も、ラザリスの気持ちは、\nわからないでもないよ,,pendente,
mev18_065.scr:4,mev18_065.scr,4,6,スタン,personagem,6,68,,CRLF x1,でも、世界の全ての人を救えるかなんて、\nここで思い悩んでも仕方ないさ,,pendente,
mev18_065.scr:5,mev18_065.scr,5,6,スタン,personagem,7,30,,,俺達は、俺達がすべき事をしよう,,pendente,
mev18_065.scr:6,mev18_065.scr,6,16,ロニ,personagem,8,38,,CRLF x2,スタンさん。\n○○を\n休ませなければ…,,pendente,
mev18_065.scr:7,mev18_065.scr,7,16,ロニ,personagem,9,52,,CRLF x1,早く風来草のドクメントを採取して、\n船へ戻りましょう,,pendente,
mev18_065.scr:8,mev18_065.scr,8,6,スタン,personagem,10,4,,,ああ,,pendente,
mev18_065.scr:9,mev18_065.scr,9,,(opcao do jogador),escolha,3,14,,,大丈夫だと返す,,pendente,
mev18_065.scr:10,mev18_065.scr,10,,(opcao do jogador),escolha,4,10,,,黙っている,,pendente,
mev18_070.scr:0,mev18_070.scr,0,62,アンジュ,personagem,0,68,,CRLF x1,戻ってすぐなのに、悪い知らせよ。\nジルディアのキバが、また増えたの…,,pendente,
mev18_070.scr:1,mev18_070.scr,1,90,ロックス,personagem,1,84,,CRLF x1,ちょうど甲板で洗濯物を取り込んでいる時に、\n大地が震えている様子が見えたと思ったら…,,pendente,
mev18_070.scr:2,mev18_070.scr,2,90,ロックス,personagem,2,28,,,あのキバが二本、現れたんです,,pendente,
mev18_070.scr:3,mev18_070.scr,3,16,ロニ,personagem,3,34,,,さっきの地震は、そのせいだったのか,,pendente,
mev18_070.scr:4,mev18_070.scr,4,6,スタン,personagem,4,58,,CRLF x2,急がないと、\n侵食の速度はさらにスピードを\n上げるだろうな,,pendente,
mev18_070.scr:5,mev18_070.scr,5,6,スタン,personagem,5,24,,,どうにか出来ないのかな…,,pendente,
mev18_070.scr:6,mev18_070.scr,6,62,アンジュ,personagem,6,52,,CRLF x1,ディセンダーの能力でも、\nあのキバを消す事は出来ない,,pendente,
mev18_070.scr:7,mev18_070.scr,7,62,アンジュ,personagem,7,90,,CRLF x2,だったらもう、ラザリスを封印する事だけに\n集中していた方が、時間の無駄にはならない\nでしょ,,pendente,
mev18_070.scr:8,mev18_070.scr,8,6,スタン,personagem,8,10,,,そうだな…,,pendente,
mev18_070.scr:9,mev18_070.scr,9,62,アンジュ,personagem,9,102,,CRLF x2,でもね、今回の風来草でやっと、ツリガネ\nトンボ草のドクメントを構築出来るのよ。\n他は全て手に入ったから,,pendente,
mev18_070.scr:10,mev18_070.scr,10,62,アンジュ,personagem,10,58,,CRLF x1,残りはウズマキフスベだけだけど。\nそろそろ採取シーズンよね,,pendente,
mev18_070.scr:11,mev18_070.scr,11,16,ロニ,personagem,11,54,,CRLF x1,運良く絶滅を逃れていたものがありゃあ\nいいんだけどな…,,pendente,
mev18_070.scr:12,mev18_070.scr,12,62,アンジュ,personagem,12,26,,,それじゃあ、今回はご苦労様,,pendente,
mev18_070.scr:13,mev18_070.scr,13,62,アンジュ,personagem,13,52,,CRLF x1,採取した風来草のドクメントは\n研究室へ持って行ってね,,pendente,
mev18_080.scr:0,mev18_080.scr,0,67,リタ,personagem,0,58,,CRLF x1,さーて、これでツリガネトンボ草の\nドクメントを構築出来るわ,,pendente,
mev18_080.scr:1,mev18_080.scr,1,2,ミント,personagem,1,30,,CRLF x1,風来草…。\n不思議な植物ですね,,pendente,
mev18_080.scr:2,mev18_080.scr,2,2,ミント,personagem,2,86,,CRLF x2,ツリガネトンボ草の時と比べて、\n羽を退化させて、株ごと転がる事で、\n種子を蒔くなんて…,,pendente,
mev18_080.scr:3,mev18_080.scr,3,45,ウィル,personagem,3,102,,CRLF x2,根は水を溜め込む為に\n地下八メートルを超える程伸びるらしい。\nだから、この植物の近くは緑が増えるそうだ,,pendente,
mev18_080.scr:4,mev18_080.scr,4,2,ミント,personagem,4,36,,,根が伸びる事で、緑が増えるのですか？,,pendente,
mev18_080.scr:5,mev18_080.scr,5,45,ウィル,personagem,5,92,,CRLF x2,植物の根は水を吸収するだけではなく、\n放出もする。\nそうやって、他の植物に水を分け与えるんだ,,pendente,
mev18_080.scr:6,mev18_080.scr,6,2,ミント,personagem,6,96,,CRLF x2,世界樹のマナと同じですね。\n取り込みもするし、放出もする。\nそうやってマナは循環していきますから,,pendente,
mev18_080.scr:7,mev18_080.scr,7,45,ウィル,personagem,7,52,,CRLF x1,風来草は、砂漠の他の植物達には\nなくてはならないもの,,pendente,
mev18_080.scr:8,mev18_080.scr,8,45,ウィル,personagem,8,44,,CRLF x1,砂漠の生き物と、\n調和する為に進化したのだな,,pendente,
mev18_080.scr:9,mev18_080.scr,9,45,ウィル,personagem,9,46,,CRLF x1,これらの生物は、単体で生きている\nわけではない,,pendente,
mev18_080.scr:10,mev18_080.scr,10,45,ウィル,personagem,10,52,,CRLF x1,周りの自然の中で、「生かされている」\n生き物なわけだ,,pendente,
mev18_080.scr:11,mev18_080.scr,11,2,ミント,personagem,11,82,,CRLF x2,ヒトもそうですね。\nでも、ヒトはその事を忘れ、\n自分独りで生きていると思っています,,pendente,
mev18_080.scr:12,mev18_080.scr,12,2,ミント,personagem,12,94,,CRLF x2,人間の大きな過ちとは、\nお互いを全く意識せずにそれぞれの人生を\n生きていると思いこんでいる事…,,pendente,
mev18_080.scr:13,mev18_080.scr,13,2,ミント,personagem,13,76,,CRLF x2,自然の在り方の様に、\n調和していける事を知らず、\n心の飢餓に苦しんでいます…,,pendente,
mev18_080.scr:14,mev18_080.scr,14,45,ウィル,personagem,14,84,,CRLF x2,ヒトだけの間ではない。\nその教えに気付かせてくれる自然との繋がりも\n切り離されている,,pendente,
mev18_080.scr:15,mev18_080.scr,15,45,ウィル,personagem,15,58,,CRLF x1,挙句、ヒトは最高の教師である自然を\n壊しているのだからな…,,pendente,
mev18_090.scr:0,mev18_090.scr,0,91,ニアタ,personagem,0,68,,CRLF x2,この世界にあるもう一つの世界、\nジルディア。\nラザリスの世界の理か…,,pendente,
mev18_090.scr:1,mev18_090.scr,1,86,カノンノ,personagem,1,18,,,何か、気になるの？,,pendente,
mev18_090.scr:2,mev18_090.scr,2,91,ニアタ,personagem,2,6,,,ああ…,,pendente,
mev18_090.scr:3,mev18_090.scr,3,91,ニアタ,personagem,3,86,,CRLF x2,当時のルミナシアの世界樹が、\nラザリスの世界を取り込んだ時の異変は\n本当に凄まじかった,,pendente,
mev18_090.scr:4,mev18_090.scr,4,91,ニアタ,personagem,4,94,,CRLF x2,何と形容していいかわからぬ。\nこの世界がめくり返る様な…、\n互いの情報がねじれかえる程の異変だ,,pendente,
mev18_090.scr:5,mev18_090.scr,5,91,ニアタ,personagem,5,76,,CRLF x1,まず、あのまま封印出来ていなければ、\n世界としての存在はありえなかっただろう,,pendente,
mev18_090.scr:6,mev18_090.scr,6,86,カノンノ,personagem,6,10,,,そんなに…,,pendente,
mev18_090.scr:7,mev18_090.scr,7,91,ニアタ,personagem,7,66,,CRLF x1,本来なら、封印が解けた時点で、\n当時の異変がそのまま起きていたはず,,pendente,
mev18_090.scr:8,mev18_090.scr,8,91,ニアタ,personagem,8,36,,,だが、…そこまでの異変は起きていない,,pendente,
mev18_090.scr:9,mev18_090.scr,9,91,ニアタ,personagem,9,76,,CRLF x2,ルミナシアの世界樹が当時に比べ、\n安定を保つ様になったからか…。\nそれとも…,,pendente,
mev18_090.scr:10,mev18_090.scr,10,91,ニアタ,personagem,10,16,,,……………………,,pendente,
mev18_090.scr:11,mev18_090.scr,11,91,ニアタ,personagem,11,104,,CRLF x2,何にせよ、ルミナシアの世界樹は\nラザリスの世界ジルディアを取り込んだ。\nその真意は、…一体何なのだろうな,,pendente,
mev18_090.scr:12,mev18_090.scr,12,86,カノンノ,personagem,14,64,,CRLF x2,うん。\n取り込まなければ、\nラザリスの世界はそのまま滅んでいた…,,pendente,
mev18_090.scr:13,mev18_090.scr,13,86,カノンノ,personagem,15,16,,,私も知りたいな…,,pendente,
mev18_090.scr:14,mev18_090.scr,14,86,カノンノ,personagem,16,110,,CRLF x2,もし、本当に私の中に、世界を越えて\n受け継がれた記憶の証明としての過去が\nあるのなら…そのドクメントがあるはず,,pendente,
mev18_090.scr:15,mev18_090.scr,15,86,カノンノ,personagem,17,28,,,それを見る事が出来ればなぁ…,,pendente,
mev18_090.scr:16,mev18_090.scr,16,91,ニアタ,personagem,18,52,,CRLF x1,個体のドクメントをあまり深く\n掘り下げると命に関わる,,pendente,
mev18_090.scr:17,mev18_090.scr,17,86,カノンノ,personagem,19,6,,,うん…,,pendente,
mev18_090.scr:18,mev18_090.scr,18,90,ロックス,personagem,20,28,,,皆さ〜ん、おやつですよ〜！！,,pendente,
mev18_090.scr:19,mev18_090.scr,19,86,カノンノ,personagem,21,18,,,○○、おやつだって,,pendente,
mev18_090.scr:20,mev18_090.scr,20,86,カノンノ,personagem,22,38,,CRLF x1,一緒に食堂へ行こう！\nお手伝いしなきゃ,,pendente,
mev18_090.scr:21,mev18_090.scr,21,,(opcao do jogador),escolha,12,36,,,自分も世界樹の真意が知りたい、と言う,,pendente,
mev18_090.scr:22,mev18_090.scr,22,,(opcao do jogador),escolha,13,10,,,黙っている,,pendente,
mev18_100.scr:0,mev18_100.scr,0,86,カノンノ,personagem,0,40,,CRLF x1,ロックス。\nケーキ、みんなに配り終えたよ,,pendente,
mev18_100.scr:1,mev18_100.scr,1,90,ロックス,personagem,1,38,,CRLF x1,はい。\nお手伝い、ありがとうございます,,pendente,
mev18_100.scr:2,mev18_100.scr,2,86,カノンノ,personagem,2,38,,CRLF x1,今日のケーキは、\nバナナケーキなんだね,,pendente,
mev18_100.scr:3,mev18_100.scr,3,86,カノンノ,personagem,3,36,,,これ、お母さんが得意だったんだよね…,,pendente,
mev18_100.scr:4,mev18_100.scr,4,90,ロックス,personagem,4,100,,CRLF x2,ええ、奥様…あなたのお母様に教わりました。\n旦那様は、これにコニャックをきかせたのが\n好きでしたよ…,,pendente,
mev18_100.scr:5,mev18_100.scr,5,90,ロックス,personagem,5,52,,CRLF x1,いつか、お嬢様に作り方を\nお教えしないといけませんね,,pendente,
mev18_100.scr:6,mev18_100.scr,6,86,カノンノ,personagem,6,28,,CRLF x1,うん。\nありがとう、ロックス,,pendente,
mev18_100.scr:7,mev18_100.scr,7,86,カノンノ,personagem,7,100,,CRLF x2,お父さんとお母さんにはもう会えないけど…、\n二人の思い出の味を、ロックスが守ってきて\nくれたんだね…,,pendente,
mev18_100.scr:8,mev18_100.scr,8,86,カノンノ,personagem,8,50,,CRLF x1,お父さんとお母さん、どんな顔して\n食べてたんだろう,,pendente,
mev18_100.scr:9,mev18_100.scr,9,90,ロックス,personagem,9,12,,,………お嬢様,,pendente,
mev18_100.scr:10,mev18_100.scr,10,90,ロックス,personagem,10,46,,CRLF x1,旦那様と奥様のお顔は…、\n覚えていたんですか？,,pendente,
mev18_100.scr:11,mev18_100.scr,11,86,カノンノ,personagem,11,62,,CRLF x2,ううん？\n亡くなったのは、\n私がホントに赤ちゃんの時でしょう？,,pendente,
mev18_100.scr:12,mev18_100.scr,12,90,ロックス,personagem,12,42,,CRLF x1,お嬢様に言うべきか、\n迷っていたのですが…,,pendente,
mev18_100.scr:13,mev18_100.scr,13,86,カノンノ,personagem,14,14,,,私が描いた絵？,,pendente,
mev18_100.scr:14,mev18_100.scr,14,90,ロックス,personagem,15,52,,CRLF x2,そう。\nそしてこれは…、\n旦那様と奥様のお姿です……,,pendente,
mev18_100.scr:15,mev18_100.scr,15,90,ロックス,personagem,16,52,,CRLF x1,こんな幸せそうな顔で、\nバナナケーキを食べていました,,pendente,
mev18_100.scr:16,mev18_100.scr,16,86,カノンノ,personagem,17,18,,,ほん…とう、なの？,,pendente,
mev18_100.scr:17,mev18_100.scr,17,86,カノンノ,personagem,18,58,,CRLF x1,どうして、知らないのに…。\n私はお父さんとお母さんを………,,pendente,
mev18_100.scr:18,mev18_100.scr,18,91,ニアタ,personagem,19,28,,,受け継がれた記憶の証明、か…,,pendente,
mev18_100.scr:19,mev18_100.scr,19,86,カノンノ,personagem,20,20,,,私の中にある、記憶…,,pendente,
mev18_100.scr:20,mev18_100.scr,20,86,カノンノ,personagem,21,68,,CRLF x1,ニアタ、やっぱり私は知りたい。\nドクメントを探るのは危険だとしても！,,pendente,
mev18_100.scr:21,mev18_100.scr,21,91,ニアタ,personagem,22,8,,,しかし…,,pendente,
mev18_100.scr:22,mev18_100.scr,22,86,カノンノ,personagem,23,60,,CRLF x1,今がそうすべき時なんだよ。\nそれに、自分自身の問題でもあるの,,pendente,
mev18_100.scr:23,mev18_100.scr,23,86,カノンノ,personagem,24,44,,CRLF x1,どうしてそんな記憶が私にあるのか\n知りたいし,,pendente,
mev18_100.scr:24,mev18_100.scr,24,86,カノンノ,personagem,25,64,,CRLF x1,何より、お父さんとお母さんが、\nそうしなさいって言ってる気がする,,pendente,
mev18_100.scr:25,mev18_100.scr,25,86,カノンノ,personagem,26,34,,,だから、絵に現れてくれた気がするの,,pendente,
mev18_100.scr:26,mev18_100.scr,26,90,ロックス,personagem,27,38,,CRLF x1,…そうですね。\n僕も、そんな気がします,,pendente,
mev18_100.scr:27,mev18_100.scr,27,90,ロックス,personagem,28,62,,CRLF x1,意味もなく、旦那様や奥様が\nこんな風に現れてくれるわけがない…,,pendente,
mev18_100.scr:28,mev18_100.scr,28,90,ロックス,personagem,29,42,,CRLF x1,ですが、お嬢様の身に危険があると\n思うと…,,pendente,
mev18_100.scr:29,mev18_100.scr,29,86,カノンノ,personagem,30,38,,CRLF x1,だけど、私は知りたい…。\n知りたいよ！,,pendente,
mev18_100.scr:30,mev18_100.scr,30,91,ニアタ,personagem,31,26,,CRLF x1,わかった。\n考えてみよう…,,pendente,
mev18_110.scr:0,mev18_110.scr,0,91,ニアタ,personagem,0,92,,CRLF x2,カノンノのドクメントを展開する以外に、\n過去や異世界の記憶について知る手立てが\n一つだけある,,pendente,
mev18_110.scr:1,mev18_110.scr,1,91,ニアタ,personagem,1,60,,CRLF x1,いや、危険な事に変わりはないが、\n幾分かリスクは下がるだろう,,pendente,
mev18_110.scr:2,mev18_110.scr,2,86,カノンノ,personagem,2,18,,,どうすればいいの？,,pendente,
mev18_110.scr:3,mev18_110.scr,3,91,ニアタ,personagem,3,40,,CRLF x1,自分自身のドクメントに、\nダイブしなさい,,pendente,
mev18_110.scr:4,mev18_110.scr,4,86,カノンノ,personagem,4,34,,CRLF x1,ドクメントにダイブ？\nどうやって？,,pendente,
mev18_110.scr:5,mev18_110.scr,5,91,ニアタ,personagem,5,66,,CRLF x1,そなたの意識を広げなければならん。\n…ボルテックスへ行く必要がある,,pendente,
mev18_110.scr:6,mev18_110.scr,6,86,カノンノ,personagem,6,16,,,ボルテックス…？,,pendente,
mev18_110.scr:7,mev18_110.scr,7,91,ニアタ,personagem,7,36,,CRLF x1,世界樹が生み出すマナの\n渦巻く場所だ,,pendente,
mev18_110.scr:8,mev18_110.scr,8,91,ニアタ,personagem,8,50,,CRLF x1,放出されるマナも、\n地域によってあらゆる性質がある,,pendente,
mev18_110.scr:9,mev18_110.scr,9,91,ニアタ,personagem,9,68,,CRLF x1,ボルテックスは、そのあらゆる性質のマナが\n１ヶ所に渦巻く特異な場所だ,,pendente,
mev18_110.scr:10,mev18_110.scr,10,86,カノンノ,personagem,10,46,,CRLF x1,そんな場所があるんだ。\n誰か知っているかな…？,,pendente,
mev18_110.scr:11,mev18_110.scr,11,91,ニアタ,personagem,11,26,,,我々から依頼を出してこよう,,pendente,
mev18_110.scr:12,mev18_110.scr,12,91,ニアタ,personagem,12,58,,CRLF x2,ディセンダー。\n我々からの頼みだ。\n力になってやってくれ…,,pendente,
mev19_010.scr:0,mev19_010.scr,0,62,アンジュ,personagem,0,84,,CRLF x2,ニアタからの依頼、あなたが行くのね。\nと言っても本当は、\nあなたご指名だったんだけど,,pendente,
mev19_010.scr:1,mev19_010.scr,1,62,アンジュ,personagem,1,62,,CRLF x1,ニアタの言う、ボルテックスは\n「聖地ラングリース」にあるそうよ,,pendente,
mev19_010.scr:2,mev19_010.scr,2,25,セルシウス,personagem,2,42,,CRLF x1,でも、本来は\nヒトが行くべき場所ではないわ,,pendente,
mev19_010.scr:3,mev19_010.scr,3,25,セルシウス,personagem,3,86,,CRLF x2,ボルテックスは、マナの渦巻く場。\n入れば、精神と肉体のバランスを\n大きく欠いてしまうの,,pendente,
mev19_010.scr:4,mev19_010.scr,4,25,セルシウス,personagem,4,50,,CRLF x1,その上に、常に高濃度のマナを浴びる\n状態になるのよ,,pendente,
mev19_010.scr:5,mev19_010.scr,5,25,セルシウス,personagem,5,68,,CRLF x1,…拡大する意識に肉体が耐えられなくなって、\n命を落とすかもしれないわ,,pendente,
mev19_010.scr:6,mev19_010.scr,6,62,アンジュ,personagem,6,72,,CRLF x2,拡大した意識が肉体の容量を\n超えるのね。\n具体的にどういう事が起きるの？,,pendente,
mev19_010.scr:7,mev19_010.scr,7,25,セルシウス,personagem,7,70,,CRLF x1,肉体と、意識が分離してしまうの。\n魂が…、離れてしまうと言ってもいいわ,,pendente,
mev19_010.scr:8,mev19_010.scr,8,62,アンジュ,personagem,8,16,,,それでもいくの？,,pendente,
mev19_010.scr:9,mev19_010.scr,9,25,セルシウス,personagem,11,44,,CRLF x1,本当に、恐れを知らないのね。\nディセンダー…,,pendente,
mev19_010.scr:10,mev19_010.scr,10,25,セルシウス,personagem,12,48,,CRLF x1,そうね。\nドクメントを展開するのは危険が伴うもの,,pendente,
mev19_010.scr:11,mev19_010.scr,11,25,セルシウス,personagem,13,58,,CRLF x1,世界樹の意志を探るには、\nこの方法しかないかもしれないわね,,pendente,
mev19_010.scr:12,mev19_010.scr,12,62,アンジュ,personagem,14,52,,CRLF x1,はぁ…、あなたの事だもの。\n止めても行っちゃうよね…,,pendente,
mev19_010.scr:13,mev19_010.scr,13,62,アンジュ,personagem,15,34,,,じゃあ、あなたを信じて送り出すかぁ,,pendente,
mev19_010.scr:14,mev19_010.scr,14,62,アンジュ,personagem,16,94,,CRLF x2,えーと、同行者はカノンノ。\nそして、あなた達を護衛する為に\nヴァンさんにも同行を頼んであるから,,pendente,
mev19_010.scr:15,mev19_010.scr,15,62,アンジュ,personagem,17,72,,CRLF x2,それじゃ、行ってらっしゃい。\n必ず、無事に戻るのよ。\n無理をしないでね…,,pendente,
mev19_010.scr:16,mev19_010.scr,16,,(opcao do jogador),escolha,9,8,,,もちろん,,pendente,
mev19_010.scr:17,mev19_010.scr,17,,(opcao do jogador),escolha,10,34,,,世界樹の意志を知りたいから、と言う,,pendente,
mev19_020.scr:0,mev19_020.scr,0,86,カノンノ,personagem,0,28,,,マナが強くて、くらくらするね,,pendente,
mev19_020.scr:1,mev19_020.scr,1,86,カノンノ,personagem,1,20,,,ねえ、○○は大丈夫？,,pendente,
mev19_020.scr:2,mev19_020.scr,2,86,カノンノ,personagem,4,22,,CRLF x1,○○。\nどうしたの…？,,pendente,
mev19_020.scr:3,mev19_020.scr,3,91,ニアタ,personagem,5,32,,,ラザリスの事を、考えていたのだな,,pendente,
mev19_020.scr:4,mev19_020.scr,4,86,カノンノ,personagem,6,46,,CRLF x1,…えっ？\nラザリスが悪い人とは…思えないって？,,pendente,
mev19_020.scr:5,mev19_020.scr,5,86,カノンノ,personagem,7,60,,CRLF x1,…うん、ラザリスも自分の世界を生んで、\n平和な世界を望んでる,,pendente,
mev19_020.scr:6,mev19_020.scr,6,86,カノンノ,personagem,8,54,,CRLF x1,ただ、生命の場をジルディアが\n持っていなかっただけで…,,pendente,
mev19_020.scr:7,mev19_020.scr,7,86,カノンノ,personagem,9,32,,,でも、ラザリスは生まれてしまった,,pendente,
mev19_020.scr:8,mev19_020.scr,8,86,カノンノ,personagem,10,46,,CRLF x1,生まれたら、生きていたいのは\n自然な事だもんね,,pendente,
mev19_020.scr:9,mev19_020.scr,9,86,カノンノ,personagem,11,48,,CRLF x1,ラザリスも自分の世界の生き物を、\n大事に思ってる,,pendente,
mev19_020.scr:10,mev19_020.scr,10,86,カノンノ,personagem,12,58,,CRLF x1,理が違うだけで、どちらかの世界しか\n生きていけないなんて…,,pendente,
mev19_020.scr:11,mev19_020.scr,11,56,ヴァン,personagem,13,14,,,相容れぬものか,,pendente,
mev19_020.scr:12,mev19_020.scr,12,56,ヴァン,personagem,14,66,,CRLF x1,だが、どちらの世界が生きる事になるのか、\n迷っている暇などあるまい,,pendente,
mev19_020.scr:13,mev19_020.scr,13,56,ヴァン,personagem,15,26,,,迷えば私達の世界は救えない,,pendente,
mev19_020.scr:14,mev19_020.scr,14,56,ヴァン,personagem,16,86,,CRLF x2,お前は、世界の危機を救う為に現れると\n予言されていたが、私はそんなものは\n信じはしない,,pendente,
mev19_020.scr:15,mev19_020.scr,15,86,カノンノ,personagem,17,30,,CRLF x1,あの、ヴァンさんは\n○○の事を,,pendente,
mev19_020.scr:16,mev19_020.scr,16,86,カノンノ,personagem,18,30,,CRLF x1,あの、ヴァンさんは\n○○の事を,,pendente,
mev19_020.scr:17,mev19_020.scr,17,56,ヴァン,personagem,19,58,,CRLF x2,案ずるな。\n私が信じないのは「予言」だ。\nお前の事ではない,,pendente,
mev19_020.scr:18,mev19_020.scr,18,56,ヴァン,personagem,20,60,,CRLF x1,迷う事無く、未来は私達が生み出して\nいかなくてはならんものだ,,pendente,
mev19_020.scr:19,mev19_020.scr,19,91,ニアタ,personagem,21,54,,CRLF x1,そうでなければ、人生は\n予言に任せたままになってしまう,,pendente,
mev19_020.scr:20,mev19_020.scr,20,56,ヴァン,personagem,22,58,,CRLF x2,○○。\nこれから、どうするのかを決めておけ。\nお前の未来を,,pendente,
mev19_020.scr:21,mev19_020.scr,21,56,ヴァン,personagem,23,20,,,明確な展望を持つのだ,,pendente,
mev19_020.scr:22,mev19_020.scr,22,91,ニアタ,personagem,24,52,,CRLF x1,未来はそなた自身が生み出せる。\nよく覚えておきなさい,,pendente,
mev19_020.scr:23,mev19_020.scr,23,,(opcao do jogador),escolha,2,14,,,うつむいている,,pendente,
mev19_020.scr:24,mev19_020.scr,24,,(opcao do jogador),escolha,3,10,,,黙っている,,pendente,
mev19_030.scr:0,mev19_030.scr,0,86,カノンノ,personagem,3,8,,,…あれ？,,pendente,
mev19_030.scr:1,mev19_030.scr,1,86,カノンノ,personagem,4,18,,,ドクメントが見える,,pendente,
mev19_030.scr:2,mev19_030.scr,2,86,カノンノ,personagem,5,26,,,ヴァンさんのドクメントも…,,pendente,
mev19_030.scr:3,mev19_030.scr,3,86,カノンノ,personagem,6,10,,,…あっ……,,pendente,
mev19_030.scr:4,mev19_030.scr,4,86,カノンノ,personagem,7,28,,CRLF x1,あれは、私？\n私の身体…！？,,pendente,
mev19_030.scr:5,mev19_030.scr,5,86,カノンノ,personagem,8,34,,,肉体と意識が離れちゃったんだ…！！,,pendente,
mev19_040.scr:0,mev19_040.scr,0,56,ヴァン,personagem,0,20,,,カノンノ、返事をしろ,,pendente,
mev19_040.scr:1,mev19_040.scr,1,86,カノンノ,personagem,1,16,,,戻らなきゃ…！！,,pendente,
mev19_040.scr:2,mev19_040.scr,2,86,カノンノ,personagem,2,34,,,身体に戻らなきゃ、戻らなきゃ…！！,,pendente,
mev19_040.scr:3,mev19_040.scr,3,86,カノンノ,personagem,3,8,,,…ぁっ…,,pendente,
mev19_040.scr:4,mev19_040.scr,4,91,ニアタ,personagem,4,10,,,カノンノ…,,pendente,
mev19_040.scr:5,mev19_040.scr,5,86,カノンノ,personagem,5,16,,,…元に、戻れた…,,pendente,
mev19_040.scr:6,mev19_040.scr,6,91,ニアタ,personagem,6,38,,CRLF x1,現身から意識が\n分離しかけているんだな,,pendente,
mev19_040.scr:7,mev19_040.scr,7,56,ヴァン,personagem,7,52,,CRLF x1,頭より気を取り込んで、腹に溜め、\nそのまま足より流せ,,pendente,
mev19_040.scr:8,mev19_040.scr,8,56,ヴァン,personagem,8,38,,CRLF x1,心身と自然を一つにする、\n武術の基本だ,,pendente,
mev19_040.scr:9,mev19_040.scr,9,86,カノンノ,personagem,9,6,,,はい…,,pendente,
mev19_040.scr:10,mev19_040.scr,10,86,カノンノ,personagem,10,42,,CRLF x1,………頭から…気を取り込んで…\nお腹に……,,pendente,
mev19_040.scr:11,mev19_040.scr,11,86,カノンノ,personagem,11,62,,CRLF x2,あ…、不思議…。\nちゃんと身体に心が収まっていく\n感じがする！,,pendente,
mev19_040.scr:12,mev19_040.scr,12,56,ヴァン,personagem,12,82,,CRLF x2,フ…、お前は繋がりを知っているのだな。\n知らない者はいくらやっても\n出来ないのだが,,pendente,
mev19_040.scr:13,mev19_040.scr,13,86,カノンノ,personagem,13,10,,,繋がり…？,,pendente,
mev19_040.scr:14,mev19_040.scr,14,91,ニアタ,personagem,14,16,,,世界との繋がりだ,,pendente,
mev19_040.scr:15,mev19_040.scr,15,91,ニアタ,personagem,15,86,,CRLF x2,ヒトは地に足をつけて、\n世界と共に生きるものだ。\nだが、ほとんどの者はそれを忘れている,,pendente,
mev19_040.scr:16,mev19_040.scr,16,56,ヴァン,personagem,16,98,,CRLF x2,目に見える部分ばかりに気を取られてな。\nそうして、自らを自らの意志で\n世界から切り離して生きている,,pendente,
mev19_040.scr:17,mev19_040.scr,17,91,ニアタ,personagem,17,68,,CRLF x1,ヒトで世界は溢れているが、皆孤独なのだ。\n繋がりを忘れてしまっている,,pendente,
mev19_040.scr:18,mev19_040.scr,18,91,ニアタ,personagem,18,68,,CRLF x2,お互いを全く意識せずに\nそれぞれの人生を生きていると\n思い込んでいる,,pendente,
mev19_040.scr:19,mev19_040.scr,19,91,ニアタ,personagem,19,68,,CRLF x1,そこから、心の飢餓が始まる。\n争いや略奪…他にも様々な事が起こりうる,,pendente,
mev19_040.scr:20,mev19_040.scr,20,91,ニアタ,personagem,20,82,,CRLF x2,ヒトや様々な生き物、そして世界。\nこれらが等しく「繋がり」を知る事が\n出来れば…、,,pendente,
mev19_040.scr:21,mev19_040.scr,21,91,ニアタ,personagem,21,56,,CRLF x1,自他を慈しみ、権利を奪わず、\n差を作る気持ちは起こらない,,pendente,
mev19_040.scr:22,mev19_040.scr,22,86,カノンノ,personagem,22,58,,CRLF x1,うん、そうだね。\n風来草やユルングの樹はそれを教えてくれた,,pendente,
mev19_040.scr:23,mev19_040.scr,23,86,カノンノ,personagem,23,46,,CRLF x1,ヒトって、どうして\nそうなっていったんだろう…,,pendente,
mev19_040.scr:24,mev19_040.scr,24,56,ヴァン,personagem,24,14,,,覚えておくのだ,,pendente,
mev19_040.scr:25,mev19_040.scr,25,56,ヴァン,personagem,25,102,,CRLF x2,どういう事態においても、\n原因を知るという事は、再び危機が訪れた時、\nそれを回避する為の手立てにはなる,,pendente,
mev19_040.scr:26,mev19_040.scr,26,56,ヴァン,personagem,26,56,,CRLF x1,だが、大事なのは原因を追うばかりになる\n過去に留まらぬ事,,pendente,
mev19_040.scr:27,mev19_040.scr,27,56,ヴァン,personagem,27,36,,,今は、変化を起こす行動を選択する事だ,,pendente,
mev19_040.scr:28,mev19_040.scr,28,56,ヴァン,personagem,28,90,,CRLF x2,心を「今」から離してはならない。\n今からお前達がする様に、\n過去を知りにいくならなおさらだ,,pendente,
mev19_040.scr:29,mev19_040.scr,29,86,カノンノ,personagem,30,20,,CRLF x1,はい。\nわかりました,,pendente,
mev19_040.scr:30,mev19_040.scr,30,,(sem caixa de nome),sem_caixa,29,16,,,言葉を心に留める,,pendente,
mev19_050.scr:0,mev19_050.scr,0,56,ヴァン,personagem,1,36,,CRLF x1,奴の後ろにあるのが\nボルテックスだな,,pendente,
mev19_050.scr:1,mev19_050.scr,1,56,ヴァン,personagem,2,52,,CRLF x1,まずはこの場の安全を確保しなければならん。\n行くぞ！,,pendente,
mev19_055.scr:0,mev19_055.scr,0,56,ヴァン,personagem,1,30,,CRLF x1,次は仕留める。\n心して行くぞ！,,pendente,
mev19_057.scr:0,mev19_057.scr,0,56,ヴァン,personagem,1,58,,CRLF x1,ひとまず、この場は収まったな。\nさあ、お前達、始めるがいい,,pendente,
mev19_057.scr:1,mev19_057.scr,1,86,カノンノ,personagem,2,26,,,ニアタ、どうすればいいの？,,pendente,
mev19_057.scr:2,mev19_057.scr,2,91,ニアタ,personagem,3,54,,CRLF x2,我々とあの中…、\nボルテックスに入るのだよ、\nカノンノ,,pendente,
mev19_057.scr:3,mev19_057.scr,3,91,ニアタ,personagem,4,56,,CRLF x1,あの中で我々が、意識のドクメントへ\n飛び込むのを手伝おう,,pendente,
mev19_057.scr:4,mev19_057.scr,4,91,ニアタ,personagem,5,38,,,さあ、ディセンダー、そなたも行くがいい,,pendente,
mev19_057.scr:5,mev19_057.scr,5,91,ニアタ,personagem,6,58,,CRLF x1,そなたには知る必要がある。\nカノンノの意識へダイブするのだ,,pendente,
mev19_057.scr:6,mev19_057.scr,6,56,ヴァン,personagem,7,30,,,では、私はこの場の警護を司ろう,,pendente,
mev19_057.scr:7,mev19_057.scr,7,56,ヴァン,personagem,8,36,,,いいか、「今」生きるこの時を手放すな,,pendente,
mev19_057.scr:8,mev19_057.scr,8,86,カノンノ,personagem,9,6,,,はい…,,pendente,
mev19_060.scr:0,mev19_060.scr,0,86,カノンノ,personagem,2,44,,CRLF x1,光の中に、世界が見える。\nたくさんの世界が…,,pendente,
mev19_060.scr:1,mev19_060.scr,1,86,カノンノ,personagem,3,34,,CRLF x1,私がいる。\n色んな世界に色んな私が,,pendente,
mev19_060.scr:2,mev19_060.scr,2,86,カノンノ,personagem,4,18,,,こんなにたくさん…,,pendente,
mev19_060.scr:3,mev19_060.scr,3,91,ニアタ,personagem,5,78,,CRLF x2,世界樹は、新しい種子を実らせる時、\n自らの経験を全て種子へと\n受け継がせている,,pendente,
mev19_060.scr:4,mev19_060.scr,4,91,ニアタ,personagem,6,70,,CRLF x1,無論、これらの世界の経験は全て、\nルミナシアへと受け継がれているのだよ,,pendente,
mev19_060.scr:5,mev19_060.scr,5,91,ニアタ,personagem,7,78,,CRLF x2,そして、「今」があるのだ。\nカノンノも、ディセンダーも、\nアドリビトムの皆も…,,pendente,
mev19_060.scr:6,mev19_060.scr,6,86,カノンノ,personagem,8,14,,,うん、わかるよ,,pendente,
mev19_060.scr:7,mev19_060.scr,7,86,カノンノ,personagem,9,66,,CRLF x2,私の中にあった記憶は、\nこれらの世界のもの。\n今、ずっと遡ってる…,,pendente,
mev19_060.scr:8,mev19_060.scr,8,86,カノンノ,personagem,10,40,,CRLF x1,こんなにずっと、\n世界は続いて来たんだ…,,pendente,
mev19_060.scr:9,mev19_060.scr,9,86,カノンノ,personagem,11,12,,,あの光は…？,,pendente,
mev19_060.scr:10,mev19_060.scr,10,91,ニアタ,personagem,12,44,,CRLF x1,カノンノ…。\nあれが、そなたの記憶の最果てだ,,pendente,
mev19_060.scr:11,mev19_060.scr,11,86,カノンノ,personagem,13,34,,,この光、とても懐かしい感じがする…,,pendente,
mev19_060.scr:12,mev19_060.scr,12,87,オリジナル・カノンノ,personagem,15,68,,CRLF x2,広い宙の中に瞬く命。\n受け継がれた記憶の最も先にいる者。\nようこそ…,,pendente,
mev19_060.scr:13,mev19_060.scr,13,86,カノンノ,personagem,17,12,,,あな…たは？,,pendente,
mev19_060.scr:14,mev19_060.scr,14,87,オリジナル・カノンノ,personagem,18,30,,CRLF x1,私はカノンノ。\n根源の世界樹…,,pendente,
mev19_060.scr:15,mev19_060.scr,15,91,ニアタ,personagem,19,26,,,何と…、根源の世界樹とは…,,pendente,
mev19_060.scr:16,mev19_060.scr,16,91,ニアタ,personagem,20,42,,CRLF x1,そなたから、\n全てが受け継がれて来たのか…,,pendente,
mev19_060.scr:17,mev19_060.scr,17,87,オリジナル・カノンノ,personagem,21,58,,CRLF x2,そうよ…。\n私の世界は地殻の変動で\n滅びを避けられなかった,,pendente,
mev19_060.scr:18,mev19_060.scr,18,87,オリジナル・カノンノ,personagem,22,80,,CRLF x2,だから、私達の世界の住人は、\n全ての生命を一つにして、\n新しい生命の姿をとったの,,pendente,
mev19_060.scr:19,mev19_060.scr,19,86,カノンノ,personagem,23,14,,,全てを一つに？,,pendente,
mev19_060.scr:20,mev19_060.scr,20,87,オリジナル・カノンノ,personagem,24,80,,CRLF x2,そう、全ての生命を一つにして、\nまた新しい世界を生み出すの。\n世界樹となってね…,,pendente,
mev19_060.scr:21,mev19_060.scr,21,87,オリジナル・カノンノ,personagem,25,36,,,私はその器、種子になる為に選ばれたの,,pendente,
mev19_060.scr:22,mev19_060.scr,22,87,オリジナル・カノンノ,personagem,26,84,,CRLF x2,命を繋げる為に、世界の全ての命を宿して、\n世界樹という新しい生命の種子に\nなったのよ,,pendente,
mev19_060.scr:23,mev19_060.scr,23,86,カノンノ,personagem,27,12,,,命を繋げる…,,pendente,
mev19_060.scr:24,mev19_060.scr,24,87,オリジナル・カノンノ,personagem,28,26,,CRLF x1,そう。\nそれは新しい可能性,,pendente,
mev19_060.scr:25,mev19_060.scr,25,87,オリジナル・カノンノ,personagem,29,48,,CRLF x1,たくさんたくさん、世界を生んだわ。\n色んな世界を,,pendente,
mev19_060.scr:26,mev19_060.scr,26,87,オリジナル・カノンノ,personagem,30,42,,CRLF x1,世界にある、様々な命と共に、\n学びながらね,,pendente,
mev19_060.scr:27,mev19_060.scr,27,87,オリジナル・カノンノ,personagem,31,78,,CRLF x2,世界が一つだと寂しいから。\n一緒に助け合って行ける様に。\n共に創造していく為に,,pendente,
mev19_060.scr:28,mev19_060.scr,28,87,オリジナル・カノンノ,personagem,32,24,,,多くの世界を生んだのよ…,,pendente,
mev19_060.scr:29,mev19_060.scr,29,86,カノンノ,personagem,33,24,,,助け合っていける…様に…,,pendente,
mev19_060.scr:30,mev19_060.scr,30,87,オリジナル・カノンノ,personagem,34,62,,CRLF x1,世界樹から生まれた世界は、\nみんな私の世界から生まれた尊い家族,,pendente,
mev19_060.scr:31,mev19_060.scr,31,86,カノンノ,personagem,35,52,,CRLF x1,じゃあ、ルミナシアとジルディアが…\n相容れないのは？,,pendente,
mev19_060.scr:32,mev19_060.scr,32,91,ニアタ,personagem,36,82,,CRLF x2,理を大きく離れた生き方を選ぶのも、\nまた世界の選択。\nだが、根本は繋がっているのだ,,pendente,
mev19_060.scr:33,mev19_060.scr,33,87,オリジナル・カノンノ,personagem,37,64,,CRLF x1,さあ、そろそろ戻りなさい。\nあなた達は戻って「今」を生きなければ,,pendente,
mev19_060.scr:34,mev19_060.scr,34,87,オリジナル・カノンノ,personagem,38,50,,CRLF x1,あなたは私。\n私の記憶、世界の記憶が受け継がれた証,,pendente,
mev19_060.scr:35,mev19_060.scr,35,87,オリジナル・カノンノ,personagem,39,58,,CRLF x1,…世界もあなたも、たくさんの受け継がれた\n命の上にあるのよ,,pendente,
mev19_060.scr:36,mev19_060.scr,36,87,オリジナル・カノンノ,personagem,40,54,,CRLF x1,生きなさい。\n最後に、ルミナシアの創世を見せてあげるわ,,pendente,
mev19_070.scr:0,mev19_070.scr,0,86,カノンノ,personagem,3,8,,,あ………,,pendente,
mev19_070.scr:1,mev19_070.scr,1,91,ニアタ,personagem,4,42,,CRLF x1,あれが、ジルディアを取り込んだ\nその時だ…,,pendente,
mev19_070.scr:2,mev19_070.scr,2,86,カノンノ,personagem,5,49,,CRLF x1,星晶が作られていってる…。\nあれが、封印の時…？ ,,pendente,
mev19_080.scr:0,mev19_080.scr,0,86,カノンノ,personagem,2,22,,,違う、封印じゃなかった,,pendente,
mev19_080.scr:1,mev19_080.scr,1,86,カノンノ,personagem,3,38,,CRLF x1,あなたにもわかった…？\n世界樹の声が…,,pendente,
mev19_080.scr:2,mev19_080.scr,2,86,カノンノ,personagem,4,54,,CRLF x2,今は理が違うけど。\n変わるから。\n変わって見せるから…,,pendente,
mev19_080.scr:3,mev19_080.scr,3,86,カノンノ,personagem,5,38,,CRLF x1,今はお休みって、\n世界樹がそう言ってた,,pendente,
mev19_080.scr:4,mev19_080.scr,4,86,カノンノ,personagem,6,78,,CRLF x2,星晶は、ゆりかごだったんだ。\nルミナシアと一緒に生きていける様に\nなるまでの…,,pendente,
mev19_080.scr:5,mev19_080.scr,5,86,カノンノ,personagem,7,60,,CRLF x2,そうだよね。\n一つの世界樹からずっと続いて来た\n兄弟だもんね,,pendente,
mev19_080.scr:6,mev19_080.scr,6,86,カノンノ,personagem,8,20,,,助けてあげたいよね…,,pendente,
mev19_090.scr:0,mev19_090.scr,0,56,ヴァン,personagem,1,20,,,無事に、終えた様だな,,pendente,
mev19_090.scr:1,mev19_090.scr,1,86,カノンノ,personagem,2,4,,,はい,,pendente,
mev19_090.scr:2,mev19_090.scr,2,91,ニアタ,personagem,3,60,,CRLF x2,世界樹の根源…か。\n全ての世界樹は、\nあそこから始まったのか,,pendente,
mev19_090.scr:3,mev19_090.scr,3,91,ニアタ,personagem,4,42,,CRLF x1,我々の世界パスカも。\nそのディセンダーも…,,pendente,
mev19_090.scr:4,mev19_090.scr,4,86,カノンノ,personagem,5,46,,CRLF x1,…助け合っていける様に。\n共に創造していく為に,,pendente,
mev19_090.scr:5,mev19_090.scr,5,86,カノンノ,personagem,6,76,,CRLF x2,でも、ルミナシアとラザリスの\n世界ジルディアは、\n今は互いにぶつかり合って…,,pendente,
mev19_090.scr:6,mev19_090.scr,6,91,ニアタ,personagem,7,46,,CRLF x1,どうするか、腹は決まった様だな。\nディセンダー,,pendente,
mev19_090.scr:7,mev19_090.scr,7,91,ニアタ,personagem,8,16,,,では、戻ろうか…,,pendente,
mev19_100.scr:0,mev19_100.scr,0,90,ロックス,personagem,0,30,,,お嬢様…、お帰りなさいませ！！,,pendente,
mev19_100.scr:1,mev19_100.scr,1,90,ロックス,personagem,1,54,,CRLF x1,本当に、無事で良かった。\n生きた心地がしませんでしたよ,,pendente,
mev19_100.scr:2,mev19_100.scr,2,86,カノンノ,personagem,2,18,,,ただいま、ロックス,,pendente,
mev19_100.scr:3,mev19_100.scr,3,86,カノンノ,personagem,3,56,,CRLF x1,私に…、どうして世界の過去の\n記憶があるのか、わかったよ,,pendente,
mev19_100.scr:4,mev19_100.scr,4,86,カノンノ,personagem,4,28,,CRLF x1,でも、ごめん。\n今は話せない,,pendente,
mev19_100.scr:5,mev19_100.scr,5,86,カノンノ,personagem,5,64,,CRLF x2,たくさんの事があり過ぎて、\nどこから話せばいいのか\nわからないの,,pendente,
mev19_100.scr:6,mev19_100.scr,6,90,ロックス,personagem,6,28,,CRLF x1,そうですか…。\nいいんですよ,,pendente,
mev19_100.scr:7,mev19_100.scr,7,90,ロックス,personagem,7,62,,CRLF x1,僕は…、お嬢様の過去より、\nこれからの方が大事だと思いますから,,pendente,
mev19_100.scr:8,mev19_100.scr,8,86,カノンノ,personagem,8,6,,,うん！,,pendente,
mev19_100.scr:9,mev19_100.scr,9,62,アンジュ,personagem,9,22,,,本当に無事で良かった…,,pendente,
mev19_100.scr:10,mev19_100.scr,10,62,アンジュ,personagem,10,94,,CRLF x2,でも、星晶が…ゆりかごかぁ。\nあなた達の話だと、いずれにしろ\nラザリスを封印する必要があるのね,,pendente,
mev19_100.scr:11,mev19_100.scr,11,86,カノンノ,personagem,11,6,,,………,,pendente,
mev19_100.scr:12,mev19_100.scr,12,62,アンジュ,personagem,12,90,,CRLF x2,ルミナシアとジルディアが\n一緒に生きていける様になるまでの間よ。\n今はまだ理が違うのだもの,,pendente,
mev19_100.scr:13,mev19_100.scr,13,62,アンジュ,personagem,13,86,,CRLF x2,わたし達ルミナシアの民もすすんで\nジルディアの為に変わって行かなきゃ\nならないでしょ？,,pendente,
mev19_100.scr:14,mev19_100.scr,14,62,アンジュ,personagem,14,46,,CRLF x1,世界樹だけに頑張らせてちゃ\nいけないじゃない！,,pendente,
mev19_100.scr:15,mev19_100.scr,15,86,カノンノ,personagem,15,14,,,は、…はいっ！,,pendente,
mev19_100.scr:16,mev19_100.scr,16,62,アンジュ,personagem,16,98,,CRLF x2,わたし達は世界に対し、いえ、\nルミナシア以外に存在する世界に\n対しても、責任を持たないといけないね,,pendente,
mev19_100.scr:17,mev19_100.scr,17,62,アンジュ,personagem,17,52,,CRLF x1,それにしても、世界樹の懐の深さには\n驚かされるなぁ…,,pendente,
mev19_100.scr:18,mev19_100.scr,18,90,ロックス,personagem,18,52,,CRLF x2,そうそう。\nよそのギルドからのお便りが\n届いてますよ,,pendente,
mev19_100.scr:19,mev19_100.scr,19,90,ロックス,personagem,19,84,,CRLF x2,あのウズマキフスベ…、\n相当探して頂いた様なのですが、\n見つからなかったみたいです…,,pendente,
mev19_100.scr:20,mev19_100.scr,20,62,アンジュ,personagem,20,6,,,そう…,,pendente,
mev19_100.scr:21,mev19_100.scr,21,62,アンジュ,personagem,21,42,,CRLF x1,ま、だからといって\n弱気にはなれないもんね,,pendente,
mev19_100.scr:22,mev19_100.scr,22,90,ロックス,personagem,22,30,,,さあさ、お腹がすいたでしょう？,,pendente,
mev19_100.scr:23,mev19_100.scr,23,90,ロックス,personagem,23,36,,CRLF x1,食事を用意しています。\n食堂へどうぞ,,pendente,
mev19_100.scr:24,mev19_100.scr,24,62,アンジュ,personagem,24,68,,CRLF x2,行ってらっしゃい。\n今のあなた達に必要なのは、\nたっぷりの滋養だから,,pendente,
mev19_110.scr:0,mev19_110.scr,0,86,カノンノ,personagem,1,30,,,何だか、まだクラクラするなぁ…,,pendente,
mev19_110.scr:1,mev19_110.scr,1,91,ニアタ,personagem,2,48,,CRLF x1,肉体と精神がまだ、\n同期していないのではないか？,,pendente,
mev19_110.scr:2,mev19_110.scr,2,86,カノンノ,personagem,3,90,,CRLF x2,うん、ちょっと変な感じがする。\nヴァンさんに教えてもらったあの方法で、\nまた戻ると思うから,,pendente,
mev19_110.scr:3,mev19_110.scr,3,86,カノンノ,personagem,4,10,,,……………,,pendente,
mev19_120.scr:0,mev19_120.scr,0,86,カノンノ,personagem,1,24,,,（あれ…？　視界が変だ）,,pendente,
mev19_120.scr:1,mev19_120.scr,1,86,カノンノ,personagem,2,6,,,あっ…,,pendente,
mev19_120.scr:2,mev19_120.scr,2,86,カノンノ,personagem,3,40,,,（まただ。ラングリースに行った時と同じ）,,pendente,
mev19_120.scr:3,mev19_120.scr,3,86,カノンノ,personagem,4,68,,CRLF x1,（みんなのドクメントが見える。\n　食べ物にもドクメントがあるんだ…）,,pendente,
mev19_120.scr:4,mev19_120.scr,4,86,カノンノ,personagem,5,52,,CRLF x1,（今、私の意識と肉体がズレて、\n　見えてるのかな…）,,pendente,
mev19_120.scr:5,mev19_120.scr,5,86,カノンノ,personagem,6,64,,CRLF x1,（食べ物のドクメントが…、\n　ヒトのドクメントに移っていってる）,,pendente,
mev19_120.scr:6,mev19_120.scr,6,86,カノンノ,personagem,7,28,,,（一つになっていってる！！）,,pendente,
mev19_120.scr:7,mev19_120.scr,7,86,カノンノ,personagem,8,40,,CRLF x1,（…命だ。\n　ドクメントって、命なんだ）,,pendente,
mev19_130.scr:0,mev19_130.scr,0,90,ロックス,personagem,1,52,,CRLF x1,どうしたんですか、お嬢様。\n具合でも悪いんですか…？,,pendente,
mev19_130.scr:1,mev19_130.scr,1,86,カノンノ,personagem,2,40,,CRLF x1,ううん。\n私…、命を食べてるんだなぁって,,pendente,
mev19_130.scr:2,mev19_130.scr,2,90,ロックス,personagem,3,42,,CRLF x1,そうですよ。\n食べるのは命を頂く事なんです,,pendente,
mev19_130.scr:3,mev19_130.scr,3,90,ロックス,personagem,4,28,,,みんな、命をもらってるんです,,pendente,
mev19_130.scr:4,mev19_130.scr,4,90,ロックス,personagem,5,60,,CRLF x1,だからいつも言いますよね？\nいただきます、ごちそうさま、って,,pendente,
mev19_130.scr:5,mev19_130.scr,5,86,カノンノ,personagem,6,22,,CRLF x1,うん…。\nいただきます,,pendente,
mev19_130.scr:6,mev19_130.scr,6,86,カノンノ,personagem,7,14,,,…いただきます,,pendente,
mev19_130.scr:7,mev19_130.scr,7,86,カノンノ,personagem,8,30,,,（繋がっていくんだ。　命は…）,,pendente,
mev19_130.scr:8,mev19_130.scr,8,86,カノンノ,personagem,9,20,,,（命を…ありがとう）,,pendente,
mev19_140.scr:0,mev19_140.scr,0,74,ソフィ,personagem,0,54,,CRLF x1,みんな、ツリガネトンボ草の\nドクメントが組みあがったよ,,pendente,
mev19_140.scr:1,mev19_140.scr,1,31,しいな,personagem,1,10,,,本当かい？,,pendente,
mev19_140.scr:2,mev19_140.scr,2,31,しいな,personagem,2,30,,,まさか、実現出来るなんてねえ！,,pendente,
mev19_140.scr:3,mev19_140.scr,3,19,ハロルド,personagem,3,22,,,喜んでもいられないわよ,,pendente,
mev19_140.scr:4,mev19_140.scr,4,19,ハロルド,personagem,4,74,,CRLF x2,ジルディアのキバの増殖で、\n思った以上に世界の侵食が\n速くなってるらしいし,,pendente,
mev19_140.scr:5,mev19_140.scr,5,73,アスベル,personagem,5,42,,CRLF x1,ウズマキフスベも、\n見つかってないのにな…,,pendente,
mev19_140.scr:6,mev19_140.scr,6,73,アスベル,personagem,6,62,,CRLF x1,各地では大地を奪い合う為に、\nまた争いが見られる様になっている,,pendente,
mev19_140.scr:7,mev19_140.scr,7,73,アスベル,personagem,7,56,,CRLF x1,各地の一致団結も、\n侵食の恐怖を前に脆くも崩れているんだ,,pendente,
mev19_140.scr:8,mev19_140.scr,8,95,ラザリス,personagem,9,80,,CRLF x2,僕を消した所で、ルミナシアの民は\nまた争いを始めるんだよ？\nわかりきってる事さ…,,pendente,
mev19_140.scr:9,mev19_140.scr,9,74,ソフィ,personagem,11,66,,CRLF x1,あの侵食の原因となってるキバは、\nディセンダーであっても消せない…,,pendente,
mev19_140.scr:10,mev19_140.scr,10,74,ソフィ,personagem,12,48,,CRLF x1,でも、侵食はディセンダーの力で\n消す事が出来る…,,pendente,
mev19_140.scr:11,mev19_140.scr,11,74,ソフィ,personagem,13,26,,,その力がみんなにあったら…,,pendente,
mev19_140.scr:12,mev19_140.scr,12,31,しいな,personagem,14,46,,CRLF x1,そうだねえ。\n時間稼ぎにはなるかもしれないよね,,pendente,
mev19_140.scr:13,mev19_140.scr,13,31,しいな,personagem,15,52,,CRLF x1,ええと、思うんだけど、\n情報の転写って出来るんだろ？,,pendente,
mev19_140.scr:14,mev19_140.scr,14,31,しいな,personagem,16,106,,CRLF x2,ツリガネトンボ草の進化種を集めてた時\nみたいに、ディセンダーの情報を抜き出して\nその力が解明出来たとしたら,,pendente,
mev19_140.scr:15,mev19_140.scr,15,73,アスベル,personagem,17,18,,,それは、無茶な話だ,,pendente,
mev19_140.scr:16,mev19_140.scr,16,19,ハロルド,personagem,18,8,,,ふむ〜…,,pendente,
mev19_140.scr:17,mev19_140.scr,17,19,ハロルド,personagem,19,50,,CRLF x1,やってみる価値はあるけど、\n危険な賭けでもあるわよ,,pendente,
mev19_140.scr:18,mev19_140.scr,18,19,ハロルド,personagem,20,42,,CRLF x1,能力の転写…か。\nちょっと、考えてみるわね,,pendente,
mev19_140.scr:19,mev19_140.scr,19,,(sem caixa de nome),sem_caixa,8,24,,,ラザリスの言葉を思い出す,,pendente,
mev19_140.scr:20,mev19_140.scr,20,,(sem caixa de nome),sem_caixa,10,24,,,ラザリスの言葉を振り払う,,pendente,
mev19_150.scr:0,mev19_150.scr,0,62,アンジュ,personagem,0,28,,,ええっ、そんな事が可能なの？,,pendente,
mev19_150.scr:1,mev19_150.scr,1,19,ハロルド,personagem,1,48,,CRLF x1,やってみなくちゃ、わからないでしょ？\nただねぇ…,,pendente,
mev19_150.scr:2,mev19_150.scr,2,19,ハロルド,personagem,2,86,,CRLF x2,ヒトのドクメントを、他人へ転写すると\n肉体の形態崩壊か溶解が起きるかも\nしれないのよね,,pendente,
mev19_150.scr:3,mev19_150.scr,3,62,アンジュ,personagem,3,48,,CRLF x1,ちょっと…。\nそれ全然大丈夫そうに感じないけど…,,pendente,
mev19_150.scr:4,mev19_150.scr,4,19,ハロルド,personagem,4,68,,CRLF x1,余計なドクメントが交ざるんだもの。\nそれくらいのリスクは想定出来るわ,,pendente,
mev19_150.scr:5,mev19_150.scr,5,19,ハロルド,personagem,5,86,,CRLF x2,ヒトの手で行うソウルアルケミーでは\n安定性を欠くし、ここは\n機械でやってみよっかなって,,pendente,
mev19_150.scr:6,mev19_150.scr,6,19,ハロルド,personagem,6,88,,CRLF x2,で、その機械を作るのに、\n純粋にディセンダーの浄化能力だけを\n被験者に通す回路が必要なの,,pendente,
mev19_150.scr:7,mev19_150.scr,7,19,ハロルド,personagem,7,44,,CRLF x1,で、その回路にはギベオンって鉱物が\n要るのよ,,pendente,
mev19_150.scr:8,mev19_150.scr,8,16,ロニ,personagem,8,10,,,ギベオン？,,pendente,
mev19_150.scr:9,mev19_150.scr,9,19,ハロルド,personagem,9,96,,CRLF x2,ギベオンは隕石に含まれるんだけど、\nこれが人と人のドクメントを\nスムーズに繋ぐ触媒になるっぽいの,,pendente,
mev19_150.scr:10,mev19_150.scr,10,16,ロニ,personagem,10,66,,CRLF x2,隕石…？\nそりゃ、空から降ってくるのを\n待つしかないんじゃないか？,,pendente,
mev19_150.scr:11,mev19_150.scr,11,19,ハロルド,personagem,11,78,,CRLF x2,んーん、ルバーブ連山の山頂が、\n何年か前に隕石で欠けたっていう\n事件があったし,,pendente,
mev19_150.scr:12,mev19_150.scr,12,19,ハロルド,personagem,12,50,,CRLF x1,ひょっとしたら、\nそこにあるかもしれないじゃない？,,pendente,
mev19_150.scr:13,mev19_150.scr,13,19,ハロルド,personagem,13,42,,CRLF x1,じゃ、そんなワケで依頼の登録\nヨロシク〜♪,,pendente,
mev20_010.scr:0,mev20_010.scr,0,62,アンジュ,personagem,0,68,,CRLF x1,さて、今回の仕事についてだけど、\nルバーブ連山の山頂に行ってもらうね,,pendente,
mev20_010.scr:1,mev20_010.scr,1,62,アンジュ,personagem,1,104,,CRLF x2,山頂には数年前に隕石が衝突していて、\nその隕石の欠片があるかもしれないの。\nそれを入手してきてちょうだい,,pendente,
mev20_010.scr:2,mev20_010.scr,2,19,ハロルド,personagem,2,50,,CRLF x1,隕石に含まれる、ギベオンっていう鉱物が\n必要なのよ,,pendente,
mev20_010.scr:3,mev20_010.scr,3,19,ハロルド,personagem,3,58,,CRLF x1,あんたが持つディセンダーの浄化能力を\nヒトに転写する為にね,,pendente,
mev20_010.scr:4,mev20_010.scr,4,62,アンジュ,personagem,4,30,,,でも、危険な試みなんでしょう？,,pendente,
mev20_010.scr:5,mev20_010.scr,5,19,ハロルド,personagem,5,30,,,私達がやんなきゃ、誰がやるのよ,,pendente,
mev20_010.scr:6,mev20_010.scr,6,62,アンジュ,personagem,6,44,,CRLF x1,そうね。\n準備だけでも進めた方がいいかなぁ…,,pendente,
mev20_010.scr:7,mev20_010.scr,7,62,アンジュ,personagem,7,22,,,じゃあ、説明を続けるね,,pendente,
mev20_010.scr:8,mev20_010.scr,8,62,アンジュ,personagem,8,34,,,同行者は、レイヴンさんとアスベル君,,pendente,
mev20_010.scr:9,mev20_010.scr,9,62,アンジュ,personagem,9,112,,CRLF x2,山頂へのルートは、霧がかかってる事が\n多いけど、今日なんて気候の条件もいいし\n運良く霧が晴れているかもしれないよ,,pendente,
mev20_010.scr:10,mev20_010.scr,10,62,アンジュ,personagem,10,38,,,それじゃあ、気を付けて行ってらっしゃい,,pendente,
mev20_020.scr:0,mev20_020.scr,0,73,アスベル,personagem,0,76,,CRLF x1,いつもは山頂に霧が濃く掛かっているが、\n今日はそこまで見通しは悪くなさそうだ,,pendente,
mev20_020.scr:1,mev20_020.scr,1,68,レイヴン,personagem,1,64,,CRLF x1,おっさん、暑い所は平気だけど\nああいうさむーい所は勘弁願いたいわ,,pendente,
mev20_020.scr:2,mev20_020.scr,2,68,レイヴン,personagem,2,22,,,それにしても隕石ねえ…,,pendente,
mev20_020.scr:3,mev20_020.scr,3,68,レイヴン,personagem,3,80,,CRLF x2,この御天道さんの向こうにゃ、\n世界樹から生まれた\n色んな世界があるんだろうねぇ…,,pendente,
mev20_020.scr:4,mev20_020.scr,4,73,アスベル,personagem,4,68,,CRLF x1,ああ、宙と言うのは本当に広い。\nどこまで俺達は繋がっているんだろう…,,pendente,
mev20_020.scr:5,mev20_020.scr,5,73,アスベル,personagem,5,20,,,しかし、奇妙なものだ,,pendente,
mev20_020.scr:6,mev20_020.scr,6,73,アスベル,personagem,6,78,,CRLF x2,かつてはエステリーゼ様…いや、\nエステルを連れ戻す為に\nあなたを追っていたのに,,pendente,
mev20_020.scr:7,mev20_020.scr,7,68,レイヴン,personagem,7,54,,CRLF x1,今やこうして共に旅する仲間、ってか。\n数奇なもんだねぇ,,pendente,
mev20_025.scr:0,mev20_025.scr,0,73,アスベル,personagem,0,40,,CRLF x1,霧が少ない…。\n今日は山頂まで進めそうだ,,pendente,
mev20_025.scr:1,mev20_025.scr,1,68,レイヴン,personagem,1,44,,CRLF x1,山の天気は変わりやすいって\n言うじゃなーい？,,pendente,
mev20_025.scr:2,mev20_025.scr,2,68,レイヴン,personagem,2,46,,CRLF x1,コレ、戻れなくなったりなんて\nしないでしょうね,,pendente,
mev20_025.scr:3,mev20_025.scr,3,73,アスベル,personagem,3,52,,CRLF x2,…確かに。\nなら、ペースを上げよう。\nよし、行くぞ！,,pendente,
mev20_025.scr:4,mev20_025.scr,4,68,レイヴン,personagem,4,56,,CRLF x1,ちょ、ちょっと待ってよ！\nおっさんに山道はしんどいって！,,pendente,
mev20_025.scr:5,mev20_025.scr,5,68,レイヴン,personagem,5,32,,,あー、もう！　置いてかないでよ〜,,pendente,
mev20_030.scr:0,mev20_030.scr,0,68,レイヴン,personagem,0,50,,CRLF x1,おぉ〜…、道が険しい上に\n空気も薄くなってきたわよ,,pendente,
mev20_030.scr:1,mev20_030.scr,1,68,レイヴン,personagem,1,64,,CRLF x1,しかも容赦無く襲ってくる魔物…。\n年寄りにはちとキツイよ、これは,,pendente,
mev20_030.scr:2,mev20_030.scr,2,73,アスベル,personagem,2,66,,CRLF x1,ギルド歴は長いんだろう？\nこういう仕事は慣れているのではないのか？,,pendente,
mev20_030.scr:3,mev20_030.scr,3,68,レイヴン,personagem,3,48,,CRLF x1,そりゃおたくみたいに若い頃は\n出来たかもしらんよ,,pendente,
mev20_030.scr:4,mev20_030.scr,4,68,レイヴン,personagem,4,36,,,ところでおたく、ギルドは楽しいかい？,,pendente,
mev20_030.scr:5,mev20_030.scr,5,73,アスベル,personagem,5,6,,,………,,pendente,
mev20_030.scr:6,mev20_030.scr,6,68,レイヴン,personagem,6,50,,CRLF x1,複雑そうな顔するねぇ。\nやっぱ、騎士団に戻りたい？,,pendente,
mev20_030.scr:7,mev20_030.scr,7,73,アスベル,personagem,7,90,,CRLF x2,俺は…大切なものをこの手で守る為に、\n騎士の道を選んだ。\nそして、守っている気になっていた,,pendente,
mev20_030.scr:8,mev20_030.scr,8,68,レイヴン,personagem,8,76,,CRLF x2,うんにゃ、少なくともガルバンゾ国を\n守る事には貢献してたでしょ。\n騎士だもの,,pendente,
mev20_030.scr:9,mev20_030.scr,9,73,アスベル,personagem,9,44,,CRLF x1,守る一方で、守る為に他の命を\n奪う事もあった,,pendente,
mev20_030.scr:10,mev20_030.scr,10,73,アスベル,personagem,10,62,,CRLF x1,そして、エステルの話を聞いて、\n俺は何も守れていない事を知った,,pendente,
mev20_030.scr:11,mev20_030.scr,11,73,アスベル,personagem,11,36,,,騎士になっただけでは、駄目だったんだ,,pendente,
mev20_030.scr:12,mev20_030.scr,12,68,レイヴン,personagem,12,42,,CRLF x1,ま、ユーリもそうやって\n騎士団を辞めたんだ,,pendente,
mev20_030.scr:13,mev20_030.scr,13,68,レイヴン,personagem,13,54,,CRLF x1,騎士団じゃあ、あいつの信念は\n通せなかったんだろうねえ,,pendente,
mev20_030.scr:14,mev20_030.scr,14,73,アスベル,personagem,14,90,,CRLF x2,どんな人にも守るべきものがある。\n国という枠を越えて、\n全てのヒトは守られなければならない,,pendente,
mev20_030.scr:15,mev20_030.scr,15,73,アスベル,personagem,15,56,,CRLF x1,アドリビトムに来なければ\nきっと、それに気付けなかった…,,pendente,
mev20_030.scr:16,mev20_030.scr,16,68,レイヴン,personagem,16,66,,CRLF x2,ま、今のゴタゴタが終わったら\n帰りな。\nエステル嬢ちゃんを連れてな,,pendente,
mev20_030.scr:17,mev20_030.scr,17,73,アスベル,personagem,17,36,,CRLF x1,国に戻れば、\n全ての人を助けられない,,pendente,
mev20_030.scr:18,mev20_030.scr,18,68,レイヴン,personagem,18,56,,CRLF x1,イカンね〜、勉強した事は\n役に立たせてこそ意味があるのよ,,pendente,
mev20_030.scr:19,mev20_030.scr,19,68,レイヴン,personagem,19,52,,CRLF x1,国や騎士団を変えるなら、\nおたくみたいな人が必要なの,,pendente,
mev20_030.scr:20,mev20_030.scr,20,73,アスベル,personagem,20,12,,,………………,,pendente,
mev20_030.scr:21,mev20_030.scr,21,68,レイヴン,personagem,21,40,,CRLF x1,ははは。\nまあ、しっかり悩んどけよ、青年,,pendente,
mev20_040.scr:0,mev20_040.scr,0,68,レイヴン,personagem,1,50,,CRLF x2,ひ〜…。\nやっと山頂と思ったら、\nお出迎えだわねぇ,,pendente,
mev20_040.scr:1,mev20_040.scr,1,73,アスベル,personagem,2,8,,,来るぞ！,,pendente,
mev20_050.scr:0,mev20_050.scr,0,68,レイヴン,personagem,1,42,,CRLF x1,うひゃ〜…、\n向こうはやる気満々じゃないの,,pendente,
mev20_050.scr:1,mev20_050.scr,1,73,アスベル,personagem,2,42,,CRLF x1,一気に片を付ける。\n前回の様にはならない！,,pendente,
mev20_050.scr:2,mev20_050.scr,2,68,レイヴン,personagem,3,32,,,そのテンション、わけて欲しいわ〜,,pendente,
mev20_060.scr:0,mev20_060.scr,0,68,レイヴン,personagem,1,36,,CRLF x1,さてと。\nギベオンとやらはどいつかな,,pendente,
mev20_060.scr:1,mev20_060.scr,1,73,アスベル,personagem,2,30,,,…表面に、独特の網目模様がある,,pendente,
mev20_060.scr:2,mev20_060.scr,2,73,アスベル,personagem,3,42,,CRLF x1,隕鉄の特徴を備えている。\n恐らく、こいつだ,,pendente,
mev20_060.scr:3,mev20_060.scr,3,68,レイヴン,personagem,4,68,,CRLF x1,んじゃ、欠片でもいいって話だから\nちょこっと削って持ってきゃいいわね,,pendente,
mev20_060.scr:4,mev20_060.scr,4,73,アスベル,personagem,5,18,,,宙からの贈り物か…,,pendente,
mev20_060.scr:5,mev20_060.scr,5,73,アスベル,personagem,6,52,,CRLF x1,これは、どこかの世界の一部だったかも\nしれないんだな,,pendente,
mev20_060.scr:6,mev20_060.scr,6,73,アスベル,personagem,7,66,,CRLF x1,宙を隔てても、世界を越えても、\n命は支えあっていくものかもしれない,,pendente,
mev20_060.scr:7,mev20_060.scr,7,73,アスベル,personagem,8,58,,CRLF x1,俺達も…、遠い世界に何かをして\nあげれる様になれるだろうか,,pendente,
mev20_060.scr:8,mev20_060.scr,8,68,レイヴン,personagem,9,16,,,そうありたいねえ,,pendente,
mev20_060.scr:9,mev20_060.scr,9,68,レイヴン,personagem,10,108,,CRLF x2,生きて、命を繋いで、その先のまたずっと先の\n子孫が意志を継いでくれる世界になる様に\n頑張りましょ。　俺達がね,,pendente,
mev20_060.scr:10,mev20_060.scr,10,68,レイヴン,personagem,11,52,,CRLF x1,ま、今は目の前の難題をどうにかする事が\n先だわねぇ…,,pendente,
mev20_070.scr:0,mev20_070.scr,0,62,アンジュ,personagem,0,54,,CRLF x1,ギベオンの採取、お疲れ様。\n霧が晴れていて幸いだったね,,pendente,
mev20_070.scr:1,mev20_070.scr,1,62,アンジュ,personagem,1,38,,,これからは山頂方面の探索も可能なはずよ,,pendente,
mev20_070.scr:2,mev20_070.scr,2,19,ハロルド,personagem,2,40,,CRLF x1,んじゃ、\nギベオンはいただいてくわよ〜ん,,pendente,
mev20_070.scr:3,mev20_070.scr,3,19,ハロルド,personagem,3,86,,CRLF x2,これからディセンダーの能力転写の\n実験を行える様にするから。\nそれまで時間ちょうだいね,,pendente,
mev20_080.scr:0,mev20_080.scr,0,86,カノンノ,personagem,0,10,,,ねえ、○○,,pendente,
mev20_080.scr:1,mev20_080.scr,1,86,カノンノ,personagem,1,92,,CRLF x2,ディセンダーのドクメントを\n転写させる実験の準備が出来たからって、\nハロルドさんが呼んでるよ,,pendente,
mev20_080.scr:2,mev20_080.scr,2,86,カノンノ,personagem,2,18,,,研究室へ来てだって,,pendente,
mev20_090.scr:0,mev20_090.scr,0,16,ロニ,personagem,1,48,,CRLF x1,被験者にするって、おい！！\n俺は、ゴメンだぜ！！,,pendente,
mev20_090.scr:1,mev20_090.scr,1,19,ハロルド,personagem,2,68,,CRLF x2,ぶ〜…、\nあんた以外に誰がやりゃいいのよ〜。\n信用されて無いわねぇ…,,pendente,
mev20_090.scr:2,mev20_090.scr,2,16,ロニ,personagem,3,8,,,するか！,,pendente,
mev20_090.scr:3,mev20_090.scr,3,16,ロニ,personagem,4,88,,CRLF x2,お前いっつも俺の脳ミソ調べるとか、\n顔をすげ替えるとか、\nそんなんばっかりじゃねえか！！,,pendente,
mev20_090.scr:4,mev20_090.scr,4,19,ハロルド,personagem,5,18,,,あ、来てくれたわね,,pendente,
mev20_090.scr:5,mev20_090.scr,5,19,ハロルド,personagem,6,52,,CRLF x1,早速、実験に移りたいんだけど\n被験者がいなくってねー,,pendente,
mev20_090.scr:6,mev20_090.scr,6,67,リタ,personagem,7,38,,CRLF x1,仕方ないわね。\nあたしが被験者になるわ,,pendente,
mev20_090.scr:7,mev20_090.scr,7,19,ハロルド,personagem,8,56,,CRLF x2,ダメよ。\nドクメントの転写作業は、\nあんたの力も必要なの,,pendente,
mev20_090.scr:8,mev20_090.scr,8,19,ハロルド,personagem,9,28,,,私一人じゃ、制御出来ないもの,,pendente,
mev20_090.scr:9,mev20_090.scr,9,67,リタ,personagem,10,64,,CRLF x2,そうは言っても、\n誰もこんな役やりたがらないわよ。\nどうすんの？,,pendente,
mev20_090.scr:10,mev20_090.scr,10,86,カノンノ,personagem,11,8,,,…あのっ,,pendente,
mev20_090.scr:11,mev20_090.scr,11,86,カノンノ,personagem,12,28,,CRLF x1,私がやるよ。\n…ダメ、かな？,,pendente,
mev20_090.scr:12,mev20_090.scr,12,16,ロニ,personagem,13,48,,CRLF x2,待てよ！\n失敗したら、\n死ぬかもしれねぇんだぞ！,,pendente,
mev20_090.scr:13,mev20_090.scr,13,16,ロニ,personagem,14,70,,CRLF x1,おい、被験者はヒトじゃないと駄目なのか？\n他にもっと方法探せねぇのかよ,,pendente,
mev20_090.scr:14,mev20_090.scr,14,67,リタ,personagem,15,62,,CRLF x1,何かを得るのに、それなりのリスクがあるのは\n当たり前でしょう？,,pendente,
mev20_090.scr:15,mev20_090.scr,15,67,リタ,personagem,16,68,,CRLF x1,何も傷付けずに、望みを叶えようなんて悩み、\n心が贅沢だから出来るのよ,,pendente,
mev20_090.scr:16,mev20_090.scr,16,19,ハロルド,personagem,17,48,,CRLF x1,助かるわ〜。\nじゃ、この天才を信じて任せなさい★,,pendente,
mev20_090.scr:17,mev20_090.scr,17,86,カノンノ,personagem,18,16,,CRLF x1,うん。\n私は平気,,pendente,
mev20_090.scr:18,mev20_090.scr,18,86,カノンノ,personagem,19,42,,CRLF x1,○○と繋がるだけだもの。\n恐くなんかないよ,,pendente,
mev20_090.scr:19,mev20_090.scr,19,19,ハロルド,personagem,20,50,,CRLF x1,じゃあ、二人で\nこの「トランスクリプタ」に立って！,,pendente,
mev20_095.scr:0,mev20_095.scr,0,19,ハロルド,personagem,1,18,,,じゃあ、始めるわよ,,pendente,
mev20_095.scr:1,mev20_095.scr,1,86,カノンノ,personagem,2,6,,,はい！,,pendente,
mev20_095.scr:2,mev20_095.scr,2,67,リタ,personagem,3,42,,CRLF x1,これが○○…、\nディセンダーのドクメントね,,pendente,
mev20_095.scr:3,mev20_095.scr,3,19,ハロルド,personagem,4,12,,,転写、開始！,,pendente,
mev20_095.scr:4,mev20_095.scr,4,86,カノンノ,personagem,5,18,,,…ぁ………あああ…,,pendente,
mev20_095.scr:5,mev20_095.scr,5,86,カノンノ,personagem,6,48,,CRLF x1,私ね…、最も…ステキな事を…\n今から起こすんだ…,,pendente,
mev20_095.scr:6,mev20_095.scr,6,86,カノンノ,personagem,7,50,,CRLF x1,未来を創るんだよ…。\n未来を…みんなで…創るんだ…,,pendente,
mev20_095.scr:7,mev20_095.scr,7,86,カノンノ,personagem,8,54,,CRLF x1,みんながあなたの様に、\n希望を灯していける様な未来を…,,pendente,
mev20_095.scr:8,mev20_095.scr,8,86,カノンノ,personagem,9,22,,,みんなが、輝ける様に…,,pendente,
mev20_095.scr:9,mev20_095.scr,9,67,リタ,personagem,10,22,,,カノンノ、身体はどう？,,pendente,
mev20_095.scr:10,mev20_095.scr,10,86,カノンノ,personagem,11,38,,CRLF x1,少しふわふわするけど、\n大丈夫みたい…,,pendente,
mev20_095.scr:11,mev20_095.scr,11,67,リタ,personagem,12,26,,,ねえ、実験は成功したわけ？,,pendente,
mev20_095.scr:12,mev20_095.scr,12,19,ハロルド,personagem,13,38,,CRLF x1,成功はしてるはずだけど、\n確認が必要ね,,pendente,
mev20_095.scr:13,mev20_095.scr,13,19,ハロルド,personagem,14,58,,CRLF x1,カノンノに能力が転写されているか、\n試してみないと何とも…,,pendente,
mev20_095.scr:14,mev20_095.scr,14,19,ハロルド,personagem,15,42,,CRLF x1,カノンノの疲労もあるから、\nすぐには無理ね,,pendente,
mev20_095.scr:15,mev20_095.scr,15,67,リタ,personagem,16,50,,CRLF x2,そうね。\nカノンノは、\nしばらく医務室で休ませるわ,,pendente,
mev20_095.scr:16,mev20_095.scr,16,86,カノンノ,personagem,17,16,,,私は、平気だよ…,,pendente,
mev20_095.scr:17,mev20_095.scr,17,67,リタ,personagem,18,34,,,無茶されて、倒れられた方が迷惑なの,,pendente,
mev20_095.scr:18,mev20_095.scr,18,19,ハロルド,personagem,19,46,,CRLF x1,というわけで、\n検証はカノンノが回復してからね,,pendente,
mev20_095.scr:19,mev20_095.scr,19,19,ハロルド,personagem,20,40,,CRLF x1,あんたも実験に協力してくれて\n感謝するわ,,pendente,
mev20_095.scr:20,mev20_095.scr,20,,(mensagem de sistema),sistema,21,42,,,カノンノが治療のため、医務室に収容されます,,pendente,
mev20_095.scr:21,mev20_095.scr,21,,(mensagem de sistema),sistema,22,32,,,カノンノがパーティから外れました,,pendente,
mev20_100.scr:0,mev20_100.scr,0,67,リタ,personagem,0,28,,,カノンノの状態、もう大丈夫よ,,pendente,
mev20_100.scr:1,mev20_100.scr,1,67,リタ,personagem,1,60,,CRLF x1,アニーも、もう大丈夫って言ってたし\n試しに行ってもらいたいの,,pendente,
mev20_100.scr:2,mev20_100.scr,2,67,リタ,personagem,2,68,,CRLF x2,今からアンジュに依頼として届けるけど、\nあんたが行くの。\nわかった？,,pendente,
mev20_100.scr:3,mev20_100.scr,3,67,リタ,personagem,3,24,,,じゃあ、あとは頼んだから,,pendente,
mev20_100.scr:4,mev20_100.scr,4,,(mensagem de sistema),sistema,4,28,,,カノンノの治療が終了しました,,pendente,
mev21_010.scr:0,mev21_010.scr,0,62,アンジュ,personagem,0,42,,CRLF x1,この仕事は、リタから。\nあなた指名の依頼よ,,pendente,
mev21_010.scr:1,mev21_010.scr,1,62,アンジュ,personagem,3,48,,CRLF x2,そうね。\nカノンノもあなたが一緒だと\n喜ぶもんね,,pendente,
mev21_010.scr:2,mev21_010.scr,2,62,アンジュ,personagem,4,60,,CRLF x1,今のところ、異常はないみたいよ。\n本人も平気だと言っていたし,,pendente,
mev21_010.scr:3,mev21_010.scr,3,62,アンジュ,personagem,5,66,,CRLF x1,カノンノが無事だったのは、\nきっと「あなた」を全て受け止めたからね,,pendente,
mev21_010.scr:4,mev21_010.scr,4,62,アンジュ,personagem,6,88,,CRLF x2,あなたの全てを信頼して、\nあなたという存在を受け入れる心が\n彼女にあったからだと思うよ…,,pendente,
mev21_010.scr:5,mev21_010.scr,5,62,アンジュ,personagem,7,48,,CRLF x1,今回は、その繋がりを再度確認する\n仕事でもあるね,,pendente,
mev21_010.scr:6,mev21_010.scr,6,62,アンジュ,personagem,8,82,,CRLF x2,さて、今回の目的地はシフノ湧泉洞。\nあの新しく現れたジルディアのキバが\nある場所よ,,pendente,
mev21_010.scr:7,mev21_010.scr,7,62,アンジュ,personagem,9,42,,CRLF x1,そこでの侵食が今、\n最も勢いがあるらしいの,,pendente,
mev21_010.scr:8,mev21_010.scr,8,62,アンジュ,personagem,10,86,,CRLF x2,カノンノにディセンダーの能力が\n転写されているかどうか、\nそこでなら試す事が出来るから,,pendente,
mev21_010.scr:9,mev21_010.scr,9,67,リタ,personagem,11,68,,CRLF x1,あたしはもっと簡単、かつ安全に\n能力転写が出来る術式を研究してみるわ,,pendente,
mev21_010.scr:10,mev21_010.scr,10,62,アンジュ,personagem,12,10,,,出来るの？,,pendente,
mev21_010.scr:11,mev21_010.scr,11,67,リタ,personagem,13,78,,CRLF x2,まあ…、前の実験で\nカノンノが協力してくれてたから、\n糸口が掴めたって言うか…,,pendente,
mev21_010.scr:12,mev21_010.scr,12,62,アンジュ,personagem,14,40,,CRLF x1,そうね。\nカノンノ、頑張ってくれたもんね,,pendente,
mev21_010.scr:13,mev21_010.scr,13,62,アンジュ,personagem,15,50,,CRLF x1,まあ、まずは成功しているかどうかを\n確認しないとね,,pendente,
mev21_010.scr:14,mev21_010.scr,14,62,アンジュ,personagem,16,66,,CRLF x1,同行者はカノンノとシャーリィよ。\nシフノ湧泉洞へ向かってちょうだい,,pendente,
mev21_010.scr:15,mev21_010.scr,15,62,アンジュ,personagem,17,32,,,それじゃ、気を付けて行ってきてね,,pendente,
mev21_010.scr:16,mev21_010.scr,16,,(opcao do jogador),escolha,1,26,,,言われなくても行く、と言う,,pendente,
mev21_010.scr:17,mev21_010.scr,17,,(opcao do jogador),escolha,2,24,,,カノンノの状態が気になる,,pendente,
mev21_020.scr:0,mev21_020.scr,0,44,シャーリィ,personagem,0,68,,CRLF x2,一つでも世界を脅かしている\nジルディアのキバが、\nまた増えたなんて…,,pendente,
mev21_020.scr:1,mev21_020.scr,1,86,カノンノ,personagem,1,58,,CRLF x1,せっかく止まっていた戦争も、\nまた始まったって言ってたね…,,pendente,
mev21_020.scr:2,mev21_020.scr,2,86,カノンノ,personagem,2,64,,CRLF x1,侵食されていない大地を獲得する為に\n色んな国が領土を奪い合ってる,,pendente,
mev21_020.scr:3,mev21_020.scr,3,44,シャーリィ,personagem,3,52,,CRLF x1,わたしの国も、戦争で全てを\n焼き払われてしまいました,,pendente,
mev21_020.scr:4,mev21_020.scr,4,44,シャーリィ,personagem,4,82,,CRLF x2,例え焼け野原でも、\nまた新たに住居を構える土地だけは\n残っていると思っていたのに…,,pendente,
mev21_020.scr:5,mev21_020.scr,5,44,シャーリィ,personagem,5,68,,CRLF x1,今度はその土地すら、また戦争によって\n奪われようとしているのですね…,,pendente,
mev21_020.scr:6,mev21_020.scr,6,86,カノンノ,personagem,6,76,,CRLF x1,ラザリスに大地を奪われる恐怖から、\nヒトはまた、戦いを始めてしまったんだね…,,pendente,
mev21_020.scr:7,mev21_020.scr,7,86,カノンノ,personagem,7,34,,,その恐怖をぬぐい去る事が出来れば…,,pendente,
mev21_020.scr:8,mev21_020.scr,8,44,シャーリィ,personagem,8,54,,CRLF x1,もし、○○さんの能力が\nカノンノさんに転写されていれば,,pendente,
mev21_020.scr:9,mev21_020.scr,9,44,シャーリィ,personagem,9,66,,CRLF x1,他の人々へも能力を転写して、\nみんなで侵食を食い止める事が出来ます,,pendente,
mev21_020.scr:10,mev21_020.scr,10,44,シャーリィ,personagem,10,62,,CRLF x1,それで、また世界中のみんなの心が\n危機に向かって一つになれば…,,pendente,
mev21_020.scr:11,mev21_020.scr,11,86,カノンノ,personagem,11,6,,,うん…,,pendente,
mev21_020.scr:12,mev21_020.scr,12,86,カノンノ,personagem,12,56,,CRLF x1,でも…、でもいつか、\nラザリスの世界と私達のルミナシア…,,pendente,
mev21_020.scr:13,mev21_020.scr,13,86,カノンノ,personagem,13,48,,CRLF x1,互いの世界が、\n互いを受け入れる様になればいいな,,pendente,
mev21_020.scr:14,mev21_020.scr,14,86,カノンノ,personagem,14,84,,CRLF x2,以前、人が戦闘を止めて助け合った様に、\n世界だって、助け合う事が出来る\nはずだもん…,,pendente,
mev21_030.scr:0,mev21_030.scr,0,44,シャーリィ,personagem,0,8,,,う………,,pendente,
mev21_030.scr:1,mev21_030.scr,1,86,カノンノ,personagem,1,12,,,シャーリィ…,,pendente,
mev21_030.scr:2,mev21_030.scr,2,86,カノンノ,personagem,2,76,,CRLF x2,そうか、ここは海水が入り込む所…。\n洞窟の中にこもった潮気が\n影響したのかも,,pendente,
mev21_030.scr:3,mev21_030.scr,3,44,シャーリィ,personagem,3,48,,CRLF x1,大丈夫です…。\nそこまではひどくないみたいだから,,pendente,
mev21_030.scr:4,mev21_030.scr,4,86,カノンノ,personagem,4,56,,CRLF x2,○○。\nシャーリィは、海水を浴びると\n体調を崩す体質なの,,pendente,
mev21_030.scr:5,mev21_030.scr,5,86,カノンノ,personagem,5,48,,CRLF x1,ここは、シャーリィの身体には過酷な\n環境なんだよ,,pendente,
mev21_030.scr:6,mev21_030.scr,6,44,シャーリィ,personagem,8,16,,,いいえ、行きます,,pendente,
mev21_030.scr:7,mev21_030.scr,7,44,シャーリィ,personagem,9,34,,,きっと、ここには真水もあるはずです,,pendente,
mev21_030.scr:8,mev21_030.scr,8,44,シャーリィ,personagem,10,46,,CRLF x1,真水に浸かれば、この状態も\n幾分か治りますので,,pendente,
mev21_030.scr:9,mev21_030.scr,9,44,シャーリィ,personagem,11,24,,,はい、わたし、大丈夫です,,pendente,
mev21_030.scr:10,mev21_030.scr,10,44,シャーリィ,personagem,12,50,,CRLF x1,それに、ここは海水だけじゃなく\n真水もあるはずです,,pendente,
mev21_030.scr:11,mev21_030.scr,11,44,シャーリィ,personagem,13,36,,,真水に浸かれば、少しは回復しますので,,pendente,
mev21_030.scr:12,mev21_030.scr,12,44,シャーリィ,personagem,14,70,,CRLF x1,故郷の国の為にも、世界の為にも、\n今は引き返す時間の方が惜しいですから,,pendente,
mev21_030.scr:13,mev21_030.scr,13,86,カノンノ,personagem,15,34,,CRLF x1,ごめんね。\nありがとう、シャーリィ,,pendente,
mev21_030.scr:14,mev21_030.scr,14,44,シャーリィ,personagem,16,58,,CRLF x1,お礼だなんて、そんな…。\n迷惑をかけているのは、わたしです,,pendente,
mev21_030.scr:15,mev21_030.scr,15,44,シャーリィ,personagem,17,24,,,…さあ、先へ進みましょう,,pendente,
mev21_030.scr:16,mev21_030.scr,16,,(opcao do jogador),escolha,6,20,,,一旦戻る事を提案する,,pendente,
mev21_030.scr:17,mev21_030.scr,17,,(opcao do jogador),escolha,7,18,,,ここは耐えてもらう,,pendente,
mev21_035.scr:0,mev21_035.scr,0,86,カノンノ,personagem,1,22,,,この扉、開かないみたい,,pendente,
mev21_035.scr:1,mev21_035.scr,1,86,カノンノ,personagem,2,24,,,これじゃあ先に進めないよ,,pendente,
mev21_035.scr:2,mev21_035.scr,2,44,シャーリィ,personagem,3,42,,CRLF x1,こっちの階段は、\nどこかに続いてるのかな？,,pendente,
mev21_035.scr:3,mev21_035.scr,3,86,カノンノ,personagem,4,16,,,奥、見えないね…,,pendente,
mev21_035.scr:4,mev21_035.scr,4,44,シャーリィ,personagem,5,54,,CRLF x1,わたし、中に入って見てきます。\nここは、真水の様ですし,,pendente,
mev21_035.scr:5,mev21_035.scr,5,86,カノンノ,personagem,8,32,,,あれっ、聞いていなかったのかな？,,pendente,
mev21_035.scr:6,mev21_035.scr,6,86,カノンノ,personagem,9,44,,CRLF x1,シャーリィはね、\n水の中で呼吸が出来るんだよ,,pendente,
mev21_035.scr:7,mev21_035.scr,7,44,シャーリィ,personagem,10,20,,,だから、任せて下さい,,pendente,
mev21_035.scr:8,mev21_035.scr,8,44,シャーリィ,personagem,11,24,,,それじゃあ、行ってきます,,pendente,
mev21_035.scr:9,mev21_035.scr,9,86,カノンノ,personagem,12,14,,,扉が開いたよ！,,pendente,
mev21_035.scr:10,mev21_035.scr,10,44,シャーリィ,personagem,13,86,,CRLF x2,奥にレバーがあったから引いてみました。\nあれが、扉を開ける仕組みになって\nいたんですね,,pendente,
mev21_035.scr:11,mev21_035.scr,11,86,カノンノ,personagem,14,26,,,シャーリィは、大丈夫なの？,,pendente,
mev21_035.scr:12,mev21_035.scr,12,44,シャーリィ,personagem,15,64,,CRLF x2,ええ。\n真水に浸かる事も出来ましたし、\n体調も良くなって来ました,,pendente,
mev21_035.scr:13,mev21_035.scr,13,44,シャーリィ,personagem,16,22,,,さあ、奥へ行きましょう,,pendente,
mev21_035.scr:14,mev21_035.scr,14,,(opcao do jogador),escolha,6,22,,,危険だ、と言って止める,,pendente,
mev21_035.scr:15,mev21_035.scr,15,,(opcao do jogador),escolha,7,20,,,息が持つのか、と聞く,,pendente,
mev21_040.scr:0,mev21_040.scr,0,44,シャーリィ,personagem,0,14,,,はぁ…、はぁ…,,pendente,
mev21_040.scr:1,mev21_040.scr,1,86,カノンノ,personagem,1,24,,,シャーリィ、少し休む…？,,pendente,
mev21_040.scr:2,mev21_040.scr,2,44,シャーリィ,personagem,2,8,,,いいえ…,,pendente,
mev21_040.scr:3,mev21_040.scr,3,44,シャーリィ,personagem,3,72,,CRLF x2,ここでは潮を感じないから、\n大丈夫です。\nでも、それとは違う妙な空気が…,,pendente,
mev21_040.scr:4,mev21_040.scr,4,86,カノンノ,personagem,4,40,,CRLF x1,私も、何だか目がヒリヒリする\n感じがして,,pendente,
mev21_040.scr:5,mev21_040.scr,5,86,カノンノ,personagem,5,46,,CRLF x1,この先、まさか\nジルディアのキバが近いのかな…,,pendente,
mev21_040.scr:6,mev21_040.scr,6,44,シャーリィ,personagem,6,44,,CRLF x1,だったら、\nここで休んでいる時間はありません,,pendente,
mev21_040.scr:7,mev21_040.scr,7,44,シャーリィ,personagem,7,12,,,行きましょう,,pendente,
mev21_050.scr:0,mev21_050.scr,0,86,カノンノ,personagem,1,52,,CRLF x1,あの壁、ジルディアのキバだ。\n侵食がこんなにも…！！,,pendente,
mev21_050.scr:1,mev21_050.scr,1,44,シャーリィ,personagem,2,30,,CRLF x1,あそこ！\n倒れている人が…！！,,pendente,
mev21_050.scr:2,mev21_050.scr,2,86,カノンノ,personagem,3,56,,CRLF x1,侵食を受けてる。\nかなり弱っているけど、まだ息はあるわ！,,pendente,
mev21_050.scr:3,mev21_050.scr,3,86,カノンノ,personagem,5,6,,,うん！,,pendente,
mev21_050.scr:4,mev21_050.scr,4,,(sem caixa de nome),sem_caixa,4,18,,,力を使うよう、促す,,pendente,
mev21_055.scr:0,mev21_055.scr,0,44,シャーリィ,personagem,0,40,,CRLF x1,全部、元に…。\n元の姿を取り戻した…！！,,pendente,
mev21_055.scr:1,mev21_055.scr,1,86,カノンノ,personagem,1,40,,CRLF x1,○○の力…、\nちゃんと受け継げてる…！！,,pendente,
mev21_055.scr:2,mev21_055.scr,2,44,シャーリィ,personagem,2,28,,,良かったですね、カノンノさん,,pendente,
mev21_055.scr:3,mev21_055.scr,3,86,カノンノ,personagem,3,4,,,うん,,pendente,
mev21_055.scr:4,mev21_055.scr,4,86,カノンノ,personagem,4,26,,,さあ、この人達を助けなきゃ,,pendente,
mev21_055.scr:5,mev21_055.scr,5,86,カノンノ,personagem,5,40,,CRLF x1,あれ？　この衣装。\nまさか、暁の従者の…,,pendente,
mev21_055.scr:6,mev21_055.scr,6,44,シャーリィ,personagem,6,52,,CRLF x1,かなり衰弱してるわ。\nまずは、彼らを船へ運びましょう,,pendente,
mev21_055.scr:7,mev21_055.scr,7,86,カノンノ,personagem,7,38,,CRLF x1,そうだね。\n医務室で診てもらわなきゃ！,,pendente,
mev21_060.scr:0,mev21_060.scr,0,62,アンジュ,personagem,0,20,,,あなた達、お疲れ様！,,pendente,
mev21_060.scr:1,mev21_060.scr,1,62,アンジュ,personagem,1,44,,CRLF x1,すごいわ、\n実験はちゃんと成功していたのね！,,pendente,
mev21_060.scr:2,mev21_060.scr,2,86,カノンノ,personagem,2,28,,,それより、暁の従者の二人は…,,pendente,
mev21_060.scr:3,mev21_060.scr,3,62,アンジュ,personagem,3,56,,CRLF x1,彼らには、覚えがあるよ。\nラザリスを崇めていたあの二人ね,,pendente,
mev21_060.scr:4,mev21_060.scr,4,90,ロックス,personagem,4,56,,CRLF x1,先程意識を取り戻しまして、\n今食事をされているところです,,pendente,
mev21_060.scr:5,mev21_060.scr,5,90,ロックス,personagem,5,82,,CRLF x2,ケガも無い様子ですし。\nただ、何日も食べていなくて、\n体力を消耗していたみたいです,,pendente,
mev21_060.scr:6,mev21_060.scr,6,86,カノンノ,personagem,6,30,,,何で、あんな所にいたんだろう？,,pendente,
mev21_060.scr:7,mev21_060.scr,7,90,ロックス,personagem,7,44,,CRLF x1,ああ、そうでした。\nそれを伝えに来たんですが,,pendente,
mev21_060.scr:8,mev21_060.scr,8,90,ロックス,personagem,8,60,,CRLF x1,あの方達、ここアドリビトムへの接触を\n目的にしていたそうで…,,pendente,
mev21_060.scr:9,mev21_060.scr,9,62,アンジュ,personagem,9,16,,,まあ、何かしら？,,pendente,
mev21_060.scr:10,mev21_060.scr,10,90,ロックス,personagem,10,96,,CRLF x2,シフノ湧泉洞を抜けた先に、アドリビトムとの\n連絡を取れる街があると聞いて、\n旅をしていたそうです,,pendente,
mev21_060.scr:11,mev21_060.scr,11,62,アンジュ,personagem,11,34,,,詳しい話は、直接聞いた方がいいかな,,pendente,
mev21_060.scr:12,mev21_060.scr,12,62,アンジュ,personagem,12,48,,CRLF x1,○○、カノンノ。\nあなた達も医務室へいらっしゃい,,pendente,
mev21_070.scr:0,mev21_070.scr,0,108,暁の従者・信者３,personagem,0,64,,CRLF x1,あなた達にはまた、助けられました。\n本当に、ありがとうございます,,pendente,
mev21_070.scr:1,mev21_070.scr,1,108,暁の従者・信者３,personagem,1,60,,CRLF x1,ここを訪ねる為に、シフノ湧泉洞を抜ける\nところだったんですが,,pendente,
mev21_070.scr:2,mev21_070.scr,2,108,暁の従者・信者３,personagem,2,82,,CRLF x1,途中で地震に遭いまして…、足元の地面が抜け、\nそのままあの場に落ちてしまったんです,,pendente,
mev21_070.scr:3,mev21_070.scr,3,62,アンジュ,personagem,3,48,,CRLF x1,二度目のジルディアのキバが\n現れた時の事なのね…,,pendente,
mev21_070.scr:4,mev21_070.scr,4,62,アンジュ,personagem,4,78,,CRLF x2,ところで、アドリビトムに\n接触したかったそうですね。\nどういった御用件かしら？,,pendente,
mev21_070.scr:5,mev21_070.scr,5,109,暁の従者・信者４,personagem,5,84,,CRLF x2,あの、アドリビトムが探しているという\n植物について、何かの役に立てればと\n思いまして,,pendente,
mev21_070.scr:6,mev21_070.scr,6,62,アンジュ,personagem,6,48,,CRLF x1,あ…、ええと。\nツリガネトンボ草の事でしょうか？,,pendente,
mev21_070.scr:7,mev21_070.scr,7,62,アンジュ,personagem,7,30,,,あれについてはもう、解決して…,,pendente,
mev21_070.scr:8,mev21_070.scr,8,109,暁の従者・信者４,personagem,8,82,,CRLF x2,いえ、ウズマキフスベの方です。\n確か、採取協力をあちこちに\n呼びかけていましたよね,,pendente,
mev21_070.scr:9,mev21_070.scr,9,62,アンジュ,personagem,9,40,,CRLF x1,ウズマキフスベを\n持っているんですか！？,,pendente,
mev21_070.scr:10,mev21_070.scr,10,108,暁の従者・信者３,personagem,10,60,,CRLF x2,あ、…そのぅ。\n私の実家の切り株に、\n５年前に生えたんですね,,pendente,
mev21_070.scr:11,mev21_070.scr,11,108,暁の従者・信者３,personagem,11,36,,,もう、絶滅したとか言う話でしたけど…,,pendente,
mev21_070.scr:12,mev21_070.scr,12,62,アンジュ,personagem,12,48,,CRLF x1,…５年前。\n…じゃあ、今はもう生えてないんですね,,pendente,
mev21_070.scr:13,mev21_070.scr,13,108,暁の従者・信者３,personagem,14,74,,CRLF x2,その、菌糸くらいなら\n残ってるかもと思ったので、\n切り株を持って来たんです,,pendente,
mev21_070.scr:14,mev21_070.scr,14,67,リタ,personagem,15,26,,,ちょっ…、それ、見せて！！,,pendente,
mev21_070.scr:15,mev21_070.scr,15,67,リタ,personagem,16,54,,CRLF x1,それ、使えるかもよ。\nドクメントの一片でも残ってたらね,,pendente,
mev21_070.scr:16,mev21_070.scr,16,109,暁の従者・信者４,personagem,17,36,,CRLF x1,良かった。\n私達にも出来る事があって,,pendente,
mev21_070.scr:17,mev21_070.scr,17,109,暁の従者・信者４,personagem,18,84,,CRLF x2,私達は悪くなっていく世を憂いて、\n救い手となってくれるディセンダーを\n待ち望んでいた,,pendente,
mev21_070.scr:18,mev21_070.scr,18,109,暁の従者・信者４,personagem,19,64,,CRLF x1,けれども、そうする事で自分達は\n何も生み出そうとはしていなかった,,pendente,
mev21_070.scr:19,mev21_070.scr,19,109,暁の従者・信者４,personagem,20,68,,CRLF x1,自分達では何も変えられないと。\n世界も、自分自身も信じていなかった…,,pendente,
mev21_070.scr:20,mev21_070.scr,20,108,暁の従者・信者３,personagem,21,90,,CRLF x2,逃げていただけだったんだ。\n世の中への不満や、自分の非力さに\n正面からぶつかる自信がなくて,,pendente,
mev21_070.scr:21,mev21_070.scr,21,108,暁の従者・信者３,personagem,22,76,,CRLF x2,そして、世界から目をそらして\n逃げていた結果、\nラザリスに力を与えてしまった,,pendente,
mev21_070.scr:22,mev21_070.scr,22,108,暁の従者・信者３,personagem,23,16,,,私達の…弱さが…,,pendente,
mev21_070.scr:23,mev21_070.scr,23,109,暁の従者・信者４,personagem,24,72,,CRLF x1,あれからもう逃げずに、自分達で世界を\n守れるのならばと生き方を変えました,,pendente,
mev21_070.scr:24,mev21_070.scr,24,109,暁の従者・信者４,personagem,25,110,,CRLF x2,今起こっている世界の脅威、皆なす術もなく\n希望を見失う中、あなた達が果敢にも\n立ち向かっている事を知ったのです,,pendente,
mev21_070.scr:25,mev21_070.scr,25,62,アンジュ,personagem,26,20,,,そうだったんですか…,,pendente,
mev21_070.scr:26,mev21_070.scr,26,67,リタ,personagem,27,48,,CRLF x1,ふーん…。\nじゃ、あんた達にも重要な仕事があるわ,,pendente,
mev21_070.scr:27,mev21_070.scr,27,67,リタ,personagem,28,60,,CRLF x1,あんた達のさっき話した内容を、\n出来るだけ多くの人に伝えるの,,pendente,
mev21_070.scr:28,mev21_070.scr,28,67,リタ,personagem,29,28,,,…その…触れ合うっていうか…,,pendente,
mev21_070.scr:29,mev21_070.scr,29,108,暁の従者・信者３,personagem,30,28,,CRLF x1,…はい？\n触れ合う…ですか？,,pendente,
mev21_070.scr:30,mev21_070.scr,30,67,リタ,personagem,31,78,,CRLF x1,世界を守ろう、変えていこうという熱意を、\nルミナシアのみんなに伝えて欲しいのよ,,pendente,
mev21_070.scr:31,mev21_070.scr,31,67,リタ,personagem,32,22,,,侵食を、払拭する力をね,,pendente,
mev21_070.scr:32,mev21_070.scr,32,86,カノンノ,personagem,33,40,,,ディセンダーの力を、広めてもらうのね！！,,pendente,
mev21_070.scr:33,mev21_070.scr,33,67,リタ,personagem,34,60,,CRLF x2,…そ！\nカノンノの思いを、\n繋いだ手を通してこいつらに伝える,,pendente,
mev21_070.scr:34,mev21_070.scr,34,67,リタ,personagem,35,94,,CRLF x2,あたしが編み出したこの術式さえあれば、\n人と人とが触れ合うだけで、\n能力の転写が出来るはず…！,,pendente,
mev21_070.scr:35,mev21_070.scr,35,108,暁の従者・信者３,personagem,36,26,,,ディセンダーの力…ですか？,,pendente,
mev21_070.scr:36,mev21_070.scr,36,86,カノンノ,personagem,37,66,,CRLF x1,みんながディセンダーになるんです。\nみんなで世界を救いに導くんです,,pendente,
mev21_070.scr:37,mev21_070.scr,37,86,カノンノ,personagem,38,30,,,どうか、未来を共に作って下さい,,pendente,
mev21_070.scr:38,mev21_070.scr,38,109,暁の従者・信者４,personagem,39,66,,CRLF x1,出来る事であれば、何でもします。\n私達を必要としてくれてありがとう,,pendente,
mev21_070.scr:39,mev21_070.scr,39,67,リタ,personagem,40,54,,CRLF x2,よし。\nさーてと、\nあたしは切り株を分析してみるわね！,,pendente,
mev21_080.scr:0,mev21_080.scr,0,108,暁の従者・信者３,personagem,1,42,,CRLF x1,はい？\n私達に、伝えたい事がある…ですか？,,pendente,
mev21_080.scr:1,mev21_080.scr,1,108,暁の従者・信者３,personagem,2,30,,,ラザリスを憎まないでくれ…と？,,pendente,
mev21_080.scr:2,mev21_080.scr,2,108,暁の従者・信者３,personagem,3,84,,CRLF x2,そんな気持ちはありません。\nそれでは、私達は弱さを正当化したまま\n何も変われないから,,pendente,
mev21_080.scr:3,mev21_080.scr,3,109,暁の従者・信者４,personagem,4,64,,CRLF x1,正義感も主義主張も要りません。\n敵を作るのはもうたくさんですしね,,pendente,
mev21_080.scr:4,mev21_080.scr,4,109,暁の従者・信者４,personagem,5,96,,CRLF x2,私達に希望をありがとう、ディセンダー。\n共に生きて行く力を作りに、\n私達はこれから旅をしてきます,,pendente,
mev21_080.scr:5,mev21_080.scr,5,86,カノンノ,personagem,6,18,,,あの人達なら大丈夫,,pendente,
mev21_080.scr:6,mev21_080.scr,6,86,カノンノ,personagem,7,96,,CRLF x2,世界樹がラザリスを守ろうとした思いも、\nあなたの力も、あなたの光も、\nきっとみんなに届けられるよ,,pendente,
mev21_090.scr:0,mev21_090.scr,0,67,リタ,personagem,0,46,,CRLF x2,○○。\n切り株のドクメントの解析が\n終わったわ,,pendente,
mev21_090.scr:1,mev21_090.scr,1,67,リタ,personagem,1,56,,CRLF x1,一部だけど、ウズマキフスベの\nドクメントが手に入ったわよ,,pendente,
mev21_090.scr:2,mev21_090.scr,2,67,リタ,personagem,2,66,,CRLF x1,あとは、ツリガネトンボ草の時みたいに\nドクメントを補っていけばいい,,pendente,
mev21_090.scr:3,mev21_090.scr,3,67,リタ,personagem,3,28,,,そう出来れば、いいんだけど…,,pendente,
mev21_090.scr:4,mev21_090.scr,4,67,リタ,personagem,6,54,,CRLF x1,あんた、わかってないわね。\nそこが一番難しいんじゃない,,pendente,
mev21_090.scr:5,mev21_090.scr,5,67,リタ,personagem,7,36,,CRLF x1,ま、ね。\n前回と同じ様には行かないの,,pendente,
mev21_090.scr:6,mev21_090.scr,6,67,リタ,personagem,8,86,,CRLF x2,このウズマキフスベってキノコはね、\nツリガネトンボ草の時みたいに、\n進化をしていないの,,pendente,
mev21_090.scr:7,mev21_090.scr,7,86,カノンノ,personagem,9,12,,,どういう事？,,pendente,
mev21_090.scr:8,mev21_090.scr,8,45,ウィル,personagem,10,26,,,このキノコは、無性生殖でな,,pendente,
mev21_090.scr:9,mev21_090.scr,9,86,カノンノ,personagem,11,34,,,キノコって、胞子だけで増えるのに？,,pendente,
mev21_090.scr:10,mev21_090.scr,10,67,リタ,personagem,12,70,,CRLF x1,ま、あたしは専門じゃないけど、\nどうやらキノコも有性無性とあるらしいわ,,pendente,
mev21_090.scr:11,mev21_090.scr,11,45,ウィル,personagem,13,124,,CRLF x2,多くの生物が有性生殖をしているのは、\n異なる性の遺伝情報を掛け合わせる事によって\n多彩な遺伝子の組み合わせを生み出す為にある,,pendente,
mev21_090.scr:12,mev21_090.scr,12,45,ウィル,personagem,14,64,,CRLF x1,環境の変化などに対応し、種としての生存の\n可能性を図る為なのだが,,pendente,
mev21_090.scr:13,mev21_090.scr,13,45,ウィル,personagem,15,68,,CRLF x1,無性生殖はクローン作成になる為に、\n遺伝子に多様性が生まれる事はない,,pendente,
mev21_090.scr:14,mev21_090.scr,14,67,リタ,personagem,16,56,,CRLF x1,つまり、こいつのドクメントを\n継承した種類は、存在しない,,pendente,
mev21_090.scr:15,mev21_090.scr,15,86,カノンノ,personagem,17,38,,,「変化しない事」を選択した生物なんだ…,,pendente,
mev21_090.scr:16,mev21_090.scr,16,45,ウィル,personagem,18,60,,CRLF x1,いや、元々は変化の必要のない\n安定した土地に生えていたものだ,,pendente,
mev21_090.scr:17,mev21_090.scr,17,45,ウィル,personagem,19,80,,CRLF x1,恐らく、近年の星晶採掘の影響で急激に起きた\n変化の為に絶滅に追い込まれたのだろう,,pendente,
mev21_090.scr:18,mev21_090.scr,18,67,リタ,personagem,20,22,,,ヒトの都合で滅んだのね,,pendente,
mev21_090.scr:19,mev21_090.scr,19,86,カノンノ,personagem,21,12,,,そうだ！！！,,pendente,
mev21_090.scr:20,mev21_090.scr,20,86,カノンノ,personagem,22,68,,CRLF x1,あの、そのウズマキフスベを食べていた\n動物とか虫とかっていたのかな？,,pendente,
mev21_090.scr:21,mev21_090.scr,21,45,ウィル,personagem,23,30,,CRLF x1,ああ。\nそれは記録にあったが…,,pendente,
mev21_090.scr:22,mev21_090.scr,22,86,カノンノ,personagem,24,40,,,それ、きっと、受け継がれているはずです！,,pendente,
mev21_090.scr:23,mev21_090.scr,23,86,カノンノ,personagem,25,70,,CRLF x2,私、見たんです。\n食べ物になってくれた命が、\n受け継がれていくのを！！,,pendente,
mev21_090.scr:24,mev21_090.scr,24,45,ウィル,personagem,26,20,,,命が…受け継がれる？,,pendente,
mev21_090.scr:25,mev21_090.scr,25,67,リタ,personagem,28,40,,CRLF x1,…カノンノを信じろって？\nバカね、あんた,,pendente,
mev21_090.scr:26,mev21_090.scr,26,67,リタ,personagem,29,32,,,信じない、なんて言ってないでしょ,,pendente,
mev21_090.scr:27,mev21_090.scr,27,45,ウィル,personagem,30,74,,CRLF x2,よし、ならば\nウズマキフスベが絶滅する辺りから\n生きてる生物を調べておこう,,pendente,
mev21_090.scr:28,mev21_090.scr,28,,(opcao do jogador),escolha,4,32,,,早速、それに取り掛かろう、と言う,,pendente,
mev21_090.scr:29,mev21_090.scr,29,,(opcao do jogador),escolha,5,28,,,何か問題でもあるのか、と聞く,,pendente,
mev21_090.scr:30,mev21_090.scr,30,,(sem caixa de nome),sem_caixa,27,30,,,カノンノを信じて欲しいと訴える,,pendente,
mev21_100.scr:0,mev21_100.scr,0,86,カノンノ,personagem,0,40,,CRLF x1,ありがとう、○○。\n私の話を信じてくれて,,pendente,
mev21_100.scr:1,mev21_100.scr,1,86,カノンノ,personagem,3,74,,CRLF x2,ほら、食べ物になってくれた命が、\n受け継がれていくのを\n私が見たって話だよ,,pendente,
mev21_100.scr:2,mev21_100.scr,2,86,カノンノ,personagem,4,24,,,ん…、すごく嬉しかったよ,,pendente,
mev21_100.scr:3,mev21_100.scr,3,86,カノンノ,personagem,5,66,,CRLF x1,あのね、私、わかったんだ。\nどうして過去の世界の記憶が私にあるのか,,pendente,
mev21_100.scr:4,mev21_100.scr,4,86,カノンノ,personagem,6,76,,CRLF x1,きっと、原初の世界から続いてきた、\nたくさんの世界からのプレゼントだったんだ,,pendente,
mev21_100.scr:5,mev21_100.scr,5,86,カノンノ,personagem,7,48,,CRLF x1,未来を繋いでいけるという証。\n希望のプレゼント…,,pendente,
mev21_100.scr:6,mev21_100.scr,6,86,カノンノ,personagem,8,94,,CRLF x2,…この世界が実りを迎えて、\n新しい世界がまた生まれる時…、\n私達の記憶も受け継がれていくんだね,,pendente,
mev21_100.scr:7,mev21_100.scr,7,86,カノンノ,personagem,9,54,,CRLF x1,ずっと続いて来た記憶。\n今度は私達が希望を届けなきゃ…,,pendente,
mev21_100.scr:8,mev21_100.scr,8,86,カノンノ,personagem,10,40,,CRLF x1,生きて、\nみんなで一杯の可能性を学んで…,,pendente,
mev21_100.scr:9,mev21_100.scr,9,,(opcao do jogador),escolha,1,14,,,何の事、と聞く,,pendente,
mev21_100.scr:10,mev21_100.scr,10,,(opcao do jogador),escolha,2,14,,,当然だ、と言う,,pendente,
mev21_110.scr:0,mev21_110.scr,0,62,アンジュ,personagem,0,36,,CRLF x1,あら、ウィルさん。\n何か依頼ですか？,,pendente,
mev21_110.scr:1,mev21_110.scr,1,45,ウィル,personagem,1,56,,CRLF x1,切り株から、ウズマキフスベの\nドクメントの欠片を採取した,,pendente,
mev21_110.scr:2,mev21_110.scr,2,45,ウィル,personagem,2,44,,CRLF x1,このドクメントの残りを\n埋めていく必要がある,,pendente,
mev21_110.scr:3,mev21_110.scr,3,62,アンジュ,personagem,3,20,,,でも、どうやって…？,,pendente,
mev21_110.scr:4,mev21_110.scr,4,45,ウィル,personagem,4,76,,CRLF x2,ケイブレックスという魔物が、\nウズマキフスベを常食していたという\n記録がある,,pendente,
mev21_110.scr:5,mev21_110.scr,5,45,ウィル,personagem,5,74,,CRLF x1,ケイブレックスに、食べたウズマキフスベの\nドクメントがあるかもしれないんだ,,pendente,
mev21_110.scr:6,mev21_110.scr,6,62,アンジュ,personagem,6,72,,CRLF x2,それで、ウズマキフスベの\n完全なドクメントが手に入るのかも\nしれないのね,,pendente,
mev21_110.scr:7,mev21_110.scr,7,45,ウィル,personagem,7,46,,CRLF x1,賭けてみたいんだ。\nこの依頼を、受理して欲しい,,pendente,
mev21_110.scr:8,mev21_110.scr,8,62,アンジュ,personagem,8,18,,,はい、わかりました,,pendente,
mev22_010.scr:0,mev22_010.scr,0,62,アンジュ,personagem,0,52,,CRLF x1,今回の仕事では、コンフェイト大森林に\n行ってもらうね,,pendente,
mev22_010.scr:1,mev22_010.scr,1,62,アンジュ,personagem,1,92,,CRLF x2,あそこにいるケイブレックスという魔物が\nウズマキフスベを食べていたって\n記録があったらしいの,,pendente,
mev22_010.scr:2,mev22_010.scr,2,62,アンジュ,personagem,2,102,,CRLF x2,それで、ケイブレックスに\nウズマキフスベのドクメントがあるかも\nしれないって事で、今回行ってもらうわけ,,pendente,
mev22_010.scr:3,mev22_010.scr,3,62,アンジュ,personagem,3,26,,,同行者は、セネル君とティア,,pendente,
mev22_010.scr:4,mev22_010.scr,4,62,アンジュ,personagem,4,66,,CRLF x1,ゴツーイ魔物を相手にしなきゃいけないから\n大変だろうけど、お願いね,,pendente,
mev22_020.scr:0,mev22_020.scr,0,43,セネル,personagem,0,50,,CRLF x1,ケイブレックスか。\nまずはそいつを探し出さないとな,,pendente,
mev22_020.scr:1,mev22_020.scr,1,50,ティア,personagem,2,86,,CRLF x2,リタから、ウズマキフスベの\nドクメントピースが入っている\nギベオンチップを借りて来たわ,,pendente,
mev22_020.scr:2,mev22_020.scr,2,50,ティア,personagem,3,64,,CRLF x1,これをケイブレックスに当てれば、\nドクメントを採取出来るらしいの,,pendente,
mev22_020.scr:3,mev22_020.scr,3,43,セネル,personagem,4,42,,CRLF x1,そう、簡単に採取出来るとは\n思えないけどな,,pendente,
mev22_020.scr:4,mev22_020.scr,4,50,ティア,personagem,5,36,,CRLF x1,そうね。\n戦闘になる事も考えられるわ,,pendente,
mev22_030.scr:0,mev22_030.scr,0,50,ティア,personagem,1,26,,CRLF x1,いたわ。\nケイブレックスよ,,pendente,
mev22_030.scr:1,mev22_030.scr,1,43,セネル,personagem,2,64,,CRLF x2,よし、安全にドクメントを\n採取する為にも\nまずは動きを封じるぞ！,,pendente,
mev22_040.scr:0,mev22_040.scr,0,50,ティア,personagem,1,34,,CRLF x1,どうやら\nまだここに居てくれた様ね,,pendente,
mev22_040.scr:1,mev22_040.scr,1,43,セネル,personagem,2,40,,CRLF x1,ああ、逃げられてしまう前に\n片付けるぞ！,,pendente,
mev22_050.scr:0,mev22_050.scr,0,50,ティア,personagem,3,38,,,ギベオンチップに、ドクメントが入ったわ,,pendente,
mev22_050.scr:1,mev22_050.scr,1,43,セネル,personagem,4,40,,CRLF x1,そうか。\nじゃあ、これで仕事は終わりだな,,pendente,
mev22_050.scr:2,mev22_050.scr,2,50,ティア,personagem,5,72,,CRLF x2,いえ、今のはあくまで\nウズマキフスベのドクメントの一部が\n手に入っただけ,,pendente,
mev22_050.scr:3,mev22_050.scr,3,50,ティア,personagem,6,24,,,まだ、集める必要があるわ,,pendente,
mev22_050.scr:4,mev22_050.scr,4,43,セネル,personagem,7,50,,CRLF x1,じゃあ、まだケイブレックスを\n探す必要があるんだな,,pendente,
mev22_050.scr:5,mev22_050.scr,5,50,ティア,personagem,8,32,,,ええ、もっと奥へ行ってみましょう,,pendente,
mev22_060.scr:0,mev22_060.scr,0,43,セネル,personagem,1,26,,CRLF x1,いたぞ！\nケイブレックスだ,,pendente,
mev22_060.scr:1,mev22_060.scr,1,50,ティア,personagem,2,38,,CRLF x1,気が立っているわ。\n戦うしか無さそうね,,pendente,
mev22_060.scr:2,mev22_060.scr,2,43,セネル,personagem,3,26,,CRLF x1,一気に畳み込む。\n行くぞ！,,pendente,
mev22_070.scr:0,mev22_070.scr,0,43,セネル,personagem,1,36,,CRLF x1,次は気を付けろ。\n潰されない様にな！,,pendente,
mev22_080.scr:0,mev22_080.scr,0,43,セネル,personagem,3,48,,CRLF x2,どうだ。\nウズマキフスベのドクメントは\nあったか,,pendente,
mev22_080.scr:1,mev22_080.scr,1,50,ティア,personagem,4,4,,,ええ,,pendente,
mev22_080.scr:2,mev22_080.scr,2,50,ティア,personagem,5,28,,,でも、あと少し足りないみたい,,pendente,
mev22_080.scr:3,mev22_080.scr,3,50,ティア,personagem,6,26,,,まだ、採取する必要があるわ,,pendente,
mev22_080.scr:4,mev22_080.scr,4,43,セネル,personagem,7,46,,CRLF x1,まだ、あんなのを相手にしないと\nいけないのか…,,pendente,
mev22_085.scr:0,mev22_085.scr,0,43,セネル,personagem,0,52,,CRLF x1,ここら辺りがケイブレックスの棲家だと\n聞いたんだが…,,pendente,
mev22_085.scr:1,mev22_085.scr,1,43,セネル,personagem,1,48,,CRLF x1,しょうがない、他の場所を探して\nまた後で来ようぜ,,pendente,
mev22_090.scr:0,mev22_090.scr,0,43,セネル,personagem,1,14,,,ここにもいたか,,pendente,
mev22_090.scr:1,mev22_090.scr,1,50,ティア,personagem,2,40,,CRLF x1,向こうもこっちに気付いてる。\n来るわよ！,,pendente,
mev22_100.scr:0,mev22_100.scr,0,50,ティア,personagem,1,24,,CRLF x1,いたわ。\nみんな構えて！,,pendente,
mev22_100.scr:1,mev22_100.scr,1,43,セネル,personagem,2,18,,,ああ、わかってる！,,pendente,
mev22_110.scr:0,mev22_110.scr,0,50,ティア,personagem,3,44,,CRLF x1,ウズマキフスベのドクメントが\n全て埋まったわ,,pendente,
mev22_110.scr:1,mev22_110.scr,1,43,セネル,personagem,4,34,,CRLF x1,任務完了か。\nそれじゃ、船に戻ろう,,pendente,
mev22_110.scr:2,mev22_110.scr,2,50,ティア,personagem,5,4,,,ええ,,pendente,
mev22_115.scr:0,mev22_115.scr,0,50,ティア,personagem,0,68,,CRLF x2,ここは、ケイブレックスの目撃が\n多い場所らしいけれど。\n…いないわね,,pendente,
mev22_115.scr:1,mev22_115.scr,1,50,ティア,personagem,1,58,,CRLF x2,それじゃあ、\n今は他の場所を当たって、\nまた後に来ましょう,,pendente,
mev22_120.scr:0,mev22_120.scr,0,62,アンジュ,personagem,0,8,,,お疲れ様,,pendente,
mev22_120.scr:1,mev22_120.scr,1,62,アンジュ,personagem,1,66,,CRLF x2,これで、ウズマキフスベの\n完全なドクメントが\n手に入れられたんだね,,pendente,
mev22_120.scr:2,mev22_120.scr,2,67,リタ,personagem,2,106,,CRLF x2,これで、塩水晶、ツリガネトンボ草、\nウズマキフスベのドクメントを組み合わせて、\n封印次元を作る事が出来るわ,,pendente,
mev22_120.scr:3,mev22_120.scr,3,62,アンジュ,personagem,3,20,,,長い道のりだったね…,,pendente,
mev22_120.scr:4,mev22_120.scr,4,62,アンジュ,personagem,4,90,,CRLF x2,あの暁の従者の二人の働きで、\n侵食浄化はもとより、また世界中の人々が\n手を繋ぎ始めたそうよ,,pendente,
mev22_120.scr:5,mev22_120.scr,5,62,アンジュ,personagem,5,56,,CRLF x1,握手で○○の能力と、\n助け合う為の繋がりが作られているの,,pendente,
mev22_120.scr:6,mev22_120.scr,6,62,アンジュ,personagem,6,54,,CRLF x1,一人のディセンダーから、\n希望の光は世界中に灯っていく,,pendente,
mev22_120.scr:7,mev22_120.scr,7,62,アンジュ,personagem,7,48,,CRLF x1,わたし達はその神話を、\n今まさに目にしてるのね…,,pendente,
mev22_120.scr:8,mev22_120.scr,8,67,リタ,personagem,8,72,,CRLF x2,組み上げたドクメントは、\nマナの流れに乗せて、\n世界樹へ送り込めばいいの,,pendente,
mev22_120.scr:9,mev22_120.scr,9,67,リタ,personagem,9,30,,,それで、封印次元を形成出来るわ,,pendente,
mev22_120.scr:10,mev22_120.scr,10,67,リタ,personagem,10,74,,CRLF x1,封印次元を作ったあとは、世界樹を媒体に\nラザリスの情報を送信させればいいの,,pendente,
mev22_120.scr:11,mev22_120.scr,11,19,ハロルド,personagem,11,58,,CRLF x1,となると、この計画は\n聖地ラングリースで行うのが良さそうね,,pendente,
mev22_120.scr:12,mev22_120.scr,12,19,ハロルド,personagem,12,54,,CRLF x1,よし、急いで準備を始めましょう。\nそれまで待ってなさい,,pendente,
mev22_130.scr:0,mev22_130.scr,0,60,イリア,personagem,0,26,,CRLF x1,○○、\nちょっと話があんの,,pendente,
mev22_130.scr:1,mev22_130.scr,1,60,イリア,personagem,1,100,,CRLF x2,あたし、あんたがディセンダーってわかって\nすぐに、あんまり当てにしない方が良さそう\n…って言ったけど,,pendente,
mev22_130.scr:2,mev22_130.scr,2,60,イリア,personagem,2,22,,CRLF x1,あれ、謝るわ。\nゴメン,,pendente,
mev22_130.scr:3,mev22_130.scr,3,60,イリア,personagem,5,68,,CRLF x2,いや、うーん。\nあんたが良くても、\nあたしはスジ通しときたいんだもん,,pendente,
mev22_130.scr:4,mev22_130.scr,4,60,イリア,personagem,6,18,,,気にしてないって？,,pendente,
mev22_130.scr:5,mev22_130.scr,5,60,イリア,personagem,7,32,,,はぁ、まーあんたらしいけどさー…,,pendente,
mev22_130.scr:6,mev22_130.scr,6,60,イリア,personagem,8,44,,CRLF x1,これは、あたし自身のケジメでも\nあるんだから,,pendente,
mev22_130.scr:7,mev22_130.scr,7,60,イリア,personagem,9,96,,CRLF x2,つか、ディセンダーがどうとかじゃなくて、\nあたしもやれる事をあんたみたいに\nやれば良かったなって,,pendente,
mev22_130.scr:8,mev22_130.scr,8,60,イリア,personagem,10,40,,CRLF x1,あの時は、甘ったれてたわねーって\n思うわ,,pendente,
mev22_130.scr:9,mev22_130.scr,9,60,イリア,personagem,11,10,,,そんだけよ,,pendente,
mev22_130.scr:10,mev22_130.scr,10,60,イリア,personagem,12,88,,CRLF x2,ただ、あんたって…。\n予言で伝えられている通り\n世界を救ったら、世界樹へ帰っちゃうワケ？,,pendente,
mev22_130.scr:11,mev22_130.scr,11,60,イリア,personagem,15,30,,,あ〜…、聞いて欲しくなかった？,,pendente,
mev22_130.scr:12,mev22_130.scr,12,60,イリア,personagem,16,28,,,そこは触れないでくれって事？,,pendente,
mev22_130.scr:13,mev22_130.scr,13,60,イリア,personagem,17,62,,CRLF x1,とにかくさ、あんたがいなくなったら\nここのみんなが悲しむじゃん,,pendente,
mev22_130.scr:14,mev22_130.scr,14,60,イリア,personagem,18,64,,CRLF x2,そうは言っても、\nあたし達はあんたの決める事を\n止められないけど,,pendente,
mev22_130.scr:15,mev22_130.scr,15,60,イリア,personagem,19,68,,CRLF x1,だって、あんたは誰にも、何にも縛られない\n自由なディセンダーだからさ,,pendente,
mev22_130.scr:16,mev22_130.scr,16,60,イリア,personagem,20,58,,CRLF x1,ま、そーいうわけで、前の言葉、取り消すわ。\nホントにゴメン,,pendente,
mev22_130.scr:17,mev22_130.scr,17,,(opcao do jogador),escolha,3,22,,,気にしていない、と言う,,pendente,
mev22_130.scr:18,mev22_130.scr,18,,(opcao do jogador),escolha,4,10,,,笑って返す,,pendente,
mev22_130.scr:19,mev22_130.scr,19,,(opcao do jogador),escolha,13,4,,,黙る,,pendente,
mev22_130.scr:20,mev22_130.scr,20,,(opcao do jogador),escolha,14,8,,,苦笑する,,pendente,
mev22_140.scr:0,mev22_140.scr,0,67,リタ,personagem,0,26,,CRLF x1,アンジュ。\n準備が整ったわ,,pendente,
mev22_140.scr:1,mev22_140.scr,1,62,アンジュ,personagem,1,40,,CRLF x1,ええ。\nそれじゃあ、依頼として登録するね,,pendente,
mev22_140.scr:2,mev22_140.scr,2,86,カノンノ,personagem,2,16,,,私も行っていい？,,pendente,
mev22_140.scr:3,mev22_140.scr,3,62,アンジュ,personagem,3,58,,CRLF x2,いいわよ。\nでも、念の為にもう一人、\n募集した方がいいかな,,pendente,
mev22_140.scr:4,mev22_140.scr,4,67,リタ,personagem,4,46,,CRLF x2,そうね。\n腕に自信のありそうな奴\n募集しといて,,pendente,
mev23_010.scr:0,mev23_010.scr,0,62,アンジュ,personagem,0,42,,CRLF x1,いよいよね…。\nやっとラザリスを封印出来る,,pendente,
mev23_010.scr:1,mev23_010.scr,1,62,アンジュ,personagem,1,52,,CRLF x1,でも、これでアドリビトムの仕事が\n終わるわけではない,,pendente,
mev23_010.scr:2,mev23_010.scr,2,62,アンジュ,personagem,2,56,,CRLF x1,ラザリスの為にも、\nこの世界はもっと変わらなきゃいけない,,pendente,
mev23_010.scr:3,mev23_010.scr,3,62,アンジュ,personagem,3,62,,CRLF x1,誰もが手を取り合い、繋がり、\nお互いを受け入れられる世界にね…,,pendente,
mev23_010.scr:4,mev23_010.scr,4,62,アンジュ,personagem,4,30,,,さて、今回の仕事の説明をするよ,,pendente,
mev23_010.scr:5,mev23_010.scr,5,62,アンジュ,personagem,5,52,,CRLF x1,聖地ラングリースのボルテックスに\n向かってちょうだい,,pendente,
mev23_010.scr:6,mev23_010.scr,6,62,アンジュ,personagem,6,24,,,同行者は、リタとカノンノ,,pendente,
mev23_010.scr:7,mev23_010.scr,7,62,アンジュ,personagem,7,68,,CRLF x1,目的地に着けば、後はリタがドクメントを\n世界樹へ送り込んでくれるから,,pendente,
mev23_010.scr:8,mev23_010.scr,8,62,アンジュ,personagem,8,36,,,それじゃ、気を付けて行ってらっしゃい,,pendente,
mev23_020.scr:0,mev23_020.scr,0,86,カノンノ,personagem,0,12,,,ねえ、○○…,,pendente,
mev23_020.scr:1,mev23_020.scr,1,86,カノンノ,personagem,1,46,,CRLF x1,これが…終わったら、\n世界樹に帰ってしまうの？,,pendente,
mev23_020.scr:2,mev23_020.scr,2,86,カノンノ,personagem,4,34,,CRLF x1,うん。\nそれが、あなたの意志なのね,,pendente,
mev23_020.scr:3,mev23_020.scr,3,86,カノンノ,personagem,5,16,,,まだ、やる事…？,,pendente,
mev23_020.scr:4,mev23_020.scr,4,67,リタ,personagem,6,76,,CRLF x2,ラザリスを封印した後も\n世界の復興に向けて、\nまだまだ頑張りたいって事でしょ,,pendente,
mev23_020.scr:5,mev23_020.scr,5,86,カノンノ,personagem,7,26,,,…手を、貸して欲しいって？,,pendente,
mev23_020.scr:6,mev23_020.scr,6,86,カノンノ,personagem,8,90,,CRLF x2,もちろんだよ！\nアドリビトムのみんなも、手を貸してくれる。\nみんなで世界を変えられるよ！！,,pendente,
mev23_020.scr:7,mev23_020.scr,7,86,カノンノ,personagem,9,84,,CRLF x2,この旅でたくさんの創造を見てきた。\n私達の未来は予測するものじゃなく、\n創り出すもの,,pendente,
mev23_020.scr:8,mev23_020.scr,8,67,リタ,personagem,10,60,,CRLF x2,そ！\nどんな世界にするかは、\nあたし達一人ひとりにかかってる,,pendente,
mev23_020.scr:9,mev23_020.scr,9,86,カノンノ,personagem,11,82,,CRLF x2,みんなで変えていこう。\nラザリスと生きていける世界を、\n私達はきっと作り出せるよ！,,pendente,
mev23_020.scr:10,mev23_020.scr,10,,(opcao do jogador),escolha,2,24,,,そのつもりはない、と言う,,pendente,
mev23_020.scr:11,mev23_020.scr,11,,(opcao do jogador),escolha,3,24,,,まだやる事がある、と言う,,pendente,
mev23_030.scr:0,mev23_030.scr,0,86,カノンノ,personagem,1,66,,CRLF x2,前に来たボルテックスだ。\nやっぱりマナが強烈で、\nくらっとくるなぁ,,pendente,
mev23_030.scr:1,mev23_030.scr,1,67,リタ,personagem,2,56,,CRLF x1,残念ながら、これはお目当ての\nボルテックスじゃないのよね,,pendente,
mev23_030.scr:2,mev23_030.scr,2,86,カノンノ,personagem,3,34,,CRLF x1,えっ、そうなの？\n他にもあったんだ,,pendente,
mev23_030.scr:3,mev23_030.scr,3,67,リタ,personagem,4,60,,CRLF x1,ここのボルテックスは、\n世界樹が生み出すマナが「噴出」する所,,pendente,
mev23_030.scr:4,mev23_030.scr,4,67,リタ,personagem,5,90,,CRLF x2,今回あたし達が探しているのは、\n世界中を巡ったマナが\n世界樹に「吸収」されるボルテックスよ,,pendente,
mev23_030.scr:5,mev23_030.scr,5,86,カノンノ,personagem,6,52,,CRLF x1,でも、ここから先は行き止まりだし\nどう行けばいいの？,,pendente,
mev23_030.scr:6,mev23_030.scr,6,67,リタ,personagem,7,4,,,う…,,pendente,
mev23_030.scr:7,mev23_030.scr,7,67,リタ,personagem,10,50,,CRLF x1,う、うるさいわね！\n計算済みに決まってるでしょ！！,,pendente,
mev23_030.scr:8,mev23_030.scr,8,67,リタ,personagem,11,20,,,やっかましい、そこ！,,pendente,
mev23_030.scr:9,mev23_030.scr,9,67,リタ,personagem,12,28,,,あー、もう、わかったわよっ！,,pendente,
mev23_030.scr:10,mev23_030.scr,10,67,リタ,personagem,13,26,,,無い道は作りゃあいいのよ！,,pendente,
mev23_030.scr:11,mev23_030.scr,11,67,リタ,personagem,14,14,,,何か文句ある？,,pendente,
mev23_030.scr:12,mev23_030.scr,12,67,リタ,personagem,15,14,,,ほら、行くわよ,,pendente,
mev23_030.scr:13,mev23_030.scr,13,,(opcao do jogador),escolha,8,22,,,道を間違えたか、と聞く,,pendente,
mev23_030.scr:14,mev23_030.scr,14,,(opcao do jogador),escolha,9,24,,,早く道を教えて、とせがむ,,pendente,
mev23_040.scr:0,mev23_040.scr,0,67,リタ,personagem,0,70,,CRLF x1,「ヒトの祖」がソウルアルケミーの力を\n手放した理由、今なら理解出来るわ,,pendente,
mev23_040.scr:1,mev23_040.scr,1,86,カノンノ,personagem,1,36,,,ヴェラトローパにいた「ヒトの祖」は…,,pendente,
mev23_040.scr:2,mev23_040.scr,2,86,カノンノ,personagem,2,76,,CRLF x2,自ら地上に降りて、世界と共に\n創造の担い手として生きる事を選んだ、\nだよね？,,pendente,
mev23_040.scr:3,mev23_040.scr,3,67,リタ,personagem,3,50,,CRLF x1,こんな、スゴイ力を手放すなんて\nバカねって思ってた,,pendente,
mev23_040.scr:4,mev23_040.scr,4,67,リタ,personagem,4,102,,CRLF x2,何でも自分の手で作り出せる力があれば、\n世界に飢えや貧困なんて、\n起こらないで済んだのに、って思ってた,,pendente,
mev23_040.scr:5,mev23_040.scr,5,67,リタ,personagem,5,76,,CRLF x1,でも、それじゃあ、自分や他人の資質に\n気付けないまま一生が終わっちゃうのよね,,pendente,
mev23_040.scr:6,mev23_040.scr,6,86,カノンノ,personagem,6,4,,,うん,,pendente,
mev23_040.scr:7,mev23_040.scr,7,86,カノンノ,personagem,7,68,,CRLF x1,そうなっていたら、きっと私達、\n手を取り合う事は知らなかったハズだよ,,pendente,
mev23_040.scr:8,mev23_040.scr,8,86,カノンノ,personagem,8,90,,CRLF x2,誰かの事が必要だったり、\n自分も誰かに必要とされたりする事を、\n知らずに生きていたと思うの,,pendente,
mev23_040.scr:9,mev23_040.scr,9,67,リタ,personagem,9,96,,CRLF x2,ソウルアルケミーの力は確かに便利だし、\n封印次元を作るには、\nこの力が無ければ不可能だったと思う,,pendente,
mev23_040.scr:10,mev23_040.scr,10,67,リタ,personagem,10,50,,CRLF x1,でも、これからの世界を生きて行くのには、\n不要だわ,,pendente,
mev23_040.scr:11,mev23_040.scr,11,86,カノンノ,personagem,11,58,,CRLF x1,え、でもリタ…。\nあなたの研究テーマが無くなっちゃうよ…？,,pendente,
mev23_040.scr:12,mev23_040.scr,12,67,リタ,personagem,12,80,,CRLF x1,望めば研究対象なんかすぐ見つかるわよ。\n生きていれば、何だって生み出していけるわ,,pendente,
mev23_040.scr:13,mev23_040.scr,13,86,カノンノ,personagem,13,14,,,うん、そうだね,,pendente,
mev23_050.scr:0,mev23_050.scr,0,67,リタ,personagem,1,32,,,ほら、あれが目的のボルテックスよ,,pendente,
mev23_050.scr:1,mev23_050.scr,1,86,カノンノ,personagem,2,26,,,マナが吸い込まれて行ってる,,pendente,
mev23_050.scr:2,mev23_050.scr,2,67,リタ,personagem,3,70,,CRLF x2,このボルテックスは、\n世界樹の根に繋がってるって\nセルシウスが言ってた,,pendente,
mev23_050.scr:3,mev23_050.scr,3,67,リタ,personagem,4,88,,CRLF x2,みんなで集めた星晶の代わり…。\n封印次元に必要なドクメントを、\nここから世界樹に流すのよ,,pendente,
mev23_050.scr:4,mev23_050.scr,4,67,リタ,personagem,5,42,,CRLF x1,で、世界樹には封印次元を\n展開してもらうの,,pendente,
mev23_050.scr:5,mev23_050.scr,5,67,リタ,personagem,6,36,,CRLF x1,っと、論ずるよりも実行ね。\n始めるわ,,pendente,
mev23_050.scr:6,mev23_050.scr,6,67,リタ,personagem,7,48,,CRLF x1,世界中のみんなが集めた\nドクメントなんだから…！,,pendente,
mev23_050.scr:7,mev23_050.scr,7,67,リタ,personagem,8,18,,,うまくいって…！！,,pendente,
mev23_060.scr:0,mev23_060.scr,0,90,ロックス,personagem,1,32,,,あれが、ラザリスの為のゆりかご…,,pendente,
mev23_060.scr:1,mev23_060.scr,1,91,ニアタ,personagem,2,32,,,待て…、封印次元が不安定に…！！,,pendente,
mev23_070.scr:0,mev23_070.scr,0,86,カノンノ,personagem,2,12,,,…や……！！,,pendente,
mev23_080.scr:0,mev23_080.scr,0,86,カノンノ,personagem,1,18,,,○○、気が付いた…,,pendente,
mev23_080.scr:1,mev23_080.scr,1,86,カノンノ,personagem,2,26,,CRLF x1,良かった。\n良かったよぉ…,,pendente,
mev23_080.scr:2,mev23_080.scr,2,91,ニアタ,personagem,3,44,,CRLF x1,世界樹とディセンダーは、\n一心同体だからな…,,pendente,
mev23_080.scr:3,mev23_080.scr,3,91,ニアタ,personagem,4,28,,,あの痛みをそのまま受けたか…,,pendente,
mev23_080.scr:4,mev23_080.scr,4,67,リタ,personagem,5,46,,CRLF x1,まさか…。\n封印次元の力が及ばなかったなんて…,,pendente,
mev23_080.scr:5,mev23_080.scr,5,19,ハロルド,personagem,6,40,,CRLF x1,世界樹自体の衰えも\nあるかもしれないわね,,pendente,
mev23_080.scr:6,mev23_080.scr,6,19,ハロルド,personagem,7,70,,CRLF x2,ラザリスだって、\nこの世界に現れた時とは、\n変化してるかもしれないもの,,pendente,
mev23_080.scr:7,mev23_080.scr,7,67,リタ,personagem,8,58,,CRLF x1,世界樹が侵食されてるわ。\nこのまま、生命の場を奪うつもりね,,pendente,
mev23_080.scr:8,mev23_080.scr,8,91,ニアタ,personagem,9,26,,,ディセンダーにまで侵食が！,,pendente,
mev23_080.scr:9,mev23_080.scr,9,91,ニアタ,personagem,10,12,,,行くのだな…,,pendente,
mev23_080.scr:10,mev23_080.scr,10,91,ニアタ,personagem,11,34,,,さても壮大な兄弟ゲンカになりそうだ,,pendente,
mev23_080.scr:11,mev23_080.scr,11,91,ニアタ,personagem,12,46,,CRLF x1,ディセンダー。\n自分の信じる、創造を行いなさい,,pendente,
mev23_090.scr:0,mev23_090.scr,0,62,アンジュ,personagem,0,28,,CRLF x1,お仕事、ご苦労様…。\n………,,pendente,
mev23_090.scr:1,mev23_090.scr,1,62,アンジュ,personagem,1,38,,CRLF x1,なぁに？\n何か言いたそうな顔をしてるね,,pendente,
mev23_090.scr:2,mev23_090.scr,2,62,アンジュ,personagem,2,28,,CRLF x1,いいよ。\n何でも言って、○○,,pendente,
mev23_090.scr:3,mev23_090.scr,3,62,アンジュ,personagem,5,26,,,それは、あなたからの依頼ね,,pendente,
mev23_090.scr:4,mev23_090.scr,4,62,アンジュ,personagem,6,48,,CRLF x2,行くつもりなんでしょ。\n一人で。\nラザリスの元へ,,pendente,
mev23_090.scr:5,mev23_090.scr,5,62,アンジュ,personagem,7,58,,CRLF x1,脱退するかどうかより、\nやる事やってからじゃないと困るよ？,,pendente,
mev23_090.scr:6,mev23_090.scr,6,62,アンジュ,personagem,8,70,,CRLF x2,それにね、\nわたし達を仲間はずれにしようなんて、\nさせやしないんだから,,pendente,
mev23_090.scr:7,mev23_090.scr,7,62,アンジュ,personagem,9,16,,,……………………,,pendente,
mev23_090.scr:8,mev23_090.scr,8,62,アンジュ,personagem,10,20,,,世界樹の観測はどう？,,pendente,
mev23_090.scr:9,mev23_090.scr,9,67,リタ,personagem,11,66,,CRLF x1,世界樹の理が変わり始めている。\n世界樹自体が異空間といったところね,,pendente,
mev23_090.scr:10,mev23_090.scr,10,62,アンジュ,personagem,12,8,,,行ける？,,pendente,
mev23_090.scr:11,mev23_090.scr,11,67,リタ,personagem,13,72,,CRLF x2,行くしかないんでしょ。\nこのまま負けるのはイヤだし。\n自分に負けるのもね,,pendente,
mev23_090.scr:12,mev23_090.scr,12,67,リタ,personagem,14,72,,CRLF x1,そうね、まずはその得体の知れない空間に\n行っても大丈夫な方法を考えなきゃ,,pendente,
mev23_090.scr:13,mev23_090.scr,13,91,ニアタ,personagem,15,34,,,ならば、我々の防壁機能を使ってくれ,,pendente,
mev23_090.scr:14,mev23_090.scr,14,91,ニアタ,personagem,16,82,,CRLF x2,物理法則が異なる数々の世界を\n渡って来た身体だ。\n多少はあの空間に耐えられるだろう,,pendente,
mev23_090.scr:15,mev23_090.scr,15,91,ニアタ,personagem,17,78,,CRLF x2,我々を改造し、防壁の効果範囲を広げてくれ。\nそれで○○を守る事が\n出来るはずだ,,pendente,
mev23_090.scr:16,mev23_090.scr,16,91,ニアタ,personagem,18,64,,CRLF x1,だが…侵食の影響は、どうにもならん。\n時間の問題という事になるが,,pendente,
mev23_090.scr:17,mev23_090.scr,17,67,リタ,personagem,19,12,,,あ…ありがと,,pendente,
mev23_090.scr:18,mev23_090.scr,18,67,リタ,personagem,20,62,,CRLF x1,あんたがここに居てくれたおかげで、\nまだ諦めなくて済むんだもの,,pendente,
mev23_090.scr:19,mev23_090.scr,19,67,リタ,personagem,21,24,,,…改造、やらせてもらうわ,,pendente,
mev23_090.scr:20,mev23_090.scr,20,67,リタ,personagem,22,72,,CRLF x2,諦めない…！\n何とかする…あたしが何とかして見せるから、\n待ってなさい！,,pendente,
mev23_090.scr:21,mev23_090.scr,21,67,リタ,personagem,23,38,,,一筋の光明でも、大きな光にしてみせる！,,pendente,
mev23_090.scr:22,mev23_090.scr,22,62,アンジュ,personagem,24,20,,,…と言うわけよ、○○,,pendente,
mev23_090.scr:23,mev23_090.scr,23,62,アンジュ,personagem,25,50,,CRLF x1,リタの作業が終わるまで、\nもう少し時間をちょうだい,,pendente,
mev23_090.scr:24,mev23_090.scr,24,62,アンジュ,personagem,26,82,,CRLF x2,わたしからの依頼として、\n世界樹の中のエラン・ヴィタールに\n行ける様にしておくから,,pendente,
mev23_090.scr:25,mev23_090.scr,25,67,リタ,personagem,27,20,,,エラン・ヴィタール？,,pendente,
mev23_090.scr:26,mev23_090.scr,26,62,アンジュ,personagem,28,52,,CRLF x1,生命の躍動という意味よ。\nラザリスがいる、生きた空間,,pendente,
mev23_090.scr:27,mev23_090.scr,27,62,アンジュ,personagem,29,40,,CRLF x1,ラザリスの世界ジルディアが\n生まれる所…,,pendente,
mev23_090.scr:28,mev23_090.scr,28,,(opcao do jogador),escolha,3,30,,,世界樹へ行かせて欲しい、と言う,,pendente,
mev23_090.scr:29,mev23_090.scr,29,,(opcao do jogador),escolha,4,32,,,アドリビトムを脱退したい、と言う,,pendente,
mev23_100.scr:0,mev23_100.scr,0,67,リタ,personagem,0,52,,CRLF x2,○○、\n何とかエラン・ヴィタールへ\n行ける様にしたわ,,pendente,
mev23_100.scr:1,mev23_100.scr,1,67,リタ,personagem,1,58,,CRLF x1,改造を施したニアタが、\nあんたをあの未知の空間から守るはず,,pendente,
mev23_100.scr:2,mev23_100.scr,2,67,リタ,personagem,2,30,,,さ、いつ行ってきてもいいのよ？,,pendente,
mev23_100.scr:3,mev23_100.scr,3,67,リタ,personagem,5,54,,CRLF x1,失敗してるかもしれないのに。\nホント、人がいいったら…,,pendente,
mev23_100.scr:4,mev23_100.scr,4,67,リタ,personagem,6,38,,CRLF x1,ま、あんたの力も\nとりあえず信じとくわ,,pendente,
mev23_100.scr:5,mev23_100.scr,5,67,リタ,personagem,7,40,,CRLF x1,べ、別に、\nやりたいからやっただけだし…,,pendente,
mev23_100.scr:6,mev23_100.scr,6,67,リタ,personagem,8,46,,CRLF x1,あんたの為とか…、\nそういうんじゃないんだから,,pendente,
mev23_100.scr:7,mev23_100.scr,7,67,リタ,personagem,9,42,,CRLF x1,じゃ、とっとと依頼を受けて\n行ってくるのね,,pendente,
mev23_100.scr:8,mev23_100.scr,8,67,リタ,personagem,10,26,,,…ちゃんと、帰ってくんのよ,,pendente,
mev23_100.scr:9,mev23_100.scr,9,,(opcao do jogador),escolha,3,26,,,リタの技術を信じる、と言う,,pendente,
mev23_100.scr:10,mev23_100.scr,10,,(opcao do jogador),escolha,4,8,,,礼を言う,,pendente,
mev24_010.scr:0,mev24_010.scr,0,62,アンジュ,personagem,0,56,,CRLF x1,わたし達の世界ルミナシアと、\nラザリスの世界ジルディア…,,pendente,
mev24_010.scr:1,mev24_010.scr,1,62,アンジュ,personagem,1,54,,CRLF x1,今回の依頼は、この二つの世界の\n存在を賭けての大仕事よ,,pendente,
mev24_010.scr:2,mev24_010.scr,2,62,アンジュ,personagem,2,76,,CRLF x2,あなたが果たす目的は一つ。\nエラン・ヴィタールへ進入し、\nルミナシアを守る事,,pendente,
mev24_010.scr:3,mev24_010.scr,3,62,アンジュ,personagem,3,60,,CRLF x1,あの空間に行ったところで、\n何が出来るかはわからないけれど…,,pendente,
mev24_010.scr:4,mev24_010.scr,4,62,アンジュ,personagem,4,44,,CRLF x1,でも、自分が正しいと思った事は\nやりなさい！,,pendente,
mev24_010.scr:5,mev24_010.scr,5,62,アンジュ,personagem,5,38,,,あなたは…いつもそうやって来たんだから,,pendente,
mev24_010.scr:6,mev24_010.scr,6,62,アンジュ,personagem,6,44,,CRLF x1,…同行者は、\nあなたが自由に決めてちょうだい,,pendente,
mev24_010.scr:7,mev24_010.scr,7,62,アンジュ,personagem,7,28,,,それじゃあ、行ってきなさい！,,pendente,
mev24_020.scr:0,mev24_020.scr,0,91,ニアタ,personagem,0,80,,CRLF x2,ふむ、我々の防壁機能が\n役に立ってくれた様だ。\n何とかそなたを守っていけるだろう,,pendente,
mev24_020.scr:1,mev24_020.scr,1,91,ニアタ,personagem,1,60,,CRLF x1,ここは、ラザリスの世界。\n彼女の生み出すはずだった世界の風景,,pendente,
mev24_020.scr:2,mev24_020.scr,2,91,ニアタ,personagem,2,62,,CRLF x1,だが、まだ完全ではない様だ。\n世界の息吹、意志が感じられない…,,pendente,
mev24_020.scr:3,mev24_020.scr,3,91,ニアタ,personagem,5,28,,CRLF x1,ああ。\nここはまこと美しい…,,pendente,
mev24_020.scr:4,mev24_020.scr,4,91,ニアタ,personagem,6,58,,CRLF x2,そうだ。\n「まだ」、ルミナシアとは\n相容れぬ世界だからな…,,pendente,
mev24_020.scr:5,mev24_020.scr,5,91,ニアタ,personagem,7,50,,CRLF x1,根源の一つの世界から、\n那由多の数の世界が生まれた,,pendente,
mev24_020.scr:6,mev24_020.scr,6,91,ニアタ,personagem,8,106,,CRLF x2,たった一つの世界から、幾重にも渡る\n創造を経て、ジルディアも、このルミナシアも\n大いなる実りとなったのだ…,,pendente,
mev24_020.scr:7,mev24_020.scr,7,91,ニアタ,personagem,11,26,,,遠く隔てられた理かもしれん,,pendente,
mev24_020.scr:8,mev24_020.scr,8,91,ニアタ,personagem,12,74,,CRLF x2,だが、それでも、交わるたった一つの所に、\n今我々はいるのだ。\n…わかるな？,,pendente,
mev24_020.scr:9,mev24_020.scr,9,91,ニアタ,personagem,13,38,,CRLF x1,そうだな。\nそなた達は兄弟の様なものだ,,pendente,
mev24_020.scr:10,mev24_020.scr,10,91,ニアタ,personagem,14,44,,CRLF x1,ラザリスを消す事は、\n世界樹も望んではいまい,,pendente,
mev24_020.scr:11,mev24_020.scr,11,91,ニアタ,personagem,15,54,,CRLF x1,だからこそ、世界樹はジルディアを\n取り込んだのだからな,,pendente,
mev24_020.scr:12,mev24_020.scr,12,91,ニアタ,personagem,16,64,,CRLF x1,そなたはディセンダー。\n光を奪わず、全てのものに光を分け与える者,,pendente,
mev24_020.scr:13,mev24_020.scr,13,91,ニアタ,personagem,17,46,,CRLF x1,可能性はそなたの中にある。\nどんな未来でも望め,,pendente,
mev24_020.scr:14,mev24_020.scr,14,91,ニアタ,personagem,18,38,,,そして、望んだ以上は未来を手に入れろ！,,pendente,
mev24_020.scr:15,mev24_020.scr,15,,(opcao do jogador),escolha,3,14,,,風景に見惚れる,,pendente,
mev24_020.scr:16,mev24_020.scr,16,,(opcao do jogador),escolha,4,38,,,ここではヒトは生きてはいけない、と言う,,pendente,
mev24_020.scr:17,mev24_020.scr,17,,(opcao do jogador),escolha,9,42,,,きっと、共に生きられる世界になれる、と言う,,pendente,
mev24_020.scr:18,mev24_020.scr,18,,(opcao do jogador),escolha,10,36,,,ラザリスを消す事はしたくない、と言う,,pendente,
mev24_021.scr:0,mev24_021.scr,0,86,カノンノ,personagem,1,30,,,ジルディアの…、ラザリスの子ね,,pendente,
mev24_021.scr:1,mev24_021.scr,1,86,カノンノ,personagem,2,46,,CRLF x1,逃げられそうにない。\n視線を外せば、やられる…,,pendente,
mev24_021.scr:2,mev24_021.scr,2,91,ニアタ,personagem,3,48,,CRLF x1,この場からは逃れられんな…。\n勝つしかあるまいよ,,pendente,
mev24_021.scr:3,mev24_021.scr,3,86,カノンノ,personagem,4,38,,CRLF x1,行こう、○○。\n大丈夫、きっと勝てる！,,pendente,
mev24_021.scr:4,mev24_021.scr,4,91,ニアタ,personagem,5,20,,,ジルディアの生物か…,,pendente,
mev24_021.scr:5,mev24_021.scr,5,91,ニアタ,personagem,6,48,,CRLF x1,この場からは逃れられんな…。\n勝つしかあるまいよ,,pendente,
mev24_022.scr:0,mev24_022.scr,0,86,カノンノ,personagem,1,30,,,何て…、不思議な姿なんだろう…,,pendente,
mev24_022.scr:1,mev24_022.scr,1,86,カノンノ,personagem,2,20,,,ラザリスが生んだ子…,,pendente,
mev24_022.scr:2,mev24_022.scr,2,86,カノンノ,personagem,3,48,,CRLF x1,でも、今はこの子と戦わなければ\nいけないんだね…,,pendente,
mev24_022.scr:3,mev24_022.scr,3,91,ニアタ,personagem,4,64,,CRLF x2,悲しいかな。\nまだお互い、共に生きる事が出来ない\n相容れぬもの…,,pendente,
mev24_022.scr:4,mev24_022.scr,4,91,ニアタ,personagem,5,58,,CRLF x1,あの命、今はそなたの手で預かるのだ。\n行け、ディセンダー！,,pendente,
mev24_022.scr:5,mev24_022.scr,5,91,ニアタ,personagem,6,8,,,…美しい,,pendente,
mev24_022.scr:6,mev24_022.scr,6,91,ニアタ,personagem,7,64,,CRLF x2,悲しいかな。\nまだお互い、共に生きる事が出来ない\n相容れぬもの…,,pendente,
mev24_022.scr:7,mev24_022.scr,7,91,ニアタ,personagem,8,58,,CRLF x1,あの命、今はそなたの手で預かるのだ。\n行け、ディセンダー！,,pendente,
mev24_023.scr:0,mev24_023.scr,0,86,カノンノ,personagem,1,26,,,すごく、大きな力を感じる…,,pendente,
mev24_023.scr:1,mev24_023.scr,1,86,カノンノ,personagem,2,44,,CRLF x1,ううん、これは意志。\n生きたいという、意志…,,pendente,
mev24_023.scr:2,mev24_023.scr,2,86,カノンノ,personagem,3,14,,,敵意と、羨望…,,pendente,
mev24_023.scr:3,mev24_023.scr,3,86,カノンノ,personagem,4,36,,CRLF x1,不思議だ。\nどうしてわかるんだろう…,,pendente,
mev24_023.scr:4,mev24_023.scr,4,91,ニアタ,personagem,5,34,,CRLF x1,奴は、\nそなたの生命力を欲している,,pendente,
mev24_023.scr:5,mev24_023.scr,5,91,ニアタ,personagem,6,24,,CRLF x1,○○、構えろ！\n来るぞ！,,pendente,
mev24_023.scr:6,mev24_023.scr,6,91,ニアタ,personagem,7,26,,,生命の場が近い証拠なのか…,,pendente,
mev24_023.scr:7,mev24_023.scr,7,91,ニアタ,personagem,8,98,,CRLF x2,奴から、わずかに生命の鼓動を感じる。\n擬似的だった生命が、より完全な生命へ\nなろうとしているのだな,,pendente,
mev24_023.scr:8,mev24_023.scr,8,91,ニアタ,personagem,9,34,,CRLF x1,奴は、\nそなたの生命力を欲している,,pendente,
mev24_023.scr:9,mev24_023.scr,9,91,ニアタ,personagem,10,24,,CRLF x1,○○、構えろ！\n来るぞ！,,pendente,
mev24_024.scr:0,mev24_024.scr,0,86,カノンノ,personagem,1,34,,,ここで、ラザリスを守っているのね…,,pendente,
mev24_024.scr:1,mev24_024.scr,1,86,カノンノ,personagem,2,32,,CRLF x1,わかるよ。\n生きたいって気持ち…,,pendente,
mev24_024.scr:2,mev24_024.scr,2,86,カノンノ,personagem,3,54,,CRLF x1,生きたいから戦うのは、\n私達も、あなたも同じなんだね…,,pendente,
mev24_024.scr:3,mev24_024.scr,3,91,ニアタ,personagem,4,22,,,生きる道を賭けて、か…,,pendente,
mev24_024.scr:4,mev24_024.scr,4,91,ニアタ,personagem,5,86,,CRLF x2,臆するな、ディセンダー。\n思い煩えば、勝算が減る。\n今は、そなたのすべき事のみを考えろ,,pendente,
mev24_024.scr:5,mev24_024.scr,5,91,ニアタ,personagem,6,16,,,さあ、行くのだ！,,pendente,
mev24_024.scr:6,mev24_024.scr,6,91,ニアタ,personagem,7,34,,,ここで、ラザリスを守っているのだな,,pendente,
mev24_024.scr:7,mev24_024.scr,7,91,ニアタ,personagem,8,22,,,生きる道を賭けて、か…,,pendente,
mev24_024.scr:8,mev24_024.scr,8,91,ニアタ,personagem,9,86,,CRLF x2,臆するな、ディセンダー。\n思い煩えば、勝算が減る。\n今は、そなたのすべき事のみを考えろ,,pendente,
mev24_024.scr:9,mev24_024.scr,9,91,ニアタ,personagem,10,16,,,さあ、行くのだ！,,pendente,
mev24_025.scr:0,mev24_025.scr,0,91,ニアタ,personagem,0,62,,CRLF x1,己自身を越えろ、ディセンダー。\nそなたには、その力があるのだ！,,pendente,
mev24_025.scr:1,mev24_025.scr,1,91,ニアタ,personagem,1,34,,,さあ、そなたの欲する未来を創れ！！,,pendente,
mev24_026.scr:0,mev24_026.scr,0,91,ニアタ,personagem,0,62,,CRLF x1,己自身を越えろ、ディセンダー。\nそなたには、その力があるのだ！,,pendente,
mev24_026.scr:1,mev24_026.scr,1,91,ニアタ,personagem,1,32,,,さあ、そなたの欲する未来を創れ！,,pendente,
mev24_027.scr:0,mev24_027.scr,0,91,ニアタ,personagem,0,62,,CRLF x1,己自身を越えろ、ディセンダー。\nそなたには、その力があるのだ！,,pendente,
mev24_027.scr:1,mev24_027.scr,1,91,ニアタ,personagem,1,34,,,さあ、そなたの欲する未来を創れ！！,,pendente,
mev24_028.scr:0,mev24_028.scr,0,91,ニアタ,personagem,0,62,,CRLF x1,己自身を越えろ、ディセンダー。\nそなたには、その力があるのだ！,,pendente,
mev24_028.scr:1,mev24_028.scr,1,91,ニアタ,personagem,1,34,,,さあ、そなたの欲する未来を創れ！！,,pendente,
mev24_030.scr:0,mev24_030.scr,0,91,ニアタ,personagem,0,44,,CRLF x1,世界樹の鼓動を感じる。\n生命の場はこの先か…,,pendente,
mev24_030.scr:1,mev24_030.scr,1,91,ニアタ,personagem,1,28,,,そこにはラザリスもいるはずだ,,pendente,
mev24_030.scr:2,mev24_030.scr,2,91,ニアタ,personagem,2,32,,CRLF x1,では、行こうか。\nディセンダーよ,,pendente,
mev24_040.scr:0,mev24_040.scr,0,95,ラザリス,personagem,1,40,,CRLF x1,来たんだね。\nルミナシアのディセンダー…,,pendente,
mev24_040.scr:1,mev24_040.scr,1,95,ラザリス,personagem,2,26,,,あの後ろの光が見えるかい？,,pendente,
mev24_040.scr:2,mev24_040.scr,2,95,ラザリス,personagem,3,46,,CRLF x1,あれこそがルミナシアの世界樹の中枢、\n生命の場,,pendente,
mev24_040.scr:3,mev24_040.scr,3,95,ラザリス,personagem,4,36,,,生命力が生まれ、世界の理を維持する所,,pendente,
mev24_040.scr:4,mev24_040.scr,4,95,ラザリス,personagem,5,38,,,これから僕は、あの生命の場を手に入れる,,pendente,
mev24_040.scr:5,mev24_040.scr,5,95,ラザリス,personagem,6,74,,CRLF x1,君達の世界ルミナシアはここで終わり、\n僕の世界、ジルディアがここから始まる,,pendente,
mev24_040.scr:6,mev24_040.scr,6,95,ラザリス,personagem,7,82,,CRLF x2,君達の命も、僕の理の中で\n争いもなく、僕が与える恵みに浸り、\n平和に暮らしていける,,pendente,
mev24_040.scr:7,mev24_040.scr,7,95,ラザリス,personagem,10,62,,CRLF x2,平安だよ。\n君達ルミナシアの民が、\n得たくても得られないものさ,,pendente,
mev24_040.scr:8,mev24_040.scr,8,95,ラザリス,personagem,11,48,,CRLF x1,奪う事でしか、\n豊かになれないと思っているからね,,pendente,
mev24_040.scr:9,mev24_040.scr,9,95,ラザリス,personagem,12,48,,CRLF x1,欲しがってばかりじゃないか。\nいつも…、君達は…,,pendente,
mev24_040.scr:10,mev24_040.scr,10,95,ラザリス,personagem,13,44,,CRLF x1,ずっと滅びるまで争い、\n奪い合うだけなんだ！,,pendente,
mev24_040.scr:11,mev24_040.scr,11,95,ラザリス,personagem,14,34,,CRLF x1,だから、僕が変える。\nルミナシアを,,pendente,
mev24_040.scr:12,mev24_040.scr,12,95,ラザリス,personagem,15,42,,CRLF x1,僕が与え続けるよ。\n君達は何もしなくていい,,pendente,
mev24_040.scr:13,mev24_040.scr,13,95,ラザリス,personagem,16,44,,CRLF x1,僕の世界では、\n「創造」をする必要はないんだ,,pendente,
mev24_040.scr:14,mev24_040.scr,14,86,カノンノ,personagem,17,56,,CRLF x1,あなたは、自分の世界の住人から\n創造を奪うつもりなの！？,,pendente,
mev24_040.scr:15,mev24_040.scr,15,95,ラザリス,personagem,18,34,,CRLF x1,そうさ。\n創造は欲だ。　罪なんだよ,,pendente,
mev24_040.scr:16,mev24_040.scr,16,95,ラザリス,personagem,19,70,,CRLF x1,君達の欲は満たされる事がない。\n人はそれを追い求め、ついには危機を招く,,pendente,
mev24_040.scr:17,mev24_040.scr,17,95,ラザリス,personagem,20,50,,CRLF x1,僕一人がその罪を背負うよ。\nこの世の終わりまでね…,,pendente,
mev24_040.scr:18,mev24_040.scr,18,95,ラザリス,personagem,23,50,,CRLF x1,死に急ごうとする君達の世界よりは、\nずっとましだ！,,pendente,
mev24_040.scr:19,mev24_040.scr,19,91,ニアタ,personagem,24,58,,CRLF x2,そうだ。\n創造がなければ罪も生まれぬが、\n喜びも生まれない,,pendente,
mev24_040.scr:20,mev24_040.scr,20,91,ニアタ,personagem,25,58,,CRLF x1,そして、世界樹が次の世界を\n生み出す事は出来なくなるだろう,,pendente,
mev24_040.scr:21,mev24_040.scr,21,86,カノンノ,personagem,26,50,,CRLF x1,世界樹はきっと、\nそんな生き方を望んではいないよ…,,pendente,
mev24_040.scr:22,mev24_040.scr,22,95,ラザリス,personagem,27,12,,,だったら！！,,pendente,
mev24_040.scr:23,mev24_040.scr,23,95,ラザリス,personagem,28,54,,CRLF x1,だったら、なぜ、僕を取り込んだ。\n僕を封じ込めてまで！,,pendente,
mev24_040.scr:24,mev24_040.scr,24,95,ラザリス,personagem,30,44,,CRLF x1,無理さ…。\n僕の世界はルミナシアと交わらない,,pendente,
mev24_040.scr:25,mev24_040.scr,25,95,ラザリス,personagem,31,20,,,交わりたくもない……,,pendente,
mev24_040.scr:26,mev24_040.scr,26,95,ラザリス,personagem,32,52,,CRLF x1,やはり、君を奪うまでは\n世界樹は諦めてくれそうにない,,pendente,
mev24_040.scr:27,mev24_040.scr,27,95,ラザリス,personagem,33,54,,CRLF x1,来るんだ、ディセンダー。\n僕のモノになってもらうよ！！,,pendente,
mev24_040.scr:28,mev24_040.scr,28,95,ラザリス,personagem,34,40,,CRLF x1,来たんだね。\nルミナシアのディセンダー…,,pendente,
mev24_040.scr:29,mev24_040.scr,29,95,ラザリス,personagem,35,26,,,あの後ろの光が見えるかい？,,pendente,
mev24_040.scr:30,mev24_040.scr,30,95,ラザリス,personagem,36,46,,CRLF x1,あれこそがルミナシアの世界樹の中枢、\n生命の場,,pendente,
mev24_040.scr:31,mev24_040.scr,31,95,ラザリス,personagem,37,36,,,生命力が生まれ、世界の理を維持する所,,pendente,
mev24_040.scr:32,mev24_040.scr,32,95,ラザリス,personagem,38,38,,,これから僕は、あの生命の場を手に入れる,,pendente,
mev24_040.scr:33,mev24_040.scr,33,95,ラザリス,personagem,39,74,,CRLF x1,君達の世界ルミナシアはここで終わり、\n僕の世界、ジルディアがここから始まる,,pendente,
mev24_040.scr:34,mev24_040.scr,34,95,ラザリス,personagem,40,82,,CRLF x2,君達の命も、僕の理の中で\n争いもなく、僕が与える恵みに浸り、\n平和に暮らしていける,,pendente,
mev24_040.scr:35,mev24_040.scr,35,95,ラザリス,personagem,43,62,,CRLF x2,平安だよ。\n君達ルミナシアの民が、\n得たくても得られないものさ,,pendente,
mev24_040.scr:36,mev24_040.scr,36,95,ラザリス,personagem,44,48,,CRLF x1,奪う事でしか、\n豊かになれないと思っているからね,,pendente,
mev24_040.scr:37,mev24_040.scr,37,95,ラザリス,personagem,45,48,,CRLF x1,欲しがってばかりじゃないか。\nいつも…、君達は…,,pendente,
mev24_040.scr:38,mev24_040.scr,38,95,ラザリス,personagem,46,44,,CRLF x1,ずっと滅びるまで争い、\n奪い合うだけなんだ！,,pendente,
mev24_040.scr:39,mev24_040.scr,39,95,ラザリス,personagem,47,34,,CRLF x1,だから、僕が変える。\nルミナシアを,,pendente,
mev24_040.scr:40,mev24_040.scr,40,95,ラザリス,personagem,48,42,,CRLF x1,僕が与え続けるよ。\n君達は何もしなくていい,,pendente,
mev24_040.scr:41,mev24_040.scr,41,95,ラザリス,personagem,49,44,,CRLF x1,僕の世界では、\n「創造」をする必要はないんだ,,pendente,
mev24_040.scr:42,mev24_040.scr,42,91,ニアタ,personagem,50,48,,CRLF x1,そなたは、自分の世界の住人から\n創造を奪うのかね,,pendente,
mev24_040.scr:43,mev24_040.scr,43,95,ラザリス,personagem,51,34,,CRLF x1,そうさ。\n創造は欲だ。　罪なんだよ,,pendente,
mev24_040.scr:44,mev24_040.scr,44,95,ラザリス,personagem,52,70,,CRLF x1,君達の欲は満たされる事がない。\n人はそれを追い求め、ついには危機を招く,,pendente,
mev24_040.scr:45,mev24_040.scr,45,95,ラザリス,personagem,53,50,,CRLF x1,僕一人がその罪を背負うよ。\nこの世の終わりまでね…,,pendente,
mev24_040.scr:46,mev24_040.scr,46,95,ラザリス,personagem,56,50,,CRLF x1,死に急ごうとする君達の世界よりは、\nずっとましだ！,,pendente,
mev24_040.scr:47,mev24_040.scr,47,91,ニアタ,personagem,57,58,,CRLF x2,そうだ。\n創造がなければ罪も生まれぬが、\n喜びも生まれない,,pendente,
mev24_040.scr:48,mev24_040.scr,48,91,ニアタ,personagem,58,58,,CRLF x1,そして、世界樹が次の世界を\n生み出す事は出来なくなるだろう,,pendente,
mev24_040.scr:49,mev24_040.scr,49,91,ニアタ,personagem,59,38,,CRLF x1,世界樹は\nそんな生き方を望んでいない…,,pendente,
mev24_040.scr:50,mev24_040.scr,50,95,ラザリス,personagem,60,12,,,だったら！！,,pendente,
mev24_040.scr:51,mev24_040.scr,51,95,ラザリス,personagem,61,54,,CRLF x1,だったら、なぜ、僕を取り込んだ。\n僕を封じ込めてまで！,,pendente,
mev24_040.scr:52,mev24_040.scr,52,95,ラザリス,personagem,63,44,,CRLF x1,無理さ…。\n僕の世界はルミナシアと交わらない,,pendente,
mev24_040.scr:53,mev24_040.scr,53,95,ラザリス,personagem,64,20,,,交わりたくもない……,,pendente,
mev24_040.scr:54,mev24_040.scr,54,95,ラザリス,personagem,65,52,,CRLF x1,やはり、君を奪うまでは\n世界樹は諦めてくれそうにない,,pendente,
mev24_040.scr:55,mev24_040.scr,55,95,ラザリス,personagem,66,54,,CRLF x1,来るんだ、ディセンダー。\n僕のモノになってもらうよ！！,,pendente,
mev24_040.scr:56,mev24_040.scr,56,,(opcao do jogador),escolha,8,32,,,それで、何が得られるのか、と言う,,pendente,
mev24_040.scr:57,mev24_040.scr,57,,(opcao do jogador),escolha,9,40,,,恵みを受け取るだけが幸せじゃない、と言う,,pendente,
mev24_040.scr:58,mev24_040.scr,58,,(opcao do jogador),escolha,21,42,,,そんな世界は生きていないのと同じだ、と言う,,pendente,
mev24_040.scr:59,mev24_040.scr,59,,(opcao do jogador),escolha,22,36,,,創造にあるのは罪だけじゃない、と言う,,pendente,
mev24_040.scr:60,mev24_040.scr,60,,(sem caixa de nome),sem_caixa,29,28,,,一緒に生きていきたいからだ！,,pendente,
mev24_040.scr:61,mev24_040.scr,61,,(opcao do jogador),escolha,41,32,,,それで、何が得られるのか、と言う,,pendente,
mev24_040.scr:62,mev24_040.scr,62,,(opcao do jogador),escolha,42,40,,,恵みを受け取るだけが幸せじゃない、と言う,,pendente,
mev24_040.scr:63,mev24_040.scr,63,,(opcao do jogador),escolha,54,42,,,そんな世界は生きていないのと同じだ、と言う,,pendente,
mev24_040.scr:64,mev24_040.scr,64,,(opcao do jogador),escolha,55,36,,,創造にあるのは罪だけじゃない、と言う,,pendente,
mev24_040.scr:65,mev24_040.scr,65,,(sem caixa de nome),sem_caixa,62,28,,,一緒に生きていきたいからだ！,,pendente,
mev24_050.scr:0,mev24_050.scr,0,95,ラザリス,personagem,1,40,,CRLF x1,おいで。\n早く僕のものになってくれよ！！,,pendente,
mev24_060.scr:0,mev24_060.scr,0,95,ラザリス,personagem,1,16,,,う…あっ……！！,,pendente,
mev24_060.scr:1,mev24_060.scr,1,95,ラザリス,personagem,2,50,,CRLF x1,僕の…世界…を…ッ……、\n消さ…せる…もの…か……,,pendente,
mev24_060.scr:2,mev24_060.scr,2,95,ラザリス,personagem,3,18,,,な…、これは…！？,,pendente,
mev24_060.scr:3,mev24_060.scr,3,91,ニアタ,personagem,4,86,,CRLF x2,あれは、ジルディアのドクメント…。\nこれから生まれようとしている、\n生命の意志だ…！！,,pendente,
mev24_060.scr:4,mev24_060.scr,4,91,ニアタ,personagem,5,28,,,ラザリスを守ろうとしている…,,pendente,
mev24_060.scr:5,mev24_060.scr,5,91,ニアタ,personagem,6,120,,CRLF x2,…ラザリスが創造の力を与えなくとも、\nジルディアの民は、自らの意志を「創造」し、\nラザリスと共に在ろうとしているのだ…！,,pendente,
mev24_060.scr:6,mev24_060.scr,6,95,ラザリス,personagem,7,8,,,うそだ…,,pendente,
mev24_060.scr:7,mev24_060.scr,7,95,ラザリス,personagem,8,92,,CRLF x2,僕が与えなくても創造を…！？\n僕の世界が…僕の世界の生命が、\n罪を背負おうとするなんて…！！,,pendente,
mev24_060.scr:8,mev24_060.scr,8,95,ラザリス,personagem,9,72,,CRLF x2,僕を、僕を守らなくていい。\n争う意志なんて、\n持つのは僕だけで十分だ！！,,pendente,
mev24_060.scr:9,mev24_060.scr,9,95,ラザリス,personagem,10,20,,,あああああああっ！！,,pendente,
mev24_060.scr:10,mev24_060.scr,10,91,ニアタ,personagem,11,10,,,これは…！,,pendente,
mev24_060.scr:11,mev24_060.scr,11,91,ニアタ,personagem,12,90,,CRLF x2,ラザリスと、ジルディアに生まれようと\nする者…世界の意志が、\n反発し、食い合っている…！！,,pendente,
mev24_060.scr:12,mev24_060.scr,12,95,ラザリス,personagem,13,32,,CRLF x1,やめろ！\nやめろおおおおお！！！,,pendente,
mev24_060.scr:13,mev24_060.scr,13,91,ニアタ,personagem,15,48,,CRLF x1,調和を見失っておる。\n混沌へ向かう力となったか…,,pendente,
mev24_060.scr:14,mev24_060.scr,14,91,ニアタ,personagem,16,40,,CRLF x1,行け、ディセンダー。\n未来を紡いでこい！,,pendente,
mev24_060.scr:15,mev24_060.scr,15,91,ニアタ,personagem,17,28,,,そなたの欲する未来を創れ！！,,pendente,
mev24_060.scr:16,mev24_060.scr,16,95,ラザリス,personagem,18,16,,,う…あっ……！！,,pendente,
mev24_060.scr:17,mev24_060.scr,17,95,ラザリス,personagem,19,50,,CRLF x1,僕の…世界…を…ッ……、\n消さ…せる…もの…か……,,pendente,
mev24_060.scr:18,mev24_060.scr,18,95,ラザリス,personagem,20,18,,,な…、これは…！？,,pendente,
mev24_060.scr:19,mev24_060.scr,19,91,ニアタ,personagem,21,86,,CRLF x2,あれは、ジルディアのドクメント…。\nこれから生まれようとしている、\n生命の意志だ…！！,,pendente,
mev24_060.scr:20,mev24_060.scr,20,91,ニアタ,personagem,22,28,,,ラザリスを守ろうとしている…,,pendente,
mev24_060.scr:21,mev24_060.scr,21,91,ニアタ,personagem,23,120,,CRLF x2,…ラザリスが創造の力を与えなくとも、\nジルディアの民は、自らの意志を「創造」し、\nラザリスと共に在ろうとしているのだ…！,,pendente,
mev24_060.scr:22,mev24_060.scr,22,95,ラザリス,personagem,24,8,,,うそだ…,,pendente,
mev24_060.scr:23,mev24_060.scr,23,95,ラザリス,personagem,25,92,,CRLF x2,僕が与えなくても創造を…！？\n僕の世界が…僕の世界の生命が、\n罪を背負おうとするなんて…！！,,pendente,
mev24_060.scr:24,mev24_060.scr,24,95,ラザリス,personagem,26,72,,CRLF x2,僕を、僕を守らなくていい。\n争う意志なんて、\n持つのは僕だけで十分だ！！,,pendente,
mev24_060.scr:25,mev24_060.scr,25,95,ラザリス,personagem,27,20,,,あああああああっ！！,,pendente,
mev24_060.scr:26,mev24_060.scr,26,91,ニアタ,personagem,28,10,,,これは…！,,pendente,
mev24_060.scr:27,mev24_060.scr,27,91,ニアタ,personagem,29,90,,CRLF x2,ラザリスと、ジルディアに生まれようと\nする者…世界の意志が、\n反発し、食い合っている…！！,,pendente,
mev24_060.scr:28,mev24_060.scr,28,95,ラザリス,personagem,30,32,,CRLF x1,やめろ！\nやめろおおおおお！！！,,pendente,
mev24_060.scr:29,mev24_060.scr,29,91,ニアタ,personagem,32,48,,CRLF x1,調和を見失っておる。\n混沌へ向かう力となったか…,,pendente,
mev24_060.scr:30,mev24_060.scr,30,91,ニアタ,personagem,33,40,,CRLF x1,行け、ディセンダー。\n未来を紡いでこい！,,pendente,
mev24_060.scr:31,mev24_060.scr,31,91,ニアタ,personagem,34,28,,,そなたの欲する未来を創れ！！,,pendente,
mev24_070.scr:0,mev24_070.scr,0,91,ニアタ,personagem,0,62,,CRLF x1,己自身を越えろ、ディセンダー。\nそなたには、その力があるのだ！,,pendente,
mev24_070.scr:1,mev24_070.scr,1,91,ニアタ,personagem,1,34,,,さあ、そなたの欲する未来を創れ！！,,pendente,
mev24_080.scr:0,mev24_080.scr,0,95,ラザリス,personagem,1,84,,CRLF x2,創造は…止められないのか。\n生きとし生けるもの。\n生きていこうという意志がある限り…,,pendente,
mev24_080.scr:1,mev24_080.scr,1,95,ラザリス,personagem,2,54,,CRLF x1,ディセンダー…、見えないんだ。\n僕の世界が、見えない…,,pendente,
mev24_080.scr:2,mev24_080.scr,2,95,ラザリス,personagem,3,64,,CRLF x1,穏やかで…、美しいヒト達…。\n僕の世界の民…、消えて…しまう……,,pendente,
mev24_080.scr:3,mev24_080.scr,3,91,ニアタ,personagem,4,60,,CRLF x2,生命の場。\nあそこへ行けるのは、そなた。\nディセンダーのみだ,,pendente,
mev24_080.scr:4,mev24_080.scr,4,86,カノンノ,personagem,5,12,,,行くんだね…,,pendente,
mev24_080.scr:5,mev24_080.scr,5,86,カノンノ,personagem,8,52,,CRLF x2,うん。\nあなたが望む未来はきっと、\nいい世界になるよ,,pendente,
mev24_080.scr:6,mev24_080.scr,6,86,カノンノ,personagem,9,16,,,また…、会おうね,,pendente,
mev24_080.scr:7,mev24_080.scr,7,86,カノンノ,personagem,10,28,,,絶対…、絶対絶対絶対だよ！！,,pendente,
mev24_080.scr:8,mev24_080.scr,8,86,カノンノ,personagem,11,22,,,ずっと、待ってるから…,,pendente,
mev24_080.scr:9,mev24_080.scr,9,91,ニアタ,personagem,12,48,,CRLF x1,では、また会おう。\nしばしの別れだ、ディセンダー,,pendente,
mev24_080.scr:10,mev24_080.scr,10,91,ニアタ,personagem,13,12,,,良い創造を！,,pendente,
mev24_080.scr:11,mev24_080.scr,11,95,ラザリス,personagem,16,84,,CRLF x2,創造は…止められないのか。\n生きとし生けるもの。\n生きていこうという意志がある限り…,,pendente,
mev24_080.scr:12,mev24_080.scr,12,95,ラザリス,personagem,17,54,,CRLF x1,ディセンダー…、見えないんだ。\n僕の世界が、見えない…,,pendente,
mev24_080.scr:13,mev24_080.scr,13,95,ラザリス,personagem,18,64,,CRLF x1,穏やかで…、美しいヒト達…。\n僕の世界の民…、消えて…しまう……,,pendente,
mev24_080.scr:14,mev24_080.scr,14,91,ニアタ,personagem,19,60,,CRLF x2,生命の場。\nあそこへ行けるのは、そなた。\nディセンダーのみだ,,pendente,
mev24_080.scr:15,mev24_080.scr,15,91,ニアタ,personagem,20,26,,,行くのだな、ディセンダー…,,pendente,
mev24_080.scr:16,mev24_080.scr,16,91,ニアタ,personagem,23,46,,CRLF x1,ああ、楽しみにしているよ。\nそなたの創る未来を,,pendente,
mev24_080.scr:17,mev24_080.scr,17,91,ニアタ,personagem,24,24,,,二つの世界に希望の灯火を,,pendente,
mev24_080.scr:18,mev24_080.scr,18,91,ニアタ,personagem,25,34,,,そなたに出会えて、本当に良かった…,,pendente,
mev24_080.scr:19,mev24_080.scr,19,91,ニアタ,personagem,26,48,,CRLF x1,では、また会おう。\nしばしの別れだ、ディセンダー,,pendente,
mev24_080.scr:20,mev24_080.scr,20,91,ニアタ,personagem,27,12,,,良い創造を！,,pendente,
mev24_080.scr:21,mev24_080.scr,21,,(opcao do jogador),escolha,6,24,,,未来を創りに行く、と言う,,pendente,
mev24_080.scr:22,mev24_080.scr,22,,(opcao do jogador),escolha,7,6,,,微笑む,,pendente,
mev24_080.scr:23,mev24_080.scr,23,,(opcao do jogador),escolha,21,24,,,未来を創りに行く、と言う,,pendente,
mev24_080.scr:24,mev24_080.scr,24,,(opcao do jogador),escolha,22,6,,,微笑む,,pendente,
mev24_090.scr:0,mev24_090.scr,0,91,ニアタ,personagem,1,84,,CRLF x2,他と心が繋がる時に、\n不可能に見えていたものが可能になる。\nまだ見ぬ資質が輝き始める,,pendente,
mev24_090.scr:1,mev24_090.scr,1,91,ニアタ,personagem,2,20,,,ヒトとも、世界とも…,,pendente,
mev24_090.scr:2,mev24_090.scr,2,91,ニアタ,personagem,3,54,,CRLF x1,ディセンダーは身をもって、それを学び、\n体現していった,,pendente,
mev24_090.scr:3,mev24_090.scr,3,91,ニアタ,personagem,4,40,,,そして、調和より生まれる、終わらぬ創造…,,pendente,
mev24_090.scr:4,mev24_090.scr,4,86,カノンノ,personagem,5,14,,,ラザリスも…？,,pendente,
mev24_090.scr:5,mev24_090.scr,5,91,ニアタ,personagem,6,24,,,ああ、共に創造の輪の中に,,pendente,
mev24_090.scr:6,mev24_090.scr,6,91,ニアタ,personagem,7,74,,CRLF x1,かの者が注ぐ光は、万感の祈りを結ぶ。\nそして、世界の民は自らの光に気付く…,,pendente,
mev24_090.scr:7,mev24_090.scr,7,91,ニアタ,personagem,8,60,,CRLF x1,いまやディセンダーの力は、\nヒトの手を通じて世界中に伝わった,,pendente,
mev24_090.scr:8,mev24_090.scr,8,91,ニアタ,personagem,9,96,,CRLF x2,ルミナシアの民の光は、\n世界樹を巡る新しい力となる。\nそれは、ラザリスと共に生きて行く変化となる,,pendente,
mev24_090.scr:9,mev24_090.scr,9,91,ニアタ,personagem,10,72,,CRLF x1,そして、我々は皆「知って」いる。\nディセンダーは、不可能を知らない事を…,,pendente,
mev24_090.scr:10,mev24_090.scr,10,86,カノンノ,personagem,11,36,,CRLF x2,うん。\n知ってる…。\n知っているよ…,,pendente,
mev24_090.scr:11,mev24_090.scr,11,86,カノンノ,personagem,12,32,,,また戻ってきてくれる事も知ってる,,pendente,
mev24_090.scr:12,mev24_090.scr,12,86,カノンノ,personagem,13,14,,,約束したもん…,,pendente,
mev24_090.scr:13,mev24_090.scr,13,86,カノンノ,personagem,14,44,,CRLF x1,ずっと、未来を創っていこうって\n約束したから,,pendente,
mev25_010.scr:0,mev25_010.scr,0,17,ジューダス,personagem,1,20,,,キバが…、消えていく,,pendente,
mev25_010.scr:1,mev25_010.scr,1,1,クレス,personagem,2,20,,,全て、世界樹の中へ…,,pendente,
mev25_010.scr:2,mev25_010.scr,2,66,ジュディス,personagem,3,54,,CRLF x1,あれは、ラザリスの世界、\nジルディアの世界樹なんだわ…,,pendente,
mev25_010.scr:3,mev25_010.scr,3,21,ファラ,personagem,4,42,,,ルミナシアの世界樹を、癒していってるのね…,,pendente,
mev25_010.scr:4,mev25_010.scr,4,86,カノンノ,personagem,5,38,,CRLF x1,変わる…、変わるんだ。\n世界が変わる！,,pendente,
mev25_010.scr:5,mev25_010.scr,5,86,カノンノ,personagem,6,24,,,私達も、ラザリスも…！！,,pendente,
mev25_010.scr:6,mev25_010.scr,6,86,カノンノ,personagem,7,48,,CRLF x1,二つの世界が一つになって、\n新しく生まれ変わる…,,pendente,
mev25_010.scr:7,mev25_010.scr,7,86,カノンノ,personagem,8,44,,CRLF x1,お互いが生きていける世界が\n始まるんだ…！！,,pendente,
mev25_010.scr:8,mev25_010.scr,8,86,カノンノ,personagem,9,54,,CRLF x1,私達の創造は終わらない。\n共に手を取り合って続いていく,,pendente,
mev25_010.scr:9,mev25_010.scr,9,86,カノンノ,personagem,10,34,,,ずっと、ずっとずっと…続いていく…,,pendente,
mev26_010.scr:0,mev26_010.scr,0,90,ロックス,personagem,1,50,,CRLF x1,お帰りなさいませ、お嬢様。\n資材運搬、ご苦労様です,,pendente,
mev26_010.scr:1,mev26_010.scr,1,90,ロックス,personagem,2,62,,CRLF x1,おかげで五つ目のオルタ・ビレッジが\n完成したそうじゃないですか,,pendente,
mev26_010.scr:2,mev26_010.scr,2,86,カノンノ,personagem,3,78,,CRLF x2,うん、みんな頑張ってたよ。\nたくさんの人が集まって、\nもう村らしく動き始めてる,,pendente,
mev26_010.scr:3,mev26_010.scr,3,90,ロックス,personagem,4,72,,CRLF x1,エステル様や、ナタリア様の働きで\n世界中の国々も、まとまり始めていますし,,pendente,
mev26_010.scr:4,mev26_010.scr,4,90,ロックス,personagem,5,48,,CRLF x1,どんどん、これから\nいい世の中になっていきますよ,,pendente,
mev26_010.scr:5,mev26_010.scr,5,86,カノンノ,personagem,6,4,,,うん,,pendente,
mev26_010.scr:6,mev26_010.scr,6,86,カノンノ,personagem,7,20,,,ロックス…、あのさ…,,pendente,
mev26_010.scr:7,mev26_010.scr,7,86,カノンノ,personagem,8,36,,CRLF x1,彼…、\nまだ戻って来ていないのかな？,,pendente,
mev26_010.scr:8,mev26_010.scr,8,86,カノンノ,personagem,9,38,,CRLF x1,彼女…、\nまだ戻って来ていないのかな？,,pendente,
mev26_010.scr:9,mev26_010.scr,9,90,ロックス,personagem,10,24,,CRLF x1,ええ。\nあの方は、まだ…,,pendente,
mev26_010.scr:10,mev26_010.scr,10,90,ロックス,personagem,11,38,,CRLF x1,でも、戻って来てくれますよ。\nきっと…,,pendente,
mev26_010.scr:11,mev26_010.scr,11,86,カノンノ,personagem,12,16,,,うん…、そうだね,,pendente,
mev26_010.scr:12,mev26_010.scr,12,90,ロックス,personagem,13,68,,CRLF x2,はわわわわわわわ…！！\nヒッ…、ヒト…！？\nヒトがぁぁぁぁぁぁ…！！,,pendente,
mev26_010.scr:13,mev26_010.scr,13,86,カノンノ,personagem,14,26,,CRLF x1,○○！！\nあなたなのね！！,,pendente,
mev26_010.scr:14,mev26_010.scr,14,86,カノンノ,personagem,15,24,,,戻って来てくれたのね！！,,pendente,
mev26_010.scr:15,mev26_010.scr,15,86,カノンノ,personagem,16,50,,CRLF x2,お帰りなさい！！\nずっと、信じてた。\n信じてたよ！,,pendente,
mev26_015.scr:0,mev26_015.scr,0,62,アンジュ,personagem,1,14,,CRLF x1,…！！\n○○…,,pendente,
mev26_015.scr:1,mev26_015.scr,1,62,アンジュ,personagem,4,10,,,お帰り……,,pendente,
mev26_015.scr:2,mev26_015.scr,2,62,アンジュ,personagem,5,20,,,戻ってきてくれたの…,,pendente,
mev26_015.scr:3,mev26_015.scr,3,91,ニアタ,personagem,6,30,,,ようやく戻ったか、ディセンダー,,pendente,
mev26_015.scr:4,mev26_015.scr,4,91,ニアタ,personagem,7,50,,CRLF x1,そなたの描いた未来、\nまた共に目にする事が出来るな,,pendente,
mev26_015.scr:5,mev26_015.scr,5,90,ロックス,personagem,8,64,,CRLF x2,ほら。\n皆さん、○○様の帰りを、\nずっと心待ちにしていたんですよ,,pendente,
mev26_015.scr:6,mev26_015.scr,6,90,ロックス,personagem,9,44,,CRLF x1,僕も、○○様の分の\n食事をいつも作り過ぎて…,,pendente,
mev26_015.scr:7,mev26_015.scr,7,90,ロックス,personagem,10,56,,CRLF x1,それをアンジュさんが、\nいつも食べてくれていたんですけど,,pendente,
mev26_015.scr:8,mev26_015.scr,8,62,アンジュ,personagem,13,56,,CRLF x2,そう？\n美容院に行ってきたばかりだから\nそう感じるのかも,,pendente,
mev26_015.scr:9,mev26_015.scr,9,90,ロックス,personagem,14,52,,CRLF x2,いえいえ。\nちょっと、ぽっちゃりして\nきたんですよね,,pendente,
mev26_015.scr:10,mev26_015.scr,10,90,ロックス,personagem,15,66,,CRLF x2,ホント、アンジュ様は\nぽっちゃりまる〜く、\n可愛くなられたでしょう,,pendente,
mev26_015.scr:11,mev26_015.scr,11,86,カノンノ,personagem,16,32,,,（ロックス、それ言っちゃ駄目…）,,pendente,
mev26_015.scr:12,mev26_015.scr,12,90,ロックス,personagem,17,108,,CRLF x2,ホント、お嬢様もアンジュ様くらい\n食べてぽっちゃりして欲しいのに、\n小食なもので、いつまで経ってもスリムで…,,pendente,
mev26_015.scr:13,mev26_015.scr,13,62,アンジュ,personagem,18,18,,,さーてっ、○○！！,,pendente,
mev26_015.scr:14,mev26_015.scr,14,62,アンジュ,personagem,19,50,,CRLF x1,あなたの為に、仕事もた〜っぷり\n用意していたのよね,,pendente,
mev26_015.scr:15,mev26_015.scr,15,62,アンジュ,personagem,20,70,,CRLF x1,すぐに取り掛かってもらっても構わないから、\nしっかり稼いでちょうだい！,,pendente,
mev26_015.scr:16,mev26_015.scr,16,86,カノンノ,personagem,21,66,,CRLF x2,（あぁ…。\n　帰ってきてすぐなのに、\n　○○に火の粉がかかった…）,,pendente,
mev26_015.scr:17,mev26_015.scr,17,62,アンジュ,personagem,22,66,,CRLF x2,○○。\nそこに座ってくれる？\nこれからあなたに「人の道」を説くから,,pendente,
mev26_015.scr:18,mev26_015.scr,18,62,アンジュ,personagem,23,86,,CRLF x2,…わたしのお話、わかったかしら！！\n寄付なしでお説教が聴けたんだから、\n感謝しなさい！,,pendente,
mev26_015.scr:19,mev26_015.scr,19,62,アンジュ,personagem,24,46,,CRLF x1,あなたの為に、仕事もた〜っぷり\n用意していたの,,pendente,
mev26_015.scr:20,mev26_015.scr,20,62,アンジュ,personagem,25,42,,,すぐに取り掛かってもらっても、構わないよ？,,pendente,
mev26_015.scr:21,mev26_015.scr,21,62,アンジュ,personagem,26,48,,CRLF x1,しっかり稼いでもらうから、\nそのつもりでいてね！,,pendente,
mev26_015.scr:22,mev26_015.scr,22,,(opcao do jogador),escolha,2,16,,,ただいま、と言う,,pendente,
mev26_015.scr:23,mev26_015.scr,23,,(opcao do jogador),escolha,3,22,,,仕事はあるかな、と言う,,pendente,
mev26_015.scr:24,mev26_015.scr,24,,(opcao do jogador),escolha,11,36,,,アンジュに、雰囲気変わった？と尋ねる,,pendente,
mev26_015.scr:25,mev26_015.scr,25,,(opcao do jogador),escolha,12,26,,,アンジュに太った？と尋ねる,,pendente,
mev26_020.scr:0,mev26_020.scr,0,91,ニアタ,personagem,0,54,,CRLF x1,ディセンダーか。\n今、我々の本体と交信しているところだ,,pendente,
mev26_020.scr:1,mev26_020.scr,1,91,ニアタ,personagem,3,54,,CRLF x1,前にも言ったが、我々の本体は\nここではない異世界にある,,pendente,
mev26_020.scr:2,mev26_020.scr,2,91,ニアタ,personagem,4,24,,,いいや、そんな事はないさ,,pendente,
mev26_020.scr:3,mev26_020.scr,3,91,ニアタ,personagem,5,68,,CRLF x1,我々の本体がある、異世界グラニデ。\n今、この世界との通路を繋いでいる,,pendente,
mev26_020.scr:4,mev26_020.scr,4,91,ニアタ,personagem,6,66,,CRLF x1,今までは、転送に必要なエネルギーが\n足りなかったが、ようやく叶う…,,pendente,
mev26_020.scr:5,mev26_020.scr,5,86,カノンノ,personagem,7,40,,CRLF x1,ニアタがね、\n会わせたい人がいるんだって,,pendente,
mev26_020.scr:6,mev26_020.scr,6,86,カノンノ,personagem,8,52,,CRLF x1,その人を、グラニデって世界から\n呼んでいるところなの,,pendente,
mev26_020.scr:7,mev26_020.scr,7,91,ニアタ,personagem,9,12,,,…転送完了だ,,pendente,
mev26_020.scr:8,mev26_020.scr,8,91,ニアタ,personagem,10,32,,CRLF x1,さあ、甲板まで行って\n出迎えよう,,pendente,
mev26_020.scr:9,mev26_020.scr,9,86,カノンノ,personagem,11,32,,CRLF x1,うん！\n○○も、一緒に行こうよ！,,pendente,
mev26_020.scr:10,mev26_020.scr,10,,(opcao do jogador),escolha,1,24,,,本体と交信とは？と尋ねる,,pendente,
mev26_020.scr:11,mev26_020.scr,11,,(opcao do jogador),escolha,2,22,,,邪魔をしたか、と尋ねる,,pendente,
mev26_030.scr:0,mev26_030.scr,0,91,ニアタ,personagem,0,44,,CRLF x1,ようこそ、カノンノ。\nここが、ルミナシアだよ,,pendente,
mev26_030.scr:1,mev26_030.scr,1,89,カノンノ・イアハート,personagem,1,56,,CRLF x1,うん、向こうのニアタに聞いていた通り、\nステキな世界だね,,pendente,
mev26_030.scr:2,mev26_030.scr,2,89,カノンノ・イアハート,personagem,2,70,,CRLF x2,初めまして！\n私、カノンノ・イアハート。\nグラニデって世界から来ました,,pendente,
mev26_030.scr:3,mev26_030.scr,3,89,カノンノ・イアハート,personagem,5,76,,CRLF x2,よろしく！！\nルミナシアのディセンダーさん。\nそれと、ルミナシアの…私かな？,,pendente,
mev26_030.scr:4,mev26_030.scr,4,89,カノンノ・イアハート,personagem,6,8,,,…あ……,,pendente,
mev26_030.scr:5,mev26_030.scr,5,89,カノンノ・イアハート,personagem,7,62,,CRLF x1,えっと、私がこの世界にくる事、\n前もって聞いてなかった…とか？,,pendente,
mev26_030.scr:6,mev26_030.scr,6,91,ニアタ,personagem,8,60,,CRLF x1,ディセンダー、それにこちらのカノンノを\n驚かせようと思ってな,,pendente,
mev26_030.scr:7,mev26_030.scr,7,91,ニアタ,personagem,9,36,,,この子が来るのは秘密にしていたんだが,,pendente,
mev26_030.scr:8,mev26_030.scr,8,89,カノンノ・イアハート,personagem,10,66,,CRLF x1,向こうのニアタから聞いてたけど、\n姿もそっくりだし、名前も同じかぁ,,pendente,
mev26_030.scr:9,mev26_030.scr,9,89,カノンノ・イアハート,personagem,11,60,,CRLF x1,そうだね、紛らわしいから\n私、ここではイアハートって名乗るよ,,pendente,
mev26_030.scr:10,mev26_030.scr,10,86,カノンノ,personagem,12,104,,CRLF x2,えっ…、えっと…、イアハート…は、\nニアタが前に話してくれた、\n別の世界にもあるっていうアドリビトムの…,,pendente,
mev26_030.scr:11,mev26_030.scr,11,89,カノンノ・イアハート,personagem,13,16,,,うん、そうだよ！,,pendente,
mev26_030.scr:12,mev26_030.scr,12,89,カノンノ・イアハート,personagem,14,14,,,会えて嬉しいな,,pendente,
mev26_030.scr:13,mev26_030.scr,13,89,カノンノ・イアハート,personagem,15,32,,,ねえ、みんなにも会っていいかな？,,pendente,
mev26_030.scr:14,mev26_030.scr,14,89,カノンノ・イアハート,personagem,18,32,,CRLF x1,ありがとう。\nフフ、楽しみだなぁ,,pendente,
mev26_030.scr:15,mev26_030.scr,15,86,カノンノ,personagem,19,34,,CRLF x1,そうだね。\nみんなビックリするかも,,pendente,
mev26_030.scr:16,mev26_030.scr,16,86,カノンノ,personagem,20,44,,CRLF x1,じゃあ、まずはアンジュさんに\n会ってもらおう,,pendente,
mev26_030.scr:17,mev26_030.scr,17,89,カノンノ・イアハート,personagem,21,26,,,それじゃ、お邪魔しまーす♪,,pendente,
mev26_030.scr:18,mev26_030.scr,18,,(opcao do jogador),escolha,3,8,,,挨拶する,,pendente,
mev26_030.scr:19,mev26_030.scr,19,,(opcao do jogador),escolha,4,10,,,呆然とする,,pendente,
mev26_030.scr:20,mev26_030.scr,20,,(opcao do jogador),escolha,16,8,,,うなずく,,pendente,
mev26_030.scr:21,mev26_030.scr,21,,(opcao do jogador),escolha,17,20,,,みんなが驚く、と笑う,,pendente,
mev26_040.scr:0,mev26_040.scr,0,62,アンジュ,personagem,0,20,,,ホント、双子みたい…,,pendente,
mev26_040.scr:1,mev26_040.scr,1,62,アンジュ,personagem,1,60,,CRLF x1,でも、血も繋がってないし、\nそもそも別の世界の…別人なのね…,,pendente,
mev26_040.scr:2,mev26_040.scr,2,91,ニアタ,personagem,2,60,,CRLF x1,この子には、この世界にこれから\n必要になる物を届けてもらった,,pendente,
mev26_040.scr:3,mev26_040.scr,3,89,カノンノ・イアハート,personagem,3,46,,CRLF x1,あっ、そうそう！\n設計書、ちゃんと持って来たよ,,pendente,
mev26_040.scr:4,mev26_040.scr,4,62,アンジュ,personagem,4,8,,,設計書？,,pendente,
mev26_040.scr:5,mev26_040.scr,5,89,カノンノ・イアハート,personagem,6,88,,CRLF x2,うん、私の世界グラニデで今使われてる\nマナに変わる代替エネルギーの発生装置の\n設計書だよ,,pendente,
mev26_040.scr:6,mev26_040.scr,6,89,カノンノ・イアハート,personagem,7,52,,CRLF x1,この世界には必要だからって聞いて、\n持って来たんだ！,,pendente,
mev26_040.scr:7,mev26_040.scr,7,62,アンジュ,personagem,8,60,,CRLF x1,ジェイドさんが前に言ってた、\n星晶に頼らなくてもいい…あの…,,pendente,
mev26_040.scr:8,mev26_040.scr,8,91,ニアタ,personagem,9,40,,CRLF x1,そう、これは内燃式半永久機関の\n設計書だ,,pendente,
mev26_040.scr:9,mev26_040.scr,9,91,ニアタ,personagem,10,68,,CRLF x1,グラニデでは、既に使用していて、\n全ての民に安全に供給する事が出来る,,pendente,
mev26_040.scr:10,mev26_040.scr,10,91,ニアタ,personagem,11,72,,CRLF x2,…これが完成すれば、\nこの世界は、星晶の枯渇に苦しむ事も\n無くなるだろう,,pendente,
mev26_040.scr:11,mev26_040.scr,11,62,アンジュ,personagem,12,8,,,すごい…,,pendente,
mev26_040.scr:12,mev26_040.scr,12,62,アンジュ,personagem,13,82,,CRLF x1,もう星晶を巡って国同士が争う必要もないし、\n採掘の為に人々が駆りだされる事もないし,,pendente,
mev26_040.scr:13,mev26_040.scr,13,62,アンジュ,personagem,14,68,,CRLF x1,何より…、採掘が止まれば、土地は\nマナを失わず、やせ衰える事もない…,,pendente,
mev26_040.scr:14,mev26_040.scr,14,62,アンジュ,personagem,15,46,,CRLF x1,これで、もっと多くの人を\n救う事が出来るのね！,,pendente,
mev26_040.scr:15,mev26_040.scr,15,91,ニアタ,personagem,16,68,,CRLF x2,前に、ジェイドが\n半永久機関の話をした際に\n思い付いてはいたのだがね,,pendente,
mev26_040.scr:16,mev26_040.scr,16,91,ニアタ,personagem,17,78,,CRLF x2,その時の我々には、\nグラニデからの転送に必要な\nエネルギーが不足していたのだよ,,pendente,
mev26_040.scr:17,mev26_040.scr,17,91,ニアタ,personagem,18,40,,CRLF x1,ところで、アンジュ。\n頼みがあるのだが…,,pendente,
mev26_040.scr:18,mev26_040.scr,18,62,アンジュ,personagem,19,10,,,何かしら？,,pendente,
mev26_040.scr:19,mev26_040.scr,19,91,ニアタ,personagem,20,82,,CRLF x2,彼女に、この世界を見せたくてね。\nしばらく、アドリビトムに\n置いてくれないだろうか,,pendente,
mev26_040.scr:20,mev26_040.scr,20,91,ニアタ,personagem,21,14,,,腕は保障するよ,,pendente,
mev26_040.scr:21,mev26_040.scr,21,62,アンジュ,personagem,22,18,,,ええ、お安い御用よ,,pendente,
mev26_040.scr:22,mev26_040.scr,22,62,アンジュ,personagem,23,42,,CRLF x1,その代わり、\nちゃーんと働いてもらうからね,,pendente,
mev26_040.scr:23,mev26_040.scr,23,89,カノンノ・イアハート,personagem,24,32,,CRLF x1,わぁ！！\nありがとうございます！,,pendente,
mev26_040.scr:24,mev26_040.scr,24,89,カノンノ・イアハート,personagem,25,26,,,よーし、頑張らなくっちゃ！,,pendente,
mev26_050.scr:0,mev26_050.scr,0,90,ロックス,personagem,0,52,,CRLF x1,ひゃああああ〜〜〜〜〜〜〜！\nお、お嬢様が二人…！？,,pendente,
mev26_050.scr:1,mev26_050.scr,1,86,カノンノ,personagem,1,66,,CRLF x2,ロックス、落ち着いて。\nイアハートは、\n別の世界からのお客さんなの,,pendente,
mev26_050.scr:2,mev26_050.scr,2,90,ロックス,personagem,2,18,,,イ、イアハート…？,,pendente,
mev26_050.scr:3,mev26_050.scr,3,90,ロックス,personagem,3,52,,CRLF x1,ニアタ様が言ってた、\n別の世界にいるお嬢様ですか…？,,pendente,
mev26_050.scr:4,mev26_050.scr,4,89,カノンノ・イアハート,personagem,4,18,,CRLF x1,はい。\nこんにちは,,pendente,
mev26_050.scr:5,mev26_050.scr,5,86,カノンノ,personagem,5,60,,CRLF x1,それでね、イアハートは、\nしばらくこの船にいる事になるんだよ,,pendente,
mev26_050.scr:6,mev26_050.scr,6,90,ロックス,personagem,6,20,,,そ、そうなんですか…,,pendente,
mev26_050.scr:7,mev26_050.scr,7,90,ロックス,personagem,7,68,,CRLF x2,ふぃ〜〜〜〜…。\nもぅ、口から心臓が飛び出るぐらい\nびっくりしたぁ…,,pendente,
mev26_050.scr:8,mev26_050.scr,8,90,ロックス,personagem,8,62,,CRLF x1,それじゃ、あの、イアハート様。\nこれからもよろしくお願いします,,pendente,
mev26_050.scr:9,mev26_050.scr,9,90,ロックス,personagem,9,52,,CRLF x1,何か食べたいものがあったら、\n遠慮なく言って下さいね,,pendente,
mev26_050.scr:10,mev26_050.scr,10,89,カノンノ・イアハート,personagem,10,28,,CRLF x1,うん。\nありがとう、ロックス,,pendente,
mev26_050.scr:11,mev26_050.scr,11,,(mensagem de sistema),sistema,11,50,,CRLF x1,カノンノ・イアハートが\nアドリビトムに加入しました,,pendente,
mev26_060.scr:0,mev26_060.scr,0,17,ジューダス,personagem,0,44,,CRLF x1,一体いつになったら、\n元の世界へ帰れるんだ…,,pendente,
mev26_060.scr:1,mev26_060.scr,1,14,カイル,personagem,1,24,,,でも、この世界も楽しいよ,,pendente,
mev26_060.scr:2,mev26_060.scr,2,17,ジューダス,personagem,2,48,,CRLF x1,ハロルドの奴、今回の実験で\n通算１１６回の失敗だ,,pendente,
mev26_060.scr:3,mev26_060.scr,3,17,ジューダス,personagem,3,54,,CRLF x1,…ハロルドの奴……、\nわざとやっているんじゃないのか？,,pendente,
mev26_060.scr:4,mev26_060.scr,4,14,カイル,personagem,4,60,,CRLF x2,えええ！？\n確かにオレ達は実験の失敗で\nこの世界に来たけど…,,pendente,
mev26_060.scr:5,mev26_060.scr,5,14,カイル,personagem,5,44,,CRLF x1,…わざとかぁ。\n…ちょっと…ありそう…だね…,,pendente,
mev26_060.scr:6,mev26_060.scr,6,14,カイル,personagem,6,56,,CRLF x1,ほら、でもさ、その「失敗」で\nまた元の世界に戻れるかも！,,pendente,
mev26_060.scr:7,mev26_060.scr,7,86,カノンノ,personagem,7,54,,CRLF x1,ジューダス、カイル。\nロックスがおやつだって呼んでるよ,,pendente,
mev26_060.scr:8,mev26_060.scr,8,89,カノンノ・イアハート,personagem,8,32,,,今日は、クレープシュゼットだよ！,,pendente,
mev26_060.scr:9,mev26_060.scr,9,14,カイル,personagem,9,48,,CRLF x1,わあっ！！\nやっぱ、二人並ぶとビックリするなぁ…,,pendente,
mev26_060.scr:10,mev26_060.scr,10,14,カイル,personagem,10,62,,CRLF x2,って、そうだ！\nどっちか最近、\n一人で闘技場に参加しなかった？,,pendente,
mev26_060.scr:11,mev26_060.scr,11,86,カノンノ,personagem,11,8,,,ううん？,,pendente,
mev26_060.scr:12,mev26_060.scr,12,89,カノンノ・イアハート,personagem,12,24,,,一人では行っていないなぁ,,pendente,
mev26_060.scr:13,mev26_060.scr,13,14,カイル,personagem,13,74,,CRLF x2,おかしいな…。\n今の闘技場チャンピオンの名前、\nカノンノって言うらしいんだ,,pendente,
mev26_060.scr:14,mev26_060.scr,14,14,カイル,personagem,14,70,,CRLF x1,髪もピンク色で、女の子で…。\nとにかく、カノンノそっくりらしいんだよ！,,pendente,
mev26_060.scr:15,mev26_060.scr,15,86,カノンノ,personagem,15,24,,CRLF x1,うぅ〜…？\n知らないなぁ,,pendente,
mev26_060.scr:16,mev26_060.scr,16,89,カノンノ・イアハート,personagem,16,26,,,でも、ちょっと興味があるね,,pendente,
mev26_060.scr:17,mev26_060.scr,17,89,カノンノ・イアハート,personagem,17,24,,CRLF x1,○○、\n見てみたくない？,,pendente,
mev26_060.scr:18,mev26_060.scr,18,86,カノンノ,personagem,18,24,,,うん、私も見たい見たい！,,pendente,
mev26_060.scr:19,mev26_060.scr,19,91,ニアタ,personagem,19,26,,CRLF x1,ふむ。\nそれは、興味あるな,,pendente,
mev26_060.scr:20,mev26_060.scr,20,91,ニアタ,personagem,20,34,,,行くのであれば、我々も付いて行こう,,pendente,
mev26_070.scr:0,mev26_070.scr,0,86,カノンノ,personagem,0,8,,,私達に…,,pendente,
mev26_070.scr:1,mev26_070.scr,1,89,カノンノ・イアハート,personagem,1,10,,,そっ…くり,,pendente,
mev26_070.scr:2,mev26_070.scr,2,91,ニアタ,personagem,2,24,,,そなた………………………,,pendente,
mev26_070.scr:3,mev26_070.scr,3,91,ニアタ,personagem,3,38,,CRLF x1,…そなたは！！\n我等がディセンダー！！,,pendente,
mev26_070.scr:4,mev26_070.scr,4,86,カノンノ,personagem,4,6,,,ええ！,,pendente,
mev26_070.scr:5,mev26_070.scr,5,89,カノンノ・イアハート,personagem,5,30,,,それじゃ…、パスカって世界の…,,pendente,
mev26_070.scr:6,mev26_070.scr,6,89,カノンノ・イアハート,personagem,6,52,,CRLF x1,（でも、パスカは寿命を迎えた世界。\n　まさか、幽…）,,pendente,
mev26_070.scr:7,mev26_070.scr,7,88,パスカ・カノンノ,personagem,7,8,,,ニアタ…,,pendente,
mev26_070.scr:8,mev26_070.scr,8,88,パスカ・カノンノ,personagem,8,16,,,ニアタ…なの！？,,pendente,
mev26_070.scr:9,mev26_070.scr,9,88,パスカ・カノンノ,personagem,9,20,,,迎えに来てくれたのね,,pendente,
mev26_070.scr:10,mev26_070.scr,10,91,ニアタ,personagem,10,26,,,そなた、現身…………いや、,,pendente,
mev26_070.scr:11,mev26_070.scr,11,91,ニアタ,personagem,11,26,,,一体、どうしてこんな所に…,,pendente,
mev26_070.scr:12,mev26_070.scr,12,88,パスカ・カノンノ,personagem,12,88,,CRLF x2,テレジアへ遊びに行こうと思ったら、\nおかしな力に引っ張られて、\nここに飛ばされちゃったの,,pendente,
mev26_070.scr:13,mev26_070.scr,13,91,ニアタ,personagem,13,42,,CRLF x1,カノンノ、すまない。\n今の年号を教えてくれ,,pendente,
mev26_070.scr:14,mev26_070.scr,14,88,パスカ・カノンノ,personagem,14,22,,,第四樹暦五十八年だよ？,,pendente,
mev26_070.scr:15,mev26_070.scr,15,88,パスカ・カノンノ,personagem,15,30,,,ニアタったら、変な事を聞くね？,,pendente,
mev26_070.scr:16,mev26_070.scr,16,91,ニアタ,personagem,16,52,,CRLF x1,（パスカの世界樹が四度目の実りを\n　過ぎた辺りか…）,,pendente,
mev26_070.scr:17,mev26_070.scr,17,91,ニアタ,personagem,17,62,,CRLF x1,（では、あと三度の実りの後、\n　パスカの世界は寿命を迎える…）,,pendente,
mev26_070.scr:18,mev26_070.scr,18,91,ニアタ,personagem,18,42,,,（我等がディセンダーは、時を越えたのか…）,,pendente,
mev26_070.scr:19,mev26_070.scr,19,88,パスカ・カノンノ,personagem,19,58,,CRLF x1,ところで、ここはテレジアじゃ\nないみたいだけど、どこなの？,,pendente,
mev26_070.scr:20,mev26_070.scr,20,91,ニアタ,personagem,20,52,,CRLF x1,そうだな、この世界については\n船へ戻りながら教えるよ,,pendente,
mev26_070.scr:21,mev26_070.scr,21,88,パスカ・カノンノ,personagem,21,6,,,船…？,,pendente,
mev26_070.scr:22,mev26_070.scr,22,91,ニアタ,personagem,22,40,,CRLF x1,心配は要らない。\nそれより…、カノンノ…,,pendente,
mev26_070.scr:23,mev26_070.scr,23,91,ニアタ,personagem,23,44,,CRLF x1,今は…、そなたに会えた事を\n喜ばせておくれ…,,pendente,
mev26_070.scr:24,mev26_070.scr,24,88,パスカ・カノンノ,personagem,24,36,,CRLF x1,ふふ、どうしたの？\nおかしなニアタ…,,pendente,
mev26_080.scr:0,mev26_080.scr,0,19,ハロルド,personagem,0,52,,CRLF x1,ふんふん…。\nこれまた、思わぬ事故が起きちゃったわね,,pendente,
mev26_080.scr:1,mev26_080.scr,1,91,ニアタ,personagem,1,40,,,では、カイル達を元の世界へ戻すはずが…、,,pendente,
mev26_080.scr:2,mev26_080.scr,2,91,ニアタ,personagem,2,88,,CRLF x2,時間を遡った所に存在する\n我等のディセンダーを、この世界へ\n呼び込んでしまったわけだな…,,pendente,
mev26_080.scr:3,mev26_080.scr,3,62,アンジュ,personagem,3,32,,,戻すのには時間がかかるみたいね…,,pendente,
mev26_080.scr:4,mev26_080.scr,4,62,アンジュ,personagem,4,34,,,カイル君達だって、まだ成功しないし,,pendente,
mev26_080.scr:5,mev26_080.scr,5,19,ハロルド,personagem,5,26,,,まー、そう焦らない焦らない,,pendente,
mev26_080.scr:6,mev26_080.scr,6,19,ハロルド,personagem,6,72,,CRLF x1,今回の失敗だって、ひょっとしたら\n世紀の大発明に繋がるかもしれないのよ♪,,pendente,
mev26_080.scr:7,mev26_080.scr,7,91,ニアタ,personagem,7,52,,CRLF x1,アンジュ、それまで彼女をこの船に\n置いてもいいかね？,,pendente,
mev26_080.scr:8,mev26_080.scr,8,62,アンジュ,personagem,8,24,,,ええ、断る理由は無いし…,,pendente,
mev26_080.scr:9,mev26_080.scr,9,62,アンジュ,personagem,9,56,,CRLF x1,でも、異世界のディセンダーまで\n抱える事になるなんてね…,,pendente,
mev26_080.scr:10,mev26_080.scr,10,91,ニアタ,personagem,10,38,,,彼女の時間では、まだ故郷は存在している,,pendente,
mev26_080.scr:11,mev26_080.scr,11,91,ニアタ,personagem,11,88,,CRLF x2,○○も、アンジュも、\nパスカが滅びた事や、我々の身の上の事を\n彼女に話さないでおいてくれ,,pendente,
mev26_080.scr:12,mev26_080.scr,12,62,アンジュ,personagem,12,12,,,…ん、了解よ,,pendente,
mev26_080.scr:13,mev26_080.scr,13,62,アンジュ,personagem,13,56,,CRLF x1,ところで、あなたのディセンダーを\n何と呼べばいいかしら？,,pendente,
mev26_080.scr:14,mev26_080.scr,14,91,ニアタ,personagem,14,56,,CRLF x1,ふむ、あの子には姓がない。\n故郷の名が姓と言ってもよいな,,pendente,
mev26_080.scr:15,mev26_080.scr,15,91,ニアタ,personagem,15,30,,,では、「パスカ」と名乗らせよう,,pendente,
mev26_080.scr:16,mev26_080.scr,16,62,アンジュ,personagem,16,42,,CRLF x1,それじゃあ、\nパスカのメンバー登録をするね,,pendente,
mev26_080.scr:17,mev26_080.scr,17,91,ニアタ,personagem,17,10,,,感謝する…,,pendente,
mev26_080.scr:18,mev26_080.scr,18,19,ハロルド,personagem,18,46,,CRLF x1,ところで、トリプルカノンノは\nどこに行ったの？,,pendente,
mev26_080.scr:19,mev26_080.scr,19,62,アンジュ,personagem,19,38,,CRLF x1,ああっ！？\nまさか、ロックスの所に！！,,pendente,
mev26_080.scr:20,mev26_080.scr,20,62,アンジュ,personagem,20,70,,CRLF x2,○○、\n一緒に行って説明してあげないと、\nロックスが腰抜かしちゃう！！,,pendente,
mev26_080.scr:21,mev26_080.scr,21,62,アンジュ,personagem,21,26,,,食堂へ行ってちょうだい！！,,pendente,
mev26_090.scr:0,mev26_090.scr,0,90,ロックス,personagem,0,28,,,ひぃええええええええええ！！,,pendente,
mev26_090.scr:1,mev26_090.scr,1,90,ロックス,personagem,1,18,,,お、お嬢様が三人…,,pendente,
mev26_090.scr:2,mev26_090.scr,2,90,ロックス,personagem,2,56,,CRLF x1,あわわわわわ…、僕は、僕は、\nそろそろお迎えが来るのか…,,pendente,
mev26_090.scr:3,mev26_090.scr,3,91,ニアタ,personagem,3,48,,CRLF x1,驚かせてすまない。\n彼女は、我々のディセンダーだ,,pendente,
mev26_090.scr:4,mev26_090.scr,4,90,ロックス,personagem,4,34,,,（で、でも…、ニアタ様の故郷は…）,,pendente,
mev26_090.scr:5,mev26_090.scr,5,91,ニアタ,personagem,5,48,,CRLF x1,（その話については、\n　触れないでやってくれ…）,,pendente,
mev26_090.scr:6,mev26_090.scr,6,91,ニアタ,personagem,6,60,,CRLF x1,ともかく、事情は後で話す。\n今は、彼女を受け入れてやってくれ,,pendente,
mev26_090.scr:7,mev26_090.scr,7,90,ロックス,personagem,7,68,,CRLF x2,わ、わかりました…。\n三人に見えたのは、\n幻覚じゃなかったんですね…,,pendente,
mev26_090.scr:8,mev26_090.scr,8,86,カノンノ,personagem,8,36,,CRLF x1,紹介するね。\n私の家族、ロックスだよ,,pendente,
mev26_090.scr:9,mev26_090.scr,9,88,パスカ・カノンノ,personagem,9,64,,CRLF x1,よろしくお願いします、ロックス。\n私の事は、パスカと呼んで下さい,,pendente,
mev26_090.scr:10,mev26_090.scr,10,90,ロックス,personagem,10,28,,,は、はい、こちらこそよろしく,,pendente,
mev26_090.scr:11,mev26_090.scr,11,90,ロックス,personagem,11,62,,CRLF x2,あっ、そのっ、\nそんな堅苦しくなくて構いませんから。\nホント…,,pendente,
mev26_090.scr:12,mev26_090.scr,12,88,パスカ・カノンノ,personagem,12,6,,,はい！,,pendente,
mev26_090.scr:13,mev26_090.scr,13,,(mensagem de sistema),sistema,13,46,,CRLF x1,パスカ・カノンノが\nアドリビトムに加入しました,,pendente,
