id,cena,ordem,ator,falante,tipo,idx_string,bytes_jp,repetida,control_codes,original,traducao,status,nota
qev01_010.scr:0,qev01_010.scr,0,3,チェスター,personagem,0,28,,,あいつ……、頑張ってるよなぁ,,pendente,
qev01_010.scr:1,qev01_010.scr,1,200,(ator 200),desconhecido,1,6,,,……？,,pendente,
qev01_010.scr:2,qev01_010.scr,2,3,チェスター,personagem,2,22,,CRLF x1,ん？\nああ、クレスだよ,,pendente,
qev01_010.scr:3,qev01_010.scr,3,3,チェスター,personagem,3,42,,CRLF x1,ここ最近、目に見えて\n剣の腕を上げてきてる,,pendente,
qev01_010.scr:4,qev01_010.scr,4,3,チェスター,personagem,4,40,,CRLF x1,オレも、のんびりしちゃ\nいられないな……,,pendente,
qev01_010.scr:5,qev01_010.scr,5,3,チェスター,personagem,5,36,,CRLF x1,……なあ、折り入って\n頼みがあるんだ,,pendente,
qev01_010.scr:6,qev01_010.scr,6,3,チェスター,personagem,6,52,,CRLF x1,聞くだけ聞いてくれないか？\n後の判断は、任せるからよ,,pendente,
qev01_010.scr:7,qev01_010.scr,7,,(mensagem de sistema),sistema,7,94,,CRLF x2,クエスト「友としてライバルとして」が\nエントリーされました。\nチェスターから受ける事が出来ます,,pendente,
qev01_020.scr:0,qev01_020.scr,0,3,チェスター,personagem,0,18,,,付き合わせて悪いな,,pendente,
qev01_020.scr:1,qev01_020.scr,1,3,チェスター,personagem,1,66,,CRLF x2,でも、お前なら\n受けてくれるって気がしてたぜ。\n何となく、だけどな,,pendente,
qev01_020.scr:2,qev01_020.scr,2,3,チェスター,personagem,2,14,,,さ、行こうぜ！,,pendente,
qev01_030.scr:0,qev01_030.scr,0,3,チェスター,personagem,0,56,,CRLF x2,さて、と……。\nここからは気を引き締めて\nかからないとな,,pendente,
qev01_030.scr:1,qev01_030.scr,1,3,チェスター,personagem,1,20,,,よろしく頼むぜ、○○,,pendente,
qev01_040.scr:0,qev01_040.scr,0,3,チェスター,personagem,0,32,,CRLF x1,ふう……。\nこれであと半分、だな,,pendente,
qev01_040.scr:1,qev01_040.scr,1,3,チェスター,personagem,1,8,,,…………,,pendente,
qev01_040.scr:2,qev01_040.scr,2,3,チェスター,personagem,2,56,,CRLF x2,なあ……。\nお前には、背中を預けられる\n親友っているか？,,pendente,
qev01_040.scr:3,qev01_040.scr,3,3,チェスター,personagem,3,54,,CRLF x2,って、悪い。\nお前には過去の記憶が\nないんだったな……,,pendente,
qev01_040.scr:4,qev01_040.scr,4,200,(ator 200),desconhecido,4,8,,,…………,,pendente,
qev01_040.scr:5,qev01_040.scr,5,3,チェスター,personagem,5,68,,CRLF x2,……クレスとはさ。\nガキの頃からずっと、\n腕を競い合ってきた仲なんだ,,pendente,
qev01_040.scr:6,qev01_040.scr,6,3,チェスター,personagem,6,26,,,剣と弓の違いはあっても、な,,pendente,
qev01_040.scr:7,qev01_040.scr,7,3,チェスター,personagem,7,58,,CRLF x1,だから、わかるんだよ。\nあいつはこのギルドへ来て、変わった,,pendente,
qev01_040.scr:8,qev01_040.scr,8,3,チェスター,personagem,8,78,,CRLF x2,単なる技術だけじゃない。\n目的を見つけて……どんどん強く\nたくましくなっている,,pendente,
qev01_040.scr:9,qev01_040.scr,9,3,チェスター,personagem,9,28,,,何だか……焦っちまうんだよな,,pendente,
qev01_040.scr:10,qev01_040.scr,10,3,チェスター,personagem,10,94,,CRLF x2,オレは、あいつとは対等でいたいんだ。\nいざって時に、当たり前にお互いを\n頼れる関係っていうかさ,,pendente,
qev01_040.scr:11,qev01_040.scr,11,200,(ator 200),desconhecido,11,8,,,…………,,pendente,
qev01_040.scr:12,qev01_040.scr,12,3,チェスター,personagem,12,38,,CRLF x1,……こ、この話は\nクレスには言うなよ！,,pendente,
qev01_040.scr:13,qev01_040.scr,13,3,チェスター,personagem,13,44,,CRLF x1,ほら、残り半分。\nさっさと片付けちまおうぜ！,,pendente,
qev01_050.scr:0,qev01_050.scr,0,3,チェスター,personagem,0,34,,CRLF x1,今ので全部だな。\n助かったよ、○○,,pendente,
qev01_050.scr:1,qev01_050.scr,1,3,チェスター,personagem,1,48,,CRLF x1,クレスもだけど、お前の腕も\nなかなかのもんだよな,,pendente,
qev01_050.scr:2,qev01_050.scr,2,3,チェスター,personagem,2,36,,CRLF x1,おかげで色々\n気付けたもんがあったよ,,pendente,
qev01_050.scr:3,qev01_050.scr,3,3,チェスター,personagem,3,20,,CRLF x1,へへっ。\nありがとな,,pendente,
qev01_060.scr:0,qev01_060.scr,0,3,チェスター,personagem,0,34,,CRLF x1,ふ〜っ。\nようやく、帰ってこれたな,,pendente,
qev01_060.scr:1,qev01_060.scr,1,3,チェスター,personagem,1,64,,CRLF x2,なぁ、○○。\nお前も困った事があったら\nいつでも声をかけてくれよ,,pendente,
qev01_060.scr:2,qev01_060.scr,2,3,チェスター,personagem,2,40,,CRLF x1,今度はオレが、お前の力に\nなってやるぜ！,,pendente,
qev01_060.scr:3,qev01_060.scr,3,3,チェスター,personagem,3,8,,,じゃあな,,pendente,
qev02_010.scr:0,qev02_010.scr,0,34,エミル,personagem,1,40,,CRLF x1,カイウスが気にする事ないよ。\nだって……,,pendente,
qev02_010.scr:1,qev02_010.scr,1,57,カイウス,personagem,2,20,,,気休めはやめてくれよ,,pendente,
qev02_010.scr:2,qev02_010.scr,2,57,カイウス,personagem,3,56,,CRLF x1,オレだって、本当は否定したいんだ。\nそんなんじゃないって,,pendente,
qev02_010.scr:3,qev02_010.scr,3,57,カイウス,personagem,4,44,,CRLF x1,だけど……言えなかった。\n出来なかったんだよ,,pendente,
qev02_010.scr:4,qev02_010.scr,4,57,カイウス,personagem,5,72,,CRLF x2,本当はオレも……、\n自分の事をバケモノだって\n思ってるのかもしれない……,,pendente,
qev02_010.scr:5,qev02_010.scr,5,58,ルビア,personagem,6,20,,,馬鹿な事言わないで！,,pendente,
qev02_010.scr:6,qev02_010.scr,6,58,ルビア,personagem,7,58,,CRLF x1,あたしは、カイウスの能力をそんな風に\n思ってなんかいないわ,,pendente,
qev02_010.scr:7,qev02_010.scr,7,200,(ator 200),desconhecido,8,6,,,……？,,pendente,
qev02_010.scr:8,qev02_010.scr,8,34,エミル,personagem,9,12,,,あ……、○○,,pendente,
qev02_010.scr:9,qev02_010.scr,9,34,エミル,personagem,10,58,,CRLF x1,ごめん、ちょっと……。\n買出しに行った先の街で、色々あって,,pendente,
qev02_010.scr:10,qev02_010.scr,10,58,ルビア,personagem,11,78,,CRLF x2,色々なんかないわよ。\n高台から落ちそうになった人を\nカイウスが助けてあげただけ,,pendente,
qev02_010.scr:11,qev02_010.scr,11,58,ルビア,personagem,12,82,,CRLF x2,カイウスが獣人化して駆け付けなかったら\nあの人は大怪我をしてたわ。\nそれなのに……,,pendente,
qev02_010.scr:12,qev02_010.scr,12,57,カイウス,personagem,13,64,,CRLF x2,いいんだ、ルビア。\nオレが、みんなと違うっていうのは\n本当の事だ,,pendente,
qev02_010.scr:13,qev02_010.scr,13,57,カイウス,personagem,14,28,,,……怖がられたって仕方ないさ,,pendente,
qev02_010.scr:14,qev02_010.scr,14,58,ルビア,personagem,15,82,,CRLF x2,何が仕方ないっていうの？\nそうやってまた、自分の殻に閉じこもって\n逃げ出すつもり？,,pendente,
qev02_010.scr:15,qev02_010.scr,15,57,カイウス,personagem,16,24,,,オレは逃げてなんかない！,,pendente,
qev02_010.scr:16,qev02_010.scr,16,58,ルビア,personagem,17,88,,CRLF x2,いいえ、逃げてるわ！\n仕方ない事なんて何もないのに、\n自分から全部をあきらめようとしてる,,pendente,
qev02_010.scr:17,qev02_010.scr,17,57,カイウス,personagem,18,26,,,わかった様な事を言うなよ！,,pendente,
qev02_010.scr:18,qev02_010.scr,18,57,カイウス,personagem,19,60,,CRLF x1,ルビアにはわからないさ！\nだって、ルビアは……人間なんだから,,pendente,
qev02_010.scr:19,qev02_010.scr,19,58,ルビア,personagem,20,8,,,……ばか,,pendente,
qev02_010.scr:20,qev02_010.scr,20,58,ルビア,personagem,21,22,,,……カイウスのばか！！,,pendente,
qev02_010.scr:21,qev02_010.scr,21,34,エミル,personagem,22,12,,,ルビア……！,,pendente,
qev02_010.scr:22,qev02_010.scr,22,19,ハロルド,personagem,23,8,,,あいたっ,,pendente,
qev02_010.scr:23,qev02_010.scr,23,19,ハロルド,personagem,24,46,,CRLF x2,あら？\nあんた達……。\nちょうどいいところに♪,,pendente,
qev02_010.scr:24,qev02_010.scr,24,19,ハロルド,personagem,25,76,,CRLF x2,これから、ちょ〜っと\n私に付き合いなさい∀\nもちろん、イヤとは言わせないわよ,,pendente,
qev02_010.scr:25,qev02_010.scr,25,34,エミル,personagem,26,44,,CRLF x2,ええ？\nそんな……。\n今、それどころじゃ……,,pendente,
qev02_010.scr:26,qev02_010.scr,26,57,カイウス,personagem,27,46,,CRLF x1,……いいよ、エミル。\nハロルドさんの話を聞こう,,pendente,
qev02_010.scr:27,qev02_010.scr,27,34,エミル,personagem,28,12,,,カイウス……,,pendente,
qev02_010.scr:28,qev02_010.scr,28,,(mensagem de sistema),sistema,29,86,,CRLF x2,クエスト「カニカニパニック」が\nエントリーされました。\nハロルドから受ける事が出来ます,,pendente,
qev02_020.scr:0,qev02_020.scr,0,19,ハロルド,personagem,0,46,,CRLF x1,よ〜し、カニを獲って獲って\n獲りまくるわよ〜♪,,pendente,
qev02_020.scr:1,qev02_020.scr,1,19,ハロルド,personagem,1,80,,CRLF x1,刺身でしょ、鍋でしょ、パスタでしょ……。\nああもう、何から食べるか、迷っちゃう∀,,pendente,
qev02_020.scr:2,qev02_020.scr,2,34,エミル,personagem,2,52,,CRLF x1,どれだけカニを獲るつもりなの……。\nねえ、カイウス？,,pendente,
qev02_020.scr:3,qev02_020.scr,3,57,カイウス,personagem,3,8,,,…………,,pendente,
qev02_020.scr:4,qev02_020.scr,4,34,エミル,personagem,4,14,,,……カイウス？,,pendente,
qev02_020.scr:5,qev02_020.scr,5,57,カイウス,personagem,5,22,,CRLF x1,……え？\nああ、何だ？,,pendente,
qev02_020.scr:6,qev02_020.scr,6,57,カイウス,personagem,6,22,,,悪い、何の話だったっけ,,pendente,
qev02_020.scr:7,qev02_020.scr,7,34,エミル,personagem,7,14,,,あ……、ううん,,pendente,
qev02_020.scr:8,qev02_020.scr,8,34,エミル,personagem,8,34,,CRLF x1,大丈夫……。\n何でもない、から……,,pendente,
qev02_030.scr:0,qev02_030.scr,0,19,ハロルド,personagem,0,18,,,カニ〜！　カニ〜！,,pendente,
qev02_030.scr:1,qev02_030.scr,1,34,エミル,personagem,1,36,,,ハロルドさんは、本当に元気だなぁ……,,pendente,
qev02_030.scr:2,qev02_030.scr,2,57,カイウス,personagem,2,12,,,そうだな……,,pendente,
qev02_030.scr:3,qev02_030.scr,3,57,カイウス,personagem,3,58,,CRLF x2,うらやましいよ。\n悩みなんか、\nきっと何にもないんだろうな,,pendente,
qev02_030.scr:4,qev02_030.scr,4,34,エミル,personagem,4,8,,,…………,,pendente,
qev02_030.scr:5,qev02_030.scr,5,57,カイウス,personagem,5,86,,CRLF x2,ほら、ハロルドさんって天才だろ？\n天才の考えてる事は、\nよくわからないっていうかさ……,,pendente,
qev02_030.scr:6,qev02_030.scr,6,19,ハロルド,personagem,6,46,,CRLF x1,コラ、そこ！\nな〜にごちゃごちゃ話してるのよ？,,pendente,
qev02_030.scr:7,qev02_030.scr,7,19,ハロルド,personagem,7,62,,CRLF x1,ほらほら、さっさと行くわよ♪\nカニを待たせちゃ悪いじゃない♪♪,,pendente,
qev02_030.scr:8,qev02_030.scr,8,57,カイウス,personagem,8,50,,CRLF x1,ちょ、ちょっとハロルドさん……。\n引っ張るなって！,,pendente,
qev02_030.scr:9,qev02_030.scr,9,34,エミル,personagem,9,48,,CRLF x1,カイウス……。\nやっぱりまだ、ルビアとのこと……,,pendente,
qev02_040.scr:0,qev02_040.scr,0,19,ハロルド,personagem,0,18,,,う〜ん、大漁大漁♪,,pendente,
qev02_040.scr:1,qev02_040.scr,1,19,ハロルド,personagem,1,70,,CRLF x1,でも、これだけ人手があるんだから\nもうちょっとくらい持って帰れそうよね,,pendente,
qev02_040.scr:2,qev02_040.scr,2,34,エミル,personagem,2,34,,,本気で獲りまくるつもりなんだね……,,pendente,
qev02_040.scr:3,qev02_040.scr,3,34,エミル,personagem,3,52,,CRLF x1,僕もう、何だか手が\nカニ臭くなってきた気がするよ……,,pendente,
qev02_040.scr:4,qev02_040.scr,4,57,カイウス,personagem,4,66,,CRLF x1,獲るのはいいけど、こんなに持って帰って\n本当に全部食いきれるのか？,,pendente,
qev02_040.scr:5,qev02_040.scr,5,57,カイウス,personagem,5,48,,CRLF x1,みんなに見つかったら、\nすごい目で見られそうだな,,pendente,
qev02_040.scr:6,qev02_040.scr,6,19,ハロルド,personagem,6,54,,CRLF x1,いいじゃない、人の事なんて。\n思いたい様に思わせとけば,,pendente,
qev02_040.scr:7,qev02_040.scr,7,19,ハロルド,personagem,7,58,,CRLF x1,いちいち人目なんて気にしてたら、\nしたい事も出来ないでしょ,,pendente,
qev02_040.scr:8,qev02_040.scr,8,19,ハロルド,personagem,8,26,,,そんなのアホらしいじゃない,,pendente,
qev02_040.scr:9,qev02_040.scr,9,57,カイウス,personagem,9,48,,CRLF x1,そうは言うけど……。\nどうしたって気にはなるだろ,,pendente,
qev02_040.scr:10,qev02_040.scr,10,57,カイウス,personagem,10,68,,CRLF x2,自分が、その……、\nおかしい奴って思われて\n平気でなんていられないよ,,pendente,
qev02_040.scr:11,qev02_040.scr,11,19,ハロルド,personagem,11,74,,CRLF x2,おかしいって何？\nその「おかしい」の基準って\nドコにあるどんなものなわけ？,,pendente,
qev02_040.scr:12,qev02_040.scr,12,57,カイウス,personagem,12,6,,,えっ？,,pendente,
qev02_040.scr:13,qev02_040.scr,13,57,カイウス,personagem,13,36,,CRLF x1,そんなの……。\nオレにはわからないよ,,pendente,
qev02_040.scr:14,qev02_040.scr,14,19,ハロルド,personagem,14,10,,,でしょうね,,pendente,
qev02_040.scr:15,qev02_040.scr,15,19,ハロルド,personagem,15,50,,CRLF x1,だって、そんな基準なんて\nあってない様なものだもの,,pendente,
qev02_040.scr:16,qev02_040.scr,16,19,ハロルド,personagem,16,96,,CRLF x2,漠然とみんなが思っている「普通」を\n無理やり誰かに当てはめて、\n「普通」か、「異常」かを判定する,,pendente,
qev02_040.scr:17,qev02_040.scr,17,19,ハロルド,personagem,17,54,,CRLF x1,そんな事に何の意味があるのかしら。\n時間の無駄よ、無駄,,pendente,
qev02_040.scr:18,qev02_040.scr,18,19,ハロルド,personagem,18,34,,,「普通」の定義自体が曖昧なんだもの,,pendente,
qev02_040.scr:19,qev02_040.scr,19,19,ハロルド,personagem,19,44,,CRLF x1,私は私、あんたはあんた。\nそれでいいじゃない,,pendente,
qev02_040.scr:20,qev02_040.scr,20,19,ハロルド,personagem,20,22,,,カイウスは、気にし過ぎ,,pendente,
qev02_040.scr:21,qev02_040.scr,21,57,カイウス,personagem,21,16,,,そう……なのかな,,pendente,
qev02_040.scr:22,qev02_040.scr,22,34,エミル,personagem,22,48,,CRLF x1,でも……、僕も、\nカイウスはカイウスだって思うな,,pendente,
qev02_040.scr:23,qev02_040.scr,23,34,エミル,personagem,23,86,,CRLF x2,色んな人がいるんだから、\nそれぞれどこかが違っていて\n当たり前なんじゃないかって思うよ,,pendente,
qev02_040.scr:24,qev02_040.scr,24,19,ハロルド,personagem,24,36,,CRLF x1,はいはい。\n込み入った話はここまで〜,,pendente,
qev02_040.scr:25,qev02_040.scr,25,19,ハロルド,personagem,25,24,,,もう十分休憩したわよね？,,pendente,
qev02_040.scr:26,qev02_040.scr,26,19,ハロルド,personagem,26,20,,,さ、次行くわよ、次♪,,pendente,
qev02_041.scr:0,qev02_041.scr,0,19,ハロルド,personagem,1,52,,CRLF x1,しっかし、見れば見る程\nあんた達の力って不思議よね〜,,pendente,
qev02_041.scr:1,qev02_041.scr,1,19,ハロルド,personagem,2,62,,CRLF x2,ね、エミル。\n試しにちょ〜っとだけ\n被験体になるつもり、ない？,,pendente,
qev02_041.scr:2,qev02_041.scr,2,34,エミル,personagem,3,38,,CRLF x1,い、いやに決まってるよ！\nそんなの……,,pendente,
qev02_041.scr:3,qev02_041.scr,3,19,ハロルド,personagem,4,40,,CRLF x1,大〜〜丈夫よ。\n痛い事なんて何もないから,,pendente,
qev02_041.scr:4,qev02_041.scr,4,19,ハロルド,personagem,5,12,,,最・初・は∀,,pendente,
qev02_041.scr:5,qev02_041.scr,5,34,エミル,personagem,6,34,,CRLF x1,ちょ、ちょっと待ってよ、\nやめ……,,pendente,
qev02_041.scr:6,qev02_041.scr,6,34,エミル,personagem,7,34,,,……やめろって言ってんだろうが！！,,pendente,
qev02_041.scr:7,qev02_041.scr,7,19,ハロルド,personagem,8,32,,CRLF x1,おおっ！\n出たわね、黒エミル！！,,pendente,
qev02_041.scr:8,qev02_041.scr,8,19,ハロルド,personagem,9,30,,,今日こそ、その変身のヒミツ……,,pendente,
qev02_041.scr:9,qev02_041.scr,9,19,ハロルド,personagem,10,26,,,暴かせてもらっちゃうから∀,,pendente,
qev02_041.scr:10,qev02_041.scr,10,34,エミル,personagem,11,32,,,このマッドサイエンティストが……,,pendente,
qev02_041.scr:11,qev02_041.scr,11,34,エミル,personagem,12,34,,CRLF x1,上等だ。\n返り討ちにしてやるぜ！！,,pendente,
qev02_041.scr:12,qev02_041.scr,12,57,カイウス,personagem,13,8,,,……ふっ,,pendente,
qev02_041.scr:13,qev02_041.scr,13,57,カイウス,personagem,14,16,,,……あははははっ,,pendente,
qev02_041.scr:14,qev02_041.scr,14,57,カイウス,personagem,15,36,,CRLF x1,二人とも、本当、\n普通じゃない、よな,,pendente,
qev02_041.scr:15,qev02_041.scr,15,34,エミル,personagem,16,16,,CRLF x1,何だ？\nいきなり,,pendente,
qev02_041.scr:16,qev02_041.scr,16,19,ハロルド,personagem,17,32,,CRLF x1,あら。\n今更そんな事に気付いたの,,pendente,
qev02_041.scr:17,qev02_041.scr,17,19,ハロルド,personagem,18,80,,CRLF x2,みんながみんな一緒だったら、\nつまんないでしょ。\n「普通」なんてまっぴらゴメンよ,,pendente,
qev02_041.scr:18,qev02_041.scr,18,19,ハロルド,personagem,19,14,,,何か文句ある？,,pendente,
qev02_041.scr:19,qev02_041.scr,19,57,カイウス,personagem,20,14,,,いや……ないよ,,pendente,
qev02_041.scr:20,qev02_041.scr,20,57,カイウス,personagem,21,20,,,文句なんて……ないさ,,pendente,
qev02_050.scr:0,qev02_050.scr,0,19,ハロルド,personagem,0,64,,CRLF x2,ま、これくらいあれば\nしばらくカニ三昧の\n生活をおくれるでしょ♪,,pendente,
qev02_050.scr:1,qev02_050.scr,1,19,ハロルド,personagem,1,26,,CRLF x1,よし。\n皆の者、撤収〜〜！,,pendente,
qev02_050.scr:2,qev02_050.scr,2,34,エミル,personagem,2,38,,CRLF x1,うう……。\n待ってよ、ハロルドさん……,,pendente,
qev02_050.scr:3,qev02_050.scr,3,34,エミル,personagem,3,18,,,カニ……重いよ……,,pendente,
qev02_050.scr:4,qev02_050.scr,4,57,カイウス,personagem,4,74,,CRLF x2,いいよ、こっちはオレが持つ。\n獣人化してれば、このくらい\n何でもないからさ,,pendente,
qev02_050.scr:5,qev02_050.scr,5,57,カイウス,personagem,5,34,,,……早く戻って、一緒にカニ食おうぜ,,pendente,
qev02_050.scr:6,qev02_050.scr,6,34,エミル,personagem,6,12,,,カイウス……,,pendente,
qev02_050.scr:7,qev02_050.scr,7,34,エミル,personagem,7,10,,,……うん！,,pendente,
qev02_060.scr:0,qev02_060.scr,0,19,ハロルド,personagem,0,24,,,みんな、ご苦労だったわね,,pendente,
qev02_060.scr:1,qev02_060.scr,1,19,ハロルド,personagem,1,58,,CRLF x1,じゃ、このまま戦利品のカニに\nむしゃぶり付きたい人は〜……,,pendente,
qev02_060.scr:2,qev02_060.scr,2,57,カイウス,personagem,2,12,,,……ルビア！,,pendente,
qev02_060.scr:3,qev02_060.scr,3,19,ハロルド,personagem,3,20,,CRLF x1,ん？\nちょっと何よ？,,pendente,
qev02_060.scr:4,qev02_060.scr,4,34,エミル,personagem,4,8,,,いいから,,pendente,
qev02_060.scr:5,qev02_060.scr,5,34,エミル,personagem,5,30,,,今は、二人だけにしてあげよう？,,pendente,
qev02_060.scr:6,qev02_060.scr,6,57,カイウス,personagem,6,24,,,あのさ、ルビア……ごめん,,pendente,
qev02_060.scr:7,qev02_060.scr,7,57,カイウス,personagem,7,64,,CRLF x1,オレ……酷い事言ったよな。\nルビアはオレの事を考えてくれてたのに,,pendente,
qev02_060.scr:8,qev02_060.scr,8,57,カイウス,personagem,8,56,,CRLF x1,オレは……、ちっともルビアの気持ち\n考えられてなくて……,,pendente,
qev02_060.scr:9,qev02_060.scr,9,57,カイウス,personagem,9,20,,,本当に……ごめん……,,pendente,
qev02_060.scr:10,qev02_060.scr,10,58,ルビア,personagem,10,16,,,……もう、いいわ,,pendente,
qev02_060.scr:11,qev02_060.scr,11,58,ルビア,personagem,11,86,,CRLF x2,カイウスが子どもっぽいのは、\nず〜っと前からわかってたし。\n許してあげない事もないわよ,,pendente,
qev02_060.scr:12,qev02_060.scr,12,57,カイウス,personagem,12,62,,CRLF x2,何だよ、それ。\n人が素直に謝ってるのに、\nそういう言い方は……,,pendente,
qev02_060.scr:13,qev02_060.scr,13,58,ルビア,personagem,13,16,,,だから、約束して,,pendente,
qev02_060.scr:14,qev02_060.scr,14,58,ルビア,personagem,14,44,,CRLF x1,もう、一人で悩んだり\n思い詰めたりしないって,,pendente,
qev02_060.scr:15,qev02_060.scr,15,58,ルビア,personagem,15,70,,CRLF x1,カイウスはカイウスなんだから。\nどんな姿だって、カイウスなんだから……,,pendente,
qev02_060.scr:16,qev02_060.scr,16,57,カイウス,personagem,16,10,,,ルビア……,,pendente,
qev02_060.scr:17,qev02_060.scr,17,57,カイウス,personagem,17,44,,CRLF x1,ああ、約束する。\nもう一人で悩んだりしないよ,,pendente,
qev02_060.scr:18,qev02_060.scr,18,57,カイウス,personagem,18,78,,CRLF x2,もし次に悩んだら、\nみんなに……ルビアにちゃんと話すよ。\n一人で抱えたりしない,,pendente,
qev02_060.scr:19,qev02_060.scr,19,58,ルビア,personagem,19,32,,CRLF x1,本当ね？\nその言葉に嘘はないわね,,pendente,
qev02_060.scr:20,qev02_060.scr,20,57,カイウス,personagem,20,4,,,ああ,,pendente,
qev02_060.scr:21,qev02_060.scr,21,58,ルビア,personagem,21,42,,CRLF x1,嘘吐いたら、\nハリセンボン飲んでもらうから,,pendente,
qev02_060.scr:22,qev02_060.scr,22,57,カイウス,personagem,22,30,,,そんなの、どうやって飲むんだよ,,pendente,
qev02_060.scr:23,qev02_060.scr,23,58,ルビア,personagem,23,24,,,どうやっても飲ませるの！,,pendente,
qev02_060.scr:24,qev02_060.scr,24,58,ルビア,personagem,24,20,,,……じゃ、カイウス？,,pendente,
qev02_060.scr:25,qev02_060.scr,25,57,カイウス,personagem,25,12,,,今度は何だよ,,pendente,
qev02_060.scr:26,qev02_060.scr,26,58,ルビア,personagem,26,12,,,お帰りなさい,,pendente,
qev02_060.scr:27,qev02_060.scr,27,57,カイウス,personagem,27,8,,,ああ……,,pendente,
qev02_060.scr:28,qev02_060.scr,28,57,カイウス,personagem,28,14,,,……ただいま！,,pendente,
qev03_010.scr:0,qev03_010.scr,0,64,ユーリ,personagem,1,14,,,何だよ、話って,,pendente,
qev03_010.scr:1,qev03_010.scr,1,69,フレン,personagem,2,88,,CRLF x2,星晶にまつわる事実、世界の情勢……。\n全ては明らかにされ、\n徐々に事態は収束し始めている,,pendente,
qev03_010.scr:2,qev03_010.scr,2,69,フレン,personagem,3,30,,CRLF x1,約束だ、ユーリ。\nそろそろ……,,pendente,
qev03_010.scr:3,qev03_010.scr,3,64,ユーリ,personagem,4,28,,,エステルを返してくれ、ってか,,pendente,
qev03_010.scr:4,qev03_010.scr,4,64,ユーリ,personagem,5,92,,CRLF x2,悪ぃが、それは本人と交渉してくれ。\nお前だって、無理矢理エステルを\n連れ戻したくはねぇだろ？,,pendente,
qev03_010.scr:5,qev03_010.scr,5,69,フレン,personagem,6,46,,CRLF x1,もちろん、それもある。\nでも、それだけじゃない,,pendente,
qev03_010.scr:6,qev03_010.scr,6,69,フレン,personagem,7,44,,CRLF x1,ユーリ。\n君も、僕と一緒に騎士団へ戻らないか,,pendente,
qev03_010.scr:7,qev03_010.scr,7,64,ユーリ,personagem,8,32,,,何を言い出すかと思えば、その話か,,pendente,
qev03_010.scr:8,qev03_010.scr,8,69,フレン,personagem,9,48,,CRLF x1,冗談ではない事くらい\n君ならわかっているだろう？,,pendente,
qev03_010.scr:9,qev03_010.scr,9,64,ユーリ,personagem,10,62,,CRLF x1,だったら、オレがどう答えんのかも\nお前にはわかってるはずだよな,,pendente,
qev03_010.scr:10,qev03_010.scr,10,69,フレン,personagem,11,32,,,……やはり、口では君に敵わないな,,pendente,
qev03_010.scr:11,qev03_010.scr,11,64,ユーリ,personagem,12,8,,,今更だろ,,pendente,
qev03_010.scr:12,qev03_010.scr,12,64,ユーリ,personagem,13,34,,,……んじゃ、やっぱこいつで来るか？,,pendente,
qev03_010.scr:13,qev03_010.scr,13,69,フレン,personagem,14,48,,CRLF x1,君はいつもそうだな。\n全く、昔から変わっていない,,pendente,
qev03_010.scr:14,qev03_010.scr,14,64,ユーリ,personagem,15,28,,,お前にだけは言われたくねぇな,,pendente,
qev03_010.scr:15,qev03_010.scr,15,69,フレン,personagem,16,24,,,時間と場所は追って伝える,,pendente,
qev03_010.scr:16,qev03_010.scr,16,69,フレン,personagem,17,28,,,そこで、全ての決着を付けよう,,pendente,
qev03_010.scr:17,qev03_010.scr,17,64,ユーリ,personagem,18,32,,CRLF x1,ああ、いいぜ。\n受けて立ってやる,,pendente,
qev03_010.scr:18,qev03_010.scr,18,,(mensagem de sistema),sistema,19,78,,CRLF x2,クエスト「互いの正義」が\nエントリーされました。\nユーリから受ける事が出来ます,,pendente,
qev03_020.scr:0,qev03_020.scr,0,64,ユーリ,personagem,0,56,,CRLF x1,やっぱ、お前が受けてくれるか。\nいつも面倒ばっかで悪いな,,pendente,
qev03_020.scr:1,qev03_020.scr,1,64,ユーリ,personagem,1,36,,CRLF x1,んじゃ……、\nサクッと行ってきますか,,pendente,
qev03_030.scr:0,qev03_030.scr,0,64,ユーリ,personagem,0,88,,CRLF x2,おいおい、魔物だらけじゃねぇか。\n相変わらず、あいつの考えは\nどっかずれてるっつーか……,,pendente,
qev03_030.scr:1,qev03_030.scr,1,64,ユーリ,personagem,1,48,,CRLF x2,しょうがねぇ。\n準備運動がてら、\nのんびり行くか,,pendente,
qev03_040.scr:0,qev03_040.scr,0,64,ユーリ,personagem,0,14,,,ふー、やれやれ,,pendente,
qev03_040.scr:1,qev03_040.scr,1,200,(ator 200),desconhecido,1,8,,,…………,,pendente,
qev03_040.scr:2,qev03_040.scr,2,64,ユーリ,personagem,2,40,,CRLF x1,悪ぃな、つまんねえ事に\n巻き込んじまって,,pendente,
qev03_040.scr:3,qev03_040.scr,3,64,ユーリ,personagem,3,52,,CRLF x1,あいつも、いつまでエステルに\n固執する気なんだろうな,,pendente,
qev03_040.scr:4,qev03_040.scr,4,64,ユーリ,personagem,4,80,,CRLF x2,任務に忠実なのは結構だが、\nそのせいで、毎回振り回されるのは\n結局オレなんだよな,,pendente,
qev03_040.scr:5,qev03_040.scr,5,64,ユーリ,personagem,5,74,,CRLF x2,フレンにしろ、エステルにしろ\nどうしてこうも厄介事ばかり\n運んでくるかねぇ,,pendente,
qev03_040.scr:6,qev03_040.scr,6,64,ユーリ,personagem,6,48,,CRLF x1,特にフレンは、昔っから融通きかなくて\n頭固くてさ,,pendente,
qev03_040.scr:7,qev03_040.scr,7,64,ユーリ,personagem,7,44,,CRLF x1,そのせいで、いらん苦労まで\nしょい込んで……,,pendente,
qev03_040.scr:8,qev03_040.scr,8,200,(ator 200),desconhecido,8,8,,,…………,,pendente,
qev03_040.scr:9,qev03_040.scr,9,64,ユーリ,personagem,9,26,,,おっと、ちと長話が過ぎたか,,pendente,
qev03_040.scr:10,qev03_040.scr,10,64,ユーリ,personagem,10,78,,CRLF x2,どうも愚痴っぽくなっちまうのは、\n色々あったって事なのかもな。\nあいつとは……,,pendente,
qev03_050.scr:0,qev03_050.scr,0,69,フレン,personagem,0,24,,,……腕を上げたな、ユーリ,,pendente,
qev03_050.scr:1,qev03_050.scr,1,64,ユーリ,personagem,1,12,,,……お前もな,,pendente,
qev03_050.scr:2,qev03_050.scr,2,69,フレン,personagem,2,44,,CRLF x1,互いに背負うもの、\n守るべきものが出来た……,,pendente,
qev03_050.scr:3,qev03_050.scr,3,69,フレン,personagem,3,48,,CRLF x1,あの頃とは、そこが\n決定的に違うのかもしれないな,,pendente,
qev03_050.scr:4,qev03_050.scr,4,64,ユーリ,personagem,4,42,,CRLF x1,それでも、目指してるもんは\n同じ……だろ？,,pendente,
qev03_050.scr:5,qev03_050.scr,5,69,フレン,personagem,5,16,,,ああ……そうだな,,pendente,
qev03_050.scr:6,qev03_050.scr,6,64,ユーリ,personagem,6,26,,,なら、互いに歩いて行こうぜ,,pendente,
qev03_050.scr:7,qev03_050.scr,7,64,ユーリ,personagem,7,32,,,お互いの道を、お互いのやり方でな,,pendente,
qev03_050.scr:8,qev03_050.scr,8,69,フレン,personagem,8,8,,,…………,,pendente,
qev03_050.scr:9,qev03_050.scr,9,69,フレン,personagem,9,34,,CRLF x1,ユーリ。\nエステリーゼ様の事を頼む,,pendente,
qev03_050.scr:10,qev03_050.scr,10,64,ユーリ,personagem,10,52,,CRLF x2,おっ。\nエステルの事は、\nあきらめる気になったのか？,,pendente,
qev03_050.scr:11,qev03_050.scr,11,69,フレン,personagem,11,76,,CRLF x2,そういうわけじゃない。\nただ……そうだな、\n道が一つじゃないと気付いただけだ,,pendente,
qev03_050.scr:12,qev03_050.scr,12,64,ユーリ,personagem,12,18,,CRLF x1,へぇ。\nそりゃ……,,pendente,
qev03_050.scr:13,qev03_050.scr,13,64,ユーリ,personagem,13,50,,CRLF x1,でかい一歩を踏み出したみたいだな、\nフレン隊長殿は,,pendente,
qev03_050.scr:14,qev03_050.scr,14,69,フレン,personagem,14,12,,,からかうなよ,,pendente,
qev03_050.scr:15,qev03_050.scr,15,64,ユーリ,personagem,15,8,,,へいへい,,pendente,
qev03_050.scr:16,qev03_050.scr,16,69,フレン,personagem,16,10,,,ははははは,,pendente,
qev03_060.scr:0,qev03_060.scr,0,65,エステル,personagem,0,32,,CRLF x1,二人とも！\nどこ行ってたんです？,,pendente,
qev03_060.scr:1,qev03_060.scr,1,64,ユーリ,personagem,1,30,,CRLF x1,ああ……。\nちっと野暮用で、な,,pendente,
qev03_060.scr:2,qev03_060.scr,2,69,フレン,personagem,2,64,,CRLF x2,エステリーゼ様……。\nご心配をお掛けして\n申し訳ありませんでした,,pendente,
qev03_060.scr:3,qev03_060.scr,3,65,エステル,personagem,3,44,,CRLF x1,もう、その用事というのは\n終わったのですか？,,pendente,
qev03_060.scr:4,qev03_060.scr,4,69,フレン,personagem,4,8,,,……はい,,pendente,
qev03_060.scr:5,qev03_060.scr,5,65,エステル,personagem,5,34,,CRLF x1,そうですか。\nそれなら良かったです,,pendente,
qev03_060.scr:6,qev03_060.scr,6,65,エステル,personagem,6,50,,CRLF x1,二人の身に何かあったのではと\n心配していたんですよ,,pendente,
qev03_060.scr:7,qev03_060.scr,7,69,フレン,personagem,7,18,,,エステリーゼ様……,,pendente,
qev03_060.scr:8,qev03_060.scr,8,65,エステル,personagem,8,38,,CRLF x1,さあ、それでは二人とも\n行きましょう！,,pendente,
qev03_060.scr:9,qev03_060.scr,9,64,ユーリ,personagem,9,12,,,行くって……,,pendente,
qev03_060.scr:10,qev03_060.scr,10,69,フレン,personagem,10,24,,,どこへ、でしょうか……？,,pendente,
qev03_060.scr:11,qev03_060.scr,11,65,エステル,personagem,11,66,,CRLF x2,世界図書館ですよ。\n取り寄せていた本が届いたと\n連絡があったんです,,pendente,
qev03_060.scr:12,qev03_060.scr,12,65,エステル,personagem,12,60,,CRLF x1,今度は、二人がわたしの用事に\n付き合ってくれる番、ですよね？,,pendente,
qev03_060.scr:13,qev03_060.scr,13,64,ユーリ,personagem,13,38,,CRLF x1,やれやれ……。\n帰ってきてすぐこれかよ,,pendente,
qev03_060.scr:14,qev03_060.scr,14,69,フレン,personagem,14,64,,CRLF x1,エステリーゼ様の頼みでしたら、\n私は喜んで、ご一緒させて頂きます,,pendente,
qev03_060.scr:15,qev03_060.scr,15,65,エステル,personagem,15,44,,CRLF x1,二人ならそう言ってくれると\n思っていました！,,pendente,
qev03_060.scr:16,qev03_060.scr,16,65,エステル,personagem,16,62,,CRLF x2,それじゃわたし、\n支度をして来ますから。\n少し待ってて下さいね,,pendente,
qev03_060.scr:17,qev03_060.scr,17,64,ユーリ,personagem,17,32,,CRLF x1,お前のお人好しも、\n大概だな……,,pendente,
qev03_060.scr:18,qev03_060.scr,18,69,フレン,personagem,18,38,,CRLF x1,ははっ。\nユーリには、言われたくないさ,,pendente,
qev03_070.scr:0,qev03_070.scr,0,64,ユーリ,personagem,1,24,,,お招きどうもありがとさん,,pendente,
qev03_070.scr:1,qev03_070.scr,1,69,フレン,personagem,2,22,,,気持ちは変わらないのか,,pendente,
qev03_070.scr:2,qev03_070.scr,2,64,ユーリ,personagem,3,20,,,何度も言わせんなって,,pendente,
qev03_070.scr:3,qev03_070.scr,3,64,ユーリ,personagem,4,68,,CRLF x2,お前には、お前の。\nオレには、オレのやり方がある。\nそんだけの話だろ,,pendente,
qev03_070.scr:4,qev03_070.scr,4,69,フレン,personagem,5,68,,CRLF x1,万人が等しく扱われる法秩序を築く……。\nそれが僕の願いであり、目的だ,,pendente,
qev03_070.scr:5,qev03_070.scr,5,69,フレン,personagem,6,88,,CRLF x2,だけどユーリ、君だって思いは同じはず。\nだからこそ、一度は騎士団の門を\n叩いたんだろう？,,pendente,
qev03_070.scr:6,qev03_070.scr,6,64,ユーリ,personagem,7,68,,CRLF x2,じゃあ、お前、騎士団に入って\n何か変わったのか？\n変えられたのかよ？,,pendente,
qev03_070.scr:7,qev03_070.scr,7,69,フレン,personagem,8,102,,CRLF x2,確かに、まだやりきれていない事はある。\nだからと言って君の様に、\n人が人を裁く道を肯定する事は出来ない,,pendente,
qev03_070.scr:8,qev03_070.scr,8,69,フレン,personagem,9,30,,,認めるわけにはいかないんだ……,,pendente,
qev03_070.scr:9,qev03_070.scr,9,69,フレン,personagem,10,52,,CRLF x1,……もう一度聞く。\nそれでも、気持ちは変わらないか？,,pendente,
qev03_070.scr:10,qev03_070.scr,10,64,ユーリ,personagem,11,34,,,いい加減、この問答にも飽きてきたな,,pendente,
qev03_070.scr:11,qev03_070.scr,11,69,フレン,personagem,12,16,,,そうか……ならば,,pendente,
qev03_070.scr:12,qev03_070.scr,12,69,フレン,personagem,13,38,,CRLF x1,こうするより他に\n道はないという事だな,,pendente,
qev03_070.scr:13,qev03_070.scr,13,64,ユーリ,personagem,14,16,,,そういうこったな,,pendente,
qev03_070.scr:14,qev03_070.scr,14,64,ユーリ,personagem,15,16,,,んじゃ、行くぜ！,,pendente,
qev03_080.scr:0,qev03_080.scr,0,69,フレン,personagem,1,74,,CRLF x2,ユーリ……。\nあえて罪人の道を行くというのなら、\n僕の取るべき行動は一つだ,,pendente,
qev03_080.scr:1,qev03_080.scr,1,64,ユーリ,personagem,2,50,,CRLF x2,そう何度も\n同じ結果になると思ったら\n大間違いだぜ,,pendente,
qev03_080.scr:2,qev03_080.scr,2,69,フレン,personagem,3,22,,,……行くぞ、ユーリ！！,,pendente,
qev04_010.scr:0,qev04_010.scr,0,26,ロイド,personagem,0,12,,,ただいまー！,,pendente,
qev04_010.scr:1,qev04_010.scr,1,28,ジーニアス,personagem,1,10,,,あ、お帰り,,pendente,
qev04_010.scr:2,qev04_010.scr,2,28,ジーニアス,personagem,2,32,,CRLF x1,どうしたの？\n何か随分ご機嫌だね,,pendente,
qev04_010.scr:3,qev04_010.scr,3,26,ロイド,personagem,3,18,,,へへっ、わかるか？,,pendente,
qev04_010.scr:4,qev04_010.scr,4,26,ロイド,personagem,4,38,,,今日の模擬試合もさ、連戦連勝だったんだ,,pendente,
qev04_010.scr:5,qev04_010.scr,5,28,ジーニアス,personagem,5,72,,CRLF x2,模擬試合って、\nクレスとかヴェイグとかと\n手合わせしてるっていう、あれ？,,pendente,
qev04_010.scr:6,qev04_010.scr,6,28,ジーニアス,personagem,6,20,,,へぇ〜、やるじゃない,,pendente,
qev04_010.scr:7,qev04_010.scr,7,28,ジーニアス,personagem,7,18,,,絶好調だね、ロイド,,pendente,
qev04_010.scr:8,qev04_010.scr,8,26,ロイド,personagem,8,4,,,ああ,,pendente,
qev04_010.scr:9,qev04_010.scr,9,26,ロイド,personagem,9,40,,CRLF x1,今ならクラトスにも\n負ける気がしないな！,,pendente,
qev04_010.scr:10,qev04_010.scr,10,30,クラトス,personagem,10,8,,,……フッ,,pendente,
qev04_010.scr:11,qev04_010.scr,11,26,ロイド,personagem,11,42,,CRLF x1,な、何だよ。\n何か俺、おかしな事言ったか？,,pendente,
qev04_010.scr:12,qev04_010.scr,12,30,クラトス,personagem,12,42,,CRLF x1,強さとは、目に見える力だけが\n全てではない,,pendente,
qev04_010.scr:13,qev04_010.scr,13,30,クラトス,personagem,13,92,,CRLF x2,ただ闇雲に振るっただけの剣では、\n赤子が武器を振り回しているのと\nさして変わりはしないだろう,,pendente,
qev04_010.scr:14,qev04_010.scr,14,26,ロイド,personagem,14,32,,CRLF x1,わ……わかってるさ！\nそんなこと,,pendente,
qev04_010.scr:15,qev04_010.scr,15,26,ロイド,personagem,15,96,,CRLF x2,ただ、剣の技術を磨くのだって必要だろ？\nいざって時に力がなくちゃ\n大事な時に大事なものを守れない,,pendente,
qev04_010.scr:16,qev04_010.scr,16,26,ロイド,personagem,16,30,,,そんなの……、俺は絶対に嫌だ！,,pendente,
qev04_010.scr:17,qev04_010.scr,17,28,ジーニアス,personagem,17,10,,,ロイド……,,pendente,
qev04_010.scr:18,qev04_010.scr,18,26,ロイド,personagem,18,60,,CRLF x2,俺は……みんなにはいつも\n笑っていて欲しいんだ。\nだから……,,pendente,
qev04_010.scr:19,qev04_010.scr,19,30,クラトス,personagem,19,8,,,…………,,pendente,
qev04_010.scr:20,qev04_010.scr,20,,(mensagem de sistema),sistema,20,90,,CRLF x2,クエスト「超えなければならぬ壁」が\nエントリーされました。\nクラトスから受ける事が出来ます,,pendente,
qev04_020.scr:0,qev04_020.scr,0,30,クラトス,personagem,0,34,,,お前なら、受けてくれると思っていた,,pendente,
qev04_020.scr:1,qev04_020.scr,1,30,クラトス,personagem,1,26,,,……面倒をかけてすまないな,,pendente,
qev04_020.scr:2,qev04_020.scr,2,26,ロイド,personagem,2,46,,CRLF x1,なあ、どういう事なんだ？\n急に稽古だなんて……,,pendente,
qev04_020.scr:3,qev04_020.scr,3,30,クラトス,personagem,3,50,,CRLF x1,腕に自信があるのだろう？\nその力の程を見せてもらう,,pendente,
qev04_020.scr:4,qev04_020.scr,4,26,ロイド,personagem,4,44,,CRLF x1,だったら、別に\nわざわざ外へ行かなくても……,,pendente,
qev04_020.scr:5,qev04_020.scr,5,30,クラトス,personagem,5,46,,CRLF x1,私は先に行っている。\nあまり遅れるなよ、ロイド,,pendente,
qev04_020.scr:6,qev04_020.scr,6,26,ロイド,personagem,6,16,,,あっ、おい……！,,pendente,
qev04_020.scr:7,qev04_020.scr,7,26,ロイド,personagem,7,34,,CRLF x1,ちぇっ……。\n何だよ、クラトスの奴,,pendente,
qev04_020.scr:8,qev04_020.scr,8,26,ロイド,personagem,8,44,,CRLF x1,しょうがねえ。\nサクッと行ってくるとするか！,,pendente,
qev04_020.scr:9,qev04_020.scr,9,26,ロイド,personagem,9,14,,,行こうぜ、○○,,pendente,
qev04_030.scr:0,qev04_030.scr,0,26,ロイド,personagem,0,12,,,……着いたな,,pendente,
qev04_030.scr:1,qev04_030.scr,1,26,ロイド,personagem,1,60,,CRLF x2,よし。\n早く追い付いて、\nクラトスをあっと言わせてやろうぜ！,,pendente,
qev04_040.scr:0,qev04_040.scr,0,26,ロイド,personagem,0,30,,,……クラトス、ここにもいないな,,pendente,
qev04_040.scr:1,qev04_040.scr,1,26,ロイド,personagem,1,34,,,もっと奥の方まで行っちまったのか？,,pendente,
qev04_040.scr:2,qev04_040.scr,2,200,(ator 200),desconhecido,2,8,,,…………,,pendente,
qev04_040.scr:3,qev04_040.scr,3,26,ロイド,personagem,3,34,,CRLF x1,悪いな。\n何か、付き合わせちまって,,pendente,
qev04_040.scr:4,qev04_040.scr,4,200,(ator 200),desconhecido,4,8,,,…………,,pendente,
qev04_040.scr:5,qev04_040.scr,5,26,ロイド,personagem,5,32,,,クラトスはさ、俺の剣の師匠なんだ,,pendente,
qev04_040.scr:6,qev04_040.scr,6,26,ロイド,personagem,6,56,,CRLF x1,あいつが傭兵として雇われて、\n俺の村に来た時知り合ってさ,,pendente,
qev04_040.scr:7,qev04_040.scr,7,26,ロイド,personagem,7,54,,CRLF x1,それから、時々だけど稽古を付けて\nもらう様になって……,,pendente,
qev04_040.scr:8,qev04_040.scr,8,26,ロイド,personagem,8,62,,CRLF x1,口数は少ないし、愛想もないしで\n正直何考えてるかわかんねーけど,,pendente,
qev04_040.scr:9,qev04_040.scr,9,26,ロイド,personagem,9,40,,CRLF x1,あれで結構、\n頼りになったりするんだぜ？,,pendente,
qev04_040.scr:10,qev04_040.scr,10,200,(ator 200),desconhecido,10,8,,,…………,,pendente,
qev04_040.scr:11,qev04_040.scr,11,26,ロイド,personagem,11,38,,CRLF x1,あいつの言葉には\nいつも何か意味がある,,pendente,
qev04_040.scr:12,qev04_040.scr,12,26,ロイド,personagem,12,78,,CRLF x2,……何かあるたび、\nそうやって俺に助言をくれた。\nクラトスは、そういう奴なんだ,,pendente,
qev04_040.scr:13,qev04_040.scr,13,200,(ator 200),desconhecido,13,8,,,…………,,pendente,
qev04_040.scr:14,qev04_040.scr,14,26,ロイド,personagem,14,78,,CRLF x2,……そうだな。\nって事は、今回も何かクラトスなりの\n考えがあるって事なんだよな,,pendente,
qev04_040.scr:15,qev04_040.scr,15,26,ロイド,personagem,15,54,,CRLF x1,あいつは、理由もなしに\nこんな事する様な奴じゃない……,,pendente,
qev04_040.scr:16,qev04_040.scr,16,26,ロイド,personagem,16,80,,CRLF x2,……○○、ありがとな。\n何か、話聞いてもらって、\nちょっとすっきりした気がするぜ,,pendente,
qev04_040.scr:17,qev04_040.scr,17,26,ロイド,personagem,17,42,,CRLF x1,よし、先を急ごう。\n……クラトスが待ってる,,pendente,
qev04_041.scr:0,qev04_041.scr,0,26,ロイド,personagem,0,48,,CRLF x1,なあ、○○。\n魔物って……、仲間に出来ねえのかな,,pendente,
qev04_041.scr:1,qev04_041.scr,1,200,(ator 200),desconhecido,1,10,,,…………？,,pendente,
qev04_041.scr:2,qev04_041.scr,2,26,ロイド,personagem,2,78,,CRLF x2,いや、ふと思ったんだけどさ。\n人間にだって、いい奴もいれば\n悪い奴もいるだろ？,,pendente,
qev04_041.scr:3,qev04_041.scr,3,26,ロイド,personagem,3,54,,CRLF x1,魔物もそうだったりしねえのかなって、\nちょっと思ってさ,,pendente,
qev04_041.scr:4,qev04_041.scr,4,26,ロイド,personagem,4,78,,CRLF x2,もし仲間に出来たらすっげえよな。\nあいつらも、結構強い力を\n持ってたりするし！,,pendente,
qev04_041.scr:5,qev04_041.scr,5,26,ロイド,personagem,5,42,,CRLF x1,強い力……か。\n強い魔物はたくさんいるけど,,pendente,
qev04_041.scr:6,qev04_041.scr,6,26,ロイド,personagem,6,60,,CRLF x1,そういえば、それを本当の強さだって\n言う奴は俺、見た事ないな,,pendente,
qev04_041.scr:7,qev04_041.scr,7,26,ロイド,personagem,7,58,,CRLF x1,本当の、強さ……。\n「強い」だけじゃ足りない……って事か？,,pendente,
qev04_041.scr:8,qev04_041.scr,8,26,ロイド,personagem,8,12,,,それって……,,pendente,
qev04_041.scr:9,qev04_041.scr,9,26,ロイド,personagem,9,8,,,…………,,pendente,
qev04_050.scr:0,qev04_050.scr,0,30,クラトス,personagem,0,16,,,……強くなったな,,pendente,
qev04_050.scr:1,qev04_050.scr,1,26,ロイド,personagem,1,8,,,ああ……,,pendente,
qev04_050.scr:2,qev04_050.scr,2,26,ロイド,personagem,2,44,,CRLF x1,あんたの言ってた言葉の意味が\nわかったからな,,pendente,
qev04_050.scr:3,qev04_050.scr,3,26,ロイド,personagem,3,40,,CRLF x1,ここに来るまでの間、\nずっと考えてたんだ,,pendente,
qev04_050.scr:4,qev04_050.scr,4,26,ロイド,personagem,4,40,,CRLF x1,あんたが俺に\n何を伝えようとしているのか,,pendente,
qev04_050.scr:5,qev04_050.scr,5,30,クラトス,personagem,5,10,,,……そうか,,pendente,
qev04_050.scr:6,qev04_050.scr,6,30,クラトス,personagem,6,28,,,それで、答えは見つかったのか,,pendente,
qev04_050.scr:7,qev04_050.scr,7,26,ロイド,personagem,7,52,,CRLF x1,ただ力を持つんじゃなくて、\n何の為にその力を使うのか,,pendente,
qev04_050.scr:8,qev04_050.scr,8,26,ロイド,personagem,8,52,,CRLF x1,心も剣と同じくらい、\n強く持たなければ意味がない……,,pendente,
qev04_050.scr:9,qev04_050.scr,9,30,クラトス,personagem,9,8,,,…………,,pendente,
qev04_050.scr:10,qev04_050.scr,10,26,ロイド,personagem,10,70,,CRLF x2,俺の剣は、赤ん坊が武器を\n振り回してるのと同じだって\nあんた言っただろ,,pendente,
qev04_050.scr:11,qev04_050.scr,11,26,ロイド,personagem,11,102,,CRLF x2,それって……そういう意味だったのかなって。\nあんたは、俺に本当の強さがあるか\n確かめようとしたんだよな,,pendente,
qev04_050.scr:12,qev04_050.scr,12,26,ロイド,personagem,12,64,,CRLF x1,剣術だけ磨いてもダメなんだ。\nそんな剣じゃ……誰も、何も救えない,,pendente,
qev04_050.scr:13,qev04_050.scr,13,26,ロイド,personagem,13,66,,CRLF x2,闇雲に力をふるうだけじゃ、\nそれは単なる暴力と同じなんだ。\nきっと,,pendente,
qev04_050.scr:14,qev04_050.scr,14,30,クラトス,personagem,14,56,,CRLF x1,……そこまでわかっているのなら、\n私から言う事は何もない,,pendente,
qev04_050.scr:15,qev04_050.scr,15,30,クラトス,personagem,15,38,,CRLF x1,……少し長話が過ぎた。\n戻るぞ、ロイド,,pendente,
qev04_050.scr:16,qev04_050.scr,16,26,ロイド,personagem,16,10,,,……ああ！,,pendente,
qev04_060.scr:0,qev04_060.scr,0,26,ロイド,personagem,0,20,,,クラトス、……あのさ,,pendente,
qev04_060.scr:1,qev04_060.scr,1,30,クラトス,personagem,1,8,,,どうした,,pendente,
qev04_060.scr:2,qev04_060.scr,2,26,ロイド,personagem,2,42,,CRLF x1,……何ていうか……ごめん。\n今回のこと……,,pendente,
qev04_060.scr:3,qev04_060.scr,3,26,ロイド,personagem,3,80,,CRLF x2,あの時、わかってるって言ったけど、\nやっぱり俺……、\n何もわかってなかったんだな,,pendente,
qev04_060.scr:4,qev04_060.scr,4,30,クラトス,personagem,4,16,,,過ちは正せばいい,,pendente,
qev04_060.scr:5,qev04_060.scr,5,30,クラトス,personagem,5,52,,CRLF x1,過ちを犯さぬ人間など、\nこの世に存在しないのだからな,,pendente,
qev04_060.scr:6,qev04_060.scr,6,30,クラトス,personagem,6,46,,CRLF x1,重要なのは、悔い改め\n同じ過ちを繰り返さぬ事だ,,pendente,
qev04_060.scr:7,qev04_060.scr,7,26,ロイド,personagem,7,18,,,ああ……、そうだな,,pendente,
qev04_060.scr:8,qev04_060.scr,8,26,ロイド,personagem,8,34,,CRLF x1,○○。\n付き合ってくれてありがとう,,pendente,
qev04_060.scr:9,qev04_060.scr,9,26,ロイド,personagem,9,50,,CRLF x1,お前と話してるうちに\n何か色々見えてきたっていうか,,pendente,
qev04_060.scr:10,qev04_060.scr,10,26,ロイド,personagem,10,22,,,とにかく、感謝してるぜ,,pendente,
qev04_060.scr:11,qev04_060.scr,11,26,ロイド,personagem,11,50,,CRLF x1,お前も困った事があったら、\n何でも言ってくれよな！,,pendente,
qev04_070.scr:0,qev04_070.scr,0,30,クラトス,personagem,1,10,,,……来たか,,pendente,
qev04_070.scr:1,qev04_070.scr,1,30,クラトス,personagem,2,20,,,用意はいいな、ロイド,,pendente,
qev04_070.scr:2,qev04_070.scr,2,26,ロイド,personagem,3,20,,CRLF x1,ああ。\nもちろんだぜ,,pendente,
qev04_070.scr:3,qev04_070.scr,3,30,クラトス,personagem,4,10,,,……そうか,,pendente,
qev04_070.scr:4,qev04_070.scr,4,30,クラトス,personagem,5,46,,CRLF x1,では、お前の強さとやら……、\n見せてもらおう！,,pendente,
qev04_080.scr:0,qev04_080.scr,0,26,ロイド,personagem,1,10,,,クラトス！,,pendente,
qev04_080.scr:1,qev04_080.scr,1,26,ロイド,personagem,2,28,,,今度こそ、俺はあんたに勝つ！,,pendente,
qev04_080.scr:2,qev04_080.scr,2,30,クラトス,personagem,3,26,,,フッ、威勢だけはいい様だな,,pendente,
qev04_080.scr:3,qev04_080.scr,3,30,クラトス,personagem,4,12,,,……行くぞ！,,pendente,
qev05_010.scr:0,qev05_010.scr,0,9,リオン,personagem,1,8,,,……ふっ,,pendente,
qev05_010.scr:1,qev05_010.scr,1,17,ジューダス,personagem,2,12,,,何がおかしい,,pendente,
qev05_010.scr:2,qev05_010.scr,2,9,リオン,personagem,3,68,,CRLF x2,いや……。\nそのおかしな仮面を食事中も付けているとは、\n知らなくてな,,pendente,
qev05_010.scr:3,qev05_010.scr,3,9,リオン,personagem,4,36,,CRLF x1,余程、後ろめたい過去でも\nあるらしい,,pendente,
qev05_010.scr:4,qev05_010.scr,4,7,ルーティ,personagem,5,18,,,ちょっと、リオン！,,pendente,
qev05_010.scr:5,qev05_010.scr,5,17,ジューダス,personagem,6,68,,CRLF x2,フン……。\n心に仮面を付けているお前に\nどうこう言われる筋合いはない,,pendente,
qev05_010.scr:6,qev05_010.scr,6,9,リオン,personagem,7,10,,,何だと……,,pendente,
qev05_010.scr:7,qev05_010.scr,7,14,カイル,personagem,8,22,,,ま、まあまあ二人とも！,,pendente,
qev05_010.scr:8,qev05_010.scr,8,14,カイル,personagem,9,66,,CRLF x2,えっと……リオンさん？\nすみません、ジューダスは\nいつもこうで……,,pendente,
qev05_010.scr:9,qev05_010.scr,9,17,ジューダス,personagem,10,26,,CRLF x1,カイル。\n余計な事を言うな,,pendente,
qev05_010.scr:10,qev05_010.scr,10,14,カイル,personagem,11,10,,,だって……,,pendente,
qev05_010.scr:11,qev05_010.scr,11,9,リオン,personagem,12,14,,,フン、不愉快だ,,pendente,
qev05_010.scr:12,qev05_010.scr,12,9,リオン,personagem,13,16,,,行くぞ、ルーティ,,pendente,
qev05_010.scr:13,qev05_010.scr,13,7,ルーティ,personagem,14,18,,,ちょ、ちょっと……,,pendente,
qev05_010.scr:14,qev05_010.scr,14,7,ルーティ,personagem,15,84,,CRLF x2,ほんと、ごめんなさいね？\nあいつ、いつも無愛想で礼儀とか知らなくて。\n勘弁してやって,,pendente,
qev05_010.scr:15,qev05_010.scr,15,14,カイル,personagem,16,8,,,…………,,pendente,
qev05_010.scr:16,qev05_010.scr,16,14,カイル,personagem,17,24,,,ジューダス、……大丈夫？,,pendente,
qev05_010.scr:17,qev05_010.scr,17,17,ジューダス,personagem,18,52,,CRLF x1,フン、あんな戯言を\nいちいち真に受ける僕だと思うか？,,pendente,
qev05_010.scr:18,qev05_010.scr,18,17,ジューダス,personagem,19,8,,,…………,,pendente,
qev05_010.scr:19,qev05_010.scr,19,17,ジューダス,personagem,20,30,,CRLF x1,……おい、○○。\n何を見ている,,pendente,
qev05_010.scr:20,qev05_010.scr,20,200,(ator 200),desconhecido,21,8,,,…………,,pendente,
qev05_010.scr:21,qev05_010.scr,21,17,ジューダス,personagem,22,8,,,…………,,pendente,
qev05_010.scr:22,qev05_010.scr,22,17,ジューダス,personagem,23,4,,,フン,,pendente,
qev05_010.scr:23,qev05_010.scr,23,14,カイル,personagem,24,44,,CRLF x2,えっ？\nちょっと、ジューダス？\n食べないの？,,pendente,
qev05_010.scr:24,qev05_010.scr,24,14,カイル,personagem,25,28,,CRLF x1,ごめん、○○。\nオレ、行くね,,pendente,
qev05_010.scr:25,qev05_010.scr,25,14,カイル,personagem,26,26,,,ジューダス、待ってよー！！,,pendente,
qev05_010.scr:26,qev05_010.scr,26,,(mensagem de sistema),sistema,27,90,,CRLF x2,クエスト「閉じた心、続く未来」が\nエントリーされました。\nジューダスから受ける事が出来ます,,pendente,
qev05_020.scr:0,qev05_020.scr,0,17,ジューダス,personagem,0,12,,,待っていたぞ,,pendente,
qev05_020.scr:1,qev05_020.scr,1,17,ジューダス,personagem,1,106,,CRLF x2,お前の手を借りるのは不本意だが……。\n中立の立場の人間がいた方が、後々\nいらぬ面倒事を起こさずに済むからな,,pendente,
qev05_020.scr:2,qev05_020.scr,2,200,(ator 200),desconhecido,2,8,,,…………,,pendente,
qev05_020.scr:3,qev05_020.scr,3,17,ジューダス,personagem,3,40,,CRLF x1,それと言っておくが、\nこの事は他言無用だ,,pendente,
qev05_020.scr:4,qev05_020.scr,4,17,ジューダス,personagem,4,54,,CRLF x1,万一、誰かに漏らす様な事があれば……\nわかっているな？,,pendente,
qev05_020.scr:5,qev05_020.scr,5,200,(ator 200),desconhecido,5,8,,,…………,,pendente,
qev05_020.scr:6,qev05_020.scr,6,17,ジューダス,personagem,6,26,,CRLF x1,……話は終わりだ。\n行くぞ,,pendente,
qev05_030.scr:0,qev05_030.scr,0,17,ジューダス,personagem,0,60,,CRLF x2,フン……。\nここなら人目に付かないと踏んだわけか。\n全く……,,pendente,
qev05_030.scr:1,qev05_030.scr,1,200,(ator 200),desconhecido,1,6,,,……？,,pendente,
qev05_030.scr:2,qev05_030.scr,2,17,ジューダス,personagem,2,34,,CRLF x1,いや……、何でもない。\n先を急ぐぞ,,pendente,
qev05_040.scr:0,qev05_040.scr,0,17,ジューダス,personagem,0,8,,,…………,,pendente,
qev05_040.scr:1,qev05_040.scr,1,17,ジューダス,personagem,1,36,,CRLF x1,何だ。\n何か言いたい事がありそうだな,,pendente,
qev05_040.scr:2,qev05_040.scr,2,200,(ator 200),desconhecido,2,8,,,…………,,pendente,
qev05_040.scr:3,qev05_040.scr,3,17,ジューダス,personagem,3,8,,,…………,,pendente,
qev05_040.scr:4,qev05_040.scr,4,17,ジューダス,personagem,4,50,,CRLF x1,事情も知らずに協力は出来かねる……。\nという事か？,,pendente,
qev05_040.scr:5,qev05_040.scr,5,17,ジューダス,personagem,5,28,,CRLF x1,フン……。\nまあ、いいだろう,,pendente,
qev05_040.scr:6,qev05_040.scr,6,17,ジューダス,personagem,6,104,,CRLF x2,カイルが、この世界のスタンとルーティに\n自分の両親を重ねている様に\n僕もあいつに、とある人物を重ねている,,pendente,
qev05_040.scr:7,qev05_040.scr,7,200,(ator 200),desconhecido,7,8,,,…………,,pendente,
qev05_040.scr:8,qev05_040.scr,8,17,ジューダス,personagem,8,82,,CRLF x2,無論、言うまでもないが別人だ。\nだが……、奴の言動を見ていると\nどうも気になってな,,pendente,
qev05_040.scr:9,qev05_040.scr,9,17,ジューダス,personagem,9,60,,CRLF x1,余計な邪魔の入らない場所で、\n一度話をしてみたいと思っていた,,pendente,
qev05_040.scr:10,qev05_040.scr,10,17,ジューダス,personagem,10,54,,CRLF x1,どうやら、向こうも少なからず\n僕を意識している様だしな,,pendente,
qev05_040.scr:11,qev05_040.scr,11,200,(ator 200),desconhecido,11,6,,,……？,,pendente,
qev05_040.scr:12,qev05_040.scr,12,17,ジューダス,personagem,12,22,,,そこまで話す義理はない,,pendente,
qev05_040.scr:13,qev05_040.scr,13,17,ジューダス,personagem,13,116,,CRLF x2,つまらん義理人情で余計な詮索はしない事だ。\nお人好しも度が過ぎると……そのうちお前も\n身を滅ぼす事になるかもしれんぞ,,pendente,
qev05_040.scr:14,qev05_040.scr,14,200,(ator 200),desconhecido,14,8,,,…………,,pendente,
qev05_050.scr:0,qev05_050.scr,0,9,リオン,personagem,0,8,,,くっ……,,pendente,
qev05_050.scr:1,qev05_050.scr,1,17,ジューダス,personagem,1,38,,CRLF x1,勝負あったな。\n質問に答えてもらおうか,,pendente,
qev05_050.scr:2,qev05_050.scr,2,9,リオン,personagem,2,24,,,誰が、貴様……などに……,,pendente,
qev05_050.scr:3,qev05_050.scr,3,17,ジューダス,personagem,3,8,,,…………,,pendente,
qev05_050.scr:4,qev05_050.scr,4,17,ジューダス,personagem,4,44,,CRLF x1,……なるほど。\n話の通じる相手ではないらしい,,pendente,
qev05_050.scr:5,qev05_050.scr,5,17,ジューダス,personagem,5,54,,CRLF x1,他人と関わる余裕もない程、\n個人の都合で手一杯と見える,,pendente,
qev05_050.scr:6,qev05_050.scr,6,9,リオン,personagem,6,22,,CRLF x1,……！\n何が言いたい！,,pendente,
qev05_050.scr:7,qev05_050.scr,7,17,ジューダス,personagem,7,28,,,そのままの意味のつもりだが？,,pendente,
qev05_050.scr:8,qev05_050.scr,8,9,リオン,personagem,8,64,,CRLF x2,…………フン。\nお前に僕の何がわかる？\n知った風な……口を……！,,pendente,
qev05_050.scr:9,qev05_050.scr,9,17,ジューダス,personagem,9,20,,,……リオン・マグナス,,pendente,
qev05_050.scr:10,qev05_050.scr,10,17,ジューダス,personagem,10,70,,CRLF x2,お前はお前が思うより、\n多くのものを手にしている。\nその事を、忘れるな,,pendente,
qev05_050.scr:11,qev05_050.scr,11,9,リオン,personagem,11,6,,,……？,,pendente,
qev05_050.scr:12,qev05_050.scr,12,9,リオン,personagem,12,16,,,貴様……何を……,,pendente,
qev05_050.scr:13,qev05_050.scr,13,9,リオン,personagem,13,20,,,うっ、げほっ、ごほっ,,pendente,
qev05_050.scr:14,qev05_050.scr,14,17,ジューダス,personagem,14,12,,,○○、行くぞ,,pendente,
qev05_050.scr:15,qev05_050.scr,15,200,(ator 200),desconhecido,15,8,,,…………,,pendente,
qev05_050.scr:16,qev05_050.scr,16,17,ジューダス,personagem,16,42,,CRLF x2,放っておけ。\n命に別状はない。\nそれに……,,pendente,
qev05_050.scr:17,qev05_050.scr,17,17,ジューダス,personagem,17,26,,,あとは、こいつ自身の問題だ,,pendente,
qev05_060.scr:0,qev05_060.scr,0,17,ジューダス,personagem,0,6,,,忘れろ,,pendente,
qev05_060.scr:1,qev05_060.scr,1,200,(ator 200),desconhecido,1,6,,,？？？,,pendente,
qev05_060.scr:2,qev05_060.scr,2,17,ジューダス,personagem,2,44,,CRLF x1,今回見聞きした事だ。\n全て忘れろと言っている,,pendente,
qev05_060.scr:3,qev05_060.scr,3,200,(ator 200),desconhecido,3,8,,,…………,,pendente,
qev05_060.scr:4,qev05_060.scr,4,17,ジューダス,personagem,4,42,,CRLF x1,お前は本当に、\n遠慮というものを知らないな,,pendente,
qev05_060.scr:5,qev05_060.scr,5,17,ジューダス,personagem,5,48,,CRLF x1,……そういうところは、\nどこかの馬鹿にそっくりだ,,pendente,
qev05_060.scr:6,qev05_060.scr,6,17,ジューダス,personagem,6,46,,CRLF x2,とにかく、\n今回の事は他言無用だ。\n……いいな,,pendente,
qev05_070.scr:0,qev05_070.scr,0,9,リオン,personagem,1,12,,,……頼んだぞ,,pendente,
qev05_070.scr:1,qev05_070.scr,1,9,リオン,personagem,2,8,,,…………,,pendente,
qev05_070.scr:2,qev05_070.scr,2,9,リオン,personagem,3,6,,,……？,,pendente,
qev05_070.scr:3,qev05_070.scr,3,9,リオン,personagem,4,10,,,……誰だ！,,pendente,
qev05_070.scr:4,qev05_070.scr,4,9,リオン,personagem,5,30,,CRLF x1,お前は……。\nなぜ、ここにいる,,pendente,
qev05_070.scr:5,qev05_070.scr,5,17,ジューダス,personagem,6,60,,CRLF x1,それはこちらの台詞だな。\nなぜ、こんな所で鳩を飛ばしている？,,pendente,
qev05_070.scr:6,qev05_070.scr,6,9,リオン,personagem,7,16,,,答える必要はない,,pendente,
qev05_070.scr:7,qev05_070.scr,7,17,ジューダス,personagem,8,84,,CRLF x2,ふっ。\n人に知られて困る相手と通じている……。\nそう解釈されても構わん、という事か？,,pendente,
qev05_070.scr:8,qev05_070.scr,8,9,リオン,personagem,9,32,,,……言っている意味が理解出来んな,,pendente,
qev05_070.scr:9,qev05_070.scr,9,17,ジューダス,personagem,10,54,,CRLF x1,手紙の相手とは、数度に渡って\nやり取りをしているはずだ,,pendente,
qev05_070.scr:10,qev05_070.scr,10,17,ジューダス,personagem,11,72,,CRLF x1,時には花や茶葉など、物品の受け渡しを\nしている事も、既に調べが付いている,,pendente,
qev05_070.scr:11,qev05_070.scr,11,9,リオン,personagem,12,6,,,……！,,pendente,
qev05_070.scr:12,qev05_070.scr,12,9,リオン,personagem,13,36,,,……だとしても、お前に何の関係がある,,pendente,
qev05_070.scr:13,qev05_070.scr,13,17,ジューダス,personagem,14,40,,CRLF x1,フン……。\n寝首をかかれては敵わんからな,,pendente,
qev05_070.scr:14,qev05_070.scr,14,17,ジューダス,personagem,15,58,,CRLF x2,やましい事がなければ、\n素直にそう言えばいい。\nどうなんだ,,pendente,
qev05_070.scr:15,qev05_070.scr,15,9,リオン,personagem,16,32,,CRLF x1,言ったはずだ。\n答える必要はない,,pendente,
qev05_070.scr:16,qev05_070.scr,16,9,リオン,personagem,17,52,,CRLF x1,……これ以上僕を愚弄すれば、\n痛い目を見る事になるぞ,,pendente,
qev05_070.scr:17,qev05_070.scr,17,17,ジューダス,personagem,18,52,,CRLF x2,ほう？\n面白い。\nならば……、力ずくで聞き出すまでだ,,pendente,
qev05_070.scr:18,qev05_070.scr,18,17,ジューダス,personagem,19,46,,CRLF x1,やむをえん。\n残念だが、向こうがそれをお望みだ,,pendente,
qev05_070.scr:19,qev05_070.scr,19,17,ジューダス,personagem,20,24,,CRLF x1,構えろ、○○。\n来るぞ！,,pendente,
qev05_080.scr:0,qev05_080.scr,0,9,リオン,personagem,0,46,,CRLF x1,貴様も懲りないな……。\n何度来ても結果は同じだ,,pendente,
qev05_080.scr:1,qev05_080.scr,1,17,ジューダス,personagem,1,14,,,それはどうかな,,pendente,
qev05_080.scr:2,qev05_080.scr,2,17,ジューダス,personagem,2,50,,CRLF x1,定まった未来などない。\nそれを今から証明してやる！,,pendente,
qev05_080.scr:3,qev05_080.scr,3,17,ジューダス,personagem,3,14,,,行くぞ、○○！,,pendente,
qev06_010.scr:0,qev06_010.scr,0,1,クレス,personagem,0,40,,CRLF x1,あんな所に？\n本当に見たのか、チェスター,,pendente,
qev06_010.scr:1,qev06_010.scr,1,3,チェスター,personagem,1,78,,CRLF x2,ああ、間違いねえ。\n第一、忘れるもんかよ！\nオレ達の故郷を襲った奴なんだぜ！！,,pendente,
qev06_010.scr:2,qev06_010.scr,2,2,ミント,personagem,2,68,,CRLF x1,魔王とまで称される男、ダオス…。\nこのまま見過ごすわけには行きません,,pendente,
qev06_010.scr:3,qev06_010.scr,3,3,チェスター,personagem,3,42,,CRLF x1,もちろんだ。\nオレ達の手で奴を倒さねえと！,,pendente,
qev06_010.scr:4,qev06_010.scr,4,2,ミント,personagem,4,54,,CRLF x1,ですが、あの強さは尋常ではありません。\n私達だけでは…,,pendente,
qev06_010.scr:5,qev06_010.scr,5,1,クレス,personagem,5,10,,,そうだな…,,pendente,
qev06_010.scr:6,qev06_010.scr,6,1,クレス,personagem,6,46,,CRLF x1,彼が手を貸してくれたら、\n本当に心強いんだが…,,pendente,
qev06_010.scr:7,qev06_010.scr,7,1,クレス,personagem,7,48,,CRLF x1,彼女が手を貸してくれたら、\n本当に心強いんだが…,,pendente,
qev06_010.scr:8,qev06_010.scr,8,,(mensagem de sistema),sistema,8,78,,CRLF x2,クエスト「伝説の戦い」が\nエントリーされました。\nクレスから受ける事が出来ます,,pendente,
qev06_020.scr:0,qev06_020.scr,0,1,クレス,personagem,0,52,,CRLF x1,ありがとう。\n君の助けがあれば、きっとダオスを倒せる,,pendente,
qev06_020.scr:1,qev06_020.scr,1,2,ミント,personagem,1,84,,CRLF x2,あなたは、追憶の坑道で\n彼に会いましたよね…。\nでしたら、ダオスの力はご存知でしょう,,pendente,
qev06_020.scr:2,qev06_020.scr,2,2,ミント,personagem,2,68,,CRLF x1,ダオスは只者ではありません。\nその強さは未知数と言ってもいいでしょう,,pendente,
qev06_020.scr:3,qev06_020.scr,3,3,チェスター,personagem,3,88,,CRLF x2,ダオスは…、オレ達の故郷に\n封印されていた男だったんだ…。\nそれがある時、封印を破って…,,pendente,
qev06_020.scr:4,qev06_020.scr,4,1,クレス,personagem,4,100,,CRLF x2,ダオスについて詳しい事は知らないけど、\n封印される程の存在だ。\nあの力はまさに…魔王、ヒトではないよ,,pendente,
qev06_020.scr:5,qev06_020.scr,5,3,チェスター,personagem,5,52,,CRLF x1,よし、準備を整えたら行こうぜ！\nブラウニー坑道へな！,,pendente,
qev06_030.scr:0,qev06_030.scr,0,3,チェスター,personagem,0,44,,CRLF x1,前に、ここへ仕事に出た時に\nあいつを見たんだ,,pendente,
qev06_030.scr:1,qev06_030.scr,1,3,チェスター,personagem,1,28,,,場所は、ここより奥の方だった,,pendente,
qev06_030.scr:2,qev06_030.scr,2,2,ミント,personagem,2,68,,CRLF x1,あの、出掛けにロックスさんから\nちょっと気になる話を聞いたんですが…,,pendente,
qev06_030.scr:3,qev06_030.scr,3,1,クレス,personagem,3,14,,,どんな話だい？,,pendente,
qev06_030.scr:4,qev06_030.scr,4,2,ミント,personagem,4,50,,CRLF x1,各国での星晶を巡る戦争は、\nほぼ収まっていますが…,,pendente,
qev06_030.scr:5,qev06_030.scr,5,2,ミント,personagem,5,52,,CRLF x1,国を襲って、星晶を奪っていく男が\n現れたという話です,,pendente,
qev06_030.scr:6,qev06_030.scr,6,2,ミント,personagem,6,22,,,それも、たった一人で…,,pendente,
qev06_030.scr:7,qev06_030.scr,7,1,クレス,personagem,7,28,,,たった一人で、国を相手に！？,,pendente,
qev06_030.scr:8,qev06_030.scr,8,2,ミント,personagem,8,64,,CRLF x1,金色の髪と…、マントに身を包んだ姿。\nそれが男の姿だったそうです,,pendente,
qev06_030.scr:9,qev06_030.scr,9,3,チェスター,personagem,9,26,,,その特徴…まさか、奴が！？,,pendente,
qev06_030.scr:10,qev06_030.scr,10,2,ミント,personagem,10,72,,CRLF x2,そこまではわかりません。\nただ、私としても引っかかるものが\nあったので…,,pendente,
qev06_030.scr:11,qev06_030.scr,11,1,クレス,personagem,11,60,,CRLF x1,僕達の故郷だけじゃない…。\n他の国が犠牲になったというのか…,,pendente,
qev06_030.scr:12,qev06_030.scr,12,1,クレス,personagem,12,48,,CRLF x1,よし、急ごう。\nあいつの事を、放っては置けない！,,pendente,
qev06_040.scr:0,qev06_040.scr,0,1,クレス,personagem,0,88,,CRLF x2,もし、ミントがさっき話したその男が\nダオスだったとして…。\n何で僕らの村を襲ったんだろう,,pendente,
qev06_040.scr:1,qev06_040.scr,1,3,チェスター,personagem,1,18,,,…んな事、知るかよ,,pendente,
qev06_040.scr:2,qev06_040.scr,2,1,クレス,personagem,2,58,,CRLF x1,わずかではあったけども、\n僕らの村には未採掘の星晶があった,,pendente,
qev06_040.scr:3,qev06_040.scr,3,1,クレス,personagem,3,42,,CRLF x1,でも、ダオスはそれを奪っては\nいかなかった,,pendente,
qev06_040.scr:4,qev06_040.scr,4,2,ミント,personagem,4,12,,,そうですね…,,pendente,
qev06_040.scr:5,qev06_040.scr,5,2,ミント,personagem,5,88,,CRLF x2,もし、話に聞いた男が仮にダオスであれば、\n今、星晶を集めて、\n何をするつもりなんでしょう,,pendente,
qev06_040.scr:6,qev06_040.scr,6,3,チェスター,personagem,6,34,,CRLF x1,はッ！\nどうせ良からぬ事だろうよ！,,pendente,
qev06_040.scr:7,qev06_040.scr,7,3,チェスター,personagem,7,44,,CRLF x1,村や国を襲う奴に、\n大層な理由なんてねえよ！,,pendente,
qev06_040.scr:8,qev06_040.scr,8,3,チェスター,personagem,8,18,,,ほら、行こうぜ！！,,pendente,
qev06_040.scr:9,qev06_040.scr,9,1,クレス,personagem,9,10,,,あ、ああ…,,pendente,
qev06_050.scr:0,qev06_050.scr,0,76,ダオス,personagem,1,12,,,ふはははは…,,pendente,
qev06_050.scr:1,qev06_050.scr,1,76,ダオス,personagem,2,90,,CRLF x2,下等な人間風情が\nここまでやるとは思わなんだぞ。\nそれともこれがディセンダーとやらの力か？,,pendente,
qev06_050.scr:2,qev06_050.scr,2,76,ダオス,personagem,3,60,,CRLF x1,ひとまずここは引こうではないか。\nだが、私の邪魔はさせぬぞ…,,pendente,
qev06_050.scr:3,qev06_050.scr,3,76,ダオス,personagem,4,70,,CRLF x1,我等天使の悲願の為に…、ディセンダーよ、\nお前には消えてもらうからな…,,pendente,
qev06_050.scr:4,qev06_050.scr,4,1,クレス,personagem,5,10,,,消えた！！,,pendente,
qev06_050.scr:5,qev06_050.scr,5,3,チェスター,personagem,6,40,,,くそっ、あいつを打ち倒せると思ったのに…,,pendente,
qev06_050.scr:6,qev06_050.scr,6,2,ミント,personagem,7,12,,,戻りましょう,,pendente,
qev06_050.scr:7,qev06_050.scr,7,2,ミント,personagem,8,64,,CRLF x2,それに、私、\nきっと、ダオスとは、\nまた会う事になると思うんです,,pendente,
qev06_050.scr:8,qev06_050.scr,8,2,ミント,personagem,9,18,,,そんな気がします…,,pendente,
qev06_060.scr:0,qev06_060.scr,0,1,クレス,personagem,0,28,,,付いてきてくれて、ありがとう,,pendente,
qev06_060.scr:1,qev06_060.scr,1,1,クレス,personagem,1,78,,CRLF x2,予想以上の強さだったよ…。\n君がいなかったら、\n戻って来れなかったかもしれない,,pendente,
qev06_060.scr:2,qev06_060.scr,2,3,チェスター,personagem,2,76,,CRLF x2,ふん、これで諦めるかよ…。\nまた奴を探し出して、\n次こそは勝負を付けてやるさ,,pendente,
qev06_060.scr:3,qev06_060.scr,3,1,クレス,personagem,3,16,,,ああ、きっとな…,,pendente,
qev06_060.scr:4,qev06_060.scr,4,2,ミント,personagem,4,78,,CRLF x2,でも、彼は…意味もなく国を襲って\n星晶を奪っていたわけでは\nありませんでした…,,pendente,
qev06_060.scr:5,qev06_060.scr,5,2,ミント,personagem,5,64,,CRLF x2,ひょっとしたら、\n残忍な性格の持ち主ではない…と\n思うのですが…,,pendente,
qev06_060.scr:6,qev06_060.scr,6,1,クレス,personagem,6,56,,CRLF x1,ダオスが「星晶をあるべき場所に戻す」と\n言っていた事か…,,pendente,
qev06_060.scr:7,qev06_060.scr,7,1,クレス,personagem,7,56,,CRLF x1,それは、全ての生き物の為を考えれば\n正しい事かもしれない,,pendente,
qev06_060.scr:8,qev06_060.scr,8,3,チェスター,personagem,8,64,,CRLF x1,だからって、襲われた村の連中の\n負った傷がいえるわけじゃねえんだ,,pendente,
qev06_060.scr:9,qev06_060.scr,9,3,チェスター,personagem,9,48,,CRLF x1,それに、まだ何を目的としてるか\nわかんねえんだぞ,,pendente,
qev06_060.scr:10,qev06_060.scr,10,1,クレス,personagem,10,6,,,ああ…,,pendente,
qev06_060.scr:11,qev06_060.scr,11,1,クレス,personagem,11,70,,CRLF x2,ダオスとはまた戦う事になりそうだ。\n○○、\nその時はまた力を貸してくれ,,pendente,
qev06_060.scr:12,qev06_060.scr,12,1,クレス,personagem,12,24,,,今日は、本当にありがとう,,pendente,
qev06_070.scr:0,qev06_070.scr,0,1,クレス,personagem,1,12,,,ダオスだな！,,pendente,
qev06_070.scr:1,qev06_070.scr,1,76,ダオス,personagem,2,36,,,ディセンダー…、またお前に会うとは…,,pendente,
qev06_070.scr:2,qev06_070.scr,2,76,ダオス,personagem,3,24,,,とうとうこの世に現れたか,,pendente,
qev06_070.scr:3,qev06_070.scr,3,76,ダオス,personagem,4,42,,CRLF x1,お前の事は知っている…。\nディセンダーだな,,pendente,
qev06_070.scr:4,qev06_070.scr,4,3,チェスター,personagem,5,56,,CRLF x2,なっ…。\n○○、お前、\nこいつと何か因縁があったのかよ！,,pendente,
qev06_070.scr:5,qev06_070.scr,5,76,ダオス,personagem,8,46,,CRLF x1,知らずして当然だ。\nだが、因縁などどうでもいい,,pendente,
qev06_070.scr:6,qev06_070.scr,6,76,ダオス,personagem,9,50,,CRLF x1,ディセンダーと言う存在が\n私にとって目障りなだけだ,,pendente,
qev06_070.scr:7,qev06_070.scr,7,3,チェスター,personagem,10,82,,CRLF x2,何を余裕かましてやがる！\nオレ達の村のみんなの仇を\nここで取らせてもらうからな！！,,pendente,
qev06_070.scr:8,qev06_070.scr,8,76,ダオス,personagem,11,46,,CRLF x1,よかろう。\nディセンダー諸共、消し去ってくれる,,pendente,
qev06_070.scr:9,qev06_070.scr,9,2,ミント,personagem,12,14,,,待って下さい！,,pendente,
qev06_070.scr:10,qev06_070.scr,10,76,ダオス,personagem,13,34,,CRLF x1,何だ？\nこの期におよんで命乞いか？,,pendente,
qev06_070.scr:11,qev06_070.scr,11,2,ミント,personagem,14,28,,,あなたに聞きたい事があります,,pendente,
qev06_070.scr:12,qev06_070.scr,12,2,ミント,personagem,15,42,,CRLF x1,国を襲い、星晶を奪ったのは\nあなたですか？,,pendente,
qev06_070.scr:13,qev06_070.scr,13,76,ダオス,personagem,16,6,,,そうだ,,pendente,
qev06_070.scr:14,qev06_070.scr,14,2,ミント,personagem,17,66,,CRLF x2,前にあなたは、\n私達の村の星晶を奪いませんでした。\nなぜ、ですか？,,pendente,
qev06_070.scr:15,qev06_070.scr,15,76,ダオス,personagem,18,58,,CRLF x1,お前達の村では、大国の様に\n星晶を採掘していなかったからだ,,pendente,
qev06_070.scr:16,qev06_070.scr,16,76,ダオス,personagem,19,64,,CRLF x1,大国が各地から集めた星晶は、\nあるべき場所へ戻さねばならんからな,,pendente,
qev06_070.scr:17,qev06_070.scr,17,2,ミント,personagem,20,40,,CRLF x1,あるべき場所へ戻す？\nあなたがそれを…？,,pendente,
qev06_070.scr:18,qev06_070.scr,18,76,ダオス,personagem,21,110,,CRLF x2,星晶はヒトだけが独占すべきものではない。\nボルテックスが、星晶を世界樹へ還し、\n再び星晶はあるべき場所へ行渡る,,pendente,
qev06_070.scr:19,qev06_070.scr,19,1,クレス,personagem,22,22,,,お前の望みは何なんだ？,,pendente,
qev06_070.scr:20,qev06_070.scr,20,76,ダオス,personagem,23,72,,CRLF x1,私に…、そして新しくこの世界を治める種族、\n「天使」にはマナが必要なのだ,,pendente,
qev06_070.scr:21,qev06_070.scr,21,1,クレス,personagem,24,14,,,天使…だって？,,pendente,
qev06_070.scr:22,qev06_070.scr,22,3,チェスター,personagem,25,18,,,ふざけやがって！！,,pendente,
qev06_070.scr:23,qev06_070.scr,23,1,クレス,personagem,26,28,,,例え…どんな理由があっても…,,pendente,
qev06_070.scr:24,qev06_070.scr,24,1,クレス,personagem,27,50,,CRLF x1,村や国の人々の命を奪うお前は、\n絶対に許さない！！,,pendente,
qev06_070.scr:25,qev06_070.scr,25,76,ダオス,personagem,28,22,,,何とでも言うがいい！！,,pendente,
qev06_070.scr:26,qev06_070.scr,26,76,ダオス,personagem,29,46,,CRLF x1,私の邪魔をすると言うのであれば、\n滅ぼすのみ！,,pendente,
qev06_070.scr:27,qev06_070.scr,27,1,クレス,personagem,30,10,,,行くぞ！！,,pendente,
qev06_070.scr:28,qev06_070.scr,28,,(opcao do jogador),escolha,6,16,,,知らない、と言う,,pendente,
qev06_070.scr:29,qev06_070.scr,29,,(opcao do jogador),escolha,7,16,,,思い出そうとする,,pendente,
qev06_080.scr:0,qev06_080.scr,0,76,ダオス,personagem,1,72,,CRLF x2,何度でも来るがいい。\n私は、私の理想を追うまでだ！\n邪魔する者は許さぬ！,,pendente,
qev07_010.scr:0,qev07_010.scr,0,16,ロニ,personagem,0,56,,CRLF x1,おい、本当なのか。\nバルバトスがまた現れたってのは……！,,pendente,
qev07_010.scr:1,qev07_010.scr,1,15,リアラ,personagem,1,76,,CRLF x2,間違いないみたい。\n寄せられた情報と、バルバトスの特徴が\nほぼ一致しているわ,,pendente,
qev07_010.scr:2,qev07_010.scr,2,17,ジューダス,personagem,2,54,,CRLF x1,放っておけば、また無作為に\n腕の立つ人間を襲いかねんな,,pendente,
qev07_010.scr:3,qev07_010.scr,3,14,カイル,personagem,3,52,,CRLF x2,うん、この世界の\n父さん達の事が心配だし\n何より……,,pendente,
qev07_010.scr:4,qev07_010.scr,4,14,カイル,personagem,4,64,,CRLF x2,あいつは今、\n○○の事を\n倒すべき敵として認識してるみたいなんだ,,pendente,
qev07_010.scr:5,qev07_010.scr,5,15,リアラ,personagem,5,44,,CRLF x1,○○が、\nバルバトスに勝ってしまったから……,,pendente,
qev07_010.scr:6,qev07_010.scr,6,16,ロニ,personagem,6,50,,CRLF x1,んで、運の悪い事に\n顔を覚えられちまったってわけか,,pendente,
qev07_010.scr:7,qev07_010.scr,7,16,ロニ,personagem,7,24,,CRLF x1,○○も\nつくづく災難だな,,pendente,
qev07_010.scr:8,qev07_010.scr,8,200,(ator 200),desconhecido,8,8,,,…………,,pendente,
qev07_010.scr:9,qev07_010.scr,9,17,ジューダス,personagem,9,52,,CRLF x1,とにかく、奴とははっきり\n決着を付けておくべきだろう,,pendente,
qev07_010.scr:10,qev07_010.scr,10,17,ジューダス,personagem,10,84,,CRLF x2,戦いの舞台が僕達の世界ではなく\nこちらの世界になっただけの事。\n躊躇う理由は何もない,,pendente,
qev07_010.scr:11,qev07_010.scr,11,14,カイル,personagem,11,16,,CRLF x1,うん。\nそうだね,,pendente,
qev07_010.scr:12,qev07_010.scr,12,14,カイル,personagem,12,52,,CRLF x2,よ〜し、○○\n待ってて！\n早速オレ達が行って……！！,,pendente,
qev07_010.scr:13,qev07_010.scr,13,15,リアラ,personagem,13,22,,,ちょっと待って、カイル,,pendente,
qev07_010.scr:14,qev07_010.scr,14,15,リアラ,personagem,14,44,,CRLF x1,バルバトスの目的は、\n今は○○なんでしょう？,,pendente,
qev07_010.scr:15,qev07_010.scr,15,15,リアラ,personagem,15,44,,CRLF x1,バルバトスの目的は、\n今は○○なんでしょう？,,pendente,
qev07_010.scr:16,qev07_010.scr,16,15,リアラ,personagem,16,94,,CRLF x2,だったら、一緒に行ってもらった方が\nいいんじゃないかしら。\nもし入れ違いに襲われでもしたら……,,pendente,
qev07_010.scr:17,qev07_010.scr,17,17,ジューダス,personagem,17,30,,,まあ、その可能性もなくはないな,,pendente,
qev07_010.scr:18,qev07_010.scr,18,17,ジューダス,personagem,18,28,,,バルバトスは空間転移が出来る,,pendente,
qev07_010.scr:19,qev07_010.scr,19,17,ジューダス,personagem,19,60,,CRLF x2,目撃情報は陽動で、本当の目的は\n○○という事も\nあり得る話だ,,pendente,
qev07_010.scr:20,qev07_010.scr,20,16,ロニ,personagem,20,44,,CRLF x2,んじゃ、出発は\n○○の\n準備が出来次第、だな,,pendente,
qev07_010.scr:21,qev07_010.scr,21,14,カイル,personagem,21,30,,CRLF x1,そっか。\nその方が良さそうだね,,pendente,
qev07_010.scr:22,qev07_010.scr,22,14,カイル,personagem,22,68,,CRLF x2,じゃあ、○○、\n準備が済んだらオレに\n声をかけてもらってもいいかな？,,pendente,
qev07_010.scr:23,qev07_010.scr,23,14,カイル,personagem,23,52,,CRLF x2,大丈夫。\n○○も父さん達も\n絶対、守ってみせるから！,,pendente,
qev07_010.scr:24,qev07_010.scr,24,,(mensagem de sistema),sistema,24,78,,CRLF x2,クエスト「運命の対決」が\nエントリーされました。\nカイルから受ける事が出来ます,,pendente,
qev07_020.scr:0,qev07_020.scr,0,17,ジューダス,personagem,0,16,,,準備は出来たか？,,pendente,
qev07_020.scr:1,qev07_020.scr,1,17,ジューダス,personagem,1,78,,CRLF x2,この先、お前のフォローまで\nしきれんからな。\nくれぐれも足手まといにはなるなよ,,pendente,
qev07_020.scr:2,qev07_020.scr,2,15,リアラ,personagem,2,40,,CRLF x1,もう、ジューダスったら\nそんな言い方……,,pendente,
qev07_020.scr:3,qev07_020.scr,3,15,リアラ,personagem,3,66,,CRLF x2,ごめんなさい、○○。\nジューダスはあなたの心配を\nしているだけなの,,pendente,
qev07_020.scr:4,qev07_020.scr,4,17,ジューダス,personagem,4,26,,,だ、誰がそんな事を言った！,,pendente,
qev07_020.scr:5,qev07_020.scr,5,14,カイル,personagem,5,42,,CRLF x1,あははっ。\nジューダスは素直じゃないからね,,pendente,
qev07_020.scr:6,qev07_020.scr,6,14,カイル,personagem,6,86,,CRLF x2,でも、バルバトスが強敵なのは本当だよ。\n気を引き締めて、今度こそ絶対に\n決着を付けよう,,pendente,
qev07_020.scr:7,qev07_020.scr,7,15,リアラ,personagem,7,12,,,ええ、そうね,,pendente,
qev07_020.scr:8,qev07_020.scr,8,17,ジューダス,personagem,8,24,,,お前に言われるまでもない,,pendente,
qev07_030.scr:0,qev07_030.scr,0,14,カイル,personagem,0,56,,CRLF x1,この先に、バルバトスが……。\nここであいつを止められれば,,pendente,
qev07_030.scr:1,qev07_030.scr,1,14,カイル,personagem,1,84,,CRLF x2,オレ達の世界の父さん達も、\nこっちの世界の父さん達も、\nどっちも助ける事が出来るんだ,,pendente,
qev07_030.scr:2,qev07_030.scr,2,15,リアラ,personagem,2,54,,CRLF x1,終わらせましょう。\nもう、誰が傷付くところも見たくない,,pendente,
qev07_030.scr:3,qev07_030.scr,3,17,ジューダス,personagem,3,28,,CRLF x1,行くぞ。\n奴はきっとこの奥だ,,pendente,
qev07_040.scr:0,qev07_040.scr,0,14,カイル,personagem,0,28,,CRLF x1,○○、大丈夫？\n疲れてない？,,pendente,
qev07_040.scr:1,qev07_040.scr,1,15,リアラ,personagem,1,68,,CRLF x2,ごめんなさい……。\n結果的に、あなたまで\n巻き込む事になってしまって,,pendente,
qev07_040.scr:2,qev07_040.scr,2,200,(ator 200),desconhecido,2,8,,,…………,,pendente,
qev07_040.scr:3,qev07_040.scr,3,17,ジューダス,personagem,3,88,,CRLF x2,気にする必要はないだろう。\n自分が狙われているから同行したというのは\n恐らく口実に過ぎん,,pendente,
qev07_040.scr:4,qev07_040.scr,4,15,リアラ,personagem,4,6,,,口実？,,pendente,
qev07_040.scr:5,qev07_040.scr,5,17,ジューダス,personagem,5,90,,CRLF x2,止めたとしても、どうせ進んで\n首を突っ込んでいたはずだ。\nこいつは、そういう性分なんだろう,,pendente,
qev07_040.scr:6,qev07_040.scr,6,17,ジューダス,personagem,6,76,,CRLF x2,全く……。\nどこかの単純馬鹿と同じで、\nとことん救いようのないお人好しらしい,,pendente,
qev07_040.scr:7,qev07_040.scr,7,14,カイル,personagem,7,44,,CRLF x1,単純馬鹿？\nねえジューダス、それって誰の事？,,pendente,
qev07_040.scr:8,qev07_040.scr,8,17,ジューダス,personagem,8,6,,,さあな,,pendente,
qev07_040.scr:9,qev07_040.scr,9,15,リアラ,personagem,9,58,,CRLF x1,形はそれぞれ違っても、\n人にはみんな、幸せになる権利がある,,pendente,
qev07_040.scr:10,qev07_040.scr,10,15,リアラ,personagem,10,90,,CRLF x2,でも、自らの欲望を満たす為だけに\n争いを起こし、戦いを続け……、\n多くの人の幸せを壊す……,,pendente,
qev07_040.scr:11,qev07_040.scr,11,15,リアラ,personagem,11,60,,CRLF x1,そんなバルバトスを、どうしても\n放っておくわけにはいかないわ,,pendente,
qev07_040.scr:12,qev07_040.scr,12,14,カイル,personagem,12,84,,CRLF x2,うん。\n関係のないたくさんの人達を傷付けて……、\nあいつのしてる事は絶対に許せないよ,,pendente,
qev07_040.scr:13,qev07_040.scr,13,17,ジューダス,personagem,13,30,,,だからこそ、僕達が今ここにいる,,pendente,
qev07_040.scr:14,qev07_040.scr,14,17,ジューダス,personagem,14,52,,CRLF x1,他の誰でもない、僕達自身の手で\n未来を変えていく為に,,pendente,
qev07_040.scr:15,qev07_040.scr,15,14,カイル,personagem,15,42,,CRLF x2,うん。\n今度こそ絶対に\nバルバトスに勝つ！,,pendente,
qev07_040.scr:16,qev07_040.scr,16,15,リアラ,personagem,16,40,,CRLF x1,奪われた未来をもう一度\n取り返しましょう,,pendente,
qev07_050.scr:0,qev07_050.scr,0,14,カイル,personagem,1,52,,CRLF x1,もうどこにも逃げ場はない！\n覚悟しろ、バルバトス！！,,pendente,
qev07_050.scr:1,qev07_050.scr,1,77,バルバトス,personagem,2,26,,,ク、ククク……覚悟しろと？,,pendente,
qev07_050.scr:2,qev07_050.scr,2,77,バルバトス,personagem,3,36,,CRLF x1,貴様らの様な小僧が\n俺を倒すだと！？,,pendente,
qev07_050.scr:3,qev07_050.scr,3,77,バルバトス,personagem,4,54,,CRLF x1,誰に向かってものを言っている！？\n俺は……俺は……！！,,pendente,
qev07_050.scr:4,qev07_050.scr,4,77,バルバトス,personagem,5,26,,,ぐるぁぁああぁぁぁぁ！！！,,pendente,
qev07_050.scr:5,qev07_050.scr,5,14,カイル,personagem,6,26,,CRLF x1,バルバトス！？\n何を……！,,pendente,
qev07_050.scr:6,qev07_050.scr,6,15,リアラ,personagem,7,22,,,自分で、自分の体を……,,pendente,
qev07_050.scr:7,qev07_050.scr,7,17,ジューダス,personagem,8,22,,,……貫こうというのか！,,pendente,
qev07_050.scr:8,qev07_050.scr,8,77,バルバトス,personagem,9,50,,CRLF x1,誰も、俺は、倒せない！\n倒せないのだあぁぁぁっ！！,,pendente,
qev07_050.scr:9,qev07_050.scr,9,77,バルバトス,personagem,10,80,,CRLF x2,フフフ……あーっはっはっは！\nごふっ、……っは、\n……っはーっはっ…はっ……！！,,pendente,
qev07_050.scr:10,qev07_050.scr,10,17,ジューダス,personagem,11,8,,,…………,,pendente,
qev07_050.scr:11,qev07_050.scr,11,17,ジューダス,personagem,12,32,,,最後は自らの手で生を断つとは……,,pendente,
qev07_050.scr:12,qev07_050.scr,12,14,カイル,personagem,13,44,,CRLF x1,バルバトス……。\nそうまでして、どうして……,,pendente,
qev07_050.scr:13,qev07_050.scr,13,17,ジューダス,personagem,14,72,,CRLF x1,奴には奴なりの美学があったんだろう。\n到底、僕達には理解出来ん代物だがな,,pendente,
qev07_050.scr:14,qev07_050.scr,14,15,リアラ,personagem,15,44,,CRLF x1,でも、これで……やっと……、\n終わったんだね,,pendente,
qev07_050.scr:15,qev07_050.scr,15,14,カイル,personagem,16,8,,,ああ……,,pendente,
qev07_050.scr:16,qev07_050.scr,16,14,カイル,personagem,17,36,,CRLF x1,……帰ろう！\nみんなに報告しなくちゃ,,pendente,
qev07_060.scr:0,qev07_060.scr,0,14,カイル,personagem,0,10,,,ただい……,,pendente,
qev07_060.scr:1,qev07_060.scr,1,16,ロニ,personagem,1,36,,CRLF x1,カイル〜〜〜っ！\n無事だったかぁ！！,,pendente,
qev07_060.scr:2,qev07_060.scr,2,16,ロニ,personagem,2,78,,CRLF x1,俺の可愛いカイルに万一の事があったら\nどうしようかと俺はもう、心配で心配で……,,pendente,
qev07_060.scr:3,qev07_060.scr,3,14,カイル,personagem,3,56,,CRLF x2,ロ、ロニ……。\nわかったから、離れて……。\n苦しいよ……,,pendente,
qev07_060.scr:4,qev07_060.scr,4,18,ナナリー,personagem,4,92,,CRLF x2,とか何とか言ってるけど、\n嬉々としてあちこちの女の子に\n片っ端から声をかけてたのは誰だっけ？,,pendente,
qev07_060.scr:5,qev07_060.scr,5,15,リアラ,personagem,5,28,,CRLF x1,ロニ！\nまたナンパしてたの？,,pendente,
qev07_060.scr:6,qev07_060.scr,6,16,ロニ,personagem,6,22,,,またとは何だまたとは！,,pendente,
qev07_060.scr:7,qev07_060.scr,7,16,ロニ,personagem,7,80,,CRLF x2,というか、そもそも俺は\nこんな非常事態にナンパなんかする程\n軽薄な男じゃないぞ！,,pendente,
qev07_060.scr:8,qev07_060.scr,8,18,ナナリー,personagem,8,60,,CRLF x1,女の子の尻を追っかける行為を\nナンパ以外に何て呼べってのさ？,,pendente,
qev07_060.scr:9,qev07_060.scr,9,14,カイル,personagem,9,8,,,ロニ……,,pendente,
qev07_060.scr:10,qev07_060.scr,10,17,ジューダス,personagem,10,74,,CRLF x2,フッ、まあいいじゃないか。\nそれだけカイルが心配で\nたまらなかったんだろう,,pendente,
qev07_060.scr:11,qev07_060.scr,11,17,ジューダス,personagem,11,44,,CRLF x1,他の事で必死に\n気を紛らわせたくなる程に、な,,pendente,
qev07_060.scr:12,qev07_060.scr,12,16,ロニ,personagem,12,30,,,ジューダス、てめぇ〜〜〜っ！！,,pendente,
qev07_060.scr:13,qev07_060.scr,13,15,リアラ,personagem,13,64,,CRLF x1,はいはい、ケンカはそこまで。\nとにかく、みんなが無事で良かったわ,,pendente,
qev07_060.scr:14,qev07_060.scr,14,18,ナナリー,personagem,14,8,,,そうだね,,pendente,
qev07_060.scr:15,qev07_060.scr,15,18,ナナリー,personagem,15,48,,CRLF x1,今回の相手が相手だったんだ、\n随分心配したんだよ,,pendente,
qev07_060.scr:16,qev07_060.scr,16,14,カイル,personagem,16,56,,CRLF x2,うん……。\nでも、今回は強力な助っ人も\n一緒だったからね,,pendente,
qev07_060.scr:17,qev07_060.scr,17,14,カイル,personagem,17,40,,CRLF x1,○○、手伝ってくれて\n本当にありがとう！,,pendente,
qev07_060.scr:18,qev07_060.scr,18,15,リアラ,personagem,18,48,,CRLF x1,何かあったら、○○も\n何でもわたし達に相談してね,,pendente,
qev07_060.scr:19,qev07_060.scr,19,16,ロニ,personagem,19,50,,CRLF x1,それと、言っておくけどな。\n断じて俺はナンパは……,,pendente,
qev07_060.scr:20,qev07_060.scr,20,17,ジューダス,personagem,20,8,,,くどい！,,pendente,
qev07_070.scr:0,qev07_070.scr,0,77,バルバトス,personagem,1,10,,,来たな……,,pendente,
qev07_070.scr:1,qev07_070.scr,1,77,バルバトス,personagem,2,44,,CRLF x1,待っていたぞ。\nカイル、そして……○○……！,,pendente,
qev07_070.scr:2,qev07_070.scr,2,14,カイル,personagem,3,50,,CRLF x1,バルバトス……。\nお前の好きには、もうさせないぞ！,,pendente,
qev07_070.scr:3,qev07_070.scr,3,15,リアラ,personagem,4,36,,,これ以上、みんなの幸せは壊させない！,,pendente,
qev07_070.scr:4,qev07_070.scr,4,17,ジューダス,personagem,5,60,,CRLF x1,貴様のお遊びには付き合いきれん。\nここで終わりにしてくれる！,,pendente,
qev07_070.scr:5,qev07_070.scr,5,77,バルバトス,personagem,6,60,,CRLF x2,はーっはっはっはっはぁ！！\nいい、実にいいぞ。\nククク……！,,pendente,
qev07_070.scr:6,qev07_070.scr,6,77,バルバトス,personagem,7,58,,CRLF x1,俺は、俺の渇きを満たす者を\n待っていた……待ち続けていた！,,pendente,
qev07_070.scr:7,qev07_070.scr,7,77,バルバトス,personagem,8,72,,CRLF x2,今のままでは到底足りん、\nもっと、もっと……もっとだ。\nクックククク……,,pendente,
qev07_070.scr:8,qev07_070.scr,8,77,バルバトス,personagem,9,72,,CRLF x2,さぁ……本気でかかってこい。\nそして！\n俺の乾きを満たしてみろぉぉぉ！！,,pendente,
qev07_070.scr:9,qev07_070.scr,9,14,カイル,personagem,10,14,,,○○、来るぞ！,,pendente,
qev07_080.scr:0,qev07_080.scr,0,77,バルバトス,personagem,1,56,,CRLF x1,はーっはっはっはっはぁ！！\n足りぬ、まだ足りぬぞぉおぉ！,,pendente,
qev07_080.scr:1,qev07_080.scr,1,77,バルバトス,personagem,2,50,,CRLF x1,もっと……もっと俺を\n楽しませてみろぉぉぉぉぉ！！,,pendente,
qev07_080.scr:2,qev07_080.scr,2,77,バルバトス,personagem,3,26,,,ぐるあぁぁぁぁぁああ！！！,,pendente,
qev07_080.scr:3,qev07_080.scr,3,17,ジューダス,personagem,4,32,,,フン、相変わらず良く吼える……！,,pendente,
qev07_080.scr:4,qev07_080.scr,4,17,ジューダス,personagem,5,38,,CRLF x1,行くぞ、○○！\n今度こそ気を抜くな！！,,pendente,
qev08_010.scr:0,qev08_010.scr,0,26,ロイド,personagem,0,24,,CRLF x1,何だって…？\nあいつが…,,pendente,
qev08_010.scr:1,qev08_010.scr,1,30,クラトス,personagem,1,52,,CRLF x2,そうだ。\n奴を止める事は\n出来ていなかったという事だ,,pendente,
qev08_010.scr:2,qev08_010.scr,2,26,ロイド,personagem,2,40,,CRLF x1,ユグドラシル…。\nまだ生きていたなんて…,,pendente,
qev08_010.scr:3,qev08_010.scr,3,30,クラトス,personagem,3,68,,CRLF x2,あの時、ヤツを止めたと\n思っていたが…。\nまだ身を隠していたとはな…,,pendente,
qev08_010.scr:4,qev08_010.scr,4,26,ロイド,personagem,4,60,,CRLF x1,あいつの狙いは何なんだ…。\n自分と同じ羽のある種族を集めて…,,pendente,
qev08_010.scr:5,qev08_010.scr,5,26,ロイド,personagem,5,78,,CRLF x1,くそっ、その為に俺達の故郷の村は襲われて、\nコレットもさらわれそうになってさ…,,pendente,
qev08_010.scr:6,qev08_010.scr,6,30,クラトス,personagem,6,62,,CRLF x1,いずれにせよ、生きているというのであれば\n奴を止めねばなるまい,,pendente,
qev08_010.scr:7,qev08_010.scr,7,30,クラトス,personagem,7,78,,CRLF x2,さもなくば羽ある種族、\n「天使」を探し集める為に\nさらに村々を襲うだろうからな,,pendente,
qev08_010.scr:8,qev08_010.scr,8,26,ロイド,personagem,8,58,,CRLF x2,そうだな。\n今度こそ、あいつを止めないと。\nよし、行くか！,,pendente,
qev08_010.scr:9,qev08_010.scr,9,27,コレット,personagem,9,18,,,ロイド、私も行くよ,,pendente,
qev08_010.scr:10,qev08_010.scr,10,30,クラトス,personagem,10,50,,CRLF x1,この件はギルドの者にも\n伝えておいた方がいいだろう,,pendente,
qev08_010.scr:11,qev08_010.scr,11,26,ロイド,personagem,11,24,,,ああ、俺から話しておくよ,,pendente,
qev08_010.scr:12,qev08_010.scr,12,26,ロイド,personagem,12,56,,CRLF x2,もしかしたら……\n力になってくれる奴が\nいるかもしれない,,pendente,
qev08_010.scr:13,qev08_010.scr,13,,(mensagem de sistema),sistema,13,78,,CRLF x2,クエスト「天使の暗舞」が\nエントリーされました。\nロイドから受ける事が出来ます,,pendente,
qev08_020.scr:0,qev08_020.scr,0,26,ロイド,personagem,0,50,,CRLF x1,やっぱり、協力してくれるんだな。\n……ありがとな！,,pendente,
qev08_020.scr:1,qev08_020.scr,1,27,コレット,personagem,1,28,,CRLF x1,○○も、\n準備はだいじょぶ？,,pendente,
qev08_020.scr:2,qev08_020.scr,2,27,コレット,personagem,2,30,,,しっかり整えておいた方がいいよ,,pendente,
qev08_020.scr:3,qev08_020.scr,3,30,クラトス,personagem,3,28,,,……目的地はヴェラトローパだ,,pendente,
qev08_020.scr:4,qev08_020.scr,4,30,クラトス,personagem,4,6,,,急ぐぞ,,pendente,
qev08_030.scr:0,qev08_030.scr,0,30,クラトス,personagem,0,20,,,……どうだ、コレット,,pendente,
qev08_030.scr:1,qev08_030.scr,1,27,コレット,personagem,1,60,,CRLF x2,うん……微かだけど\nユグドラシルのマナの気配を\n感じるよ……,,pendente,
qev08_030.scr:2,qev08_030.scr,2,27,コレット,personagem,2,10,,,ロイド……,,pendente,
qev08_030.scr:3,qev08_030.scr,3,26,ロイド,personagem,3,14,,,ああ……行こう,,pendente,
qev08_030.scr:4,qev08_030.scr,4,30,クラトス,personagem,4,8,,,…………,,pendente,
qev08_040.scr:0,qev08_040.scr,0,27,コレット,personagem,0,16,,,はぁ……はぁ……,,pendente,
qev08_040.scr:1,qev08_040.scr,1,26,ロイド,personagem,1,42,,CRLF x1,大丈夫か、コレット？\nあんまり無理するなよ,,pendente,
qev08_040.scr:2,qev08_040.scr,2,27,コレット,personagem,2,20,,,うん、だいじょぶだよ,,pendente,
qev08_040.scr:3,qev08_040.scr,3,27,コレット,personagem,3,94,,CRLF x2,私、彼の本心を知りたいの。\n彼は私と同じ種族なんでしょ？\nだったら、わかり合えるかもしれないし,,pendente,
qev08_040.scr:4,qev08_040.scr,4,27,コレット,personagem,4,18,,,ほら、早く行こっ！,,pendente,
qev08_040.scr:5,qev08_040.scr,5,30,クラトス,personagem,5,6,,,ロイド,,pendente,
qev08_040.scr:6,qev08_040.scr,6,26,ロイド,personagem,6,36,,CRLF x1,わかってる。\nあいつが無理してるのは,,pendente,
qev08_040.scr:7,qev08_040.scr,7,26,ロイド,personagem,7,82,,CRLF x2,だけど……それくらい\nコレットにとっては、大事な事なんだ。\nこの先にあるものが……,,pendente,
qev08_040.scr:8,qev08_040.scr,8,26,ロイド,personagem,8,18,,,だったら、俺は……,,pendente,
qev08_040.scr:9,qev08_040.scr,9,30,クラトス,personagem,9,66,,CRLF x1,我を通すのと信念を貫くのとは違う。\n勇気と無謀が異なるのと同じくな,,pendente,
qev08_040.scr:10,qev08_040.scr,10,26,ロイド,personagem,10,74,,CRLF x2,コレットは、自分がいたせいで、\n村が襲われたんだと思ってる…。\nでも……！,,pendente,
qev08_040.scr:11,qev08_040.scr,11,30,クラトス,personagem,11,66,,CRLF x1,だが時として、無理を推してでも\nやり遂げねばならぬ事というのはある,,pendente,
qev08_040.scr:12,qev08_040.scr,12,30,クラトス,personagem,12,80,,CRLF x1,コレットは、ユグドラシルと対峙する事で\n己の中で何かしらの整理を付けたいのだろう,,pendente,
qev08_040.scr:13,qev08_040.scr,13,30,クラトス,personagem,13,60,,CRLF x1,本当に無理をしているならば、\nその時に私達が止めてやればいい,,pendente,
qev08_040.scr:14,qev08_040.scr,14,26,ロイド,personagem,14,12,,,クラトス……,,pendente,
qev08_040.scr:15,qev08_040.scr,15,26,ロイド,personagem,15,16,,,ああ……そうだな,,pendente,
qev08_041.scr:0,qev08_041.scr,0,30,クラトス,personagem,1,86,,CRLF x2,コレットの様な、羽を持つ「天使」という\n種族を集めている者。\nそして、奴もまた天使だ…,,pendente,
qev08_041.scr:1,qev08_041.scr,1,30,クラトス,personagem,2,60,,CRLF x1,彼はコレットやロイドの住む村を襲い、\n天使を捕まえようとした,,pendente,
qev08_041.scr:2,qev08_041.scr,2,30,クラトス,personagem,3,62,,CRLF x1,私やロイドは、村の者を守る為に\nユグドラシルを倒したはずだった,,pendente,
qev08_041.scr:3,qev08_041.scr,3,30,クラトス,personagem,4,66,,CRLF x1,だが、奴が生きているとすると\nまた天使を探し出す為に村を襲うだろう,,pendente,
qev08_041.scr:4,qev08_041.scr,4,30,クラトス,personagem,6,86,,CRLF x2,天使には羽があるものだが、\nほとんどそれが現れないまま\n自分が天使と気付かない者もいる,,pendente,
qev08_041.scr:5,qev08_041.scr,5,30,クラトス,personagem,7,40,,,だが、あるきっかけで羽を現す事があるのだ,,pendente,
qev08_041.scr:6,qev08_041.scr,6,30,クラトス,personagem,8,86,,CRLF x2,そして、そのきっかけとは、\n肉体的にも精神的にも\n「苦痛を与えられる」事と言われている,,pendente,
qev08_041.scr:7,qev08_041.scr,7,30,クラトス,personagem,9,90,,CRLF x2,だから、ユグドラシルにとって\n村を襲うという方法が\n天使を見つけ出すのに最適だっただけだ…,,pendente,
qev08_041.scr:8,qev08_041.scr,8,,(sem caixa de nome),sem_caixa,0,26,,,ユグドラシルとは、と尋ねる,,pendente,
qev08_041.scr:9,qev08_041.scr,9,,(sem caixa de nome),sem_caixa,5,38,,,なぜ村ごと襲う必要があるのか、と尋ねる,,pendente,
qev08_050.scr:0,qev08_050.scr,0,30,クラトス,personagem,1,18,,,○○、止めを刺せ！,,pendente,
qev08_050.scr:1,qev08_050.scr,1,78,ユグドラシル,personagem,4,40,,,それで…、許しを請うとでも思ってるのか…,,pendente,
qev08_050.scr:2,qev08_050.scr,2,78,ユグドラシル,personagem,5,8,,,甘いな…,,pendente,
qev08_050.scr:3,qev08_050.scr,3,78,ユグドラシル,personagem,6,26,,,私が考えを改めるとでも…？,,pendente,
qev08_050.scr:4,qev08_050.scr,4,78,ユグドラシル,personagem,7,84,,CRLF x2,お前だって、そうだ。\nもしこの世界の人間が、お前の意向に\n沿わなかったら、どうする？,,pendente,
qev08_050.scr:5,qev08_050.scr,5,78,ユグドラシル,personagem,8,44,,CRLF x1,慈悲という皮を被った恐怖を\n振りかざすだろう,,pendente,
qev08_050.scr:6,qev08_050.scr,6,78,ユグドラシル,personagem,9,46,,CRLF x1,ディセンダーなど、\n野蛮な人間と何ら変わらない,,pendente,
qev08_050.scr:7,qev08_050.scr,7,78,ユグドラシル,personagem,10,76,,CRLF x2,私は、私の理想を追い続ける…。\nお前がどんなに世界の理を\n捻じ曲げようとも…,,pendente,
qev08_050.scr:8,qev08_050.scr,8,26,ロイド,personagem,11,10,,,…待てっ！,,pendente,
qev08_050.scr:9,qev08_050.scr,9,30,クラトス,personagem,12,8,,,逃したか,,pendente,
qev08_050.scr:10,qev08_050.scr,10,26,ロイド,personagem,13,44,,CRLF x1,くそっ！\nまたあいつを追わないといけないのか,,pendente,
qev08_050.scr:11,qev08_050.scr,11,30,クラトス,personagem,14,12,,,…そうなるな,,pendente,
qev08_050.scr:12,qev08_050.scr,12,30,クラトス,personagem,15,42,,CRLF x1,だが、今は奴も去った。\n我々も引き上げるぞ,,pendente,
qev08_050.scr:13,qev08_050.scr,13,,(opcao do jogador),escolha,2,26,,,きっぱりと断る意思を見せる,,pendente,
qev08_050.scr:14,qev08_050.scr,14,,(opcao do jogador),escolha,3,24,,,黙ってユグドラシルを見る,,pendente,
qev08_060.scr:0,qev08_060.scr,0,26,ロイド,personagem,0,26,,,付き合ってくれてありがとな,,pendente,
qev08_060.scr:1,qev08_060.scr,1,26,ロイド,personagem,1,56,,CRLF x1,あいつ…、ユグドラシルを止める事は\n出来なかったけれど…,,pendente,
qev08_060.scr:2,qev08_060.scr,2,30,クラトス,personagem,2,86,,CRLF x2,また会う事にはなるだろう。\n特に…あいつはディセンダーに対し、\n感情的な何かがある様だ,,pendente,
qev08_060.scr:3,qev08_060.scr,3,30,クラトス,personagem,3,72,,CRLF x1,とりあえず今は、私達が何を成すべきか\n各々が考え、行動していくだけだろう,,pendente,
qev08_060.scr:4,qev08_060.scr,4,27,コレット,personagem,4,12,,,そう……だね,,pendente,
qev08_060.scr:5,qev08_060.scr,5,27,コレット,personagem,5,42,,CRLF x1,うん……。\n私達に出来る事から頑張っていこ,,pendente,
qev08_060.scr:6,qev08_060.scr,6,26,ロイド,personagem,6,10,,,そうだな！,,pendente,
qev08_070.scr:0,qev08_070.scr,0,30,クラトス,personagem,1,18,,,ユグドラシル……！,,pendente,
qev08_070.scr:1,qev08_070.scr,1,78,ユグドラシル,personagem,2,20,,,久しいな…、お前達か,,pendente,
qev08_070.scr:2,qev08_070.scr,2,78,ユグドラシル,personagem,3,60,,CRLF x2,それに、その世界樹と同じ\nマナを持つ者…。\nディセンダーか？,,pendente,
qev08_070.scr:3,qev08_070.scr,3,78,ユグドラシル,personagem,4,10,,,お前達か…,,pendente,
qev08_070.scr:4,qev08_070.scr,4,78,ユグドラシル,personagem,5,82,,CRLF x2,奇遇なものだな。\n探していた天使と、始末すべき\nディセンダーが、一緒に現れるなど…,,pendente,
qev08_070.scr:5,qev08_070.scr,5,27,コレット,personagem,6,82,,CRLF x2,まだ…天使を集めているのですか？\n何の為に、関係の無い人達を\n巻き添えにしてまで…,,pendente,
qev08_070.scr:6,qev08_070.scr,6,78,ユグドラシル,personagem,7,126,,CRLF x2,…かつて、このヴェラトローパの住人は\n自らの肉体を設計し、ヒトとして地上に降りた。\nそして、地上には様々な種族のヒトがあふれた,,pendente,
qev08_070.scr:7,qev08_070.scr,7,78,ユグドラシル,personagem,8,90,,CRLF x2,だが、地上では異なる種族同士での\n争いが始まった…。\nそれは幾度も繰り返され、長きに渡った,,pendente,
qev08_070.scr:8,qev08_070.scr,8,30,クラトス,personagem,9,108,,CRLF x2,戦乱の中で多くの種族が失われた。\n天使も人間からの標的になったのだ…。\n人間より、優れた能力を有するが故にな,,pendente,
qev08_070.scr:9,qev08_070.scr,9,78,ユグドラシル,personagem,10,106,,CRLF x2,野蛮な人間があふれる世界に平安はない。\n私は、天使によって統治される世界を作る為に\n天使を集めているのだ…,,pendente,
qev08_070.scr:10,qev08_070.scr,10,27,コレット,personagem,11,26,,,私のこの羽を嫌う人はいます,,pendente,
qev08_070.scr:11,qev08_070.scr,11,27,コレット,personagem,12,104,,CRLF x2,ですが、今は種族間の争いも減っていますし、\nこの羽を持った私を受け入れてくれる人\nだって、たくさんいます,,pendente,
qev08_070.scr:12,qev08_070.scr,12,27,コレット,personagem,13,72,,CRLF x1,何より…、世界に希望を教えてくれる\nディセンダーもいるから、そんな事は…,,pendente,
qev08_070.scr:13,qev08_070.scr,13,78,ユグドラシル,personagem,14,94,,CRLF x2,何がディセンダーだ。\n種族同士が血で血を洗うあの戦乱は、\n世界の危機でも何でもないというのか！,,pendente,
qev08_070.scr:14,qev08_070.scr,14,78,ユグドラシル,personagem,15,66,,CRLF x1,お前が世界の危機に現れるというなら、\nなぜあの時に現れなかった！！,,pendente,
qev08_070.scr:15,qev08_070.scr,15,26,ロイド,personagem,16,90,,CRLF x2,ユグドラシル…、過去は消せるわけじゃない。\nでも、新しい関係を生み出す道だって\nあるんだぜ,,pendente,
qev08_070.scr:16,qev08_070.scr,16,27,コレット,personagem,17,54,,CRLF x1,そう、今からでも…。\n全ての種族は手を取り合っていける,,pendente,
qev08_070.scr:17,qev08_070.scr,17,78,ユグドラシル,personagem,18,48,,CRLF x1,私には、その道はない。\nもう、決めたのだからな！,,pendente,
qev08_070.scr:18,qev08_070.scr,18,78,ユグドラシル,personagem,19,24,,,さあ、私の同族を渡せ！！,,pendente,
qev08_080.scr:0,qev08_080.scr,0,30,クラトス,personagem,1,42,,CRLF x1,お前の抱えた苦しみも、\nここで終わらせる…,,pendente,
qev08_080.scr:1,qev08_080.scr,1,78,ユグドラシル,personagem,2,38,,CRLF x1,天使である事を捨てたお前もまた\n敵だ…,,pendente,
qev08_080.scr:2,qev08_080.scr,2,78,ユグドラシル,personagem,3,32,,,さあ、そこにいる私の同属を渡せ！,,pendente,
qev09_010.scr:0,qev09_010.scr,0,41,ティトレイ,personagem,0,60,,CRLF x1,おい、ヴェイグ……本当に行くのか？\nまた罠かもしれねえんだぞ,,pendente,
qev09_010.scr:1,qev09_010.scr,1,37,ヴェイグ,personagem,1,24,,CRLF x1,……ああ。\nわかっている,,pendente,
qev09_010.scr:2,qev09_010.scr,2,41,ティトレイ,personagem,2,14,,,だったら……！,,pendente,
qev09_010.scr:3,qev09_010.scr,3,37,ヴェイグ,personagem,3,88,,CRLF x2,だが、逃げるわけには行かない。\nサレが逆上すれば、また無関係な人を\n傷付けるかもしれない,,pendente,
qev09_010.scr:4,qev09_010.scr,4,37,ヴェイグ,personagem,4,48,,CRLF x1,それに……、\nあいつはオレ達との決着を望んでいる,,pendente,
qev09_010.scr:5,qev09_010.scr,5,42,アニー,personagem,5,60,,CRLF x1,決着なら、もう付いたはずなのに……。\nどうして、そこまで……,,pendente,
qev09_010.scr:6,qev09_010.scr,6,39,ユージーン,personagem,6,90,,CRLF x2,プライドの高い奴だからな……。\nとどめを刺されず生き長らえたのが\n余程屈辱的だったんだろう,,pendente,
qev09_010.scr:7,qev09_010.scr,7,40,マオ,personagem,7,66,,CRLF x1,それで、死んでも死に切れなくて\nこんなもの送り付けてきたってわけ？,,pendente,
qev09_010.scr:8,qev09_010.scr,8,40,マオ,personagem,8,68,,CRLF x2,ほんと、どこまで迷惑な奴なんだヨ！\nせっかく、ヴェイグや\n○○が……,,pendente,
qev09_010.scr:9,qev09_010.scr,9,37,ヴェイグ,personagem,9,14,,,いいんだ、マオ,,pendente,
qev09_010.scr:10,qev09_010.scr,10,37,ヴェイグ,personagem,10,48,,CRLF x1,○○……。\n悪いが、少し付き合ってもらえないか？,,pendente,
qev09_010.scr:11,qev09_010.scr,11,200,(ator 200),desconhecido,11,8,,,…………,,pendente,
qev09_010.scr:12,qev09_010.scr,12,41,ティトレイ,personagem,12,46,,CRLF x1,どいつもこいつも\nどうしてそう、死に急ぐんだ？,,pendente,
qev09_010.scr:13,qev09_010.scr,13,41,ティトレイ,personagem,13,102,,CRLF x2,命さえありゃ、大概の事はどうにか出来る。\n本当にどうにもならねえ事なんて\nそんなにはねえってのに……！,,pendente,
qev09_010.scr:14,qev09_010.scr,14,42,アニー,personagem,14,18,,,ティトレイさん……,,pendente,
qev09_010.scr:15,qev09_010.scr,15,39,ユージーン,personagem,15,8,,,…………,,pendente,
qev09_010.scr:16,qev09_010.scr,16,,(mensagem de sistema),sistema,16,88,,CRLF x2,クエスト「最後の決戦」が\nエントリーされました。\nクエストカウンタから受ける事が出来ます,,pendente,
qev09_020.scr:0,qev09_020.scr,0,37,ヴェイグ,personagem,0,10,,,……そうか,,pendente,
qev09_020.scr:1,qev09_020.scr,1,37,ヴェイグ,personagem,1,42,,CRLF x1,……○○まで\n巻き込んでしまって、すまない,,pendente,
qev09_020.scr:2,qev09_020.scr,2,40,マオ,personagem,2,72,,CRLF x2,みんなで話し合ったんだけど、\nボクとヴェイグとアニーが\n○○に同行するよ,,pendente,
qev09_020.scr:3,qev09_020.scr,3,42,アニー,personagem,3,104,,CRLF x2,ユージーンさんやティトレイさんには\n万一、敵の奇襲などがあった時の為に\nここに残ってもらう事になりました,,pendente,
qev09_020.scr:4,qev09_020.scr,4,37,ヴェイグ,personagem,4,30,,,今度こそ、あいつと決着を付ける,,pendente,
qev09_020.scr:5,qev09_020.scr,5,37,ヴェイグ,personagem,5,42,,CRLF x1,これで終わりにするんだ……。\n今度こそ……,,pendente,
qev09_020.scr:6,qev09_020.scr,6,40,マオ,personagem,6,62,,CRLF x1,今度こそ和解、っていうのは……\nさすがにもう、無理……だよね？,,pendente,
qev09_020.scr:7,qev09_020.scr,7,42,アニー,personagem,7,76,,CRLF x2,憎しみの思念が強過ぎて、\n自分では上手く浄化する事が\n出来ないのだと思います,,pendente,
qev09_020.scr:8,qev09_020.scr,8,42,アニー,personagem,8,54,,CRLF x2,やはり……、\n戦いで決着を付ける以外に\nもう方法は……,,pendente,
qev09_020.scr:9,qev09_020.scr,9,37,ヴェイグ,personagem,9,8,,,…………,,pendente,
qev09_030.scr:0,qev09_030.scr,0,37,ヴェイグ,personagem,0,34,,,ここで……、あいつが待っているのか,,pendente,
qev09_030.scr:1,qev09_030.scr,1,37,ヴェイグ,personagem,1,10,,,サレ……！,,pendente,
qev09_030.scr:2,qev09_030.scr,2,40,マオ,personagem,2,46,,CRLF x1,ヴェイグ、気を付けて。\n罠があるかもしれないよ,,pendente,
qev09_030.scr:3,qev09_030.scr,3,42,アニー,personagem,3,64,,CRLF x1,はやる気持ちもわかりますが、\nこういう時こそ、慎重に進みましょう,,pendente,
qev09_040.scr:0,qev09_040.scr,0,40,マオ,personagem,0,38,,,思えば、サレとの付き合いも長いよね……,,pendente,
qev09_040.scr:1,qev09_040.scr,1,40,マオ,personagem,1,86,,CRLF x2,初めて会った時から\n嫌な奴だと思ってたけど、\nここまで曲がった性格だとは思わなかったヨ,,pendente,
qev09_040.scr:2,qev09_040.scr,2,42,アニー,personagem,2,90,,CRLF x2,あの残虐さと冷酷さ……。\nどういう環境に身を置けば、\nあそこまで人に憎しみを持てるのかしら,,pendente,
qev09_040.scr:3,qev09_040.scr,3,40,マオ,personagem,3,52,,CRLF x1,あのネチネチした陰険な態度、\nホント徹底してるよネ！,,pendente,
qev09_040.scr:4,qev09_040.scr,4,40,マオ,personagem,4,54,,CRLF x1,うう、思い出しただけでも\n背中がゾクゾクしてくるヨ……,,pendente,
qev09_040.scr:5,qev09_040.scr,5,37,ヴェイグ,personagem,5,46,,CRLF x1,あいつについて、オレ達が\n知っている事は少ない,,pendente,
qev09_040.scr:6,qev09_040.scr,6,37,ヴェイグ,personagem,6,72,,CRLF x2,だが、確かな事もある。\nあいつのしてきた事は決して\n許されるものではない,,pendente,
qev09_040.scr:7,qev09_040.scr,7,37,ヴェイグ,personagem,7,28,,,それだけは絶対に言えるはずだ,,pendente,
qev09_040.scr:8,qev09_040.scr,8,40,マオ,personagem,8,42,,CRLF x1,そうだね……。\n今度こそ、終わりにしなきゃ,,pendente,
qev09_040.scr:9,qev09_040.scr,9,42,アニー,personagem,9,48,,CRLF x1,負の思念の連鎖……。\nわたし達で断ち切りましょう,,pendente,
qev09_040.scr:10,qev09_040.scr,10,37,ヴェイグ,personagem,10,16,,CRLF x1,ああ。\n行こう！,,pendente,
qev09_050.scr:0,qev09_050.scr,0,79,サレ,personagem,1,22,,,がはっ……ごふ、ごほっ,,pendente,
qev09_050.scr:1,qev09_050.scr,1,37,ヴェイグ,personagem,2,22,,,……勝負あったな、サレ,,pendente,
qev09_050.scr:2,qev09_050.scr,2,79,サレ,personagem,3,48,,CRLF x1,フ、フフ……ハハハハ……。\nアーハハハハ……！！,,pendente,
qev09_050.scr:3,qev09_050.scr,3,79,サレ,personagem,4,54,,CRLF x1,全く……確かに、キミは……\n強くなった、よ……ヴェイグ,,pendente,
qev09_050.scr:4,qev09_050.scr,4,79,サレ,personagem,5,64,,CRLF x1,キミの、顔が……苦痛に歪み\n泣き叫ぶ……姿を、見られなかった事が,,pendente,
qev09_050.scr:5,qev09_050.scr,5,79,サレ,personagem,6,42,,CRLF x1,本当に……残念で、\nたまらないよ……フフフ,,pendente,
qev09_050.scr:6,qev09_050.scr,6,79,サレ,personagem,7,76,,CRLF x2,でも、これで……わかっただろう？\nどんなに、綺麗事を並べても\nコレが現実……,,pendente,
qev09_050.scr:7,qev09_050.scr,7,79,サレ,personagem,8,70,,CRLF x2,所詮、人間なんて\n互いに……決定的に、相容れない\nもの……なんだよ……,,pendente,
qev09_050.scr:8,qev09_050.scr,8,37,ヴェイグ,personagem,9,70,,CRLF x2,オレは、そうは思わない。\nここにいる仲間や……、\nギルドのみんなは違う,,pendente,
qev09_050.scr:9,qev09_050.scr,9,37,ヴェイグ,personagem,10,34,,,そして、世界も徐々に変わりつつある,,pendente,
qev09_050.scr:10,qev09_050.scr,10,79,サレ,personagem,11,64,,CRLF x2,でも……僕はこうして……\nキミと……\nわかり合う事などなかった！,,pendente,
qev09_050.scr:11,qev09_050.scr,11,79,サレ,personagem,12,74,,CRLF x2,これが！　何を意味するかくらい\nキミにだってわかるだろう！？\nヴェイグ！！,,pendente,
qev09_050.scr:12,qev09_050.scr,12,37,ヴェイグ,personagem,13,6,,,……！,,pendente,
qev09_050.scr:13,qev09_050.scr,13,79,サレ,personagem,14,56,,CRLF x2,○○……。\nキミも所詮……まがいものの\n作られた、光……,,pendente,
qev09_050.scr:14,qev09_050.scr,14,79,サレ,personagem,15,92,,CRLF x2,キミが絶望に膝を屈して……、\nもがきながら、堕ちていく……日が\nいつか、来る……きっとね……,,pendente,
qev09_050.scr:15,qev09_050.scr,15,79,サレ,personagem,16,24,,,楽しみだなぁ……フフ……,,pendente,
qev09_050.scr:16,qev09_050.scr,16,79,サレ,personagem,17,26,,,フフフ……アハハハハ……！,,pendente,
qev09_050.scr:17,qev09_050.scr,17,79,サレ,personagem,18,22,,,アハハ……ハ……ハ……,,pendente,
qev09_050.scr:18,qev09_050.scr,18,42,アニー,personagem,19,42,,CRLF x1,……これで、本当に……。\n終わったんですね,,pendente,
qev09_050.scr:19,qev09_050.scr,19,40,マオ,personagem,20,44,,CRLF x1,最後まで、嫌な奴だったけど……。\nだけど……,,pendente,
qev09_050.scr:20,qev09_050.scr,20,40,マオ,personagem,21,42,,CRLF x1,何でかな……こんなのって\n悲し過ぎるよ……,,pendente,
qev09_050.scr:21,qev09_050.scr,21,37,ヴェイグ,personagem,22,8,,,…………,,pendente,
qev09_050.scr:22,qev09_050.scr,22,37,ヴェイグ,personagem,23,32,,CRLF x1,戻ろう。\n……みんなが待っている,,pendente,
qev09_060.scr:0,qev09_060.scr,0,62,アンジュ,personagem,0,62,,CRLF x2,ご苦労様。\n……その様子だと、無事に\n決着は付けられたみたいね,,pendente,
qev09_060.scr:1,qev09_060.scr,1,42,アニー,personagem,1,8,,,…………,,pendente,
qev09_060.scr:2,qev09_060.scr,2,40,マオ,personagem,2,44,,CRLF x1,ほんとに……、\nこれで全部終わったのかな……,,pendente,
qev09_060.scr:3,qev09_060.scr,3,37,ヴェイグ,personagem,3,8,,,マオ……,,pendente,
qev09_060.scr:4,qev09_060.scr,4,41,ティトレイ,personagem,4,76,,CRLF x2,サレの奴はもういない。\nだから、あいつに傷付けられて\n苦しむ人達ももういない,,pendente,
qev09_060.scr:5,qev09_060.scr,5,41,ティトレイ,personagem,5,76,,CRLF x2,だけど、それで全部が終わりって\nわけじゃないんだ。\n……そうだろ、ヴェイグ？,,pendente,
qev09_060.scr:6,qev09_060.scr,6,37,ヴェイグ,personagem,6,56,,CRLF x2,……ああ。\nサレとは……最後まで\nわかり合う事はなかった,,pendente,
qev09_060.scr:7,qev09_060.scr,7,37,ヴェイグ,personagem,7,86,,CRLF x2,同じヒトでも……決定的に\n相容れない存在はある……。\nそうして争いが起こる。そんな事が,,pendente,
qev09_060.scr:8,qev09_060.scr,8,37,ヴェイグ,personagem,8,50,,CRLF x1,これから先も……、\n当たり前に続いていいはずはない,,pendente,
qev09_060.scr:9,qev09_060.scr,9,39,ユージーン,personagem,9,20,,,ヴェイグの言う通りだ,,pendente,
qev09_060.scr:10,qev09_060.scr,10,39,ユージーン,personagem,10,64,,CRLF x1,サレは今の時代が生んだ歪み……。\n負、そのものだったのかもしれん,,pendente,
qev09_060.scr:11,qev09_060.scr,11,40,マオ,personagem,11,66,,CRLF x2,サレが死んだからって……、\n何かが解決したわけじゃ、\nないんだよね,,pendente,
qev09_060.scr:12,qev09_060.scr,12,42,アニー,personagem,12,56,,CRLF x2,ええ。\nむしろこれからが、\n本当の戦いなのかもしれません,,pendente,
qev09_060.scr:13,qev09_060.scr,13,37,ヴェイグ,personagem,13,8,,,…………,,pendente,
qev09_060.scr:14,qev09_060.scr,14,62,アンジュ,personagem,14,82,,CRLF x2,だけど、少なくともこれからは\n自分達の足で歩いて\n自分達の意志で未来を築いていける,,pendente,
qev09_060.scr:15,qev09_060.scr,15,62,アンジュ,personagem,15,18,,,そうだよね、○○？,,pendente,
qev09_060.scr:16,qev09_060.scr,16,200,(ator 200),desconhecido,16,8,,,…………,,pendente,
qev09_060.scr:17,qev09_060.scr,17,37,ヴェイグ,personagem,17,78,,CRLF x2,……そうだな。\n本当に大切なのは、これから\nオレ達が……ヒトがどうしていくかだ,,pendente,
qev09_060.scr:18,qev09_060.scr,18,42,アニー,personagem,18,38,,CRLF x1,そうですね。\n……わたしもそう思います,,pendente,
qev09_060.scr:19,qev09_060.scr,19,40,マオ,personagem,19,50,,CRLF x1,後ろ向きな事ばっかり考えてたって、\n仕方ないしネ！,,pendente,
qev09_060.scr:20,qev09_060.scr,20,39,ユージーン,personagem,20,60,,CRLF x2,うむ。\n今回の事を、今後にどう活かしていくかが\n課題だろうな,,pendente,
qev09_060.scr:21,qev09_060.scr,21,41,ティトレイ,personagem,21,70,,CRLF x2,ああ。\nヒトの心はそんなに簡単に\n駄目になっちまう様な弱いモンじゃねぇ,,pendente,
qev09_060.scr:22,qev09_060.scr,22,41,ティトレイ,personagem,22,42,,CRLF x1,弱さも、負も、変えていけるんだ。\nおれ達は,,pendente,
qev09_060.scr:23,qev09_060.scr,23,62,アンジュ,personagem,23,40,,CRLF x1,うふふ。\nいつものみんなに戻ったみたいね,,pendente,
qev09_060.scr:24,qev09_060.scr,24,62,アンジュ,personagem,24,52,,CRLF x2,○○。\n今回も本当にお疲れ様。\nゆっくり体を休めてね,,pendente,
qev09_060.scr:25,qev09_060.scr,25,62,アンジュ,personagem,25,104,,CRLF x2,……もし思い詰めそうになったら、\nわたしが懺悔を聞いてあげるから。\n遠慮しないで、いつでもいらっしゃい♪,,pendente,
qev09_070.scr:0,qev09_070.scr,0,79,サレ,personagem,1,40,,CRLF x1,待ってたよ、ヴェイグ……。\nそれに、○○,,pendente,
qev09_070.scr:1,qev09_070.scr,1,79,サレ,personagem,2,56,,CRLF x1,随分遅い到着だったねぇ？\n僕、もう待ちくたびれちゃったよ,,pendente,
qev09_070.scr:2,qev09_070.scr,2,79,サレ,personagem,3,64,,CRLF x1,この僕をこんなに待たせて……。\nどうしてくれるのかなあ？　うん？,,pendente,
qev09_070.scr:3,qev09_070.scr,3,37,ヴェイグ,personagem,4,66,,CRLF x1,サレ……最後にもう一度聞く。\nこうする以外に、他に方法はないのか？,,pendente,
qev09_070.scr:4,qev09_070.scr,4,79,サレ,personagem,5,18,,,こうする以外って？,,pendente,
qev09_070.scr:5,qev09_070.scr,5,79,サレ,personagem,6,76,,CRLF x1,まさか、この期に及んで和解しようなんて\n甘っちょろい事は考えていないよねえ？,,pendente,
qev09_070.scr:6,qev09_070.scr,6,79,サレ,personagem,7,64,,CRLF x2,全く……。\nキミのそういうヒトらしい、\n美しくてキレイな心が……,,pendente,
qev09_070.scr:7,qev09_070.scr,7,79,サレ,personagem,8,44,,CRLF x1,……たまらなく\nヘドが出るんだよぉぉぉっ！！,,pendente,
qev09_070.scr:8,qev09_070.scr,8,40,マオ,personagem,9,12,,,ヴェイグ！！,,pendente,
qev09_070.scr:9,qev09_070.scr,9,37,ヴェイグ,personagem,10,30,,CRLF x1,……ああ。\nわかっている……！,,pendente,
qev09_070.scr:10,qev09_070.scr,10,37,ヴェイグ,personagem,11,34,,,やはり、こうするしかないのか……！,,pendente,
qev09_070.scr:11,qev09_070.scr,11,42,アニー,personagem,12,12,,,……来ます！,,pendente,
qev09_080.scr:0,qev09_080.scr,0,79,サレ,personagem,1,50,,CRLF x1,フフフ、死ぬのが怖くなったんじゃ\nなかったのかい？,,pendente,
qev09_080.scr:1,qev09_080.scr,1,79,サレ,personagem,2,86,,CRLF x2,でも、いいね……いいよ、その目。\n叩き潰してやりたくなる……。\n小生意気で必死な目だ！,,pendente,
qev09_080.scr:2,qev09_080.scr,2,79,サレ,personagem,3,30,,,僕、ちょっと興奮してきたよ……,,pendente,
qev09_080.scr:3,qev09_080.scr,3,79,サレ,personagem,4,66,,CRLF x2,わかってるよね……。\n楽には死なせてあげないよ？\nハハハハハハ！！,,pendente,
qev10_010.scr:0,qev10_010.scr,0,55,アッシュ,personagem,1,28,,,本当に……、それでいいんだな,,pendente,
qev10_010.scr:1,qev10_010.scr,1,54,ナタリア,personagem,2,42,,CRLF x1,ええ。\n私は決めたのです。もう逃げない、と,,pendente,
qev10_010.scr:2,qev10_010.scr,2,55,アッシュ,personagem,3,10,,,……そうか,,pendente,
qev10_010.scr:3,qev10_010.scr,3,54,ナタリア,personagem,4,60,,CRLF x2,アッシュ。\nあなたは十分、王にふさわしい資質を\n持っています,,pendente,
qev10_010.scr:4,qev10_010.scr,4,54,ナタリア,personagem,5,20,,,ですから、どうか……,,pendente,
qev10_010.scr:5,qev10_010.scr,5,49,ルーク,personagem,6,18,,,……そーいう事かよ,,pendente,
qev10_010.scr:6,qev10_010.scr,6,55,アッシュ,personagem,7,72,,CRLF x2,……盗み聞きとは恐れ入るな。\nお前の性根は、\nどこまで腐っていやがるんだ,,pendente,
qev10_010.scr:7,qev10_010.scr,7,49,ルーク,personagem,8,72,,CRLF x2,聞きたくて聞いたんじゃねえ！\nお前らが勝手に話してたのが\n悪いんだろ！？,,pendente,
qev10_010.scr:8,qev10_010.scr,8,49,ルーク,personagem,9,46,,CRLF x1,二人で隠れてコソコソと……。\n胸糞悪ぃ……！！,,pendente,
qev10_010.scr:9,qev10_010.scr,9,54,ナタリア,personagem,10,34,,CRLF x1,ルーク、違いますのよ！\n私達は……,,pendente,
qev10_010.scr:10,qev10_010.scr,10,55,アッシュ,personagem,11,50,,CRLF x1,胸糞悪いのはどっちだ。\n責任転嫁も大概にしやがれ！,,pendente,
qev10_010.scr:11,qev10_010.scr,11,55,アッシュ,personagem,12,70,,CRLF x1,いつまでもそうして甘ったれて、\nナタリア一人に国の未来を背負わせて！！,,pendente,
qev10_010.scr:12,qev10_010.scr,12,55,アッシュ,personagem,13,48,,CRLF x1,それで文句を言おうなんざ、\n虫が良過ぎるんだよ！,,pendente,
qev10_010.scr:13,qev10_010.scr,13,49,ルーク,personagem,14,6,,,な……,,pendente,
qev10_010.scr:14,qev10_010.scr,14,49,ルーク,personagem,15,10,,,何だと！？,,pendente,
qev10_010.scr:15,qev10_010.scr,15,54,ナタリア,personagem,16,30,,,二人共、喧嘩はおやめになって！,,pendente,
qev10_010.scr:16,qev10_010.scr,16,49,ルーク,personagem,17,74,,CRLF x2,っるせえ！\nナタリアだって、本当は\n俺がいなくなればいいと思ってんだろ！？,,pendente,
qev10_010.scr:17,qev10_010.scr,17,54,ナタリア,personagem,18,16,,,そんなこと……！,,pendente,
qev10_010.scr:18,qev10_010.scr,18,55,アッシュ,personagem,19,50,,CRLF x2,もういい、ナタリア。\n馬鹿に構うな。\n時間の無駄だ,,pendente,
qev10_010.scr:19,qev10_010.scr,19,49,ルーク,personagem,20,58,,CRLF x2,っくそ……。\nみんな、俺を馬鹿にしやがって……。\n俺は……,,pendente,
qev10_010.scr:20,qev10_010.scr,20,49,ルーク,personagem,21,38,,CRLF x1,俺が……！\n第一王位継承者なんだぞ！！,,pendente,
qev10_010.scr:21,qev10_010.scr,21,54,ナタリア,personagem,22,10,,,ルーク……,,pendente,
qev10_010.scr:22,qev10_010.scr,22,,(mensagem de sistema),sistema,23,78,,CRLF x2,クエスト「二人の王」が\nエントリーされました。\nアンジュから受ける事が出来ます,,pendente,
qev10_020.scr:0,qev10_020.scr,0,49,ルーク,personagem,0,66,,CRLF x2,師匠！\n何で俺が、こいつなんかと\n一緒に行かなくちゃなんねーんだ！,,pendente,
qev10_020.scr:1,qev10_020.scr,1,55,アッシュ,personagem,1,20,,,それはこっちの台詞だ,,pendente,
qev10_020.scr:2,qev10_020.scr,2,49,ルーク,personagem,2,6,,,何！？,,pendente,
qev10_020.scr:3,qev10_020.scr,3,56,ヴァン,personagem,3,24,,,二人とも、落ち着きなさい,,pendente,
qev10_020.scr:4,qev10_020.scr,4,56,ヴァン,personagem,4,56,,CRLF x1,何の為にここへ来たのか\nよもや、忘れたわけではあるまい？,,pendente,
qev10_020.scr:5,qev10_020.scr,5,56,ヴァン,personagem,5,100,,CRLF x2,いずれは国の行く末を担うお前達に\n世界を見、人と触れ、見聞を広げよと\n陛下がお心を砕いて下さったのだ,,pendente,
qev10_020.scr:6,qev10_020.scr,6,56,ヴァン,personagem,6,56,,CRLF x1,その事を、二人ともが\nもっとよく理解する必要がある様だな,,pendente,
qev10_020.scr:7,qev10_020.scr,7,49,ルーク,personagem,7,50,,CRLF x1,そんなん、する必要なんかねーよ。\n……うぜーっつの,,pendente,
qev10_020.scr:8,qev10_020.scr,8,55,アッシュ,personagem,8,8,,,ふん……,,pendente,
qev10_020.scr:9,qev10_020.scr,9,56,ヴァン,personagem,9,34,,,とにかく、話は目的地へ着いてからだ,,pendente,
qev10_020.scr:10,qev10_020.scr,10,56,ヴァン,personagem,10,36,,CRLF x1,○○、すまないが\n二人をよろしく頼む,,pendente,
qev10_030.scr:0,qev10_030.scr,0,49,ルーク,personagem,0,4,,,おい,,pendente,
qev10_030.scr:1,qev10_030.scr,1,49,ルーク,personagem,1,26,,,おい！　聞こえねーのかよ！,,pendente,
qev10_030.scr:2,qev10_030.scr,2,55,アッシュ,personagem,2,62,,CRLF x2,……うるせえ！\nガタガタわめくな。\n少し静かにしていろ、馬鹿が,,pendente,
qev10_030.scr:3,qev10_030.scr,3,49,ルーク,personagem,3,26,,,お前が無視すっからだろ！？,,pendente,
qev10_030.scr:4,qev10_030.scr,4,55,アッシュ,personagem,4,100,,CRLF x2,その耳障りな馬鹿声で、いたずらに魔物を\n刺激するなと言っているんだ。\nそんな事もわからないのか……！,,pendente,
qev10_030.scr:5,qev10_030.scr,5,55,アッシュ,personagem,5,34,,,貴様、ヴァンから一体何を学んできた,,pendente,
qev10_030.scr:6,qev10_030.scr,6,49,ルーク,personagem,6,8,,,何っ！？,,pendente,
qev10_030.scr:7,qev10_030.scr,7,200,(ator 200),desconhecido,7,8,,,…………,,pendente,
qev10_030.scr:8,qev10_030.scr,8,55,アッシュ,personagem,8,30,,CRLF x1,……ちっ。\nとにかく先へ進むぞ,,pendente,
qev10_030.scr:9,qev10_030.scr,9,49,ルーク,personagem,9,50,,CRLF x1,いちいちお前に言われなくても、\nわかってるっつーの,,pendente,
qev10_030.scr:10,qev10_030.scr,10,49,ルーク,personagem,10,38,,CRLF x1,おい、○○。\nお前も遅れんじゃねーぞ！,,pendente,
qev10_040.scr:0,qev10_040.scr,0,55,アッシュ,personagem,0,32,,,おい……、お前に聞きたい事がある,,pendente,
qev10_040.scr:1,qev10_040.scr,1,55,アッシュ,personagem,1,36,,,お前は、ナタリアをどう思っているんだ,,pendente,
qev10_040.scr:2,qev10_040.scr,2,49,ルーク,personagem,2,28,,,どうって、どーいう意味だよ？,,pendente,
qev10_040.scr:3,qev10_040.scr,3,55,アッシュ,personagem,3,30,,CRLF x1,決まっているだろう。\n国を……,,pendente,
qev10_040.scr:4,qev10_040.scr,4,49,ルーク,personagem,4,54,,CRLF x2,はっ。\nんなの、いちいち聞かれなくても\nわかってるよ！,,pendente,
qev10_040.scr:5,qev10_040.scr,5,49,ルーク,personagem,5,50,,CRLF x1,別に何とも思っちゃいねーよ！\n誰かさんと違ってな！,,pendente,
qev10_040.scr:6,qev10_040.scr,6,55,アッシュ,personagem,6,80,,CRLF x2,……っ、この馬鹿が！！\nナタリアと婚約しているお前が\nゆくゆくは王位を継ぐんだぞ,,pendente,
qev10_040.scr:7,qev10_040.scr,7,55,アッシュ,personagem,7,62,,CRLF x1,あいつは国の将来を案じ、\n何か行動を起こせないかと模索している,,pendente,
qev10_040.scr:8,qev10_040.scr,8,55,アッシュ,personagem,8,64,,CRLF x2,そんなあいつを見て、\nお前は何も考えないのかと\n聞いているんだ！,,pendente,
qev10_040.scr:9,qev10_040.scr,9,49,ルーク,personagem,9,44,,CRLF x1,知らねーっつの！\nうぜぇんだよ、そういうの！,,pendente,
qev10_040.scr:10,qev10_040.scr,10,49,ルーク,personagem,10,84,,CRLF x2,大体、好きで今の立場に\n生まれたわけじゃねえし、\nナタリアとの婚約も俺の意志じゃねえ,,pendente,
qev10_040.scr:11,qev10_040.scr,11,49,ルーク,personagem,11,58,,CRLF x1,何で俺がそんな事で、\nいちいち悩まなくちゃなんねーんだよ！,,pendente,
qev10_040.scr:12,qev10_040.scr,12,55,アッシュ,personagem,12,26,,,お前の言い分はよくわかった,,pendente,
qev10_040.scr:13,qev10_040.scr,13,55,アッシュ,personagem,13,30,,,……お前が心底、屑だって事もな,,pendente,
qev10_040.scr:14,qev10_040.scr,14,49,ルーク,personagem,14,62,,CRLF x1,俺に……、どうしろってんだよ。\n第一王位継承者は俺だ……だけど,,pendente,
qev10_040.scr:15,qev10_040.scr,15,49,ルーク,personagem,15,26,,,本当は……、お前の方が……,,pendente,
qev10_040.scr:16,qev10_040.scr,16,49,ルーク,personagem,16,16,,,ああもう、くそっ,,pendente,
qev10_041.scr:0,qev10_041.scr,0,49,ルーク,personagem,0,28,,,おい、お前はどうしたいんだよ,,pendente,
qev10_041.scr:1,qev10_041.scr,1,55,アッシュ,personagem,1,22,,,屑に聞かせる義理はない,,pendente,
qev10_041.scr:2,qev10_041.scr,2,49,ルーク,personagem,2,58,,CRLF x1,何なんだよその態度はよ。\n人がフツーに接してやってんのに！,,pendente,
qev10_041.scr:3,qev10_041.scr,3,55,アッシュ,personagem,3,16,,,頼んだ覚えはない,,pendente,
qev10_041.scr:4,qev10_041.scr,4,55,アッシュ,personagem,4,50,,CRLF x1,第一、話以前にお前は\n王族としての自覚がなさ過ぎる,,pendente,
qev10_041.scr:5,qev10_041.scr,5,55,アッシュ,personagem,5,36,,,少しは自分の立場というものを考えろ！,,pendente,
qev10_041.scr:6,qev10_041.scr,6,49,ルーク,personagem,6,118,,CRLF x2,立場とか、どっちが先に生まれたとか。\nそんなつまんねえ事実を聞いてるんじゃねえ。\n俺は、お前がどうしたいかを聞いてんだ,,pendente,
qev10_041.scr:7,qev10_041.scr,7,49,ルーク,personagem,7,64,,CRLF x2,それとも何か？\nお前にとって大事なのは\n自分の肩書きだけなのかよ,,pendente,
qev10_041.scr:8,qev10_041.scr,8,55,アッシュ,personagem,8,50,,CRLF x1,何を言うかと思えば……。\n屑の言う事は、所詮屑だな,,pendente,
qev10_041.scr:9,qev10_041.scr,9,55,アッシュ,personagem,9,54,,CRLF x1,お前が思ってる程、簡単じゃねえんだよ！\n人も、国も！！,,pendente,
qev10_041.scr:10,qev10_041.scr,10,49,ルーク,personagem,10,4,,,はっ,,pendente,
qev10_041.scr:11,qev10_041.scr,11,49,ルーク,personagem,11,46,,CRLF x1,……てめえはお堅く\n考え過ぎなんだっつーの！！,,pendente,
qev10_041.scr:12,qev10_041.scr,12,200,(ator 200),desconhecido,12,6,,,……！,,pendente,
qev10_041.scr:13,qev10_041.scr,13,200,(ator 200),desconhecido,13,8,,,…………,,pendente,
qev10_041.scr:14,qev10_041.scr,14,49,ルーク,personagem,14,54,,CRLF x2,何だよ。\n別に……、本気でやり合う\nつもりなんかねーよ,,pendente,
qev10_041.scr:15,qev10_041.scr,15,55,アッシュ,personagem,15,42,,CRLF x1,……とにかく、\n真相はヴァンから明かされる,,pendente,
qev10_041.scr:16,qev10_041.scr,16,55,アッシュ,personagem,16,14,,,話はそれからだ,,pendente,
qev10_041.scr:17,qev10_041.scr,17,49,ルーク,personagem,17,22,,CRLF x1,けっ。\n……わーったよ,,pendente,
qev10_050.scr:0,qev10_050.scr,0,56,ヴァン,personagem,1,24,,,……これが、お前達の力か,,pendente,
qev10_050.scr:1,qev10_050.scr,1,56,ヴァン,personagem,2,20,,,フッ……、なるほどな,,pendente,
qev10_050.scr:2,qev10_050.scr,2,49,ルーク,personagem,3,40,,CRLF x1,……はぁ、はぁ……。\nそれで……師匠……,,pendente,
qev10_050.scr:3,qev10_050.scr,3,55,アッシュ,personagem,4,30,,,……約束だ、……話してもらうぞ,,pendente,
qev10_050.scr:4,qev10_050.scr,4,56,ヴァン,personagem,5,88,,CRLF x2,今回の旅の目的は、他でもない……。\n陛下たっての希望で、私達は今こうしている。\nそう……,,pendente,
qev10_050.scr:5,qev10_050.scr,5,56,ヴァン,personagem,6,62,,CRLF x1,二人のうち、どちらが王としてふさわしいか。\nそれを見極める為に,,pendente,
qev10_050.scr:6,qev10_050.scr,6,49,ルーク,personagem,7,60,,CRLF x1,待ってくれよ……。\nそれじゃ、俺は王になれないって事なのか？,,pendente,
qev10_050.scr:7,qev10_050.scr,7,56,ヴァン,personagem,8,94,,CRLF x2,そうは言っていない。\nただ資質を見せてもらっているまでの事。\n世襲で政は良くはならんのが通例だ,,pendente,
qev10_050.scr:8,qev10_050.scr,8,56,ヴァン,personagem,9,78,,CRLF x2,……もとより、ルーク。\nお前も今の立場にあぐらをかいて\n王になろうだなどと……,,pendente,
qev10_050.scr:9,qev10_050.scr,9,56,ヴァン,personagem,10,30,,,よもや、思ってはいないだろう？,,pendente,
qev10_050.scr:10,qev10_050.scr,10,49,ルーク,personagem,11,14,,,そ、それは……,,pendente,
qev10_050.scr:11,qev10_050.scr,11,55,アッシュ,personagem,12,64,,CRLF x1,つまり、よりふさわしい資質を\n持った者が、王になる資格を得る……,,pendente,
qev10_050.scr:12,qev10_050.scr,12,55,アッシュ,personagem,13,20,,,そういう事なんだな？,,pendente,
qev10_050.scr:13,qev10_050.scr,13,56,ヴァン,personagem,14,36,,CRLF x1,端的に言えばそういう事だ。\nそして…,,pendente,
qev10_050.scr:14,qev10_050.scr,14,56,ヴァン,personagem,15,64,,CRLF x1,今回剣を交えた事で、その答えも\n大方私には見えてきたと思っている,,pendente,
qev10_050.scr:15,qev10_050.scr,15,49,ルーク,personagem,16,10,,,…………！,,pendente,
qev10_050.scr:16,qev10_050.scr,16,55,アッシュ,personagem,17,16,,,それじゃあ……！,,pendente,
qev10_050.scr:17,qev10_050.scr,17,56,ヴァン,personagem,18,16,,,二人とも、失格だ,,pendente,
qev10_050.scr:18,qev10_050.scr,18,56,ヴァン,personagem,19,98,,CRLF x2,身近な人間といがみ合う事しか\n出来ぬお前達が、他者と協調し\n国をより良くしていく事など出来るのか？,,pendente,
qev10_050.scr:19,qev10_050.scr,19,56,ヴァン,personagem,20,22,,,私には、そうは思えんな,,pendente,
qev10_050.scr:20,qev10_050.scr,20,49,ルーク,personagem,21,14,,,……そんな……,,pendente,
qev10_050.scr:21,qev10_050.scr,21,55,アッシュ,personagem,22,46,,CRLF x1,……そういう事だったのかよ……！\nクソッ……！,,pendente,
qev10_050.scr:22,qev10_050.scr,22,56,ヴァン,personagem,23,36,,CRLF x1,手を煩わせたな、○○。\nすまなかった,,pendente,
qev10_050.scr:23,qev10_050.scr,23,56,ヴァン,personagem,24,28,,CRLF x1,目的は果たした。\n船へ戻るぞ,,pendente,
qev10_060.scr:0,qev10_060.scr,0,55,アッシュ,personagem,0,38,,CRLF x1,……おい、ヴァン。\n俺はもう休むからな,,pendente,
qev10_060.scr:1,qev10_060.scr,1,56,ヴァン,personagem,1,26,,CRLF x1,ああ……。\nそうするといい,,pendente,
qev10_060.scr:2,qev10_060.scr,2,49,ルーク,personagem,2,8,,,師匠……,,pendente,
qev10_060.scr:3,qev10_060.scr,3,56,ヴァン,personagem,3,16,,,どうした、ルーク,,pendente,
qev10_060.scr:4,qev10_060.scr,4,49,ルーク,personagem,4,32,,CRLF x1,師匠は……俺の事……。\n…………,,pendente,
qev10_060.scr:5,qev10_060.scr,5,49,ルーク,personagem,5,30,,CRLF x1,いや……。\nやっぱり何でもない,,pendente,
qev10_060.scr:6,qev10_060.scr,6,56,ヴァン,personagem,6,46,,CRLF x1,やはり、どちらも心の迷いが\n顔に出ているな……,,pendente,
qev10_060.scr:7,qev10_060.scr,7,56,ヴァン,personagem,7,30,,,思った通り、二人ともまだ、幼い,,pendente,
qev10_060.scr:8,qev10_060.scr,8,200,(ator 200),desconhecido,8,8,,,…………,,pendente,
qev10_060.scr:9,qev10_060.scr,9,56,ヴァン,personagem,9,86,,CRLF x2,今回の一件が、二人にとって\n己と、ひいては互いと\n真に向き合う契機となればいいのだがな,,pendente,
qev10_060.scr:10,qev10_060.scr,10,56,ヴァン,personagem,10,26,,,その時こそ、私の悲願も……,,pendente,
qev10_060.scr:11,qev10_060.scr,11,200,(ator 200),desconhecido,11,6,,,……？,,pendente,
qev10_060.scr:12,qev10_060.scr,12,56,ヴァン,personagem,12,74,,CRLF x2,フッ……。\nあえて陛下の敷いたレールの上を\n歩く必要もあるまい、という事だ,,pendente,
qev10_060.scr:13,qev10_060.scr,13,56,ヴァン,personagem,13,70,,CRLF x2,どちらか一人がではなく、\n二人が心を一つとして\n国を治めるのも一つの道,,pendente,
qev10_060.scr:14,qev10_060.scr,14,200,(ator 200),desconhecido,14,8,,,…………,,pendente,
qev10_060.scr:15,qev10_060.scr,15,56,ヴァン,personagem,15,80,,CRLF x2,未来とは定められたものではない。\nなれば、未来へ至る道も\n一つではないという事だ,,pendente,
qev10_060.scr:16,qev10_060.scr,16,56,ヴァン,personagem,16,46,,CRLF x1,そう……。\n決して、一つなどではないのだよ……,,pendente,
qev10_060.scr:17,qev10_060.scr,17,56,ヴァン,personagem,17,8,,,ふっ……,,pendente,
qev10_060.scr:18,qev10_060.scr,18,56,ヴァン,personagem,18,46,,CRLF x1,……それではな、○○。\nこの度の協力、感謝する,,pendente,
qev10_070.scr:0,qev10_070.scr,0,56,ヴァン,personagem,1,10,,,……来たか,,pendente,
qev10_070.scr:1,qev10_070.scr,1,49,ルーク,personagem,2,18,,,師匠、教えてくれ！,,pendente,
qev10_070.scr:2,qev10_070.scr,2,55,アッシュ,personagem,3,46,,CRLF x1,ヴァン、答えろ！\n何のつもりでこんな真似をする,,pendente,
qev10_070.scr:3,qev10_070.scr,3,56,ヴァン,personagem,4,16,,,こんな真似とは？,,pendente,
qev10_070.scr:4,qev10_070.scr,4,55,アッシュ,personagem,5,50,,CRLF x1,とぼけるな。\n散々、人を試す様な事をしやがって……,,pendente,
qev10_070.scr:5,qev10_070.scr,5,55,アッシュ,personagem,6,110,,CRLF x2,民間のギルドに身を寄せるなどという\nふざけた提案を承諾したのもそうだ。\nそれが王位を継ぐ修行に何の関係がある？,,pendente,
qev10_070.scr:6,qev10_070.scr,6,55,アッシュ,personagem,7,30,,,一体お前は、何を企んでいるんだ,,pendente,
qev10_070.scr:7,qev10_070.scr,7,49,ルーク,personagem,8,70,,CRLF x2,うるせーっつの！\n師匠と話してるのは俺なんだ。\nお前は引っ込んでろ！！,,pendente,
qev10_070.scr:8,qev10_070.scr,8,55,アッシュ,personagem,9,10,,,黙れ屑！！,,pendente,
qev10_070.scr:9,qev10_070.scr,9,56,ヴァン,personagem,10,52,,CRLF x1,やれやれ……。\nどうやら話をする雰囲気ではないらしい,,pendente,
qev10_070.scr:10,qev10_070.scr,10,56,ヴァン,personagem,11,74,,CRLF x1,それではこうしよう、私を倒した方が\n事の真相を聞く権利を得る、というのは？,,pendente,
qev10_070.scr:11,qev10_070.scr,11,56,ヴァン,personagem,12,16,,,自信が無いのか？,,pendente,
qev10_070.scr:12,qev10_070.scr,12,49,ルーク,personagem,13,20,,,そんな事ありません！,,pendente,
qev10_070.scr:13,qev10_070.scr,13,55,アッシュ,personagem,14,22,,,俺はこんな屑とは違う！,,pendente,
qev10_070.scr:14,qev10_070.scr,14,56,ヴァン,personagem,15,16,,,ふっ、いいだろう,,pendente,
qev10_070.scr:15,qev10_070.scr,15,56,ヴァン,personagem,16,58,,CRLF x1,ならば、全員まとめて相手をしよう。\n全力でかかってきなさい,,pendente,
qev10_070.scr:16,qev10_070.scr,16,55,アッシュ,personagem,17,20,,,ちっ……舐めやがって,,pendente,
qev10_070.scr:17,qev10_070.scr,17,55,アッシュ,personagem,18,32,,,その言葉……後悔させてやるぜ！！,,pendente,
qev10_070.scr:18,qev10_070.scr,18,49,ルーク,personagem,19,66,,CRLF x1,やっぱ、こうなんのかよ……。\nどうして俺の話を聞いてくれないんだ？,,pendente,
qev10_070.scr:19,qev10_070.scr,19,49,ルーク,personagem,20,24,,,何でなんだよ、師匠……！,,pendente,
qev10_080.scr:0,qev10_080.scr,0,56,ヴァン,personagem,1,12,,,待っていたぞ,,pendente,
qev10_080.scr:1,qev10_080.scr,1,49,ルーク,personagem,2,40,,CRLF x1,師匠……、俺は……、\n今度こそ負けねえ！,,pendente,
qev10_080.scr:2,qev10_080.scr,2,55,アッシュ,personagem,3,22,,,足を引っ張るなよ、屑！,,pendente,
qev10_080.scr:3,qev10_080.scr,3,49,ルーク,personagem,4,22,,,屑って言うんじゃねえ！,,pendente,
qev11_010.scr:0,qev11_010.scr,0,20,リッド,personagem,0,62,,CRLF x2,ふん。\nそんなんだから、\nキールは泣き虫ベソかきって言われんだ,,pendente,
qev11_010.scr:1,qev11_010.scr,1,22,キール,personagem,1,56,,CRLF x1,い、言いがかりだ！\n誰もぼくをそんな風に言ったりしないぞ,,pendente,
qev11_010.scr:2,qev11_010.scr,2,21,ファラ,personagem,2,26,,,はいはい、ケンカはそこまで,,pendente,
qev11_010.scr:3,qev11_010.scr,3,21,ファラ,personagem,3,52,,CRLF x2,もう。\nいつまでつまんない\n言い合いを続けるつもり？,,pendente,
qev11_010.scr:4,qev11_010.scr,4,23,メルディ,personagem,4,30,,CRLF x1,ワイール！\nメルディ知ってるよ,,pendente,
qev11_010.scr:5,qev11_010.scr,5,23,メルディ,personagem,5,58,,CRLF x2,オトコが黙って、\nセーセードードー勝負するべし。\n……な？,,pendente,
qev11_010.scr:6,qev11_010.scr,6,20,リッド,personagem,6,10,,,勝負だぁ？,,pendente,
qev11_010.scr:7,qev11_010.scr,7,22,キール,personagem,7,36,,CRLF x1,また脈絡のない事を\n言い出したぞ……,,pendente,
qev11_010.scr:8,qev11_010.scr,8,21,ファラ,personagem,8,54,,CRLF x1,いいじゃない、面白そう！\nね、狩りの勝負なんかはどう？,,pendente,
qev11_010.scr:9,qev11_010.scr,9,21,ファラ,personagem,9,64,,CRLF x1,どっちが多く獲物を仕留められるか。\n公平だし、わかりやすいでしょ,,pendente,
qev11_010.scr:10,qev11_010.scr,10,22,キール,personagem,10,14,,,ぼくは反対だ！,,pendente,
qev11_010.scr:11,qev11_010.scr,11,22,キール,personagem,11,78,,CRLF x2,そもそも学生のぼくが、\nどうしてそんな馬鹿げた事に\n付き合わなきゃならないんだ,,pendente,
qev11_010.scr:12,qev11_010.scr,12,20,リッド,personagem,12,16,,,自信がないんだな,,pendente,
qev11_010.scr:13,qev11_010.scr,13,22,キール,personagem,13,44,,CRLF x1,違う！\n学生の本分は勉学だと言っているんだ！,,pendente,
qev11_010.scr:14,qev11_010.scr,14,23,メルディ,personagem,14,54,,CRLF x1,メルディが狩り、手伝うな！\n三人と三人なら、ビョウドウ,,pendente,
qev11_010.scr:15,qev11_010.scr,15,23,メルディ,personagem,15,64,,CRLF x2,メルディと、キールと、クィッキー。\nあと、ファラとリッドと\n○○,,pendente,
qev11_010.scr:16,qev11_010.scr,16,23,メルディ,personagem,16,44,,CRLF x2,これで三人ずつ。\nビョウドウな！\n楽しいよー,,pendente,
qev11_010.scr:17,qev11_010.scr,17,22,キール,personagem,17,44,,CRLF x1,冗談だろ？\nこっちは三人じゃないじゃないか！,,pendente,
qev11_010.scr:18,qev11_010.scr,18,81,クィッキー,personagem,18,24,,,クィック、クィッキー！！,,pendente,
qev11_010.scr:19,qev11_010.scr,19,23,メルディ,personagem,19,42,,CRLF x1,ダイジョーブ！\nクィッキー手伝う言ってるな,,pendente,
qev11_010.scr:20,qev11_010.scr,20,22,キール,personagem,20,38,,CRLF x1,そうじゃない。\nぼくが言いたいのは……,,pendente,
qev11_010.scr:21,qev11_010.scr,21,20,リッド,personagem,21,10,,,決まりだな,,pendente,
qev11_010.scr:22,qev11_010.scr,22,21,ファラ,personagem,22,4,,,だね,,pendente,
qev11_010.scr:23,qev11_010.scr,23,21,ファラ,personagem,23,56,,CRLF x2,じゃ、○○。\n都合のいい時に\n声をかけてもらってもいい？,,pendente,
qev11_010.scr:24,qev11_010.scr,24,21,ファラ,personagem,24,34,,,その時から、勝負スタートって事で！,,pendente,
qev11_010.scr:25,qev11_010.scr,25,22,キール,personagem,25,32,,,だから、勝手に話を進めるなぁ〜！,,pendente,
qev11_010.scr:26,qev11_010.scr,26,,(mensagem de sistema),sistema,26,84,,CRLF x2,クエスト「負けられない戦い」が\nエントリーされました。\nファラから受ける事が出来ます,,pendente,
qev11_020.scr:0,qev11_020.scr,0,23,メルディ,personagem,0,30,,CRLF x1,ワイール！\n○○、待ってたよぅ,,pendente,
qev11_020.scr:1,qev11_020.scr,1,20,リッド,personagem,1,64,,CRLF x2,悪いな。\nお前も暇じゃねえのに、\nくだらねえ事に巻き込んじまって,,pendente,
qev11_020.scr:2,qev11_020.scr,2,22,キール,personagem,2,34,,CRLF x1,悪いと思うなら、\nやめればいいだろ,,pendente,
qev11_020.scr:3,qev11_020.scr,3,20,リッド,personagem,3,24,,,それとこれとは、話が別だ,,pendente,
qev11_020.scr:4,qev11_020.scr,4,21,ファラ,personagem,4,88,,CRLF x2,ルールは確認してもらった通りだよ。\n先に決められた数の獲物を倒した方が勝ち。\nいいよね？,,pendente,
qev11_020.scr:5,qev11_020.scr,5,23,メルディ,personagem,5,34,,CRLF x1,早速出発するな！\nメルディ楽しみ♪,,pendente,
qev11_020.scr:6,qev11_020.scr,6,23,メルディ,personagem,6,42,,CRLF x1,キール、何持ってく？\nバナナおやつ入るか？,,pendente,
qev11_020.scr:7,qev11_020.scr,7,22,キール,personagem,7,42,,CRLF x1,……本当に何しに行くか、\nわかってるのか？,,pendente,
qev11_030.scr:0,qev11_030.scr,0,20,リッド,personagem,0,56,,CRLF x2,よし。\nサクッと狩って、\nキールをあっと言わせてやろうぜ,,pendente,
qev11_030.scr:1,qev11_030.scr,1,21,ファラ,personagem,1,30,,,リッドったら、張り切っちゃって,,pendente,
qev11_030.scr:2,qev11_030.scr,2,20,リッド,personagem,2,54,,CRLF x1,当たり前だろ。\n狩りの腕で、オレがキールに負けるもんか,,pendente,
qev11_030.scr:3,qev11_030.scr,3,21,ファラ,personagem,3,28,,,勉強では負けっぱなしだけどね,,pendente,
qev11_030.scr:4,qev11_030.scr,4,20,リッド,personagem,4,12,,,う、うるせえ,,pendente,
qev11_040.scr:0,qev11_040.scr,0,20,リッド,personagem,1,26,,CRLF x1,よし。\nこの調子でいこうぜ,,pendente,
qev11_040.scr:1,qev11_040.scr,1,22,キール,personagem,2,18,,,ウィンドカッター！,,pendente,
qev11_040.scr:2,qev11_040.scr,2,23,メルディ,personagem,3,44,,CRLF x1,ワイール！　仕留めたよぅ。\nキールすごいな！,,pendente,
qev11_040.scr:3,qev11_040.scr,3,22,キール,personagem,4,30,,CRLF x1,フン。\nこれくらい造作もないさ,,pendente,
qev11_040.scr:4,qev11_040.scr,4,81,クィッキー,personagem,5,32,,,クィッククィック、クィッキー！！,,pendente,
qev11_040.scr:5,qev11_040.scr,5,23,メルディ,personagem,6,62,,CRLF x1,これなら、リッド達にも負けないよー。\nクィッキーもそう言ってる,,pendente,
qev11_040.scr:6,qev11_040.scr,6,22,キール,personagem,7,44,,CRLF x1,当たり前だろう。\nぼくを誰だと思っているんだ,,pendente,
qev11_040.scr:7,qev11_040.scr,7,20,リッド,personagem,8,28,,,あいつ、調子いい事言ってんな,,pendente,
qev11_040.scr:8,qev11_040.scr,8,21,ファラ,personagem,9,38,,CRLF x1,うん。\nでもあの様子だと、そろそろ……,,pendente,
qev11_040.scr:9,qev11_040.scr,9,23,メルディ,personagem,10,36,,CRLF x1,キール！　なぜ転ぶか？\nだいじょぶか,,pendente,
qev11_040.scr:10,qev11_040.scr,10,22,キール,personagem,11,52,,CRLF x1,う……うるさい！\nちょっと大きな石につまづいただけだ,,pendente,
qev11_040.scr:11,qev11_040.scr,11,23,メルディ,personagem,12,12,,,休憩するか？,,pendente,
qev11_040.scr:12,qev11_040.scr,12,22,キール,personagem,13,8,,,必要ない,,pendente,
qev11_040.scr:13,qev11_040.scr,13,23,メルディ,personagem,14,42,,CRLF x1,……でも、血出てるな。\n無理しないがいいよ,,pendente,
qev11_040.scr:14,qev11_040.scr,14,22,キール,personagem,15,44,,CRLF x1,いいって言ってるだろ！\nよ、寄るな、触るな！,,pendente,
qev11_040.scr:15,qev11_040.scr,15,23,メルディ,personagem,16,36,,CRLF x1,何だよー！！\n心配した、なぜ怒るか？,,pendente,
qev11_040.scr:16,qev11_040.scr,16,20,リッド,personagem,17,28,,,あいつ、ほんと体力ねえよなぁ,,pendente,
qev11_040.scr:17,qev11_040.scr,17,21,ファラ,personagem,18,30,,,でも、油断してたら負けちゃうよ,,pendente,
qev11_040.scr:18,qev11_040.scr,18,21,ファラ,personagem,19,44,,CRLF x2,よぉし。\nわたし達も頑張ろ！\nイケるイケる！,,pendente,
qev11_041.scr:0,qev11_041.scr,0,21,ファラ,personagem,0,28,,,だんだんゴールが見えて来たね,,pendente,
qev11_041.scr:1,qev11_041.scr,1,21,ファラ,personagem,1,44,,CRLF x1,この調子なら勝てそう。\nうん、イケるイケる！,,pendente,
qev11_041.scr:2,qev11_041.scr,2,20,リッド,personagem,2,26,,,イケるのは結構だけどよ……,,pendente,
qev11_041.scr:3,qev11_041.scr,3,21,ファラ,personagem,3,12,,,いたっ……！,,pendente,
qev11_041.scr:4,qev11_041.scr,4,20,リッド,personagem,4,44,,CRLF x1,やっぱりな。\n今の戦闘で足、ひねったんだろ？,,pendente,
qev11_041.scr:5,qev11_041.scr,5,20,リッド,personagem,5,22,,,ったく、無理すんなよな,,pendente,
qev11_041.scr:6,qev11_041.scr,6,21,ファラ,personagem,6,26,,,これくらい！　何でもないよ,,pendente,
qev11_041.scr:7,qev11_041.scr,7,20,リッド,personagem,7,44,,CRLF x1,ファラ。\nオレ達は今、三人で戦ってるんだぞ？,,pendente,
qev11_041.scr:8,qev11_041.scr,8,20,リッド,personagem,8,32,,CRLF x1,お前一人が\n背負い込む事ねえんだ,,pendente,
qev11_041.scr:9,qev11_041.scr,9,200,(ator 200),desconhecido,9,8,,,…………,,pendente,
qev11_041.scr:10,qev11_041.scr,10,21,ファラ,personagem,10,26,,CRLF x1,リッド……。\n○○まで……,,pendente,
qev11_041.scr:11,qev11_041.scr,11,21,ファラ,personagem,11,58,,CRLF x2,そだね。\nみんなもいるんだもんね。\n無理はしないよ、大丈夫,,pendente,
qev11_041.scr:12,qev11_041.scr,12,20,リッド,personagem,12,22,,,しんどくなったら言えよ,,pendente,
qev11_041.scr:13,qev11_041.scr,13,21,ファラ,personagem,13,16,,CRLF x1,うん。\nありがと,,pendente,
qev11_050.scr:0,qev11_050.scr,0,21,ファラ,personagem,0,32,,CRLF x1,やった！\n今ので目標達成だよ！！,,pendente,
qev11_050.scr:1,qev11_050.scr,1,20,リッド,personagem,1,28,,,こんくらい、チョロイもんだぜ,,pendente,
qev11_050.scr:2,qev11_050.scr,2,21,ファラ,personagem,2,50,,CRLF x1,キール達、どうしてるかな。\nもう帰ってたりして……,,pendente,
qev11_050.scr:3,qev11_050.scr,3,20,リッド,personagem,3,60,,CRLF x1,ま、戻ってみりゃわかるだろ。\nさっさと獲物をまとめて帰ろうぜ,,pendente,
qev11_050.scr:4,qev11_050.scr,4,21,ファラ,personagem,4,16,,CRLF x1,うん。\nそうだね,,pendente,
qev11_060.scr:0,qev11_060.scr,0,22,キール,personagem,0,24,,,ふん、遅かったじゃないか,,pendente,
qev11_060.scr:1,qev11_060.scr,1,20,リッド,personagem,1,10,,,キール！？,,pendente,
qev11_060.scr:2,qev11_060.scr,2,21,ファラ,personagem,2,26,,,えっ、もう戻って来てたの？,,pendente,
qev11_060.scr:3,qev11_060.scr,3,21,ファラ,personagem,3,28,,,すっごーい！　早かったんだね,,pendente,
qev11_060.scr:4,qev11_060.scr,4,81,クィッキー,personagem,4,6,,,クィ？,,pendente,
qev11_060.scr:5,qev11_060.scr,5,22,キール,personagem,5,14,,,ま、まぁな……,,pendente,
qev11_060.scr:6,qev11_060.scr,6,23,メルディ,personagem,6,10,,,それ違うよ,,pendente,
qev11_060.scr:7,qev11_060.scr,7,23,メルディ,personagem,7,52,,CRLF x1,キール転んで、パンツ破けた。\nだから替え取りに来たよ,,pendente,
qev11_060.scr:8,qev11_060.scr,8,22,キール,personagem,8,12,,,メルディ！！,,pendente,
qev11_060.scr:9,qev11_060.scr,9,20,リッド,personagem,9,64,,CRLF x1,ほ〜う……、パンツが破けたのか。\nそりゃ大変だったなぁ、キール？,,pendente,
qev11_060.scr:10,qev11_060.scr,10,22,キール,personagem,10,46,,CRLF x2,違う！\n破けたのは衣服で、\n下着なんかじゃ……,,pendente,
qev11_060.scr:11,qev11_060.scr,11,23,メルディ,personagem,11,30,,,じゃ、どしてパンツ押さえたよ？,,pendente,
qev11_060.scr:12,qev11_060.scr,12,22,キール,personagem,12,38,,,だ、だからお前は、パンツパンツ言うな！,,pendente,
qev11_060.scr:13,qev11_060.scr,13,21,ファラ,personagem,13,60,,CRLF x1,キール、破れたパンツどこ？\n繕ってあげるから、出しておいてね,,pendente,
qev11_060.scr:14,qev11_060.scr,14,23,メルディ,personagem,14,56,,CRLF x1,あ、メルディもパンツ手伝う！\nボタン付け教えて欲しいよー,,pendente,
qev11_060.scr:15,qev11_060.scr,15,20,リッド,personagem,15,48,,CRLF x1,良かったな、キール。\n思い出のパンツが出来そうで,,pendente,
qev11_060.scr:16,qev11_060.scr,16,81,クィッキー,personagem,16,20,,,クィック、クィキキキ,,pendente,
qev11_060.scr:17,qev11_060.scr,17,22,キール,personagem,17,34,,CRLF x1,ううぅ……。\nだから、違うのに……,,pendente,
qev11_060.scr:18,qev11_060.scr,18,21,ファラ,personagem,18,48,,CRLF x1,何か、勝負の結果は\nあやふやになっちゃったね……,,pendente,
qev11_060.scr:19,qev11_060.scr,19,21,ファラ,personagem,19,64,,CRLF x2,でも、○○が\n手伝ってくれて嬉しかったよ。\nすごく助かっちゃった,,pendente,
qev11_060.scr:20,qev11_060.scr,20,21,ファラ,personagem,20,10,,,ありがと！,,pendente,
qev12_010.scr:0,qev12_010.scr,0,70,シング,personagem,1,58,,CRLF x1,でも、本当だったら大変じゃないか。\n確かめに行ってみようよ,,pendente,
qev12_010.scr:1,qev12_010.scr,1,72,ヒスイ,personagem,2,62,,CRLF x2,はっ。\nんな事言って、な〜んにもなかったら\nどうするつもりだ？,,pendente,
qev12_010.scr:2,qev12_010.scr,2,72,ヒスイ,personagem,3,46,,CRLF x1,大体、根拠が噂だけじゃ\n誰も動いちゃくれねえぜ,,pendente,
qev12_010.scr:3,qev12_010.scr,3,71,コハク,personagem,4,60,,CRLF x1,わたしはシングを信じるよ。\nシングが行くなら、わたしも手伝う,,pendente,
qev12_010.scr:4,qev12_010.scr,4,72,ヒスイ,personagem,5,16,,,ぐっ、コハク……,,pendente,
qev12_010.scr:5,qev12_010.scr,5,71,コハク,personagem,6,54,,CRLF x1,それに、その話が本当だったら\nたくさんの人が傷付く……,,pendente,
qev12_010.scr:6,qev12_010.scr,6,71,コハク,personagem,7,22,,,そんなの見てられないよ,,pendente,
qev12_010.scr:7,qev12_010.scr,7,200,(ator 200),desconhecido,8,8,,,…………,,pendente,
qev12_010.scr:8,qev12_010.scr,8,70,シング,personagem,9,20,,,○○、いいところに！,,pendente,
qev12_010.scr:9,qev12_010.scr,9,70,シング,personagem,10,10,,,あのさ……,,pendente,
qev12_010.scr:10,qev12_010.scr,10,72,ヒスイ,personagem,11,54,,CRLF x2,おい。\nこのバカの言う事\n真に受けるんじゃねーぞ、○○,,pendente,
qev12_010.scr:11,qev12_010.scr,11,71,コハク,personagem,12,18,,,もう、お兄ちゃん！,,pendente,
qev12_010.scr:12,qev12_010.scr,12,71,コハク,personagem,13,48,,CRLF x2,○○、\n良かったらシングの話を\n聞いてくれない？,,pendente,
qev12_010.scr:13,qev12_010.scr,13,71,コハク,personagem,14,24,,,きみの力を貸してほしいの,,pendente,
qev12_010.scr:14,qev12_010.scr,14,,(mensagem de sistema),sistema,15,88,,CRLF x2,クエスト「本当は怖〜いおとぎ話」が\nエントリーされました。\nシングから受ける事が出来ます,,pendente,
qev12_020.scr:0,qev12_020.scr,0,70,シング,personagem,1,38,,CRLF x1,力を貸してくれるんだね？\nありがとう！,,pendente,
qev12_020.scr:1,qev12_020.scr,1,72,ヒスイ,personagem,2,70,,CRLF x1,ったく……、お前も物好きな奴だな。\nこんな馬鹿に付き合う気が知れねぇぜ,,pendente,
qev12_020.scr:2,qev12_020.scr,2,71,コハク,personagem,3,34,,CRLF x1,お兄ちゃん？\nそんな言い方しないの,,pendente,
qev12_020.scr:3,qev12_020.scr,3,71,コハク,personagem,4,34,,,せっかく協力してくれるんだから……,,pendente,
qev12_020.scr:4,qev12_020.scr,4,71,コハク,personagem,5,30,,,……仲良くしなきゃ、ダメだよ？,,pendente,
qev12_020.scr:5,qev12_020.scr,5,72,ヒスイ,personagem,6,24,,,も、もちろんですとも……,,pendente,
qev12_020.scr:6,qev12_020.scr,6,70,シング,personagem,7,40,,CRLF x1,今日もコハクの蹴りは\nキレがいいなぁ……,,pendente,
qev12_030.scr:0,qev12_030.scr,0,72,ヒスイ,personagem,0,20,,,ここが、噂の森か……,,pendente,
qev12_030.scr:1,qev12_030.scr,1,72,ヒスイ,personagem,1,60,,CRLF x1,ほんとにいるのかねぇ……。\n「おとぎ話の魔物」なんてモンがよ,,pendente,
qev12_030.scr:2,qev12_030.scr,2,70,シング,personagem,2,44,,CRLF x1,「火のない所は火事にならぬ」って\n言うだろ？,,pendente,
qev12_030.scr:3,qev12_030.scr,3,70,シング,personagem,3,44,,CRLF x1,きっと、噂の根拠になった\n何かがあるはずだよ,,pendente,
qev12_030.scr:4,qev12_030.scr,4,70,シング,personagem,4,24,,,みんな、油断せずに行こう,,pendente,
qev12_030.scr:5,qev12_030.scr,5,72,ヒスイ,personagem,5,48,,CRLF x1,それを言うなら\n「火のない所に煙は立たぬ」だろッ,,pendente,
qev12_030.scr:6,qev12_030.scr,6,71,コハク,personagem,6,20,,,うん、油断禁物だよね,,pendente,
qev12_030.scr:7,qev12_030.scr,7,71,コハク,personagem,7,8,,,行こう！,,pendente,
qev12_030.scr:8,qev12_030.scr,8,72,ヒスイ,personagem,8,10,,,って、オイ,,pendente,
qev12_030.scr:9,qev12_030.scr,9,72,ヒスイ,personagem,9,28,,,俺を置いて行くんじゃねえ！！,,pendente,
qev12_040.scr:0,qev12_040.scr,0,72,ヒスイ,personagem,0,70,,CRLF x2,つーかよぉ、そもそも\n「おとぎ話に出てくる魔物」って\nどんな奴なんだ？,,pendente,
qev12_040.scr:1,qev12_040.scr,1,72,ヒスイ,personagem,1,56,,CRLF x1,見た目とか、能力とか、\n具体的にはどんな化け物なんだよ？,,pendente,
qev12_040.scr:2,qev12_040.scr,2,71,コハク,personagem,2,54,,CRLF x1,夢を食べる恐ろしい魔物だって、\nお話には書いてあったよ,,pendente,
qev12_040.scr:3,qev12_040.scr,3,71,コハク,personagem,3,82,,CRLF x2,人の夢の中に棲んで、\n人の夢を食べちゃうんだって。\n詳しい事は、わからないけど……,,pendente,
qev12_040.scr:4,qev12_040.scr,4,70,シング,personagem,4,32,,,夢なんて食べて、美味しいのかな？,,pendente,
qev12_040.scr:5,qev12_040.scr,5,70,シング,personagem,5,66,,CRLF x2,それに、夢を食べられたら、\n夢を見てた人は\nどうなっちゃうんだろう,,pendente,
qev12_040.scr:6,qev12_040.scr,6,71,コハク,personagem,6,22,,,心を失ってしまうみたい,,pendente,
qev12_040.scr:7,qev12_040.scr,7,71,コハク,personagem,7,94,,CRLF x2,心がなくなっちゃうなんて、怖いね……。\n笑う事も、泣く事も、\n出来なくなっちゃうってコトだもん,,pendente,
qev12_040.scr:8,qev12_040.scr,8,72,ヒスイ,personagem,8,16,,,大丈夫だ、コハク,,pendente,
qev12_040.scr:9,qev12_040.scr,9,72,ヒスイ,personagem,9,52,,CRLF x1,コハクは何があっても、\n兄ちゃんが守ってやるからな！,,pendente,
qev12_040.scr:10,qev12_040.scr,10,71,コハク,personagem,10,14,,,お兄ちゃん……,,pendente,
qev12_040.scr:11,qev12_040.scr,11,71,コハク,personagem,11,18,,CRLF x1,うん。\nありがとう,,pendente,
qev12_040.scr:12,qev12_040.scr,12,70,シング,personagem,12,12,,,オレだって！,,pendente,
qev12_040.scr:13,qev12_040.scr,13,70,シング,personagem,13,32,,,何があっても、コハクを守るよ！！,,pendente,
qev12_040.scr:14,qev12_040.scr,14,71,コハク,personagem,14,28,,CRLF x1,うん。\nシングも、ありがとう,,pendente,
qev12_040.scr:15,qev12_040.scr,15,72,ヒスイ,personagem,15,68,,CRLF x2,よ〜し、よく言ったシング。\nいざって時は、お前を一番\n頼りにしてるぜ,,pendente,
qev12_040.scr:16,qev12_040.scr,16,70,シング,personagem,16,40,,CRLF x1,ヒスイ……。\nオレの事、認めてくれたの？,,pendente,
qev12_040.scr:17,qev12_040.scr,17,72,ヒスイ,personagem,17,50,,CRLF x1,お前が襲われてる間に、\n俺がコハクをきちんと逃がす,,pendente,
qev12_040.scr:18,qev12_040.scr,18,72,ヒスイ,personagem,18,40,,CRLF x1,安心しろ。\nお前の死は無駄にしねえからな,,pendente,
qev12_040.scr:19,qev12_040.scr,19,70,シング,personagem,19,48,,CRLF x1,ちょ、ちょっと。\nオレは初めから生贄要員なの！？,,pendente,
qev12_041.scr:0,qev12_041.scr,0,70,シング,personagem,0,46,,CRLF x1,もし「おとぎ話の魔物」が\n本当にいるならさ……,,pendente,
qev12_041.scr:1,qev12_041.scr,1,70,シング,personagem,1,58,,CRLF x1,お話に出てくる「ねむり姫」も\nどこかにいるって事なのかな？,,pendente,
qev12_041.scr:2,qev12_041.scr,2,72,ヒスイ,personagem,2,28,,CRLF x1,はっ。\nそんな事あるわけ……,,pendente,
qev12_041.scr:3,qev12_041.scr,3,71,コハク,personagem,3,52,,CRLF x1,わたしはいると思うな。\nエメラルドの髪のねむり姫……,,pendente,
qev12_041.scr:4,qev12_041.scr,4,71,コハク,personagem,4,88,,CRLF x2,「いばらの森」の奥で、まだ\n世界が消える夢を見てる気がする。\n千年経った今も、ずっと……,,pendente,
qev12_041.scr:5,qev12_041.scr,5,72,ヒスイ,personagem,5,84,,CRLF x2,おいおい。　ありゃおとぎ話だぜ？\n千年も寝こけてるお姫さんなんざ\n本当にいるわけ……,,pendente,
qev12_041.scr:6,qev12_041.scr,6,71,コハク,personagem,6,20,,,いるよ！　きっといる,,pendente,
qev12_041.scr:7,qev12_041.scr,7,71,コハク,personagem,7,34,,,わたし、小さい頃、何度か夢に見たの,,pendente,
qev12_041.scr:8,qev12_041.scr,8,71,コハク,personagem,8,62,,CRLF x1,偶然かもしれないけど……。\nそれから、どうしても彼女のこと……,,pendente,
qev12_041.scr:9,qev12_041.scr,9,72,ヒスイ,personagem,9,10,,,コハク……,,pendente,
qev12_041.scr:10,qev12_041.scr,10,70,シング,personagem,10,68,,CRLF x2,うん。\nコハクがいるって思うなら、\nオレはやっぱり、いるんだって思う,,pendente,
qev12_041.scr:11,qev12_041.scr,11,70,シング,personagem,11,32,,,その方が、ロマンだってあるしね！,,pendente,
qev12_041.scr:12,qev12_041.scr,12,71,コハク,personagem,12,10,,,シング……,,pendente,
qev12_041.scr:13,qev12_041.scr,13,72,ヒスイ,personagem,13,30,,,いばらの森のねむり姫、ねぇ……,,pendente,
qev12_041.scr:14,qev12_041.scr,14,72,ヒスイ,personagem,14,60,,CRLF x1,ま、確かに……いるんなら\n目覚めさせてやりたいとは思うけどよ,,pendente,
qev12_041.scr:15,qev12_041.scr,15,72,ヒスイ,personagem,15,56,,CRLF x1,たった一人でそんな悪夢を\n見続けるなんて、キツいだろうな,,pendente,
qev12_041.scr:16,qev12_041.scr,16,70,シング,personagem,16,68,,CRLF x2,へぇ〜。\nヒスイって、何だかんだ言っても\nねむり姫の事が好きなんだね,,pendente,
qev12_041.scr:17,qev12_041.scr,17,72,ヒスイ,personagem,17,34,,CRLF x1,はぁ？\nんな事あるわけねーだろッ！,,pendente,
qev12_041.scr:18,qev12_041.scr,18,72,ヒスイ,personagem,18,44,,CRLF x1,俺がラブなのは、後にも先にも\nコハクだけだぜ,,pendente,
qev12_041.scr:19,qev12_041.scr,19,70,シング,personagem,19,22,,,後にも先にも……なんだ,,pendente,
qev12_041.scr:20,qev12_041.scr,20,71,コハク,personagem,20,14,,,お兄ちゃん……,,pendente,
qev12_041.scr:21,qev12_041.scr,21,72,ヒスイ,personagem,21,58,,CRLF x2,……おい。\n二人して痛々しい目で\nこっち見るなよッッ！！？,,pendente,
qev12_041.scr:22,qev12_041.scr,22,72,ヒスイ,personagem,22,38,,CRLF x1,本気で俺が危ないヤツ\nみてぇだろッ！！,,pendente,
qev12_050.scr:0,qev12_050.scr,0,72,ヒスイ,personagem,0,18,,,ふぅ、倒した……な,,pendente,
qev12_050.scr:1,qev12_050.scr,1,72,ヒスイ,personagem,1,44,,CRLF x1,何だかよくわからねえが、\nこれで一件落着……,,pendente,
qev12_050.scr:2,qev12_050.scr,2,71,コハク,personagem,2,6,,,あッ！,,pendente,
qev12_050.scr:3,qev12_050.scr,3,70,シング,personagem,3,22,,,ど、どうしたのコハク？,,pendente,
qev12_050.scr:4,qev12_050.scr,4,71,コハク,personagem,4,44,,CRLF x1,……思い出したの。\nあの魔物をどこで見たのか,,pendente,
qev12_050.scr:5,qev12_050.scr,5,71,コハク,personagem,5,94,,CRLF x2,伝説のユニコーンに似てるんだと思う。\nわたし達が想像してた、\nおとぎ話の魔物なんかじゃない……,,pendente,
qev12_050.scr:6,qev12_050.scr,6,72,ヒスイ,personagem,6,20,,,ってぇ事は……何だ？,,pendente,
qev12_050.scr:7,qev12_050.scr,7,72,ヒスイ,personagem,7,48,,CRLF x1,ヒト違いならぬ、\n魔物違いだったってワケかぁ！？,,pendente,
qev12_050.scr:8,qev12_050.scr,8,70,シング,personagem,8,36,,CRLF x1,魔物違い、か……。\nでも、そうだよね,,pendente,
qev12_050.scr:9,qev12_050.scr,9,70,シング,personagem,9,48,,CRLF x1,夢を食べる魔物なんて、\n本当にいたら大変だし……,,pendente,
qev12_050.scr:10,qev12_050.scr,10,71,コハク,personagem,10,96,,CRLF x2,おとぎ話はおとぎ話だったって事……かな。\nあの魔物には、ちょっと\nかわいそうな事しちゃったね……,,pendente,
qev12_050.scr:11,qev12_050.scr,11,72,ヒスイ,personagem,11,34,,,そんなこたぁどうでもいいんだよッ！,,pendente,
qev12_050.scr:12,qev12_050.scr,12,72,ヒスイ,personagem,12,54,,CRLF x1,くそっ、ここまで来て無駄骨なんて……。\nツイてねぇ……,,pendente,
qev12_050.scr:13,qev12_050.scr,13,70,シング,personagem,13,82,,CRLF x2,そうかな？　オレは……、\nオレは、無駄骨なんかじゃないと思うよ……。\nね、コハク？,,pendente,
qev12_050.scr:14,qev12_050.scr,14,71,コハク,personagem,14,58,,CRLF x1,うん……わたしも……。\nちょっとドキドキして楽しかったよ？,,pendente,
qev12_050.scr:15,qev12_050.scr,15,71,コハク,personagem,15,44,,CRLF x1,何だか、\nおとぎ話の世界に入ったみたいで……,,pendente,
qev12_050.scr:16,qev12_050.scr,16,70,シング,personagem,16,66,,CRLF x2,オレも……、\nコハクと冒険してるって思って\nすっごく、ドキドキした,,pendente,
qev12_050.scr:17,qev12_050.scr,17,71,コハク,personagem,17,10,,,シング……,,pendente,
qev12_050.scr:18,qev12_050.scr,18,72,ヒスイ,personagem,18,16,,,こらぁぁ〜〜ッ！,,pendente,
qev12_050.scr:19,qev12_050.scr,19,72,ヒスイ,personagem,19,44,,CRLF x1,なぁに勝手に\nいい雰囲気になってやがるッ！？,,pendente,
qev12_050.scr:20,qev12_050.scr,20,72,ヒスイ,personagem,20,42,,CRLF x1,俺は絶ッ対！\nてめぇの事は認めねえからな！,,pendente,
qev12_050.scr:21,qev12_050.scr,21,70,シング,personagem,21,50,,CRLF x1,それでも……、\n時間をかけて絶ッ対わかってもらうさ,,pendente,
qev12_050.scr:22,qev12_050.scr,22,70,シング,personagem,22,16,,,ね……、コハク？,,pendente,
qev12_050.scr:23,qev12_050.scr,23,71,コハク,personagem,23,28,,,うん……頑張ろうね！　シング,,pendente,
qev12_050.scr:24,qev12_050.scr,24,72,ヒスイ,personagem,24,50,,CRLF x1,だから、その雰囲気を\nやめろって言ってんだ〜〜！！,,pendente,
qev12_060.scr:0,qev12_060.scr,0,72,ヒスイ,personagem,0,24,,,やっと、帰ってきたか……,,pendente,
qev12_060.scr:1,qev12_060.scr,1,72,ヒスイ,personagem,1,50,,CRLF x1,ったく、つまんねえ噂話に\n踊らされちまったもんだぜ,,pendente,
qev12_060.scr:2,qev12_060.scr,2,70,シング,personagem,2,44,,CRLF x1,でも、本当の事がわかって\n良かったじゃないか,,pendente,
qev12_060.scr:3,qev12_060.scr,3,71,コハク,personagem,3,10,,,そうだよね,,pendente,
qev12_060.scr:4,qev12_060.scr,4,71,コハク,personagem,4,72,,CRLF x2,これで噂は落ち着くはずだし、\nみんなも安心して\n元の暮らしに戻れると思う,,pendente,
qev12_060.scr:5,qev12_060.scr,5,72,ヒスイ,personagem,5,24,,,ま、何でもいいけどよ……,,pendente,
qev12_060.scr:6,qev12_060.scr,6,72,ヒスイ,personagem,6,52,,CRLF x2,○○、\nお前もとんだ\nとばっちりだったとは思うが……,,pendente,
qev12_060.scr:7,qev12_060.scr,7,72,ヒスイ,personagem,7,42,,CRLF x1,ま、最後まで付き合ってくれて\nありがとうな,,pendente,
qev12_060.scr:8,qev12_060.scr,8,70,シング,personagem,8,24,,CRLF x1,うん。\nありがとう、○○,,pendente,
qev12_060.scr:9,qev12_060.scr,9,71,コハク,personagem,9,36,,CRLF x1,今度はわたし達が\n○○の為に頑張るよ,,pendente,
qev12_060.scr:10,qev12_060.scr,10,71,コハク,personagem,10,38,,CRLF x1,困った事があったら、\nいつでも言ってね,,pendente,
qev12_060.scr:11,qev12_060.scr,11,71,コハク,personagem,11,54,,CRLF x1,ドラゴン退治でも、ゾンビ退治でも\n何でも付き合うから！,,pendente,
qev12_060.scr:12,qev12_060.scr,12,70,シング,personagem,12,22,,,ドラゴンに……ゾンビ？,,pendente,
qev12_060.scr:13,qev12_060.scr,13,72,ヒスイ,personagem,13,18,,,それはちょっと……,,pendente,
qev12_070.scr:0,qev12_070.scr,0,70,シング,personagem,1,50,,CRLF x1,ねえ、もしかして……。\n魔物ってアレじゃないかな？,,pendente,
qev12_070.scr:1,qev12_070.scr,1,71,コハク,personagem,2,44,,CRLF x1,確かに、どこかで見た様な\n姿をしてるけど……,,pendente,
qev12_070.scr:2,qev12_070.scr,2,71,コハク,personagem,3,32,,,あれが、おとぎ話の魔物……なの？,,pendente,
qev12_070.scr:3,qev12_070.scr,3,72,ヒスイ,personagem,4,48,,CRLF x1,話は後だ！\nアイツ、こっちに気付きやがったぞ！！,,pendente,
qev12_070.scr:4,qev12_070.scr,4,72,ヒスイ,personagem,5,32,,CRLF x1,みんな！\n油断すんじゃねーぞ！！,,pendente,
qev12_080.scr:0,qev12_080.scr,0,70,シング,personagem,1,38,,CRLF x1,今度は、\nさっきみたいには行かないぞ！,,pendente,
qev12_080.scr:1,qev12_080.scr,1,72,ヒスイ,personagem,2,58,,CRLF x2,ああ。\n正体はともかく、\n借りはきっちり返させてもらうぜ！,,pendente,
qev12_080.scr:2,qev12_080.scr,2,72,ヒスイ,personagem,3,58,,CRLF x1,こんな喧嘩ッ早ぇ魔物、\nいつまでも放置しておけるかよッ！！,,pendente,
qev12_080.scr:3,qev12_080.scr,3,71,コハク,personagem,4,24,,CRLF x1,うん。\nみんな、行くよ！,,pendente,
qev13_010.scr:0,qev13_010.scr,0,60,イリア,personagem,0,28,,CRLF x1,何それ。\nどういう意味よっ？,,pendente,
qev13_010.scr:1,qev13_010.scr,1,59,ルカ,personagem,1,74,,CRLF x2,だ、だから……。\n僕がここにいる事で、\n余計に君に迷惑をかけないかって……,,pendente,
qev13_010.scr:2,qev13_010.scr,2,60,イリア,personagem,2,6,,,はぁ？,,pendente,
qev13_010.scr:3,qev13_010.scr,3,60,イリア,personagem,3,54,,CRLF x1,あたしが一度でもそんなコト言った？\n言ってないでしょ？,,pendente,
qev13_010.scr:4,qev13_010.scr,4,59,ルカ,personagem,4,36,,CRLF x1,それは……多分、\n僕に気を遣って……,,pendente,
qev13_010.scr:5,qev13_010.scr,5,60,イリア,personagem,5,26,,,あ〜〜も〜〜〜〜いいッッ！,,pendente,
qev13_010.scr:6,qev13_010.scr,6,60,イリア,personagem,6,72,,CRLF x2,そう思いたいなら思ってれば？\nで、勝手にどこにでも\n行っちゃいなさいよ！,,pendente,
qev13_010.scr:7,qev13_010.scr,7,60,イリア,personagem,7,30,,,ルカのばか！　ばーかばーか！！,,pendente,
qev13_010.scr:8,qev13_010.scr,8,61,スパーダ,personagem,8,52,,CRLF x1,お前さァ……。\nありゃ、どー考えたってマズイだろ……,,pendente,
qev13_010.scr:9,qev13_010.scr,9,59,ルカ,personagem,9,64,,CRLF x1,だって……、イリアはいつも\n僕といるとイライラしてるみたいなんだ,,pendente,
qev13_010.scr:10,qev13_010.scr,10,59,ルカ,personagem,10,52,,CRLF x2,迷惑ばかりかけて……、\n嫌な思いさせて……、\n僕……,,pendente,
qev13_010.scr:11,qev13_010.scr,11,61,スパーダ,personagem,11,8,,,…………,,pendente,
qev13_010.scr:12,qev13_010.scr,12,61,スパーダ,personagem,12,52,,CRLF x1,（見てらんねェぜ、コリャ……。\n　どうすっかな……）,,pendente,
qev13_010.scr:13,qev13_010.scr,13,,(mensagem de sistema),sistema,13,84,,CRLF x2,クエスト「じれったい二人」が\nエントリーされました。\nスパーダから受ける事が出来ます,,pendente,
qev13_020.scr:0,qev13_020.scr,0,61,スパーダ,personagem,0,32,,,悪ィ、オレに協力してくんねェか？,,pendente,
qev13_020.scr:1,qev13_020.scr,1,61,スパーダ,personagem,1,94,,CRLF x2,あの二人……ルカとイリアなんだけどよ、\n傍から見ててキレそうになるくらい\nじれったくてよォ……,,pendente,
qev13_020.scr:2,qev13_020.scr,2,61,スパーダ,personagem,2,60,,CRLF x1,ここらで一旦、無理やりにでも\n互いにぶっちゃけ合うってェの？,,pendente,
qev13_020.scr:3,qev13_020.scr,3,61,スパーダ,personagem,3,62,,CRLF x1,そういう機会を作ってやんねえと、\nどうにもなんねぇ予感がしてよ,,pendente,
qev13_020.scr:4,qev13_020.scr,4,61,スパーダ,personagem,4,52,,CRLF x2,ま、そういうわけで\n○○の\n演技力には期待してるぜ？,,pendente,
qev13_020.scr:5,qev13_020.scr,5,61,スパーダ,personagem,5,54,,CRLF x1,オレがヤバくなったら、\nバッチリ陰からサポートしろよ！,,pendente,
qev13_020.scr:6,qev13_020.scr,6,61,スパーダ,personagem,6,50,,CRLF x1,んじゃ、オレが適当言って\nあの二人を連れてくるから,,pendente,
qev13_020.scr:7,qev13_020.scr,7,61,スパーダ,personagem,7,26,,,さっさと出発しちまおーぜ！,,pendente,
qev13_030.scr:0,qev13_030.scr,0,60,イリア,personagem,0,14,,,あー、だる……,,pendente,
qev13_030.scr:1,qev13_030.scr,1,60,イリア,personagem,1,60,,CRLF x1,魔物退治くらい、あんたらだけで\nどーにかなるんじゃないのォ？,,pendente,
qev13_030.scr:2,qev13_030.scr,2,60,イリア,personagem,2,78,,CRLF x2,何であたしまで……。\n何か、余計なオマケまで\n付いて来ちゃってるみたいだし〜？,,pendente,
qev13_030.scr:3,qev13_030.scr,3,59,ルカ,personagem,3,8,,,…………,,pendente,
qev13_030.scr:4,qev13_030.scr,4,61,スパーダ,personagem,4,62,,CRLF x1,まァ、そう言うなって。\n噂じゃ、なかなかに手強い魔物らしいぜ？,,pendente,
qev13_030.scr:5,qev13_030.scr,5,61,スパーダ,personagem,5,48,,CRLF x1,やっぱ、戦力は一人でも多い方が\nいいだろ？　なっ,,pendente,
qev13_030.scr:6,qev13_030.scr,6,200,(ator 200),desconhecido,6,8,,,…………,,pendente,
qev13_030.scr:7,qev13_030.scr,7,59,ルカ,personagem,7,56,,CRLF x1,僕なんかがいて……、\n余計足手まといにならないかな……？,,pendente,
qev13_030.scr:8,qev13_030.scr,8,60,イリア,personagem,8,20,,,そうですわよねぇ〜〜,,pendente,
qev13_030.scr:9,qev13_030.scr,9,60,イリア,personagem,9,94,,CRLF x2,ルカちゃまはお部屋に篭もって、\nお勉強でもされてた方が\nよろしかったんじゃありませんこと〜〜？,,pendente,
qev13_030.scr:10,qev13_030.scr,10,59,ルカ,personagem,10,8,,,…………,,pendente,
qev13_030.scr:11,qev13_030.scr,11,61,スパーダ,personagem,11,56,,CRLF x2,だーッ。\nもう、こんな入口で\nウダウダすんのはやめだッ！,,pendente,
qev13_030.scr:12,qev13_030.scr,12,61,スパーダ,personagem,12,22,,,とっとと先に進もうぜ！,,pendente,
qev13_040.scr:0,qev13_040.scr,0,59,ルカ,personagem,0,8,,,…………,,pendente,
qev13_040.scr:1,qev13_040.scr,1,61,スパーダ,personagem,1,40,,CRLF x1,ったく、いつまで\nシケた面してンだよッ！,,pendente,
qev13_040.scr:2,qev13_040.scr,2,61,スパーダ,personagem,2,72,,CRLF x2,お前がウジウジしてっから、\nいつまでもイリアと\n仲直り出来ねェんだろーが,,pendente,
qev13_040.scr:3,qev13_040.scr,3,59,ルカ,personagem,3,42,,CRLF x1,……そうだよね……。\nどうせ、僕なんて……,,pendente,
qev13_040.scr:4,qev13_040.scr,4,59,ルカ,personagem,4,16,,,ううっ、グス……,,pendente,
qev13_040.scr:5,qev13_040.scr,5,61,スパーダ,personagem,5,48,,CRLF x1,ああ、悪ィ……。\n今のはちっと、言い方が悪かった,,pendente,
qev13_040.scr:6,qev13_040.scr,6,61,スパーダ,personagem,6,72,,CRLF x2,要するに、だ。\nどーすりゃいいかなんて、\n実はすげェ簡単なコトだっつー話,,pendente,
qev13_040.scr:7,qev13_040.scr,7,61,スパーダ,personagem,7,48,,CRLF x1,お前さ、ビビり過ぎ。\nイリアにも、誰に対してもよ,,pendente,
qev13_040.scr:8,qev13_040.scr,8,61,スパーダ,personagem,8,54,,CRLF x1,相手の目を気にし過ぎて、\nかえって空回りしてるっつーか,,pendente,
qev13_040.scr:9,qev13_040.scr,9,61,スパーダ,personagem,9,62,,CRLF x1,思われても言われてもねェコトを\n勝手に自分で作り上げちまってる,,pendente,
qev13_040.scr:10,qev13_040.scr,10,61,スパーダ,personagem,10,36,,CRLF x1,それが、\n全部の元凶なんじゃねーか？,,pendente,
qev13_040.scr:11,qev13_040.scr,11,59,ルカ,personagem,11,26,,CRLF x1,そう……かな？\nだって……,,pendente,
qev13_040.scr:12,qev13_040.scr,12,200,(ator 200),desconhecido,12,8,,,…………,,pendente,
qev13_040.scr:13,qev13_040.scr,13,59,ルカ,personagem,13,38,,CRLF x1,うん……。\n言われてる意味はわかるよ？,,pendente,
qev13_040.scr:14,qev13_040.scr,14,59,ルカ,personagem,14,8,,,でも……,,pendente,
qev13_040.scr:15,qev13_040.scr,15,61,スパーダ,personagem,15,22,,,でもも、ヘチマもねェ！,,pendente,
qev13_040.scr:16,qev13_040.scr,16,59,ルカ,personagem,16,8,,,ひっ！！,,pendente,
qev13_040.scr:17,qev13_040.scr,17,61,スパーダ,personagem,17,40,,CRLF x1,いいから、そのウジウジを\n今すぐやめな！,,pendente,
qev13_040.scr:18,qev13_040.scr,18,61,スパーダ,personagem,18,54,,CRLF x1,んで、気になる事があンなら\n本人に聞くなりなんなりしろ,,pendente,
qev13_040.scr:19,qev13_040.scr,19,59,ルカ,personagem,19,8,,,…………,,pendente,
qev13_040.scr:20,qev13_040.scr,20,61,スパーダ,personagem,20,26,,,一人であんま、思い詰めんな,,pendente,
qev13_040.scr:21,qev13_040.scr,21,61,スパーダ,personagem,21,58,,CRLF x2,そーいうの、寂しいっつーか\nムカつくだけだぜ。\nこっちはよ,,pendente,
qev13_040.scr:22,qev13_040.scr,22,59,ルカ,personagem,22,12,,,スパーダ……,,pendente,
qev13_040.scr:23,qev13_040.scr,23,59,ルカ,personagem,23,34,,CRLF x1,どうしたの？\n今日はやけに優しいね,,pendente,
qev13_040.scr:24,qev13_040.scr,24,61,スパーダ,personagem,24,6,,,バーカ,,pendente,
qev13_040.scr:25,qev13_040.scr,25,61,スパーダ,personagem,25,52,,CRLF x1,ダチってのはなァ、\nこういう時に助け合うモンなんだよ,,pendente,
qev13_040.scr:26,qev13_040.scr,26,61,スパーダ,personagem,26,10,,,な？　○○,,pendente,
qev13_041.scr:0,qev13_041.scr,0,60,イリア,personagem,0,42,,CRLF x1,あー、イライラするったら。\n何なのアイツ！,,pendente,
qev13_041.scr:1,qev13_041.scr,1,60,イリア,personagem,1,36,,CRLF x1,ウジウジ、めそめそ、\nいじけてばっか,,pendente,
qev13_041.scr:2,qev13_041.scr,2,60,イリア,personagem,2,80,,CRLF x2,そのくせ、他の女とは\nデレ〜っと鼻の下伸ばして\nお勉強会なんてやってやがんのよ！,,pendente,
qev13_041.scr:3,qev13_041.scr,3,60,イリア,personagem,3,32,,,うぎぃぃ〜〜っ、腹立つゥ〜〜！！,,pendente,
qev13_041.scr:4,qev13_041.scr,4,61,スパーダ,personagem,4,62,,CRLF x2,だったらそれ、\nそのまんまルカのヤツに\n言ってやれば良くねェ？,,pendente,
qev13_041.scr:5,qev13_041.scr,5,61,スパーダ,personagem,5,54,,CRLF x1,「他の女と仲良くしてるのが\n　一番気に入らない」ってよ,,pendente,
qev13_041.scr:6,qev13_041.scr,6,60,イリア,personagem,6,46,,CRLF x1,何よそれ！\nアンタ、あたしをバカにしてんの！？,,pendente,
qev13_041.scr:7,qev13_041.scr,7,61,スパーダ,personagem,7,62,,CRLF x1,オイオイ、オレに噛み付くなよ！\nこっちは心配して言ってんだぜ？,,pendente,
qev13_041.scr:8,qev13_041.scr,8,61,スパーダ,personagem,8,54,,CRLF x1,お前はいいのかよ。\nルカといつまでも、このまんまでよ？,,pendente,
qev13_041.scr:9,qev13_041.scr,9,60,イリア,personagem,9,10,,,それは……,,pendente,
qev13_041.scr:10,qev13_041.scr,10,61,スパーダ,personagem,10,40,,CRLF x1,アイツ、さっきも\nめそめそ泣いてたぜェ？,,pendente,
qev13_041.scr:11,qev13_041.scr,11,61,スパーダ,personagem,11,104,,CRLF x2,ルカのヤツも相当いじけ虫だがよ、\nお前にももう少し……何だ、その\n別のやり方ってェのがあるんじゃねーの？,,pendente,
qev13_041.scr:12,qev13_041.scr,12,60,イリア,personagem,12,18,,,……別のやり方……,,pendente,
qev13_041.scr:13,qev13_041.scr,13,60,イリア,personagem,13,20,,,そうね……、そうかも,,pendente,
qev13_041.scr:14,qev13_041.scr,14,61,スパーダ,personagem,14,24,,CRLF x1,おっ。\nわかってくれ……,,pendente,
qev13_041.scr:15,qev13_041.scr,15,60,イリア,personagem,15,66,,CRLF x1,どうせ見るなら、とっておきの\nルカちゃまの泣き顔が見たいものねェ∀,,pendente,
qev13_041.scr:16,qev13_041.scr,16,60,イリア,personagem,16,54,,CRLF x1,中途半端に泣かせてる今の状態は\n確かにもったいないし？,,pendente,
qev13_041.scr:17,qev13_041.scr,17,60,イリア,personagem,17,64,,CRLF x2,こりゃ、早急に\n作戦を練る必要があるわね……。\nウヒヒヒヒヒヒヒ,,pendente,
qev13_041.scr:18,qev13_041.scr,18,61,スパーダ,personagem,18,62,,CRLF x2,お前……、\nそういう話ンなると\nほんっとイキイキするよなぁ……,,pendente,
qev13_050.scr:0,qev13_050.scr,0,61,スパーダ,personagem,0,44,,CRLF x1,ふう。\nったく、驚かせんじゃねーっての……！,,pendente,
qev13_050.scr:1,qev13_050.scr,1,60,イリア,personagem,1,14,,,ホントよね……,,pendente,
qev13_050.scr:2,qev13_050.scr,2,60,イリア,personagem,2,18,,,あ、痛つつつつ……,,pendente,
qev13_050.scr:3,qev13_050.scr,3,59,ルカ,personagem,3,32,,CRLF x1,イリア、大丈夫？\nどこか痛むの？,,pendente,
qev13_050.scr:4,qev13_050.scr,4,60,イリア,personagem,4,22,,,あ……あたしは別に……,,pendente,
qev13_050.scr:5,qev13_050.scr,5,60,イリア,personagem,5,58,,CRLF x1,それよか、アンタの方が\nよっぽど怪我してんじゃないのよッ！,,pendente,
qev13_050.scr:6,qev13_050.scr,6,59,ルカ,personagem,6,40,,CRLF x1,え……。\nでもこれくらい……何ともないよ,,pendente,
qev13_050.scr:7,qev13_050.scr,7,60,イリア,personagem,7,28,,,いーから見せなさいっての！！,,pendente,
qev13_050.scr:8,qev13_050.scr,8,60,イリア,personagem,8,50,,CRLF x2,ったく……。\nルカのくせに、\n無茶するんだから……,,pendente,
qev13_050.scr:9,qev13_050.scr,9,59,ルカ,personagem,9,20,,,うん……、ごめん……,,pendente,
qev13_050.scr:10,qev13_050.scr,10,60,イリア,personagem,10,28,,CRLF x1,ば、ばかっ。\n何謝ってんの？,,pendente,
qev13_050.scr:11,qev13_050.scr,11,60,イリア,personagem,11,22,,,っていうか、むしろ……,,pendente,
qev13_050.scr:12,qev13_050.scr,12,60,イリア,personagem,12,8,,,…………,,pendente,
qev13_050.scr:13,qev13_050.scr,13,59,ルカ,personagem,13,16,,,どうしたの……？,,pendente,
qev13_050.scr:14,qev13_050.scr,14,60,イリア,personagem,14,8,,,ルカッ！,,pendente,
qev13_050.scr:15,qev13_050.scr,15,59,ルカ,personagem,15,12,,,は、はいっ？,,pendente,
qev13_050.scr:16,qev13_050.scr,16,60,イリア,personagem,16,26,,,助けてくれて、ありがと！！,,pendente,
qev13_050.scr:17,qev13_050.scr,17,60,イリア,personagem,17,64,,CRLF x1,だから……、もー謝るのとかやめてよね。\n……お互いサマなんだから,,pendente,
qev13_050.scr:18,qev13_050.scr,18,59,ルカ,personagem,18,14,,,……イリア……,,pendente,
qev13_050.scr:19,qev13_050.scr,19,61,スパーダ,personagem,19,46,,CRLF x1,よくわからねェけど、\nうまくいったみてぇだな？,,pendente,
qev13_050.scr:20,qev13_050.scr,20,61,スパーダ,personagem,20,56,,CRLF x1,一時はどうなるかと思ったけど……。\nま、結果オーライか！,,pendente,
qev13_060.scr:0,qev13_060.scr,0,60,イリア,personagem,1,28,,,ふーっ、やっと帰ってきたぁ♪,,pendente,
qev13_060.scr:1,qev13_060.scr,1,59,ルカ,personagem,2,58,,CRLF x2,うん……。\n何だか、ここに戻ってくると\nちょっと落ち着くね,,pendente,
qev13_060.scr:2,qev13_060.scr,2,60,イリア,personagem,3,58,,CRLF x2,そーねぇ。\n半分もう、あたし達の\n家みたいなものなのかもね,,pendente,
qev13_060.scr:3,qev13_060.scr,3,61,スパーダ,personagem,4,10,,,家、か……,,pendente,
qev13_060.scr:4,qev13_060.scr,4,61,スパーダ,personagem,5,42,,CRLF x2,へへっ。\n悪かァねえなぁ？\nそういうのもよ,,pendente,
qev13_060.scr:5,qev13_060.scr,5,200,(ator 200),desconhecido,6,8,,,…………,,pendente,
qev13_060.scr:6,qev13_060.scr,6,62,アンジュ,personagem,7,50,,CRLF x1,みんな、ご苦労様。\nその様子だと収穫あったみたいね,,pendente,
qev13_060.scr:7,qev13_060.scr,7,60,イリア,personagem,8,32,,CRLF x1,モチのロンよぉ〜。\n楽勝だって！,,pendente,
qev13_060.scr:8,qev13_060.scr,8,62,アンジュ,personagem,9,22,,CRLF x1,そう。\nそれは良かった,,pendente,
qev13_060.scr:9,qev13_060.scr,9,62,アンジュ,personagem,10,66,,CRLF x2,それじゃ、早速だけど\n無断外出した理由を\n聞かせてもらってもいい？,,pendente,
qev13_060.scr:10,qev13_060.scr,10,59,ルカ,personagem,11,14,,,無断……外出？,,pendente,
qev13_060.scr:11,qev13_060.scr,11,59,ルカ,personagem,12,62,,CRLF x2,どうして？\nだってスパーダ、\nギルドで正式に受けた依頼って……,,pendente,
qev13_060.scr:12,qev13_060.scr,12,62,アンジュ,personagem,13,56,,CRLF x2,ふうん。\nそう……、スパーダ君はそんな風に\n言ってたのね,,pendente,
qev13_060.scr:13,qev13_060.scr,13,60,イリア,personagem,14,72,,CRLF x2,って事は……。\nでっちあげの理由で、あたし達を\n外に連れ出したってこと？,,pendente,
qev13_060.scr:14,qev13_060.scr,14,60,イリア,personagem,15,44,,CRLF x1,うぎぃぃいい！　何ソレ！\n騙したってわけ！？,,pendente,
qev13_060.scr:15,qev13_060.scr,15,60,イリア,personagem,16,20,,,ちょっと、スパーダ！,,pendente,
qev13_060.scr:16,qev13_060.scr,16,60,イリア,personagem,17,30,,CRLF x1,っていないし！？\nアイツ……！,,pendente,
qev13_060.scr:17,qev13_060.scr,17,62,アンジュ,personagem,18,40,,CRLF x1,ウフフ。\n何となく、事情は飲み込めたけど,,pendente,
qev13_060.scr:18,qev13_060.scr,18,62,アンジュ,personagem,19,26,,,……もう、しょうがないなぁ,,pendente,
qev13_060.scr:19,qev13_060.scr,19,62,アンジュ,personagem,20,34,,CRLF x1,後でたっぷり\nお説教しなくちゃね∀,,pendente,
qev13_070.scr:0,qev13_070.scr,0,60,イリア,personagem,1,40,,CRLF x1,この辺に魔物が\n出るって話だったのよね？,,pendente,
qev13_070.scr:1,qev13_070.scr,1,60,イリア,personagem,2,24,,,んで？　どこにいんのよ？,,pendente,
qev13_070.scr:2,qev13_070.scr,2,59,ルカ,personagem,3,56,,CRLF x1,い……、いきなりはやっぱり\n出て来ないんじゃないかな……,,pendente,
qev13_070.scr:3,qev13_070.scr,3,59,ルカ,personagem,4,78,,CRLF x2,せめてこう、\n相手の興味を引く事をするとか\nテリトリーを荒らすとかしないと……,,pendente,
qev13_070.scr:4,qev13_070.scr,4,60,イリア,personagem,5,22,,CRLF x1,あそ。\nじゃ、決まりね,,pendente,
qev13_070.scr:5,qev13_070.scr,5,60,イリア,personagem,6,24,,,その囮役はルカに決定ー♪,,pendente,
qev13_070.scr:6,qev13_070.scr,6,59,ルカ,personagem,7,30,,CRLF x1,ええっ！\n何でそうなるのさぁ〜,,pendente,
qev13_070.scr:7,qev13_070.scr,7,61,スパーダ,personagem,8,12,,,おい、○○！,,pendente,
qev13_070.scr:8,qev13_070.scr,8,61,スパーダ,personagem,9,52,,CRLF x1,あいつらが話し込んでるスキに、\nこっからずらかるぜ！,,pendente,
qev13_070.scr:9,qev13_070.scr,9,200,(ator 200),desconhecido,10,8,,,…………,,pendente,
qev13_070.scr:10,qev13_070.scr,10,60,イリア,personagem,11,18,,,ちょっ、何、今の？,,pendente,
qev13_070.scr:11,qev13_070.scr,11,59,ルカ,personagem,12,18,,,危ない、イリア！！,,pendente,
qev13_070.scr:12,qev13_070.scr,12,61,スパーダ,personagem,13,48,,CRLF x1,ンだよ、マジでここは\n化け物の巣だったってか！？,,pendente,
qev13_070.scr:13,qev13_070.scr,13,61,スパーダ,personagem,14,34,,,チックショウ、やるっきゃねえか……,,pendente,
qev13_070.scr:14,qev13_070.scr,14,61,スパーダ,personagem,15,34,,CRLF x1,○○、援護頼むぜ！\n遅れんなよ！？,,pendente,
qev13_080.scr:0,qev13_080.scr,0,61,スパーダ,personagem,1,62,,CRLF x2,へっ、律儀なこった。\nココでオレ達の帰りを\n待ってたってかァ？,,pendente,
qev13_080.scr:1,qev13_080.scr,1,61,スパーダ,personagem,2,32,,CRLF x1,……上等だぜ！\n覚悟しやがれ！！,,pendente,
qev14_010.scr:0,qev14_010.scr,0,41,ティトレイ,personagem,0,10,,,うーん……,,pendente,
qev14_010.scr:1,qev14_010.scr,1,54,ナタリア,personagem,1,56,,CRLF x1,どうしましたの、ティトレイ？\n随分悩んでいる様ですけれど,,pendente,
qev14_010.scr:2,qev14_010.scr,2,41,ティトレイ,personagem,2,52,,CRLF x1,ああ、実は次の料理当番\nおれに回ってくる事んなってさ,,pendente,
qev14_010.scr:3,qev14_010.scr,3,41,ティトレイ,personagem,3,96,,CRLF x2,せっかくだし、張り切って\n何か旨いモンでも作ろうと思うんだけど\nいまいちアイデアがわかなくてな〜,,pendente,
qev14_010.scr:4,qev14_010.scr,4,54,ナタリア,personagem,4,18,,,そうでしたのね……,,pendente,
qev14_010.scr:5,qev14_010.scr,5,54,ナタリア,personagem,5,58,,CRLF x1,それでしたら、以前お話されていた\nキノコ料理などはいかが？,,pendente,
qev14_010.scr:6,qev14_010.scr,6,54,ナタリア,personagem,6,58,,CRLF x1,滋養強壮にもなりますし、\n私、是非一度味わってみたいですわ,,pendente,
qev14_010.scr:7,qev14_010.scr,7,41,ティトレイ,personagem,7,16,,,ああ、あれかぁ！,,pendente,
qev14_010.scr:8,qev14_010.scr,8,41,ティトレイ,personagem,8,66,,CRLF x2,でも、あれを作るには\n特別かつ極上の材料がなきゃ\nダメなんだよなぁ,,pendente,
qev14_010.scr:9,qev14_010.scr,9,41,ティトレイ,personagem,9,48,,CRLF x1,これから一人で取りに行くってのは、\nちょっと……,,pendente,
qev14_010.scr:10,qev14_010.scr,10,54,ナタリア,personagem,10,32,,,人手があればよろしいんですのね？,,pendente,
qev14_010.scr:11,qev14_010.scr,11,54,ナタリア,personagem,11,42,,CRLF x1,わかりました。\n私が何とか掛け合ってみます,,pendente,
qev14_010.scr:12,qev14_010.scr,12,41,ティトレイ,personagem,12,26,,CRLF x1,本当か？\nそれなら話は早え,,pendente,
qev14_010.scr:13,qev14_010.scr,13,41,ティトレイ,personagem,13,52,,CRLF x1,よーし、思い立ったが何とやらだ。\n行動あるのみだぜ！,,pendente,
qev14_010.scr:14,qev14_010.scr,14,,(mensagem de sistema),sistema,14,90,,CRLF x2,クエスト「最高の一品を求めて」が\nエントリーされました。\nティトレイから受ける事が出来ます,,pendente,
qev14_020.scr:0,qev14_020.scr,0,41,ティトレイ,personagem,0,28,,,うーっし、みんな集まったな？,,pendente,
qev14_020.scr:1,qev14_020.scr,1,45,ウィル,personagem,1,36,,CRLF x1,急に呼び付けるから\n何かと思えば……,,pendente,
qev14_020.scr:2,qev14_020.scr,2,45,ウィル,personagem,2,36,,CRLF x1,ふむ。\nまあ、いい気分転換にはなるか,,pendente,
qev14_020.scr:3,qev14_020.scr,3,55,アッシュ,personagem,3,42,,CRLF x1,おい、ちょっと待て。\n何で俺までここに……,,pendente,
qev14_020.scr:4,qev14_020.scr,4,54,ナタリア,personagem,4,20,,,私が推薦したのですわ,,pendente,
qev14_020.scr:5,qev14_020.scr,5,55,アッシュ,personagem,5,10,,,ナタリア？,,pendente,
qev14_020.scr:6,qev14_020.scr,6,54,ナタリア,personagem,6,76,,CRLF x2,アッシュは以前、\nお母様のご病気を治す為、\nキノコ採取に行った事があるのです,,pendente,
qev14_020.scr:7,qev14_020.scr,7,54,ナタリア,personagem,7,82,,CRLF x2,きっと、その時の経験を活かして、\n素晴らしいキノコを\n見つけてきてくれるはずですわ,,pendente,
qev14_020.scr:8,qev14_020.scr,8,54,ナタリア,personagem,8,100,,CRLF x2,ティトレイの料理は絶品ですもの。\nそのティトレイが是非にと推す一品、\n私もとても楽しみにしていますわ,,pendente,
qev14_020.scr:9,qev14_020.scr,9,55,アッシュ,personagem,9,6,,,ぐ……,,pendente,
qev14_020.scr:10,qev14_020.scr,10,45,ウィル,personagem,10,28,,,ああまで言われては、断れんな,,pendente,
qev14_020.scr:11,qev14_020.scr,11,41,ティトレイ,personagem,11,18,,,んじゃ、決まりだな,,pendente,
qev14_020.scr:12,qev14_020.scr,12,41,ティトレイ,personagem,12,56,,CRLF x1,待ってろナタリア。\n今にすげえ旨いモン食わしてやっからよ,,pendente,
qev14_020.scr:13,qev14_020.scr,13,54,ナタリア,personagem,13,52,,CRLF x1,期待していますわよ、ティトレイ。\nそれに、アッシュも,,pendente,
qev14_020.scr:14,qev14_020.scr,14,55,アッシュ,personagem,14,8,,,…………,,pendente,
qev14_030.scr:0,qev14_030.scr,0,41,ティトレイ,personagem,0,42,,CRLF x1,ここだな？\nハナアブラダケの生息地ってのは,,pendente,
qev14_030.scr:1,qev14_030.scr,1,45,ウィル,personagem,1,4,,,ああ,,pendente,
qev14_030.scr:2,qev14_030.scr,2,45,ウィル,personagem,2,110,,CRLF x2,あまり繁殖力の強いキノコではないから\n数を集めるのに時間はかかるかもしれんが\nここなら問題なく採取出来るだろう,,pendente,
qev14_030.scr:3,qev14_030.scr,3,41,ティトレイ,personagem,3,78,,CRLF x2,うおっし。\nばんばん採って、みんなに自慢の\nキノコスープを振る舞ってやるぜえ！,,pendente,
qev14_030.scr:4,qev14_030.scr,4,55,アッシュ,personagem,4,36,,CRLF x1,フン。\nそう上手くいけばいいがな……,,pendente,
qev14_040.scr:0,qev14_040.scr,0,45,ウィル,personagem,0,44,,CRLF x1,この辺りは、\n毒性のキノコも多く生息している,,pendente,
qev14_040.scr:1,qev14_040.scr,1,45,ウィル,personagem,1,42,,CRLF x1,怪しいと思ったら、むやみに\n手を触れるなよ,,pendente,
qev14_040.scr:2,qev14_040.scr,2,200,(ator 200),desconhecido,2,8,,,…………,,pendente,
qev14_040.scr:3,qev14_040.scr,3,41,ティトレイ,personagem,3,64,,CRLF x2,わかってるって。\n要はハナアブラダケしか\n採らなきゃいいんだろ？,,pendente,
qev14_040.scr:4,qev14_040.scr,4,41,ティトレイ,personagem,4,6,,,おっ！,,pendente,
qev14_040.scr:5,qev14_040.scr,5,41,ティトレイ,personagem,5,42,,CRLF x1,そう言ってる間に、\n早速一つゲットだぜ！！,,pendente,
qev14_040.scr:6,qev14_040.scr,6,55,アッシュ,personagem,6,40,,CRLF x1,馬鹿、それは\nハナアブラドクドクダケだ！,,pendente,
qev14_040.scr:7,qev14_040.scr,7,55,アッシュ,personagem,7,46,,CRLF x1,誤って口にしてみろ、\n一瞬であの世逝きだぞ！！,,pendente,
qev14_040.scr:8,qev14_040.scr,8,41,ティトレイ,personagem,8,22,,,えっ？　ほ、本当か！？,,pendente,
qev14_040.scr:9,qev14_040.scr,9,45,ウィル,personagem,9,52,,CRLF x2,ふむ……。\n確かにこれは、\nハナアブラドクドクダケだ,,pendente,
qev14_040.scr:10,qev14_040.scr,10,45,ウィル,personagem,10,92,,CRLF x2,非常に毒性が高い事で有名だが、\nハナアブラダケと類似点が多く\nなかなか見分ける事が困難なのだ,,pendente,
qev14_040.scr:11,qev14_040.scr,11,45,ウィル,personagem,11,16,,,よく知っていたな,,pendente,
qev14_040.scr:12,qev14_040.scr,12,55,アッシュ,personagem,12,40,,CRLF x1,フン……。\n本で少し調べた事があるだけだ,,pendente,
qev14_040.scr:13,qev14_040.scr,13,41,ティトレイ,personagem,13,28,,,ああ、母親の為にってやつか？,,pendente,
qev14_040.scr:14,qev14_040.scr,14,41,ティトレイ,personagem,14,56,,CRLF x1,アッシュってツンツンしてっけど、\n結構いいとこあんだなぁ,,pendente,
qev14_040.scr:15,qev14_040.scr,15,55,アッシュ,personagem,15,60,,CRLF x2,だ、黙れ！\n口を動かす暇があったら\n手と頭を動かしやがれ！！,,pendente,
qev14_040.scr:16,qev14_040.scr,16,41,ティトレイ,personagem,16,48,,CRLF x2,ははっ。\n照れてんのか？\n何かお前、いい奴だなぁ,,pendente,
qev14_040.scr:17,qev14_040.scr,17,45,ウィル,personagem,17,28,,,嫌味が全く通じていないな……,,pendente,
qev14_041.scr:0,qev14_041.scr,0,45,ウィル,personagem,0,20,,,おい……これを見ろ！,,pendente,
qev14_041.scr:1,qev14_041.scr,1,200,(ator 200),desconhecido,1,6,,,……？,,pendente,
qev14_041.scr:2,qev14_041.scr,2,41,ティトレイ,personagem,2,30,,,何だ、キノコが見つかったのか？,,pendente,
qev14_041.scr:3,qev14_041.scr,3,41,ティトレイ,personagem,3,44,,CRLF x1,って、うわっ！\nすげえ毒々しい色のキノコだな,,pendente,
qev14_041.scr:4,qev14_041.scr,4,45,ウィル,personagem,4,76,,CRLF x2,ニガニガグリグリダケだ。\nこの辺りでの生息は確認されて\nいなかったのだが……,,pendente,
qev14_041.scr:5,qev14_041.scr,5,45,ウィル,personagem,5,78,,CRLF x2,どうやらどこかから胞子でも\n飛んできたらしい。\nいや、それとも新種か、亜種か？,,pendente,
qev14_041.scr:6,qev14_041.scr,6,45,ウィル,personagem,6,50,,CRLF x1,そもそもこことは環境条件が\n適合しないはずだが……,,pendente,
qev14_041.scr:7,qev14_041.scr,7,41,ティトレイ,personagem,7,52,,CRLF x2,何だよ、\nハナアブラダケじゃないなら\nいいじゃねえか,,pendente,
qev14_041.scr:8,qev14_041.scr,8,41,ティトレイ,personagem,8,18,,,早く探しに行こうぜ,,pendente,
qev14_041.scr:9,qev14_041.scr,9,45,ウィル,personagem,9,112,,CRLF x2,何を言う！　貴重なサンプルだぞ。\nこのニガニガグリグリダケを足がかりに\nこの一帯の生態系の変化が掴めるかもしれん,,pendente,
qev14_041.scr:10,qev14_041.scr,10,55,アッシュ,personagem,10,88,,CRLF x2,ニガニガグリグリだか、\nイボイボブツブツだか知らねえが、\nいつまで油を売ってるつもりだ？,,pendente,
qev14_041.scr:11,qev14_041.scr,11,41,ティトレイ,personagem,11,48,,CRLF x1,おお〜、ハナアブラダケだけに\n油を売ってるって？,,pendente,
qev14_041.scr:12,qev14_041.scr,12,41,ティトレイ,personagem,12,58,,CRLF x2,はっはっはっは。\nやっぱ、アッシュって\n面白ぇ奴だよな〜！,,pendente,
qev14_041.scr:13,qev14_041.scr,13,55,アッシュ,personagem,13,28,,,ギャグで言ったわけじゃねえ！,,pendente,
qev14_041.scr:14,qev14_041.scr,14,45,ウィル,personagem,14,80,,CRLF x2,おい、二人とも手を貸せ！\n状態のいいニガニガグリグリダケを\n幾つか採取していくぞ,,pendente,
qev14_041.scr:15,qev14_041.scr,15,55,アッシュ,personagem,15,22,,,お前は人の話を聞け！！,,pendente,
qev14_042.scr:0,qev14_042.scr,0,41,ティトレイ,personagem,1,62,,CRLF x1,しっかし、アッシュはほんとに\n毒キノコの見分け方が上手いよなぁ,,pendente,
qev14_042.scr:1,qev14_042.scr,1,41,ティトレイ,personagem,2,22,,,何かコツでもあんのか？,,pendente,
qev14_042.scr:2,qev14_042.scr,2,55,アッシュ,personagem,3,54,,CRLF x1,ひだの色や傘の膨らみ、\nそれに条線の有無で判別している,,pendente,
qev14_042.scr:3,qev14_042.scr,3,55,アッシュ,personagem,4,98,,CRLF x2,それぞれ別のキノコである以上、\nどこかに決定的な違いがあるはずだ。\nそれを見分けているだけに過ぎん,,pendente,
qev14_042.scr:4,qev14_042.scr,4,41,ティトレイ,personagem,5,50,,CRLF x1,すっげえなぁ。\nキノコのスペシャリストって感じだな,,pendente,
qev14_042.scr:5,qev14_042.scr,5,41,ティトレイ,personagem,6,40,,CRLF x1,いや、いっそ博士か。\nよっ、キノコ博士！,,pendente,
qev14_042.scr:6,qev14_042.scr,6,55,アッシュ,personagem,7,44,,CRLF x1,妙な名前で呼ぶんじゃねえ！\n斬られたいか！！,,pendente,
qev14_042.scr:7,qev14_042.scr,7,45,ウィル,personagem,8,28,,,おい、みんな！　すごいぞ！！,,pendente,
qev14_042.scr:8,qev14_042.scr,8,45,ウィル,personagem,9,84,,CRLF x2,すぐそこに貴重な魔物の巣を見つけた。\n卵を早速サンプルとして\n採取してみたんだが……,,pendente,
qev14_042.scr:9,qev14_042.scr,9,55,アッシュ,personagem,10,18,,CRLF x1,おい。\nまさか……,,pendente,
qev14_042.scr:10,qev14_042.scr,10,41,ティトレイ,personagem,11,22,,CRLF x1,シッ。\n何か聞こえるぜ,,pendente,
qev14_042.scr:11,qev14_042.scr,11,45,ウィル,personagem,12,78,,CRLF x1,ああ、どうやら親に勘付かれたらしい。\nこの卵だけは死守するぞ、お前達も手伝え！,,pendente,
qev14_042.scr:12,qev14_042.scr,12,200,(ator 200),desconhecido,13,8,,,……！！,,pendente,
qev14_042.scr:13,qev14_042.scr,13,55,アッシュ,personagem,14,50,,CRLF x1,この偏執博物学者が！\nお前の脳みそはスポンジか！？,,pendente,
qev14_042.scr:14,qev14_042.scr,14,41,ティトレイ,personagem,15,42,,CRLF x1,やばいって、\nマジで大群でこっち来んぞ！！,,pendente,
qev14_042.scr:15,qev14_042.scr,15,45,ウィル,personagem,16,50,,CRLF x2,うむ。\nだから早く逃げろと伝えに来たのだ。\n行くぞ,,pendente,
qev14_042.scr:16,qev14_042.scr,16,55,アッシュ,personagem,17,60,,CRLF x1,くっ……、覚えておけ。\n後で必ず、血祭りにあげてやる……！！,,pendente,
qev14_042.scr:17,qev14_042.scr,17,41,ティトレイ,personagem,18,30,,,待てよ、おれを置いてくなって！,,pendente,
qev14_050.scr:0,qev14_050.scr,0,41,ティトレイ,personagem,0,32,,,よーっし、こんだけあれば十分だろ,,pendente,
qev14_050.scr:1,qev14_050.scr,1,45,ウィル,personagem,1,72,,CRLF x2,ふむ……。\n貴重なサンプルも手に入ったし、\nなかなか充実した時間だったな,,pendente,
qev14_050.scr:2,qev14_050.scr,2,55,アッシュ,personagem,2,8,,,…………,,pendente,
qev14_050.scr:3,qev14_050.scr,3,200,(ator 200),desconhecido,3,8,,,…………,,pendente,
qev14_050.scr:4,qev14_050.scr,4,41,ティトレイ,personagem,4,58,,CRLF x2,何だよ、アッシュ。\nこれくらいで、\nへこたれちまったのか？,,pendente,
qev14_050.scr:5,qev14_050.scr,5,41,ティトレイ,personagem,5,36,,,ちっと、修行が足りないんじゃねえのか,,pendente,
qev14_050.scr:6,qev14_050.scr,6,55,アッシュ,personagem,6,24,,,誰のせいだと思っている！,,pendente,
qev14_050.scr:7,qev14_050.scr,7,45,ウィル,personagem,7,30,,CRLF x1,そうだぞティトレイ。\n反省しろ,,pendente,
qev14_050.scr:8,qev14_050.scr,8,55,アッシュ,personagem,8,12,,,お前もだ！！,,pendente,
qev14_060.scr:0,qev14_060.scr,0,41,ティトレイ,personagem,0,40,,CRLF x1,さ〜て。\nこっからは、おれの本領発揮だな,,pendente,
qev14_060.scr:1,qev14_060.scr,1,55,アッシュ,personagem,1,8,,,…………,,pendente,
qev14_060.scr:2,qev14_060.scr,2,41,ティトレイ,personagem,2,46,,CRLF x1,何だよアッシュ、怖い顔して。\n嬉しくねえのか？,,pendente,
qev14_060.scr:3,qev14_060.scr,3,55,アッシュ,personagem,3,68,,CRLF x2,これから先、お前達には同行しない。\n何があってもごめんだ。\n二度とな,,pendente,
qev14_060.scr:4,qev14_060.scr,4,45,ウィル,personagem,4,62,,CRLF x2,随分な物言いだな。\n仲間同士、もう少し仲良くしたら\nどうなんだ,,pendente,
qev14_060.scr:5,qev14_060.scr,5,55,アッシュ,personagem,5,36,,,誰のせいでこうなったと思っている！！,,pendente,
qev14_060.scr:6,qev14_060.scr,6,41,ティトレイ,personagem,6,64,,CRLF x2,あ〜わかったわかった。\nアッシュは腹減って\nイライラしてんだろ？,,pendente,
qev14_060.scr:7,qev14_060.scr,7,41,ティトレイ,personagem,7,46,,CRLF x1,すぐ支度すっからよ、\n楽しみに待っててくれよな,,pendente,
qev14_060.scr:8,qev14_060.scr,8,55,アッシュ,personagem,8,8,,,…………,,pendente,
qev14_060.scr:9,qev14_060.scr,9,45,ウィル,personagem,9,56,,CRLF x1,そう落ち込むな。\nナタリアの喜ぶ顔が見たかったのだろう？,,pendente,
qev14_060.scr:10,qev14_060.scr,10,55,アッシュ,personagem,10,22,,,黙れ、この偏執博物学者,,pendente,
qev14_060.scr:11,qev14_060.scr,11,55,アッシュ,personagem,11,64,,CRLF x1,くっ、ナタリアの頼みでさえなければ\n誰がこんなくだらん雑用を……,,pendente,
qev14_060.scr:12,qev14_060.scr,12,45,ウィル,personagem,12,14,,,まあそう言うな,,pendente,
qev14_060.scr:13,qev14_060.scr,13,45,ウィル,personagem,13,68,,CRLF x2,○○もご苦労だったな。\n少し体を休めて、折を見てから\n食事にしようか,,pendente,
qev15_010.scr:0,qev15_010.scr,0,36,リヒター,personagem,0,4,,,おい,,pendente,
qev15_010.scr:1,qev15_010.scr,1,34,エミル,personagem,1,18,,,え……、は、はい！,,pendente,
qev15_010.scr:2,qev15_010.scr,2,36,リヒター,personagem,2,60,,CRLF x2,お前の戦い方は、\nいつもああなのか？\nまるで別人の様だったな,,pendente,
qev15_010.scr:3,qev15_010.scr,3,34,エミル,personagem,3,48,,CRLF x1,え、えっと……そう……なんです。\nすみません……,,pendente,
qev15_010.scr:4,qev15_010.scr,4,36,リヒター,personagem,4,8,,,なぜ謝る,,pendente,
qev15_010.scr:5,qev15_010.scr,5,34,エミル,personagem,5,34,,CRLF x1,いえ……あの……。\nすみません……,,pendente,
qev15_010.scr:6,qev15_010.scr,6,36,リヒター,personagem,6,8,,,…………,,pendente,
qev15_010.scr:7,qev15_010.scr,7,36,リヒター,personagem,7,48,,CRLF x1,好戦的なのは結構だが、\n間合いを一息に詰め過ぎだ,,pendente,
qev15_010.scr:8,qev15_010.scr,8,36,リヒター,personagem,8,82,,CRLF x2,敵にただ畳み掛けるだけの\n戦い方では、いつか大怪我をする。\nそうなってからでは遅い,,pendente,
qev15_010.scr:9,qev15_010.scr,9,34,エミル,personagem,9,28,,,心配……してくれたんですか？,,pendente,
qev15_010.scr:10,qev15_010.scr,10,34,エミル,personagem,10,26,,,リヒターさんって、優し……,,pendente,
qev15_010.scr:11,qev15_010.scr,11,36,リヒター,personagem,11,64,,CRLF x2,わざわざ死に急ぐ事もない。\nそう思ったから忠告した。\nそれだけだ,,pendente,
qev15_010.scr:12,qev15_010.scr,12,34,エミル,personagem,12,14,,,あ、あの……！,,pendente,
qev15_010.scr:13,qev15_010.scr,13,34,エミル,personagem,13,66,,CRLF x2,間合いって……、その、\nどういう風に……掴めば\nいいものなんですか,,pendente,
qev15_010.scr:14,qev15_010.scr,14,36,リヒター,personagem,14,8,,,…………,,pendente,
qev15_010.scr:15,qev15_010.scr,15,34,エミル,personagem,15,20,,,……え……えっと……,,pendente,
qev15_010.scr:16,qev15_010.scr,16,34,エミル,personagem,16,12,,,すみませ……,,pendente,
qev15_010.scr:17,qev15_010.scr,17,36,リヒター,personagem,17,38,,CRLF x1,口で説明出来るものではない。\n…………,,pendente,
qev15_010.scr:18,qev15_010.scr,18,36,リヒター,personagem,18,24,,,機会があれば指南してやる,,pendente,
qev15_010.scr:19,qev15_010.scr,19,34,エミル,personagem,19,4,,,え？,,pendente,
qev15_010.scr:20,qev15_010.scr,20,34,エミル,personagem,20,20,,,リ、リヒターさん！？,,pendente,
qev15_010.scr:21,qev15_010.scr,21,34,エミル,personagem,21,8,,,…………,,pendente,
qev15_010.scr:22,qev15_010.scr,22,34,エミル,personagem,22,28,,CRLF x1,怒らせた……のかな。\n僕……,,pendente,
qev15_010.scr:23,qev15_010.scr,23,,(mensagem de sistema),sistema,23,88,,CRLF x2,クエスト「リヒターの戦術指南」が\nエントリーされました。\nリヒターから受ける事が出来ます,,pendente,
qev15_020.scr:0,qev15_020.scr,0,36,リヒター,personagem,0,36,,CRLF x1,来たか。\n準備が出来たなら出発するぞ,,pendente,
qev15_020.scr:1,qev15_020.scr,1,34,エミル,personagem,1,24,,,あ、あの！　リヒターさん,,pendente,
qev15_020.scr:2,qev15_020.scr,2,36,リヒター,personagem,2,4,,,何だ,,pendente,
qev15_020.scr:3,qev15_020.scr,3,34,エミル,personagem,3,14,,,いえ、その……,,pendente,
qev15_020.scr:4,qev15_020.scr,4,34,エミル,personagem,4,36,,CRLF x1,この間の話、\n覚えててくれたんですね,,pendente,
qev15_020.scr:5,qev15_020.scr,5,36,リヒター,personagem,5,8,,,この間？,,pendente,
qev15_020.scr:6,qev15_020.scr,6,34,エミル,personagem,6,14,,,間合いの話です,,pendente,
qev15_020.scr:7,qev15_020.scr,7,36,リヒター,personagem,7,18,,,……それがどうした,,pendente,
qev15_020.scr:8,qev15_020.scr,8,34,エミル,personagem,8,16,,,あ……えっと……,,pendente,
qev15_020.scr:9,qev15_020.scr,9,34,エミル,personagem,9,40,,CRLF x1,気にしてくれてたのが、\n嬉しかったんです,,pendente,
qev15_020.scr:10,qev15_020.scr,10,36,リヒター,personagem,10,20,,,……ただの気まぐれだ,,pendente,
qev15_020.scr:11,qev15_020.scr,11,36,リヒター,personagem,11,6,,,行くぞ,,pendente,
qev15_020.scr:12,qev15_020.scr,12,34,エミル,personagem,12,4,,,あっ,,pendente,
qev15_020.scr:13,qev15_020.scr,13,34,エミル,personagem,13,18,,,ま、待って下さい！,,pendente,
qev15_030.scr:0,qev15_030.scr,0,36,リヒター,personagem,0,68,,CRLF x2,わかっていると思うが、\n今回はお前の戦い方を\n改めて見直すのが目的だ,,pendente,
qev15_030.scr:1,qev15_030.scr,1,36,リヒター,personagem,1,14,,,それを忘れるな,,pendente,
qev15_030.scr:2,qev15_030.scr,2,34,エミル,personagem,2,24,,CRLF x1,はい。\n……頑張ります！,,pendente,
qev15_030.scr:3,qev15_030.scr,3,36,リヒター,personagem,3,20,,CRLF x1,いい返事だ。\n……が,,pendente,
qev15_030.scr:4,qev15_030.scr,4,36,リヒター,personagem,4,64,,CRLF x1,気合を入れ過ぎて空回りしない事だ。\n一瞬の隙が、死を招く事もある,,pendente,
qev15_030.scr:5,qev15_030.scr,5,34,エミル,personagem,5,28,,CRLF x1,は……はい。\nすみません……,,pendente,
qev15_030.scr:6,qev15_030.scr,6,36,リヒター,personagem,6,28,,,……お前はなぜ、不必要に謝る,,pendente,
qev15_030.scr:7,qev15_030.scr,7,34,エミル,personagem,7,22,,,えっ！？　あの……その,,pendente,
qev15_030.scr:8,qev15_030.scr,8,34,エミル,personagem,8,14,,,すみませ……ん,,pendente,
qev15_030.scr:9,qev15_030.scr,9,36,リヒター,personagem,9,8,,,…………,,pendente,
qev15_040.scr:0,qev15_040.scr,0,36,リヒター,personagem,0,26,,,徐々に動きが安定して来たな,,pendente,
qev15_040.scr:1,qev15_040.scr,1,34,エミル,personagem,1,36,,CRLF x1,そう、ですか？\nありがとうございます,,pendente,
qev15_040.scr:2,qev15_040.scr,2,34,エミル,personagem,2,44,,CRLF x1,リヒターさんが、\n色々教えてくれたおかげです,,pendente,
qev15_040.scr:3,qev15_040.scr,3,36,リヒター,personagem,3,8,,,…………,,pendente,
qev15_040.scr:4,qev15_040.scr,4,36,リヒター,personagem,4,44,,CRLF x1,そうして笑うと……、\n本当にそっくりだな……,,pendente,
qev15_040.scr:5,qev15_040.scr,5,34,エミル,personagem,5,16,,,え？　今、何て？,,pendente,
qev15_040.scr:6,qev15_040.scr,6,36,リヒター,personagem,6,56,,CRLF x1,……少し褒められたからといって、\n図に乗るなと言ったのだ,,pendente,
qev15_040.scr:7,qev15_040.scr,7,34,エミル,personagem,7,6,,,あ……,,pendente,
qev15_040.scr:8,qev15_040.scr,8,34,エミル,personagem,8,20,,,そう……ですよね……,,pendente,
qev15_040.scr:9,qev15_040.scr,9,34,エミル,personagem,9,14,,,すみません……,,pendente,
qev15_040.scr:10,qev15_040.scr,10,36,リヒター,personagem,10,8,,,…………,,pendente,
qev15_040.scr:11,qev15_040.scr,11,36,リヒター,personagem,11,26,,,いや、今のは少々言い過ぎた,,pendente,
qev15_040.scr:12,qev15_040.scr,12,36,リヒター,personagem,12,68,,CRLF x2,油断が隙に、その隙が死に繋がる。\n気を引き締めていけ。\n……それから,,pendente,
qev15_040.scr:13,qev15_040.scr,13,36,リヒター,personagem,13,104,,CRLF x2,簡単に謝罪の言葉を口にするのはやめろ。\nそんな事は、他人に媚びへつらう豚……いや\n豚以下の人間がする事だ,,pendente,
qev15_040.scr:14,qev15_040.scr,14,34,エミル,personagem,14,8,,,ぶ……豚,,pendente,
qev15_040.scr:15,qev15_040.scr,15,36,リヒター,personagem,15,62,,CRLF x2,……お前は人間だろう？\n自分の意志で考え\n行動する事を忘れるな,,pendente,
qev15_040.scr:16,qev15_040.scr,16,34,エミル,personagem,16,14,,,あ……は、はい,,pendente,
qev15_040.scr:17,qev15_040.scr,17,34,エミル,personagem,17,74,,CRLF x1,（リヒターさんって……厳しいけど\n　やっぱり……優しい人なのかもしれない）,,pendente,
qev15_040.scr:18,qev15_040.scr,18,36,リヒター,personagem,18,32,,,……なぜ俺の顔をじっと見ている？,,pendente,
qev15_040.scr:19,qev15_040.scr,19,34,エミル,personagem,19,40,,CRLF x1,えっ！？\nあ、あの……、すみませ……あっ,,pendente,
qev15_040.scr:20,qev15_040.scr,20,36,リヒター,personagem,20,8,,,…………,,pendente,
qev15_050.scr:0,qev15_050.scr,0,34,エミル,personagem,0,40,,CRLF x1,はぁ、はぁ……。\n今ので、最後……ですね,,pendente,
qev15_050.scr:1,qev15_050.scr,1,36,リヒター,personagem,1,30,,CRLF x1,ああ。\n少しはコツが掴めたか？,,pendente,
qev15_050.scr:2,qev15_050.scr,2,34,エミル,personagem,2,110,,CRLF x2,はい。　まだ、完全にではないですけど……\nリヒターさんの戦い方を見て\n自分にないものが、わかった様な気がします,,pendente,
qev15_050.scr:3,qev15_050.scr,3,36,リヒター,personagem,3,48,,CRLF x1,その感触を忘れない事だ。\n常に意識し、鍛練に励め,,pendente,
qev15_050.scr:4,qev15_050.scr,4,36,リヒター,personagem,4,34,,,俺は……、お前が死ぬのを見たくない,,pendente,
qev15_050.scr:5,qev15_050.scr,5,34,エミル,personagem,5,18,,,リヒターさん……？,,pendente,
qev15_050.scr:6,qev15_050.scr,6,36,リヒター,personagem,6,40,,CRLF x1,無駄死にするのを見たくない\nと言ったんだ,,pendente,
qev15_050.scr:7,qev15_050.scr,7,36,リヒター,personagem,7,16,,,何かおかしいか？,,pendente,
qev15_050.scr:8,qev15_050.scr,8,34,エミル,personagem,8,50,,CRLF x1,いえ……、やっぱり……\nリヒターさんは、優しいです,,pendente,
qev15_050.scr:9,qev15_050.scr,9,36,リヒター,personagem,9,12,,,…………フン,,pendente,
qev15_050.scr:10,qev15_050.scr,10,36,リヒター,personagem,10,22,,,好きに思っていればいい,,pendente,
qev15_050.scr:11,qev15_050.scr,11,34,エミル,personagem,11,18,,CRLF x1,はい。\nそうします,,pendente,
qev15_050.scr:12,qev15_050.scr,12,34,エミル,personagem,12,10,,,えっと……,,pendente,
qev15_050.scr:13,qev15_050.scr,13,34,エミル,personagem,13,60,,CRLF x1,僕は……、人間ですから。\n僕の思ったまま、思った様に行動して,,pendente,
qev15_050.scr:14,qev15_050.scr,14,34,エミル,personagem,14,20,,,……いいんですよね？,,pendente,
qev15_050.scr:15,qev15_050.scr,15,36,リヒター,personagem,15,28,,,……随分口達者になったものだ,,pendente,
qev15_050.scr:16,qev15_050.scr,16,34,エミル,personagem,16,8,,,……はい,,pendente,
qev15_060.scr:0,qev15_060.scr,0,34,エミル,personagem,0,36,,,リヒターさん、ありがとうございました,,pendente,
qev15_060.scr:1,qev15_060.scr,1,36,リヒター,personagem,1,24,,CRLF x1,礼なら\n○○に言っておけ,,pendente,
qev15_060.scr:2,qev15_060.scr,2,36,リヒター,personagem,2,60,,CRLF x1,お前のフォローの為に、\nわざわざ時間を割いてくれたのだからな,,pendente,
qev15_060.scr:3,qev15_060.scr,3,34,エミル,personagem,3,14,,,あ……、そうか,,pendente,
qev15_060.scr:4,qev15_060.scr,4,34,エミル,personagem,4,16,,,ありがとう、○○,,pendente,
qev15_060.scr:5,qev15_060.scr,5,34,エミル,personagem,5,20,,,あっ、リヒターさん！,,pendente,
qev15_060.scr:6,qev15_060.scr,6,36,リヒター,personagem,6,10,,,今度は何だ,,pendente,
qev15_060.scr:7,qev15_060.scr,7,34,エミル,personagem,7,46,,CRLF x1,その……。\nま、また、一緒に行ってくれますか？,,pendente,
qev15_060.scr:8,qev15_060.scr,8,36,リヒター,personagem,8,18,,,もう教える事はない,,pendente,
qev15_060.scr:9,qev15_060.scr,9,34,エミル,personagem,9,32,,CRLF x1,えっ……。\nそれってどういう……,,pendente,
qev15_060.scr:10,qev15_060.scr,10,34,エミル,personagem,10,16,,,……行っちゃった,,pendente,
qev15_060.scr:11,qev15_060.scr,11,34,エミル,personagem,11,50,,CRLF x1,リヒターさんって……、何だか\n不思議な人だなぁ……,,pendente,
qev16_010.scr:0,qev16_010.scr,0,47,ノーマ,personagem,0,58,,CRLF x2,絶対コレいけるって！\nお宝の予感がする〜！\nチャ〜〜ンス！,,pendente,
qev16_010.scr:1,qev16_010.scr,1,7,ルーティ,personagem,2,64,,CRLF x1,確かに、紙質やインクの感じからして\n結構な年代モノっぽいわね……,,pendente,
qev16_010.scr:2,qev16_010.scr,2,7,ルーティ,personagem,3,50,,CRLF x1,う〜ん、何かワクワクしてきたわ！\nこの山、乗った♪,,pendente,
qev16_010.scr:3,qev16_010.scr,3,47,ノーマ,personagem,4,48,,CRLF x2,よっしゃー！\nそう来なくっちゃー！\nき〜まりっ！,,pendente,
qev16_010.scr:4,qev16_010.scr,4,47,ノーマ,personagem,5,44,,CRLF x1,んじゃアンジュ、ちょっくら\n依頼出させてよ〜,,pendente,
qev16_010.scr:5,qev16_010.scr,5,62,アンジュ,personagem,6,16,,,そうね、面白そう,,pendente,
qev16_010.scr:6,qev16_010.scr,6,62,アンジュ,personagem,7,44,,CRLF x1,せっかくだし、\nわたしも乗っかってみようかな,,pendente,
qev16_010.scr:7,qev16_010.scr,7,7,ルーティ,personagem,8,46,,CRLF x2,あら。\nリーダーにしては珍しく\n積極的じゃない,,pendente,
qev16_010.scr:8,qev16_010.scr,8,62,アンジュ,personagem,9,58,,CRLF x2,うふふ。\nその代わり報酬は\nきっちり山分けって事で、どう？,,pendente,
qev16_010.scr:9,qev16_010.scr,9,47,ノーマ,personagem,10,24,,,ぐぬぬぅ、そう来たか……,,pendente,
qev16_010.scr:10,qev16_010.scr,10,47,ノーマ,personagem,11,38,,CRLF x1,い、いーわよ別に。\nそれでいきましょ！,,pendente,
qev16_010.scr:11,qev16_010.scr,11,62,アンジュ,personagem,12,22,,,目が泳いでるね、ノーマ,,pendente,
qev16_010.scr:12,qev16_010.scr,12,62,アンジュ,personagem,13,56,,CRLF x1,嘘を吐いたら、契約不履行で\n除名処分も辞さないけれど……,,pendente,
qev16_010.scr:13,qev16_010.scr,13,62,アンジュ,personagem,14,88,,CRLF x2,そんな不名誉な肩書きが付いたら、\n他のギルドでももう\n雇ってもらえなくなっちゃうかもね？,,pendente,
qev16_010.scr:14,qev16_010.scr,14,47,ノーマ,personagem,15,30,,,均等に山分けでいいと思いまーす,,pendente,
qev16_010.scr:15,qev16_010.scr,15,7,ルーティ,personagem,16,48,,CRLF x1,アンジュも何だかんだで\nちゃっかりしてるわよねぇ,,pendente,
qev16_010.scr:16,qev16_010.scr,16,62,アンジュ,personagem,17,56,,CRLF x1,最近は人も増えて、何かと物入りだから。\nこれくらいは、ね,,pendente,
qev16_010.scr:17,qev16_010.scr,17,7,ルーティ,personagem,18,42,,CRLF x1,で、どうするの？\nあたし達三人だけで行く？,,pendente,
qev16_010.scr:18,qev16_010.scr,18,62,アンジュ,personagem,19,88,,CRLF x2,いえ、ボディガードを一人雇いましょう。\nわたしにちょっと心当たりがあるの。\n任せておいて,,pendente,
qev16_010.scr:19,qev16_010.scr,19,,(mensagem de sistema),sistema,20,88,,CRLF x2,クエスト「報酬の価値」が\nエントリーされました。\nクエストカウンタから受ける事が出来ます,,pendente,
qev16_020.scr:0,qev16_020.scr,0,62,アンジュ,personagem,0,46,,CRLF x2,○○、\nきっと引き受けてくれるって\n思ってたよ,,pendente,
qev16_020.scr:1,qev16_020.scr,1,7,ルーティ,personagem,1,48,,CRLF x2,なるほどね〜……。\n確かに○○なら\n腕も確かだし,,pendente,
qev16_020.scr:2,qev16_020.scr,2,7,ルーティ,personagem,2,16,,,いいんじゃない？,,pendente,
qev16_020.scr:3,qev16_020.scr,3,47,ノーマ,personagem,3,88,,CRLF x2,（もしこれが、ただのお宝じゃなくて\n　伝説のあのお宝の地図だったり\n　しちゃったら……）,,pendente,
qev16_020.scr:4,qev16_020.scr,4,47,ノーマ,personagem,4,58,,CRLF x1,（このひかえめな胸を、\n　ばい〜んってしてやるんだから！）,,pendente,
qev16_020.scr:5,qev16_020.scr,5,62,アンジュ,personagem,5,12,,,何か言った？,,pendente,
qev16_020.scr:6,qev16_020.scr,6,47,ノーマ,personagem,6,48,,CRLF x1,ん〜ん〜、な〜んも！\nちょっと気合入れてただけ∀,,pendente,
qev16_020.scr:7,qev16_020.scr,7,47,ノーマ,personagem,7,28,,,んじゃ、早速目的地に出発〜！,,pendente,
qev16_030.scr:0,qev16_030.scr,0,47,ノーマ,personagem,0,34,,CRLF x1,く〜〜っ。\n何だか燃えて来たぁ！！,,pendente,
qev16_030.scr:1,qev16_030.scr,1,62,アンジュ,personagem,1,46,,CRLF x1,燃えるのはいいけど、\nあまり先走らない様にね？,,pendente,
qev16_030.scr:2,qev16_030.scr,2,7,ルーティ,personagem,2,64,,CRLF x2,そうそう。\n今はとにかく、確実にお宝を\n手に入れる事を考えましょ,,pendente,
qev16_030.scr:3,qev16_030.scr,3,47,ノーマ,personagem,3,50,,CRLF x1,お宝ざっくざく……。\nガルドの海で泳げちゃうかも∀,,pendente,
qev16_030.scr:4,qev16_030.scr,4,47,ノーマ,personagem,4,28,,,も〜〜〜、たまら〜〜〜ん！！,,pendente,
qev16_030.scr:5,qev16_030.scr,5,7,ルーティ,personagem,5,38,,CRLF x1,って、全然聞いてないわね。\nこの子……,,pendente,
qev16_040.scr:0,qev16_040.scr,0,7,ルーティ,personagem,1,60,,CRLF x1,それにしても、ここまで割と\n何の問題もなく来ちゃったけど……,,pendente,
qev16_040.scr:1,qev16_040.scr,1,7,ルーティ,personagem,2,28,,,本当に大丈夫なの？　その地図,,pendente,
qev16_040.scr:2,qev16_040.scr,2,7,ルーティ,personagem,3,104,,CRLF x2,普通、お宝が眠ってる場所っていったら、\n盗掘犯向けにトラップとか、\nビシバシ仕掛けられてるもんじゃない？,,pendente,
qev16_040.scr:3,qev16_040.scr,3,47,ノーマ,personagem,4,90,,CRLF x2,なにお〜う！　あたしを疑うのっ？\nひど過ぎるよ！　ひど過ぎたよ！\n世知辛過ぎ！　切な過ぎ！,,pendente,
qev16_040.scr:4,qev16_040.scr,4,47,ノーマ,personagem,5,44,,CRLF x1,あ〜も〜、アンジュ〜〜〜。\n優しく、慰めて〜,,pendente,
qev16_040.scr:5,qev16_040.scr,5,62,アンジュ,personagem,6,16,,,はいはい、おいで,,pendente,
qev16_040.scr:6,qev16_040.scr,6,47,ノーマ,personagem,7,58,,CRLF x1,そうよ、これよこれ∀\nふわふわでふにふにであったかくて……,,pendente,
qev16_040.scr:7,qev16_040.scr,7,47,ノーマ,personagem,8,28,,,だ〜〜もう、たまら〜〜ん！！,,pendente,
qev16_040.scr:8,qev16_040.scr,8,62,アンジュ,personagem,9,40,,CRLF x1,そんなに喜んでもらえるなんて、\n嬉しいな,,pendente,
qev16_040.scr:9,qev16_040.scr,9,47,ノーマ,personagem,10,58,,CRLF x1,前から思ってたけど、アンジュってさ〜\nイイ体してるよね〜∀,,pendente,
qev16_040.scr:10,qev16_040.scr,10,47,ノーマ,personagem,11,74,,CRLF x2,抱き心地が最高過ぎ。\nあ〜もうあたし、このまま動きたくない。\n寝ちゃいたい,,pendente,
qev16_040.scr:11,qev16_040.scr,11,7,ルーティ,personagem,12,70,,CRLF x1,あのねぇ、ここへ来た目的を忘れてない？\nお宝はどうなったのよ、お宝は！,,pendente,
qev16_040.scr:12,qev16_040.scr,12,47,ノーマ,personagem,13,30,,CRLF x1,はっ！\nそうだったーーー！！！,,pendente,
qev16_040.scr:13,qev16_040.scr,13,62,アンジュ,personagem,14,68,,CRLF x1,もちろん、こうしてたっぷり休憩した分\nこれからキリキリ働くんだよね？,,pendente,
qev16_040.scr:14,qev16_040.scr,14,47,ノーマ,personagem,15,28,,CRLF x1,うっ。\nそ、そりゃあもう……,,pendente,
qev16_040.scr:15,qev16_040.scr,15,62,アンジュ,personagem,16,34,,CRLF x1,うふふ。\nさ、それじゃ行きましょう,,pendente,
qev16_040.scr:16,qev16_040.scr,16,7,ルーティ,personagem,17,54,,CRLF x1,（完全にノーマを\n　コントロールしてるってわけね……）,,pendente,
qev16_040.scr:17,qev16_040.scr,17,7,ルーティ,personagem,18,34,,,（アンジュ……なかなかやり手だわ）,,pendente,
qev16_050.scr:0,qev16_050.scr,0,47,ノーマ,personagem,1,42,,CRLF x1,これよ、これ！\nついにお宝とご対面〜〜〜っ,,pendente,
qev16_050.scr:1,qev16_050.scr,1,7,ルーティ,personagem,2,22,,,ほんとにあったわ……！,,pendente,
qev16_050.scr:2,qev16_050.scr,2,62,アンジュ,personagem,3,62,,CRLF x1,開けた瞬間に発動するトラップも……。\nうん、どうやらなさそうね,,pendente,
qev16_050.scr:3,qev16_050.scr,3,47,ノーマ,personagem,4,44,,CRLF x1,は〜い！　みんな！\nあたしにちゅ〜も〜く！！,,pendente,
qev16_050.scr:4,qev16_050.scr,4,47,ノーマ,personagem,5,32,,CRLF x1,んじゃ、開けるよ？\nせ〜〜のっ！,,pendente,
qev16_050.scr:5,qev16_050.scr,5,7,ルーティ,personagem,6,14,,,これ、って……,,pendente,
qev16_050.scr:6,qev16_050.scr,6,47,ノーマ,personagem,7,56,,CRLF x2,えーと……。\nどう見ても、おもちゃ……\nに、見えるけど？,,pendente,
qev16_050.scr:7,qev16_050.scr,7,47,ノーマ,personagem,8,56,,CRLF x1,おっ、まだ他に何か入ってる！\nなになに、この紙束……って,,pendente,
qev16_050.scr:8,qev16_050.scr,8,47,ノーマ,personagem,9,36,,CRLF x1,あ〜、何だと〜！！\nテストの答案！？,,pendente,
qev16_050.scr:9,qev16_050.scr,9,62,アンジュ,personagem,10,66,,CRLF x1,……どうやら、お宝はお宝でも\n個人にとっての「お宝」だったみたいね,,pendente,
qev16_050.scr:10,qev16_050.scr,10,62,アンジュ,personagem,11,100,,CRLF x2,ノーマが見つけたのは、\nタイムカプセルの地図だったみたい。\nほら、一緒に入ってたこの手紙に書いてある,,pendente,
qev16_050.scr:11,qev16_050.scr,11,7,ルーティ,personagem,12,44,,CRLF x1,何よそれ。\nここまで来てそういうオチなわけ？,,pendente,
qev16_050.scr:12,qev16_050.scr,12,7,ルーティ,personagem,13,36,,CRLF x1,はぁ〜〜〜……。\n信っじらんない……,,pendente,
qev16_050.scr:13,qev16_050.scr,13,62,アンジュ,personagem,14,38,,CRLF x1,そう？\nまあ、こういう事もあるでしょう,,pendente,
qev16_050.scr:14,qev16_050.scr,14,62,アンジュ,personagem,15,80,,CRLF x2,それに、百戦錬磨の二人の事だから\nこれくらいの失敗で挫けたりなんて\nしないよね？,,pendente,
qev16_050.scr:15,qev16_050.scr,15,47,ノーマ,personagem,16,32,,,げげっ！？　そこでこっちに振る？,,pendente,
qev16_050.scr:16,qev16_050.scr,16,47,ノーマ,personagem,17,78,,CRLF x2,……ま、ま〜〜ねっ！\nあたしくらいになれば、このくらい\n慣れっこだもんねっ！！,,pendente,
qev16_050.scr:17,qev16_050.scr,17,7,ルーティ,personagem,18,56,,CRLF x1,ま、確かにこれくらいのガセネタは\nこれまでにもあったしね,,pendente,
qev16_050.scr:18,qev16_050.scr,18,7,ルーティ,personagem,19,44,,CRLF x1,さすがにそう簡単には\n上手くいかないって事か,,pendente,
qev16_050.scr:19,qev16_050.scr,19,62,アンジュ,personagem,20,90,,CRLF x2,お金を稼ぎたかったら、\nありもしない夢にすがるより\n地道にコツコツ貯金をしなさいって事かな,,pendente,
qev16_050.scr:20,qev16_050.scr,20,62,アンジュ,personagem,21,48,,CRLF x2,あら。\n何だか、いいお説教のネタに\n出来そうかも,,pendente,
qev16_050.scr:21,qev16_050.scr,21,7,ルーティ,personagem,22,40,,CRLF x1,さすが、そういうところは\n職業病よね……,,pendente,
qev16_050.scr:22,qev16_050.scr,22,47,ノーマ,personagem,23,40,,CRLF x1,あ〜〜〜ん……。\nあたしのお宝ぁ〜〜〜〜,,pendente,
qev16_050.scr:23,qev16_050.scr,23,47,ノーマ,personagem,24,20,,,ばい〜〜〜ん、が……,,pendente,
qev16_060.scr:0,qev16_060.scr,0,62,アンジュ,personagem,0,84,,CRLF x2,今回は残念な結果だったけど、\nあまり気落ちしないで\n次にやるべき事を考えていきましょ,,pendente,
qev16_060.scr:1,qev16_060.scr,1,47,ノーマ,personagem,1,18,,,へ〜いへいへい……,,pendente,
qev16_060.scr:2,qev16_060.scr,2,7,ルーティ,personagem,2,62,,CRLF x2,そうねぇ。\n今度こそ、しっかりキッチリ\n稼げる仕事をしないとね,,pendente,
qev16_060.scr:3,qev16_060.scr,3,7,ルーティ,personagem,3,28,,,落ち込んでなんていらんないわ,,pendente,
qev16_060.scr:4,qev16_060.scr,4,62,アンジュ,personagem,4,30,,CRLF x1,そうそう。\nその意気、その意気,,pendente,
qev16_060.scr:5,qev16_060.scr,5,4,アーチェ,personagem,5,50,,CRLF x1,あのさぁ、この辺で\n古い地図の落とし物見なかった？,,pendente,
qev16_060.scr:6,qev16_060.scr,6,7,ルーティ,personagem,6,10,,,古い地図？,,pendente,
qev16_060.scr:7,qev16_060.scr,7,4,アーチェ,personagem,7,94,,CRLF x2,うん。　ちょっと部屋の掃除してたら\n懐かしいものが出て来てさぁ。\nそれがその地図なんだけど……,,pendente,
qev16_060.scr:8,qev16_060.scr,8,4,アーチェ,personagem,8,56,,CRLF x2,掃除してるうちに\nどっかにいっちゃった\nみたいなんだよね,,pendente,
qev16_060.scr:9,qev16_060.scr,9,4,アーチェ,personagem,9,66,,CRLF x2,あ〜あ。\n思い出の詰まった、タイムカプセルの\n地図だったのにぃ……,,pendente,
qev16_060.scr:10,qev16_060.scr,10,7,ルーティ,personagem,10,24,,,それって、もしかして……,,pendente,
qev16_060.scr:11,qev16_060.scr,11,62,アンジュ,personagem,11,34,,CRLF x1,ノーマ？\nどこへ行くつもりなのかな,,pendente,
qev16_060.scr:12,qev16_060.scr,12,47,ノーマ,personagem,12,8,,,にょがっ,,pendente,
qev16_060.scr:13,qev16_060.scr,13,47,ノーマ,personagem,13,44,,CRLF x1,え？　いや、別に……。\nそうだ、ト、トイレ！,,pendente,
qev16_060.scr:14,qev16_060.scr,14,62,アンジュ,personagem,14,14,,,少し我慢なさい,,pendente,
qev16_060.scr:15,qev16_060.scr,15,62,アンジュ,personagem,15,38,,CRLF x1,それで？\nどういう事か説明してくれる？,,pendente,
qev16_060.scr:16,qev16_060.scr,16,47,ノーマ,personagem,16,44,,CRLF x1,だ〜〜もう！\nちょっと借りただけなの〜〜！！,,pendente,
qev16_060.scr:17,qev16_060.scr,17,47,ノーマ,personagem,17,28,,,もうし〜ま〜せ〜ん〜〜〜！！,,pendente,
qev17_010.scr:0,qev17_010.scr,0,5,すず,personagem,0,8,,,…………,,pendente,
qev17_010.scr:1,qev17_010.scr,1,5,すず,personagem,1,6,,,あ……,,pendente,
qev17_010.scr:2,qev17_010.scr,2,5,すず,personagem,2,40,,CRLF x1,すみません、\n少しぼーっとしていた様です,,pendente,
qev17_010.scr:3,qev17_010.scr,3,5,すず,personagem,3,20,,,私に何か御用ですか？,,pendente,
qev17_010.scr:4,qev17_010.scr,4,200,(ator 200),desconhecido,4,8,,,…………,,pendente,
qev17_010.scr:5,qev17_010.scr,5,5,すず,personagem,5,8,,,…………,,pendente,
qev17_010.scr:6,qev17_010.scr,6,5,すず,personagem,6,66,,CRLF x2,わかっています。\nあなたは、私を心配して\n声をかけてくれたのですね,,pendente,
qev17_010.scr:7,qev17_010.scr,7,5,すず,personagem,7,72,,CRLF x1,忍者は非情でなくては務まらないのに……。\n私は、まだまだ、未熟者です……,,pendente,
qev17_010.scr:8,qev17_010.scr,8,5,すず,personagem,8,14,,,あの、○○さん,,pendente,
qev17_010.scr:9,qev17_010.scr,9,5,すず,personagem,9,16,,,お願いがあります,,pendente,
qev17_010.scr:10,qev17_010.scr,10,5,すず,personagem,10,84,,CRLF x2,身勝手な申し出で心苦しいのですが……。\n聞いていただくわけには\nいかないでしょうか？,,pendente,
qev17_010.scr:11,qev17_010.scr,11,,(mensagem de sistema),sistema,11,80,,CRLF x2,クエスト「超えるべき試練」が\nエントリーされました。\nすずから受ける事が出来ます,,pendente,
qev17_020.scr:0,qev17_020.scr,0,5,すず,personagem,0,50,,CRLF x1,一緒に行ってくれるのですね。\nありがとうございます,,pendente,
qev17_020.scr:1,qev17_020.scr,1,5,すず,personagem,1,88,,CRLF x2,忍びの道は険しき道。\nですが、私は早く一人前の忍者になって\n皆さんのお力になりたいのです,,pendente,
qev17_020.scr:2,qev17_020.scr,2,5,すず,personagem,2,60,,CRLF x2,それが、里の皆や\n今は亡き父上、母上の望みでも\nあります……,,pendente,
qev17_020.scr:3,qev17_020.scr,3,5,すず,personagem,3,24,,,よろしくお願いいたします,,pendente,
qev17_030.scr:0,qev17_030.scr,0,5,すず,personagem,0,18,,,オルタータ火山……,,pendente,
qev17_030.scr:1,qev17_030.scr,1,5,すず,personagem,1,100,,CRLF x2,見事、ここで試練を乗り越え\n日頃の修行の成果を出す事が出来れば\n新たな力を会得出来ると言われています,,pendente,
qev17_030.scr:2,qev17_030.scr,2,5,すず,personagem,2,24,,CRLF x1,○○さん、\n行きましょう,,pendente,
qev17_040.scr:0,qev17_040.scr,0,5,すず,personagem,0,76,,CRLF x1,「試練にいどむ者、五つの問いに答えよ。\n　問いに惑い、答え乱れるが最も悪し」,,pendente,
qev17_040.scr:1,qev17_040.scr,1,5,すず,personagem,1,66,,CRLF x2,「人として生きるか、\n　忍びとして生きるか、\n　心して進むがよい」,,pendente,
qev17_040.scr:2,qev17_040.scr,2,200,(ator 200),desconhecido,2,10,,,…………？,,pendente,
qev17_040.scr:3,qev17_040.scr,3,5,すず,personagem,3,50,,CRLF x1,……これですか？\n父上が、私に残してくれた言葉です,,pendente,
qev17_040.scr:4,qev17_040.scr,4,5,すず,personagem,4,82,,CRLF x2,忍者の何たるかを、まだ\n心得る事の出来ていない私に\n訓示として残してくれたものです,,pendente,
qev17_040.scr:5,qev17_040.scr,5,5,すず,personagem,5,58,,CRLF x2,「怒り……\n　それは、冷静な判断を\n　失わせるものと知れ」,,pendente,
qev17_040.scr:6,qev17_040.scr,6,5,すず,personagem,6,42,,CRLF x1,「悲しみ……\n　それは、力を失う元と知れ」,,pendente,
qev17_040.scr:7,qev17_040.scr,7,5,すず,personagem,7,48,,CRLF x1,「喜び……\n　それは、他人にねたまれる元と知れ」,,pendente,
qev17_040.scr:8,qev17_040.scr,8,200,(ator 200),desconhecido,8,8,,,…………,,pendente,
qev17_040.scr:9,qev17_040.scr,9,5,すず,personagem,9,58,,CRLF x1,あなたには、もう会得出来てしまって\nいる事かもしれませんね,,pendente,
qev17_040.scr:10,qev17_040.scr,10,5,すず,personagem,10,14,,,でも、私は……,,pendente,
qev17_040.scr:11,qev17_040.scr,11,5,すず,personagem,11,56,,CRLF x1,……いいえ、弱気になっている場合では\nありませんでしたね,,pendente,
qev17_040.scr:12,qev17_040.scr,12,5,すず,personagem,12,16,,,先へ進みましょう,,pendente,
qev17_041.scr:0,qev17_041.scr,0,5,すず,personagem,0,56,,CRLF x1,「あわれみ……\n　それは、自分の死につながるものと知れ」,,pendente,
qev17_041.scr:1,qev17_041.scr,1,5,すず,personagem,1,50,,CRLF x1,「笑い……\n　それは、心のスキを見せるものと知れ」,,pendente,
qev17_041.scr:2,qev17_041.scr,2,5,すず,personagem,2,60,,CRLF x1,「答えは一つにあらず。\n　己の心の思うまま、それが答えなり」,,pendente,
qev17_041.scr:3,qev17_041.scr,3,200,(ator 200),desconhecido,3,8,,,…………,,pendente,
qev17_041.scr:4,qev17_041.scr,4,5,すず,personagem,4,86,,CRLF x2,忍者は非情でなくては務まりません。\nですが……時々、あのギルドで\n皆さんと一緒にいると,,pendente,
qev17_041.scr:5,qev17_041.scr,5,5,すず,personagem,5,32,,,わからなくなる事が……あるのです,,pendente,
qev17_041.scr:6,qev17_041.scr,6,5,すず,personagem,6,40,,CRLF x1,心が動く事や……、\n感情を表に出す事……,,pendente,
qev17_041.scr:7,qev17_041.scr,7,5,すず,personagem,7,46,,CRLF x1,それは本当に、\nいけない事なのでしょうか……？,,pendente,
qev17_041.scr:8,qev17_041.scr,8,5,すず,personagem,8,52,,CRLF x1,……すみません、考え込んでいても\n仕方がないのに……,,pendente,
qev17_041.scr:9,qev17_041.scr,9,5,すず,personagem,9,50,,CRLF x1,もう大丈夫です。\n試練の場まで、あともう少しのはず,,pendente,
qev17_041.scr:10,qev17_041.scr,10,5,すず,personagem,10,24,,,気を抜かずに行きましょう,,pendente,
qev17_050.scr:0,qev17_050.scr,0,5,すず,personagem,1,14,,,やりました……,,pendente,
qev17_050.scr:1,qev17_050.scr,1,200,(ator 200),desconhecido,2,8,,,…………,,pendente,
qev17_050.scr:2,qev17_050.scr,2,5,すず,personagem,3,20,,,私なら……大丈夫です,,pendente,
qev17_050.scr:3,qev17_050.scr,3,5,すず,personagem,4,44,,CRLF x1,でも……結局、私は\nあなたの力を借りなければ,,pendente,
qev17_050.scr:4,qev17_050.scr,4,5,すず,personagem,5,50,,CRLF x1,あの番人を倒す事は……、\n出来なかったと、思います,,pendente,
qev17_050.scr:5,qev17_050.scr,5,200,(ator 200),desconhecido,6,8,,,…………,,pendente,
qev17_050.scr:6,qev17_050.scr,6,5,すず,personagem,7,38,,CRLF x1,ここまで付き合って\nいただいたのに……,,pendente,
qev17_050.scr:7,qev17_050.scr,7,5,すず,personagem,8,30,,,私は、私の力を示せなかった……,,pendente,
qev17_050.scr:8,qev17_050.scr,8,5,すず,personagem,9,14,,,すみません……,,pendente,
qev17_050.scr:9,qev17_050.scr,9,5,すず,personagem,10,88,,CRLF x2,私は、忍者として、まだまだですね。\n少なくとも、それを……\nあなたから学ぶ事が出来ました,,pendente,
qev17_050.scr:10,qev17_050.scr,10,5,すず,personagem,11,20,,,ありがとうございます,,pendente,
qev17_050.scr:11,qev17_050.scr,11,5,すず,personagem,12,16,,,い、今のは……？,,pendente,
qev17_050.scr:12,qev17_050.scr,12,5,すず,personagem,13,24,,CRLF x1,力が……\n私の中に……？,,pendente,
qev17_050.scr:13,qev17_050.scr,13,5,すず,personagem,14,68,,CRLF x2,どうしてでしょう……。\nどこか、懐かしい……、\nあたたかい……力……,,pendente,
qev17_050.scr:14,qev17_050.scr,14,5,すず,personagem,15,78,,CRLF x2,（……父上、母上……？\n　すずを、見守って下さっているのなら\n　教えて下さい）,,pendente,
qev17_050.scr:15,qev17_050.scr,15,5,すず,personagem,16,28,,,（すずは、まだ迷っています）,,pendente,
qev17_050.scr:16,qev17_050.scr,16,5,すず,personagem,17,82,,CRLF x1,（忍びの道とはどういったものなのか……\n　忍者とは、本当はどうあるべきなのか……）,,pendente,
qev17_050.scr:17,qev17_050.scr,17,5,すず,personagem,18,58,,CRLF x1,（それでも……この力を継ぐ資格が\n　あるというのですか？）,,pendente,
qev17_050.scr:18,qev17_050.scr,18,5,すず,personagem,19,18,,,（……すずは……）,,pendente,
qev17_050.scr:19,qev17_050.scr,19,200,(ator 200),desconhecido,21,8,,,…………,,pendente,
qev17_050.scr:20,qev17_050.scr,20,5,すず,personagem,22,12,,,…………あっ,,pendente,
qev17_050.scr:21,qev17_050.scr,21,5,すず,personagem,23,32,,,すみません、何でもありません……,,pendente,
qev17_050.scr:22,qev17_050.scr,22,5,すず,personagem,24,18,,,目的は果たしました,,pendente,
qev17_050.scr:23,qev17_050.scr,23,5,すず,personagem,25,26,,,……戻りましょう、○○さん,,pendente,
qev17_050.scr:24,qev17_050.scr,24,,(mensagem de sistema),sistema,20,34,,,すずは、秘奥義「児雷也」を体得した,,pendente,
qev17_060.scr:0,qev17_060.scr,0,5,すず,personagem,0,28,,,どうもありがとうございました,,pendente,
qev17_060.scr:1,qev17_060.scr,1,5,すず,personagem,1,48,,CRLF x1,今回の試練で、\n色々な事に気付けた様な気がします,,pendente,
qev17_060.scr:2,qev17_060.scr,2,5,すず,personagem,2,16,,,あの……○○さん,,pendente,
qev17_060.scr:3,qev17_060.scr,3,5,すず,personagem,3,52,,CRLF x1,……私で力になれる事なら、\nいつでも声を掛けて下さい,,pendente,
qev17_060.scr:4,qev17_060.scr,4,5,すず,personagem,4,28,,,ずっと、待っていますから……,,pendente,
qev17_060.scr:5,qev17_060.scr,5,5,すず,personagem,5,12,,,……それでは,,pendente,
qev17_070.scr:0,qev17_070.scr,0,5,すず,personagem,1,20,,,あれが……試練の番人,,pendente,
qev17_070.scr:1,qev17_070.scr,1,5,すず,personagem,2,64,,CRLF x2,……あの番人を倒せば、\n私はまた一つ、忍びの道を\n極められる……,,pendente,
qev17_070.scr:2,qev17_070.scr,2,5,すず,personagem,3,46,,CRLF x1,……負けられません。\n行きましょう、○○さん！,,pendente,
qev17_080.scr:0,qev17_080.scr,0,5,すず,personagem,1,30,,,今度は、敵に後れを取りません！,,pendente,
qev17_080.scr:1,qev17_080.scr,1,5,すず,personagem,2,14,,,……行きます！,,pendente,
qev18_010.scr:0,qev18_010.scr,0,31,しいな,personagem,0,16,,,また失敗、か……,,pendente,
qev18_010.scr:1,qev18_010.scr,1,31,しいな,personagem,1,50,,CRLF x1,やっぱり、今のままじゃ\n何か足りないものがあるんだ,,pendente,
qev18_010.scr:2,qev18_010.scr,2,31,しいな,personagem,2,8,,,でも……,,pendente,
qev18_010.scr:3,qev18_010.scr,3,200,(ator 200),desconhecido,3,6,,,……？,,pendente,
qev18_010.scr:4,qev18_010.scr,4,31,しいな,personagem,4,12,,,あ……、○○,,pendente,
qev18_010.scr:5,qev18_010.scr,5,31,しいな,personagem,5,62,,CRLF x2,き、聞いてたのかい？\nいやだよ、あたしったら\n独り言なんて……,,pendente,
qev18_010.scr:6,qev18_010.scr,6,31,しいな,personagem,6,8,,,…………,,pendente,
qev18_010.scr:7,qev18_010.scr,7,31,しいな,personagem,7,82,,CRLF x2,……あのサ。\nちょっと、偶然ついでに、頼み事なんて……\nきいてくれたりしないかい？,,pendente,
qev18_010.scr:8,qev18_010.scr,8,31,しいな,personagem,8,54,,CRLF x2,少しの間でいいんだ。\nあんたに迷惑はかけない。\n頼むよ,,pendente,
qev18_010.scr:9,qev18_010.scr,9,,(mensagem de sistema),sistema,9,80,,CRLF x2,クエスト「我が心の精霊」が\nエントリーされました。\nしいなから受ける事が出来ます,,pendente,
qev18_020.scr:0,qev18_020.scr,0,31,しいな,personagem,0,52,,CRLF x1,手伝ってくれるのかい？\nすまないね……、恩に着るよ！,,pendente,
qev18_020.scr:1,qev18_020.scr,1,31,しいな,personagem,1,114,,CRLF x2,あの技術を使っている間は、\nどうしても、あたしは無防備になっちまうんだ。\nあんたが援護してくれると、本当に助かるよ,,pendente,
qev18_020.scr:2,qev18_020.scr,2,200,(ator 200),desconhecido,2,6,,,……？,,pendente,
qev18_020.scr:3,qev18_020.scr,3,31,しいな,personagem,3,74,,CRLF x2,ああ、技術っていうのは\nミブナの里の光気丹術……。\nソウルアルケミーの事さ,,pendente,
qev18_020.scr:4,qev18_020.scr,4,31,しいな,personagem,4,94,,CRLF x2,あたしがそれに成功すれば、\nもう一度、昔契約していた精霊に\n会えるんじゃないかって……思ってね,,pendente,
qev18_020.scr:5,qev18_020.scr,5,31,しいな,personagem,5,82,,CRLF x2,あたしの初めての友達で、\n大切な相棒だったんだけど。\n今はもう、この世にいないんだ,,pendente,
qev18_020.scr:6,qev18_020.scr,6,31,しいな,personagem,6,82,,CRLF x2,だけど……。\nどうしても、もう一度あの子に会って\n伝えなきゃいけない事があるんだよ,,pendente,
qev18_020.scr:7,qev18_020.scr,7,200,(ator 200),desconhecido,7,8,,,…………,,pendente,
qev18_020.scr:8,qev18_020.scr,8,31,しいな,personagem,8,60,,CRLF x2,……少しだけ、\nあたしのわがままに付き合っとくれ。\n頼むよ！,,pendente,
qev18_030.scr:0,qev18_030.scr,0,31,しいな,personagem,0,12,,,ここだね……,,pendente,
qev18_030.scr:1,qev18_030.scr,1,31,しいな,personagem,1,48,,CRLF x1,あの子が……、\nコリンが生まれた場所ってのは……,,pendente,
qev18_030.scr:2,qev18_030.scr,2,200,(ator 200),desconhecido,2,8,,,…………,,pendente,
qev18_030.scr:3,qev18_030.scr,3,31,しいな,personagem,3,86,,CRLF x2,コリンの形見の鈴に宿るドクメントと\nコリンが生まれたこの土地の気を\n組み立てられたら…,,pendente,
qev18_030.scr:4,qev18_030.scr,4,31,しいな,personagem,4,46,,CRLF x1,きっと、コリンを蘇らせる事が\n出来るはずなんだ,,pendente,
qev18_030.scr:5,qev18_030.scr,5,31,しいな,personagem,5,20,,CRLF x1,○○……。\n行こう！,,pendente,
qev18_040.scr:0,qev18_040.scr,0,31,しいな,personagem,0,12,,,コリン……？,,pendente,
qev18_040.scr:1,qev18_040.scr,1,31,しいな,personagem,1,28,,,コリン！　そこにいるのかい？,,pendente,
qev18_040.scr:2,qev18_040.scr,2,31,しいな,personagem,2,8,,,…………,,pendente,
qev18_040.scr:3,qev18_040.scr,3,31,しいな,personagem,3,50,,CRLF x1,ここには、こんなに\nコリンの気配が満ちてるのに……,,pendente,
qev18_040.scr:4,qev18_040.scr,4,31,しいな,personagem,4,12,,,どうして……,,pendente,
qev18_040.scr:5,qev18_040.scr,5,200,(ator 200),desconhecido,5,8,,,…………,,pendente,
qev18_040.scr:6,qev18_040.scr,6,31,しいな,personagem,6,44,,CRLF x1,ああ……、ごめんよ。\n一人で取り乱しちまって,,pendente,
qev18_040.scr:7,qev18_040.scr,7,31,しいな,personagem,7,44,,CRLF x1,……コリンは、\nあたしの大切な友達だったんだ,,pendente,
qev18_040.scr:8,qev18_040.scr,8,31,しいな,personagem,8,94,,CRLF x2,辛い時も、楽しい時も……、\n泣きたい時も、大笑いした時だって\nいつだってあたしの傍にいてくれた,,pendente,
qev18_040.scr:9,qev18_040.scr,9,31,しいな,personagem,9,56,,CRLF x1,あの子だけは……、あたしを\nあきらめないでいてくれたんだ,,pendente,
qev18_040.scr:10,qev18_040.scr,10,31,しいな,personagem,10,12,,,最期まで……,,pendente,
qev18_040.scr:11,qev18_040.scr,11,200,(ator 200),desconhecido,11,6,,,……？,,pendente,
qev18_040.scr:12,qev18_040.scr,12,31,しいな,personagem,12,62,,CRLF x2,……コリンは……、\nあたしを魔物から庇って\n命を落としたんだよ,,pendente,
qev18_040.scr:13,qev18_040.scr,13,200,(ator 200),desconhecido,13,8,,,……！？,,pendente,
qev18_040.scr:14,qev18_040.scr,14,31,しいな,personagem,14,102,,CRLF x2,あたしは過去に、とある事件を起こしてね。\n里に大きな被害が出たのはもちろん\n傷付けちまった人も大勢いた,,pendente,
qev18_040.scr:15,qev18_040.scr,15,31,しいな,personagem,15,60,,CRLF x1,もう、自分の何もかもに\nすっかり自信が持てなくなっちまってさ,,pendente,
qev18_040.scr:16,qev18_040.scr,16,31,しいな,personagem,16,72,,CRLF x1,そんな時でもコリンは、自分を信じろって\nずっとあたしを励ましてくれたんだ,,pendente,
qev18_040.scr:17,qev18_040.scr,17,31,しいな,personagem,17,60,,CRLF x1,あたしを庇った時だって……、\n体中……傷だらけだったのに……,,pendente,
qev18_040.scr:18,qev18_040.scr,18,200,(ator 200),desconhecido,18,8,,,…………,,pendente,
qev18_040.scr:19,qev18_040.scr,19,31,しいな,personagem,19,58,,CRLF x1,そんなあの子に、最後にあたしは\nひどい事を言っちまったんだ,,pendente,
qev18_040.scr:20,qev18_040.scr,20,31,しいな,personagem,20,64,,CRLF x2,だから……。\nどうしても、もう一度会って\n直接謝りたいんだよ……,,pendente,
qev18_050.scr:0,qev18_050.scr,0,31,しいな,personagem,1,20,,,ここにも……ない……,,pendente,
qev18_050.scr:1,qev18_050.scr,1,31,しいな,personagem,2,14,,,どうして……！,,pendente,
qev18_050.scr:2,qev18_050.scr,2,31,しいな,personagem,3,86,,CRLF x2,あるはずなんだ。\nあの子を構成していたはずの\n自然界の気……ドクメントは、絶対に……！,,pendente,
qev18_050.scr:3,qev18_050.scr,3,200,(ator 200),desconhecido,4,6,,,……！,,pendente,
qev18_050.scr:4,qev18_050.scr,4,31,しいな,personagem,5,44,,CRLF x1,ごめん……。\nあたしまた……取り乱しちまって,,pendente,
qev18_050.scr:5,qev18_050.scr,5,200,(ator 200),desconhecido,6,8,,,…………,,pendente,
qev18_050.scr:6,qev18_050.scr,6,31,しいな,personagem,7,26,,,はは……、そりゃそうだよね,,pendente,
qev18_050.scr:7,qev18_050.scr,7,31,しいな,personagem,8,84,,CRLF x2,あの子は……もう、いないんだ。\n全く同じドクメントなんて\n手に入るはずなかったんだね,,pendente,
qev18_050.scr:8,qev18_050.scr,8,31,しいな,personagem,9,40,,CRLF x1,コリンは……、\n死んじまったんだから……,,pendente,
qev18_050.scr:9,qev18_050.scr,9,200,(ator 200),desconhecido,10,8,,,…………,,pendente,
qev18_050.scr:10,qev18_050.scr,10,31,しいな,personagem,11,12,,,おっと……！,,pendente,
qev18_050.scr:11,qev18_050.scr,11,31,しいな,personagem,12,60,,CRLF x1,……これまで失くしたら、あの子に\n顔向け出来なくなっちまうよ,,pendente,
qev18_050.scr:12,qev18_050.scr,12,200,(ator 200),desconhecido,13,6,,,……？,,pendente,
qev18_050.scr:13,qev18_050.scr,13,31,しいな,personagem,15,70,,CRLF x2,これかい？\nこれが、コリンの付けていた鈴さ。\nあの子の唯一の形見なんだ,,pendente,
qev18_050.scr:14,qev18_050.scr,14,31,しいな,personagem,16,86,,CRLF x2,それにしても、なんてタイミングで\n落とすんだろうね……。\nまるであの子が、あたしに……,,pendente,
qev18_050.scr:15,qev18_050.scr,15,31,しいな,personagem,17,28,,,……ははっ、らしくなかったね,,pendente,
qev18_050.scr:16,qev18_050.scr,16,31,しいな,personagem,18,60,,CRLF x1,帰ろう、バンエルティア号へ。\nあたしは……もう大丈夫だからさ,,pendente,
qev18_060.scr:0,qev18_060.scr,0,31,しいな,personagem,1,22,,,結局、収穫なしだったね,,pendente,
qev18_060.scr:1,qev18_060.scr,1,31,しいな,personagem,2,42,,CRLF x1,何か、悪かったね。\n無駄足踏ませちまってサ,,pendente,
qev18_060.scr:2,qev18_060.scr,2,200,(ator 200),desconhecido,3,8,,,…………,,pendente,
qev18_060.scr:3,qev18_060.scr,3,31,しいな,personagem,4,66,,CRLF x2,……あたしがコリンに\nひどい事を言ったと話しただろ？\nあれはさ……,,pendente,
qev18_060.scr:4,qev18_060.scr,4,31,しいな,personagem,5,60,,CRLF x1,あの子が、自信を失くしてるあたしを\n助けるって言ってくれた時,,pendente,
qev18_060.scr:5,qev18_060.scr,5,31,しいな,personagem,6,66,,CRLF x2,あんたじゃ力不足だから\nそれは無理だと思う、って\n言っちまったんだ,,pendente,
qev18_060.scr:6,qev18_060.scr,6,31,しいな,personagem,7,52,,CRLF x1,はは……ほんとに、\n何であんな事言っちまったのかねえ,,pendente,
qev18_060.scr:7,qev18_060.scr,7,31,しいな,personagem,8,58,,CRLF x1,結局、あたしは最後まであの子に\n助けられてばかりだったのに,,pendente,
qev18_060.scr:8,qev18_060.scr,8,31,しいな,personagem,9,74,,CRLF x2,力不足だったのは……、\n根性が足りなかったのは、\nあたしの方だったってのに,,pendente,
qev18_060.scr:9,qev18_060.scr,9,31,しいな,personagem,10,48,,CRLF x1,せめて……、ちゃんとあの子に\n謝りたかったよ……,,pendente,
qev18_060.scr:10,qev18_060.scr,10,31,しいな,personagem,13,22,,CRLF x1,それは……、\nでも……,,pendente,
qev18_060.scr:11,qev18_060.scr,11,31,しいな,personagem,14,24,,CRLF x1,え？\n今……鈴が鳴った？,,pendente,
qev18_060.scr:12,qev18_060.scr,12,200,(ator 200),desconhecido,15,6,,,……？,,pendente,
qev18_060.scr:13,qev18_060.scr,13,31,しいな,personagem,16,22,,,いや、確かに鳴ったよ！,,pendente,
qev18_060.scr:14,qev18_060.scr,14,31,しいな,personagem,17,56,,CRLF x2,わかるんだ。\nあたしがコリンの気配を\n間違えるはずがない,,pendente,
qev18_060.scr:15,qev18_060.scr,15,31,しいな,personagem,18,42,,,だってあたしは、コリンといつも一緒に……！,,pendente,
qev18_060.scr:16,qev18_060.scr,16,31,しいな,personagem,19,8,,,…………,,pendente,
qev18_060.scr:17,qev18_060.scr,17,31,しいな,personagem,20,24,,,そうか……そう、なんだね,,pendente,
qev18_060.scr:18,qev18_060.scr,18,31,しいな,personagem,21,70,,CRLF x2,コリンは……。\nいつも、あたしの傍に……いてくれた。\nいてくれてたんだ,,pendente,
qev18_060.scr:19,qev18_060.scr,19,31,しいな,personagem,22,52,,CRLF x1,見えなくなっただけで……、\n触れられなくなっただけで,,pendente,
qev18_060.scr:20,qev18_060.scr,20,31,しいな,personagem,23,32,,CRLF x1,昔も……今も変わらずに\n傍に……,,pendente,
qev18_060.scr:21,qev18_060.scr,21,31,しいな,personagem,24,74,,CRLF x2,だから……、コリンは……、\n今もあたしの中で\nちゃんと……生きてるんだね？,,pendente,
qev18_060.scr:22,qev18_060.scr,22,31,しいな,personagem,25,36,,CRLF x1,そうなんだよね……、\nコリン……！！,,pendente,
qev18_060.scr:23,qev18_060.scr,23,31,しいな,personagem,26,44,,CRLF x1,こ、これは……、\n新しい力が湧いてくる……！,,pendente,
qev18_060.scr:24,qev18_060.scr,24,31,しいな,personagem,27,70,,CRLF x2,コリン……。\nあんたがまた、あたしの背中を\n押してくれてるのかい……？,,pendente,
qev18_060.scr:25,qev18_060.scr,25,200,(ator 200),desconhecido,28,8,,,…………,,pendente,
qev18_060.scr:26,qev18_060.scr,26,31,しいな,personagem,29,56,,CRLF x2,あ、ああ……大丈夫。\nちょっと驚いただけさ。\nそれより…,,pendente,
qev18_060.scr:27,qev18_060.scr,27,31,しいな,personagem,30,52,,CRLF x1,あたしはまた、大事な事を\n見落とすところだったんだね,,pendente,
qev18_060.scr:28,qev18_060.scr,28,31,しいな,personagem,31,36,,CRLF x1,あんたのおかげで\nようやく気付けたよ,,pendente,
qev18_060.scr:29,qev18_060.scr,29,31,しいな,personagem,32,42,,CRLF x1,何か、勢いであんたに\n色々話しちまったけど,,pendente,
qev18_060.scr:30,qev18_060.scr,30,31,しいな,personagem,33,58,,CRLF x2,何でだろ……。\nでも、何だか一緒にいてもらえて\n良かったよ,,pendente,
qev18_060.scr:31,qev18_060.scr,31,31,しいな,personagem,34,22,,CRLF x1,○○……。\nありがとう,,pendente,
qev18_060.scr:32,qev18_060.scr,32,,(opcao do jogador),escolha,11,42,,,コリンはしいなの心の中で生きている、と言う,,pendente,
qev18_060.scr:33,qev18_060.scr,33,,(opcao do jogador),escolha,12,46,,,コリンの事を一番知っているのは誰かな？　と聞く,,pendente,
qev18_060.scr:34,qev18_060.scr,34,,(mensagem de sistema),sistema,35,42,,,しいなは、秘奥義「降霊召符・心」を体得した,,pendente,
qev19_010.scr:0,qev19_010.scr,0,74,ソフィ,personagem,1,20,,,シェリア、シェリア！,,pendente,
qev19_010.scr:1,qev19_010.scr,1,75,シェリア,personagem,2,36,,CRLF x1,どうしたの、ソフィ？\nそんなに慌てて,,pendente,
qev19_010.scr:2,qev19_010.scr,2,74,ソフィ,personagem,3,40,,CRLF x1,前にね、アスベルが……\n花の種をくれたの,,pendente,
qev19_010.scr:3,qev19_010.scr,3,74,ソフィ,personagem,4,56,,CRLF x2,それでね……この植木鉢で\nずっと育ててたらね。\n今日……,,pendente,
qev19_010.scr:4,qev19_010.scr,4,75,シェリア,personagem,6,24,,,あっ、つぼみが付いたのね,,pendente,
qev19_010.scr:5,qev19_010.scr,5,75,シェリア,personagem,7,68,,CRLF x2,この様子だと、\nもうすぐ咲くんじゃないかしら。\n良かったわね、ソフィ,,pendente,
qev19_010.scr:6,qev19_010.scr,6,74,ソフィ,personagem,8,4,,,うん,,pendente,
qev19_010.scr:7,qev19_010.scr,7,73,アスベル,personagem,9,26,,,二人とも、随分楽しそうだな,,pendente,
qev19_010.scr:8,qev19_010.scr,8,73,アスベル,personagem,10,20,,,あれ？　それって……,,pendente,
qev19_010.scr:9,qev19_010.scr,9,74,ソフィ,personagem,11,44,,CRLF x2,見て、アスベル。\nつぼみ。\nとってもかわいい,,pendente,
qev19_010.scr:10,qev19_010.scr,10,73,アスベル,personagem,12,16,,CRLF x1,ああ。\nそうだな,,pendente,
qev19_010.scr:11,qev19_010.scr,11,73,アスベル,personagem,13,84,,CRLF x2,もしかしたら、この花はもう\n手に入らなくなるかもしれない……。\n大切に育てなくちゃな,,pendente,
qev19_010.scr:12,qev19_010.scr,12,75,シェリア,personagem,14,40,,CRLF x1,手に入らなくなる……？\nどういう事なの？,,pendente,
qev19_010.scr:13,qev19_010.scr,13,73,アスベル,personagem,15,70,,CRLF x2,実は、その花の群生地である\nルバーブ連山で\n魔物が暴れているらしいんだ,,pendente,
qev19_010.scr:14,qev19_010.scr,14,74,ソフィ,personagem,16,20,,,魔物が？　どうして？,,pendente,
qev19_010.scr:15,qev19_010.scr,15,73,アスベル,personagem,17,72,,CRLF x1,俺も詳しく知っているわけじゃないけど、\n最近の魔物の異常増殖が原因らしい,,pendente,
qev19_010.scr:16,qev19_010.scr,16,75,シェリア,personagem,18,92,,CRLF x2,その話……、聞いた事があるわ。\n互いに食べるものを奪い合って\nどんどん魔物が凶暴化してるって,,pendente,
qev19_010.scr:17,qev19_010.scr,17,73,アスベル,personagem,19,56,,CRLF x2,ああ。\n今は被害が動物だけでなく、\n植物にも出始めている,,pendente,
qev19_010.scr:18,qev19_010.scr,18,73,アスベル,personagem,20,82,,CRLF x2,花を保護しようにも\n適応環境が特殊な種だから\nこのままだと、絶滅の可能性もあるって,,pendente,
qev19_010.scr:19,qev19_010.scr,19,75,シェリア,personagem,21,16,,,そんな……ひどい,,pendente,
qev19_010.scr:20,qev19_010.scr,20,74,ソフィ,personagem,22,54,,CRLF x1,そんなの、やだ。\nアスベル、わたし、この子達を助けたい,,pendente,
qev19_010.scr:21,qev19_010.scr,21,73,アスベル,personagem,23,54,,CRLF x1,そう言うと思ったよ。\nシェリアも手伝ってくれるだろう？,,pendente,
qev19_010.scr:22,qev19_010.scr,22,75,シェリア,personagem,24,52,,CRLF x1,ええ、もちろん。\n……でも、私達だけで大丈夫かしら？,,pendente,
qev19_010.scr:23,qev19_010.scr,23,73,アスベル,personagem,25,58,,CRLF x2,そうだな。\n魔物がどれだけ増えているか\n見当もつかない……,,pendente,
qev19_010.scr:24,qev19_010.scr,24,73,アスベル,personagem,26,32,,,誰かの手を借りたいところだな……,,pendente,
qev19_010.scr:25,qev19_010.scr,25,,(mensagem de sistema),sistema,27,88,,CRLF x2,クエスト「思い出の花を守れ！」が\nエントリーされました。\nアスベルから受ける事が出来ます,,pendente,
qev19_020.scr:0,qev19_020.scr,0,74,ソフィ,personagem,0,30,,CRLF x1,○○……。\n手伝ってくれるの？,,pendente,
qev19_020.scr:1,qev19_020.scr,1,74,ソフィ,personagem,1,10,,,ありがとう,,pendente,
qev19_020.scr:2,qev19_020.scr,2,75,シェリア,personagem,2,86,,CRLF x2,今回は敵の数が多いわ。\n回復アイテムは少し多めに\n持っていった方がいいかもしれないわね,,pendente,
qev19_020.scr:3,qev19_020.scr,3,73,アスベル,personagem,3,38,,CRLF x1,ああ。\n準備が出来たらすぐに出発しよう,,pendente,
qev19_030.scr:0,qev19_030.scr,0,74,ソフィ,personagem,0,22,,,お花……絶対守らなきゃ,,pendente,
qev19_030.scr:1,qev19_030.scr,1,75,シェリア,personagem,1,60,,CRLF x1,ソフィ、気持ちはわかるけど\n張り切り過ぎて怪我をしない様にね,,pendente,
qev19_030.scr:2,qev19_030.scr,2,74,ソフィ,personagem,2,32,,CRLF x1,うん、大丈夫。\n行こう、アスベル,,pendente,
qev19_030.scr:3,qev19_030.scr,3,73,アスベル,personagem,3,4,,,ああ,,pendente,
qev19_040.scr:0,qev19_040.scr,0,74,ソフィ,personagem,0,22,,,魔物、いっぱい倒したね,,pendente,
qev19_040.scr:1,qev19_040.scr,1,73,アスベル,personagem,1,22,,CRLF x1,そうだな。\nあと一息だ,,pendente,
qev19_040.scr:2,qev19_040.scr,2,74,ソフィ,personagem,2,4,,,うん,,pendente,
qev19_040.scr:3,qev19_040.scr,3,75,シェリア,personagem,3,34,,,ソフィは本当に、あの花が好きなのね,,pendente,
qev19_040.scr:4,qev19_040.scr,4,74,ソフィ,personagem,4,12,,,うん……好き,,pendente,
qev19_040.scr:5,qev19_040.scr,5,74,ソフィ,personagem,5,54,,CRLF x1,あの花を見てると、懐かしくて\nあったかい気持ちになるの,,pendente,
qev19_040.scr:6,qev19_040.scr,6,73,アスベル,personagem,6,44,,CRLF x1,ソフィと初めて会ったのも\n花畑の中だったしな,,pendente,
qev19_040.scr:7,qev19_040.scr,7,73,アスベル,personagem,7,90,,CRLF x2,最初にソフィと会った時は、\nまさか女の子がそんな所に\nいるなんて思わなかったから、驚いたよ,,pendente,
qev19_040.scr:8,qev19_040.scr,8,74,ソフィ,personagem,8,8,,,…………,,pendente,
qev19_040.scr:9,qev19_040.scr,9,74,ソフィ,personagem,9,66,,CRLF x2,わたし……どうしてあそこで\n眠ってたんだろう。\n思い出せないの……,,pendente,
qev19_040.scr:10,qev19_040.scr,10,74,ソフィ,personagem,10,24,,,わたしは、誰なのかな……,,pendente,
qev19_040.scr:11,qev19_040.scr,11,73,アスベル,personagem,11,66,,CRLF x2,安心しろ、ソフィ。\n俺はお前が誰であったとしても\n絶対に守ってやる,,pendente,
qev19_040.scr:12,qev19_040.scr,12,75,シェリア,personagem,12,50,,CRLF x1,そうよ、ソフィ。\nだから、そんなに不安にならないで,,pendente,
qev19_040.scr:13,qev19_040.scr,13,74,ソフィ,personagem,13,8,,,うん……,,pendente,
qev19_040.scr:14,qev19_040.scr,14,74,ソフィ,personagem,14,30,,CRLF x1,シェリア。\n手を繋いでもいい？,,pendente,
qev19_040.scr:15,qev19_040.scr,15,75,シェリア,personagem,15,14,,,ええ、いいわよ,,pendente,
qev19_040.scr:16,qev19_040.scr,16,74,ソフィ,personagem,16,14,,,……アスベルも,,pendente,
qev19_040.scr:17,qev19_040.scr,17,73,アスベル,personagem,17,10,,,お、俺も？,,pendente,
qev19_040.scr:18,qev19_040.scr,18,74,ソフィ,personagem,18,34,,CRLF x1,……楽しいね。\nアスベル、シェリア,,pendente,
qev19_040.scr:19,qev19_040.scr,19,73,アスベル,personagem,20,6,,,　　　,,pendente,
qev19_040.scr:20,qev19_040.scr,20,75,シェリア,personagem,22,6,,,　　　,,pendente,
qev19_040.scr:21,qev19_040.scr,21,200,(ator 200),desconhecido,23,8,,,…………,,pendente,
qev19_040.scr:22,qev19_040.scr,22,75,シェリア,personagem,25,62,,CRLF x2,ご、ごめんなさいっ。\n○○の事、\n忘れてたわけじゃないのよ……,,pendente,
qev19_040.scr:23,qev19_040.scr,23,200,(ator 200),desconhecido,26,8,,,…………,,pendente,
qev19_040.scr:24,qev19_040.scr,24,73,アスベル,personagem,28,60,,CRLF x2,忘れるわけないさ。\nそんなの、当たり前だろう。\nなあ、ソフィ,,pendente,
qev19_040.scr:25,qev19_040.scr,25,74,ソフィ,personagem,29,4,,,うん,,pendente,
qev19_040.scr:26,qev19_040.scr,26,75,シェリア,personagem,30,8,,,…………,,pendente,
qev19_041.scr:0,qev19_041.scr,0,75,シェリア,personagem,0,16,,,あの、アスベル？,,pendente,
qev19_041.scr:1,qev19_041.scr,1,73,アスベル,personagem,1,16,,,ああ、どうした？,,pendente,
qev19_041.scr:2,qev19_041.scr,2,75,シェリア,personagem,2,46,,CRLF x1,今回は、私も連れてきてくれて……、\nありがとう,,pendente,
qev19_041.scr:3,qev19_041.scr,3,73,アスベル,personagem,3,22,,,え？　何だよ、いきなり,,pendente,
qev19_041.scr:4,qev19_041.scr,4,75,シェリア,personagem,4,44,,CRLF x1,そ、そんなに\nびっくりしなくてもいいじゃない,,pendente,
qev19_041.scr:5,qev19_041.scr,5,75,シェリア,personagem,5,102,,CRLF x2,ちょっと昔の事、思い出してたの。\n私、小さい頃は体が弱くて……、\nよくアスベルに置いて行かれてたなって,,pendente,
qev19_041.scr:6,qev19_041.scr,6,73,アスベル,personagem,6,54,,CRLF x1,あれは……、無理をすると\nシェリアの体にも良くないから,,pendente,
qev19_041.scr:7,qev19_041.scr,7,75,シェリア,personagem,7,50,,CRLF x1,うん……わかってる。\nでもね、ちょっと寂しかったの,,pendente,
qev19_041.scr:8,qev19_041.scr,8,75,シェリア,personagem,8,52,,CRLF x1,うらやましかった……健康な人達が。\nソフィの事も……,,pendente,
qev19_041.scr:9,qev19_041.scr,9,73,アスベル,personagem,9,12,,,シェリア……,,pendente,
qev19_041.scr:10,qev19_041.scr,10,75,シェリア,personagem,10,86,,CRLF x2,だからね、こうして三人で\n一緒に魔物退治をしてるのが\n何だか嘘みたいだなぁって思ったの,,pendente,
qev19_041.scr:11,qev19_041.scr,11,73,アスベル,personagem,11,96,,CRLF x2,そんなの、これからいくらでも出来るさ。\n昔出来なかった分も、これから\n三人で取り戻していけばいい,,pendente,
qev19_041.scr:12,qev19_041.scr,12,73,アスベル,personagem,12,12,,,そうだろう？,,pendente,
qev19_041.scr:13,qev19_041.scr,13,75,シェリア,personagem,13,16,,,うん、……そうね,,pendente,
qev19_041.scr:14,qev19_041.scr,14,75,シェリア,personagem,14,20,,,ありがとう、アスベル,,pendente,
qev19_050.scr:0,qev19_050.scr,0,73,アスベル,personagem,0,20,,,よし、今ので全部だな,,pendente,
qev19_050.scr:1,qev19_050.scr,1,75,シェリア,personagem,1,70,,CRLF x2,これで、乱れていた\nここの生態系のバランスも\n徐々に元通りになるわよね,,pendente,
qev19_050.scr:2,qev19_050.scr,2,74,ソフィ,personagem,2,8,,,うん……,,pendente,
qev19_050.scr:3,qev19_050.scr,3,73,アスベル,personagem,3,16,,,心配か、ソフィ？,,pendente,
qev19_050.scr:4,qev19_050.scr,4,74,ソフィ,personagem,4,8,,,…………,,pendente,
qev19_050.scr:5,qev19_050.scr,5,75,シェリア,personagem,5,60,,CRLF x2,たまに、また様子を見に来ましょう。\n私達、みんなで。\n…ね？,,pendente,
qev19_050.scr:6,qev19_050.scr,6,74,ソフィ,personagem,6,10,,,……うん！,,pendente,
qev19_060.scr:0,qev19_060.scr,0,74,ソフィ,personagem,0,12,,,○○、見て！,,pendente,
qev19_060.scr:1,qev19_060.scr,1,200,(ator 200),desconhecido,1,6,,,……？,,pendente,
qev19_060.scr:2,qev19_060.scr,2,200,(ator 200),desconhecido,2,6,,,……！,,pendente,
qev19_060.scr:3,qev19_060.scr,3,75,シェリア,personagem,4,38,,CRLF x1,あら、つぼみが開いたのね。\n綺麗ね……,,pendente,
qev19_060.scr:4,qev19_060.scr,4,74,ソフィ,personagem,5,30,,CRLF x1,うん。\n帰ってきたら、咲いてた,,pendente,
qev19_060.scr:5,qev19_060.scr,5,73,アスベル,personagem,6,60,,CRLF x2,花もだけど、俺はソフィの\n嬉しそうな顔が見られて\n良かったよ,,pendente,
qev19_060.scr:6,qev19_060.scr,6,75,シェリア,personagem,7,14,,CRLF x1,ふふ。\nそうね,,pendente,
qev19_060.scr:7,qev19_060.scr,7,74,ソフィ,personagem,8,32,,CRLF x1,○○、手伝ってくれて\nありがとう,,pendente,
qev19_060.scr:8,qev19_060.scr,8,74,ソフィ,personagem,9,44,,CRLF x1,……お花、見たくなったら\nまたいつでも来てね,,pendente,
qev20_010.scr:0,qev20_010.scr,0,1,クレス,personagem,0,58,,CRLF x2,おかしいな……。\nそろそろ着いても\nいい頃のはずなんだけど,,pendente,
qev20_010.scr:1,qev20_010.scr,1,2,ミント,personagem,1,68,,CRLF x1,本当に……、どうしたのでしょうか。\nあれ以来、連絡もありませんし……,,pendente,
qev20_010.scr:2,qev20_010.scr,2,2,ミント,personagem,2,12,,,あ、○○さん,,pendente,
qev20_010.scr:3,qev20_010.scr,3,1,クレス,personagem,3,46,,CRLF x1,ちょうどいいところに。\n今、少しだけいいかな？,,pendente,
qev20_010.scr:4,qev20_010.scr,4,1,クレス,personagem,4,70,,CRLF x2,もしかしたら近々、\n君に協力をお願いしたい事が\n出来るかもしれない……,,pendente,
qev20_010.scr:5,qev20_010.scr,5,1,クレス,personagem,5,42,,CRLF x1,単なる僕達の取り越し苦労なら\nいいんだけど,,pendente,
qev20_010.scr:6,qev20_010.scr,6,2,ミント,personagem,6,52,,CRLF x1,そうですね……。\n無事でいて下さるといいのですが……,,pendente,
qev20_010.scr:7,qev20_010.scr,7,,(mensagem de sistema),sistema,7,80,,CRLF x2,クエスト「やさしい兄貴」が\nエントリーされました。\nクレスから受ける事が出来ます,,pendente,
qev20_020.scr:0,qev20_020.scr,0,1,クレス,personagem,0,60,,CRLF x2,ありがとう。\n君ならきっと、\n力を貸してくれると思っていたよ,,pendente,
qev20_020.scr:1,qev20_020.scr,1,1,クレス,personagem,1,92,,CRLF x2,どうしても、友人が道に迷ったとは\n思えないんだ。もしかしたら\n道中、何かあったのかもしれない,,pendente,
qev20_020.scr:2,qev20_020.scr,2,2,ミント,personagem,2,60,,CRLF x2,ええ。\nもし、そうでしたら一刻を争います。\n……急ぎましょう,,pendente,
qev20_020.scr:3,qev20_020.scr,3,1,クレス,personagem,3,8,,,そうだね,,pendente,
qev20_020.scr:4,qev20_020.scr,4,1,クレス,personagem,4,34,,CRLF x1,準備が出来たら、すぐ行こう。\n○○,,pendente,
qev20_030.scr:0,qev20_030.scr,0,2,ミント,personagem,0,34,,CRLF x1,連絡のあった場所は\nここ……ですね,,pendente,
qev20_030.scr:1,qev20_030.scr,1,1,クレス,personagem,1,42,,CRLF x1,魔物の気配がするな……。\n油断せずに行こう,,pendente,
qev20_040.scr:0,qev20_040.scr,0,2,ミント,personagem,0,48,,CRLF x1,クレスさん、待って下さい。\n何か落とされましたよ,,pendente,
qev20_040.scr:1,qev20_040.scr,1,1,クレス,personagem,1,40,,CRLF x1,え？　ああ、本当だ。\nありがとう、ミント,,pendente,
qev20_040.scr:2,qev20_040.scr,2,200,(ator 200),desconhecido,2,6,,,……？,,pendente,
qev20_040.scr:3,qev20_040.scr,3,1,クレス,personagem,4,74,,CRLF x2,ああ、これかい？\n友人の妹さんが、僕にって\nわざわざ作ってくれた人形なんだ,,pendente,
qev20_040.scr:4,qev20_040.scr,4,1,クレス,personagem,5,22,,,お守りみたいなものだよ,,pendente,
qev20_040.scr:5,qev20_040.scr,5,2,ミント,personagem,6,28,,,そのお人形……懐かしいですね,,pendente,
qev20_040.scr:6,qev20_040.scr,6,2,ミント,personagem,7,90,,CRLF x2,確かあの時、クレスさんにしか\nプレゼントを用意していないのかって\n機嫌を悪くされてしまって,,pendente,
qev20_040.scr:7,qev20_040.scr,7,2,ミント,personagem,8,22,,,あの後が、大変でしたね,,pendente,
qev20_040.scr:8,qev20_040.scr,8,1,クレス,personagem,9,72,,CRLF x2,そうそう。\n困ったアミィちゃんが、結局\n代わりにアップルグミをあげたんだ,,pendente,
qev20_040.scr:9,qev20_040.scr,9,1,クレス,personagem,10,54,,CRLF x2,ああ見えて、結構\nやきもち焼きなところが\nあるんだよな,,pendente,
qev20_040.scr:10,qev20_040.scr,10,1,クレス,personagem,11,42,,CRLF x1,僕にも妹がいたら、同じ事を\n思ったのかなぁ,,pendente,
qev20_040.scr:11,qev20_040.scr,11,2,ミント,personagem,12,20,,,ふふ、クレスさんたら,,pendente,
qev20_040.scr:12,qev20_040.scr,12,200,(ator 200),desconhecido,13,8,,,…………,,pendente,
qev20_040.scr:13,qev20_040.scr,13,1,クレス,personagem,14,54,,CRLF x2,あ……ごめん。\n僕達にしかわからない話を\nしてしまって,,pendente,
qev20_040.scr:14,qev20_040.scr,14,2,ミント,personagem,15,76,,CRLF x2,今お話していたお兄さんというのが\nこれから私達が迎えに行く\n友人の事なんです,,pendente,
qev20_040.scr:15,qev20_040.scr,15,1,クレス,personagem,16,48,,CRLF x1,妹思いのいい奴なんだよ。\nそれに、弓の名手なんだ,,pendente,
qev20_040.scr:16,qev20_040.scr,16,1,クレス,personagem,17,54,,CRLF x1,きっと、アドリビトムの戦力として\n活躍してくれると思う,,pendente,
qev20_040.scr:17,qev20_040.scr,17,2,ミント,personagem,18,16,,,私もそう思います,,pendente,
qev20_040.scr:18,qev20_040.scr,18,2,ミント,personagem,19,52,,CRLF x1,……クレスさん、今度は\n向こうの方も探してみましょう,,pendente,
qev20_040.scr:19,qev20_040.scr,19,1,クレス,personagem,20,32,,CRLF x2,うん。\nそうだね。\n行ってみよう,,pendente,
qev20_050.scr:0,qev20_050.scr,0,1,クレス,personagem,0,32,,CRLF x1,チェスター！\n無事だったんだな！,,pendente,
qev20_050.scr:1,qev20_050.scr,1,3,チェスター,personagem,1,28,,CRLF x1,クレスか？\nそれに、ミントも,,pendente,
qev20_050.scr:2,qev20_050.scr,2,3,チェスター,personagem,2,34,,,もしかして、探しに来てくれたのか？,,pendente,
qev20_050.scr:3,qev20_050.scr,3,2,ミント,personagem,3,74,,CRLF x2,そうですよ。\n到着予定日を過ぎても、連絡が\nありませんでしたから……心配で,,pendente,
qev20_050.scr:4,qev20_050.scr,4,3,チェスター,personagem,4,72,,CRLF x2,悪い悪い、\nちょっと厄介な魔物に出くわしてさ。\nおかげで手間取っちまった,,pendente,
qev20_050.scr:5,qev20_050.scr,5,1,クレス,personagem,5,48,,CRLF x1,やっぱり……。\nそんな事なんじゃないかと思ったよ,,pendente,
qev20_050.scr:6,qev20_050.scr,6,3,チェスター,personagem,6,96,,CRLF x2,オレの気のせいかもしれないけど\nあいつら、最近凶暴になってないか？\n妙に手強かったっていうか……,,pendente,
qev20_050.scr:7,qev20_050.scr,7,200,(ator 200),desconhecido,7,8,,,…………,,pendente,
qev20_050.scr:8,qev20_050.scr,8,2,ミント,personagem,8,86,,CRLF x2,そうですね……。\nアドリビトムにも魔物による被害の報告や\n掃討の依頼が増えている様です,,pendente,
qev20_050.scr:9,qev20_050.scr,9,2,ミント,personagem,9,46,,CRLF x1,チェスターさんにお怪我がない様で\n何よりでした,,pendente,
qev20_050.scr:10,qev20_050.scr,10,1,クレス,personagem,10,34,,CRLF x1,そうだね。\n本当に無事で良かったよ,,pendente,
qev20_050.scr:11,qev20_050.scr,11,1,クレス,personagem,11,88,,CRLF x2,でも、魔物に足止めされているなら、\n初めからそう言ってくれれば\nもっと早く迎えに来たのに,,pendente,
qev20_050.scr:12,qev20_050.scr,12,1,クレス,personagem,12,12,,,なあ、○○？,,pendente,
qev20_050.scr:13,qev20_050.scr,13,200,(ator 200),desconhecido,13,8,,,…………,,pendente,
qev20_050.scr:14,qev20_050.scr,14,3,チェスター,personagem,14,44,,CRLF x1,おいおい、オレの腕を疑うのか？\nそりゃないぜ,,pendente,
qev20_050.scr:15,qev20_050.scr,15,3,チェスター,personagem,15,42,,CRLF x1,まぁ……。\n心配かけたのは、悪かったけどよ,,pendente,
qev20_050.scr:16,qev20_050.scr,16,200,(ator 200),desconhecido,16,8,,,…………,,pendente,
qev20_050.scr:17,qev20_050.scr,17,3,チェスター,personagem,17,14,,,ええと、○○？,,pendente,
qev20_050.scr:18,qev20_050.scr,18,3,チェスター,personagem,18,68,,CRLF x2,俺はチェスター・バークライト。\nそんなわけで、\nしばらく世話になるぜ,,pendente,
qev20_050.scr:19,qev20_050.scr,19,3,チェスター,personagem,19,10,,,よろしくな,,pendente,
qev20_060.scr:0,qev20_060.scr,0,3,チェスター,personagem,0,46,,CRLF x1,ここがアドリビトムか。\n結構、賑やかじゃねえか,,pendente,
qev20_060.scr:1,qev20_060.scr,1,3,チェスター,personagem,1,30,,,何かワクワクするな、こういうの,,pendente,
qev20_060.scr:2,qev20_060.scr,2,3,チェスター,personagem,2,40,,CRLF x1,昔、村でやった\n合同キャンプを思い出すぜ,,pendente,
qev20_060.scr:3,qev20_060.scr,3,2,ミント,personagem,3,76,,CRLF x2,それって……。\nチェスターさんが、女性の水浴びを\n覗いたっていう、あの……？,,pendente,
qev20_060.scr:4,qev20_060.scr,4,3,チェスター,personagem,4,46,,CRLF x1,ちょっと待った！\nあれは不可抗力という奴でだな,,pendente,
qev20_060.scr:5,qev20_060.scr,5,3,チェスター,personagem,5,44,,CRLF x1,決して、やましい気持ちが\nあったわけでは……,,pendente,
qev20_060.scr:6,qev20_060.scr,6,1,クレス,personagem,6,42,,CRLF x1,僕はやめておけって\n忠告したんだけどね……,,pendente,
qev20_060.scr:7,qev20_060.scr,7,3,チェスター,personagem,7,30,,CRLF x1,おい、クレス！\n裏切るのかよ？,,pendente,
qev20_060.scr:8,qev20_060.scr,8,2,ミント,personagem,8,8,,,…………,,pendente,
qev20_060.scr:9,qev20_060.scr,9,3,チェスター,personagem,9,28,,CRLF x1,お、おいミント？\n待てって！,,pendente,
qev20_060.scr:10,qev20_060.scr,10,1,クレス,personagem,10,64,,CRLF x2,ははは……。\n騒がしくしてすまない。\nいつも僕達はこんな感じでね,,pendente,
qev20_060.scr:11,qev20_060.scr,11,1,クレス,personagem,11,70,,CRLF x2,それより、○○が\n手伝ってくれたおかげで助かったよ。\n本当にありがとう,,pendente,
qev20_060.scr:12,qev20_060.scr,12,1,クレス,personagem,12,72,,CRLF x2,何か困った事があったら、\n遠慮なく相談してくれ。\n今度は僕達が協力するよ,,pendente,
qev20_060.scr:13,qev20_060.scr,13,1,クレス,personagem,13,20,,,これからも、よろしく,,pendente,
qev20_060.scr:14,qev20_060.scr,14,,(mensagem de sistema),sistema,14,38,,,チェスターがアドリビトムに加入しました,,pendente,
qev21_010.scr:0,qev21_010.scr,0,7,ルーティ,personagem,0,40,,CRLF x1,全く。\n真面目なんだか、自由奔放なんだか,,pendente,
qev21_010.scr:1,qev21_010.scr,1,8,フィリア,personagem,1,46,,CRLF x1,でも、とても\nウッドロウさんらしいと思いますわ,,pendente,
qev21_010.scr:2,qev21_010.scr,2,6,スタン,personagem,2,8,,,そうだな,,pendente,
qev21_010.scr:3,qev21_010.scr,3,6,スタン,personagem,3,54,,CRLF x1,昔から、こうと決めたら\n引かないところのある人だったし,,pendente,
qev21_010.scr:4,qev21_010.scr,4,7,ルーティ,personagem,4,48,,CRLF x1,それ、あんたにだけは\n絶対言われたくないわね……,,pendente,
qev21_010.scr:5,qev21_010.scr,5,62,アンジュ,personagem,5,8,,,まあまあ,,pendente,
qev21_010.scr:6,qev21_010.scr,6,62,アンジュ,personagem,6,58,,CRLF x1,とにかく、この方のお人柄とご事情は\nとてもよくわかりました,,pendente,
qev21_010.scr:7,qev21_010.scr,7,62,アンジュ,personagem,7,48,,CRLF x1,あとは、誰がこの依頼を\n請け負うか、だけれど……,,pendente,
qev21_010.scr:8,qev21_010.scr,8,,(mensagem de sistema),sistema,8,88,,CRLF x2,クエスト「賢王の遊説」が\nエントリーされました。\nクエストカウンタから受ける事が出来ます,,pendente,
qev21_020.scr:0,qev21_020.scr,0,62,アンジュ,personagem,0,42,,CRLF x1,あなたが引き受けてくれるのね。\nありがとう,,pendente,
qev21_020.scr:1,qev21_020.scr,1,6,スタン,personagem,1,54,,CRLF x1,ウッドロウさんは、俺達がとても\nお世話になった人で……,,pendente,
qev21_020.scr:2,qev21_020.scr,2,6,スタン,personagem,2,98,,CRLF x2,すごく大きな国の次期王様なんだけど、\nだからって、いばり散らしたりしない\n大らかで懐の深い人なんだ,,pendente,
qev21_020.scr:3,qev21_020.scr,3,6,スタン,personagem,3,42,,CRLF x1,きっと、○○も\n仲良くなれるんじゃないかな,,pendente,
qev21_020.scr:4,qev21_020.scr,4,7,ルーティ,personagem,4,62,,CRLF x2,そうねぇ。\nそれに、ああ見えて\n弓の腕前だってかなりのものだし,,pendente,
qev21_020.scr:5,qev21_020.scr,5,7,ルーティ,personagem,5,86,,CRLF x2,正直、護衛だの何だの\n気にし過ぎじゃないかと思うけど。\nま、立場上、しょうがないわよね,,pendente,
qev21_020.scr:6,qev21_020.scr,6,8,フィリア,personagem,6,56,,CRLF x1,私達でお手伝い出来る事があれば、\nぜひ声をかけて下さいね,,pendente,
qev21_020.scr:7,qev21_020.scr,7,8,フィリア,personagem,7,30,,,精一杯、協力させていただきます,,pendente,
qev21_020.scr:8,qev21_020.scr,8,62,アンジュ,personagem,8,66,,CRLF x1,あなたなら、いつも通りにやれば大丈夫。\nだからあまり気負わずに、ね,,pendente,
qev21_020.scr:9,qev21_020.scr,9,62,アンジュ,personagem,9,38,,CRLF x1,それじゃ、気を付けて\n行ってらっしゃい,,pendente,
qev21_040.scr:0,qev21_040.scr,0,10,ウッドロウ,personagem,1,24,,,……見つかってしまったか,,pendente,
qev21_040.scr:1,qev21_040.scr,1,200,(ator 200),desconhecido,2,6,,,……？,,pendente,
qev21_040.scr:2,qev21_040.scr,2,10,ウッドロウ,personagem,3,46,,CRLF x1,すまないが、まだ城へ\n戻るわけにはいかないのだ,,pendente,
qev21_040.scr:3,qev21_040.scr,3,10,ウッドロウ,personagem,4,52,,CRLF x1,少しでも見聞を広め、\n国へ還元出来るものを得なければ,,pendente,
qev21_040.scr:4,qev21_040.scr,4,10,ウッドロウ,personagem,5,46,,CRLF x1,それが今の私に出来る\n一番の務めだと思っている,,pendente,
qev21_040.scr:5,qev21_040.scr,5,10,ウッドロウ,personagem,6,26,,,父上にそう伝えてくれたまえ,,pendente,
qev21_050.scr:0,qev21_050.scr,0,10,ウッドロウ,personagem,0,12,,,また君か……,,pendente,
qev21_050.scr:1,qev21_050.scr,1,10,ウッドロウ,personagem,1,48,,CRLF x1,言ったはずだ。\n私はまだ、国へ帰るつもりはないと,,pendente,
qev21_050.scr:2,qev21_050.scr,2,200,(ator 200),desconhecido,2,8,,,…………,,pendente,
qev21_050.scr:3,qev21_050.scr,3,10,ウッドロウ,personagem,3,16,,,ギルド……護衛？,,pendente,
qev21_050.scr:4,qev21_050.scr,4,10,ウッドロウ,personagem,4,38,,,……どうやら、私は誤解をしていたらしい,,pendente,
qev21_050.scr:5,qev21_050.scr,5,10,ウッドロウ,personagem,5,50,,CRLF x1,すまないが、詳しく話を聞かせて\nもらえないだろうか,,pendente,
qev21_050.scr:6,qev21_050.scr,6,10,ウッドロウ,personagem,6,36,,,なるほどな……、そういう事だったのか,,pendente,
qev21_050.scr:7,qev21_050.scr,7,10,ウッドロウ,personagem,7,68,,CRLF x1,これは、一時の猶予を与えられたと\n受け取って構わないのかもしれないな,,pendente,
qev21_050.scr:8,qev21_050.scr,8,200,(ator 200),desconhecido,8,6,,,……？,,pendente,
qev21_050.scr:9,qev21_050.scr,9,10,ウッドロウ,personagem,9,40,,CRLF x1,……失礼。\n私ばかりが納得してしまったな,,pendente,
qev21_050.scr:10,qev21_050.scr,10,200,(ator 200),desconhecido,10,8,,,…………,,pendente,
qev21_050.scr:11,qev21_050.scr,11,10,ウッドロウ,personagem,11,74,,CRLF x1,しかし、どうしたものか……私は一応、\n身分を隠し、各地を遊説している身でな,,pendente,
qev21_050.scr:12,qev21_050.scr,12,10,ウッドロウ,personagem,12,56,,CRLF x1,公式に、ギルドの今回の申し出を\n受ける事は出来ないのだよ,,pendente,
qev21_050.scr:13,qev21_050.scr,13,10,ウッドロウ,personagem,13,56,,CRLF x1,それでは、身分を隠している意味が\nなくなってしまうからね,,pendente,
qev21_050.scr:14,qev21_050.scr,14,200,(ator 200),desconhecido,14,8,,,…………,,pendente,
qev21_050.scr:15,qev21_050.scr,15,10,ウッドロウ,personagem,15,30,,,……一つ、私に考えがあるのだが,,pendente,
qev21_050.scr:16,qev21_050.scr,16,10,ウッドロウ,personagem,16,52,,CRLF x1,どうだろう？\n私が、そのギルドへ身を寄せるというのは,,pendente,
qev21_050.scr:17,qev21_050.scr,17,200,(ator 200),desconhecido,17,8,,,……！？,,pendente,
qev21_050.scr:18,qev21_050.scr,18,10,ウッドロウ,personagem,18,90,,CRLF x2,表面上はどうあれ、腕に覚えのある者達と\n寝食を共にするのだ。\n国の者達も少しは安心出来よう,,pendente,
qev21_050.scr:19,qev21_050.scr,19,10,ウッドロウ,personagem,19,54,,CRLF x1,何より、ギルドには民からの生の声が\n多く寄せられるはず,,pendente,
qev21_050.scr:20,qev21_050.scr,20,10,ウッドロウ,personagem,20,76,,CRLF x2,私自身も、大いに学ばせてもらう事が\n出来そうだ。\n悪い案ではないと思うのだが,,pendente,
qev21_050.scr:21,qev21_050.scr,21,200,(ator 200),desconhecido,21,8,,,…………,,pendente,
qev21_050.scr:22,qev21_050.scr,22,10,ウッドロウ,personagem,22,66,,CRLF x2,……そうだな。\n一度ギルドへ向かい、\n代表者と話をするのが筋だろう,,pendente,
qev21_050.scr:23,qev21_050.scr,23,10,ウッドロウ,personagem,23,42,,CRLF x1,私はウッドロウ・ケルヴィン。\n君の名前は？,,pendente,
qev21_050.scr:24,qev21_050.scr,24,200,(ator 200),desconhecido,24,8,,,…………,,pendente,
qev21_050.scr:25,qev21_050.scr,25,10,ウッドロウ,personagem,25,32,,CRLF x1,……そうか。\n○○君というのだね,,pendente,
qev21_050.scr:26,qev21_050.scr,26,10,ウッドロウ,personagem,26,30,,,では、改めて案内、よろしく頼む,,pendente,
qev21_060.scr:0,qev21_060.scr,0,10,ウッドロウ,personagem,0,22,,,ここがアドリビトム……,,pendente,
qev21_060.scr:1,qev21_060.scr,1,10,ウッドロウ,personagem,1,72,,CRLF x2,なるほど。\n国籍を問わず、多くの人間が集って\nいるというのは本当の様だな,,pendente,
qev21_060.scr:2,qev21_060.scr,2,62,アンジュ,personagem,2,32,,CRLF x1,ご苦労様。\n無事に帰ってきたのね,,pendente,
qev21_060.scr:3,qev21_060.scr,3,62,アンジュ,personagem,3,30,,,ご無事で何よりです、ええと……,,pendente,
qev21_060.scr:4,qev21_060.scr,4,10,ウッドロウ,personagem,4,60,,CRLF x1,ウッドロウで構わない。\nあまりかしこまらず、楽にしていてくれ,,pendente,
qev21_060.scr:5,qev21_060.scr,5,62,アンジュ,personagem,5,84,,CRLF x2,わかりました。\nじゃあ、ウッドロウさん。\nわたしがこのギルドのリーダー、アンジュです,,pendente,
qev21_060.scr:6,qev21_060.scr,6,10,ウッドロウ,personagem,6,12,,,よろしく頼む,,pendente,
qev21_060.scr:7,qev21_060.scr,7,10,ウッドロウ,personagem,7,62,,CRLF x1,早速で申し訳ないが、実は\n折り入って頼みたい事があるのだが……,,pendente,
qev21_060.scr:8,qev21_060.scr,8,62,アンジュ,personagem,8,78,,CRLF x2,お話はわかりました。\nそういう事でしたら、わたし達は\n心からあなたを歓迎します,,pendente,
qev21_060.scr:9,qev21_060.scr,9,62,アンジュ,personagem,9,62,,CRLF x1,その代わり、みんなと同じ様に\n仕事もきっちりこなして頂きますが,,pendente,
qev21_060.scr:10,qev21_060.scr,10,10,ウッドロウ,personagem,10,46,,CRLF x1,構わない。\n元より、それがこちらの望みでもある,,pendente,
qev21_060.scr:11,qev21_060.scr,11,10,ウッドロウ,personagem,11,52,,CRLF x1,○○君、そういうわけだ。\nしばらくこちらで世話になる,,pendente,
qev21_060.scr:12,qev21_060.scr,12,10,ウッドロウ,personagem,12,36,,CRLF x1,何かあれば、\n遠慮なく呼び付けてくれ,,pendente,
qev21_060.scr:13,qev21_060.scr,13,,(mensagem de sistema),sistema,13,38,,,ウッドロウがアドリビトムに加入しました,,pendente,
qev22_010.scr:0,qev22_010.scr,0,10,ウッドロウ,personagem,0,32,,CRLF x1,○○君。\n今、少しいいだろうか？,,pendente,
qev22_010.scr:1,qev22_010.scr,1,200,(ator 200),desconhecido,1,6,,,……？,,pendente,
qev22_010.scr:2,qev22_010.scr,2,10,ウッドロウ,personagem,2,44,,CRLF x1,実は、このギルドに\n是非推薦したい人物がいる,,pendente,
qev22_010.scr:3,qev22_010.scr,3,10,ウッドロウ,personagem,3,60,,CRLF x2,ちょうど、\nこの近くまで来る事になったと\n先程書簡が届いてね,,pendente,
qev22_010.scr:4,qev22_010.scr,4,10,ウッドロウ,personagem,4,70,,CRLF x1,良ければこの機に、君やアンジュ君に\n紹介したいと思うのだが、どうだろう,,pendente,
qev22_010.scr:5,qev22_010.scr,5,200,(ator 200),desconhecido,5,8,,,…………,,pendente,
qev22_010.scr:6,qev22_010.scr,6,10,ウッドロウ,personagem,6,74,,CRLF x1,無論、無理強いをするつもりはない。\n興味があったらまた声をかけてくれないか,,pendente,
qev22_010.scr:7,qev22_010.scr,7,10,ウッドロウ,personagem,7,58,,CRLF x1,この件に関しての判断は君に一任する。\nよろしくお願いするよ,,pendente,
qev22_010.scr:8,qev22_010.scr,8,,(mensagem de sistema),sistema,8,86,,CRLF x2,クエスト「孤高の少年剣士」が\nエントリーされました。\nウッドロウから受ける事が出来ます,,pendente,
qev22_020.scr:0,qev22_020.scr,0,10,ウッドロウ,personagem,0,62,,CRLF x2,そうか。\n突然の申し出にも関わらず\n引き受けてくれて嬉しく思う,,pendente,
qev22_020.scr:1,qev22_020.scr,1,10,ウッドロウ,personagem,1,10,,,ありがとう,,pendente,
qev22_020.scr:2,qev22_020.scr,2,200,(ator 200),desconhecido,2,8,,,…………,,pendente,
qev22_020.scr:3,qev22_020.scr,3,10,ウッドロウ,personagem,3,54,,CRLF x1,彼なら、遺跡でまだ任務に\nあたっているところだと思うが,,pendente,
qev22_020.scr:4,qev22_020.scr,4,10,ウッドロウ,personagem,4,46,,CRLF x1,君がそちらへ向かう旨、\n私から連絡をしておこう,,pendente,
qev22_020.scr:5,qev22_020.scr,5,10,ウッドロウ,personagem,5,8,,,ただ……,,pendente,
qev22_020.scr:6,qev22_020.scr,6,200,(ator 200),desconhecido,6,6,,,……？,,pendente,
qev22_020.scr:7,qev22_020.scr,7,10,ウッドロウ,personagem,7,18,,,いや……何でもない,,pendente,
qev22_020.scr:8,qev22_020.scr,8,10,ウッドロウ,personagem,8,58,,CRLF x1,道中、気を付けて行ってきてくれたまえ。\n吉報を待っているよ,,pendente,
qev22_040.scr:0,qev22_040.scr,0,9,リオン,personagem,2,16,,,万策尽きた様だな,,pendente,
qev22_040.scr:1,qev22_040.scr,1,9,リオン,personagem,3,36,,CRLF x1,もう逃げ場はない。\n大人しく投降しろ,,pendente,
qev22_040.scr:2,qev22_040.scr,2,110,手配犯,personagem,4,36,,CRLF x1,はッ……。\n誰に向かって言ってやがる,,pendente,
qev22_040.scr:3,qev22_040.scr,3,110,手配犯,personagem,5,64,,CRLF x1,そんな細っこい腕で、本気で俺様を\nどうこう出来ると思ってんのか？,,pendente,
qev22_040.scr:4,qev22_040.scr,4,110,手配犯,personagem,6,84,,CRLF x2,どっからどう見たって、\n女みてぇなナリしやがって！\nあんま俺様を舐めんじゃねえぞ！！,,pendente,
qev22_040.scr:5,qev22_040.scr,5,9,リオン,personagem,7,74,,CRLF x2,フッ……。\nどうやら痛い目に遭わなければ、\n自分の身の程もわからないらしい,,pendente,
qev22_040.scr:6,qev22_040.scr,6,9,リオン,personagem,8,46,,CRLF x1,おまけに、致命的に悪いのは\n頭だけではない様だ,,pendente,
qev22_040.scr:7,qev22_040.scr,7,110,手配犯,personagem,9,12,,,……あァ！？,,pendente,
qev22_040.scr:8,qev22_040.scr,8,9,リオン,personagem,10,76,,CRLF x2,安心しろ。\n貴様の収監先には、腕のいい眼科医が\n常駐している場所を選んでやる,,pendente,
qev22_040.scr:9,qev22_040.scr,9,110,手配犯,personagem,11,32,,CRLF x1,な、何だとっ！？\nてめぇ……！！,,pendente,
qev22_040.scr:10,qev22_040.scr,10,110,手配犯,personagem,12,12,,,ぐはあぁッ！,,pendente,
qev22_050.scr:0,qev22_050.scr,0,9,リオン,personagem,1,42,,CRLF x1,なるほど……。\nそれなりの技量はある様だな,,pendente,
qev22_050.scr:1,qev22_050.scr,1,200,(ator 200),desconhecido,2,8,,,…………,,pendente,
qev22_050.scr:2,qev22_050.scr,2,9,リオン,personagem,3,68,,CRLF x2,使えない駒に興味はない。\nだから実力を試させてもらった。\nそれだけだ,,pendente,
qev22_050.scr:3,qev22_050.scr,3,200,(ator 200),desconhecido,4,8,,,…………,,pendente,
qev22_050.scr:4,qev22_050.scr,4,9,リオン,personagem,5,8,,,フン……,,pendente,
qev22_050.scr:5,qev22_050.scr,5,9,リオン,personagem,7,58,,CRLF x1,僕はリオン・マグナス。\nウッドロウの下で客員剣士をしている,,pendente,
qev22_050.scr:6,qev22_050.scr,6,9,リオン,personagem,8,32,,,気は進まないが、これも命令だ……,,pendente,
qev22_050.scr:7,qev22_050.scr,7,9,リオン,personagem,9,46,,CRLF x2,おい。\nそのバンエルティア号とやらへ\n案内しろ,,pendente,
qev22_060.scr:0,qev22_060.scr,0,10,ウッドロウ,personagem,0,56,,CRLF x1,無事に合流出来た様で何よりだ。\n二人とも、ご苦労だったね,,pendente,
qev22_060.scr:1,qev22_060.scr,1,9,リオン,personagem,1,24,,,僕は、命令に従ったまでだ,,pendente,
qev22_060.scr:2,qev22_060.scr,2,9,リオン,personagem,2,64,,CRLF x1,次期国王直々の頼みとあれば、\nおいそれと逆らう事は出来ないからな,,pendente,
qev22_060.scr:3,qev22_060.scr,3,10,ウッドロウ,personagem,3,56,,CRLF x1,そういうつもりで、あの書簡を\n送ったわけではないのだがね,,pendente,
qev22_060.scr:4,qev22_060.scr,4,10,ウッドロウ,personagem,4,64,,CRLF x1,互いに協力して、この先の危機を\n乗り越えられればと思ったまでだよ,,pendente,
qev22_060.scr:5,qev22_060.scr,5,200,(ator 200),desconhecido,5,8,,,…………,,pendente,
qev22_060.scr:6,qev22_060.scr,6,10,ウッドロウ,personagem,6,44,,CRLF x1,堅苦しく捉えてしまったのなら\nすまなかったね,,pendente,
qev22_060.scr:7,qev22_060.scr,7,9,リオン,personagem,7,8,,,フン……,,pendente,
qev22_060.scr:8,qev22_060.scr,8,7,ルーティ,personagem,8,42,,CRLF x1,な〜んか覚えのある声が\nすると思ったら……,,pendente,
qev22_060.scr:9,qev22_060.scr,9,7,ルーティ,personagem,9,46,,CRLF x1,ちょっと、リオン！\n何であんたがここにいるのよ,,pendente,
qev22_060.scr:10,qev22_060.scr,10,9,リオン,personagem,10,46,,CRLF x1,っ！　耳元でわめくな。\nちゃんと聞こえている！,,pendente,
qev22_060.scr:11,qev22_060.scr,11,6,スタン,personagem,11,90,,CRLF x2,よくわからないけど、\nリオンもこのギルドに加入したって事で\nいいんだよな、ウッドロウさん？,,pendente,
qev22_060.scr:12,qev22_060.scr,12,10,ウッドロウ,personagem,12,12,,,ああ、そうだ,,pendente,
qev22_060.scr:13,qev22_060.scr,13,6,スタン,personagem,13,10,,,やったぁ！,,pendente,
qev22_060.scr:14,qev22_060.scr,14,6,スタン,personagem,14,42,,CRLF x1,また一緒に戦えるな。\nよろしくな、リオン！,,pendente,
qev22_060.scr:15,qev22_060.scr,15,9,リオン,personagem,15,80,,CRLF x2,僕は誰とも馴れ合うつもりはない。\n大体、ここへも命令があったから\n来ただけで……,,pendente,
qev22_060.scr:16,qev22_060.scr,16,7,ルーティ,personagem,16,82,,CRLF x2,あ〜も〜はいはい、わかってるわよ。\nどうせいつものウダウダした\n建前ってヤツでしょ,,pendente,
qev22_060.scr:17,qev22_060.scr,17,7,ルーティ,personagem,17,40,,CRLF x1,ほんっと素直じゃないんだから、\nあんたは,,pendente,
qev22_060.scr:18,qev22_060.scr,18,9,リオン,personagem,18,4,,,何？,,pendente,
qev22_060.scr:19,qev22_060.scr,19,6,スタン,personagem,19,74,,CRLF x2,まあまあ、いいじゃないか。\nせっかくこうして、また仲間で\n集まれたんだし！,,pendente,
qev22_060.scr:20,qev22_060.scr,20,6,スタン,personagem,20,32,,CRLF x1,お互い仲良くしよう。\nな、○○！,,pendente,
qev22_060.scr:21,qev22_060.scr,21,200,(ator 200),desconhecido,21,8,,,…………,,pendente,
qev22_060.scr:22,qev22_060.scr,22,9,リオン,personagem,22,4,,,フン,,pendente,
qev22_060.scr:23,qev22_060.scr,23,10,ウッドロウ,personagem,23,44,,CRLF x2,ふふふ……。\n人が増えると\nやはり賑やかだな,,pendente,
qev22_060.scr:24,qev22_060.scr,24,10,ウッドロウ,personagem,24,56,,CRLF x1,ともあれ、互いに良い関係が\n築いていければと思っているよ,,pendente,
qev22_060.scr:25,qev22_060.scr,25,10,ウッドロウ,personagem,25,54,,CRLF x2,○○君、\n君からも何かあれば\nいつでも私に相談してくれ,,pendente,
qev22_060.scr:26,qev22_060.scr,26,10,ウッドロウ,personagem,26,22,,,出来る限り、力になろう,,pendente,
qev22_060.scr:27,qev22_060.scr,27,,(mensagem de sistema),sistema,27,34,,,リオンがアドリビトムに加入しました,,pendente,
qev22_070.scr:0,qev22_070.scr,0,9,リオン,personagem,2,24,,,おい、こいつを連れて行け,,pendente,
qev22_070.scr:1,qev22_070.scr,1,9,リオン,personagem,3,72,,CRLF x2,くれぐれも搬送中に\n取り逃がす様なヘマはするなよ。\n……わかっているな？,,pendente,
qev22_070.scr:2,qev22_070.scr,2,111,部下Ａ,personagem,4,12,,,は……はッ！,,pendente,
qev22_070.scr:3,qev22_070.scr,3,9,リオン,personagem,5,8,,,フン……,,pendente,
qev22_070.scr:4,qev22_070.scr,4,9,リオン,personagem,6,10,,,それで……,,pendente,
qev22_070.scr:5,qev22_070.scr,5,9,リオン,personagem,7,38,,CRLF x1,いつまでそこに\nそうしているつもりだ？,,pendente,
qev22_070.scr:6,qev22_070.scr,6,9,リオン,personagem,8,52,,CRLF x2,ウッドロウの言っていた\n○○というのは\nお前の事だな,,pendente,
qev22_070.scr:7,qev22_070.scr,7,9,リオン,personagem,9,8,,,…………,,pendente,
qev22_070.scr:8,qev22_070.scr,8,200,(ator 200),desconhecido,10,6,,,……？,,pendente,
qev22_070.scr:9,qev22_070.scr,9,9,リオン,personagem,11,34,,CRLF x1,いいだろう。\n話くらいは聞いてやる,,pendente,
qev22_070.scr:10,qev22_070.scr,10,9,リオン,personagem,12,10,,,ただし……,,pendente,
qev22_070.scr:11,qev22_070.scr,11,9,リオン,personagem,13,38,,CRLF x1,それはお前の\n実力の査定が済んでからだ,,pendente,
qev22_070.scr:12,qev22_070.scr,12,9,リオン,personagem,14,8,,,行くぞ！,,pendente,
qev22_080.scr:0,qev22_080.scr,0,9,リオン,personagem,2,54,,CRLF x1,懲りずにまた来たか……。\nだが、何度来ても結果は同じだ,,pendente,
qev22_080.scr:1,qev22_080.scr,1,9,リオン,personagem,3,48,,CRLF x2,実力の差というものを\n思い知らせてやる。\n来い！,,pendente,
qev23_010.scr:0,qev23_010.scr,0,90,ロックス,personagem,1,30,,,ウッドロウ様、よろしいですか？,,pendente,
qev23_010.scr:1,qev23_010.scr,1,90,ロックス,personagem,2,42,,CRLF x1,お手紙が届いていましたので\nお持ちしました,,pendente,
qev23_010.scr:2,qev23_010.scr,2,10,ウッドロウ,personagem,3,24,,,ああ、わざわざすまないね,,pendente,
qev23_010.scr:3,qev23_010.scr,3,90,ロックス,personagem,4,6,,,いいえ,,pendente,
qev23_010.scr:4,qev23_010.scr,4,90,ロックス,personagem,5,20,,,それでは、失礼します,,pendente,
qev23_010.scr:5,qev23_010.scr,5,200,(ator 200),desconhecido,6,8,,,…………,,pendente,
qev23_010.scr:6,qev23_010.scr,6,10,ウッドロウ,personagem,7,12,,,差出人は……,,pendente,
qev23_010.scr:7,qev23_010.scr,7,10,ウッドロウ,personagem,8,10,,,先生から？,,pendente,
qev23_010.scr:8,qev23_010.scr,8,10,ウッドロウ,personagem,9,8,,,…………,,pendente,
qev23_010.scr:9,qev23_010.scr,9,10,ウッドロウ,personagem,10,16,,,何という事だ……,,pendente,
qev23_010.scr:10,qev23_010.scr,10,200,(ator 200),desconhecido,11,6,,,……？,,pendente,
qev23_010.scr:11,qev23_010.scr,11,10,ウッドロウ,personagem,12,20,,,こうしてはいられない,,pendente,
qev23_010.scr:12,qev23_010.scr,12,10,ウッドロウ,personagem,13,58,,CRLF x2,○○君。\n君の力を貸してもらうわけには\nいかないだろうか？,,pendente,
qev23_010.scr:13,qev23_010.scr,13,,(mensagem de sistema),sistema,14,86,,CRLF x2,クエスト「愛に生きる少女」が\nエントリーされました。\nウッドロウから受ける事が出来ます,,pendente,
qev23_020.scr:0,qev23_020.scr,0,10,ウッドロウ,personagem,0,34,,CRLF x1,協力してくれるのだな。\nありがとう,,pendente,
qev23_020.scr:1,qev23_020.scr,1,10,ウッドロウ,personagem,1,70,,CRLF x2,今回探しに行くのは、\n私がとても世話になっている\n弓の師匠のお孫さんだ,,pendente,
qev23_020.scr:2,qev23_020.scr,2,10,ウッドロウ,personagem,2,54,,CRLF x1,活発ないい子なのだが、\n少々方向感覚に難があってね……,,pendente,
qev23_020.scr:3,qev23_020.scr,3,200,(ator 200),desconhecido,3,6,,,……？,,pendente,
qev23_020.scr:4,qev23_020.scr,4,10,ウッドロウ,personagem,4,82,,CRLF x2,恐らく今回も、どこかで\n道に迷ってしまっているのではという\n気がしてならないのだよ,,pendente,
qev23_020.scr:5,qev23_020.scr,5,10,ウッドロウ,personagem,5,34,,CRLF x1,無事でいてくれれば\nいいのだが……,,pendente,
qev23_030.scr:0,qev23_030.scr,0,10,ウッドロウ,personagem,0,68,,CRLF x2,先生によれば、\n彼女の行き先で心当たりがあるのは\nこの山だという事だ,,pendente,
qev23_030.scr:1,qev23_030.scr,1,10,ウッドロウ,personagem,1,60,,CRLF x2,以前、先生と共に\nこの山を越えた事が\nあったらしいのだが……,,pendente,
qev23_030.scr:2,qev23_030.scr,2,200,(ator 200),desconhecido,2,8,,,…………,,pendente,
qev23_030.scr:3,qev23_030.scr,3,10,ウッドロウ,personagem,3,40,,CRLF x1,ひとまず、順番に\n道を辿っていくとしよう,,pendente,
qev23_040.scr:0,qev23_040.scr,0,10,ウッドロウ,personagem,0,22,,,ここにもいない、か……,,pendente,
qev23_040.scr:1,qev23_040.scr,1,10,ウッドロウ,personagem,1,14,,,チェルシー……,,pendente,
qev23_040.scr:2,qev23_040.scr,2,200,(ator 200),desconhecido,2,8,,,…………,,pendente,
qev23_040.scr:3,qev23_040.scr,3,10,ウッドロウ,personagem,3,62,,CRLF x2,ああ……。\nチェルシーと言うのが\n私達が探している少女の名だよ,,pendente,
qev23_040.scr:4,qev23_040.scr,4,10,ウッドロウ,personagem,4,74,,CRLF x2,先生がとても可愛がっている\n自慢の教え子でね。\n筋が良く、弓の腕前は確かだ,,pendente,
qev23_040.scr:5,qev23_040.scr,5,10,ウッドロウ,personagem,5,40,,CRLF x1,幼いながらも\nとてもしっかりとした子だよ,,pendente,
qev23_040.scr:6,qev23_040.scr,6,200,(ator 200),desconhecido,6,8,,,…………,,pendente,
qev23_040.scr:7,qev23_040.scr,7,10,ウッドロウ,personagem,7,74,,CRLF x2,かつて、私が先生に\n本格的に教えを請うていた頃は\n随分と嫌われたものだった,,pendente,
qev23_040.scr:8,qev23_040.scr,8,10,ウッドロウ,personagem,8,86,,CRLF x2,祖父を取られてしまうと思ったのだろう。\n今でこそ、そんな確執など\n夢であるかの様だがね,,pendente,
qev23_040.scr:9,qev23_040.scr,9,200,(ator 200),desconhecido,9,8,,,…………,,pendente,
qev23_040.scr:10,qev23_040.scr,10,10,ウッドロウ,personagem,10,76,,CRLF x2,……だが、いくら大人びている様に\n見えても、まだ少女である事に\n変わりはない,,pendente,
qev23_040.scr:11,qev23_040.scr,11,10,ウッドロウ,personagem,11,40,,CRLF x1,今頃、さぞ心細い思いを\nしている事だろう,,pendente,
qev23_040.scr:12,qev23_040.scr,12,10,ウッドロウ,personagem,12,28,,,早く見つけてあげなければ……,,pendente,
qev23_050.scr:0,qev23_050.scr,0,11,チェルシー,personagem,0,16,,,うう……、ぐすっ,,pendente,
qev23_050.scr:1,qev23_050.scr,1,11,チェルシー,personagem,1,56,,CRLF x1,もうだめ……。\nどこもかしこも、似た様な景色ばっかり……,,pendente,
qev23_050.scr:2,qev23_050.scr,2,11,チェルシー,personagem,2,40,,CRLF x1,おじいちゃん……、\nウッドロウさまぁ……,,pendente,
qev23_050.scr:3,qev23_050.scr,3,10,ウッドロウ,personagem,3,10,,,チェルシー,,pendente,
qev23_050.scr:4,qev23_050.scr,4,10,ウッドロウ,personagem,4,30,,CRLF x1,心配したよ。\n怪我はないかね？,,pendente,
qev23_050.scr:5,qev23_050.scr,5,11,チェルシー,personagem,5,34,,CRLF x1,ウッドロウさま！\nどうしてここに？,,pendente,
qev23_050.scr:6,qev23_050.scr,6,10,ウッドロウ,personagem,6,36,,CRLF x1,先生が手紙で\n内々に知らせてくれてね,,pendente,
qev23_050.scr:7,qev23_050.scr,7,10,ウッドロウ,personagem,7,44,,CRLF x1,おかげでこうして\n迎えに来られたというわけだ,,pendente,
qev23_050.scr:8,qev23_050.scr,8,11,チェルシー,personagem,8,18,,,おじいちゃんが……,,pendente,
qev23_050.scr:9,qev23_050.scr,9,11,チェルシー,personagem,9,56,,CRLF x1,もう……、大丈夫だって言ったのに\nまた子ども扱いして……,,pendente,
qev23_050.scr:10,qev23_050.scr,10,200,(ator 200),desconhecido,10,8,,,…………,,pendente,
qev23_050.scr:11,qev23_050.scr,11,10,ウッドロウ,personagem,11,80,,CRLF x2,そう邪険にするものではないよ。\n先生は、チェルシーを大切に\n思っているだけなのだ,,pendente,
qev23_050.scr:12,qev23_050.scr,12,10,ウッドロウ,personagem,12,24,,,とにかく、無事で良かった,,pendente,
qev23_050.scr:13,qev23_050.scr,13,11,チェルシー,personagem,13,18,,,ウッドロウさま……,,pendente,
qev23_050.scr:14,qev23_050.scr,14,11,チェルシー,personagem,14,42,,CRLF x1,……ごめんなさい。\nご心配をおかけしました,,pendente,
qev23_050.scr:15,qev23_050.scr,15,10,ウッドロウ,personagem,15,72,,CRLF x2,わかってくれればいい。\n失敗は反省として、次に\n活かす為にあるのだからね,,pendente,
qev23_050.scr:16,qev23_050.scr,16,200,(ator 200),desconhecido,16,8,,,…………,,pendente,
qev23_050.scr:17,qev23_050.scr,17,10,ウッドロウ,personagem,17,68,,CRLF x2,さて、ギルドへ戻ろうか。\n先生にもチェルシーの無事を\n報告しなければ,,pendente,
qev23_060.scr:0,qev23_060.scr,0,6,スタン,personagem,0,36,,CRLF x1,チェルシー？\nチェルシーじゃないか！,,pendente,
qev23_060.scr:1,qev23_060.scr,1,6,スタン,personagem,1,32,,CRLF x1,久しぶりだなぁ。\n元気だったか？,,pendente,
qev23_060.scr:2,qev23_060.scr,2,7,ルーティ,personagem,2,60,,CRLF x2,どうしたのよ？\n山で、弓の修行に励んでるんじゃ\nなかったの？,,pendente,
qev23_060.scr:3,qev23_060.scr,3,11,チェルシー,personagem,3,62,,CRLF x1,一日千秋の思いで、ウッドロウさまを\n追いかけて来ちゃいました∀,,pendente,
qev23_060.scr:4,qev23_060.scr,4,11,チェルシー,personagem,4,68,,CRLF x1,ウッドロウさま、ちっともこちらに\n顔を出して下さらないんですもの……,,pendente,
qev23_060.scr:5,qev23_060.scr,5,11,チェルシー,personagem,5,60,,CRLF x1,おじいちゃんに聞いたら、今は\nこのギルドに身を寄せているって,,pendente,
qev23_060.scr:6,qev23_060.scr,6,11,チェルシー,personagem,6,38,,CRLF x1,もう私、\nいても立ってもいられなくて！,,pendente,
qev23_060.scr:7,qev23_060.scr,7,200,(ator 200),desconhecido,7,8,,,…………,,pendente,
qev23_060.scr:8,qev23_060.scr,8,10,ウッドロウ,personagem,8,68,,CRLF x1,チェルシー、わかっているとは思うが\nあくまでギルドは実力主義の世界だ,,pendente,
qev23_060.scr:9,qev23_060.scr,9,10,ウッドロウ,personagem,9,60,,CRLF x1,甘い考えでいれば、支払う代価が\n怪我だけでは済まない事もある,,pendente,
qev23_060.scr:10,qev23_060.scr,10,10,ウッドロウ,personagem,10,74,,CRLF x1,ここに籍を置く以上は、今後もますます\n弓の技術に磨きをかけていかなければな,,pendente,
qev23_060.scr:11,qev23_060.scr,11,11,チェルシー,personagem,11,4,,,はい,,pendente,
qev23_060.scr:12,qev23_060.scr,12,11,チェルシー,personagem,12,42,,CRLF x1,チェルシー・トーン、\n緊褌一番頑張ります！,,pendente,
qev23_060.scr:13,qev23_060.scr,13,6,スタン,personagem,13,12,,,きんこ……？,,pendente,
qev23_060.scr:14,qev23_060.scr,14,10,ウッドロウ,personagem,14,30,,,心から奮起する、という意味だよ,,pendente,
qev23_060.scr:15,qev23_060.scr,15,200,(ator 200),desconhecido,15,8,,,…………,,pendente,
qev23_060.scr:16,qev23_060.scr,16,7,ルーティ,personagem,16,38,,CRLF x1,相変わらず\n小難しい言葉使ってるのねぇ,,pendente,
qev23_060.scr:17,qev23_060.scr,17,11,チェルシー,personagem,17,42,,CRLF x1,当然です。\nもう子どもじゃないんですから！,,pendente,
qev23_060.scr:18,qev23_060.scr,18,,(mensagem de sistema),sistema,18,38,,,チェルシーがアドリビトムに加入しました,,pendente,
qev24_010.scr:0,qev24_010.scr,0,22,キール,personagem,0,68,,CRLF x1,アンジュ、ぼくはもう我慢の限界だ！\n早急に何らかの対処をお願いしたい,,pendente,
qev24_010.scr:1,qev24_010.scr,1,62,アンジュ,personagem,1,30,,,うーん、気持ちはわかるけど……,,pendente,
qev24_010.scr:2,qev24_010.scr,2,62,アンジュ,personagem,2,54,,CRLF x2,あら、○○。\nそうだ、あなたの意見も\n聞いておこうかな,,pendente,
qev24_010.scr:3,qev24_010.scr,3,62,アンジュ,personagem,3,10,,,実はね……,,pendente,
qev24_010.scr:4,qev24_010.scr,4,23,メルディ,personagem,4,52,,CRLF x1,キールが見ーつけた♪\nメルディ達、聞きたい事あるよー,,pendente,
qev24_010.scr:5,qev24_010.scr,5,23,メルディ,personagem,5,30,,,あのな、これ、どやって書くか？,,pendente,
qev24_010.scr:6,qev24_010.scr,6,40,マオ,personagem,6,26,,,絶対、送り仮名は「い」だよ,,pendente,
qev24_010.scr:7,qev24_010.scr,7,58,ルビア,personagem,7,44,,CRLF x1,何言ってるの。\n「ない」に決まってるじゃない,,pendente,
qev24_010.scr:8,qev24_010.scr,8,23,メルディ,personagem,8,60,,CRLF x1,みんな、言ってるが事バラバラな。\nメルディどうするがいいよ？,,pendente,
qev24_010.scr:9,qev24_010.scr,9,22,キール,personagem,9,54,,CRLF x1,あーもう、しつこいな！\nぼくだって自分の論文があるんだ,,pendente,
qev24_010.scr:10,qev24_010.scr,10,22,キール,personagem,10,50,,CRLF x1,たまにはハロルドとか\nリタ辺りにでも聞けばいいだろ,,pendente,
qev24_010.scr:11,qev24_010.scr,11,23,メルディ,personagem,11,32,,,二人とも、相手してくれないよ……,,pendente,
qev24_010.scr:12,qev24_010.scr,12,40,マオ,personagem,12,60,,CRLF x1,自分の研究で忙しいんだって。\nボク達、邪魔者扱いされたんだヨ,,pendente,
qev24_010.scr:13,qev24_010.scr,13,58,ルビア,personagem,13,50,,CRLF x1,だからこうやって、キールに\n聞きに来てるんじゃない,,pendente,
qev24_010.scr:14,qev24_010.scr,14,22,キール,personagem,14,42,,CRLF x1,ぼくにだって打ち込みたい\n研究があるんだ！,,pendente,
qev24_010.scr:15,qev24_010.scr,15,22,キール,personagem,15,52,,CRLF x1,なあ、頼むよアンジュ。\nちゃんとした教師を雇ってくれ,,pendente,
qev24_010.scr:16,qev24_010.scr,16,22,キール,personagem,16,50,,CRLF x1,毎日こんな事続きで、\nぼくだってもうくたくたなんだ,,pendente,
qev24_010.scr:17,qev24_010.scr,17,200,(ator 200),desconhecido,17,8,,,…………,,pendente,
qev24_010.scr:18,qev24_010.scr,18,62,アンジュ,personagem,18,30,,,……と、いうわけなんだけど……,,pendente,
qev24_010.scr:19,qev24_010.scr,19,62,アンジュ,personagem,19,28,,CRLF x1,さて。\nどうしようかな……？,,pendente,
qev24_010.scr:20,qev24_010.scr,20,,(mensagem de sistema),sistema,20,92,,CRLF x2,クエスト「ギルドに教師を」が\nエントリーされました。\nクエストカウンタから受ける事が出来ます,,pendente,
qev24_020.scr:0,qev24_020.scr,0,62,アンジュ,personagem,0,30,,CRLF x1,行ってくれるのね。\nありがとう,,pendente,
qev24_020.scr:1,qev24_020.scr,1,26,ロイド,personagem,1,84,,CRLF x2,迎えに行ってもらうのは、\n俺達の先生なんだ。\nすごく頼りになる人ではあるんだけど……,,pendente,
qev24_020.scr:2,qev24_020.scr,2,26,ロイド,personagem,2,42,,CRLF x1,うーん。\n今いる場所が、場所だからなぁ……,,pendente,
qev24_020.scr:3,qev24_020.scr,3,27,コレット,personagem,3,58,,CRLF x1,もしかしたら、いつものアレに\nなっちゃってるかもしれないね,,pendente,
qev24_020.scr:4,qev24_020.scr,4,26,ロイド,personagem,4,26,,,いや、多分確実になってるな,,pendente,
qev24_020.scr:5,qev24_020.scr,5,26,ロイド,personagem,5,58,,CRLF x1,そういうわけで、多分先生だけだと\n到着が遅くなると思うんだ,,pendente,
qev24_020.scr:6,qev24_020.scr,6,26,ロイド,personagem,6,42,,CRLF x1,悪いけど、\n迎えに行ってもらえると助かるよ,,pendente,
qev24_020.scr:7,qev24_020.scr,7,27,コレット,personagem,7,24,,,私達も、お手伝い出来るよ,,pendente,
qev24_020.scr:8,qev24_020.scr,8,27,コレット,personagem,8,22,,,良かったら声をかけてね,,pendente,
qev24_020.scr:9,qev24_020.scr,9,62,アンジュ,personagem,9,80,,CRLF x2,そういうわけで。\n申し訳ないけど、丁重且つ迅速に\n先生をここへお連れして欲しいの,,pendente,
qev24_020.scr:10,qev24_020.scr,10,62,アンジュ,personagem,10,54,,CRLF x1,キール君が胃痛で倒れるのも\n時間の問題だと思うから……,,pendente,
qev24_040.scr:0,qev24_040.scr,0,29,リフィル,personagem,1,42,,CRLF x1,ここは遺跡内で\n一般人が生活していたのか？,,pendente,
qev24_040.scr:1,qev24_040.scr,1,29,リフィル,personagem,2,68,,CRLF x2,何という事だ！\n歴史的文化財は保存の徹底が\n最優先事項だというのに！,,pendente,
qev24_040.scr:2,qev24_040.scr,2,28,ジーニアス,personagem,3,52,,CRLF x1,姉さん、落ち着いて……！\n誰かに聞こえたらどうするの,,pendente,
qev24_040.scr:3,qev24_040.scr,3,29,リフィル,personagem,4,44,,CRLF x1,決まっている。\n即時立ち退きを要請するのだ！,,pendente,
qev24_040.scr:4,qev24_040.scr,4,28,ジーニアス,personagem,5,40,,CRLF x1,ええっ！？\nや、やめようよ、そんなの……,,pendente,
qev24_040.scr:5,qev24_040.scr,5,29,リフィル,personagem,6,68,,CRLF x2,おお……。\nあちらはまだ、それ程人の手で荒らされては\nいない様だぞ？,,pendente,
qev24_040.scr:6,qev24_040.scr,6,28,ジーニアス,personagem,7,26,,,えっ？　ちょっと、姉さん？,,pendente,
qev24_040.scr:7,qev24_040.scr,7,28,ジーニアス,personagem,8,36,,,もう〜、ギルドへはいつ行くのさぁ〜！,,pendente,
qev24_050.scr:0,qev24_050.scr,0,29,リフィル,personagem,0,72,,CRLF x1,これ程の遺跡が、これだけ完璧な状態で\n保存されているというのは珍しい……,,pendente,
qev24_050.scr:1,qev24_050.scr,1,29,リフィル,personagem,1,70,,CRLF x1,苔の付着の仕方や、材質の劣化の具合からも\n相当に古い建造物の様だな……,,pendente,
qev24_050.scr:2,qev24_050.scr,2,28,ジーニアス,personagem,2,10,,,姉さん……,,pendente,
qev24_050.scr:3,qev24_050.scr,3,29,リフィル,personagem,3,80,,CRLF x2,それにしても、これだけの規模の建物を\nこんな辺鄙な場所に作ったのは\nなぜなんだ？,,pendente,
qev24_050.scr:4,qev24_050.scr,4,29,リフィル,personagem,4,100,,CRLF x2,建造技術の度合いから鑑みても、\nそれ相応の目的の元に作られたもので\nあるのは明らか……だとすれば……,,pendente,
qev24_050.scr:5,qev24_050.scr,5,28,ジーニアス,personagem,5,14,,,姉さんったら！,,pendente,
qev24_050.scr:6,qev24_050.scr,6,29,リフィル,personagem,6,76,,CRLF x2,おお、ジーニアス。\nちょうどいい。\nこの遺跡の成り立ちと用途をどう分析する？,,pendente,
qev24_050.scr:7,qev24_050.scr,7,28,ジーニアス,personagem,7,8,,,えっ……,,pendente,
qev24_050.scr:8,qev24_050.scr,8,28,ジーニアス,personagem,8,98,,CRLF x2,……見た目には典型的な神殿構造に\nなっているから、多分何かの祭事用に\n作られたものだと思うけど……,,pendente,
qev24_050.scr:9,qev24_050.scr,9,28,ジーニアス,personagem,9,12,,,そんな事より,,pendente,
qev24_050.scr:10,qev24_050.scr,10,29,リフィル,personagem,10,18,,,そんな事とは何だ！,,pendente,
qev24_050.scr:11,qev24_050.scr,11,29,リフィル,personagem,11,80,,CRLF x2,一つの遺跡に真摯に向き合い、\n歴史の声に耳を傾ける事から\n浮かび上がる真実がある,,pendente,
qev24_050.scr:12,qev24_050.scr,12,29,リフィル,personagem,12,38,,CRLF x1,なぜ、その重大さと意義が\nわからない！,,pendente,
qev24_050.scr:13,qev24_050.scr,13,28,ジーニアス,personagem,13,62,,CRLF x2,わかるよ！\nわかるけど、今はとにかく、\n早くギルドへ向かおうよ,,pendente,
qev24_050.scr:14,qev24_050.scr,14,28,ジーニアス,personagem,14,52,,CRLF x1,もう、どれだけこの遺跡を検分すれば\n気が済むのさ……,,pendente,
qev24_050.scr:15,qev24_050.scr,15,28,ジーニアス,personagem,15,20,,,あれ？　キミは……？,,pendente,
qev24_050.scr:16,qev24_050.scr,16,200,(ator 200),desconhecido,16,8,,,…………,,pendente,
qev24_050.scr:17,qev24_050.scr,17,28,ジーニアス,personagem,17,40,,CRLF x1,ギルドの……？\nやっぱりそうだったんだ！,,pendente,
qev24_050.scr:18,qev24_050.scr,18,28,ジーニアス,personagem,18,32,,,ほら、姉さん、迎えの人が来たよ！,,pendente,
qev24_050.scr:19,qev24_050.scr,19,29,リフィル,personagem,19,30,,,あなたが、アドリビトムの……？,,pendente,
qev24_050.scr:20,qev24_050.scr,20,200,(ator 200),desconhecido,20,8,,,…………,,pendente,
qev24_050.scr:21,qev24_050.scr,21,28,ジーニアス,personagem,21,58,,CRLF x1,ボク達の到着が遅いから、\nわざわざ迎えに来てくれたんだよ！,,pendente,
qev24_050.scr:22,qev24_050.scr,22,28,ジーニアス,personagem,22,104,,CRLF x2,ほら、姉さんの仕事はギルドで\n生徒に学問の楽しさを教える事でしょう？\nいつまでも道草してるのは良くないよ,,pendente,
qev24_050.scr:23,qev24_050.scr,23,29,リフィル,personagem,23,26,,,わかっていてよ、ジーニアス,,pendente,
qev24_050.scr:24,qev24_050.scr,24,29,リフィル,personagem,24,50,,CRLF x1,お待たせしてしまったわね。\n私は、リフィル・セイジ,,pendente,
qev24_050.scr:25,qev24_050.scr,25,28,ジーニアス,personagem,25,26,,,ボクは、弟のジーニアスだよ,,pendente,
qev24_050.scr:26,qev24_050.scr,26,28,ジーニアス,personagem,26,84,,CRLF x2,姉さんは遺跡マニアで、\n一度遺跡モードになると、他の事が\n考えられなくなっちゃうんだ,,pendente,
qev24_050.scr:27,qev24_050.scr,27,200,(ator 200),desconhecido,27,8,,,…………,,pendente,
qev24_050.scr:28,qev24_050.scr,28,29,リフィル,personagem,28,30,,CRLF x1,お黙り。\n全て聞こえていてよ？,,pendente,
qev24_050.scr:29,qev24_050.scr,29,29,リフィル,personagem,29,60,,CRLF x1,まだこの遺跡を、十分に\n検証し尽くしてはいないのだけれど……,,pendente,
qev24_050.scr:30,qev24_050.scr,30,29,リフィル,personagem,30,56,,CRLF x1,仕方がないわね。\nひとまず、ギルドに案内していただける？,,pendente,
qev24_060.scr:0,qev24_060.scr,0,62,アンジュ,personagem,0,38,,CRLF x1,ご苦労様。\n無事にお迎え出来たみたいね,,pendente,
qev24_060.scr:1,qev24_060.scr,1,29,リフィル,personagem,1,42,,CRLF x1,ここが、アドリビトム……。\n噂以上の設備ね,,pendente,
qev24_060.scr:2,qev24_060.scr,2,62,アンジュ,personagem,2,38,,CRLF x1,ご苦労様。\n無事にお迎え出来たみたいね,,pendente,
qev24_060.scr:3,qev24_060.scr,3,29,リフィル,personagem,3,42,,CRLF x1,ここが、アドリビトム……。\n噂以上の設備ね,,pendente,
qev24_060.scr:4,qev24_060.scr,4,26,ロイド,personagem,4,28,,CRLF x1,先生！\n良かった、無事に……,,pendente,
qev24_060.scr:5,qev24_060.scr,5,26,ロイド,personagem,5,40,,CRLF x1,あれ、ジーニアス！？\nお前も来てたのか！,,pendente,
qev24_060.scr:6,qev24_060.scr,6,28,ジーニアス,personagem,6,16,,,聞いてよロイド！,,pendente,
qev24_060.scr:7,qev24_060.scr,7,28,ジーニアス,personagem,7,48,,CRLF x1,姉さんたら、またいつもの\n悪い病気が始まって……,,pendente,
qev24_060.scr:8,qev24_060.scr,8,29,リフィル,personagem,8,12,,,何ですって？,,pendente,
qev24_060.scr:9,qev24_060.scr,9,28,ジーニアス,personagem,9,22,,,な、何でもないです……,,pendente,
qev24_060.scr:10,qev24_060.scr,10,27,コレット,personagem,10,44,,CRLF x1,とにかく、二人とも無事に着いて\n良かったです,,pendente,
qev24_060.scr:11,qev24_060.scr,11,29,リフィル,personagem,11,6,,,そうね,,pendente,
qev24_060.scr:12,qev24_060.scr,12,29,リフィル,personagem,12,62,,CRLF x1,ええと……○○というのね。\nこれから、弟共々、よろしく頼むわね,,pendente,
qev24_060.scr:13,qev24_060.scr,13,28,ジーニアス,personagem,13,62,,CRLF x1,ねえロイド、船の中を案内してよ。\nボク、こんな大きな船初めて！,,pendente,
qev24_060.scr:14,qev24_060.scr,14,26,ロイド,personagem,14,40,,CRLF x1,ああ、いいぜ。\n好きな所を案内してやるよ,,pendente,
qev24_060.scr:15,qev24_060.scr,15,28,ジーニアス,personagem,15,38,,CRLF x1,わぁーい！\nそれじゃあね、ええっと……,,pendente,
qev24_060.scr:16,qev24_060.scr,16,27,コレット,personagem,16,24,,,ジーニアス、嬉しそうだね,,pendente,
qev24_060.scr:17,qev24_060.scr,17,29,リフィル,personagem,17,32,,,あの子は、村の中しか知らないから,,pendente,
qev24_060.scr:18,qev24_060.scr,18,29,リフィル,personagem,18,66,,CRLF x2,そうね……。\nそういう意味でも、よい経験が出来ると\nいいのだけれど,,pendente,
qev24_060.scr:19,qev24_060.scr,19,62,アンジュ,personagem,19,84,,CRLF x2,そういった経験を欲している生徒が\nうちには何人もいますよ。\n後程、お引き合わせします,,pendente,
qev24_060.scr:20,qev24_060.scr,20,29,リフィル,personagem,20,28,,CRLF x1,ええ。\nよろしくお願いするわ,,pendente,
qev24_060.scr:21,qev24_060.scr,21,28,ジーニアス,personagem,21,66,,CRLF x2,ねえ、ロイド。\n船の中を案内してよ。\nボク、こんな大きな船初めて！,,pendente,
qev24_060.scr:22,qev24_060.scr,22,26,ロイド,personagem,22,40,,CRLF x1,ああ、いいぜ。\n好きな所を案内してやるよ,,pendente,
qev24_060.scr:23,qev24_060.scr,23,28,ジーニアス,personagem,23,38,,CRLF x1,わぁーい！\nそれじゃあね、ええっと……,,pendente,
qev24_060.scr:24,qev24_060.scr,24,62,アンジュ,personagem,24,62,,CRLF x2,ふふ。\nあんなにはしゃいで……。\n余程、この船が珍しかったのね,,pendente,
qev24_060.scr:25,qev24_060.scr,25,29,リフィル,personagem,25,32,,,あの子は、村の中しか知らないから,,pendente,
qev24_060.scr:26,qev24_060.scr,26,29,リフィル,personagem,26,66,,CRLF x2,そうね……。\nそういう意味でも、よい経験が出来ると\nいいのだけれど,,pendente,
qev24_060.scr:27,qev24_060.scr,27,62,アンジュ,personagem,27,84,,CRLF x2,そういった経験を欲している生徒が\nうちには何人もいますよ。\n後程、お引き合わせします,,pendente,
qev24_060.scr:28,qev24_060.scr,28,29,リフィル,personagem,28,28,,CRLF x1,ええ。\nよろしくお願いするわ,,pendente,
qev24_060.scr:29,qev24_060.scr,29,29,リフィル,personagem,29,62,,CRLF x1,ええと……○○というのね。\nこれから、弟共々、よろしく頼むわね,,pendente,
qev24_060.scr:30,qev24_060.scr,30,,(mensagem de sistema),sistema,30,38,,,ジーニアスがアドリビトムに加入しました,,pendente,
qev24_060.scr:31,qev24_060.scr,31,,(mensagem de sistema),sistema,31,36,,,リフィルがアドリビトムに加入しました,,pendente,
qev25_010.scr:0,qev25_010.scr,0,26,ロイド,personagem,0,22,,,じゃあ、どうするんだ？,,pendente,
qev25_010.scr:1,qev25_010.scr,1,31,しいな,personagem,1,30,,CRLF x1,決まってるだろ。\n迎えに行くよ,,pendente,
qev25_010.scr:2,qev25_010.scr,2,31,しいな,personagem,2,72,,CRLF x2,あんな動くわいせつ物、\nその辺に放置してたら、\n人様に迷惑がかかるからね,,pendente,
qev25_010.scr:3,qev25_010.scr,3,26,ロイド,personagem,3,10,,,よう、○○,,pendente,
qev25_010.scr:4,qev25_010.scr,4,26,ロイド,personagem,4,32,,,来てたのか、気付かなくてごめんな,,pendente,
qev25_010.scr:5,qev25_010.scr,5,31,しいな,personagem,5,68,,CRLF x2,……そうだ、悪いんだけど\n良かったら○○も\n手を貸してくれないかい？,,pendente,
qev25_010.scr:6,qev25_010.scr,6,31,しいな,personagem,6,98,,CRLF x2,知り合いに、どうしようもない馬鹿が\n一人いてさ。　これからそいつを\n迎えに行かなきゃなんないんだよ,,pendente,
qev25_010.scr:7,qev25_010.scr,7,26,ロイド,personagem,7,56,,CRLF x1,あ、俺からも頼むよ。\nもちろん、俺で良ければ手伝うからさ,,pendente,
qev25_010.scr:8,qev25_010.scr,8,31,しいな,personagem,8,40,,CRLF x1,全く、懲りないっていうか\n何ていうか……,,pendente,
qev25_010.scr:9,qev25_010.scr,9,31,しいな,personagem,9,40,,CRLF x1,ほんとに、手のかかる馬鹿だよ。\nあいつは,,pendente,
qev25_010.scr:10,qev25_010.scr,10,,(mensagem de sistema),sistema,10,82,,CRLF x2,クエスト「愛の使者、襲来」が\nエントリーされました。\nしいなから受ける事が出来ます,,pendente,
qev25_020.scr:0,qev25_020.scr,0,31,しいな,personagem,0,80,,CRLF x2,手を貸してくれるんだね、助かるよ。\nあの馬鹿はあたし一人じゃ\n手に負えなくってサ,,pendente,
qev25_020.scr:1,qev25_020.scr,1,200,(ator 200),desconhecido,1,8,,,…………,,pendente,
qev25_020.scr:2,qev25_020.scr,2,31,しいな,personagem,2,38,,CRLF x1,ああ、美人を\n連れて来いって条件かい？,,pendente,
qev25_020.scr:3,qev25_020.scr,3,31,しいな,personagem,3,58,,CRLF x1,真に受けなくていいよ。\nいつものあいつのしょうもない病気さ,,pendente,
qev25_020.scr:4,qev25_020.scr,4,31,しいな,personagem,4,50,,CRLF x1,それに、あたしが同行すれば\nあいつも黙ると思うしね,,pendente,
qev25_020.scr:5,qev25_020.scr,5,200,(ator 200),desconhecido,5,8,,,…………,,pendente,
qev25_020.scr:6,qev25_020.scr,6,31,しいな,personagem,6,62,,CRLF x1,……あ、いや、別にあたしが\n美人だって言ってるわけじゃないよ？,,pendente,
qev25_020.scr:7,qev25_020.scr,7,31,しいな,personagem,7,72,,CRLF x1,あいつには、そろそろ、きつ〜いお灸を\n据えてやんなきゃって思ってるだけさ,,pendente,
qev25_020.scr:8,qev25_020.scr,8,31,しいな,personagem,8,10,,,さ、行こう,,pendente,
qev25_030.scr:0,qev25_030.scr,0,31,しいな,personagem,0,18,,,やれやれ、全く……,,pendente,
qev25_030.scr:1,qev25_030.scr,1,31,しいな,personagem,1,40,,CRLF x1,何で、こんなとこで\n迷っちまうかねぇ……,,pendente,
qev25_030.scr:2,qev25_030.scr,2,200,(ator 200),desconhecido,2,8,,,…………,,pendente,
qev25_030.scr:3,qev25_030.scr,3,31,しいな,personagem,3,42,,CRLF x1,ああ、ごめんよ。\n愚痴っぽくなっちまったね,,pendente,
qev25_030.scr:4,qev25_030.scr,4,31,しいな,personagem,4,52,,CRLF x1,……これから迎えに行く馬鹿はサ、\n重度の女好きなんだ,,pendente,
qev25_030.scr:5,qev25_030.scr,5,31,しいな,personagem,5,106,,CRLF x2,今回も「ロイドくんを追っかけて\nアドリビトムを目指してるぜ∀」なんて\nしゃあしゃあと言っちゃあいるけど……,,pendente,
qev25_030.scr:6,qev25_030.scr,6,31,しいな,personagem,6,48,,CRLF x1,ホントの目的なんて\n言わずとも……っていう奴だよ,,pendente,
qev25_030.scr:7,qev25_030.scr,7,200,(ator 200),desconhecido,7,8,,,…………,,pendente,
qev25_030.scr:8,qev25_030.scr,8,31,しいな,personagem,8,64,,CRLF x2,○○も気を付けなよ。\nあいつ、ほんと女には\n全力で見境ないからさ,,pendente,
qev25_030.scr:9,qev25_030.scr,9,31,しいな,personagem,9,44,,CRLF x1,……なんて、\nうだうだ言ってたって仕方ないね,,pendente,
qev25_030.scr:10,qev25_030.scr,10,31,しいな,personagem,10,28,,,それじゃ、気合入れていくよ！,,pendente,
qev25_040.scr:0,qev25_040.scr,0,32,ゼロス,personagem,2,42,,CRLF x1,待ってたぜ、俺さまの可愛い\n子猫ちゃん達∀,,pendente,
qev25_040.scr:1,qev25_040.scr,1,32,ゼロス,personagem,4,54,,CRLF x1,お嬢さん……。\n俺さまの為に、はるばるこんな所まで……,,pendente,
qev25_040.scr:2,qev25_040.scr,2,32,ゼロス,personagem,5,62,,CRLF x2,ここでこうしてお会い出来たのも\n何かのご縁。\nよろしければ……,,pendente,
qev25_040.scr:3,qev25_040.scr,3,32,ゼロス,personagem,6,68,,CRLF x1,その疲れたおみ足、俺さまが\nもみほぐしてあげちゃいた〜い、みたいな∀,,pendente,
qev25_040.scr:4,qev25_040.scr,4,32,ゼロス,personagem,7,32,,CRLF x1,って、何だよ。\nこっちはヤローか,,pendente,
qev25_040.scr:5,qev25_040.scr,5,200,(ator 200),desconhecido,8,8,,,…………,,pendente,
qev25_040.scr:6,qev25_040.scr,6,32,ゼロス,personagem,9,6,,,で、で,,pendente,
qev25_040.scr:7,qev25_040.scr,7,32,ゼロス,personagem,10,74,,CRLF x2,俺さまの俺さまによる俺さまの為の\n可愛い可愛い子猫ちゃん達∀は\nどこに……,,pendente,
qev25_040.scr:8,qev25_040.scr,8,31,しいな,personagem,11,12,,,ゼロス！！！,,pendente,
qev25_040.scr:9,qev25_040.scr,9,32,ゼロス,personagem,12,12,,,ぐはっ！！？,,pendente,
qev25_040.scr:10,qev25_040.scr,10,32,ゼロス,personagem,13,88,,CRLF x2,……って、しいな？\n何でぇ、お前もこの愛の使者たる\n俺さまに会いたくて来ちゃったってか？,,pendente,
qev25_040.scr:11,qev25_040.scr,11,32,ゼロス,personagem,14,30,,,か〜〜っ、モテる男は辛いねえ∀,,pendente,
qev25_040.scr:12,qev25_040.scr,12,32,ゼロス,personagem,15,14,,,ごほぉっ！！？,,pendente,
qev25_040.scr:13,qev25_040.scr,13,32,ゼロス,personagem,16,34,,,……って、何度も人を殴るなっつの！,,pendente,
qev25_040.scr:14,qev25_040.scr,14,31,しいな,personagem,17,68,,CRLF x2,そうでもしなきゃ、\nあんたのそのくだらないお喋りは\n止まらないだろ？,,pendente,
qev25_040.scr:15,qev25_040.scr,15,32,ゼロス,personagem,18,56,,CRLF x2,な、何だよ。\nそんな目くじら立てなくたって\nいいでしょ〜,,pendente,
qev25_040.scr:16,qev25_040.scr,16,31,しいな,personagem,19,70,,CRLF x2,今日という今日は、\nきつ〜〜〜〜〜くお灸を\n据えてやるからね……ゼロス,,pendente,
qev25_040.scr:17,qev25_040.scr,17,32,ゼロス,personagem,20,18,,,あああ〜〜〜っ！！,,pendente,
qev25_040.scr:18,qev25_040.scr,18,32,ゼロス,personagem,21,44,,CRLF x1,おい、しいな！\n服のそこんところ破けてんぞ！,,pendente,
qev25_040.scr:19,qev25_040.scr,19,31,しいな,personagem,22,24,,,えっ！？　ど、どこだい？,,pendente,
qev25_040.scr:20,qev25_040.scr,20,32,ゼロス,personagem,23,24,,,そこだよそこ、ほら端の！,,pendente,
qev25_040.scr:21,qev25_040.scr,21,31,しいな,personagem,24,74,,CRLF x2,え？　え？\nも、もっと具体的に言っとくれよ。\nそれじゃちっともわからな……,,pendente,
qev25_040.scr:22,qev25_040.scr,22,200,(ator 200),desconhecido,25,8,,,…………,,pendente,
qev25_040.scr:23,qev25_040.scr,23,31,しいな,personagem,26,22,,,ゼ、ゼロスーーーー！！,,pendente,
qev25_040.scr:24,qev25_040.scr,24,31,しいな,personagem,27,56,,CRLF x2,あいつ……。\nこの次見つけたら、\nただじゃおかないよ！！,,pendente,
qev25_050.scr:0,qev25_050.scr,0,31,しいな,personagem,1,52,,CRLF x1,見つけたよ、ゼロス！\nさっきはよくも騙してくれたね！,,pendente,
qev25_050.scr:1,qev25_050.scr,1,32,ゼロス,personagem,2,30,,,騙すなんてそんな、人聞きの悪い,,pendente,
qev25_050.scr:2,qev25_050.scr,2,32,ゼロス,personagem,3,96,,CRLF x2,衣服に万一乱れがあっちゃ、\n後で気付いたしいなが、それはそれは\n恥ずかし〜〜い思いをすると思って,,pendente,
qev25_050.scr:3,qev25_050.scr,3,32,ゼロス,personagem,4,40,,,これでも、俺さまなりに気を遣ったんだぜ？,,pendente,
qev25_050.scr:4,qev25_050.scr,4,200,(ator 200),desconhecido,5,8,,,…………,,pendente,
qev25_050.scr:5,qev25_050.scr,5,31,しいな,personagem,6,42,,CRLF x1,……で。\n結局どこが乱れてたっていうんだい,,pendente,
qev25_050.scr:6,qev25_050.scr,6,32,ゼロス,personagem,7,20,,,それは、ヒ・ミ・ツ∀,,pendente,
qev25_050.scr:7,qev25_050.scr,7,32,ゼロス,personagem,8,14,,,どあぁっ！！？,,pendente,
qev25_050.scr:8,qev25_050.scr,8,32,ゼロス,personagem,9,44,,CRLF x1,ったくも〜〜。\n俺さま何回どつかれんのよ……,,pendente,
qev25_050.scr:9,qev25_050.scr,9,32,ゼロス,personagem,10,64,,CRLF x1,久々の再会に、喜びを抑えきれないのは\nよ〜〜くわかるんだけどさぁ,,pendente,
qev25_050.scr:10,qev25_050.scr,10,31,しいな,personagem,11,10,,,何だって？,,pendente,
qev25_050.scr:11,qev25_050.scr,11,32,ゼロス,personagem,12,28,,,ああ、いや……何でもないです,,pendente,
qev25_050.scr:12,qev25_050.scr,12,31,しいな,personagem,13,42,,CRLF x1,……とにかく。\nアドリビトムへ来るんだろ？,,pendente,
qev25_050.scr:13,qev25_050.scr,13,31,しいな,personagem,14,46,,CRLF x1,案内するから、\n黙ってちゃっちゃと歩いとくれよ,,pendente,
qev25_050.scr:14,qev25_050.scr,14,32,ゼロス,personagem,15,16,,,わかってますって,,pendente,
qev25_050.scr:15,qev25_050.scr,15,31,しいな,personagem,16,10,,,返事が軽い,,pendente,
qev25_050.scr:16,qev25_050.scr,16,32,ゼロス,personagem,17,16,,,な、何だよそれ〜,,pendente,
qev25_050.scr:17,qev25_050.scr,17,32,ゼロス,personagem,18,80,,CRLF x2,これでも、ちゃあんと感謝してるぜ？\n俺さまを迎えに来てくれた\nしいなには特別、な,,pendente,
qev25_050.scr:18,qev25_050.scr,18,31,しいな,personagem,19,8,,,はいはい,,pendente,
qev25_050.scr:19,qev25_050.scr,19,31,しいな,personagem,20,20,,CRLF x1,さ、○○。\n戻ろうか,,pendente,
qev25_050.scr:20,qev25_050.scr,20,200,(ator 200),desconhecido,21,8,,,…………,,pendente,
qev25_050.scr:21,qev25_050.scr,21,32,ゼロス,personagem,22,36,,CRLF x1,ははっ。\n相変わらずつれないねぇ……,,pendente,
qev25_060.scr:0,qev25_060.scr,0,32,ゼロス,personagem,1,68,,CRLF x2,さてさて。\nそんじゃ、早速俺さまも挨拶回りに\n行ってくるとしますかね,,pendente,
qev25_060.scr:1,qev25_060.scr,1,31,しいな,personagem,2,36,,CRLF x1,待ちな、ゼロス！\n念の為に言っとくよ,,pendente,
qev25_060.scr:2,qev25_060.scr,2,31,しいな,personagem,3,68,,CRLF x1,ここで何か間違いでも起こしてみな、\nその時は……わかってるだろうね？,,pendente,
qev25_060.scr:3,qev25_060.scr,3,32,ゼロス,personagem,4,24,,,はいはい、わかってますよ,,pendente,
qev25_060.scr:4,qev25_060.scr,4,32,ゼロス,personagem,5,66,,CRLF x1,だがよ、真面目なのも悪かねえが\nあんまりおカタい女は嫌われるぜぇ？,,pendente,
qev25_060.scr:5,qev25_060.scr,5,31,しいな,personagem,6,6,,,なっ！,,pendente,
qev25_060.scr:6,qev25_060.scr,6,32,ゼロス,personagem,7,18,,,んじゃ、お先〜〜∀,,pendente,
qev25_060.scr:7,qev25_060.scr,7,31,しいな,personagem,8,6,,,あっ！,,pendente,
qev25_060.scr:8,qev25_060.scr,8,31,しいな,personagem,9,24,,,……もう、またやられたよ,,pendente,
qev25_060.scr:9,qev25_060.scr,9,31,しいな,personagem,10,28,,,……うるさい奴だろ？　あいつ,,pendente,
qev25_060.scr:10,qev25_060.scr,10,31,しいな,personagem,11,68,,CRLF x2,でも、ああ見えて\n根は悪い奴じゃないからさ。\n仲良くしてやっとくれよ,,pendente,
qev25_060.scr:11,qev25_060.scr,11,200,(ator 200),desconhecido,12,8,,,…………,,pendente,
qev25_060.scr:12,qev25_060.scr,12,31,しいな,personagem,13,42,,CRLF x1,今日は手伝ってくれてありがとう。\nそれじゃ,,pendente,
qev25_060.scr:13,qev25_060.scr,13,32,ゼロス,personagem,14,62,,CRLF x2,あ、そうそう。\n言い忘れたけど。\n俺さま、ゼロス・ワイルダーね,,pendente,
qev25_060.scr:14,qev25_060.scr,14,32,ゼロス,personagem,15,46,,CRLF x1,しばらく世話んなると思うけど、\nま、よろしくな,,pendente,
qev25_060.scr:15,qev25_060.scr,15,32,ゼロス,personagem,16,74,,CRLF x2,ほんじゃまぁ、\n改めて、俺さまのハニー達に\n会いに行ってくるとしますか∀∀,,pendente,
qev25_060.scr:16,qev25_060.scr,16,32,ゼロス,personagem,17,20,,,ひゃっほ〜〜〜い！！,,pendente,
qev25_060.scr:17,qev25_060.scr,17,,(mensagem de sistema),sistema,18,34,,,ゼロスがアドリビトムに加入しました,,pendente,
qev26_010.scr:0,qev26_010.scr,0,23,メルディ,personagem,0,10,,,ジーニアス,,pendente,
qev26_010.scr:1,qev26_010.scr,1,23,メルディ,personagem,1,12,,,ジーニアス！,,pendente,
qev26_010.scr:2,qev26_010.scr,2,23,メルディ,personagem,2,36,,CRLF x1,ジーニアスてば！\nもう、何見てるか？,,pendente,
qev26_010.scr:3,qev26_010.scr,3,28,ジーニアス,personagem,3,44,,CRLF x1,わぁ、ビックリした！\nもう、おどかさないでよ,,pendente,
qev26_010.scr:4,qev26_010.scr,4,23,メルディ,personagem,4,14,,,どして驚くか？,,pendente,
qev26_010.scr:5,qev26_010.scr,5,23,メルディ,personagem,5,36,,CRLF x1,メルディ、何度も\nジーニアス呼んだよ,,pendente,
qev26_010.scr:6,qev26_010.scr,6,28,ジーニアス,personagem,6,52,,CRLF x2,え……そ、そうなの？\nごめんね。\n気が付かなかったよ,,pendente,
qev26_010.scr:7,qev26_010.scr,7,23,メルディ,personagem,7,44,,CRLF x2,な、な。\nそれ、何だよ？\nとっても可愛いな∀,,pendente,
qev26_010.scr:8,qev26_010.scr,8,28,ジーニアス,personagem,9,36,,CRLF x1,これ？\nこれはね、幸せのお守りなんだ,,pendente,
qev26_010.scr:9,qev26_010.scr,9,28,ジーニアス,personagem,10,14,,,ボクの……その,,pendente,
qev26_010.scr:10,qev26_010.scr,10,28,ジーニアス,personagem,11,60,,CRLF x2,友達が作ってて。\n最近は、大きな街でも\n結構流行ってるんだよ,,pendente,
qev26_010.scr:11,qev26_010.scr,11,23,メルディ,personagem,12,48,,CRLF x1,へぇ、友達すごいな！\nメルディもお守り欲しいよ〜,,pendente,
qev26_010.scr:12,qev26_010.scr,12,23,メルディ,personagem,13,54,,CRLF x1,リッドとファラとキールと……\nみんながおそろいで持つな,,pendente,
qev26_010.scr:13,qev26_010.scr,13,23,メルディ,personagem,14,16,,,どすればいいか？,,pendente,
qev26_010.scr:14,qev26_010.scr,14,28,ジーニアス,personagem,15,22,,,えっ……そ、そうだなぁ,,pendente,
qev26_010.scr:15,qev26_010.scr,15,28,ジーニアス,personagem,16,52,,CRLF x1,そんなにたくさん、一度には\n手に入らないと思うし……,,pendente,
qev26_010.scr:16,qev26_010.scr,16,28,ジーニアス,personagem,17,34,,,……呼んだら、来てくれるかなぁ……,,pendente,
qev26_010.scr:17,qev26_010.scr,17,,(mensagem de sistema),sistema,18,84,,CRLF x2,クエスト「キミと一緒に」が\nエントリーされました。\nジーニアスから受ける事が出来ます,,pendente,
qev26_020.scr:0,qev26_020.scr,0,28,ジーニアス,personagem,0,40,,CRLF x2,良かった。\n○○が\n手伝ってくれるんだね,,pendente,
qev26_020.scr:1,qev26_020.scr,1,28,ジーニアス,personagem,1,8,,,心強いよ,,pendente,
qev26_020.scr:2,qev26_020.scr,2,200,(ator 200),desconhecido,2,8,,,…………,,pendente,
qev26_020.scr:3,qev26_020.scr,3,28,ジーニアス,personagem,3,68,,CRLF x1,待ち合わせ場所までは魔物が出るから、\nしっかり準備してから出発しよう,,pendente,
qev26_020.scr:4,qev26_020.scr,4,28,ジーニアス,personagem,4,60,,CRLF x1,久しぶりに会うのに、かっこ悪いところ\n見せられないからね……,,pendente,
qev26_020.scr:5,qev26_020.scr,5,200,(ator 200),desconhecido,5,6,,,……？,,pendente,
qev26_020.scr:6,qev26_020.scr,6,28,ジーニアス,personagem,6,26,,CRLF x1,あ、ううん。\n何でもないよ,,pendente,
qev26_020.scr:7,qev26_020.scr,7,28,ジーニアス,personagem,7,12,,,さ、行こう！,,pendente,
qev26_030.scr:0,qev26_030.scr,0,28,ジーニアス,personagem,0,14,,,よし、着いたね,,pendente,
qev26_030.scr:1,qev26_030.scr,1,28,ジーニアス,personagem,1,24,,,ここの奥で……会えるんだ,,pendente,
qev26_030.scr:2,qev26_030.scr,2,28,ジーニアス,personagem,2,8,,,…………,,pendente,
qev26_030.scr:3,qev26_030.scr,3,200,(ator 200),desconhecido,3,8,,,…………,,pendente,
qev26_030.scr:4,qev26_030.scr,4,28,ジーニアス,personagem,4,46,,CRLF x1,……ご、ごめんね。\n何か、緊張……してきたかも,,pendente,
qev26_030.scr:5,qev26_030.scr,5,28,ジーニアス,personagem,5,102,,CRLF x2,ほんとに久しぶりなんだ、会うの……。\nどういう顔で会ったらいいんだろう。\n何て話せば、いいのかなぁ……,,pendente,
qev26_030.scr:6,qev26_030.scr,6,28,ジーニアス,personagem,6,8,,,……はぁ,,pendente,
qev26_040.scr:0,qev26_040.scr,0,28,ジーニアス,personagem,0,30,,,久しぶりだね！　元気にしてた？,,pendente,
qev26_040.scr:1,qev26_040.scr,1,28,ジーニアス,personagem,1,8,,,…………,,pendente,
qev26_040.scr:2,qev26_040.scr,2,28,ジーニアス,personagem,2,46,,CRLF x1,しばらく見ない間に……\nまた、キレイになったね,,pendente,
qev26_040.scr:3,qev26_040.scr,3,28,ジーニアス,personagem,3,52,,CRLF x1,ダメだ、これじゃどこかの女好きと\n同じになっちゃうよ,,pendente,
qev26_040.scr:4,qev26_040.scr,4,200,(ator 200),desconhecido,4,8,,,…………,,pendente,
qev26_040.scr:5,qev26_040.scr,5,28,ジーニアス,personagem,5,46,,CRLF x1,どうしたらいいのかなぁ……。\nボクね、プレ……,,pendente,
qev26_040.scr:6,qev26_040.scr,6,28,ジーニアス,personagem,6,46,,CRLF x1,あっ……。\nこれから迎えに行く女の子の事だけど,,pendente,
qev26_040.scr:7,qev26_040.scr,7,28,ジーニアス,personagem,7,62,,CRLF x1,その子が、たまに見せてくれる\n笑顔が……その、だ、大好きなんだ,,pendente,
qev26_040.scr:8,qev26_040.scr,8,200,(ator 200),desconhecido,8,8,,,…………,,pendente,
qev26_040.scr:9,qev26_040.scr,9,28,ジーニアス,personagem,9,94,,CRLF x2,もちろん、いつも見せてくれる顔も\nすごく魅力的なんだけど。\nやっぱり……、笑ってる顔を見た時が,,pendente,
qev26_040.scr:10,qev26_040.scr,10,28,ジーニアス,personagem,10,42,,CRLF x1,ボクも一番……、\n幸せな気持ちになれるんだ,,pendente,
qev26_040.scr:11,qev26_040.scr,11,200,(ator 200),desconhecido,11,8,,,…………,,pendente,
qev26_040.scr:12,qev26_040.scr,12,28,ジーニアス,personagem,12,32,,CRLF x1,へ、変だよね。\nいきなりこんな話,,pendente,
qev26_040.scr:13,qev26_040.scr,13,28,ジーニアス,personagem,13,28,,,ごめん、もう……大丈夫だから,,pendente,
qev26_040.scr:14,qev26_040.scr,14,28,ジーニアス,personagem,14,8,,,…………,,pendente,
qev26_050.scr:0,qev26_050.scr,0,28,ジーニアス,personagem,1,20,,,プ、ププププレセア！,,pendente,
qev26_050.scr:1,qev26_050.scr,1,33,プレセア,personagem,2,14,,,ジーニアス……,,pendente,
qev26_050.scr:2,qev26_050.scr,2,33,プレセア,personagem,3,18,,,久しぶり……ですね,,pendente,
qev26_050.scr:3,qev26_050.scr,3,28,ジーニアス,personagem,4,34,,CRLF x1,えっと、その……。\nま……待った？,,pendente,
qev26_050.scr:4,qev26_050.scr,4,33,プレセア,personagem,5,36,,CRLF x1,いいえ……。\n私も来たばかり……です,,pendente,
qev26_050.scr:5,qev26_050.scr,5,28,ジーニアス,personagem,6,24,,,そ、そっか……良かったぁ,,pendente,
qev26_050.scr:6,qev26_050.scr,6,200,(ator 200),desconhecido,7,8,,,…………,,pendente,
qev26_050.scr:7,qev26_050.scr,7,33,プレセア,personagem,8,18,,,……変なジーニアス,,pendente,
qev26_050.scr:8,qev26_050.scr,8,28,ジーニアス,personagem,9,40,,CRLF x1,（笑った……！\n　か、可愛いよぅ……！）,,pendente,
qev26_050.scr:9,qev26_050.scr,9,33,プレセア,personagem,10,60,,CRLF x1,私のお守り……、アドリビトムでも\n役に立てるのでしょうか……,,pendente,
qev26_050.scr:10,qev26_050.scr,10,28,ジーニアス,personagem,11,62,,CRLF x2,も、もちろんさ！\nプレセアがいてくれたら\nもう怖いものなしだよ,,pendente,
qev26_050.scr:11,qev26_050.scr,11,28,ジーニアス,personagem,12,30,,,プレセアは強いし、可愛いし……,,pendente,
qev26_050.scr:12,qev26_050.scr,12,33,プレセア,personagem,13,52,,CRLF x1,私の力……皆さんに\n気味悪く……思われないでしょうか,,pendente,
qev26_050.scr:13,qev26_050.scr,13,200,(ator 200),desconhecido,14,6,,,……？,,pendente,
qev26_050.scr:14,qev26_050.scr,14,28,ジーニアス,personagem,15,70,,CRLF x2,どうして？\nプレセアはちょっと人より\n重いものが持てるってだけじゃない,,pendente,
qev26_050.scr:15,qev26_050.scr,15,28,ジーニアス,personagem,16,58,,CRLF x1,もし、それを悪く言う奴がいたら\nボクがこらしめてやるから！,,pendente,
qev26_050.scr:16,qev26_050.scr,16,28,ジーニアス,personagem,17,24,,,だから……い、一緒に……,,pendente,
qev26_050.scr:17,qev26_050.scr,17,33,プレセア,personagem,18,14,,,ジーニアス……,,pendente,
qev26_050.scr:18,qev26_050.scr,18,33,プレセア,personagem,19,14,,,ありがとう……,,pendente,
qev26_050.scr:19,qev26_050.scr,19,200,(ator 200),desconhecido,20,8,,,…………,,pendente,
qev26_050.scr:20,qev26_050.scr,20,33,プレセア,personagem,21,92,,CRLF x2,私は、プレセア・コンバティール……です。\n木こりをしながら、時々\nお守り作りも……しています,,pendente,
qev26_050.scr:21,qev26_050.scr,21,33,プレセア,personagem,22,24,,,よろしく……お願いします,,pendente,
qev26_060.scr:0,qev26_060.scr,0,33,プレセア,personagem,0,44,,CRLF x1,早速ですが……、\n工房をお借りしたいのですが,,pendente,
qev26_060.scr:1,qev26_060.scr,1,28,ジーニアス,personagem,1,18,,,えっ？　こ、工房？,,pendente,
qev26_060.scr:2,qev26_060.scr,2,28,ジーニアス,personagem,2,78,,CRLF x2,ああ、お守りを作る場所が\n欲しいって事だよね。\n待ってね、ボクが何とかするから,,pendente,
qev26_060.scr:3,qev26_060.scr,3,33,プレセア,personagem,3,8,,,……はい,,pendente,
qev26_060.scr:4,qev26_060.scr,4,28,ジーニアス,personagem,4,24,,CRLF x1,○○、\n今日はありがとう,,pendente,
qev26_060.scr:5,qev26_060.scr,5,28,ジーニアス,personagem,5,52,,CRLF x1,ボク……、一人じゃ緊張して\n何も話せなかったかも……,,pendente,
qev26_060.scr:6,qev26_060.scr,6,28,ジーニアス,personagem,6,46,,CRLF x1,だから、悔しいけど\n……ちょっとだけ助かったよ,,pendente,
qev26_060.scr:7,qev26_060.scr,7,200,(ator 200),desconhecido,7,8,,,…………,,pendente,
qev26_060.scr:8,qev26_060.scr,8,28,ジーニアス,personagem,8,60,,CRLF x2,○○が困った時は、\n今度はボクが力になるから\n何でも言ってね,,pendente,
qev26_060.scr:9,qev26_060.scr,9,28,ジーニアス,personagem,9,10,,,それじゃ！,,pendente,
qev26_060.scr:10,qev26_060.scr,10,,(mensagem de sistema),sistema,10,36,,,プレセアがアドリビトムに加入しました,,pendente,
qev27_010.scr:0,qev27_010.scr,0,39,ユージーン,personagem,0,20,,CRLF x1,○○、\n少しいいか？,,pendente,
qev27_010.scr:1,qev27_010.scr,1,39,ユージーン,personagem,1,38,,CRLF x1,折り入って頼みたい事が\nあるのだが……,,pendente,
qev27_010.scr:2,qev27_010.scr,2,200,(ator 200),desconhecido,2,6,,,……？,,pendente,
qev27_010.scr:3,qev27_010.scr,3,39,ユージーン,personagem,3,48,,CRLF x1,実は、村に残してきた\n家族の事が気になっていてな,,pendente,
qev27_010.scr:4,qev27_010.scr,4,200,(ator 200),desconhecido,4,8,,,…………,,pendente,
qev27_010.scr:5,qev27_010.scr,5,39,ユージーン,personagem,5,54,,CRLF x1,いや、お前が想像している様な\n意味での「家族」ではない,,pendente,
qev27_010.scr:6,qev27_010.scr,6,39,ユージーン,personagem,6,64,,CRLF x1,身寄りのない幼い子どもを一人、\n俺が引き取って面倒を見ていたのだ,,pendente,
qev27_010.scr:7,qev27_010.scr,7,200,(ator 200),desconhecido,7,8,,,…………,,pendente,
qev27_010.scr:8,qev27_010.scr,8,39,ユージーン,personagem,8,82,,CRLF x2,ギルドの仕事はまだ早いだろうと、\nあえて村に残したまま\nこちらに来てしまったが……,,pendente,
qev27_010.scr:9,qev27_010.scr,9,39,ユージーン,personagem,9,92,,CRLF x2,ここでは同年代の子どもも\n当たり前に仕事を請け負っている。\nそれを見て、少し考えが変わってな,,pendente,
qev27_010.scr:10,qev27_010.scr,10,200,(ator 200),desconhecido,10,8,,,…………,,pendente,
qev27_010.scr:11,qev27_010.scr,11,39,ユージーン,personagem,11,30,,,もちろん、都合の付く時で構わん,,pendente,
qev27_010.scr:12,qev27_010.scr,12,39,ユージーン,personagem,12,50,,CRLF x1,迎えに行くまでの道中、\n手を貸してはもらえないか？,,pendente,
qev27_010.scr:13,qev27_010.scr,13,,(mensagem de sistema),sistema,13,92,,CRLF x2,クエスト「ちちんぷいぷいの魔法」が\nエントリーされました。\nユージーンから受ける事が出来ます,,pendente,
qev27_020.scr:0,qev27_020.scr,0,39,ユージーン,personagem,0,32,,CRLF x1,手を貸してくれるか。\nすまないな,,pendente,
qev27_020.scr:1,qev27_020.scr,1,200,(ator 200),desconhecido,1,8,,,…………,,pendente,
qev27_020.scr:2,qev27_020.scr,2,39,ユージーン,personagem,2,98,,CRLF x2,あいつは自分の身を守る力は持っているが、\n何分まだ子どもでな。\nそれに、あの一帯は手強い魔物も多い,,pendente,
qev27_020.scr:3,qev27_020.scr,3,39,ユージーン,personagem,3,84,,CRLF x2,既にこちらへ向かっているとの事だが\n念の為、途中まで\nこちらからも迎えに行く事にした,,pendente,
qev27_020.scr:4,qev27_020.scr,4,200,(ator 200),desconhecido,4,8,,,…………,,pendente,
qev27_020.scr:5,qev27_020.scr,5,39,ユージーン,personagem,5,42,,CRLF x1,合流場所は、事前に俺から\n指示を出してある,,pendente,
qev27_020.scr:6,qev27_020.scr,6,39,ユージーン,personagem,6,12,,,行こう、○○,,pendente,
qev27_030.scr:0,qev27_030.scr,0,39,ユージーン,personagem,0,44,,CRLF x1,この火山で落ち合う事に\nなっているのだが……,,pendente,
qev27_030.scr:1,qev27_030.scr,1,200,(ator 200),desconhecido,1,8,,,…………,,pendente,
qev27_030.scr:2,qev27_030.scr,2,39,ユージーン,personagem,2,74,,CRLF x2,とりあえず、奥を目指そう。\n足場が悪い上に魔物も出る。\n気を付けて登るんだ,,pendente,
qev27_040.scr:0,qev27_040.scr,0,200,(ator 200),desconhecido,0,8,,,…………,,pendente,
qev27_040.scr:1,qev27_040.scr,1,39,ユージーン,personagem,1,34,,CRLF x1,大丈夫か？\nあまり顔色が良くないな,,pendente,
qev27_040.scr:2,qev27_040.scr,2,39,ユージーン,personagem,2,88,,CRLF x2,ここの外気温は、他に比べ極端に高い。\nその温度差だけでも、ヒトの体には\n相当な負担になる,,pendente,
qev27_040.scr:3,qev27_040.scr,3,39,ユージーン,personagem,3,62,,CRLF x1,無理をせず、適度に補給と休憩を\n取りながら進んだ方がいいだろう,,pendente,
qev27_040.scr:4,qev27_040.scr,4,200,(ator 200),desconhecido,4,8,,,…………,,pendente,
qev27_040.scr:5,qev27_040.scr,5,39,ユージーン,personagem,5,66,,CRLF x2,ん？　ああ、マオ……。\nこれから合流する相手の事なら\n心配はいらん,,pendente,
qev27_040.scr:6,qev27_040.scr,6,39,ユージーン,personagem,6,96,,CRLF x2,どういうわけか、火の恩恵を\n強く受けて生まれた子の様でな。\n身体的には、多少の暑さはものともせん,,pendente,
qev27_040.scr:7,qev27_040.scr,7,200,(ator 200),desconhecido,7,6,,,……？,,pendente,
qev27_040.scr:8,qev27_040.scr,8,39,ユージーン,personagem,8,56,,CRLF x2,ふむ。\n恐らく出生に、何か秘密が\nあるのだとは思うが……,,pendente,
qev27_040.scr:9,qev27_040.scr,9,39,ユージーン,personagem,9,42,,CRLF x1,何ぶん、本人が過去の記憶を\n失くしていてな,,pendente,
qev27_040.scr:10,qev27_040.scr,10,39,ユージーン,personagem,10,42,,CRLF x1,俺と会う以前の事を、\n全く覚えていないのだ,,pendente,
qev27_040.scr:11,qev27_040.scr,11,200,(ator 200),desconhecido,11,6,,,……！,,pendente,
qev27_040.scr:12,qev27_040.scr,12,39,ユージーン,personagem,12,62,,CRLF x1,なに、本人はあっけらかんとしたもので\n暗い部分など少しも見せん,,pendente,
qev27_040.scr:13,qev27_040.scr,13,39,ユージーン,personagem,13,86,,CRLF x2,強い子だが……それだけに\nいつかその緊張の糸が切れないかと\n心配に思うところもあってな,,pendente,
qev27_040.scr:14,qev27_040.scr,14,39,ユージーン,personagem,14,90,,CRLF x2,だが、ギルドで交友関係を広げれば\nあの子自身の幅も広がる。\nきっと、いい経験を積めるだろう,,pendente,
qev27_040.scr:15,qev27_040.scr,15,39,ユージーン,personagem,15,58,,CRLF x1,もしかしたら、何かのきっかけで\n過去の記憶も戻るかもしれん,,pendente,
qev27_040.scr:16,qev27_040.scr,16,200,(ator 200),desconhecido,16,8,,,…………,,pendente,
qev27_040.scr:17,qev27_040.scr,17,39,ユージーン,personagem,17,56,,CRLF x2,そうか。\nそういえば、○○も\n過去の記憶が無いのだったな,,pendente,
qev27_040.scr:18,qev27_040.scr,18,39,ユージーン,personagem,18,80,,CRLF x2,こういう言い方は不謹慎かもしれんが……。\n○○とマオは\n親しくなれるかもしれんな,,pendente,
qev27_040.scr:19,qev27_040.scr,19,200,(ator 200),desconhecido,19,8,,,…………,,pendente,
qev27_040.scr:20,qev27_040.scr,20,39,ユージーン,personagem,20,36,,CRLF x1,……すまん。\n少しお喋りが過ぎた様だ,,pendente,
qev27_040.scr:21,qev27_040.scr,21,39,ユージーン,personagem,21,54,,CRLF x1,とにかく先へ進もう。\n合流地点までは、あと少しのはずだ,,pendente,
qev27_050.scr:0,qev27_050.scr,0,40,マオ,personagem,2,18,,,あっ、ユージーン！,,pendente,
qev27_050.scr:1,qev27_050.scr,1,39,ユージーン,personagem,4,20,,CRLF x1,マオ。\n無事だったか,,pendente,
qev27_050.scr:2,qev27_050.scr,2,40,マオ,personagem,5,48,,CRLF x2,うん。\n無事も無事、\nこの通りピンピンしてるヨ♪,,pendente,
qev27_050.scr:3,qev27_050.scr,3,200,(ator 200),desconhecido,6,8,,,…………,,pendente,
qev27_050.scr:4,qev27_050.scr,4,39,ユージーン,personagem,7,26,,CRLF x1,○○、紹介しよう。\nマオだ,,pendente,
qev27_050.scr:5,qev27_050.scr,5,40,マオ,personagem,8,32,,CRLF x1,○○？\nって事は、キミが噂の……,,pendente,
qev27_050.scr:6,qev27_050.scr,6,40,マオ,personagem,9,54,,CRLF x1,ユージーンから話は聞いてるよ。\nこれから、よろしくネ♪,,pendente,
qev27_050.scr:7,qev27_050.scr,7,39,ユージーン,personagem,10,56,,CRLF x2,マオはまだ幼いが、\n術の使い手としては\nなかなかのものだ,,pendente,
qev27_050.scr:8,qev27_050.scr,8,39,ユージーン,personagem,11,52,,CRLF x1,今後、ギルドが請け負う仕事で\n役に立つ事もあるだろう,,pendente,
qev27_050.scr:9,qev27_050.scr,9,40,マオ,personagem,12,66,,CRLF x1,ボクは火の力を操るのが得意なんだ。\nこう、ちちんぷいぷい！　ってネ,,pendente,
qev27_050.scr:10,qev27_050.scr,10,39,ユージーン,personagem,13,64,,CRLF x2,マオ。\n出来るからといって、\nあまり気安く力を使うのは感心せんな,,pendente,
qev27_050.scr:11,qev27_050.scr,11,40,マオ,personagem,14,20,,CRLF x1,ぶー。\nわかってるヨ,,pendente,
qev27_050.scr:12,qev27_050.scr,12,40,マオ,personagem,15,54,,CRLF x1,とにかく、こういう力は\nヒトの幸せの為に使わないとネ♪,,pendente,
qev27_050.scr:13,qev27_050.scr,13,40,マオ,personagem,16,52,,CRLF x1,ボクもギルドで精一杯頑張るから\n色々教えてね、○○！,,pendente,
qev27_060.scr:0,qev27_060.scr,0,41,ティトレイ,personagem,0,30,,CRLF x1,おい、マオ？\nマオじゃねえか！,,pendente,
qev27_060.scr:1,qev27_060.scr,1,41,ティトレイ,personagem,1,42,,CRLF x1,何だよ、お前も結局\nこっちへ来たんだな！！,,pendente,
qev27_060.scr:2,qev27_060.scr,2,40,マオ,personagem,2,62,,CRLF x2,うん。\nユージーンのお供がティトレイ一人じゃ\n心もとないからネ,,pendente,
qev27_060.scr:3,qev27_060.scr,3,40,マオ,personagem,3,54,,CRLF x1,それに、ギルドって\n色んな人がいて楽しそうなんだもん♪,,pendente,
qev27_060.scr:4,qev27_060.scr,4,39,ユージーン,personagem,4,40,,CRLF x1,遊びに来ているわけでは\nないんだぞ、マオ,,pendente,
qev27_060.scr:5,qev27_060.scr,5,39,ユージーン,personagem,5,54,,CRLF x1,時には凶悪な魔物討伐の依頼を\n請け負う事になる事もある,,pendente,
qev27_060.scr:6,qev27_060.scr,6,39,ユージーン,personagem,6,36,,CRLF x1,くれぐれも\n気を引き締めていく様にな,,pendente,
qev27_060.scr:7,qev27_060.scr,7,40,マオ,personagem,7,6,,,はーい,,pendente,
qev27_060.scr:8,qev27_060.scr,8,41,ティトレイ,personagem,8,48,,CRLF x1,さすがのマオも、\nユージーンには頭が上がんねえな,,pendente,
qev27_060.scr:9,qev27_060.scr,9,40,マオ,personagem,9,30,,CRLF x1,もう、うるさいヨ\nティトレイ！,,pendente,
qev27_060.scr:10,qev27_060.scr,10,39,ユージーン,personagem,10,40,,CRLF x1,○○、\n色々と付き合わせてすまなかったな,,pendente,
qev27_060.scr:11,qev27_060.scr,11,39,ユージーン,personagem,11,36,,CRLF x1,協力してくれて助かった。\nありがとう,,pendente,
qev27_060.scr:12,qev27_060.scr,12,,(mensagem de sistema),sistema,12,32,,,マオがアドリビトムに加入しました,,pendente,
qev28_010.scr:0,qev28_010.scr,0,62,アンジュ,personagem,0,30,,,じゃあ、セネル君も行けないのね,,pendente,
qev28_010.scr:1,qev28_010.scr,1,62,アンジュ,personagem,1,50,,CRLF x1,個人的には、ぴったりの仕事だと\n思ったんだけど……,,pendente,
qev28_010.scr:2,qev28_010.scr,2,43,セネル,personagem,2,56,,CRLF x2,悪いな。\n今回だけは、どうしても外せない\n用事があるんだ,,pendente,
qev28_010.scr:3,qev28_010.scr,3,62,アンジュ,personagem,3,26,,,それじゃあ、しょうがないね,,pendente,
qev28_010.scr:4,qev28_010.scr,4,200,(ator 200),desconhecido,4,8,,,…………,,pendente,
qev28_010.scr:5,qev28_010.scr,5,62,アンジュ,personagem,5,50,,CRLF x2,……と、言ってるところに\n○○。\nちょうど良かった,,pendente,
qev28_010.scr:6,qev28_010.scr,6,62,アンジュ,personagem,6,64,,CRLF x2,あなた向きの仕事の話が\n来ているんだけど。\n受けてみる気はない？,,pendente,
qev28_010.scr:7,qev28_010.scr,7,200,(ator 200),desconhecido,7,6,,,……？,,pendente,
qev28_010.scr:8,qev28_010.scr,8,43,セネル,personagem,8,76,,CRLF x1,本当なら、俺が行きたいところなんだが。\nこっちはこっちで、急ぎの用が出来てな,,pendente,
qev28_010.scr:9,qev28_010.scr,9,43,セネル,personagem,9,26,,,人を探さなきゃいけないんだ,,pendente,
qev28_010.scr:10,qev28_010.scr,10,43,セネル,personagem,10,66,,CRLF x2,もし手が空いてるなら、\nアンジュの依頼を\n手伝ってもらえると助かる,,pendente,
qev28_010.scr:11,qev28_010.scr,11,,(mensagem de sistema),sistema,11,96,,CRLF x2,クエスト「不埒な悪漢を倒せ！」が\nエントリーされました。\nクエストカウンタから受ける事が出来ます,,pendente,
qev28_020.scr:0,qev28_020.scr,0,62,アンジュ,personagem,0,30,,CRLF x1,行ってくれるのね。\nありがとう,,pendente,
qev28_020.scr:1,qev28_020.scr,1,62,アンジュ,personagem,1,72,,CRLF x1,多分、相手は単なるゴロツキの類だから\n追い払うのに苦労はしないと思うけど,,pendente,
qev28_020.scr:2,qev28_020.scr,2,62,アンジュ,personagem,2,48,,CRLF x1,もし危なくなったら、\n無理をしないで戻って来てね,,pendente,
qev28_020.scr:3,qev28_020.scr,3,62,アンジュ,personagem,3,38,,CRLF x1,それじゃ、気を付けて\n行ってらっしゃい,,pendente,
qev28_040.scr:0,qev28_040.scr,0,113,悪漢Ａ,personagem,1,34,,CRLF x1,チッ！\nおい、向こうへ逃げたぞ！！,,pendente,
qev28_040.scr:1,qev28_040.scr,1,114,悪漢Ｂ,personagem,2,32,,,回り込んで囲え！　畳み掛けろ！！,,pendente,
qev28_040.scr:2,qev28_040.scr,2,46,クロエ,personagem,4,18,,,ふう、撒いたか……,,pendente,
qev28_040.scr:3,qev28_040.scr,3,46,クロエ,personagem,5,34,,CRLF x1,お前……何者だ？\nあいつらの仲間か,,pendente,
qev28_040.scr:4,qev28_040.scr,4,114,悪漢Ｂ,personagem,6,24,,,おい、そっちにはいたか？,,pendente,
qev28_040.scr:5,qev28_040.scr,5,113,悪漢Ａ,personagem,7,44,,CRLF x1,いや、こっちはダメだ。\n向こうも探してみるぞ,,pendente,
qev28_040.scr:6,qev28_040.scr,6,46,クロエ,personagem,8,24,,,くっ……、次から次へと！,,pendente,
qev28_040.scr:7,qev28_040.scr,7,46,クロエ,personagem,9,48,,CRLF x1,おい、お前！\n次に会った時はこうはいかないからな,,pendente,
qev28_050.scr:0,qev28_050.scr,0,46,クロエ,personagem,1,18,,,くっ……強い……！,,pendente,
qev28_050.scr:1,qev28_050.scr,1,46,クロエ,personagem,2,42,,CRLF x1,だが、こんな所で\n私が挫けるわけには……！,,pendente,
qev28_050.scr:2,qev28_050.scr,2,200,(ator 200),desconhecido,3,8,,,…………,,pendente,
qev28_050.scr:3,qev28_050.scr,3,46,クロエ,personagem,4,22,,,……何……誤解、だと？,,pendente,
qev28_050.scr:4,qev28_050.scr,4,46,クロエ,personagem,5,14,,,どういう事だ？,,pendente,
qev28_050.scr:5,qev28_050.scr,5,46,クロエ,personagem,6,16,,,すると、何だ……,,pendente,
qev28_050.scr:6,qev28_050.scr,6,46,クロエ,personagem,7,60,,CRLF x1,私は、人助けに来た貴公を\n悪党と間違えて襲ってしまったと……,,pendente,
qev28_050.scr:7,qev28_050.scr,7,200,(ator 200),desconhecido,8,8,,,…………,,pendente,
qev28_050.scr:8,qev28_050.scr,8,46,クロエ,personagem,9,50,,CRLF x1,そ、そうだったのか……すまない。\n私はてっきり……,,pendente,
qev28_050.scr:9,qev28_050.scr,9,200,(ator 200),desconhecido,10,8,,,…………,,pendente,
qev28_050.scr:10,qev28_050.scr,10,46,クロエ,personagem,11,76,,CRLF x2,いや……そちらの事情も知った以上\nここで何もせずに引き下がっては\n義にもとる,,pendente,
qev28_050.scr:11,qev28_050.scr,11,46,クロエ,personagem,12,72,,CRLF x2,どうだろう。\n私も貴公と共にそのギルドで働かせては\nもらえないだろうか？,,pendente,
qev28_050.scr:12,qev28_050.scr,12,200,(ator 200),desconhecido,13,8,,,……！？,,pendente,
qev28_050.scr:13,qev28_050.scr,13,46,クロエ,personagem,14,20,,,驚く事はないだろう？,,pendente,
qev28_050.scr:14,qev28_050.scr,14,46,クロエ,personagem,15,60,,CRLF x1,困っている人を助けるのは、\n騎士として当然の務めなのだからな,,pendente,
qev28_050.scr:15,qev28_050.scr,15,46,クロエ,personagem,16,26,,,それに、貴公には借りもある,,pendente,
qev28_050.scr:16,qev28_050.scr,16,46,クロエ,personagem,18,50,,CRLF x2,私はクロエ。\nクロエ・ヴァレンスだ。\n貴公の名は？,,pendente,
qev28_050.scr:17,qev28_050.scr,17,46,クロエ,personagem,19,8,,,…………,,pendente,
qev28_050.scr:18,qev28_050.scr,18,46,クロエ,personagem,20,24,,,そうか、○○というのだな,,pendente,
qev28_050.scr:19,qev28_050.scr,19,46,クロエ,personagem,21,32,,CRLF x1,では改めて、よろしく頼む。\n○○,,pendente,
qev28_060.scr:0,qev28_060.scr,0,46,クロエ,personagem,1,52,,CRLF x1,ここがバンエルティア号……。\n噂には聞いていたが……,,pendente,
qev28_060.scr:1,qev28_060.scr,1,43,セネル,personagem,2,54,,CRLF x1,お前……クロエじゃないか！\n何をしてるんだ、こんな所で,,pendente,
qev28_060.scr:2,qev28_060.scr,2,46,クロエ,personagem,3,38,,CRLF x1,クーリッジ！？\n……それにレイナード！,,pendente,
qev28_060.scr:3,qev28_060.scr,3,45,ウィル,personagem,4,48,,CRLF x1,どうやら、お前の用事も\nあっけなく片付いた様だな,,pendente,
qev28_060.scr:4,qev28_060.scr,4,43,セネル,personagem,5,32,,CRLF x1,ああ。\n相変わらず手のかかる……,,pendente,
qev28_060.scr:5,qev28_060.scr,5,200,(ator 200),desconhecido,6,8,,,…………,,pendente,
qev28_060.scr:6,qev28_060.scr,6,43,セネル,personagem,7,60,,CRLF x2,クロエ、お前の所へ\n鳩を飛ばしたはずだが、\n見なかったのか？,,pendente,
qev28_060.scr:7,qev28_060.scr,7,46,クロエ,personagem,8,4,,,鳩？,,pendente,
qev28_060.scr:8,qev28_060.scr,8,46,クロエ,personagem,9,44,,CRLF x1,私は、先の戦いからここへ\n戻ったばかりで……,,pendente,
qev28_060.scr:9,qev28_060.scr,9,43,セネル,personagem,10,26,,,じゃあ、まだ見ていないのか,,pendente,
qev28_060.scr:10,qev28_060.scr,10,43,セネル,personagem,11,12,,,どうりで……,,pendente,
qev28_060.scr:11,qev28_060.scr,11,45,ウィル,personagem,12,34,,,見事に、行き違いになったという事か,,pendente,
qev28_060.scr:12,qev28_060.scr,12,45,ウィル,personagem,13,66,,CRLF x1,だが、こうして合流出来て何よりだ。\nアンジュもきっと歓迎するだろう,,pendente,
qev28_060.scr:13,qev28_060.scr,13,43,セネル,personagem,14,46,,CRLF x1,そうだな。\n無鉄砲だが、クロエは腕が立つからな,,pendente,
qev28_060.scr:14,qev28_060.scr,14,46,クロエ,personagem,15,20,,,む、無鉄砲は余計だ！,,pendente,
qev28_060.scr:15,qev28_060.scr,15,45,ウィル,personagem,16,28,,,ここから先は我々が引き継ごう,,pendente,
qev28_060.scr:16,qev28_060.scr,16,45,ウィル,personagem,17,50,,CRLF x2,○○、\nクロエをここまで\n案内してくれたのだろう？,,pendente,
qev28_060.scr:17,qev28_060.scr,17,45,ウィル,personagem,18,14,,,すまなかったな,,pendente,
qev28_060.scr:18,qev28_060.scr,18,200,(ator 200),desconhecido,19,8,,,…………,,pendente,
qev28_060.scr:19,qev28_060.scr,19,43,セネル,personagem,20,72,,CRLF x2,大丈夫だったか？\nこいつ、いきなり襲いかかったり\nしてくる事があるからな,,pendente,
qev28_060.scr:20,qev28_060.scr,20,43,セネル,personagem,21,62,,CRLF x2,「不埒な誘拐犯め、\n　根性を叩き直してやる！」\n……だったか？,,pendente,
qev28_060.scr:21,qev28_060.scr,21,46,クロエ,personagem,22,16,,,うう、うるさい！,,pendente,
qev28_060.scr:22,qev28_060.scr,22,43,セネル,personagem,23,28,,CRLF x1,はは。\nまぁ、無事で良かった,,pendente,
qev28_060.scr:23,qev28_060.scr,23,43,セネル,personagem,24,58,,CRLF x2,故郷が戦争に負けてから、\n何の音沙汰もないから\n心配したぞ,,pendente,
qev28_060.scr:24,qev28_060.scr,24,46,クロエ,personagem,25,8,,,…………,,pendente,
qev28_060.scr:25,qev28_060.scr,25,46,クロエ,personagem,26,36,,CRLF x1,す……すまない……。\n迷惑を、掛けた,,pendente,
qev28_060.scr:26,qev28_060.scr,26,43,セネル,personagem,27,56,,CRLF x1,そう思うんだったら、\nその分、ここで頑張って働けばいいさ,,pendente,
qev28_060.scr:27,qev28_060.scr,27,46,クロエ,personagem,28,16,,,ああ……そうだな,,pendente,
qev28_060.scr:28,qev28_060.scr,28,46,クロエ,personagem,29,24,,,ぜひ、そうさせてもらおう,,pendente,
qev28_060.scr:29,qev28_060.scr,29,,(mensagem de sistema),sistema,30,34,,,クロエがアドリビトムに加入しました,,pendente,
qev28_070.scr:0,qev28_070.scr,0,46,クロエ,personagem,2,22,,,お前は、さっきの……！,,pendente,
qev28_070.scr:1,qev28_070.scr,1,200,(ator 200),desconhecido,3,10,,,…………！,,pendente,
qev28_070.scr:2,qev28_070.scr,2,46,クロエ,personagem,4,44,,CRLF x1,やはり、貴様もこいつらの\n仲間だったのだな！,,pendente,
qev28_070.scr:3,qev28_070.scr,3,46,クロエ,personagem,5,52,,CRLF x1,お前の仲間は全て私が退治した。\n残るはお前、ただ一人,,pendente,
qev28_070.scr:4,qev28_070.scr,4,46,クロエ,personagem,6,48,,CRLF x1,罪のない民間人を襲い、\n金品を奪う下劣な行為……,,pendente,
qev28_070.scr:5,qev28_070.scr,5,46,クロエ,personagem,7,50,,CRLF x1,その腐った根性ともども、この場で\n叩き直してやる！,,pendente,
qev28_070.scr:6,qev28_070.scr,6,200,(ator 200),desconhecido,8,8,,,……！？,,pendente,
qev28_070.scr:7,qev28_070.scr,7,46,クロエ,personagem,9,48,,CRLF x1,言い訳など見苦しいぞ！\n覚悟を決めろ、悪党め！！,,pendente,
qev28_080.scr:0,qev28_080.scr,0,46,クロエ,personagem,1,56,,CRLF x2,どうやら、\n一度痛め付けられたくらいでは\n懲りない様だな,,pendente,
qev28_080.scr:1,qev28_080.scr,1,46,クロエ,personagem,2,40,,CRLF x1,お望みとあらば、\n何度でも相手をしてやる,,pendente,
qev28_080.scr:2,qev28_080.scr,2,46,クロエ,personagem,3,6,,,来い！,,pendente,
qev29_010.scr:0,qev29_010.scr,0,43,セネル,personagem,0,26,,,あいつ、また勝手な事を……,,pendente,
qev29_010.scr:1,qev29_010.scr,1,200,(ator 200),desconhecido,1,6,,,……？,,pendente,
qev29_010.scr:2,qev29_010.scr,2,43,セネル,personagem,2,12,,,ああ、○○か,,pendente,
qev29_010.scr:3,qev29_010.scr,3,43,セネル,personagem,3,42,,CRLF x1,いや、ちょっと\n面倒な頼み事をされてさ……,,pendente,
qev29_010.scr:4,qev29_010.scr,4,43,セネル,personagem,4,76,,CRLF x2,昔の知り合いからなんだが\nこれからブラウニー坑道まで\n迎えに来いって言うんだ,,pendente,
qev29_010.scr:5,qev29_010.scr,5,43,セネル,personagem,5,80,,CRLF x2,まぁ、そうやって\nこっちの都合を考えないところが\nいかにもあいつらしいんだが……,,pendente,
qev29_010.scr:6,qev29_010.scr,6,200,(ator 200),desconhecido,6,8,,,…………,,pendente,
qev29_010.scr:7,qev29_010.scr,7,43,セネル,personagem,7,60,,CRLF x2,……おい。\nまさか、代わりに迎えに行くなんて\n言わないよな？,,pendente,
qev29_010.scr:8,qev29_010.scr,8,43,セネル,personagem,8,82,,CRLF x2,……それは……一応あいつも女だし、\nあんな場所に一人でいたら\n危ないかもしれないが,,pendente,
qev29_010.scr:9,qev29_010.scr,9,200,(ator 200),desconhecido,9,8,,,…………,,pendente,
qev29_010.scr:10,qev29_010.scr,10,43,セネル,personagem,10,86,,CRLF x2,あいつは、逃げ足が速いんだ。\n魔物に追いかけられたとしても\n大丈夫だろう。　だから……,,pendente,
qev29_010.scr:11,qev29_010.scr,11,43,セネル,personagem,11,44,,CRLF x2,……いや、わかった。\n判断は○○に\n任せるよ,,pendente,
qev29_010.scr:12,qev29_010.scr,12,,(mensagem de sistema),sistema,12,92,,CRLF x2,クエスト「お騒がせ夢盗人」が\nエントリーされました。\nクエストカウンタから受ける事が出来ます,,pendente,
qev29_020.scr:0,qev29_020.scr,0,43,セネル,personagem,0,68,,CRLF x2,結局、迎えに行くのか……。\nまぁ、○○なら\nそう言うだろうと思ったよ,,pendente,
qev29_020.scr:1,qev29_020.scr,1,43,セネル,personagem,1,24,,,わかったよ、俺も同行する,,pendente,
qev29_020.scr:2,qev29_020.scr,2,43,セネル,personagem,2,64,,CRLF x2,全く、ノーマの奴……。\n会ったら文句の一つも\n言ってやらないとな,,pendente,
qev29_030.scr:0,qev29_030.scr,0,43,セネル,personagem,0,52,,CRLF x1,全く、よりによって\n何でこんな所にいるんだ、あいつは,,pendente,
qev29_030.scr:1,qev29_030.scr,1,43,セネル,personagem,1,76,,CRLF x2,しかも「お宝探しながら待ってる」って\n何だよ。\nどう考えてもおかしいだろ……,,pendente,
qev29_030.scr:2,qev29_030.scr,2,200,(ator 200),desconhecido,2,8,,,…………,,pendente,
qev29_030.scr:3,qev29_030.scr,3,43,セネル,personagem,3,68,,CRLF x2,まっすぐバンエルティア号に\n来ればいいのにな。\nお前もそう思うだろ？,,pendente,
qev29_040.scr:0,qev29_040.scr,0,43,セネル,personagem,0,46,,CRLF x1,そういえばあいつ、\nいつもこんな感じなんだよな,,pendente,
qev29_040.scr:1,qev29_040.scr,1,200,(ator 200),desconhecido,1,6,,,……？,,pendente,
qev29_040.scr:2,qev29_040.scr,2,43,セネル,personagem,2,60,,CRLF x1,ああ、これから迎えに行く奴の話だ。\nノーマっていうんだけどさ,,pendente,
qev29_040.scr:3,qev29_040.scr,3,43,セネル,personagem,3,52,,CRLF x1,勢いだけというか、\n何も考えずに行動するというか……,,pendente,
qev29_040.scr:4,qev29_040.scr,4,43,セネル,personagem,4,38,,CRLF x1,とにかく周りに\n迷惑ばかり掛ける奴でさ,,pendente,
qev29_040.scr:5,qev29_040.scr,5,200,(ator 200),desconhecido,5,8,,,…………,,pendente,
qev29_040.scr:6,qev29_040.scr,6,43,セネル,personagem,6,62,,CRLF x1,一番最初に会った時だって、\nあいつ、魔物に追い掛けられてたんだ,,pendente,
qev29_040.scr:7,qev29_040.scr,7,43,セネル,personagem,7,96,,CRLF x2,しかも、自分で魔物の巣を荒らしておいて、\nどうして助けなかったのかって\nいきなり文句を言って来て,,pendente,
qev29_040.scr:8,qev29_040.scr,8,43,セネル,personagem,8,48,,CRLF x1,そのまま勝手に仲間になるって\n付いて来たんだよな,,pendente,
qev29_040.scr:9,qev29_040.scr,9,200,(ator 200),desconhecido,9,8,,,…………,,pendente,
qev29_040.scr:10,qev29_040.scr,10,43,セネル,personagem,10,80,,CRLF x2,いつもお宝お宝言って、\n色んな物を漁って……。\n毎回、何か厄介な問題を起こすけど,,pendente,
qev29_040.scr:11,qev29_040.scr,11,43,セネル,personagem,11,48,,CRLF x1,不思議と憎めないんだよな……。\n本当、変な奴だよ,,pendente,
qev29_050.scr:0,qev29_050.scr,0,43,セネル,personagem,0,12,,,お、いたいた,,pendente,
qev29_050.scr:1,qev29_050.scr,1,43,セネル,personagem,1,42,,CRLF x1,おい、ノーマ！\nこんな所で何やってるんだよ,,pendente,
qev29_050.scr:2,qev29_050.scr,2,47,ノーマ,personagem,2,44,,CRLF x1,お〜、セネセネじゃん！\n何、どったの〜〜〜？,,pendente,
qev29_050.scr:3,qev29_050.scr,3,43,セネル,personagem,3,62,,CRLF x2,は？\nお前がアドリビトムに入りたいって\n手紙出してきたんだろ？,,pendente,
qev29_050.scr:4,qev29_050.scr,4,43,セネル,personagem,4,38,,CRLF x1,しかも、こんな所まで\n迎えに来いって！,,pendente,
qev29_050.scr:5,qev29_050.scr,5,47,ノーマ,personagem,5,12,,,そうだっけ？,,pendente,
qev29_050.scr:6,qev29_050.scr,6,47,ノーマ,personagem,6,66,,CRLF x1,それよりさ、ここ、ここ、ココ！！\n素材がわんさかあるじゃな〜〜い！,,pendente,
qev29_050.scr:7,qev29_050.scr,7,47,ノーマ,personagem,7,44,,CRLF x1,いひひ〜〜〜、お宝お宝、\nザックザク〜〜〜♪,,pendente,
qev29_050.scr:8,qev29_050.scr,8,43,セネル,personagem,8,26,,CRLF x1,……………。\nおい、行くぞ,,pendente,
qev29_050.scr:9,qev29_050.scr,9,47,ノーマ,personagem,9,34,,,ちょ、ちょっと、待って〜〜〜〜〜！,,pendente,
qev29_050.scr:10,qev29_050.scr,10,47,ノーマ,personagem,10,68,,CRLF x2,まだ、あそこの\n岩陰調べてない〜〜〜〜！！！\nセネセネ〜〜〜〜！！！,,pendente,
qev29_060.scr:0,qev29_060.scr,0,43,セネル,personagem,0,38,,CRLF x1,全く、一人で\nあんな所をうろついて……,,pendente,
qev29_060.scr:1,qev29_060.scr,1,43,セネル,personagem,1,64,,CRLF x2,あの時みたいに、\n魔物に襲われたら\nどうするつもりだったんだよ！,,pendente,
qev29_060.scr:2,qev29_060.scr,2,43,セネル,personagem,2,8,,,…………,,pendente,
qev29_060.scr:3,qev29_060.scr,3,43,セネル,personagem,3,24,,CRLF x1,おい！\n聞いてるのか！？,,pendente,
qev29_060.scr:4,qev29_060.scr,4,47,ノーマ,personagem,4,28,,CRLF x1,え、ううん、\n全然聞いてない,,pendente,
qev29_060.scr:5,qev29_060.scr,5,47,ノーマ,personagem,5,40,,CRLF x1,それよりさ、この船、\nお宝積んでないの？,,pendente,
qev29_060.scr:6,qev29_060.scr,6,47,ノーマ,personagem,6,58,,CRLF x1,結構広そうじゃない？\n色々隠し部屋とかあったりして〜〜〜！,,pendente,
qev29_060.scr:7,qev29_060.scr,7,43,セネル,personagem,7,50,,CRLF x1,……○○、行くぞ。\n相手するだけ、時間の無駄だ……,,pendente,
qev29_060.scr:8,qev29_060.scr,8,,(mensagem de sistema),sistema,8,34,,,ノーマがアドリビトムに加入しました,,pendente,
qev30_010.scr:0,qev30_010.scr,0,84,ポッポ,personagem,0,30,,CRLF x1,○○！\nいいところに来たキュ！,,pendente,
qev30_010.scr:1,qev30_010.scr,1,200,(ator 200),desconhecido,1,6,,,……？,,pendente,
qev30_010.scr:2,qev30_010.scr,2,84,ポッポ,personagem,2,108,,CRLF x2,ポッポ達は、持ち場を離れられないキュ！\nだから、代わりに行って欲しい所があるキュ！\n……お願い出来ないキュ？,,pendente,
qev30_010.scr:3,qev30_010.scr,3,200,(ator 200),desconhecido,3,8,,,…………,,pendente,
qev30_010.scr:4,qev30_010.scr,4,84,ポッポ,personagem,4,68,,CRLF x1,ジェイは、とっても強いキュ！\n絶対、みんなの仲間にした方がいいキュ！,,pendente,
qev30_010.scr:5,qev30_010.scr,5,,(mensagem de sistema),sistema,5,84,,CRLF x2,クエスト「モフモフもふもふ」が\nエントリーされました。\nポッポから受ける事が出来ます,,pendente,
qev30_020.scr:0,qev30_020.scr,0,84,ポッポ,personagem,0,42,,CRLF x1,依頼を受けてくれるキュ？\nありがとだキュ！,,pendente,
qev30_020.scr:1,qev30_020.scr,1,84,ポッポ,personagem,1,46,,CRLF x1,ジェイは今、ルバーブ連山に\nいるみたいだキュ！,,pendente,
qev30_020.scr:2,qev30_020.scr,2,200,(ator 200),desconhecido,2,8,,,…………,,pendente,
qev30_020.scr:3,qev30_020.scr,3,84,ポッポ,personagem,3,24,,,特徴だキュ？　特徴は……,,pendente,
qev30_020.scr:4,qev30_020.scr,4,84,ポッポ,personagem,4,76,,CRLF x1,……ジェイは、ちょっと背が低いキュ。\nでも、あんまり言わないで欲しいキュ……,,pendente,
qev30_020.scr:5,qev30_020.scr,5,84,ポッポ,personagem,5,56,,CRLF x1,とにかく、ルバーブ連山だキュ。\n気を付けて行ってくるキュ,,pendente,
qev30_020.scr:6,qev30_020.scr,6,84,ポッポ,personagem,6,26,,,ジェイをよろしく頼むキュ！,,pendente,
qev30_040.scr:0,qev30_040.scr,0,48,ジェイ,personagem,2,62,,CRLF x1,やっぱり、この辺にはないのか……。\nだとすると、もっと奥に……,,pendente,
qev30_040.scr:1,qev30_040.scr,1,200,(ator 200),desconhecido,3,8,,,…………,,pendente,
qev30_040.scr:2,qev30_040.scr,2,48,ジェイ,personagem,4,8,,,…………,,pendente,
qev30_040.scr:3,qev30_040.scr,3,48,ジェイ,personagem,5,100,,CRLF x2,突然、人の背後には立たない方がいいですよ。\n警戒した相手に攻撃されても、\n何の文句も言えませんからね,,pendente,
qev30_040.scr:4,qev30_040.scr,4,200,(ator 200),desconhecido,6,8,,,…………,,pendente,
qev30_040.scr:5,qev30_040.scr,5,48,ジェイ,personagem,7,74,,CRLF x2,ああ。\nすみませんが、今手が離せないんです。\nお話でしたら、また次の機会に,,pendente,
qev30_040.scr:6,qev30_040.scr,6,48,ジェイ,personagem,8,10,,,失礼します,,pendente,
qev30_050.scr:0,qev30_050.scr,0,48,ジェイ,personagem,1,22,,,あなたは、先程の……？,,pendente,
qev30_050.scr:1,qev30_050.scr,1,48,ジェイ,personagem,2,54,,CRLF x1,まさか、ポッポの言っていた、\nアドリビトムの方ですか？,,pendente,
qev30_050.scr:2,qev30_050.scr,2,200,(ator 200),desconhecido,3,8,,,…………,,pendente,
qev30_050.scr:3,qev30_050.scr,3,48,ジェイ,personagem,4,30,,,そうですか、それは失礼しました,,pendente,
qev30_050.scr:4,qev30_050.scr,4,48,ジェイ,personagem,6,78,,CRLF x2,初めまして、ぼくがジェイです。\nモフモフ族のみんなが\nお世話になっているそうで,,pendente,
qev30_050.scr:5,qev30_050.scr,5,48,ジェイ,personagem,7,84,,CRLF x2,ポッポ達のお願いでもあるので、\nぼくもあなた達に協力をしますよ。\n宜しくお願いします,,pendente,
qev30_050.scr:6,qev30_050.scr,6,48,ジェイ,personagem,8,16,,,それにしても……,,pendente,
qev30_050.scr:7,qev30_050.scr,7,200,(ator 200),desconhecido,9,6,,,……？,,pendente,
qev30_050.scr:8,qev30_050.scr,8,48,ジェイ,personagem,10,108,,CRLF x2,よくぼくがジェイだとわかりましたね？\nセネルさん達ですら、一度でぼくを\nジェイだと見抜く事は出来なかったのに,,pendente,
qev30_050.scr:9,qev30_050.scr,9,200,(ator 200),desconhecido,11,8,,,…………,,pendente,
qev30_050.scr:10,qev30_050.scr,10,48,ジェイ,personagem,12,32,,CRLF x1,何ですか？\nはっきり言って下さい,,pendente,
qev30_050.scr:11,qev30_050.scr,11,200,(ator 200),desconhecido,13,4,,,……,,pendente,
qev30_050.scr:12,qev30_050.scr,12,200,(ator 200),desconhecido,14,8,,,…………,,pendente,
qev30_050.scr:13,qev30_050.scr,13,48,ジェイ,personagem,15,14,,,……え、身長？,,pendente,
qev30_050.scr:14,qev30_050.scr,14,48,ジェイ,personagem,16,76,,CRLF x2,……それ、誰から聞いたんですか？\n今の話と身長の事は\n何の関係もないでしょう,,pendente,
qev30_050.scr:15,qev30_050.scr,15,48,ジェイ,personagem,17,80,,CRLF x2,それとも、アドリビトムには\n加入条件として身長制限でも\n設けられているんですか？,,pendente,
qev30_050.scr:16,qev30_050.scr,16,200,(ator 200),desconhecido,18,8,,,…………,,pendente,
qev30_050.scr:17,qev30_050.scr,17,48,ジェイ,personagem,19,44,,CRLF x1,もういいです。\nお話でしたらそちらで伺います,,pendente,
qev30_050.scr:18,qev30_050.scr,18,48,ジェイ,personagem,20,40,,CRLF x1,さあ、バンエルティア号へ\n案内して下さい,,pendente,
qev30_060.scr:0,qev30_060.scr,0,203,(narracao),narracao,1,24,,,ジェイだキュ〜〜〜〜！！,,pendente,
qev30_060.scr:1,qev30_060.scr,1,48,ジェイ,personagem,2,18,,,みんな、無事かい？,,pendente,
qev30_060.scr:2,qev30_060.scr,2,84,ポッポ,personagem,3,16,,,大丈夫だキュ〜！,,pendente,
qev30_060.scr:3,qev30_060.scr,3,83,ピッポ,personagem,4,24,,,みんな、いい人達だキュ！,,pendente,
qev30_060.scr:4,qev30_060.scr,4,48,ジェイ,personagem,5,14,,,それは良かった,,pendente,
qev30_060.scr:5,qev30_060.scr,5,48,ジェイ,personagem,6,82,,CRLF x2,ごめんよ、みんなの好物の\nボルケイノホタテをお土産に\n採ってきたかったんだけど……,,pendente,
qev30_060.scr:6,qev30_060.scr,6,48,ジェイ,personagem,7,86,,CRLF x2,あそこも大分生態系のバランスが\n崩れてきているみたいで、\nうまく見つけられなかったんだ,,pendente,
qev30_060.scr:7,qev30_060.scr,7,84,ポッポ,personagem,8,64,,CRLF x1,そんなの、気にしないキュ！\nジェイが来てくれただけで十分だキュ！,,pendente,
qev30_060.scr:8,qev30_060.scr,8,83,ピッポ,personagem,9,30,,CRLF x1,そうだキュ！\n元気を出すキュ！,,pendente,
qev30_060.scr:9,qev30_060.scr,9,82,キュッポ,personagem,10,50,,CRLF x1,ジェイも、これからここで\nキュッポ達と頑張るキュ！,,pendente,
qev30_060.scr:10,qev30_060.scr,10,48,ジェイ,personagem,11,36,,CRLF x1,……わかったよ。\nありがとう、みんな,,pendente,
qev30_060.scr:11,qev30_060.scr,11,48,ジェイ,personagem,12,20,,,ところで……ポッポ？,,pendente,
qev30_060.scr:12,qev30_060.scr,12,84,ポッポ,personagem,13,10,,,何だキュ？,,pendente,
qev30_060.scr:13,qev30_060.scr,13,48,ジェイ,personagem,14,46,,CRLF x1,ぼくの、その……、\n特徴についてなんだけど……,,pendente,
qev30_060.scr:14,qev30_060.scr,14,48,ジェイ,personagem,15,40,,CRLF x2,……ううん。\n何でもないんだ。\nごめんよ,,pendente,
qev30_060.scr:15,qev30_060.scr,15,200,(ator 200),desconhecido,16,8,,,…………,,pendente,
qev30_060.scr:16,qev30_060.scr,16,48,ジェイ,personagem,17,50,,CRLF x1,それでは、○○さん。\nこれからよろしくお願いします,,pendente,
qev30_060.scr:17,qev30_060.scr,17,48,ジェイ,personagem,18,38,,CRLF x1,何かあれば、\nいつでも声をかけて下さい,,pendente,
qev30_060.scr:18,qev30_060.scr,18,,(mensagem de sistema),sistema,19,34,,,ジェイがアドリビトムに加入しました,,pendente,
qev31_010.scr:0,qev31_010.scr,0,49,ルーク,personagem,0,32,,CRLF x1,おっ、○○\nいいところに来たな！,,pendente,
qev31_010.scr:1,qev31_010.scr,1,49,ルーク,personagem,1,54,,CRLF x1,実はさ、頼みがあんだ。\nティアや師匠達にはナイショでさ,,pendente,
qev31_010.scr:2,qev31_010.scr,2,200,(ator 200),desconhecido,2,8,,,…………,,pendente,
qev31_010.scr:3,qev31_010.scr,3,49,ルーク,personagem,3,94,,CRLF x2,つってもまあ、難しい事じゃねえ。\n知られたら、まぁた周りが大騒ぎして\n変に面倒な事になっからよ,,pendente,
qev31_010.scr:4,qev31_010.scr,4,49,ルーク,personagem,4,58,,CRLF x1,ちょっくら、お忍びで外出っつーわけだ。\n……ってなわけ、で,,pendente,
qev31_010.scr:5,qev31_010.scr,5,49,ルーク,personagem,5,20,,,○○、お前も付き合え,,pendente,
qev31_010.scr:6,qev31_010.scr,6,200,(ator 200),desconhecido,6,8,,,…………,,pendente,
qev31_010.scr:7,qev31_010.scr,7,49,ルーク,personagem,7,38,,CRLF x1,言っとくが、\nお前に選択権はないからな,,pendente,
qev31_010.scr:8,qev31_010.scr,8,49,ルーク,personagem,8,86,,CRLF x2,いいか。\nこの事は絶っ対に誰にも言うなよ？\n詳しい事は、あ〜……適当にまた連絡すっから,,pendente,
qev31_010.scr:9,qev31_010.scr,9,200,(ator 200),desconhecido,9,8,,,…………,,pendente,
qev31_010.scr:10,qev31_010.scr,10,49,ルーク,personagem,10,58,,CRLF x2,く〜っ。\nこれでちっとは、毎日\n退屈しないですみそうだぜ！,,pendente,
qev31_010.scr:11,qev31_010.scr,11,,(mensagem de sistema),sistema,11,82,,CRLF x2,クエスト「ルーク様ご一行」が\nエントリーされました。\nルークから受ける事が出来ます,,pendente,
qev31_020.scr:0,qev31_020.scr,0,49,ルーク,personagem,0,52,,CRLF x1,ったく、遅せーっつーの。\n日が暮れちまうかと思ったぜ,,pendente,
qev31_020.scr:1,qev31_020.scr,1,49,ルーク,personagem,1,46,,CRLF x1,んじゃ、うるせー奴らに\n見つかる前に出発するぞ,,pendente,
qev31_030.scr:0,qev31_030.scr,0,49,ルーク,personagem,0,14,,,だぁ〜〜〜っ！,,pendente,
qev31_030.scr:1,qev31_030.scr,1,49,ルーク,personagem,1,46,,CRLF x1,何だよ、この暑さ！\n暑くて焼け死ぬっつーの！！,,pendente,
qev31_030.scr:2,qev31_030.scr,2,200,(ator 200),desconhecido,2,8,,,…………,,pendente,
qev31_030.scr:3,qev31_030.scr,3,49,ルーク,personagem,3,34,,CRLF x1,クソッ！\nさっさと合流しねぇと……,,pendente,
qev31_030.scr:4,qev31_030.scr,4,49,ルーク,personagem,4,32,,CRLF x1,おい、○○。\nモタモタすんなよ！,,pendente,
qev31_040.scr:0,qev31_040.scr,0,49,ルーク,personagem,0,32,,CRLF x1,あ〜……。\nあちーな、くそっ……,,pendente,
qev31_040.scr:1,qev31_040.scr,1,49,ルーク,personagem,1,20,,,う〜〜ぜ〜〜〜〜！！,,pendente,
qev31_040.scr:2,qev31_040.scr,2,49,ルーク,personagem,2,18,,CRLF x1,おい、○○。\n水！,,pendente,
qev31_040.scr:3,qev31_040.scr,3,200,(ator 200),desconhecido,3,6,,,……？,,pendente,
qev31_040.scr:4,qev31_040.scr,4,49,ルーク,personagem,4,36,,CRLF x1,何、ボケーッとしてんだ。\n水だよ、水,,pendente,
qev31_040.scr:5,qev31_040.scr,5,49,ルーク,personagem,5,68,,CRLF x2,……って、まさかお前。\n持ってきてねえとか\n言うんじゃねえだろうな？,,pendente,
qev31_040.scr:6,qev31_040.scr,6,200,(ator 200),desconhecido,6,8,,,…………,,pendente,
qev31_040.scr:7,qev31_040.scr,7,49,ルーク,personagem,7,46,,CRLF x1,かーーっ、マジかよ！？\nありえねーっつーの！！,,pendente,
qev31_040.scr:8,qev31_040.scr,8,49,ルーク,personagem,8,74,,CRLF x1,砂漠だぞ砂漠！　水分補給は必須だろ？\nお前、俺に干からびて死ねっつーのか！,,pendente,
qev31_040.scr:9,qev31_040.scr,9,49,ルーク,personagem,9,30,,,俺を誰だと思ってんだ、あぁ！？,,pendente,
qev31_040.scr:10,qev31_040.scr,10,49,ルーク,personagem,10,60,,CRLF x2,……ちっ。\nしょうがねえ。\nあいつと合流すれば何とかなるだろ,,pendente,
qev31_040.scr:11,qev31_040.scr,11,49,ルーク,personagem,11,38,,,そういう部分は、いつも抜かりねえからな,,pendente,
qev31_040.scr:12,qev31_040.scr,12,49,ルーク,personagem,12,62,,CRLF x1,おい、もたもたすんなよ？\n遅れたら、お前の分の水はねーからな！,,pendente,
qev31_040.scr:13,qev31_040.scr,13,49,ルーク,personagem,13,96,,CRLF x2,ああそれと、先に言っておくけどな。\nあいつに会っても、お前は軽々しく\n近付いたりするんじゃねーぞ,,pendente,
qev31_040.scr:14,qev31_040.scr,14,200,(ator 200),desconhecido,14,6,,,……？,,pendente,
qev31_040.scr:15,qev31_040.scr,15,49,ルーク,personagem,15,50,,CRLF x1,だーっ、めんどくせー！！\nいちいち説明を求めんな！,,pendente,
qev31_040.scr:16,qev31_040.scr,16,49,ルーク,personagem,16,46,,CRLF x1,とにかく、俺の言った通りに\nすればいいんだよ！,,pendente,
qev31_040.scr:17,qev31_040.scr,17,49,ルーク,personagem,17,16,,,おら、行くぞ！！,,pendente,
qev31_050.scr:0,qev31_050.scr,0,49,ルーク,personagem,1,16,,CRLF x1,おっ。\nいたいた,,pendente,
qev31_050.scr:1,qev31_050.scr,1,49,ルーク,personagem,2,14,,,おーい、ガイ！,,pendente,
qev31_050.scr:2,qev31_050.scr,2,51,ガイ,personagem,3,14,,,ルーク……か？,,pendente,
qev31_050.scr:3,qev31_050.scr,3,51,ガイ,personagem,4,24,,,お前、どうしてここに……,,pendente,
qev31_050.scr:4,qev31_050.scr,4,49,ルーク,personagem,5,80,,CRLF x2,ガイがこっちに向かってるって言うからさ。\n迎えに行ってやろうと思ってよ！\nへへっ,,pendente,
qev31_050.scr:5,qev31_050.scr,5,51,ガイ,personagem,6,46,,CRLF x1,という事は、また黙って\n抜け出して来たんだな？,,pendente,
qev31_050.scr:6,qev31_050.scr,6,51,ガイ,personagem,7,52,,CRLF x1,相変わらず無茶ばかりする……。\nええと……そちらは？,,pendente,
qev31_050.scr:7,qev31_050.scr,7,49,ルーク,personagem,8,50,,CRLF x2,あ？　○○か。\n俺が今、世話んなってる\nギルドの奴,,pendente,
qev31_050.scr:8,qev31_050.scr,8,51,ガイ,personagem,9,36,,CRLF x1,ああ、あなたが。\nお話は伺っています,,pendente,
qev31_050.scr:9,qev31_050.scr,9,51,ガイ,personagem,10,54,,CRLF x2,俺はガイ。\nファブレ家でお世話に\nなっている使用人です,,pendente,
qev31_050.scr:10,qev31_050.scr,10,51,ガイ,personagem,11,8,,,よろしく,,pendente,
qev31_050.scr:11,qev31_050.scr,11,200,(ator 200),desconhecido,12,8,,,…………,,pendente,
qev31_050.scr:12,qev31_050.scr,12,49,ルーク,personagem,13,100,,CRLF x2,だーっ。　ったく、挨拶なんかいいだろ！\nそれよりガイ、お前、水持ってないか？\n俺もう、喉がカラカラで,,pendente,
qev31_050.scr:13,qev31_050.scr,13,51,ガイ,personagem,14,56,,CRLF x1,はいはい、ルーク坊ちゃん。\n水なら、このボトルの中に……,,pendente,
qev31_050.scr:14,qev31_050.scr,14,49,ルーク,personagem,15,30,,CRLF x1,おお、さすがガイ！\n水、水！！,,pendente,
qev31_050.scr:15,qev31_050.scr,15,51,ガイ,personagem,16,12,,,……っとと！,,pendente,
qev31_050.scr:16,qev31_050.scr,16,51,ガイ,personagem,17,50,,CRLF x2,ああ……すまない。\n支えてくれて助かったよ、\n○○,,pendente,
qev31_050.scr:17,qev31_050.scr,17,200,(ator 200),desconhecido,18,8,,,…………,,pendente,
qev31_050.scr:18,qev31_050.scr,18,49,ルーク,personagem,19,38,,CRLF x1,ごくごく……ぷは〜っ。\n生き返ったぜ〜,,pendente,
qev31_050.scr:19,qev31_050.scr,19,51,ガイ,personagem,20,18,,CRLF x1,ははっ。\n全く……,,pendente,
qev31_050.scr:20,qev31_050.scr,20,51,ガイ,personagem,21,60,,CRLF x2,さて、と。\nそれじゃ、ここからは俺も\nお供するとしましょうか,,pendente,
qev31_050.scr:21,qev31_050.scr,21,51,ガイ,personagem,22,42,,CRLF x1,ルークの世話は、とにかく\n手がかかるもので,,pendente,
qev31_050.scr:22,qev31_050.scr,22,49,ルーク,personagem,23,18,,,なーんか言ったか？,,pendente,
qev31_050.scr:23,qev31_050.scr,23,51,ガイ,personagem,24,14,,,いいや、何も？,,pendente,
qev31_050.scr:24,qev31_050.scr,24,51,ガイ,personagem,25,20,,CRLF x1,ひっ。\nく、来るな！,,pendente,
qev31_050.scr:25,qev31_050.scr,25,200,(ator 200),desconhecido,26,8,,,…………,,pendente,
qev31_050.scr:26,qev31_050.scr,26,51,ガイ,personagem,27,50,,CRLF x1,ああ、いや、違うんだ。\n君がどうというわけじゃ……,,pendente,
qev31_050.scr:27,qev31_050.scr,27,49,ルーク,personagem,28,40,,CRLF x1,あー……、だから言ったろ？\n近付くなって,,pendente,
qev31_050.scr:28,qev31_050.scr,28,49,ルーク,personagem,29,20,,,こいつ、女嫌いなんだ,,pendente,
qev31_050.scr:29,qev31_050.scr,29,51,ガイ,personagem,30,38,,CRLF x1,違うぞ、ルーク。\n俺は、女性は大好きだ,,pendente,
qev31_050.scr:30,qev31_050.scr,30,51,ガイ,personagem,31,36,,CRLF x1,ただ、その……、\n少し、苦手なだけで,,pendente,
qev31_050.scr:31,qev31_050.scr,31,49,ルーク,personagem,32,28,,CRLF x1,はいはい。\nそうでしたね、と,,pendente,
qev31_050.scr:32,qev31_050.scr,32,49,ルーク,personagem,33,38,,CRLF x1,ごくごく……ぷは〜っ。\n生き返ったぜ〜,,pendente,
qev31_050.scr:33,qev31_050.scr,33,51,ガイ,personagem,34,34,,CRLF x1,ははっ。\n呑気なもんだな、全く……,,pendente,
qev31_050.scr:34,qev31_050.scr,34,51,ガイ,personagem,35,60,,CRLF x2,さて、と。\nそれじゃ、ここからは俺も\nお供するとしましょうか,,pendente,
qev31_050.scr:35,qev31_050.scr,35,51,ガイ,personagem,36,42,,CRLF x1,ルークの世話は、とにかく\n手がかかるもので,,pendente,
qev31_050.scr:36,qev31_050.scr,36,49,ルーク,personagem,37,18,,,なーんか言ったか？,,pendente,
qev31_050.scr:37,qev31_050.scr,37,51,ガイ,personagem,38,14,,,いいや、何も？,,pendente,
qev31_060.scr:0,qev31_060.scr,0,49,ルーク,personagem,0,74,,CRLF x2,は〜、やっと帰ってきたぜ。\nあやうく干からびて\n死ぬとこだったっつーの……,,pendente,
qev31_060.scr:1,qev31_060.scr,1,51,ガイ,personagem,1,70,,CRLF x2,ははは。\n確かに、ルーク坊ちゃんにとっては\n久しぶりの「冒険」だったな,,pendente,
qev31_060.scr:2,qev31_060.scr,2,51,ガイ,personagem,2,64,,CRLF x2,疲れたなら、\n先に部屋で休んでていいぞ。\n俺も後からすぐ行くから,,pendente,
qev31_060.scr:3,qev31_060.scr,3,49,ルーク,personagem,3,42,,CRLF x1,……そうすっか。\nんじゃ、後は適当に頼むわ,,pendente,
qev31_060.scr:4,qev31_060.scr,4,51,ガイ,personagem,4,102,,CRLF x2,迷惑をかけてすまなかったな。\nあいつ、ガッチガチの箱入りなもんで\nちょっとわがままが目立つと思うが……,,pendente,
qev31_060.scr:5,qev31_060.scr,5,51,ガイ,personagem,5,40,,CRLF x1,悪気はないんだ。\n目をつぶってやってくれ,,pendente,
qev31_060.scr:6,qev31_060.scr,6,200,(ator 200),desconhecido,6,8,,,…………,,pendente,
qev31_060.scr:7,qev31_060.scr,7,51,ガイ,personagem,7,50,,CRLF x1,……それにしても……、\nここは女性が多いんだな……,,pendente,
qev31_060.scr:8,qev31_060.scr,8,200,(ator 200),desconhecido,8,6,,,……？,,pendente,
qev31_060.scr:9,qev31_060.scr,9,51,ガイ,personagem,9,52,,CRLF x2,ああいや、何でもない。\n気にしないでくれ。\nはは……,,pendente,
qev31_060.scr:10,qev31_060.scr,10,51,ガイ,personagem,10,62,,CRLF x2,それと……さっきは、その\nすまなかった。\n気を悪くしないでくれ,,pendente,
qev31_060.scr:11,qev31_060.scr,11,200,(ator 200),desconhecido,11,6,,,……？,,pendente,
qev31_060.scr:12,qev31_060.scr,12,51,ガイ,personagem,12,68,,CRLF x2,まあ、とにかくだ。\nこれからここで厄介になる。\n一つ、よろしく頼むよ,,pendente,
qev31_060.scr:13,qev31_060.scr,13,,(mensagem de sistema),sistema,13,32,,,ガイがアドリビトムに加入しました,,pendente,
qev32_010.scr:0,qev32_010.scr,0,52,ジェイド,personagem,0,18,,,ああ、○○でしたか,,pendente,
qev32_010.scr:1,qev32_010.scr,1,52,ジェイド,personagem,1,52,,CRLF x1,いえ、実はあなたにぴったりの\n頼み事が出来そうでして,,pendente,
qev32_010.scr:2,qev32_010.scr,2,52,ジェイド,personagem,2,28,,,後で、また来て頂けますよね？,,pendente,
qev32_010.scr:3,qev32_010.scr,3,200,(ator 200),desconhecido,3,8,,,…………,,pendente,
qev32_010.scr:4,qev32_010.scr,4,52,ジェイド,personagem,4,66,,CRLF x1,もちろん、無理にとは言いません。\n時間に都合の付く時で構いませんし,,pendente,
qev32_010.scr:5,qev32_010.scr,5,52,ジェイド,personagem,5,26,,CRLF x1,頼りにしていますよ、\n○○,,pendente,
qev32_010.scr:6,qev32_010.scr,6,,(mensagem de sistema),sistema,6,82,,CRLF x2,クエスト「お金大好き∀」が\nエントリーされました。\nジェイドから受ける事が出来ます,,pendente,
qev32_020.scr:0,qev32_020.scr,0,52,ジェイド,personagem,0,36,,CRLF x1,おや。\n協力していただけるんですか？,,pendente,
qev32_020.scr:1,qev32_020.scr,1,52,ジェイド,personagem,1,80,,CRLF x2,いやぁ、助かります。\nさすがに私一人で、あの山を\n捜索するのは、骨が折れますから,,pendente,
qev32_030.scr:0,qev32_030.scr,0,52,ジェイド,personagem,0,50,,CRLF x1,ここですね。\n全く、手のかかる部下を持つと大変です,,pendente,
qev32_030.scr:1,qev32_030.scr,1,52,ジェイド,personagem,1,42,,CRLF x1,お仕置きを考えておかないと\nいけませんねえ,,pendente,
qev32_030.scr:2,qev32_030.scr,2,200,(ator 200),desconhecido,2,8,,,…………,,pendente,
qev32_030.scr:3,qev32_030.scr,3,52,ジェイド,personagem,3,48,,CRLF x1,おや、どうしました？\nああ、今のはほんの冗談です,,pendente,
qev32_030.scr:4,qev32_030.scr,4,52,ジェイド,personagem,4,20,,,さあ、行きましょうか,,pendente,
qev32_040.scr:0,qev32_040.scr,0,52,ジェイド,personagem,0,28,,,ふむ……マナが乱れていますね,,pendente,
qev32_040.scr:1,qev32_040.scr,1,52,ジェイド,personagem,1,54,,CRLF x1,どうやら、この山のどこかにいるのは\n間違いなさそうです,,pendente,
qev32_040.scr:2,qev32_040.scr,2,200,(ator 200),desconhecido,2,8,,,…………,,pendente,
qev32_040.scr:3,qev32_040.scr,3,52,ジェイド,personagem,3,68,,CRLF x2,心配する事はないでしょう。\n見た目以上にしっかりした\n型破りな子です,,pendente,
qev32_040.scr:4,qev32_040.scr,4,52,ジェイド,personagem,4,58,,CRLF x2,崖から落ちようが\n船から落ちようが\n何の心配もいりませんよ,,pendente,
qev32_040.scr:5,qev32_040.scr,5,200,(ator 200),desconhecido,5,8,,,…………,,pendente,
qev32_040.scr:6,qev32_040.scr,6,52,ジェイド,personagem,6,78,,CRLF x2,おや。\n私は本当の事を言ったまでですよ。\n部下の事を、心から信頼していますから,,pendente,
qev32_040.scr:7,qev32_040.scr,7,200,(ator 200),desconhecido,7,8,,,…………,,pendente,
qev32_040.scr:8,qev32_040.scr,8,52,ジェイド,personagem,8,74,,CRLF x2,有事の際は奥の手もあります。\nその時は、あなたにも\n手伝ってもらいますので,,pendente,
qev32_040.scr:9,qev32_040.scr,9,52,ジェイド,personagem,9,38,,CRLF x1,さてさて。\nそろそろ先に進みましょうか,,pendente,
qev32_050.scr:0,qev32_050.scr,0,52,ジェイド,personagem,1,40,,CRLF x1,おやおや、こんな所で\nかくれんぼですか？,,pendente,
qev32_050.scr:1,qev32_050.scr,1,52,ジェイド,personagem,2,28,,,そこにいるのでしょう、アニス,,pendente,
qev32_050.scr:2,qev32_050.scr,2,53,アニス,personagem,3,44,,CRLF x1,さっすが大佐☆\nどうしてわかったんですかぁ？,,pendente,
qev32_050.scr:3,qev32_050.scr,3,52,ジェイド,personagem,4,40,,CRLF x1,さぁ、どうしてでしょう？\n不思議ですねえ,,pendente,
qev32_050.scr:4,qev32_050.scr,4,52,ジェイド,personagem,5,56,,CRLF x1,とっさに、大量の始末書が\n頭に思い浮かんだからでしょうか,,pendente,
qev32_050.scr:5,qev32_050.scr,5,52,ジェイド,personagem,6,52,,CRLF x2,さて。\nその始末書は、\n誰が書くものなんでしょうね？,,pendente,
qev32_050.scr:6,qev32_050.scr,6,52,ジェイド,personagem,7,84,,CRLF x2,途中で勝手な寄り道をして、\n合流の遅れたかわいそうな部下にでも\nやらせてみましょうか,,pendente,
qev32_050.scr:7,qev32_050.scr,7,53,アニス,personagem,8,26,,,はうあ！　そ、それだけは！,,pendente,
qev32_050.scr:8,qev32_050.scr,8,52,ジェイド,personagem,9,52,,CRLF x2,おや。\n何を動揺しているんです？\n今更じゃないですか,,pendente,
qev32_050.scr:9,qev32_050.scr,9,52,ジェイド,personagem,10,44,,CRLF x1,次回の給与明細が楽しみですね。\nね、アニス∀,,pendente,
qev32_050.scr:10,qev32_050.scr,10,53,アニス,personagem,11,28,,,ううう……大佐の鬼、悪魔〜！,,pendente,
qev32_050.scr:11,qev32_050.scr,11,52,ジェイド,personagem,12,38,,,と、私が本気で言うとでも思いましたか？,,pendente,
qev32_050.scr:12,qev32_050.scr,12,52,ジェイド,personagem,13,40,,CRLF x1,無事で何よりです。\nよく連絡をくれました,,pendente,
qev32_050.scr:13,qev32_050.scr,13,53,アニス,personagem,14,10,,,大佐ぁ……,,pendente,
qev32_050.scr:14,qev32_050.scr,14,53,アニス,personagem,15,40,,CRLF x1,でもさっきの、半分目が\n本気でしたよぅ？,,pendente,
qev32_050.scr:15,qev32_050.scr,15,52,ジェイド,personagem,16,72,,CRLF x2,そう見えたのなら、\nそれはそれでいいですよ。\n既成事実にするだけですから,,pendente,
qev32_050.scr:16,qev32_050.scr,16,200,(ator 200),desconhecido,17,8,,,…………,,pendente,
qev32_050.scr:17,qev32_050.scr,17,52,ジェイド,personagem,18,36,,CRLF x1,おや、そういえば\n紹介がまだでしたね,,pendente,
qev32_050.scr:18,qev32_050.scr,18,52,ジェイド,personagem,19,20,,,私の部下のアニスです,,pendente,
qev32_050.scr:19,qev32_050.scr,19,53,アニス,personagem,20,38,,CRLF x1,アニス・タトリンです∀\n初めまして∀∀,,pendente,
qev32_050.scr:20,qev32_050.scr,20,52,ジェイド,personagem,21,84,,CRLF x2,とまあ、少々クセのある性格ですが\nそのうち慣れると思うので\nあまり気にしないで下さい,,pendente,
qev32_050.scr:21,qev32_050.scr,21,53,アニス,personagem,22,50,,CRLF x1,はうあ！\nそれ、大佐にだけは言われたくないですぅ！,,pendente,
qev32_050.scr:22,qev32_050.scr,22,52,ジェイド,personagem,23,54,,CRLF x1,さて、アニスも無事見つけた事ですし\n帰るとしましょうか,,pendente,
qev32_050.scr:23,qev32_050.scr,23,53,アニス,personagem,24,34,,,って、思いっきり聞いてないし……！,,pendente,
qev32_060.scr:0,qev32_060.scr,0,52,ジェイド,personagem,1,36,,CRLF x1,やれやれ。\nやっと戻って来れましたね,,pendente,
qev32_060.scr:1,qev32_060.scr,1,53,アニス,personagem,2,34,,,ほんとにすみませんでした、大佐……,,pendente,
qev32_060.scr:2,qev32_060.scr,2,52,ジェイド,personagem,3,32,,CRLF x1,いえいえ。\nいいんですよ、アニス,,pendente,
qev32_060.scr:3,qev32_060.scr,3,52,ジェイド,personagem,4,38,,,その分、キリキリ働いてもらいますから∀,,pendente,
qev32_060.scr:4,qev32_060.scr,4,53,アニス,personagem,5,36,,CRLF x1,はうあ！\nやっぱり大佐って鬼……！！,,pendente,
qev32_060.scr:5,qev32_060.scr,5,49,ルーク,personagem,6,26,,,何だぁ？　随分にぎやか……,,pendente,
qev32_060.scr:6,qev32_060.scr,6,53,アニス,personagem,7,12,,,ルーク様ぁ∀,,pendente,
qev32_060.scr:7,qev32_060.scr,7,49,ルーク,personagem,8,16,,,うわっ、何だ！？,,pendente,
qev32_060.scr:8,qev32_060.scr,8,53,アニス,personagem,9,82,,CRLF x2,ルーク様、会いたかったですう∀\nもうアニスちゃん、ルーク様の事が\n心配で心配で……,,pendente,
qev32_060.scr:9,qev32_060.scr,9,49,ルーク,personagem,10,42,,CRLF x1,わかった、わかったから。\nいーから離れろ！,,pendente,
qev32_060.scr:10,qev32_060.scr,10,53,アニス,personagem,11,50,,CRLF x2,もう。\nルーク様ったら、\n照れ屋さんなんだからぁ∀,,pendente,
qev32_060.scr:11,qev32_060.scr,11,49,ルーク,personagem,12,20,,,そうじゃねえっつーの,,pendente,
qev32_060.scr:12,qev32_060.scr,12,52,ジェイド,personagem,13,62,,CRLF x1,おやおや、相変わらず\nラブラブが炸裂している様ですねえ、アニス,,pendente,
qev32_060.scr:13,qev32_060.scr,13,53,アニス,personagem,14,36,,CRLF x1,えへ∀\n大佐にもわかっちゃいますぅ？,,pendente,
qev32_060.scr:14,qev32_060.scr,14,49,ルーク,personagem,15,30,,,だから、そんなんじゃねーって！,,pendente,
qev32_060.scr:15,qev32_060.scr,15,52,ジェイド,personagem,16,52,,CRLF x1,むきになって否定するところが\nますます怪しいですねえ,,pendente,
qev32_060.scr:16,qev32_060.scr,16,49,ルーク,personagem,17,46,,CRLF x1,っくそ、こいつらと話してると\n埒があかねえ……,,pendente,
qev32_060.scr:17,qev32_060.scr,17,49,ルーク,personagem,18,30,,,とんだ疫病神コンビだぜ、ったく,,pendente,
qev32_060.scr:18,qev32_060.scr,18,52,ジェイド,personagem,19,26,,,ルーク？　聞こえていますよ,,pendente,
qev32_060.scr:19,qev32_060.scr,19,52,ジェイド,personagem,20,52,,CRLF x1,……とまあ、そういうわけで\n無事目的も達成出来ました,,pendente,
qev32_060.scr:20,qev32_060.scr,20,52,ジェイド,personagem,21,26,,CRLF x1,ご協力感謝しますよ、\n○○,,pendente,
qev32_060.scr:21,qev32_060.scr,21,52,ジェイド,personagem,22,56,,CRLF x1,また何かあった時には、\nお願いする事もあるかもしれません,,pendente,
qev32_060.scr:22,qev32_060.scr,22,52,ジェイド,personagem,23,34,,,今後ともよろしくお願いします、ね？,,pendente,
qev32_060.scr:23,qev32_060.scr,23,,(mensagem de sistema),sistema,24,34,,,アニスがアドリビトムに加入しました,,pendente,
qev33_010.scr:0,qev33_010.scr,0,62,アンジュ,personagem,0,4,,,あら,,pendente,
qev33_010.scr:1,qev33_010.scr,1,62,アンジュ,personagem,1,44,,CRLF x1,ちょうど、あなたの事を\n考えていたところなの,,pendente,
qev33_010.scr:2,qev33_010.scr,2,200,(ator 200),desconhecido,2,6,,,……？,,pendente,
qev33_010.scr:3,qev33_010.scr,3,62,アンジュ,personagem,3,42,,CRLF x1,実は、個人的に\nお願いしたい事があって……,,pendente,
qev33_010.scr:4,qev33_010.scr,4,62,アンジュ,personagem,4,52,,CRLF x1,時間がある時でいいから、\nわたしの話を聞いてくれる？,,pendente,
qev33_010.scr:5,qev33_010.scr,5,,(mensagem de sistema),sistema,5,94,,CRLF x2,クエスト「行方知れずの傭兵」が\nエントリーされました。\nクエストカウンタから受ける事が出来ます,,pendente,
qev33_020.scr:0,qev33_020.scr,0,62,アンジュ,personagem,0,50,,CRLF x2,行ってくれるのね？\nありがとう。\nとっても助かるな,,pendente,
qev33_020.scr:1,qev33_020.scr,1,61,スパーダ,personagem,1,26,,,何だァ、何の闇取引の話だ？,,pendente,
qev33_020.scr:2,qev33_020.scr,2,200,(ator 200),desconhecido,2,8,,,…………,,pendente,
qev33_020.scr:3,qev33_020.scr,3,61,スパーダ,personagem,3,62,,CRLF x2,○○、気を付けろよ。\nアンジュはこう見えて\n結構腹黒いんだぜ？,,pendente,
qev33_020.scr:4,qev33_020.scr,4,62,アンジュ,personagem,4,38,,CRLF x1,心外だな。\nそんな事ないと思うけど……,,pendente,
qev33_020.scr:5,qev33_020.scr,5,62,アンジュ,personagem,5,80,,CRLF x2,それに、今の話はきちんとした依頼。\nリカルドさんを迎えに\n行ってもらおうと思って,,pendente,
qev33_020.scr:6,qev33_020.scr,6,61,スパーダ,personagem,6,48,,CRLF x1,そういや、あのおっさん、\n到着遅れてるみたいだな,,pendente,
qev33_020.scr:7,qev33_020.scr,7,61,スパーダ,personagem,7,28,,,迷子ってキャラでもねェのによ,,pendente,
qev33_020.scr:8,qev33_020.scr,8,62,アンジュ,personagem,8,40,,CRLF x1,だから、正式な依頼として\nお願いをしたの,,pendente,
qev33_020.scr:9,qev33_020.scr,9,62,アンジュ,personagem,9,56,,CRLF x1,大丈夫だとは思うけど、\n万が一の事があるといけないでしょ,,pendente,
qev33_020.scr:10,qev33_020.scr,10,61,スパーダ,personagem,10,26,,CRLF x1,なるほどな。\nそーいう事か,,pendente,
qev33_020.scr:11,qev33_020.scr,11,61,スパーダ,personagem,11,36,,CRLF x1,○○、\n準備は抜かりなくしていけよ？,,pendente,
qev33_020.scr:12,qev33_020.scr,12,61,スパーダ,personagem,12,60,,CRLF x1,職業柄っつーか、初対面の相手に\n容赦ねェからな、あのおっさん,,pendente,
qev33_040.scr:0,qev33_040.scr,0,63,リカルド,personagem,2,20,,CRLF x1,そこのガキ。\n止まれ,,pendente,
qev33_040.scr:1,qev33_040.scr,1,63,リカルド,personagem,3,8,,,……おい,,pendente,
qev33_040.scr:2,qev33_040.scr,2,63,リカルド,personagem,4,24,,,こんな所で何をしている？,,pendente,
qev33_040.scr:3,qev33_040.scr,3,200,(ator 200),desconhecido,5,10,,,…………！,,pendente,
qev33_040.scr:4,qev33_040.scr,4,63,リカルド,personagem,6,10,,,……近いな,,pendente,
qev33_040.scr:5,qev33_040.scr,5,63,リカルド,personagem,7,46,,CRLF x2,ガキ。\n死にたくなければ、\n今すぐにここを去れ,,pendente,
qev33_040.scr:6,qev33_040.scr,6,63,リカルド,personagem,8,56,,CRLF x2,さもなければ、命の保障は出来ん。\nいいな。\n二度は言わん,,pendente,
qev33_050.scr:0,qev33_050.scr,0,63,リカルド,personagem,2,22,,,……少々、手間取ったか,,pendente,
qev33_050.scr:1,qev33_050.scr,1,200,(ator 200),desconhecido,3,8,,,…………,,pendente,
qev33_050.scr:2,qev33_050.scr,2,63,リカルド,personagem,4,16,,,……まだいたのか,,pendente,
qev33_050.scr:3,qev33_050.scr,3,63,リカルド,personagem,5,50,,CRLF x1,帰れと言ったはずだ。\nここは、ガキの遊び場ではない,,pendente,
qev33_050.scr:4,qev33_050.scr,4,200,(ator 200),desconhecido,6,8,,,…………,,pendente,
qev33_050.scr:5,qev33_050.scr,5,63,リカルド,personagem,7,30,,,何？　今、アンジュと言ったか？,,pendente,
qev33_050.scr:6,qev33_050.scr,6,63,リカルド,personagem,8,26,,CRLF x1,おい。\n詳しく話を聞かせろ,,pendente,
qev33_050.scr:7,qev33_050.scr,7,63,リカルド,personagem,9,78,,CRLF x2,なるほど……。\n確かにお前の探している傭兵、\nリカルド・ソルダートとは俺の事だ,,pendente,
qev33_050.scr:8,qev33_050.scr,8,63,リカルド,personagem,11,70,,CRLF x2,事情は把握した。\n俺も仕事の報告が終わり次第、\n予定通りギルドへ向かう,,pendente,
qev33_050.scr:9,qev33_050.scr,9,63,リカルド,personagem,12,28,,,セレーナには、そう伝えてくれ,,pendente,
qev33_050.scr:10,qev33_050.scr,10,200,(ator 200),desconhecido,13,8,,,…………,,pendente,
qev33_050.scr:11,qev33_050.scr,11,63,リカルド,personagem,14,28,,,……今度はそう時間はかからん,,pendente,
qev33_050.scr:12,qev33_050.scr,12,63,リカルド,personagem,15,44,,CRLF x1,俺と契約を結んでいるのは\nセレーナだけなのだ,,pendente,
qev33_050.scr:13,qev33_050.scr,13,63,リカルド,personagem,16,40,,CRLF x1,契約は遵守する。\n……それが俺の主義でな,,pendente,
qev33_060.scr:0,qev33_060.scr,0,62,アンジュ,personagem,1,10,,,ああ、○○,,pendente,
qev33_060.scr:1,qev33_060.scr,1,62,アンジュ,personagem,2,70,,CRLF x2,ご苦労様。\n今、ちょうどリカルドさんと\nあなたの話をしていたところなの,,pendente,
qev33_060.scr:2,qev33_060.scr,2,63,リカルド,personagem,3,84,,CRLF x2,また会ったな。\nしかし……、よもやこんなガキが\nギルドで依頼を請け負っているとは……,,pendente,
qev33_060.scr:3,qev33_060.scr,3,62,アンジュ,personagem,4,86,,CRLF x2,技量も人柄も確かですから。\nギルドのリーダーとしては、\n仕事を任せない理由がありません,,pendente,
qev33_060.scr:4,qev33_060.scr,4,63,リカルド,personagem,5,8,,,ふむ……,,pendente,
qev33_060.scr:5,qev33_060.scr,5,59,ルカ,personagem,6,34,,CRLF x1,あ……、本当だ。\nリカルドさんだ！,,pendente,
qev33_060.scr:6,qev33_060.scr,6,60,イリア,personagem,7,64,,CRLF x1,ずいぶん遅い到着じゃない〜？\nもしかして、大御所ぶってるつもり？,,pendente,
qev33_060.scr:7,qev33_060.scr,7,61,スパーダ,personagem,8,50,,CRLF x1,いや、単に道に迷ってただけって\n線も残ってるぜェ？,,pendente,
qev33_060.scr:8,qev33_060.scr,8,59,ルカ,personagem,9,38,,CRLF x1,二人とも、ちょっと……。\n失礼だよ……,,pendente,
qev33_060.scr:9,qev33_060.scr,9,63,リカルド,personagem,10,28,,,……相変わらず騒がしい奴らだ,,pendente,
qev33_060.scr:10,qev33_060.scr,10,63,リカルド,personagem,11,44,,CRLF x1,セレーナ、ひとまず俺は部屋で\n休ませてもらう,,pendente,
qev33_060.scr:11,qev33_060.scr,11,63,リカルド,personagem,12,20,,,仕事の話はそれからだ,,pendente,
qev33_060.scr:12,qev33_060.scr,12,62,アンジュ,personagem,13,12,,,わかりました,,pendente,
qev33_060.scr:13,qev33_060.scr,13,63,リカルド,personagem,14,4,,,ああ,,pendente,
qev33_060.scr:14,qev33_060.scr,14,63,リカルド,personagem,15,56,,CRLF x1,言うまでもない事だとは思うが、\nガキ共とは別の部屋で頼む,,pendente,
qev33_060.scr:15,qev33_060.scr,15,61,スパーダ,personagem,16,54,,CRLF x1,っか〜〜〜、相変わらず\n無愛想な上にムカつく野郎だな！,,pendente,
qev33_060.scr:16,qev33_060.scr,16,60,イリア,personagem,17,48,,CRLF x1,まぁ、それでこそのおっさんって\n気もするけどね〜,,pendente,
qev33_060.scr:17,qev33_060.scr,17,63,リカルド,personagem,18,54,,CRLF x2,アニーミ。\nその不愉快な呼称は\n慎めと言っていたはずだ,,pendente,
qev33_060.scr:18,qev33_060.scr,18,60,イリア,personagem,19,92,,CRLF x2,あ〜ら、そうだったかしらぁ？\nどうもおっさんのお小言は\n右から左みたいで、ごめんなさいね〜♪,,pendente,
qev33_060.scr:19,qev33_060.scr,19,62,アンジュ,personagem,20,34,,CRLF x1,はいはい。\nじゃれ合うのもそこまで,,pendente,
qev33_060.scr:20,qev33_060.scr,20,62,アンジュ,personagem,21,70,,CRLF x2,とにかく、\n頼もしい仲間が増えたんだから。\nみんな、協力して、仲良くね,,pendente,
qev33_060.scr:21,qev33_060.scr,21,62,アンジュ,personagem,22,50,,CRLF x1,○○もゆっくり体を休めて。\n今日はどうもありがとう,,pendente,
qev33_060.scr:22,qev33_060.scr,22,,(mensagem de sistema),sistema,23,36,,,リカルドがアドリビトムに加入しました,,pendente,
qev34_010.scr:0,qev34_010.scr,0,90,ロックス,personagem,1,10,,,失礼します,,pendente,
qev34_010.scr:1,qev34_010.scr,1,90,ロックス,personagem,2,34,,,ユーリ様宛に、お手紙が届いています,,pendente,
qev34_010.scr:2,qev34_010.scr,2,64,ユーリ,personagem,3,6,,,手紙？,,pendente,
qev34_010.scr:3,qev34_010.scr,3,64,ユーリ,personagem,4,26,,,開いてるぞ、入ってきてくれ,,pendente,
qev34_010.scr:4,qev34_010.scr,4,90,ロックス,personagem,5,22,,,先程、速達で届きました,,pendente,
qev34_010.scr:5,qev34_010.scr,5,64,ユーリ,personagem,6,30,,CRLF x1,わざわざ悪いな。\nありがとさん,,pendente,
qev34_010.scr:6,qev34_010.scr,6,90,ロックス,personagem,7,18,,CRLF x1,いいえ。\nそれでは,,pendente,
qev34_010.scr:7,qev34_010.scr,7,64,ユーリ,personagem,8,22,,CRLF x1,へえ。\nこりゃまた……,,pendente,
qev34_010.scr:8,qev34_010.scr,8,65,エステル,personagem,9,36,,CRLF x1,ユーリ？\n誰からの手紙だったんです？,,pendente,
qev34_010.scr:9,qev34_010.scr,9,64,ユーリ,personagem,10,62,,CRLF x2,喜べよ。\nエステルの事が気になって気になって\n仕方ない奴からだ,,pendente,
qev34_010.scr:10,qev34_010.scr,10,65,エステル,personagem,11,22,,,え？　だ、誰の事です？,,pendente,
qev34_010.scr:11,qev34_010.scr,11,64,ユーリ,personagem,12,42,,CRLF x1,ま、時期的に\nそろそろかとは思ってたが……,,pendente,
qev34_010.scr:12,qev34_010.scr,12,64,ユーリ,personagem,13,24,,CRLF x1,さて。\nどうしたもんかね,,pendente,
qev34_010.scr:13,qev34_010.scr,13,,(mensagem de sistema),sistema,14,84,,CRLF x2,クエスト「高潔なる騎士隊長」が\nエントリーされました。\nユーリから受ける事が出来ます,,pendente,
qev34_020.scr:0,qev34_020.scr,0,64,ユーリ,personagem,0,32,,CRLF x1,悪いな。\n面倒な仕事頼んじまって,,pendente,
qev34_020.scr:1,qev34_020.scr,1,64,ユーリ,personagem,1,74,,CRLF x2,オレだけならまだしも、\nこのお姫様がどうしても\n付いて行くって聞かなくてな,,pendente,
qev34_020.scr:2,qev34_020.scr,2,65,エステル,personagem,2,50,,CRLF x1,今回の件に関しては、\nわたしに一番の責任があります,,pendente,
qev34_020.scr:3,qev34_020.scr,3,65,エステル,personagem,3,62,,CRLF x1,ユーリは、わたしのわがままに\n付き合ってくれているだけなんです,,pendente,
qev34_020.scr:4,qev34_020.scr,4,64,ユーリ,personagem,4,24,,,ほう、随分殊勝な態度だな,,pendente,
qev34_020.scr:5,qev34_020.scr,5,64,ユーリ,personagem,5,76,,CRLF x1,エステルのわがままに振り回されんのは、\nいつもの事っちゃ、いつもの事なんだが,,pendente,
qev34_020.scr:6,qev34_020.scr,6,65,エステル,personagem,6,34,,CRLF x1,もう、ユーリ。\n茶化さないで下さい,,pendente,
qev34_020.scr:7,qev34_020.scr,7,65,エステル,personagem,7,66,,CRLF x1,……とにかく、きちんと説明すれば\nフレンならきっとわかってくれます,,pendente,
qev34_020.scr:8,qev34_020.scr,8,65,エステル,personagem,8,28,,,わたしはフレンを信じています,,pendente,
qev34_020.scr:9,qev34_020.scr,9,64,ユーリ,personagem,9,42,,CRLF x1,へいへい。\nそう上手くいきゃいいけどな……,,pendente,
qev34_020.scr:10,qev34_020.scr,10,64,ユーリ,personagem,10,26,,,んじゃ、ぼちぼち行きますか,,pendente,
qev34_020.scr:11,qev34_020.scr,11,65,エステル,personagem,11,28,,CRLF x1,よろしくお願いします。\n○○,,pendente,
qev34_030.scr:0,qev34_030.scr,0,64,ユーリ,personagem,0,26,,,指定された場所は、ここだな,,pendente,
qev34_030.scr:1,qev34_030.scr,1,65,エステル,personagem,1,20,,,ここに、フレンが……,,pendente,
qev34_030.scr:2,qev34_030.scr,2,64,ユーリ,personagem,2,44,,CRLF x1,エステル。\n先に言っとくが、勝手に一人で……,,pendente,
qev34_030.scr:3,qev34_030.scr,3,65,エステル,personagem,3,20,,,行きましょう、ユーリ,,pendente,
qev34_030.scr:4,qev34_030.scr,4,64,ユーリ,personagem,4,34,,,……って、注意してる傍からこれかよ,,pendente,
qev34_030.scr:5,qev34_030.scr,5,200,(ator 200),desconhecido,5,8,,,…………,,pendente,
qev34_030.scr:6,qev34_030.scr,6,64,ユーリ,personagem,6,32,,CRLF x1,どうにも困ったお姫様だな。\n全く,,pendente,
qev34_040.scr:0,qev34_040.scr,0,65,エステル,personagem,0,32,,,フレンは……怒っているでしょうか,,pendente,
qev34_040.scr:1,qev34_040.scr,1,64,ユーリ,personagem,1,40,,CRLF x1,怒るっていうより、\n心配は当然してるだろ,,pendente,
qev34_040.scr:2,qev34_040.scr,2,64,ユーリ,personagem,2,74,,CRLF x2,ま、あいつの事だ。\nお仕置きの三つや四つは、\n覚悟しといた方がいいだろうな,,pendente,
qev34_040.scr:3,qev34_040.scr,3,200,(ator 200),desconhecido,3,6,,,……？,,pendente,
qev34_040.scr:4,qev34_040.scr,4,64,ユーリ,personagem,4,18,,,ん？　お仕置きか？,,pendente,
qev34_040.scr:5,qev34_040.scr,5,64,ユーリ,personagem,5,56,,CRLF x2,ははっ、もちろん\nまともに受けるつもりは\nさらさらないぜ,,pendente,
qev34_040.scr:6,qev34_040.scr,6,64,ユーリ,personagem,6,84,,CRLF x2,ただ、色々あってな。\nこれから会いに行く奴は、ちっとばかし\n面倒な事情を抱えてんだよ,,pendente,
qev34_040.scr:7,qev34_040.scr,7,65,エステル,personagem,7,54,,CRLF x1,……でも、わたしはここで\n立ち止まるわけにはいきません,,pendente,
qev34_040.scr:8,qev34_040.scr,8,65,エステル,personagem,8,78,,CRLF x2,城の中にいただけでは\nわからなかったこと…、\n本を読むだけでは学べなかったこと,,pendente,
qev34_040.scr:9,qev34_040.scr,9,65,エステル,personagem,9,46,,CRLF x1,このギルドに来て、\nたくさん知る事が出来ました,,pendente,
qev34_040.scr:10,qev34_040.scr,10,65,エステル,personagem,10,12,,,ですから……,,pendente,
qev34_040.scr:11,qev34_040.scr,11,64,ユーリ,personagem,11,70,,CRLF x2,だったら、それをフレンの奴に\n直接聞かせてやれば\nいいんじゃないのか？,,pendente,
qev34_040.scr:12,qev34_040.scr,12,64,ユーリ,personagem,12,74,,CRLF x2,あいつも、エステルが何を考えて\nこんな事をしてるかくらい\nわかってるはずだ,,pendente,
qev34_040.scr:13,qev34_040.scr,13,64,ユーリ,personagem,13,28,,,信じてるんだろ、フレンの事？,,pendente,
qev34_040.scr:14,qev34_040.scr,14,65,エステル,personagem,14,10,,,……はい！,,pendente,
qev34_040.scr:15,qev34_040.scr,15,64,ユーリ,personagem,15,10,,,いい返事だ,,pendente,
qev34_040.scr:16,qev34_040.scr,16,64,ユーリ,personagem,16,38,,CRLF x1,おし、話がまとまったとこで\n先を急ぐぞ,,pendente,
qev34_040.scr:17,qev34_040.scr,17,64,ユーリ,personagem,17,54,,CRLF x1,あんまり待たせると\nあいつにグダグダ小言を喰らっちまう,,pendente,
qev34_050.scr:0,qev34_050.scr,0,69,フレン,personagem,0,16,,,エステリーゼ様！,,pendente,
qev34_050.scr:1,qev34_050.scr,1,69,フレン,personagem,1,26,,,……お怪我はありませんか？,,pendente,
qev34_050.scr:2,qev34_050.scr,2,65,エステル,personagem,2,4,,,はい,,pendente,
qev34_050.scr:3,qev34_050.scr,3,65,エステル,personagem,3,52,,CRLF x1,ユーリと、ギルドの皆さんが\nとても良くして下さるので,,pendente,
qev34_050.scr:4,qev34_050.scr,4,69,フレン,personagem,4,26,,CRLF x1,そうですか。\n……良かった,,pendente,
qev34_050.scr:5,qev34_050.scr,5,69,フレン,personagem,5,62,,CRLF x2,ユーリ。\n手紙にも書いた通りだ。\nエステリーゼ様は返してもらう,,pendente,
qev34_050.scr:6,qev34_050.scr,6,64,ユーリ,personagem,6,58,,CRLF x1,んで、王女誘拐の嫌疑で\nオレもついでに国へ連行……ってか？,,pendente,
qev34_050.scr:7,qev34_050.scr,7,69,フレン,personagem,7,50,,CRLF x1,こちらも独自に調査を行い、\n事情は大方把握している,,pendente,
qev34_050.scr:8,qev34_050.scr,8,69,フレン,personagem,8,56,,CRLF x1,無論、君にかけられている嫌疑が\n真実ではない事も調査済だ,,pendente,
qev34_050.scr:9,qev34_050.scr,9,69,フレン,personagem,9,80,,CRLF x2,だが、だからと言って\n無断で彼女を国外へ連れ出した行為を\n正当化するわけには……,,pendente,
qev34_050.scr:10,qev34_050.scr,10,65,エステル,personagem,10,32,,CRLF x1,フレン。\nわたしはまだ帰りません,,pendente,
qev34_050.scr:11,qev34_050.scr,11,65,エステル,personagem,11,52,,CRLF x1,わたし達の知らない所で、\n大きな事が起きているんです,,pendente,
qev34_050.scr:12,qev34_050.scr,12,65,エステル,personagem,12,94,,CRLF x2,植物や、魔物……それだけじゃない、\nたくさんの苦しんでいる人達を\nわたしはこれまで見てきました,,pendente,
qev34_050.scr:13,qev34_050.scr,13,65,エステル,personagem,13,32,,,彼らをこのままにはしておけません,,pendente,
qev34_050.scr:14,qev34_050.scr,14,65,エステル,personagem,14,94,,CRLF x2,植物や、魔物……それだけじゃない、\nたくさんの苦しんでいる人達を\nわたしはこれまで見てきました,,pendente,
qev34_050.scr:15,qev34_050.scr,15,65,エステル,personagem,15,82,,CRLF x2,まだ、助けを必要としている人は\nたくさんいます。\n彼らをこのままにはしておけません,,pendente,
qev34_050.scr:16,qev34_050.scr,16,65,エステル,personagem,16,22,,,フレン、わかって下さい,,pendente,
qev34_050.scr:17,qev34_050.scr,17,69,フレン,personagem,17,10,,,ですが……,,pendente,
qev34_050.scr:18,qev34_050.scr,18,64,ユーリ,personagem,18,68,,CRLF x2,いいのか？\n無理矢理連れてったところで、\nどうせまた飛び出しちまうぜ,,pendente,
qev34_050.scr:19,qev34_050.scr,19,64,ユーリ,personagem,19,40,,CRLF x1,その方が、\nよっぽど危ねえんじゃねえか？,,pendente,
qev34_050.scr:20,qev34_050.scr,20,69,フレン,personagem,20,8,,,…………,,pendente,
qev34_050.scr:21,qev34_050.scr,21,69,フレン,personagem,21,36,,CRLF x1,わかりました。\nただ、条件があります,,pendente,
qev34_050.scr:22,qev34_050.scr,22,69,フレン,personagem,22,64,,CRLF x2,……ユーリ。\n僕もギルドのメンバーに\n正式に加えてはもらえないか,,pendente,
qev34_050.scr:23,qev34_050.scr,23,64,ユーリ,personagem,23,20,,CRLF x1,おいおい。\n正気か？,,pendente,
qev34_050.scr:24,qev34_050.scr,24,69,フレン,personagem,24,4,,,ああ,,pendente,
qev34_050.scr:25,qev34_050.scr,25,69,フレン,personagem,25,80,,CRLF x2,確かに、星晶採掘に関する\n各国の不穏な動向、不可思議な現象は\n僕も気になっていた,,pendente,
qev34_050.scr:26,qev34_050.scr,26,69,フレン,personagem,26,10,,,それに……,,pendente,
qev34_050.scr:27,qev34_050.scr,27,69,フレン,personagem,27,70,,CRLF x1,国からは、エステリーゼ様の安全確保が\n最優先任務として言い渡されている,,pendente,
qev34_050.scr:28,qev34_050.scr,28,69,フレン,personagem,28,76,,CRLF x2,騎士団の事は、副官達に任せて、\n僕は君達と一緒に任務を\n遂行していこうと思う,,pendente,
qev34_050.scr:29,qev34_050.scr,29,69,フレン,personagem,29,4,,,ああ,,pendente,
qev34_050.scr:30,qev34_050.scr,30,69,フレン,personagem,30,82,,CRLF x2,星晶採掘に関する不可思議な現象は\n解決したとはいえ、その真相を\n報告する必要がある,,pendente,
qev34_050.scr:31,qev34_050.scr,31,69,フレン,personagem,31,40,,CRLF x1,その話もゆっくり聞きたいし。\nそれに……,,pendente,
qev34_050.scr:32,qev34_050.scr,32,69,フレン,personagem,32,70,,CRLF x1,国からは、エステリーゼ様の安全確保が\n最優先任務として言い渡されている,,pendente,
qev34_050.scr:33,qev34_050.scr,33,69,フレン,personagem,33,76,,CRLF x2,騎士団の事は、副官達に任せて、\n僕は君達と一緒に任務を\n遂行していこうと思う,,pendente,
qev34_050.scr:34,qev34_050.scr,34,64,ユーリ,personagem,34,12,,,任務ねえ……,,pendente,
qev34_050.scr:35,qev34_050.scr,35,69,フレン,personagem,35,72,,CRLF x2,もう一つ。\n任務である以上、事の真偽が明白になり\n事態が落ち着いてきたら,,pendente,
qev34_050.scr:36,qev34_050.scr,36,69,フレン,personagem,36,40,,CRLF x1,エステリーゼ様には、\n国へ戻っていただく,,pendente,
qev34_050.scr:37,qev34_050.scr,37,64,ユーリ,personagem,37,38,,CRLF x1,やれやれ。\nとんだ屁理屈を考えたもんだ,,pendente,
qev34_050.scr:38,qev34_050.scr,38,64,ユーリ,personagem,38,24,,,どうするんだ、エステル？,,pendente,
qev34_050.scr:39,qev34_050.scr,39,65,エステル,personagem,39,24,,,わたしはそれで構いません,,pendente,
qev34_050.scr:40,qev34_050.scr,40,65,エステル,personagem,40,54,,CRLF x1,じゃあ、これからはまた\nフレンと一緒にいられるんですね,,pendente,
qev34_050.scr:41,qev34_050.scr,41,69,フレン,personagem,41,22,,,そういう事になりますね,,pendente,
qev34_050.scr:42,qev34_050.scr,42,69,フレン,personagem,42,46,,CRLF x1,これからよろしくお願いします。\nエステリーゼ様,,pendente,
qev34_060.scr:0,qev34_060.scr,0,64,ユーリ,personagem,0,26,,,んじゃお前、ちっと付き合え,,pendente,
qev34_060.scr:1,qev34_060.scr,1,69,フレン,personagem,1,20,,,うん？　どこにだい？,,pendente,
qev34_060.scr:2,qev34_060.scr,2,64,ユーリ,personagem,2,54,,CRLF x1,ギルドに入んなら、\nリーダーに挨拶するのが筋ってもんだ,,pendente,
qev34_060.scr:3,qev34_060.scr,3,69,フレン,personagem,3,52,,CRLF x1,ああ、すまない。\nそれなら、少しだけ待ってくれないか,,pendente,
qev34_060.scr:4,qev34_060.scr,4,69,フレン,personagem,4,48,,CRLF x1,挨拶が遅れて申し訳ない。\n僕は、フレン・シーフォ,,pendente,
qev34_060.scr:5,qev34_060.scr,5,69,フレン,personagem,5,40,,CRLF x1,ガルバンゾ国騎士団で、\n隊長を務めている,,pendente,
qev34_060.scr:6,qev34_060.scr,6,200,(ator 200),desconhecido,6,8,,,…………,,pendente,
qev34_060.scr:7,qev34_060.scr,7,69,フレン,personagem,7,40,,CRLF x1,君の噂は聞いていた。\nこれから、よろしく,,pendente,
qev34_060.scr:8,qev34_060.scr,8,64,ユーリ,personagem,8,34,,CRLF x1,ああ、そういや\n紹介がまだだっけか,,pendente,
qev34_060.scr:9,qev34_060.scr,9,64,ユーリ,personagem,9,28,,CRLF x1,ったく。\n相変わらず律儀だな,,pendente,
qev34_060.scr:10,qev34_060.scr,10,69,フレン,personagem,10,72,,CRLF x2,ユーリが大雑把過ぎる\nだけなんじゃないか。\n相変わらずなのはそっちもだよ,,pendente,
qev34_060.scr:11,qev34_060.scr,11,69,フレン,personagem,11,42,,CRLF x1,さ、行こうか。\nリーダーの所へ案内してくれ,,pendente,
qev34_060.scr:12,qev34_060.scr,12,64,ユーリ,personagem,12,46,,CRLF x1,全く……、どこにいても、\n好き勝手言いやがるぜ,,pendente,
qev34_060.scr:13,qev34_060.scr,13,,(mensagem de sistema),sistema,13,34,,,フレンがアドリビトムに加入しました,,pendente,
qev35_010.scr:0,qev35_010.scr,0,62,アンジュ,personagem,1,20,,CRLF x1,ふぅ。\n困ったね……,,pendente,
qev35_010.scr:1,qev35_010.scr,1,71,コハク,personagem,2,12,,,そうだね……,,pendente,
qev35_010.scr:2,qev35_010.scr,2,200,(ator 200),desconhecido,3,8,,,…………,,pendente,
qev35_010.scr:3,qev35_010.scr,3,70,シング,personagem,4,40,,CRLF x1,あれ、二人ともどうしたの？\n何かあった？,,pendente,
qev35_010.scr:4,qev35_010.scr,4,71,コハク,personagem,5,10,,,あ、シング,,pendente,
qev35_010.scr:5,qev35_010.scr,5,71,コハク,personagem,6,46,,CRLF x1,実はさっき、差出人の\n名前がない依頼が届いたの,,pendente,
qev35_010.scr:6,qev35_010.scr,6,70,シング,personagem,7,16,,,名前がない依頼？,,pendente,
qev35_010.scr:7,qev35_010.scr,7,70,シング,personagem,8,42,,CRLF x1,よっぽど急いでて、\n書き忘れちゃったのかな,,pendente,
qev35_010.scr:8,qev35_010.scr,8,62,アンジュ,personagem,9,34,,CRLF x1,うん、そうかもしれないね。\n何せ…,,pendente,
qev35_010.scr:9,qev35_010.scr,9,62,アンジュ,personagem,10,58,,CRLF x1,誘拐事件の被害者と犯人を\n捕まえて欲しいって内容の様だから,,pendente,
qev35_010.scr:10,qev35_010.scr,10,70,シング,personagem,11,8,,,誘拐！？,,pendente,
qev35_010.scr:11,qev35_010.scr,11,71,コハク,personagem,12,94,,CRLF x2,まだ、そうと決まったわけじゃないと思う。\n大事な妹さんを探して欲しいって、\nそういう依頼みたい,,pendente,
qev35_010.scr:12,qev35_010.scr,12,71,コハク,personagem,13,18,,,ただ……この字……,,pendente,
qev35_010.scr:13,qev35_010.scr,13,200,(ator 200),desconhecido,14,6,,,……？,,pendente,
qev35_010.scr:14,qev35_010.scr,14,70,シング,personagem,15,8,,,コハク？,,pendente,
qev35_010.scr:15,qev35_010.scr,15,71,コハク,personagem,16,26,,CRLF x1,う、ううん。\n何でもないの,,pendente,
qev35_010.scr:16,qev35_010.scr,16,62,アンジュ,personagem,17,56,,CRLF x1,とにかく、内容が内容だし\n一応、依頼は登録しておくけれど,,pendente,
qev35_010.scr:17,qev35_010.scr,17,62,アンジュ,personagem,18,72,,CRLF x2,目的地は明記されていても、\n肝心の妹さんや\n依頼人の名前が無いんじゃ……,,pendente,
qev35_010.scr:18,qev35_010.scr,18,70,シング,personagem,19,34,,CRLF x1,アンジュ。\nその依頼、オレが行くよ,,pendente,
qev35_010.scr:19,qev35_010.scr,19,70,シング,personagem,20,74,,CRLF x2,いつもジィちゃんに\n「人が困ってたらなるべく助けろ」\nって言われてるからね,,pendente,
qev35_010.scr:20,qev35_010.scr,20,62,アンジュ,personagem,21,10,,,そうね……,,pendente,
qev35_010.scr:21,qev35_010.scr,21,200,(ator 200),desconhecido,22,8,,,…………,,pendente,
qev35_010.scr:22,qev35_010.scr,22,62,アンジュ,personagem,23,40,,CRLF x1,○○、良かったら\n力を貸してもらえない？,,pendente,
qev35_010.scr:23,qev35_010.scr,23,62,アンジュ,personagem,24,56,,CRLF x1,カダイフ砂漠なら、あなたも行った事が\nある場所だと思うし,,pendente,
qev35_010.scr:24,qev35_010.scr,24,62,アンジュ,personagem,25,62,,CRLF x1,こういう場合、土地勘のある人間は\n一人でも多い方がいいと思うの,,pendente,
qev35_010.scr:25,qev35_010.scr,25,70,シング,personagem,26,38,,CRLF x2,うん。\nオレからもお願いするよ、\n○○,,pendente,
qev35_010.scr:26,qev35_010.scr,26,71,コハク,personagem,27,8,,,…………,,pendente,
qev35_010.scr:27,qev35_010.scr,27,,(mensagem de sistema),sistema,28,88,,CRLF x2,クエスト「謎の捜索願」が\nエントリーされました。\nクエストカウンタから受ける事が出来ます,,pendente,
qev35_020.scr:0,qev35_020.scr,0,70,シング,personagem,0,26,,,○○、手伝ってくれるんだね,,pendente,
qev35_020.scr:1,qev35_020.scr,1,70,シング,personagem,1,18,,,そう来なくっちゃ！,,pendente,
qev35_020.scr:2,qev35_020.scr,2,71,コハク,personagem,2,16,,,ねえ、シング……,,pendente,
qev35_020.scr:3,qev35_020.scr,3,71,コハク,personagem,3,42,,CRLF x1,この依頼人の事……、\nシングは、どう思う？,,pendente,
qev35_020.scr:4,qev35_020.scr,4,70,シング,personagem,4,68,,CRLF x2,えっ、どうって？\nとっても妹思いのいい人なんだなぁって\n思うけど……,,pendente,
qev35_020.scr:5,qev35_020.scr,5,70,シング,personagem,5,20,,,それが、どうかした？,,pendente,
qev35_020.scr:6,qev35_020.scr,6,71,コハク,personagem,6,40,,CRLF x1,ええと……。\nううん、やっぱり何でもない,,pendente,
qev35_020.scr:7,qev35_020.scr,7,200,(ator 200),desconhecido,7,8,,,…………,,pendente,
qev35_020.scr:8,qev35_020.scr,8,71,コハク,personagem,8,30,,CRLF x1,ごめんね。\n変な事聞いちゃって,,pendente,
qev35_020.scr:9,qev35_020.scr,9,71,コハク,personagem,9,56,,CRLF x1,目的地は、カダイフ砂漠……だったよね。\n気を付けて行こう,,pendente,
qev35_020.scr:10,qev35_020.scr,10,70,シング,personagem,10,4,,,うん,,pendente,
qev35_020.scr:11,qev35_020.scr,11,70,シング,personagem,11,26,,,妹さんを、必ず助けだそう！,,pendente,
qev35_030.scr:0,qev35_030.scr,0,70,シング,personagem,0,42,,CRLF x1,この砂漠のどこかに\n誘拐された妹さんが……,,pendente,
qev35_030.scr:1,qev35_030.scr,1,70,シング,personagem,1,24,,,早く見つけてあげないと！,,pendente,
qev35_030.scr:2,qev35_030.scr,2,71,コハク,personagem,2,4,,,うん,,pendente,
qev35_030.scr:3,qev35_030.scr,3,71,コハク,personagem,3,12,,,そうだね……,,pendente,
qev35_030.scr:4,qev35_030.scr,4,200,(ator 200),desconhecido,4,8,,,…………,,pendente,
qev35_030.scr:5,qev35_030.scr,5,71,コハク,personagem,5,6,,,えっ？,,pendente,
qev35_030.scr:6,qev35_030.scr,6,71,コハク,personagem,6,26,,CRLF x1,大丈夫。\nわたしは元気だよ,,pendente,
qev35_030.scr:7,qev35_030.scr,7,71,コハク,personagem,7,32,,,……とにかく、先に進んでみよう？,,pendente,
qev35_030.scr:8,qev35_030.scr,8,70,シング,personagem,8,24,,,よーし、ガンドコ行こう！,,pendente,
qev35_040.scr:0,qev35_040.scr,0,70,シング,personagem,0,46,,CRLF x1,それにしても、誘拐犯って\nどんな奴なんだろう？,,pendente,
qev35_040.scr:1,qev35_040.scr,1,71,コハク,personagem,1,12,,,そうだね……,,pendente,
qev35_040.scr:2,qev35_040.scr,2,71,コハク,personagem,2,90,,CRLF x2,いつもぶっきらぼうでツンツンしてるけど\nほんとは照れ屋で、過保護番長で\nカナヅチ……とか？,,pendente,
qev35_040.scr:3,qev35_040.scr,3,70,シング,personagem,3,14,,,カナヅチ……？,,pendente,
qev35_040.scr:4,qev35_040.scr,4,70,シング,personagem,4,18,,,それってまさか……,,pendente,
qev35_040.scr:5,qev35_040.scr,5,71,コハク,personagem,5,48,,CRLF x1,シング、ごめんね。\n騙してたわけじゃないんだけど,,pendente,
qev35_040.scr:6,qev35_040.scr,6,71,コハク,personagem,6,38,,,あの神経質な文字、もしかしたらって……,,pendente,
qev35_040.scr:7,qev35_040.scr,7,70,シング,personagem,7,46,,CRLF x1,大工さんだよね！\nそうか、誘拐犯は大工……！！,,pendente,
qev35_040.scr:8,qev35_040.scr,8,70,シング,personagem,8,56,,CRLF x1,じゃあ、妹さんは\n大工の跡取り問題に巻き込まれて……！？,,pendente,
qev35_040.scr:9,qev35_040.scr,9,71,コハク,personagem,9,10,,,シング……,,pendente,
qev35_040.scr:10,qev35_040.scr,10,71,コハク,personagem,10,22,,,そのカナヅチじゃなくて,,pendente,
qev35_040.scr:11,qev35_040.scr,11,70,シング,personagem,11,4,,,え？,,pendente,
qev35_050.scr:0,qev35_050.scr,0,70,シング,personagem,1,38,,CRLF x1,はぁはぁ……。\nすごい陽射しだなぁ……,,pendente,
qev35_050.scr:1,qev35_050.scr,1,70,シング,personagem,2,16,,,コハク、大丈夫？,,pendente,
qev35_050.scr:2,qev35_050.scr,2,71,コハク,personagem,3,22,,,うん、シング……きゃっ,,pendente,
qev35_050.scr:3,qev35_050.scr,3,70,シング,personagem,4,8,,,コハク！,,pendente,
qev35_050.scr:4,qev35_050.scr,4,71,コハク,personagem,5,22,,,ありがとう、シング……,,pendente,
qev35_050.scr:5,qev35_050.scr,5,72,ヒスイ,personagem,6,38,,,くおぉら、コハクに近寄るんじゃねえ！！,,pendente,
qev35_050.scr:6,qev35_050.scr,6,72,ヒスイ,personagem,7,18,,,やっと見つけたぜ！,,pendente,
qev35_050.scr:7,qev35_050.scr,7,72,ヒスイ,personagem,8,48,,CRLF x1,コハク、もう大丈夫だ。\n兄ちゃんが付いてるからな,,pendente,
qev35_050.scr:8,qev35_050.scr,8,70,シング,personagem,9,34,,CRLF x1,ヒスイ……！\nどうしてこんな所に？,,pendente,
qev35_050.scr:9,qev35_050.scr,9,72,ヒスイ,personagem,10,52,,CRLF x2,どうしてだと？\nへっ。\nわかりきった事聞くんじゃねえ,,pendente,
qev35_050.scr:10,qev35_050.scr,10,72,ヒスイ,personagem,11,64,,CRLF x1,不逞の輩の魔の手から、可愛い妹を\n助けに来たに決まってんだろうが,,pendente,
qev35_050.scr:11,qev35_050.scr,11,70,シング,personagem,12,14,,,ふていの……？,,pendente,
qev35_050.scr:12,qev35_050.scr,12,71,コハク,personagem,13,48,,CRLF x1,もう、お兄ちゃん！\nシングはそんなんじゃないよ！,,pendente,
qev35_050.scr:13,qev35_050.scr,13,71,コハク,personagem,14,50,,CRLF x1,ギルドに変な依頼を出したのも\n……お兄ちゃんだね？,,pendente,
qev35_050.scr:14,qev35_050.scr,14,72,ヒスイ,personagem,15,20,,,変とは何だ、変とは！,,pendente,
qev35_050.scr:15,qev35_050.scr,15,72,ヒスイ,personagem,16,46,,CRLF x1,兄が妹を心配する。\nごく当たり前の事じゃねぇか,,pendente,
qev35_050.scr:16,qev35_050.scr,16,71,コハク,personagem,17,62,,CRLF x1,字を見てまさかとは思ったけど……。\nもう……ほんと、恥ずかしい,,pendente,
qev35_050.scr:17,qev35_050.scr,17,70,シング,personagem,18,70,,CRLF x2,よくわからないけど……。\nあの名無しの依頼人は、\nヒスイだったんだね？,,pendente,
qev35_050.scr:18,qev35_050.scr,18,70,シング,personagem,19,28,,,じゃあこれで、一件落着だね！,,pendente,
qev35_050.scr:19,qev35_050.scr,19,72,ヒスイ,personagem,20,38,,CRLF x1,ちょっと待て。\nどこが一件落着なんだよ,,pendente,
qev35_050.scr:20,qev35_050.scr,20,70,シング,personagem,21,70,,CRLF x2,だって、この通り\nコハクはオレが全力で、しっかり！\n守ってるからさ！！,,pendente,
qev35_050.scr:21,qev35_050.scr,21,72,ヒスイ,personagem,22,46,,CRLF x1,だから、それが全力で\n心配だって言ってんだッ！,,pendente,
qev35_050.scr:22,qev35_050.scr,22,71,コハク,personagem,23,24,,,……もう、お兄ちゃん！？,,pendente,
qev35_050.scr:23,qev35_050.scr,23,71,コハク,personagem,24,42,,CRLF x1,喧嘩はダメって……、\nいつも言ってるよね？,,pendente,
qev35_050.scr:24,qev35_050.scr,24,200,(ator 200),desconhecido,25,8,,,…………,,pendente,
qev35_050.scr:25,qev35_050.scr,25,70,シング,personagem,26,46,,CRLF x1,（相変わらず\n　コハクの蹴りはすごいなぁ……）,,pendente,
qev35_050.scr:26,qev35_050.scr,26,71,コハク,personagem,27,30,,,とにかく、これで依頼は達成だね,,pendente,
qev35_050.scr:27,qev35_050.scr,27,71,コハク,personagem,28,68,,CRLF x2,ねえ、○○。\nお兄ちゃんもこのまま\nギルドに連れて行ってもいいかな？,,pendente,
qev35_050.scr:28,qev35_050.scr,28,71,コハク,personagem,29,74,,CRLF x2,さすがに砂漠に置いて行ったら、\nカラカラのシワシワに\nなっちゃいそうで……,,pendente,
qev35_050.scr:29,qev35_050.scr,29,200,(ator 200),desconhecido,30,8,,,…………,,pendente,
qev35_050.scr:30,qev35_050.scr,30,71,コハク,personagem,31,50,,CRLF x1,うん、そうだね。\nひとまずバンエルティア号に戻ろう,,pendente,
qev35_060.scr:0,qev35_060.scr,0,72,ヒスイ,personagem,0,14,,,痛っててて……,,pendente,
qev35_060.scr:1,qev35_060.scr,1,72,ヒスイ,personagem,1,54,,CRLF x1,うう、コハクの蹴りは五臓六腑に\n染み渡る強烈さだぜ……,,pendente,
qev35_060.scr:2,qev35_060.scr,2,72,ヒスイ,personagem,2,30,,,それもこれもシングのアホが……,,pendente,
qev35_060.scr:3,qev35_060.scr,3,71,コハク,personagem,3,24,,,お兄ちゃん、何か言った？,,pendente,
qev35_060.scr:4,qev35_060.scr,4,72,ヒスイ,personagem,4,62,,CRLF x1,いやぁ、シングも立派に成長したなぁ！\nはは、はははははははは！,,pendente,
qev35_060.scr:5,qev35_060.scr,5,70,シング,personagem,5,62,,CRLF x2,でも、良かった。\nこれで、今日からヒスイも\nオレ達の仲間だね！,,pendente,
qev35_060.scr:6,qev35_060.scr,6,72,ヒスイ,personagem,6,40,,CRLF x1,あぁ？\nいつ俺がお前の仲間になったんだ？,,pendente,
qev35_060.scr:7,qev35_060.scr,7,70,シング,personagem,7,22,,,じゃあ、今から帰るの？,,pendente,
qev35_060.scr:8,qev35_060.scr,8,72,ヒスイ,personagem,8,8,,,ぐっ……,,pendente,
qev35_060.scr:9,qev35_060.scr,9,72,ヒスイ,personagem,9,76,,CRLF x2,か、帰るわけねーだろ！\nてめぇとコハクを二人っきりになんて\n絶対させねえ！！,,pendente,
qev35_060.scr:10,qev35_060.scr,10,70,シング,personagem,10,18,,,じゃあ、決まりだね,,pendente,
qev35_060.scr:11,qev35_060.scr,11,70,シング,personagem,11,26,,,今日からよろしく、ヒスイ！,,pendente,
qev35_060.scr:12,qev35_060.scr,12,72,ヒスイ,personagem,12,14,,,お、おう……？,,pendente,
qev35_060.scr:13,qev35_060.scr,13,71,コハク,personagem,13,30,,CRLF x1,うん。\nみんなで協力していこう,,pendente,
qev35_060.scr:14,qev35_060.scr,14,71,コハク,personagem,14,54,,CRLF x2,○○も、\n手伝って欲しい事があったら\nいつでも呼んでね,,pendente,
qev35_060.scr:15,qev35_060.scr,15,71,コハク,personagem,15,44,,CRLF x1,こう見えてお兄ちゃんも\n結構頼りになるんだよ,,pendente,
qev35_060.scr:16,qev35_060.scr,16,70,シング,personagem,16,8,,,そうそう,,pendente,
qev35_060.scr:17,qev35_060.scr,17,70,シング,personagem,17,30,,,枯れ木も山の賑わい……ってね！,,pendente,
qev35_060.scr:18,qev35_060.scr,18,72,ヒスイ,personagem,18,40,,CRLF x1,てめぇ！！\n意味わかって言ってんのか！？,,pendente,
qev35_060.scr:19,qev35_060.scr,19,70,シング,personagem,19,24,,,あ、あれ……何か違った？,,pendente,
qev35_060.scr:20,qev35_060.scr,20,,(mensagem de sistema),sistema,20,34,,,ヒスイがアドリビトムに加入しました,,pendente,
qev36_010.scr:0,qev36_010.scr,0,62,アンジュ,personagem,0,42,,CRLF x1,……ね？\nこれってやっぱり、二人の事だよね,,pendente,
qev36_010.scr:1,qev36_010.scr,1,73,アスベル,personagem,1,18,,,確かに、間違いない,,pendente,
qev36_010.scr:2,qev36_010.scr,2,73,アスベル,personagem,2,56,,CRLF x2,それにしても、\nこんな大事になるなんて……。\nまいったな,,pendente,
qev36_010.scr:3,qev36_010.scr,3,74,ソフィ,personagem,3,36,,CRLF x1,アスベル……困ってるの？\nどうして？,,pendente,
qev36_010.scr:4,qev36_010.scr,4,73,アスベル,personagem,4,52,,CRLF x1,ソフィ、どうやら俺達\n捜索願が出されてるみたいなんだ,,pendente,
qev36_010.scr:5,qev36_010.scr,5,74,ソフィ,personagem,5,12,,,捜索……願？,,pendente,
qev36_010.scr:6,qev36_010.scr,6,62,アンジュ,personagem,6,78,,CRLF x2,居所のわからない人を、\n「探して下さい」って\n周りの色んな人にお願いする事だよ,,pendente,
qev36_010.scr:7,qev36_010.scr,7,74,ソフィ,personagem,7,46,,CRLF x1,居所……わからない？\nわたし達は、ここにいるよ,,pendente,
qev36_010.scr:8,qev36_010.scr,8,73,アスベル,personagem,8,16,,,……そうなんだよ,,pendente,
qev36_010.scr:9,qev36_010.scr,9,73,アスベル,personagem,9,52,,CRLF x1,俺達がここにいる事を、\nあいつに伝えていなかったんだ,,pendente,
qev36_010.scr:10,qev36_010.scr,10,73,アスベル,personagem,10,16,,,仕方がないな……,,pendente,
qev36_010.scr:11,qev36_010.scr,11,62,アンジュ,personagem,11,58,,CRLF x2,ふふ。\nじゃあ、この依頼は\n二人にお願いした方が良さそうね,,pendente,
qev36_010.scr:12,qev36_010.scr,12,62,アンジュ,personagem,12,56,,CRLF x1,念の為、他にも誰か\n協力してくれる人を募ってみましょうか,,pendente,
qev36_010.scr:13,qev36_010.scr,13,,(mensagem de sistema),sistema,13,92,,CRLF x2,クエスト「幼馴染み捜索願」が\nエントリーされました。\nクエストカウンタから受ける事が出来ます,,pendente,
qev36_020.scr:0,qev36_020.scr,0,62,アンジュ,personagem,0,48,,CRLF x1,やっぱり、○○が\n手伝ってくれるのね。ありがとう,,pendente,
qev36_020.scr:1,qev36_020.scr,1,73,アスベル,personagem,1,44,,CRLF x1,すまない……。\n少しの間だけど、よろしく頼む,,pendente,
qev36_020.scr:2,qev36_020.scr,2,74,ソフィ,personagem,2,14,,,○○、よろしく,,pendente,
qev36_030.scr:0,qev36_030.scr,0,73,アスベル,personagem,0,50,,CRLF x1,あいつ、こんな所まで\n俺達を探しに来てるなんて……,,pendente,
qev36_030.scr:1,qev36_030.scr,1,74,ソフィ,personagem,1,42,,CRLF x1,ここ……。\nアスベルと一緒に、前にも来たね,,pendente,
qev36_030.scr:2,qev36_030.scr,2,73,アスベル,personagem,2,38,,CRLF x1,ああ。\nソフィと最初の任務で来た場所だ,,pendente,
qev36_030.scr:3,qev36_030.scr,3,73,アスベル,personagem,3,74,,CRLF x2,手がかりがないから、\nとにかくしらみつぶしに\nあちこちを探してるって事だな,,pendente,
qev36_030.scr:4,qev36_030.scr,4,73,アスベル,personagem,4,30,,,早く見つけて、誤解を解かないと,,pendente,
qev36_030.scr:5,qev36_030.scr,5,74,ソフィ,personagem,5,34,,CRLF x1,うん。\nきっとすごく、心配してるよ,,pendente,
qev36_040.scr:0,qev36_040.scr,0,74,ソフィ,personagem,1,14,,,あ……綺麗な石,,pendente,
qev36_040.scr:1,qev36_040.scr,1,73,アスベル,personagem,2,16,,,あ、こらソフィ！,,pendente,
qev36_040.scr:2,qev36_040.scr,2,73,アスベル,personagem,3,52,,CRLF x1,だめじゃないか……。\nああ、やっぱり服に泥が付いてる,,pendente,
qev36_040.scr:3,qev36_040.scr,3,73,アスベル,personagem,4,38,,CRLF x1,あいつに見つかったら、\nまた怒られるな,,pendente,
qev36_040.scr:4,qev36_040.scr,4,74,ソフィ,personagem,5,68,,CRLF x2,ごめんなさい……。\nこの石、シェリアにあげたら\nきっと喜ぶと思ったの,,pendente,
qev36_040.scr:5,qev36_040.scr,5,74,ソフィ,personagem,6,22,,,アスベル……怒ってる？,,pendente,
qev36_040.scr:6,qev36_040.scr,6,73,アスベル,personagem,7,54,,CRLF x1,いや、怒ってないよ。\nだけど、後でちゃんと洗わないとな,,pendente,
qev36_040.scr:7,qev36_040.scr,7,200,(ator 200),desconhecido,8,6,,,……？,,pendente,
qev36_040.scr:8,qev36_040.scr,8,73,アスベル,personagem,9,14,,,ああ、すまない,,pendente,
qev36_040.scr:9,qev36_040.scr,9,73,アスベル,personagem,10,62,,CRLF x1,俺の幼馴染み……シェリアっていうんだが\n身だしなみに厳しくてさ,,pendente,
qev36_040.scr:10,qev36_040.scr,10,73,アスベル,personagem,11,62,,CRLF x1,特に服を汚すと怒られるんだ。\n女の子は綺麗にしないとダメだって,,pendente,
qev36_040.scr:11,qev36_040.scr,11,73,アスベル,personagem,12,54,,CRLF x1,気付いたら、こんなやりとりが\n当たり前になってしまって,,pendente,
qev36_040.scr:12,qev36_040.scr,12,200,(ator 200),desconhecido,13,8,,,…………,,pendente,
qev36_040.scr:13,qev36_040.scr,13,74,ソフィ,personagem,14,38,,CRLF x1,でも……、わたし\nシェリアの事好きだよ,,pendente,
qev36_040.scr:14,qev36_040.scr,14,74,ソフィ,personagem,15,20,,,アスベルもそうだよね,,pendente,
qev36_040.scr:15,qev36_040.scr,15,73,アスベル,personagem,16,28,,CRLF x1,えっ？\nああ、まあ、そうだな,,pendente,
qev36_040.scr:16,qev36_040.scr,16,74,ソフィ,personagem,17,32,,CRLF x1,……早く、会いたいな。\nシェリア,,pendente,
qev36_050.scr:0,qev36_050.scr,0,74,ソフィ,personagem,1,16,,,あっ、シェリア！,,pendente,
qev36_050.scr:1,qev36_050.scr,1,75,シェリア,personagem,2,40,,CRLF x1,えっ……ソフィ！？\nそれに、アスベルも？,,pendente,
qev36_050.scr:2,qev36_050.scr,2,73,アスベル,personagem,3,6,,,や……,,pendente,
qev36_050.scr:3,qev36_050.scr,3,73,アスベル,personagem,4,4,,,やあ,,pendente,
qev36_050.scr:4,qev36_050.scr,4,75,シェリア,personagem,5,22,,,「やあ」じゃないわよ！,,pendente,
qev36_050.scr:5,qev36_050.scr,5,75,シェリア,personagem,6,68,,CRLF x2,もう……。\n私が、どれだけ心配したと思ってるの？\nしんっじられない！,,pendente,
qev36_050.scr:6,qev36_050.scr,6,73,アスベル,personagem,7,6,,,ごめん,,pendente,
qev36_050.scr:7,qev36_050.scr,7,73,アスベル,personagem,8,64,,CRLF x1,今はソフィと一緒に、アドリビトムに\n間借りさせてもらっているんだ,,pendente,
qev36_050.scr:8,qev36_050.scr,8,74,ソフィ,personagem,9,62,,CRLF x1,あのね、すっごく大きな船なの。\nシェリアも見たらびっくりするよ,,pendente,
qev36_050.scr:9,qev36_050.scr,9,75,シェリア,personagem,10,48,,CRLF x1,アドリビトム……？\nじゃあ二人がここにいるのって,,pendente,
qev36_050.scr:10,qev36_050.scr,10,73,アスベル,personagem,11,74,,CRLF x2,捜索願……びっくりしたよ。\nまさかそこまで心配かけてるなんて\n思わなくてさ,,pendente,
qev36_050.scr:11,qev36_050.scr,11,74,ソフィ,personagem,12,18,,,アスベル、困ってた,,pendente,
qev36_050.scr:12,qev36_050.scr,12,73,アスベル,personagem,13,26,,,いや、困ってたというか……,,pendente,
qev36_050.scr:13,qev36_050.scr,13,75,シェリア,personagem,14,20,,,そういう事だったのね,,pendente,
qev36_050.scr:14,qev36_050.scr,14,75,シェリア,personagem,15,48,,CRLF x1,はぁ……もう。\n大騒ぎしちゃって、恥ずかしい……,,pendente,
qev36_050.scr:15,qev36_050.scr,15,74,ソフィ,personagem,16,22,,CRLF x1,シェリア。\n元気出して,,pendente,
qev36_050.scr:16,qev36_050.scr,16,75,シェリア,personagem,17,38,,CRLF x1,……ありがとう、ソフィ。\n私は大丈夫よ,,pendente,
qev36_050.scr:17,qev36_050.scr,17,75,シェリア,personagem,18,74,,CRLF x2,これからはソフィとも一緒だから、\nこうやって心配する事は\nなくなると思うし,,pendente,
qev36_050.scr:18,qev36_050.scr,18,73,アスベル,personagem,19,30,,,え？　それってどういう意味だ？,,pendente,
qev36_050.scr:19,qev36_050.scr,19,75,シェリア,personagem,20,64,,CRLF x2,決まってるじゃない。\n私も今日から、そのギルドで\nお世話になるわ,,pendente,
qev36_050.scr:20,qev36_050.scr,20,75,シェリア,personagem,21,92,,CRLF x2,あそこなら、私の治癒術も\n色んな人の役に立てられそうだもの。\n何だか、恋の話も聞けそうだしっ,,pendente,
qev36_050.scr:21,qev36_050.scr,21,73,アスベル,personagem,22,36,,,そっちが本当の目的……じゃないよな？,,pendente,
qev36_050.scr:22,qev36_050.scr,22,75,シェリア,personagem,23,30,,CRLF x1,べ、別に\nそんなんじゃないわよ,,pendente,
qev36_050.scr:23,qev36_050.scr,23,75,シェリア,personagem,24,52,,CRLF x1,さあ、ソフィ？\n一緒にバンエルティア号へ行きましょう,,pendente,
qev36_050.scr:24,qev36_050.scr,24,74,ソフィ,personagem,25,42,,CRLF x2,……うん。\nみんな、一緒で嬉しいね。\n○○,,pendente,
qev36_060.scr:0,qev36_060.scr,0,73,アスベル,personagem,0,32,,CRLF x1,ふぅ……。\nこれで一件落着、だな,,pendente,
qev36_060.scr:1,qev36_060.scr,1,75,シェリア,personagem,1,22,,,一件落着じゃありません,,pendente,
qev36_060.scr:2,qev36_060.scr,2,75,シェリア,personagem,2,42,,CRLF x1,ソフィ？\n服に付いてるその泥、どうしたの？,,pendente,
qev36_060.scr:3,qev36_060.scr,3,74,ソフィ,personagem,3,10,,,これは……,,pendente,
qev36_060.scr:4,qev36_060.scr,4,73,アスベル,personagem,4,52,,CRLF x2,ごめん。\nちょっと俺が目を離した時に\n水たまりに……,,pendente,
qev36_060.scr:5,qev36_060.scr,5,73,アスベル,personagem,5,52,,CRLF x1,でも、このくらいの汚れなら\nお湯で洗えば落ちるだろ？,,pendente,
qev36_060.scr:6,qev36_060.scr,6,75,シェリア,personagem,6,46,,CRLF x1,はぁ……。\nやっぱり、そんな事だろうと思ったわ,,pendente,
qev36_060.scr:7,qev36_060.scr,7,75,シェリア,personagem,7,82,,CRLF x2,いいわ、私がまとめて洗っておくから。\nアスベルも何か洗う物があったら\n出しておいて,,pendente,
qev36_060.scr:8,qev36_060.scr,8,73,アスベル,personagem,8,12,,,俺は、いいよ,,pendente,
qev36_060.scr:9,qev36_060.scr,9,75,シェリア,personagem,9,44,,CRLF x1,そう？\nアスベルもそこの裾、泥がはねてるけど,,pendente,
qev36_060.scr:10,qev36_060.scr,10,73,アスベル,personagem,10,6,,,あ……,,pendente,
qev36_060.scr:11,qev36_060.scr,11,75,シェリア,personagem,11,38,,CRLF x1,白い服だから\nそういうの、目立つのよね,,pendente,
qev36_060.scr:12,qev36_060.scr,12,74,ソフィ,personagem,12,16,,,シェリア……鋭い,,pendente,
qev36_060.scr:13,qev36_060.scr,13,73,アスベル,personagem,13,24,,,うう……、返す言葉がない,,pendente,
qev36_060.scr:14,qev36_060.scr,14,75,シェリア,personagem,14,14,,,そういうわけで,,pendente,
qev36_060.scr:15,qev36_060.scr,15,75,シェリア,personagem,15,32,,CRLF x1,ええと、○○……\nだったわよね？,,pendente,
qev36_060.scr:16,qev36_060.scr,16,75,シェリア,personagem,16,54,,CRLF x1,しばらくの間、お世話になります。\nこれから、よろしくね,,pendente,
qev36_060.scr:17,qev36_060.scr,17,,(mensagem de sistema),sistema,17,36,,,シェリアがアドリビトムに加入しました,,pendente,
qev37_010.scr:0,qev37_010.scr,0,66,ジュディス,personagem,0,28,,CRLF x1,○○、\nちょっといいかしら？,,pendente,
qev37_010.scr:1,qev37_010.scr,1,66,ジュディス,personagem,1,38,,CRLF x1,ヴェラトローパの壁画の事、\n覚えてる？,,pendente,
qev37_010.scr:2,qev37_010.scr,2,66,ジュディス,personagem,2,62,,CRLF x1,ほら、光まとうものに送りし輝ける光器、\n「レディアント」の事よ,,pendente,
qev37_010.scr:3,qev37_010.scr,3,66,ジュディス,personagem,3,102,,CRLF x2,あれから、何度かヴェラトローパへ行って、\nあの壁画の情報を読んで、\nレディアントがある場所がわかったの,,pendente,
qev37_010.scr:4,qev37_010.scr,4,66,ジュディス,personagem,4,44,,CRLF x1,どう？\nそのレディアントを見に行きたくない？,,pendente,
qev37_010.scr:5,qev37_010.scr,5,66,ジュディス,personagem,5,62,,CRLF x1,これから、レディアントを探しに行く依頼を\nアンジュへ届けるから,,pendente,
qev37_010.scr:6,qev37_010.scr,6,66,ジュディス,personagem,6,48,,CRLF x1,興味があったら、\nクエストカウンタから受けてみて,,pendente,
qev37_020.scr:0,qev37_020.scr,0,62,アンジュ,personagem,0,48,,CRLF x1,ジュディスから預かってる依頼、\n受けてくれるのね,,pendente,
qev37_020.scr:1,qev37_020.scr,1,62,アンジュ,personagem,1,72,,CRLF x1,ヒトの祖が、ディセンダーの為に作った武具\n「レディアント」…だったっけ？,,pendente,
qev37_020.scr:2,qev37_020.scr,2,62,アンジュ,personagem,2,42,,,それを、一緒に探しに行きましょうって依頼よ,,pendente,
qev37_020.scr:3,qev37_020.scr,3,62,アンジュ,personagem,3,52,,CRLF x1,今回は、あなたとジュディスの二人で\n行ってちょうだい,,pendente,
qev37_020.scr:4,qev37_020.scr,4,62,アンジュ,personagem,4,58,,CRLF x1,じゃあ、頑張って。\nこのクエストの報告は、わたしにお願いね,,pendente,
qev37_030.scr:0,qev37_030.scr,0,66,ジュディス,personagem,0,98,,CRLF x2,ヒトの祖が、ソウルアルケミーによって\n生み出した、光まとうものに送りし\n輝ける光器、レディアント…,,pendente,
qev37_030.scr:1,qev37_030.scr,1,66,ジュディス,personagem,1,44,,CRLF x1,きっと、この奥で真の主を\n待ち続けているはず,,pendente,
qev37_030.scr:2,qev37_030.scr,2,66,ジュディス,personagem,2,36,,CRLF x1,行きましょう。\nレディアントに会いに,,pendente,
qev37_040.scr:0,qev37_040.scr,0,66,ジュディス,personagem,0,28,,,ほら、前にも言ったでしょう？,,pendente,
qev37_040.scr:1,qev37_040.scr,1,66,ジュディス,personagem,1,100,,CRLF x2,レディアントは、ディセンダー以外の手に\n渡らないよう、ヒトの祖が作った人工精霊が\nまとっている、って,,pendente,
qev37_040.scr:2,qev37_040.scr,2,66,ジュディス,personagem,2,106,,CRLF x2,だから、手に入れる為には、その人工精霊と\n戦って、ディセンダーとしての力を\n示さなければならないでしょうね,,pendente,
qev37_050.scr:0,qev37_050.scr,0,66,ジュディス,personagem,1,22,,,レディアントが消えた…,,pendente,
qev37_050.scr:1,qev37_050.scr,1,66,ジュディス,personagem,2,44,,CRLF x1,ディセンダーとして\n認めてもらえなかったの？,,pendente,
qev37_050.scr:2,qev37_050.scr,2,203,(narracao),narracao,4,20,,,…、………、…………,,pendente,
qev37_050.scr:3,qev37_050.scr,3,200,(ator 200),desconhecido,5,10,,,………？…,,pendente,
qev37_050.scr:4,qev37_050.scr,4,66,ジュディス,personagem,6,34,,CRLF x1,何か、感じるわ。\nこれは…言葉…？,,pendente,
qev37_050.scr:5,qev37_050.scr,5,203,(narracao),narracao,7,8,,,（光…）,,pendente,
qev37_050.scr:6,qev37_050.scr,6,203,(narracao),narracao,8,94,,CRLF x2,（光　マトイシ　モノ…。\n　世界樹　ノ　マナ　ノ　輝キ…。\n　世界樹　ノ　夢タル　ソノ御姿…）,,pendente,
qev37_050.scr:7,qev37_050.scr,7,203,(narracao),narracao,9,40,,,（ワタシ　ハ　ソノ光　ヲ　待チイタリ…）,,pendente,
qev37_050.scr:8,qev37_050.scr,8,203,(narracao),narracao,10,74,,CRLF x1,（アナタ　ノ　影　ニ　ナル為ニ…\n　次ハ　ツインソウル　デ　顕現　シマス）,,pendente,
qev37_050.scr:9,qev37_050.scr,9,203,(narracao),narracao,11,24,,,（マタ　会イマショウ…）,,pendente,
qev37_050.scr:10,qev37_050.scr,10,203,(narracao),narracao,12,40,,,（ワタシ　ハ　ソノ光　ヲ　待チイタリ…）,,pendente,
qev37_050.scr:11,qev37_050.scr,11,200,(ator 200),desconhecido,13,6,,,………,,pendente,
qev37_050.scr:12,qev37_050.scr,12,66,ジュディス,personagem,14,28,,,今のは、レディアントの声ね…,,pendente,
qev37_050.scr:13,qev37_050.scr,13,66,ジュディス,personagem,15,70,,CRLF x2,あなたの影になる為に…、\n次はツインソウル…、ね。\nこの意味はわかる？,,pendente,
qev37_050.scr:14,qev37_050.scr,14,66,ジュディス,personagem,18,56,,CRLF x2,そうね。\nあなたは、またレディアントに\n会うでしょうから,,pendente,
qev37_050.scr:15,qev37_050.scr,15,66,ジュディス,personagem,19,30,,,意味なんて、必要ないでしょうね,,pendente,
qev37_050.scr:16,qev37_050.scr,16,66,ジュディス,personagem,20,22,,,でも、一応話しておくわ,,pendente,
qev37_050.scr:17,qev37_050.scr,17,66,ジュディス,personagem,21,64,,CRLF x2,さっきのレディアントから、\n情報を読んだの。\nそれを話しておくわ,,pendente,
qev37_050.scr:18,qev37_050.scr,18,66,ジュディス,personagem,22,78,,CRLF x2,レディアントは、\n男性的なソウル、女性的なソウルで\n構成された人工精霊のようよ,,pendente,
qev37_050.scr:19,qev37_050.scr,19,66,ジュディス,personagem,23,44,,CRLF x1,その為、男性、女性の二つの面を\n持っているの,,pendente,
qev37_050.scr:20,qev37_050.scr,20,66,ジュディス,personagem,24,62,,CRLF x1,次に会う時は、それら二つの面を分離して\n２体になって現れるのよ,,pendente,
qev37_050.scr:21,qev37_050.scr,21,66,ジュディス,personagem,25,40,,,そう、今後はその２体と戦う事になるわね…,,pendente,
qev37_050.scr:22,qev37_050.scr,22,200,(ator 200),desconhecido,26,6,,,………,,pendente,
qev37_050.scr:23,qev37_050.scr,23,66,ジュディス,personagem,27,36,,CRLF x1,大丈夫よ。\nあなたなら出来るでしょ？,,pendente,
qev37_050.scr:24,qev37_050.scr,24,66,ジュディス,personagem,28,16,,,さ、戻りましょう,,pendente,
qev37_050.scr:25,qev37_050.scr,25,,(opcao do jogador),escolha,16,14,,,意味は必要ない,,pendente,
qev37_050.scr:26,qev37_050.scr,26,,(opcao do jogador),escolha,17,10,,,わからない,,pendente,
qev37_060.scr:0,qev37_060.scr,0,62,アンジュ,personagem,0,78,,CRLF x2,レディアントには出会えたものの…、\n何も手に入れられなかったね。\nざーんねん…,,pendente,
qev37_060.scr:1,qev37_060.scr,1,66,ジュディス,personagem,1,98,,CRLF x2,でも、次はきっと手に入れられるわよ。\nだって、レディアントも○○の\nものになりたがっていた様だから,,pendente,
qev37_060.scr:2,qev37_060.scr,2,66,ジュディス,personagem,2,34,,,「あなたの影になる為に…」って、ね,,pendente,
qev37_060.scr:3,qev37_060.scr,3,62,アンジュ,personagem,3,68,,CRLF x2,へえ…、何だか婚約者みたい…。\nだけど、戦う宿命なのね。\nフクザツ…,,pendente,
qev37_060.scr:4,qev37_060.scr,4,66,ジュディス,personagem,4,54,,CRLF x1,そういう制約を付けられて\n作られたものだから仕方ないわ,,pendente,
qev37_060.scr:5,qev37_060.scr,5,66,ジュディス,personagem,5,54,,CRLF x1,戦いに勝つって事は、呪いを解く\nキスの様なものかしらね,,pendente,
qev37_060.scr:6,qev37_060.scr,6,62,アンジュ,personagem,6,18,,,ロマンチックな話ね,,pendente,
qev37_060.scr:7,qev37_060.scr,7,62,アンジュ,personagem,7,74,,CRLF x1,でも、レディアントは１６種類存在する。\nそれのそれぞれ２体ずつ戦うのかぁ…,,pendente,
qev37_060.scr:8,qev37_060.scr,8,62,アンジュ,personagem,8,82,,CRLF x2,１体でも強敵だから、そうね…。\nこの件に人を使うのは、\nリーダーとしてはあんまり…,,pendente,
qev37_060.scr:9,qev37_060.scr,9,66,ジュディス,personagem,9,46,,CRLF x1,向こうは２体よ。\n一人は好きに同行させてあげて,,pendente,
qev37_060.scr:10,qev37_060.scr,10,62,アンジュ,personagem,10,78,,CRLF x2,そうね。\nじゃあ、次にレディアントに会いに行く時は\n同行者一人は許可してあげる,,pendente,
qev37_060.scr:11,qev37_060.scr,11,66,ジュディス,personagem,11,66,,CRLF x2,それじゃ、○○。\nまたレディアントが現れたら\nアンジュに知らせるわ,,pendente,
qev37_060.scr:12,qev37_060.scr,12,66,ジュディス,personagem,12,34,,,以降は、アンジュから依頼を受けてね,,pendente,
qev37_060.scr:13,qev37_060.scr,13,66,ジュディス,personagem,13,82,,CRLF x2,あとは、○○次第。\nレディアントに会いに行くかどうかは\nあなたの好きにしたらいいわ,,pendente,
qev37_060.scr:14,qev37_060.scr,14,66,ジュディス,personagem,14,48,,CRLF x1,今回の体験、なかなか楽しかったわ。\nそれじゃ、ね,,pendente,
qev37_070.scr:0,qev37_070.scr,0,66,ジュディス,personagem,1,40,,CRLF x1,いたわね…。\n輝ける光器、レディアント…,,pendente,
qev37_070.scr:1,qev37_070.scr,1,66,ジュディス,personagem,2,32,,CRLF x1,どう？\nもちろん挑むんでしょう？,,pendente,
qev37_070.scr:2,qev37_070.scr,2,66,ジュディス,personagem,3,22,,,それじゃ、行きましょう,,pendente,
qev37_080.scr:0,qev37_080.scr,0,66,ジュディス,personagem,1,62,,CRLF x2,良かったわね。\nちゃんと、あなたを\n待っててくれていたじゃない,,pendente,
qev37_080.scr:1,qev37_080.scr,1,66,ジュディス,personagem,2,22,,,それじゃ、行きましょう,,pendente,
qev38_010.scr:0,qev38_010.scr,0,62,アンジュ,personagem,0,36,,CRLF x1,さて、と。\nこれはあなたの為の仕事ね,,pendente,
qev38_010.scr:1,qev38_010.scr,1,62,アンジュ,personagem,1,68,,CRLF x1,ジュディスから、＜目的地＞に\nレディアントが現れたと教えてもらったの,,pendente,
qev38_010.scr:2,qev38_010.scr,2,62,アンジュ,personagem,2,76,,CRLF x1,ジュディスから、『霊峰アブソール』に\nレディアントが現れたと教えてもらったの,,pendente,
qev38_010.scr:3,qev38_010.scr,3,62,アンジュ,personagem,3,74,,CRLF x1,ジュディスから、『ルバーブ連山』に\nレディアントが現れたと教えてもらったの,,pendente,
qev38_010.scr:4,qev38_010.scr,4,62,アンジュ,personagem,4,76,,CRLF x1,ジュディスから、『オルタータ火山』に\nレディアントが現れたと教えてもらったの,,pendente,
qev38_010.scr:5,qev38_010.scr,5,62,アンジュ,personagem,5,74,,CRLF x1,ジュディスから、『カダイフ砂漠』に\nレディアントが現れたと教えてもらったの,,pendente,
qev38_010.scr:6,qev38_010.scr,6,62,アンジュ,personagem,6,80,,CRLF x1,ジュディスから、『コンフェイト大森林』に\nレディアントが現れたと教えてもらったの,,pendente,
qev38_010.scr:7,qev38_010.scr,7,62,アンジュ,personagem,7,76,,CRLF x1,ジュディスから、『ブラウニー坑道』に\nレディアントが現れたと教えてもらったの,,pendente,
qev38_010.scr:8,qev38_010.scr,8,62,アンジュ,personagem,8,76,,CRLF x1,ジュディスから、『ブラウニー坑道』に\nレディアントが現れたと教えてもらったの,,pendente,
qev38_010.scr:9,qev38_010.scr,9,62,アンジュ,personagem,9,76,,CRLF x1,ジュディスから、『オルタータ火山』に\nレディアントが現れたと教えてもらったの,,pendente,
qev38_010.scr:10,qev38_010.scr,10,62,アンジュ,personagem,10,78,,CRLF x1,ジュディスから、『アルマナック遺跡』に\nレディアントが現れたと教えてもらったの,,pendente,
qev38_010.scr:11,qev38_010.scr,11,62,アンジュ,personagem,11,78,,CRLF x1,ジュディスから、『アルマナック遺跡』に\nレディアントが現れたと教えてもらったの,,pendente,
qev38_010.scr:12,qev38_010.scr,12,62,アンジュ,personagem,12,74,,CRLF x1,ジュディスから、『ルバーブ連山』に\nレディアントが現れたと教えてもらったの,,pendente,
qev38_010.scr:13,qev38_010.scr,13,62,アンジュ,personagem,13,76,,CRLF x1,ジュディスから、『霊峰アブソール』に\nレディアントが現れたと教えてもらったの,,pendente,
qev38_010.scr:14,qev38_010.scr,14,62,アンジュ,personagem,14,74,,CRLF x1,ジュディスから、『カダイフ砂漠』に\nレディアントが現れたと教えてもらったの,,pendente,
qev38_010.scr:15,qev38_010.scr,15,62,アンジュ,personagem,15,74,,CRLF x1,ジュディスから、『シフノ湧泉洞』に\nレディアントが現れたと教えてもらったの,,pendente,
qev38_010.scr:16,qev38_010.scr,16,62,アンジュ,personagem,16,76,,CRLF x1,ジュディスから、『ヴェラトローパ』に\nレディアントが現れたと教えてもらったの,,pendente,
qev38_010.scr:17,qev38_010.scr,17,62,アンジュ,personagem,17,80,,CRLF x1,ジュディスから、『コンフェイト大森林』に\nレディアントが現れたと教えてもらったの,,pendente,
qev38_010.scr:18,qev38_010.scr,18,62,アンジュ,personagem,18,94,,CRLF x2,あなたはこれからレディアントに\n挑むわけだけど、前にも言った様に、\n同行者は一人だけ許可します,,pendente,
qev38_010.scr:19,qev38_010.scr,19,62,アンジュ,personagem,19,32,,,それ以上は援助を求めては駄目よ？,,pendente,
qev38_010.scr:20,qev38_010.scr,20,62,アンジュ,personagem,20,52,,CRLF x1,じゃあ、頑張ってレディアントを\n手に入れてきなさい！,,pendente,
qev38_020.scr:0,qev38_020.scr,0,203,(narracao),narracao,2,8,,,（光…）,,pendente,
qev38_020.scr:1,qev38_020.scr,1,203,(narracao),narracao,3,22,,,（光マトイシ　モノ…）,,pendente,
qev38_020.scr:2,qev38_020.scr,2,203,(narracao),narracao,4,36,,,（ワタシ　ハ　光　ヲ　待チイタリ…）,,pendente,
qev38_020.scr:3,qev38_020.scr,3,203,(narracao),narracao,5,78,,CRLF x2,（我ガ主　ディセンダー…。\n　コレヨリ　アナタ　ノ　影　ニ\n　ナリマショウ…）,,pendente,
qev38_030.scr:0,qev38_030.scr,0,62,アンジュ,personagem,0,56,,CRLF x2,お疲れ様。\nレディアントを無事手に入れられて\n良かったね,,pendente,
qev38_030.scr:1,qev38_030.scr,1,62,アンジュ,personagem,1,90,,CRLF x2,でも、あなたもこれで満足せずに、\nレディアントにふさわしい主として\n精進していかなくてはね,,pendente,
qev38_030.scr:2,qev38_030.scr,2,62,アンジュ,personagem,2,56,,CRLF x1,そうそう、レディアントの装備品は\nロックスに預けてあるよ,,pendente,
qev38_030.scr:3,qev38_030.scr,3,62,アンジュ,personagem,3,62,,CRLF x1,これから渡すチケットを持って、\nロックスに交換してもらいなさい,,pendente,
qev39_010.scr:0,qev39_010.scr,0,90,ロックス,personagem,0,34,,CRLF x1,セネル様。\nお手紙が届いております,,pendente,
qev39_010.scr:1,qev39_010.scr,1,90,ロックス,personagem,1,12,,,はい、どうぞ,,pendente,
qev39_010.scr:2,qev39_010.scr,2,43,セネル,personagem,2,10,,,手紙……？,,pendente,
qev39_010.scr:3,qev39_010.scr,3,90,ロックス,personagem,3,40,,CRLF x1,では、確かにお届けしました。\n失礼します,,pendente,
qev39_010.scr:4,qev39_010.scr,4,43,セネル,personagem,4,20,,,俺宛に……誰からだ？,,pendente,
qev39_010.scr:5,qev39_010.scr,5,43,セネル,personagem,5,12,,,なになに……,,pendente,
qev39_010.scr:6,qev39_010.scr,6,203,(narracao),narracao,7,72,,CRLF x2,お久しぶりだパン！\n小生は、謎の人物だパン！\nえっへんパン。参ったパン？,,pendente,
qev39_010.scr:7,qev39_010.scr,7,203,(narracao),narracao,8,46,,CRLF x1,謎が謎を呼び過ぎて、\nあまり知られてないパン！,,pendente,
qev39_010.scr:8,qev39_010.scr,8,203,(narracao),narracao,9,50,,CRLF x1,だから、地位向上して、\n世間様に広めて欲しいパン！,,pendente,
qev39_010.scr:9,qev39_010.scr,9,203,(narracao),narracao,10,28,,,カダイフ砂漠で待ってるパン！,,pendente,
qev39_010.scr:10,qev39_010.scr,10,43,セネル,personagem,12,50,,CRLF x1,何が謎だよ……。\n正体がバレバレにも程があるぞ……,,pendente,
qev39_010.scr:11,qev39_010.scr,11,43,セネル,personagem,13,48,,CRLF x1,しかも、俺を名指しって……、\nどういう事だよ……,,pendente,
qev39_010.scr:12,qev39_010.scr,12,200,(ator 200),desconhecido,14,8,,,…………,,pendente,
qev39_010.scr:13,qev39_010.scr,13,43,セネル,personagem,15,20,,CRLF x1,……どうする？\n○○,,pendente,
qev39_010.scr:14,qev39_010.scr,14,,(mensagem de sistema),sistema,16,100,,CRLF x2,クエスト「登場！ワンダーパン職人」が\nエントリーされました。\nクエストカウンタから受ける事が出来ます,,pendente,
qev39_020.scr:0,qev39_020.scr,0,43,セネル,personagem,0,24,,,レシピの為に、行くのか？,,pendente,
qev39_020.scr:1,qev39_020.scr,1,43,セネル,personagem,1,62,,CRLF x2,全く、○○も\n物好きだな。\n後で後悔しても、俺は知らないからな,,pendente,
qev39_020.scr:2,qev39_020.scr,2,43,セネル,personagem,2,42,,CRLF x1,さて……仕方ない、\nカダイフ砂漠まで行くか,,pendente,
qev39_030.scr:0,qev39_030.scr,0,43,セネル,personagem,0,40,,CRLF x1,○○は、\nあいつの事を知らないんだよな？,,pendente,
qev39_030.scr:1,qev39_030.scr,1,43,セネル,personagem,1,60,,CRLF x1,だったら、覚悟しておいた方がいい。\n依頼文見ればわかるだろ？,,pendente,
qev39_030.scr:2,qev39_030.scr,2,43,セネル,personagem,2,82,,CRLF x1,とにかく、意味がわからない奴だからな……。\nしかも、変なものに化けてるとくれば……,,pendente,
qev39_030.scr:3,qev39_030.scr,3,43,セネル,personagem,3,34,,CRLF x1,はぁ……。\n今から、気が重いな……,,pendente,
qev39_050.scr:0,qev39_050.scr,0,43,セネル,personagem,1,52,,CRLF x1,なあ、○○……。\nやっぱり、放っておいて帰らないか？,,pendente,
qev39_050.scr:1,qev39_050.scr,1,80,ミミー,personagem,3,72,,CRLF x2,そこの男子！\n放っておくとはどういう事だパン！\nそんな事、許さないパン！,,pendente,
qev39_050.scr:2,qev39_050.scr,2,43,セネル,personagem,4,8,,,…………,,pendente,
qev39_050.scr:3,qev39_050.scr,3,43,セネル,personagem,5,74,,CRLF x2,なあ、今から全力で見なかった事にして\nさっさと帰らないか？\n今ならまだ……,,pendente,
qev39_050.scr:4,qev39_050.scr,4,80,ミミー,personagem,6,26,,,えーい、人の話を聞くパン！,,pendente,
qev39_050.scr:5,qev39_050.scr,5,80,ミミー,personagem,8,80,,CRLF x2,小生は、２８代目ワンダーパン職人の、\nミミーだパン！\nえっへんパン、驚いたパン？,,pendente,
qev39_050.scr:6,qev39_050.scr,6,200,(ator 200),desconhecido,9,8,,,…………,,pendente,
qev39_050.scr:7,qev39_050.scr,7,43,セネル,personagem,10,40,,CRLF x1,知ってるし、\n最初からわかってるって……,,pendente,
qev39_050.scr:8,qev39_050.scr,8,80,ミミー,personagem,11,56,,CRLF x1,そういう事言うなパン！\n久しぶりに会ったのに冷たいパン！,,pendente,
qev39_050.scr:9,qev39_050.scr,9,80,ミミー,personagem,12,68,,CRLF x2,初めましてだパン！\nこんな所で、何をやってるのか\n教えてあげるパン！,,pendente,
qev39_050.scr:10,qev39_050.scr,10,80,ミミー,personagem,13,56,,CRLF x1,ワンダーパン職人は常に、\n厳しい修行をしているんだパン！,,pendente,
qev39_050.scr:11,qev39_050.scr,11,80,ミミー,personagem,14,76,,CRLF x2,そして、パンの素晴らしさを\n世に広める為に、こうして\nレシピを配ってるパン！,,pendente,
qev39_050.scr:12,qev39_050.scr,12,43,セネル,personagem,15,36,,CRLF x1,こんな所で\nやらなくてもいいだろ……,,pendente,
qev39_050.scr:13,qev39_050.scr,13,80,ミミー,personagem,16,70,,CRLF x1,という事で、無事ここまで来た君達に、\n特製のレシピを教えてあげるパン！,,pendente,
qev39_050.scr:14,qev39_050.scr,14,80,ミミー,personagem,18,66,,CRLF x2,またどこかで会ったら、\nレシピを教えてあげるパン。\nばいばいパン！,,pendente,
qev39_050.scr:15,qev39_050.scr,15,80,ミミー,personagem,19,48,,CRLF x1,いだいだパン。\nでも、強い子だから負けないパン！,,pendente,
qev39_050.scr:16,qev39_050.scr,16,43,セネル,personagem,20,22,,,全然変わってないな……,,pendente,
qev39_050.scr:17,qev39_050.scr,17,,(mensagem de sistema),sistema,17,28,,,ライスパンのレシピを覚えた！,,pendente,
qev39_060.scr:0,qev39_060.scr,0,43,セネル,personagem,0,58,,CRLF x1,新しいレシピは手に入ったけど、\n疲労感が半端じゃないな……,,pendente,
qev39_060.scr:1,qev39_060.scr,1,43,セネル,personagem,1,40,,CRLF x1,こう、精神的に\nのしかかる様な疲れが……,,pendente,
qev39_060.scr:2,qev39_060.scr,2,200,(ator 200),desconhecido,2,8,,,…………,,pendente,
qev39_060.scr:3,qev39_060.scr,3,43,セネル,personagem,3,32,,,とりあえず、お互いゆっくり休もう,,pendente,
qev39_060.scr:4,qev39_060.scr,4,43,セネル,personagem,4,58,,CRLF x1,悪い夢を見たと、諦めるんだ……。\nうん、そうだ、そうしよう,,pendente,
qev40_010.scr:0,qev40_010.scr,0,90,ロックス,personagem,0,42,,CRLF x1,あのう、セネル様。\nお手紙が届いております,,pendente,
qev40_010.scr:1,qev40_010.scr,1,90,ロックス,personagem,1,12,,,はい、どうぞ,,pendente,
qev40_010.scr:2,qev40_010.scr,2,43,セネル,personagem,2,28,,CRLF x1,また手紙か？\n今度は何だ……,,pendente,
qev40_010.scr:3,qev40_010.scr,3,90,ロックス,personagem,3,40,,CRLF x1,では、確かにお届けしました。\n失礼します,,pendente,
qev40_010.scr:4,qev40_010.scr,4,43,セネル,personagem,4,56,,CRLF x1,何となく予想は付いているけどな……。\nまあ、読んでみるか,,pendente,
qev40_010.scr:5,qev40_010.scr,5,203,(narracao),narracao,6,84,,CRLF x2,この前はお疲れ様だパン！\nまた、ワンダーパン職人の為に、\nお手伝いをお願いするパン！,,pendente,
qev40_010.scr:6,qev40_010.scr,6,203,(narracao),narracao,7,88,,CRLF x2,霊峰アブソールまで来るパン！\n新しいレシピを取りに来て、\n地位向上のお手伝いをするパン！,,pendente,
qev40_010.scr:7,qev40_010.scr,7,43,セネル,personagem,9,82,,CRLF x2,あいつ……また取りに来いって言うのか？\n何でいつもダンジョンでの\n待ち合わせなんだ,,pendente,
qev40_010.scr:8,qev40_010.scr,8,200,(ator 200),desconhecido,10,8,,,…………,,pendente,
qev40_010.scr:9,qev40_010.scr,9,43,セネル,personagem,11,54,,CRLF x1,なあ、○○。\n今度こそ、行かなくてもいいんじゃないか？,,pendente,
qev40_010.scr:10,qev40_010.scr,10,43,セネル,personagem,12,50,,CRLF x1,放っておいた方が、\nお互いの為になる気がするぞ……,,pendente,
qev40_010.scr:11,qev40_010.scr,11,,(mensagem de sistema),sistema,13,92,,CRLF x2,クエスト「流浪のパン職人」が\nエントリーされました。\nクエストカウンタから受ける事が出来ます,,pendente,
qev40_020.scr:0,qev40_020.scr,0,43,セネル,personagem,0,64,,CRLF x2,○○、\nお前、物好きだなぁ……。\nそんなに、レシピが欲しいのか？,,pendente,
qev40_020.scr:1,qev40_020.scr,1,43,セネル,personagem,1,40,,CRLF x1,仕方ないな……。\n早く行って終わらせよう,,pendente,
qev40_030.scr:0,qev40_030.scr,0,43,セネル,personagem,0,50,,CRLF x1,そういえば、○○\nミミーのフルネーム、知ってるか？,,pendente,
qev40_030.scr:1,qev40_030.scr,1,200,(ator 200),desconhecido,1,6,,,……？,,pendente,
qev40_030.scr:2,qev40_030.scr,2,43,セネル,personagem,2,54,,CRLF x1,ミミー・ブレッド……。\nそう、「パンの耳」っていうんだ,,pendente,
qev40_030.scr:3,qev40_030.scr,3,43,セネル,personagem,3,48,,CRLF x1,面白いよな。\nどうも本人は、気にしているらしいが,,pendente,
qev40_050.scr:0,qev40_050.scr,0,43,セネル,personagem,1,34,,,やっぱり今回も、化けてるんだな……,,pendente,
qev40_050.scr:1,qev40_050.scr,1,80,ミミー,personagem,2,60,,CRLF x2,待ってたパン！\nよくぞここまで来たパン！\n褒めてあげるパン！,,pendente,
qev40_050.scr:2,qev40_050.scr,2,43,セネル,personagem,3,32,,,いや、お前が呼び出したんだろ……,,pendente,
qev40_050.scr:3,qev40_050.scr,3,80,ミミー,personagem,4,90,,CRLF x2,レシピはそう簡単に手に入らないから、\nより価値が上がるんだパン！\nこれも一つの修行だパン！,,pendente,
qev40_050.scr:4,qev40_050.scr,4,43,セネル,personagem,5,34,,,誰も修行したいなんて言ってない……,,pendente,
qev40_050.scr:5,qev40_050.scr,5,80,ミミー,personagem,6,78,,CRLF x2,照れなくてもいいパン！\nそれでは、レシピをあげるパン！\nしっかり、頑張るパン！,,pendente,
qev40_050.scr:6,qev40_050.scr,6,80,ミミー,personagem,8,16,,,いだいだパン……,,pendente,
qev40_050.scr:7,qev40_050.scr,7,43,セネル,personagem,9,20,,,毎回転び過ぎだろ……,,pendente,
qev40_050.scr:8,qev40_050.scr,8,,(mensagem de sistema),sistema,7,28,,,カレーパンのレシピを覚えた！,,pendente,
qev40_060.scr:0,qev40_060.scr,0,43,セネル,personagem,0,94,,CRLF x2,今回も無事、レシピを入手出来たな。\n全く、毎回あんな場所で\nあんな格好で待ってるんだもんな……,,pendente,
qev40_060.scr:1,qev40_060.scr,1,43,セネル,personagem,1,34,,,本当に、変わった奴だよな……あいつ,,pendente,
qev41_010.scr:0,qev41_010.scr,0,90,ロックス,personagem,0,38,,CRLF x1,セネル様、お手紙ですよ。\nはい、どうぞ,,pendente,
qev41_010.scr:1,qev41_010.scr,1,43,セネル,personagem,1,26,,CRLF x1,手紙……。\nまたなのか……,,pendente,
qev41_010.scr:2,qev41_010.scr,2,90,ロックス,personagem,2,40,,CRLF x1,では、確かにお届けしました。\n失礼します,,pendente,
qev41_010.scr:3,qev41_010.scr,3,43,セネル,personagem,3,18,,,今度は何なんだ……,,pendente,
qev41_010.scr:4,qev41_010.scr,4,203,(narracao),narracao,5,46,,CRLF x1,まだまだ地位向上の\nお手伝いをお願いするパン！,,pendente,
qev41_010.scr:5,qev41_010.scr,5,203,(narracao),narracao,6,46,,CRLF x1,聖地ラングリースで、\nひっそりと待ってるパン！,,pendente,
qev41_010.scr:6,qev41_010.scr,6,203,(narracao),narracao,7,78,,CRLF x2,必ず来るパン！\n来るまでずっと待ってるパン！\nわかったら、早く来て欲しいパン！,,pendente,
qev41_010.scr:7,qev41_010.scr,7,43,セネル,personagem,9,8,,,…………,,pendente,
qev41_010.scr:8,qev41_010.scr,8,200,(ator 200),desconhecido,10,8,,,…………,,pendente,
qev41_010.scr:9,qev41_010.scr,9,43,セネル,personagem,11,82,,CRLF x2,○○……。\nまさか、今度も行くとか言わないよな？\n冷静になって、よく考えてくれ……,,pendente,
qev41_010.scr:10,qev41_010.scr,10,,(mensagem de sistema),sistema,12,96,,CRLF x2,クエスト「さすらいのパン職人」が\nエントリーされました。\nクエストカウンタから受ける事が出来ます,,pendente,
qev41_020.scr:0,qev41_020.scr,0,43,セネル,personagem,0,70,,CRLF x2,なぁ……。\nまさかとは思うが、あいつに会うの、\n楽しみにしてないよな？,,pendente,
qev41_020.scr:1,qev41_020.scr,1,200,(ator 200),desconhecido,1,8,,,…………,,pendente,
qev41_020.scr:2,qev41_020.scr,2,43,セネル,personagem,2,66,,CRLF x1,レシピを取りに行くのが目的なんだよな？\nいや、いいんだ、悪いな……,,pendente,
qev41_020.scr:3,qev41_020.scr,3,43,セネル,personagem,3,14,,,よし……行こう,,pendente,
qev41_030.scr:0,qev41_030.scr,0,43,セネル,personagem,0,44,,CRLF x1,なあ、ワンダーパン職人って\n言いづらいよな？,,pendente,
qev41_030.scr:1,qev41_030.scr,1,43,セネル,personagem,1,38,,CRLF x1,だから、俺の仲間が\nあだ名を付けたんだ,,pendente,
qev41_030.scr:2,qev41_030.scr,2,43,セネル,personagem,2,64,,CRLF x1,ダパンなんて案もあったけど、\n結局ワンパンって名前に落ち着いてさ,,pendente,
qev41_030.scr:3,qev41_030.scr,3,200,(ator 200),desconhecido,3,8,,,…………,,pendente,
qev41_030.scr:4,qev41_030.scr,4,43,セネル,personagem,4,54,,CRLF x1,でも、そういえば\nちっとも定着しなかったな……ワンパン,,pendente,
qev41_050.scr:0,qev41_050.scr,0,43,セネル,personagem,1,28,,CRLF x1,おい。\nいいから、出てこいよ,,pendente,
qev41_050.scr:1,qev41_050.scr,1,80,ミミー,personagem,2,40,,CRLF x1,あんまりジロジロ見られると、\n照れるパン,,pendente,
qev41_050.scr:2,qev41_050.scr,2,43,セネル,personagem,3,28,,,見るなと言う方が無理だろ……,,pendente,
qev41_050.scr:3,qev41_050.scr,3,80,ミミー,personagem,4,74,,CRLF x2,今まで秘密にしてたけど、\n小生は、ワンダーパン職人流パン術の\n免許皆伝パン,,pendente,
qev41_050.scr:4,qev41_050.scr,4,43,セネル,personagem,5,22,,,前に聞いた事あるぞ……,,pendente,
qev41_050.scr:5,qev41_050.scr,5,80,ミミー,personagem,6,48,,CRLF x1,兄貴には言ってないパン！\nこっちに言ってるパン！,,pendente,
qev41_050.scr:6,qev41_050.scr,6,43,セネル,personagem,7,26,,,また、変な技見せるんだろ？,,pendente,
qev41_050.scr:7,qev41_050.scr,7,80,ミミー,personagem,8,82,,CRLF x2,変とは聞き捨てならないパン！\nうきゃああ、怒ったパン！\n泣いて後悔すればいいパン！,,pendente,
qev41_050.scr:8,qev41_050.scr,8,80,ミミー,personagem,9,104,,CRLF x2,パン沙雨パン沙雨パン沙雨パン沙雨！\nパン沙雨パン沙雨パン沙雨パン沙雨！\nパン沙雨パン沙雨パン沙雨…………,,pendente,
qev41_050.scr:9,qev41_050.scr,9,80,ミミー,personagem,10,66,,CRLF x1,ま、まだまだ本気は出してないパン。\nきょ、今日は勘弁してあげるパン,,pendente,
qev41_050.scr:10,qev41_050.scr,10,80,ミミー,personagem,12,22,,,もっと強くなるパン……,,pendente,
qev41_050.scr:11,qev41_050.scr,11,43,セネル,personagem,13,48,,CRLF x1,一人で暴れて、一人で転んで、\n何なんだ、一体……,,pendente,
qev41_050.scr:12,qev41_050.scr,12,,(mensagem de sistema),sistema,11,32,,,ミックスサンドのレシピを覚えた！,,pendente,
qev41_060.scr:0,qev41_060.scr,0,43,セネル,personagem,0,50,,CRLF x1,今回も疲れたな。\n肉体的にというより、精神的に……,,pendente,
qev41_060.scr:1,qev41_060.scr,1,43,セネル,personagem,1,94,,CRLF x2,いくらレシピの為とはいえ、\n代償が大き過ぎる気がしないか？\nそろそろ、俺も辛くなって来たぞ……,,pendente,
qev42_010.scr:0,qev42_010.scr,0,90,ロックス,personagem,0,22,,,セネル様、お手紙ですよ,,pendente,
qev42_010.scr:1,qev42_010.scr,1,43,セネル,personagem,1,24,,,いや、もう手紙はいい……,,pendente,
qev42_010.scr:2,qev42_010.scr,2,90,ロックス,personagem,2,42,,CRLF x1,そんな、受け取ってもらわなくては\n困ります,,pendente,
qev42_010.scr:3,qev42_010.scr,3,90,ロックス,personagem,3,38,,CRLF x1,はい、どうぞ！\n確かにお届けしましたよ,,pendente,
qev42_010.scr:4,qev42_010.scr,4,90,ロックス,personagem,4,16,,,では、失礼します,,pendente,
qev42_010.scr:5,qev42_010.scr,5,43,セネル,personagem,5,12,,,………………,,pendente,
qev42_010.scr:6,qev42_010.scr,6,43,セネル,personagem,6,68,,CRLF x2,はぁ……。\nもうこの紙から、あいつの声が\n聞こえる様な気がするな……,,pendente,
qev42_010.scr:7,qev42_010.scr,7,203,(narracao),narracao,8,58,,CRLF x1,この前の事は忘れるパン！\nだから、レシピを取りにくるパン！,,pendente,
qev42_010.scr:8,qev42_010.scr,8,203,(narracao),narracao,9,54,,CRLF x1,ヴェラトローパで、\n来るのを耳を長くして待ってるパン！,,pendente,
qev42_010.scr:9,qev42_010.scr,9,203,(narracao),narracao,10,46,,CRLF x1,プププ、パンギャグだパン！\nわかったか、パン！,,pendente,
qev42_010.scr:10,qev42_010.scr,10,203,(narracao),narracao,11,24,,,いいから、早く来るパン！,,pendente,
qev42_010.scr:11,qev42_010.scr,11,43,セネル,personagem,13,102,,CRLF x2,だんだん、目的がわからなくなってきたな……。\nレシピを渡すだけなら、\nいっそここまで持って来てくれ……,,pendente,
qev42_010.scr:12,qev42_010.scr,12,43,セネル,personagem,14,46,,CRLF x1,それで……○○、\nまた会いに行くつもりなのか？,,pendente,
qev42_010.scr:13,qev42_010.scr,13,,(mensagem de sistema),sistema,15,92,,CRLF x2,クエスト「黄昏のパン職人」が\nエントリーされました。\nクエストカウンタから受ける事が出来ます,,pendente,
qev42_020.scr:0,qev42_020.scr,0,43,セネル,personagem,0,64,,CRLF x2,結局、受けるんだな……。\n○○の目的は\nレシピじゃないだろ、もう,,pendente,
qev42_020.scr:1,qev42_020.scr,1,43,セネル,personagem,1,90,,CRLF x2,お前が行くって言うなら、\n付き合うが…………いや、\nここまで来たら、乗りかかった船だな……,,pendente,
qev42_030.scr:0,qev42_030.scr,0,43,セネル,personagem,0,36,,CRLF x1,なあ、○○。\nあいつ、何歳だと思う？,,pendente,
qev42_030.scr:1,qev42_030.scr,1,200,(ator 200),desconhecido,1,8,,,…………,,pendente,
qev42_030.scr:2,qev42_030.scr,2,43,セネル,personagem,2,38,,CRLF x1,あいつ、ああ見えて\n２２歳なんだってさ,,pendente,
qev42_030.scr:3,qev42_030.scr,3,200,(ator 200),desconhecido,3,8,,,……！？,,pendente,
qev42_030.scr:4,qev42_030.scr,4,43,セネル,personagem,4,80,,CRLF x2,驚くよな。\nあの見た目と、あの喋りで、２２だ。\n世の中、不思議な事が多いよな……,,pendente,
qev42_050.scr:0,qev42_050.scr,0,43,セネル,personagem,1,36,,,もう、お約束過ぎて、飽きて来たぞ……,,pendente,
qev42_050.scr:1,qev42_050.scr,1,80,ミミー,personagem,2,86,,CRLF x2,飽きたとか言うなパン！\nでも、小生は優しいから、\n今日は丁寧にレシピを教えてあげるパン,,pendente,
qev42_050.scr:2,qev42_050.scr,2,43,セネル,personagem,3,48,,CRLF x1,ややこしい話はいいから、\nレシピだけくれよ、もう,,pendente,
qev42_050.scr:3,qev42_050.scr,3,80,ミミー,personagem,4,12,,,う、うぅ……,,pendente,
qev42_050.scr:4,qev42_050.scr,4,43,セネル,personagem,5,22,,,泣きそうになるなよ……,,pendente,
qev42_050.scr:5,qev42_050.scr,5,80,ミミー,personagem,6,54,,CRLF x1,きょ、今日のところは、\nレシピを置いていってあげるパン,,pendente,
qev42_050.scr:6,qev42_050.scr,6,80,ミミー,personagem,8,16,,,いだいだパン……,,pendente,
qev42_050.scr:7,qev42_050.scr,7,43,セネル,personagem,9,20,,,これも、お約束か……,,pendente,
qev42_050.scr:8,qev42_050.scr,8,,(mensagem de sistema),sistema,7,36,,,ベーグル・サーモンのレシピを覚えた！,,pendente,
qev42_060.scr:0,qev42_060.scr,0,43,セネル,personagem,0,94,,CRLF x2,ふう……、ようやく戻って来たな。\nしかし、毎回毎回、同じ事を\n繰り返してて、飽きないのか……？,,pendente,
qev42_060.scr:1,qev42_060.scr,1,43,セネル,personagem,1,42,,CRLF x1,ある意味、すごい奴なのかもな、\nあいつ……,,pendente,
qev43_010.scr:0,qev43_010.scr,0,90,ロックス,personagem,0,22,,,セネル様、お手紙ですよ,,pendente,
qev43_010.scr:1,qev43_010.scr,1,43,セネル,personagem,1,64,,CRLF x2,もう、届けなくていい。\n破るなり捨てるなり、\n始末しておいてくれ,,pendente,
qev43_010.scr:2,qev43_010.scr,2,90,ロックス,personagem,2,72,,CRLF x1,こんなに筆マメなお友達のお手紙を、\nないがしろにしてはいけませんってば！,,pendente,
qev43_010.scr:3,qev43_010.scr,3,43,セネル,personagem,3,22,,,勝手に友達扱いするな！,,pendente,
qev43_010.scr:4,qev43_010.scr,4,90,ロックス,personagem,4,44,,CRLF x1,はい、どうぞ！\nお友達は大事にして下さいね！,,pendente,
qev43_010.scr:5,qev43_010.scr,5,90,ロックス,personagem,5,22,,,確かにお届けしましたよ,,pendente,
qev43_010.scr:6,qev43_010.scr,6,90,ロックス,personagem,6,16,,,では、失礼します,,pendente,
qev43_010.scr:7,qev43_010.scr,7,43,セネル,personagem,7,64,,CRLF x2,くっ……。\nこれであいつの手紙に目を通すのも\n最後だからな…！！,,pendente,
qev43_010.scr:8,qev43_010.scr,8,203,(narracao),narracao,9,42,,CRLF x1,ワンダーシェフの真似は、\nもう止めたパン！,,pendente,
qev43_010.scr:9,qev43_010.scr,9,203,(narracao),narracao,10,54,,CRLF x1,小生は小生のやり方で、\nパンの素晴らしさを伝えるパン！,,pendente,
qev43_010.scr:10,qev43_010.scr,10,203,(narracao),narracao,11,58,,CRLF x2,それはズバリ、\n武闘派料理人として、\n名声を轟かせるパン！,,pendente,
qev43_010.scr:11,qev43_010.scr,11,203,(narracao),narracao,12,48,,CRLF x1,その為には、\n腕の立つ冒険家を倒すのが一番パン！,,pendente,
qev43_010.scr:12,qev43_010.scr,12,203,(narracao),narracao,13,26,,,だから、兄貴と決闘だパン！,,pendente,
qev43_010.scr:13,qev43_010.scr,13,203,(narracao),narracao,14,32,,,ルバーブ連山で、待っているパン！,,pendente,
qev43_010.scr:14,qev43_010.scr,14,203,(narracao),narracao,15,44,,CRLF x1,怖いからって、逃げるなパン！\n絶対来るパン！,,pendente,
qev43_010.scr:15,qev43_010.scr,15,43,セネル,personagem,17,30,,,もう、すでに主旨が変わってるぞ,,pendente,
qev43_010.scr:16,qev43_010.scr,16,200,(ator 200),desconhecido,18,8,,,…………,,pendente,
qev43_010.scr:17,qev43_010.scr,17,43,セネル,personagem,19,70,,CRLF x1,何なんだよ、武闘派料理人って……。\nしかも、名指しで、俺と決闘って……,,pendente,
qev43_010.scr:18,qev43_010.scr,18,43,セネル,personagem,20,44,,CRLF x1,全部意味が通じてないぞ。\nどうする……○○？,,pendente,
qev43_010.scr:19,qev43_010.scr,19,,(mensagem de sistema),sistema,21,92,,CRLF x2,クエスト「伝説のパン職人」が\nエントリーされました。\nクエストカウンタから受ける事が出来ます,,pendente,
qev43_020.scr:0,qev43_020.scr,0,43,セネル,personagem,0,24,,,やっぱり、受けるのか……,,pendente,
qev43_020.scr:1,qev43_020.scr,1,43,セネル,personagem,1,34,,CRLF x1,わかった。\n負けたよ、俺も付き合う,,pendente,
qev43_020.scr:2,qev43_020.scr,2,43,セネル,personagem,2,56,,CRLF x1,今度こそ本当に、最後になるといいな。\n色んな意味でさ……,,pendente,
qev43_030.scr:0,qev43_030.scr,0,43,セネル,personagem,0,74,,CRLF x1,そういえば、ミミーの父親だけど……。\n「ブレッド・ブレッド」って名前らしい,,pendente,
qev43_030.scr:1,qev43_030.scr,1,43,セネル,personagem,1,16,,,聞いた事あるか？,,pendente,
qev43_030.scr:2,qev43_030.scr,2,200,(ator 200),desconhecido,2,6,,,……？,,pendente,
qev43_030.scr:3,qev43_030.scr,3,43,セネル,personagem,3,14,,,そうだよな……,,pendente,
qev43_030.scr:4,qev43_030.scr,4,43,セネル,personagem,4,92,,CRLF x2,あいつ、弟と妹もいて、\nコッペとコロネっていうらしい。\n何か、ほんとにパン一家って感じだよな,,pendente,
qev43_030.scr:5,qev43_030.scr,5,200,(ator 200),desconhecido,5,8,,,…………,,pendente,
qev43_030.scr:6,qev43_030.scr,6,43,セネル,personagem,6,90,,CRLF x2,ただ、聞いた話じゃ\n店の経営が傾いてるらしい。\n……これから、あいつもどうするんだろうな？,,pendente,
qev43_030.scr:7,qev43_030.scr,7,43,セネル,personagem,7,58,,CRLF x1,明らかに、決闘なんて\nしている場合じゃないんじゃないか……,,pendente,
qev43_050.scr:0,qev43_050.scr,0,80,ミミー,personagem,1,42,,CRLF x1,うう、ひどいパン……。\nは、話が違うパン！,,pendente,
qev43_050.scr:1,qev43_050.scr,1,43,セネル,personagem,2,44,,CRLF x1,何がだよ。\n決闘だって言ったのは、そっちだろ,,pendente,
qev43_050.scr:2,qev43_050.scr,2,80,ミミー,personagem,3,60,,CRLF x1,女子を相手に、本気なんてずるいパン！\n手加減をするべきパン！,,pendente,
qev43_050.scr:3,qev43_050.scr,3,43,セネル,personagem,4,44,,CRLF x1,戦う以上は、本気に決まってるだろ？\n全く……,,pendente,
qev43_050.scr:4,qev43_050.scr,4,80,ミミー,personagem,5,66,,CRLF x2,く、悔しいパン！\nでも、負けてしまった以上、\nレシピはあげるパン！,,pendente,
qev43_050.scr:5,qev43_050.scr,5,43,セネル,personagem,7,24,,,そこは、律儀なんだな……,,pendente,
qev43_050.scr:6,qev43_050.scr,6,80,ミミー,personagem,8,50,,CRLF x1,けど、今度は必ず勝つパン！\n覚えておくがいいパン！,,pendente,
qev43_050.scr:7,qev43_050.scr,7,80,ミミー,personagem,9,16,,,いだいだパン……,,pendente,
qev43_050.scr:8,qev43_050.scr,8,43,セネル,personagem,10,22,,,今度があるのかよ……？,,pendente,
qev43_050.scr:9,qev43_050.scr,9,,(mensagem de sistema),sistema,6,36,,,マーボーカレーパンのレシピを覚えた！,,pendente,
qev43_060.scr:0,qev43_060.scr,0,43,セネル,personagem,0,78,,CRLF x2,結局、あいつは何だったんだろうな。\nレシピをくれるのはいいけど\n決闘ってさ……,,pendente,
qev43_060.scr:1,qev43_060.scr,1,43,セネル,personagem,1,80,,CRLF x2,最後まで、よくわからない奴だったな。\nまあ、これで、しばらくは\n大人しくなるだろ,,pendente,
qev43_060.scr:2,qev43_060.scr,2,43,セネル,personagem,2,50,,CRLF x1,長々と付き合わせて悪かったな。\nありがとうな、○○,,pendente,
qev43_070.scr:0,qev43_070.scr,0,80,ミミー,personagem,1,14,,,遅かったパン！,,pendente,
qev43_070.scr:1,qev43_070.scr,1,43,セネル,personagem,2,28,,CRLF x1,お？\n今回は化けてないのか？,,pendente,
qev43_070.scr:2,qev43_070.scr,2,80,ミミー,personagem,3,74,,CRLF x1,小生を、化け猫みたいに言うなパン！！\n変身は、もう止めたと書いたはずパン！,,pendente,
qev43_070.scr:3,qev43_070.scr,3,43,セネル,personagem,4,62,,CRLF x2,そうだったか？\nで、今日はどうするんだ？\nレシピをくれるのか？,,pendente,
qev43_070.scr:4,qev43_070.scr,4,80,ミミー,personagem,5,84,,CRLF x2,それも書いてあったはずパン！！\n小生は武闘派料理人として、\n第一歩を踏み出したパン！,,pendente,
qev43_070.scr:5,qev43_070.scr,5,80,ミミー,personagem,6,48,,CRLF x1,その踏み台の為に、兄貴を倒して\n名前を売るパン！,,pendente,
qev43_070.scr:6,qev43_070.scr,6,80,ミミー,personagem,7,70,,CRLF x1,名うてのマリントルーパーを倒した、\n世界最強の武闘派料理人としてパン！,,pendente,
qev43_070.scr:7,qev43_070.scr,7,200,(ator 200),desconhecido,8,8,,,…………,,pendente,
qev43_070.scr:8,qev43_070.scr,8,43,セネル,personagem,9,50,,CRLF x1,そういう事なら話が早いな。\n戦うなら、望むところだ,,pendente,
qev43_070.scr:9,qev43_070.scr,9,43,セネル,personagem,10,44,,CRLF x1,こんな奴に負けたら、\nアドリビトムの恥だしな,,pendente,
qev43_070.scr:10,qev43_070.scr,10,43,セネル,personagem,11,16,,,そうだろ、○○？,,pendente,
qev43_070.scr:11,qev43_070.scr,11,80,ミミー,personagem,12,32,,,さーーー、掛かってくるパン！！！,,pendente,
qev43_080.scr:0,qev43_080.scr,0,80,ミミー,personagem,1,94,,CRLF x2,ぷぷぷ、負けて悔しいかパン！\nだからって、何度来てもムダパン！\n何回やっても、小生が勝つパン！,,pendente,
qev43_080.scr:1,qev43_080.scr,1,80,ミミー,personagem,2,58,,CRLF x1,ワンダーパン職人流パン術を、\n何度でも味合わせてやるパン！,,pendente,
qev44_010.scr:0,qev44_010.scr,0,82,キュッポ,personagem,0,48,,CRLF x1,お願いだキュ！\nポッポを探しに行って欲しいキュ！,,pendente,
qev44_010.scr:1,qev44_010.scr,1,82,キュッポ,personagem,1,80,,CRLF x2,鍛冶屋のオープン準備で\n出かけたまま、まだ帰ってこないんだキュ。\n心配だキュ……,,pendente,
qev44_010.scr:2,qev44_010.scr,2,82,キュッポ,personagem,2,56,,CRLF x1,ポッポがいれば、ここで\n装備の強化が出来る様になるキュ！,,pendente,
qev44_010.scr:3,qev44_010.scr,3,82,キュッポ,personagem,3,60,,CRLF x1,「合成」も「強化」もお手の物だキュ！\nきっとみんな喜ぶキュ！,,pendente,
qev44_010.scr:4,qev44_010.scr,4,82,キュッポ,personagem,4,38,,CRLF x1,お願いだキュ。\n探してきて欲しいキュ！,,pendente,
qev44_010.scr:5,qev44_010.scr,5,,(mensagem de sistema),sistema,5,94,,CRLF x2,クエスト「ポッポを探してくれキュ！」が\nエントリーされました。\nキュッポから受ける事が出来ます,,pendente,
qev44_020.scr:0,qev44_020.scr,0,82,キュッポ,personagem,0,86,,CRLF x2,そう言ってくれると思ったキュ！\nポッポはルバーブ連山で、\n素材を探しているはずだキュ！,,pendente,
qev44_020.scr:1,qev44_020.scr,1,82,キュッポ,personagem,1,60,,CRLF x1,間違いないキュ！\nポッポはキュッポと同じ、モフモフ族だキュ！,,pendente,
qev44_020.scr:2,qev44_020.scr,2,82,キュッポ,personagem,2,50,,CRLF x1,見ればすぐわかるはずキュ！\nよろしく頼むキュ！！！,,pendente,
qev44_050.scr:0,qev44_050.scr,0,84,ポッポ,personagem,1,24,,,キュ〜〜〜〜〜〜〜？？？,,pendente,
qev44_050.scr:1,qev44_050.scr,1,84,ポッポ,personagem,2,74,,CRLF x1,ひょっとして、アドリビトムの人キュ！\nホタテを割るのに夢中になってたキュ！,,pendente,
qev44_050.scr:2,qev44_050.scr,2,84,ポッポ,personagem,3,34,,CRLF x1,いけないキュ！\n危なかったキュ……,,pendente,
qev44_050.scr:3,qev44_050.scr,3,84,ポッポ,personagem,4,46,,CRLF x1,素材はバッチリ手に入れたから、\n船に戻るキュ！,,pendente,
qev44_060.scr:0,qev44_060.scr,0,82,キュッポ,personagem,0,8,,,ポッポ！,,pendente,
qev44_060.scr:1,qev44_060.scr,1,83,ピッポ,personagem,1,8,,,ポッポ！,,pendente,
qev44_060.scr:2,qev44_060.scr,2,84,ポッポ,personagem,2,46,,CRLF x1,ただいまだキュ！\nこの人に助けてもらったキュ！,,pendente,
qev44_060.scr:3,qev44_060.scr,3,82,キュッポ,personagem,3,14,,,お帰りだキュ！,,pendente,
qev44_060.scr:4,qev44_060.scr,4,83,ピッポ,personagem,4,22,,,素材はどうだったキュ！,,pendente,
qev44_060.scr:5,qev44_060.scr,5,84,ポッポ,personagem,5,60,,CRLF x2,バッチリだキュ！\nこれで、武器の強化が\n出来る様になるキュ！,,pendente,
qev44_060.scr:6,qev44_060.scr,6,82,キュッポ,personagem,6,26,,,勝利のダンス、開始だキュ！,,pendente,
qev44_060.scr:7,qev44_060.scr,7,203,(narracao),narracao,8,94,,CRLF x2,キュ〜キュキュ〜キュ〜キュキュッキュ〜♪\nキュキュキュ♪　キュキュキュ♪\nキュキュキュッキュ！,,pendente,
qev45_010.scr:0,qev45_010.scr,0,84,ポッポ,personagem,0,30,,,「黄金の鎚」って知ってるキュ？,,pendente,
qev45_010.scr:1,qev45_010.scr,1,84,ポッポ,personagem,1,54,,CRLF x1,そのアイテムがあれば、\n装備品の強化が出来るんだキュ！,,pendente,
qev45_010.scr:2,qev45_010.scr,2,84,ポッポ,personagem,2,52,,CRLF x1,強化をすれば、今以上に\n皆さんはもっと強くなれるキュ,,pendente,
qev45_010.scr:3,qev45_010.scr,3,84,ポッポ,personagem,3,48,,CRLF x1,間違いないキュ。\n大シャコ貝に入った気でいるキュ,,pendente,
qev45_010.scr:4,qev45_010.scr,4,84,ポッポ,personagem,4,44,,CRLF x1,お願いだキュ！\n探しに行ってきて欲しいキュ！,,pendente,
qev45_010.scr:5,qev45_010.scr,5,,(mensagem de sistema),sistema,5,84,,CRLF x2,クエスト「黄金の槌を探せ！」が\nエントリーされました。\nポッポから受ける事が出来ます,,pendente,
qev45_020.scr:0,qev45_020.scr,0,84,ポッポ,personagem,0,38,,CRLF x1,引き受けてくれるキュ？\n感謝するキュ！,,pendente,
qev45_020.scr:1,qev45_020.scr,1,84,ポッポ,personagem,1,84,,CRLF x2,きっと見つけてくれると信じてるキュ。\nよろしくお願いするキュ！\n気を付けて行くキュ！,,pendente,
qev45_060.scr:0,qev45_060.scr,0,84,ポッポ,personagem,0,62,,CRLF x2,感謝するキュ！\nこれで、さらなる強化が\n出来る様になったキュ！,,pendente,
qev45_060.scr:1,qev45_060.scr,1,84,ポッポ,personagem,1,26,,,勝利のダンス、開始だキュ！,,pendente,
qev45_060.scr:2,qev45_060.scr,2,84,ポッポ,personagem,2,94,,CRLF x2,キュ〜キュキュ〜キュ〜キュキュッキュ〜♪\nキュキュキュ♪　キュキュキュ♪\nキュキュキュッキュ！,,pendente,
qev46_010.scr:0,qev46_010.scr,0,84,ポッポ,personagem,0,42,,CRLF x1,「灼熱のコークス」って\n聞いた事あるキュ？,,pendente,
qev46_010.scr:1,qev46_010.scr,1,84,ポッポ,personagem,1,92,,CRLF x2,前とは違うアイテムだキュ。\nもっと装備を強化したいなら、\nそれを探しに行ってきて欲しいキュ！,,pendente,
qev46_010.scr:2,qev46_010.scr,2,84,ポッポ,personagem,2,78,,CRLF x1,考えただけで、発明家の血が騒ぐキュ！\nそれくらい、役に立つアイテムなんだキュ！,,pendente,
qev46_010.scr:3,qev46_010.scr,3,84,ポッポ,personagem,3,36,,,それじゃ、よろしくお願いするキュ〜！,,pendente,
qev46_010.scr:4,qev46_010.scr,4,,(mensagem de sistema),sistema,4,90,,CRLF x2,クエスト「灼熱のコークスを探せ！」が\nエントリーされました。\nポッポから受ける事が出来ます,,pendente,
qev46_020.scr:0,qev46_020.scr,0,84,ポッポ,personagem,0,34,,CRLF x1,行ってくれるキュ？\n感謝するキュ！,,pendente,
qev46_020.scr:1,qev46_020.scr,1,84,ポッポ,personagem,1,70,,CRLF x1,皆さんの帰りをいつまでも待ってるキュ！\n気を付けて行ってくるキュ〜〜！,,pendente,
qev46_060.scr:0,qev46_060.scr,0,84,ポッポ,personagem,0,58,,CRLF x2,お帰りキュ！\n無事、アイテムを持ってきてくれて\n嬉しいキュ,,pendente,
qev46_060.scr:1,qev46_060.scr,1,84,ポッポ,personagem,1,78,,CRLF x2,またまた、これで強化が出来るんだキュ！\nかっこいいキュ〜！\nキュキュ〜〜〜！！,,pendente,
qev46_060.scr:2,qev46_060.scr,2,84,ポッポ,personagem,2,28,,,勝利のダンス、開始だキュ！！,,pendente,
qev46_060.scr:3,qev46_060.scr,3,84,ポッポ,personagem,3,94,,CRLF x2,キュ〜キュキュ〜キュ〜キュキュッキュ〜♪\nキュキュキュ♪　キュキュキュ♪\nキュキュキュッキュ！,,pendente,
qev47_010.scr:0,qev47_010.scr,0,84,ポッポ,personagem,0,36,,,「疾風のフイゴ」って見た事あるキュ？,,pendente,
qev47_010.scr:1,qev47_010.scr,1,84,ポッポ,personagem,1,50,,CRLF x1,それがあれば、またまた\n装備を強化出来るんだキュ！,,pendente,
qev47_010.scr:2,qev47_010.scr,2,84,ポッポ,personagem,2,76,,CRLF x2,発明家の好奇心を刺激するキュ！\nぜひ、行ってきて欲しいキュ！\nお願いだキュ！,,pendente,
qev47_010.scr:3,qev47_010.scr,3,,(mensagem de sistema),sistema,3,88,,CRLF x2,クエスト「疾風のフイゴを探せ！」が\nエントリーされました。\nポッポから受ける事が出来ます,,pendente,
qev47_020.scr:0,qev47_020.scr,0,84,ポッポ,personagem,0,26,,,いつも協力、感謝するキュ！,,pendente,
qev47_020.scr:1,qev47_020.scr,1,84,ポッポ,personagem,1,72,,CRLF x2,ポッポももっと頑張って\nもっともっと皆さんの装備を\n強くしてみせるキュ！,,pendente,
qev47_020.scr:2,qev47_020.scr,2,84,ポッポ,personagem,2,68,,CRLF x1,だから、頑張って見つけてくるキュ！\n気を付けて行ってきて欲しいキュ！,,pendente,
qev47_060.scr:0,qev47_060.scr,0,84,ポッポ,personagem,0,56,,CRLF x1,キュ〜！　これだキュ〜〜！！\nバッチリだキュ〜〜〜！！！,,pendente,
qev47_060.scr:1,qev47_060.scr,1,84,ポッポ,personagem,1,78,,CRLF x2,これで、もっとすごい強化が\n出来る様になったキュ！\n勝利のダンス、開始だキュ！,,pendente,
qev47_060.scr:2,qev47_060.scr,2,84,ポッポ,personagem,2,94,,CRLF x2,キュ〜キュキュ〜キュ〜キュキュッキュ〜♪\nキュキュキュ♪　キュキュキュ♪\nキュキュキュッキュ！,,pendente,
qev48_010.scr:0,qev48_010.scr,0,84,ポッポ,personagem,0,32,,,「純潔の装束」って知ってるキュ？,,pendente,
qev48_010.scr:1,qev48_010.scr,1,84,ポッポ,personagem,1,60,,CRLF x1,全ての発明家の憧れにして\nマニア垂涎の幻のアイテムなんだキュ,,pendente,
qev48_010.scr:2,qev48_010.scr,2,84,ポッポ,personagem,2,58,,CRLF x1,これで全てのアイテムが揃って\n最後の強化に挑戦出来るキュ！,,pendente,
qev48_010.scr:3,qev48_010.scr,3,84,ポッポ,personagem,3,74,,CRLF x1,幻というくらいだキュ、もしかしたら\n見つけるのはちょっと大変かもだキュ……,,pendente,
qev48_010.scr:4,qev48_010.scr,4,84,ポッポ,personagem,4,70,,CRLF x1,でも、皆さんを信じてるキュ！\n気を付けて、探しに行ってきて欲しいキュ！,,pendente,
qev48_010.scr:5,qev48_010.scr,5,,(mensagem de sistema),sistema,5,86,,CRLF x2,クエスト「純潔の装束を探せ！」が\nエントリーされました。\nポッポから受ける事が出来ます,,pendente,
qev48_020.scr:0,qev48_020.scr,0,84,ポッポ,personagem,0,30,,,そう言ってくれると思ったキュ！,,pendente,
qev48_020.scr:1,qev48_020.scr,1,84,ポッポ,personagem,1,88,,CRLF x2,これで、本当に最後になるキュ！\n気を付けて行ってきて欲しいキュ！\n頑張るんだキュ〜〜！！,,pendente,
qev48_060.scr:0,qev48_060.scr,0,84,ポッポ,personagem,0,8,,,キュ……,,pendente,
qev48_060.scr:1,qev48_060.scr,1,84,ポッポ,personagem,1,22,,,キュキュ〜〜〜〜！！！,,pendente,
qev48_060.scr:2,qev48_060.scr,2,84,ポッポ,personagem,2,58,,CRLF x1,す、すごいキュ〜〜！\nほんとに、感謝の気持ちで一杯だキュ！,,pendente,
qev48_060.scr:3,qev48_060.scr,3,84,ポッポ,personagem,3,96,,CRLF x2,これで、皆さんの装備を\n極限まで鍛える事が出来るキュ。\n強化をしたくなったら、いつでも来るキュ！,,pendente,
qev48_060.scr:4,qev48_060.scr,4,84,ポッポ,personagem,4,26,,,勝利のダンス、開始だキュ！,,pendente,
qev48_060.scr:5,qev48_060.scr,5,84,ポッポ,personagem,5,94,,CRLF x2,キュ〜キュキュ〜キュ〜キュキュッキュ〜♪\nキュキュキュ♪　キュキュキュ♪\nキュキュキュッキュ！,,pendente,
qev49_010.scr:0,qev49_010.scr,0,85,コーダ,personagem,0,34,,,コーダはな、夢を見たんだぞ、しかし,,pendente,
qev49_010.scr:1,qev49_010.scr,1,85,コーダ,personagem,1,68,,CRLF x2,その夢に出て来てくれた奴が\nコーダに幻のレシピを教えて\nくれたんだな,,pendente,
qev49_010.scr:2,qev49_010.scr,2,85,コーダ,personagem,2,62,,CRLF x1,アレがあれば、レシピ通りの\n新しい料理が出来るはずだぞ、しかし,,pendente,
qev49_010.scr:3,qev49_010.scr,3,200,(ator 200),desconhecido,3,6,,,……？,,pendente,
qev49_010.scr:4,qev49_010.scr,4,85,コーダ,personagem,4,90,,CRLF x2,食べてみたいだろ、しかし。\nレシピも欲しいだろ、しかし。\nでも、アレが無いと出来ないんだな,,pendente,
qev49_010.scr:5,qev49_010.scr,5,85,コーダ,personagem,5,54,,CRLF x1,いいから早く、誰かに取りに行って\n欲しいんだな、しかし,,pendente,
qev49_010.scr:6,qev49_010.scr,6,,(mensagem de sistema),sistema,6,84,,CRLF x2,クエスト「コーダのレシピ１」が\nエントリーされました。\nコーダから受ける事が出来ます,,pendente,
qev49_020.scr:0,qev49_020.scr,0,85,コーダ,personagem,1,42,,CRLF x1,やっぱり、\n行ってくれると思ったぞ、しかし,,pendente,
qev49_020.scr:1,qev49_020.scr,1,85,コーダ,personagem,2,66,,CRLF x2,コーダ、お腹すいてるぞ。\nしっかり取って来い。\n待ってるぞ、しかし,,pendente,
qev49_060.scr:0,qev49_060.scr,0,85,コーダ,personagem,0,58,,CRLF x1,やっぱり、あったか、しかし。\nコーダの夢は間違いなかったな,,pendente,
qev49_060.scr:1,qev49_060.scr,1,85,コーダ,personagem,1,64,,CRLF x1,これで新しい料理が出来るぞ、しかし。\n待ちきれないんだな、しかし,,pendente,
qev49_060.scr:2,qev49_060.scr,2,200,(ator 200),desconhecido,2,6,,,……？,,pendente,
qev49_060.scr:3,qev49_060.scr,3,85,コーダ,personagem,3,48,,CRLF x1,何でもいいから\nコーダにメシを作るんだぞ、しかし,,pendente,
qev49_060.scr:4,qev49_060.scr,4,85,コーダ,personagem,4,50,,CRLF x1,このレシピはコーダのおかげで\n手に入ったんだからな,,pendente,
qev49_060.scr:5,qev49_060.scr,5,85,コーダ,personagem,5,32,,,ありがたく思って欲しいぞ、しかし,,pendente,
qev49_060.scr:6,qev49_060.scr,6,,(mensagem de sistema),sistema,6,34,,,パイナップルご飯のレシピを覚えた！,,pendente,
qev50_010.scr:0,qev50_010.scr,0,85,コーダ,personagem,0,52,,CRLF x1,むう〜、あそこにも\nレシピが落ちてるはずだぞ、しかし,,pendente,
qev50_010.scr:1,qev50_010.scr,1,85,コーダ,personagem,1,52,,CRLF x1,熱くてハフハフ、\nおなじみのあの料理なんだな、しかし,,pendente,
qev50_010.scr:2,qev50_010.scr,2,85,コーダ,personagem,2,72,,CRLF x2,前の夢も当たったから\n今回も間違いないはずだぞ。\n早く行ってきて欲しいぞ,,pendente,
qev50_010.scr:3,qev50_010.scr,3,,(mensagem de sistema),sistema,3,84,,CRLF x2,クエスト「コーダのレシピ２」が\nエントリーされました。\nコーダから受ける事が出来ます,,pendente,
qev50_020.scr:0,qev50_020.scr,0,85,コーダ,personagem,1,66,,CRLF x1,気を付けて行くんだぞ、しかし。\n忘れずに、しっかり取ってくるんだな,,pendente,
qev50_020.scr:1,qev50_020.scr,1,85,コーダ,personagem,2,38,,CRLF x1,新しい料理……\n早く食べたいぞ、しかし,,pendente,
qev50_060.scr:0,qev50_060.scr,0,85,コーダ,personagem,0,64,,CRLF x1,またまた、アタリだったな。\nこれで、新しい料理を作れるぞ、しかし,,pendente,
qev50_060.scr:1,qev50_060.scr,1,85,コーダ,personagem,1,34,,,早く食べてみたいんだな、しかし……,,pendente,
qev50_060.scr:2,qev50_060.scr,2,,(mensagem de sistema),sistema,2,32,,,マーボーカレーのレシピを覚えた！,,pendente,
qev51_010.scr:0,qev51_010.scr,0,85,コーダ,personagem,0,46,,CRLF x1,おー、コーダ、\n食べるの好きだからなー、しかし,,pendente,
qev51_010.scr:1,qev51_010.scr,1,85,コーダ,personagem,1,44,,CRLF x1,まだまだ、今のレシピだけじゃ\n満足出来ないぞ,,pendente,
qev51_010.scr:2,qev51_010.scr,2,85,コーダ,personagem,2,68,,CRLF x2,今度のレシピは\n一度食べたらやみ付きになる\nあの料理なんだな、しかし,,pendente,
qev51_010.scr:3,qev51_010.scr,3,85,コーダ,personagem,3,40,,CRLF x1,○○、\n早く見つけてきて欲しいぞ、しかし,,pendente,
qev51_010.scr:4,qev51_010.scr,4,,(mensagem de sistema),sistema,4,84,,CRLF x2,クエスト「コーダのレシピ３」が\nエントリーされました。\nコーダから受ける事が出来ます,,pendente,
qev51_020.scr:0,qev51_020.scr,0,85,コーダ,personagem,1,50,,CRLF x1,今度のレシピも\n美味そうな予感がするんだな、しかし,,pendente,
qev51_020.scr:1,qev51_020.scr,1,85,コーダ,personagem,2,44,,CRLF x1,そういうわけだ。\nコーダはまだまだ食いたいぞ,,pendente,
qev51_020.scr:2,qev51_020.scr,2,85,コーダ,personagem,3,36,,CRLF x1,○○には\n期待しているんだぞ、しかし,,pendente,
qev51_060.scr:0,qev51_060.scr,0,85,コーダ,personagem,0,60,,CRLF x1,おー、やっぱりあったんだな〜。\n早く作って、食べてみたいぞ〜,,pendente,
qev51_060.scr:1,qev51_060.scr,1,85,コーダ,personagem,1,46,,CRLF x1,コーダは猛烈に\n腹が減っているんだぞ、しかし！,,pendente,
qev51_060.scr:2,qev51_060.scr,2,,(mensagem de sistema),sistema,2,30,,,マーボーパイのレシピを覚えた！,,pendente,
qev52_010.scr:0,qev52_010.scr,0,85,コーダ,personagem,0,62,,CRLF x1,うー、お前ら、興味ないのか、しかし？\nきっとスゴい料理だぞー？,,pendente,
qev52_010.scr:1,qev52_010.scr,1,200,(ator 200),desconhecido,1,6,,,……？,,pendente,
qev52_010.scr:2,qev52_010.scr,2,85,コーダ,personagem,2,42,,CRLF x1,コーダ、また夢を見たんだぞ。\n本当なんだぞ,,pendente,
qev52_010.scr:3,qev52_010.scr,3,85,コーダ,personagem,3,82,,CRLF x2,自分の好きな具材を\n色々入れてジュ〜〜ってする\nそんな料理のレシピだったな、しかし,,pendente,
qev52_010.scr:4,qev52_010.scr,4,85,コーダ,personagem,4,50,,CRLF x1,早く取りに行った方が\nいい気がするんだぞ、しかし？,,pendente,
qev52_010.scr:5,qev52_010.scr,5,,(mensagem de sistema),sistema,5,84,,CRLF x2,クエスト「コーダのレシピ４」が\nエントリーされました。\nコーダから受ける事が出来ます,,pendente,
qev52_020.scr:0,qev52_020.scr,0,85,コーダ,personagem,1,62,,CRLF x1,張り切って行ってくるんだぞ。\n楽しみに待っているんだな、しかし,,pendente,
qev52_020.scr:1,qev52_020.scr,1,85,コーダ,personagem,2,46,,CRLF x1,早く食いたいんだな〜。\nつまりメシだぞ、しかし,,pendente,
qev52_060.scr:0,qev52_060.scr,0,85,コーダ,personagem,0,90,,CRLF x2,よしよし、これでまた新しい\n料理が食える様になったぞ、しかし。\nメシか？　メシの時間だな？,,pendente,
qev52_060.scr:1,qev52_060.scr,1,,(mensagem de sistema),sistema,1,28,,,お好み焼きのレシピを覚えた！,,pendente,
qev53_010.scr:0,qev53_010.scr,0,85,コーダ,personagem,0,60,,CRLF x1,うー、美味いものが食べたいぞ、しかし。\n早く取ってきてくれ〜,,pendente,
qev53_010.scr:1,qev53_010.scr,1,85,コーダ,personagem,1,56,,CRLF x1,寒い日に、みんなで食べると\n心まであったまる料理なんだぞ,,pendente,
qev53_010.scr:2,qev53_010.scr,2,85,コーダ,personagem,2,52,,CRLF x1,食べたいだろ、しかし？\n興味が出て来ただろ、しかし？,,pendente,
qev53_010.scr:3,qev53_010.scr,3,85,コーダ,personagem,3,28,,,見つければ、食べ放題だぞー？,,pendente,
qev53_010.scr:4,qev53_010.scr,4,,(mensagem de sistema),sistema,4,84,,CRLF x2,クエスト「コーダのレシピ５」が\nエントリーされました。\nコーダから受ける事が出来ます,,pendente,
qev53_020.scr:0,qev53_020.scr,0,85,コーダ,personagem,1,82,,CRLF x2,この世界にはまだまだ\n美味しい物があるはずだな！\nコーダは食べ足りないぞ、しかし！,,pendente,
qev53_020.scr:1,qev53_020.scr,1,85,コーダ,personagem,2,34,,,期待がふくらむんだな〜、しかし……,,pendente,
qev53_060.scr:0,qev53_060.scr,0,85,コーダ,personagem,0,54,,CRLF x1,おー、待ってたぞ、しかし！\n早くコーダ、食べたいぞー？,,pendente,
qev53_060.scr:1,qev53_060.scr,1,,(mensagem de sistema),sistema,1,24,,,おでんのレシピを覚えた！,,pendente,
qev54_010.scr:0,qev54_010.scr,0,85,コーダ,personagem,0,30,,,うー、早く、取りに行くのだな〜,,pendente,
qev54_010.scr:1,qev54_010.scr,1,85,コーダ,personagem,1,70,,CRLF x1,今度のレシピは、とろ〜りアツアツ、\n女子も大好きなあの料理だぞ、しかし,,pendente,
qev54_010.scr:2,qev54_010.scr,2,85,コーダ,personagem,2,52,,CRLF x1,早く行かないと、\n食い物の恨みは恐ろしいぞ、しかし！,,pendente,
qev54_010.scr:3,qev54_010.scr,3,,(mensagem de sistema),sistema,3,84,,CRLF x2,クエスト「コーダのレシピ６」が\nエントリーされました。\nコーダから受ける事が出来ます,,pendente,
qev54_020.scr:0,qev54_020.scr,0,85,コーダ,personagem,1,40,,CRLF x1,○○も、\n腹を空かしてそうな顔をしてるな,,pendente,
qev54_020.scr:1,qev54_020.scr,1,85,コーダ,personagem,2,70,,CRLF x1,ふふん、コーダも当然空腹なのだぞ？\nだから、早く取ってくるのだ、しかし,,pendente,
qev54_060.scr:0,qev54_060.scr,0,85,コーダ,personagem,0,68,,CRLF x2,これはこれは、素晴らしい料理だな。\nしかし、美味そうだ。\n食うぞ〜！,,pendente,
qev54_060.scr:1,qev54_060.scr,1,,(mensagem de sistema),sistema,1,34,,,チーズフォンデュのレシピを覚えた！,,pendente,
qev55_010.scr:0,qev55_010.scr,0,85,コーダ,personagem,0,26,,,美味い物、もうないのかー？,,pendente,
qev55_010.scr:1,qev55_010.scr,1,85,コーダ,personagem,1,82,,CRLF x2,今度は、小腹が空いた時に\nついつい手を伸ばしてしまうアレの\nレシピなんだぞ、しかし,,pendente,
qev55_010.scr:2,qev55_010.scr,2,85,コーダ,personagem,2,52,,CRLF x1,早く早く、あそこに行って、\n取ってくるんだな、しかし,,pendente,
qev55_010.scr:3,qev55_010.scr,3,,(mensagem de sistema),sistema,3,84,,CRLF x2,クエスト「コーダのレシピ７」が\nエントリーされました。\nコーダから受ける事が出来ます,,pendente,
qev55_020.scr:0,qev55_020.scr,0,85,コーダ,personagem,1,32,,,コーダ、お腹空いたぞー？　しかし,,pendente,
qev55_020.scr:1,qev55_020.scr,1,200,(ator 200),desconhecido,2,8,,,…………,,pendente,
qev55_020.scr:2,qev55_020.scr,2,85,コーダ,personagem,3,74,,CRLF x2,もしかして、信じてないか？\nコーダ、これでも結構\n我慢してるんだぞ、しかし,,pendente,
qev55_020.scr:3,qev55_020.scr,3,85,コーダ,personagem,4,74,,CRLF x2,ほら、どうだ。\nわかったなら、すぐに行ってくるんだな。\n待ってるぞ、しかし,,pendente,
qev55_060.scr:0,qev55_060.scr,0,85,コーダ,personagem,0,62,,CRLF x1,おおー、見つかったなー、しかし。\nぬふぬふ、早く食べたいぞー！,,pendente,
qev55_060.scr:1,qev55_060.scr,1,85,コーダ,personagem,1,30,,CRLF x1,○○、\nよくやったな、しかし！,,pendente,
qev55_060.scr:2,qev55_060.scr,2,,(mensagem de sistema),sistema,2,30,,,紅茶クッキーのレシピを覚えた！,,pendente,
qev56_010.scr:0,qev56_010.scr,0,85,コーダ,personagem,0,66,,CRLF x1,とにかく食べたいぞー、しかし。\nだから、早く取ってきて欲しいんだな,,pendente,
qev56_010.scr:1,qev56_010.scr,1,200,(ator 200),desconhecido,1,8,,,…………,,pendente,
qev56_010.scr:2,qev56_010.scr,2,85,コーダ,personagem,2,104,,CRLF x2,今度の料理は……うむむ、\nちょっと説明が難しいんだぞ、しかし。\nでも、ファンなら当然知ってるアレなんだな,,pendente,
qev56_010.scr:3,qev56_010.scr,3,85,コーダ,personagem,3,30,,CRLF x1,○○、\n今度も頼んだぞ、しかし,,pendente,
qev56_010.scr:4,qev56_010.scr,4,,(mensagem de sistema),sistema,4,84,,CRLF x2,クエスト「コーダのレシピ８」が\nエントリーされました。\nコーダから受ける事が出来ます,,pendente,
qev56_020.scr:0,qev56_020.scr,0,85,コーダ,personagem,1,56,,CRLF x1,しかし、メシの時間はまだか？\nコーダは、我慢の限界だぞー,,pendente,
qev56_020.scr:1,qev56_020.scr,1,85,コーダ,personagem,2,92,,CRLF x2,急いで行ってきて欲しいんだな、しかし。\nコーダ、腹が減り過ぎて目が回ってきたぞ。\nしかし……,,pendente,
qev56_060.scr:0,qev56_060.scr,0,85,コーダ,personagem,0,38,,CRLF x1,おお〜！\nまさしくこの料理だな、しかし,,pendente,
qev56_060.scr:1,qev56_060.scr,1,85,コーダ,personagem,1,84,,CRLF x2,食事は食べられる時に\n食べておくのが大事だぞ〜。\n食う事を怠ってはいかんのだ、しかし,,pendente,
qev56_060.scr:2,qev56_060.scr,2,,(mensagem de sistema),sistema,2,34,,,通称おいしおいしのレシピを覚えた！,,pendente,
qev57_010.scr:0,qev57_010.scr,0,85,コーダ,personagem,0,42,,CRLF x1,んまそうだぞ！\nワクワクするぞー？　しかし,,pendente,
qev57_010.scr:1,qev57_010.scr,1,200,(ator 200),desconhecido,1,6,,,……？,,pendente,
qev57_010.scr:2,qev57_010.scr,2,85,コーダ,personagem,2,60,,CRLF x1,今度のレシピは、誰もが喜ぶ\nアレをふんだんに使った料理だぞ〜,,pendente,
qev57_010.scr:3,qev57_010.scr,3,85,コーダ,personagem,3,60,,CRLF x1,待ちきれないんだな、しかし。\n早く、行ってきて欲しいんだな〜,,pendente,
qev57_010.scr:4,qev57_010.scr,4,,(mensagem de sistema),sistema,4,84,,CRLF x2,クエスト「コーダのレシピ９」が\nエントリーされました。\nコーダから受ける事が出来ます,,pendente,
qev57_020.scr:0,qev57_020.scr,0,85,コーダ,personagem,1,50,,CRLF x1,むふむふ、コーダ、\n食欲わいてきたんだぞー、しかし,,pendente,
qev57_020.scr:1,qev57_020.scr,1,85,コーダ,personagem,2,54,,CRLF x1,ただ待ってるだけというのも\nなかなかに辛い立場なんだな,,pendente,
qev57_020.scr:2,qev57_020.scr,2,85,コーダ,personagem,3,36,,CRLF x1,○○、\n頼りにしているんだぞ、しかし,,pendente,
qev57_060.scr:0,qev57_060.scr,0,85,コーダ,personagem,0,70,,CRLF x1,んまっ！　美味そうだぞ！　しかし！！\n早く食べないと、倒れちゃうんだな,,pendente,
qev57_060.scr:1,qev57_060.scr,1,85,コーダ,personagem,1,32,,,早速作ってみたいんだな、しかし！,,pendente,
qev57_060.scr:2,qev57_060.scr,2,,(mensagem de sistema),sistema,2,32,,,山海珍味スープのレシピを覚えた！,,pendente,
qev58_010.scr:0,qev58_010.scr,0,85,コーダ,personagem,0,56,,CRLF x1,むむーん、コーダ、\nますます腹が減ってきたんだぞ、しかし,,pendente,
qev58_010.scr:1,qev58_010.scr,1,200,(ator 200),desconhecido,1,8,,,…………,,pendente,
qev58_010.scr:2,qev58_010.scr,2,85,コーダ,personagem,2,80,,CRLF x2,今度のレシピは\n体に良くてどこか懐かしい気持ちになる、\nあの料理なんだぞ、しかし,,pendente,
qev58_010.scr:3,qev58_010.scr,3,85,コーダ,personagem,3,48,,CRLF x2,○○も\n食べたいよな？\nコーダと同じ気持ちだな？,,pendente,
qev58_010.scr:4,qev58_010.scr,4,85,コーダ,personagem,4,38,,CRLF x1,よし。\n今回もよろしく頼んだぞ、しかし,,pendente,
qev58_010.scr:5,qev58_010.scr,5,,(mensagem de sistema),sistema,5,86,,CRLF x2,クエスト「コーダのレシピ１０」が\nエントリーされました。\nコーダから受ける事が出来ます,,pendente,
qev58_020.scr:0,qev58_020.scr,0,85,コーダ,personagem,1,62,,CRLF x1,コーダも早く食べたいぞ、しかし。\n食べたい！　食べたい！　のだ,,pendente,
qev58_020.scr:1,qev58_020.scr,1,85,コーダ,personagem,2,94,,CRLF x2,コーダの腹の虫はお喋りなのだ。\n黙らせたかったら、早くレシピを\n取ってきて欲しいんだな、しかし,,pendente,
qev58_060.scr:0,qev58_060.scr,0,85,コーダ,personagem,0,52,,CRLF x1,んー、んまそうだなー、しかし。\nしかし、楽しみだな！,,pendente,
qev58_060.scr:1,qev58_060.scr,1,85,コーダ,personagem,1,30,,CRLF x1,よし、○○。\n一緒に食うぞー！,,pendente,
qev58_060.scr:2,qev58_060.scr,2,,(mensagem de sistema),sistema,2,34,,,薬膳チャンプルーのレシピを覚えた！,,pendente,
qev59_010.scr:0,qev59_010.scr,0,85,コーダ,personagem,0,70,,CRLF x2,コイツは、絶対に、んまい！\nんまいぞ〜！！\n今まで以上に、期待大だな〜,,pendente,
qev59_010.scr:1,qev59_010.scr,1,200,(ator 200),desconhecido,1,6,,,……？,,pendente,
qev59_010.scr:2,qev59_010.scr,2,85,コーダ,personagem,2,34,,CRLF x1,ん？\nどんな料理か知りたいのだな？,,pendente,
qev59_010.scr:3,qev59_010.scr,3,85,コーダ,personagem,3,74,,CRLF x2,ダメだ、今回ばっかりは\nそこまではっきりとは\nわからなかったんだぞ、しかし,,pendente,
qev59_010.scr:4,qev59_010.scr,4,200,(ator 200),desconhecido,4,8,,,…………,,pendente,
qev59_010.scr:5,qev59_010.scr,5,85,コーダ,personagem,5,46,,CRLF x1,ただ、絶対に美味い物だという\n予感がするのだ！,,pendente,
qev59_010.scr:6,qev59_010.scr,6,85,コーダ,personagem,6,38,,,コーダの直感は本当なんだぞ！　しかし！,,pendente,
qev59_010.scr:7,qev59_010.scr,7,,(mensagem de sistema),sistema,7,86,,CRLF x2,クエスト「コーダのレシピ１１」が\nエントリーされました。\nコーダから受ける事が出来ます,,pendente,
qev59_020.scr:0,qev59_020.scr,0,85,コーダ,personagem,1,44,,CRLF x1,ほら、しかし○○！\n早く出掛ける支度をするぞ,,pendente,
qev59_020.scr:1,qev59_020.scr,1,85,コーダ,personagem,2,44,,CRLF x1,コーダの胃袋は\n悲しげに泣き続けているんだな,,pendente,
qev59_020.scr:2,qev59_020.scr,2,85,コーダ,personagem,3,70,,CRLF x1,今度こそ、最高に満足のいく料理と\n巡り会える予感がするんだな……しかし,,pendente,
qev59_060.scr:0,qev59_060.scr,0,85,コーダ,personagem,0,46,,CRLF x1,ついにやったぞ〜！\nメシだぞメシ〜♪　しかし♪,,pendente,
qev59_060.scr:1,qev59_060.scr,1,85,コーダ,personagem,1,72,,CRLF x2,コーダ大満足だぞ！　しかし。\n○○、今まで\n協力してくれて感謝、感謝だな,,pendente,
qev59_060.scr:2,qev59_060.scr,2,85,コーダ,personagem,2,50,,CRLF x1,コーダのレシピ、\nたくさん役に立てるんだぞ、しかし,,pendente,
qev59_060.scr:3,qev59_060.scr,3,,(mensagem de sistema),sistema,3,34,,,まンカんぜんセきのレシピを覚えた！,,pendente,
qev60_060.scr:0,qev60_060.scr,0,12,コングマン,personagem,1,62,,CRLF x2,おい。\nバンなんとかって名前の\n妙ちくりんな船ってぇのはここか,,pendente,
qev60_060.scr:1,qev60_060.scr,1,24,チャット,personagem,2,28,,,み、妙ちくりん！？　失礼な！,,pendente,
qev60_060.scr:2,qev60_060.scr,2,24,チャット,personagem,3,62,,CRLF x1,「バンエルティア号」です。\nこの船はこれでも、れっきとした……,,pendente,
qev60_060.scr:3,qev60_060.scr,3,12,コングマン,personagem,4,24,,,んなこたぁどうでもいい！,,pendente,
qev60_060.scr:4,qev60_060.scr,4,12,コングマン,personagem,5,52,,CRLF x1,とりあえず、俺様は今日から\nこの船に厄介になるからな,,pendente,
qev60_060.scr:5,qev60_060.scr,5,12,コングマン,personagem,6,18,,,ありがたく思えよ！,,pendente,
qev60_060.scr:6,qev60_060.scr,6,24,チャット,personagem,7,34,,CRLF x1,ええっ！？\n何を言ってるんですか？,,pendente,
qev60_060.scr:7,qev60_060.scr,7,6,スタン,personagem,8,46,,CRLF x1,声がすると思ったら……。\nやっぱりコングマンか,,pendente,
qev60_060.scr:8,qev60_060.scr,8,24,チャット,personagem,9,48,,CRLF x1,スタンさん、この大きい人と\n知り合いなんですか？,,pendente,
qev60_060.scr:9,qev60_060.scr,9,12,コングマン,personagem,10,46,,CRLF x1,大きい人じゃねえ！\nマイティ・コングマンだ！！,,pendente,
qev60_060.scr:10,qev60_060.scr,10,12,コングマン,personagem,11,40,,CRLF x1,俺様は決めたのよ。\nスタン……それと○○,,pendente,
qev60_060.scr:11,qev60_060.scr,11,12,コングマン,personagem,12,44,,CRLF x1,おめぇ達を倒すまで\nこの船から離れねえってな,,pendente,
qev60_060.scr:12,qev60_060.scr,12,200,(ator 200),desconhecido,13,8,,,…………,,pendente,
qev60_060.scr:13,qev60_060.scr,13,12,コングマン,personagem,14,54,,CRLF x1,もちろん、居座る以上、\nこの船の仕事は手伝わせてもらう,,pendente,
qev60_060.scr:14,qev60_060.scr,14,12,コングマン,personagem,15,82,,CRLF x2,ただし、俺様のこの鍛え抜かれた筋肉を\nいかんなく発揮出来る仕事に\n限定はされるがな,,pendente,
qev60_060.scr:15,qev60_060.scr,15,12,コングマン,personagem,16,24,,,わっはっはっはっはっは！,,pendente,
qev60_060.scr:16,qev60_060.scr,16,24,チャット,personagem,17,26,,,頭が痛くなってきました……,,pendente,
qev60_060.scr:17,qev60_060.scr,17,6,スタン,personagem,18,54,,CRLF x1,ここに居座るって……。\nいきなりそう言われてもなぁ……,,pendente,
qev60_060.scr:18,qev60_060.scr,18,6,スタン,personagem,19,36,,,どうしても、気持ちは変わらないのか？,,pendente,
qev60_060.scr:19,qev60_060.scr,19,12,コングマン,personagem,20,14,,,あったりめえよ,,pendente,
qev60_060.scr:20,qev60_060.scr,20,12,コングマン,personagem,21,58,,CRLF x1,俺様はチャンピオン。\nこの世界のガキどもの夢そのものなのよ,,pendente,
qev60_060.scr:21,qev60_060.scr,21,12,コングマン,personagem,22,54,,CRLF x1,チャンピオンは常にナンバーワンで\nなくちゃなんねえ……,,pendente,
qev60_060.scr:22,qev60_060.scr,22,12,コングマン,personagem,23,58,,CRLF x1,おめぇ達の勝ち逃げなんざ\n到底認めるわけにゃいかねーんだ！,,pendente,
qev60_060.scr:23,qev60_060.scr,23,6,スタン,personagem,24,24,,,コングマン……わかったよ,,pendente,
qev60_060.scr:24,qev60_060.scr,24,6,スタン,personagem,25,28,,,それじゃ、今日からよろしくな,,pendente,
qev60_060.scr:25,qev60_060.scr,25,12,コングマン,personagem,26,48,,CRLF x1,おう、よろしく頼むぜえ！\nわっはっはっはっは！！,,pendente,
qev60_060.scr:26,qev60_060.scr,26,24,チャット,personagem,27,28,,,えぇ？　認めちゃうんですか？,,pendente,
qev60_060.scr:27,qev60_060.scr,27,24,チャット,personagem,28,26,,,はぁ……何かが不安です……,,pendente,
qev60_060.scr:28,qev60_060.scr,28,,(mensagem de sistema),sistema,29,38,,,コングマンがアドリビトムに加入しました,,pendente,
qev61_060.scr:0,qev61_060.scr,0,6,スタン,personagem,0,28,,,ふ〜、何だか腹減ったなぁ……,,pendente,
qev61_060.scr:1,qev61_060.scr,1,6,スタン,personagem,1,30,,,今日の食事当番は誰だったっけ？,,pendente,
qev61_060.scr:2,qev61_060.scr,2,6,スタン,personagem,2,22,,,何が出るか楽しみだなぁ,,pendente,
qev61_060.scr:3,qev61_060.scr,3,7,ルーティ,personagem,3,24,,,あんたって平和よねぇ……,,pendente,
qev61_060.scr:4,qev61_060.scr,4,13,リリス,personagem,4,44,,CRLF x1,平和……そうですね。\n抜けているというか……,,pendente,
qev61_060.scr:5,qev61_060.scr,5,13,リリス,personagem,5,48,,CRLF x1,何か、決定的に足りないものが\nあるんだと思います,,pendente,
qev61_060.scr:6,qev61_060.scr,6,7,ルーティ,personagem,6,50,,CRLF x1,そうそう、「足りない」！\nも〜その表現ピッタリ……,,pendente,
qev61_060.scr:7,qev61_060.scr,7,7,ルーティ,personagem,7,12,,,って、あら？,,pendente,
qev61_060.scr:8,qev61_060.scr,8,6,スタン,personagem,8,10,,,リリス！？,,pendente,
qev61_060.scr:9,qev61_060.scr,9,13,リリス,personagem,9,64,,CRLF x2,えへ。\n来ちゃいました☆\nしばらくこちらでお世話になろうと思って,,pendente,
qev61_060.scr:10,qev61_060.scr,10,6,スタン,personagem,10,58,,CRLF x1,来ちゃいましたって……。\n何しに来たんだよ、こんなとこまで,,pendente,
qev61_060.scr:11,qev61_060.scr,11,13,リリス,personagem,11,70,,CRLF x2,何しに来た、ですって？\nお兄ちゃんが、\n全然連絡くれないからじゃない！,,pendente,
qev61_060.scr:12,qev61_060.scr,12,13,リリス,personagem,12,86,,CRLF x2,自分の不精を棚に上げて何言ってるの！\nいつも私が、どれだけ\n心配してると思ってるのよっ,,pendente,
qev61_060.scr:13,qev61_060.scr,13,6,スタン,personagem,13,20,,,うう……、すみません,,pendente,
qev61_060.scr:14,qev61_060.scr,14,13,リリス,personagem,14,22,,,と、いうわけなので……,,pendente,
qev61_060.scr:15,qev61_060.scr,15,13,リリス,personagem,15,50,,CRLF x1,今日からお世話になります。\nスタンの妹のリリスです,,pendente,
qev61_060.scr:16,qev61_060.scr,16,13,リリス,personagem,16,68,,CRLF x1,ふつつかものではありますが、\n兄共々、どうぞよろしくお願いしま〜す∀,,pendente,
qev61_060.scr:17,qev61_060.scr,17,,(mensagem de sistema),sistema,17,34,,,リリスがアドリビトムに加入しました,,pendente,
