off,vaddr,seg,secao,bytes,slot,folga,jp,tier,ponteiros,hilo,hilo_interior,inplace_ok,original,codificacao
18378,142637002,0,.text,4,5,1,True,T3,0,0,0,True,ク!P,euc_jp
18524,142637148,0,.text,6,6,0,True,T3,0,0,0,True,ﾔ･ﾆ$! ,shift_jis
25886,142644510,0,.text,3,3,0,True,T3,0,0,0,True,ク$,euc_jp
25890,142644514,0,.text,3,3,0,True,T3,0,0,0,True,く(,euc_jp
26014,142644638,0,.text,3,3,0,True,T3,0,0,0,True,く ,euc_jp
26022,142644646,0,.text,3,3,0,True,T3,0,0,0,True,ク(,euc_jp
26146,142644770,0,.text,3,3,0,True,T3,0,0,0,True,ク$,euc_jp
26150,142644774,0,.text,3,3,0,True,T3,0,0,0,True,く(,euc_jp
41770,142660394,0,.text,3,3,0,True,T3,0,0,0,True,ク(,euc_jp
50674,142669298,0,.text,3,3,0,True,T3,0,0,0,True,ょ(,euc_jp
50842,142669466,0,.text,2,3,1,True,T3,0,0,0,True,ょ,euc_jp
50958,142669582,0,.text,3,3,0,True,T3,0,0,0,True,ョX,euc_jp
50962,142669586,0,.text,3,3,0,True,T3,0,0,0,True,ょT,euc_jp
57210,142675834,0,.text,3,3,0,True,T3,0,0,0,True,くD,euc_jp
208774,142827398,0,.text,2,3,1,True,T3,0,0,0,True,ョ,euc_jp
268302,142886926,0,.text,3,3,0,True,T3,0,0,0,True,网ﾘ,shift_jis
274022,142892646,0,.text,3,3,0,True,T3,0,0,0,True,く(,euc_jp
274474,142893098,0,.text,3,3,0,True,T3,0,0,0,True,ク`,euc_jp
415990,143034614,0,.text,2,3,1,True,T3,0,0,0,True,く,euc_jp
450730,143069354,0,.text,4,4,0,True,T3,0,0,0,True,ょ! ,euc_jp
457902,143076526,0,.text,3,3,0,True,T3,0,0,0,True,つ4,euc_jp
457970,143076594,0,.text,3,3,0,True,T3,0,0,0,True,や0,euc_jp
463486,143082110,0,.text,3,3,0,True,T3,0,0,0,True,で ,euc_jp
468106,143086730,0,.text,3,3,0,True,T3,0,0,0,True,ツ ,euc_jp
469098,143087722,0,.text,3,3,0,True,T3,0,0,0,True,ツ ,euc_jp
491910,143110534,0,.text,2,3,1,True,T3,0,0,0,True,ツ,euc_jp
491922,143110546,0,.text,3,3,0,True,T3,0,0,0,True,つ$,euc_jp
506582,143125206,0,.text,2,3,1,True,T3,0,0,0,True,ク,euc_jp
506838,143125462,0,.text,2,3,1,True,T3,0,0,0,True,ク,euc_jp
507122,143125746,0,.text,2,3,1,True,T3,0,0,0,True,ク,euc_jp
507558,143126182,0,.text,2,3,1,True,T3,0,0,0,True,ク,euc_jp
508110,143126734,0,.text,3,3,0,True,T3,0,0,0,True,つ ,euc_jp
528806,143147430,0,.text,3,3,0,True,T3,0,0,0,True,ツ ,euc_jp
652682,143271306,0,.text,3,3,0,True,T3,0,0,0,True,クP,euc_jp
762522,143381146,0,.text,3,3,0,True,T3,0,0,0,True,くD,euc_jp
762526,143381150,0,.text,3,3,0,True,T3,0,0,0,True,クH,euc_jp
850026,143468650,0,.text,5,5,0,True,T3,0,0,0,True,ク!(@,euc_jp
856966,143475590,0,.text,3,3,0,True,T3,0,0,0,True,つ4,euc_jp
857034,143475658,0,.text,3,3,0,True,T3,0,0,0,True,や0,euc_jp
867782,143486406,0,.text,5,5,0,True,T3,0,0,0,True,ク!(@,euc_jp
868090,143486714,0,.text,5,5,0,True,T3,0,0,0,True,ク!(@,euc_jp
883958,143502582,0,.text,5,5,0,True,T3,0,0,0,True,ク!(@,euc_jp
927910,143546534,0,.text,5,5,0,True,T3,0,0,0,True,ク!(@,euc_jp
939442,143558066,0,.text,2,3,1,True,T3,0,0,0,True,つ,euc_jp
945214,143563838,0,.text,3,3,0,True,T3,0,0,0,True,ょP,euc_jp
945234,143563858,0,.text,3,3,0,True,T3,0,0,0,True,･鋩,shift_jis
945242,143563866,0,.text,3,3,0,True,T3,0,0,0,True,ょ<,euc_jp
981190,143599814,0,.text,3,3,0,True,T3,0,0,0,True,つ(,euc_jp
984418,143603042,0,.text,3,3,0,True,T3,0,0,0,True,つ(,euc_jp
993942,143612566,0,.text,2,3,1,True,T3,0,0,0,True,ツ,euc_jp
1012746,143631370,0,.text,3,3,0,True,T3,0,0,0,True,ツ ,euc_jp
1019510,143638134,0,.text,2,3,1,True,T3,0,0,0,True,ク,euc_jp
1046298,143664922,0,.text,5,5,0,True,T3,0,0,0,True,く! @,euc_jp
1089082,143707706,0,.text,5,5,0,True,T3,0,0,0,True,ク!(@,euc_jp
1125950,143744574,0,.text,3,3,0,True,T3,0,0,0,True,ツ0,euc_jp
1174738,143793362,0,.text,3,3,0,True,T3,0,0,0,True,ょ4,euc_jp
1176454,143795078,0,.text,2,2,0,True,T3,0,0,0,True,く,euc_jp
1184582,143803206,0,.text,3,3,0,True,T3,0,0,0,True,クB,euc_jp
1196458,143815082,0,.text,3,3,0,True,T3,0,0,0,True,い$,euc_jp
1196478,143815102,0,.text,3,3,0,True,T3,0,0,0,True,が(,euc_jp
1205454,143824078,0,.text,3,3,0,True,T3,0,0,0,True,ょ$,euc_jp
1291886,143910510,0,.text,2,3,1,True,T3,0,0,0,True,く,euc_jp
1351510,143970134,0,.text,3,3,0,True,T3,0,0,0,True,クP,euc_jp
1351794,143970418,0,.text,3,3,0,True,T3,0,0,0,True,クP,euc_jp
1363398,143982022,0,.text,3,3,0,True,T3,0,0,0,True,ク(,euc_jp
1369770,143988394,0,.text,3,3,0,True,T3,0,0,0,True,ク(,euc_jp
1383218,144001842,0,.text,2,3,1,True,T3,0,0,0,True,ょ,euc_jp
1393398,144012022,0,.text,3,3,0,True,T3,0,0,0,True,･ｯﾀ,shift_jis
1403302,144021926,0,.text,5,5,0,True,T3,0,0,0,True,く! @,euc_jp
1425394,144044018,0,.text,3,3,0,True,T3,0,0,0,True,a4aff0,hex
1426286,144044910,0,.text,3,3,0,True,T3,0,0,0,True,ク ,euc_jp
1426290,144044914,0,.text,2,3,1,True,T3,0,0,0,True,ク,euc_jp
1455006,144073630,0,.text,3,3,0,True,T3,0,0,0,True,ょ ,euc_jp
1458298,144076922,0,.text,3,3,0,True,T3,0,0,0,True,ク4,euc_jp
1458730,144077354,0,.text,3,3,0,True,T3,0,0,0,True,ョ ,euc_jp
1459422,144078046,0,.text,5,5,0,True,T3,0,0,0,True,･ｯ!ｸ@,shift_jis
1460962,144079586,0,.text,2,3,1,True,T3,0,0,0,True,ク,euc_jp
1470350,144088974,0,.text,4,5,1,True,T3,0,0,0,True,･ｯ!ｰ,shift_jis
1474802,144093426,0,.text,4,4,0,True,T3,0,0,0,True,く! ,euc_jp
1490946,144109570,0,.text,5,5,0,True,T3,0,0,0,True,ク! @,euc_jp
1491154,144109778,0,.text,3,3,0,True,T3,0,0,0,True,ク(,euc_jp
1491178,144109802,0,.text,3,3,0,True,T3,0,0,0,True,ク0,euc_jp
1506994,144125618,0,.text,3,3,0,True,T3,0,0,0,True,ク ,euc_jp
1507014,144125638,0,.text,3,3,0,True,T3,0,0,0,True,ク<,euc_jp
1507030,144125654,0,.text,3,3,0,True,T3,0,0,0,True,くL,euc_jp
1507038,144125662,0,.text,3,3,0,True,T3,0,0,0,True,くT,euc_jp
1507054,144125678,0,.text,3,3,0,True,T3,0,0,0,True,クl,euc_jp
1507102,144125726,0,.text,3,3,0,True,T3,0,0,0,True,･ｯｬ,shift_jis
1507118,144125742,0,.text,3,3,0,True,T3,0,0,0,True,､ｯｼ,shift_jis
1507126,144125750,0,.text,3,3,0,True,T3,0,0,0,True,､ｯﾄ,shift_jis
1507142,144125766,0,.text,3,3,0,True,T3,0,0,0,True,･ｯﾜ,shift_jis
1511142,144129766,0,.text,3,3,0,True,T3,0,0,0,True,く(,euc_jp
1516686,144135310,0,.text,3,3,0,True,T3,0,0,0,True,でD,euc_jp
1542658,144161282,0,.text,3,3,0,True,T3,0,0,0,True,ョ ,euc_jp
1551602,144170226,0,.text,4,4,0,True,T3,0,0,0,True,a5afeaff,hex
1562110,144180734,0,.text,3,3,0,True,T3,0,0,0,True,ョX,euc_jp
1562118,144180742,0,.text,2,2,0,True,T3,0,0,0,True,ょ,euc_jp
1562142,144180766,0,.text,3,3,0,True,T3,0,0,0,True,ョt,euc_jp
1563174,144181798,0,.text,5,5,0,True,T3,0,0,0,True,ク! @,euc_jp
1563382,144182006,0,.text,3,3,0,True,T3,0,0,0,True,ク(,euc_jp
1563406,144182030,0,.text,3,3,0,True,T3,0,0,0,True,ク0,euc_jp
1566302,144184926,0,.text,3,3,0,True,T3,0,0,0,True,ク7,euc_jp
1590474,144209098,0,.text,3,3,0,True,T3,0,0,0,True,･ﾇﾈ,shift_jis
1603458,144222082,0,.text,2,3,1,True,T3,0,0,0,True,ク,euc_jp
1627330,144245954,0,.text,3,3,0,True,T3,0,0,0,True,ク4,euc_jp
1629098,144247722,0,.text,3,3,0,True,T3,0,0,0,True,ク(,euc_jp
1631214,144249838,0,.text,3,3,0,True,T3,0,0,0,True,く@,euc_jp
1631238,144249862,0,.text,3,3,0,True,T3,0,0,0,True,クT,euc_jp
1636778,144255402,0,.text,2,3,1,True,T3,0,0,0,True,く,euc_jp
1636790,144255414,0,.text,3,3,0,True,T3,0,0,0,True,く ,euc_jp
1636806,144255430,0,.text,2,3,1,True,T3,0,0,0,True,く,euc_jp
1638926,144257550,0,.text,2,3,1,True,T3,0,0,0,True,く,euc_jp
1675262,144293886,0,.text,4,5,1,True,T3,0,0,0,True,､ｯ!ｨ,shift_jis
1675274,144293898,0,.text,2,2,0,True,T3,0,0,0,True,ク,euc_jp
1675706,144294330,0,.text,3,3,0,True,T3,0,0,0,True,ク ,euc_jp
1675726,144294350,0,.text,3,3,0,True,T3,0,0,0,True,く<,euc_jp
1675730,144294354,0,.text,3,3,0,True,T3,0,0,0,True,ク@,euc_jp
1679602,144298226,0,.text,3,3,0,True,T3,0,0,0,True,くD,euc_jp
1679930,144298554,0,.text,3,3,0,True,T3,0,0,0,True,く$,euc_jp
1691694,144310318,0,.text,2,3,1,True,T3,0,0,0,True,く,euc_jp
1694994,144313618,0,.text,3,3,0,True,T3,0,0,0,True,･ｯｬ,shift_jis
1704682,144323306,0,.text,3,3,0,True,T3,0,0,0,True,､ｯｰ,shift_jis
1710806,144329430,0,.text,3,3,0,True,T3,0,0,0,True,･ｯｬ,shift_jis
1714934,144333558,0,.text,2,3,1,True,T3,0,0,0,True,ク,euc_jp
1769210,144387834,0,.text,3,3,0,True,T3,0,0,0,True,ク\,euc_jp
1769222,144387846,0,.text,3,3,0,True,T3,0,0,0,True,クL,euc_jp
1769234,144387858,0,.text,3,3,0,True,T3,0,0,0,True,クD,euc_jp
1781430,144400054,0,.text,2,2,0,True,T3,0,0,0,True,ク,euc_jp
1800090,144418714,0,.text,3,3,0,True,T3,0,0,0,True,ク@,euc_jp
1852294,144470918,0,.text,2,3,1,True,T3,0,0,0,True,ク,euc_jp
1852346,144470970,0,.text,3,3,0,True,T3,0,0,0,True,クL,euc_jp
1856326,144474950,0,.text,6,7,1,True,T3,0,0,0,True,a5aff0ffbd27,hex
1867782,144486406,0,.text,4,4,0,True,T3,0,0,0,True,く! ,euc_jp
1871186,144489810,0,.text,3,3,0,True,T3,0,0,0,True,ク@,euc_jp
1887586,144506210,0,.text,3,3,0,True,T3,0,0,0,True,ク$,euc_jp
1887674,144506298,0,.text,3,3,0,True,T3,0,0,0,True,く@,euc_jp
1887682,144506306,0,.text,3,3,0,True,T3,0,0,0,True,くL,euc_jp
1887698,144506322,0,.text,3,3,0,True,T3,0,0,0,True,くd,euc_jp
1887726,144506350,0,.text,3,3,0,True,T3,0,0,0,True,･ｯｨ,shift_jis
1887742,144506366,0,.text,3,3,0,True,T3,0,0,0,True,､ｯﾀ,shift_jis
1900166,144518790,0,.text,3,3,0,True,T3,0,0,0,True,ク@,euc_jp
1900734,144519358,0,.text,4,5,1,True,T3,0,0,0,True,､ｯ!ｨ,shift_jis
1901290,144519914,0,.text,3,3,0,True,T3,0,0,0,True,ク@,euc_jp
1901858,144520482,0,.text,4,5,1,True,T3,0,0,0,True,､ｯ!ｨ,shift_jis
1919522,144538146,0,.text,3,3,0,True,T3,0,0,0,True,く ,euc_jp
1920006,144538630,0,.text,3,3,0,True,T3,0,0,0,True,くX,euc_jp
1920858,144539482,0,.text,3,3,0,True,T3,0,0,0,True,クX,euc_jp
1921346,144539970,0,.text,2,3,1,True,T3,0,0,0,True,ク,euc_jp
1921866,144540490,0,.text,3,3,0,True,T3,0,0,0,True,く@,euc_jp
1924766,144543390,0,.text,2,2,0,True,T3,0,0,0,True,く,euc_jp
2207782,144826406,0,.text,5,5,0,True,T3,0,0,0,True,く! @,euc_jp
2260770,144879394,0,.text,5,5,0,True,T3,0,0,0,True,ク! `,euc_jp
2282830,144901454,0,.text,3,3,0,True,T3,0,0,0,True,く0,euc_jp
2282842,144901466,0,.text,3,3,0,True,T3,0,0,0,True,く@,euc_jp
2282854,144901478,0,.text,3,3,0,True,T3,0,0,0,True,く`,euc_jp
2282910,144901534,0,.text,3,3,0,True,T3,0,0,0,True,くl,euc_jp
2302678,144921302,0,.text,3,3,0,True,T3,0,0,0,True,くL,euc_jp
2302682,144921306,0,.text,3,3,0,True,T3,0,0,0,True,クP,euc_jp
2309550,144928174,0,.text,2,3,1,True,T3,0,0,0,True,ょ,euc_jp
2318626,144937250,0,.text,2,3,1,True,T3,0,0,0,True,デ,euc_jp
2318646,144937270,0,.text,4,4,0,True,T3,0,0,0,True,で2 ,euc_jp
2378310,144996934,0,.text,2,3,1,True,T3,0,0,0,True,デ,euc_jp
2378330,144996954,0,.text,4,4,0,True,T3,0,0,0,True,で2 ,euc_jp
2411310,145029934,0,.text,3,3,0,True,T3,0,0,0,True,ク`,euc_jp
2411358,145029982,0,.text,2,2,0,True,T3,0,0,0,True,く,euc_jp
2411630,145030254,0,.text,3,3,0,True,T3,0,0,0,True,ク`,euc_jp
2411662,145030286,0,.text,2,2,0,True,T3,0,0,0,True,く,euc_jp
2425846,145044470,0,.text,3,3,0,True,T3,0,0,0,True,ょd,euc_jp
2425858,145044482,0,.text,3,3,0,True,T3,0,0,0,True,､鄲,shift_jis
2425886,145044510,0,.text,3,3,0,True,T3,0,0,0,True,､隨,shift_jis
2425894,145044518,0,.text,3,3,0,True,T3,0,0,0,True,･醂,shift_jis
2425970,145044594,0,.text,3,3,0,True,T3,0,0,0,True,･銕,shift_jis
2426238,145044862,0,.text,3,3,0,True,T3,0,0,0,True,"ょ,",euc_jp
2426330,145044954,0,.text,3,3,0,True,T3,0,0,0,True,ょl,euc_jp
2426366,145044990,0,.text,3,3,0,True,T3,0,0,0,True,､隨,shift_jis
2426414,145045038,0,.text,3,3,0,True,T3,0,0,0,True,･酘,shift_jis
2426422,145045046,0,.text,3,3,0,True,T3,0,0,0,True,･鈕,shift_jis
2426426,145045050,0,.text,3,3,0,True,T3,0,0,0,True,､銜,shift_jis
2427226,145045850,0,.text,3,3,0,True,T3,0,0,0,True,"ょ,",euc_jp
2427234,145045858,0,.text,3,3,0,True,T3,0,0,0,True,ョD,euc_jp
2427318,145045942,0,.text,3,3,0,True,T3,0,0,0,True,ょl,euc_jp
2427346,145045970,0,.text,3,3,0,True,T3,0,0,0,True,､隨,shift_jis
2427366,145045990,0,.text,3,3,0,True,T3,0,0,0,True,､銕,shift_jis
2436066,145054690,0,.text,2,3,1,True,T3,0,0,0,True,ク,euc_jp
2437646,145056270,0,.text,5,7,2,True,T3,0,0,0,True,く! @,euc_jp
2460822,145079446,0,.text,3,3,0,True,T3,0,0,0,True,ょH,euc_jp
2461446,145080070,0,.text,3,3,0,True,T3,0,0,0,True,ょp,euc_jp
2473170,145091794,0,.text,3,3,0,True,T3,0,0,0,True,ツp,euc_jp
2473178,145091802,0,.text,3,3,0,True,T3,0,0,0,True,つt,euc_jp
2473322,145091946,0,.text,3,3,0,True,T3,0,0,0,True,ツp,euc_jp
2473330,145091954,0,.text,3,3,0,True,T3,0,0,0,True,つt,euc_jp
2494702,145113326,0,.text,3,3,0,True,T3,0,0,0,True,く0,euc_jp
2556634,145175258,0,.text,5,5,0,True,T3,0,0,0,True,く!鞐,euc_jp
2557342,145175966,0,.text,5,5,0,True,T3,0,0,0,True,く!霎,euc_jp
2563614,145182238,0,.text,3,3,0,True,T3,0,0,0,True,ょt,euc_jp
2590590,145209214,0,.text,5,5,0,True,T3,0,0,0,True,ク! @,euc_jp
2612162,145230786,0,.text,3,3,0,True,T3,0,0,0,True,ク8,euc_jp
2620926,145239550,0,.text,3,3,0,True,T3,0,0,0,True,a4afec,hex
2621786,145240410,0,.text,3,3,0,True,T3,0,0,0,True,･ﾇ､,shift_jis
2621810,145240434,0,.text,3,4,1,True,T3,0,0,0,True,ョB,euc_jp
2621874,145240498,0,.text,3,3,0,True,T3,0,0,0,True,､邵,shift_jis
2637886,145256510,0,.text,5,5,0,True,T3,0,0,0,True,く! @,euc_jp
2650250,145268874,0,.text,5,5,0,True,T3,0,0,0,True,く! @,euc_jp
2656634,145275258,0,.text,2,3,1,True,T3,0,0,0,True,ク,euc_jp
2670554,145289178,0,.text,3,3,0,True,T3,0,0,0,True,クP,euc_jp
2671142,145289766,0,.text,2,3,1,True,T3,0,0,0,True,ク,euc_jp
2677926,145296550,0,.text,3,3,0,True,T3,0,0,0,True,"ギ,",euc_jp
2678966,145297590,0,.text,3,3,0,True,T3,0,0,0,True,`い,euc_jp
2678970,145297594,0,.text,3,3,0,True,T3,0,0,0,True,`え,euc_jp
2678974,145297598,0,.text,3,3,0,True,T3,0,0,0,True,`お,euc_jp
2678978,145297602,0,.text,3,3,0,True,T3,0,0,0,True,`が,euc_jp
2678982,145297606,0,.text,3,3,0,True,T3,0,0,0,True,`ぎ,euc_jp
2680038,145298662,0,.text,3,3,0,True,T3,0,0,0,True,か4,euc_jp
2680042,145298666,0,.text,3,3,0,True,T3,0,0,0,True,せ;,euc_jp
2680098,145298722,0,.text,3,3,0,True,T3,0,0,0,True,かH,euc_jp
2680102,145298726,0,.text,3,3,0,True,T3,0,0,0,True,せM,euc_jp
2681442,145300066,0,.text,2,3,1,True,T3,0,0,0,True,セ,euc_jp
2681970,145300594,0,.text,4,4,0,True,T3,0,0,0,True,･酖9,shift_jis
2684326,145302950,0,.text,4,4,0,True,T3,0,0,0,True,が!0,euc_jp
2684438,145303062,0,.text,2,3,1,True,T3,0,0,0,True,が,euc_jp
2697202,145315826,0,.text,4,4,0,True,T3,0,0,0,True,く! ,euc_jp
2703402,145322026,0,.text,3,3,0,True,T3,0,0,0,True,ク ,euc_jp
2706238,145324862,0,.text,2,3,1,True,T3,0,0,0,True,が,euc_jp
2706254,145324878,0,.text,2,3,1,True,T3,0,0,0,True,が,euc_jp
2723730,145342354,0,.text,3,3,0,True,T3,0,0,0,True,ク$,euc_jp
2723790,145342414,0,.text,2,3,1,True,T3,0,0,0,True,ク,euc_jp
2724014,145342638,0,.text,2,3,1,True,T3,0,0,0,True,ク,euc_jp
2725774,145344398,0,.text,3,3,0,True,T3,0,0,0,True,く$,euc_jp
2725918,145344542,0,.text,3,3,0,True,T3,0,0,0,True,く$,euc_jp
2726346,145344970,0,.text,2,3,1,True,T3,0,0,0,True,が,euc_jp
2726362,145344986,0,.text,2,3,1,True,T3,0,0,0,True,が,euc_jp
2764490,145383114,0,.text,2,3,1,True,T3,0,0,0,True,ク,euc_jp
2765722,145384346,0,.text,3,3,0,True,T3,0,0,0,True,ク$,euc_jp
2765750,145384374,0,.text,2,3,1,True,T3,0,0,0,True,ク,euc_jp
2766270,145384894,0,.text,2,3,1,True,T3,0,0,0,True,が,euc_jp
2766286,145384910,0,.text,2,3,1,True,T3,0,0,0,True,が,euc_jp
2776926,145395550,0,.text,2,3,1,True,T3,0,0,0,True,く,euc_jp
2778534,145397158,0,.text,2,3,1,True,T3,0,0,0,True,が,euc_jp
2778550,145397174,0,.text,2,3,1,True,T3,0,0,0,True,が,euc_jp
2809438,145428062,0,.text,3,3,0,True,T3,0,0,0,True,ョ ,euc_jp
2812146,145430770,0,.text,2,3,1,True,T3,0,0,0,True,く,euc_jp
2814662,145433286,0,.text,3,3,0,True,T3,0,0,0,True,くT,euc_jp
2817894,145436518,0,.text,3,3,0,True,T3,0,0,0,True,ヘ ,euc_jp
2817954,145436578,0,.text,3,3,0,True,T3,0,0,0,True,ヘ ,euc_jp
2817990,145436614,0,.text,3,3,0,True,T3,0,0,0,True,ヘ ,euc_jp
2818042,145436666,0,.text,3,3,0,True,T3,0,0,0,True,ヘ ,euc_jp
2818094,145436718,0,.text,3,3,0,True,T3,0,0,0,True,ヘ ,euc_jp
2825538,145444162,0,.text,5,5,0,True,T3,0,0,0,True,･｣!Hﾙ,shift_jis
2839546,145458170,0,.text,3,3,0,True,T3,0,0,0,True,ク(,euc_jp
2845228,145463852,0,.text,7,9,2,True,T3,0,0,0,True,ﾔ､ｬ%! ﾌ,shift_jis
2883258,145501882,0,.text,3,3,0,True,T3,0,0,0,True,､ｬ､,shift_jis
2891294,145509918,0,.text,3,3,0,True,T3,0,0,0,True,に$,euc_jp
2891334,145509958,0,.text,3,3,0,True,T3,0,0,0,True,ヘ ,euc_jp
2891386,145510010,0,.text,3,3,0,True,T3,0,0,0,True,に$,euc_jp
2891426,145510050,0,.text,3,3,0,True,T3,0,0,0,True,ヘ ,euc_jp
2891478,145510102,0,.text,3,3,0,True,T3,0,0,0,True,に$,euc_jp
2891518,145510142,0,.text,3,3,0,True,T3,0,0,0,True,ヘ ,euc_jp
2891630,145510254,0,.text,2,3,1,True,T3,0,0,0,True,つ,euc_jp
2892074,145510698,0,.text,3,3,0,True,T3,0,0,0,True,つ$,euc_jp
2927958,145546582,0,.text,3,3,0,True,T3,0,0,0,True,クD,euc_jp
2928290,145546914,0,.text,3,3,0,True,T3,0,0,0,True,クD,euc_jp
2928686,145547310,0,.text,3,3,0,True,T3,0,0,0,True,クD,euc_jp
2929018,145547642,0,.text,3,3,0,True,T3,0,0,0,True,クD,euc_jp
2929418,145548042,0,.text,3,3,0,True,T3,0,0,0,True,クD,euc_jp
2929750,145548374,0,.text,3,3,0,True,T3,0,0,0,True,クD,euc_jp
2930082,145548706,0,.text,3,3,0,True,T3,0,0,0,True,クD,euc_jp
2930414,145549038,0,.text,3,3,0,True,T3,0,0,0,True,クD,euc_jp
2930746,145549370,0,.text,3,3,0,True,T3,0,0,0,True,クD,euc_jp
2931078,145549702,0,.text,3,3,0,True,T3,0,0,0,True,クD,euc_jp
2931410,145550034,0,.text,3,3,0,True,T3,0,0,0,True,クD,euc_jp
2931742,145550366,0,.text,3,3,0,True,T3,0,0,0,True,クD,euc_jp
2932074,145550698,0,.text,3,3,0,True,T3,0,0,0,True,クD,euc_jp
2934842,145553466,0,.text,4,4,0,True,T3,0,0,0,True,ク!(,euc_jp
2935890,145554514,0,.text,2,3,1,True,T3,0,0,0,True,く,euc_jp
2937234,145555858,0,.text,3,3,0,True,T3,0,0,0,True,く ,euc_jp
2937250,145555874,0,.text,3,3,0,True,T3,0,0,0,True,クx,euc_jp
2955090,145573714,0,.text,3,3,0,True,T3,0,0,0,True,､ｯｰ,shift_jis
2967494,145586118,0,.text,2,3,1,True,T3,0,0,0,True,く,euc_jp
2968586,145587210,0,.text,3,3,0,True,T3,0,0,0,True,く0,euc_jp
2999374,145617998,0,.text,5,5,0,True,T3,0,0,0,True,･ｯ!(ﾀ,shift_jis
2999470,145618094,0,.text,5,5,0,True,T3,0,0,0,True,･ｯ!(ﾀ,shift_jis
3020842,145639466,0,.text,3,3,0,True,T3,0,0,0,True,"ぃ,",euc_jp
3021614,145640238,0,.text,3,3,0,True,T3,0,0,0,True,く0,euc_jp
3022042,145640666,0,.text,3,3,0,True,T3,0,0,0,True,く0,euc_jp
3023254,145641878,0,.text,3,3,0,True,T3,0,0,0,True,く0,euc_jp
3023694,145642318,0,.text,3,3,0,True,T3,0,0,0,True,く0,euc_jp
3024186,145642810,0,.text,3,3,0,True,T3,0,0,0,True,く0,euc_jp
3024614,145643238,0,.text,3,3,0,True,T3,0,0,0,True,く0,euc_jp
3026186,145644810,0,.text,3,3,0,True,T3,0,0,0,True,く ,euc_jp
3026202,145644826,0,.text,3,3,0,True,T3,0,0,0,True,クx,euc_jp
3034098,145652722,0,.text,2,3,1,True,T3,0,0,0,True,く,euc_jp
3059138,145677762,0,.text,2,3,1,True,T3,0,0,0,True,く,euc_jp
3115898,145734522,0,.text,3,3,0,True,T3,0,0,0,True,ク%,euc_jp
3126214,145744838,0,.text,5,5,0,True,T3,0,0,0,True,･ｯ!(ﾅ,shift_jis
3126278,145744902,0,.text,3,3,0,True,T3,0,0,0,True,"ク,",euc_jp
3127262,145745886,0,.text,5,5,0,True,T3,0,0,0,True,ぃ! @,euc_jp
3128326,145746950,0,.text,3,3,0,True,T3,0,0,0,True,く@,euc_jp
3128646,145747270,0,.text,3,3,0,True,T3,0,0,0,True,く8,euc_jp
3128710,145747334,0,.text,3,3,0,True,T3,0,0,0,True,く$,euc_jp
3129370,145747994,0,.text,2,3,1,True,T3,0,0,0,True,く,euc_jp
3129598,145748222,0,.text,3,3,0,True,T3,0,0,0,True,ク(,euc_jp
3130126,145748750,0,.text,2,3,1,True,T3,0,0,0,True,く,euc_jp
3131022,145749646,0,.text,3,3,0,True,T3,0,0,0,True,クL,euc_jp
3131262,145749886,0,.text,2,3,1,True,T3,0,0,0,True,く,euc_jp
3131354,145749978,0,.text,2,3,1,True,T3,0,0,0,True,く,euc_jp
3131778,145750402,0,.text,3,3,0,True,T3,0,0,0,True,く$,euc_jp
3131858,145750482,0,.text,3,3,0,True,T3,0,0,0,True,くX,euc_jp
3132590,145751214,0,.text,2,3,1,True,T3,0,0,0,True,ク,euc_jp
3132614,145751238,0,.text,3,3,0,True,T3,0,0,0,True,ク(,euc_jp
3133502,145752126,0,.text,2,3,1,True,T3,0,0,0,True,く,euc_jp
3135402,145754026,0,.text,2,3,1,True,T3,0,0,0,True,く,euc_jp
3135606,145754230,0,.text,2,3,1,True,T3,0,0,0,True,く,euc_jp
3136694,145755318,0,.text,4,4,0,True,T3,0,0,0,True,ク! ,euc_jp
3136906,145755530,0,.text,3,3,0,True,T3,0,0,0,True,ク=,euc_jp
3141590,145760214,0,.text,4,4,0,True,T3,0,0,0,True,く! ,euc_jp
3155830,145774454,0,.text,3,3,0,True,T3,0,0,0,True,ク#,euc_jp
3155966,145774590,0,.text,3,3,0,True,T3,0,0,0,True,ク.,euc_jp
3156102,145774726,0,.text,3,3,0,True,T3,0,0,0,True,ク8,euc_jp
3156374,145774998,0,.text,2,3,1,True,T3,0,0,0,True,く,euc_jp
3162278,145780902,0,.text,2,3,1,True,T3,0,0,0,True,ぎ,euc_jp
3162438,145781062,0,.text,5,5,0,True,T3,0,0,0,True,･ｯ!ｰ@,shift_jis
3163014,145781638,0,.text,4,4,0,True,T3,0,0,0,True,･ｯ!ｰ,shift_jis
3170326,145788950,0,.text,5,5,0,True,T3,0,0,0,True,･ｯ!(ﾅ,shift_jis
3203554,145822178,0,.text,3,3,0,True,T3,0,0,0,True,クH,euc_jp
3204822,145823446,0,.text,2,3,1,True,T3,0,0,0,True,く,euc_jp
3205174,145823798,0,.text,3,3,0,True,T3,0,0,0,True,くQ,euc_jp
3207190,145825814,0,.text,3,3,0,True,T3,0,0,0,True,が%,euc_jp
3207386,145826010,0,.text,3,3,0,True,T3,0,0,0,True,が%,euc_jp
3213222,145831846,0,.text,2,3,1,True,T3,0,0,0,True,く,euc_jp
3213226,145831850,0,.text,3,3,0,True,T3,0,0,0,True,くh,euc_jp
3213490,145832114,0,.text,2,3,1,True,T3,0,0,0,True,く,euc_jp
3213698,145832322,0,.text,2,3,1,True,T3,0,0,0,True,く,euc_jp
3213702,145832326,0,.text,3,3,0,True,T3,0,0,0,True,く`,euc_jp
3221810,145840434,0,.text,2,3,1,True,T3,0,0,0,True,く,euc_jp
3223594,145842218,0,.text,3,3,0,True,T3,0,0,0,True,クl,euc_jp
3223686,145842310,0,.text,2,3,1,True,T3,0,0,0,True,く,euc_jp
3223906,145842530,0,.text,2,3,1,True,T3,0,0,0,True,く,euc_jp
3224046,145842670,0,.text,3,3,0,True,T3,0,0,0,True,ク0,euc_jp
3224870,145843494,0,.text,3,3,0,True,T3,0,0,0,True,く<,euc_jp
3227254,145845878,0,.text,2,3,1,True,T3,0,0,0,True,く,euc_jp
3227482,145846106,0,.text,2,3,1,True,T3,0,0,0,True,く,euc_jp
3227674,145846298,0,.text,2,3,1,True,T3,0,0,0,True,く,euc_jp
3228822,145847446,0,.text,6,7,1,True,T3,0,0,0,True,､ｯ(薀$,shift_jis
3230130,145848754,0,.text,6,7,1,True,T3,0,0,0,True,､ｯ(薀$,shift_jis
3237362,145855986,0,.text,3,3,0,True,T3,0,0,0,True,､ｯﾌ,shift_jis
3239374,145857998,0,.text,3,3,0,True,T3,0,0,0,True,､ｯﾈ,shift_jis
3239954,145858578,0,.text,4,5,1,True,T3,0,0,0,True,く!(,euc_jp
3240062,145858686,0,.text,3,3,0,True,T3,0,0,0,True,､ｯﾐ,shift_jis
3240238,145858862,0,.text,3,3,0,True,T3,0,0,0,True,､ｯﾐ,shift_jis
3240678,145859302,0,.text,3,3,0,True,T3,0,0,0,True,fぴ,euc_jp
3240798,145859422,0,.text,3,3,0,True,T3,0,0,0,True,くS,euc_jp
3253718,145872342,0,.text,2,3,1,True,T3,0,0,0,True,く,euc_jp
3253722,145872346,0,.text,3,3,0,True,T3,0,0,0,True,くl,euc_jp
3253950,145872574,0,.text,2,3,1,True,T3,0,0,0,True,く,euc_jp
3256018,145874642,0,.text,3,3,0,True,T3,0,0,0,True,く&,euc_jp
3303832,145922456,0,.rodata,12,15,3,True,T3,0,0,0,True,ＭＳチェック,euc_jp
3303848,145922472,0,.rodata,16,19,3,True,T3,0,0,0,True,本番メインループ,euc_jp
3303868,145922492,0,.rodata,8,11,3,True,T3,0,0,0,True,タイトル,euc_jp
3303880,145922504,0,.rodata,12,15,3,True,T3,0,0,0,True,キャラメイク,euc_jp
3303896,145922520,0,.rodata,14,15,1,True,T3,0,0,0,True,ワールドマップ,euc_jp
3303912,145922536,0,.rodata,10,11,1,True,T3,0,0,0,True,クレジット,euc_jp
3303924,145922548,0,.rodata,12,15,3,True,T3,0,0,0,True,エンディング,euc_jp
3303940,145922564,0,.rodata,14,15,1,True,T3,0,0,0,True,ロードジャンプ,euc_jp
3303956,145922580,0,.rodata,12,15,3,True,T3,0,0,0,True,ニューゲーム,euc_jp
3303972,145922596,0,.rodata,14,15,1,True,T3,0,0,0,True,ゲームスタート,euc_jp
3303988,145922612,0,.rodata,14,15,1,True,T3,0,0,0,True,マップデバッグ,euc_jp
3304004,145922628,0,.rodata,18,19,1,True,T3,0,0,0,True,セーブデータロード,euc_jp
3304024,145922648,0,.rodata,16,19,3,True,T3,0,0,0,True,シナリオスタート,euc_jp
3304044,145922668,0,.rodata,17,19,2,True,T3,0,0,0,True,ネット連携(EXTRA),euc_jp
3304064,145922688,0,.rodata,18,19,1,True,T3,0,0,0,True,グランドフィナーレ,euc_jp
3304084,145922708,0,.rodata,18,19,1,True,T3,0,0,0,True,ゲームインストール,euc_jp
3304104,145922728,0,.rodata,6,7,1,True,T3,0,0,0,True,セーブ,euc_jp
3304112,145922736,0,.rodata,6,9,3,True,T3,0,0,0,True,ロード,euc_jp
3487192,146105816,0,.rodata,26,27,1,True,T2,0,1,0,True,レディアント マイソロジー3,euc_jp
3487928,146106552,0,.rodata,26,27,1,True,T2,0,1,0,True,レディアント マイソロジー3,euc_jp
3487964,146106588,0,.rodata,64,67,3,True,T2,0,1,0,True,テイルズ オブ ザ ワールド レディアント マイソロジー3のデータです,euc_jp
3489816,146108440,0,.rodata,20,23,3,True,T3,0,0,0,True,バトル・アーティスト,euc_jp
3489904,146108528,0,.rodata,12,15,3,True,T3,0,0,0,True,勝利を求めて,euc_jp
3490852,146109476,0,.rodata,10,11,1,True,T3,0,0,0,True,戦いの火蓋,euc_jp
3490944,146109568,0,.rodata,18,19,1,True,T3,0,0,0,True,剣を以って切り拓け,euc_jp
3491136,146109760,0,.rodata,18,19,1,True,T3,0,0,0,True,剣を以って打ち砕け,euc_jp
3491272,146109896,0,.rodata,10,11,1,True,T3,0,0,0,True,猛りの滄我,euc_jp
3492064,146110688,0,.rodata,12,15,3,True,T3,0,0,0,True,火花散らして,euc_jp
3492160,146110784,0,.rodata,18,19,1,True,T3,0,0,0,True,闘志もっと燃やして,euc_jp
3492352,146110976,0,.rodata,16,19,3,True,T3,0,0,0,True,立ちはだかる強敵,euc_jp
3492464,146111088,0,.rodata,16,19,3,True,T3,0,0,0,True,神秘の武具ソーマ,euc_jp
3492560,146111184,0,.rodata,20,23,3,True,T3,0,0,0,True,発動、ソーマリンク!!,euc_jp
3492664,146111288,0,.rodata,16,19,3,True,T3,0,0,0,True,たゆまぬスピリア,euc_jp
3492764,146111388,0,.rodata,18,19,1,True,T3,0,0,0,True,抜刀！研ぎ澄ませ！,euc_jp
3492872,146111496,0,.rodata,8,11,3,True,T3,0,0,0,True,焦燥の剣,euc_jp
3492976,146111600,0,.rodata,18,19,1,True,T3,0,0,0,True,決戦！奮い立たせて,euc_jp
3493928,146112552,0,.rodata,18,19,1,True,T3,0,0,0,True,鳥は鳴き、僕は歌う,euc_jp
3494604,146113228,0,.rodata,14,15,1,True,T3,0,0,0,True,水晶のささやき,euc_jp
3494992,146113616,0,.rodata,16,19,3,True,T3,0,0,0,True,樹々深く草静かに,euc_jp
3495584,146114208,0,.rodata,12,15,3,True,T3,0,0,0,True,果てなき旅路,euc_jp
3496288,146114912,0,.rodata,22,23,1,True,T3,0,0,0,True,待ち合わせは噴水広場で,euc_jp
3496388,146115012,0,.rodata,12,15,3,True,T3,0,0,0,True,ホタテのウタ,euc_jp
3496844,146115468,0,.rodata,28,31,3,True,T3,0,0,0,True,トーストにはたっぷりジャムを,euc_jp
3496944,146115568,0,.rodata,22,23,1,True,T3,0,0,0,True,揺り椅子と猫のいる風景,euc_jp
3498256,146116880,0,.rodata,24,27,3,True,T3,0,0,0,True,イベント汎用曲（予定枠）,euc_jp
3498308,146116932,0,.rodata,6,7,1,True,T3,0,0,0,True,流れ星,euc_jp
3611918,146230542,0,.rodata,10,10,0,True,T3,0,0,0,True,e1303d2cffe2a4e52ff0,hex
3772306,146390930,0,.rodata,6,6,0,True,T3,0,0,0,True,3e3bfea4e63f,hex
3875122,146493746,0,.rodata,12,12,0,True,T3,0,0,0,True,a5e5ffa5205adba3d22e2cef,hex
3876930,146495554,0,.rodata,5,5,0,True,T3,0,0,0,True,爭ﾆ1=,shift_jis
3944098,146562722,0,.rodata,7,7,0,True,T3,0,0,0,True,f4202df0d1a5e2,hex
3981880,146600504,0,.rodata,5,5,0,True,T3,0,0,0,True,c3b2a4b6e6,hex
4238002,146856626,0,.rodata,6,6,0,True,T3,0,0,0,True,5fdba4c44cfb,hex
4269506,146888130,0,.rodata,14,15,1,True,T3,0,0,0,True,a5d4e32f4e4b6c3a4dfff0c4d2e4,hex
4277458,146896082,0,.rodata,8,8,0,True,T3,0,0,0,True,edeffcede0c0a4d4,hex
4313595,146932219,0,.rodata,5,5,0,True,T3,0,0,0,True,207afca4e4,hex
4551644,147170268,0,.rodata,20,23,3,True,T3,0,0,0,True,[00]バンエルティア号,euc_jp
4551668,147170292,0,.rodata,16,19,3,True,T3,0,0,0,True,[01]ルバーブ連山,euc_jp
4551688,147170312,0,.rodata,22,23,1,True,T3,0,0,0,True,[02]コンフェイト大森林,euc_jp
4551712,147170336,0,.rodata,18,19,1,True,T3,0,0,0,True,[03]ブラウニー坑道,euc_jp
4551732,147170356,0,.rodata,18,19,1,True,T3,0,0,0,True,[04]オルタータ火山,euc_jp
4551752,147170376,0,.rodata,16,19,3,True,T3,0,0,0,True,[05]カダイフ砂漠,euc_jp
4551772,147170396,0,.rodata,20,23,3,True,T3,0,0,0,True,[06]アルマナック遺跡,euc_jp
4551796,147170420,0,.rodata,18,19,1,True,T3,0,0,0,True,[07]霊峰アブソ−ル,euc_jp
4551816,147170440,0,.rodata,18,19,1,True,T3,0,0,0,True,[08]ヴェラトローパ,euc_jp
4551836,147170460,0,.rodata,16,19,3,True,T3,0,0,0,True,[09]シフノ湧泉洞,euc_jp
4551856,147170480,0,.rodata,20,23,3,True,T3,0,0,0,True,[10]聖地ラングリース,euc_jp
4551880,147170504,0,.rodata,22,23,1,True,T3,0,0,0,True,[11]エラン・ヴィタール,euc_jp
4551904,147170528,0,.rodata,14,15,1,True,T3,0,0,0,True,[12]追憶の坑道,euc_jp
4552900,147171524,0,.rodata,4,7,3,True,T2,0,1,0,True,開く,euc_jp
4578832,147197456,0,.rodata,6,7,1,True,T3,0,0,0,True,ホール,euc_jp
4578840,147197464,0,.rodata,8,11,3,True,T3,0,0,0,True,ショップ,euc_jp
4579024,147197648,0,.rodata,4,7,3,True,T3,0,0,0,True,船倉,euc_jp
4579128,147197752,0,.rodata,18,19,1,True,T3,0,0,0,True,ルバーブ連山登頂口,euc_jp
4579148,147197772,0,.rodata,18,19,1,True,T3,0,0,0,True,峠方面への分かれ道,euc_jp
4579168,147197792,0,.rodata,10,11,1,True,T3,0,0,0,True,峠への渓谷,euc_jp
4579180,147197804,0,.rodata,12,15,3,True,T3,0,0,0,True,光の幾何学場,euc_jp
4579196,147197820,0,.rodata,10,11,1,True,T3,0,0,0,True,ルバーブ峠,euc_jp
4579208,147197832,0,.rodata,20,23,3,True,T3,0,0,0,True,高原方面への分かれ道,euc_jp
4579232,147197856,0,.rodata,12,15,3,True,T3,0,0,0,True,高原への山道,euc_jp
4579248,147197872,0,.rodata,12,15,3,True,T3,0,0,0,True,ルバーブ高原,euc_jp
4579264,147197888,0,.rodata,12,15,3,True,T3,0,0,0,True,中腹への渓谷,euc_jp
4579288,147197912,0,.rodata,14,15,1,True,T3,0,0,0,True,山頂へ続く山道,euc_jp
4579304,147197928,0,.rodata,14,15,1,True,T3,0,0,0,True,山頂へ続く渓谷,euc_jp
4579320,147197944,0,.rodata,12,15,3,True,T3,0,0,0,True,ルバーブ山頂,euc_jp
4579336,147197960,0,.rodata,16,19,3,True,T3,0,0,0,True,ルバーブ渓谷下流,euc_jp
4579356,147197980,0,.rodata,16,19,3,True,T3,0,0,0,True,秘踏ルート　中腹,euc_jp
4579376,147198000,0,.rodata,18,19,1,True,T3,0,0,0,True,秘踏ルート　８合目,euc_jp
4579444,147198068,0,.rodata,16,19,3,True,T3,0,0,0,True,ヘーゼル村管理地,euc_jp
4579464,147198088,0,.rodata,22,23,1,True,T3,0,0,0,True,ヘーゼル村星晶採掘地跡,euc_jp
4579488,147198112,0,.rodata,8,11,3,True,T3,0,0,0,True,樹海部１,euc_jp
4579500,147198124,0,.rodata,8,11,3,True,T3,0,0,0,True,樹海部２,euc_jp
4579512,147198136,0,.rodata,8,11,3,True,T3,0,0,0,True,樹海部３,euc_jp
4579524,147198148,0,.rodata,12,15,3,True,T3,0,0,0,True,樹海部　脇道,euc_jp
4579592,147198216,0,.rodata,18,19,1,True,T3,0,0,0,True,２層　最深ポイント,euc_jp
4579612,147198236,0,.rodata,16,19,3,True,T3,0,0,0,True,立て坑　３層地点,euc_jp
4579672,147198296,0,.rodata,18,19,1,True,T3,0,0,0,True,４層　最深ポイント,euc_jp
4579704,147198328,0,.rodata,16,19,3,True,T3,0,0,0,True,立て坑　５層地点,euc_jp
4579724,147198348,0,.rodata,16,19,3,True,T3,0,0,0,True,立て坑　６層地点,euc_jp
4579756,147198380,0,.rodata,16,19,3,True,T3,0,0,0,True,立て坑　７層地点,euc_jp
4579804,147198428,0,.rodata,14,15,1,True,T3,0,0,0,True,７層　隠し鉱床,euc_jp
4579820,147198444,0,.rodata,16,19,3,True,T3,0,0,0,True,立て坑　８層地点,euc_jp
4579884,147198508,0,.rodata,16,19,3,True,T3,0,0,0,True,立て坑　９層地点,euc_jp
4579904,147198528,0,.rodata,18,19,1,True,T3,0,0,0,True,立て坑　１０層地点,euc_jp
4579924,147198548,0,.rodata,16,19,3,True,T3,0,0,0,True,立て坑　最深地点,euc_jp
4579944,147198568,0,.rodata,22,23,1,True,T3,0,0,0,True,オルタータ火山　入山口,euc_jp
4580020,147198644,0,.rodata,18,19,1,True,T3,0,0,0,True,上層　最深ポイント,euc_jp
4580040,147198664,0,.rodata,14,15,1,True,T3,0,0,0,True,リングスポット,euc_jp
4580088,147198712,0,.rodata,10,11,1,True,T3,0,0,0,True,ループ回廊,euc_jp
4580148,147198772,0,.rodata,16,19,3,True,T3,0,0,0,True,ループ回廊　深部,euc_jp
4580168,147198792,0,.rodata,10,11,1,True,T3,0,0,0,True,キバの足元,euc_jp
4580180,147198804,0,.rodata,12,15,3,True,T3,0,0,0,True,キバの足元跡,euc_jp
4580196,147198820,0,.rodata,18,19,1,True,T3,0,0,0,True,カダイフ砂漠　入口,euc_jp
4580216,147198840,0,.rodata,16,19,3,True,T3,0,0,0,True,オアシスルート１,euc_jp
4580236,147198860,0,.rodata,16,19,3,True,T3,0,0,0,True,オアシスルート２,euc_jp
4580256,147198880,0,.rodata,16,19,3,True,T3,0,0,0,True,オアシスルート３,euc_jp
4580276,147198900,0,.rodata,8,11,3,True,T3,0,0,0,True,オアシス,euc_jp
4580288,147198912,0,.rodata,14,15,1,True,T3,0,0,0,True,帰らずの荒野１,euc_jp
4580304,147198928,0,.rodata,14,15,1,True,T3,0,0,0,True,帰らずの荒野２,euc_jp
4580320,147198944,0,.rodata,14,15,1,True,T3,0,0,0,True,帰らずの荒野３,euc_jp
4580336,147198960,0,.rodata,14,15,1,True,T3,0,0,0,True,魔の吹き溜まり,euc_jp
4580352,147198976,0,.rodata,8,11,3,True,T3,0,0,0,True,後生の門,euc_jp
4580364,147198988,0,.rodata,14,15,1,True,T3,0,0,0,True,帰らずの荒野４,euc_jp
4580380,147199004,0,.rodata,12,15,3,True,T3,0,0,0,True,赤のオアシス,euc_jp
4580396,147199020,0,.rodata,16,19,3,True,T3,0,0,0,True,ステップエリア１,euc_jp
4580416,147199040,0,.rodata,16,19,3,True,T3,0,0,0,True,ステップエリア２,euc_jp
4580436,147199060,0,.rodata,16,19,3,True,T3,0,0,0,True,ステップエリア３,euc_jp
4580456,147199080,0,.rodata,16,19,3,True,T3,0,0,0,True,ステップエリア４,euc_jp
4580476,147199100,0,.rodata,16,19,3,True,T3,0,0,0,True,ステップエリア５,euc_jp
4580496,147199120,0,.rodata,16,19,3,True,T3,0,0,0,True,ステップエリア６,euc_jp
4580532,147199156,0,.rodata,16,19,3,True,T3,0,0,0,True,ステップエリア７,euc_jp
4580552,147199176,0,.rodata,14,15,1,True,T3,0,0,0,True,邪の吹き溜まり,euc_jp
4580588,147199212,0,.rodata,14,15,1,True,T3,0,0,0,True,希望灯招魂の間,euc_jp
4580616,147199240,0,.rodata,14,15,1,True,T3,0,0,0,True,希望灯受体の間,euc_jp
4580652,147199276,0,.rodata,12,15,3,True,T3,0,0,0,True,あやかしの間,euc_jp
4580668,147199292,0,.rodata,12,15,3,True,T3,0,0,0,True,生命讃歌の間,euc_jp
4580704,147199328,0,.rodata,12,15,3,True,T3,0,0,0,True,赤き眠りの間,euc_jp
4580720,147199344,0,.rodata,16,19,3,True,T3,0,0,0,True,アブソ−ル登山口,euc_jp
4580772,147199396,0,.rodata,16,19,3,True,T3,0,0,0,True,アブソ−ル　山頂,euc_jp
4580792,147199416,0,.rodata,12,15,3,True,T3,0,0,0,True,縦走の別れ道,euc_jp
4580808,147199432,0,.rodata,12,15,3,True,T3,0,0,0,True,山麓　入り口,euc_jp
4580856,147199480,0,.rodata,16,19,3,True,T3,0,0,0,True,アブソ−ル　山間,euc_jp
4580876,147199500,0,.rodata,14,15,1,True,T3,0,0,0,True,アブソ−ル　麓,euc_jp
4580916,147199540,0,.rodata,20,23,3,True,T3,0,0,0,True,アブソール　山岳通路,euc_jp
4581000,147199624,0,.rodata,26,27,1,True,T3,0,0,0,True,バンエルティア号　上陸地点,euc_jp
4581028,147199652,0,.rodata,18,19,1,True,T3,0,0,0,True,エリア・スシュムナ,euc_jp
4581048,147199672,0,.rodata,12,15,3,True,T3,0,0,0,True,エリア・イダ,euc_jp
4581064,147199688,0,.rodata,16,19,3,True,T3,0,0,0,True,クルタユガの壁画,euc_jp
4581084,147199708,0,.rodata,20,23,3,True,T3,0,0,0,True,トレーターユガの壁画,euc_jp
4581108,147199732,0,.rodata,16,19,3,True,T3,0,0,0,True,エリア・ピンガラ,euc_jp
4581128,147199752,0,.rodata,24,27,3,True,T3,0,0,0,True,ドゥヴァーパラユガの壁画,euc_jp
4581156,147199780,0,.rodata,14,15,1,True,T3,0,0,0,True,カリユガの壁画,euc_jp
4581172,147199796,0,.rodata,18,19,1,True,T3,0,0,0,True,エリア・ガンダーリ,euc_jp
4581192,147199816,0,.rodata,16,19,3,True,T3,0,0,0,True,エリア・パールナ,euc_jp
4581212,147199836,0,.rodata,16,19,3,True,T3,0,0,0,True,創世伝えし者の間,euc_jp
4581232,147199856,0,.rodata,16,19,3,True,T3,0,0,0,True,エリア・チトリニ,euc_jp
4581252,147199876,0,.rodata,16,19,3,True,T3,0,0,0,True,エリア・シューラ,euc_jp
4581272,147199896,0,.rodata,16,19,3,True,T3,0,0,0,True,エリア・ヤシャス,euc_jp
4581308,147199932,0,.rodata,14,15,1,True,T3,0,0,0,True,汽水域　交差道,euc_jp
4581324,147199948,0,.rodata,10,11,1,True,T3,0,0,0,True,西の大広間,euc_jp
4581352,147199976,0,.rodata,16,19,3,True,T3,0,0,0,True,汽水域　地下水脈,euc_jp
4581372,147199996,0,.rodata,10,11,1,True,T3,0,0,0,True,東の大広間,euc_jp
4581384,147200008,0,.rodata,16,19,3,True,T3,0,0,0,True,汽水域　交差道２,euc_jp
4581404,147200028,0,.rodata,18,19,1,True,T3,0,0,0,True,ユルングの樹生育地,euc_jp
4581424,147200048,0,.rodata,14,15,1,True,T3,0,0,0,True,中層　スロープ,euc_jp
4581488,147200112,0,.rodata,12,15,3,True,T3,0,0,0,True,シフノ大回廊,euc_jp
4581556,147200180,0,.rodata,18,19,1,True,T3,0,0,0,True,湧水源域　スロープ,euc_jp
4581576,147200200,0,.rodata,12,15,3,True,T3,0,0,0,True,青き眠りの地,euc_jp
4581604,147200228,0,.rodata,14,15,1,True,T3,0,0,0,True,魂抜きの道　１,euc_jp
4581620,147200244,0,.rodata,14,15,1,True,T3,0,0,0,True,魂抜きの道　２,euc_jp
4581636,147200260,0,.rodata,14,15,1,True,T3,0,0,0,True,魂抜きの道　３,euc_jp
4581652,147200276,0,.rodata,14,15,1,True,T3,0,0,0,True,幽魂の溜まり場,euc_jp
4581668,147200292,0,.rodata,20,23,3,True,T3,0,0,0,True,ボルテックス・トップ,euc_jp
4581692,147200316,0,.rodata,14,15,1,True,T3,0,0,0,True,幽世への道　１,euc_jp
4581708,147200332,0,.rodata,14,15,1,True,T3,0,0,0,True,幽世への道　２,euc_jp
4581724,147200348,0,.rodata,14,15,1,True,T3,0,0,0,True,幽世への道　３,euc_jp
4581740,147200364,0,.rodata,14,15,1,True,T3,0,0,0,True,幽世への道　４,euc_jp
4581756,147200380,0,.rodata,14,15,1,True,T3,0,0,0,True,幽世への道　５,euc_jp
4581772,147200396,0,.rodata,20,23,3,True,T3,0,0,0,True,ボルテックス・ボトム,euc_jp
4581796,147200420,0,.rodata,12,15,3,True,T3,0,0,0,True,マレビトの森,euc_jp
4581812,147200436,0,.rodata,12,15,3,True,T3,0,0,0,True,緑の眠りの地,euc_jp
4581828,147200452,0,.rodata,18,19,1,True,T3,0,0,0,True,ワールド・ポータル,euc_jp
4581848,147200472,0,.rodata,20,23,3,True,T3,0,0,0,True,スペクトルΑ−西分岐,euc_jp
4581872,147200496,0,.rodata,20,23,3,True,T3,0,0,0,True,スペクトルΑ−西の虚,euc_jp
4581896,147200520,0,.rodata,20,23,3,True,T3,0,0,0,True,スペクトルΑ−東分岐,euc_jp
4581920,147200544,0,.rodata,20,23,3,True,T3,0,0,0,True,スペクトルΑ−東の虚,euc_jp
4581944,147200568,0,.rodata,28,31,3,True,T3,0,0,0,True,スペクトルΑΒ−中央ポータル,euc_jp
4581976,147200600,0,.rodata,26,27,1,True,T3,0,0,0,True,スペクトルΑΒ−西ポータル,euc_jp
4582004,147200628,0,.rodata,20,23,3,True,T3,0,0,0,True,スペクトルΒ−西通路,euc_jp
4582028,147200652,0,.rodata,22,23,1,True,T3,0,0,0,True,スペクトルΒ−特異点西,euc_jp
4582052,147200676,0,.rodata,20,23,3,True,T3,0,0,0,True,スペクトルΒ−西分岐,euc_jp
4582076,147200700,0,.rodata,26,27,1,True,T3,0,0,0,True,スペクトルΑΒ−東ポータル,euc_jp
4582104,147200728,0,.rodata,20,23,3,True,T3,0,0,0,True,スペクトルΒ−東通路,euc_jp
4582128,147200752,0,.rodata,22,23,1,True,T3,0,0,0,True,スペクトルΒ−特異点東,euc_jp
4582152,147200776,0,.rodata,20,23,3,True,T3,0,0,0,True,スペクトルΒ−東分岐,euc_jp
4582176,147200800,0,.rodata,20,23,3,True,T3,0,0,0,True,スペクトルΒ−ヌル１,euc_jp
4582200,147200824,0,.rodata,20,23,3,True,T3,0,0,0,True,スペクトルΒ−ヌル３,euc_jp
4582224,147200848,0,.rodata,20,23,3,True,T3,0,0,0,True,スペクトルΒ−ヌル２,euc_jp
4582248,147200872,0,.rodata,20,23,3,True,T3,0,0,0,True,スペクトルΒ−ヌル４,euc_jp
4582272,147200896,0,.rodata,26,27,1,True,T3,0,0,0,True,スペクトルΒΓ−西ポータル,euc_jp
4582300,147200924,0,.rodata,22,23,1,True,T3,0,0,0,True,スペクトルΓ−特異点西,euc_jp
4582324,147200948,0,.rodata,26,27,1,True,T3,0,0,0,True,スペクトルΒΓ−東ポータル,euc_jp
4582352,147200976,0,.rodata,22,23,1,True,T3,0,0,0,True,スペクトルΓ−特異点東,euc_jp
4582376,147201000,0,.rodata,18,19,1,True,T3,0,0,0,True,スペクトルΒ−中央,euc_jp
4582396,147201020,0,.rodata,24,27,3,True,T3,0,0,0,True,スペクトルΓΔ−ポータル,euc_jp
4582424,147201048,0,.rodata,20,23,3,True,T3,0,0,0,True,スペクトルΔ−西の虚,euc_jp
4582448,147201072,0,.rodata,26,27,1,True,T3,0,0,0,True,スペクトルΔ−次元上昇の道,euc_jp
4582476,147201100,0,.rodata,22,23,1,True,T3,0,0,0,True,スペクトルΩ−生命の場,euc_jp
4582500,147201124,0,.rodata,16,19,3,True,T3,0,0,0,True,追憶の坑道　入口,euc_jp
4583368,147201992,0,.rodata,12,15,3,True,T3,0,0,0,True,記憶流れる道,euc_jp
4583384,147202008,0,.rodata,18,19,1,True,T3,0,0,0,True,エンドレス・ボイド,euc_jp
4583404,147202028,0,.rodata,10,11,1,True,T3,0,0,0,True,追憶の終点,euc_jp
4583424,147202048,0,.rodata,14,15,1,True,T3,0,0,0,True,ワールドマップ,euc_jp
4583440,147202064,0,.rodata,12,15,3,True,T3,0,0,0,True,デバッグ部屋,euc_jp
4583456,147202080,0,.rodata,16,19,3,True,T3,0,0,0,True,バンエルティア号,euc_jp
4583476,147202100,0,.rodata,12,15,3,True,T3,0,0,0,True,ルバーブ連山,euc_jp
4583492,147202116,0,.rodata,18,19,1,True,T3,0,0,0,True,コンフェイト大森林,euc_jp
4583512,147202136,0,.rodata,14,15,1,True,T3,0,0,0,True,ブラウニー坑道,euc_jp
4583528,147202152,0,.rodata,14,15,1,True,T3,0,0,0,True,オルタータ火山,euc_jp
4583544,147202168,0,.rodata,12,15,3,True,T3,0,0,0,True,カダイフ砂漠,euc_jp
4583560,147202184,0,.rodata,16,19,3,True,T3,0,0,0,True,アルマナック遺跡,euc_jp
4583580,147202204,0,.rodata,14,15,1,True,T3,0,0,0,True,霊峰アブソール,euc_jp
4583596,147202220,0,.rodata,14,15,1,True,T3,0,0,0,True,ヴェラトローパ,euc_jp
4583612,147202236,0,.rodata,12,15,3,True,T3,0,0,0,True,シフノ湧泉洞,euc_jp
4583628,147202252,0,.rodata,16,19,3,True,T3,0,0,0,True,聖地ラングリース,euc_jp
4583648,147202272,0,.rodata,18,19,1,True,T3,0,0,0,True,エラン・ヴィタール,euc_jp
4583668,147202292,0,.rodata,10,11,1,True,T3,0,0,0,True,追憶の坑道,euc_jp
4583696,147202320,0,.rodata,10,11,1,True,T3,0,0,0,True,バックラー,euc_jp
4583708,147202332,0,.rodata,38,39,1,True,T3,0,0,0,True,小型の盾で、機動性と防御力に優れている,euc_jp
4583748,147202372,0,.rodata,16,19,3,True,T3,0,0,0,True,スモールシールド,euc_jp
4583768,147202392,0,.rodata,8,11,3,True,T3,0,0,0,True,小型の盾,euc_jp
4583780,147202404,0,.rodata,14,15,1,True,T3,0,0,0,True,アルミ鍋のふた,euc_jp
4583796,147202420,0,.rodata,16,19,3,True,T3,0,0,0,True,アルミナベノフタ,euc_jp
4583816,147202440,0,.rodata,18,19,1,True,T3,0,0,0,True,アルミ製の鍋のふた,euc_jp
4583836,147202460,0,.rodata,14,15,1,True,T3,0,0,0,True,ウッドシールド,euc_jp
4583852,147202476,0,.rodata,8,11,3,True,T3,0,0,0,True,木製の盾,euc_jp
4583864,147202488,0,.rodata,16,19,3,True,T3,0,0,0,True,ラウンドシールド,euc_jp
4583884,147202508,0,.rodata,8,11,3,True,T3,0,0,0,True,丸形の盾,euc_jp
4583896,147202520,0,.rodata,16,19,3,True,T3,0,0,0,True,アイアンシールド,euc_jp
4583916,147202540,0,.rodata,14,15,1,True,T3,0,0,0,True,鉄製のシールド,euc_jp
4583932,147202556,0,.rodata,14,15,1,True,T3,0,0,0,True,ラージシールド,euc_jp
4583948,147202572,0,.rodata,42,43,1,True,T3,0,0,0,True,大型の盾。スモールシールドより防御しやすい,euc_jp
4583992,147202616,0,.rodata,14,15,1,True,T3,0,0,0,True,カイトシールド,euc_jp
4584008,147202632,0,.rodata,18,19,1,True,T3,0,0,0,True,逆三角形の凧型の盾,euc_jp
4584028,147202652,0,.rodata,16,19,3,True,T3,0,0,0,True,ニードルシールド,euc_jp
4584048,147202672,0,.rodata,30,31,1,True,T3,0,0,0,True,正面にニードルがあしらわれた盾,euc_jp
4584080,147202704,0,.rodata,14,15,1,True,T3,0,0,0,True,タワーシールド,euc_jp
4584096,147202720,0,.rodata,36,39,3,True,T3,0,0,0,True,超大型の盾。普段は地面に設置して使用,euc_jp
4584136,147202760,0,.rodata,8,11,3,True,T3,0,0,0,True,甲羅の盾,euc_jp
4584148,147202772,0,.rodata,12,15,3,True,T3,0,0,0,True,コウラノタテ,euc_jp
4584164,147202788,0,.rodata,24,27,3,True,T3,0,0,0,True,大亀の甲羅から作られた盾,euc_jp
4584192,147202816,0,.rodata,16,19,3,True,T3,0,0,0,True,マーベルシールド,euc_jp
4584212,147202836,0,.rodata,28,31,3,True,T3,0,0,0,True,昔話に登場した盾を模したもの,euc_jp
4584244,147202868,0,.rodata,18,19,1,True,T3,0,0,0,True,プレイヤーシールド,euc_jp
4584264,147202888,0,.rodata,32,35,3,True,T3,0,0,0,True,祈祷の為に作られた仮面を模した盾,euc_jp
4584300,147202924,0,.rodata,18,19,1,True,T3,0,0,0,True,ソルジャーシールド,euc_jp
4584320,147202944,0,.rodata,18,19,1,True,T3,0,0,0,True,兵士が好んで使う盾,euc_jp
4584340,147202964,0,.rodata,16,19,3,True,T3,0,0,0,True,ゴシックシールド,euc_jp
4584360,147202984,0,.rodata,40,43,3,True,T3,0,0,0,True,防御力だけではなく、美しさも兼ね備えた盾,euc_jp
4584404,147203028,0,.rodata,14,15,1,True,T3,0,0,0,True,バトルシールド,euc_jp
4584420,147203044,0,.rodata,20,23,3,True,T3,0,0,0,True,戦闘用に開発された盾,euc_jp
4584444,147203068,0,.rodata,14,15,1,True,T3,0,0,0,True,メタルシールド,euc_jp
4584460,147203084,0,.rodata,26,27,1,True,T3,0,0,0,True,鋼鉄で鍛えられた汎用的な盾,euc_jp
4584488,147203112,0,.rodata,22,23,1,True,T3,0,0,0,True,アイアンカバーシールド,euc_jp
4584512,147203136,0,.rodata,32,35,3,True,T3,0,0,0,True,金属板で強化されたウッドシールド,euc_jp
4584548,147203172,0,.rodata,16,19,3,True,T3,0,0,0,True,ビーストシールド,euc_jp
4584568,147203192,0,.rodata,26,27,1,True,T3,0,0,0,True,獣の面をあしらったシールド,euc_jp
4584596,147203220,0,.rodata,16,19,3,True,T3,0,0,0,True,プリンスシールド,euc_jp
4584616,147203240,0,.rodata,30,31,1,True,T3,0,0,0,True,戦いに赴く王子の為に作られた盾,euc_jp
4584648,147203272,0,.rodata,18,19,1,True,T3,0,0,0,True,プリンセスシールド,euc_jp
4584668,147203292,0,.rodata,30,31,1,True,T3,0,0,0,True,戦いに赴く王女の為に作られた盾,euc_jp
4584700,147203324,0,.rodata,22,23,1,True,T3,0,0,0,True,パワーストーンシールド,euc_jp
4584724,147203348,0,.rodata,36,39,3,True,T3,0,0,0,True,運気を上げるとされる石をあしらった盾,euc_jp
4584764,147203388,0,.rodata,18,19,1,True,T3,0,0,0,True,エウノミアシールド,euc_jp
4584784,147203408,0,.rodata,40,43,3,True,T3,0,0,0,True,美の女神の一面である「秩序」を意味する盾,euc_jp
4584828,147203452,0,.rodata,20,23,3,True,T3,0,0,0,True,ラージボーンシールド,euc_jp
4584852,147203476,0,.rodata,32,35,3,True,T3,0,0,0,True,魔物の骨で作られたラージシールド,euc_jp
4584888,147203512,0,.rodata,14,15,1,True,T3,0,0,0,True,デビルシールド,euc_jp
4584904,147203528,0,.rodata,26,27,1,True,T3,0,0,0,True,悪魔の妖面があしらわれた盾,euc_jp
4584932,147203556,0,.rodata,18,19,1,True,T3,0,0,0,True,グレートバックラー,euc_jp
4584952,147203576,0,.rodata,32,35,3,True,T3,0,0,0,True,鋼鉄板で防御力を上げたバックラー,euc_jp
4584988,147203612,0,.rodata,16,19,3,True,T3,0,0,0,True,シルバースモール,euc_jp
4585008,147203632,0,.rodata,22,23,1,True,T3,0,0,0,True,銀製のスモールシールド,euc_jp
4585032,147203656,0,.rodata,10,11,1,True,T3,0,0,0,True,銅鍋のふた,euc_jp
4585044,147203668,0,.rodata,14,15,1,True,T3,0,0,0,True,ドウナベノフタ,euc_jp
4585060,147203684,0,.rodata,14,15,1,True,T3,0,0,0,True,銅製の鍋のふた,euc_jp
4585076,147203700,0,.rodata,14,15,1,True,T3,0,0,0,True,オークシールド,euc_jp
4585092,147203716,0,.rodata,24,27,3,True,T3,0,0,0,True,オーク材を使った堅牢な盾,euc_jp
4585120,147203744,0,.rodata,14,15,1,True,T3,0,0,0,True,ムーンシールド,euc_jp
4585136,147203760,0,.rodata,20,23,3,True,T3,0,0,0,True,月をモチーフにした盾,euc_jp
4585160,147203784,0,.rodata,16,19,3,True,T3,0,0,0,True,シルバーシールド,euc_jp
4585180,147203804,0,.rodata,14,15,1,True,T3,0,0,0,True,銀製のシールド,euc_jp
4585196,147203820,0,.rodata,16,19,3,True,T3,0,0,0,True,アーミーシールド,euc_jp
4585216,147203840,0,.rodata,24,27,3,True,T3,0,0,0,True,歩兵が使用していた大型盾,euc_jp
4585244,147203868,0,.rodata,14,15,1,True,T3,0,0,0,True,ナイツシールド,euc_jp
4585260,147203884,0,.rodata,28,31,3,True,T3,0,0,0,True,その昔騎士が好んで使用した盾,euc_jp
4585292,147203916,0,.rodata,16,19,3,True,T3,0,0,0,True,スパイクシールド,euc_jp
4585312,147203936,0,.rodata,48,51,3,True,T3,0,0,0,True,巨大なスパイクが正面にあしらわれた突撃兵向けの盾,euc_jp
4585364,147203988,0,.rodata,18,19,1,True,T3,0,0,0,True,フルタワーシールド,euc_jp
4585384,147204008,0,.rodata,44,47,3,True,T3,0,0,0,True,超大型の盾。使いこなすにはそれなりの力が必要,euc_jp
4585432,147204056,0,.rodata,14,15,1,True,T3,0,0,0,True,上質な甲羅の盾,euc_jp
4585448,147204072,0,.rodata,24,27,3,True,T3,0,0,0,True,ジョウシツナコウラノタテ,euc_jp
4585476,147204100,0,.rodata,30,31,1,True,T3,0,0,0,True,上質な大亀の甲羅から作られた盾,euc_jp
4585508,147204132,0,.rodata,14,15,1,True,T3,0,0,0,True,アリスシールド,euc_jp
4585524,147204148,0,.rodata,32,35,3,True,T3,0,0,0,True,おとぎ話に登場した盾を模したもの,euc_jp
4585560,147204184,0,.rodata,18,19,1,True,T3,0,0,0,True,シャーマンシールド,euc_jp
4585580,147204204,0,.rodata,40,43,3,True,T3,0,0,0,True,シャーマンが祈祷に使用する仮面を模した盾,euc_jp
4585624,147204248,0,.rodata,20,23,3,True,T3,0,0,0,True,ミドル・Ｓ・シールド,euc_jp
4585648,147204272,0,.rodata,18,19,1,True,T3,0,0,0,True,ミドルエスシールド,euc_jp
4585668,147204292,0,.rodata,28,31,3,True,T3,0,0,0,True,階級の高い兵士が好んで使う盾,euc_jp
4585700,147204324,0,.rodata,16,19,3,True,T3,0,0,0,True,エンボスシールド,euc_jp
4585720,147204344,0,.rodata,24,27,3,True,T3,0,0,0,True,古代様式の文様を施した盾,euc_jp
4585748,147204372,0,.rodata,16,19,3,True,T3,0,0,0,True,デュエルシールド,euc_jp
4585768,147204392,0,.rodata,28,31,3,True,T3,0,0,0,True,決闘用として改良を施された盾,euc_jp
4585800,147204424,0,.rodata,18,19,1,True,T3,0,0,0,True,ハイメタルシールド,euc_jp
4585820,147204444,0,.rodata,36,39,3,True,T3,0,0,0,True,硬度の高い金属で鍛えられた汎用的な盾,euc_jp
4585860,147204484,0,.rodata,20,23,3,True,T3,0,0,0,True,アルミカバーシールド,euc_jp
4585884,147204508,0,.rodata,44,47,3,True,T3,0,0,0,True,より強度の高い金属で強化されたウッドシールド,euc_jp
4585932,147204556,0,.rodata,14,15,1,True,T3,0,0,0,True,ライオンハート,euc_jp
4585948,147204572,0,.rodata,40,43,3,True,T3,0,0,0,True,百獣の王ライオンの魂をあらわした頑強な盾,euc_jp
4585992,147204616,0,.rodata,14,15,1,True,T3,0,0,0,True,キングシールド,euc_jp
4586008,147204632,0,.rodata,28,31,3,True,T3,0,0,0,True,戦いに赴く王の為に作られた盾,euc_jp
4586040,147204664,0,.rodata,16,19,3,True,T3,0,0,0,True,クィーンシールド,euc_jp
4586060,147204684,0,.rodata,30,31,1,True,T3,0,0,0,True,戦いに赴く女王の為に作られた盾,euc_jp
4586092,147204716,0,.rodata,16,19,3,True,T3,0,0,0,True,ジュエルシールド,euc_jp
4586112,147204736,0,.rodata,38,39,1,True,T3,0,0,0,True,運気を上げるとされる宝石をあしらった盾,euc_jp
4586152,147204776,0,.rodata,16,19,3,True,T3,0,0,0,True,ディケーシールド,euc_jp
4586172,147204796,0,.rodata,40,43,3,True,T3,0,0,0,True,美の女神の一面である「運命」を意味する盾,euc_jp
4586216,147204840,0,.rodata,22,23,1,True,T3,0,0,0,True,ヒュージボーンシールド,euc_jp
4586240,147204864,0,.rodata,44,47,3,True,T3,0,0,0,True,硬くて丈夫な魔物の骨で作られたラージシールド,euc_jp
4586288,147204912,0,.rodata,16,19,3,True,T3,0,0,0,True,デーモンシールド,euc_jp
4586308,147204932,0,.rodata,30,31,1,True,T3,0,0,0,True,大悪魔の面が見る者を畏怖させる,euc_jp
4586340,147204964,0,.rodata,16,19,3,True,T3,0,0,0,True,ヘビーバックラー,euc_jp
4586360,147204984,0,.rodata,18,19,1,True,T3,0,0,0,True,鋼鉄製のバックラー,euc_jp
4586380,147205004,0,.rodata,16,19,3,True,T3,0,0,0,True,ミスリルスモール,euc_jp
4586400,147205024,0,.rodata,28,31,3,True,T3,0,0,0,True,ミスリル製のスモールシールド,euc_jp
4586432,147205056,0,.rodata,20,23,3,True,T3,0,0,0,True,モリブデン鋼鍋のふた,euc_jp
4586456,147205080,0,.rodata,20,23,3,True,T3,0,0,0,True,モリブデンコウノフタ,euc_jp
4586480,147205104,0,.rodata,24,27,3,True,T3,0,0,0,True,モリブデン鋼製の鍋のふた,euc_jp
4586508,147205132,0,.rodata,20,23,3,True,T3,0,0,0,True,ラージオークシールド,euc_jp
4586532,147205156,0,.rodata,32,35,3,True,T3,0,0,0,True,オーク材を使った堅牢かつ大型の盾,euc_jp
4586568,147205192,0,.rodata,14,15,1,True,T3,0,0,0,True,ルーンシールド,euc_jp
4586584,147205208,0,.rodata,34,35,1,True,T3,0,0,0,True,ムーンシールドに魔法文様を施した盾,euc_jp
4586620,147205244,0,.rodata,16,19,3,True,T3,0,0,0,True,ミスリルシールド,euc_jp
4586640,147205264,0,.rodata,20,23,3,True,T3,0,0,0,True,ミスリル製のシールド,euc_jp
4586664,147205288,0,.rodata,16,19,3,True,T3,0,0,0,True,マスターシールド,euc_jp
4586684,147205308,0,.rodata,38,39,1,True,T3,0,0,0,True,戦闘の熟練者が使っていたとされる大型盾,euc_jp
4586724,147205348,0,.rodata,18,19,1,True,T3,0,0,0,True,パラディンシールド,euc_jp
4586744,147205368,0,.rodata,22,23,1,True,T3,0,0,0,True,聖騎士が使用していた盾,euc_jp
4586768,147205392,0,.rodata,12,15,3,True,T3,0,0,0,True,スパルタカス,euc_jp
4586784,147205408,0,.rodata,32,35,3,True,T3,0,0,0,True,古代の闘技場で使われた決闘用の盾,euc_jp
4586820,147205444,0,.rodata,12,15,3,True,T3,0,0,0,True,フォートレス,euc_jp
4586836,147205460,0,.rodata,14,15,1,True,T3,0,0,0,True,要塞防御用の盾,euc_jp
4586852,147205476,0,.rodata,10,11,1,True,T3,0,0,0,True,千年亀の盾,euc_jp
4586864,147205488,0,.rodata,18,19,1,True,T3,0,0,0,True,センネンガメノタテ,euc_jp
4586884,147205508,0,.rodata,34,35,1,True,T3,0,0,0,True,千年生きた大亀の甲羅から作られた盾,euc_jp
4586920,147205544,0,.rodata,18,19,1,True,T3,0,0,0,True,フェアリーシールド,euc_jp
4586940,147205564,0,.rodata,30,31,1,True,T3,0,0,0,True,英雄譚に登場した盾を模したもの,euc_jp
4586972,147205596,0,.rodata,22,23,1,True,T3,0,0,0,True,ネクロマンサーシールド,euc_jp
4586996,147205620,0,.rodata,42,43,1,True,T3,0,0,0,True,死者の復活の儀式に用いられた仮面を模した盾,euc_jp
4587040,147205664,0,.rodata,22,23,1,True,T3,0,0,0,True,マスター・Ｓ・シールド,euc_jp
4587064,147205688,0,.rodata,20,23,3,True,T3,0,0,0,True,マスターエスシールド,euc_jp
4587088,147205712,0,.rodata,40,43,3,True,T3,0,0,0,True,歴戦の戦士が愛用する実戦にとても適した盾,euc_jp
4587132,147205756,0,.rodata,20,23,3,True,T3,0,0,0,True,エンシェントシールド,euc_jp
4587156,147205780,0,.rodata,8,11,3,True,T3,0,0,0,True,伝説の盾,euc_jp
4587168,147205792,0,.rodata,14,15,1,True,T3,0,0,0,True,ウォーシールド,euc_jp
4587184,147205808,0,.rodata,44,47,3,True,T3,0,0,0,True,戦時中に使われたとされる歴戦を勝ち残った名品,euc_jp
4587232,147205856,0,.rodata,18,19,1,True,T3,0,0,0,True,レアメタルシールド,euc_jp
4587252,147205876,0,.rodata,32,35,3,True,T3,0,0,0,True,希少な鋼鉄で鍛えられた汎用的な盾,euc_jp
4587288,147205912,0,.rodata,20,23,3,True,T3,0,0,0,True,チタンカバーシールド,euc_jp
4587312,147205936,0,.rodata,44,47,3,True,T3,0,0,0,True,更に強度の高い金属で強化されたウッドシールド,euc_jp
4587360,147205984,0,.rodata,18,19,1,True,T3,0,0,0,True,キングオブビースト,euc_jp
4587380,147206004,0,.rodata,48,51,3,True,T3,0,0,0,True,百獣の王の中でも頂点に立つ獅子の王が刻まれた名品,euc_jp
4587432,147206056,0,.rodata,18,19,1,True,T3,0,0,0,True,エンペラーシールド,euc_jp
4587452,147206076,0,.rodata,30,31,1,True,T3,0,0,0,True,戦いに赴く皇帝の為に作られた盾,euc_jp
4587484,147206108,0,.rodata,18,19,1,True,T3,0,0,0,True,エンプレスシールド,euc_jp
4587504,147206128,0,.rodata,30,31,1,True,T3,0,0,0,True,戦いに赴く女帝の為に作られた盾,euc_jp
4587536,147206160,0,.rodata,14,15,1,True,T3,0,0,0,True,オーブシールド,euc_jp
4587552,147206176,0,.rodata,38,39,1,True,T3,0,0,0,True,運気を上げるとされる魔石をあしらった盾,euc_jp
4587592,147206216,0,.rodata,20,23,3,True,T3,0,0,0,True,エイレーネーシールド,euc_jp
4587616,147206240,0,.rodata,40,43,3,True,T3,0,0,0,True,美の女神の一面である「平和」を意味する盾,euc_jp
4587660,147206284,0,.rodata,18,19,1,True,T3,0,0,0,True,エンシェントボーン,euc_jp
4587680,147206304,0,.rodata,40,43,3,True,T3,0,0,0,True,古生代の魔物の骨で作られた屈強なシールド,euc_jp
4587724,147206348,0,.rodata,20,23,3,True,T3,0,0,0,True,アーク・Ｄ・シールド,euc_jp
4587748,147206372,0,.rodata,20,23,3,True,T3,0,0,0,True,アークディーシールド,euc_jp
4587772,147206396,0,.rodata,42,43,1,True,T3,0,0,0,True,上級悪魔の妖面が魔物すら怯えさせる脅威の盾,euc_jp
4587816,147206440,0,.rodata,8,11,3,True,T3,0,0,0,True,戦士の盾,euc_jp
4587828,147206452,0,.rodata,12,15,3,True,T3,0,0,0,True,センシノタテ,euc_jp
4587844,147206468,0,.rodata,36,39,3,True,T3,0,0,0,True,ディセンダーと認められた戦士専用の盾,euc_jp
4587884,147206508,0,.rodata,8,11,3,True,T3,0,0,0,True,剣士の盾,euc_jp
4587896,147206520,0,.rodata,12,15,3,True,T3,0,0,0,True,ケンシノタテ,euc_jp
4587912,147206536,0,.rodata,36,39,3,True,T3,0,0,0,True,ディセンダーと認められた剣士専用の盾,euc_jp
4587952,147206576,0,.rodata,12,15,3,True,T3,0,0,0,True,魔法剣士の盾,euc_jp
4587968,147206592,0,.rodata,18,19,1,True,T3,0,0,0,True,マホウケンシノタテ,euc_jp
4587988,147206612,0,.rodata,40,43,3,True,T3,0,0,0,True,ディセンダーと認められた魔法剣士専用の盾,euc_jp
4588032,147206656,0,.rodata,8,11,3,True,T3,0,0,0,True,闘士の盾,euc_jp
4588044,147206668,0,.rodata,12,15,3,True,T3,0,0,0,True,トウシノタテ,euc_jp
4588060,147206684,0,.rodata,38,39,1,True,T3,0,0,0,True,ディセンダーの為に作られた戦士専用の盾,euc_jp
4588100,147206724,0,.rodata,8,11,3,True,T3,0,0,0,True,騎士の盾,euc_jp
4588112,147206736,0,.rodata,10,11,1,True,T3,0,0,0,True,キシノタテ,euc_jp
4588124,147206748,0,.rodata,38,39,1,True,T3,0,0,0,True,ディセンダーの為に作られた剣士専用の盾,euc_jp
4588164,147206788,0,.rodata,12,15,3,True,T3,0,0,0,True,魔法騎士の盾,euc_jp
4588180,147206804,0,.rodata,16,19,3,True,T3,0,0,0,True,マホウキシノタテ,euc_jp
4588200,147206824,0,.rodata,42,43,1,True,T3,0,0,0,True,ディセンダーの為に作られた魔法剣士専用の盾,euc_jp
4588244,147206868,0,.rodata,16,19,3,True,T3,0,0,0,True,Ｒラインシールド,euc_jp
4588264,147206888,0,.rodata,20,23,3,True,T3,0,0,0,True,レッドラインシールド,euc_jp
4588288,147206912,0,.rodata,40,43,3,True,T3,0,0,0,True,赤いラインが鮮やかな勇者ギルガメシュの盾,euc_jp
4588332,147206956,0,.rodata,16,19,3,True,T3,0,0,0,True,Ｂラインシールド,euc_jp
4588352,147206976,0,.rodata,20,23,3,True,T3,0,0,0,True,ブルーラインシールド,euc_jp
4588376,147207000,0,.rodata,40,43,3,True,T3,0,0,0,True,青いラインが鮮やかな勇者ギルガメシュの盾,euc_jp
4588420,147207044,0,.rodata,16,19,3,True,T3,0,0,0,True,ストームシールド,euc_jp
4588440,147207064,0,.rodata,32,35,3,True,T3,0,0,0,True,どんな嵐をも防ぐとされる伝説の盾,euc_jp
4588476,147207100,0,.rodata,10,11,1,True,T3,0,0,0,True,ドミニオン,euc_jp
4588488,147207112,0,.rodata,40,43,3,True,T3,0,0,0,True,幾枚もの羽を持つ主天使の姿をした伝説の盾,euc_jp
4588532,147207156,0,.rodata,10,11,1,True,T3,0,0,0,True,義理チョコ,euc_jp
4588544,147207168,0,.rodata,10,11,1,True,T3,0,0,0,True,ギリチョコ,euc_jp
4588556,147207180,0,.rodata,32,35,3,True,T3,0,0,0,True,お世話になっている人への感謝の印,euc_jp
4588592,147207216,0,.rodata,10,11,1,True,T3,0,0,0,True,本命チョコ,euc_jp
4588604,147207228,0,.rodata,14,15,1,True,T3,0,0,0,True,ホンメイチョコ,euc_jp
4588620,147207244,0,.rodata,24,27,3,True,T3,0,0,0,True,この想いをあなただけに…,euc_jp
4588648,147207272,0,.rodata,8,11,3,True,T3,0,0,0,True,和田どん,euc_jp
4588660,147207284,0,.rodata,8,11,3,True,T3,0,0,0,True,ワダドン,euc_jp
4588672,147207296,0,.rodata,42,43,1,True,T3,0,0,0,True,これで防御しても「どん！」と音は鳴りません,euc_jp
4588716,147207340,0,.rodata,8,11,3,True,T3,0,0,0,True,和田かつ,euc_jp
4588728,147207352,0,.rodata,8,11,3,True,T3,0,0,0,True,ワダカツ,euc_jp
4588740,147207364,0,.rodata,42,43,1,True,T3,0,0,0,True,これで防御しても「かつ！」と音は鳴りません,euc_jp
4588784,147207408,0,.rodata,6,7,1,True,T3,0,0,0,True,ヒラメ,euc_jp
4588792,147207416,0,.rodata,42,43,1,True,T3,0,0,0,True,上品な白身魚。冷凍してあるので結構丈夫です,euc_jp
4588836,147207460,0,.rodata,12,15,3,True,T3,0,0,0,True,レアシールド,euc_jp
4588852,147207476,0,.rodata,46,47,1,True,T3,0,0,0,True,ＴＯＳに登場したクラトスが本作で装備している盾,euc_jp
4588900,147207524,0,.rodata,18,19,1,True,T3,0,0,0,True,クィーンオブハート,euc_jp
4588920,147207544,0,.rodata,46,47,1,True,T3,0,0,0,True,ＴＯＶに登場したエステルが本作で装備している盾,euc_jp
4588968,147207592,0,.rodata,18,19,1,True,T3,0,0,0,True,アンドアジェネシス,euc_jp
4588988,147207612,0,.rodata,30,31,1,True,T3,0,0,0,True,あの難攻不落の要塞が今ここに！,euc_jp
4589020,147207644,0,.rodata,10,11,1,True,T3,0,0,0,True,トーロイド,euc_jp
4589032,147207656,0,.rodata,50,51,1,True,T3,0,0,0,True,なつかしのビデオゲームのキャラクターが装備で登場！,euc_jp
4589084,147207708,0,.rodata,8,11,3,True,T3,0,0,0,True,バキュラ,euc_jp
4589096,147207720,0,.rodata,30,31,1,True,T3,0,0,0,True,２５６発攻撃されても壊れません,euc_jp
4589128,147207752,0,.rodata,22,23,1,True,T3,0,0,0,True,ホワイトナイトシールド,euc_jp
4589152,147207776,0,.rodata,44,47,3,True,T3,0,0,0,True,ＴＯＶに登場したフレンが本作で装備している盾,euc_jp
4589200,147207824,0,.rodata,14,15,1,True,T3,0,0,0,True,ビームシールド,euc_jp
4589216,147207840,0,.rodata,18,19,1,True,T3,0,0,0,True,未知の技術の結晶体,euc_jp
4594416,147213040,0,.rodata,12,15,3,True,T3,0,0,0,True,レザーヘルム,euc_jp
4594432,147213056,0,.rodata,8,11,3,True,T3,0,0,0,True,革製の兜,euc_jp
4594444,147213068,0,.rodata,20,23,3,True,T3,0,0,0,True,ネビュラオーナメント,euc_jp
4594468,147213092,0,.rodata,24,27,3,True,T3,0,0,0,True,星雲級と称えられた額飾り,euc_jp
4594496,147213120,0,.rodata,16,19,3,True,T3,0,0,0,True,ブラフミーヘルム,euc_jp
4594516,147213140,0,.rodata,28,31,3,True,T3,0,0,0,True,霊草ブラフミーの名を冠する兜,euc_jp
4594548,147213172,0,.rodata,12,15,3,True,T3,0,0,0,True,ビキニヘルム,euc_jp
4594564,147213188,0,.rodata,38,39,1,True,T3,0,0,0,True,顔を隠す事で恥ずかしさを軽減する為の兜,euc_jp
4594604,147213228,0,.rodata,14,15,1,True,T3,0,0,0,True,歩兵隊猟兵の兜,euc_jp
4594620,147213244,0,.rodata,28,31,3,True,T3,0,0,0,True,ホヘイタイリョウヘイノカブト,euc_jp
4594652,147213276,0,.rodata,24,27,3,True,T3,0,0,0,True,歩兵隊猟兵に支給される兜,euc_jp
4594680,147213304,0,.rodata,14,15,1,True,T3,0,0,0,True,アイアンヘルム,euc_jp
4594696,147213320,0,.rodata,8,11,3,True,T3,0,0,0,True,鉄製の兜,euc_jp
4594708,147213332,0,.rodata,14,15,1,True,T3,0,0,0,True,トランクヘルム,euc_jp
4594724,147213348,0,.rodata,26,27,1,True,T3,0,0,0,True,小さな金属板をあしらった兜,euc_jp
4594752,147213376,0,.rodata,12,15,3,True,T3,0,0,0,True,孤狼の額当て,euc_jp
4594768,147213392,0,.rodata,16,19,3,True,T3,0,0,0,True,コロウノヌカアテ,euc_jp
4594788,147213412,0,.rodata,36,39,3,True,T3,0,0,0,True,一匹狼の戦士が身に着けるという額当て,euc_jp
4594828,147213452,0,.rodata,8,11,3,True,T3,0,0,0,True,小龍の兜,euc_jp
4594840,147213464,0,.rodata,20,23,3,True,T3,0,0,0,True,ショウリュウノカブト,euc_jp
4594864,147213488,0,.rodata,26,27,1,True,T3,0,0,0,True,小龍の魂が宿るといわれる兜,euc_jp
4594892,147213516,0,.rodata,20,23,3,True,T3,0,0,0,True,グラディエータヘルム,euc_jp
4594916,147213540,0,.rodata,20,23,3,True,T3,0,0,0,True,剣闘士が身に着ける兜,euc_jp
4594940,147213564,0,.rodata,16,19,3,True,T3,0,0,0,True,フィールドヘッド,euc_jp
4594960,147213584,0,.rodata,26,27,1,True,T3,0,0,0,True,動きやすさ重視の頭部用防具,euc_jp
4594988,147213612,0,.rodata,12,15,3,True,T3,0,0,0,True,足軽大将の兜,euc_jp
4595004,147213628,0,.rodata,26,27,1,True,T3,0,0,0,True,アシガルタイショウノカブト,euc_jp
4595032,147213656,0,.rodata,26,27,1,True,T3,0,0,0,True,東方の兵士が着用していた兜,euc_jp
4595060,147213684,0,.rodata,14,15,1,True,T3,0,0,0,True,チーフキャップ,euc_jp
4595076,147213700,0,.rodata,14,15,1,True,T3,0,0,0,True,下士官用の帽子,euc_jp
4595092,147213716,0,.rodata,14,15,1,True,T3,0,0,0,True,オンミツマスク,euc_jp
4595108,147213732,0,.rodata,24,27,3,True,T3,0,0,0,True,隠密が着用していたマスク,euc_jp
4595136,147213760,0,.rodata,14,15,1,True,T3,0,0,0,True,ゴシックヘルム,euc_jp
4595152,147213776,0,.rodata,32,35,3,True,T3,0,0,0,True,古式の製法で作られた全身鎧の頭部,euc_jp
4595188,147213812,0,.rodata,18,19,1,True,T3,0,0,0,True,ジャーメインヘルム,euc_jp
4595208,147213832,0,.rodata,46,47,1,True,T3,0,0,0,True,古の聖人ジャーメインに正義を誓う者が着用する兜,euc_jp
4595256,147213880,0,.rodata,12,15,3,True,T3,0,0,0,True,ムシャヘルム,euc_jp
4595272,147213896,0,.rodata,22,23,1,True,T3,0,0,0,True,鎧武者を彷彿とさせる兜,euc_jp
4595296,147213920,0,.rodata,12,15,3,True,T3,0,0,0,True,ナイトヘルム,euc_jp
4595312,147213936,0,.rodata,34,35,1,True,T3,0,0,0,True,ナイトの称号を持つ者に与えられる兜,euc_jp
4595348,147213972,0,.rodata,12,15,3,True,T3,0,0,0,True,ナハラヘルム,euc_jp
4595364,147213988,0,.rodata,34,35,1,True,T3,0,0,0,True,千夜一夜の魔法の国で蜂を意味する兜,euc_jp
4595400,147214024,0,.rodata,16,19,3,True,T3,0,0,0,True,ガネーシャヘルム,euc_jp
4595420,147214044,0,.rodata,28,31,3,True,T3,0,0,0,True,獣神ガネーシャの名を冠する兜,euc_jp
4595452,147214076,0,.rodata,14,15,1,True,T3,0,0,0,True,騎士団の頭飾り,euc_jp
4595468,147214092,0,.rodata,22,23,1,True,T3,0,0,0,True,キシダンノアタマカザリ,euc_jp
4595492,147214116,0,.rodata,26,27,1,True,T3,0,0,0,True,騎士団所属の証となる頭飾り,euc_jp
4595520,147214144,0,.rodata,12,15,3,True,T3,0,0,0,True,クロスヘルム,euc_jp
4595536,147214160,0,.rodata,24,27,3,True,T3,0,0,0,True,堅い守りと重量感溢れる兜,euc_jp
4595564,147214188,0,.rodata,12,15,3,True,T3,0,0,0,True,ボーンヘルム,euc_jp
4595580,147214204,0,.rodata,22,23,1,True,T3,0,0,0,True,不気味な意匠の鎧の頭部,euc_jp
4595604,147214228,0,.rodata,14,15,1,True,T3,0,0,0,True,グレートヘッド,euc_jp
4595620,147214244,0,.rodata,22,23,1,True,T3,0,0,0,True,抜群の防御と威圧感の兜,euc_jp
4595644,147214268,0,.rodata,16,19,3,True,T3,0,0,0,True,アスタロトホーン,euc_jp
4595664,147214288,0,.rodata,42,43,1,True,T3,0,0,0,True,魔界の大公爵アスタロトの福音を受けたホーン,euc_jp
4595708,147214332,0,.rodata,22,23,1,True,T3,0,0,0,True,新米傭兵のヘッドバンド,euc_jp
4595732,147214356,0,.rodata,30,31,1,True,T3,0,0,0,True,シンマイヨウヘイノヘッドバンド,euc_jp
4595764,147214388,0,.rodata,30,31,1,True,T3,0,0,0,True,新米傭兵が着用するヘッドバンド,euc_jp
4595796,147214420,0,.rodata,14,15,1,True,T3,0,0,0,True,キルトキャップ,euc_jp
4595812,147214436,0,.rodata,22,23,1,True,T3,0,0,0,True,厚手の布を多用した帽子,euc_jp
4595836,147214460,0,.rodata,18,19,1,True,T3,0,0,0,True,ファルコンフェザー,euc_jp
4595856,147214480,0,.rodata,48,51,3,True,T3,0,0,0,True,とある民族の守り神ファルコンの加護を受けた頭飾り,euc_jp
4595908,147214532,0,.rodata,22,23,1,True,T3,0,0,0,True,スティアレスラーハット,euc_jp
4595932,147214556,0,.rodata,30,31,1,True,T3,0,0,0,True,逃げる牛を追う者が着用する帽子,euc_jp
4595976,147214600,0,.rodata,18,19,1,True,T3,0,0,0,True,ミョウコウハチガネ,euc_jp
4595996,147214620,0,.rodata,20,23,3,True,T3,0,0,0,True,妙なる光を湛えた鉢金,euc_jp
4596020,147214644,0,.rodata,14,15,1,True,T3,0,0,0,True,修行僧の額当て,euc_jp
4596036,147214660,0,.rodata,24,27,3,True,T3,0,0,0,True,シュギョウソウノヌカアテ,euc_jp
4596064,147214688,0,.rodata,32,35,3,True,T3,0,0,0,True,修行に励む修行僧が着用する額当て,euc_jp
4596100,147214724,0,.rodata,18,19,1,True,T3,0,0,0,True,サバイバルゴーグル,euc_jp
4596120,147214744,0,.rodata,30,31,1,True,T3,0,0,0,True,サバイバル活動に適したゴーグル,euc_jp
4596152,147214776,0,.rodata,10,11,1,True,T3,0,0,0,True,兵士の帽子,euc_jp
4596164,147214788,0,.rodata,14,15,1,True,T3,0,0,0,True,ヘイシノボウシ,euc_jp
4596180,147214804,0,.rodata,28,31,3,True,T3,0,0,0,True,兵士が巡回警備で着用する帽子,euc_jp
4596212,147214836,0,.rodata,14,15,1,True,T3,0,0,0,True,ガンナーバンド,euc_jp
4596228,147214852,0,.rodata,30,31,1,True,T3,0,0,0,True,流浪のガンマンが着用するバンド,euc_jp
4596260,147214884,0,.rodata,12,15,3,True,T3,0,0,0,True,修行僧の頭巾,euc_jp
4596276,147214900,0,.rodata,22,23,1,True,T3,0,0,0,True,シュギョウソウノズキン,euc_jp
4596300,147214924,0,.rodata,22,23,1,True,T3,0,0,0,True,荒行に挑む修行僧の頭巾,euc_jp
4596324,147214948,0,.rodata,16,19,3,True,T3,0,0,0,True,キャプテンハット,euc_jp
4596344,147214968,0,.rodata,18,19,1,True,T3,0,0,0,True,船長が着用する帽子,euc_jp
4596364,147214988,0,.rodata,16,19,3,True,T3,0,0,0,True,土蜘蛛討ちの鉢巻,euc_jp
4596384,147215008,0,.rodata,22,23,1,True,T3,0,0,0,True,ツチグモウチノハチマキ,euc_jp
4596408,147215032,0,.rodata,38,39,1,True,T3,0,0,0,True,物の怪土蜘蛛を討伐する者が着用する鉢巻,euc_jp
4596448,147215072,0,.rodata,16,19,3,True,T3,0,0,0,True,ミスティターバン,euc_jp
4596468,147215092,0,.rodata,28,31,3,True,T3,0,0,0,True,異国の戦士が着用するターバン,euc_jp
4596500,147215124,0,.rodata,22,23,1,True,T3,0,0,0,True,スパイダーオーナメント,euc_jp
4596524,147215148,0,.rodata,48,51,3,True,T3,0,0,0,True,呪術師イエロー・スパイダーが祈祷したオーナメント,euc_jp
4596576,147215200,0,.rodata,18,19,1,True,T3,0,0,0,True,殺し屋のアイパッチ,euc_jp
4596596,147215220,0,.rodata,20,23,3,True,T3,0,0,0,True,コロシヤノアイパッチ,euc_jp
4596620,147215244,0,.rodata,34,35,1,True,T3,0,0,0,True,フリーの殺し屋が着用するアイパッチ,euc_jp
4596656,147215280,0,.rodata,12,15,3,True,T3,0,0,0,True,功夫の髪飾り,euc_jp
4596672,147215296,0,.rodata,20,23,3,True,T3,0,0,0,True,クンフウノカミカザリ,euc_jp
4596696,147215320,0,.rodata,36,39,3,True,T3,0,0,0,True,入門したての功夫使いが着用する髪飾り,euc_jp
4596736,147215360,0,.rodata,16,19,3,True,T3,0,0,0,True,犬調教師の額当て,euc_jp
4596756,147215380,0,.rodata,28,31,3,True,T3,0,0,0,True,イヌチョウキョウシノヌカアテ,euc_jp
4596788,147215412,0,.rodata,38,39,1,True,T3,0,0,0,True,犬の調教を生業とする者が着用する額当て,euc_jp
4596828,147215452,0,.rodata,10,11,1,True,T3,0,0,0,True,学士の帽子,euc_jp
4596840,147215464,0,.rodata,14,15,1,True,T3,0,0,0,True,ガクシノボウシ,euc_jp
4596856,147215480,0,.rodata,28,31,3,True,T3,0,0,0,True,校則に定められた学士用の帽子,euc_jp
4596888,147215512,0,.rodata,12,15,3,True,T3,0,0,0,True,平舞の額当て,euc_jp
4596904,147215528,0,.rodata,18,19,1,True,T3,0,0,0,True,ヒラマイノヌカアテ,euc_jp
4596924,147215548,0,.rodata,36,39,3,True,T3,0,0,0,True,神前儀式で静穏な動きで舞う者の額当て,euc_jp
4596964,147215588,0,.rodata,12,15,3,True,T3,0,0,0,True,朱雀の髪飾り,euc_jp
4596980,147215604,0,.rodata,18,19,1,True,T3,0,0,0,True,スザクノカミカザリ,euc_jp
4597000,147215624,0,.rodata,38,39,1,True,T3,0,0,0,True,飛翔する朱雀を彷彿させる軽やかな髪飾り,euc_jp
4597040,147215664,0,.rodata,14,15,1,True,T3,0,0,0,True,新参者の額当て,euc_jp
4597056,147215680,0,.rodata,22,23,1,True,T3,0,0,0,True,シンザンシャノヌカアテ,euc_jp
4597080,147215704,0,.rodata,28,31,3,True,T3,0,0,0,True,新参者の術士が着用する額当て,euc_jp
4597112,147215736,0,.rodata,12,15,3,True,T3,0,0,0,True,小達人の帽子,euc_jp
4597128,147215752,0,.rodata,22,23,1,True,T3,0,0,0,True,ショウタツジンノボウシ,euc_jp
4597152,147215776,0,.rodata,38,39,1,True,T3,0,0,0,True,魔術結社で小達人の階位に与えられる帽子,euc_jp
4597192,147215816,0,.rodata,16,19,3,True,T3,0,0,0,True,インディゴハット,euc_jp
4597212,147215836,0,.rodata,10,11,1,True,T3,0,0,0,True,藍染の帽子,euc_jp
4597224,147215848,0,.rodata,12,15,3,True,T3,0,0,0,True,レイヴヘッド,euc_jp
4597240,147215864,0,.rodata,38,39,1,True,T3,0,0,0,True,魂の開放を求めて踊る者が着用する頭飾り,euc_jp
4597300,147215924,0,.rodata,34,35,1,True,T3,0,0,0,True,グンショウサダイニシュレイソウボウ,euc_jp
4597336,147215960,0,.rodata,42,43,1,True,T3,0,0,0,True,少佐の階級の者が着用する第二種礼装用の帽子,euc_jp
4597380,147216004,0,.rodata,14,15,1,True,T3,0,0,0,True,ヘルパーハット,euc_jp
4597396,147216020,0,.rodata,28,31,3,True,T3,0,0,0,True,お手伝いさんが着用するハット,euc_jp
4597428,147216052,0,.rodata,10,11,1,True,T3,0,0,0,True,衛士の帽子,euc_jp
4597440,147216064,0,.rodata,14,15,1,True,T3,0,0,0,True,エイシノボウシ,euc_jp
4597456,147216080,0,.rodata,26,27,1,True,T3,0,0,0,True,城の衛士となった術者の帽子,euc_jp
4597484,147216108,0,.rodata,12,15,3,True,T3,0,0,0,True,策士の頭飾り,euc_jp
4597500,147216124,0,.rodata,20,23,3,True,T3,0,0,0,True,サクシノアタマカザリ,euc_jp
4597524,147216148,0,.rodata,26,27,1,True,T3,0,0,0,True,策士が好んで着用する頭飾り,euc_jp
4597552,147216176,0,.rodata,18,19,1,True,T3,0,0,0,True,フォーチュンハット,euc_jp
4597572,147216196,0,.rodata,20,23,3,True,T3,0,0,0,True,幸運を求めし者の帽子,euc_jp
4597596,147216220,0,.rodata,16,19,3,True,T3,0,0,0,True,リスペクトハット,euc_jp
4597616,147216240,0,.rodata,28,31,3,True,T3,0,0,0,True,尊敬を一身に集める術士の帽子,euc_jp
4597648,147216272,0,.rodata,14,15,1,True,T3,0,0,0,True,アリアキャップ,euc_jp
4597664,147216288,0,.rodata,16,19,3,True,T3,0,0,0,True,詠唱者の為の帽子,euc_jp
4597684,147216308,0,.rodata,14,15,1,True,T3,0,0,0,True,破門者の頭飾り,euc_jp
4597700,147216324,0,.rodata,24,27,3,True,T3,0,0,0,True,ハモンモノノアタマカザリ,euc_jp
4597728,147216352,0,.rodata,30,31,1,True,T3,0,0,0,True,掟を破り破門された術士の頭飾り,euc_jp
4597760,147216384,0,.rodata,16,19,3,True,T3,0,0,0,True,マジカルキャップ,euc_jp
4597780,147216404,0,.rodata,34,35,1,True,T3,0,0,0,True,不思議な魔力が込められた可愛い帽子,euc_jp
4597816,147216440,0,.rodata,14,15,1,True,T3,0,0,0,True,アリオンの帽子,euc_jp
4597832,147216456,0,.rodata,16,19,3,True,T3,0,0,0,True,アリオンノボウシ,euc_jp
4597852,147216476,0,.rodata,34,35,1,True,T3,0,0,0,True,宇宙存在アリオンの波動を受けた帽子,euc_jp
4597888,147216512,0,.rodata,14,15,1,True,T3,0,0,0,True,イハサクの帽子,euc_jp
4597904,147216528,0,.rodata,16,19,3,True,T3,0,0,0,True,イハサクノボウシ,euc_jp
4597924,147216548,0,.rodata,36,39,3,True,T3,0,0,0,True,東方の秘神イハサクの加護を受けた帽子,euc_jp
4597964,147216588,0,.rodata,14,15,1,True,T3,0,0,0,True,祈祷師の頭飾り,euc_jp
4597980,147216604,0,.rodata,22,23,1,True,T3,0,0,0,True,キトウシノアタマカザリ,euc_jp
4598004,147216628,0,.rodata,22,23,1,True,T3,0,0,0,True,祈祷用に作られた頭飾り,euc_jp
4598028,147216652,0,.rodata,14,15,1,True,T3,0,0,0,True,メディアハット,euc_jp
4598044,147216668,0,.rodata,30,31,1,True,T3,0,0,0,True,古き月の女神を信仰する者の帽子,euc_jp
4598076,147216700,0,.rodata,16,19,3,True,T3,0,0,0,True,ピルグリムハット,euc_jp
4598096,147216720,0,.rodata,28,31,3,True,T3,0,0,0,True,異国の巡礼者が身に着ける帽子,euc_jp
4598128,147216752,0,.rodata,12,15,3,True,T3,0,0,0,True,公家の烏帽子,euc_jp
4598144,147216768,0,.rodata,12,15,3,True,T3,0,0,0,True,クゲノエボシ,euc_jp
4598160,147216784,0,.rodata,24,27,3,True,T3,0,0,0,True,東方の貴族が着用する帽子,euc_jp
4598188,147216812,0,.rodata,20,23,3,True,T3,0,0,0,True,コンシリエーレハット,euc_jp
4598212,147216836,0,.rodata,34,35,1,True,T3,0,0,0,True,マフィアの相談役顧問が着用する帽子,euc_jp
4598248,147216872,0,.rodata,12,15,3,True,T3,0,0,0,True,白鳥の羽飾り,euc_jp
4598264,147216888,0,.rodata,22,23,1,True,T3,0,0,0,True,ハクチョウノハネカザリ,euc_jp
4598288,147216912,0,.rodata,34,35,1,True,T3,0,0,0,True,白鳥の羽根を素材にしたアクセサリー,euc_jp
4598324,147216948,0,.rodata,16,19,3,True,T3,0,0,0,True,ブリンクキャップ,euc_jp
4598344,147216968,0,.rodata,26,27,1,True,T3,0,0,0,True,煌めく星をイメージした帽子,euc_jp
4598372,147216996,0,.rodata,18,19,1,True,T3,0,0,0,True,エンシェントハット,euc_jp
4598392,147217016,0,.rodata,26,27,1,True,T3,0,0,0,True,古くさい製法で作られた帽子,euc_jp
4598420,147217044,0,.rodata,20,23,3,True,T3,0,0,0,True,ナイトブリードマスク,euc_jp
4598444,147217068,0,.rodata,24,27,3,True,T3,0,0,0,True,闇の眷属が着用するマスク,euc_jp
4598472,147217096,0,.rodata,12,15,3,True,T3,0,0,0,True,シェルピアス,euc_jp
4598488,147217112,0,.rodata,26,27,1,True,T3,0,0,0,True,貝殻で作られたアクセサリー,euc_jp
4598516,147217140,0,.rodata,18,19,1,True,T3,0,0,0,True,ハードレザーヘルム,euc_jp
4598536,147217160,0,.rodata,20,23,3,True,T3,0,0,0,True,厚手の革で作られた兜,euc_jp
4598560,147217184,0,.rodata,24,27,3,True,T3,0,0,0,True,ギャラクシーオーナメント,euc_jp
4598588,147217212,0,.rodata,24,27,3,True,T3,0,0,0,True,銀河級と称えられた額飾り,euc_jp
4598616,147217240,0,.rodata,16,19,3,True,T3,0,0,0,True,ガルヒーナヘルム,euc_jp
4598636,147217260,0,.rodata,28,31,3,True,T3,0,0,0,True,霊草ガルヒーナの名を冠する兜,euc_jp
4598668,147217292,0,.rodata,16,19,3,True,T3,0,0,0,True,ネイキッドヘルム,euc_jp
4598688,147217312,0,.rodata,30,31,1,True,T3,0,0,0,True,顔だけは見せぬがこの装備の流儀,euc_jp
4598720,147217344,0,.rodata,16,19,3,True,T3,0,0,0,True,山岳兵隊猟兵の兜,euc_jp
4598740,147217364,0,.rodata,34,35,1,True,T3,0,0,0,True,サンガクヘイタイリョウヘイノカブト,euc_jp
4598776,147217400,0,.rodata,26,27,1,True,T3,0,0,0,True,山岳兵隊猟兵に支給される兜,euc_jp
4598804,147217428,0,.rodata,18,19,1,True,T3,0,0,0,True,タングステンヘルム,euc_jp
4598824,147217448,0,.rodata,18,19,1,True,T3,0,0,0,True,タングステン製の兜,euc_jp
4598844,147217468,0,.rodata,14,15,1,True,T3,0,0,0,True,ブロンズヘルム,euc_jp
4598860,147217484,0,.rodata,28,31,3,True,T3,0,0,0,True,小さな青銅の板をあしらった兜,euc_jp
4598892,147217516,0,.rodata,12,15,3,True,T3,0,0,0,True,無法の額当て,euc_jp
4598908,147217532,0,.rodata,16,19,3,True,T3,0,0,0,True,ムホウノヌカアテ,euc_jp
4598928,147217552,0,.rodata,36,39,3,True,T3,0,0,0,True,無法者の戦士が身に着けるという額当て,euc_jp
4598968,147217592,0,.rodata,8,11,3,True,T3,0,0,0,True,龍王の兜,euc_jp
4598980,147217604,0,.rodata,18,19,1,True,T3,0,0,0,True,リュウオウノカブト,euc_jp
4599000,147217624,0,.rodata,26,27,1,True,T3,0,0,0,True,龍王の魂が宿るといわれる兜,euc_jp
4599028,147217652,0,.rodata,12,15,3,True,T3,0,0,0,True,ロードヘルム,euc_jp
4599044,147217668,0,.rodata,26,27,1,True,T3,0,0,0,True,爵位を持つ者に与えられる兜,euc_jp
4599072,147217696,0,.rodata,12,15,3,True,T3,0,0,0,True,ゲイルヘッド,euc_jp
4599088,147217712,0,.rodata,34,35,1,True,T3,0,0,0,True,風の如き動作を可能にした頭部用防具,euc_jp
4599124,147217748,0,.rodata,8,11,3,True,T3,0,0,0,True,弁慶の兜,euc_jp
4599136,147217760,0,.rodata,16,19,3,True,T3,0,0,0,True,ベンケイノカブト,euc_jp
4599156,147217780,0,.rodata,30,31,1,True,T3,0,0,0,True,東方の大男弁慶が着用していた兜,euc_jp
4599188,147217812,0,.rodata,18,19,1,True,T3,0,0,0,True,オフィサーキャップ,euc_jp
4599208,147217832,0,.rodata,12,15,3,True,T3,0,0,0,True,士官用の帽子,euc_jp
4599224,147217848,0,.rodata,14,15,1,True,T3,0,0,0,True,ニンジャマスク,euc_jp
4599240,147217864,0,.rodata,24,27,3,True,T3,0,0,0,True,忍者が着用していたマスク,euc_jp
4599268,147217892,0,.rodata,14,15,1,True,T3,0,0,0,True,エンボスヘルム,euc_jp
4599284,147217908,0,.rodata,26,27,1,True,T3,0,0,0,True,継ぎ目の少ない全身鎧の頭部,euc_jp
4599312,147217936,0,.rodata,12,15,3,True,T3,0,0,0,True,クスミヘルム,euc_jp
4599328,147217952,0,.rodata,40,43,3,True,T3,0,0,0,True,古の聖人クスミに正義を誓う者が着用する兜,euc_jp
4599372,147217996,0,.rodata,14,15,1,True,T3,0,0,0,True,センゴクヘルム,euc_jp
4599388,147218012,0,.rodata,24,27,3,True,T3,0,0,0,True,戦国武将を彷彿とさせる兜,euc_jp
4599416,147218040,0,.rodata,12,15,3,True,T3,0,0,0,True,バロンヘルム,euc_jp
4599432,147218056,0,.rodata,34,35,1,True,T3,0,0,0,True,バロンの称号を持つ者に与えられる兜,euc_jp
4599468,147218092,0,.rodata,16,19,3,True,T3,0,0,0,True,ソーバーンヘルム,euc_jp
4599488,147218112,0,.rodata,34,35,1,True,T3,0,0,0,True,千夜一夜の魔法の国で蛇を意味する兜,euc_jp
4599524,147218148,0,.rodata,16,19,3,True,T3,0,0,0,True,ハヌマーンヘルム,euc_jp
4599544,147218168,0,.rodata,28,31,3,True,T3,0,0,0,True,獣神ハヌマーンの名を冠する兜,euc_jp
4599576,147218200,0,.rodata,16,19,3,True,T3,0,0,0,True,聖騎士団の頭飾り,euc_jp
4599596,147218220,0,.rodata,26,27,1,True,T3,0,0,0,True,セイキシダンノアタマカザリ,euc_jp
4599624,147218248,0,.rodata,28,31,3,True,T3,0,0,0,True,聖騎士団所属の証となる頭飾り,euc_jp
4599656,147218280,0,.rodata,14,15,1,True,T3,0,0,0,True,テンプルヘルム,euc_jp
4599672,147218296,0,.rodata,18,19,1,True,T3,0,0,0,True,銀製のクロスヘルム,euc_jp
4599692,147218316,0,.rodata,12,15,3,True,T3,0,0,0,True,グリムヘルム,euc_jp
4599708,147218332,0,.rodata,20,23,3,True,T3,0,0,0,True,不吉な意匠の鎧の頭部,euc_jp
4599732,147218356,0,.rodata,18,19,1,True,T3,0,0,0,True,ジャイアントヘッド,euc_jp
4599752,147218376,0,.rodata,28,31,3,True,T3,0,0,0,True,巨人と見紛う防御と威圧感の兜,euc_jp
4599784,147218408,0,.rodata,16,19,3,True,T3,0,0,0,True,ベルゼバブホーン,euc_jp
4599804,147218428,0,.rodata,40,43,3,True,T3,0,0,0,True,魔界の君主ベルゼバブの福音を受けたホーン,euc_jp
4599848,147218472,0,.rodata,22,23,1,True,T3,0,0,0,True,中堅傭兵のヘッドバンド,euc_jp
4599872,147218496,0,.rodata,32,35,3,True,T3,0,0,0,True,チュウケンヨウヘイノヘッドバンド,euc_jp
4599908,147218532,0,.rodata,30,31,1,True,T3,0,0,0,True,中堅傭兵が着用するヘッドバンド,euc_jp
4599940,147218564,0,.rodata,16,19,3,True,T3,0,0,0,True,メッシュキャップ,euc_jp
4599960,147218584,0,.rodata,24,27,3,True,T3,0,0,0,True,メッシュ加工がされた帽子,euc_jp
4599988,147218612,0,.rodata,14,15,1,True,T3,0,0,0,True,ホークフェザー,euc_jp
4600004,147218628,0,.rodata,44,47,3,True,T3,0,0,0,True,とある民族の守り神ホークの加護を受けた頭飾り,euc_jp
4600052,147218676,0,.rodata,22,23,1,True,T3,0,0,0,True,ブロンコライダーハット,euc_jp
4600076,147218700,0,.rodata,26,27,1,True,T3,0,0,0,True,荒野の流れ者が着用する帽子,euc_jp
4600116,147218740,0,.rodata,16,19,3,True,T3,0,0,0,True,レイコウハチガネ,euc_jp
4600136,147218760,0,.rodata,16,19,3,True,T3,0,0,0,True,霊威みなぎる鉢金,euc_jp
4600156,147218780,0,.rodata,12,15,3,True,T3,0,0,0,True,僧兵の額当て,euc_jp
4600172,147218796,0,.rodata,18,19,1,True,T3,0,0,0,True,ソウヘイノヌカアテ,euc_jp
4600192,147218816,0,.rodata,30,31,1,True,T3,0,0,0,True,寺院警備の僧兵が着用する額当て,euc_jp
4600224,147218848,0,.rodata,16,19,3,True,T3,0,0,0,True,アーミーゴーグル,euc_jp
4600244,147218868,0,.rodata,24,27,3,True,T3,0,0,0,True,野戦活動に適したゴーグル,euc_jp
4600272,147218896,0,.rodata,10,11,1,True,T3,0,0,0,True,隊長の帽子,euc_jp
4600284,147218908,0,.rodata,18,19,1,True,T3,0,0,0,True,タイチョウノボウシ,euc_jp
4600304,147218928,0,.rodata,28,31,3,True,T3,0,0,0,True,隊長が巡回警備で着用する帽子,euc_jp
4600336,147218960,0,.rodata,18,19,1,True,T3,0,0,0,True,フロンティアバンド,euc_jp
4600356,147218980,0,.rodata,22,23,1,True,T3,0,0,0,True,開拓者が着用するバンド,euc_jp
4600380,147219004,0,.rodata,10,11,1,True,T3,0,0,0,True,僧兵の頭巾,euc_jp
4600392,147219016,0,.rodata,16,19,3,True,T3,0,0,0,True,ソウヘイノズキン,euc_jp
4600412,147219036,0,.rodata,20,23,3,True,T3,0,0,0,True,法敵を討つ僧兵の頭巾,euc_jp
4600436,147219060,0,.rodata,16,19,3,True,T3,0,0,0,True,コマンダーハット,euc_jp
4600456,147219080,0,.rodata,28,31,3,True,T3,0,0,0,True,大型戦艦の艦長が着用する帽子,euc_jp
4600488,147219112,0,.rodata,12,15,3,True,T3,0,0,0,True,鵺討ちの鉢巻,euc_jp
4600504,147219128,0,.rodata,18,19,1,True,T3,0,0,0,True,ヌエウチノハチマキ,euc_jp
4600524,147219148,0,.rodata,34,35,1,True,T3,0,0,0,True,物の怪鵺を討伐する者が着用する鉢巻,euc_jp
4600560,147219184,0,.rodata,18,19,1,True,T3,0,0,0,True,ストレンジターバン,euc_jp
4600580,147219204,0,.rodata,30,31,1,True,T3,0,0,0,True,異国の風来坊が着用するターバン,euc_jp
4600612,147219236,0,.rodata,20,23,3,True,T3,0,0,0,True,コヨーテオーナメント,euc_jp
4600636,147219260,0,.rodata,44,47,3,True,T3,0,0,0,True,呪術師レッド・コヨーテが祈祷したオーナメント,euc_jp
4600684,147219308,0,.rodata,22,23,1,True,T3,0,0,0,True,粛清執行人のアイパッチ,euc_jp
4600708,147219332,0,.rodata,34,35,1,True,T3,0,0,0,True,シュクセイシッコウニンノアイパッチ,euc_jp
4600744,147219368,0,.rodata,36,39,3,True,T3,0,0,0,True,軍属の粛清執行人が着用するアイパッチ,euc_jp
4600784,147219408,0,.rodata,12,15,3,True,T3,0,0,0,True,小龍の髪飾り,euc_jp
4600800,147219424,0,.rodata,24,27,3,True,T3,0,0,0,True,ショウリュウノカミカザリ,euc_jp
4600828,147219452,0,.rodata,38,39,1,True,T3,0,0,0,True,小龍の位を持つ功夫使いが着用する髪飾り,euc_jp
4600868,147219492,0,.rodata,16,19,3,True,T3,0,0,0,True,虎調教師の額当て,euc_jp
4600888,147219512,0,.rodata,28,31,3,True,T3,0,0,0,True,トラチョウキョウシノヌカアテ,euc_jp
4600920,147219544,0,.rodata,38,39,1,True,T3,0,0,0,True,虎の調教を生業とする者が着用する額当て,euc_jp
4600960,147219584,0,.rodata,14,15,1,True,T3,0,0,0,True,晶霊学士の帽子,euc_jp
4600976,147219600,0,.rodata,24,27,3,True,T3,0,0,0,True,ショウレイガクシノボウシ,euc_jp
4601004,147219628,0,.rodata,32,35,3,True,T3,0,0,0,True,校則に定められた晶霊学士用の帽子,euc_jp
4601040,147219664,0,.rodata,12,15,3,True,T3,0,0,0,True,走舞の額当て,euc_jp
4601056,147219680,0,.rodata,20,23,3,True,T3,0,0,0,True,ハシリマイノヌカアテ,euc_jp
4601080,147219704,0,.rodata,36,39,3,True,T3,0,0,0,True,神前儀式で活発な動きで舞う者の額当て,euc_jp
4601120,147219744,0,.rodata,12,15,3,True,T3,0,0,0,True,玄武の髪飾り,euc_jp
4601136,147219760,0,.rodata,18,19,1,True,T3,0,0,0,True,ゲンブノカミカザリ,euc_jp
4601156,147219780,0,.rodata,26,27,1,True,T3,0,0,0,True,聖獣玄武の名を冠する髪飾り,euc_jp
4601184,147219808,0,.rodata,14,15,1,True,T3,0,0,0,True,熱心者の額当て,euc_jp
4601200,147219824,0,.rodata,22,23,1,True,T3,0,0,0,True,ネッシンモノノヌカアテ,euc_jp
4601224,147219848,0,.rodata,28,31,3,True,T3,0,0,0,True,熱心者の術士が着用する額当て,euc_jp
4601256,147219880,0,.rodata,12,15,3,True,T3,0,0,0,True,大達人の帽子,euc_jp
4601272,147219896,0,.rodata,20,23,3,True,T3,0,0,0,True,ダイタツジンノボウシ,euc_jp
4601296,147219920,0,.rodata,38,39,1,True,T3,0,0,0,True,魔術結社で大達人の階位に与えられる帽子,euc_jp
4601336,147219960,0,.rodata,18,19,1,True,T3,0,0,0,True,クラーティンハット,euc_jp
4601356,147219980,0,.rodata,16,19,3,True,T3,0,0,0,True,ギンネム染の帽子,euc_jp
4601376,147220000,0,.rodata,18,19,1,True,T3,0,0,0,True,ニューエイジヘッド,euc_jp
4601396,147220020,0,.rodata,38,39,1,True,T3,0,0,0,True,新しい魂の道を求める者が着用する頭飾り,euc_jp
4601456,147220080,0,.rodata,34,35,1,True,T3,0,0,0,True,グンチュウサダイニシュレイソウボウ,euc_jp
4601492,147220116,0,.rodata,42,43,1,True,T3,0,0,0,True,中佐の階級の者が着用する第二種礼装用の帽子,euc_jp
4601536,147220160,0,.rodata,18,19,1,True,T3,0,0,0,True,スチュワードハット,euc_jp
4601556,147220180,0,.rodata,28,31,3,True,T3,0,0,0,True,執事やメイドが着用するハット,euc_jp
4601588,147220212,0,.rodata,12,15,3,True,T3,0,0,0,True,近衛兵の帽子,euc_jp
4601604,147220228,0,.rodata,18,19,1,True,T3,0,0,0,True,コノエヘイノボウシ,euc_jp
4601624,147220248,0,.rodata,28,31,3,True,T3,0,0,0,True,城の近衛兵となった術者の帽子,euc_jp
4601656,147220280,0,.rodata,14,15,1,True,T3,0,0,0,True,名策士の頭飾り,euc_jp
4601672,147220296,0,.rodata,24,27,3,True,T3,0,0,0,True,メイサクシノアタマカザリ,euc_jp
4601700,147220324,0,.rodata,28,31,3,True,T3,0,0,0,True,名策士が好んで着用する頭飾り,euc_jp
4601732,147220356,0,.rodata,14,15,1,True,T3,0,0,0,True,アルカナハット,euc_jp
4601748,147220372,0,.rodata,32,35,3,True,T3,0,0,0,True,占い師が着用する摩訶不思議な帽子,euc_jp
4601784,147220408,0,.rodata,14,15,1,True,T3,0,0,0,True,ビリーブハット,euc_jp
4601800,147220424,0,.rodata,28,31,3,True,T3,0,0,0,True,信頼を一身に集める術士の帽子,euc_jp
4601832,147220456,0,.rodata,20,23,3,True,T3,0,0,0,True,アテイメントキャップ,euc_jp
4601856,147220480,0,.rodata,34,35,1,True,T3,0,0,0,True,着る者の目標達成を助けるという帽子,euc_jp
4601892,147220516,0,.rodata,14,15,1,True,T3,0,0,0,True,外法者の頭飾り,euc_jp
4601908,147220532,0,.rodata,24,27,3,True,T3,0,0,0,True,ゲホウモノノアタマカザリ,euc_jp
4601936,147220560,0,.rodata,26,27,1,True,T3,0,0,0,True,外法の術を使う術士の頭飾り,euc_jp
4601964,147220588,0,.rodata,16,19,3,True,T3,0,0,0,True,ミラクルキャップ,euc_jp
4601984,147220608,0,.rodata,30,31,1,True,T3,0,0,0,True,奇跡の力が込められた可愛い帽子,euc_jp
4602016,147220640,0,.rodata,10,11,1,True,T3,0,0,0,True,ラーの帽子,euc_jp
4602028,147220652,0,.rodata,12,15,3,True,T3,0,0,0,True,ラーノボウシ,euc_jp
4602044,147220668,0,.rodata,30,31,1,True,T3,0,0,0,True,宇宙存在ラーの波動を受けた帽子,euc_jp
4602076,147220700,0,.rodata,16,19,3,True,T3,0,0,0,True,ミカハヤヒの帽子,euc_jp
4602096,147220720,0,.rodata,18,19,1,True,T3,0,0,0,True,ミカハヤヒノボウシ,euc_jp
4602116,147220740,0,.rodata,38,39,1,True,T3,0,0,0,True,東方の秘神ミカハヤヒの加護を受けた帽子,euc_jp
4602156,147220780,0,.rodata,12,15,3,True,T3,0,0,0,True,神官の頭飾り,euc_jp
4602172,147220796,0,.rodata,22,23,1,True,T3,0,0,0,True,シンカンノアタマカザリ,euc_jp
4602196,147220820,0,.rodata,20,23,3,True,T3,0,0,0,True,神官の礼服用の頭飾り,euc_jp
4602220,147220844,0,.rodata,16,19,3,True,T3,0,0,0,True,クレセントハット,euc_jp
4602240,147220864,0,.rodata,32,35,3,True,T3,0,0,0,True,三日月の様な美しい輝きを放つ帽子,euc_jp
4602276,147220900,0,.rodata,14,15,1,True,T3,0,0,0,True,ラージャハット,euc_jp
4602292,147220916,0,.rodata,26,27,1,True,T3,0,0,0,True,異国の豪族が身に着ける帽子,euc_jp
4602320,147220944,0,.rodata,12,15,3,True,T3,0,0,0,True,摂政の烏帽子,euc_jp
4602336,147220960,0,.rodata,18,19,1,True,T3,0,0,0,True,セッショウノエボシ,euc_jp
4602356,147220980,0,.rodata,24,27,3,True,T3,0,0,0,True,東方の摂政が着用する帽子,euc_jp
4602384,147221008,0,.rodata,18,19,1,True,T3,0,0,0,True,カポレジームハット,euc_jp
4602404,147221028,0,.rodata,28,31,3,True,T3,0,0,0,True,マフィアの幹部が着用する帽子,euc_jp
4602436,147221060,0,.rodata,12,15,3,True,T3,0,0,0,True,妖精の羽飾り,euc_jp
4602452,147221076,0,.rodata,20,23,3,True,T3,0,0,0,True,ヨウセイノハネカザリ,euc_jp
4602476,147221100,0,.rodata,34,35,1,True,T3,0,0,0,True,妖精の羽根を素材にしたアクセサリー,euc_jp
4602512,147221136,0,.rodata,22,23,1,True,T3,0,0,0,True,セレスティアルキャップ,euc_jp
4602536,147221160,0,.rodata,32,35,3,True,T3,0,0,0,True,かつて天上人が着用したという帽子,euc_jp
4602572,147221196,0,.rodata,16,19,3,True,T3,0,0,0,True,プレシャスハット,euc_jp
4602592,147221216,0,.rodata,22,23,1,True,T3,0,0,0,True,貴い芸術品でもある帽子,euc_jp
4602616,147221240,0,.rodata,18,19,1,True,T3,0,0,0,True,ヴァンパイアマスク,euc_jp
4602636,147221260,0,.rodata,22,23,1,True,T3,0,0,0,True,吸血鬼が着用するマスク,euc_jp
4602660,147221284,0,.rodata,16,19,3,True,T3,0,0,0,True,クリスタルピアス,euc_jp
4602680,147221304,0,.rodata,34,35,1,True,T3,0,0,0,True,水晶を加工して作られたアクセサリー,euc_jp
4602716,147221340,0,.rodata,12,15,3,True,T3,0,0,0,True,ＢＨ・ヘルム,euc_jp
4602732,147221356,0,.rodata,20,23,3,True,T3,0,0,0,True,ビーストハイドヘルム,euc_jp
4602756,147221380,0,.rodata,14,15,1,True,T3,0,0,0,True,魔物の革製の兜,euc_jp
4602772,147221396,0,.rodata,22,23,1,True,T3,0,0,0,True,クエーサーオーナメント,euc_jp
4602796,147221420,0,.rodata,30,31,1,True,T3,0,0,0,True,クエーサー級と称えられた額飾り,euc_jp
4602828,147221452,0,.rodata,16,19,3,True,T3,0,0,0,True,トゥルシーヘルム,euc_jp
4602848,147221472,0,.rodata,28,31,3,True,T3,0,0,0,True,霊草トゥルシーの名を冠する兜,euc_jp
4602880,147221504,0,.rodata,18,19,1,True,T3,0,0,0,True,バーバリアンヘルム,euc_jp
4602900,147221524,0,.rodata,44,47,3,True,T3,0,0,0,True,最大の弱点となる頭部を完全なまでに保護する兜,euc_jp
4602948,147221572,0,.rodata,14,15,1,True,T3,0,0,0,True,騎兵隊猟兵の兜,euc_jp
4602964,147221588,0,.rodata,28,31,3,True,T3,0,0,0,True,キヘイタイリョウヘイノカブト,euc_jp
4602996,147221620,0,.rodata,24,27,3,True,T3,0,0,0,True,騎兵隊猟兵に支給される兜,euc_jp
4603024,147221648,0,.rodata,18,19,1,True,T3,0,0,0,True,オリカルクムヘルム,euc_jp
4603044,147221668,0,.rodata,18,19,1,True,T3,0,0,0,True,オリカルクム製の兜,euc_jp
4603064,147221688,0,.rodata,14,15,1,True,T3,0,0,0,True,クロームヘルム,euc_jp
4603080,147221704,0,.rodata,32,35,3,True,T3,0,0,0,True,小さなクロームの板をあしらった兜,euc_jp
4603116,147221740,0,.rodata,12,15,3,True,T3,0,0,0,True,鬼神の額当て,euc_jp
4603132,147221756,0,.rodata,16,19,3,True,T3,0,0,0,True,キシンノヌカアテ,euc_jp
4603152,147221776,0,.rodata,40,43,3,True,T3,0,0,0,True,戦鬼となった闘士が身に着けるという額当て,euc_jp
4603196,147221820,0,.rodata,8,11,3,True,T3,0,0,0,True,覇龍の兜,euc_jp
4603208,147221832,0,.rodata,16,19,3,True,T3,0,0,0,True,ハリュウノカブト,euc_jp
4603228,147221852,0,.rodata,26,27,1,True,T3,0,0,0,True,覇龍の魂が宿るといわれる兜,euc_jp
4603256,147221880,0,.rodata,18,19,1,True,T3,0,0,0,True,アークロードヘルム,euc_jp
4603276,147221900,0,.rodata,32,35,3,True,T3,0,0,0,True,上級の爵位を持つ者に与えられる兜,euc_jp
4603312,147221936,0,.rodata,14,15,1,True,T3,0,0,0,True,ドラゴンヘッド,euc_jp
4603328,147221952,0,.rodata,24,27,3,True,T3,0,0,0,True,竜の威風を持つ頭部用防具,euc_jp
4603356,147221980,0,.rodata,8,11,3,True,T3,0,0,0,True,義経の兜,euc_jp
4603368,147221992,0,.rodata,16,19,3,True,T3,0,0,0,True,ヨシツネノカブト,euc_jp
4603388,147222012,0,.rodata,36,39,3,True,T3,0,0,0,True,東方の戦の麒麟児義経が着用していた兜,euc_jp
4603428,147222052,0,.rodata,16,19,3,True,T3,0,0,0,True,カーネルキャップ,euc_jp
4603448,147222072,0,.rodata,16,19,3,True,T3,0,0,0,True,上級士官用の帽子,euc_jp
4603468,147222092,0,.rodata,12,15,3,True,T3,0,0,0,True,シノビマスク,euc_jp
4603484,147222108,0,.rodata,32,35,3,True,T3,0,0,0,True,名のある忍びが着用していたマスク,euc_jp
4603520,147222144,0,.rodata,18,19,1,True,T3,0,0,0,True,エンシェントヘルム,euc_jp
4603540,147222164,0,.rodata,32,35,3,True,T3,0,0,0,True,伝説の製法で作られた全身鎧の頭部,euc_jp
4603576,147222200,0,.rodata,16,19,3,True,T3,0,0,0,True,マイトレヤヘルム,euc_jp
4603596,147222220,0,.rodata,44,47,3,True,T3,0,0,0,True,古の聖人マイトレヤに正義を誓う者が着用する兜,euc_jp
4603644,147222268,0,.rodata,16,19,3,True,T3,0,0,0,True,ダイミョーヘルム,euc_jp
4603664,147222288,0,.rodata,24,27,3,True,T3,0,0,0,True,戦国大名を彷彿とさせる兜,euc_jp
4603692,147222316,0,.rodata,14,15,1,True,T3,0,0,0,True,デュークヘルム,euc_jp
4603708,147222332,0,.rodata,36,39,3,True,T3,0,0,0,True,デュークの称号を持つ者に与えられる兜,euc_jp
4603748,147222372,0,.rodata,16,19,3,True,T3,0,0,0,True,テムサーフヘルム,euc_jp
4603768,147222392,0,.rodata,34,35,1,True,T3,0,0,0,True,千夜一夜の魔法の国で鰐を意味する兜,euc_jp
4603804,147222428,0,.rodata,14,15,1,True,T3,0,0,0,True,アヌビスヘルム,euc_jp
4603820,147222444,0,.rodata,26,27,1,True,T3,0,0,0,True,獣神アヌビスの名を冠する兜,euc_jp
4603848,147222472,0,.rodata,18,19,1,True,T3,0,0,0,True,守護騎士団の頭飾り,euc_jp
4603868,147222492,0,.rodata,28,31,3,True,T3,0,0,0,True,シュゴキシダンノアタマカザリ,euc_jp
4603900,147222524,0,.rodata,30,31,1,True,T3,0,0,0,True,守護騎士団所属の証となる頭飾り,euc_jp
4603932,147222556,0,.rodata,12,15,3,True,T3,0,0,0,True,ルーンヘルム,euc_jp
4603948,147222572,0,.rodata,18,19,1,True,T3,0,0,0,True,神秘文様を刻んだ兜,euc_jp
4603968,147222592,0,.rodata,14,15,1,True,T3,0,0,0,True,ゴーストヘルム,euc_jp
4603984,147222608,0,.rodata,22,23,1,True,T3,0,0,0,True,禍々しい意匠の鎧の頭部,euc_jp
4604008,147222632,0,.rodata,16,19,3,True,T3,0,0,0,True,コロッサスヘッド,euc_jp
4604028,147222652,0,.rodata,34,35,1,True,T3,0,0,0,True,伝説の巨神と見紛う防御と威圧感の兜,euc_jp
4604064,147222688,0,.rodata,16,19,3,True,T3,0,0,0,True,ルシフェルホーン,euc_jp
4604084,147222708,0,.rodata,40,43,3,True,T3,0,0,0,True,魔界の皇帝ルシフェルの福音を受けたホーン,euc_jp
4604128,147222752,0,.rodata,22,23,1,True,T3,0,0,0,True,玄人傭兵のヘッドバンド,euc_jp
4604152,147222776,0,.rodata,30,31,1,True,T3,0,0,0,True,クロウトヨウヘイノヘッドバンド,euc_jp
4604184,147222808,0,.rodata,30,31,1,True,T3,0,0,0,True,玄人傭兵が着用するヘッドバンド,euc_jp
4604216,147222840,0,.rodata,16,19,3,True,T3,0,0,0,True,フェザーキャップ,euc_jp
4604236,147222860,0,.rodata,16,19,3,True,T3,0,0,0,True,羽の様に軽い帽子,euc_jp
4604256,147222880,0,.rodata,16,19,3,True,T3,0,0,0,True,イーグルフェザー,euc_jp
4604276,147222900,0,.rodata,46,47,1,True,T3,0,0,0,True,とある民族の守り神イーグルの加護を受けた頭飾り,euc_jp
4604324,147222948,0,.rodata,20,23,3,True,T3,0,0,0,True,ガンスリンガーハット,euc_jp
4604348,147222972,0,.rodata,26,27,1,True,T3,0,0,0,True,早撃ちの名手が着用する帽子,euc_jp
4604388,147223012,0,.rodata,16,19,3,True,T3,0,0,0,True,シンコウハチガネ,euc_jp
4604408,147223032,0,.rodata,14,15,1,True,T3,0,0,0,True,神光発する鉢金,euc_jp
4604424,147223048,0,.rodata,12,15,3,True,T3,0,0,0,True,僧正の額当て,euc_jp
4604440,147223064,0,.rodata,20,23,3,True,T3,0,0,0,True,ソウジョウノヌカアテ,euc_jp
4604464,147223088,0,.rodata,30,31,1,True,T3,0,0,0,True,説法に赴く僧正が着用する額当て,euc_jp
4604496,147223120,0,.rodata,18,19,1,True,T3,0,0,0,True,マーセナリゴーグル,euc_jp
4604516,147223140,0,.rodata,32,35,3,True,T3,0,0,0,True,歴戦の傭兵の活動に適したゴーグル,euc_jp
4604552,147223176,0,.rodata,10,11,1,True,T3,0,0,0,True,総督の帽子,euc_jp
4604564,147223188,0,.rodata,16,19,3,True,T3,0,0,0,True,ソウトクノボウシ,euc_jp
4604584,147223208,0,.rodata,30,31,1,True,T3,0,0,0,True,総督が警備の巡察で着用する帽子,euc_jp
4604616,147223240,0,.rodata,16,19,3,True,T3,0,0,0,True,ウエスタンバンド,euc_jp
4604636,147223260,0,.rodata,28,31,3,True,T3,0,0,0,True,荒野の用心棒が着用するバンド,euc_jp
4604668,147223292,0,.rodata,10,11,1,True,T3,0,0,0,True,僧正の頭巾,euc_jp
4604680,147223304,0,.rodata,18,19,1,True,T3,0,0,0,True,ソウジョウノズキン,euc_jp
4604700,147223324,0,.rodata,22,23,1,True,T3,0,0,0,True,教義を広める僧正の頭巾,euc_jp
4604724,147223348,0,.rodata,16,19,3,True,T3,0,0,0,True,アドミラルハット,euc_jp
4604744,147223368,0,.rodata,30,31,1,True,T3,0,0,0,True,艦隊を率いる提督が着用する帽子,euc_jp
4604776,147223400,0,.rodata,14,15,1,True,T3,0,0,0,True,天狗討ちの鉢巻,euc_jp
4604792,147223416,0,.rodata,20,23,3,True,T3,0,0,0,True,テングウチノハチマキ,euc_jp
4604816,147223440,0,.rodata,36,39,3,True,T3,0,0,0,True,物の怪天狗を討伐する者が着用する鉢巻,euc_jp
4604856,147223480,0,.rodata,16,19,3,True,T3,0,0,0,True,ウィッチターバン,euc_jp
4604876,147223500,0,.rodata,24,27,3,True,T3,0,0,0,True,魔法で強化されたターバン,euc_jp
4604904,147223528,0,.rodata,20,23,3,True,T3,0,0,0,True,ピューマオーナメント,euc_jp
4604928,147223552,0,.rodata,46,47,1,True,T3,0,0,0,True,呪術師シルバー・ピューマが祈祷したオーナメント,euc_jp
4604976,147223600,0,.rodata,20,23,3,True,T3,0,0,0,True,暗殺教団のアイパッチ,euc_jp
4605000,147223624,0,.rodata,30,31,1,True,T3,0,0,0,True,アンサツキョウダンノアイパッチ,euc_jp
4605032,147223656,0,.rodata,32,35,3,True,T3,0,0,0,True,謎の暗殺教団が着用するアイパッチ,euc_jp
4605068,147223692,0,.rodata,12,15,3,True,T3,0,0,0,True,龍王の髪飾り,euc_jp
4605084,147223708,0,.rodata,22,23,1,True,T3,0,0,0,True,リュウオウノカミカザリ,euc_jp
4605108,147223732,0,.rodata,38,39,1,True,T3,0,0,0,True,龍王の位を持つ功夫使いが着用する髪飾り,euc_jp
4605148,147223772,0,.rodata,16,19,3,True,T3,0,0,0,True,竜調教師の額当て,euc_jp
4605168,147223792,0,.rodata,30,31,1,True,T3,0,0,0,True,リュウチョウキョウシノヌカアテ,euc_jp
4605200,147223824,0,.rodata,38,39,1,True,T3,0,0,0,True,竜の調教を生業とする者が着用する額当て,euc_jp
4605240,147223864,0,.rodata,14,15,1,True,T3,0,0,0,True,精霊学士の帽子,euc_jp
4605256,147223880,0,.rodata,22,23,1,True,T3,0,0,0,True,セイレイガクシノボウシ,euc_jp
4605280,147223904,0,.rodata,32,35,3,True,T3,0,0,0,True,校則に定められた精霊学士用の帽子,euc_jp
4605316,147223940,0,.rodata,12,15,3,True,T3,0,0,0,True,武舞の額当て,euc_jp
4605332,147223956,0,.rodata,16,19,3,True,T3,0,0,0,True,ブマイノヌカアテ,euc_jp
4605352,147223976,0,.rodata,36,39,3,True,T3,0,0,0,True,神前儀式で勇猛な動きで舞う者の額当て,euc_jp
4605392,147224016,0,.rodata,12,15,3,True,T3,0,0,0,True,白虎の髪飾り,euc_jp
4605408,147224032,0,.rodata,20,23,3,True,T3,0,0,0,True,ビャッコノカミカザリ,euc_jp
4605432,147224056,0,.rodata,26,27,1,True,T3,0,0,0,True,聖獣白虎の名を冠する髪飾り,euc_jp
4605460,147224084,0,.rodata,14,15,1,True,T3,0,0,0,True,実践者の額当て,euc_jp
4605476,147224100,0,.rodata,22,23,1,True,T3,0,0,0,True,ジッセンモノノヌカアテ,euc_jp
4605500,147224124,0,.rodata,28,31,3,True,T3,0,0,0,True,実践者の術士が着用する額当て,euc_jp
4605532,147224156,0,.rodata,14,15,1,True,T3,0,0,0,True,被免達人の帽子,euc_jp
4605548,147224172,0,.rodata,22,23,1,True,T3,0,0,0,True,ヒメンタツジンノボウシ,euc_jp
4605572,147224196,0,.rodata,40,43,3,True,T3,0,0,0,True,魔術結社で被免達人の階位に与えられる帽子,euc_jp
4605616,147224240,0,.rodata,18,19,1,True,T3,0,0,0,True,サッバロットハット,euc_jp
4605636,147224260,0,.rodata,20,23,3,True,T3,0,0,0,True,パイナップル染の帽子,euc_jp
4605660,147224284,0,.rodata,18,19,1,True,T3,0,0,0,True,コンタクティヘッド,euc_jp
4605680,147224304,0,.rodata,42,43,1,True,T3,0,0,0,True,魂で超常的存在と接触する者が着用する頭飾り,euc_jp
4605744,147224368,0,.rodata,32,35,3,True,T3,0,0,0,True,グンタイサダイニシュレイソウボウ,euc_jp
4605780,147224404,0,.rodata,42,43,1,True,T3,0,0,0,True,大佐の階級の者が着用する第二種礼装用の帽子,euc_jp
4605824,147224448,0,.rodata,18,19,1,True,T3,0,0,0,True,セクレタリーハット,euc_jp
4605844,147224468,0,.rodata,20,23,3,True,T3,0,0,0,True,秘書が着用するハット,euc_jp
4605868,147224492,0,.rodata,14,15,1,True,T3,0,0,0,True,親衛隊長の帽子,euc_jp
4605884,147224508,0,.rodata,26,27,1,True,T3,0,0,0,True,シンエイタイチョウノボウシ,euc_jp
4605912,147224536,0,.rodata,30,31,1,True,T3,0,0,0,True,城の親衛隊長となった術者の帽子,euc_jp
4605944,147224568,0,.rodata,14,15,1,True,T3,0,0,0,True,名軍師の頭飾り,euc_jp
4605960,147224584,0,.rodata,24,27,3,True,T3,0,0,0,True,メイグンシノアタマカザリ,euc_jp
4605988,147224612,0,.rodata,28,31,3,True,T3,0,0,0,True,名軍師が好んで着用する頭飾り,euc_jp
4606020,147224644,0,.rodata,12,15,3,True,T3,0,0,0,True,ルーンハット,euc_jp
4606036,147224660,0,.rodata,26,27,1,True,T3,0,0,0,True,裏地に神秘文様を施した帽子,euc_jp
4606064,147224688,0,.rodata,14,15,1,True,T3,0,0,0,True,セイントハット,euc_jp
4606080,147224704,0,.rodata,22,23,1,True,T3,0,0,0,True,神に愛されし聖人の帽子,euc_jp
4606104,147224728,0,.rodata,18,19,1,True,T3,0,0,0,True,ワーロックキャップ,euc_jp
4606124,147224748,0,.rodata,30,31,1,True,T3,0,0,0,True,上位のワーロックが着用する帽子,euc_jp
4606156,147224780,0,.rodata,14,15,1,True,T3,0,0,0,True,異端者の頭飾り,euc_jp
4606172,147224796,0,.rodata,24,27,3,True,T3,0,0,0,True,イタンモノノアタマカザリ,euc_jp
4606200,147224824,0,.rodata,38,39,1,True,T3,0,0,0,True,正道から外れ異端の道を行く術士の頭飾り,euc_jp
4606240,147224864,0,.rodata,18,19,1,True,T3,0,0,0,True,フラッシュキャップ,euc_jp
4606272,147224896,0,.rodata,14,15,1,True,T3,0,0,0,True,エイワスの帽子,euc_jp
4606288,147224912,0,.rodata,16,19,3,True,T3,0,0,0,True,エイワスノボウシ,euc_jp
4606308,147224932,0,.rodata,34,35,1,True,T3,0,0,0,True,宇宙存在エイワスの波動を受けた帽子,euc_jp
4606344,147224968,0,.rodata,18,19,1,True,T3,0,0,0,True,クラヤマツミの帽子,euc_jp
4606364,147224988,0,.rodata,20,23,3,True,T3,0,0,0,True,クラヤマツミノボウシ,euc_jp
4606388,147225012,0,.rodata,40,43,3,True,T3,0,0,0,True,東方の秘神クラヤマツミの加護を受けた帽子,euc_jp
4606432,147225056,0,.rodata,14,15,1,True,T3,0,0,0,True,預言者の頭飾り,euc_jp
4606448,147225072,0,.rodata,24,27,3,True,T3,0,0,0,True,ヨゲンシャノアタマカザリ,euc_jp
4606476,147225100,0,.rodata,46,47,1,True,T3,0,0,0,True,この頭飾りを着ける者は神託を得られると言われる,euc_jp
4606524,147225148,0,.rodata,12,15,3,True,T3,0,0,0,True,ムーンハット,euc_jp
4606540,147225164,0,.rodata,32,35,3,True,T3,0,0,0,True,夜空を支配する月の力で満ちた帽子,euc_jp
4606576,147225200,0,.rodata,14,15,1,True,T3,0,0,0,True,スルタンハット,euc_jp
4606592,147225216,0,.rodata,26,27,1,True,T3,0,0,0,True,異国の国王が身に着ける帽子,euc_jp
4606620,147225244,0,.rodata,12,15,3,True,T3,0,0,0,True,関白の烏帽子,euc_jp
4606636,147225260,0,.rodata,16,19,3,True,T3,0,0,0,True,カンパクノエボシ,euc_jp
4606656,147225280,0,.rodata,34,35,1,True,T3,0,0,0,True,東方で最も高位の貴族が着用する帽子,euc_jp
4606692,147225316,0,.rodata,18,19,1,True,T3,0,0,0,True,アンダーボスハット,euc_jp
4606712,147225336,0,.rodata,28,31,3,True,T3,0,0,0,True,マフィアの若頭が着用する帽子,euc_jp
4606744,147225368,0,.rodata,12,15,3,True,T3,0,0,0,True,精霊の羽飾り,euc_jp
4606760,147225384,0,.rodata,20,23,3,True,T3,0,0,0,True,セイレイノハネカザリ,euc_jp
4606784,147225408,0,.rodata,34,35,1,True,T3,0,0,0,True,精霊の羽根を素材にしたアクセサリー,euc_jp
4606820,147225444,0,.rodata,14,15,1,True,T3,0,0,0,True,スターキャップ,euc_jp
4606836,147225460,0,.rodata,26,27,1,True,T3,0,0,0,True,天空の星の力で身を守る帽子,euc_jp
4606864,147225488,0,.rodata,16,19,3,True,T3,0,0,0,True,レジェンドハット,euc_jp
4606884,147225508,0,.rodata,42,43,1,True,T3,0,0,0,True,伝説のパタンナーが現代に蘇らせた古代の帽子,euc_jp
4606928,147225552,0,.rodata,12,15,3,True,T3,0,0,0,True,始祖のマスク,euc_jp
4606944,147225568,0,.rodata,12,15,3,True,T3,0,0,0,True,シソノマスク,euc_jp
4606960,147225584,0,.rodata,24,27,3,True,T3,0,0,0,True,不死の王が着用するマスク,euc_jp
4606988,147225612,0,.rodata,16,19,3,True,T3,0,0,0,True,レインボーピアス,euc_jp
4607008,147225632,0,.rodata,36,39,3,True,T3,0,0,0,True,虹色に輝く宝石で作られたアクセサリー,euc_jp
4607048,147225672,0,.rodata,8,11,3,True,T3,0,0,0,True,戦士の兜,euc_jp
4607060,147225684,0,.rodata,14,15,1,True,T3,0,0,0,True,センシノカブト,euc_jp
4607076,147225700,0,.rodata,36,39,3,True,T3,0,0,0,True,ディセンダーと認められた戦士専用の兜,euc_jp
4607116,147225740,0,.rodata,8,11,3,True,T3,0,0,0,True,剣士の兜,euc_jp
4607128,147225752,0,.rodata,14,15,1,True,T3,0,0,0,True,ケンシノカブト,euc_jp
4607144,147225768,0,.rodata,36,39,3,True,T3,0,0,0,True,ディセンダーと認められた剣士専用の兜,euc_jp
4607184,147225808,0,.rodata,16,19,3,True,T3,0,0,0,True,魔法剣士の額当て,euc_jp
4607204,147225828,0,.rodata,22,23,1,True,T3,0,0,0,True,マホウケンシノヌカアテ,euc_jp
4607228,147225852,0,.rodata,44,47,3,True,T3,0,0,0,True,ディセンダーと認められた魔法剣士専用の額当て,euc_jp
4607276,147225900,0,.rodata,14,15,1,True,T3,0,0,0,True,拳闘士のバンド,euc_jp
4607292,147225916,0,.rodata,18,19,1,True,T3,0,0,0,True,ケントウシノバンド,euc_jp
4607312,147225936,0,.rodata,42,43,1,True,T3,0,0,0,True,ディセンダーと認められた格闘家専用のバンド,euc_jp
4607356,147225980,0,.rodata,10,11,1,True,T3,0,0,0,True,狩人の帽子,euc_jp
4607368,147225992,0,.rodata,18,19,1,True,T3,0,0,0,True,カリュウドノボウシ,euc_jp
4607388,147226012,0,.rodata,38,39,1,True,T3,0,0,0,True,ディセンダーと認められた狩人専用の帽子,euc_jp
4607428,147226052,0,.rodata,12,15,3,True,T3,0,0,0,True,盗賊のドミノ,euc_jp
4607444,147226068,0,.rodata,16,19,3,True,T3,0,0,0,True,トウゾクノドミノ,euc_jp
4607464,147226088,0,.rodata,40,43,3,True,T3,0,0,0,True,ディセンダーと認められた盗賊専用のドミノ,euc_jp
4607508,147226132,0,.rodata,10,11,1,True,T3,0,0,0,True,忍の額当て,euc_jp
4607520,147226144,0,.rodata,16,19,3,True,T3,0,0,0,True,シノビノヌカアテ,euc_jp
4607540,147226164,0,.rodata,40,43,3,True,T3,0,0,0,True,ディセンダーと認められた忍者専用の額当て,euc_jp
4607584,147226208,0,.rodata,12,15,3,True,T3,0,0,0,True,魔術師の帽子,euc_jp
4607600,147226224,0,.rodata,18,19,1,True,T3,0,0,0,True,マジュツシノボウシ,euc_jp
4607620,147226244,0,.rodata,40,43,3,True,T3,0,0,0,True,ディセンダーと認められた魔術師専用の帽子,euc_jp
4607664,147226288,0,.rodata,12,15,3,True,T3,0,0,0,True,修道士の帽子,euc_jp
4607680,147226304,0,.rodata,20,23,3,True,T3,0,0,0,True,シュウドウシノボウシ,euc_jp
4607704,147226328,0,.rodata,38,39,1,True,T3,0,0,0,True,ディセンダーと認められた僧侶専用の帽子,euc_jp
4607744,147226368,0,.rodata,12,15,3,True,T3,0,0,0,True,司教のミトル,euc_jp
4607760,147226384,0,.rodata,16,19,3,True,T3,0,0,0,True,シキョウノミトル,euc_jp
4607780,147226404,0,.rodata,46,47,1,True,T3,0,0,0,True,ディセンダーと認められたビショップ専用のミトル,euc_jp
4607828,147226452,0,.rodata,12,15,3,True,T3,0,0,0,True,二刀剣士の兜,euc_jp
4607844,147226468,0,.rodata,20,23,3,True,T3,0,0,0,True,ニトウケンシノカブト,euc_jp
4607868,147226492,0,.rodata,38,39,1,True,T3,0,0,0,True,ディセンダーと認められた双剣士専用の兜,euc_jp
4607908,147226532,0,.rodata,10,11,1,True,T3,0,0,0,True,大剣士の兜,euc_jp
4607920,147226544,0,.rodata,18,19,1,True,T3,0,0,0,True,ダイケンシノカブト,euc_jp
4607940,147226564,0,.rodata,38,39,1,True,T3,0,0,0,True,ディセンダーと認められた大剣士専用の兜,euc_jp
4607980,147226604,0,.rodata,14,15,1,True,T3,0,0,0,True,准拳士のバンド,euc_jp
4607996,147226620,0,.rodata,20,23,3,True,T3,0,0,0,True,ジュンケンシノバンド,euc_jp
4608020,147226644,0,.rodata,42,43,1,True,T3,0,0,0,True,ディセンダーと認められたモンク専用のバンド,euc_jp
4608064,147226688,0,.rodata,10,11,1,True,T3,0,0,0,True,従士隊の冠,euc_jp
4608076,147226700,0,.rodata,22,23,1,True,T3,0,0,0,True,ジュウシタイノカンムリ,euc_jp
4608100,147226724,0,.rodata,38,39,1,True,T3,0,0,0,True,ディセンダーと認められた聖騎士専用の冠,euc_jp
4608140,147226764,0,.rodata,14,15,1,True,T3,0,0,0,True,狙撃手の頭飾り,euc_jp
4608156,147226780,0,.rodata,24,27,3,True,T3,0,0,0,True,ソゲキシュノアタマカザリ,euc_jp
4608184,147226808,0,.rodata,44,47,3,True,T3,0,0,0,True,ディセンダーと認められたガンマン専用の頭飾り,euc_jp
4608232,147226856,0,.rodata,8,11,3,True,T3,0,0,0,True,闘士の兜,euc_jp
4608244,147226868,0,.rodata,14,15,1,True,T3,0,0,0,True,トウシノカブト,euc_jp
4608260,147226884,0,.rodata,38,39,1,True,T3,0,0,0,True,ディセンダーの為に作られた戦士専用の兜,euc_jp
4608300,147226924,0,.rodata,8,11,3,True,T3,0,0,0,True,騎士の兜,euc_jp
4608312,147226936,0,.rodata,12,15,3,True,T3,0,0,0,True,キシノカブト,euc_jp
4608328,147226952,0,.rodata,38,39,1,True,T3,0,0,0,True,ディセンダーの為に作られた剣士専用の兜,euc_jp
4608368,147226992,0,.rodata,16,19,3,True,T3,0,0,0,True,魔法騎士の額当て,euc_jp
4608388,147227012,0,.rodata,20,23,3,True,T3,0,0,0,True,マホウキシノヌカアテ,euc_jp
4608412,147227036,0,.rodata,46,47,1,True,T3,0,0,0,True,ディセンダーの為に作られた魔法剣士専用の額当て,euc_jp
4608460,147227084,0,.rodata,14,15,1,True,T3,0,0,0,True,小覇王のバンド,euc_jp
4608476,147227100,0,.rodata,20,23,3,True,T3,0,0,0,True,ショウハオウノカブト,euc_jp
4608500,147227124,0,.rodata,44,47,3,True,T3,0,0,0,True,ディセンダーの為に作られた格闘家専用のバンド,euc_jp
4608548,147227172,0,.rodata,12,15,3,True,T3,0,0,0,True,名射手の帽子,euc_jp
4608564,147227188,0,.rodata,18,19,1,True,T3,0,0,0,True,メイイシュノボウシ,euc_jp
4608584,147227208,0,.rodata,40,43,3,True,T3,0,0,0,True,ディセンダーの為に作られた狩人専用の帽子,euc_jp
4608628,147227252,0,.rodata,12,15,3,True,T3,0,0,0,True,義賊のドミノ,euc_jp
4608644,147227268,0,.rodata,14,15,1,True,T3,0,0,0,True,ギゾクノドミノ,euc_jp
4608660,147227284,0,.rodata,42,43,1,True,T3,0,0,0,True,ディセンダーの為に作られた盗賊専用のドミノ,euc_jp
4608704,147227328,0,.rodata,12,15,3,True,T3,0,0,0,True,頭領の額当て,euc_jp
4608720,147227344,0,.rodata,20,23,3,True,T3,0,0,0,True,トウリョウノヌカアテ,euc_jp
4608744,147227368,0,.rodata,42,43,1,True,T3,0,0,0,True,ディセンダーの為に作られた忍者専用の額当て,euc_jp
4608788,147227412,0,.rodata,12,15,3,True,T3,0,0,0,True,魔導師の帽子,euc_jp
4608804,147227428,0,.rodata,16,19,3,True,T3,0,0,0,True,マドウシノボウシ,euc_jp
4608824,147227448,0,.rodata,42,43,1,True,T3,0,0,0,True,ディセンダーの為に作られた魔術師専用の帽子,euc_jp
4608868,147227492,0,.rodata,10,11,1,True,T3,0,0,0,True,司祭の帽子,euc_jp
4608880,147227504,0,.rodata,14,15,1,True,T3,0,0,0,True,シサイノボウシ,euc_jp
4608896,147227520,0,.rodata,40,43,3,True,T3,0,0,0,True,ディセンダーの為に作られた僧侶専用の帽子,euc_jp
4608940,147227564,0,.rodata,12,15,3,True,T3,0,0,0,True,教皇のミトル,euc_jp
4608956,147227580,0,.rodata,18,19,1,True,T3,0,0,0,True,キョウコウノミトル,euc_jp
4608976,147227600,0,.rodata,48,51,3,True,T3,0,0,0,True,ディセンダーの為に作られたビショップ専用のミトル,euc_jp
4609028,147227652,0,.rodata,12,15,3,True,T3,0,0,0,True,二天剣士の兜,euc_jp
4609044,147227668,0,.rodata,20,23,3,True,T3,0,0,0,True,ニテンケンシノカブト,euc_jp
4609068,147227692,0,.rodata,40,43,3,True,T3,0,0,0,True,ディセンダーの為に作られた双剣士専用の兜,euc_jp
4609112,147227736,0,.rodata,14,15,1,True,T3,0,0,0,True,処刑執行人の兜,euc_jp
4609128,147227752,0,.rodata,28,31,3,True,T3,0,0,0,True,ショケイシッコウニンノカブト,euc_jp
4609160,147227784,0,.rodata,40,43,3,True,T3,0,0,0,True,ディセンダーの為に作られた大剣士専用の兜,euc_jp
4609204,147227828,0,.rodata,14,15,1,True,T3,0,0,0,True,大範士のバンド,euc_jp
4609220,147227844,0,.rodata,18,19,1,True,T3,0,0,0,True,ダイハンシノバンド,euc_jp
4609240,147227864,0,.rodata,44,47,3,True,T3,0,0,0,True,ディセンダーの為に作られたモンク専用のバンド,euc_jp
4609288,147227912,0,.rodata,8,11,3,True,T3,0,0,0,True,剣聖の冠,euc_jp
4609300,147227924,0,.rodata,18,19,1,True,T3,0,0,0,True,ケンセイノカンムリ,euc_jp
4609320,147227944,0,.rodata,40,43,3,True,T3,0,0,0,True,ディセンダーの為に作られた聖騎士専用の冠,euc_jp
4609364,147227988,0,.rodata,18,19,1,True,T3,0,0,0,True,ガンマスターヘッド,euc_jp
4609384,147228008,0,.rodata,46,47,1,True,T3,0,0,0,True,ディセンダーの為に作られたガンマン専用の頭飾り,euc_jp
4609432,147228056,0,.rodata,16,19,3,True,T3,0,0,0,True,ゴールデンヘルム,euc_jp
4609452,147228076,0,.rodata,44,47,3,True,T3,0,0,0,True,イシュタル伝説に名を残す勇者ギルガメシュの兜,euc_jp
4609500,147228124,0,.rodata,14,15,1,True,T3,0,0,0,True,エンヴィセイジ,euc_jp
4609516,147228140,0,.rodata,42,43,1,True,T3,0,0,0,True,その昔、野心あふれる勇将が用いたとされる兜,euc_jp
4609560,147228184,0,.rodata,12,15,3,True,T3,0,0,0,True,スサノオの兜,euc_jp
4609576,147228200,0,.rodata,40,43,3,True,T3,0,0,0,True,神話に登場する神が着けたとされる伝説の兜,euc_jp
4609620,147228244,0,.rodata,12,15,3,True,T3,0,0,0,True,デスペラード,euc_jp
4609636,147228260,0,.rodata,48,51,3,True,T3,0,0,0,True,その昔、暗黒に属する騎士が装備していたと言われる,euc_jp
4609688,147228312,0,.rodata,16,19,3,True,T3,0,0,0,True,エンジェルリング,euc_jp
4609708,147228332,0,.rodata,44,47,3,True,T3,0,0,0,True,天使がその証として着けたとされるサークレット,euc_jp
4609756,147228380,0,.rodata,18,19,1,True,T3,0,0,0,True,アイフリードハット,euc_jp
4609776,147228400,0,.rodata,48,51,3,True,T3,0,0,0,True,伝説の海賊アイフリードが着用していたとされる帽子,euc_jp
4609828,147228452,0,.rodata,12,15,3,True,T3,0,0,0,True,パイレックス,euc_jp
4609844,147228468,0,.rodata,48,51,3,True,T3,0,0,0,True,どんな熱をも通さぬとされるガラスで作られた頭飾り,euc_jp
4609896,147228520,0,.rodata,22,23,1,True,T3,0,0,0,True,スターダストストリーム,euc_jp
4609920,147228544,0,.rodata,40,43,3,True,T3,0,0,0,True,銀河の如き深き真理を得るという伝説の帽子,euc_jp
4609964,147228588,0,.rodata,12,15,3,True,T3,0,0,0,True,アフロへアＡ,euc_jp
4609980,147228604,0,.rodata,32,35,3,True,T3,0,0,0,True,ソウルフルな貴方に捧ぐ至高の一品,euc_jp
4610016,147228640,0,.rodata,12,15,3,True,T3,0,0,0,True,アフロへアＢ,euc_jp
4610032,147228656,0,.rodata,12,15,3,True,T3,0,0,0,True,アフロへアＣ,euc_jp
4610048,147228672,0,.rodata,12,15,3,True,T3,0,0,0,True,アフロへアＤ,euc_jp
4610064,147228688,0,.rodata,12,15,3,True,T3,0,0,0,True,アフロへアＥ,euc_jp
4610088,147228712,0,.rodata,10,11,1,True,T3,0,0,0,True,アカオニＡ,euc_jp
4610100,147228724,0,.rodata,28,31,3,True,T3,0,0,0,True,二本の鬼の角が生えているヅラ,euc_jp
4610140,147228764,0,.rodata,10,11,1,True,T3,0,0,0,True,アカオニＢ,euc_jp
4610160,147228784,0,.rodata,10,11,1,True,T3,0,0,0,True,アカオニＣ,euc_jp
4610180,147228804,0,.rodata,10,11,1,True,T3,0,0,0,True,アカオニＤ,euc_jp
4610200,147228824,0,.rodata,10,11,1,True,T3,0,0,0,True,アカオニＥ,euc_jp
4610220,147228844,0,.rodata,10,11,1,True,T3,0,0,0,True,アオオニＡ,euc_jp
4610232,147228856,0,.rodata,28,31,3,True,T3,0,0,0,True,一本の鬼の角がオシャレなヅラ,euc_jp
4610272,147228896,0,.rodata,10,11,1,True,T3,0,0,0,True,アオオニＢ,euc_jp
4610292,147228916,0,.rodata,10,11,1,True,T3,0,0,0,True,アオオニＣ,euc_jp
4610312,147228936,0,.rodata,10,11,1,True,T3,0,0,0,True,アオオニＤ,euc_jp
4610332,147228956,0,.rodata,10,11,1,True,T3,0,0,0,True,アオオニＥ,euc_jp
4610344,147228968,0,.rodata,10,11,1,True,T3,0,0,0,True,ねこみみＡ,euc_jp
4610356,147228980,0,.rodata,10,11,1,True,T3,0,0,0,True,ネコミミＡ,euc_jp
4610368,147228992,0,.rodata,26,27,1,True,T3,0,0,0,True,猫の耳を模したカチューシャ,euc_jp
4610396,147229020,0,.rodata,10,11,1,True,T3,0,0,0,True,ねこみみＢ,euc_jp
4610408,147229032,0,.rodata,10,11,1,True,T3,0,0,0,True,ネコミミＢ,euc_jp
4610420,147229044,0,.rodata,10,11,1,True,T3,0,0,0,True,ねこみみＣ,euc_jp
4610432,147229056,0,.rodata,10,11,1,True,T3,0,0,0,True,ネコミミＣ,euc_jp
4610444,147229068,0,.rodata,10,11,1,True,T3,0,0,0,True,ねこみみＤ,euc_jp
4610456,147229080,0,.rodata,10,11,1,True,T3,0,0,0,True,ネコミミＤ,euc_jp
4610468,147229092,0,.rodata,10,11,1,True,T3,0,0,0,True,ねこみみＥ,euc_jp
4610480,147229104,0,.rodata,10,11,1,True,T3,0,0,0,True,ネコミミＥ,euc_jp
4610492,147229116,0,.rodata,14,15,1,True,T3,0,0,0,True,バニーヘッドＡ,euc_jp
4610508,147229132,0,.rodata,30,31,1,True,T3,0,0,0,True,うさぎの耳を模したカチューシャ,euc_jp
4610540,147229164,0,.rodata,14,15,1,True,T3,0,0,0,True,バニーヘッドＢ,euc_jp
4610556,147229180,0,.rodata,14,15,1,True,T3,0,0,0,True,バニーヘッドＣ,euc_jp
4610572,147229196,0,.rodata,14,15,1,True,T3,0,0,0,True,バニーヘッドＤ,euc_jp
4610588,147229212,0,.rodata,14,15,1,True,T3,0,0,0,True,バニーヘッドＥ,euc_jp
4610604,147229228,0,.rodata,18,19,1,True,T3,0,0,0,True,パーティキャップＡ,euc_jp
4610624,147229248,0,.rodata,40,43,3,True,T3,0,0,0,True,コレを身に着ければ一人でもさびしくない？,euc_jp
4610668,147229292,0,.rodata,18,19,1,True,T3,0,0,0,True,パーティキャップＢ,euc_jp
4610688,147229312,0,.rodata,18,19,1,True,T3,0,0,0,True,パーティキャップＣ,euc_jp
4610708,147229332,0,.rodata,10,11,1,True,T3,0,0,0,True,カボチャ顔,euc_jp
4610720,147229344,0,.rodata,12,15,3,True,T3,0,0,0,True,カボチャガオ,euc_jp
4610736,147229360,0,.rodata,38,39,1,True,T3,0,0,0,True,西方のお祭りに欠かせないカボチャの飾り,euc_jp
4610776,147229400,0,.rodata,8,11,3,True,T3,0,0,0,True,折り紙兜,euc_jp
4610788,147229412,0,.rodata,14,15,1,True,T3,0,0,0,True,オリガミカブト,euc_jp
4610804,147229428,0,.rodata,34,35,1,True,T3,0,0,0,True,紙で作られた兜。防御力はありません,euc_jp
4610848,147229472,0,.rodata,10,11,1,True,T3,0,0,0,True,カガミモチ,euc_jp
4610860,147229484,0,.rodata,30,31,1,True,T3,0,0,0,True,明けましておめでとう御座います,euc_jp
4610900,147229524,0,.rodata,10,11,1,True,T3,0,0,0,True,コウジボウ,euc_jp
4610928,147229552,0,.rodata,14,15,1,True,T3,0,0,0,True,迷彩ヘルメット,euc_jp
4610944,147229568,0,.rodata,18,19,1,True,T3,0,0,0,True,メイサイヘルメット,euc_jp
4610964,147229588,0,.rodata,14,15,1,True,T3,0,0,0,True,兵隊さん御用達,euc_jp
4610980,147229604,0,.rodata,12,15,3,True,T3,0,0,0,True,仮装キャップ,euc_jp
4610996,147229620,0,.rodata,14,15,1,True,T3,0,0,0,True,カソウキャップ,euc_jp
4611012,147229636,0,.rodata,30,31,1,True,T3,0,0,0,True,未練毛がとても魅力的なキャップ,euc_jp
4611044,147229668,0,.rodata,16,19,3,True,T3,0,0,0,True,ねこにんマスクＡ,euc_jp
4611064,147229688,0,.rodata,16,19,3,True,T3,0,0,0,True,ネコニンマスクＡ,euc_jp
4611084,147229708,0,.rodata,46,47,1,True,T3,0,0,0,True,ねこにん専用のマスク、とてもモフモフな一品です,euc_jp
4611132,147229756,0,.rodata,16,19,3,True,T3,0,0,0,True,ねこにんマスクＢ,euc_jp
4611152,147229776,0,.rodata,16,19,3,True,T3,0,0,0,True,ネコニンマスクＢ,euc_jp
4611172,147229796,0,.rodata,16,19,3,True,T3,0,0,0,True,ねこにんマスクＣ,euc_jp
4611192,147229816,0,.rodata,16,19,3,True,T3,0,0,0,True,ネコニンマスクＣ,euc_jp
4611212,147229836,0,.rodata,16,19,3,True,T3,0,0,0,True,ねこにんマスクＤ,euc_jp
4611232,147229856,0,.rodata,16,19,3,True,T3,0,0,0,True,ネコニンマスクＤ,euc_jp
4611252,147229876,0,.rodata,16,19,3,True,T3,0,0,0,True,ねこにんマスクＥ,euc_jp
4611272,147229896,0,.rodata,16,19,3,True,T3,0,0,0,True,ネコニンマスクＥ,euc_jp
4611292,147229916,0,.rodata,8,11,3,True,T3,0,0,0,True,コック帽,euc_jp
4611304,147229928,0,.rodata,10,11,1,True,T3,0,0,0,True,コックボウ,euc_jp
4611316,147229940,0,.rodata,20,23,3,True,T3,0,0,0,True,背の高さはシェフの証,euc_jp
4611340,147229964,0,.rodata,10,11,1,True,T3,0,0,0,True,サメのヒレ,euc_jp
4611352,147229976,0,.rodata,10,11,1,True,T3,0,0,0,True,サメノヒレ,euc_jp
4611364,147229988,0,.rodata,22,23,1,True,T3,0,0,0,True,海水浴で大活躍！のヒレ,euc_jp
4611388,147230012,0,.rodata,8,11,3,True,T3,0,0,0,True,ヒシモチ,euc_jp
4611400,147230024,0,.rodata,26,27,1,True,T3,0,0,0,True,桃の節句をお祝いしましょう,euc_jp
4611428,147230052,0,.rodata,12,15,3,True,T3,0,0,0,True,ＳＰフラッグ,euc_jp
4611444,147230068,0,.rodata,18,19,1,True,T3,0,0,0,True,スペシャルフラッグ,euc_jp
4611464,147230088,0,.rodata,24,27,3,True,T3,0,0,0,True,身につけると１ＵＰ気分？,euc_jp
4611492,147230116,0,.rodata,6,7,1,True,T3,0,0,0,True,テラジ,euc_jp
4611500,147230124,0,.rodata,8,11,3,True,T3,0,0,0,True,サンタ帽,euc_jp
4611512,147230136,0,.rodata,10,11,1,True,T3,0,0,0,True,サンタボウ,euc_jp
4611524,147230148,0,.rodata,26,27,1,True,T3,0,0,0,True,お子様に夢を与える赤い帽子,euc_jp
4611552,147230176,0,.rodata,14,15,1,True,T3,0,0,0,True,トナカイヘッド,euc_jp
4611568,147230192,0,.rodata,26,27,1,True,T3,0,0,0,True,トナカイさんを模した頭飾り,euc_jp
4611596,147230220,0,.rodata,18,19,1,True,T3,0,0,0,True,メイドカチューシャ,euc_jp
4611616,147230240,0,.rodata,44,47,3,True,T3,0,0,0,True,皆様の要望にお応えして部位ごとに装備可能に！,euc_jp
4611664,147230288,0,.rodata,8,11,3,True,T3,0,0,0,True,はちまき,euc_jp
4611676,147230300,0,.rodata,8,11,3,True,T3,0,0,0,True,ハチマキ,euc_jp
4611688,147230312,0,.rodata,32,35,3,True,T3,0,0,0,True,ここ一発の気合を入れる時にどうぞ,euc_jp
4611724,147230348,0,.rodata,16,19,3,True,T3,0,0,0,True,ジューダスの仮面,euc_jp
4611744,147230368,0,.rodata,18,19,1,True,T3,0,0,0,True,ジューダスノカメン,euc_jp
4611764,147230388,0,.rodata,36,39,3,True,T3,0,0,0,True,あの謎の仮面の戦士にあなたもなれる？,euc_jp
4611804,147230428,0,.rodata,14,15,1,True,T3,0,0,0,True,クラースの帽子,euc_jp
4611820,147230444,0,.rodata,16,19,3,True,T3,0,0,0,True,クラースノボウシ,euc_jp
4611840,147230464,0,.rodata,32,35,3,True,T3,0,0,0,True,召喚士クラースの帽子が今ここに！,euc_jp
4611876,147230500,0,.rodata,22,23,1,True,T3,0,0,0,True,真・アイフリードの帽子,euc_jp
4611900,147230524,0,.rodata,24,27,3,True,T3,0,0,0,True,シンアイフリードノボウシ,euc_jp
4611928,147230552,0,.rodata,40,43,3,True,T3,0,0,0,True,伝説の海賊アイフリードの帽子が今ここに！,euc_jp
4611972,147230596,0,.rodata,16,19,3,True,T3,0,0,0,True,クラースの帽子Ｘ,euc_jp
4611992,147230616,0,.rodata,18,19,1,True,T3,0,0,0,True,クラースノボウシＸ,euc_jp
4612012,147230636,0,.rodata,48,51,3,True,T3,0,0,0,True,なりきりダンジョンＸ特典。ＴＯＰのクラースの帽子,euc_jp
4627808,147246432,0,.rodata,10,11,1,True,T3,0,0,0,True,少尉の仮面,euc_jp
4627820,147246444,0,.rodata,16,19,3,True,T3,0,0,0,True,ショウイノカメン,euc_jp
4627840,147246464,0,.rodata,24,27,3,True,T3,0,0,0,True,少尉の階級の証である仮面,euc_jp
4627868,147246492,0,.rodata,10,11,1,True,T3,0,0,0,True,野盗の眼帯,euc_jp
4627880,147246504,0,.rodata,16,19,3,True,T3,0,0,0,True,ヤトウノガンタイ,euc_jp
4627900,147246524,0,.rodata,22,23,1,True,T3,0,0,0,True,野盗が好んで着ける眼帯,euc_jp
4627924,147246548,0,.rodata,12,15,3,True,T3,0,0,0,True,陰陽師の眼鏡,euc_jp
4627940,147246564,0,.rodata,20,23,3,True,T3,0,0,0,True,オンミョウジノメガネ,euc_jp
4627964,147246588,0,.rodata,18,19,1,True,T3,0,0,0,True,知的な片メガネです,euc_jp
4627984,147246608,0,.rodata,16,19,3,True,T3,0,0,0,True,バタフライマスク,euc_jp
4628004,147246628,0,.rodata,20,23,3,True,T3,0,0,0,True,蝶を模したアイマスク,euc_jp
4628036,147246660,0,.rodata,10,11,1,True,T3,0,0,0,True,コクリュウ,euc_jp
4628048,147246672,0,.rodata,32,35,3,True,T3,0,0,0,True,闇に携わる者が着用するサングラス,euc_jp
4628084,147246708,0,.rodata,14,15,1,True,T3,0,0,0,True,バーニングサン,euc_jp
4628100,147246724,0,.rodata,28,31,3,True,T3,0,0,0,True,燃える炎のスポーツサングラス,euc_jp
4628132,147246756,0,.rodata,14,15,1,True,T3,0,0,0,True,ブラックアイズ,euc_jp
4628148,147246772,0,.rodata,14,15,1,True,T3,0,0,0,True,所謂目隠しです,euc_jp
4628164,147246788,0,.rodata,16,19,3,True,T3,0,0,0,True,片翼のアイマスク,euc_jp
4628184,147246808,0,.rodata,20,23,3,True,T3,0,0,0,True,カタヨクノアイマスク,euc_jp
4628208,147246832,0,.rodata,26,27,1,True,T3,0,0,0,True,竜のひれを模したアイマスク,euc_jp
4628236,147246860,0,.rodata,14,15,1,True,T3,0,0,0,True,黒ミサのマスク,euc_jp
4628252,147246876,0,.rodata,16,19,3,True,T3,0,0,0,True,クロミサノマスク,euc_jp
4628272,147246896,0,.rodata,28,31,3,True,T3,0,0,0,True,闇の儀式にて使用されるマスク,euc_jp
4628304,147246928,0,.rodata,14,15,1,True,T3,0,0,0,True,祈年祭のマスク,euc_jp
4628320,147246944,0,.rodata,18,19,1,True,T3,0,0,0,True,キネンサイノマスク,euc_jp
4628340,147246964,0,.rodata,36,39,3,True,T3,0,0,0,True,豊穣を祈願する祈祷師が着用したマスク,euc_jp
4628380,147247004,0,.rodata,12,15,3,True,T3,0,0,0,True,下忍のマスク,euc_jp
4628396,147247020,0,.rodata,16,19,3,True,T3,0,0,0,True,シモオシノマスク,euc_jp
4628416,147247040,0,.rodata,38,39,1,True,T3,0,0,0,True,東方で下級ニンジャが使用していたマスク,euc_jp
4628456,147247080,0,.rodata,10,11,1,True,T3,0,0,0,True,中尉の仮面,euc_jp
4628468,147247092,0,.rodata,16,19,3,True,T3,0,0,0,True,チュウイノカメン,euc_jp
4628488,147247112,0,.rodata,24,27,3,True,T3,0,0,0,True,中尉の階級の証である仮面,euc_jp
4628516,147247140,0,.rodata,16,19,3,True,T3,0,0,0,True,フォルバンパッチ,euc_jp
4628536,147247160,0,.rodata,24,27,3,True,T3,0,0,0,True,海賊が好んで着用する眼帯,euc_jp
4628564,147247188,0,.rodata,16,19,3,True,T3,0,0,0,True,シャーマングラス,euc_jp
4628584,147247208,0,.rodata,30,31,1,True,T3,0,0,0,True,呪術者が好んで着用する片メガネ,euc_jp
4628616,147247240,0,.rodata,14,15,1,True,T3,0,0,0,True,パピヨンマスク,euc_jp
4628632,147247256,0,.rodata,22,23,1,True,T3,0,0,0,True,美しい蛾を模したマスク,euc_jp
4628664,147247288,0,.rodata,10,11,1,True,T3,0,0,0,True,セキリュウ,euc_jp
4628676,147247300,0,.rodata,28,31,3,True,T3,0,0,0,True,赤い竜の目を模したサングラス,euc_jp
4628708,147247332,0,.rodata,14,15,1,True,T3,0,0,0,True,ピュアブライト,euc_jp
4628724,147247348,0,.rodata,20,23,3,True,T3,0,0,0,True,知的に見える丸メガネ,euc_jp
4628748,147247372,0,.rodata,14,15,1,True,T3,0,0,0,True,パープルアイズ,euc_jp
4628764,147247388,0,.rodata,16,19,3,True,T3,0,0,0,True,紫色の目隠しです,euc_jp
4628784,147247408,0,.rodata,18,19,1,True,T3,0,0,0,True,堕天使のアイマスク,euc_jp
4628804,147247428,0,.rodata,20,23,3,True,T3,0,0,0,True,ダテンシノアイマスク,euc_jp
4628828,147247452,0,.rodata,28,31,3,True,T3,0,0,0,True,堕天使の羽を模したアイマスク,euc_jp
4628860,147247484,0,.rodata,12,15,3,True,T3,0,0,0,True,邪教のマスク,euc_jp
4628876,147247500,0,.rodata,18,19,1,True,T3,0,0,0,True,ジャキョウノマスク,euc_jp
4628896,147247520,0,.rodata,28,31,3,True,T3,0,0,0,True,妖しい呪術時に着用したマスク,euc_jp
4628928,147247552,0,.rodata,14,15,1,True,T3,0,0,0,True,舞踏会のマスク,euc_jp
4628944,147247568,0,.rodata,18,19,1,True,T3,0,0,0,True,ブトウカイノマスク,euc_jp
4628964,147247588,0,.rodata,34,35,1,True,T3,0,0,0,True,高貴な者の集まりで使用されたマスク,euc_jp
4629000,147247624,0,.rodata,12,15,3,True,T3,0,0,0,True,中忍のマスク,euc_jp
4629016,147247640,0,.rodata,18,19,1,True,T3,0,0,0,True,チュウニンノマスク,euc_jp
4629036,147247660,0,.rodata,38,39,1,True,T3,0,0,0,True,東方で中級ニンジャが使用していたマスク,euc_jp
4629076,147247700,0,.rodata,10,11,1,True,T3,0,0,0,True,大尉の仮面,euc_jp
4629088,147247712,0,.rodata,14,15,1,True,T3,0,0,0,True,タイイノカメン,euc_jp
4629104,147247728,0,.rodata,24,27,3,True,T3,0,0,0,True,大尉の階級の証である仮面,euc_jp
4629132,147247756,0,.rodata,16,19,3,True,T3,0,0,0,True,パイレーツパッチ,euc_jp
4629152,147247776,0,.rodata,30,31,1,True,T3,0,0,0,True,大海賊の風格を持ったアイパッチ,euc_jp
4629184,147247808,0,.rodata,20,23,3,True,T3,0,0,0,True,ネクロマンサーグラス,euc_jp
4629208,147247832,0,.rodata,26,27,1,True,T3,0,0,0,True,死霊使いが着用する片メガネ,euc_jp
4629236,147247860,0,.rodata,16,19,3,True,T3,0,0,0,True,フェアリーマスク,euc_jp
4629256,147247880,0,.rodata,30,31,1,True,T3,0,0,0,True,妖精をイメージに作られたマスク,euc_jp
4629296,147247920,0,.rodata,10,11,1,True,T3,0,0,0,True,コウリュウ,euc_jp
4629308,147247932,0,.rodata,50,51,1,True,T3,0,0,0,True,黄色い竜の目を模したサングラス。それなりに見えます,euc_jp
4629360,147247984,0,.rodata,12,15,3,True,T3,0,0,0,True,ダークムーン,euc_jp
4629376,147248000,0,.rodata,18,19,1,True,T3,0,0,0,True,丸いサングラスです,euc_jp
4629396,147248020,0,.rodata,14,15,1,True,T3,0,0,0,True,ブライトアイズ,euc_jp
4629412,147248036,0,.rodata,22,23,1,True,T3,0,0,0,True,オレンジ色の目隠しです,euc_jp
4629436,147248060,0,.rodata,16,19,3,True,T3,0,0,0,True,黒翼のアイマスク,euc_jp
4629456,147248080,0,.rodata,20,23,3,True,T3,0,0,0,True,コクヨクノアイマスク,euc_jp
4629480,147248104,0,.rodata,34,35,1,True,T3,0,0,0,True,孔雀の羽をモチーフにしたアイマスク,euc_jp
4629516,147248140,0,.rodata,14,15,1,True,T3,0,0,0,True,サバトのマスク,euc_jp
4629532,147248156,0,.rodata,28,31,3,True,T3,0,0,0,True,妖しい集会時に着用したマスク,euc_jp
4629564,147248188,0,.rodata,14,15,1,True,T3,0,0,0,True,社交界のマスク,euc_jp
4629580,147248204,0,.rodata,20,23,3,True,T3,0,0,0,True,シャコウカイノマスク,euc_jp
4629604,147248228,0,.rodata,36,39,3,True,T3,0,0,0,True,これを付けて華々しく社交界デビュー！,euc_jp
4629644,147248268,0,.rodata,12,15,3,True,T3,0,0,0,True,上忍のマスク,euc_jp
4629660,147248284,0,.rodata,18,19,1,True,T3,0,0,0,True,ジョウニンノマスク,euc_jp
4629680,147248304,0,.rodata,38,39,1,True,T3,0,0,0,True,東方で上級ニンジャが使用していたマスク,euc_jp
4629720,147248344,0,.rodata,10,11,1,True,T3,0,0,0,True,海賊の眼帯,euc_jp
4629732,147248356,0,.rodata,18,19,1,True,T3,0,0,0,True,カイゾクノガンタイ,euc_jp
4629752,147248376,0,.rodata,38,39,1,True,T3,0,0,0,True,ディセンダーと認められた海賊専用の眼帯,euc_jp
4629792,147248416,0,.rodata,18,19,1,True,T3,0,0,0,True,ヴァイキングパッチ,euc_jp
4629812,147248436,0,.rodata,40,43,3,True,T3,0,0,0,True,ディセンダーの為に作られた海賊専用の眼帯,euc_jp
4629856,147248480,0,.rodata,16,19,3,True,T3,0,0,0,True,オシャレグラスＡ,euc_jp
4629876,147248500,0,.rodata,16,19,3,True,T3,0,0,0,True,知的な縁赤メガネ,euc_jp
4629896,147248520,0,.rodata,16,19,3,True,T3,0,0,0,True,オシャレグラスＢ,euc_jp
4629916,147248540,0,.rodata,16,19,3,True,T3,0,0,0,True,知的な縁黒メガネ,euc_jp
4629936,147248560,0,.rodata,16,19,3,True,T3,0,0,0,True,オシャレグラスＣ,euc_jp
4629956,147248580,0,.rodata,16,19,3,True,T3,0,0,0,True,知的な縁青メガネ,euc_jp
4629976,147248600,0,.rodata,16,19,3,True,T3,0,0,0,True,オシャレグラスＤ,euc_jp
4629996,147248620,0,.rodata,16,19,3,True,T3,0,0,0,True,知的な縁緑メガネ,euc_jp
4630016,147248640,0,.rodata,16,19,3,True,T3,0,0,0,True,オシャレグラスＥ,euc_jp
4630036,147248660,0,.rodata,16,19,3,True,T3,0,0,0,True,知的な縁黄メガネ,euc_jp
4630056,147248680,0,.rodata,14,15,1,True,T3,0,0,0,True,丸ブチメガネＡ,euc_jp
4630072,147248696,0,.rodata,16,19,3,True,T3,0,0,0,True,マルブチメガネＡ,euc_jp
4630092,147248716,0,.rodata,28,31,3,True,T3,0,0,0,True,アカデミックな縁黒メガネです,euc_jp
4630124,147248748,0,.rodata,14,15,1,True,T3,0,0,0,True,丸ブチメガネＢ,euc_jp
4630140,147248764,0,.rodata,16,19,3,True,T3,0,0,0,True,マルブチメガネＢ,euc_jp
4630160,147248784,0,.rodata,28,31,3,True,T3,0,0,0,True,アカデミックな縁紫メガネです,euc_jp
4630192,147248816,0,.rodata,14,15,1,True,T3,0,0,0,True,丸ブチメガネＣ,euc_jp
4630208,147248832,0,.rodata,16,19,3,True,T3,0,0,0,True,マルブチメガネＣ,euc_jp
4630228,147248852,0,.rodata,28,31,3,True,T3,0,0,0,True,アカデミックな縁橙メガネです,euc_jp
4630260,147248884,0,.rodata,14,15,1,True,T3,0,0,0,True,丸ブチメガネＤ,euc_jp
4630276,147248900,0,.rodata,16,19,3,True,T3,0,0,0,True,マルブチメガネＤ,euc_jp
4630296,147248920,0,.rodata,28,31,3,True,T3,0,0,0,True,アカデミックな縁青メガネです,euc_jp
4630328,147248952,0,.rodata,14,15,1,True,T3,0,0,0,True,丸ブチメガネＥ,euc_jp
4630344,147248968,0,.rodata,16,19,3,True,T3,0,0,0,True,マルブチメガネＥ,euc_jp
4630364,147248988,0,.rodata,28,31,3,True,T3,0,0,0,True,アカデミックな縁桃メガネです,euc_jp
4630396,147249020,0,.rodata,12,15,3,True,T3,0,0,0,True,サングラスＡ,euc_jp
4630412,147249036,0,.rodata,44,47,3,True,T3,0,0,0,True,チョイ悪を華麗に演出します。ベーシックな黒色,euc_jp
4630460,147249084,0,.rodata,12,15,3,True,T3,0,0,0,True,サングラスＢ,euc_jp
4630476,147249100,0,.rodata,40,43,3,True,T3,0,0,0,True,チョイ悪を華麗に演出します。縁がシルバー,euc_jp
4630520,147249144,0,.rodata,12,15,3,True,T3,0,0,0,True,サングラスＣ,euc_jp
4630536,147249160,0,.rodata,34,35,1,True,T3,0,0,0,True,チョイ悪を華麗に演出します。縁が緑,euc_jp
4630572,147249196,0,.rodata,12,15,3,True,T3,0,0,0,True,サングラスＤ,euc_jp
4630588,147249212,0,.rodata,38,39,1,True,T3,0,0,0,True,チョイ悪を華麗に演出します。縁がブルー,euc_jp
4630628,147249252,0,.rodata,16,19,3,True,T3,0,0,0,True,黄色いサングラス,euc_jp
4630648,147249272,0,.rodata,18,19,1,True,T3,0,0,0,True,キイロイサングラス,euc_jp
4630668,147249292,0,.rodata,32,35,3,True,T3,0,0,0,True,色つきですが、それなりに見えます,euc_jp
4630704,147249328,0,.rodata,12,15,3,True,T3,0,0,0,True,ダテめがねＡ,euc_jp
4630720,147249344,0,.rodata,12,15,3,True,T3,0,0,0,True,ダテメガネＡ,euc_jp
4630736,147249360,0,.rodata,24,27,3,True,T3,0,0,0,True,ぐるぐる模様のダテめがね,euc_jp
4630764,147249388,0,.rodata,12,15,3,True,T3,0,0,0,True,ダテめがねＢ,euc_jp
4630780,147249404,0,.rodata,12,15,3,True,T3,0,0,0,True,ダテメガネＢ,euc_jp
4630796,147249420,0,.rodata,22,23,1,True,T3,0,0,0,True,バッテン印のダテめがね,euc_jp
4630820,147249444,0,.rodata,12,15,3,True,T3,0,0,0,True,ダテめがねＣ,euc_jp
4630836,147249460,0,.rodata,12,15,3,True,T3,0,0,0,True,ダテメガネＣ,euc_jp
4630852,147249476,0,.rodata,20,23,3,True,T3,0,0,0,True,ハート印のダテめがね,euc_jp
4630876,147249500,0,.rodata,12,15,3,True,T3,0,0,0,True,ダテめがねＤ,euc_jp
4630892,147249516,0,.rodata,12,15,3,True,T3,0,0,0,True,ダテメガネＤ,euc_jp
4630908,147249532,0,.rodata,34,35,1,True,T3,0,0,0,True,目を閉じ閉じ！を演出するダテめがね,euc_jp
4630944,147249568,0,.rodata,12,15,3,True,T3,0,0,0,True,ダテめがねＥ,euc_jp
4630960,147249584,0,.rodata,12,15,3,True,T3,0,0,0,True,ダテメガネＥ,euc_jp
4630976,147249600,0,.rodata,44,47,3,True,T3,0,0,0,True,パッチリお目々がチャームポイントのダテめがね,euc_jp
4631036,147249660,0,.rodata,12,15,3,True,T3,0,0,0,True,ハナメガネＡ,euc_jp
4631052,147249676,0,.rodata,32,35,3,True,T3,0,0,0,True,華麗なヒゲが、ダンディズムを演出,euc_jp
4631100,147249724,0,.rodata,12,15,3,True,T3,0,0,0,True,ハナメガネＢ,euc_jp
4631128,147249752,0,.rodata,12,15,3,True,T3,0,0,0,True,ハナメガネＣ,euc_jp
4631156,147249780,0,.rodata,12,15,3,True,T3,0,0,0,True,ハナメガネＤ,euc_jp
4631184,147249808,0,.rodata,12,15,3,True,T3,0,0,0,True,ハナメガネＥ,euc_jp
4631200,147249824,0,.rodata,12,15,3,True,T3,0,0,0,True,シンクの仮面,euc_jp
4631216,147249840,0,.rodata,14,15,1,True,T3,0,0,0,True,シンクノカメン,euc_jp
4631232,147249856,0,.rodata,38,39,1,True,T3,0,0,0,True,あの人気キャラクターの仮面が今ここに！,euc_jp
4634592,147253216,0,.rodata,14,15,1,True,T3,0,0,0,True,レザーアーマー,euc_jp
4634608,147253232,0,.rodata,8,11,3,True,T3,0,0,0,True,革製の鎧,euc_jp
4634620,147253244,0,.rodata,18,19,1,True,T3,0,0,0,True,ネビュラジャケット,euc_jp
4634640,147253264,0,.rodata,28,31,3,True,T3,0,0,0,True,星雲級と称えられたジャケット,euc_jp
4634672,147253296,0,.rodata,16,19,3,True,T3,0,0,0,True,ブラフミーメイル,euc_jp
4634692,147253316,0,.rodata,28,31,3,True,T3,0,0,0,True,霊草ブラフミーの名を冠する鎧,euc_jp
4634724,147253348,0,.rodata,14,15,1,True,T3,0,0,0,True,ビキニアーマー,euc_jp
4634740,147253364,0,.rodata,42,43,1,True,T3,0,0,0,True,見た目の露出度とは裏腹に防御力には優れた鎧,euc_jp
4634784,147253408,0,.rodata,14,15,1,True,T3,0,0,0,True,歩兵隊猟兵の鎧,euc_jp
4634800,147253424,0,.rodata,28,31,3,True,T3,0,0,0,True,ホヘイタイリョウヘイノヨロイ,euc_jp
4634832,147253456,0,.rodata,24,27,3,True,T3,0,0,0,True,歩兵隊猟兵に支給される鎧,euc_jp
4634860,147253484,0,.rodata,14,15,1,True,T3,0,0,0,True,アイアンメイル,euc_jp
4634876,147253500,0,.rodata,8,11,3,True,T3,0,0,0,True,鉄製の鎧,euc_jp
4634888,147253512,0,.rodata,14,15,1,True,T3,0,0,0,True,トランクメイル,euc_jp
4634904,147253528,0,.rodata,28,31,3,True,T3,0,0,0,True,小さな金属板をあしらった軽鎧,euc_jp
4634936,147253560,0,.rodata,10,11,1,True,T3,0,0,0,True,孤狼の胴衣,euc_jp
4634948,147253572,0,.rodata,14,15,1,True,T3,0,0,0,True,コロウノドウイ,euc_jp
4634964,147253588,0,.rodata,34,35,1,True,T3,0,0,0,True,一匹狼の戦士が身に着けるという胴衣,euc_jp
4635000,147253624,0,.rodata,8,11,3,True,T3,0,0,0,True,小龍の鎧,euc_jp
4635012,147253636,0,.rodata,20,23,3,True,T3,0,0,0,True,ショウリュウノヨロイ,euc_jp
4635036,147253660,0,.rodata,26,27,1,True,T3,0,0,0,True,小龍の魂が宿るといわれる鎧,euc_jp
4635064,147253688,0,.rodata,22,23,1,True,T3,0,0,0,True,グラディエータチェスト,euc_jp
4635088,147253712,0,.rodata,20,23,3,True,T3,0,0,0,True,剣闘士が身に着ける鎧,euc_jp
4635112,147253736,0,.rodata,16,19,3,True,T3,0,0,0,True,フィールドスキン,euc_jp
4635132,147253756,0,.rodata,26,27,1,True,T3,0,0,0,True,動きやすさ重視の胴部用防具,euc_jp
4635160,147253784,0,.rodata,14,15,1,True,T3,0,0,0,True,足軽大将の甲冑,euc_jp
4635176,147253800,0,.rodata,30,31,1,True,T3,0,0,0,True,アシガルタイショウノカッチュウ,euc_jp
4635208,147253832,0,.rodata,26,27,1,True,T3,0,0,0,True,東方の兵士が着用していた鎧,euc_jp
4635236,147253860,0,.rodata,14,15,1,True,T3,0,0,0,True,チーフプレート,euc_jp
4635252,147253876,0,.rodata,12,15,3,True,T3,0,0,0,True,下士官用の鎧,euc_jp
4635268,147253892,0,.rodata,18,19,1,True,T3,0,0,0,True,オンミツジャケット,euc_jp
4635288,147253912,0,.rodata,28,31,3,True,T3,0,0,0,True,隠密が着用していたジャケット,euc_jp
4635320,147253944,0,.rodata,16,19,3,True,T3,0,0,0,True,ゴシックプレート,euc_jp
4635340,147253964,0,.rodata,32,35,3,True,T3,0,0,0,True,古式の製法で作られた全身鎧の胴部,euc_jp
4635376,147254000,0,.rodata,18,19,1,True,T3,0,0,0,True,ジャーメインメイル,euc_jp
4635396,147254020,0,.rodata,46,47,1,True,T3,0,0,0,True,古の聖人ジャーメインに正義を誓う者が着用する鎧,euc_jp
4635444,147254068,0,.rodata,14,15,1,True,T3,0,0,0,True,ムシャアーマー,euc_jp
4635460,147254084,0,.rodata,22,23,1,True,T3,0,0,0,True,鎧武者を彷彿とさせる鎧,euc_jp
4635484,147254108,0,.rodata,14,15,1,True,T3,0,0,0,True,ナイトプレート,euc_jp
4635500,147254124,0,.rodata,34,35,1,True,T3,0,0,0,True,ナイトの称号を持つ者に与えられる鎧,euc_jp
4635536,147254160,0,.rodata,12,15,3,True,T3,0,0,0,True,ナハラメイル,euc_jp
4635552,147254176,0,.rodata,34,35,1,True,T3,0,0,0,True,千夜一夜の魔法の国で蜂を意味する鎧,euc_jp
4635588,147254212,0,.rodata,18,19,1,True,T3,0,0,0,True,ガネーシャプレート,euc_jp
4635608,147254232,0,.rodata,28,31,3,True,T3,0,0,0,True,獣神ガネーシャの名を冠する鎧,euc_jp
4635640,147254264,0,.rodata,10,11,1,True,T3,0,0,0,True,騎士団の鎧,euc_jp
4635652,147254276,0,.rodata,16,19,3,True,T3,0,0,0,True,キシダンノヨロイ,euc_jp
4635672,147254296,0,.rodata,22,23,1,True,T3,0,0,0,True,騎士団所属の証となる鎧,euc_jp
4635696,147254320,0,.rodata,14,15,1,True,T3,0,0,0,True,クロスアーマー,euc_jp
4635712,147254336,0,.rodata,24,27,3,True,T3,0,0,0,True,堅い守りと重量感溢れる鎧,euc_jp
4635740,147254364,0,.rodata,14,15,1,True,T3,0,0,0,True,ボーンプレート,euc_jp
4635756,147254380,0,.rodata,22,23,1,True,T3,0,0,0,True,不気味な意匠の鎧の胴部,euc_jp
4635780,147254404,0,.rodata,16,19,3,True,T3,0,0,0,True,グレートプレート,euc_jp
4635800,147254424,0,.rodata,22,23,1,True,T3,0,0,0,True,抜群の防御と威圧感の鎧,euc_jp
4635824,147254448,0,.rodata,16,19,3,True,T3,0,0,0,True,アスタロトメイル,euc_jp
4635844,147254468,0,.rodata,42,43,1,True,T3,0,0,0,True,魔界の大公爵アスタロトの福音を受けたメイル,euc_jp
4635888,147254512,0,.rodata,20,23,3,True,T3,0,0,0,True,新米傭兵のジャケット,euc_jp
4635912,147254536,0,.rodata,28,31,3,True,T3,0,0,0,True,シンマイヨウヘイノジャケット,euc_jp
4635944,147254568,0,.rodata,28,31,3,True,T3,0,0,0,True,新米傭兵が着用するジャケット,euc_jp
4635976,147254600,0,.rodata,16,19,3,True,T3,0,0,0,True,キルトジャケット,euc_jp
4635996,147254620,0,.rodata,28,31,3,True,T3,0,0,0,True,厚手の布を多用したジャケット,euc_jp
4636028,147254652,0,.rodata,20,23,3,True,T3,0,0,0,True,ファルコンジャケット,euc_jp
4636052,147254676,0,.rodata,52,55,3,True,T3,0,0,0,True,とある民族の守り神ファルコンの加護を受けたジャケット,euc_jp
4636108,147254732,0,.rodata,22,23,1,True,T3,0,0,0,True,スティアレスラーシャツ,euc_jp
4636132,147254756,0,.rodata,32,35,3,True,T3,0,0,0,True,逃げる牛を追う者が着用するシャツ,euc_jp
4636180,147254804,0,.rodata,16,19,3,True,T3,0,0,0,True,ミョウコウドウイ,euc_jp
4636200,147254824,0,.rodata,20,23,3,True,T3,0,0,0,True,妙なる光を湛えた胴衣,euc_jp
4636224,147254848,0,.rodata,12,15,3,True,T3,0,0,0,True,修行僧の袈裟,euc_jp
4636240,147254864,0,.rodata,20,23,3,True,T3,0,0,0,True,シュギョウソウノケサ,euc_jp
4636264,147254888,0,.rodata,30,31,1,True,T3,0,0,0,True,修行に励む修行僧が着用する袈裟,euc_jp
4636296,147254920,0,.rodata,24,27,3,True,T3,0,0,0,True,サバイバルオーバーオール,euc_jp
4636324,147254948,0,.rodata,36,39,3,True,T3,0,0,0,True,サバイバル活動に適したオーバーオール,euc_jp
4636364,147254988,0,.rodata,12,15,3,True,T3,0,0,0,True,兵士のコート,euc_jp
4636380,147255004,0,.rodata,14,15,1,True,T3,0,0,0,True,ヘイシノコート,euc_jp
4636396,147255020,0,.rodata,30,31,1,True,T3,0,0,0,True,兵士が巡回警備で着用するコート,euc_jp
4636428,147255052,0,.rodata,18,19,1,True,T3,0,0,0,True,ガンナージャケット,euc_jp
4636448,147255072,0,.rodata,34,35,1,True,T3,0,0,0,True,流浪のガンマンが着用するジャケット,euc_jp
4636484,147255108,0,.rodata,12,15,3,True,T3,0,0,0,True,修行僧の布鎧,euc_jp
4636500,147255124,0,.rodata,26,27,1,True,T3,0,0,0,True,シュギョウソウノヌノヨロイ,euc_jp
4636528,147255152,0,.rodata,22,23,1,True,T3,0,0,0,True,荒行に挑む修行僧の布鎧,euc_jp
4636552,147255176,0,.rodata,16,19,3,True,T3,0,0,0,True,キャプテンスーツ,euc_jp
4636572,147255196,0,.rodata,20,23,3,True,T3,0,0,0,True,船長が着用するスーツ,euc_jp
4636596,147255220,0,.rodata,16,19,3,True,T3,0,0,0,True,土蜘蛛討ちの装束,euc_jp
4636616,147255240,0,.rodata,24,27,3,True,T3,0,0,0,True,ツチグモウチノショウゾク,euc_jp
4636644,147255268,0,.rodata,38,39,1,True,T3,0,0,0,True,物の怪土蜘蛛を討伐する者が着用する装束,euc_jp
4636684,147255308,0,.rodata,10,11,1,True,T3,0,0,0,True,少尉の制服,euc_jp
4636696,147255320,0,.rodata,14,15,1,True,T3,0,0,0,True,ショウイノフク,euc_jp
4636712,147255336,0,.rodata,24,27,3,True,T3,0,0,0,True,少尉の階級の証である制服,euc_jp
4636740,147255364,0,.rodata,18,19,1,True,T3,0,0,0,True,ミスティジャケット,euc_jp
4636760,147255384,0,.rodata,30,31,1,True,T3,0,0,0,True,異国の戦士が着用するジャケット,euc_jp
4636792,147255416,0,.rodata,20,23,3,True,T3,0,0,0,True,スパイダージャケット,euc_jp
4636816,147255440,0,.rodata,46,47,1,True,T3,0,0,0,True,呪術師イエロー・スパイダーが祈祷したジャケット,euc_jp
4636864,147255488,0,.rodata,14,15,1,True,T3,0,0,0,True,殺し屋のスーツ,euc_jp
4636880,147255504,0,.rodata,16,19,3,True,T3,0,0,0,True,コロシヤノスーツ,euc_jp
4636900,147255524,0,.rodata,30,31,1,True,T3,0,0,0,True,フリーの殺し屋が着用するスーツ,euc_jp
4636932,147255556,0,.rodata,8,11,3,True,T3,0,0,0,True,功夫の衣,euc_jp
4636944,147255568,0,.rodata,16,19,3,True,T3,0,0,0,True,クンフーノコロモ,euc_jp
4636964,147255588,0,.rodata,32,35,3,True,T3,0,0,0,True,入門したての功夫使いが着用する衣,euc_jp
4637000,147255624,0,.rodata,14,15,1,True,T3,0,0,0,True,犬調教師の制服,euc_jp
4637016,147255640,0,.rodata,28,31,3,True,T3,0,0,0,True,イヌチョウキョウシノセイフク,euc_jp
4637048,147255672,0,.rodata,36,39,3,True,T3,0,0,0,True,犬の調教を生業とする者が着用する制服,euc_jp
4637088,147255712,0,.rodata,10,11,1,True,T3,0,0,0,True,学士の制服,euc_jp
4637100,147255724,0,.rodata,16,19,3,True,T3,0,0,0,True,ガクシノセイフク,euc_jp
4637120,147255744,0,.rodata,28,31,3,True,T3,0,0,0,True,校則に定められた学士用の制服,euc_jp
4637152,147255776,0,.rodata,10,11,1,True,T3,0,0,0,True,平舞の装束,euc_jp
4637164,147255788,0,.rodata,20,23,3,True,T3,0,0,0,True,ヒラマイノショウゾク,euc_jp
4637188,147255812,0,.rodata,34,35,1,True,T3,0,0,0,True,神前儀式で静穏な動きで舞う者の装束,euc_jp
4637224,147255848,0,.rodata,16,19,3,True,T3,0,0,0,True,野盗のジャケット,euc_jp
4637244,147255868,0,.rodata,18,19,1,True,T3,0,0,0,True,ヤトウノジャケット,euc_jp
4637264,147255888,0,.rodata,30,31,1,True,T3,0,0,0,True,野盗が好んで装備するジャケット,euc_jp
4637296,147255920,0,.rodata,8,11,3,True,T3,0,0,0,True,朱雀の衣,euc_jp
4637308,147255932,0,.rodata,14,15,1,True,T3,0,0,0,True,スザクノコロモ,euc_jp
4637324,147255948,0,.rodata,24,27,3,True,T3,0,0,0,True,聖獣朱雀の名を冠する衣服,euc_jp
4637352,147255976,0,.rodata,14,15,1,True,T3,0,0,0,True,新参者のローブ,euc_jp
4637368,147255992,0,.rodata,20,23,3,True,T3,0,0,0,True,シンザンシャノローブ,euc_jp
4637392,147256016,0,.rodata,28,31,3,True,T3,0,0,0,True,新参者の術士が着用するローブ,euc_jp
4637424,147256048,0,.rodata,16,19,3,True,T3,0,0,0,True,小達人のクローク,euc_jp
4637444,147256068,0,.rodata,24,27,3,True,T3,0,0,0,True,ショウタツジンノクローク,euc_jp
4637472,147256096,0,.rodata,42,43,1,True,T3,0,0,0,True,魔術結社で小達人の階位に与えられるクローク,euc_jp
4637516,147256140,0,.rodata,16,19,3,True,T3,0,0,0,True,インディゴスーツ,euc_jp
4637536,147256160,0,.rodata,12,15,3,True,T3,0,0,0,True,藍染のスーツ,euc_jp
4637552,147256176,0,.rodata,16,19,3,True,T3,0,0,0,True,レイヴジャケット,euc_jp
4637572,147256196,0,.rodata,42,43,1,True,T3,0,0,0,True,魂の開放を求めて踊る者が着用するジャケット,euc_jp
4637636,147256260,0,.rodata,34,35,1,True,T3,0,0,0,True,グンショウサダイニシュレイソウフク,euc_jp
4637672,147256296,0,.rodata,44,47,3,True,T3,0,0,0,True,少佐の階級の者が着用する第二種礼装用のローブ,euc_jp
4637720,147256344,0,.rodata,16,19,3,True,T3,0,0,0,True,ヘルパークローク,euc_jp
4637740,147256364,0,.rodata,30,31,1,True,T3,0,0,0,True,お手伝いさんが着用するクローク,euc_jp
4637772,147256396,0,.rodata,12,15,3,True,T3,0,0,0,True,衛士のローブ,euc_jp
4637788,147256412,0,.rodata,14,15,1,True,T3,0,0,0,True,エイシノローブ,euc_jp
4637804,147256428,0,.rodata,28,31,3,True,T3,0,0,0,True,城の衛士となった術者のローブ,euc_jp
4637836,147256460,0,.rodata,10,11,1,True,T3,0,0,0,True,策士の着物,euc_jp
4637848,147256472,0,.rodata,14,15,1,True,T3,0,0,0,True,サクシノキモノ,euc_jp
4637864,147256488,0,.rodata,24,27,3,True,T3,0,0,0,True,策士が好んで着用する着物,euc_jp
4637892,147256516,0,.rodata,18,19,1,True,T3,0,0,0,True,フォーチュンローブ,euc_jp
4637912,147256536,0,.rodata,22,23,1,True,T3,0,0,0,True,幸運を求めし者のローブ,euc_jp
4637936,147256560,0,.rodata,16,19,3,True,T3,0,0,0,True,リスペクトガーブ,euc_jp
4637956,147256580,0,.rodata,30,31,1,True,T3,0,0,0,True,尊敬を一身に集める術士のガーブ,euc_jp
4637988,147256612,0,.rodata,12,15,3,True,T3,0,0,0,True,アリアガーブ,euc_jp
4638004,147256628,0,.rodata,18,19,1,True,T3,0,0,0,True,詠唱者の為のガーブ,euc_jp
4638024,147256648,0,.rodata,10,11,1,True,T3,0,0,0,True,破門者の衣,euc_jp
4638036,147256660,0,.rodata,18,19,1,True,T3,0,0,0,True,ハモンモノノコロモ,euc_jp
4638056,147256680,0,.rodata,26,27,1,True,T3,0,0,0,True,掟を破り破門された術士の衣,euc_jp
4638084,147256708,0,.rodata,14,15,1,True,T3,0,0,0,True,マジカルスーツ,euc_jp
4638100,147256724,0,.rodata,34,35,1,True,T3,0,0,0,True,不思議な魔力が込められた可愛い衣装,euc_jp
4638136,147256760,0,.rodata,14,15,1,True,T3,0,0,0,True,アリオンの外套,euc_jp
4638152,147256776,0,.rodata,18,19,1,True,T3,0,0,0,True,アリオンノガイトウ,euc_jp
4638172,147256796,0,.rodata,34,35,1,True,T3,0,0,0,True,宇宙存在アリオンの波動を受けた外套,euc_jp
4638208,147256832,0,.rodata,12,15,3,True,T3,0,0,0,True,イハサクの衣,euc_jp
4638224,147256848,0,.rodata,16,19,3,True,T3,0,0,0,True,イハサクノコロモ,euc_jp
4638244,147256868,0,.rodata,34,35,1,True,T3,0,0,0,True,東方の秘神イハサクの加護を受けた衣,euc_jp
4638280,147256904,0,.rodata,14,15,1,True,T3,0,0,0,True,祈祷師のローブ,euc_jp
4638296,147256920,0,.rodata,16,19,3,True,T3,0,0,0,True,キトウシノローブ,euc_jp
4638316,147256940,0,.rodata,28,31,3,True,T3,0,0,0,True,激しい祈りに耐える丈夫な装束,euc_jp
4638348,147256972,0,.rodata,14,15,1,True,T3,0,0,0,True,メディアガーブ,euc_jp
4638364,147256988,0,.rodata,32,35,3,True,T3,0,0,0,True,古き月の女神を信仰する者のガーブ,euc_jp
4638400,147257024,0,.rodata,16,19,3,True,T3,0,0,0,True,ピルグリムローブ,euc_jp
4638420,147257044,0,.rodata,28,31,3,True,T3,0,0,0,True,異国の巡礼者が身に着ける装束,euc_jp
4638452,147257076,0,.rodata,10,11,1,True,T3,0,0,0,True,公家の着物,euc_jp
4638464,147257088,0,.rodata,12,15,3,True,T3,0,0,0,True,クゲノキモノ,euc_jp
4638480,147257104,0,.rodata,24,27,3,True,T3,0,0,0,True,東方の貴族が着用する着物,euc_jp
4638508,147257132,0,.rodata,20,23,3,True,T3,0,0,0,True,コンシリエーレスーツ,euc_jp
4638532,147257156,0,.rodata,36,39,3,True,T3,0,0,0,True,マフィアの相談役顧問が着用するスーツ,euc_jp
4638572,147257196,0,.rodata,14,15,1,True,T3,0,0,0,True,ホワイトガーブ,euc_jp
4638588,147257212,0,.rodata,24,27,3,True,T3,0,0,0,True,白くて清潔感が漂うガーブ,euc_jp
4638616,147257240,0,.rodata,12,15,3,True,T3,0,0,0,True,陰陽師の衣服,euc_jp
4638632,147257256,0,.rodata,20,23,3,True,T3,0,0,0,True,オンミョウジノイフク,euc_jp
4638656,147257280,0,.rodata,22,23,1,True,T3,0,0,0,True,陰陽師が着る儀式用の衣,euc_jp
4638680,147257304,0,.rodata,16,19,3,True,T3,0,0,0,True,ブリンククローク,euc_jp
4638700,147257324,0,.rodata,30,31,1,True,T3,0,0,0,True,煌めく星をイメージしたクローク,euc_jp
4638732,147257356,0,.rodata,18,19,1,True,T3,0,0,0,True,エンシェントガーブ,euc_jp
4638752,147257376,0,.rodata,28,31,3,True,T3,0,0,0,True,古くさい製法で作られたガーブ,euc_jp
4638784,147257408,0,.rodata,20,23,3,True,T3,0,0,0,True,ナイトブリードローブ,euc_jp
4638808,147257432,0,.rodata,24,27,3,True,T3,0,0,0,True,闇の眷属が着用するローブ,euc_jp
4638836,147257460,0,.rodata,20,23,3,True,T3,0,0,0,True,ハードレザーアーマー,euc_jp
4638860,147257484,0,.rodata,20,23,3,True,T3,0,0,0,True,厚手の革で作られた鎧,euc_jp
4638884,147257508,0,.rodata,22,23,1,True,T3,0,0,0,True,ギャラクシージャケット,euc_jp
4638908,147257532,0,.rodata,28,31,3,True,T3,0,0,0,True,銀河級と称えられたジャケット,euc_jp
4638940,147257564,0,.rodata,16,19,3,True,T3,0,0,0,True,ガルヒーナメイル,euc_jp
4638960,147257584,0,.rodata,28,31,3,True,T3,0,0,0,True,霊草ガルヒーナの名を冠する鎧,euc_jp
4638992,147257616,0,.rodata,18,19,1,True,T3,0,0,0,True,ネイキッドアーマー,euc_jp
4639012,147257636,0,.rodata,44,47,3,True,T3,0,0,0,True,守りを捨て攻撃に特化する事こそ最大の防御なり,euc_jp
4639060,147257684,0,.rodata,16,19,3,True,T3,0,0,0,True,山岳兵隊猟兵の鎧,euc_jp
4639080,147257704,0,.rodata,34,35,1,True,T3,0,0,0,True,サンガクヘイタイリョウヘイノヨロイ,euc_jp
4639116,147257740,0,.rodata,26,27,1,True,T3,0,0,0,True,山岳兵隊猟兵に支給される鎧,euc_jp
4639144,147257768,0,.rodata,18,19,1,True,T3,0,0,0,True,タングステンメイル,euc_jp
4639164,147257788,0,.rodata,18,19,1,True,T3,0,0,0,True,タングステン製の鎧,euc_jp
4639184,147257808,0,.rodata,14,15,1,True,T3,0,0,0,True,ブロンズメイル,euc_jp
4639200,147257824,0,.rodata,30,31,1,True,T3,0,0,0,True,小さな青銅の板をあしらった軽鎧,euc_jp
4639232,147257856,0,.rodata,10,11,1,True,T3,0,0,0,True,無法の胴衣,euc_jp
4639244,147257868,0,.rodata,14,15,1,True,T3,0,0,0,True,ムホウノドウイ,euc_jp
4639260,147257884,0,.rodata,34,35,1,True,T3,0,0,0,True,無法者の戦士が身に着けるという胴衣,euc_jp
4639296,147257920,0,.rodata,8,11,3,True,T3,0,0,0,True,龍王の鎧,euc_jp
4639308,147257932,0,.rodata,18,19,1,True,T3,0,0,0,True,リュウオウノヨロイ,euc_jp
4639328,147257952,0,.rodata,26,27,1,True,T3,0,0,0,True,龍王の魂が宿るといわれる鎧,euc_jp
4639356,147257980,0,.rodata,14,15,1,True,T3,0,0,0,True,ロードチェスト,euc_jp
4639372,147257996,0,.rodata,26,27,1,True,T3,0,0,0,True,爵位を持つ者に与えられる鎧,euc_jp
4639400,147258024,0,.rodata,12,15,3,True,T3,0,0,0,True,ゲイルスキン,euc_jp
4639416,147258040,0,.rodata,34,35,1,True,T3,0,0,0,True,風の如き動作を可能にした胴部用防具,euc_jp
4639452,147258076,0,.rodata,10,11,1,True,T3,0,0,0,True,弁慶の甲冑,euc_jp
4639464,147258088,0,.rodata,20,23,3,True,T3,0,0,0,True,ベンケイノカッチュウ,euc_jp
4639488,147258112,0,.rodata,30,31,1,True,T3,0,0,0,True,東方の大男弁慶が着用していた鎧,euc_jp
4639520,147258144,0,.rodata,18,19,1,True,T3,0,0,0,True,オフィサープレート,euc_jp
4639540,147258164,0,.rodata,10,11,1,True,T3,0,0,0,True,士官用の鎧,euc_jp
4639552,147258176,0,.rodata,18,19,1,True,T3,0,0,0,True,ニンジャジャケット,euc_jp
4639572,147258196,0,.rodata,28,31,3,True,T3,0,0,0,True,忍者が着用していたジャケット,euc_jp
4639604,147258228,0,.rodata,16,19,3,True,T3,0,0,0,True,エンボスプレート,euc_jp
4639624,147258248,0,.rodata,26,27,1,True,T3,0,0,0,True,継ぎ目の少ない全身鎧の胴部,euc_jp
4639652,147258276,0,.rodata,12,15,3,True,T3,0,0,0,True,クスミメイル,euc_jp
4639668,147258292,0,.rodata,40,43,3,True,T3,0,0,0,True,古の聖人クスミに正義を誓う者が着用する鎧,euc_jp
4639712,147258336,0,.rodata,16,19,3,True,T3,0,0,0,True,センゴクアーマー,euc_jp
4639732,147258356,0,.rodata,24,27,3,True,T3,0,0,0,True,戦国武将を彷彿とさせる鎧,euc_jp
4639760,147258384,0,.rodata,14,15,1,True,T3,0,0,0,True,バロンプレート,euc_jp
4639776,147258400,0,.rodata,34,35,1,True,T3,0,0,0,True,バロンの称号を持つ者に与えられる鎧,euc_jp
4639812,147258436,0,.rodata,16,19,3,True,T3,0,0,0,True,ソーバーンメイル,euc_jp
4639832,147258456,0,.rodata,34,35,1,True,T3,0,0,0,True,千夜一夜の魔法の国で蛇を意味する鎧,euc_jp
4639868,147258492,0,.rodata,18,19,1,True,T3,0,0,0,True,ハヌマーンプレート,euc_jp
4639888,147258512,0,.rodata,28,31,3,True,T3,0,0,0,True,獣神ハヌマーンの名を冠する鎧,euc_jp
4639920,147258544,0,.rodata,12,15,3,True,T3,0,0,0,True,聖騎士団の鎧,euc_jp
4639936,147258560,0,.rodata,20,23,3,True,T3,0,0,0,True,セイキシダンノヨロイ,euc_jp
4639960,147258584,0,.rodata,24,27,3,True,T3,0,0,0,True,聖騎士団所属の証となる鎧,euc_jp
4639988,147258612,0,.rodata,16,19,3,True,T3,0,0,0,True,テンプルアーマー,euc_jp
4640008,147258632,0,.rodata,38,39,1,True,T3,0,0,0,True,堅い守りと重量感溢れる銀色全身鎧の胴部,euc_jp
4640048,147258672,0,.rodata,14,15,1,True,T3,0,0,0,True,グリムプレート,euc_jp
4640064,147258688,0,.rodata,20,23,3,True,T3,0,0,0,True,不吉な意匠の鎧の胴部,euc_jp
4640088,147258712,0,.rodata,20,23,3,True,T3,0,0,0,True,ジャイアントプレート,euc_jp
4640112,147258736,0,.rodata,28,31,3,True,T3,0,0,0,True,巨人と見紛う防御と威圧感の鎧,euc_jp
4640144,147258768,0,.rodata,16,19,3,True,T3,0,0,0,True,ベルゼバブメイル,euc_jp
4640164,147258788,0,.rodata,40,43,3,True,T3,0,0,0,True,魔界の君主ベルゼバブの福音を受けたメイル,euc_jp
4640208,147258832,0,.rodata,20,23,3,True,T3,0,0,0,True,中堅傭兵のジャケット,euc_jp
4640232,147258856,0,.rodata,30,31,1,True,T3,0,0,0,True,チュウケンヨウヘイノジャケット,euc_jp
4640264,147258888,0,.rodata,28,31,3,True,T3,0,0,0,True,中堅傭兵が着用するジャケット,euc_jp
4640296,147258920,0,.rodata,18,19,1,True,T3,0,0,0,True,メッシュジャケット,euc_jp
4640316,147258940,0,.rodata,30,31,1,True,T3,0,0,0,True,メッシュ加工がされたジャケット,euc_jp
4640348,147258972,0,.rodata,16,19,3,True,T3,0,0,0,True,ホークジャケット,euc_jp
4640368,147258992,0,.rodata,48,51,3,True,T3,0,0,0,True,とある民族の守り神ホークの加護を受けたジャケット,euc_jp
4640420,147259044,0,.rodata,22,23,1,True,T3,0,0,0,True,ブロンコライダーシャツ,euc_jp
4640444,147259068,0,.rodata,28,31,3,True,T3,0,0,0,True,荒野の流れ者が着用するシャツ,euc_jp
4640488,147259112,0,.rodata,14,15,1,True,T3,0,0,0,True,レイコウドウイ,euc_jp
4640504,147259128,0,.rodata,16,19,3,True,T3,0,0,0,True,霊威みなぎる胴衣,euc_jp
4640524,147259148,0,.rodata,10,11,1,True,T3,0,0,0,True,僧兵の袈裟,euc_jp
4640536,147259160,0,.rodata,14,15,1,True,T3,0,0,0,True,ソウヘイノケサ,euc_jp
4640552,147259176,0,.rodata,28,31,3,True,T3,0,0,0,True,寺院警備の僧兵が着用する袈裟,euc_jp
4640584,147259208,0,.rodata,22,23,1,True,T3,0,0,0,True,アーミーオーバーオール,euc_jp
4640608,147259232,0,.rodata,30,31,1,True,T3,0,0,0,True,野戦活動に適したオーバーオール,euc_jp
4640640,147259264,0,.rodata,12,15,3,True,T3,0,0,0,True,隊長のコート,euc_jp
4640656,147259280,0,.rodata,18,19,1,True,T3,0,0,0,True,タイチョウノコート,euc_jp
4640676,147259300,0,.rodata,30,31,1,True,T3,0,0,0,True,隊長が巡回警備で着用するコート,euc_jp
4640708,147259332,0,.rodata,22,23,1,True,T3,0,0,0,True,フロンティアジャケット,euc_jp
4640732,147259356,0,.rodata,26,27,1,True,T3,0,0,0,True,開拓者が着用するジャケット,euc_jp
4640760,147259384,0,.rodata,10,11,1,True,T3,0,0,0,True,僧兵の布鎧,euc_jp
4640772,147259396,0,.rodata,20,23,3,True,T3,0,0,2,False,ソウヘイノヌノヨロイ,euc_jp
4640796,147259420,0,.rodata,20,23,3,True,T3,0,0,0,True,法敵を討つ僧兵の布鎧,euc_jp
4640820,147259444,0,.rodata,16,19,3,True,T3,0,0,0,True,コマンダースーツ,euc_jp
4640840,147259464,0,.rodata,30,31,1,True,T3,0,0,0,True,大型戦艦の艦長が着用するスーツ,euc_jp
4640872,147259496,0,.rodata,12,15,3,True,T3,0,0,0,True,鵺討ちの装束,euc_jp
4640888,147259512,0,.rodata,20,23,3,True,T3,0,0,0,True,ヌエウチノショウゾク,euc_jp
4640912,147259536,0,.rodata,34,35,1,True,T3,0,0,0,True,物の怪鵺を討伐する者が着用する装束,euc_jp
4640948,147259572,0,.rodata,10,11,1,True,T3,0,0,0,True,中尉の制服,euc_jp
4640960,147259584,0,.rodata,18,19,1,True,T3,0,0,0,True,チュウイノセイフク,euc_jp
4640980,147259604,0,.rodata,24,27,3,True,T3,0,0,0,True,中尉の階級の証である制服,euc_jp
4641008,147259632,0,.rodata,20,23,3,True,T3,0,0,0,True,ストレンジジャケット,euc_jp
4641032,147259656,0,.rodata,32,35,3,True,T3,0,0,0,True,異国の風来坊が着用するジャケット,euc_jp
4641068,147259692,0,.rodata,18,19,1,True,T3,0,0,0,True,コヨーテジャケット,euc_jp
4641088,147259712,0,.rodata,42,43,1,True,T3,0,0,0,True,呪術師レッド・コヨーテが祈祷したジャケット,euc_jp
4641132,147259756,0,.rodata,18,19,1,True,T3,0,0,0,True,粛清執行人のスーツ,euc_jp
4641152,147259776,0,.rodata,30,31,1,True,T3,0,0,0,True,シュクセイシッコウニンノスーツ,euc_jp
4641184,147259808,0,.rodata,32,35,3,True,T3,0,0,0,True,軍属の粛清執行人が着用するスーツ,euc_jp
4641220,147259844,0,.rodata,8,11,3,True,T3,0,0,0,True,小龍の衣,euc_jp
4641232,147259856,0,.rodata,20,23,3,True,T3,0,0,0,True,ショウリュウノコロモ,euc_jp
4641256,147259880,0,.rodata,34,35,1,True,T3,0,0,0,True,小龍の位を持つ功夫使いが着用する衣,euc_jp
4641292,147259916,0,.rodata,14,15,1,True,T3,0,0,0,True,虎調教師の制服,euc_jp
4641308,147259932,0,.rodata,28,31,3,True,T3,0,0,0,True,トラチョウキョウシノセイフク,euc_jp
4641340,147259964,0,.rodata,36,39,3,True,T3,0,0,0,True,虎の調教を生業とする者が着用する制服,euc_jp
4641380,147260004,0,.rodata,14,15,1,True,T3,0,0,0,True,晶霊学士の制服,euc_jp
4641396,147260020,0,.rodata,26,27,1,True,T3,0,0,0,True,ショウレイガクシノセイフク,euc_jp
4641424,147260048,0,.rodata,32,35,3,True,T3,0,0,0,True,校則に定められた晶霊学士用の制服,euc_jp
4641460,147260084,0,.rodata,10,11,1,True,T3,0,0,0,True,走舞の装束,euc_jp
4641472,147260096,0,.rodata,22,23,1,True,T3,0,0,0,True,ハシリマイノショウゾク,euc_jp
4641496,147260120,0,.rodata,34,35,1,True,T3,0,0,0,True,神前儀式で活発な動きで舞う者の装束,euc_jp
4641532,147260156,0,.rodata,20,23,3,True,T3,0,0,0,True,フォルバンジャケット,euc_jp
4641556,147260180,0,.rodata,30,31,1,True,T3,0,0,0,True,はぐれ者達が愛用するジャケット,euc_jp
4641588,147260212,0,.rodata,8,11,3,True,T3,0,0,0,True,玄武の衣,euc_jp
4641600,147260224,0,.rodata,14,15,1,True,T3,0,0,0,True,ゲンブノコロモ,euc_jp
4641616,147260240,0,.rodata,24,27,3,True,T3,0,0,0,True,聖獣玄武の名を冠する衣服,euc_jp
4641644,147260268,0,.rodata,14,15,1,True,T3,0,0,0,True,熱心者のローブ,euc_jp
4641660,147260284,0,.rodata,20,23,3,True,T3,0,0,0,True,ネッシンシャノローブ,euc_jp
4641684,147260308,0,.rodata,28,31,3,True,T3,0,0,0,True,熱心者の術士が着用するローブ,euc_jp
4641716,147260340,0,.rodata,16,19,3,True,T3,0,0,0,True,大達人のクローク,euc_jp
4641736,147260360,0,.rodata,22,23,1,True,T3,0,0,0,True,ダイタツジンノクローク,euc_jp
4641760,147260384,0,.rodata,42,43,1,True,T3,0,0,0,True,魔術結社で大達人の階位に与えられるクローク,euc_jp
4641804,147260428,0,.rodata,18,19,1,True,T3,0,0,0,True,クラーティンスーツ,euc_jp
4641824,147260448,0,.rodata,18,19,1,True,T3,0,0,0,True,ギンネム染のスーツ,euc_jp
4641844,147260468,0,.rodata,22,23,1,True,T3,0,0,0,True,ニューエイジジャケット,euc_jp
4641868,147260492,0,.rodata,42,43,1,True,T3,0,0,0,True,新しい魂の道を求める者が着用するジャケット,euc_jp
4641932,147260556,0,.rodata,34,35,1,True,T3,0,0,0,True,グンチュウサダイニシュレイソウフク,euc_jp
4641968,147260592,0,.rodata,44,47,3,True,T3,0,0,0,True,中佐の階級の者が着用する第二種礼装用のローブ,euc_jp
4642016,147260640,0,.rodata,20,23,3,True,T3,0,0,0,True,スチュワードクローク,euc_jp
4642040,147260664,0,.rodata,30,31,1,True,T3,0,0,0,True,執事やメイドが着用するクローク,euc_jp
4642072,147260696,0,.rodata,14,15,1,True,T3,0,0,0,True,近衛兵のローブ,euc_jp
4642088,147260712,0,.rodata,18,19,1,True,T3,0,0,0,True,コノエヘイノローブ,euc_jp
4642108,147260732,0,.rodata,30,31,1,True,T3,0,0,0,True,城の近衛兵となった術者のローブ,euc_jp
4642140,147260764,0,.rodata,12,15,3,True,T3,0,0,0,True,名策士の着物,euc_jp
4642156,147260780,0,.rodata,18,19,1,True,T3,0,0,0,True,メイサクシノキモノ,euc_jp
4642176,147260800,0,.rodata,26,27,1,True,T3,0,0,0,True,名策士が好んで着用する着物,euc_jp
4642204,147260828,0,.rodata,14,15,1,True,T3,0,0,0,True,アルカナローブ,euc_jp
4642220,147260844,0,.rodata,34,35,1,True,T3,0,0,0,True,占い師が着用する摩訶不思議なローブ,euc_jp
4642256,147260880,0,.rodata,14,15,1,True,T3,0,0,0,True,ビリーブガーブ,euc_jp
4642272,147260896,0,.rodata,30,31,1,True,T3,0,0,0,True,信頼を一身に集める術士のガーブ,euc_jp
4642304,147260928,0,.rodata,18,19,1,True,T3,0,0,0,True,アテイメントガーブ,euc_jp
4642324,147260948,0,.rodata,36,39,3,True,T3,0,0,0,True,着る者の目標達成を助けるというガーブ,euc_jp
4642364,147260988,0,.rodata,10,11,1,True,T3,0,0,0,True,外法者の衣,euc_jp
4642376,147261000,0,.rodata,18,19,1,True,T3,0,0,0,True,ゲホウモノノコロモ,euc_jp
4642396,147261020,0,.rodata,22,23,1,True,T3,0,0,0,True,外法の術を使う術士の衣,euc_jp
4642420,147261044,0,.rodata,14,15,1,True,T3,0,0,0,True,ミラクルスーツ,euc_jp
4642436,147261060,0,.rodata,30,31,1,True,T3,0,0,0,True,奇跡の力が込められた可愛い衣装,euc_jp
4642468,147261092,0,.rodata,10,11,1,True,T3,0,0,0,True,ラーの外套,euc_jp
4642480,147261104,0,.rodata,14,15,1,True,T3,0,0,0,True,ラーノガイトウ,euc_jp
4642496,147261120,0,.rodata,30,31,1,True,T3,0,0,0,True,宇宙存在ラーの波動を受けた外套,euc_jp
4642528,147261152,0,.rodata,14,15,1,True,T3,0,0,0,True,ミカハヤヒの衣,euc_jp
4642544,147261168,0,.rodata,18,19,1,True,T3,0,0,0,True,ミカハヤヒノコロモ,euc_jp
4642564,147261188,0,.rodata,36,39,3,True,T3,0,0,0,True,東方の秘神ミカハヤヒの加護を受けた衣,euc_jp
4642604,147261228,0,.rodata,12,15,3,True,T3,0,0,0,True,神官のローブ,euc_jp
4642620,147261244,0,.rodata,16,19,3,True,T3,0,0,0,True,シンカンノローブ,euc_jp
4642640,147261264,0,.rodata,24,27,3,True,T3,0,0,0,True,儀式に用いる派手なローブ,euc_jp
4642668,147261292,0,.rodata,16,19,3,True,T3,0,0,0,True,クレセントガーブ,euc_jp
4642688,147261312,0,.rodata,34,35,1,True,T3,0,0,0,True,三日月の様な美しい輝きを放つガーブ,euc_jp
4642724,147261348,0,.rodata,14,15,1,True,T3,0,0,0,True,ラージャローブ,euc_jp
4642740,147261364,0,.rodata,26,27,1,True,T3,0,0,0,True,異国の豪族が身に着ける装束,euc_jp
4642768,147261392,0,.rodata,10,11,1,True,T3,0,0,0,True,摂政の着物,euc_jp
4642780,147261404,0,.rodata,18,19,1,True,T3,0,0,0,True,セッショウノキモノ,euc_jp
4642800,147261424,0,.rodata,24,27,3,True,T3,0,0,0,True,東方の摂政が着用する着物,euc_jp
4642828,147261452,0,.rodata,18,19,1,True,T3,0,0,0,True,カポレジームスーツ,euc_jp
4642848,147261472,0,.rodata,30,31,1,True,T3,0,0,0,True,マフィアの幹部が着用するスーツ,euc_jp
4642880,147261504,0,.rodata,14,15,1,True,T3,0,0,0,True,シルバーガーブ,euc_jp
4642896,147261520,0,.rodata,24,27,3,True,T3,0,0,0,True,銀の刺繍が施されたガーブ,euc_jp
4642924,147261548,0,.rodata,16,19,3,True,T3,0,0,0,True,シャーマンローブ,euc_jp
4642944,147261568,0,.rodata,26,27,1,True,T3,0,0,0,True,奇異なる術士が着用する装束,euc_jp
4642972,147261596,0,.rodata,22,23,1,True,T3,0,0,0,True,セレスティアルクローク,euc_jp
4642996,147261620,0,.rodata,36,39,3,True,T3,0,0,0,True,かつて天上人が着用したというクローク,euc_jp
4643036,147261660,0,.rodata,16,19,3,True,T3,0,0,0,True,プレシャスガーブ,euc_jp
4643056,147261680,0,.rodata,24,27,3,True,T3,0,0,0,True,貴い芸術品でもあるガーブ,euc_jp
4643084,147261708,0,.rodata,18,19,1,True,T3,0,0,0,True,ヴァンパイアローブ,euc_jp
4643104,147261728,0,.rodata,22,23,1,True,T3,0,0,0,True,吸血鬼が着用するローブ,euc_jp
4643128,147261752,0,.rodata,14,15,1,True,T3,0,0,0,True,ＢＨ・アーマー,euc_jp
4643144,147261768,0,.rodata,22,23,1,True,T3,0,0,0,True,ビーストハイドアーマー,euc_jp
4643168,147261792,0,.rodata,14,15,1,True,T3,0,0,0,True,魔物の革製の鎧,euc_jp
4643184,147261808,0,.rodata,20,23,3,True,T3,0,0,0,True,クエーサージャケット,euc_jp
4643208,147261832,0,.rodata,34,35,1,True,T3,0,0,0,True,クエーサー級と称えられたジャケット,euc_jp
4643244,147261868,0,.rodata,16,19,3,True,T3,0,0,0,True,トゥルシーメイル,euc_jp
4643264,147261888,0,.rodata,28,31,3,True,T3,0,0,0,True,霊草トゥルシーの名を冠する鎧,euc_jp
4643296,147261920,0,.rodata,20,23,3,True,T3,0,0,0,True,バーバリアンアーマー,euc_jp
4643320,147261944,0,.rodata,40,43,3,True,T3,0,0,0,True,頑強な筋肉の動きを妨げぬよう研究された鎧,euc_jp
4643364,147261988,0,.rodata,14,15,1,True,T3,0,0,0,True,騎兵隊猟兵の鎧,euc_jp
4643380,147262004,0,.rodata,28,31,3,True,T3,0,0,0,True,キヘイタイリョウヘイノヨロイ,euc_jp
4643412,147262036,0,.rodata,24,27,3,True,T3,0,0,0,True,騎兵隊猟兵に支給される鎧,euc_jp
4643440,147262064,0,.rodata,18,19,1,True,T3,0,0,0,True,オリカルクムメイル,euc_jp
4643460,147262084,0,.rodata,18,19,1,True,T3,0,0,0,True,オリカルクム製の鎧,euc_jp
4643480,147262104,0,.rodata,14,15,1,True,T3,0,0,0,True,クロームメイル,euc_jp
4643496,147262120,0,.rodata,34,35,1,True,T3,0,0,0,True,小さなクロームの板をあしらった軽鎧,euc_jp
4643532,147262156,0,.rodata,10,11,1,True,T3,0,0,0,True,鬼神の胴衣,euc_jp
4643544,147262168,0,.rodata,14,15,1,True,T3,0,0,0,True,キシンノドウイ,euc_jp
4643560,147262184,0,.rodata,38,39,1,True,T3,0,0,0,True,戦鬼となった闘士が身に着けるという胴衣,euc_jp
4643600,147262224,0,.rodata,8,11,3,True,T3,0,0,0,True,覇龍の鎧,euc_jp
4643612,147262236,0,.rodata,16,19,3,True,T3,0,0,0,True,ハリュウノヨロイ,euc_jp
4643632,147262256,0,.rodata,26,27,1,True,T3,0,0,0,True,覇龍の魂が宿るといわれる鎧,euc_jp
4643660,147262284,0,.rodata,20,23,3,True,T3,0,0,0,True,アークロードチェスト,euc_jp
4643684,147262308,0,.rodata,32,35,3,True,T3,0,0,0,True,上級の爵位を持つ者に与えられる鎧,euc_jp
4643720,147262344,0,.rodata,14,15,1,True,T3,0,0,0,True,ドラゴンスキン,euc_jp
4643736,147262360,0,.rodata,24,27,3,True,T3,0,0,0,True,竜の威風を持つ胴部用防具,euc_jp
4643764,147262388,0,.rodata,10,11,1,True,T3,0,0,0,True,義経の甲冑,euc_jp
4643776,147262400,0,.rodata,20,23,3,True,T3,0,0,0,True,ヨシツネノカッチュウ,euc_jp
4643800,147262424,0,.rodata,36,39,3,True,T3,0,0,0,True,東方の戦の麒麟児義経が着用していた鎧,euc_jp
4643840,147262464,0,.rodata,16,19,3,True,T3,0,0,0,True,カーネルプレート,euc_jp
4643860,147262484,0,.rodata,14,15,1,True,T3,0,0,0,True,上級士官用の鎧,euc_jp
4643876,147262500,0,.rodata,16,19,3,True,T3,0,0,0,True,シノビジャケット,euc_jp
4643896,147262520,0,.rodata,36,39,3,True,T3,0,0,0,True,名のある忍びが着用していたジャケット,euc_jp
4643936,147262560,0,.rodata,20,23,3,True,T3,0,0,0,True,エンシェントプレート,euc_jp
4643960,147262584,0,.rodata,32,35,3,True,T3,0,0,0,True,伝説の製法で作られた全身鎧の胴部,euc_jp
4643996,147262620,0,.rodata,16,19,3,True,T3,0,0,0,True,マイトレヤメイル,euc_jp
4644016,147262640,0,.rodata,44,47,3,True,T3,0,0,0,True,古の聖人マイトレヤに正義を誓う者が着用する鎧,euc_jp
4644064,147262688,0,.rodata,18,19,1,True,T3,0,0,0,True,ダイミョーアーマー,euc_jp
4644084,147262708,0,.rodata,24,27,3,True,T3,0,0,0,True,戦国大名を彷彿とさせる鎧,euc_jp
4644112,147262736,0,.rodata,16,19,3,True,T3,0,0,0,True,デュークプレート,euc_jp
4644132,147262756,0,.rodata,36,39,3,True,T3,0,0,0,True,デュークの称号を持つ者に与えられる鎧,euc_jp
4644172,147262796,0,.rodata,16,19,3,True,T3,0,0,0,True,テムサーフメイル,euc_jp
4644192,147262816,0,.rodata,34,35,1,True,T3,0,0,0,True,千夜一夜の魔法の国で鰐を意味する鎧,euc_jp
4644228,147262852,0,.rodata,16,19,3,True,T3,0,0,0,True,アヌビスプレート,euc_jp
4644248,147262872,0,.rodata,26,27,1,True,T3,0,0,0,True,獣神アヌビスの名を冠する鎧,euc_jp
4644276,147262900,0,.rodata,14,15,1,True,T3,0,0,0,True,守護騎士団の鎧,euc_jp
4644292,147262916,0,.rodata,22,23,1,True,T3,0,0,0,True,シュゴキシダンノヨロイ,euc_jp
4644316,147262940,0,.rodata,26,27,1,True,T3,0,0,0,True,守護騎士団所属の証となる鎧,euc_jp
4644344,147262968,0,.rodata,14,15,1,True,T3,0,0,0,True,ルーンアーマー,euc_jp
4644360,147262984,0,.rodata,18,19,1,True,T3,0,0,0,True,神秘文様を刻んだ鎧,euc_jp
4644380,147263004,0,.rodata,16,19,3,True,T3,0,0,0,True,ゴーストプレート,euc_jp
4644400,147263024,0,.rodata,22,23,1,True,T3,0,0,0,True,禍々しい意匠の鎧の胴部,euc_jp
4644424,147263048,0,.rodata,18,19,1,True,T3,0,0,0,True,コロッサスプレート,euc_jp
4644444,147263068,0,.rodata,34,35,1,True,T3,0,0,0,True,伝説の巨神と見紛う防御と威圧感の鎧,euc_jp
4644480,147263104,0,.rodata,16,19,3,True,T3,0,0,0,True,ルシフェルメイル,euc_jp
4644500,147263124,0,.rodata,40,43,3,True,T3,0,0,0,True,魔界の皇帝ルシフェルの福音を受けたメイル,euc_jp
4644544,147263168,0,.rodata,20,23,3,True,T3,0,0,0,True,玄人傭兵のジャケット,euc_jp
4644568,147263192,0,.rodata,28,31,3,True,T3,0,0,0,True,クロウトヨウヘイノジャケット,euc_jp
4644600,147263224,0,.rodata,28,31,3,True,T3,0,0,0,True,玄人傭兵が着用するジャケット,euc_jp
4644632,147263256,0,.rodata,18,19,1,True,T3,0,0,0,True,フェザージャケット,euc_jp
4644652,147263276,0,.rodata,22,23,1,True,T3,0,0,0,True,羽の様に軽いジャケット,euc_jp
4644676,147263300,0,.rodata,18,19,1,True,T3,0,0,0,True,イーグルジャケット,euc_jp
4644696,147263320,0,.rodata,50,51,1,True,T3,0,0,0,True,とある民族の守り神イーグルの加護を受けたジャケット,euc_jp
4644748,147263372,0,.rodata,20,23,3,True,T3,0,0,0,True,ガンスリンガーシャツ,euc_jp
4644772,147263396,0,.rodata,28,31,3,True,T3,0,0,0,True,早撃ちの名手が着用するシャツ,euc_jp
4644816,147263440,0,.rodata,14,15,1,True,T3,0,0,0,True,シンコウドウイ,euc_jp
4644832,147263456,0,.rodata,14,15,1,True,T3,0,0,0,True,神光発する胴衣,euc_jp
4644848,147263472,0,.rodata,10,11,1,True,T3,0,0,0,True,僧正の袈裟,euc_jp
4644860,147263484,0,.rodata,16,19,3,True,T3,0,0,0,True,ソウジョウノケサ,euc_jp
4644880,147263504,0,.rodata,28,31,3,True,T3,0,0,0,True,説法に赴く僧正が着用する袈裟,euc_jp
4644912,147263536,0,.rodata,24,27,3,True,T3,0,0,0,True,マーセナリオーバーオール,euc_jp
4644940,147263564,0,.rodata,38,39,1,True,T3,0,0,0,True,歴戦の傭兵の活動に適したオーバーオール,euc_jp
4644980,147263604,0,.rodata,12,15,3,True,T3,0,0,0,True,総督のコート,euc_jp
4644996,147263620,0,.rodata,16,19,3,True,T3,0,0,0,True,ソウトクノコート,euc_jp
4645016,147263640,0,.rodata,32,35,3,True,T3,0,0,0,True,総督が警備の巡察で着用するコート,euc_jp
4645052,147263676,0,.rodata,20,23,3,True,T3,0,0,0,True,ウエスタンジャケット,euc_jp
4645076,147263700,0,.rodata,32,35,3,True,T3,0,0,0,True,荒野の用心棒が着用するジャケット,euc_jp
4645112,147263736,0,.rodata,10,11,1,True,T3,0,0,0,True,僧正の布鎧,euc_jp
4645124,147263748,0,.rodata,22,23,1,True,T3,0,0,0,True,ソウジョウノヌノヨロイ,euc_jp
4645148,147263772,0,.rodata,22,23,1,True,T3,0,0,0,True,教義を広める僧正の布鎧,euc_jp
4645172,147263796,0,.rodata,16,19,3,True,T3,0,0,0,True,アドミラルスーツ,euc_jp
4645192,147263816,0,.rodata,32,35,3,True,T3,0,0,0,True,艦隊を率いる提督が着用するスーツ,euc_jp
4645228,147263852,0,.rodata,14,15,1,True,T3,0,0,0,True,天狗討ちの装束,euc_jp
4645244,147263868,0,.rodata,22,23,1,True,T3,0,0,0,True,テングウチノショウゾク,euc_jp
4645268,147263892,0,.rodata,36,39,3,True,T3,0,0,0,True,物の怪天狗を討伐する者が着用する装束,euc_jp
4645308,147263932,0,.rodata,10,11,1,True,T3,0,0,0,True,大尉の制服,euc_jp
4645320,147263944,0,.rodata,16,19,3,True,T3,0,0,0,True,タイイノセイフク,euc_jp
4645340,147263964,0,.rodata,24,27,3,True,T3,0,0,0,True,大尉の階級の証である制服,euc_jp
4645368,147263992,0,.rodata,18,19,1,True,T3,0,0,0,True,ウィッチジャケット,euc_jp
4645388,147264012,0,.rodata,26,27,1,True,T3,0,0,0,True,魔法で強化されたジャケット,euc_jp
4645416,147264040,0,.rodata,18,19,1,True,T3,0,0,0,True,ピューマジャケット,euc_jp
4645436,147264060,0,.rodata,44,47,3,True,T3,0,0,0,True,呪術師シルバー・ピューマが祈祷したジャケット,euc_jp
4645484,147264108,0,.rodata,16,19,3,True,T3,0,0,0,True,暗殺教団のスーツ,euc_jp
4645504,147264128,0,.rodata,26,27,1,True,T3,0,0,0,True,アンサツキョウダンノスーツ,euc_jp
4645532,147264156,0,.rodata,28,31,3,True,T3,0,0,0,True,謎の暗殺教団が着用するスーツ,euc_jp
4645564,147264188,0,.rodata,8,11,3,True,T3,0,0,0,True,龍王の衣,euc_jp
4645576,147264200,0,.rodata,18,19,1,True,T3,0,0,0,True,リュウオウノコロモ,euc_jp
4645596,147264220,0,.rodata,34,35,1,True,T3,0,0,0,True,龍王の位を持つ功夫使いが着用する衣,euc_jp
4645632,147264256,0,.rodata,14,15,1,True,T3,0,0,0,True,竜調教師の制服,euc_jp
4645648,147264272,0,.rodata,30,31,1,True,T3,0,0,0,True,リュウチョウキョウシノセイフク,euc_jp
4645680,147264304,0,.rodata,36,39,3,True,T3,0,0,0,True,竜の調教を生業とする者が着用する制服,euc_jp
4645720,147264344,0,.rodata,14,15,1,True,T3,0,0,0,True,精霊学士の制服,euc_jp
4645736,147264360,0,.rodata,24,27,3,True,T3,0,0,0,True,セイレイガクシノセイフク,euc_jp
4645764,147264388,0,.rodata,32,35,3,True,T3,0,0,0,True,校則に定められた精霊学士用の制服,euc_jp
4645800,147264424,0,.rodata,10,11,1,True,T3,0,0,0,True,武舞の装束,euc_jp
4645812,147264436,0,.rodata,18,19,1,True,T3,0,0,0,True,ブマイノショウゾク,euc_jp
4645832,147264456,0,.rodata,34,35,1,True,T3,0,0,0,True,神前儀式で勇猛な動きで舞う者の装束,euc_jp
4645868,147264492,0,.rodata,20,23,3,True,T3,0,0,0,True,パイレーツジャケット,euc_jp
4645892,147264516,0,.rodata,30,31,1,True,T3,0,0,0,True,大海賊の風格を持ったジャケット,euc_jp
4645924,147264548,0,.rodata,8,11,3,True,T3,0,0,0,True,白虎の衣,euc_jp
4645936,147264560,0,.rodata,16,19,3,True,T3,0,0,0,True,ビャッコノコロモ,euc_jp
4645956,147264580,0,.rodata,24,27,3,True,T3,0,0,0,True,聖獣白虎の名を冠する衣服,euc_jp
4645984,147264608,0,.rodata,14,15,1,True,T3,0,0,0,True,実践者のローブ,euc_jp
4646000,147264624,0,.rodata,20,23,3,True,T3,0,0,0,True,ジッセンシャノローブ,euc_jp
4646024,147264648,0,.rodata,28,31,3,True,T3,0,0,0,True,実践者の術士が着用するローブ,euc_jp
4646056,147264680,0,.rodata,18,19,1,True,T3,0,0,0,True,被免達人のクローク,euc_jp
4646076,147264700,0,.rodata,32,35,3,True,T3,0,0,0,True,ヒメンタツジンノクローククローク,euc_jp
4646112,147264736,0,.rodata,44,47,3,True,T3,0,0,0,True,魔術結社で被免達人の階位に与えられるクローク,euc_jp
4646160,147264784,0,.rodata,18,19,1,True,T3,0,0,0,True,サッバロットスーツ,euc_jp
4646180,147264804,0,.rodata,22,23,1,True,T3,0,0,0,True,パイナップル染のスーツ,euc_jp
4646204,147264828,0,.rodata,22,23,1,True,T3,0,0,0,True,コンタクティジャケット,euc_jp
4646228,147264852,0,.rodata,46,47,1,True,T3,0,0,0,True,魂で超常的存在と接触する者が着用するジャケット,euc_jp
4646296,147264920,0,.rodata,32,35,3,True,T3,0,0,0,True,グンタイサダイニシュレイソウフク,euc_jp
4646332,147264956,0,.rodata,44,47,3,True,T3,0,0,0,True,大佐の階級の者が着用する第二種礼装用のローブ,euc_jp
4646380,147265004,0,.rodata,20,23,3,True,T3,0,0,0,True,セクレタリークローク,euc_jp
4646404,147265028,0,.rodata,22,23,1,True,T3,0,0,0,True,秘書が着用するクローク,euc_jp
4646428,147265052,0,.rodata,16,19,3,True,T3,0,0,0,True,親衛隊長のローブ,euc_jp
4646448,147265072,0,.rodata,24,27,3,True,T3,0,0,0,True,シンエイタイチョウノロブ,euc_jp
4646476,147265100,0,.rodata,32,35,3,True,T3,0,0,0,True,城の親衛隊長となった術者のローブ,euc_jp
4646512,147265136,0,.rodata,12,15,3,True,T3,0,0,0,True,名軍師の着物,euc_jp
4646528,147265152,0,.rodata,18,19,1,True,T3,0,0,0,True,メイグンシノキモノ,euc_jp
4646548,147265172,0,.rodata,26,27,1,True,T3,0,0,0,True,名軍師が好んで着用する着物,euc_jp
4646576,147265200,0,.rodata,12,15,3,True,T3,0,0,0,True,ルーンローブ,euc_jp
4646592,147265216,0,.rodata,28,31,3,True,T3,0,0,0,True,裏地に神秘文様を施したローブ,euc_jp
4646624,147265248,0,.rodata,14,15,1,True,T3,0,0,0,True,セイントガーブ,euc_jp
4646640,147265264,0,.rodata,24,27,3,True,T3,0,0,0,True,神に愛されし聖人のガーブ,euc_jp
4646668,147265292,0,.rodata,16,19,3,True,T3,0,0,0,True,ワーロックガーブ,euc_jp
4646688,147265312,0,.rodata,18,19,1,True,T3,0,0,0,True,ワーロッククガーブ,euc_jp
4646708,147265332,0,.rodata,32,35,3,True,T3,0,0,0,True,上位のワーロックが着用するガーブ,euc_jp
4646744,147265368,0,.rodata,10,11,1,True,T3,0,0,0,True,異端者の衣,euc_jp
4646756,147265380,0,.rodata,18,19,1,True,T3,0,0,0,True,イタンモノノコロモ,euc_jp
4646776,147265400,0,.rodata,34,35,1,True,T3,0,0,0,True,正道から外れ異端の道を行く術士の衣,euc_jp
4646812,147265436,0,.rodata,16,19,3,True,T3,0,0,0,True,フラッシュスーツ,euc_jp
4646832,147265456,0,.rodata,38,39,1,True,T3,0,0,0,True,光にも似た強烈なオーラを放つ可愛い衣装,euc_jp
4646872,147265496,0,.rodata,14,15,1,True,T3,0,0,0,True,エイワスの外套,euc_jp
4646888,147265512,0,.rodata,18,19,1,True,T3,0,0,0,True,エイワスノガイトウ,euc_jp
4646908,147265532,0,.rodata,34,35,1,True,T3,0,0,0,True,宇宙存在エイワスの波動を受けた外套,euc_jp
4646944,147265568,0,.rodata,16,19,3,True,T3,0,0,0,True,クラヤマツミの衣,euc_jp
4646964,147265588,0,.rodata,20,23,3,True,T3,0,0,0,True,クラヤマツミノコロモ,euc_jp
4646988,147265612,0,.rodata,38,39,1,True,T3,0,0,0,True,東方の秘神クラヤマツミの加護を受けた衣,euc_jp
4647028,147265652,0,.rodata,14,15,1,True,T3,0,0,0,True,預言者のローブ,euc_jp
4647044,147265668,0,.rodata,18,19,1,True,T3,0,0,0,True,ヨゲンシャノローブ,euc_jp
4647064,147265688,0,.rodata,24,27,3,True,T3,0,0,0,True,神の依り代が纏う神聖な衣,euc_jp
4647092,147265716,0,.rodata,12,15,3,True,T3,0,0,0,True,ムーンガーブ,euc_jp
4647108,147265732,0,.rodata,32,35,3,True,T3,0,0,0,True,夜空を支配する月の力で満ちた呪装,euc_jp
4647144,147265768,0,.rodata,14,15,1,True,T3,0,0,0,True,スルタンローブ,euc_jp
4647160,147265784,0,.rodata,26,27,1,True,T3,0,0,0,True,異国の国王が身に着ける装束,euc_jp
4647188,147265812,0,.rodata,10,11,1,True,T3,0,0,0,True,関白の着物,euc_jp
4647200,147265824,0,.rodata,16,19,3,True,T3,0,0,0,True,カンパクノキモノ,euc_jp
4647220,147265844,0,.rodata,34,35,1,True,T3,0,0,0,True,東方で最も高位の貴族が着用する着物,euc_jp
4647256,147265880,0,.rodata,18,19,1,True,T3,0,0,0,True,アンダーボススーツ,euc_jp
4647276,147265900,0,.rodata,30,31,1,True,T3,0,0,0,True,マフィアの若頭が着用するスーツ,euc_jp
4647308,147265932,0,.rodata,14,15,1,True,T3,0,0,0,True,プラチナガーブ,euc_jp
4647324,147265948,0,.rodata,34,35,1,True,T3,0,0,0,True,プラチナの飾り付けが施されたガーブ,euc_jp
4647360,147265984,0,.rodata,20,23,3,True,T3,0,0,0,True,ネクロマンサーローブ,euc_jp
4647384,147266008,0,.rodata,24,27,3,True,T3,0,0,0,True,死霊使いが着用するローブ,euc_jp
4647412,147266036,0,.rodata,14,15,1,True,T3,0,0,0,True,スタークローク,euc_jp
4647428,147266052,0,.rodata,30,31,1,True,T3,0,0,0,True,天空の星の力で身を守るクローク,euc_jp
4647460,147266084,0,.rodata,16,19,3,True,T3,0,0,0,True,レジェンドガーブ,euc_jp
4647480,147266104,0,.rodata,44,47,3,True,T3,0,0,0,True,伝説のパタンナーが現代に蘇らせた古代のガーブ,euc_jp
4647528,147266152,0,.rodata,12,15,3,True,T3,0,0,0,True,始祖のローブ,euc_jp
4647544,147266168,0,.rodata,12,15,3,True,T3,0,0,0,True,シソノローブ,euc_jp
4647560,147266184,0,.rodata,24,27,3,True,T3,0,0,0,True,不死の王が着用するローブ,euc_jp
4647588,147266212,0,.rodata,8,11,3,True,T3,0,0,0,True,戦士の鎧,euc_jp
4647600,147266224,0,.rodata,14,15,1,True,T3,0,0,0,True,センシノヨロイ,euc_jp
4647616,147266240,0,.rodata,36,39,3,True,T3,0,0,0,True,ディセンダーと認められた戦士専用の鎧,euc_jp
4647656,147266280,0,.rodata,8,11,3,True,T3,0,0,0,True,剣士の鎧,euc_jp
4647668,147266292,0,.rodata,14,15,1,True,T3,0,0,0,True,ケンシノヨロイ,euc_jp
4647684,147266308,0,.rodata,36,39,3,True,T3,0,0,0,True,ディセンダーと認められた剣士専用の鎧,euc_jp
4647724,147266348,0,.rodata,12,15,3,True,T3,0,0,0,True,魔法剣士の鎧,euc_jp
4647740,147266364,0,.rodata,20,23,3,True,T3,0,0,0,True,マホウケンシノヨロイ,euc_jp
4647764,147266388,0,.rodata,40,43,3,True,T3,0,0,0,True,ディセンダーと認められた魔法剣士専用の鎧,euc_jp
4647808,147266432,0,.rodata,14,15,1,True,T3,0,0,0,True,拳闘士のキトン,euc_jp
4647824,147266448,0,.rodata,18,19,1,True,T3,0,0,0,True,ケントウシノキトン,euc_jp
4647844,147266468,0,.rodata,42,43,1,True,T3,0,0,0,True,ディセンダーと認められた格闘家専用のキトン,euc_jp
4647888,147266512,0,.rodata,8,11,3,True,T3,0,0,0,True,狩人の服,euc_jp
4647900,147266524,0,.rodata,16,19,3,True,T3,0,0,0,True,カリュウドノフク,euc_jp
4647920,147266544,0,.rodata,36,39,3,True,T3,0,0,0,True,ディセンダーと認められた狩人専用の服,euc_jp
4647960,147266584,0,.rodata,8,11,3,True,T3,0,0,0,True,盗賊の服,euc_jp
4647972,147266596,0,.rodata,14,15,1,True,T3,0,0,0,True,トウゾクノフク,euc_jp
4647988,147266612,0,.rodata,36,39,3,True,T3,0,0,0,True,ディセンダーと認められた盗賊専用の服,euc_jp
4648028,147266652,0,.rodata,6,7,1,True,T3,0,0,0,True,忍の衣,euc_jp
4648036,147266660,0,.rodata,14,15,1,True,T3,0,0,0,True,シノビノコロモ,euc_jp
4648052,147266676,0,.rodata,36,39,3,True,T3,0,0,0,True,ディセンダーと認められた忍者専用の衣,euc_jp
4648092,147266716,0,.rodata,14,15,1,True,T3,0,0,0,True,魔術師のローブ,euc_jp
4648108,147266732,0,.rodata,18,19,1,True,T3,0,0,0,True,マジュツシノローブ,euc_jp
4648128,147266752,0,.rodata,42,43,1,True,T3,0,0,0,True,ディセンダーと認められた魔術師専用のローブ,euc_jp
4648172,147266796,0,.rodata,16,19,3,True,T3,0,0,0,True,修道士のクローク,euc_jp
4648192,147266816,0,.rodata,22,23,1,True,T3,0,0,0,True,シュウドウシノクローク,euc_jp
4648216,147266840,0,.rodata,42,43,1,True,T3,0,0,0,True,ディセンダーと認められた僧侶専用のクローク,euc_jp
4648260,147266884,0,.rodata,12,15,3,True,T3,0,0,0,True,司教のローブ,euc_jp
4648276,147266900,0,.rodata,16,19,3,True,T3,0,0,0,True,シキョウノローブ,euc_jp
4648296,147266920,0,.rodata,46,47,1,True,T3,0,0,0,True,ディセンダーと認められたビショップ専用のローブ,euc_jp
4648344,147266968,0,.rodata,12,15,3,True,T3,0,0,0,True,二刀剣士の鎧,euc_jp
4648360,147266984,0,.rodata,20,23,3,True,T3,0,0,0,True,ニトウケンシノヨロイ,euc_jp
4648384,147267008,0,.rodata,38,39,1,True,T3,0,0,0,True,ディセンダーと認められた双剣士専用の鎧,euc_jp
4648424,147267048,0,.rodata,10,11,1,True,T3,0,0,0,True,大剣士の鎧,euc_jp
4648436,147267060,0,.rodata,18,19,1,True,T3,0,0,0,True,ダイケンシノヨロイ,euc_jp
4648456,147267080,0,.rodata,38,39,1,True,T3,0,0,0,True,ディセンダーと認められた大剣士専用の鎧,euc_jp
4648496,147267120,0,.rodata,18,19,1,True,T3,0,0,0,True,准拳士のジャケット,euc_jp
4648516,147267140,0,.rodata,24,27,3,True,T3,0,0,0,True,ジュンケンシノジャケット,euc_jp
4648544,147267168,0,.rodata,46,47,1,True,T3,0,0,0,True,ディセンダーと認められたモンク専用のジャケット,euc_jp
4648592,147267216,0,.rodata,8,11,3,True,T3,0,0,0,True,海賊の服,euc_jp
4648604,147267228,0,.rodata,14,15,1,True,T3,0,0,0,True,カイゾクノフク,euc_jp
4648620,147267244,0,.rodata,36,39,3,True,T3,0,0,0,True,ディセンダーと認められた海賊専用の服,euc_jp
4648660,147267284,0,.rodata,10,11,1,True,T3,0,0,0,True,従士隊の鎧,euc_jp
4648672,147267296,0,.rodata,20,23,3,True,T3,0,0,0,True,ジュウシタイノヨロイ,euc_jp
4648696,147267320,0,.rodata,38,39,1,True,T3,0,0,0,True,ディセンダーと認められた聖騎士専用の鎧,euc_jp
4648736,147267360,0,.rodata,18,19,1,True,T3,0,0,0,True,狙撃手のジャケット,euc_jp
4648756,147267380,0,.rodata,22,23,1,True,T3,0,0,0,True,ソゲキシュノジャケット,euc_jp
4648780,147267404,0,.rodata,48,51,3,True,T3,0,0,0,True,ディセンダーと認められたガンマン専用のジャケット,euc_jp
4648832,147267456,0,.rodata,8,11,3,True,T3,0,0,0,True,闘士の鎧,euc_jp
4648844,147267468,0,.rodata,14,15,1,True,T3,0,0,0,True,トウシノヨロイ,euc_jp
4648860,147267484,0,.rodata,38,39,1,True,T3,0,0,0,True,ディセンダーの為に作られた戦士専用の鎧,euc_jp
4648900,147267524,0,.rodata,8,11,3,True,T3,0,0,0,True,騎士の鎧,euc_jp
4648912,147267536,0,.rodata,12,15,3,True,T3,0,0,0,True,キシノヨロイ,euc_jp
4648928,147267552,0,.rodata,38,39,1,True,T3,0,0,0,True,ディセンダーの為に作られた剣士専用の鎧,euc_jp
4648968,147267592,0,.rodata,12,15,3,True,T3,0,0,0,True,魔法騎士の鎧,euc_jp
4648984,147267608,0,.rodata,18,19,1,True,T3,0,0,0,True,マホウキシノヨロイ,euc_jp
4649004,147267628,0,.rodata,42,43,1,True,T3,0,0,0,True,ディセンダーの為に作られた魔法剣士専用の鎧,euc_jp
4649048,147267672,0,.rodata,14,15,1,True,T3,0,0,0,True,小覇王のキトン,euc_jp
4649064,147267688,0,.rodata,20,23,3,True,T3,0,0,0,True,ショウハオウノキトン,euc_jp
4649088,147267712,0,.rodata,44,47,3,True,T3,0,0,0,True,ディセンダーの為に作られた格闘家専用のキトン,euc_jp
4649136,147267760,0,.rodata,10,11,1,True,T3,0,0,0,True,名射手の服,euc_jp
4649148,147267772,0,.rodata,14,15,1,True,T3,0,0,0,True,メイイテノフク,euc_jp
4649164,147267788,0,.rodata,38,39,1,True,T3,0,0,0,True,ディセンダーの為に作られた狩人専用の服,euc_jp
4649204,147267828,0,.rodata,8,11,3,True,T3,0,0,0,True,義賊の服,euc_jp
4649216,147267840,0,.rodata,12,15,3,True,T3,0,0,0,True,ギゾクノフク,euc_jp
4649232,147267856,0,.rodata,38,39,1,True,T3,0,0,0,True,ディセンダーの為に作られた盗賊専用の服,euc_jp
4649272,147267896,0,.rodata,8,11,3,True,T3,0,0,0,True,頭領の衣,euc_jp
4649284,147267908,0,.rodata,18,19,1,True,T3,0,0,0,True,トウリョウノコロモ,euc_jp
4649304,147267928,0,.rodata,38,39,1,True,T3,0,0,0,True,ディセンダーの為に作られた忍者専用の衣,euc_jp
4649344,147267968,0,.rodata,14,15,1,True,T3,0,0,0,True,魔導師のローブ,euc_jp
4649360,147267984,0,.rodata,16,19,3,True,T3,0,0,0,True,マドウシノローブ,euc_jp
4649380,147268004,0,.rodata,44,47,3,True,T3,0,0,0,True,ディセンダーの為に作られた魔術師専用のローブ,euc_jp
4649428,147268052,0,.rodata,14,15,1,True,T3,0,0,0,True,司祭のクローク,euc_jp
4649444,147268068,0,.rodata,16,19,3,True,T3,0,0,0,True,シサイノクローク,euc_jp
4649464,147268088,0,.rodata,44,47,3,True,T3,0,0,0,True,ディセンダーの為に作られた僧侶専用のクローク,euc_jp
4649512,147268136,0,.rodata,12,15,3,True,T3,0,0,0,True,教皇のローブ,euc_jp
4649528,147268152,0,.rodata,18,19,1,True,T3,0,0,0,True,キョウコウノローブ,euc_jp
4649548,147268172,0,.rodata,48,51,3,True,T3,0,0,0,True,ディセンダーの為に作られたビショップ専用のローブ,euc_jp
4649600,147268224,0,.rodata,12,15,3,True,T3,0,0,0,True,二天剣士の鎧,euc_jp
4649616,147268240,0,.rodata,20,23,3,True,T3,0,0,0,True,ニテンケンシノヨロイ,euc_jp
4649640,147268264,0,.rodata,40,43,3,True,T3,0,0,0,True,ディセンダーの為に作られた双剣士専用の鎧,euc_jp
4649684,147268308,0,.rodata,14,15,1,True,T3,0,0,0,True,処刑執行人の鎧,euc_jp
4649700,147268324,0,.rodata,28,31,3,True,T3,0,0,0,True,ショケイシッコウニンノヨロイ,euc_jp
4649732,147268356,0,.rodata,40,43,3,True,T3,0,0,0,True,ディセンダーの為に作られた大剣士専用の鎧,euc_jp
4649776,147268400,0,.rodata,18,19,1,True,T3,0,0,0,True,大範士のジャケット,euc_jp
4649796,147268420,0,.rodata,22,23,1,True,T3,0,0,0,True,ダイハンシノジャケット,euc_jp
4649820,147268444,0,.rodata,48,51,3,True,T3,0,0,0,True,ディセンダーの為に作られたモンク専用のジャケット,euc_jp
4649872,147268496,0,.rodata,20,23,3,True,T3,0,0,0,True,ヴァイキングクロース,euc_jp
4649896,147268520,0,.rodata,44,47,3,True,T3,0,0,0,True,ディセンダーの為に作られた海賊専用のクロース,euc_jp
4649944,147268568,0,.rodata,8,11,3,True,T3,0,0,0,True,剣聖の鎧,euc_jp
4649956,147268580,0,.rodata,16,19,3,True,T3,0,0,0,True,ケンセイノヨロイ,euc_jp
4649976,147268600,0,.rodata,40,43,3,True,T3,0,0,0,True,ディセンダーの為に作られた聖騎士専用の鎧,euc_jp
4650020,147268644,0,.rodata,22,23,1,True,T3,0,0,0,True,ガンマスタージャケット,euc_jp
4650044,147268668,0,.rodata,50,51,1,True,T3,0,0,0,True,ディセンダーの為に作られたガンマン専用のジャケット,euc_jp
4650096,147268720,0,.rodata,14,15,1,True,T3,0,0,0,True,リィーディアル,euc_jp
4650112,147268736,0,.rodata,28,31,3,True,T3,0,0,0,True,暗殺者用に作られたジャケット,euc_jp
4650144,147268768,0,.rodata,16,19,3,True,T3,0,0,0,True,ヘヴンリーガーブ,euc_jp
4650164,147268788,0,.rodata,28,31,3,True,T3,0,0,0,True,天使の名を冠する神秘のガーブ,euc_jp
4650196,147268820,0,.rodata,12,15,3,True,T3,0,0,0,True,ヴァルメガー,euc_jp
4650212,147268836,0,.rodata,30,31,1,True,T3,0,0,0,True,豪華にしつらえられたジャケット,euc_jp
4650244,147268868,0,.rodata,14,15,1,True,T3,0,0,0,True,ヴァーミリオン,euc_jp
4650260,147268884,0,.rodata,48,51,3,True,T3,0,0,0,True,幾戦もの闘いの末、返り血を浴び続けた曰く付きの鎧,euc_jp
4650312,147268936,0,.rodata,8,11,3,True,T3,0,0,0,True,巫の装束,euc_jp
4650324,147268948,0,.rodata,20,23,3,True,T3,0,0,0,True,カンナギノショウゾク,euc_jp
4650348,147268972,0,.rodata,32,35,3,True,T3,0,0,0,True,地味めだが、実用性の高いクローク,euc_jp
4650384,147269008,0,.rodata,10,11,1,True,T3,0,0,0,True,エクサール,euc_jp
4650396,147269020,0,.rodata,38,39,1,True,T3,0,0,0,True,纏う者は天を翔けたという伝説のクローク,euc_jp
4650436,147269060,0,.rodata,14,15,1,True,T3,0,0,0,True,摩利支天の衣服,euc_jp
4650452,147269076,0,.rodata,18,19,1,True,T3,0,0,0,True,マリシテンノイフク,euc_jp
4650472,147269096,0,.rodata,42,43,1,True,T3,0,0,0,True,戦場でも傷つかない守り神の名を冠するローブ,euc_jp
4650516,147269140,0,.rodata,8,11,3,True,T3,0,0,0,True,鳳凰の衣,euc_jp
4650528,147269152,0,.rodata,16,19,3,True,T3,0,0,0,True,ホウオウノコロモ,euc_jp
4650548,147269172,0,.rodata,40,43,3,True,T3,0,0,0,True,纏う者は不死鳥の加護を得るという伝説の衣,euc_jp
4650592,147269216,0,.rodata,16,19,3,True,T3,0,0,0,True,ゴールドアーマー,euc_jp
4650612,147269236,0,.rodata,44,47,3,True,T3,0,0,0,True,イシュタル伝説に名を残す勇者ギルガメシュの鎧,euc_jp
4650660,147269284,0,.rodata,12,15,3,True,T3,0,0,0,True,マム・ベイン,euc_jp
4650676,147269300,0,.rodata,10,11,1,True,T3,0,0,0,True,マムベイン,euc_jp
4650688,147269312,0,.rodata,32,35,3,True,T3,0,0,0,True,大いなる大地母神の守りを受けた鎧,euc_jp
4650724,147269348,0,.rodata,18,19,1,True,T3,0,0,0,True,ラストクルセイダー,euc_jp
4650744,147269368,0,.rodata,36,39,3,True,T3,0,0,0,True,太古の聖戦に使用されたという伝説の鎧,euc_jp
4650784,147269408,0,.rodata,20,23,3,True,T3,0,0,0,True,ハーモニックアーマー,euc_jp
4650808,147269432,0,.rodata,42,43,1,True,T3,0,0,0,True,使い手に同調し最高の性能を発揮する至高の鎧,euc_jp
4650864,147269488,0,.rodata,12,15,3,True,T3,0,0,0,True,タイソウギＡ,euc_jp
4650880,147269504,0,.rodata,30,31,1,True,T3,0,0,0,True,バンエルティア号船長公式体操着,euc_jp
4650924,147269548,0,.rodata,12,15,3,True,T3,0,0,0,True,タイソウギＢ,euc_jp
4650952,147269576,0,.rodata,12,15,3,True,T3,0,0,0,True,タイソウギＣ,euc_jp
4650980,147269604,0,.rodata,12,15,3,True,T3,0,0,0,True,タイソウギＤ,euc_jp
4651008,147269632,0,.rodata,12,15,3,True,T3,0,0,0,True,タイソウギＥ,euc_jp
4651032,147269656,0,.rodata,8,11,3,True,T3,0,0,0,True,ミズギＡ,euc_jp
4651044,147269668,0,.rodata,28,31,3,True,T3,0,0,0,True,バンエルティア号船長公式水着,euc_jp
4651084,147269708,0,.rodata,8,11,3,True,T3,0,0,0,True,ミズギＢ,euc_jp
4651104,147269728,0,.rodata,8,11,3,True,T3,0,0,0,True,ミズギＣ,euc_jp
4651124,147269748,0,.rodata,8,11,3,True,T3,0,0,0,True,ミズギＤ,euc_jp
4651144,147269768,0,.rodata,8,11,3,True,T3,0,0,0,True,ミズギＥ,euc_jp
4651156,147269780,0,.rodata,6,7,1,True,T3,0,0,0,True,モジョ,euc_jp
4651164,147269788,0,.rodata,40,43,3,True,T3,0,0,0,True,全身黒タイツ。怪しい人物を華麗に演じます,euc_jp
4651208,147269832,0,.rodata,12,15,3,True,T3,0,0,0,True,かみなり様Ａ,euc_jp
4651224,147269848,0,.rodata,14,15,1,True,T3,0,0,0,True,カミナリサマＡ,euc_jp
4651240,147269864,0,.rodata,26,27,1,True,T3,0,0,0,True,初級雷様が装備出来るスーツ,euc_jp
4651268,147269892,0,.rodata,12,15,3,True,T3,0,0,0,True,かみなり様Ｂ,euc_jp
4651284,147269908,0,.rodata,14,15,1,True,T3,0,0,0,True,カミナリサマＢ,euc_jp
4651300,147269924,0,.rodata,26,27,1,True,T3,0,0,0,True,中級雷様が装備出来るスーツ,euc_jp
4651328,147269952,0,.rodata,12,15,3,True,T3,0,0,0,True,かみなり様Ｃ,euc_jp
4651344,147269968,0,.rodata,14,15,1,True,T3,0,0,0,True,カミナリサマＣ,euc_jp
4651360,147269984,0,.rodata,26,27,1,True,T3,0,0,0,True,上級雷様が装備出来るスーツ,euc_jp
4651400,147270024,0,.rodata,14,15,1,True,T3,0,0,0,True,モモイロジダイ,euc_jp
4651416,147270040,0,.rodata,38,39,1,True,T3,0,0,0,True,お色気専門雷様用。その名も「桃色時代」,euc_jp
4651456,147270080,0,.rodata,14,15,1,True,T3,0,0,0,True,ブラック（黒）,euc_jp
4651472,147270096,0,.rodata,12,15,3,True,T3,0,0,0,True,ブラッククロ,euc_jp
4651488,147270112,0,.rodata,40,43,3,True,T3,0,0,0,True,究極の雷装備。その名も「ブラック（黒）」,euc_jp
4651540,147270164,0,.rodata,8,11,3,True,T3,0,0,0,True,ドウギＡ,euc_jp
4651552,147270176,0,.rodata,28,31,3,True,T3,0,0,0,True,格闘技の試合用に作られた胴着,euc_jp
4651592,147270216,0,.rodata,8,11,3,True,T3,0,0,0,True,ドウギＢ,euc_jp
4651612,147270236,0,.rodata,8,11,3,True,T3,0,0,0,True,ドウギＣ,euc_jp
4651632,147270256,0,.rodata,8,11,3,True,T3,0,0,0,True,ドウギＤ,euc_jp
4651652,147270276,0,.rodata,8,11,3,True,T3,0,0,0,True,ドウギＥ,euc_jp
4651664,147270288,0,.rodata,8,11,3,True,T3,0,0,0,True,ピヨコＡ,euc_jp
4651676,147270300,0,.rodata,30,31,1,True,T3,0,0,0,True,鶏のヒナを模したスーツ。未着色,euc_jp
4651708,147270332,0,.rodata,8,11,3,True,T3,0,0,0,True,ピヨコＢ,euc_jp
4651720,147270344,0,.rodata,32,35,3,True,T3,0,0,0,True,鶏のヒナを模したスーツ。着色済み,euc_jp
4651756,147270380,0,.rodata,8,11,3,True,T3,0,0,0,True,ピヨコＣ,euc_jp
4651768,147270392,0,.rodata,8,11,3,True,T3,0,0,0,True,ピヨコＤ,euc_jp
4651780,147270404,0,.rodata,8,11,3,True,T3,0,0,0,True,ピヨコＥ,euc_jp
4651792,147270416,0,.rodata,40,43,3,True,T3,0,0,0,True,鶏のヒナを模したスーツ。レア色で着色済み,euc_jp
4651836,147270460,0,.rodata,14,15,1,True,T3,0,0,0,True,カエルスーツＡ,euc_jp
4651852,147270476,0,.rodata,20,23,3,True,T3,0,0,0,True,両生類を模したスーツ,euc_jp
4651876,147270500,0,.rodata,14,15,1,True,T3,0,0,0,True,カエルスーツＢ,euc_jp
4651892,147270516,0,.rodata,14,15,1,True,T3,0,0,0,True,カエルスーツＣ,euc_jp
4651908,147270532,0,.rodata,14,15,1,True,T3,0,0,0,True,カエルスーツＤ,euc_jp
4651924,147270548,0,.rodata,14,15,1,True,T3,0,0,0,True,カエルスーツＥ,euc_jp
4651940,147270564,0,.rodata,34,35,1,True,T3,0,0,0,True,珍しい色をした両生類を模したスーツ,euc_jp
4651976,147270600,0,.rodata,18,19,1,True,T3,0,0,0,True,エンジェル・スーツ,euc_jp
4651996,147270620,0,.rodata,20,23,3,True,T3,0,0,0,True,めざせ！きゅーぴっと,euc_jp
4652020,147270644,0,.rodata,18,19,1,True,T3,0,0,0,True,ソウルコスチューム,euc_jp
4652040,147270664,0,.rodata,48,51,3,True,T3,0,0,0,True,身につければあのキャラに！（全身変化の装備です）,euc_jp
4652092,147270716,0,.rodata,22,23,1,True,T3,0,0,0,True,ナムコオールディーズＡ,euc_jp
4652116,147270740,0,.rodata,22,23,1,True,T3,0,0,0,True,ナムコオールディーズＢ,euc_jp
4652140,147270764,0,.rodata,22,23,1,True,T3,0,0,0,True,ゲームスタウンＴシャツ,euc_jp
4652164,147270788,0,.rodata,34,35,1,True,T3,0,0,0,True,ゲームスタウンオリジナルのＴシャツ,euc_jp
4652200,147270824,0,.rodata,24,27,3,True,T3,0,0,0,True,テイルズマガジンＴシャツ,euc_jp
4652228,147270852,0,.rodata,40,43,3,True,T3,0,0,0,True,テイルズオブマガジンオリジナルのＴシャツ,euc_jp
4652272,147270896,0,.rodata,16,19,3,True,T3,0,0,0,True,ファミ通Ｔシャツ,euc_jp
4652292,147270916,0,.rodata,18,19,1,True,T3,0,0,0,True,ファミツウＴシャツ,euc_jp
4652312,147270936,0,.rodata,28,31,3,True,T3,0,0,0,True,ファミ通オリジナルのＴシャツ,euc_jp
4652344,147270968,0,.rodata,16,19,3,True,T3,0,0,0,True,ペンギンＴシャツ,euc_jp
4652364,147270988,0,.rodata,48,51,3,True,T3,0,0,0,True,ＰＥＮＧＵＩＮ　Ｂｒｏｓ．のオリジナルのＴシャツ,euc_jp
4652416,147271040,0,.rodata,16,19,3,True,T3,0,0,0,True,ポリタンＴシャツ,euc_jp
4652436,147271060,0,.rodata,24,27,3,True,T3,0,0,0,True,電撃オリジナルのＴシャツ,euc_jp
4652464,147271088,0,.rodata,16,19,3,True,T3,0,0,0,True,電撃マ王Ｔシャツ,euc_jp
4652484,147271108,0,.rodata,22,23,1,True,T3,0,0,0,True,デンゲキマオウＴシャツ,euc_jp
4652508,147271132,0,.rodata,28,31,3,True,T3,0,0,0,True,電撃マ王オリジナルのＴシャツ,euc_jp
4652540,147271164,0,.rodata,18,19,1,True,T3,0,0,0,True,クィッキーＴシャツ,euc_jp
4652560,147271184,0,.rodata,48,51,3,True,T3,0,0,0,True,テイルズ　オブ　マスコットキャラクターのＴシャツ,euc_jp
4652612,147271236,0,.rodata,14,15,1,True,T3,0,0,0,True,コリンＴシャツ,euc_jp
4652628,147271252,0,.rodata,14,15,1,True,T3,0,0,0,True,ザピィＴシャツ,euc_jp
4652644,147271268,0,.rodata,16,19,3,True,T3,0,0,0,True,モフモフＴシャツ,euc_jp
4652664,147271288,0,.rodata,14,15,1,True,T3,0,0,0,True,ミュウＴシャツ,euc_jp
4652680,147271304,0,.rodata,14,15,1,True,T3,0,0,0,True,コーダＴシャツ,euc_jp
4652696,147271320,0,.rodata,18,19,1,True,T3,0,0,0,True,テネブラエＴシャツ,euc_jp
4652716,147271340,0,.rodata,16,19,3,True,T3,0,0,0,True,ギャラガＴシャツ,euc_jp
4652736,147271360,0,.rodata,46,47,1,True,T3,0,0,0,True,なつかしのビデオゲームのキャラクターのＴシャツ,euc_jp
4652784,147271408,0,.rodata,22,23,1,True,T3,0,0,0,True,ギャラクシアンＴシャツ,euc_jp
4652808,147271432,0,.rodata,16,19,3,True,T3,0,0,0,True,ゼビウスＴシャツ,euc_jp
4652828,147271452,0,.rodata,18,19,1,True,T3,0,0,0,True,ディグダグＴシャツ,euc_jp
4652848,147271472,0,.rodata,18,19,1,True,T3,0,0,0,True,パックマンＴシャツ,euc_jp
4652868,147271492,0,.rodata,16,19,3,True,T3,0,0,0,True,マッピーＴシャツ,euc_jp
4652888,147271512,0,.rodata,15,15,0,True,T3,0,0,0,True,ラリーXＴシャツ,euc_jp
4652904,147271528,0,.rodata,16,19,3,True,T3,0,0,0,True,ラリーＸＴシャツ,euc_jp
4652924,147271548,0,.rodata,14,15,1,True,T3,0,0,0,True,サンタ・スーツ,euc_jp
4652940,147271564,0,.rodata,24,27,3,True,T3,0,0,0,True,お子様に夢を与える赤い服,euc_jp
4652968,147271592,0,.rodata,16,19,3,True,T3,0,0,0,True,トナカイ・スーツ,euc_jp
4652988,147271612,0,.rodata,42,43,1,True,T3,0,0,0,True,トナカイさんから頂いた毛皮で作成したスーツ,euc_jp
4653032,147271656,0,.rodata,16,19,3,True,T3,0,0,0,True,フレンチ・メイド,euc_jp
4653052,147271676,0,.rodata,44,47,3,True,T3,0,0,0,True,皆様の要望にお応えして部位ごとに装備可能に！,euc_jp
4653108,147271732,0,.rodata,6,7,1,True,T3,0,0,0,True,ハッピ,euc_jp
4653116,147271740,0,.rodata,24,27,3,True,T3,0,0,0,True,血湧き肉躍る！漢の祭装備,euc_jp
4653144,147271768,0,.rodata,22,23,1,True,T3,0,0,0,True,なりきりテイルズオブＡ,euc_jp
4653168,147271792,0,.rodata,22,23,1,True,T3,0,0,0,True,ナリキリテイルズオブＡ,euc_jp
4653192,147271816,0,.rodata,22,23,1,True,T3,0,0,0,True,なりきりテイルズオブＢ,euc_jp
4653216,147271840,0,.rodata,22,23,1,True,T3,0,0,0,True,ナリキリテイルズオブＢ,euc_jp
4653240,147271864,0,.rodata,22,23,1,True,T3,0,0,0,True,なりきりテイルズオブＣ,euc_jp
4653264,147271888,0,.rodata,22,23,1,True,T3,0,0,0,True,ナリキリテイルズオブＣ,euc_jp
4653288,147271912,0,.rodata,22,23,1,True,T3,0,0,0,True,なりきりテイルズオブＤ,euc_jp
4653312,147271936,0,.rodata,22,23,1,True,T3,0,0,0,True,ナリキリテイルズオブＤ,euc_jp
4653336,147271960,0,.rodata,22,23,1,True,T3,0,0,0,True,なりきりテイルズオブＥ,euc_jp
4653360,147271984,0,.rodata,22,23,1,True,T3,0,0,0,True,ナリキリテイルズオブＥ,euc_jp
4653384,147272008,0,.rodata,22,23,1,True,T3,0,0,0,True,なりきりテイルズオブＦ,euc_jp
4653408,147272032,0,.rodata,22,23,1,True,T3,0,0,0,True,ナリキリテイルズオブＦ,euc_jp
4653432,147272056,0,.rodata,22,23,1,True,T3,0,0,0,True,なりきりテイルズオブＧ,euc_jp
4653456,147272080,0,.rodata,22,23,1,True,T3,0,0,0,True,ナリキリテイルズオブＧ,euc_jp
4653480,147272104,0,.rodata,22,23,1,True,T3,0,0,0,True,なりきりテイルズオブＨ,euc_jp
4653504,147272128,0,.rodata,22,23,1,True,T3,0,0,0,True,ナリキリテイルズオブＨ,euc_jp
4653528,147272152,0,.rodata,22,23,1,True,T3,0,0,0,True,なりきりテイルズオブＩ,euc_jp
4653552,147272176,0,.rodata,22,23,1,True,T3,0,0,0,True,ナリキリテイルズオブＩ,euc_jp
4653576,147272200,0,.rodata,22,23,1,True,T3,0,0,0,True,なりきりテイルズオブＪ,euc_jp
4653600,147272224,0,.rodata,22,23,1,True,T3,0,0,0,True,ナリキリテイルズオブＪ,euc_jp
4653624,147272248,0,.rodata,22,23,1,True,T3,0,0,0,True,なりきりテイルズオブＫ,euc_jp
4653648,147272272,0,.rodata,22,23,1,True,T3,0,0,0,True,ナリキリテイルズオブＫ,euc_jp
4653672,147272296,0,.rodata,22,23,1,True,T3,0,0,0,True,なりきりテイルズオブＬ,euc_jp
4653696,147272320,0,.rodata,22,23,1,True,T3,0,0,0,True,ナリキリテイルズオブＬ,euc_jp
4653720,147272344,0,.rodata,20,23,3,True,T3,0,0,0,True,トライアルジャケット,euc_jp
4653744,147272368,0,.rodata,32,35,3,True,T3,0,0,0,True,胴体を保護する一般的なジャケット,euc_jp
4653780,147272404,0,.rodata,24,27,3,True,T3,0,0,0,True,クラシックレザーアーマー,euc_jp
4653808,147272432,0,.rodata,28,31,3,True,T3,0,0,0,True,胴体を保護する一般的な皮の鎧,euc_jp
4653840,147272464,0,.rodata,12,15,3,True,T3,0,0,0,True,すっぴんの体,euc_jp
4653856,147272480,0,.rodata,16,19,3,True,T3,0,0,0,True,スッピンノカラダ,euc_jp
4653876,147272500,0,.rodata,10,11,1,True,T3,0,0,0,True,装備を外す,euc_jp
4671404,147290028,0,.rodata,14,15,1,True,T3,0,0,0,True,レザーグローブ,euc_jp
4671420,147290044,0,.rodata,14,15,1,True,T3,0,0,0,True,革製のグローブ,euc_jp
4671436,147290060,0,.rodata,16,19,3,True,T3,0,0,0,True,ネビュラグローブ,euc_jp
4671456,147290080,0,.rodata,26,27,1,True,T3,0,0,0,True,星雲級と称えられたグローブ,euc_jp
4671484,147290108,0,.rodata,22,23,1,True,T3,0,0,0,True,ブラフミーガントレット,euc_jp
4671508,147290132,0,.rodata,38,39,1,True,T3,0,0,0,True,霊草ブラフミーの名を冠するガントレット,euc_jp
4671548,147290172,0,.rodata,14,15,1,True,T3,0,0,0,True,ビキニグローブ,euc_jp
4671564,147290188,0,.rodata,40,43,3,True,T3,0,0,0,True,露出度にちょっとしたアクセントのグローブ,euc_jp
4671608,147290232,0,.rodata,16,19,3,True,T3,0,0,0,True,歩兵隊猟兵の篭手,euc_jp
4671628,147290252,0,.rodata,26,27,1,True,T3,0,0,0,True,ホヘイタイリョウヘイノコテ,euc_jp
4671656,147290280,0,.rodata,26,27,1,True,T3,0,0,0,True,歩兵隊猟兵に支給される篭手,euc_jp
4671684,147290308,0,.rodata,16,19,3,True,T3,0,0,0,True,アイアングローブ,euc_jp
4671704,147290328,0,.rodata,14,15,1,True,T3,0,0,0,True,鉄製のグローブ,euc_jp
4671720,147290344,0,.rodata,20,23,3,True,T3,0,0,0,True,トランクガントレット,euc_jp
4671744,147290368,0,.rodata,40,43,3,True,T3,0,0,0,True,小さな金属板をあしらった布のガントレット,euc_jp
4671788,147290412,0,.rodata,10,11,1,True,T3,0,0,0,True,孤狼の篭手,euc_jp
4671800,147290424,0,.rodata,12,15,3,True,T3,0,0,0,True,コロウノコテ,euc_jp
4671816,147290440,0,.rodata,34,35,1,True,T3,0,0,0,True,一匹狼の戦士が身に着けるという篭手,euc_jp
4671852,147290476,0,.rodata,10,11,1,True,T3,0,0,0,True,小龍の篭手,euc_jp
4671864,147290488,0,.rodata,18,19,1,True,T3,0,0,0,True,ショウリュウノコテ,euc_jp
4671884,147290508,0,.rodata,28,31,3,True,T3,0,0,0,True,小龍の魂が宿るといわれる篭手,euc_jp
4671916,147290540,0,.rodata,20,23,3,True,T3,0,0,0,True,グラディエータグラブ,euc_jp
4671940,147290564,0,.rodata,24,27,3,True,T3,0,0,0,True,剣闘士が身に着けるグラブ,euc_jp
4671968,147290592,0,.rodata,16,19,3,True,T3,0,0,0,True,フィールドアーム,euc_jp
4671988,147290612,0,.rodata,26,27,1,True,T3,0,0,0,True,動きやすさ重視の腕部用防具,euc_jp
4672016,147290640,0,.rodata,14,15,1,True,T3,0,0,0,True,足軽大将の篭手,euc_jp
4672032,147290656,0,.rodata,24,27,3,True,T3,0,0,0,True,アシガルタイショウノコテ,euc_jp
4672060,147290684,0,.rodata,28,31,3,True,T3,0,0,0,True,東方の兵士が着用していた篭手,euc_jp
4672092,147290716,0,.rodata,18,19,1,True,T3,0,0,0,True,チーフガントレット,euc_jp
4672112,147290736,0,.rodata,22,23,1,True,T3,0,0,0,True,下士官用のガントレット,euc_jp
4672136,147290760,0,.rodata,14,15,1,True,T3,0,0,0,True,オンミツグラブ,euc_jp
4672152,147290776,0,.rodata,24,27,3,True,T3,0,0,0,True,隠密が着用していたグラブ,euc_jp
4672180,147290804,0,.rodata,20,23,3,True,T3,0,0,0,True,ゴシックガントレット,euc_jp
4672204,147290828,0,.rodata,32,35,3,True,T3,0,0,0,True,古式の製法で作られた全身鎧の腕部,euc_jp
4672240,147290864,0,.rodata,24,27,3,True,T3,0,0,0,True,ジャーメインガントレット,euc_jp
4672268,147290892,0,.rodata,56,59,3,True,T3,0,0,0,True,古の聖人ジャーメインに正義を誓う者が着用するガントレット,euc_jp
4672328,147290952,0,.rodata,18,19,1,True,T3,0,0,0,True,ムシャガントレット,euc_jp
4672348,147290972,0,.rodata,24,27,3,True,T3,0,0,0,True,鎧武者を彷彿とさせる篭手,euc_jp
4672376,147291000,0,.rodata,18,19,1,True,T3,0,0,0,True,ナイトガントレット,euc_jp
4672396,147291020,0,.rodata,44,47,3,True,T3,0,0,0,True,ナイトの称号を持つ者に与えられるガントレット,euc_jp
4672444,147291068,0,.rodata,18,19,1,True,T3,0,0,0,True,ナハラガントレット,euc_jp
4672464,147291088,0,.rodata,44,47,3,True,T3,0,0,0,True,千夜一夜の魔法の国で蜂を意味するガントレット,euc_jp
4672512,147291136,0,.rodata,22,23,1,True,T3,0,0,0,True,ガネーシャガントレット,euc_jp
4672536,147291160,0,.rodata,38,39,1,True,T3,0,0,0,True,獣神ガネーシャの名を冠するガントレット,euc_jp
4672576,147291200,0,.rodata,12,15,3,True,T3,0,0,0,True,騎士団の篭手,euc_jp
4672592,147291216,0,.rodata,14,15,1,True,T3,0,0,0,True,キシダンノコテ,euc_jp
4672608,147291232,0,.rodata,24,27,3,True,T3,0,0,0,True,騎士団所属の証となる篭手,euc_jp
4672636,147291260,0,.rodata,18,19,1,True,T3,0,0,0,True,クロスガントレット,euc_jp
4672656,147291280,0,.rodata,34,35,1,True,T3,0,0,0,True,堅い守りと重量感溢れるガントレット,euc_jp
4672692,147291316,0,.rodata,18,19,1,True,T3,0,0,0,True,ボーンガントレット,euc_jp
4672712,147291336,0,.rodata,22,23,1,True,T3,0,0,0,True,不気味な意匠の鎧の腕部,euc_jp
4672736,147291360,0,.rodata,20,23,3,True,T3,0,0,0,True,グレートガントレット,euc_jp
4672760,147291384,0,.rodata,32,35,3,True,T3,0,0,0,True,抜群の防御と威圧感のガントレット,euc_jp
4672796,147291420,0,.rodata,22,23,1,True,T3,0,0,0,True,アスタロトガントレット,euc_jp
4672820,147291444,0,.rodata,48,51,3,True,T3,0,0,0,True,魔界の大公爵アスタロトの福音を受けたガントレット,euc_jp
4672872,147291496,0,.rodata,16,19,3,True,T3,0,0,0,True,新米傭兵のグラブ,euc_jp
4672892,147291516,0,.rodata,24,27,3,True,T3,0,0,0,True,シンマイヨウヘイノグラブ,euc_jp
4672920,147291544,0,.rodata,24,27,3,True,T3,0,0,0,True,新米傭兵が着用するグラブ,euc_jp
4672948,147291572,0,.rodata,14,15,1,True,T3,0,0,0,True,キルトグローブ,euc_jp
4672964,147291588,0,.rodata,26,27,1,True,T3,0,0,0,True,厚手の布を多用したグローブ,euc_jp
4672992,147291616,0,.rodata,22,23,1,True,T3,0,0,0,True,ファルコンアームガード,euc_jp
4673016,147291640,0,.rodata,54,55,1,True,T3,0,0,0,True,とある民族の守り神ファルコンの加護を受けたアームガード,euc_jp
4673072,147291696,0,.rodata,24,27,3,True,T3,0,0,0,True,スティアレスラーグローブ,euc_jp
4673100,147291724,0,.rodata,34,35,1,True,T3,0,0,0,True,逃げる牛を追う者が着用するグローブ,euc_jp
4673148,147291772,0,.rodata,14,15,1,True,T3,0,0,0,True,ミョウコウコテ,euc_jp
4673164,147291788,0,.rodata,20,23,3,True,T3,0,0,0,True,妙なる光を湛えた篭手,euc_jp
4673188,147291812,0,.rodata,12,15,3,True,T3,0,0,0,True,修行僧の手袋,euc_jp
4673204,147291828,0,.rodata,24,27,3,True,T3,0,0,0,True,シュギョウソウノテブクロ,euc_jp
4673232,147291856,0,.rodata,30,31,1,True,T3,0,0,0,True,修行に励む修行僧が着用する手袋,euc_jp
4673264,147291888,0,.rodata,18,19,1,True,T3,0,0,0,True,サバイバルグローブ,euc_jp
4673284,147291908,0,.rodata,30,31,1,True,T3,0,0,0,True,サバイバル活動に適したグローブ,euc_jp
4673316,147291940,0,.rodata,14,15,1,True,T3,0,0,0,True,兵士のグローブ,euc_jp
4673332,147291956,0,.rodata,16,19,3,True,T3,0,0,0,True,ヘイシノグローブ,euc_jp
4673352,147291976,0,.rodata,32,35,3,True,T3,0,0,0,True,兵士が巡回警備で着用するグローブ,euc_jp
4673388,147292012,0,.rodata,14,15,1,True,T3,0,0,0,True,ガンナーグラブ,euc_jp
4673404,147292028,0,.rodata,30,31,1,True,T3,0,0,0,True,流浪のガンマンが着用するグラブ,euc_jp
4673436,147292060,0,.rodata,12,15,3,True,T3,0,0,0,True,修行僧の数珠,euc_jp
4673452,147292076,0,.rodata,22,23,1,True,T3,0,0,0,True,シュギョウソウノジュズ,euc_jp
4673476,147292100,0,.rodata,22,23,1,True,T3,0,0,0,True,荒行に挑む修行僧の数珠,euc_jp
4673500,147292124,0,.rodata,16,19,3,True,T3,0,0,0,True,キャプテングラブ,euc_jp
4673520,147292144,0,.rodata,20,23,3,True,T3,0,0,0,True,船長が着用するグラブ,euc_jp
4673544,147292168,0,.rodata,16,19,3,True,T3,0,0,0,True,土蜘蛛討ちの手帯,euc_jp
4673564,147292188,0,.rodata,20,23,3,True,T3,0,0,0,True,ツチグモウチノテオビ,euc_jp
4673588,147292212,0,.rodata,38,39,1,True,T3,0,0,0,True,物の怪土蜘蛛を討伐する者が着用する手帯,euc_jp
4673628,147292252,0,.rodata,10,11,1,True,T3,0,0,0,True,少尉の手袋,euc_jp
4673640,147292264,0,.rodata,18,19,1,True,T3,0,0,0,True,ショウイノテブクロ,euc_jp
4673660,147292284,0,.rodata,24,27,3,True,T3,0,0,0,True,少尉の階級の証である手袋,euc_jp
4673688,147292312,0,.rodata,20,23,3,True,T3,0,0,0,True,ミスティアームガード,euc_jp
4673712,147292336,0,.rodata,32,35,3,True,T3,0,0,0,True,異国の戦士が着用するアームガード,euc_jp
4673748,147292372,0,.rodata,18,19,1,True,T3,0,0,0,True,スパイダーグローブ,euc_jp
4673768,147292392,0,.rodata,44,47,3,True,T3,0,0,0,True,呪術師イエロー・スパイダーが祈祷したグローブ,euc_jp
4673816,147292440,0,.rodata,20,23,3,True,T3,0,0,0,True,殺し屋のガントレット,euc_jp
4673840,147292464,0,.rodata,22,23,1,True,T3,0,0,0,True,コロシヤノガントレット,euc_jp
4673864,147292488,0,.rodata,36,39,3,True,T3,0,0,0,True,フリーの殺し屋が着用するガントレット,euc_jp
4673904,147292528,0,.rodata,10,11,1,True,T3,0,0,0,True,功夫の腕輪,euc_jp
4673916,147292540,0,.rodata,16,19,3,True,T3,0,0,0,True,クンフーノウデワ,euc_jp
4673936,147292560,0,.rodata,34,35,1,True,T3,0,0,0,True,入門したての功夫使いが着用する腕輪,euc_jp
4673972,147292596,0,.rodata,14,15,1,True,T3,0,0,0,True,犬調教師の手袋,euc_jp
4673988,147292612,0,.rodata,28,31,3,True,T3,0,0,0,True,イヌチョウキョウシノテブクロ,euc_jp
4674020,147292644,0,.rodata,36,39,3,True,T3,0,0,0,True,犬の調教を生業とする者が着用する手袋,euc_jp
4674060,147292684,0,.rodata,18,19,1,True,T3,0,0,0,True,学士のリストバンド,euc_jp
4674080,147292704,0,.rodata,20,23,3,True,T3,0,0,0,True,ガクシノリストバンド,euc_jp
4674104,147292728,0,.rodata,36,39,3,True,T3,0,0,0,True,校則に定められた学士用のリストバンド,euc_jp
4674144,147292768,0,.rodata,10,11,1,True,T3,0,0,0,True,平舞の篭手,euc_jp
4674156,147292780,0,.rodata,14,15,1,True,T3,0,0,0,True,ヒラマイノコテ,euc_jp
4674172,147292796,0,.rodata,34,35,1,True,T3,0,0,0,True,神前儀式で静穏な動きで舞う者の篭手,euc_jp
4674208,147292832,0,.rodata,18,19,1,True,T3,0,0,0,True,野盗のブレスレット,euc_jp
4674228,147292852,0,.rodata,20,23,3,True,T3,0,0,0,True,ヤトウノブレスレット,euc_jp
4674252,147292876,0,.rodata,24,27,3,True,T3,0,0,0,True,野盗が好んで装備する腕輪,euc_jp
4674280,147292904,0,.rodata,10,11,1,True,T3,0,0,0,True,朱雀の篭手,euc_jp
4674292,147292916,0,.rodata,12,15,3,True,T3,0,0,0,True,スザクノコテ,euc_jp
4674308,147292932,0,.rodata,24,27,3,True,T3,0,0,0,True,聖獣朱雀の名を冠する篭手,euc_jp
4674336,147292960,0,.rodata,20,23,3,True,T3,0,0,0,True,新参者のリストバンド,euc_jp
4674360,147292984,0,.rodata,26,27,1,True,T3,0,0,0,True,シンザンシャノリストバンド,euc_jp
4674388,147293012,0,.rodata,34,35,1,True,T3,0,0,0,True,新参者の術士が着用するリストバンド,euc_jp
4674424,147293048,0,.rodata,12,15,3,True,T3,0,0,0,True,小達人の手袋,euc_jp
4674440,147293064,0,.rodata,24,27,3,True,T3,0,0,0,True,ショウタツジンノテブクロ,euc_jp
4674468,147293092,0,.rodata,38,39,1,True,T3,0,0,0,True,魔術結社で小達人の階位に与えられる手袋,euc_jp
4674508,147293132,0,.rodata,18,19,1,True,T3,0,0,0,True,インディゴグローブ,euc_jp
4674528,147293152,0,.rodata,14,15,1,True,T3,0,0,0,True,藍染のグローブ,euc_jp
4674544,147293168,0,.rodata,14,15,1,True,T3,0,0,0,True,レイヴグローブ,euc_jp
4674560,147293184,0,.rodata,40,43,3,True,T3,0,0,0,True,魂の開放を求めて踊る者が着用するグローブ,euc_jp
4674628,147293252,0,.rodata,38,39,1,True,T3,0,0,0,True,グンショウサダイニシュレイソウテブクロ,euc_jp
4674668,147293292,0,.rodata,42,43,1,True,T3,0,0,0,True,少佐の階級の者が着用する第二種礼装用の手袋,euc_jp
4674712,147293336,0,.rodata,16,19,3,True,T3,0,0,0,True,ヘルパーグローブ,euc_jp
4674732,147293356,0,.rodata,30,31,1,True,T3,0,0,0,True,お手伝いさんが着用するグローブ,euc_jp
4674764,147293388,0,.rodata,14,15,1,True,T3,0,0,0,True,衛士のグローブ,euc_jp
4674780,147293404,0,.rodata,16,19,3,True,T3,0,0,0,True,エイシノブローブ,euc_jp
4674800,147293424,0,.rodata,30,31,1,True,T3,0,0,0,True,城の衛士となった術者のグローブ,euc_jp
4674832,147293456,0,.rodata,10,11,1,True,T3,0,0,0,True,策士の腕輪,euc_jp
4674844,147293468,0,.rodata,14,15,1,True,T3,0,0,0,True,サクシノウデワ,euc_jp
4674860,147293484,0,.rodata,24,27,3,True,T3,0,0,0,True,策士が好んで着用する腕輪,euc_jp
4674888,147293512,0,.rodata,20,23,3,True,T3,0,0,0,True,フォーチュングローブ,euc_jp
4674912,147293536,0,.rodata,24,27,3,True,T3,0,0,0,True,幸運を求めし者のグローブ,euc_jp
4674940,147293564,0,.rodata,18,19,1,True,T3,0,0,0,True,リスペクトグローブ,euc_jp
4674960,147293584,0,.rodata,32,35,3,True,T3,0,0,0,True,尊敬を一身に集める術士のグローブ,euc_jp
4674996,147293620,0,.rodata,14,15,1,True,T3,0,0,0,True,アリアグローブ,euc_jp
4675012,147293636,0,.rodata,20,23,3,True,T3,0,0,0,True,詠唱者の為のグローブ,euc_jp
4675036,147293660,0,.rodata,12,15,3,True,T3,0,0,0,True,破門者の手袋,euc_jp
4675052,147293676,0,.rodata,20,23,3,True,T3,0,0,0,True,ハモンモノノテブクロ,euc_jp
4675076,147293700,0,.rodata,28,31,3,True,T3,0,0,0,True,掟を破り破門された術士の手袋,euc_jp
4675108,147293732,0,.rodata,20,23,3,True,T3,0,0,0,True,マジカルアームカバー,euc_jp
4675132,147293756,0,.rodata,42,43,1,True,T3,0,0,0,True,不思議な魔力が込められた可愛いアームカバー,euc_jp
4675176,147293800,0,.rodata,14,15,1,True,T3,0,0,0,True,アリオンの手袋,euc_jp
4675192,147293816,0,.rodata,18,19,1,True,T3,0,0,0,True,アリオンノテブクロ,euc_jp
4675212,147293836,0,.rodata,34,35,1,True,T3,0,0,0,True,宇宙存在アリオンの波動を受けた手袋,euc_jp
4675248,147293872,0,.rodata,14,15,1,True,T3,0,0,0,True,イハサクの手帯,euc_jp
4675264,147293888,0,.rodata,16,19,3,True,T3,0,0,0,True,イハサクノテオビ,euc_jp
4675284,147293908,0,.rodata,36,39,3,True,T3,0,0,0,True,東方の秘神イハサクの加護を受けた手帯,euc_jp
4675324,147293948,0,.rodata,12,15,3,True,T3,0,0,0,True,祈祷師の手袋,euc_jp
4675340,147293964,0,.rodata,18,19,1,True,T3,0,0,0,True,キトウシノテブクロ,euc_jp
4675360,147293984,0,.rodata,20,23,3,True,T3,0,0,0,True,祈祷用に作られた手袋,euc_jp
4675384,147294008,0,.rodata,16,19,3,True,T3,0,0,0,True,メディアグローブ,euc_jp
4675404,147294028,0,.rodata,34,35,1,True,T3,0,0,0,True,古き月の女神を信仰する者のグローブ,euc_jp
4675440,147294064,0,.rodata,18,19,1,True,T3,0,0,0,True,ピルグリムバングル,euc_jp
4675460,147294084,0,.rodata,32,35,3,True,T3,0,0,0,True,異国の巡礼者が身に着けるバングル,euc_jp
4675496,147294120,0,.rodata,18,19,1,True,T3,0,0,0,True,公家のブレスレット,euc_jp
4675516,147294140,0,.rodata,18,19,1,True,T3,0,0,0,True,クゲノブレスレット,euc_jp
4675536,147294160,0,.rodata,32,35,3,True,T3,0,0,0,True,東方の貴族が着用するブレスレット,euc_jp
4675572,147294196,0,.rodata,20,23,3,True,T3,0,0,0,True,コンシリエーレグラブ,euc_jp
4675596,147294220,0,.rodata,36,39,3,True,T3,0,0,0,True,マフィアの相談役顧問が着用するグラブ,euc_jp
4675636,147294260,0,.rodata,14,15,1,True,T3,0,0,0,True,ホワイトバンド,euc_jp
4675652,147294276,0,.rodata,24,27,3,True,T3,0,0,0,True,白くて清潔感が漂うバンド,euc_jp
4675680,147294304,0,.rodata,12,15,3,True,T3,0,0,0,True,陰陽師の篭手,euc_jp
4675696,147294320,0,.rodata,18,19,1,True,T3,0,0,0,True,オンミョウジノコテ,euc_jp
4675716,147294340,0,.rodata,24,27,3,True,T3,0,0,0,True,退魔の術士が着用する篭手,euc_jp
4675744,147294368,0,.rodata,16,19,3,True,T3,0,0,0,True,ブリンクグローブ,euc_jp
4675764,147294388,0,.rodata,30,31,1,True,T3,0,0,0,True,煌めく星をイメージしたグローブ,euc_jp
4675796,147294420,0,.rodata,20,23,3,True,T3,0,0,0,True,エンシェントグローブ,euc_jp
4675820,147294444,0,.rodata,30,31,1,True,T3,0,0,0,True,古くさい製法で作られたグローブ,euc_jp
4675852,147294476,0,.rodata,20,23,3,True,T3,0,0,0,True,ナイトブリードグラブ,euc_jp
4675876,147294500,0,.rodata,24,27,3,True,T3,0,0,0,True,闇の眷属が着用するグラブ,euc_jp
4675904,147294528,0,.rodata,10,11,1,True,T3,0,0,0,True,手製の腕輪,euc_jp
4675916,147294540,0,.rodata,14,15,1,True,T3,0,0,0,True,テセイノウデワ,euc_jp
4675932,147294556,0,.rodata,28,31,3,True,T3,0,0,0,True,ドライフラワーで作られた腕輪,euc_jp
4675964,147294588,0,.rodata,12,15,3,True,T3,0,0,0,True,ウッドリング,euc_jp
4675980,147294604,0,.rodata,10,11,1,True,T3,0,0,0,True,木製の腕輪,euc_jp
4675992,147294616,0,.rodata,12,15,3,True,T3,0,0,0,True,リストバンド,euc_jp
4676008,147294632,0,.rodata,22,23,1,True,T3,0,0,0,True,厚手の布で作られた腕輪,euc_jp
4676032,147294656,0,.rodata,12,15,3,True,T3,0,0,0,True,レザーバンド,euc_jp
4676048,147294672,0,.rodata,10,11,1,True,T3,0,0,0,True,革製の腕輪,euc_jp
4676060,147294684,0,.rodata,14,15,1,True,T3,0,0,0,True,ビードロリング,euc_jp
4676076,147294700,0,.rodata,24,27,3,True,T3,0,0,0,True,ガラスの玉をつなげた腕輪,euc_jp
4676104,147294728,0,.rodata,10,11,1,True,T3,0,0,0,True,真鍮の腕輪,euc_jp
4676116,147294740,0,.rodata,18,19,1,True,T3,0,0,0,True,シンチュウノウデワ,euc_jp
4676136,147294760,0,.rodata,12,15,3,True,T3,0,0,0,True,真鍮製の腕輪,euc_jp
4676152,147294776,0,.rodata,20,23,3,True,T3,0,0,0,True,ハードレザーグローブ,euc_jp
4676176,147294800,0,.rodata,26,27,1,True,T3,0,0,0,True,厚手の革で作られたグローブ,euc_jp
4676204,147294828,0,.rodata,20,23,3,True,T3,0,0,0,True,ギャラクシーグローブ,euc_jp
4676228,147294852,0,.rodata,26,27,1,True,T3,0,0,0,True,銀河級と称えられたグローブ,euc_jp
4676256,147294880,0,.rodata,22,23,1,True,T3,0,0,0,True,ガルヒーナガントレット,euc_jp
4676280,147294904,0,.rodata,38,39,1,True,T3,0,0,0,True,霊草ガルヒーナの名を冠するガントレット,euc_jp
4676320,147294944,0,.rodata,18,19,1,True,T3,0,0,0,True,ネイキッドグローブ,euc_jp
4676340,147294964,0,.rodata,40,43,3,True,T3,0,0,0,True,素肌を際立たせるアクセントとなるグローブ,euc_jp
4676384,147295008,0,.rodata,18,19,1,True,T3,0,0,0,True,山岳兵隊猟兵の篭手,euc_jp
4676404,147295028,0,.rodata,32,35,3,True,T3,0,0,0,True,サンガクヘイタイリョウヘイノコテ,euc_jp
4676440,147295064,0,.rodata,28,31,3,True,T3,0,0,0,True,山岳兵隊猟兵に支給される篭手,euc_jp
4676472,147295096,0,.rodata,20,23,3,True,T3,0,0,0,True,タングステングローブ,euc_jp
4676496,147295120,0,.rodata,24,27,3,True,T3,0,0,0,True,タングステン製のグローブ,euc_jp
4676524,147295148,0,.rodata,20,23,3,True,T3,0,0,0,True,ブロンズガントレット,euc_jp
4676548,147295172,0,.rodata,42,43,1,True,T3,0,0,0,True,小さな青銅の板をあしらった布のガントレット,euc_jp
4676592,147295216,0,.rodata,10,11,1,True,T3,0,0,0,True,無法の篭手,euc_jp
4676604,147295228,0,.rodata,12,15,3,True,T3,0,0,0,True,ムホウノコテ,euc_jp
4676620,147295244,0,.rodata,34,35,1,True,T3,0,0,0,True,無法者の戦士が身に着けるという篭手,euc_jp
4676656,147295280,0,.rodata,10,11,1,True,T3,0,0,0,True,龍王の篭手,euc_jp
4676668,147295292,0,.rodata,16,19,3,True,T3,0,0,0,True,リュウオウノコテ,euc_jp
4676688,147295312,0,.rodata,28,31,3,True,T3,0,0,0,True,龍王の魂が宿るといわれる篭手,euc_jp
4676720,147295344,0,.rodata,12,15,3,True,T3,0,0,0,True,ロードグラブ,euc_jp
4676736,147295360,0,.rodata,30,31,1,True,T3,0,0,0,True,爵位を持つ者に与えられるグラブ,euc_jp
4676768,147295392,0,.rodata,12,15,3,True,T3,0,0,0,True,ゲイルアーム,euc_jp
4676784,147295408,0,.rodata,34,35,1,True,T3,0,0,0,True,風の如き動作を可能にした腕部用防具,euc_jp
4676820,147295444,0,.rodata,10,11,1,True,T3,0,0,0,True,弁慶の篭手,euc_jp
4676832,147295456,0,.rodata,14,15,1,True,T3,0,0,0,True,ベンケイノコテ,euc_jp
4676848,147295472,0,.rodata,32,35,3,True,T3,0,0,0,True,東方の大男弁慶が着用していた篭手,euc_jp
4676884,147295508,0,.rodata,22,23,1,True,T3,0,0,0,True,オフィサーガントレット,euc_jp
4676908,147295532,0,.rodata,20,23,3,True,T3,0,0,0,True,士官用のガントレット,euc_jp
4676932,147295556,0,.rodata,14,15,1,True,T3,0,0,0,True,ニンジャグラブ,euc_jp
4676948,147295572,0,.rodata,24,27,3,True,T3,0,0,0,True,忍者が着用していたグラブ,euc_jp
4676976,147295600,0,.rodata,20,23,3,True,T3,0,0,0,True,エンボスガントレット,euc_jp
4677000,147295624,0,.rodata,26,27,1,True,T3,0,0,0,True,継ぎ目の少ない全身鎧の腕部,euc_jp
4677028,147295652,0,.rodata,18,19,1,True,T3,0,0,0,True,クスミガントレット,euc_jp
4677048,147295672,0,.rodata,50,51,1,True,T3,0,0,0,True,古の聖人クスミに正義を誓う者が着用するガントレット,euc_jp
4677100,147295724,0,.rodata,20,23,3,True,T3,0,0,0,True,センゴクガントレット,euc_jp
4677124,147295748,0,.rodata,26,27,1,True,T3,0,0,0,True,戦国武将を彷彿とさせる篭手,euc_jp
4677152,147295776,0,.rodata,18,19,1,True,T3,0,0,0,True,バロンガントレット,euc_jp
4677172,147295796,0,.rodata,44,47,3,True,T3,0,0,0,True,バロンの称号を持つ者に与えられるガントレット,euc_jp
4677220,147295844,0,.rodata,22,23,1,True,T3,0,0,0,True,ソーバーンガントレット,euc_jp
4677244,147295868,0,.rodata,44,47,3,True,T3,0,0,0,True,千夜一夜の魔法の国で蛇を意味するガントレット,euc_jp
4677292,147295916,0,.rodata,22,23,1,True,T3,0,0,0,True,ハヌマーンガントレット,euc_jp
4677316,147295940,0,.rodata,38,39,1,True,T3,0,0,0,True,獣神ハヌマーンの名を冠するガントレット,euc_jp
4677356,147295980,0,.rodata,14,15,1,True,T3,0,0,0,True,聖騎士団の篭手,euc_jp
4677372,147295996,0,.rodata,18,19,1,True,T3,0,0,0,True,セイキシダンノコテ,euc_jp
4677392,147296016,0,.rodata,26,27,1,True,T3,0,0,0,True,聖騎士団所属の証となる篭手,euc_jp
4677420,147296044,0,.rodata,20,23,3,True,T3,0,0,0,True,テンプルガントレット,euc_jp
4677444,147296068,0,.rodata,42,43,1,True,T3,0,0,0,True,装甲を足し、防御力を増したグレートグローブ,euc_jp
4677488,147296112,0,.rodata,18,19,1,True,T3,0,0,0,True,グリムガントレット,euc_jp
4677508,147296132,0,.rodata,20,23,3,True,T3,0,0,0,True,不吉な意匠の鎧の腕部,euc_jp
4677532,147296156,0,.rodata,24,27,3,True,T3,0,0,0,True,ジャイアントガントレット,euc_jp
4677560,147296184,0,.rodata,38,39,1,True,T3,0,0,0,True,巨人と見紛う防御と威圧感のガントレット,euc_jp
4677600,147296224,0,.rodata,22,23,1,True,T3,0,0,0,True,ベルゼバブガントレット,euc_jp
4677624,147296248,0,.rodata,46,47,1,True,T3,0,0,0,True,魔界の君主ベルゼバブの福音を受けたガントレット,euc_jp
4677672,147296296,0,.rodata,16,19,3,True,T3,0,0,0,True,中堅傭兵のグラブ,euc_jp
4677692,147296316,0,.rodata,26,27,1,True,T3,0,0,0,True,チュウケンヨウヘイノグラブ,euc_jp
4677720,147296344,0,.rodata,24,27,3,True,T3,0,0,0,True,中堅傭兵が着用するグラブ,euc_jp
4677748,147296372,0,.rodata,16,19,3,True,T3,0,0,0,True,メッシュグローブ,euc_jp
4677768,147296392,0,.rodata,28,31,3,True,T3,0,0,0,True,メッシュ加工がされたグローブ,euc_jp
4677800,147296424,0,.rodata,18,19,1,True,T3,0,0,0,True,ホークアームガード,euc_jp
4677820,147296444,0,.rodata,50,51,1,True,T3,0,0,0,True,とある民族の守り神ホークの加護を受けたアームガード,euc_jp
4677872,147296496,0,.rodata,24,27,3,True,T3,0,0,0,True,ブロンコライダーグローブ,euc_jp
4677900,147296524,0,.rodata,30,31,1,True,T3,0,0,0,True,荒野の流れ者が着用するグローブ,euc_jp
4677944,147296568,0,.rodata,12,15,3,True,T3,0,0,0,True,レイコウコテ,euc_jp
4677960,147296584,0,.rodata,16,19,3,True,T3,0,0,0,True,霊威みなぎる篭手,euc_jp
4677980,147296604,0,.rodata,10,11,1,True,T3,0,0,0,True,僧兵の手袋,euc_jp
4677992,147296616,0,.rodata,18,19,1,True,T3,0,0,0,True,ソウヘイノテブクロ,euc_jp
4678012,147296636,0,.rodata,28,31,3,True,T3,0,0,0,True,寺院警備の僧兵が着用する手袋,euc_jp
4678044,147296668,0,.rodata,16,19,3,True,T3,0,0,0,True,アーミーグローブ,euc_jp
4678064,147296688,0,.rodata,24,27,3,True,T3,0,0,0,True,野戦活動に適したグローブ,euc_jp
4678092,147296716,0,.rodata,14,15,1,True,T3,0,0,0,True,隊長のグローブ,euc_jp
4678108,147296732,0,.rodata,20,23,3,True,T3,0,0,0,True,タイチョウノグローブ,euc_jp
4678132,147296756,0,.rodata,32,35,3,True,T3,0,0,0,True,隊長が巡回警備で着用するグローブ,euc_jp
4678168,147296792,0,.rodata,18,19,1,True,T3,0,0,0,True,フロンティアグラブ,euc_jp
4678188,147296812,0,.rodata,22,23,1,True,T3,0,0,0,True,開拓者が着用するグラブ,euc_jp
4678212,147296836,0,.rodata,10,11,1,True,T3,0,0,0,True,僧兵の数珠,euc_jp
4678224,147296848,0,.rodata,16,19,3,True,T3,0,0,0,True,ソウヘイノジュズ,euc_jp
4678244,147296868,0,.rodata,20,23,3,True,T3,0,0,0,True,法敵を討つ僧兵の数珠,euc_jp
4678268,147296892,0,.rodata,16,19,3,True,T3,0,0,0,True,コマンダーグラブ,euc_jp
4678288,147296912,0,.rodata,30,31,1,True,T3,0,0,0,True,大型戦艦の艦長が着用するグラブ,euc_jp
4678320,147296944,0,.rodata,12,15,3,True,T3,0,0,0,True,鵺討ちの手帯,euc_jp
4678336,147296960,0,.rodata,16,19,3,True,T3,0,0,0,True,ヌエウチノテオビ,euc_jp
4678356,147296980,0,.rodata,34,35,1,True,T3,0,0,0,True,物の怪鵺を討伐する者が着用する手帯,euc_jp
4678392,147297016,0,.rodata,10,11,1,True,T3,0,0,0,True,中尉の手袋,euc_jp
4678404,147297028,0,.rodata,18,19,1,True,T3,0,0,0,True,チュウイノテブクロ,euc_jp
4678424,147297048,0,.rodata,24,27,3,True,T3,0,0,0,True,中尉の階級の証である手袋,euc_jp
4678452,147297076,0,.rodata,22,23,1,True,T3,0,0,0,True,ストレンジアームガード,euc_jp
4678476,147297100,0,.rodata,34,35,1,True,T3,0,0,0,True,異国の風来坊が着用するアームガード,euc_jp
4678512,147297136,0,.rodata,16,19,3,True,T3,0,0,0,True,コヨーテグローブ,euc_jp
4678532,147297156,0,.rodata,40,43,3,True,T3,0,0,0,True,呪術師レッド・コヨーテが祈祷したグローブ,euc_jp
4678576,147297200,0,.rodata,24,27,3,True,T3,0,0,0,True,粛清執行人のガントレット,euc_jp
4678604,147297228,0,.rodata,36,39,3,True,T3,0,0,0,True,シュクセイシッコウニンノガントレット,euc_jp
4678644,147297268,0,.rodata,38,39,1,True,T3,0,0,0,True,軍属の粛清執行人が着用するガントレット,euc_jp
4678684,147297308,0,.rodata,10,11,1,True,T3,0,0,0,True,小龍の腕輪,euc_jp
4678696,147297320,0,.rodata,20,23,3,True,T3,0,0,0,True,ショウリュウノウデワ,euc_jp
4678720,147297344,0,.rodata,36,39,3,True,T3,0,0,0,True,小龍の位を持つ功夫使いが着用する腕輪,euc_jp
4678760,147297384,0,.rodata,14,15,1,True,T3,0,0,0,True,虎調教師の手袋,euc_jp
4678776,147297400,0,.rodata,28,31,3,True,T3,0,0,0,True,トラチョウキョウシノテブクロ,euc_jp
4678808,147297432,0,.rodata,36,39,3,True,T3,0,0,0,True,虎の調教を生業とする者が着用する手袋,euc_jp
4678848,147297472,0,.rodata,22,23,1,True,T3,0,0,0,True,晶霊学士のリストバンド,euc_jp
4678872,147297496,0,.rodata,30,31,1,True,T3,0,0,0,True,ショウレイガクシノリストバンド,euc_jp
4678904,147297528,0,.rodata,40,43,3,True,T3,0,0,0,True,校則に定められた晶霊学士用のリストバンド,euc_jp
4678948,147297572,0,.rodata,10,11,1,True,T3,0,0,0,True,走舞の篭手,euc_jp
4678960,147297584,0,.rodata,16,19,3,True,T3,0,0,0,True,ハシリマイノコテ,euc_jp
4678980,147297604,0,.rodata,34,35,1,True,T3,0,0,0,True,神前儀式で活発な動きで舞う者の篭手,euc_jp
4679016,147297640,0,.rodata,22,23,1,True,T3,0,0,0,True,フォルバンブレスレット,euc_jp
4679040,147297664,0,.rodata,34,35,1,True,T3,0,0,0,True,はぐれ者達が身に着けるブレスレット,euc_jp
4679076,147297700,0,.rodata,10,11,1,True,T3,0,0,0,True,玄武の篭手,euc_jp
4679088,147297712,0,.rodata,12,15,3,True,T3,0,0,0,True,ゲンブノコテ,euc_jp
4679104,147297728,0,.rodata,24,27,3,True,T3,0,0,0,True,聖獣玄武の名を冠する篭手,euc_jp
4679132,147297756,0,.rodata,20,23,3,True,T3,0,0,0,True,熱心者のリストバンド,euc_jp
4679156,147297780,0,.rodata,26,27,1,True,T3,0,0,0,True,ネッシンモノノリストバンド,euc_jp
4679184,147297808,0,.rodata,34,35,1,True,T3,0,0,0,True,熱心者の術士が着用するリストバンド,euc_jp
4679220,147297844,0,.rodata,12,15,3,True,T3,0,0,0,True,大達人の手袋,euc_jp
4679236,147297860,0,.rodata,22,23,1,True,T3,0,0,0,True,ダイタツジンノテブクロ,euc_jp
4679260,147297884,0,.rodata,38,39,1,True,T3,0,0,0,True,魔術結社で大達人の階位に与えられる手袋,euc_jp
4679300,147297924,0,.rodata,20,23,3,True,T3,0,0,0,True,クラーティングローブ,euc_jp
4679324,147297948,0,.rodata,20,23,3,True,T3,0,0,0,True,ギンネム染のグローブ,euc_jp
4679348,147297972,0,.rodata,20,23,3,True,T3,0,0,0,True,ニューエイジグローブ,euc_jp
4679372,147297996,0,.rodata,40,43,3,True,T3,0,0,0,True,新しい魂の道を求める者が着用するグローブ,euc_jp
4679440,147298064,0,.rodata,38,39,1,True,T3,0,0,0,True,グンチュウサダイニシュレイソウテブクロ,euc_jp
4679480,147298104,0,.rodata,42,43,1,True,T3,0,0,0,True,中佐の階級の者が着用する第二種礼装用の手袋,euc_jp
4679524,147298148,0,.rodata,20,23,3,True,T3,0,0,0,True,スチュワードグローブ,euc_jp
4679548,147298172,0,.rodata,30,31,1,True,T3,0,0,0,True,執事やメイドが着用するグローブ,euc_jp
4679580,147298204,0,.rodata,16,19,3,True,T3,0,0,0,True,近衛兵のグローブ,euc_jp
4679600,147298224,0,.rodata,20,23,3,True,T3,0,0,0,True,コノエヘイノグローブ,euc_jp
4679624,147298248,0,.rodata,32,35,3,True,T3,0,0,0,True,城の近衛兵となった術者のグローブ,euc_jp
4679660,147298284,0,.rodata,12,15,3,True,T3,0,0,0,True,名策士の腕輪,euc_jp
4679676,147298300,0,.rodata,18,19,1,True,T3,0,0,0,True,メイサクシノウデワ,euc_jp
4679696,147298320,0,.rodata,26,27,1,True,T3,0,0,0,True,名策士が好んで着用する腕輪,euc_jp
4679724,147298348,0,.rodata,16,19,3,True,T3,0,0,0,True,アルカナグローブ,euc_jp
4679744,147298368,0,.rodata,36,39,3,True,T3,0,0,0,True,占い師が着用する摩訶不思議なグローブ,euc_jp
4679784,147298408,0,.rodata,16,19,3,True,T3,0,0,0,True,ビリーブグローブ,euc_jp
4679804,147298428,0,.rodata,32,35,3,True,T3,0,0,0,True,信頼を一身に集める術士のグローブ,euc_jp
4679840,147298464,0,.rodata,20,23,3,True,T3,0,0,0,True,アテイメントグローブ,euc_jp
4679864,147298488,0,.rodata,38,39,1,True,T3,0,0,0,True,着る者の目標達成を助けるというグローブ,euc_jp
4679904,147298528,0,.rodata,12,15,3,True,T3,0,0,0,True,外法者の手袋,euc_jp
4679920,147298544,0,.rodata,20,23,3,True,T3,0,0,0,True,ゲホウモノノテブクロ,euc_jp
4679944,147298568,0,.rodata,24,27,3,True,T3,0,0,0,True,外法の術を使う術士の手袋,euc_jp
4679972,147298596,0,.rodata,20,23,3,True,T3,0,0,0,True,ミラクルアームカバー,euc_jp
4679996,147298620,0,.rodata,38,39,1,True,T3,0,0,0,True,奇跡の力が込められた可愛いアームカバー,euc_jp
4680036,147298660,0,.rodata,10,11,1,True,T3,0,0,0,True,ラーの手袋,euc_jp
4680048,147298672,0,.rodata,14,15,1,True,T3,0,0,0,True,ラーノテブクロ,euc_jp
4680064,147298688,0,.rodata,30,31,1,True,T3,0,0,0,True,宇宙存在ラーの波動を受けた手袋,euc_jp
4680096,147298720,0,.rodata,16,19,3,True,T3,0,0,0,True,ミカハヤヒの手帯,euc_jp
4680116,147298740,0,.rodata,18,19,1,True,T3,0,0,0,True,ミカハヤヒノテオビ,euc_jp
4680136,147298760,0,.rodata,38,39,1,True,T3,0,0,0,True,東方の秘神ミカハヤヒの加護を受けた手帯,euc_jp
4680176,147298800,0,.rodata,10,11,1,True,T3,0,0,0,True,神官の手袋,euc_jp
4680188,147298812,0,.rodata,18,19,1,True,T3,0,0,0,True,シンカンノテブクロ,euc_jp
4680208,147298832,0,.rodata,22,23,1,True,T3,0,0,0,True,儀式に用いる派手な手袋,euc_jp
4680232,147298856,0,.rodata,18,19,1,True,T3,0,0,0,True,クレセントグローブ,euc_jp
4680252,147298876,0,.rodata,36,39,3,True,T3,0,0,0,True,三日月の様な美しい輝きを放つグローブ,euc_jp
4680292,147298916,0,.rodata,16,19,3,True,T3,0,0,0,True,ラージャバングル,euc_jp
4680312,147298936,0,.rodata,30,31,1,True,T3,0,0,0,True,異国の豪族が身に着けるバングル,euc_jp
4680344,147298968,0,.rodata,18,19,1,True,T3,0,0,0,True,摂政のブレスレット,euc_jp
4680364,147298988,0,.rodata,24,27,3,True,T3,0,0,0,True,セッショウノブレスレット,euc_jp
4680392,147299016,0,.rodata,32,35,3,True,T3,0,0,0,True,東方の摂政が着用するブレスレット,euc_jp
4680428,147299052,0,.rodata,18,19,1,True,T3,0,0,0,True,カポレジームグラブ,euc_jp
4680448,147299072,0,.rodata,30,31,1,True,T3,0,0,0,True,マフィアの幹部が着用するグラブ,euc_jp
4680480,147299104,0,.rodata,14,15,1,True,T3,0,0,0,True,シルバーバンド,euc_jp
4680496,147299120,0,.rodata,20,23,3,True,T3,0,0,0,True,シルバーアームカバー,euc_jp
4680520,147299144,0,.rodata,24,27,3,True,T3,0,0,0,True,銀の刺繍が施されたバンド,euc_jp
4680548,147299172,0,.rodata,18,19,1,True,T3,0,0,0,True,シャーマングローブ,euc_jp
4680568,147299192,0,.rodata,30,31,1,True,T3,0,0,0,True,奇異なる術士が着用するグローブ,euc_jp
4680600,147299224,0,.rodata,22,23,1,True,T3,0,0,0,True,セレスティアルグローブ,euc_jp
4680624,147299248,0,.rodata,36,39,3,True,T3,0,0,0,True,かつて天上人が着用したというグローブ,euc_jp
4680664,147299288,0,.rodata,18,19,1,True,T3,0,0,0,True,プレシャスグローブ,euc_jp
4680684,147299308,0,.rodata,26,27,1,True,T3,0,0,0,True,貴い芸術品でもあるグローブ,euc_jp
4680712,147299336,0,.rodata,18,19,1,True,T3,0,0,0,True,ヴァンパイアグラブ,euc_jp
4680732,147299356,0,.rodata,22,23,1,True,T3,0,0,0,True,吸血鬼が着用するグラブ,euc_jp
4680756,147299380,0,.rodata,20,23,3,True,T3,0,0,0,True,シルバーブレスレット,euc_jp
4680780,147299404,0,.rodata,10,11,1,True,T3,0,0,0,True,銀製の腕輪,euc_jp
4680792,147299416,0,.rodata,10,11,1,True,T3,0,0,0,True,水晶の腕輪,euc_jp
4680804,147299428,0,.rodata,18,19,1,True,T3,0,0,0,True,スイショウノウデワ,euc_jp
4680824,147299448,0,.rodata,24,27,3,True,T3,0,0,0,True,水晶が散りばめられた腕輪,euc_jp
4680852,147299476,0,.rodata,12,15,3,True,T3,0,0,0,True,パワーリスト,euc_jp
4680868,147299492,0,.rodata,28,31,3,True,T3,0,0,0,True,鉛版が入っている特訓用の腕輪,euc_jp
4680900,147299524,0,.rodata,12,15,3,True,T3,0,0,0,True,ヒスイの腕輪,euc_jp
4680916,147299540,0,.rodata,14,15,1,True,T3,0,0,0,True,ヒスイノウデワ,euc_jp
4680932,147299556,0,.rodata,22,23,1,True,T3,0,0,0,True,ヒスイで装飾された腕輪,euc_jp
4680956,147299580,0,.rodata,20,23,3,True,T3,0,0,0,True,コーラルブレスレット,euc_jp
4680980,147299604,0,.rodata,20,23,3,True,T3,0,0,0,True,珊瑚を素材にした腕輪,euc_jp
4681004,147299628,0,.rodata,20,23,3,True,T3,0,0,0,True,アンバーブレスレット,euc_jp
4681028,147299652,0,.rodata,18,19,1,True,T3,0,0,0,True,琥珀をつなげた腕輪,euc_jp
4681048,147299672,0,.rodata,14,15,1,True,T3,0,0,0,True,ＢＨ・グローブ,euc_jp
4681064,147299688,0,.rodata,22,23,1,True,T3,0,0,0,True,ビーストハイドグローブ,euc_jp
4681088,147299712,0,.rodata,20,23,3,True,T3,0,0,0,True,魔物の革製のグローブ,euc_jp
4681112,147299736,0,.rodata,18,19,1,True,T3,0,0,0,True,クエーサーグローブ,euc_jp
4681132,147299756,0,.rodata,32,35,3,True,T3,0,0,0,True,クエーサー級と称えられたグローブ,euc_jp
4681168,147299792,0,.rodata,22,23,1,True,T3,0,0,0,True,トゥルシーガントレット,euc_jp
4681192,147299816,0,.rodata,38,39,1,True,T3,0,0,0,True,霊草トゥルシーの名を冠するガントレット,euc_jp
4681232,147299856,0,.rodata,20,23,3,True,T3,0,0,0,True,バーバリアングローブ,euc_jp
4681256,147299880,0,.rodata,46,47,1,True,T3,0,0,0,True,頑強な筋肉の動きを妨げぬよう研究されたグローブ,euc_jp
4681304,147299928,0,.rodata,16,19,3,True,T3,0,0,0,True,騎兵隊猟兵の篭手,euc_jp
4681324,147299948,0,.rodata,26,27,1,True,T3,0,0,0,True,キヘイタイリョウヘイノコテ,euc_jp
4681352,147299976,0,.rodata,26,27,1,True,T3,0,0,0,True,騎兵隊猟兵に支給される篭手,euc_jp
4681380,147300004,0,.rodata,20,23,3,True,T3,0,0,0,True,オリカルクムグローブ,euc_jp
4681404,147300028,0,.rodata,24,27,3,True,T3,0,0,0,True,オリカルクム製のグローブ,euc_jp
4681432,147300056,0,.rodata,20,23,3,True,T3,0,0,0,True,クロームガントレット,euc_jp
4681456,147300080,0,.rodata,46,47,1,True,T3,0,0,0,True,小さなクロームの板をあしらった布のガントレット,euc_jp
4681504,147300128,0,.rodata,10,11,1,True,T3,0,0,0,True,鬼神の篭手,euc_jp
4681516,147300140,0,.rodata,12,15,3,True,T3,0,0,0,True,キシンノコテ,euc_jp
4681532,147300156,0,.rodata,38,39,1,True,T3,0,0,0,True,戦鬼となった闘士が身に着けるという篭手,euc_jp
4681572,147300196,0,.rodata,10,11,1,True,T3,0,0,0,True,覇龍の篭手,euc_jp
4681584,147300208,0,.rodata,14,15,1,True,T3,0,0,0,True,ハリュウノコテ,euc_jp
4681600,147300224,0,.rodata,28,31,3,True,T3,0,0,0,True,覇龍の魂が宿るといわれる篭手,euc_jp
4681632,147300256,0,.rodata,18,19,1,True,T3,0,0,0,True,アークロードグラブ,euc_jp
4681652,147300276,0,.rodata,36,39,3,True,T3,0,0,0,True,上級の爵位を持つ者に与えられるグラブ,euc_jp
4681692,147300316,0,.rodata,14,15,1,True,T3,0,0,0,True,ドラゴンアーム,euc_jp
4681708,147300332,0,.rodata,24,27,3,True,T3,0,0,0,True,竜の威風を持つ腕部用防具,euc_jp
4681736,147300360,0,.rodata,10,11,1,True,T3,0,0,0,True,義経の篭手,euc_jp
4681748,147300372,0,.rodata,14,15,1,True,T3,0,0,0,True,ヨシツネノコテ,euc_jp
4681764,147300388,0,.rodata,38,39,1,True,T3,0,0,0,True,東方の戦の麒麟児義経が着用していた篭手,euc_jp
4681804,147300428,0,.rodata,20,23,3,True,T3,0,0,0,True,カーネルガントレット,euc_jp
4681828,147300452,0,.rodata,24,27,3,True,T3,0,0,0,True,上級士官用のガントレット,euc_jp
4681856,147300480,0,.rodata,12,15,3,True,T3,0,0,0,True,シノビグラブ,euc_jp
4681872,147300496,0,.rodata,32,35,3,True,T3,0,0,0,True,名のある忍びが着用していたグラブ,euc_jp
4681908,147300532,0,.rodata,24,27,3,True,T3,0,0,0,True,エンシェントガントレット,euc_jp
4681936,147300560,0,.rodata,32,35,3,True,T3,0,0,0,True,伝説の製法で作られた全身鎧の腕部,euc_jp
4681972,147300596,0,.rodata,22,23,1,True,T3,0,0,0,True,マイトレヤガントレット,euc_jp
4681996,147300620,0,.rodata,54,55,1,True,T3,0,0,0,True,古の聖人マイトレヤに正義を誓う者が着用するガントレット,euc_jp
4682052,147300676,0,.rodata,22,23,1,True,T3,0,0,0,True,ダイミョーガントレット,euc_jp
4682076,147300700,0,.rodata,26,27,1,True,T3,0,0,0,True,戦国大名を彷彿とさせる篭手,euc_jp
4682104,147300728,0,.rodata,20,23,3,True,T3,0,0,0,True,デュークガントレット,euc_jp
4682128,147300752,0,.rodata,46,47,1,True,T3,0,0,0,True,デュークの称号を持つ者に与えられるガントレット,euc_jp
4682176,147300800,0,.rodata,22,23,1,True,T3,0,0,0,True,テムサーフガントレット,euc_jp
4682200,147300824,0,.rodata,44,47,3,True,T3,0,0,0,True,千夜一夜の魔法の国で鰐を意味するガントレット,euc_jp
4682248,147300872,0,.rodata,20,23,3,True,T3,0,0,0,True,アヌビスガントレット,euc_jp
4682272,147300896,0,.rodata,36,39,3,True,T3,0,0,0,True,獣神アヌビスの名を冠するガントレット,euc_jp
4682312,147300936,0,.rodata,16,19,3,True,T3,0,0,0,True,守護騎士団の篭手,euc_jp
4682332,147300956,0,.rodata,20,23,3,True,T3,0,0,0,True,シュゴキシダンノコテ,euc_jp
4682356,147300980,0,.rodata,28,31,3,True,T3,0,0,0,True,守護騎士団所属の証となる篭手,euc_jp
4682388,147301012,0,.rodata,18,19,1,True,T3,0,0,0,True,ルーンガントレット,euc_jp
4682408,147301032,0,.rodata,28,31,3,True,T3,0,0,0,True,神秘文様を刻んだガントレット,euc_jp
4682440,147301064,0,.rodata,20,23,3,True,T3,0,0,0,True,ゴーストガントレット,euc_jp
4682464,147301088,0,.rodata,22,23,1,True,T3,0,0,0,True,禍々しい意匠の鎧の腕部,euc_jp
4682488,147301112,0,.rodata,22,23,1,True,T3,0,0,0,True,コロッサスガントレット,euc_jp
4682512,147301136,0,.rodata,44,47,3,True,T3,0,0,0,True,伝説の巨神と見紛う防御と威圧感のガントレット,euc_jp
4682560,147301184,0,.rodata,22,23,1,True,T3,0,0,0,True,ルシフェルガントレット,euc_jp
4682584,147301208,0,.rodata,46,47,1,True,T3,0,0,0,True,魔界の皇帝ルシフェルの福音を受けたガントレット,euc_jp
4682632,147301256,0,.rodata,16,19,3,True,T3,0,0,0,True,玄人傭兵のグラブ,euc_jp
4682652,147301276,0,.rodata,24,27,3,True,T3,0,0,0,True,クロウトヨウヘイノグラブ,euc_jp
4682680,147301304,0,.rodata,24,27,3,True,T3,0,0,0,True,玄人傭兵が着用するグラブ,euc_jp
4682708,147301332,0,.rodata,16,19,3,True,T3,0,0,0,True,フェザーグローブ,euc_jp
4682728,147301352,0,.rodata,20,23,3,True,T3,0,0,0,True,羽の様に軽いグローブ,euc_jp
4682752,147301376,0,.rodata,20,23,3,True,T3,0,0,0,True,イーグルアームガード,euc_jp
4682776,147301400,0,.rodata,52,55,3,True,T3,0,0,0,True,とある民族の守り神イーグルの加護を受けたアームガード,euc_jp
4682832,147301456,0,.rodata,22,23,1,True,T3,0,0,0,True,ガンスリンガーグローブ,euc_jp
4682856,147301480,0,.rodata,30,31,1,True,T3,0,0,0,True,早撃ちの名手が着用するグローブ,euc_jp
4682900,147301524,0,.rodata,12,15,3,True,T3,0,0,0,True,シンコウコテ,euc_jp
4682916,147301540,0,.rodata,14,15,1,True,T3,0,0,0,True,神光発する篭手,euc_jp
4682932,147301556,0,.rodata,10,11,1,True,T3,0,0,0,True,僧正の手袋,euc_jp
4682944,147301568,0,.rodata,20,23,3,True,T3,0,0,0,True,ソウジョウノテブクロ,euc_jp
4682968,147301592,0,.rodata,28,31,3,True,T3,0,0,0,True,説法に赴く僧正が着用する手袋,euc_jp
4683000,147301624,0,.rodata,18,19,1,True,T3,0,0,0,True,マーセナリグローブ,euc_jp
4683020,147301644,0,.rodata,32,35,3,True,T3,0,0,0,True,歴戦の傭兵の活動に適したグローブ,euc_jp
4683056,147301680,0,.rodata,14,15,1,True,T3,0,0,0,True,総督のグローブ,euc_jp
4683072,147301696,0,.rodata,18,19,1,True,T3,0,0,0,True,ソウトクノグローブ,euc_jp
4683092,147301716,0,.rodata,34,35,1,True,T3,0,0,0,True,総督が警備の巡察で着用するグローブ,euc_jp
4683128,147301752,0,.rodata,16,19,3,True,T3,0,0,0,True,ウエスタングラブ,euc_jp
4683148,147301772,0,.rodata,28,31,3,True,T3,0,0,0,True,荒野の用心棒が着用するグラブ,euc_jp
4683180,147301804,0,.rodata,10,11,1,True,T3,0,0,0,True,僧正の数珠,euc_jp
4683192,147301816,0,.rodata,18,19,1,True,T3,0,0,0,True,ソウジョウノジュズ,euc_jp
4683212,147301836,0,.rodata,22,23,1,True,T3,0,0,0,True,教義を広める僧正の数珠,euc_jp
4683236,147301860,0,.rodata,16,19,3,True,T3,0,0,0,True,アドミラルグラブ,euc_jp
4683256,147301880,0,.rodata,32,35,3,True,T3,0,0,0,True,艦隊を率いる提督が着用するグラブ,euc_jp
4683292,147301916,0,.rodata,14,15,1,True,T3,0,0,0,True,天狗討ちの手帯,euc_jp
4683308,147301932,0,.rodata,18,19,1,True,T3,0,0,0,True,テングウチノテオビ,euc_jp
4683328,147301952,0,.rodata,36,39,3,True,T3,0,0,0,True,物の怪天狗を討伐する者が着用する手帯,euc_jp
4683368,147301992,0,.rodata,10,11,1,True,T3,0,0,0,True,大尉の手袋,euc_jp
4683380,147302004,0,.rodata,16,19,3,True,T3,0,0,0,True,タイイノテブクロ,euc_jp
4683400,147302024,0,.rodata,24,27,3,True,T3,0,0,0,True,大尉の階級の証である手袋,euc_jp
4683428,147302052,0,.rodata,20,23,3,True,T3,0,0,0,True,ウィッチアームガード,euc_jp
4683452,147302076,0,.rodata,28,31,3,True,T3,0,0,0,True,魔法で強化されたアームガード,euc_jp
4683484,147302108,0,.rodata,16,19,3,True,T3,0,0,0,True,ピューマグローブ,euc_jp
4683504,147302128,0,.rodata,42,43,1,True,T3,0,0,0,True,呪術師シルバー・ピューマが祈祷したグローブ,euc_jp
4683548,147302172,0,.rodata,22,23,1,True,T3,0,0,0,True,暗殺教団のガントレット,euc_jp
4683572,147302196,0,.rodata,32,35,3,True,T3,0,0,0,True,アンサツキョウダンノガントレット,euc_jp
4683608,147302232,0,.rodata,34,35,1,True,T3,0,0,0,True,謎の暗殺教団が着用するガントレット,euc_jp
4683644,147302268,0,.rodata,10,11,1,True,T3,0,0,0,True,龍王の腕輪,euc_jp
4683656,147302280,0,.rodata,18,19,1,True,T3,0,0,0,True,リュウオウノウデワ,euc_jp
4683676,147302300,0,.rodata,36,39,3,True,T3,0,0,0,True,龍王の位を持つ功夫使いが着用する腕輪,euc_jp
4683716,147302340,0,.rodata,14,15,1,True,T3,0,0,0,True,竜調教師の手袋,euc_jp
4683732,147302356,0,.rodata,30,31,1,True,T3,0,0,0,True,リュウチョウキョウシノテブクロ,euc_jp
4683764,147302388,0,.rodata,36,39,3,True,T3,0,0,0,True,竜の調教を生業とする者が着用する手袋,euc_jp
4683804,147302428,0,.rodata,22,23,1,True,T3,0,0,0,True,精霊学士のリストバンド,euc_jp
4683828,147302452,0,.rodata,28,31,3,True,T3,0,0,0,True,セイレイガクシノリストバンド,euc_jp
4683860,147302484,0,.rodata,40,43,3,True,T3,0,0,0,True,校則に定められた精霊学士用のリストバンド,euc_jp
4683904,147302528,0,.rodata,10,11,1,True,T3,0,0,0,True,武舞の篭手,euc_jp
4683916,147302540,0,.rodata,12,15,3,True,T3,0,0,0,True,ブマイノコテ,euc_jp
4683932,147302556,0,.rodata,34,35,1,True,T3,0,0,0,True,神前儀式で勇猛な動きで舞う者の篭手,euc_jp
4683968,147302592,0,.rodata,22,23,1,True,T3,0,0,0,True,パイレーツブレスレット,euc_jp
4683992,147302616,0,.rodata,32,35,3,True,T3,0,0,0,True,大海賊の風格を持ったブレスレット,euc_jp
4684028,147302652,0,.rodata,10,11,1,True,T3,0,0,0,True,白虎の篭手,euc_jp
4684040,147302664,0,.rodata,14,15,1,True,T3,0,0,0,True,ビャッコノコテ,euc_jp
4684056,147302680,0,.rodata,24,27,3,True,T3,0,0,0,True,聖獣白虎の名を冠する篭手,euc_jp
4684084,147302708,0,.rodata,20,23,3,True,T3,0,0,0,True,実践者のリストバンド,euc_jp
4684108,147302732,0,.rodata,26,27,1,True,T3,0,0,0,True,ジッセンシャノリストバンド,euc_jp
4684136,147302760,0,.rodata,34,35,1,True,T3,0,0,0,True,実践者の術士が着用するリストバンド,euc_jp
4684172,147302796,0,.rodata,14,15,1,True,T3,0,0,0,True,被免達人の手袋,euc_jp
4684188,147302812,0,.rodata,24,27,3,True,T3,0,0,0,True,ヒメンタツジンノテブクロ,euc_jp
4684216,147302840,0,.rodata,40,43,3,True,T3,0,0,0,True,魔術結社で被免達人の階位に与えられる手袋,euc_jp
4684260,147302884,0,.rodata,20,23,3,True,T3,0,0,0,True,サッバロットグローブ,euc_jp
4684284,147302908,0,.rodata,24,27,3,True,T3,0,0,0,True,パイナップル染のグローブ,euc_jp
4684312,147302936,0,.rodata,20,23,3,True,T3,0,0,0,True,コンタクティグローブ,euc_jp
4684336,147302960,0,.rodata,44,47,3,True,T3,0,0,0,True,魂で超常的存在と接触する者が着用するグローブ,euc_jp
4684408,147303032,0,.rodata,36,39,3,True,T3,0,0,0,True,グンタイサダイニシュレイソウテブクロ,euc_jp
4684448,147303072,0,.rodata,42,43,1,True,T3,0,0,0,True,大佐の階級の者が着用する第二種礼装用の手袋,euc_jp
4684492,147303116,0,.rodata,20,23,3,True,T3,0,0,0,True,セクレタリーグローブ,euc_jp
4684516,147303140,0,.rodata,22,23,1,True,T3,0,0,0,True,秘書が着用するグローブ,euc_jp
4684540,147303164,0,.rodata,18,19,1,True,T3,0,0,0,True,親衛隊長のグローブ,euc_jp
4684560,147303184,0,.rodata,28,31,3,True,T3,0,0,0,True,シンエイタイチョウノグローブ,euc_jp
4684592,147303216,0,.rodata,34,35,1,True,T3,0,0,0,True,城の親衛隊長となった術者のグローブ,euc_jp
4684628,147303252,0,.rodata,12,15,3,True,T3,0,0,0,True,名軍師の腕輪,euc_jp
4684644,147303268,0,.rodata,18,19,1,True,T3,0,0,0,True,メイグンシノウデワ,euc_jp
4684664,147303288,0,.rodata,26,27,1,True,T3,0,0,0,True,名軍師が好んで着用する腕輪,euc_jp
4684692,147303316,0,.rodata,14,15,1,True,T3,0,0,0,True,ルーングローブ,euc_jp
4684708,147303332,0,.rodata,30,31,1,True,T3,0,0,0,True,裏地に神秘文様を施したグローブ,euc_jp
4684740,147303364,0,.rodata,16,19,3,True,T3,0,0,0,True,セイントグローブ,euc_jp
4684760,147303384,0,.rodata,26,27,1,True,T3,0,0,0,True,神に愛されし聖人のグローブ,euc_jp
4684788,147303412,0,.rodata,18,19,1,True,T3,0,0,0,True,ワーロックグローブ,euc_jp
4684808,147303432,0,.rodata,34,35,1,True,T3,0,0,0,True,上位のワーロックが着用するグローブ,euc_jp
4684844,147303468,0,.rodata,12,15,3,True,T3,0,0,0,True,異端者の手袋,euc_jp
4684860,147303484,0,.rodata,20,23,3,True,T3,0,0,0,True,イタンモノノテブクロ,euc_jp
4684884,147303508,0,.rodata,36,39,3,True,T3,0,0,0,True,正道から外れ異端の道を行く術士の手袋,euc_jp
4684924,147303548,0,.rodata,22,23,1,True,T3,0,0,0,True,フラッシュアームカバー,euc_jp
4684948,147303572,0,.rodata,46,47,1,True,T3,0,0,0,True,光にも似た強烈なオーラを放つ可愛いアームカバー,euc_jp
4684996,147303620,0,.rodata,14,15,1,True,T3,0,0,0,True,エイワスの手袋,euc_jp
4685012,147303636,0,.rodata,18,19,1,True,T3,0,0,0,True,エイワスノテブクロ,euc_jp
4685032,147303656,0,.rodata,34,35,1,True,T3,0,0,0,True,宇宙存在エイワスの波動を受けた手袋,euc_jp
4685068,147303692,0,.rodata,18,19,1,True,T3,0,0,0,True,クラヤマツミの手帯,euc_jp
4685088,147303712,0,.rodata,20,23,3,True,T3,0,0,0,True,クラヤマツミノテオビ,euc_jp
4685112,147303736,0,.rodata,40,43,3,True,T3,0,0,0,True,東方の秘神クラヤマツミの加護を受けた手帯,euc_jp
4685156,147303780,0,.rodata,12,15,3,True,T3,0,0,0,True,預言者の手袋,euc_jp
4685172,147303796,0,.rodata,20,23,3,True,T3,0,0,0,True,ヨゲンシャノテブクロ,euc_jp
4685196,147303820,0,.rodata,46,47,1,True,T3,0,0,0,True,この手袋を装備する者は神託を得られると言われる,euc_jp
4685244,147303868,0,.rodata,14,15,1,True,T3,0,0,0,True,ムーングローブ,euc_jp
4685260,147303884,0,.rodata,36,39,3,True,T3,0,0,0,True,夜空を支配する月の力で満ちたグローブ,euc_jp
4685300,147303924,0,.rodata,16,19,3,True,T3,0,0,0,True,スルタンバングル,euc_jp
4685320,147303944,0,.rodata,30,31,1,True,T3,0,0,0,True,異国の国王が身に着けるバングル,euc_jp
4685352,147303976,0,.rodata,18,19,1,True,T3,0,0,0,True,関白のブレスレット,euc_jp
4685372,147303996,0,.rodata,22,23,1,True,T3,0,0,0,True,カンパクノブレスレット,euc_jp
4685396,147304020,0,.rodata,42,43,1,True,T3,0,0,0,True,東方で最も高位の貴族が着用するブレスレット,euc_jp
4685440,147304064,0,.rodata,18,19,1,True,T3,0,0,0,True,アンダーボスグラブ,euc_jp
4685460,147304084,0,.rodata,30,31,1,True,T3,0,0,0,True,マフィアの若頭が着用するグラブ,euc_jp
4685492,147304116,0,.rodata,14,15,1,True,T3,0,0,0,True,プラチナバンド,euc_jp
4685508,147304132,0,.rodata,34,35,1,True,T3,0,0,0,True,プラチナの飾り付けが施されたバンド,euc_jp
4685544,147304168,0,.rodata,22,23,1,True,T3,0,0,0,True,ネクロマンサーグローブ,euc_jp
4685568,147304192,0,.rodata,26,27,1,True,T3,0,0,0,True,死霊使いが着用するグローブ,euc_jp
4685596,147304220,0,.rodata,14,15,1,True,T3,0,0,0,True,スターグローブ,euc_jp
4685612,147304236,0,.rodata,30,31,1,True,T3,0,0,0,True,天空の星の力で身を守るグローブ,euc_jp
4685644,147304268,0,.rodata,18,19,1,True,T3,0,0,0,True,レジェンドグローブ,euc_jp
4685664,147304288,0,.rodata,46,47,1,True,T3,0,0,0,True,伝説のパタンナーが現代に蘇らせた古代のグローブ,euc_jp
4685712,147304336,0,.rodata,10,11,1,True,T3,0,0,0,True,始祖の手袋,euc_jp
4685724,147304348,0,.rodata,14,15,1,True,T3,0,0,0,True,シソノテブクロ,euc_jp
4685740,147304364,0,.rodata,22,23,1,True,T3,0,0,0,True,不死の王が着用する手袋,euc_jp
4685764,147304388,0,.rodata,20,23,3,True,T3,0,0,0,True,ゴールドブレスレット,euc_jp
4685788,147304412,0,.rodata,10,11,1,True,T3,0,0,0,True,金製の腕輪,euc_jp
4685800,147304424,0,.rodata,20,23,3,True,T3,0,0,0,True,プラチナブレスレット,euc_jp
4685824,147304448,0,.rodata,12,15,3,True,T3,0,0,0,True,白金製の腕輪,euc_jp
4685840,147304464,0,.rodata,18,19,1,True,T3,0,0,0,True,ダイヤブレスレット,euc_jp
4685860,147304484,0,.rodata,26,27,1,True,T3,0,0,0,True,ダイヤが散りばめられた腕輪,euc_jp
4685888,147304512,0,.rodata,18,19,1,True,T3,0,0,0,True,エンシェントリング,euc_jp
4685908,147304532,0,.rodata,30,31,1,True,T3,0,0,0,True,古代の技法で作られた伝説の腕輪,euc_jp
4685940,147304564,0,.rodata,10,11,1,True,T3,0,0,0,True,流星の腕輪,euc_jp
4685952,147304576,0,.rodata,18,19,1,True,T3,0,0,0,True,リュウセイノウデワ,euc_jp
4685972,147304596,0,.rodata,20,23,3,True,T3,0,0,0,True,隕鉄を素材にした腕輪,euc_jp
4685996,147304620,0,.rodata,18,19,1,True,T3,0,0,0,True,パールブレスレット,euc_jp
4686016,147304640,0,.rodata,20,23,3,True,T3,0,0,0,True,真珠で装飾された腕輪,euc_jp
4686040,147304664,0,.rodata,10,11,1,True,T3,0,0,0,True,戦士の篭手,euc_jp
4686052,147304676,0,.rodata,12,15,3,True,T3,0,0,0,True,センシノコテ,euc_jp
4686068,147304692,0,.rodata,38,39,1,True,T3,0,0,0,True,ディセンダーと認められた戦士専用の篭手,euc_jp
4686108,147304732,0,.rodata,10,11,1,True,T3,0,0,0,True,剣士の篭手,euc_jp
4686120,147304744,0,.rodata,12,15,3,True,T3,0,0,0,True,ケンシノコテ,euc_jp
4686136,147304760,0,.rodata,38,39,1,True,T3,0,0,0,True,ディセンダーと認められた剣士専用の篭手,euc_jp
4686176,147304800,0,.rodata,14,15,1,True,T3,0,0,0,True,魔法剣士の篭手,euc_jp
4686192,147304816,0,.rodata,18,19,1,True,T3,0,0,0,True,マホウケンシノコテ,euc_jp
4686212,147304836,0,.rodata,42,43,1,True,T3,0,0,0,True,ディセンダーと認められた魔法剣士専用の篭手,euc_jp
4686256,147304880,0,.rodata,12,15,3,True,T3,0,0,0,True,拳闘士の腕輪,euc_jp
4686272,147304896,0,.rodata,18,19,1,True,T3,0,0,0,True,ケントウシノウデワ,euc_jp
4686292,147304916,0,.rodata,40,43,3,True,T3,0,0,0,True,ディセンダーと認められた格闘家専用の腕輪,euc_jp
4686336,147304960,0,.rodata,10,11,1,True,T3,0,0,0,True,狩人の篭手,euc_jp
4686348,147304972,0,.rodata,16,19,3,True,T3,0,0,0,True,カリュウドノコテ,euc_jp
4686368,147304992,0,.rodata,38,39,1,True,T3,0,0,0,True,ディセンダーと認められた狩人専用の篭手,euc_jp
4686408,147305032,0,.rodata,10,11,1,True,T3,0,0,0,True,盗賊の篭手,euc_jp
4686420,147305044,0,.rodata,14,15,1,True,T3,0,0,0,True,トウゾクノコテ,euc_jp
4686436,147305060,0,.rodata,38,39,1,True,T3,0,0,0,True,ディセンダーと認められた盗賊専用の篭手,euc_jp
4686476,147305100,0,.rodata,8,11,3,True,T3,0,0,0,True,忍の篭手,euc_jp
4686488,147305112,0,.rodata,12,15,3,True,T3,0,0,0,True,シノビノコテ,euc_jp
4686504,147305128,0,.rodata,38,39,1,True,T3,0,0,0,True,ディセンダーと認められた忍者専用の篭手,euc_jp
4686544,147305168,0,.rodata,12,15,3,True,T3,0,0,0,True,魔術師の手袋,euc_jp
4686560,147305184,0,.rodata,20,23,3,True,T3,0,0,0,True,マジュツシノテブクロ,euc_jp
4686584,147305208,0,.rodata,40,43,3,True,T3,0,0,0,True,ディセンダーと認められた魔術師専用の手袋,euc_jp
4686628,147305252,0,.rodata,12,15,3,True,T3,0,0,0,True,修道士の手袋,euc_jp
4686644,147305268,0,.rodata,20,23,3,True,T3,0,0,0,True,シュウドウシノミトン,euc_jp
4686668,147305292,0,.rodata,38,39,1,True,T3,0,0,0,True,ディセンダーと認められた僧侶専用の手袋,euc_jp
4686708,147305332,0,.rodata,10,11,1,True,T3,0,0,0,True,司教の手袋,euc_jp
4686720,147305344,0,.rodata,16,19,3,True,T3,0,0,0,True,シキョウノミトン,euc_jp
4686740,147305364,0,.rodata,44,47,3,True,T3,0,0,0,True,ディセンダーと認められたビショップ専用の手袋,euc_jp
4686788,147305412,0,.rodata,14,15,1,True,T3,0,0,0,True,二刀剣士の篭手,euc_jp
4686804,147305428,0,.rodata,18,19,1,True,T3,0,0,0,True,ニトウケンシノコテ,euc_jp
4686824,147305448,0,.rodata,40,43,3,True,T3,0,0,0,True,ディセンダーと認められた双剣士専用の篭手,euc_jp
4686868,147305492,0,.rodata,12,15,3,True,T3,0,0,0,True,大剣士の篭手,euc_jp
4686884,147305508,0,.rodata,16,19,3,True,T3,0,0,0,True,ダイケンシノコテ,euc_jp
4686904,147305528,0,.rodata,40,43,3,True,T3,0,0,0,True,ディセンダーと認められた大剣士専用の篭手,euc_jp
4686948,147305572,0,.rodata,12,15,3,True,T3,0,0,0,True,准拳士の腕輪,euc_jp
4686964,147305588,0,.rodata,20,23,3,True,T3,0,0,0,True,ジュンケンシノウデワ,euc_jp
4686988,147305612,0,.rodata,40,43,3,True,T3,0,0,0,True,ディセンダーと認められたモンク専用の腕輪,euc_jp
4687032,147305656,0,.rodata,10,11,1,True,T3,0,0,0,True,海賊の篭手,euc_jp
4687044,147305668,0,.rodata,14,15,1,True,T3,0,0,0,True,カイゾクノコテ,euc_jp
4687060,147305684,0,.rodata,38,39,1,True,T3,0,0,0,True,ディセンダーと認められた海賊専用の篭手,euc_jp
4687100,147305724,0,.rodata,12,15,3,True,T3,0,0,0,True,従士隊の篭手,euc_jp
4687116,147305740,0,.rodata,18,19,1,True,T3,0,0,0,True,ジュウシタイノコテ,euc_jp
4687136,147305760,0,.rodata,40,43,3,True,T3,0,0,0,True,ディセンダーと認められた聖騎士専用の篭手,euc_jp
4687180,147305804,0,.rodata,16,19,3,True,T3,0,0,0,True,狙撃手のグローブ,euc_jp
4687200,147305824,0,.rodata,20,23,3,True,T3,0,0,0,True,ソゲキシュノグローブ,euc_jp
4687224,147305848,0,.rodata,46,47,1,True,T3,0,0,0,True,ディセンダーと認められたガンマン専用のグローブ,euc_jp
4687272,147305896,0,.rodata,10,11,1,True,T3,0,0,0,True,闘士の篭手,euc_jp
4687284,147305908,0,.rodata,12,15,3,True,T3,0,0,0,True,トウシノコテ,euc_jp
4687300,147305924,0,.rodata,40,43,3,True,T3,0,0,0,True,ディセンダーの為に作られた戦士専用の篭手,euc_jp
4687344,147305968,0,.rodata,10,11,1,True,T3,0,0,0,True,騎士の篭手,euc_jp
4687356,147305980,0,.rodata,10,11,1,True,T3,0,0,0,True,キシノコテ,euc_jp
4687368,147305992,0,.rodata,40,43,3,True,T3,0,0,0,True,ディセンダーの為に作られた剣士専用の篭手,euc_jp
4687412,147306036,0,.rodata,14,15,1,True,T3,0,0,0,True,魔法騎士の篭手,euc_jp
4687428,147306052,0,.rodata,16,19,3,True,T3,0,0,0,True,マホウキシノコテ,euc_jp
4687448,147306072,0,.rodata,44,47,3,True,T3,0,0,0,True,ディセンダーの為に作られた魔法剣士専用の篭手,euc_jp
4687496,147306120,0,.rodata,12,15,3,True,T3,0,0,0,True,小覇王の腕輪,euc_jp
4687512,147306136,0,.rodata,20,23,3,True,T3,0,0,0,True,ショウハオウノウデワ,euc_jp
4687536,147306160,0,.rodata,42,43,1,True,T3,0,0,0,True,ディセンダーの為に作られた格闘家専用の腕輪,euc_jp
4687580,147306204,0,.rodata,12,15,3,True,T3,0,0,0,True,名射手の篭手,euc_jp
4687596,147306220,0,.rodata,14,15,1,True,T3,0,0,0,True,メイイテノコテ,euc_jp
4687612,147306236,0,.rodata,40,43,3,True,T3,0,0,0,True,ディセンダーの為に作られた狩人専用の篭手,euc_jp
4687656,147306280,0,.rodata,10,11,1,True,T3,0,0,0,True,義賊の篭手,euc_jp
4687668,147306292,0,.rodata,12,15,3,True,T3,0,0,0,True,ギゾクノコテ,euc_jp
4687684,147306308,0,.rodata,40,43,3,True,T3,0,0,0,True,ディセンダーの為に作られた盗賊専用の篭手,euc_jp
4687728,147306352,0,.rodata,10,11,1,True,T3,0,0,0,True,頭領の篭手,euc_jp
4687740,147306364,0,.rodata,16,19,3,True,T3,0,0,0,True,トウリョウノコテ,euc_jp
4687760,147306384,0,.rodata,40,43,3,True,T3,0,0,0,True,ディセンダーの為に作られた忍者専用の篭手,euc_jp
4687804,147306428,0,.rodata,12,15,3,True,T3,0,0,0,True,魔導師の手袋,euc_jp
4687820,147306444,0,.rodata,18,19,1,True,T3,0,0,0,True,マドウシノテブクロ,euc_jp
4687840,147306464,0,.rodata,42,43,1,True,T3,0,0,0,True,ディセンダーの為に作られた魔術師専用の手袋,euc_jp
4687884,147306508,0,.rodata,10,11,1,True,T3,0,0,0,True,司祭の手袋,euc_jp
4687896,147306520,0,.rodata,14,15,1,True,T3,0,0,0,True,シサイノミトン,euc_jp
4687912,147306536,0,.rodata,40,43,3,True,T3,0,0,0,True,ディセンダーの為に作られた僧侶専用の手袋,euc_jp
4687956,147306580,0,.rodata,10,11,1,True,T3,0,0,0,True,教皇の手袋,euc_jp
4687968,147306592,0,.rodata,18,19,1,True,T3,0,0,0,True,キョウコウノミトン,euc_jp
4687988,147306612,0,.rodata,46,47,1,True,T3,0,0,0,True,ディセンダーの為に作られたビショップ専用の手袋,euc_jp
4688036,147306660,0,.rodata,14,15,1,True,T3,0,0,0,True,二天剣士の篭手,euc_jp
4688052,147306676,0,.rodata,18,19,1,True,T3,0,0,0,True,ニテンケンシノコテ,euc_jp
4688072,147306696,0,.rodata,42,43,1,True,T3,0,0,0,True,ディセンダーの為に作られた双剣士専用の篭手,euc_jp
4688116,147306740,0,.rodata,16,19,3,True,T3,0,0,0,True,処刑執行人の篭手,euc_jp
4688136,147306760,0,.rodata,26,27,1,True,T3,0,0,0,True,ショケイシッコウニンノコテ,euc_jp
4688164,147306788,0,.rodata,42,43,1,True,T3,0,0,0,True,ディセンダーの為に作られた大剣士専用の篭手,euc_jp
4688208,147306832,0,.rodata,12,15,3,True,T3,0,0,0,True,大範士の腕輪,euc_jp
4688224,147306848,0,.rodata,18,19,1,True,T3,0,0,0,True,ダイハンシノウデワ,euc_jp
4688244,147306868,0,.rodata,42,43,1,True,T3,0,0,0,True,ディセンダーの為に作られたモンク専用の腕輪,euc_jp
4688288,147306912,0,.rodata,20,23,3,True,T3,0,0,0,True,ヴァイキンググローブ,euc_jp
4688312,147306936,0,.rodata,44,47,3,True,T3,0,0,0,True,ディセンダーの為に作られた海賊専用のグローブ,euc_jp
4688360,147306984,0,.rodata,10,11,1,True,T3,0,0,0,True,剣聖の篭手,euc_jp
4688372,147306996,0,.rodata,14,15,1,True,T3,0,0,0,True,ケンセイノコテ,euc_jp
4688388,147307012,0,.rodata,42,43,1,True,T3,0,0,0,True,ディセンダーの為に作られた聖騎士専用の篭手,euc_jp
4688432,147307056,0,.rodata,20,23,3,True,T3,0,0,0,True,ガンマスターグローブ,euc_jp
4688456,147307080,0,.rodata,48,51,3,True,T3,0,0,0,True,ディセンダーの為に作られたガンマン専用のグローブ,euc_jp
4688508,147307132,0,.rodata,20,23,3,True,T3,0,0,0,True,ハイパーガントレット,euc_jp
4688532,147307156,0,.rodata,46,47,1,True,T3,0,0,0,True,イシュタル伝説に名を残す勇者ギルガメシュの篭手,euc_jp
4688580,147307204,0,.rodata,16,19,3,True,T3,0,0,0,True,ジャックフロスト,euc_jp
4688600,147307224,0,.rodata,44,47,3,True,T3,0,0,0,True,冷気を纏う事からその名を付けられた伝説の篭手,euc_jp
4688648,147307272,0,.rodata,16,19,3,True,T3,0,0,0,True,ハンドトゥハンド,euc_jp
4688668,147307292,0,.rodata,46,47,1,True,T3,0,0,0,True,手から手へ、選ばれし者へ受け継がれる伝説の篭手,euc_jp
4688716,147307340,0,.rodata,14,15,1,True,T3,0,0,0,True,タマグシの篭手,euc_jp
4688732,147307356,0,.rodata,14,15,1,True,T3,0,0,0,True,タマグシノコテ,euc_jp
4688748,147307372,0,.rodata,44,47,3,True,T3,0,0,0,True,東方の異国から伝わった篭手。神木の加護がある,euc_jp
4688796,147307420,0,.rodata,10,11,1,True,T3,0,0,0,True,朱雀の腕輪,euc_jp
4688808,147307432,0,.rodata,14,15,1,True,T3,0,0,0,True,スザクノウデワ,euc_jp
4688824,147307448,0,.rodata,30,31,1,True,T3,0,0,0,True,聖獣朱雀の名を冠する伝説の腕輪,euc_jp
4688856,147307480,0,.rodata,10,11,1,True,T3,0,0,0,True,玄武の腕輪,euc_jp
4688868,147307492,0,.rodata,14,15,1,True,T3,0,0,0,True,ゲンブノウデワ,euc_jp
4688884,147307508,0,.rodata,30,31,1,True,T3,0,0,0,True,聖獣玄武の名を冠する伝説の腕輪,euc_jp
4688916,147307540,0,.rodata,10,11,1,True,T3,0,0,0,True,白虎の腕輪,euc_jp
4688928,147307552,0,.rodata,16,19,3,True,T3,0,0,0,True,ビャッコノウデワ,euc_jp
4688948,147307572,0,.rodata,30,31,1,True,T3,0,0,0,True,聖獣白虎の名を冠する伝説の腕輪,euc_jp
4688980,147307604,0,.rodata,10,11,1,True,T3,0,0,0,True,青竜の腕輪,euc_jp
4688992,147307616,0,.rodata,18,19,1,True,T3,0,0,0,True,セイリュウノウデワ,euc_jp
4689012,147307636,0,.rodata,30,31,1,True,T3,0,0,0,True,聖獣青竜の名を冠する伝説の腕輪,euc_jp
4689044,147307668,0,.rodata,10,11,1,True,T3,0,0,0,True,サンタ手袋,euc_jp
4689056,147307680,0,.rodata,14,15,1,True,T3,0,0,0,True,サンタテブクロ,euc_jp
4689072,147307696,0,.rodata,26,27,1,True,T3,0,0,0,True,お子様に夢を与える赤い手袋,euc_jp
4689100,147307724,0,.rodata,10,11,1,True,T3,0,0,0,True,塊魂の王子,euc_jp
4689112,147307736,0,.rodata,22,23,1,True,T3,0,0,0,True,カタマリダマシイオウジ,euc_jp
4689136,147307760,0,.rodata,48,51,3,True,T3,0,0,0,True,押して押して転がしまくる、夢の詰まったステキ手袋,euc_jp
4689188,147307812,0,.rodata,18,19,1,True,T3,0,0,0,True,トライアルグローブ,euc_jp
4689208,147307832,0,.rodata,28,31,3,True,T3,0,0,0,True,腕を保護する一般的なグローブ,euc_jp
4689240,147307864,0,.rodata,24,27,3,True,T3,0,0,0,True,クラシックレザーグローブ,euc_jp
4689268,147307892,0,.rodata,32,35,3,True,T3,0,0,0,True,腕を保護する一般的な皮のグローブ,euc_jp
4703904,147322528,0,.rodata,12,15,3,True,T3,0,0,0,True,レザーブーツ,euc_jp
4703920,147322544,0,.rodata,12,15,3,True,T3,0,0,0,True,革製のブーツ,euc_jp
4703936,147322560,0,.rodata,16,19,3,True,T3,0,0,0,True,ネビュラレギンス,euc_jp
4703956,147322580,0,.rodata,26,27,1,True,T3,0,0,0,True,星雲級と称えられたレギンス,euc_jp
4703984,147322608,0,.rodata,18,19,1,True,T3,0,0,0,True,ブラフミーレギンス,euc_jp
4704004,147322628,0,.rodata,34,35,1,True,T3,0,0,0,True,霊草ブラフミーの名を冠するレギンス,euc_jp
4704040,147322664,0,.rodata,14,15,1,True,T3,0,0,0,True,ビキニレギンス,euc_jp
4704056,147322680,0,.rodata,40,43,3,True,T3,0,0,0,True,露出度にちょっとしたアクセントのレギンス,euc_jp
4704100,147322724,0,.rodata,16,19,3,True,T3,0,0,0,True,歩兵隊猟兵の脚絆,euc_jp
4704120,147322744,0,.rodata,30,31,1,True,T3,0,0,0,True,ホヘイタイリョウヘイノキャハン,euc_jp
4704152,147322776,0,.rodata,26,27,1,True,T3,0,0,0,True,歩兵隊猟兵に支給される脚絆,euc_jp
4704180,147322804,0,.rodata,16,19,3,True,T3,0,0,0,True,アイアングリーブ,euc_jp
4704200,147322824,0,.rodata,8,11,3,True,T3,0,0,0,True,鉄製の靴,euc_jp
4704212,147322836,0,.rodata,16,19,3,True,T3,0,0,0,True,トランクレギンス,euc_jp
4704232,147322856,0,.rodata,32,35,3,True,T3,0,0,0,True,小さな金属板をあしらったレギンス,euc_jp
4704268,147322892,0,.rodata,10,11,1,True,T3,0,0,0,True,孤狼の具足,euc_jp
4704280,147322904,0,.rodata,14,15,1,True,T3,0,0,0,True,コロウノグソク,euc_jp
4704296,147322920,0,.rodata,34,35,1,True,T3,0,0,0,True,一匹狼の戦士が身に着けるという具足,euc_jp
4704332,147322956,0,.rodata,12,15,3,True,T3,0,0,0,True,小龍の脛当て,euc_jp
4704348,147322972,0,.rodata,22,23,1,True,T3,0,0,0,True,ショウリュウノスネアテ,euc_jp
4704372,147322996,0,.rodata,30,31,1,True,T3,0,0,0,True,小龍の魂が宿るといわれる脛当て,euc_jp
4704404,147323028,0,.rodata,22,23,1,True,T3,0,0,0,True,グラディエータレギンス,euc_jp
4704428,147323052,0,.rodata,26,27,1,True,T3,0,0,0,True,剣闘士が身に着けるレギンス,euc_jp
4704456,147323080,0,.rodata,16,19,3,True,T3,0,0,0,True,フィールドレッグ,euc_jp
4704476,147323100,0,.rodata,26,27,1,True,T3,0,0,0,True,動きやすさ重視の脚部用防具,euc_jp
4704504,147323128,0,.rodata,16,19,3,True,T3,0,0,0,True,足軽大将の脛当て,euc_jp
4704524,147323148,0,.rodata,28,31,3,True,T3,0,0,0,True,アシガルタイショウノスネアテ,euc_jp
4704556,147323180,0,.rodata,30,31,1,True,T3,0,0,0,True,東方の兵士が着用していた脛当て,euc_jp
4704588,147323212,0,.rodata,12,15,3,True,T3,0,0,0,True,チーフブーツ,euc_jp
4704604,147323228,0,.rodata,16,19,3,True,T3,0,0,0,True,下士官用のブーツ,euc_jp
4704624,147323248,0,.rodata,14,15,1,True,T3,0,0,0,True,オンミツブーツ,euc_jp
4704640,147323264,0,.rodata,24,27,3,True,T3,0,0,0,True,隠密が着用していたブーツ,euc_jp
4704668,147323292,0,.rodata,16,19,3,True,T3,0,0,0,True,ゴシックレギンス,euc_jp
4704688,147323312,0,.rodata,32,35,3,True,T3,0,0,0,True,古式の製法で作られた全身鎧の脚部,euc_jp
4704724,147323348,0,.rodata,20,23,3,True,T3,0,0,0,True,ジャーメインレギンス,euc_jp
4704748,147323372,0,.rodata,52,55,3,True,T3,0,0,0,True,古の聖人ジャーメインに正義を誓う者が着用するレギンス,euc_jp
4704804,147323428,0,.rodata,14,15,1,True,T3,0,0,0,True,ムシャレギンス,euc_jp
4704820,147323444,0,.rodata,26,27,1,True,T3,0,0,0,True,鎧武者を彷彿とさせる脛当て,euc_jp
4704848,147323472,0,.rodata,14,15,1,True,T3,0,0,0,True,ナイトレギンス,euc_jp
4704864,147323488,0,.rodata,40,43,3,True,T3,0,0,0,True,ナイトの称号を持つ者に与えられるレギンス,euc_jp
4704908,147323532,0,.rodata,14,15,1,True,T3,0,0,0,True,ナハラグリーブ,euc_jp
4704924,147323548,0,.rodata,40,43,3,True,T3,0,0,0,True,千夜一夜の魔法の国で蜂を意味するグリーブ,euc_jp
4704968,147323592,0,.rodata,18,19,1,True,T3,0,0,0,True,ガネーシャレギンス,euc_jp
4704988,147323612,0,.rodata,34,35,1,True,T3,0,0,0,True,獣神ガネーシャの名を冠するレギンス,euc_jp
4705024,147323648,0,.rodata,12,15,3,True,T3,0,0,0,True,騎士団の長靴,euc_jp
4705040,147323664,0,.rodata,18,19,1,True,T3,0,0,0,True,キシダンノナガグツ,euc_jp
4705060,147323684,0,.rodata,24,27,3,True,T3,0,0,0,True,騎士団所属の証となる長靴,euc_jp
4705088,147323712,0,.rodata,14,15,1,True,T3,0,0,0,True,クロスグリーブ,euc_jp
4705104,147323728,0,.rodata,30,31,1,True,T3,0,0,0,True,堅い守りと重量感溢れるグリーブ,euc_jp
4705136,147323760,0,.rodata,14,15,1,True,T3,0,0,0,True,ボーンレギンス,euc_jp
4705152,147323776,0,.rodata,22,23,1,True,T3,0,0,0,True,不気味な意匠の鎧の脚部,euc_jp
4705176,147323800,0,.rodata,16,19,3,True,T3,0,0,0,True,グレートレギンス,euc_jp
4705196,147323820,0,.rodata,28,31,3,True,T3,0,0,0,True,抜群の防御と威圧感のレギンス,euc_jp
4705228,147323852,0,.rodata,18,19,1,True,T3,0,0,0,True,アスタロトレギンス,euc_jp
4705248,147323872,0,.rodata,44,47,3,True,T3,0,0,0,True,魔界の大公爵アスタロトの福音を受けたレギンス,euc_jp
4705296,147323920,0,.rodata,16,19,3,True,T3,0,0,0,True,新米傭兵のブーツ,euc_jp
4705316,147323940,0,.rodata,24,27,3,True,T3,0,0,0,True,シンマイヨウヘイノブーツ,euc_jp
4705344,147323968,0,.rodata,24,27,3,True,T3,0,0,0,True,新米傭兵が着用するブーツ,euc_jp
4705372,147323996,0,.rodata,12,15,3,True,T3,0,0,0,True,キルトブーツ,euc_jp
4705388,147324012,0,.rodata,24,27,3,True,T3,0,0,0,True,厚手の布を多用したブーツ,euc_jp
4705416,147324040,0,.rodata,22,23,1,True,T3,0,0,0,True,ファルコンレッグガード,euc_jp
4705440,147324064,0,.rodata,54,55,1,True,T3,0,0,0,True,とある民族の守り神ファルコンの加護を受けたレッグガード,euc_jp
4705496,147324120,0,.rodata,24,27,3,True,T3,0,0,0,True,スティアレスラーシューズ,euc_jp
4705524,147324148,0,.rodata,28,31,3,True,T3,0,0,0,True,逃げる牛を追う者が着用する靴,euc_jp
4705568,147324192,0,.rodata,16,19,3,True,T3,0,0,0,True,ミョウコウグソク,euc_jp
4705588,147324212,0,.rodata,20,23,3,True,T3,0,0,0,True,妙なる光を湛えた具足,euc_jp
4705612,147324236,0,.rodata,12,15,3,True,T3,0,0,0,True,修行僧の長靴,euc_jp
4705628,147324252,0,.rodata,24,27,3,True,T3,0,0,0,True,シュギョウソウノチョウカ,euc_jp
4705656,147324280,0,.rodata,30,31,1,True,T3,0,0,0,True,修行に励む修行僧が着用する長靴,euc_jp
4705688,147324312,0,.rodata,16,19,3,True,T3,0,0,0,True,サバイバルブーツ,euc_jp
4705708,147324332,0,.rodata,28,31,3,True,T3,0,0,0,True,サバイバル活動に適したブーツ,euc_jp
4705740,147324364,0,.rodata,12,15,3,True,T3,0,0,0,True,兵士のブーツ,euc_jp
4705756,147324380,0,.rodata,14,15,1,True,T3,0,0,0,True,ヘイシノブーツ,euc_jp
4705772,147324396,0,.rodata,30,31,1,True,T3,0,0,0,True,兵士が巡回警備で着用するブーツ,euc_jp
4705804,147324428,0,.rodata,14,15,1,True,T3,0,0,0,True,ガンナーブーツ,euc_jp
4705820,147324444,0,.rodata,30,31,1,True,T3,0,0,0,True,流浪のガンマンが着用するブーツ,euc_jp
4705852,147324476,0,.rodata,14,15,1,True,T3,0,0,0,True,修行僧の脛当て,euc_jp
4705868,147324492,0,.rodata,24,27,3,True,T3,0,0,0,True,シュギョウソウノスネアテ,euc_jp
4705896,147324520,0,.rodata,28,31,3,True,T3,0,0,0,True,荒行に挑む修行僧の為の脛当て,euc_jp
4705928,147324552,0,.rodata,16,19,3,True,T3,0,0,0,True,キャプテンブーツ,euc_jp
4705948,147324572,0,.rodata,20,23,3,True,T3,0,0,0,True,船長が着用するブーツ,euc_jp
4705972,147324596,0,.rodata,16,19,3,True,T3,0,0,0,True,土蜘蛛討ちの具足,euc_jp
4705992,147324616,0,.rodata,20,23,3,True,T3,0,0,0,True,ツチグモウチノグソク,euc_jp
4706016,147324640,0,.rodata,38,39,1,True,T3,0,0,0,True,物の怪土蜘蛛を討伐する者が着用する具足,euc_jp
4706056,147324680,0,.rodata,10,11,1,True,T3,0,0,0,True,少尉の長靴,euc_jp
4706068,147324692,0,.rodata,18,19,1,True,T3,0,0,0,True,ショウイノナガグツ,euc_jp
4706088,147324712,0,.rodata,24,27,3,True,T3,0,0,0,True,少尉の階級の証である長靴,euc_jp
4706116,147324740,0,.rodata,16,19,3,True,T3,0,0,0,True,ミスティシューズ,euc_jp
4706136,147324760,0,.rodata,28,31,3,True,T3,0,0,0,True,異国の戦士が着用するシューズ,euc_jp
4706168,147324792,0,.rodata,16,19,3,True,T3,0,0,0,True,スパイダーブーツ,euc_jp
4706188,147324812,0,.rodata,42,43,1,True,T3,0,0,0,True,呪術師イエロー・スパイダーが祈祷したブーツ,euc_jp
4706232,147324856,0,.rodata,16,19,3,True,T3,0,0,0,True,殺し屋のレギンス,euc_jp
4706252,147324876,0,.rodata,18,19,1,True,T3,0,0,0,True,コロシヤノレギンス,euc_jp
4706272,147324896,0,.rodata,32,35,3,True,T3,0,0,0,True,フリーの殺し屋が着用するレギンス,euc_jp
4706308,147324932,0,.rodata,8,11,3,True,T3,0,0,0,True,功夫の靴,euc_jp
4706320,147324944,0,.rodata,14,15,1,True,T3,0,0,0,True,クンフーノクツ,euc_jp
4706336,147324960,0,.rodata,32,35,3,True,T3,0,0,0,True,入門したての功夫使いが着用する靴,euc_jp
4706372,147324996,0,.rodata,14,15,1,True,T3,0,0,0,True,犬調教師の長靴,euc_jp
4706388,147325012,0,.rodata,28,31,3,True,T3,0,0,0,True,イヌチョウキョウシノナガグツ,euc_jp
4706420,147325044,0,.rodata,36,39,3,True,T3,0,0,0,True,犬の調教を生業とする者が着用する長靴,euc_jp
4706460,147325084,0,.rodata,8,11,3,True,T3,0,0,0,True,学士の靴,euc_jp
4706472,147325096,0,.rodata,12,15,3,True,T3,0,0,0,True,ガクシノクツ,euc_jp
4706488,147325112,0,.rodata,26,27,1,True,T3,0,0,0,True,校則に定められた学士用の靴,euc_jp
4706516,147325140,0,.rodata,8,11,3,True,T3,0,0,0,True,平舞の靴,euc_jp
4706528,147325152,0,.rodata,14,15,1,True,T3,0,0,0,True,ヒラマイノクツ,euc_jp
4706544,147325168,0,.rodata,32,35,3,True,T3,0,0,0,True,神前儀式で静穏な動きで舞う者の靴,euc_jp
4706580,147325204,0,.rodata,12,15,3,True,T3,0,0,0,True,野盗のブーツ,euc_jp
4706596,147325220,0,.rodata,14,15,1,True,T3,0,0,0,True,ヤトウノブーツ,euc_jp
4706612,147325236,0,.rodata,26,27,1,True,T3,0,0,0,True,野盗が好んで着用するブーツ,euc_jp
4706640,147325264,0,.rodata,12,15,3,True,T3,0,0,0,True,朱雀の脛当て,euc_jp
4706656,147325280,0,.rodata,16,19,3,True,T3,0,0,0,True,スザクノスネアテ,euc_jp
4706676,147325300,0,.rodata,26,27,1,True,T3,0,0,0,True,聖獣朱雀の名を冠する脛当て,euc_jp
4706704,147325328,0,.rodata,10,11,1,True,T3,0,0,0,True,新参者の靴,euc_jp
4706716,147325340,0,.rodata,18,19,1,True,T3,0,0,0,True,シンザンシャノクツ,euc_jp
4706736,147325360,0,.rodata,24,27,3,True,T3,0,0,0,True,新参者の術士が着用する靴,euc_jp
4706764,147325388,0,.rodata,16,19,3,True,T3,0,0,0,True,小達人のシューズ,euc_jp
4706784,147325408,0,.rodata,24,27,3,True,T3,0,0,0,True,ショウタツジンノシューズ,euc_jp
4706812,147325436,0,.rodata,42,43,1,True,T3,0,0,0,True,魔術結社で小達人の階位に与えられるシューズ,euc_jp
4706856,147325480,0,.rodata,16,19,3,True,T3,0,0,0,True,インディゴブーツ,euc_jp
4706876,147325500,0,.rodata,12,15,3,True,T3,0,0,0,True,藍染のブーツ,euc_jp
4706892,147325516,0,.rodata,12,15,3,True,T3,0,0,0,True,レイヴブーツ,euc_jp
4706908,147325532,0,.rodata,38,39,1,True,T3,0,0,0,True,魂の開放を求めて踊る者が着用するブーツ,euc_jp
4706968,147325592,0,.rodata,34,35,1,True,T3,0,0,0,True,グンショウサダイニシュレイソウクツ,euc_jp
4707004,147325628,0,.rodata,40,43,3,True,T3,0,0,0,True,少佐の階級の者が着用する第二種礼装用の靴,euc_jp
4707048,147325672,0,.rodata,16,19,3,True,T3,0,0,0,True,ヘルパーシューズ,euc_jp
4707068,147325692,0,.rodata,30,31,1,True,T3,0,0,0,True,お手伝いさんが着用するシューズ,euc_jp
4707100,147325724,0,.rodata,12,15,3,True,T3,0,0,0,True,衛士のブーツ,euc_jp
4707116,147325740,0,.rodata,14,15,1,True,T3,0,0,0,True,エイシノブーツ,euc_jp
4707132,147325756,0,.rodata,28,31,3,True,T3,0,0,0,True,城の衛士となった術者のブーツ,euc_jp
4707164,147325788,0,.rodata,8,11,3,True,T3,0,0,0,True,策士の靴,euc_jp
4707176,147325800,0,.rodata,12,15,3,True,T3,0,0,0,True,サクシノクツ,euc_jp
4707192,147325816,0,.rodata,22,23,1,True,T3,0,0,0,True,策士が好んで着用する靴,euc_jp
4707216,147325840,0,.rodata,18,19,1,True,T3,0,0,0,True,フォーチュンブーツ,euc_jp
4707236,147325860,0,.rodata,22,23,1,True,T3,0,0,0,True,幸運を求めし者のブーツ,euc_jp
4707260,147325884,0,.rodata,16,19,3,True,T3,0,0,0,True,リスペクトブーツ,euc_jp
4707280,147325904,0,.rodata,30,31,1,True,T3,0,0,0,True,尊敬を一身に集める術士のブーツ,euc_jp
4707312,147325936,0,.rodata,12,15,3,True,T3,0,0,0,True,アリアブーツ,euc_jp
4707328,147325952,0,.rodata,18,19,1,True,T3,0,0,0,True,詠唱者の為のブーツ,euc_jp
4707348,147325972,0,.rodata,12,15,3,True,T3,0,0,0,True,破門者の長靴,euc_jp
4707364,147325988,0,.rodata,20,23,3,True,T3,0,0,0,True,ハモンモノノナガグツ,euc_jp
4707388,147326012,0,.rodata,28,31,3,True,T3,0,0,0,True,掟を破り破門された術士の長靴,euc_jp
4707420,147326044,0,.rodata,16,19,3,True,T3,0,0,0,True,マジカルシューズ,euc_jp
4707440,147326064,0,.rodata,36,39,3,True,T3,0,0,0,True,不思議な魔力が込められた可愛いブーツ,euc_jp
4707480,147326104,0,.rodata,14,15,1,True,T3,0,0,0,True,アリオンの長靴,euc_jp
4707496,147326120,0,.rodata,18,19,1,True,T3,0,0,0,True,アリオンノナガグツ,euc_jp
4707516,147326140,0,.rodata,34,35,1,True,T3,0,0,0,True,宇宙存在アリオンの波動を受けた長靴,euc_jp
4707552,147326176,0,.rodata,14,15,1,True,T3,0,0,0,True,イハサクの長靴,euc_jp
4707568,147326192,0,.rodata,18,19,1,True,T3,0,0,0,True,イハサクノナガグツ,euc_jp
4707588,147326212,0,.rodata,36,39,3,True,T3,0,0,0,True,東方の秘神イハサクの加護を受けた長靴,euc_jp
4707628,147326252,0,.rodata,14,15,1,True,T3,0,0,0,True,祈祷師の脛当て,euc_jp
4707644,147326268,0,.rodata,18,19,1,True,T3,0,0,0,True,キトウシノスネアテ,euc_jp
4707664,147326288,0,.rodata,22,23,1,True,T3,0,0,0,True,祈祷用に作られた脛当て,euc_jp
4707688,147326312,0,.rodata,14,15,1,True,T3,0,0,0,True,メディアブーツ,euc_jp
4707704,147326328,0,.rodata,32,35,3,True,T3,0,0,0,True,古き月の女神を信仰する者のブーツ,euc_jp
4707740,147326364,0,.rodata,18,19,1,True,T3,0,0,0,True,ピルグリムサンダル,euc_jp
4707760,147326384,0,.rodata,32,35,3,True,T3,0,0,0,True,異国の巡礼者が身に着けるサンダル,euc_jp
4707796,147326420,0,.rodata,8,11,3,True,T3,0,0,0,True,公家の靴,euc_jp
4707808,147326432,0,.rodata,10,11,1,True,T3,0,0,0,True,クゲノクツ,euc_jp
4707820,147326444,0,.rodata,22,23,1,True,T3,0,0,0,True,東方の貴族が着用する靴,euc_jp
4707844,147326468,0,.rodata,24,27,3,True,T3,0,0,0,True,コンシリエーレローファー,euc_jp
4707872,147326496,0,.rodata,40,43,3,True,T3,0,0,0,True,マフィアの相談役顧問が着用するローファー,euc_jp
4707916,147326540,0,.rodata,20,23,3,True,T3,0,0,0,True,ホワイトハーフブーツ,euc_jp
4707940,147326564,0,.rodata,24,27,3,True,T3,0,0,0,True,白くて清潔感が漂うブーツ,euc_jp
4707968,147326592,0,.rodata,10,11,1,True,T3,0,0,0,True,陰陽師の靴,euc_jp
4707980,147326604,0,.rodata,18,19,1,True,T3,0,0,0,True,オンミョウジノクツ,euc_jp
4708000,147326624,0,.rodata,24,27,3,True,T3,0,0,0,True,陰陽師が履いた儀式用の靴,euc_jp
4708028,147326652,0,.rodata,16,19,3,True,T3,0,0,0,True,ブリンクシューズ,euc_jp
4708048,147326672,0,.rodata,28,31,3,True,T3,0,0,0,True,煌めく星をイメージしたブーツ,euc_jp
4708080,147326704,0,.rodata,18,19,1,True,T3,0,0,0,True,エンシェントブーツ,euc_jp
4708100,147326724,0,.rodata,28,31,3,True,T3,0,0,0,True,古くさい製法で作られたブーツ,euc_jp
4708132,147326756,0,.rodata,20,23,3,True,T3,0,0,0,True,ナイトブリードブーツ,euc_jp
4708156,147326780,0,.rodata,24,27,3,True,T3,0,0,0,True,闇の眷属が着用するブーツ,euc_jp
4708184,147326808,0,.rodata,18,19,1,True,T3,0,0,0,True,ハードレザーブーツ,euc_jp
4708204,147326828,0,.rodata,24,27,3,True,T3,0,0,0,True,厚手の革で作られたブーツ,euc_jp
4708232,147326856,0,.rodata,20,23,3,True,T3,0,0,0,True,ギャラクシーレギンス,euc_jp
4708256,147326880,0,.rodata,26,27,1,True,T3,0,0,0,True,銀河級と称えられたレギンス,euc_jp
4708284,147326908,0,.rodata,18,19,1,True,T3,0,0,0,True,ガルヒーナレギンス,euc_jp
4708304,147326928,0,.rodata,34,35,1,True,T3,0,0,0,True,霊草ガルヒーナの名を冠するレギンス,euc_jp
4708340,147326964,0,.rodata,18,19,1,True,T3,0,0,0,True,ネイキッドレギンス,euc_jp
4708360,147326984,0,.rodata,40,43,3,True,T3,0,0,0,True,素肌を際立たせるアクセントとなるレギンス,euc_jp
4708404,147327028,0,.rodata,18,19,1,True,T3,0,0,0,True,山岳兵隊猟兵の脚絆,euc_jp
4708424,147327048,0,.rodata,36,39,3,True,T3,0,0,0,True,サンガクヘイタイリョウヘイノキャハン,euc_jp
4708464,147327088,0,.rodata,28,31,3,True,T3,0,0,0,True,山岳兵隊猟兵に支給される脚絆,euc_jp
4708496,147327120,0,.rodata,20,23,3,True,T3,0,0,0,True,タングステングリーブ,euc_jp
4708520,147327144,0,.rodata,18,19,1,True,T3,0,0,0,True,タングステン製の靴,euc_jp
4708540,147327164,0,.rodata,16,19,3,True,T3,0,0,0,True,ブロンズレギンス,euc_jp
4708560,147327184,0,.rodata,34,35,1,True,T3,0,0,0,True,小さな青銅の板をあしらったレギンス,euc_jp
4708596,147327220,0,.rodata,10,11,1,True,T3,0,0,0,True,無法の具足,euc_jp
4708608,147327232,0,.rodata,14,15,1,True,T3,0,0,0,True,ムホウノグソク,euc_jp
4708624,147327248,0,.rodata,34,35,1,True,T3,0,0,0,True,無法者の戦士が身に着けるという具足,euc_jp
4708660,147327284,0,.rodata,12,15,3,True,T3,0,0,0,True,龍王の脛当て,euc_jp
4708676,147327300,0,.rodata,20,23,3,True,T3,0,0,0,True,リュウオウノスネアテ,euc_jp
4708700,147327324,0,.rodata,30,31,1,True,T3,0,0,0,True,龍王の魂が宿るといわれる脛当て,euc_jp
4708732,147327356,0,.rodata,14,15,1,True,T3,0,0,0,True,ロードレギンス,euc_jp
4708748,147327372,0,.rodata,32,35,3,True,T3,0,0,0,True,爵位を持つ者に与えられるレギンス,euc_jp
4708784,147327408,0,.rodata,12,15,3,True,T3,0,0,0,True,ゲイルレッグ,euc_jp
4708800,147327424,0,.rodata,34,35,1,True,T3,0,0,0,True,風の如き動作を可能にした脚部用防具,euc_jp
4708836,147327460,0,.rodata,12,15,3,True,T3,0,0,0,True,弁慶の脛当て,euc_jp
4708852,147327476,0,.rodata,18,19,1,True,T3,0,0,0,True,ベンケイノスネアテ,euc_jp
4708872,147327496,0,.rodata,34,35,1,True,T3,0,0,0,True,東方の大男弁慶が着用していた脛当て,euc_jp
4708908,147327532,0,.rodata,16,19,3,True,T3,0,0,0,True,オフィサーブーツ,euc_jp
4708928,147327552,0,.rodata,14,15,1,True,T3,0,0,0,True,士官用のブーツ,euc_jp
4708944,147327568,0,.rodata,14,15,1,True,T3,0,0,0,True,ニンジャブーツ,euc_jp
4708960,147327584,0,.rodata,24,27,3,True,T3,0,0,0,True,忍者が着用していたブーツ,euc_jp
4708988,147327612,0,.rodata,16,19,3,True,T3,0,0,0,True,エンボスレギンス,euc_jp
4709008,147327632,0,.rodata,26,27,1,True,T3,0,0,0,True,継ぎ目の少ない全身鎧の脚部,euc_jp
4709036,147327660,0,.rodata,14,15,1,True,T3,0,0,0,True,クスミレギンス,euc_jp
4709052,147327676,0,.rodata,46,47,1,True,T3,0,0,0,True,古の聖人クスミに正義を誓う者が着用するレギンス,euc_jp
4709100,147327724,0,.rodata,16,19,3,True,T3,0,0,0,True,センゴクレギンス,euc_jp
4709120,147327744,0,.rodata,28,31,3,True,T3,0,0,0,True,戦国武将を彷彿とさせる脛当て,euc_jp
4709152,147327776,0,.rodata,14,15,1,True,T3,0,0,0,True,バロンレギンス,euc_jp
4709168,147327792,0,.rodata,40,43,3,True,T3,0,0,0,True,バロンの称号を持つ者に与えられるレギンス,euc_jp
4709212,147327836,0,.rodata,18,19,1,True,T3,0,0,0,True,ソーバーングリーブ,euc_jp
4709232,147327856,0,.rodata,40,43,3,True,T3,0,0,0,True,千夜一夜の魔法の国で蛇を意味するグリーブ,euc_jp
4709276,147327900,0,.rodata,18,19,1,True,T3,0,0,0,True,ハヌマーンレギンス,euc_jp
4709296,147327920,0,.rodata,34,35,1,True,T3,0,0,0,True,獣神ハヌマーンの名を冠するレギンス,euc_jp
4709332,147327956,0,.rodata,14,15,1,True,T3,0,0,0,True,聖騎士団の長靴,euc_jp
4709348,147327972,0,.rodata,22,23,1,True,T3,0,0,0,True,セイキシダンノナガグツ,euc_jp
4709372,147327996,0,.rodata,26,27,1,True,T3,0,0,0,True,聖騎士団所属の証となる長靴,euc_jp
4709400,147328024,0,.rodata,16,19,3,True,T3,0,0,0,True,テンプルグリーブ,euc_jp
4709420,147328044,0,.rodata,38,39,1,True,T3,0,0,0,True,堅い守りと重量感溢れる銀色全身鎧の脚部,euc_jp
4709460,147328084,0,.rodata,14,15,1,True,T3,0,0,0,True,グリムレギンス,euc_jp
4709476,147328100,0,.rodata,20,23,3,True,T3,0,0,0,True,不吉な意匠の鎧の脚部,euc_jp
4709500,147328124,0,.rodata,20,23,3,True,T3,0,0,0,True,ジャイアントレギンス,euc_jp
4709524,147328148,0,.rodata,34,35,1,True,T3,0,0,0,True,巨人と見紛う防御と威圧感のレギンス,euc_jp
4709560,147328184,0,.rodata,18,19,1,True,T3,0,0,0,True,ベルゼバブレギンス,euc_jp
4709580,147328204,0,.rodata,42,43,1,True,T3,0,0,0,True,魔界の君主ベルゼバブの福音を受けたレギンス,euc_jp
4709624,147328248,0,.rodata,16,19,3,True,T3,0,0,0,True,中堅傭兵のブーツ,euc_jp
4709644,147328268,0,.rodata,26,27,1,True,T3,0,0,0,True,チュウケンヨウヘイノブーツ,euc_jp
4709672,147328296,0,.rodata,24,27,3,True,T3,0,0,0,True,中堅傭兵が着用するブーツ,euc_jp
4709700,147328324,0,.rodata,14,15,1,True,T3,0,0,0,True,メッシュブーツ,euc_jp
4709716,147328340,0,.rodata,26,27,1,True,T3,0,0,0,True,メッシュ加工がされたブーツ,euc_jp
4709744,147328368,0,.rodata,18,19,1,True,T3,0,0,0,True,ホークレッグガード,euc_jp
4709764,147328388,0,.rodata,50,51,1,True,T3,0,0,0,True,とある民族の守り神ホークの加護を受けたレッグガード,euc_jp
4709816,147328440,0,.rodata,24,27,3,True,T3,0,0,0,True,ブロンコライダーシューズ,euc_jp
4709844,147328468,0,.rodata,24,27,3,True,T3,0,0,0,True,荒野の流れ者が着用する靴,euc_jp
4709884,147328508,0,.rodata,14,15,1,True,T3,0,0,0,True,レイコウグソク,euc_jp
4709900,147328524,0,.rodata,16,19,3,True,T3,0,0,0,True,霊威みなぎる具足,euc_jp
4709920,147328544,0,.rodata,10,11,1,True,T3,0,0,0,True,僧兵の長靴,euc_jp
4709932,147328556,0,.rodata,18,19,1,True,T3,0,0,0,True,ソウヘイノチョウカ,euc_jp
4709952,147328576,0,.rodata,28,31,3,True,T3,0,0,0,True,寺院警備の僧兵が着用する長靴,euc_jp
4709984,147328608,0,.rodata,14,15,1,True,T3,0,0,0,True,アーミーブーツ,euc_jp
4710000,147328624,0,.rodata,22,23,1,True,T3,0,0,0,True,野戦活動に適したブーツ,euc_jp
4710024,147328648,0,.rodata,12,15,3,True,T3,0,0,0,True,隊長のブーツ,euc_jp
4710040,147328664,0,.rodata,18,19,1,True,T3,0,0,0,True,タイチョウノブーツ,euc_jp
4710060,147328684,0,.rodata,30,31,1,True,T3,0,0,0,True,隊長が巡回警備で着用するブーツ,euc_jp
4710092,147328716,0,.rodata,18,19,1,True,T3,0,0,0,True,フロンティアブーツ,euc_jp
4710112,147328736,0,.rodata,22,23,1,True,T3,0,0,0,True,開拓者が着用するブーツ,euc_jp
4710136,147328760,0,.rodata,12,15,3,True,T3,0,0,0,True,僧兵の脛当て,euc_jp
4710152,147328776,0,.rodata,18,19,1,True,T3,0,0,0,True,ソウヘイノスネアテ,euc_jp
4710172,147328796,0,.rodata,22,23,1,True,T3,0,0,0,True,法敵を討つ僧兵の脛当て,euc_jp
4710196,147328820,0,.rodata,16,19,3,True,T3,0,0,0,True,コマンダーブーツ,euc_jp
4710216,147328840,0,.rodata,30,31,1,True,T3,0,0,0,True,大型戦艦の艦長が着用するブーツ,euc_jp
4710248,147328872,0,.rodata,12,15,3,True,T3,0,0,0,True,鵺討ちの具足,euc_jp
4710264,147328888,0,.rodata,16,19,3,True,T3,0,0,0,True,ヌエウチノグソク,euc_jp
4710284,147328908,0,.rodata,34,35,1,True,T3,0,0,0,True,物の怪鵺を討伐する者が着用する具足,euc_jp
4710320,147328944,0,.rodata,10,11,1,True,T3,0,0,0,True,中尉の長靴,euc_jp
4710332,147328956,0,.rodata,18,19,1,True,T3,0,0,0,True,チュウイノナガグツ,euc_jp
4710352,147328976,0,.rodata,24,27,3,True,T3,0,0,0,True,中尉の階級の証である長靴,euc_jp
4710380,147329004,0,.rodata,18,19,1,True,T3,0,0,0,True,ストレンジシューズ,euc_jp
4710400,147329024,0,.rodata,30,31,1,True,T3,0,0,0,True,異国の風来坊が着用するシューズ,euc_jp
4710432,147329056,0,.rodata,14,15,1,True,T3,0,0,0,True,コヨーテブーツ,euc_jp
4710448,147329072,0,.rodata,38,39,1,True,T3,0,0,0,True,呪術師レッド・コヨーテが祈祷したブーツ,euc_jp
4710488,147329112,0,.rodata,20,23,3,True,T3,0,0,0,True,粛清執行人のレギンス,euc_jp
4710512,147329136,0,.rodata,32,35,3,True,T3,0,0,0,True,シュクセイシッコウニンノレギンス,euc_jp
4710548,147329172,0,.rodata,34,35,1,True,T3,0,0,0,True,軍属の粛清執行人が着用するレギンス,euc_jp
4710584,147329208,0,.rodata,8,11,3,True,T3,0,0,0,True,小龍の靴,euc_jp
4710596,147329220,0,.rodata,18,19,1,True,T3,0,0,0,True,ショウリュウノクツ,euc_jp
4710616,147329240,0,.rodata,34,35,1,True,T3,0,0,0,True,小龍の位を持つ功夫使いが着用する靴,euc_jp
4710652,147329276,0,.rodata,14,15,1,True,T3,0,0,0,True,虎調教師の長靴,euc_jp
4710668,147329292,0,.rodata,28,31,3,True,T3,0,0,0,True,トラチョウキョウシノナガグツ,euc_jp
4710700,147329324,0,.rodata,36,39,3,True,T3,0,0,0,True,虎の調教を生業とする者が着用する長靴,euc_jp
4710740,147329364,0,.rodata,12,15,3,True,T3,0,0,0,True,晶霊学士の靴,euc_jp
4710756,147329380,0,.rodata,22,23,1,True,T3,0,0,0,True,ショウレイガクシノクツ,euc_jp
4710780,147329404,0,.rodata,30,31,1,True,T3,0,0,0,True,校則に定められた晶霊学士用の靴,euc_jp
4710812,147329436,0,.rodata,8,11,3,True,T3,0,0,0,True,走舞の靴,euc_jp
4710824,147329448,0,.rodata,16,19,3,True,T3,0,0,0,True,ハシリマイノクツ,euc_jp
4710844,147329468,0,.rodata,32,35,3,True,T3,0,0,0,True,神前儀式で活発な動きで舞う者の靴,euc_jp
4710880,147329504,0,.rodata,16,19,3,True,T3,0,0,0,True,フォルバンブーツ,euc_jp
4710900,147329524,0,.rodata,22,23,1,True,T3,0,0,0,True,海賊が好んで履くブーツ,euc_jp
4710924,147329548,0,.rodata,12,15,3,True,T3,0,0,0,True,玄武の脛当て,euc_jp
4710940,147329564,0,.rodata,16,19,3,True,T3,0,0,0,True,ゲンブノスネアテ,euc_jp
4710960,147329584,0,.rodata,26,27,1,True,T3,0,0,0,True,聖獣玄武の名を冠する脛当て,euc_jp
4710988,147329612,0,.rodata,10,11,1,True,T3,0,0,0,True,熱心者の靴,euc_jp
4711000,147329624,0,.rodata,18,19,1,True,T3,0,0,0,True,ネッシンモノノクツ,euc_jp
4711020,147329644,0,.rodata,24,27,3,True,T3,0,0,0,True,熱心者の術士が着用する靴,euc_jp
4711048,147329672,0,.rodata,16,19,3,True,T3,0,0,0,True,大達人のシューズ,euc_jp
4711068,147329692,0,.rodata,22,23,1,True,T3,0,0,0,True,ダイタツジンノシューズ,euc_jp
4711092,147329716,0,.rodata,42,43,1,True,T3,0,0,0,True,魔術結社で大達人の階位に与えられるシューズ,euc_jp
4711136,147329760,0,.rodata,18,19,1,True,T3,0,0,0,True,クラーティンブーツ,euc_jp
4711156,147329780,0,.rodata,18,19,1,True,T3,0,0,0,True,ギンネム染のブーツ,euc_jp
4711176,147329800,0,.rodata,18,19,1,True,T3,0,0,0,True,ニューエイジブーツ,euc_jp
4711196,147329820,0,.rodata,38,39,1,True,T3,0,0,0,True,新しい魂の道を求める者が着用するブーツ,euc_jp
4711256,147329880,0,.rodata,34,35,1,True,T3,0,0,0,True,グンチュウサダイニシュレイソウクツ,euc_jp
4711292,147329916,0,.rodata,40,43,3,True,T3,0,0,0,True,中佐の階級の者が着用する第二種礼装用の靴,euc_jp
4711336,147329960,0,.rodata,20,23,3,True,T3,0,0,0,True,スチュワードシューズ,euc_jp
4711360,147329984,0,.rodata,30,31,1,True,T3,0,0,0,True,執事やメイドが着用するシューズ,euc_jp
4711392,147330016,0,.rodata,14,15,1,True,T3,0,0,0,True,近衛兵のブーツ,euc_jp
4711408,147330032,0,.rodata,18,19,1,True,T3,0,0,0,True,コノエヘイノブーツ,euc_jp
4711428,147330052,0,.rodata,30,31,1,True,T3,0,0,0,True,城の近衛兵となった術者のブーツ,euc_jp
4711460,147330084,0,.rodata,10,11,1,True,T3,0,0,0,True,名策士の靴,euc_jp
4711472,147330096,0,.rodata,16,19,3,True,T3,0,0,0,True,メイサクシノクツ,euc_jp
4711492,147330116,0,.rodata,24,27,3,True,T3,0,0,0,True,名策士が好んで着用する靴,euc_jp
4711520,147330144,0,.rodata,14,15,1,True,T3,0,0,0,True,アルカナブーツ,euc_jp
4711536,147330160,0,.rodata,34,35,1,True,T3,0,0,0,True,占い師が着用する摩訶不思議なブーツ,euc_jp
4711572,147330196,0,.rodata,14,15,1,True,T3,0,0,0,True,ビリーブブーツ,euc_jp
4711588,147330212,0,.rodata,30,31,1,True,T3,0,0,0,True,信頼を一身に集める術士のブーツ,euc_jp
4711620,147330244,0,.rodata,18,19,1,True,T3,0,0,0,True,アテイメントブーツ,euc_jp
4711640,147330264,0,.rodata,36,39,3,True,T3,0,0,0,True,着る者の目標達成を助けるというブーツ,euc_jp
4711680,147330304,0,.rodata,12,15,3,True,T3,0,0,0,True,外法者の長靴,euc_jp
4711696,147330320,0,.rodata,20,23,3,True,T3,0,0,0,True,ゲホウモノノナガグツ,euc_jp
4711720,147330344,0,.rodata,24,27,3,True,T3,0,0,0,True,外法の術を使う術士の長靴,euc_jp
4711748,147330372,0,.rodata,16,19,3,True,T3,0,0,0,True,ミラクルシューズ,euc_jp
4711768,147330392,0,.rodata,32,35,3,True,T3,0,0,0,True,奇跡の力が込められた可愛いブーツ,euc_jp
4711804,147330428,0,.rodata,10,11,1,True,T3,0,0,0,True,ラーの長靴,euc_jp
4711816,147330440,0,.rodata,14,15,1,True,T3,0,0,0,True,ラーノナガグツ,euc_jp
4711832,147330456,0,.rodata,30,31,1,True,T3,0,0,0,True,宇宙存在ラーの波動を受けた長靴,euc_jp
4711864,147330488,0,.rodata,16,19,3,True,T3,0,0,0,True,ミカハヤヒの長靴,euc_jp
4711884,147330508,0,.rodata,20,23,3,True,T3,0,0,0,True,ミカハヤヒノナガグツ,euc_jp
4711908,147330532,0,.rodata,38,39,1,True,T3,0,0,0,True,東方の秘神ミカハヤヒの加護を受けた長靴,euc_jp
4711948,147330572,0,.rodata,12,15,3,True,T3,0,0,0,True,神官の脛当て,euc_jp
4711964,147330588,0,.rodata,18,19,1,True,T3,0,0,0,True,シンカンノスネアテ,euc_jp
4711984,147330608,0,.rodata,24,27,3,True,T3,0,0,0,True,儀式に用いる派手な脛当て,euc_jp
4712012,147330636,0,.rodata,16,19,3,True,T3,0,0,0,True,クレセントブーツ,euc_jp
4712032,147330656,0,.rodata,34,35,1,True,T3,0,0,0,True,三日月の様な美しい輝きを放つブーツ,euc_jp
4712068,147330692,0,.rodata,16,19,3,True,T3,0,0,0,True,ラージャサンダル,euc_jp
4712088,147330712,0,.rodata,30,31,1,True,T3,0,0,0,True,異国の豪族が身に着けるサンダル,euc_jp
4712120,147330744,0,.rodata,8,11,3,True,T3,0,0,0,True,摂政の靴,euc_jp
4712132,147330756,0,.rodata,16,19,3,True,T3,0,0,0,True,セッショウノクツ,euc_jp
4712152,147330776,0,.rodata,22,23,1,True,T3,0,0,0,True,東方の摂政が着用する靴,euc_jp
4712176,147330800,0,.rodata,22,23,1,True,T3,0,0,0,True,カポレジームローファー,euc_jp
4712200,147330824,0,.rodata,34,35,1,True,T3,0,0,0,True,マフィアの幹部が着用するローファー,euc_jp
4712236,147330860,0,.rodata,20,23,3,True,T3,0,0,0,True,シルバーハーフブーツ,euc_jp
4712260,147330884,0,.rodata,24,27,3,True,T3,0,0,0,True,銀の刺繍が施されたブーツ,euc_jp
4712288,147330912,0,.rodata,18,19,1,True,T3,0,0,0,True,シャーマンシューズ,euc_jp
4712308,147330932,0,.rodata,30,31,1,True,T3,0,0,0,True,奇異なる術士が着用するシューズ,euc_jp
4712340,147330964,0,.rodata,22,23,1,True,T3,0,0,0,True,セレスティアルシューズ,euc_jp
4712364,147330988,0,.rodata,36,39,3,True,T3,0,0,0,True,かつて天上人が着用したというシューズ,euc_jp
4712404,147331028,0,.rodata,16,19,3,True,T3,0,0,0,True,プレシャスブーツ,euc_jp
4712424,147331048,0,.rodata,24,27,3,True,T3,0,0,0,True,貴い芸術品でもあるブーツ,euc_jp
4712452,147331076,0,.rodata,18,19,1,True,T3,0,0,0,True,ヴァンパイアブーツ,euc_jp
4712472,147331096,0,.rodata,22,23,1,True,T3,0,0,0,True,吸血鬼が着用するブーツ,euc_jp
4712496,147331120,0,.rodata,12,15,3,True,T3,0,0,0,True,ＢＨ・ブーツ,euc_jp
4712512,147331136,0,.rodata,20,23,3,True,T3,0,0,0,True,ビーストハイドブーツ,euc_jp
4712536,147331160,0,.rodata,18,19,1,True,T3,0,0,0,True,魔物の革製のブーツ,euc_jp
4712556,147331180,0,.rodata,18,19,1,True,T3,0,0,0,True,クエーサーレギンス,euc_jp
4712576,147331200,0,.rodata,32,35,3,True,T3,0,0,0,True,クエーサー級と称えられたレギンス,euc_jp
4712612,147331236,0,.rodata,18,19,1,True,T3,0,0,0,True,トゥルシーレギンス,euc_jp
4712632,147331256,0,.rodata,34,35,1,True,T3,0,0,0,True,霊草トゥルシーの名を冠するレギンス,euc_jp
4712668,147331292,0,.rodata,20,23,3,True,T3,0,0,0,True,バーバリアンレギンス,euc_jp
4712692,147331316,0,.rodata,46,47,1,True,T3,0,0,0,True,頑強な筋肉の動きを妨げぬよう研究されたレギンス,euc_jp
4712740,147331364,0,.rodata,16,19,3,True,T3,0,0,0,True,騎兵隊猟兵の脚絆,euc_jp
4712760,147331384,0,.rodata,30,31,1,True,T3,0,0,0,True,キヘイタイリョウヘイノキャハン,euc_jp
4712792,147331416,0,.rodata,26,27,1,True,T3,0,0,0,True,騎兵隊猟兵に支給される脚絆,euc_jp
4712820,147331444,0,.rodata,20,23,3,True,T3,0,0,0,True,オリカルクムグリーブ,euc_jp
4712844,147331468,0,.rodata,18,19,1,True,T3,0,0,0,True,オリカルクム製の靴,euc_jp
4712864,147331488,0,.rodata,16,19,3,True,T3,0,0,0,True,クロームレギンス,euc_jp
4712884,147331508,0,.rodata,38,39,1,True,T3,0,0,0,True,小さなクロームの板をあしらったレギンス,euc_jp
4712924,147331548,0,.rodata,10,11,1,True,T3,0,0,0,True,鬼神の具足,euc_jp
4712936,147331560,0,.rodata,14,15,1,True,T3,0,0,0,True,キシンノグソク,euc_jp
4712952,147331576,0,.rodata,38,39,1,True,T3,0,0,0,True,戦鬼となった闘士が身に着けるという具足,euc_jp
4712992,147331616,0,.rodata,12,15,3,True,T3,0,0,0,True,覇龍の脛当て,euc_jp
4713008,147331632,0,.rodata,18,19,1,True,T3,0,0,0,True,ハリュウノスネアテ,euc_jp
4713028,147331652,0,.rodata,30,31,1,True,T3,0,0,0,True,覇龍の魂が宿るといわれる脛当て,euc_jp
4713060,147331684,0,.rodata,20,23,3,True,T3,0,0,0,True,アークロードレギンス,euc_jp
4713084,147331708,0,.rodata,38,39,1,True,T3,0,0,0,True,上級の爵位を持つ者に与えられるレギンス,euc_jp
4713124,147331748,0,.rodata,14,15,1,True,T3,0,0,0,True,ドラゴンレッグ,euc_jp
4713140,147331764,0,.rodata,24,27,3,True,T3,0,0,0,True,竜の威風を持つ脚部用防具,euc_jp
4713168,147331792,0,.rodata,12,15,3,True,T3,0,0,0,True,義経の脛当て,euc_jp
4713184,147331808,0,.rodata,18,19,1,True,T3,0,0,0,True,ヨシツネノスネアテ,euc_jp
4713204,147331828,0,.rodata,40,43,3,True,T3,0,0,0,True,東方の戦の麒麟児義経が着用していた脛当て,euc_jp
4713248,147331872,0,.rodata,14,15,1,True,T3,0,0,0,True,カーネルブーツ,euc_jp
4713264,147331888,0,.rodata,18,19,1,True,T3,0,0,0,True,上級士官用のブーツ,euc_jp
4713284,147331908,0,.rodata,12,15,3,True,T3,0,0,0,True,シノビブーツ,euc_jp
4713300,147331924,0,.rodata,32,35,3,True,T3,0,0,0,True,名のある忍びが着用していたブーツ,euc_jp
4713336,147331960,0,.rodata,20,23,3,True,T3,0,0,0,True,エンシェントレギンス,euc_jp
4713360,147331984,0,.rodata,32,35,3,True,T3,0,0,0,True,伝説の製法で作られた全身鎧の脚部,euc_jp
4713396,147332020,0,.rodata,18,19,1,True,T3,0,0,0,True,マイトレヤレギンス,euc_jp
4713416,147332040,0,.rodata,50,51,1,True,T3,0,0,0,True,古の聖人マイトレヤに正義を誓う者が着用するレギンス,euc_jp
4713468,147332092,0,.rodata,18,19,1,True,T3,0,0,0,True,ダイミョーレギンス,euc_jp
4713488,147332112,0,.rodata,28,31,3,True,T3,0,0,0,True,戦国大名を彷彿とさせる脛当て,euc_jp
4713520,147332144,0,.rodata,16,19,3,True,T3,0,0,0,True,デュークレギンス,euc_jp
4713540,147332164,0,.rodata,42,43,1,True,T3,0,0,0,True,デュークの称号を持つ者に与えられるレギンス,euc_jp
4713584,147332208,0,.rodata,18,19,1,True,T3,0,0,0,True,テムサーフグリーブ,euc_jp
4713604,147332228,0,.rodata,40,43,3,True,T3,0,0,0,True,千夜一夜の魔法の国で鰐を意味するグリーブ,euc_jp
4713648,147332272,0,.rodata,16,19,3,True,T3,0,0,0,True,アヌビスレギンス,euc_jp
4713668,147332292,0,.rodata,32,35,3,True,T3,0,0,0,True,獣神アヌビスの名を冠するレギンス,euc_jp
4713704,147332328,0,.rodata,16,19,3,True,T3,0,0,0,True,守護騎士団の長靴,euc_jp
4713724,147332348,0,.rodata,24,27,3,True,T3,0,0,0,True,シュゴキシダンノナガグツ,euc_jp
4713752,147332376,0,.rodata,28,31,3,True,T3,0,0,0,True,守護騎士団所属の証となる長靴,euc_jp
4713784,147332408,0,.rodata,14,15,1,True,T3,0,0,0,True,ルーングリーブ,euc_jp
4713800,147332424,0,.rodata,24,27,3,True,T3,0,0,0,True,神秘文様を刻んだグリーブ,euc_jp
4713828,147332452,0,.rodata,16,19,3,True,T3,0,0,0,True,ゴーストレギンス,euc_jp
4713848,147332472,0,.rodata,22,23,1,True,T3,0,0,0,True,禍々しい意匠の鎧の脚部,euc_jp
4713872,147332496,0,.rodata,18,19,1,True,T3,0,0,0,True,コロッサスレギンス,euc_jp
4713892,147332516,0,.rodata,40,43,3,True,T3,0,0,0,True,伝説の巨神と見紛う防御と威圧感のレギンス,euc_jp
4713936,147332560,0,.rodata,18,19,1,True,T3,0,0,0,True,ルシフェルレギンス,euc_jp
4713956,147332580,0,.rodata,42,43,1,True,T3,0,0,0,True,魔界の皇帝ルシフェルの福音を受けたレギンス,euc_jp
4714000,147332624,0,.rodata,16,19,3,True,T3,0,0,0,True,玄人傭兵のブーツ,euc_jp
4714020,147332644,0,.rodata,24,27,3,True,T3,0,0,0,True,クロウトヨウヘイノブーツ,euc_jp
4714048,147332672,0,.rodata,24,27,3,True,T3,0,0,0,True,玄人傭兵が着用するブーツ,euc_jp
4714076,147332700,0,.rodata,14,15,1,True,T3,0,0,0,True,フェザーブーツ,euc_jp
4714092,147332716,0,.rodata,18,19,1,True,T3,0,0,0,True,羽の様に軽いブーツ,euc_jp
4714112,147332736,0,.rodata,20,23,3,True,T3,0,0,0,True,イーグルレッグガード,euc_jp
4714136,147332760,0,.rodata,52,55,3,True,T3,0,0,0,True,とある民族の守り神イーグルの加護を受けたレッグガード,euc_jp
4714192,147332816,0,.rodata,22,23,1,True,T3,0,0,0,True,ガンスリンガーシューズ,euc_jp
4714216,147332840,0,.rodata,24,27,3,True,T3,0,0,0,True,早撃ちの名手が着用する靴,euc_jp
4714256,147332880,0,.rodata,14,15,1,True,T3,0,0,0,True,シンコウグソク,euc_jp
4714272,147332896,0,.rodata,14,15,1,True,T3,0,0,0,True,神光発する具足,euc_jp
4714288,147332912,0,.rodata,10,11,1,True,T3,0,0,0,True,僧正の長靴,euc_jp
4714300,147332924,0,.rodata,20,23,3,True,T3,0,0,0,True,ソウジョウノチョウカ,euc_jp
4714324,147332948,0,.rodata,28,31,3,True,T3,0,0,0,True,説法に赴く僧正が着用する長靴,euc_jp
4714356,147332980,0,.rodata,16,19,3,True,T3,0,0,0,True,マーセナリブーツ,euc_jp
4714376,147333000,0,.rodata,30,31,1,True,T3,0,0,0,True,歴戦の傭兵の活動に適したブーツ,euc_jp
4714408,147333032,0,.rodata,12,15,3,True,T3,0,0,0,True,総督のブーツ,euc_jp
4714424,147333048,0,.rodata,16,19,3,True,T3,0,0,0,True,ソウトクノブーツ,euc_jp
4714444,147333068,0,.rodata,32,35,3,True,T3,0,0,0,True,総督が警備の巡察で着用するブーツ,euc_jp
4714480,147333104,0,.rodata,16,19,3,True,T3,0,0,0,True,ウエスタンブーツ,euc_jp
4714500,147333124,0,.rodata,28,31,3,True,T3,0,0,0,True,荒野の用心棒が着用するブーツ,euc_jp
4714532,147333156,0,.rodata,12,15,3,True,T3,0,0,0,True,僧正の脛当て,euc_jp
4714548,147333172,0,.rodata,20,23,3,True,T3,0,0,0,True,ソウジョウノスネアテ,euc_jp
4714572,147333196,0,.rodata,24,27,3,True,T3,0,0,0,True,教義を広める僧正の脛当て,euc_jp
4714600,147333224,0,.rodata,16,19,3,True,T3,0,0,0,True,アドミラルブーツ,euc_jp
4714620,147333244,0,.rodata,32,35,3,True,T3,0,0,0,True,艦隊を率いる提督が着用するブーツ,euc_jp
4714656,147333280,0,.rodata,14,15,1,True,T3,0,0,0,True,天狗討ちの具足,euc_jp
4714672,147333296,0,.rodata,18,19,1,True,T3,0,0,0,True,テングウチノグソク,euc_jp
4714692,147333316,0,.rodata,36,39,3,True,T3,0,0,0,True,物の怪天狗を討伐する者が着用する具足,euc_jp
4714732,147333356,0,.rodata,10,11,1,True,T3,0,0,0,True,大尉の長靴,euc_jp
4714744,147333368,0,.rodata,16,19,3,True,T3,0,0,0,True,タイイノナガグツ,euc_jp
4714764,147333388,0,.rodata,24,27,3,True,T3,0,0,0,True,大尉の階級の証である長靴,euc_jp
4714792,147333416,0,.rodata,16,19,3,True,T3,0,0,0,True,ウィッチシューズ,euc_jp
4714812,147333436,0,.rodata,24,27,3,True,T3,0,0,0,True,魔法で強化されたシューズ,euc_jp
4714840,147333464,0,.rodata,14,15,1,True,T3,0,0,0,True,ピューマブーツ,euc_jp
4714856,147333480,0,.rodata,40,43,3,True,T3,0,0,0,True,呪術師シルバー・ピューマが祈祷したブーツ,euc_jp
4714900,147333524,0,.rodata,18,19,1,True,T3,0,0,0,True,暗殺教団のレギンス,euc_jp
4714920,147333544,0,.rodata,28,31,3,True,T3,0,0,0,True,アンサツキョウダンノレギンス,euc_jp
4714952,147333576,0,.rodata,30,31,1,True,T3,0,0,0,True,謎の暗殺教団が着用するレギンス,euc_jp
4714984,147333608,0,.rodata,8,11,3,True,T3,0,0,0,True,龍王の靴,euc_jp
4714996,147333620,0,.rodata,16,19,3,True,T3,0,0,0,True,リュウオウノクツ,euc_jp
4715016,147333640,0,.rodata,34,35,1,True,T3,0,0,0,True,龍王の位を持つ功夫使いが着用する靴,euc_jp
4715052,147333676,0,.rodata,14,15,1,True,T3,0,0,0,True,竜調教師の長靴,euc_jp
4715068,147333692,0,.rodata,30,31,1,True,T3,0,0,0,True,リュウチョウキョウシノナガグツ,euc_jp
4715100,147333724,0,.rodata,36,39,3,True,T3,0,0,0,True,竜の調教を生業とする者が着用する長靴,euc_jp
4715140,147333764,0,.rodata,12,15,3,True,T3,0,0,0,True,精霊学士の靴,euc_jp
4715156,147333780,0,.rodata,20,23,3,True,T3,0,0,0,True,セイレイガクシノクツ,euc_jp
4715180,147333804,0,.rodata,30,31,1,True,T3,0,0,0,True,校則に定められた精霊学士用の靴,euc_jp
4715212,147333836,0,.rodata,8,11,3,True,T3,0,0,0,True,武舞の靴,euc_jp
4715224,147333848,0,.rodata,12,15,3,True,T3,0,0,0,True,ブマイノクツ,euc_jp
4715240,147333864,0,.rodata,32,35,3,True,T3,0,0,0,True,神前儀式で勇猛な動きで舞う者の靴,euc_jp
4715276,147333900,0,.rodata,16,19,3,True,T3,0,0,0,True,パイレーツブーツ,euc_jp
4715296,147333920,0,.rodata,26,27,1,True,T3,0,0,0,True,大海賊の風格を持ったブーツ,euc_jp
4715324,147333948,0,.rodata,12,15,3,True,T3,0,0,0,True,白虎の脛当て,euc_jp
4715340,147333964,0,.rodata,18,19,1,True,T3,0,0,0,True,ビャッコノスネアテ,euc_jp
4715360,147333984,0,.rodata,26,27,1,True,T3,0,0,0,True,聖獣白虎の名を冠する脛当て,euc_jp
4715388,147334012,0,.rodata,10,11,1,True,T3,0,0,0,True,実践者の靴,euc_jp
4715400,147334024,0,.rodata,20,23,3,True,T3,0,0,0,True,ジッセンシャノブーツ,euc_jp
4715424,147334048,0,.rodata,24,27,3,True,T3,0,0,0,True,実践者の術士が着用する靴,euc_jp
4715452,147334076,0,.rodata,18,19,1,True,T3,0,0,0,True,被免達人のシューズ,euc_jp
4715472,147334096,0,.rodata,24,27,3,True,T3,0,0,0,True,ヒメンタツジンノシューズ,euc_jp
4715500,147334124,0,.rodata,44,47,3,True,T3,0,0,0,True,魔術結社で被免達人の階位に与えられるシューズ,euc_jp
4715548,147334172,0,.rodata,18,19,1,True,T3,0,0,0,True,サッバロットブーツ,euc_jp
4715568,147334192,0,.rodata,22,23,1,True,T3,0,0,0,True,パイナップル染のブーツ,euc_jp
4715592,147334216,0,.rodata,18,19,1,True,T3,0,0,0,True,コンタクティブーツ,euc_jp
4715612,147334236,0,.rodata,42,43,1,True,T3,0,0,0,True,魂で超常的存在と接触する者が着用するブーツ,euc_jp
4715676,147334300,0,.rodata,32,35,3,True,T3,0,0,0,True,グンタイサダイニシュレイソウクツ,euc_jp
4715712,147334336,0,.rodata,40,43,3,True,T3,0,0,0,True,大佐の階級の者が着用する第二種礼装用の靴,euc_jp
4715756,147334380,0,.rodata,20,23,3,True,T3,0,0,0,True,セクレタリーシューズ,euc_jp
4715780,147334404,0,.rodata,22,23,1,True,T3,0,0,0,True,秘書が着用するシューズ,euc_jp
4715804,147334428,0,.rodata,16,19,3,True,T3,0,0,0,True,親衛隊長のブーツ,euc_jp
4715824,147334448,0,.rodata,26,27,1,True,T3,0,0,0,True,シンエイタイチョウノブーツ,euc_jp
4715852,147334476,0,.rodata,32,35,3,True,T3,0,0,0,True,城の親衛隊長となった術者のブーツ,euc_jp
4715888,147334512,0,.rodata,10,11,1,True,T3,0,0,0,True,名軍師の靴,euc_jp
4715900,147334524,0,.rodata,16,19,3,True,T3,0,0,0,True,メイグンシノクツ,euc_jp
4715920,147334544,0,.rodata,24,27,3,True,T3,0,0,0,True,名軍師が好んで着用する靴,euc_jp
4715948,147334572,0,.rodata,12,15,3,True,T3,0,0,0,True,ルーンブーツ,euc_jp
4715964,147334588,0,.rodata,28,31,3,True,T3,0,0,0,True,裏地に神秘文様を施したブーツ,euc_jp
4715996,147334620,0,.rodata,14,15,1,True,T3,0,0,0,True,セイントブーツ,euc_jp
4716012,147334636,0,.rodata,24,27,3,True,T3,0,0,0,True,神に愛されし聖人のブーツ,euc_jp
4716040,147334664,0,.rodata,16,19,3,True,T3,0,0,0,True,ワーロックブーツ,euc_jp
4716060,147334684,0,.rodata,32,35,3,True,T3,0,0,0,True,上位のワーロックが着用するブーツ,euc_jp
4716096,147334720,0,.rodata,12,15,3,True,T3,0,0,0,True,異端者の長靴,euc_jp
4716112,147334736,0,.rodata,20,23,3,True,T3,0,0,0,True,イタンモノノナガグツ,euc_jp
4716136,147334760,0,.rodata,36,39,3,True,T3,0,0,0,True,正道から外れ異端の道を行く術士の長靴,euc_jp
4716176,147334800,0,.rodata,18,19,1,True,T3,0,0,0,True,フラッシュシューズ,euc_jp
4716196,147334820,0,.rodata,42,43,1,True,T3,0,0,0,True,光にも似た強烈なオーラを放つ可愛いシューズ,euc_jp
4716240,147334864,0,.rodata,14,15,1,True,T3,0,0,0,True,エイワスの長靴,euc_jp
4716256,147334880,0,.rodata,18,19,1,True,T3,0,0,0,True,エイワスノナガグツ,euc_jp
4716276,147334900,0,.rodata,34,35,1,True,T3,0,0,0,True,宇宙存在エイワスの波動を受けた長靴,euc_jp
4716312,147334936,0,.rodata,18,19,1,True,T3,0,0,0,True,クラヤマツミの長靴,euc_jp
4716332,147334956,0,.rodata,22,23,1,True,T3,0,0,0,True,クラヤマツミノナガグツ,euc_jp
4716356,147334980,0,.rodata,40,43,3,True,T3,0,0,0,True,東方の秘神クラヤマツミの加護を受けた長靴,euc_jp
4716400,147335024,0,.rodata,14,15,1,True,T3,0,0,0,True,預言者の脛当て,euc_jp
4716416,147335040,0,.rodata,20,23,3,True,T3,0,0,0,True,ヨゲンシャノスネアテ,euc_jp
4716440,147335064,0,.rodata,28,31,3,True,T3,0,0,0,True,神の依り代が纏う神聖な脛当て,euc_jp
4716472,147335096,0,.rodata,12,15,3,True,T3,0,0,0,True,ムーンブーツ,euc_jp
4716488,147335112,0,.rodata,34,35,1,True,T3,0,0,0,True,夜空を支配する月の力で満ちたブーツ,euc_jp
4716524,147335148,0,.rodata,16,19,3,True,T3,0,0,0,True,スルタンサンダル,euc_jp
4716544,147335168,0,.rodata,30,31,1,True,T3,0,0,0,True,異国の国王が身に着けるサンダル,euc_jp
4716576,147335200,0,.rodata,8,11,3,True,T3,0,0,0,True,関白の靴,euc_jp
4716588,147335212,0,.rodata,14,15,1,True,T3,0,0,0,True,カンパクノクツ,euc_jp
4716604,147335228,0,.rodata,32,35,3,True,T3,0,0,0,True,東方で最も高位の貴族が着用する靴,euc_jp
4716640,147335264,0,.rodata,22,23,1,True,T3,0,0,0,True,アンダーボスローファー,euc_jp
4716664,147335288,0,.rodata,34,35,1,True,T3,0,0,0,True,マフィアの若頭が着用するローファー,euc_jp
4716700,147335324,0,.rodata,20,23,3,True,T3,0,0,0,True,プラチナハーフブーツ,euc_jp
4716724,147335348,0,.rodata,34,35,1,True,T3,0,0,0,True,プラチナの飾り付けが施されたブーツ,euc_jp
4716760,147335384,0,.rodata,22,23,1,True,T3,0,0,0,True,ネクロマンサーシューズ,euc_jp
4716784,147335408,0,.rodata,26,27,1,True,T3,0,0,0,True,死霊使いが着用するシューズ,euc_jp
4716812,147335436,0,.rodata,14,15,1,True,T3,0,0,0,True,スターシューズ,euc_jp
4716828,147335452,0,.rodata,30,31,1,True,T3,0,0,0,True,天空の星の力で身を守るシューズ,euc_jp
4716860,147335484,0,.rodata,16,19,3,True,T3,0,0,0,True,レジェンドブーツ,euc_jp
4716880,147335504,0,.rodata,44,47,3,True,T3,0,0,0,True,伝説のパタンナーが現代に蘇らせた古代のブーツ,euc_jp
4716928,147335552,0,.rodata,12,15,3,True,T3,0,0,0,True,始祖のブーツ,euc_jp
4716944,147335568,0,.rodata,12,15,3,True,T3,0,0,0,True,シソノブーツ,euc_jp
4716960,147335584,0,.rodata,24,27,3,True,T3,0,0,0,True,不死の王が着用するブーツ,euc_jp
4716988,147335612,0,.rodata,12,15,3,True,T3,0,0,0,True,戦士のブーツ,euc_jp
4717004,147335628,0,.rodata,14,15,1,True,T3,0,0,0,True,センシノブーツ,euc_jp
4717020,147335644,0,.rodata,40,43,3,True,T3,0,0,0,True,ディセンダーと認められた戦士専用のブーツ,euc_jp
4717064,147335688,0,.rodata,14,15,1,True,T3,0,0,0,True,剣士のグリーブ,euc_jp
4717080,147335704,0,.rodata,16,19,3,True,T3,0,0,0,True,ケンシノグリーブ,euc_jp
4717100,147335724,0,.rodata,42,43,1,True,T3,0,0,0,True,ディセンダーと認められた剣士専用のグリーブ,euc_jp
4717144,147335768,0,.rodata,16,19,3,True,T3,0,0,0,True,魔法剣士の脛当て,euc_jp
4717164,147335788,0,.rodata,22,23,1,True,T3,0,0,0,True,マホウケンシノスネアテ,euc_jp
4717188,147335812,0,.rodata,44,47,3,True,T3,0,0,0,True,ディセンダーと認められた魔法剣士専用の脛当て,euc_jp
4717236,147335860,0,.rodata,10,11,1,True,T3,0,0,0,True,拳闘士の靴,euc_jp
4717248,147335872,0,.rodata,16,19,3,True,T3,0,0,0,True,ケントウシノクツ,euc_jp
4717268,147335892,0,.rodata,38,39,1,True,T3,0,0,0,True,ディセンダーと認められた格闘家専用の靴,euc_jp
4717308,147335932,0,.rodata,12,15,3,True,T3,0,0,0,True,狩人のブーツ,euc_jp
4717324,147335948,0,.rodata,18,19,1,True,T3,0,0,0,True,カリュウドノブーツ,euc_jp
4717344,147335968,0,.rodata,40,43,3,True,T3,0,0,0,True,ディセンダーと認められた狩人専用のブーツ,euc_jp
4717388,147336012,0,.rodata,12,15,3,True,T3,0,0,0,True,盗賊のブーツ,euc_jp
4717404,147336028,0,.rodata,16,19,3,True,T3,0,0,0,True,トウゾクノブーツ,euc_jp
4717424,147336048,0,.rodata,40,43,3,True,T3,0,0,0,True,ディセンダーと認められた盗賊専用のブーツ,euc_jp
4717468,147336092,0,.rodata,8,11,3,True,T3,0,0,0,True,忍の足袋,euc_jp
4717480,147336104,0,.rodata,12,15,3,True,T3,0,0,0,True,シノビノタビ,euc_jp
4717496,147336120,0,.rodata,38,39,1,True,T3,0,0,0,True,ディセンダーと認められた忍者専用の足袋,euc_jp
4717536,147336160,0,.rodata,10,11,1,True,T3,0,0,0,True,魔術師の靴,euc_jp
4717548,147336172,0,.rodata,16,19,3,True,T3,0,0,0,True,マジュツシノクツ,euc_jp
4717568,147336192,0,.rodata,38,39,1,True,T3,0,0,0,True,ディセンダーと認められた魔術師専用の靴,euc_jp
4717608,147336232,0,.rodata,10,11,1,True,T3,0,0,0,True,修道士の靴,euc_jp
4717620,147336244,0,.rodata,18,19,1,True,T3,0,0,0,True,シュウドウシノクツ,euc_jp
4717640,147336264,0,.rodata,36,39,3,True,T3,0,0,0,True,ディセンダーと認められた僧侶専用の靴,euc_jp
4717680,147336304,0,.rodata,12,15,3,True,T3,0,0,0,True,司教のブーツ,euc_jp
4717696,147336320,0,.rodata,16,19,3,True,T3,0,0,0,True,シキョウノブーツ,euc_jp
4717716,147336340,0,.rodata,46,47,1,True,T3,0,0,0,True,ディセンダーと認められたビショップ専用のブーツ,euc_jp
4717764,147336388,0,.rodata,16,19,3,True,T3,0,0,0,True,二刀剣士の脛当て,euc_jp
4717784,147336408,0,.rodata,22,23,1,True,T3,0,0,0,True,ニトウケンシノスネアテ,euc_jp
4717808,147336432,0,.rodata,42,43,1,True,T3,0,0,0,True,ディセンダーと認められた双剣士専用の脛当て,euc_jp
4717852,147336476,0,.rodata,14,15,1,True,T3,0,0,0,True,大剣士の脛当て,euc_jp
4717868,147336492,0,.rodata,20,23,3,True,T3,0,0,0,True,ダイケンシノスネアテ,euc_jp
4717892,147336516,0,.rodata,42,43,1,True,T3,0,0,0,True,ディセンダーと認められた大剣士専用の脛当て,euc_jp
4717936,147336560,0,.rodata,10,11,1,True,T3,0,0,0,True,准拳士の靴,euc_jp
4717948,147336572,0,.rodata,18,19,1,True,T3,0,0,0,True,ジュンケンシノクツ,euc_jp
4717968,147336592,0,.rodata,38,39,1,True,T3,0,0,0,True,ディセンダーと認められたモンク専用の靴,euc_jp
4718008,147336632,0,.rodata,8,11,3,True,T3,0,0,0,True,海賊の靴,euc_jp
4718020,147336644,0,.rodata,14,15,1,True,T3,0,0,0,True,カイゾクノクツ,euc_jp
4718036,147336660,0,.rodata,36,39,3,True,T3,0,0,0,True,ディセンダーと認められた海賊専用の靴,euc_jp
4718076,147336700,0,.rodata,16,19,3,True,T3,0,0,0,True,従士隊のグリーブ,euc_jp
4718096,147336720,0,.rodata,22,23,1,True,T3,0,0,0,True,ジュウシタイノグリーブ,euc_jp
4718120,147336744,0,.rodata,44,47,3,True,T3,0,0,0,True,ディセンダーと認められた聖騎士専用のグリーブ,euc_jp
4718168,147336792,0,.rodata,14,15,1,True,T3,0,0,0,True,狙撃手のブーツ,euc_jp
4718184,147336808,0,.rodata,18,19,1,True,T3,0,0,0,True,ソゲキシュノブーツ,euc_jp
4718204,147336828,0,.rodata,44,47,3,True,T3,0,0,0,True,ディセンダーと認められたガンマン専用のブーツ,euc_jp
4718252,147336876,0,.rodata,12,15,3,True,T3,0,0,0,True,闘士のブーツ,euc_jp
4718268,147336892,0,.rodata,14,15,1,True,T3,0,0,0,True,トウシノブーツ,euc_jp
4718284,147336908,0,.rodata,42,43,1,True,T3,0,0,0,True,ディセンダーの為に作られた戦士専用のブーツ,euc_jp
4718328,147336952,0,.rodata,14,15,1,True,T3,0,0,0,True,騎士のグリーブ,euc_jp
4718344,147336968,0,.rodata,14,15,1,True,T3,0,0,0,True,キシノグリーブ,euc_jp
4718360,147336984,0,.rodata,44,47,3,True,T3,0,0,0,True,ディセンダーの為に作られた剣士専用のグリーブ,euc_jp
4718408,147337032,0,.rodata,16,19,3,True,T3,0,0,0,True,魔法騎士の脛当て,euc_jp
4718428,147337052,0,.rodata,20,23,3,True,T3,0,0,0,True,マホウキシノスネアテ,euc_jp
4718452,147337076,0,.rodata,46,47,1,True,T3,0,0,0,True,ディセンダーの為に作られた魔法剣士専用の脛当て,euc_jp
4718500,147337124,0,.rodata,10,11,1,True,T3,0,0,0,True,小覇王の靴,euc_jp
4718512,147337136,0,.rodata,18,19,1,True,T3,0,0,0,True,ショウハオウノクツ,euc_jp
4718532,147337156,0,.rodata,40,43,3,True,T3,0,0,0,True,ディセンダーの為に作られた格闘家専用の靴,euc_jp
4718576,147337200,0,.rodata,14,15,1,True,T3,0,0,0,True,名射手のブーツ,euc_jp
4718592,147337216,0,.rodata,16,19,3,True,T3,0,0,0,True,メイイテノブーツ,euc_jp
4718612,147337236,0,.rodata,42,43,1,True,T3,0,0,0,True,ディセンダーの為に作られた狩人専用のブーツ,euc_jp
4718656,147337280,0,.rodata,12,15,3,True,T3,0,0,0,True,義賊のブーツ,euc_jp
4718672,147337296,0,.rodata,14,15,1,True,T3,0,0,0,True,ギゾクノブーツ,euc_jp
4718688,147337312,0,.rodata,42,43,1,True,T3,0,0,0,True,ディセンダーの為に作られた盗賊専用のブーツ,euc_jp
4718732,147337356,0,.rodata,10,11,1,True,T3,0,0,0,True,頭領の足袋,euc_jp
4718744,147337368,0,.rodata,16,19,3,True,T3,0,0,0,True,トウリョウノタビ,euc_jp
4718764,147337388,0,.rodata,40,43,3,True,T3,0,0,0,True,ディセンダーの為に作られた忍者専用の足袋,euc_jp
4718808,147337432,0,.rodata,10,11,1,True,T3,0,0,0,True,魔導師の靴,euc_jp
4718820,147337444,0,.rodata,14,15,1,True,T3,0,0,0,True,マドウシノクツ,euc_jp
4718836,147337460,0,.rodata,40,43,3,True,T3,0,0,0,True,ディセンダーの為に作られた魔術師専用の靴,euc_jp
4718880,147337504,0,.rodata,8,11,3,True,T3,0,0,0,True,司祭の靴,euc_jp
4718892,147337516,0,.rodata,12,15,3,True,T3,0,0,0,True,シサイノクツ,euc_jp
4718908,147337532,0,.rodata,38,39,1,True,T3,0,0,0,True,ディセンダーの為に作られた僧侶専用の靴,euc_jp
4718948,147337572,0,.rodata,12,15,3,True,T3,0,0,0,True,教皇のブーツ,euc_jp
4718964,147337588,0,.rodata,18,19,1,True,T3,0,0,0,True,キョウコウノブーツ,euc_jp
4718984,147337608,0,.rodata,48,51,3,True,T3,0,0,0,True,ディセンダーの為に作られたビショップ専用のブーツ,euc_jp
4719036,147337660,0,.rodata,16,19,3,True,T3,0,0,0,True,二天剣士の脛当て,euc_jp
4719056,147337680,0,.rodata,22,23,1,True,T3,0,0,0,True,ニテンケンシノスネアテ,euc_jp
4719080,147337704,0,.rodata,44,47,3,True,T3,0,0,0,True,ディセンダーの為に作られた双剣士専用の脛当て,euc_jp
4719128,147337752,0,.rodata,18,19,1,True,T3,0,0,0,True,処刑執行人の脛当て,euc_jp
4719148,147337772,0,.rodata,30,31,1,True,T3,0,0,0,True,ショケイシッコウニンノスネアテ,euc_jp
4719180,147337804,0,.rodata,44,47,3,True,T3,0,0,0,True,ディセンダーの為に作られた大剣士専用の脛当て,euc_jp
4719228,147337852,0,.rodata,10,11,1,True,T3,0,0,0,True,大範士の靴,euc_jp
4719240,147337864,0,.rodata,16,19,3,True,T3,0,0,0,True,ダイハンシノクツ,euc_jp
4719260,147337884,0,.rodata,40,43,3,True,T3,0,0,0,True,ディセンダーの為に作られたモンク専用の靴,euc_jp
4719304,147337928,0,.rodata,18,19,1,True,T3,0,0,0,True,ヴァイキングブーツ,euc_jp
4719324,147337948,0,.rodata,42,43,1,True,T3,0,0,0,True,ディセンダーの為に作られた海賊専用のブーツ,euc_jp
4719368,147337992,0,.rodata,14,15,1,True,T3,0,0,0,True,剣聖のグリーブ,euc_jp
4719384,147338008,0,.rodata,18,19,1,True,T3,0,0,0,True,ケンセイノグリーブ,euc_jp
4719404,147338028,0,.rodata,46,47,1,True,T3,0,0,0,True,ディセンダーの為に作られた聖騎士専用のグリーブ,euc_jp
4719452,147338076,0,.rodata,18,19,1,True,T3,0,0,0,True,ガンマスターブーツ,euc_jp
4719472,147338096,0,.rodata,46,47,1,True,T3,0,0,0,True,ディセンダーの為に作られたガンマン専用のブーツ,euc_jp
4719520,147338144,0,.rodata,14,15,1,True,T3,0,0,0,True,ジェットブーツ,euc_jp
4719536,147338160,0,.rodata,48,51,3,True,T3,0,0,0,True,イシュタル伝説に名を残す勇者ギルガメシュのブーツ,euc_jp
4719588,147338212,0,.rodata,14,15,1,True,T3,0,0,0,True,ペルシアブーツ,euc_jp
4719604,147338228,0,.rodata,40,43,3,True,T3,0,0,0,True,異国に伝えられる製法で制作された伝説の靴,euc_jp
4719648,147338272,0,.rodata,14,15,1,True,T3,0,0,0,True,ミカグラの足袋,euc_jp
4719664,147338288,0,.rodata,14,15,1,True,T3,0,0,0,True,ミカグラノタビ,euc_jp
4719680,147338304,0,.rodata,38,39,1,True,T3,0,0,0,True,履く事で音も無く歩けるという伝説の足袋,euc_jp
4719720,147338344,0,.rodata,14,15,1,True,T3,0,0,0,True,エルヴンブーツ,euc_jp
4719736,147338360,0,.rodata,48,51,3,True,T3,0,0,0,True,履くと身の重さを感じなくなるとされる伝説のブーツ,euc_jp
4719788,147338412,0,.rodata,14,15,1,True,T3,0,0,0,True,リングブーツＡ,euc_jp
4719804,147338428,0,.rodata,46,47,1,True,T3,0,0,0,True,闘気みなぎる試合靴。軽快なフットワークの見せ所,euc_jp
4719852,147338476,0,.rodata,14,15,1,True,T3,0,0,0,True,リングブーツＢ,euc_jp
4719868,147338492,0,.rodata,14,15,1,True,T3,0,0,0,True,リングブーツＣ,euc_jp
4719884,147338508,0,.rodata,14,15,1,True,T3,0,0,0,True,リングブーツＤ,euc_jp
4719900,147338524,0,.rodata,14,15,1,True,T3,0,0,0,True,リングブーツＥ,euc_jp
4719916,147338540,0,.rodata,16,19,3,True,T3,0,0,0,True,ねこにんブーツＡ,euc_jp
4719936,147338560,0,.rodata,16,19,3,True,T3,0,0,0,True,ネコニンブーツＡ,euc_jp
4719956,147338580,0,.rodata,32,35,3,True,T3,0,0,0,True,とても肉球が愛らしい（？）ブーツ,euc_jp
4719992,147338616,0,.rodata,16,19,3,True,T3,0,0,0,True,ねこにんブーツＢ,euc_jp
4720012,147338636,0,.rodata,16,19,3,True,T3,0,0,0,True,ネコニンブーツＢ,euc_jp
4720032,147338656,0,.rodata,16,19,3,True,T3,0,0,0,True,ねこにんブーツＣ,euc_jp
4720052,147338676,0,.rodata,16,19,3,True,T3,0,0,0,True,ネコニンブーツＣ,euc_jp
4720072,147338696,0,.rodata,16,19,3,True,T3,0,0,0,True,ねこにんブーツＤ,euc_jp
4720092,147338716,0,.rodata,16,19,3,True,T3,0,0,0,True,ネコニンブーツＤ,euc_jp
4720112,147338736,0,.rodata,16,19,3,True,T3,0,0,0,True,ねこにんブーツＥ,euc_jp
4720132,147338756,0,.rodata,16,19,3,True,T3,0,0,0,True,ネコニンブーツＥ,euc_jp
4720152,147338776,0,.rodata,8,11,3,True,T3,0,0,0,True,運動靴Ａ,euc_jp
4720164,147338788,0,.rodata,14,15,1,True,T3,0,0,0,True,ウンドウグツＡ,euc_jp
4720180,147338804,0,.rodata,30,31,1,True,T3,0,0,0,True,バンエルティア号船長公式運動靴,euc_jp
4720212,147338836,0,.rodata,8,11,3,True,T3,0,0,0,True,運動靴Ｂ,euc_jp
4720224,147338848,0,.rodata,14,15,1,True,T3,0,0,0,True,ウンドウグツＢ,euc_jp
4720240,147338864,0,.rodata,8,11,3,True,T3,0,0,0,True,運動靴Ｃ,euc_jp
4720252,147338876,0,.rodata,14,15,1,True,T3,0,0,0,True,ウンドウグツＣ,euc_jp
4720268,147338892,0,.rodata,8,11,3,True,T3,0,0,0,True,運動靴Ｄ,euc_jp
4720280,147338904,0,.rodata,14,15,1,True,T3,0,0,0,True,ウンドウグツＤ,euc_jp
4720296,147338920,0,.rodata,8,11,3,True,T3,0,0,0,True,運動靴Ｅ,euc_jp
4720308,147338932,0,.rodata,14,15,1,True,T3,0,0,0,True,ウンドウグツＥ,euc_jp
4720324,147338948,0,.rodata,16,19,3,True,T3,0,0,0,True,ホワイトソックス,euc_jp
4720344,147338968,0,.rodata,28,31,3,True,T3,0,0,0,True,バンエルティア号船長公式靴下,euc_jp
4720376,147339000,0,.rodata,18,19,1,True,T3,0,0,0,True,ストライプソックス,euc_jp
4720396,147339020,0,.rodata,16,19,3,True,T3,0,0,0,True,オレンジソックス,euc_jp
4720416,147339040,0,.rodata,16,19,3,True,T3,0,0,0,True,グリーンソックス,euc_jp
4720436,147339060,0,.rodata,12,15,3,True,T3,0,0,0,True,水玉ソックス,euc_jp
4720452,147339076,0,.rodata,16,19,3,True,T3,0,0,0,True,ミズタマソックス,euc_jp
4720472,147339096,0,.rodata,12,15,3,True,T3,0,0,0,True,ねこすりっぱ,euc_jp
4720488,147339112,0,.rodata,12,15,3,True,T3,0,0,0,True,ネコスリッパ,euc_jp
4720504,147339128,0,.rodata,30,31,1,True,T3,0,0,0,True,ネコの姿があしらわれたスリッパ,euc_jp
4720536,147339160,0,.rodata,12,15,3,True,T3,0,0,0,True,いぬすりっぱ,euc_jp
4720552,147339176,0,.rodata,12,15,3,True,T3,0,0,0,True,イヌスリッパ,euc_jp
4720568,147339192,0,.rodata,30,31,1,True,T3,0,0,0,True,イヌの姿があしらわれたスリッパ,euc_jp
4720600,147339224,0,.rodata,12,15,3,True,T3,0,0,0,True,くますりっぱ,euc_jp
4720616,147339240,0,.rodata,12,15,3,True,T3,0,0,0,True,クマスリッパ,euc_jp
4720632,147339256,0,.rodata,34,35,1,True,T3,0,0,0,True,クマさんの姿があしらわれたスリッパ,euc_jp
4720668,147339292,0,.rodata,14,15,1,True,T3,0,0,0,True,ぱんだすりっぱ,euc_jp
4720684,147339308,0,.rodata,14,15,1,True,T3,0,0,0,True,パンダスリッパ,euc_jp
4720700,147339324,0,.rodata,38,39,1,True,T3,0,0,0,True,パンダちゃんの姿があしらわれたスリッパ,euc_jp
4720740,147339364,0,.rodata,12,15,3,True,T3,0,0,0,True,うさすりっぱ,euc_jp
4720756,147339380,0,.rodata,12,15,3,True,T3,0,0,0,True,ウサスリッパ,euc_jp
4720772,147339396,0,.rodata,36,39,3,True,T3,0,0,0,True,ウサギさんの姿があしらわれたスリッパ,euc_jp
4720812,147339436,0,.rodata,12,15,3,True,T3,0,0,0,True,サンタブーツ,euc_jp
4720828,147339452,0,.rodata,24,27,3,True,T3,0,0,0,True,お子様に夢を与える赤い靴,euc_jp
4720856,147339480,0,.rodata,14,15,1,True,T3,0,0,0,True,メイドパンプス,euc_jp
4720872,147339496,0,.rodata,44,47,3,True,T3,0,0,0,True,皆様の要望にお応えして部位ごとに装備可能に！,euc_jp
4720920,147339544,0,.rodata,16,19,3,True,T3,0,0,0,True,トライアルブーツ,euc_jp
4720940,147339564,0,.rodata,26,27,1,True,T3,0,0,0,True,足を保護する一般的なブーツ,euc_jp
4720968,147339592,0,.rodata,22,23,1,True,T3,0,0,0,True,クラシックレザーブーツ,euc_jp
4720992,147339616,0,.rodata,30,31,1,True,T3,0,0,0,True,足を保護する一般的な皮のブーツ,euc_jp
4735760,147354384,0,.rodata,4,7,3,True,T3,0,0,0,True,無し,euc_jp
4735768,147354392,0,.rodata,8,11,3,True,T3,0,0,0,True,アーチェ,euc_jp
4735780,147354404,0,.rodata,8,11,3,True,T3,0,0,0,True,アスベル,euc_jp
4735792,147354416,0,.rodata,8,11,3,True,T3,0,0,0,True,アッシュ,euc_jp
4735804,147354428,0,.rodata,6,7,1,True,T3,0,0,0,True,アニー,euc_jp
4735812,147354436,0,.rodata,6,7,1,True,T3,0,0,0,True,アニス,euc_jp
4735820,147354444,0,.rodata,8,11,3,True,T3,0,0,0,True,アンジュ,euc_jp
4735832,147354456,0,.rodata,6,7,1,True,T3,0,0,0,True,イリア,euc_jp
4735840,147354464,0,.rodata,6,7,1,True,T3,0,0,0,True,ヴァン,euc_jp
4735848,147354472,0,.rodata,12,15,3,True,T3,0,0,0,True,ウィダーシン,euc_jp
4735864,147354488,0,.rodata,6,7,1,True,T3,0,0,0,True,ウィル,euc_jp
4735872,147354496,0,.rodata,8,11,3,True,T3,0,0,0,True,ヴェイグ,euc_jp
4735884,147354508,0,.rodata,10,11,1,True,T3,0,0,0,True,ウッドロウ,euc_jp
4735896,147354520,0,.rodata,8,11,3,True,T3,0,0,0,True,エステル,euc_jp
4735908,147354532,0,.rodata,6,7,1,True,T3,0,0,0,True,エミル,euc_jp
4735916,147354540,0,.rodata,4,7,3,True,T3,0,0,0,True,ガイ,euc_jp
4735924,147354548,0,.rodata,8,11,3,True,T3,0,0,0,True,カイウス,euc_jp
4735936,147354560,0,.rodata,6,7,1,True,T3,0,0,0,True,カイル,euc_jp
4735944,147354568,0,.rodata,12,15,3,True,T3,0,0,0,True,Ｐ・カノンノ,euc_jp
4735960,147354584,0,.rodata,12,15,3,True,T3,0,0,0,True,カノンノ・Ｅ,euc_jp
4735976,147354600,0,.rodata,8,11,3,True,T3,0,0,0,True,カノンノ,euc_jp
4735988,147354612,0,.rodata,6,7,1,True,T3,0,0,0,True,キール,euc_jp
4735996,147354620,0,.rodata,8,11,3,True,T3,0,0,0,True,クラトス,euc_jp
4736008,147354632,0,.rodata,6,7,1,True,T3,0,0,0,True,クレス,euc_jp
4736016,147354640,0,.rodata,6,7,1,True,T3,0,0,0,True,クロエ,euc_jp
4736024,147354648,0,.rodata,6,7,1,True,T3,0,0,0,True,ゲーデ,euc_jp
4736032,147354656,0,.rodata,6,7,1,True,T3,0,0,0,True,コハク,euc_jp
4736040,147354664,0,.rodata,8,11,3,True,T3,0,0,0,True,コレット,euc_jp
4736052,147354676,0,.rodata,10,11,1,True,T3,0,0,0,True,コングマン,euc_jp
4736064,147354688,0,.rodata,4,7,3,True,T3,0,0,0,True,サレ,euc_jp
4736072,147354696,0,.rodata,6,7,1,True,T3,0,0,0,True,しいな,euc_jp
4736080,147354704,0,.rodata,10,11,1,True,T3,0,0,0,True,ジーニアス,euc_jp
4736092,147354716,0,.rodata,6,7,1,True,T3,0,0,0,True,ジェイ,euc_jp
4736100,147354724,0,.rodata,8,11,3,True,T3,0,0,0,True,ジェイド,euc_jp
4736112,147354736,0,.rodata,8,11,3,True,T3,0,0,0,True,シェリア,euc_jp
4736124,147354748,0,.rodata,10,11,1,True,T3,0,0,0,True,シャーリィ,euc_jp
4736136,147354760,0,.rodata,10,11,1,True,T3,0,0,0,True,ジューダス,euc_jp
4736148,147354772,0,.rodata,10,11,1,True,T3,0,0,0,True,ジュディス,euc_jp
4736160,147354784,0,.rodata,6,7,1,True,T3,0,0,0,True,シング,euc_jp
4736168,147354792,0,.rodata,4,7,3,True,T3,0,0,0,True,すず,euc_jp
4736176,147354800,0,.rodata,6,7,1,True,T3,0,0,0,True,スタン,euc_jp
4736184,147354808,0,.rodata,8,11,3,True,T3,0,0,0,True,スパーダ,euc_jp
4736196,147354820,0,.rodata,6,7,1,True,T3,0,0,0,True,セネル,euc_jp
4736204,147354828,0,.rodata,10,11,1,True,T3,0,0,0,True,セルシウス,euc_jp
4736216,147354840,0,.rodata,6,7,1,True,T3,0,0,0,True,ゼロス,euc_jp
4736224,147354848,0,.rodata,6,7,1,True,T3,0,0,0,True,ソフィ,euc_jp
4736232,147354856,0,.rodata,6,7,1,True,T3,0,0,0,True,ダオス,euc_jp
4736240,147354864,0,.rodata,10,11,1,True,T3,0,0,0,True,チェスター,euc_jp
4736252,147354876,0,.rodata,10,11,1,True,T3,0,0,0,True,チェルシー,euc_jp
4736264,147354888,0,.rodata,8,11,3,True,T3,0,0,0,True,チャット,euc_jp
4736276,147354900,0,.rodata,6,7,1,True,T3,0,0,0,True,ティア,euc_jp
4736284,147354908,0,.rodata,10,11,1,True,T3,0,0,0,True,ティトレイ,euc_jp
4736296,147354920,0,.rodata,8,11,3,True,T3,0,0,0,True,ナタリア,euc_jp
4736308,147354932,0,.rodata,8,11,3,True,T3,0,0,0,True,ナナリー,euc_jp
4736320,147354944,0,.rodata,6,7,1,True,T3,0,0,0,True,ノーマ,euc_jp
4736328,147354952,0,.rodata,10,11,1,True,T3,0,0,0,True,バルバトス,euc_jp
4736340,147354964,0,.rodata,8,11,3,True,T3,0,0,0,True,ハロルド,euc_jp
4736352,147354976,0,.rodata,6,7,1,True,T3,0,0,0,True,ヒスイ,euc_jp
4736360,147354984,0,.rodata,6,7,1,True,T3,0,0,0,True,ファラ,euc_jp
4736368,147354992,0,.rodata,8,11,3,True,T3,0,0,0,True,フィリア,euc_jp
4736380,147355004,0,.rodata,8,11,3,True,T3,0,0,0,True,プレセア,euc_jp
4736392,147355016,0,.rodata,6,7,1,True,T3,0,0,0,True,フレン,euc_jp
4736400,147355024,0,.rodata,4,7,3,True,T3,0,0,0,True,マオ,euc_jp
4736408,147355032,0,.rodata,6,7,1,True,T3,0,0,0,True,マルタ,euc_jp
4736416,147355040,0,.rodata,6,7,1,True,T3,0,0,0,True,ミミー,euc_jp
4736424,147355048,0,.rodata,6,7,1,True,T3,0,0,0,True,ミント,euc_jp
4736432,147355056,0,.rodata,8,11,3,True,T3,0,0,0,True,メルディ,euc_jp
4736444,147355068,0,.rodata,6,7,1,True,T3,0,0,0,True,モルモ,euc_jp
4736452,147355076,0,.rodata,10,11,1,True,T3,0,0,0,True,ユージーン,euc_jp
4736464,147355088,0,.rodata,6,7,1,True,T3,0,0,0,True,ユーリ,euc_jp
4736472,147355096,0,.rodata,12,15,3,True,T3,0,0,0,True,ユグドラシル,euc_jp
4736488,147355112,0,.rodata,6,7,1,True,T3,0,0,0,True,リアラ,euc_jp
4736496,147355120,0,.rodata,6,7,1,True,T3,0,0,0,True,リオン,euc_jp
4736504,147355128,0,.rodata,8,11,3,True,T3,0,0,0,True,リカルド,euc_jp
4736516,147355140,0,.rodata,4,7,3,True,T3,0,0,0,True,リタ,euc_jp
4736524,147355148,0,.rodata,6,7,1,True,T3,0,0,0,True,リッド,euc_jp
4736532,147355156,0,.rodata,8,11,3,True,T3,0,0,0,True,リヒター,euc_jp
4736544,147355168,0,.rodata,8,11,3,True,T3,0,0,0,True,リフィル,euc_jp
4736556,147355180,0,.rodata,6,7,1,True,T3,0,0,0,True,リリス,euc_jp
4736564,147355188,0,.rodata,6,7,1,True,T3,0,0,0,True,ルーク,euc_jp
4736572,147355196,0,.rodata,8,11,3,True,T3,0,0,0,True,ルーティ,euc_jp
4736584,147355208,0,.rodata,4,7,3,True,T3,0,0,0,True,ルカ,euc_jp
4736592,147355216,0,.rodata,6,7,1,True,T3,0,0,0,True,ルビア,euc_jp
4736600,147355224,0,.rodata,8,11,3,True,T3,0,0,0,True,レイヴン,euc_jp
4736612,147355236,0,.rodata,6,7,1,True,T3,0,0,0,True,ロイド,euc_jp
4736620,147355244,0,.rodata,4,7,3,True,T3,0,0,0,True,ロニ,euc_jp
4736852,147355476,0,.rodata,14,15,1,True,T3,0,0,0,True,男：ビショップ,euc_jp
4736868,147355492,0,.rodata,14,15,1,True,T3,0,0,0,True,女：ビショップ,euc_jp
4736932,147355556,0,.rodata,10,11,1,True,T3,0,0,0,True,男：モンク,euc_jp
4736944,147355568,0,.rodata,10,11,1,True,T3,0,0,0,True,女：モンク,euc_jp
4736956,147355580,0,.rodata,14,15,1,True,T3,0,0,0,True,男：パイレーツ,euc_jp
4736972,147355596,0,.rodata,14,15,1,True,T3,0,0,0,True,女：パイレーツ,euc_jp
4737012,147355636,0,.rodata,12,15,3,True,T3,0,0,0,True,男：ガンマン,euc_jp
4737028,147355652,0,.rodata,12,15,3,True,T3,0,0,0,True,女：ガンマン,euc_jp
4737044,147355668,0,.rodata,8,11,3,True,T3,0,0,0,True,ゲコゲコ,euc_jp
4737056,147355680,0,.rodata,8,11,3,True,T3,0,0,0,True,レドゲコ,euc_jp
4737068,147355692,0,.rodata,14,15,1,True,T3,0,0,0,True,憤震のレドゲコ,euc_jp
4737084,147355708,0,.rodata,8,11,3,True,T3,0,0,0,True,ゲルゲコ,euc_jp
4737096,147355720,0,.rodata,8,11,3,True,T3,0,0,0,True,オタオタ,euc_jp
4737108,147355732,0,.rodata,8,11,3,True,T3,0,0,0,True,デカオタ,euc_jp
4737120,147355744,0,.rodata,8,11,3,True,T3,0,0,0,True,オタブル,euc_jp
4737132,147355756,0,.rodata,8,11,3,True,T3,0,0,0,True,オタレド,euc_jp
4737144,147355768,0,.rodata,16,19,3,True,T3,0,0,0,True,チャージトータス,euc_jp
4737164,147355788,0,.rodata,14,15,1,True,T3,0,0,0,True,ストムトータス,euc_jp
4737180,147355804,0,.rodata,14,15,1,True,T3,0,0,0,True,タイラントタス,euc_jp
4737196,147355820,0,.rodata,8,11,3,True,T3,0,0,0,True,ネコント,euc_jp
4737208,147355832,0,.rodata,14,15,1,True,T3,0,0,0,True,斬波シャーキン,euc_jp
4737224,147355848,0,.rodata,10,11,1,True,T3,0,0,0,True,シャーキン,euc_jp
4737236,147355860,0,.rodata,8,11,3,True,T3,0,0,0,True,ウオント,euc_jp
4737248,147355872,0,.rodata,12,15,3,True,T3,0,0,0,True,デカウオント,euc_jp
4737264,147355888,0,.rodata,18,19,1,True,T3,0,0,0,True,エンシェントライガ,euc_jp
4737284,147355908,0,.rodata,12,15,3,True,T3,0,0,0,True,デカラビアス,euc_jp
4737300,147355924,0,.rodata,16,19,3,True,T3,0,0,0,True,アンキュラブルプ,euc_jp
4737320,147355944,0,.rodata,8,11,3,True,T3,0,0,0,True,ミミック,euc_jp
4737332,147355956,0,.rodata,6,7,1,True,T3,0,0,0,True,ブルプ,euc_jp
4737340,147355964,0,.rodata,14,15,1,True,T3,0,0,0,True,ケイブレックス,euc_jp
4737356,147355980,0,.rodata,14,15,1,True,T3,0,0,0,True,ティランピオン,euc_jp
4737372,147355996,0,.rodata,10,11,1,True,T3,0,0,0,True,ユニセロス,euc_jp
4737384,147356008,0,.rodata,14,15,1,True,T3,0,0,0,True,フィアブロンク,euc_jp
4737400,147356024,0,.rodata,14,15,1,True,T3,0,0,0,True,コリュンティス,euc_jp
4737416,147356040,0,.rodata,16,19,3,True,T3,0,0,0,True,キアノランティス,euc_jp
4737436,147356060,0,.rodata,14,15,1,True,T3,0,0,0,True,ゲオプシティス,euc_jp
4737452,147356076,0,.rodata,10,11,1,True,T3,0,0,0,True,バジリスク,euc_jp
4737464,147356088,0,.rodata,12,15,3,True,T3,0,0,0,True,サラマンダー,euc_jp
4737480,147356104,0,.rodata,16,19,3,True,T3,0,0,0,True,煉獄サラマンダー,euc_jp
4737500,147356124,0,.rodata,14,15,1,True,T3,0,0,0,True,アイスリザード,euc_jp
4737516,147356140,0,.rodata,14,15,1,True,T3,0,0,0,True,サンドファング,euc_jp
4737532,147356156,0,.rodata,18,19,1,True,T3,0,0,0,True,月光サンドファング,euc_jp
4737552,147356176,0,.rodata,12,15,3,True,T3,0,0,0,True,デスシーカー,euc_jp
4737568,147356192,0,.rodata,6,7,1,True,T3,0,0,0,True,ウルフ,euc_jp
4737576,147356200,0,.rodata,12,15,3,True,T3,0,0,0,True,スマラグディ,euc_jp
4737592,147356216,0,.rodata,12,15,3,True,T3,0,0,0,True,ガルムウルフ,euc_jp
4737608,147356232,0,.rodata,12,15,3,True,T3,0,0,0,True,アイスウルフ,euc_jp
4737624,147356248,0,.rodata,12,15,3,True,T3,0,0,0,True,ナイトレイド,euc_jp
4737640,147356264,0,.rodata,14,15,1,True,T3,0,0,0,True,アックスビーク,euc_jp
4737656,147356280,0,.rodata,16,19,3,True,T3,0,0,0,True,ハチェットビーク,euc_jp
4737676,147356300,0,.rodata,14,15,1,True,T3,0,0,0,True,グロスベルヴァ,euc_jp
4737692,147356316,0,.rodata,12,15,3,True,T3,0,0,0,True,グレルホルン,euc_jp
4737708,147356332,0,.rodata,12,15,3,True,T3,0,0,0,True,サイノッサス,euc_jp
4737724,147356348,0,.rodata,10,11,1,True,T3,0,0,0,True,ザバルガド,euc_jp
4737736,147356360,0,.rodata,12,15,3,True,T3,0,0,0,True,アマードボア,euc_jp
4737752,147356376,0,.rodata,12,15,3,True,T3,0,0,0,True,エレノッサス,euc_jp
4737768,147356392,0,.rodata,14,15,1,True,T3,0,0,0,True,ストーンゴレム,euc_jp
4737784,147356408,0,.rodata,12,15,3,True,T3,0,0,0,True,カフラマーン,euc_jp
4737800,147356424,0,.rodata,14,15,1,True,T3,0,0,0,True,ラーヴァゴレム,euc_jp
4737816,147356440,0,.rodata,10,11,1,True,T3,0,0,0,True,ウドゴレム,euc_jp
4737828,147356452,0,.rodata,8,11,3,True,T3,0,0,0,True,クラブス,euc_jp
4737840,147356464,0,.rodata,16,19,3,True,T3,0,0,0,True,ネガティブシザー,euc_jp
4737860,147356484,0,.rodata,14,15,1,True,T3,0,0,0,True,バルムンクラブ,euc_jp
4737876,147356500,0,.rodata,12,15,3,True,T3,0,0,0,True,ドウラクラブ,euc_jp
4737892,147356516,0,.rodata,18,19,1,True,T3,0,0,0,True,泡沫バルムンクラブ,euc_jp
4737912,147356536,0,.rodata,14,15,1,True,T3,0,0,0,True,ドレッドクラブ,euc_jp
4737928,147356552,0,.rodata,10,11,1,True,T3,0,0,0,True,キラービー,euc_jp
4737940,147356564,0,.rodata,8,11,3,True,T3,0,0,0,True,デスビー,euc_jp
4737952,147356576,0,.rodata,14,15,1,True,T3,0,0,0,True,デスビーナイツ,euc_jp
4737968,147356592,0,.rodata,16,19,3,True,T3,0,0,0,True,ポルターガイスト,euc_jp
4737988,147356612,0,.rodata,16,19,3,True,T3,0,0,0,True,シャドウガイスト,euc_jp
4738008,147356632,0,.rodata,10,11,1,True,T3,0,0,0,True,ラップオン,euc_jp
4738020,147356644,0,.rodata,12,15,3,True,T3,0,0,0,True,サンドワーム,euc_jp
4738036,147356660,0,.rodata,12,15,3,True,T3,0,0,0,True,ロックワーム,euc_jp
4738052,147356676,0,.rodata,14,15,1,True,T3,0,0,0,True,リヴァイアサン,euc_jp
4738068,147356692,0,.rodata,10,11,1,True,T3,0,0,0,True,ガーゴイル,euc_jp
4738080,147356704,0,.rodata,16,19,3,True,T3,0,0,0,True,ストーンシーサー,euc_jp
4738100,147356724,0,.rodata,10,11,1,True,T3,0,0,0,True,ミラゴイル,euc_jp
4738112,147356736,0,.rodata,16,19,3,True,T3,0,0,0,True,シーサーチェスト,euc_jp
4738132,147356756,0,.rodata,10,11,1,True,T3,0,0,0,True,ペデスタル,euc_jp
4738144,147356768,0,.rodata,12,15,3,True,T3,0,0,0,True,ドレステブル,euc_jp
4738160,147356784,0,.rodata,16,19,3,True,T3,0,0,0,True,スティンローパー,euc_jp
4738180,147356804,0,.rodata,14,15,1,True,T3,0,0,0,True,レッドローパー,euc_jp
4738196,147356820,0,.rodata,16,19,3,True,T3,0,0,0,True,グリーンローパー,euc_jp
4738216,147356840,0,.rodata,18,19,1,True,T3,0,0,0,True,メデューサローパー,euc_jp
4738236,147356860,0,.rodata,10,11,1,True,T3,0,0,0,True,フォッシル,euc_jp
4738248,147356872,0,.rodata,12,15,3,True,T3,0,0,0,True,グリロックル,euc_jp
4738264,147356888,0,.rodata,8,11,3,True,T3,0,0,0,True,ロックル,euc_jp
4738276,147356900,0,.rodata,12,15,3,True,T3,0,0,0,True,ライニネール,euc_jp
4738292,147356916,0,.rodata,6,7,1,True,T3,0,0,0,True,バット,euc_jp
4738300,147356924,0,.rodata,14,15,1,True,T3,0,0,0,True,フレイムバット,euc_jp
4738316,147356940,0,.rodata,16,19,3,True,T3,0,0,0,True,ウォーターバット,euc_jp
4738336,147356960,0,.rodata,14,15,1,True,T3,0,0,0,True,ウインドバット,euc_jp
4738352,147356976,0,.rodata,12,15,3,True,T3,0,0,0,True,アイスバット,euc_jp
4738368,147356992,0,.rodata,14,15,1,True,T3,0,0,0,True,ポイズンバット,euc_jp
4738384,147357008,0,.rodata,8,11,3,True,T3,0,0,0,True,ガルーダ,euc_jp
4738396,147357020,0,.rodata,12,15,3,True,T3,0,0,0,True,グラスルーダ,euc_jp
4738412,147357036,0,.rodata,12,15,3,True,T3,0,0,0,True,ナイトオウル,euc_jp
4738428,147357052,0,.rodata,12,15,3,True,T3,0,0,0,True,ウッドルーダ,euc_jp
4738444,147357068,0,.rodata,12,15,3,True,T3,0,0,0,True,チュンチュン,euc_jp
4738460,147357084,0,.rodata,8,11,3,True,T3,0,0,0,True,ザーザー,euc_jp
4738472,147357096,0,.rodata,8,11,3,True,T3,0,0,0,True,ボーボー,euc_jp
4738484,147357108,0,.rodata,10,11,1,True,T3,0,0,0,True,ワイバーン,euc_jp
4738496,147357120,0,.rodata,8,11,3,True,T3,0,0,0,True,ドレイク,euc_jp
4738508,147357132,0,.rodata,12,15,3,True,T3,0,0,0,True,グラナティス,euc_jp
4738524,147357148,0,.rodata,6,7,1,True,T3,0,0,0,True,コパン,euc_jp
4738532,147357156,0,.rodata,10,11,1,True,T3,0,0,0,True,デカコパン,euc_jp
4738544,147357168,0,.rodata,8,11,3,True,T3,0,0,0,True,ウリボア,euc_jp
4738556,147357180,0,.rodata,10,11,1,True,T3,0,0,0,True,チューパン,euc_jp
4738568,147357192,0,.rodata,8,11,3,True,T3,0,0,0,True,ローボア,euc_jp
4738580,147357204,0,.rodata,8,11,3,True,T3,0,0,0,True,デカパン,euc_jp
4738592,147357216,0,.rodata,12,15,3,True,T3,0,0,0,True,ミニデカパン,euc_jp
4738608,147357232,0,.rodata,8,11,3,True,T3,0,0,0,True,ブーボア,euc_jp
4738620,147357244,0,.rodata,10,11,1,True,T3,0,0,0,True,グザファン,euc_jp
4738632,147357256,0,.rodata,8,11,3,True,T3,0,0,0,True,イエティ,euc_jp
4738644,147357268,0,.rodata,8,11,3,True,T3,0,0,0,True,ベヒモス,euc_jp
4738656,147357280,0,.rodata,14,15,1,True,T3,0,0,0,True,ジャバウォック,euc_jp
4738672,147357296,0,.rodata,6,7,1,True,T3,0,0,0,True,ゾンビ,euc_jp
4738680,147357304,0,.rodata,6,7,1,True,T3,0,0,0,True,ワイト,euc_jp
4738688,147357312,0,.rodata,10,11,1,True,T3,0,0,0,True,リターナー,euc_jp
4738700,147357324,0,.rodata,6,7,1,True,T3,0,0,0,True,グール,euc_jp
4738708,147357332,0,.rodata,10,11,1,True,T3,0,0,0,True,スケルトン,euc_jp
4738720,147357344,0,.rodata,16,19,3,True,T3,0,0,0,True,テンプルバトラー,euc_jp
4738740,147357364,0,.rodata,14,15,1,True,T3,0,0,0,True,テンプルガード,euc_jp
4738756,147357380,0,.rodata,18,19,1,True,T3,0,0,0,True,スケルトンウォリア,euc_jp
4738776,147357400,0,.rodata,12,15,3,True,T3,0,0,0,True,マンドラゴラ,euc_jp
4738792,147357416,0,.rodata,10,11,1,True,T3,0,0,0,True,ドライアド,euc_jp
4738804,147357428,0,.rodata,12,15,3,True,T3,0,0,0,True,ラフレシアン,euc_jp
4738820,147357444,0,.rodata,10,11,1,True,T3,0,0,0,True,カクトゥス,euc_jp
4738832,147357456,0,.rodata,16,19,3,True,T3,0,0,0,True,奇夜のカクトゥス,euc_jp
4738852,147357476,0,.rodata,12,15,3,True,T3,0,0,0,True,マンドロテン,euc_jp
4738868,147357492,0,.rodata,8,11,3,True,T3,0,0,0,True,トレント,euc_jp
4738880,147357504,0,.rodata,10,11,1,True,T3,0,0,0,True,ブラッサム,euc_jp
4738892,147357516,0,.rodata,14,15,1,True,T3,0,0,0,True,スノウトレント,euc_jp
4738908,147357532,0,.rodata,8,11,3,True,T3,0,0,0,True,プチプリ,euc_jp
4738920,147357544,0,.rodata,8,11,3,True,T3,0,0,0,True,デカプリ,euc_jp
4738932,147357556,0,.rodata,18,19,1,True,T3,0,0,0,True,ネガティブプラント,euc_jp
4738952,147357576,0,.rodata,8,11,3,True,T3,0,0,0,True,ヒラリス,euc_jp
4738964,147357588,0,.rodata,10,11,1,True,T3,0,0,0,True,ムスシプラ,euc_jp
4738976,147357600,0,.rodata,12,15,3,True,T3,0,0,0,True,ヘテロドクサ,euc_jp
4738992,147357616,0,.rodata,18,19,1,True,T3,0,0,0,True,ファイアスピリッツ,euc_jp
4739012,147357636,0,.rodata,16,19,3,True,T3,0,0,0,True,アイススピリッツ,euc_jp
4739032,147357656,0,.rodata,18,19,1,True,T3,0,0,0,True,ウィンドスピリッツ,euc_jp
4739052,147357676,0,.rodata,18,19,1,True,T3,0,0,0,True,ブリーズスピリッツ,euc_jp
4739072,147357696,0,.rodata,10,11,1,True,T3,0,0,0,True,暁の従者Ａ,euc_jp
4739084,147357708,0,.rodata,10,11,1,True,T3,0,0,0,True,暁の従者Ｂ,euc_jp
4739096,147357720,0,.rodata,14,15,1,True,T3,0,0,0,True,ジルディソルダ,euc_jp
4739112,147357736,0,.rodata,18,19,1,True,T3,0,0,0,True,ジルディキャバリエ,euc_jp
4739132,147357756,0,.rodata,16,19,3,True,T3,0,0,0,True,ジルディシャマン,euc_jp
4739152,147357776,0,.rodata,18,19,1,True,T3,0,0,0,True,ジルディシャルジュ,euc_jp
4739172,147357796,0,.rodata,18,19,1,True,T3,0,0,0,True,ジルディシュバリエ,euc_jp
4739192,147357816,0,.rodata,16,19,3,True,T3,0,0,0,True,ジルディソルシエ,euc_jp
4739212,147357836,0,.rodata,8,11,3,True,T3,0,0,0,True,ラザリス,euc_jp
4739224,147357848,0,.rodata,14,15,1,True,T3,0,0,0,True,カオスラザリス,euc_jp
4739240,147357864,0,.rodata,12,15,3,True,T3,0,0,0,True,ラザリス幹官,euc_jp
4739264,147357888,0,.rodata,12,15,3,True,T3,0,0,0,True,Ｒウォーリア,euc_jp
4739280,147357904,0,.rodata,12,15,3,True,T3,0,0,0,True,Ｒフェンサー,euc_jp
4739296,147357920,0,.rodata,20,23,3,True,T3,0,0,0,True,Ｒマジックフェンサー,euc_jp
4739320,147357944,0,.rodata,14,15,1,True,T3,0,0,0,True,Ｒグラップラー,euc_jp
4739336,147357960,0,.rodata,12,15,3,True,T3,0,0,0,True,Ｒアーチャー,euc_jp
4739352,147357976,0,.rodata,8,11,3,True,T3,0,0,0,True,Ｒシーフ,euc_jp
4739364,147357988,0,.rodata,10,11,1,True,T3,0,0,0,True,Ｒニンジャ,euc_jp
4739376,147358000,0,.rodata,12,15,3,True,T3,0,0,0,True,Ｒウィザード,euc_jp
4739392,147358016,0,.rodata,10,11,1,True,T3,0,0,0,True,Ｒヒーラー,euc_jp
4739404,147358028,0,.rodata,12,15,3,True,T3,0,0,0,True,Ｒビショップ,euc_jp
4739420,147358044,0,.rodata,20,23,3,True,T3,0,0,0,True,Ｒデュアルフェンサー,euc_jp
4739444,147358068,0,.rodata,18,19,1,True,T3,0,0,0,True,Ｒラージフェンサー,euc_jp
4739464,147358088,0,.rodata,8,11,3,True,T3,0,0,0,True,Ｒモンク,euc_jp
4739476,147358100,0,.rodata,12,15,3,True,T3,0,0,0,True,Ｒパイレーツ,euc_jp
4739492,147358116,0,.rodata,12,15,3,True,T3,0,0,0,True,Ｒパラディン,euc_jp
4739508,147358132,0,.rodata,10,11,1,True,T3,0,0,0,True,Ｒガンマン,euc_jp
4785352,147403976,0,.rodata,4,7,3,True,T3,0,0,0,True,無し,euc_jp
4785360,147403984,0,.rodata,22,23,1,True,T3,0,0,0,True,存在しない優先行動です,euc_jp
4785384,147404008,0,.rodata,14,15,1,True,T3,0,0,0,True,術を盛大に使え,euc_jp
4785400,147404024,0,.rodata,44,47,3,True,T3,0,0,0,True,威力の高い術に比重をおいた戦闘を優先して行う,euc_jp
4785448,147404072,0,.rodata,14,15,1,True,T3,0,0,0,True,術を使って闘え,euc_jp
4785464,147404088,0,.rodata,52,55,3,True,T3,0,0,0,True,中程度の威力の術までに比重をおいた戦闘を優先して行う,euc_jp
4785520,147404144,0,.rodata,12,15,3,True,T3,0,0,0,True,弱い術を使え,euc_jp
4785536,147404160,0,.rodata,40,43,3,True,T3,0,0,0,True,弱めの威力の術に抑えた戦闘を優先して行う,euc_jp
4785580,147404204,0,.rodata,14,15,1,True,T3,0,0,0,True,後衛を攻撃しろ,euc_jp
4785596,147404220,0,.rodata,30,31,1,True,T3,0,0,0,True,遠くにいる敵を優先して攻撃する,euc_jp
4785628,147404252,0,.rodata,12,15,3,True,T3,0,0,0,True,秘奥義を使え,euc_jp
4785644,147404268,0,.rodata,36,39,3,True,T3,0,0,0,True,オーバーリミッツ中に秘奥義を実行する,euc_jp
4785684,147404308,0,.rodata,18,19,1,True,T3,0,0,0,True,自由に秘奥義を使え,euc_jp
4785704,147404328,0,.rodata,40,43,3,True,T3,0,0,0,True,オーバーリミッツと秘奥義を自由に実行する,euc_jp
4785748,147404372,0,.rodata,14,15,1,True,T3,0,0,0,True,詠唱を阻止しろ,euc_jp
4785764,147404388,0,.rodata,44,47,3,True,T3,0,0,0,True,詠唱中の敵を攻撃し、詠唱を阻止すべく行動する,euc_jp
4785812,147404436,0,.rodata,12,15,3,True,T3,0,0,0,True,同じ敵を狙え,euc_jp
4785828,147404452,0,.rodata,46,47,1,True,T3,0,0,0,True,PCがターゲットしている同じ敵を優先して攻撃する,euc_jp
4785876,147404500,0,.rodata,12,15,3,True,T3,0,0,0,True,違う敵を狙え,euc_jp
4785892,147404516,0,.rodata,40,43,3,True,T3,0,0,0,True,PCがターゲットしている以外の敵を攻撃する,euc_jp
4785936,147404560,0,.rodata,12,15,3,True,T3,0,0,0,True,守りを固めろ,euc_jp
4785952,147404576,0,.rodata,22,23,1,True,T3,0,0,0,True,防御行動を優先して行う,euc_jp
4785976,147404600,0,.rodata,14,15,1,True,T3,0,0,0,True,回避行動を優先,euc_jp
4785992,147404616,0,.rodata,22,23,1,True,T3,0,0,0,True,回避行動を優先して行う,euc_jp
4786016,147404640,0,.rodata,14,15,1,True,T3,0,0,0,True,消極的な行動で,euc_jp
4786032,147404656,0,.rodata,46,47,1,True,T3,0,0,0,True,攻撃を控え、防御や回避などの行動を優先的に行う,euc_jp
4786080,147404704,0,.rodata,16,19,3,True,T3,0,0,0,True,弱ったときは待機,euc_jp
4786100,147404724,0,.rodata,46,47,1,True,T3,0,0,0,True,HPが少ない時には攻撃を抑えた行動を優先して行う,euc_jp
4786148,147404772,0,.rodata,12,15,3,True,T3,0,0,0,True,敵から離れろ,euc_jp
4786164,147404788,0,.rodata,48,51,3,True,T3,0,0,0,True,ターゲット中の敵から距離を開ける事を優先して行う,euc_jp
4786216,147404840,0,.rodata,14,15,1,True,T3,0,0,0,True,味方を蘇生しろ,euc_jp
4786232,147404856,0,.rodata,36,39,3,True,T3,0,0,0,True,戦闘不能状態の仲間を術や技で蘇生する,euc_jp
4786272,147404896,0,.rodata,14,15,1,True,T3,0,0,0,True,HPを小回復しろ,euc_jp
4786288,147404912,0,.rodata,34,35,1,True,T3,0,0,0,True,小回復の術や技を使用して回復を行う,euc_jp
4786324,147404948,0,.rodata,14,15,1,True,T3,0,0,0,True,HPを中回復しろ,euc_jp
4786340,147404964,0,.rodata,34,35,1,True,T3,0,0,0,True,中回復の術や技を使用して回復を行う,euc_jp
4786376,147405000,0,.rodata,14,15,1,True,T3,0,0,0,True,HPを大回復しろ,euc_jp
4786392,147405016,0,.rodata,34,35,1,True,T3,0,0,0,True,大回復の術や技を使用して回復を行う,euc_jp
4786428,147405052,0,.rodata,18,19,1,True,T3,0,0,0,True,状態回復を優先しろ,euc_jp
4786448,147405072,0,.rodata,38,39,1,True,T3,0,0,0,True,状態異常や状態変化の仲間を術で治療する,euc_jp
4786488,147405112,0,.rodata,14,15,1,True,T3,0,0,0,True,HP回復は自力で,euc_jp
4786568,147405192,0,.rodata,16,19,3,True,T3,0,0,0,True,アップルグミ使え,euc_jp
4786588,147405212,0,.rodata,38,39,1,True,T3,0,0,0,True,アップルグミを使って仲間のHPを回復する,euc_jp
4786628,147405252,0,.rodata,16,19,3,True,T3,0,0,0,True,オレンジグミ使え,euc_jp
4786648,147405272,0,.rodata,40,43,3,True,T3,0,0,0,True,オレンジグミを使って、仲間のTPを回復する,euc_jp
4786692,147405316,0,.rodata,14,15,1,True,T3,0,0,0,True,レモングミ使え,euc_jp
4786708,147405332,0,.rodata,38,39,1,True,T3,0,0,0,True,レモングミを使って、仲間のHPを回復する,euc_jp
4786748,147405372,0,.rodata,16,19,3,True,T3,0,0,0,True,ライフボトル使え,euc_jp
4786768,147405392,0,.rodata,48,51,3,True,T3,0,0,0,True,ライフボトルを使って戦闘不能状態の仲間を蘇生する,euc_jp
4786820,147405444,0,.rodata,12,15,3,True,T3,0,0,0,True,敵を分析しろ,euc_jp
4786900,147405524,0,.rodata,16,19,3,True,T3,0,0,0,True,回復アイテム使え,euc_jp
4786988,147405612,0,.rodata,14,15,1,True,T3,0,0,0,True,パイングミ使え,euc_jp
4787004,147405628,0,.rodata,38,39,1,True,T3,0,0,0,True,パイングミを使って、仲間のTPを回復する,euc_jp
4787044,147405668,0,.rodata,16,19,3,True,T3,0,0,0,True,ミックスグミ使え,euc_jp
4787064,147405688,0,.rodata,44,47,3,True,T3,0,0,0,True,ミックスグミを使って、仲間のTPとHPを回復する,euc_jp
4787112,147405736,0,.rodata,16,19,3,True,T3,0,0,0,True,ミラクルグミ使え,euc_jp
4787132,147405756,0,.rodata,44,47,3,True,T3,0,0,0,True,ミラクルグミを使って、仲間のTPとHPを回復する,euc_jp
4787180,147405804,0,.rodata,22,23,1,True,T3,0,0,0,True,ボトルで状態異常を回復,euc_jp
4787204,147405828,0,.rodata,34,35,1,True,T3,0,0,0,True,状態異常の治療可能なアイテムを使う,euc_jp
4787240,147405864,0,.rodata,22,23,1,True,T3,0,0,0,True,ボトルで状態変化を回復,euc_jp
4787264,147405888,0,.rodata,34,35,1,True,T3,0,0,0,True,状態変化の治療可能なアイテムを使う,euc_jp
4787300,147405924,0,.rodata,12,15,3,True,T3,0,0,0,True,ボトルで回復,euc_jp
4787316,147405940,0,.rodata,58,59,1,True,T3,0,0,0,True,状態異常、状態変化、戦闘不能状態を治療可能なアイテムを使う,euc_jp
4787376,147406000,0,.rodata,14,15,1,True,T3,0,0,0,True,薬で全員HP回復,euc_jp
4787392,147406016,0,.rodata,32,35,3,True,T3,0,0,0,True,仲間全員のHPを回復可能な薬を使う,euc_jp
4787428,147406052,0,.rodata,14,15,1,True,T3,0,0,0,True,薬で全員TP回復,euc_jp
4787444,147406068,0,.rodata,32,35,3,True,T3,0,0,0,True,仲間全員のTPを回復可能な薬を使う,euc_jp
4787480,147406104,0,.rodata,14,15,1,True,T3,0,0,0,True,アイテムを奪え,euc_jp
4787576,147406200,0,.rodata,8,11,3,True,T3,0,0,0,True,待機しろ,euc_jp
4787588,147406212,0,.rodata,42,43,1,True,T3,0,0,0,True,攻撃を止め、防御や回避などの待機行動を行う,euc_jp
4787632,147406256,0,.rodata,10,11,1,True,T3,0,0,0,True,お金を奪え,euc_jp
4787644,147406268,0,.rodata,48,51,3,True,T3,0,0,0,True,サーチガルドを使って、お金を奪う、拾う行動を行う,euc_jp
4787696,147406320,0,.rodata,20,23,3,True,T3,0,0,0,True,補助術を積極的に使え,euc_jp
4787720,147406344,0,.rodata,39,39,0,True,T3,0,0,0,True, 敵の強さに関係無く積極的に補助術を使う,euc_jp
4787760,147406384,0,.rodata,18,19,1,True,T3,0,0,0,True,補助術を適度に使え,euc_jp
4787780,147406404,0,.rodata,37,39,2,True,T3,0,0,0,True, 敵の強さに関係無く適度に補助術を使う,euc_jp
4787820,147406444,0,.rodata,22,23,1,True,T3,0,0,0,True,オーバーリミッツを使え,euc_jp
4787844,147406468,0,.rodata,50,51,1,True,T3,0,0,0,True,リミッツゲージが満了時にオーバーリミッツ状態になる,euc_jp
4787896,147406520,0,.rodata,10,11,1,True,T3,0,0,0,True,全力で闘え,euc_jp
4787908,147406532,0,.rodata,30,31,1,True,T3,0,0,0,True,ＴＰを際限無く使って全力で闘う,euc_jp
4787940,147406564,0,.rodata,14,15,1,True,T3,0,0,0,True,ほどほどに闘え,euc_jp
4787956,147406580,0,.rodata,42,43,1,True,T3,0,0,0,True,攻撃頻度をほどほどにＴＰの使用を抑えて闘う,euc_jp
4788000,147406624,0,.rodata,14,15,1,True,T3,0,0,0,True,手加減して闘え,euc_jp
4788016,147406640,0,.rodata,42,43,1,True,T3,0,0,0,True,攻撃頻度をかなり控えＴＰの使用を抑えて闘う,euc_jp
4788060,147406684,0,.rodata,14,15,1,True,T3,0,0,0,True,技は使わず闘え,euc_jp
4788076,147406700,0,.rodata,48,51,3,True,T3,0,0,0,True,技をあまり使わず、通常攻撃を主体とした戦闘を行う,euc_jp
4788128,147406752,0,.rodata,4,7,3,True,T3,0,0,0,True,試し,euc_jp
4788136,147406760,0,.rodata,6,7,1,True,T3,0,0,0,True,お試し,euc_jp
4788696,147407320,0,.rodata,6,11,5,True,T3,0,0,0,True,ダミー,euc_jp
4788708,147407332,0,.rodata,10,11,1,True,T3,0,0,0,True,プレイヤー,euc_jp
4788720,147407344,0,.rodata,6,7,1,True,T3,0,0,0,True,クレス,euc_jp
4788736,147407360,0,.rodata,6,7,1,True,T3,0,0,0,True,ミント,euc_jp
4788752,147407376,0,.rodata,10,11,1,True,T3,0,0,0,True,チェスター,euc_jp
4788764,147407388,0,.rodata,8,11,3,True,T3,0,0,0,True,ハンター,euc_jp
4788776,147407400,0,.rodata,8,11,3,True,T3,0,0,0,True,アーチェ,euc_jp
4788788,147407412,0,.rodata,16,19,3,True,T3,0,0,0,True,マジックユーザー,euc_jp
4788808,147407432,0,.rodata,4,7,3,True,T3,0,0,0,True,すず,euc_jp
4788824,147407448,0,.rodata,6,7,1,True,T3,0,0,0,True,スタン,euc_jp
4788832,147407456,0,.rodata,12,15,3,True,T3,0,0,0,True,田舎の正直者,euc_jp
4788848,147407472,0,.rodata,8,11,3,True,T3,0,0,0,True,ルーティ,euc_jp
4788860,147407484,0,.rodata,10,11,1,True,T3,0,0,0,True,強欲の魔女,euc_jp
4788872,147407496,0,.rodata,8,11,3,True,T3,0,0,0,True,フィリア,euc_jp
4788884,147407508,0,.rodata,6,7,1,True,T3,0,0,0,True,リオン,euc_jp
4788908,147407532,0,.rodata,10,11,1,True,T3,0,0,0,True,ウッドロウ,euc_jp
4788928,147407552,0,.rodata,10,11,1,True,T3,0,0,0,True,チェルシー,euc_jp
4788940,147407564,0,.rodata,10,11,1,True,T3,0,0,0,True,小弓ガール,euc_jp
4788952,147407576,0,.rodata,10,11,1,True,T3,0,0,0,True,コングマン,euc_jp
4788964,147407588,0,.rodata,12,15,3,True,T3,0,0,0,True,チャンピオン,euc_jp
4788980,147407604,0,.rodata,6,7,1,True,T3,0,0,0,True,リリス,euc_jp
4788988,147407612,0,.rodata,10,11,1,True,T3,0,0,0,True,家事手伝い,euc_jp
4789000,147407624,0,.rodata,6,7,1,True,T3,0,0,0,True,リッド,euc_jp
4789016,147407640,0,.rodata,6,7,1,True,T3,0,0,0,True,ファラ,euc_jp
4789024,147407648,0,.rodata,10,11,1,True,T3,0,0,0,True,ファーマー,euc_jp
4789036,147407660,0,.rodata,6,7,1,True,T3,0,0,0,True,キール,euc_jp
4789052,147407676,0,.rodata,8,11,3,True,T3,0,0,0,True,メルディ,euc_jp
4789064,147407688,0,.rodata,12,15,3,True,T3,0,0,0,True,異国の少女？,euc_jp
4789080,147407704,0,.rodata,8,11,3,True,T3,0,0,0,True,チャット,euc_jp
4789092,147407716,0,.rodata,10,11,1,True,T3,0,0,0,True,キャプテン,euc_jp
4789104,147407728,0,.rodata,10,11,1,True,T3,0,0,0,True,セルシウス,euc_jp
4789116,147407740,0,.rodata,8,11,3,True,T3,0,0,0,True,氷の精霊,euc_jp
4789128,147407752,0,.rodata,6,7,1,True,T3,0,0,0,True,カイル,euc_jp
4789148,147407772,0,.rodata,6,7,1,True,T3,0,0,0,True,リアラ,euc_jp
4789164,147407788,0,.rodata,4,7,3,True,T3,0,0,0,True,ロニ,euc_jp
4789180,147407804,0,.rodata,10,11,1,True,T3,0,0,0,True,ジューダス,euc_jp
4789192,147407816,0,.rodata,10,11,1,True,T3,0,0,0,True,仮面の剣士,euc_jp
4789204,147407828,0,.rodata,8,11,3,True,T3,0,0,0,True,ナナリー,euc_jp
4789216,147407840,0,.rodata,6,7,1,True,T3,0,0,0,True,弓使い,euc_jp
4789224,147407848,0,.rodata,8,11,3,True,T3,0,0,0,True,ハロルド,euc_jp
4789248,147407872,0,.rodata,6,7,1,True,T3,0,0,0,True,ロイド,euc_jp
4789256,147407880,0,.rodata,8,11,3,True,T3,0,0,0,True,コレット,euc_jp
4789268,147407892,0,.rodata,8,11,3,True,T3,0,0,0,True,ドジっ娘,euc_jp
4789280,147407904,0,.rodata,10,11,1,True,T3,0,0,0,True,ジーニアス,euc_jp
4789292,147407916,0,.rodata,6,7,1,True,T3,0,0,0,True,優等生,euc_jp
4789300,147407924,0,.rodata,8,11,3,True,T3,0,0,0,True,リフィル,euc_jp
4789320,147407944,0,.rodata,8,11,3,True,T3,0,0,0,True,クラトス,euc_jp
4789340,147407964,0,.rodata,6,7,1,True,T3,0,0,0,True,しいな,euc_jp
4789348,147407972,0,.rodata,12,15,3,True,T3,0,0,0,True,ミブナの忍び,euc_jp
4789364,147407988,0,.rodata,6,7,1,True,T3,0,0,0,True,ゼロス,euc_jp
4789380,147408004,0,.rodata,8,11,3,True,T3,0,0,0,True,プレセア,euc_jp
4789392,147408016,0,.rodata,8,11,3,True,T3,0,0,0,True,寡黙な娘,euc_jp
4789404,147408028,0,.rodata,8,11,3,True,T3,0,0,0,True,ヴェイグ,euc_jp
4789416,147408040,0,.rodata,6,7,1,True,T3,0,0,0,True,クレア,euc_jp
4789424,147408048,0,.rodata,10,11,1,True,T3,0,0,0,True,ユージーン,euc_jp
4789444,147408068,0,.rodata,4,7,3,True,T3,0,0,0,True,マオ,euc_jp
4789452,147408076,0,.rodata,6,7,1,True,T3,0,0,0,True,術使い,euc_jp
4789460,147408084,0,.rodata,10,11,1,True,T3,0,0,0,True,ティトレイ,euc_jp
4789472,147408096,0,.rodata,12,15,3,True,T3,0,0,0,True,エコロジスト,euc_jp
4789488,147408112,0,.rodata,6,7,1,True,T3,0,0,0,True,アニー,euc_jp
4789508,147408132,0,.rodata,6,7,1,True,T3,0,0,0,True,セネル,euc_jp
4789516,147408140,0,.rodata,18,19,1,True,T3,0,0,0,True,やさしいお兄ちゃん,euc_jp
4789536,147408160,0,.rodata,10,11,1,True,T3,0,0,0,True,シャーリィ,euc_jp
4789548,147408172,0,.rodata,10,11,1,True,T3,0,0,0,True,いのる少女,euc_jp
4789560,147408184,0,.rodata,6,7,1,True,T3,0,0,0,True,ウィル,euc_jp
4789568,147408192,0,.rodata,10,11,1,True,T3,0,0,0,True,博物オヤジ,euc_jp
4789580,147408204,0,.rodata,6,7,1,True,T3,0,0,0,True,クロエ,euc_jp
4789600,147408224,0,.rodata,6,7,1,True,T3,0,0,0,True,ノーマ,euc_jp
4789608,147408232,0,.rodata,10,11,1,True,T3,0,0,0,True,おたから娘,euc_jp
4789620,147408244,0,.rodata,6,7,1,True,T3,0,0,0,True,ジェイ,euc_jp
4789628,147408252,0,.rodata,18,19,1,True,T3,0,0,0,True,「不可視」のジェイ,euc_jp
4789648,147408272,0,.rodata,6,7,1,True,T3,0,0,0,True,ルーク,euc_jp
4789672,147408296,0,.rodata,6,7,1,True,T3,0,0,0,True,ティア,euc_jp
4789680,147408304,0,.rodata,12,15,3,True,T3,0,0,0,True,クールレディ,euc_jp
4789696,147408320,0,.rodata,4,7,3,True,T3,0,0,0,True,ガイ,euc_jp
4789716,147408340,0,.rodata,8,11,3,True,T3,0,0,0,True,ジェイド,euc_jp
4789736,147408360,0,.rodata,6,7,1,True,T3,0,0,0,True,アニス,euc_jp
4789744,147408368,0,.rodata,18,19,1,True,T3,0,0,0,True,大人な子ども（？）,euc_jp
4789764,147408388,0,.rodata,8,11,3,True,T3,0,0,0,True,ナタリア,euc_jp
4789784,147408408,0,.rodata,8,11,3,True,T3,0,0,0,True,アッシュ,euc_jp
4789812,147408436,0,.rodata,6,7,1,True,T3,0,0,0,True,ヴァン,euc_jp
4789836,147408460,0,.rodata,8,11,3,True,T3,0,0,0,True,カイウス,euc_jp
4789848,147408472,0,.rodata,8,11,3,True,T3,0,0,0,True,村の少年,euc_jp
4789860,147408484,0,.rodata,6,7,1,True,T3,0,0,0,True,ルビア,euc_jp
4789868,147408492,0,.rodata,4,7,3,True,T3,0,0,0,True,ルカ,euc_jp
4789876,147408500,0,.rodata,10,11,1,True,T3,0,0,0,True,商家の息子,euc_jp
4789888,147408512,0,.rodata,6,7,1,True,T3,0,0,0,True,イリア,euc_jp
4789896,147408520,0,.rodata,8,11,3,True,T3,0,0,0,True,村長の娘,euc_jp
4789908,147408532,0,.rodata,8,11,3,True,T3,0,0,0,True,スパーダ,euc_jp
4789932,147408556,0,.rodata,8,11,3,True,T3,0,0,0,True,アンジュ,euc_jp
4789944,147408568,0,.rodata,14,15,1,True,T3,0,0,0,True,ギルドリーダー,euc_jp
4789960,147408584,0,.rodata,8,11,3,True,T3,0,0,0,True,リカルド,euc_jp
4789972,147408596,0,.rodata,16,19,3,True,T3,0,0,0,True,凄腕のスナイパー,euc_jp
4789992,147408616,0,.rodata,6,7,1,True,T3,0,0,0,True,ユーリ,euc_jp
4790000,147408624,0,.rodata,10,11,1,True,T3,0,0,0,True,下町の青年,euc_jp
4790012,147408636,0,.rodata,8,11,3,True,T3,0,0,0,True,エステル,euc_jp
4790024,147408648,0,.rodata,16,19,3,True,T3,0,0,0,True,真実を求める姫君,euc_jp
4790044,147408668,0,.rodata,10,11,1,True,T3,0,0,0,True,ジュディス,euc_jp
4790056,147408680,0,.rodata,18,19,1,True,T3,0,0,0,True,ビューティランサー,euc_jp
4790076,147408700,0,.rodata,4,7,3,True,T3,0,0,0,True,リタ,euc_jp
4790096,147408720,0,.rodata,8,11,3,True,T3,0,0,0,True,レイヴン,euc_jp
4790108,147408732,0,.rodata,20,23,3,True,T3,0,0,0,True,うさんくさいおっさん,euc_jp
4790132,147408756,0,.rodata,6,7,1,True,T3,0,0,0,True,フレン,euc_jp
4790152,147408776,0,.rodata,6,7,1,True,T3,0,0,0,True,エミル,euc_jp
4790160,147408784,0,.rodata,10,11,1,True,T3,0,0,0,True,内気な少年,euc_jp
4790172,147408796,0,.rodata,6,7,1,True,T3,0,0,0,True,マルタ,euc_jp
4790180,147408804,0,.rodata,20,23,3,True,T3,0,0,0,True,想いが重い（？）少女,euc_jp
4790204,147408828,0,.rodata,8,11,3,True,T3,0,0,0,True,リヒター,euc_jp
4790216,147408840,0,.rodata,12,15,3,True,T3,0,0,0,True,精霊の守り人,euc_jp
4790232,147408856,0,.rodata,6,7,1,True,T3,0,0,0,True,シング,euc_jp
4790240,147408864,0,.rodata,10,11,1,True,T3,0,0,0,True,夢見る少年,euc_jp
4790252,147408876,0,.rodata,6,7,1,True,T3,0,0,0,True,コハク,euc_jp
4790260,147408884,0,.rodata,10,11,1,True,T3,0,0,0,True,キックの鬼,euc_jp
4790272,147408896,0,.rodata,6,7,1,True,T3,0,0,0,True,ヒスイ,euc_jp
4790296,147408920,0,.rodata,8,11,3,True,T3,0,0,0,True,アスベル,euc_jp
4790316,147408940,0,.rodata,6,7,1,True,T3,0,0,0,True,ソフィ,euc_jp
4790324,147408948,0,.rodata,12,15,3,True,T3,0,0,0,True,花の名の少女,euc_jp
4790340,147408964,0,.rodata,8,11,3,True,T3,0,0,0,True,シェリア,euc_jp
4790352,147408976,0,.rodata,16,19,3,True,T3,0,0,0,True,お世話エンプレス,euc_jp
4790372,147408996,0,.rodata,8,11,3,True,T3,0,0,0,True,カノンノ,euc_jp
4790384,147409008,0,.rodata,12,15,3,True,T3,0,0,0,True,夢を描く少女,euc_jp
4790400,147409024,0,.rodata,20,23,3,True,T3,0,0,0,True,オリジナル・カノンノ,euc_jp
4790424,147409048,0,.rodata,12,15,3,True,T3,0,0,0,True,Ｐ・カノンノ,euc_jp
4790440,147409064,0,.rodata,20,23,3,True,T3,0,0,0,True,パスカのディセンダー,euc_jp
4790464,147409088,0,.rodata,12,15,3,True,T3,0,0,0,True,カノンノ・Ｅ,euc_jp
4790480,147409104,0,.rodata,10,11,1,True,T3,0,0,0,True,おとぎ少女,euc_jp
4790492,147409116,0,.rodata,6,7,1,True,T3,0,0,0,True,ダオス,euc_jp
4790500,147409124,0,.rodata,10,11,1,True,T3,0,0,0,True,バルバトス,euc_jp
4790512,147409136,0,.rodata,12,15,3,True,T3,0,0,0,True,ユグドラシル,euc_jp
4790528,147409152,0,.rodata,4,7,3,True,T3,0,0,0,True,サレ,euc_jp
4790536,147409160,0,.rodata,6,7,1,True,T3,0,0,0,True,ミミー,euc_jp
4790544,147409168,0,.rodata,10,11,1,True,T3,0,0,0,True,クィッキー,euc_jp
4790556,147409180,0,.rodata,8,11,3,True,T3,0,0,0,True,キュッポ,euc_jp
4790568,147409192,0,.rodata,6,7,1,True,T3,0,0,0,True,ピッポ,euc_jp
4790576,147409200,0,.rodata,6,7,1,True,T3,0,0,0,True,ポッポ,euc_jp
4790584,147409208,0,.rodata,6,7,1,True,T3,0,0,0,True,コーダ,euc_jp
4790592,147409216,0,.rodata,6,7,1,True,T3,0,0,0,True,アーダ,euc_jp
4790600,147409224,0,.rodata,8,11,3,True,T3,0,0,0,True,ロックス,euc_jp
4790612,147409236,0,.rodata,6,7,1,True,T3,0,0,0,True,ニアタ,euc_jp
4790620,147409244,0,.rodata,12,15,3,True,T3,0,0,0,True,ウィダーシン,euc_jp
4790636,147409260,0,.rodata,6,7,1,True,T3,0,0,0,True,ゲーデ,euc_jp
4790644,147409268,0,.rodata,6,7,1,True,T3,0,0,0,True,モルモ,euc_jp
4790652,147409276,0,.rodata,8,11,3,True,T3,0,0,0,True,ラザリス,euc_jp
4790664,147409288,0,.rodata,8,11,3,True,T3,0,0,0,True,ジョアン,euc_jp
4790676,147409300,0,.rodata,6,7,1,True,T3,0,0,0,True,ミゲル,euc_jp
4790684,147409308,0,.rodata,6,7,1,True,T3,0,0,0,True,トマス,euc_jp
4790748,147409372,0,.rodata,12,15,3,True,T3,0,0,0,True,オーギュスト,euc_jp
4790764,147409388,0,.rodata,10,11,1,True,T3,0,0,0,True,レイチェル,euc_jp
4790776,147409400,0,.rodata,8,11,3,True,T3,0,0,0,True,ヴォイト,euc_jp
4790788,147409412,0,.rodata,12,15,3,True,T3,0,0,0,True,ヴィヴィアン,euc_jp
4790804,147409428,0,.rodata,10,11,1,True,T3,0,0,0,True,フォックス,euc_jp
4790816,147409440,0,.rodata,10,11,1,True,T3,0,0,0,True,ハルベリー,euc_jp
4790828,147409452,0,.rodata,10,11,1,True,T3,0,0,0,True,ステイサム,euc_jp
4790840,147409464,0,.rodata,6,7,1,True,T3,0,0,0,True,ナオミ,euc_jp
4790848,147409472,0,.rodata,10,11,1,True,T3,0,0,0,True,ディーゼル,euc_jp
4790860,147409484,0,.rodata,12,15,3,True,T3,0,0,0,True,ロビンライト,euc_jp
4790876,147409500,0,.rodata,10,11,1,True,T3,0,0,0,True,ムスタファ,euc_jp
4790888,147409512,0,.rodata,6,7,1,True,T3,0,0,0,True,フェイ,euc_jp
4790896,147409520,0,.rodata,8,11,3,True,T3,0,0,0,True,マシュー,euc_jp
4790908,147409532,0,.rodata,6,7,1,True,T3,0,0,0,True,マギー,euc_jp
4790916,147409540,0,.rodata,10,11,1,True,T3,0,0,0,True,リシャール,euc_jp
4790928,147409552,0,.rodata,4,7,3,True,T3,0,0,0,True,ユン,euc_jp
4790936,147409560,0,.rodata,8,11,3,True,T3,0,0,0,True,シーガル,euc_jp
4790948,147409572,0,.rodata,6,7,1,True,T3,0,0,0,True,ロッタ,euc_jp
4790956,147409580,0,.rodata,10,11,1,True,T3,0,0,0,True,ハーヴェイ,euc_jp
4790968,147409592,0,.rodata,8,11,3,True,T3,0,0,0,True,ウルスラ,euc_jp
4790980,147409604,0,.rodata,6,7,1,True,T3,0,0,0,True,ラザー,euc_jp
4790988,147409612,0,.rodata,4,7,3,True,T3,0,0,0,True,ザジ,euc_jp
4790996,147409620,0,.rodata,8,11,3,True,T3,0,0,0,True,トラビス,euc_jp
4791008,147409632,0,.rodata,8,11,3,True,T3,0,0,0,True,サンディ,euc_jp
4791020,147409644,0,.rodata,8,11,3,True,T3,0,0,0,True,イヅマル,euc_jp
4791032,147409656,0,.rodata,12,15,3,True,T3,0,0,0,True,リュウ・イー,euc_jp
4791048,147409672,0,.rodata,8,11,3,True,T3,0,0,0,True,バーニー,euc_jp
4791060,147409684,0,.rodata,8,11,3,True,T3,0,0,0,True,アラニス,euc_jp
4791072,147409696,0,.rodata,8,11,3,True,T3,0,0,0,True,パイパー,euc_jp
4791084,147409708,0,.rodata,6,7,1,True,T3,0,0,0,True,ペール,euc_jp
4791092,147409716,0,.rodata,10,11,1,True,T3,0,0,0,True,ローランド,euc_jp
4791104,147409728,0,.rodata,10,11,1,True,T3,0,0,0,True,オーキッド,euc_jp
4791116,147409740,0,.rodata,18,19,1,True,T3,0,0,0,True,ダウンロード傭兵１,euc_jp
4791136,147409760,0,.rodata,18,19,1,True,T3,0,0,0,True,ダウンロード傭兵２,euc_jp
4791156,147409780,0,.rodata,18,19,1,True,T3,0,0,0,True,ダウンロード傭兵３,euc_jp
4791176,147409800,0,.rodata,18,19,1,True,T3,0,0,0,True,ダウンロード傭兵４,euc_jp
4791196,147409820,0,.rodata,18,19,1,True,T3,0,0,0,True,ダウンロード傭兵５,euc_jp
4795320,147413944,0,.rodata,4,7,3,True,T3,0,0,0,True,なし,euc_jp
4795328,147413952,0,.rodata,4,7,3,True,T3,0,0,0,True,パン,euc_jp
4795336,147413960,0,.rodata,12,15,3,True,T3,0,0,0,True,素朴な味わい,euc_jp
4795352,147413976,0,.rodata,10,11,1,True,T3,0,0,0,True,ライスパン,euc_jp
4795364,147413988,0,.rodata,14,15,1,True,T3,0,0,0,True,食感もっちり！,euc_jp
4795380,147414004,0,.rodata,10,11,1,True,T3,0,0,0,True,カレーパン,euc_jp
4795392,147414016,0,.rodata,32,35,3,True,T3,0,0,0,True,絶妙なスパイスが効いたカレーパン,euc_jp
4795428,147414052,0,.rodata,10,11,1,True,T3,0,0,0,True,ツナサンド,euc_jp
4795440,147414064,0,.rodata,40,43,3,True,T3,0,0,0,True,ツナとマヨネーズのハーモニーがたまらない,euc_jp
4795484,147414108,0,.rodata,14,15,1,True,T3,0,0,0,True,ミックスサンド,euc_jp
4795500,147414124,0,.rodata,20,23,3,True,T3,0,0,0,True,具沢山のサンドイッチ,euc_jp
4795524,147414148,0,.rodata,14,15,1,True,T3,0,0,0,True,チーズバーガー,euc_jp
4795540,147414164,0,.rodata,48,51,3,True,T3,0,0,0,True,とろーりチーズと、パテから溢れる肉汁がもう最高！,euc_jp
4795592,147414216,0,.rodata,16,19,3,True,T3,0,0,0,True,フレンチトースト,euc_jp
4795612,147414236,0,.rodata,40,43,3,True,T3,0,0,0,True,タマゴ、ミルク、シナモンが染み込んだパン,euc_jp
4795656,147414280,0,.rodata,18,19,1,True,T3,0,0,0,True,ベーグル・サーモン,euc_jp
4795676,147414300,0,.rodata,36,39,3,True,T3,0,0,0,True,サーモンが具になった、ヘルシーなパン,euc_jp
4795716,147414340,0,.rodata,18,19,1,True,T3,0,0,0,True,マーボーカレーパン,euc_jp
4795736,147414360,0,.rodata,42,43,1,True,T3,0,0,0,True,伝説とまで言われたパンの中のパンの極上パン,euc_jp
4795780,147414404,0,.rodata,10,11,1,True,T3,0,0,0,True,野菜サラダ,euc_jp
4795792,147414416,0,.rodata,28,31,3,True,T3,0,0,0,True,野菜たっぷりのヘルシーサラダ,euc_jp
4795824,147414448,0,.rodata,14,15,1,True,T3,0,0,0,True,シーザーサラダ,euc_jp
4795840,147414464,0,.rodata,38,39,1,True,T3,0,0,0,True,様々な具が盛りだくさんのごちそうサラダ,euc_jp
4795880,147414504,0,.rodata,8,11,3,True,T3,0,0,0,True,オニギリ,euc_jp
4795892,147414516,0,.rodata,12,15,3,True,T3,0,0,0,True,冒険のお供に,euc_jp
4795908,147414532,0,.rodata,8,11,3,True,T3,0,0,0,True,バラ寿司,euc_jp
4795920,147414544,0,.rodata,34,35,1,True,T3,0,0,0,True,酢飯の上に色々な魚介肉がのった寿司,euc_jp
4795956,147414580,0,.rodata,10,11,1,True,T3,0,0,0,True,オムライス,euc_jp
4795968,147414592,0,.rodata,38,39,1,True,T3,0,0,0,True,ケチャップご飯を薄焼き卵でくるみました,euc_jp
4796008,147414632,0,.rodata,16,19,3,True,T3,0,0,0,True,パイナップルご飯,euc_jp
4796028,147414652,0,.rodata,38,39,1,True,T3,0,0,0,True,パインと一緒に煮込んだご飯。意外と合う,euc_jp
4796068,147414692,0,.rodata,12,15,3,True,T3,0,0,0,True,カレーライス,euc_jp
4796084,147414708,0,.rodata,34,35,1,True,T3,0,0,0,True,絶妙なスパイスが効いたカレーライス,euc_jp
4796120,147414744,0,.rodata,14,15,1,True,T3,0,0,0,True,マーボーカレー,euc_jp
4796136,147414760,0,.rodata,26,27,1,True,T3,0,0,0,True,伝説とまで言われた極上料理,euc_jp
4796164,147414788,0,.rodata,12,15,3,True,T3,0,0,0,True,マーボーパイ,euc_jp
4796180,147414804,0,.rodata,30,31,1,True,T3,0,0,0,True,麻婆豆腐を具に迎えた極上のパイ,euc_jp
4796212,147414836,0,.rodata,10,11,1,True,T3,0,0,0,True,お好み焼き,euc_jp
4796224,147414848,0,.rodata,44,47,3,True,T3,0,0,0,True,小麦粉の生地に具を加え、鉄板の上で焼いたもの,euc_jp
4796272,147414896,0,.rodata,14,15,1,True,T3,0,0,0,True,トロピカルピザ,euc_jp
4796288,147414912,0,.rodata,46,47,1,True,T3,0,0,0,True,フルーツがトッピングされた南国エキゾチックな味,euc_jp
4796336,147414960,0,.rodata,12,15,3,True,T3,0,0,0,True,プッタネスカ,euc_jp
4796352,147414976,0,.rodata,32,35,3,True,T3,0,0,0,True,小魚とケッパーが入っているパスタ,euc_jp
4796388,147415012,0,.rodata,12,15,3,True,T3,0,0,0,True,海鮮茶碗蒸し,euc_jp
4796404,147415028,0,.rodata,32,35,3,True,T3,0,0,0,True,海の幸から出た旨み溢れる茶碗蒸し,euc_jp
4796440,147415064,0,.rodata,12,15,3,True,T3,0,0,0,True,じゃがバター,euc_jp
4796456,147415080,0,.rodata,30,31,1,True,T3,0,0,0,True,バターが塗られたホクホクのイモ,euc_jp
4796488,147415112,0,.rodata,6,7,1,True,T3,0,0,0,True,だご汁,euc_jp
4796496,147415120,0,.rodata,34,35,1,True,T3,0,0,0,True,小麦粉で作られた団子が入った味噌汁,euc_jp
4796532,147415156,0,.rodata,6,7,1,True,T3,0,0,0,True,おでん,euc_jp
4796540,147415164,0,.rodata,28,31,3,True,T3,0,0,0,True,どこか懐かしく、優しい味わい,euc_jp
4796584,147415208,0,.rodata,34,35,1,True,T3,0,0,0,True,絶妙なスパイスとトロミがたまらない,euc_jp
4796620,147415244,0,.rodata,10,11,1,True,T3,0,0,0,True,ハンバーグ,euc_jp
4796632,147415256,0,.rodata,14,15,1,True,T3,0,0,0,True,家庭の定番料理,euc_jp
4796648,147415272,0,.rodata,14,15,1,True,T3,0,0,0,True,ロールキャベツ,euc_jp
4796664,147415288,0,.rodata,46,47,1,True,T3,0,0,0,True,柔らかく煮込まれた肉汁たっぷりのロールキャベツ,euc_jp
4796724,147415348,0,.rodata,44,47,3,True,T3,0,0,0,True,紅茶で煮込まれた豚肉。紅茶が染み込んでいます,euc_jp
4796772,147415396,0,.rodata,12,15,3,True,T3,0,0,0,True,ラタトゥイユ,euc_jp
4796788,147415412,0,.rodata,14,15,1,True,T3,0,0,0,True,野菜のごった煮,euc_jp
4796804,147415428,0,.rodata,16,19,3,True,T3,0,0,0,True,チーズフォンデュ,euc_jp
4796824,147415448,0,.rodata,42,43,1,True,T3,0,0,0,True,様々な具を、熱したチーズにつけて食べる料理,euc_jp
4796868,147415492,0,.rodata,16,19,3,True,T3,0,0,0,True,フルーツグラタン,euc_jp
4796888,147415512,0,.rodata,26,27,1,True,T3,0,0,0,True,フルーツたっぷりのグラタン,euc_jp
4796916,147415540,0,.rodata,10,11,1,True,T3,0,0,0,True,レモンパイ,euc_jp
4796928,147415552,0,.rodata,36,39,3,True,T3,0,0,0,True,アツアツサクサクの焼き立てレモンパイ,euc_jp
4796968,147415592,0,.rodata,6,7,1,True,T3,0,0,0,True,チャイ,euc_jp
4796976,147415600,0,.rodata,20,23,3,True,T3,0,0,0,True,ミルクで煮出した紅茶,euc_jp
4797000,147415624,0,.rodata,12,15,3,True,T3,0,0,0,True,紅茶クッキー,euc_jp
4797016,147415640,0,.rodata,24,27,3,True,T3,0,0,0,True,紅茶の香りがするクッキー,euc_jp
4797044,147415668,0,.rodata,18,19,1,True,T3,0,0,0,True,クレープシュゼット,euc_jp
4797064,147415688,0,.rodata,34,35,1,True,T3,0,0,0,True,オレンジのソースで煮込んだクレープ,euc_jp
4797100,147415724,0,.rodata,16,19,3,True,T3,0,0,0,True,通称おいしおいし,euc_jp
4797120,147415744,0,.rodata,52,55,3,True,T3,0,0,0,True,フルーツパフェ・ウィズ・ショコラバナ〜ヌおいしおいし,euc_jp
4797176,147415800,0,.rodata,14,15,1,True,T3,0,0,0,True,山海珍味スープ,euc_jp
4797192,147415816,0,.rodata,30,31,1,True,T3,0,0,0,True,山と海の珍味が大集合したスープ,euc_jp
4797224,147415848,0,.rodata,16,19,3,True,T3,0,0,0,True,薬膳チャンプルー,euc_jp
4797244,147415868,0,.rodata,28,31,3,True,T3,0,0,0,True,野菜、豆腐を混ぜて炒めた料理,euc_jp
4797276,147415900,0,.rodata,16,19,3,True,T3,0,0,0,True,まンカんぜんセき,euc_jp
4797296,147415920,0,.rodata,50,51,1,True,T3,0,0,0,True,漢気で全ての席を満たしたと故事に残る料理、満漢全席,euc_jp
4798852,147417476,0,.rodata,18,19,1,True,T3,0,0,0,True,ビショップ初期装備,euc_jp
4798904,147417528,0,.rodata,14,15,1,True,T3,0,0,0,True,モンク初期装備,euc_jp
4798920,147417544,0,.rodata,12,15,3,True,T3,0,0,0,True,海賊初期装備,euc_jp
4798952,147417576,0,.rodata,16,19,3,True,T3,0,0,0,True,ガンマン初期装備,euc_jp
4798972,147417596,0,.rodata,16,19,3,True,T3,0,0,0,True,カノンノ初期装備,euc_jp
4815784,147434408,0,.rodata,10,11,1,True,T3,0,0,0,True,ビショップ,euc_jp
4815812,147434436,0,.rodata,6,7,1,True,T3,0,0,0,True,モンク,euc_jp
4815820,147434444,0,.rodata,4,7,3,True,T3,0,0,0,True,海賊,euc_jp
4815836,147434460,0,.rodata,8,11,3,True,T3,0,0,0,True,ガンマン,euc_jp
4815856,147434480,0,.rodata,8,11,3,True,T3,0,0,0,True,ハンター,euc_jp
4815940,147434564,0,.rodata,8,11,3,True,T3,0,0,0,True,ヒーラー,euc_jp
4816020,147434644,0,.rodata,6,7,1,True,T3,0,0,0,True,弓使い,euc_jp
4816040,147434664,0,.rodata,8,11,3,True,T3,0,0,0,True,シスター,euc_jp
4816052,147434676,0,.rodata,10,11,1,True,T3,0,0,0,True,スナイパー,euc_jp
4823236,147441860,0,.rodata,3,3,0,True,T3,0,0,0,True,ﾃ･ｦ,shift_jis
4823280,147441904,0,.rodata,3,3,0,True,T3,0,0,0,True,･ﾙﾇ,shift_jis
4825060,147443684,0,.rodata,33,33,0,True,T3,0,0,0,True,355e7a3f48e17a3fffa5eaffff66aaf4ff4c63a8ffd1fff7ff7aadadff384749ff,hex
4825732,147444356,0,.rodata,29,29,0,True,T3,0,0,0,True,c74b773f48e17a3fffa5eaffff66aaf4ff4c63a8ff75e2eaff2db2dbff,hex
4826272,147444896,0,.rodata,24,27,3,True,T3,0,0,0,True,装備品の物理攻撃力が変化,euc_jp
4826340,147444964,0,.rodata,22,23,1,True,T3,0,0,0,True,装備品の術攻撃力が変化,euc_jp
4826412,147445036,0,.rodata,24,27,3,True,T3,0,0,0,True,装備品の物理防御力が変化,euc_jp
4826480,147445104,0,.rodata,22,23,1,True,T3,0,0,0,True,装備品の術防御力が変化,euc_jp
4826528,147445152,0,.rodata,18,19,1,True,T3,0,0,0,True,装備品の敏捷が変化,euc_jp
4826568,147445192,0,.rodata,24,27,3,True,T3,0,0,0,True,敵を毒状態にする事がある,euc_jp
4826624,147445248,0,.rodata,26,27,1,True,T3,0,0,0,True,敵を麻痺状態にする事がある,euc_jp
4826652,147445276,0,.rodata,20,23,3,True,T3,0,0,0,True,クリティカルダメージ,euc_jp
4826676,147445300,0,.rodata,26,27,1,True,T3,0,0,0,True,クリティカルダメージ＋%d％,euc_jp
4826704,147445328,0,.rodata,26,27,1,True,T3,0,0,0,True,クリティカルダメージ−%d％,euc_jp
4826732,147445356,0,.rodata,34,35,1,True,T3,0,0,0,True,クリティカルヒットのダメージが変化,euc_jp
4826804,147445428,0,.rodata,42,43,1,True,T3,0,0,0,True,通常攻撃をヒットさせた時のＴＰ回復量が変化,euc_jp
4826848,147445472,0,.rodata,22,23,1,True,T3,0,0,0,True,オーバーリミッツ増加量,euc_jp
4826872,147445496,0,.rodata,22,23,1,True,T3,0,0,0,True,リミッツゲージ増加量UP,euc_jp
4826896,147445520,0,.rodata,28,31,3,True,T3,0,0,0,True,リミッツゲージが溜まりやすい,euc_jp
4826928,147445552,0,.rodata,10,11,1,True,T3,0,0,0,True,ガード破壊,euc_jp
4826940,147445564,0,.rodata,14,15,1,True,T3,0,0,0,True,ガード破壊＋%d,euc_jp
4826956,147445580,0,.rodata,24,27,3,True,T3,0,0,0,True,敵のガードを破壊しやすい,euc_jp
4826984,147445608,0,.rodata,16,19,3,True,T3,0,0,0,True,仰け反り耐性破壊,euc_jp
4827004,147445628,0,.rodata,20,23,3,True,T3,0,0,0,True,仰け反り耐性破壊＋%d,euc_jp
4827028,147445652,0,.rodata,28,31,3,True,T3,0,0,0,True,敵の仰け反り耐性を削りやすい,euc_jp
4827096,147445720,0,.rodata,22,23,1,True,T3,0,0,0,True,武器攻撃に土属性が付加,euc_jp
4827156,147445780,0,.rodata,22,23,1,True,T3,0,0,0,True,武器攻撃に水属性が付加,euc_jp
4827216,147445840,0,.rodata,22,23,1,True,T3,0,0,0,True,武器攻撃に火属性が付加,euc_jp
4827276,147445900,0,.rodata,22,23,1,True,T3,0,0,0,True,武器攻撃に風属性が付加,euc_jp
4827336,147445960,0,.rodata,22,23,1,True,T3,0,0,0,True,武器攻撃に光属性が付加,euc_jp
4827396,147446020,0,.rodata,22,23,1,True,T3,0,0,0,True,武器攻撃に闇属性が付加,euc_jp
4827480,147446104,0,.rodata,22,23,1,True,T3,0,0,0,True,土属性のダメージを軽減,euc_jp
4827504,147446128,0,.rodata,22,23,1,True,T3,0,0,0,True,土属性の攻撃に弱くなる,euc_jp
4827588,147446212,0,.rodata,22,23,1,True,T3,0,0,0,True,水属性のダメージを軽減,euc_jp
4827612,147446236,0,.rodata,22,23,1,True,T3,0,0,0,True,水属性の攻撃に弱くなる,euc_jp
4827696,147446320,0,.rodata,22,23,1,True,T3,0,0,0,True,火属性のダメージを軽減,euc_jp
4827720,147446344,0,.rodata,22,23,1,True,T3,0,0,0,True,火属性の攻撃に弱くなる,euc_jp
4827804,147446428,0,.rodata,22,23,1,True,T3,0,0,0,True,風属性のダメージを軽減,euc_jp
4827828,147446452,0,.rodata,22,23,1,True,T3,0,0,0,True,風属性の攻撃に弱くなる,euc_jp
4827912,147446536,0,.rodata,22,23,1,True,T3,0,0,0,True,光属性のダメージを軽減,euc_jp
4827936,147446560,0,.rodata,22,23,1,True,T3,0,0,0,True,光属性の攻撃に弱くなる,euc_jp
4828020,147446644,0,.rodata,22,23,1,True,T3,0,0,0,True,闇属性のダメージを軽減,euc_jp
4828044,147446668,0,.rodata,22,23,1,True,T3,0,0,0,True,闇属性の攻撃に弱くなる,euc_jp
4828100,147446724,0,.rodata,58,59,1,True,T3,0,0,0,True,キャラクターの最大ＨＰが上昇。同効果装備があればさらに加算,euc_jp
4828160,147446784,0,.rodata,28,31,3,True,T3,0,0,0,True,キャラクターの最大ＨＰが減少,euc_jp
4828224,147446848,0,.rodata,58,59,1,True,T3,0,0,0,True,キャラクターの最大ＴＰが上昇。同効果装備があればさらに加算,euc_jp
4828284,147446908,0,.rodata,28,31,3,True,T3,0,0,1,False,キャラクターの最大ＴＰが減少,euc_jp
4828364,147446988,0,.rodata,34,35,1,True,T3,0,0,0,True,キャラクターの基礎物理攻撃力が上昇,euc_jp
4828400,147447024,0,.rodata,34,35,1,True,T3,0,0,0,True,キャラクターの基礎物理攻撃力が減少,euc_jp
4828476,147447100,0,.rodata,32,35,3,True,T3,0,0,0,True,キャラクターの基礎術攻撃力が上昇,euc_jp
4828512,147447136,0,.rodata,32,35,3,True,T3,0,0,0,True,キャラクターの基礎術攻撃力が減少,euc_jp
4828596,147447220,0,.rodata,34,35,1,True,T3,0,0,0,True,キャラクターの基礎物理防御力が上昇,euc_jp
4828632,147447256,0,.rodata,34,35,1,True,T3,0,0,0,True,キャラクターの基礎物理防御力が減少,euc_jp
4828708,147447332,0,.rodata,32,35,3,True,T3,0,0,0,True,キャラクターの基礎術防御力が上昇,euc_jp
4828744,147447368,0,.rodata,32,35,3,True,T3,0,0,0,True,キャラクターの基礎術防御力が減少,euc_jp
4828812,147447436,0,.rodata,30,31,1,True,T3,0,0,0,True,キャラクターの基礎敏捷値が上昇,euc_jp
4828844,147447468,0,.rodata,30,31,1,True,T3,0,0,0,True,キャラクターの基礎敏捷値が減少,euc_jp
4828920,147447544,0,.rodata,22,23,1,True,T3,0,0,0,True,術の詠唱時間が長くなる,euc_jp
4828944,147447568,0,.rodata,40,43,3,True,T3,0,0,0,True,術の詠唱時間が短縮。他部位の同効果は加算,euc_jp
4829036,147447660,0,.rodata,24,27,3,True,T3,0,0,0,True,術や技の消費ＴＰ量が増加,euc_jp
4829064,147447688,0,.rodata,46,47,1,True,T3,0,0,0,True,術や技の消費ＴＰ量が減少。他部位の同効果は加算,euc_jp
4829112,147447736,0,.rodata,10,11,1,True,T3,0,0,0,True,ガード強化,euc_jp
4829124,147447748,0,.rodata,14,15,1,True,T3,0,0,0,True,ガード強化＋%d,euc_jp
4829140,147447764,0,.rodata,54,55,1,True,T3,0,0,0,True,ガードブレイクされにくい。同効果装備があればさらに加算,euc_jp
4829196,147447820,0,.rodata,12,15,3,True,T3,0,0,0,True,仰け反り耐性,euc_jp
4829212,147447836,0,.rodata,16,19,3,True,T3,0,0,0,True,仰け反り耐性＋%d,euc_jp
4829232,147447856,0,.rodata,30,31,1,True,T3,0,0,0,True,攻撃を受けた時に仰け反りにくい,euc_jp
4829264,147447888,0,.rodata,14,15,1,True,T3,0,0,0,True,リザルトTP回復,euc_jp
4829280,147447904,0,.rodata,22,23,1,True,T3,0,0,0,True,リザルトＴＰ回復＋%d％,euc_jp
4829304,147447928,0,.rodata,62,63,1,True,T3,0,0,0,True,リザルト時に回復するＴＰ量が変化。同効果装備があればさらに加算,euc_jp
4829368,147447992,0,.rodata,26,27,1,True,T3,0,0,0,True,敵のターゲットになりやすい,euc_jp
4829396,147448020,0,.rodata,26,27,1,True,T3,0,0,0,True,戦闘中、敵から狙われやすい,euc_jp
4829424,147448048,0,.rodata,26,27,1,True,T3,0,0,0,True,敵のターゲットになりにくい,euc_jp
4829452,147448076,0,.rodata,26,27,1,True,T3,0,0,0,True,戦闘中、敵から狙われにくい,euc_jp
4829480,147448104,0,.rodata,8,11,3,True,T3,0,0,0,True,毒を防止,euc_jp
4829492,147448116,0,.rodata,14,15,1,True,T3,0,0,0,True,毒状態を無効化,euc_jp
4829508,147448132,0,.rodata,10,11,1,True,T3,0,0,0,True,衰弱を防止,euc_jp
4829520,147448144,0,.rodata,16,19,3,True,T3,0,0,0,True,衰弱状態を無効化,euc_jp
4829540,147448164,0,.rodata,10,11,1,True,T3,0,0,0,True,気絶を防止,euc_jp
4829552,147448176,0,.rodata,16,19,3,True,T3,0,0,0,True,気絶状態を無効化,euc_jp
4829572,147448196,0,.rodata,14,15,1,True,T3,0,0,0,True,術技封印を防止,euc_jp
4829588,147448212,0,.rodata,20,23,3,True,T3,0,0,0,True,術技封印状態を無効化,euc_jp
4829612,147448236,0,.rodata,10,11,1,True,T3,0,0,0,True,麻痺を防止,euc_jp
4829624,147448248,0,.rodata,16,19,3,True,T3,0,0,0,True,麻痺状態を無効化,euc_jp
4829644,147448268,0,.rodata,10,11,1,True,T3,0,0,0,True,石化を防止,euc_jp
4829656,147448280,0,.rodata,16,19,3,True,T3,0,0,0,True,石化状態を無効化,euc_jp
4829692,147448316,0,.rodata,22,23,1,True,T3,0,0,0,True,全ての状態異常を無効化,euc_jp
4829716,147448340,0,.rodata,16,19,3,True,T3,0,0,0,True,敵撃破時にHP回復,euc_jp
4829736,147448360,0,.rodata,20,23,3,True,T3,0,0,0,True,敵撃破時にHP%d％回復,euc_jp
4829760,147448384,0,.rodata,58,59,1,True,T3,0,0,0,True,敵に止めを刺した時、HPが回復。同効果装備があればさらに加算,euc_jp
4829820,147448444,0,.rodata,16,19,3,True,T3,0,0,0,True,敵撃破時にTP回復,euc_jp
4829840,147448464,0,.rodata,20,23,3,True,T3,0,0,0,True,敵撃破時にTP%d％回復,euc_jp
4829864,147448488,0,.rodata,58,59,1,True,T3,0,0,0,True,敵に止めを刺した時、TPが回復。同効果装備があればさらに加算,euc_jp
4829956,147448580,0,.rodata,56,59,3,True,T3,0,0,0,True,戦闘で獲得する経験値が増加。同効果装備があればさらに加算,euc_jp
4830016,147448640,0,.rodata,20,23,3,True,T3,0,0,0,True,獲得グレードポイント,euc_jp
4830040,147448664,0,.rodata,26,27,1,True,T3,0,0,0,True,獲得グレードポイント＋%d％,euc_jp
4830068,147448692,0,.rodata,66,67,1,True,T3,0,0,0,True,戦闘で獲得するグレードポイントが増加。同効果装備があればさらに加算,euc_jp
4830136,147448760,0,.rodata,10,11,1,True,T3,0,0,0,True,獲得ガルド,euc_jp
4830148,147448772,0,.rodata,16,19,3,True,T3,0,0,0,True,獲得ガルド＋%d％,euc_jp
4830168,147448792,0,.rodata,56,59,3,True,T3,0,0,0,True,戦闘で獲得するガルドが増加。同効果装備があればさらに加算,euc_jp
4830228,147448852,0,.rodata,10,11,1,True,T3,0,0,0,True,レア獲得増,euc_jp
4830240,147448864,0,.rodata,14,15,1,True,T3,0,0,0,True,レア獲得増＋%d,euc_jp
4830256,147448880,0,.rodata,62,63,1,True,T3,0,0,0,True,スキルの付いた装備を入手しやすい。同効果装備があればさらに加算,euc_jp
4830320,147448944,0,.rodata,16,19,3,True,T3,0,0,0,True,スキルスロット増,euc_jp
4830340,147448964,0,.rodata,20,23,3,True,T3,0,0,0,True,スキルスロット増＋%d,euc_jp
4830364,147448988,0,.rodata,68,71,3,True,T3,0,0,0,True,スキルスロットが多い装備を入手しやすい。同効果装備があればさらに加算,euc_jp
4830436,147449060,0,.rodata,14,15,1,True,T3,0,0,0,True,獲得アイテム増,euc_jp
4830452,147449076,0,.rodata,24,27,3,True,T3,0,0,0,True,敵からのアイテム獲得＋%d,euc_jp
4830480,147449104,0,.rodata,64,67,3,True,T3,0,0,0,True,倒した敵からアイテムを入手しやすい。同効果装備があればさらに加算,euc_jp
4830576,147449200,0,.rodata,58,59,1,True,T3,0,0,0,True,採取でアイテムを入手しやすい。同効果装備があればさらに加算,euc_jp
4830664,147449288,0,.rodata,58,59,1,True,T3,0,0,0,True,採掘でアイテムを入手しやすい。同効果装備があればさらに加算,euc_jp
4830724,147449348,0,.rodata,16,19,3,True,T3,0,0,0,True,宝箱ドロップ効果,euc_jp
4830744,147449368,0,.rodata,20,23,3,True,T3,0,0,0,True,宝箱ドロップ効果＋%d,euc_jp
4830768,147449392,0,.rodata,60,63,3,True,T3,0,0,0,True,宝箱からアイテムを入手しやすい。同効果装備があればさらに加算,euc_jp
4830832,147449456,0,.rodata,12,15,3,True,T3,0,0,0,True,クエスト報酬,euc_jp
4830848,147449472,0,.rodata,20,23,3,True,T3,0,0,0,True,クエスト報酬獲得＋%d,euc_jp
4830872,147449496,0,.rodata,34,35,1,True,T3,0,0,0,True,クエストの報酬候補の取得率が上がる,euc_jp
4830908,147449532,0,.rodata,14,15,1,True,T3,0,0,0,True,マップ移動速度,euc_jp
4830924,147449548,0,.rodata,24,27,3,True,T3,0,0,0,True,ダンジョン移動速度＋%d％,euc_jp
4830952,147449576,0,.rodata,24,27,3,True,T3,0,0,0,True,ダンジョン移動速度−%d％,euc_jp
4830980,147449604,0,.rodata,28,31,3,True,T3,0,0,0,True,ダンジョンでの移動速度が上昇,euc_jp
4831012,147449636,0,.rodata,28,31,3,True,T3,0,0,0,True,ダンジョンでの移動速度が減少,euc_jp
4831088,147449712,0,.rodata,26,27,1,True,T3,0,0,0,True,逃走に必要な時間が長くなる,euc_jp
4831116,147449740,0,.rodata,26,27,1,True,T3,0,0,0,True,逃走に必要な時間が短くなる,euc_jp
4831144,147449768,0,.rodata,28,31,3,True,T3,0,0,0,True,バックアタックペナルティ無視,euc_jp
4831176,147449800,0,.rodata,24,27,3,True,T3,0,0,0,True,常にバックアタックされる,euc_jp
4831264,147449888,0,.rodata,30,31,1,True,T3,0,0,0,True,常にバックアタックされてしまう,euc_jp
4831296,147449920,0,.rodata,26,27,1,True,T3,0,0,0,True,敵シンボルの移動速度＋%d％,euc_jp
4831324,147449948,0,.rodata,26,27,1,True,T3,0,0,0,True,敵シンボルの移動速度−%d％,euc_jp
4831352,147449976,0,.rodata,40,43,3,True,T3,0,0,0,True,ダンジョンでの敵シンボルの移動速度が上昇,euc_jp
4831396,147450020,0,.rodata,40,43,3,True,T3,0,0,0,True,ダンジョンでの敵シンボルの移動速度が減少,euc_jp
4831440,147450064,0,.rodata,26,27,1,True,T3,0,0,0,True,敵シンボルの出現頻度＋%d％,euc_jp
4831468,147450092,0,.rodata,26,27,1,True,T3,0,0,0,True,敵シンボルの出現頻度−%d％,euc_jp
4831496,147450120,0,.rodata,40,43,3,True,T3,0,0,0,True,ダンジョンでの敵シンボルの出現頻度が上昇,euc_jp
4831540,147450164,0,.rodata,40,43,3,True,T3,0,0,0,True,ダンジョンでの敵シンボルの出現頻度が減少,euc_jp
4831584,147450208,0,.rodata,26,27,1,True,T3,0,0,0,True,敵シンボルが襲ってきにくい,euc_jp
4831612,147450236,0,.rodata,26,27,1,True,T3,0,0,0,True,敵シンボルが襲ってきやすい,euc_jp
4831640,147450264,0,.rodata,44,47,3,True,T3,0,0,0,True,ダンジョンでの敵シンボルの行動が消極的になる,euc_jp
4831688,147450312,0,.rodata,38,39,1,True,T3,0,0,0,True,ダンジョンでの敵シンボルが好戦的になる,euc_jp
4831740,147450364,0,.rodata,62,63,1,True,T3,0,0,0,True,装備スキルが空白のスロットです。合成で装備スキルを付加出来ます,euc_jp
4833468,147452092,0,.rodata,12,15,3,True,T3,0,0,0,True,アップルグミ,euc_jp
4833484,147452108,0,.rodata,42,43,1,True,T3,0,0,0,True,アップルとグミの元で作られた、ゼリー状の薬,euc_jp
4833528,147452152,0,.rodata,12,15,3,True,T3,0,0,0,True,オレンジグミ,euc_jp
4833544,147452168,0,.rodata,42,43,1,True,T3,0,0,0,True,オレンジとグミの元で作られた、ゼリー状の薬,euc_jp
4833588,147452212,0,.rodata,10,11,1,True,T3,0,0,0,True,レモングミ,euc_jp
4833600,147452224,0,.rodata,40,43,3,True,T3,0,0,0,True,レモンとグミの元で作られた、ゼリー状の薬,euc_jp
4833644,147452268,0,.rodata,10,11,1,True,T3,0,0,0,True,パイングミ,euc_jp
4833656,147452280,0,.rodata,40,43,3,True,T3,0,0,0,True,パインとグミの元で作られた、ゼリー状の薬,euc_jp
4833700,147452324,0,.rodata,12,15,3,True,T3,0,0,0,True,ミックスグミ,euc_jp
4833716,147452340,0,.rodata,52,55,3,True,T3,0,0,0,True,アップルとオレンジとグミの元で作られた、ゼリー状の薬,euc_jp
4833772,147452396,0,.rodata,12,15,3,True,T3,0,0,0,True,ミラクルグミ,euc_jp
4833788,147452412,0,.rodata,32,35,3,True,T3,0,0,0,True,何もかもが奇跡的な、ゼリー状の薬,euc_jp
4833824,147452448,0,.rodata,14,15,1,True,T3,0,0,0,True,スペシフィック,euc_jp
4833840,147452464,0,.rodata,46,47,1,True,T3,0,0,0,True,コラ・ナッツとグミの元で作られた、ゼリー状の薬,euc_jp
4833888,147452512,0,.rodata,8,11,3,True,T3,0,0,0,True,トリート,euc_jp
4833900,147452524,0,.rodata,40,43,3,True,T3,0,0,0,True,大量のグミ素材から作られた、ゼリー状の薬,euc_jp
4833944,147452568,0,.rodata,12,15,3,True,T3,0,0,0,True,キュアボトル,euc_jp
4833960,147452584,0,.rodata,30,31,1,True,T3,0,0,0,True,状態異常を回復させる、液体薬品,euc_jp
4833992,147452616,0,.rodata,14,15,1,True,T3,0,0,0,True,ディネイボトル,euc_jp
4834008,147452632,0,.rodata,30,31,1,True,T3,0,0,0,True,状態変化を回復させる、液体薬品,euc_jp
4834040,147452664,0,.rodata,16,19,3,True,T3,0,0,0,True,パナシーアボトル,euc_jp
4834060,147452684,0,.rodata,40,43,3,True,T3,0,0,0,True,状態異常と状態変化を回復させる、液体薬品,euc_jp
4834104,147452728,0,.rodata,12,15,3,True,T3,0,0,0,True,ライフボトル,euc_jp
4834120,147452744,0,.rodata,30,31,1,True,T3,0,0,0,True,戦闘不能を回復させる、液体薬品,euc_jp
4834152,147452776,0,.rodata,12,15,3,True,T3,0,0,0,True,エリクシール,euc_jp
4834168,147452792,0,.rodata,36,39,3,True,T3,0,0,0,True,HP、TP、状態異常を全て回復する万能薬,euc_jp
4834208,147452832,0,.rodata,14,15,1,True,T3,0,0,0,True,スペクタクルズ,euc_jp
4834224,147452848,0,.rodata,20,23,3,True,T3,0,0,0,True,敵のステータスを解析,euc_jp
4834248,147452872,0,.rodata,14,15,1,True,T3,0,0,0,True,ハナアブラダケ,euc_jp
4834264,147452888,0,.rodata,32,35,3,True,T3,0,0,0,True,ティトレイ自慢のキノコ料理の材料,euc_jp
4834704,147453328,0,.rodata,8,11,3,True,T3,0,0,0,True,こくもつ,euc_jp
4834716,147453340,0,.rodata,8,11,3,True,T3,0,0,0,True,コクモツ,euc_jp
4834728,147453352,0,.rodata,18,19,1,True,T3,0,0,0,True,主食なのに味は脇役,euc_jp
4834748,147453372,0,.rodata,10,11,1,True,T3,0,0,0,True,ベジタブル,euc_jp
4834760,147453384,0,.rodata,11,11,0,True,T3,0,0,0,True,ベジタブル ,euc_jp
4834772,147453396,0,.rodata,26,27,1,True,T3,0,0,0,True,これだけじゃ胃袋が寂しい…,euc_jp
4834800,147453424,0,.rodata,6,7,1,True,T3,0,0,0,True,ミート,euc_jp
4834808,147453432,0,.rodata,7,7,0,True,T3,0,0,0,True,ミート ,euc_jp
4834816,147453440,0,.rodata,36,39,3,True,T3,0,0,0,True,のびのびと育った…であろう、何かの肉,euc_jp
4834856,147453480,0,.rodata,10,11,1,True,T3,0,0,0,True,シーフード,euc_jp
4834868,147453492,0,.rodata,11,11,0,True,T3,0,0,0,True,シーフード ,euc_jp
4834880,147453504,0,.rodata,38,39,1,True,T3,0,0,0,True,シーとは言うが、川でとれてもシーフード,euc_jp
4834920,147453544,0,.rodata,6,7,1,True,T3,0,0,0,True,たまご,euc_jp
4834928,147453552,0,.rodata,6,7,1,True,T3,0,0,0,True,タマゴ,euc_jp
4834936,147453560,0,.rodata,42,43,1,True,T3,0,0,0,True,何の「卵」かは知らないが、とにかく「玉子」,euc_jp
4834980,147453604,0,.rodata,6,7,1,True,T3,0,0,0,True,ミルク,euc_jp
4834988,147453612,0,.rodata,7,7,0,True,T3,0,0,0,True,ミルク ,euc_jp
4834996,147453620,0,.rodata,20,23,3,True,T3,0,0,0,True,母性愛で分泌された汁,euc_jp
4835028,147453652,0,.rodata,14,15,1,True,T3,0,0,0,True,チョウミリョウ,euc_jp
4835044,147453668,0,.rodata,24,27,3,True,T3,0,0,0,True,これが無い料理は味が無い,euc_jp
4835072,147453696,0,.rodata,8,11,3,True,T3,0,0,0,True,フルーツ,euc_jp
4835084,147453708,0,.rodata,9,11,2,True,T3,0,0,0,True,フルーツ ,euc_jp
4835096,147453720,0,.rodata,32,35,3,True,T3,0,0,0,True,イチゴとスイカとメロンは野菜です,euc_jp
4835132,147453756,0,.rodata,8,11,3,True,T3,0,0,0,True,スパイス,euc_jp
4835144,147453768,0,.rodata,9,11,2,True,T3,0,0,0,True,スパイス ,euc_jp
4835156,147453780,0,.rodata,16,19,3,True,T3,0,0,0,True,人生に必要なもの,euc_jp
4835176,147453800,0,.rodata,12,15,3,True,T3,0,0,0,True,レアスパイス,euc_jp
4835192,147453816,0,.rodata,13,15,2,True,T3,0,0,0,True,レアスパイス ,euc_jp
4835208,147453832,0,.rodata,26,27,1,True,T3,0,0,0,True,小粒でもぴりりと高い香辛料,euc_jp
4835236,147453860,0,.rodata,8,11,3,True,T3,0,0,0,True,グミの元,euc_jp
4835248,147453872,0,.rodata,10,11,1,True,T3,0,0,0,True,グミノモト,euc_jp
4835260,147453884,0,.rodata,12,15,3,True,T3,0,0,0,True,グミを作る元,euc_jp
4835276,147453900,0,.rodata,8,11,3,True,T3,0,0,0,True,アップル,euc_jp
4835288,147453912,0,.rodata,38,39,1,True,T3,0,0,0,True,煮てよし、焼いてよし、生でもよしの果物,euc_jp
4835328,147453952,0,.rodata,8,11,3,True,T3,0,0,0,True,オレンジ,euc_jp
4835340,147453964,0,.rodata,26,27,1,True,T3,0,0,0,True,果汁が目に入ると沁みる果物,euc_jp
4835368,147453992,0,.rodata,6,7,1,True,T3,0,0,0,True,レモン,euc_jp
4835376,147454000,0,.rodata,26,27,1,True,T3,0,0,0,True,想像するとヨダレが出る果物,euc_jp
4835404,147454028,0,.rodata,6,7,1,True,T3,0,0,0,True,パイン,euc_jp
4835412,147454036,0,.rodata,18,19,1,True,T3,0,0,0,True,ちくちくと痛い果物,euc_jp
4835432,147454056,0,.rodata,12,15,3,True,T3,0,0,0,True,コラ・ナッツ,euc_jp
4835448,147454072,0,.rodata,14,15,1,True,T3,0,0,0,True,コーラの木の実,euc_jp
4835464,147454088,0,.rodata,6,7,1,True,T3,0,0,0,True,ボトル,euc_jp
4835472,147454096,0,.rodata,16,19,3,True,T3,0,0,0,True,ボトル類を作る元,euc_jp
4835492,147454116,0,.rodata,8,11,3,True,T3,0,0,0,True,生命の実,euc_jp
4835504,147454128,0,.rodata,12,15,3,True,T3,0,0,0,True,セイメイノミ,euc_jp
4835520,147454144,0,.rodata,36,39,3,True,T3,0,0,0,True,生命力を増大させるといわれる奇跡の実,euc_jp
4835560,147454184,0,.rodata,8,11,3,True,T3,0,0,0,True,災厄の実,euc_jp
4835572,147454196,0,.rodata,12,15,3,True,T3,0,0,0,True,サイヤクノミ,euc_jp
4835588,147454212,0,.rodata,34,35,1,True,T3,0,0,0,True,災厄を呼び起こすといわれる奇跡の実,euc_jp
4835624,147454248,0,.rodata,8,11,3,True,T3,0,0,0,True,聖なる実,euc_jp
4835636,147454260,0,.rodata,10,11,1,True,T3,0,0,0,True,セイナルミ,euc_jp
4835648,147454272,0,.rodata,32,35,3,True,T3,0,0,0,True,災厄を振り払うといわれる奇跡の実,euc_jp
4836128,147454752,0,.rodata,4,7,3,True,T3,0,0,0,True,ドウ,euc_jp
4836136,147454760,0,.rodata,12,15,3,True,T3,0,0,0,True,赤い色の鉱物,euc_jp
4836156,147454780,0,.rodata,4,7,3,True,T3,0,0,0,True,ギン,euc_jp
4836164,147454788,0,.rodata,18,19,1,True,T3,0,0,0,True,白く輝く高価な鉱物,euc_jp
4836188,147454812,0,.rodata,4,7,3,True,T3,0,0,0,True,キン,euc_jp
4836196,147454820,0,.rodata,18,19,1,True,T3,0,0,0,True,金に輝く高価な鉱物,euc_jp
4836216,147454840,0,.rodata,12,15,3,True,T3,0,0,0,True,ダマスカス鋼,euc_jp
4836232,147454856,0,.rodata,14,15,1,True,T3,0,0,0,True,ダマスカスコウ,euc_jp
4836248,147454872,0,.rodata,30,31,1,True,T3,0,0,0,True,木目状の模様がある、強靭な鉱物,euc_jp
4836280,147454904,0,.rodata,12,15,3,True,T3,0,0,0,True,ヒヒイロカネ,euc_jp
4836296,147454920,0,.rodata,28,31,3,True,T3,0,0,0,True,自ら輝きを発する、生きた鉱物,euc_jp
4836336,147454960,0,.rodata,10,11,1,True,T3,0,0,0,True,スイショウ,euc_jp
4836348,147454972,0,.rodata,22,23,1,True,T3,0,0,0,True,無色透明、氷の様な宝石,euc_jp
4836372,147454996,0,.rodata,12,15,3,True,T3,0,0,0,True,モルダバイト,euc_jp
4836388,147455012,0,.rodata,34,35,1,True,T3,0,0,0,True,隕石の衝突で生まれたガラス質の宝石,euc_jp
4836424,147455048,0,.rodata,16,19,3,True,T3,0,0,0,True,オーラクリスタル,euc_jp
4836444,147455068,0,.rodata,40,43,3,True,T3,0,0,0,True,淡い様々な色を発する水晶の仲間である宝石,euc_jp
4836488,147455112,0,.rodata,18,19,1,True,T3,0,0,0,True,セイクリッドセブン,euc_jp
4836508,147455132,0,.rodata,40,43,3,True,T3,0,0,0,True,七種の鉱物が封じ込められている貴重な宝石,euc_jp
4836564,147455188,0,.rodata,18,19,1,True,T3,0,0,0,True,ジュンケツホスチア,euc_jp
4836584,147455208,0,.rodata,28,31,3,True,T3,0,0,0,True,高純度のマナが物質化した宝石,euc_jp
4836620,147455244,0,.rodata,4,7,3,True,T3,0,0,0,True,アサ,euc_jp
4836628,147455252,0,.rodata,18,19,1,True,T3,0,0,0,True,硬質の繊維がとれる,euc_jp
4836652,147455276,0,.rodata,4,7,3,True,T3,0,0,0,True,ワタ,euc_jp
4836660,147455284,0,.rodata,34,35,1,True,T3,0,0,0,True,伸びにくく吸湿性のある繊維がとれる,euc_jp
4836696,147455320,0,.rodata,6,7,1,True,T3,0,0,0,True,ウール,euc_jp
4836704,147455328,0,.rodata,30,31,1,True,T3,0,0,0,True,弾力があり、空気を多く含む繊維,euc_jp
4836740,147455364,0,.rodata,4,7,3,True,T3,0,0,0,True,キヌ,euc_jp
4836748,147455372,0,.rodata,26,27,1,True,T3,0,0,0,True,光沢があり、なめらかな繊維,euc_jp
4836776,147455400,0,.rodata,12,15,3,True,T3,0,0,0,True,エンゼルヘア,euc_jp
4836792,147455416,0,.rodata,40,43,3,True,T3,0,0,0,True,未確認飛行物体の落としものと言われる繊維,euc_jp
4836836,147455460,0,.rodata,8,11,3,True,T3,0,0,0,True,割れた牙,euc_jp
4836848,147455472,0,.rodata,10,11,1,True,T3,0,0,0,True,ワレタキバ,euc_jp
4836860,147455484,0,.rodata,20,23,3,True,T3,0,0,0,True,虫歯に侵されて脆い牙,euc_jp
4836884,147455508,0,.rodata,8,11,3,True,T3,0,0,0,True,普通の牙,euc_jp
4836896,147455520,0,.rodata,12,15,3,True,T3,0,0,0,True,フツウノキバ,euc_jp
4836912,147455536,0,.rodata,10,11,1,True,T3,0,0,0,True,健康的な牙,euc_jp
4836924,147455548,0,.rodata,6,7,1,True,T3,0,0,0,True,鋭い牙,euc_jp
4836932,147455556,0,.rodata,12,15,3,True,T3,0,0,0,True,スルドイキバ,euc_jp
4836948,147455572,0,.rodata,12,15,3,True,T3,0,0,0,True,鋭く尖った牙,euc_jp
4836964,147455588,0,.rodata,8,11,3,True,T3,0,0,0,True,頑強な牙,euc_jp
4836976,147455600,0,.rodata,16,19,3,True,T3,0,0,0,True,ガンキョウナキバ,euc_jp
4836996,147455620,0,.rodata,20,23,3,True,T3,0,0,0,True,頑丈で攻撃性の高い牙,euc_jp
4837020,147455644,0,.rodata,8,11,3,True,T3,0,0,0,True,覇王の牙,euc_jp
4837032,147455656,0,.rodata,12,15,3,True,T3,0,0,0,True,ハオウノキバ,euc_jp
4837048,147455672,0,.rodata,38,39,1,True,T3,0,0,0,True,持ち主の堂々たる風格が思い起こされる牙,euc_jp
4837088,147455712,0,.rodata,12,15,3,True,T3,0,0,0,True,貧弱なウロコ,euc_jp
4837104,147455728,0,.rodata,18,19,1,True,T3,0,0,0,True,ヒンジャクナウロコ,euc_jp
4837124,147455748,0,.rodata,32,35,3,True,T3,0,0,0,True,ペラペラと薄く、割れやすいウロコ,euc_jp
4837160,147455784,0,.rodata,10,11,1,True,T3,0,0,0,True,硬いウロコ,euc_jp
4837172,147455796,0,.rodata,12,15,3,True,T3,0,0,0,True,カタイウロコ,euc_jp
4837188,147455812,0,.rodata,32,35,3,True,T3,0,0,0,True,外部環境から身を守っていたウロコ,euc_jp
4837224,147455848,0,.rodata,12,15,3,True,T3,0,0,0,True,堅守のウロコ,euc_jp
4837240,147455864,0,.rodata,16,19,3,True,T3,0,0,0,True,ケンシュノウロコ,euc_jp
4837260,147455884,0,.rodata,34,35,1,True,T3,0,0,1,False,外敵の攻撃から身を守っていたウロコ,euc_jp
4837296,147455920,0,.rodata,12,15,3,True,T3,0,0,0,True,威迫のウロコ,euc_jp
4837312,147455936,0,.rodata,14,15,1,True,T3,0,0,0,True,イハクノウロコ,euc_jp
4837328,147455952,0,.rodata,40,43,3,True,T3,0,0,0,True,防御よりも、攻撃の為に発達していたウロコ,euc_jp
4837372,147455996,0,.rodata,10,11,1,True,T3,0,0,3,False,輝くウロコ,euc_jp
4837384,147456008,0,.rodata,14,15,1,True,T3,0,0,0,True,カガヤクウロコ,euc_jp
4837400,147456024,0,.rodata,32,35,3,True,T3,0,0,0,True,宝石と見まごうばかりに輝くウロコ,euc_jp
4837436,147456060,0,.rodata,16,19,3,True,T3,0,0,0,True,まがったクチバシ,euc_jp
4837456,147456080,0,.rodata,16,19,3,True,T3,0,0,0,True,マガッタクチバシ,euc_jp
4837476,147456100,0,.rodata,40,43,3,True,T3,0,0,0,True,環境汚染の証拠に度々持ち出されるクチバシ,euc_jp
4837520,147456144,0,.rodata,12,15,3,True,T3,0,0,0,True,長いクチバシ,euc_jp
4837536,147456160,0,.rodata,14,15,1,True,T3,0,0,0,True,ナガイクチバシ,euc_jp
4837552,147456176,0,.rodata,34,35,1,True,T3,0,0,0,True,長いだけで強度はあまりないクチバシ,euc_jp
4837588,147456212,0,.rodata,14,15,1,True,T3,0,0,0,True,丈夫なクチバシ,euc_jp
4837604,147456228,0,.rodata,18,19,1,True,T3,0,0,0,True,ジョウブなクチバシ,euc_jp
4837624,147456248,0,.rodata,18,19,1,True,T3,0,0,0,True,強度のあるクチバシ,euc_jp
4837644,147456268,0,.rodata,16,19,3,True,T3,0,0,0,True,いかついクチバシ,euc_jp
4837664,147456288,0,.rodata,16,19,3,True,T3,0,0,0,True,イカツイクチバシ,euc_jp
4837684,147456308,0,.rodata,32,35,3,True,T3,0,0,0,True,威嚇の役目も果たしていたクチバシ,euc_jp
4837720,147456344,0,.rodata,14,15,1,True,T3,0,0,0,True,貪婪のクチバシ,euc_jp
4837736,147456360,0,.rodata,18,19,1,True,T3,0,0,0,True,ドンランノクチバシ,euc_jp
4837756,147456380,0,.rodata,38,39,1,True,T3,0,0,0,True,あらゆるものを貪ってきた剛毅なクチバシ,euc_jp
4837796,147456420,0,.rodata,10,11,1,True,T3,0,0,0,True,硬質の尻尾,euc_jp
4837808,147456432,0,.rodata,16,19,3,True,T3,0,0,0,True,コウシツノシッポ,euc_jp
4837828,147456452,0,.rodata,20,23,3,True,T3,0,0,0,True,硬くて曲がらない尻尾,euc_jp
4837852,147456476,0,.rodata,14,15,1,True,T3,0,0,0,True,しなやかな尻尾,euc_jp
4837868,147456492,0,.rodata,16,19,3,True,T3,0,0,0,True,シナヤカナシッポ,euc_jp
4837888,147456512,0,.rodata,28,31,3,True,T3,0,0,0,True,しなやかでふりふり揺れる尻尾,euc_jp
4837920,147456544,0,.rodata,12,15,3,True,T3,0,0,0,True,風切りのヒゲ,euc_jp
4837936,147456560,0,.rodata,14,15,1,True,T3,0,0,0,True,カゼキリノヒゲ,euc_jp
4837952,147456576,0,.rodata,36,39,3,True,T3,0,0,0,True,風にも揺れない、ハリとコシのあるヒゲ,euc_jp
4837992,147456616,0,.rodata,10,11,1,True,T3,0,0,0,True,絢爛な尻尾,euc_jp
4838004,147456628,0,.rodata,16,19,3,True,T3,0,0,0,True,ケンランナシッポ,euc_jp
4838024,147456648,0,.rodata,26,27,1,True,T3,0,0,0,True,綺麗だが、可愛さはない尻尾,euc_jp
4838052,147456676,0,.rodata,10,11,1,True,T3,0,0,0,True,幻視のヒゲ,euc_jp
4838064,147456688,0,.rodata,12,15,3,True,T3,0,0,0,True,ゲンシノヒゲ,euc_jp
4838080,147456704,0,.rodata,46,47,1,True,T3,0,0,0,True,見えたり見えなかったりするが確かに実在するヒゲ,euc_jp
4838128,147456752,0,.rodata,8,11,3,True,T3,0,0,0,True,硬い表皮,euc_jp
4838140,147456764,0,.rodata,14,15,1,True,T3,0,0,0,True,カタイヒョウヒ,euc_jp
4838156,147456780,0,.rodata,22,23,1,True,T3,0,0,0,True,硬いが応用しづらい表皮,euc_jp
4838180,147456804,0,.rodata,14,15,1,True,T3,0,0,0,True,なめらかな表皮,euc_jp
4838196,147456820,0,.rodata,18,19,1,True,T3,0,0,0,True,ナメラカナヒョウヒ,euc_jp
4838216,147456840,0,.rodata,24,27,3,True,T3,0,0,0,True,滑らかで加工が容易な表皮,euc_jp
4838244,147456868,0,.rodata,10,11,1,True,T3,0,0,0,True,艶めく表皮,euc_jp
4838256,147456880,0,.rodata,16,19,3,True,T3,0,0,0,True,ツヤメクヒョウヒ,euc_jp
4838276,147456900,0,.rodata,18,19,1,True,T3,0,0,0,True,ツヤツヤとした表皮,euc_jp
4838296,147456920,0,.rodata,10,11,1,True,T3,0,0,0,True,魅惑の表皮,euc_jp
4838308,147456932,0,.rodata,16,19,3,True,T3,0,0,0,True,ミワクノヒョウヒ,euc_jp
4838328,147456952,0,.rodata,26,27,1,True,T3,0,0,0,True,思わず頬擦りしたくなる表皮,euc_jp
4838356,147456980,0,.rodata,10,11,1,True,T3,0,0,0,True,高雅な表皮,euc_jp
4838368,147456992,0,.rodata,16,19,3,True,T3,0,0,0,True,コウガナヒョウヒ,euc_jp
4838388,147457012,0,.rodata,32,35,3,True,T3,0,0,0,True,見る事もはばかられるほど雅な表皮,euc_jp
4838424,147457048,0,.rodata,14,15,1,True,T3,0,0,0,True,抜け落ちた羽根,euc_jp
4838440,147457064,0,.rodata,14,15,1,True,T3,0,0,0,True,ヌケオチタハネ,euc_jp
4838456,147457080,0,.rodata,40,43,3,True,T3,0,0,0,True,用済みとなって身体から抜けた、劣化した羽,euc_jp
4838500,147457124,0,.rodata,8,11,3,True,T3,0,0,0,True,長い羽根,euc_jp
4838512,147457136,0,.rodata,10,11,1,True,T3,0,0,0,True,ナガイハネ,euc_jp
4838524,147457148,0,.rodata,20,23,3,True,T3,0,0,0,True,長いが美しくはない羽,euc_jp
4838548,147457172,0,.rodata,10,11,1,True,T3,0,0,0,True,華麗な羽根,euc_jp
4838560,147457184,0,.rodata,12,15,3,True,T3,0,0,0,True,カレイナハネ,euc_jp
4838576,147457200,0,.rodata,20,23,3,True,T3,0,0,0,True,求愛の決め手となる羽,euc_jp
4838600,147457224,0,.rodata,8,11,3,True,T3,0,0,0,True,香る羽根,euc_jp
4838612,147457236,0,.rodata,10,11,1,True,T3,0,0,0,True,カオルハネ,euc_jp
4838624,147457248,0,.rodata,20,23,3,True,T3,0,0,0,True,芳香を放つ不思議な羽,euc_jp
4838648,147457272,0,.rodata,12,15,3,True,T3,0,0,0,True,虹彩放つ羽根,euc_jp
4838664,147457288,0,.rodata,18,19,1,True,T3,0,0,0,True,コウサイハナツハネ,euc_jp
4838684,147457308,0,.rodata,20,23,3,True,T3,0,0,0,True,自ら光り輝く珍しい羽,euc_jp
4838708,147457332,0,.rodata,12,15,3,True,T3,0,0,0,True,スカスカの骨,euc_jp
4838724,147457348,0,.rodata,14,15,1,True,T3,0,0,0,True,スカスカノホネ,euc_jp
4838740,147457364,0,.rodata,20,23,3,True,T3,0,0,0,True,栄養状態の悪かった骨,euc_jp
4838764,147457388,0,.rodata,6,7,1,True,T3,0,0,0,True,硬い骨,euc_jp
4838772,147457396,0,.rodata,10,11,1,True,T3,0,0,0,True,カタイホネ,euc_jp
4838784,147457408,0,.rodata,22,23,1,True,T3,0,0,0,True,カルシウムみっちりの骨,euc_jp
4838808,147457432,0,.rodata,12,15,3,True,T3,0,0,0,True,異常発達の骨,euc_jp
4838824,147457448,0,.rodata,22,23,1,True,T3,0,0,0,True,イジョウハッタツノホネ,euc_jp
4838848,147457472,0,.rodata,28,31,3,True,T3,0,0,0,True,異常な発達を遂げて規格外の骨,euc_jp
4838880,147457504,0,.rodata,10,11,1,True,T3,0,0,0,True,遺恨放つ骨,euc_jp
4838892,147457516,0,.rodata,16,19,3,True,T3,0,0,0,True,イコンハナツホネ,euc_jp
4838912,147457536,0,.rodata,30,31,1,True,T3,0,0,0,True,生前の恨み辛みがこもっている骨,euc_jp
4838944,147457568,0,.rodata,10,11,1,True,T3,0,0,0,True,魔性宿る骨,euc_jp
4838956,147457580,0,.rodata,18,19,1,True,T3,0,0,0,True,マショウヤドルホネ,euc_jp
4838976,147457600,0,.rodata,42,43,1,True,T3,0,0,0,True,死してもなお、何かの意思を持ち続けている骨,euc_jp
4839020,147457644,0,.rodata,8,11,3,True,T3,0,0,0,True,折れた針,euc_jp
4839032,147457656,0,.rodata,10,11,1,True,T3,0,0,0,True,オレタハリ,euc_jp
4839044,147457668,0,.rodata,24,27,3,True,T3,0,0,0,True,肝心な尖りが欠けている針,euc_jp
4839072,147457696,0,.rodata,10,11,1,True,T3,0,0,0,True,鉤のある針,euc_jp
4839084,147457708,0,.rodata,14,15,1,True,T3,0,0,0,True,カギノアルハリ,euc_jp
4839100,147457724,0,.rodata,30,31,1,True,T3,0,0,0,True,一度刺さればなかなか抜けない針,euc_jp
4839132,147457756,0,.rodata,8,11,3,True,T3,0,0,0,True,致死の針,euc_jp
4839144,147457768,0,.rodata,10,11,1,True,T3,0,0,0,True,チシノハリ,euc_jp
4839156,147457780,0,.rodata,32,35,3,True,T3,0,0,0,True,刺すと、死に至らしめる毒がある針,euc_jp
4839192,147457816,0,.rodata,12,15,3,True,T3,0,0,0,True,透きとおる針,euc_jp
4839208,147457832,0,.rodata,14,15,1,True,T3,0,0,0,True,スキトオルハリ,euc_jp
4839224,147457848,0,.rodata,32,35,3,True,T3,0,0,0,True,透明で、刺しても気付かれにくい針,euc_jp
4839260,147457884,0,.rodata,12,15,3,True,T3,0,0,0,True,全てを貫く針,euc_jp
4839276,147457900,0,.rodata,20,23,3,True,T3,0,0,0,True,スベテヲツラヌクハリ,euc_jp
4839300,147457924,0,.rodata,34,35,1,True,T3,0,0,0,True,どんなものでも貫通する…とされる針,euc_jp
4839336,147457960,0,.rodata,10,11,1,True,T3,0,0,0,True,乾いた触手,euc_jp
4839348,147457972,0,.rodata,18,19,1,True,T3,0,0,0,True,カワイタショクシュ,euc_jp
4839368,147457992,0,.rodata,18,19,1,True,T3,0,0,0,True,柔軟性に欠ける触手,euc_jp
4839388,147458012,0,.rodata,12,15,3,True,T3,0,0,0,True,うごめく触手,euc_jp
4839404,147458028,0,.rodata,18,19,1,True,T3,0,0,0,True,ウゴメクショクシュ,euc_jp
4839424,147458048,0,.rodata,36,39,3,True,T3,0,0,0,True,本体から切り離されても動いている触手,euc_jp
4839464,147458088,0,.rodata,12,15,3,True,T3,0,0,0,True,生温かい触手,euc_jp
4839480,147458104,0,.rodata,24,27,3,True,T3,0,0,0,True,ナマアタタカイショクシュ,euc_jp
4839508,147458132,0,.rodata,26,27,1,True,T3,0,0,0,True,いつまでもフレッシュな触手,euc_jp
4839536,147458160,0,.rodata,8,11,3,True,T3,0,0,0,True,滑る触手,euc_jp
4839548,147458172,0,.rodata,16,19,3,True,T3,0,0,0,True,ヌメルショクシュ,euc_jp
4839568,147458192,0,.rodata,30,31,1,True,T3,0,0,0,True,だらだらと粘液が滴り続ける触手,euc_jp
4839600,147458224,0,.rodata,12,15,3,True,T3,0,0,0,True,吸い付く触手,euc_jp
4839616,147458240,0,.rodata,18,19,1,True,T3,0,0,0,True,スイツクショクシュ,euc_jp
4839636,147458260,0,.rodata,44,47,3,True,T3,0,0,0,True,本体から切り離されても捕食活動をし続ける触手,euc_jp
4843100,147461724,0,.rodata,22,23,1,True,T3,0,0,0,True,無効値（交換アイテム）,euc_jp
4843124,147461748,0,.rodata,14,15,1,True,T3,0,0,0,True,片手剣の型紙１,euc_jp
4843140,147461764,0,.rodata,22,23,1,True,T3,0,0,0,True,カタテケンノカタガミ１,euc_jp
4843164,147461788,0,.rodata,34,35,1,True,T3,0,0,0,True,３枚でフランベルジュと交換出来ます,euc_jp
4843200,147461824,0,.rodata,14,15,1,True,T3,0,0,0,True,片手剣の型紙２,euc_jp
4843216,147461840,0,.rodata,22,23,1,True,T3,0,0,0,True,カタテケンノカタガミ２,euc_jp
4843240,147461864,0,.rodata,36,39,3,True,T3,0,0,0,True,３枚でヴォーパルソードと交換出来ます,euc_jp
4843280,147461904,0,.rodata,22,23,1,True,T3,0,0,0,True,片手剣の型紙３（欠番）,euc_jp
4843304,147461928,0,.rodata,22,23,1,True,T3,0,0,0,True,カタテケンノカタガミ３,euc_jp
4843328,147461952,0,.rodata,38,39,1,True,T3,0,0,0,True,３枚でエターナルソードＳと交換出来ます,euc_jp
4843368,147461992,0,.rodata,14,15,1,True,T3,0,0,0,True,片手剣の型紙３,euc_jp
4843384,147462008,0,.rodata,30,31,1,True,T3,0,0,0,True,５枚でフライパンと交換出来ます,euc_jp
4843416,147462040,0,.rodata,14,15,1,True,T3,0,0,0,True,片手剣の型紙４,euc_jp
4843432,147462056,0,.rodata,22,23,1,True,T3,0,0,0,True,カタテケンノカタガミ４,euc_jp
4843456,147462080,0,.rodata,28,31,3,True,T3,0,0,0,True,５枚でハリセンと交換出来ます,euc_jp
4843488,147462112,0,.rodata,14,15,1,True,T3,0,0,0,True,片手剣の型紙５,euc_jp
4843504,147462128,0,.rodata,22,23,1,True,T3,0,0,0,True,カタテケンノカタガミ５,euc_jp
4843528,147462152,0,.rodata,26,27,1,True,T3,0,0,0,True,６枚で長ネギと交換出来ます,euc_jp
4843556,147462180,0,.rodata,14,15,1,True,T3,0,0,0,True,片手剣の型紙６,euc_jp
4843572,147462196,0,.rodata,22,23,1,True,T3,0,0,0,True,カタテケンノカタガミ６,euc_jp
4843596,147462220,0,.rodata,40,43,3,True,T3,0,0,0,True,３枚でローレライ教団詠師剣と交換出来ます,euc_jp
4843640,147462264,0,.rodata,22,23,1,True,T3,0,0,0,True,片手剣の型紙８（欠番）,euc_jp
4843664,147462288,0,.rodata,22,23,1,True,T3,0,0,0,True,カタテケンノカタガミ８,euc_jp
4843688,147462312,0,.rodata,38,39,1,True,T3,0,0,0,True,３枚でフォニックブレードと交換出来ます,euc_jp
4843728,147462352,0,.rodata,14,15,1,True,T3,0,0,0,True,片手剣の型紙７,euc_jp
4843744,147462368,0,.rodata,22,23,1,True,T3,0,0,0,True,カタテケンノカタガミ７,euc_jp
4843768,147462392,0,.rodata,32,35,3,True,T3,0,0,0,True,３枚でイクティノスと交換出来ます,euc_jp
4843804,147462428,0,.rodata,14,15,1,True,T3,0,0,0,True,片手剣の型紙８,euc_jp
4843820,147462444,0,.rodata,32,35,3,True,T3,0,0,0,True,３枚でシャルティエと交換出来ます,euc_jp
4843856,147462480,0,.rodata,14,15,1,True,T3,0,0,0,True,片手剣の型紙９,euc_jp
4843872,147462496,0,.rodata,22,23,1,True,T3,0,0,0,True,カタテケンノカタガミ９,euc_jp
4843896,147462520,0,.rodata,30,31,1,True,T3,0,0,0,True,３枚でディムロスと交換出来ます,euc_jp
4843928,147462552,0,.rodata,16,19,3,True,T3,0,0,0,True,片手剣の型紙１０,euc_jp
4843948,147462572,0,.rodata,24,27,3,True,T3,0,0,0,True,カタテケンノカタガミ１０,euc_jp
4843976,147462600,0,.rodata,38,39,1,True,T3,0,0,0,True,３枚でストームブリンガーと交換出来ます,euc_jp
4844016,147462640,0,.rodata,16,19,3,True,T3,0,0,0,True,片手剣の型紙１１,euc_jp
4844036,147462660,0,.rodata,24,27,3,True,T3,0,0,0,True,カタテケンノカタガミ１１,euc_jp
4844064,147462688,0,.rodata,36,39,3,True,T3,0,0,0,True,３枚でラストフェンサーと交換出来ます,euc_jp
4844104,147462728,0,.rodata,16,19,3,True,T3,0,0,0,True,片手剣の型紙１２,euc_jp
4844124,147462748,0,.rodata,24,27,3,True,T3,0,0,0,True,カタテケンノカタガミ１２,euc_jp
4844152,147462776,0,.rodata,34,35,1,True,T3,0,0,0,True,３枚でアカバネソードと交換出来ます,euc_jp
4844188,147462812,0,.rodata,16,19,3,True,T3,0,0,0,True,片手剣の型紙１３,euc_jp
4844208,147462832,0,.rodata,24,27,3,True,T3,0,0,0,True,カタテケンノカタガミ１３,euc_jp
4844236,147462860,0,.rodata,38,39,1,True,T3,0,0,0,True,３枚でエターナルソードＰと交換出来ます,euc_jp
4844276,147462900,0,.rodata,16,19,3,True,T3,0,0,0,True,片手剣の型紙１４,euc_jp
4844296,147462920,0,.rodata,24,27,3,True,T3,0,0,0,True,カタテケンノカタガミ１４,euc_jp
4844324,147462948,0,.rodata,28,31,3,True,T3,0,0,0,True,３枚で忍刀血桜と交換出来ます,euc_jp
4844356,147462980,0,.rodata,16,19,3,True,T3,0,0,0,True,片手剣の型紙１５,euc_jp
4844376,147463000,0,.rodata,24,27,3,True,T3,0,0,0,True,カタテケンノカタガミ１５,euc_jp
4844404,147463028,0,.rodata,34,35,1,True,T3,0,0,0,True,３枚でエーテルソードと交換出来ます,euc_jp
4844440,147463064,0,.rodata,16,19,3,True,T3,0,0,0,True,片手剣の型紙１６,euc_jp
4844460,147463084,0,.rodata,24,27,3,True,T3,0,0,0,True,カタテケンノカタガミ１６,euc_jp
4844488,147463112,0,.rodata,34,35,1,True,T3,0,0,0,True,３枚でビーストソウルと交換出来ます,euc_jp
4844524,147463148,0,.rodata,24,27,3,True,T3,0,0,0,True,片手剣の型紙１９（欠番）,euc_jp
4844552,147463176,0,.rodata,24,27,3,True,T3,0,0,0,True,カタテケンノカタガミ１９,euc_jp
4844580,147463204,0,.rodata,30,31,1,True,T3,0,0,0,True,３枚でニバンボシと交換出来ます,euc_jp
4844612,147463236,0,.rodata,22,23,1,True,T3,0,0,0,True,両手剣の型紙１（欠番）,euc_jp
4844636,147463260,0,.rodata,24,27,3,True,T3,0,0,0,True,リョウテケンノカタガミ１,euc_jp
4844664,147463288,0,.rodata,34,35,1,True,T3,0,0,0,True,３枚でセブンスサマーと交換出来ます,euc_jp
4844700,147463324,0,.rodata,14,15,1,True,T3,0,0,0,True,両手剣の型紙１,euc_jp
4844716,147463340,0,.rodata,30,31,1,True,T3,0,0,0,True,３枚でクレメンテと交換出来ます,euc_jp
4844748,147463372,0,.rodata,14,15,1,True,T3,0,0,0,True,両手剣の型紙２,euc_jp
4844764,147463388,0,.rodata,24,27,3,True,T3,0,0,0,True,リョウテケンノカタガミ２,euc_jp
4844792,147463416,0,.rodata,38,39,1,True,T3,0,0,0,True,３枚でファルステヴェルンと交換出来ます,euc_jp
4844832,147463456,0,.rodata,10,11,1,True,T3,0,0,0,True,斧の型紙１,euc_jp
4844844,147463468,0,.rodata,16,19,3,True,T3,0,0,0,True,オノノカタガミ１,euc_jp
4844864,147463488,0,.rodata,36,39,3,True,T3,0,0,0,True,１枚でピコピコハンマーと交換出来ます,euc_jp
4844904,147463528,0,.rodata,10,11,1,True,T3,0,0,0,True,斧の型紙２,euc_jp
4844916,147463540,0,.rodata,16,19,3,True,T3,0,0,0,True,オノノカタガミ２,euc_jp
4844936,147463560,0,.rodata,38,39,1,True,T3,0,0,0,True,３枚でガイアクリーヴァーと交換出来ます,euc_jp
4844976,147463600,0,.rodata,10,11,1,True,T3,0,0,0,True,斧の型紙３,euc_jp
4844988,147463612,0,.rodata,16,19,3,True,T3,0,0,0,True,オノノカタガミ３,euc_jp
4845008,147463632,0,.rodata,42,43,1,True,T3,0,0,0,True,３枚でディアボリックファングと交換出来ます,euc_jp
4845052,147463676,0,.rodata,12,15,3,True,T3,0,0,0,True,短剣の型紙１,euc_jp
4845068,147463692,0,.rodata,20,23,3,True,T3,0,0,0,True,タンケンノカタガミ１,euc_jp
4845092,147463716,0,.rodata,32,35,3,True,T3,0,0,0,True,５枚でフランスパンと交換出来ます,euc_jp
4845128,147463752,0,.rodata,12,15,3,True,T3,0,0,0,True,短剣の型紙２,euc_jp
4845144,147463768,0,.rodata,20,23,3,True,T3,0,0,0,True,タンケンノカタガミ２,euc_jp
4845168,147463792,0,.rodata,30,31,1,True,T3,0,0,0,True,３枚でアトワイトと交換出来ます,euc_jp
4845200,147463824,0,.rodata,10,11,1,True,T3,0,0,0,True,杖の型紙１,euc_jp
4845212,147463836,0,.rodata,16,19,3,True,T3,0,0,0,True,ツエノカタガミ１,euc_jp
4845232,147463856,0,.rodata,32,35,3,True,T3,0,0,0,True,６枚でデッキブラシと交換出来ます,euc_jp
4845268,147463892,0,.rodata,10,11,1,True,T3,0,0,0,True,杖の型紙２,euc_jp
4845280,147463904,0,.rodata,16,19,3,True,T3,0,0,0,True,ツエノカタガミ２,euc_jp
4845300,147463924,0,.rodata,36,39,3,True,T3,0,0,0,True,３枚でフォニックメイスと交換出来ます,euc_jp
4845340,147463964,0,.rodata,10,11,1,True,T3,0,0,0,True,杖の型紙３,euc_jp
4845352,147463976,0,.rodata,16,19,3,True,T3,0,0,0,True,ツエノカタガミ３,euc_jp
4845372,147463996,0,.rodata,36,39,3,True,T3,0,0,0,True,３枚でフォニックロッドと交換出来ます,euc_jp
4845412,147464036,0,.rodata,10,11,1,True,T3,0,0,0,True,杖の型紙４,euc_jp
4845424,147464048,0,.rodata,16,19,3,True,T3,0,0,0,True,ツエノカタガミ４,euc_jp
4845444,147464068,0,.rodata,36,39,3,True,T3,0,0,0,True,３枚でリリックセプターと交換出来ます,euc_jp
4845484,147464108,0,.rodata,10,11,1,True,T3,0,0,0,True,杖の型紙５,euc_jp
4845496,147464120,0,.rodata,16,19,3,True,T3,0,0,0,True,ツエノカタガミ５,euc_jp
4845516,147464140,0,.rodata,36,39,3,True,T3,0,0,0,True,３枚で天才ハロルドの杖と交換出来ます,euc_jp
4845556,147464180,0,.rodata,10,11,1,True,T3,0,0,0,True,杖の型紙６,euc_jp
4845568,147464192,0,.rodata,16,19,3,True,T3,0,0,0,True,ツエノカタガミ６,euc_jp
4845588,147464212,0,.rodata,32,35,3,True,T3,0,0,0,True,３枚でルビーワンドと交換出来ます,euc_jp
4845624,147464248,0,.rodata,10,11,1,True,T3,0,0,0,True,杖の型紙７,euc_jp
4845636,147464260,0,.rodata,16,19,3,True,T3,0,0,0,True,ツエノカタガミ７,euc_jp
4845656,147464280,0,.rodata,28,31,3,True,T3,0,0,0,True,３枚で慈愛の杖と交換出来ます,euc_jp
4845688,147464312,0,.rodata,10,11,1,True,T3,0,0,0,True,杖の型紙８,euc_jp
4845700,147464324,0,.rodata,16,19,3,True,T3,0,0,0,True,ツエノカタガミ８,euc_jp
4845720,147464344,0,.rodata,32,35,3,True,T3,0,0,0,True,３枚でベルナテッタと交換出来ます,euc_jp
4845756,147464380,0,.rodata,10,11,1,True,T3,0,0,0,True,杖の型紙９,euc_jp
4845768,147464392,0,.rodata,16,19,3,True,T3,0,0,0,True,ツエノカタガミ９,euc_jp
4845788,147464412,0,.rodata,34,35,1,True,T3,0,0,0,True,３枚でジアースロッドと交換出来ます,euc_jp
4845824,147464448,0,.rodata,12,15,3,True,T3,0,0,0,True,杖の型紙１０,euc_jp
4845840,147464464,0,.rodata,18,19,1,True,T3,0,0,0,True,ツエノカタガミ１０,euc_jp
4845860,147464484,0,.rodata,38,39,1,True,T3,0,0,0,True,３枚でフラワーオブライフと交換出来ます,euc_jp
4845900,147464524,0,.rodata,12,15,3,True,T3,0,0,0,True,杖の型紙１１,euc_jp
4845916,147464540,0,.rodata,18,19,1,True,T3,0,0,0,True,ツエノカタガミ１１,euc_jp
4845936,147464560,0,.rodata,34,35,1,True,T3,0,0,0,True,３枚でクィーンロッドと交換出来ます,euc_jp
4845972,147464596,0,.rodata,10,11,1,True,T3,0,0,0,True,拳の型紙１,euc_jp
4845984,147464608,0,.rodata,18,19,1,True,T3,0,0,0,True,コブシノカタガミ１,euc_jp
4846004,147464628,0,.rodata,38,39,1,True,T3,0,0,0,True,３枚でボクシンググラブＡと交換出来ます,euc_jp
4846044,147464668,0,.rodata,10,11,1,True,T3,0,0,0,True,拳の型紙２,euc_jp
4846056,147464680,0,.rodata,18,19,1,True,T3,0,0,0,True,コブシノカタガミ２,euc_jp
4846076,147464700,0,.rodata,28,31,3,True,T3,0,0,0,True,３枚でカニ爪Ａと交換出来ます,euc_jp
4846108,147464732,0,.rodata,10,11,1,True,T3,0,0,0,True,拳の型紙３,euc_jp
4846120,147464744,0,.rodata,18,19,1,True,T3,0,0,0,True,コブシノカタガミ３,euc_jp
4846140,147464764,0,.rodata,34,35,1,True,T3,0,0,0,True,３枚でトゲグローブＡと交換出来ます,euc_jp
4846176,147464800,0,.rodata,10,11,1,True,T3,0,0,0,True,弓の型紙１,euc_jp
4846188,147464812,0,.rodata,16,19,3,True,T3,0,0,0,True,ユミノカタガミ１,euc_jp
4846208,147464832,0,.rodata,36,39,3,True,T3,0,0,0,True,３枚でエデンズファイアと交換出来ます,euc_jp
4846248,147464872,0,.rodata,10,11,1,True,T3,0,0,0,True,弓の型紙２,euc_jp
4846260,147464884,0,.rodata,16,19,3,True,T3,0,0,0,True,ユミノカタガミ２,euc_jp
4846280,147464904,0,.rodata,42,43,1,True,T3,0,0,0,True,３枚でプライマルエルヴンボウと交換出来ます,euc_jp
4846324,147464948,0,.rodata,10,11,1,True,T3,0,0,0,True,服の型紙１,euc_jp
4846336,147464960,0,.rodata,16,19,3,True,T3,0,0,0,True,フクノカタガミ１,euc_jp
4846356,147464980,0,.rodata,28,31,3,True,T3,0,0,0,True,３枚で体操着Ａと交換出来ます,euc_jp
4846388,147465012,0,.rodata,10,11,1,True,T3,0,0,0,True,服の型紙２,euc_jp
4846400,147465024,0,.rodata,16,19,3,True,T3,0,0,0,True,フクノカタガミ２,euc_jp
4846420,147465044,0,.rodata,28,31,3,True,T3,0,0,0,True,３枚で体操着Ｃと交換出来ます,euc_jp
4846452,147465076,0,.rodata,10,11,1,True,T3,0,0,0,True,服の型紙３,euc_jp
4846464,147465088,0,.rodata,16,19,3,True,T3,0,0,0,True,フクノカタガミ３,euc_jp
4846484,147465108,0,.rodata,28,31,3,True,T3,0,0,0,True,６枚で体操着Ｅと交換出来ます,euc_jp
4846516,147465140,0,.rodata,10,11,1,True,T3,0,0,0,True,服の型紙４,euc_jp
4846528,147465152,0,.rodata,16,19,3,True,T3,0,0,0,True,フクノカタガミ４,euc_jp
4846548,147465172,0,.rodata,26,27,1,True,T3,0,0,0,True,３枚で水着Ａと交換出来ます,euc_jp
4846576,147465200,0,.rodata,10,11,1,True,T3,0,0,0,True,服の型紙５,euc_jp
4846588,147465212,0,.rodata,16,19,3,True,T3,0,0,0,True,フクノカタガミ５,euc_jp
4846608,147465232,0,.rodata,26,27,1,True,T3,0,0,0,True,８枚で水着Ｂと交換出来ます,euc_jp
4846636,147465260,0,.rodata,10,11,1,True,T3,0,0,0,True,服の型紙６,euc_jp
4846648,147465272,0,.rodata,16,19,3,True,T3,0,0,0,True,フクノカタガミ６,euc_jp
4846668,147465292,0,.rodata,26,27,1,True,T3,0,0,0,True,３枚で水着Ｃと交換出来ます,euc_jp
4846696,147465320,0,.rodata,10,11,1,True,T3,0,0,0,True,服の型紙７,euc_jp
4846708,147465332,0,.rodata,16,19,3,True,T3,0,0,0,True,フクノカタガミ７,euc_jp
4846728,147465352,0,.rodata,32,35,3,True,T3,0,0,0,True,３枚でかみなり様Ａと交換出来ます,euc_jp
4846764,147465388,0,.rodata,10,11,1,True,T3,0,0,0,True,服の型紙８,euc_jp
4846776,147465400,0,.rodata,16,19,3,True,T3,0,0,0,True,フクノカタガミ８,euc_jp
4846796,147465420,0,.rodata,26,27,1,True,T3,0,0,0,True,３枚で胴着Ａと交換出来ます,euc_jp
4846824,147465448,0,.rodata,10,11,1,True,T3,0,0,0,True,服の型紙９,euc_jp
4846836,147465460,0,.rodata,16,19,3,True,T3,0,0,0,True,フクノカタガミ９,euc_jp
4846856,147465480,0,.rodata,28,31,3,True,T3,0,0,0,True,１枚でピヨコＥと交換出来ます,euc_jp
4846888,147465512,0,.rodata,12,15,3,True,T3,0,0,0,True,服の型紙１０,euc_jp
4846904,147465528,0,.rodata,18,19,1,True,T3,0,0,0,True,フクノカタガミ１０,euc_jp
4846924,147465548,0,.rodata,34,35,1,True,T3,0,0,0,True,３枚でカエルスーツＡと交換出来ます,euc_jp
4846960,147465584,0,.rodata,12,15,3,True,T3,0,0,0,True,服の型紙１１,euc_jp
4846976,147465600,0,.rodata,18,19,1,True,T3,0,0,0,True,フクノカタガミ１１,euc_jp
4846996,147465620,0,.rodata,34,35,1,True,T3,0,0,0,True,１枚でカエルスーツＥと交換出来ます,euc_jp
4847032,147465656,0,.rodata,12,15,3,True,T3,0,0,0,True,服の型紙１２,euc_jp
4847048,147465672,0,.rodata,18,19,1,True,T3,0,0,0,True,フクノカタガミ１２,euc_jp
4847068,147465692,0,.rodata,40,43,3,True,T3,0,0,0,True,１２枚でエンジェル・スーツと交換出来ます,euc_jp
4847112,147465736,0,.rodata,12,15,3,True,T3,0,0,0,True,帽子の型紙１,euc_jp
4847128,147465752,0,.rodata,18,19,1,True,T3,0,0,0,True,ボウシノカタガミ１,euc_jp
4847148,147465772,0,.rodata,30,31,1,True,T3,0,0,0,True,３枚でねこみみＡと交換出来ます,euc_jp
4847180,147465804,0,.rodata,12,15,3,True,T3,0,0,0,True,帽子の型紙２,euc_jp
4847196,147465820,0,.rodata,18,19,1,True,T3,0,0,0,True,ボウシノカタガミ２,euc_jp
4847216,147465840,0,.rodata,34,35,1,True,T3,0,0,0,True,３枚でバニーヘッドＡと交換出来ます,euc_jp
4847252,147465876,0,.rodata,12,15,3,True,T3,0,0,0,True,帽子の型紙３,euc_jp
4847268,147465892,0,.rodata,18,19,1,True,T3,0,0,0,True,ボウシノカタガミ３,euc_jp
4847288,147465912,0,.rodata,38,39,1,True,T3,0,0,0,True,３枚でパーティキャップＡと交換出来ます,euc_jp
4847328,147465952,0,.rodata,12,15,3,True,T3,0,0,0,True,帽子の型紙４,euc_jp
4847344,147465968,0,.rodata,18,19,1,True,T3,0,0,0,True,ボウシノカタガミ４,euc_jp
4847364,147465988,0,.rodata,26,27,1,True,T3,0,0,0,True,３枚で工事帽と交換出来ます,euc_jp
4847392,147466016,0,.rodata,12,15,3,True,T3,0,0,0,True,帽子の型紙５,euc_jp
4847408,147466032,0,.rodata,18,19,1,True,T3,0,0,0,True,ボウシノカタガミ５,euc_jp
4847428,147466052,0,.rodata,34,35,1,True,T3,0,0,0,True,３枚で迷彩ヘルメットと交換出来ます,euc_jp
4847464,147466088,0,.rodata,12,15,3,True,T3,0,0,0,True,帽子の型紙６,euc_jp
4847480,147466104,0,.rodata,18,19,1,True,T3,0,0,0,True,ボウシノカタガミ６,euc_jp
4847500,147466124,0,.rodata,36,39,3,True,T3,0,0,0,True,３枚でねこにんマスクＡと交換出来ます,euc_jp
4847540,147466164,0,.rodata,12,15,3,True,T3,0,0,0,True,帽子の型紙７,euc_jp
4847556,147466180,0,.rodata,18,19,1,True,T3,0,0,0,True,ボウシノカタガミ７,euc_jp
4847576,147466200,0,.rodata,28,31,3,True,T3,0,0,0,True,３枚でコック帽と交換出来ます,euc_jp
4847608,147466232,0,.rodata,14,15,1,True,T3,0,0,0,True,ブーツの型紙１,euc_jp
4847624,147466248,0,.rodata,18,19,1,True,T3,0,0,0,True,ブーツノカタガミ１,euc_jp
4847644,147466268,0,.rodata,34,35,1,True,T3,0,0,0,True,３枚でリングブーツＡと交換出来ます,euc_jp
4847680,147466304,0,.rodata,14,15,1,True,T3,0,0,0,True,ブーツの型紙２,euc_jp
4847696,147466320,0,.rodata,18,19,1,True,T3,0,0,0,True,ブーツノカタガミ２,euc_jp
4847716,147466340,0,.rodata,36,39,3,True,T3,0,0,0,True,３枚でねこにんブーツＡと交換出来ます,euc_jp
4847756,147466380,0,.rodata,14,15,1,True,T3,0,0,0,True,ブーツの型紙３,euc_jp
4847772,147466396,0,.rodata,18,19,1,True,T3,0,0,0,True,ブーツノカタガミ３,euc_jp
4847792,147466416,0,.rodata,28,31,3,True,T3,0,0,0,True,３枚で運動靴Ａと交換出来ます,euc_jp
4847824,147466448,0,.rodata,14,15,1,True,T3,0,0,0,True,ブーツの型紙４,euc_jp
4847840,147466464,0,.rodata,18,19,1,True,T3,0,0,0,True,ブーツノカタガミ４,euc_jp
4847860,147466484,0,.rodata,36,39,3,True,T3,0,0,0,True,３枚でホワイトソックスと交換出来ます,euc_jp
4847900,147466524,0,.rodata,14,15,1,True,T3,0,0,0,True,ブーツの型紙５,euc_jp
4847916,147466540,0,.rodata,18,19,1,True,T3,0,0,0,True,ブーツノカタガミ５,euc_jp
4847936,147466560,0,.rodata,32,35,3,True,T3,0,0,0,True,３枚でねこすりっぱと交換出来ます,euc_jp
4847972,147466596,0,.rodata,14,15,1,True,T3,0,0,0,True,サンタの型紙１,euc_jp
4847988,147466612,0,.rodata,18,19,1,True,T3,0,0,0,True,サンタノカタガミ１,euc_jp
4848008,147466632,0,.rodata,28,31,3,True,T3,0,0,0,True,３枚でサンタ帽と交換出来ます,euc_jp
4848040,147466664,0,.rodata,14,15,1,True,T3,0,0,0,True,サンタの型紙２,euc_jp
4848056,147466680,0,.rodata,18,19,1,True,T3,0,0,0,True,サンタノカタガミ２,euc_jp
4848076,147466700,0,.rodata,34,35,1,True,T3,0,0,0,True,３枚でサンタ・スーツと交換出来ます,euc_jp
4848112,147466736,0,.rodata,14,15,1,True,T3,0,0,0,True,サンタの型紙３,euc_jp
4848128,147466752,0,.rodata,18,19,1,True,T3,0,0,0,True,サンタノカタガミ３,euc_jp
4848148,147466772,0,.rodata,30,31,1,True,T3,0,0,0,True,３枚でサンタ手袋と交換出来ます,euc_jp
4848180,147466804,0,.rodata,14,15,1,True,T3,0,0,0,True,サンタの型紙４,euc_jp
4848196,147466820,0,.rodata,18,19,1,True,T3,0,0,0,True,サンタノカタガミ４,euc_jp
4848216,147466840,0,.rodata,32,35,3,True,T3,0,0,0,True,３枚でサンタブーツと交換出来ます,euc_jp
4848252,147466876,0,.rodata,14,15,1,True,T3,0,0,0,True,メイドの型紙１,euc_jp
4848268,147466892,0,.rodata,18,19,1,True,T3,0,0,0,True,メイドノカタガミ１,euc_jp
4848288,147466912,0,.rodata,38,39,1,True,T3,0,0,0,True,４枚でメイドカチューシャと交換出来ます,euc_jp
4848328,147466952,0,.rodata,14,15,1,True,T3,0,0,0,True,メイドの型紙２,euc_jp
4848344,147466968,0,.rodata,18,19,1,True,T3,0,0,0,True,メイドノカタガミ２,euc_jp
4848364,147466988,0,.rodata,36,39,3,True,T3,0,0,0,True,４枚でフレンチ・メイドと交換出来ます,euc_jp
4848404,147467028,0,.rodata,14,15,1,True,T3,0,0,0,True,メイドの型紙３,euc_jp
4848420,147467044,0,.rodata,18,19,1,True,T3,0,0,0,True,メイドノカタガミ３,euc_jp
4848440,147467064,0,.rodata,34,35,1,True,T3,0,0,0,True,４枚でメイドパンプスと交換出来ます,euc_jp
4850300,147468924,0,.rodata,10,11,1,True,T3,0,0,0,True,タリスマン,euc_jp
4850312,147468936,0,.rodata,22,23,1,True,T3,0,0,0,True,女神の祝福が宿るお守り,euc_jp
4850336,147468960,0,.rodata,16,19,3,True,T3,0,0,0,True,ブルータリスマン,euc_jp
4850356,147468980,0,.rodata,26,27,1,True,T3,0,0,0,True,法術で強化されたタリスマン,euc_jp
4850384,147469008,0,.rodata,14,15,1,True,T3,0,0,0,True,フィートマーク,euc_jp
4850400,147469024,0,.rodata,26,27,1,True,T3,0,0,0,True,宗教儀式用のタトゥーシール,euc_jp
4850428,147469052,0,.rodata,16,19,3,True,T3,0,0,0,True,フィートシンボル,euc_jp
4850448,147469072,0,.rodata,18,19,1,True,T3,0,0,0,True,宗教儀式用のピアス,euc_jp
4850468,147469092,0,.rodata,16,19,3,True,T3,0,0,0,True,プロテクトリング,euc_jp
4850488,147469112,0,.rodata,12,15,3,True,T3,0,0,0,True,武僧用の指輪,euc_jp
4850504,147469128,0,.rodata,18,19,1,True,T3,0,0,0,True,プロテクトバングル,euc_jp
4850524,147469148,0,.rodata,16,19,3,True,T3,0,0,0,True,武僧用のバングル,euc_jp
4850544,147469168,0,.rodata,14,15,1,True,T3,0,0,0,True,マジックリング,euc_jp
4850560,147469184,0,.rodata,18,19,1,True,T3,0,0,0,True,魔術師が作った指輪,euc_jp
4850580,147469204,0,.rodata,16,19,3,True,T3,0,0,0,True,マジックバングル,euc_jp
4850600,147469224,0,.rodata,22,23,1,True,T3,0,0,0,True,魔術師が作ったバングル,euc_jp
4850624,147469248,0,.rodata,14,15,1,True,T3,0,0,0,True,フェザーマント,euc_jp
4850640,147469264,0,.rodata,18,19,1,True,T3,0,0,0,True,軽く、頑丈なマント,euc_jp
4850660,147469284,0,.rodata,14,15,1,True,T3,0,0,0,True,エルヴンマント,euc_jp
4850676,147469300,0,.rodata,20,23,3,True,T3,0,0,0,True,精霊の力が宿るマント,euc_jp
4850700,147469324,0,.rodata,16,19,3,True,T3,0,0,0,True,フェザーバングル,euc_jp
4850720,147469344,0,.rodata,20,23,3,True,T3,0,0,0,True,軽く、頑丈なバングル,euc_jp
4850744,147469368,0,.rodata,16,19,3,True,T3,0,0,0,True,エルヴンバングル,euc_jp
4850764,147469388,0,.rodata,22,23,1,True,T3,0,0,0,True,精霊の力が宿るバングル,euc_jp
4850788,147469412,0,.rodata,16,19,3,True,T3,0,0,0,True,ポイズンチェック,euc_jp
4850808,147469432,0,.rodata,14,15,1,True,T3,0,0,0,True,特殊な科学用品,euc_jp
4850824,147469448,0,.rodata,20,23,3,True,T3,0,0,0,True,ウィークネスチェック,euc_jp
4850848,147469472,0,.rodata,26,27,1,True,T3,0,0,0,True,歴戦の戦士の魂が宿る装飾品,euc_jp
4850876,147469500,0,.rodata,12,15,3,True,T3,0,0,0,True,ピヨチェック,euc_jp
4850892,147469516,0,.rodata,22,23,1,True,T3,0,0,0,True,武神と呼ばれた男の胸像,euc_jp
4850916,147469540,0,.rodata,14,15,1,True,T3,0,0,0,True,シールチェック,euc_jp
4850932,147469556,0,.rodata,26,27,1,True,T3,0,0,0,True,退魔の法術が施されたお守り,euc_jp
4850960,147469584,0,.rodata,16,19,3,True,T3,0,0,0,True,パラライチェック,euc_jp
4850980,147469604,0,.rodata,26,27,1,True,T3,0,0,0,True,伝説の大僧侶が作ったお守り,euc_jp
4851008,147469632,0,.rodata,16,19,3,True,T3,0,0,0,True,ストーンチェック,euc_jp
4851028,147469652,0,.rodata,26,27,1,True,T3,0,0,0,True,石化魔法の達人が作った指輪,euc_jp
4851056,147469680,0,.rodata,12,15,3,True,T3,0,0,0,True,アクアマント,euc_jp
4851072,147469696,0,.rodata,26,27,1,True,T3,0,0,0,True,水の力が宿る手編みのマント,euc_jp
4851100,147469724,0,.rodata,12,15,3,True,T3,0,0,0,True,アースマント,euc_jp
4851116,147469740,0,.rodata,26,27,1,True,T3,0,0,0,True,土の力が宿る手編みのマント,euc_jp
4851144,147469768,0,.rodata,12,15,3,True,T3,0,0,0,True,フレアマント,euc_jp
4851160,147469784,0,.rodata,26,27,1,True,T3,0,0,0,True,火の力が宿る手編みのマント,euc_jp
4851188,147469812,0,.rodata,14,15,1,True,T3,0,0,0,True,ウィンドマント,euc_jp
4851204,147469828,0,.rodata,26,27,1,True,T3,0,0,0,True,風の力が宿る手編みのマント,euc_jp
4851232,147469856,0,.rodata,12,15,3,True,T3,0,0,0,True,ライトマント,euc_jp
4851248,147469872,0,.rodata,26,27,1,True,T3,0,0,0,True,光の力が宿る手編みのマント,euc_jp
4851276,147469900,0,.rodata,12,15,3,True,T3,0,0,0,True,ダークマント,euc_jp
4851292,147469916,0,.rodata,24,27,3,True,T3,0,0,0,True,怨念が宿る手編みのマント,euc_jp
4851320,147469944,0,.rodata,16,19,3,True,T3,0,0,0,True,サファイアリング,euc_jp
4851340,147469964,0,.rodata,16,19,3,True,T3,0,0,0,True,サファイアの指輪,euc_jp
4851360,147469984,0,.rodata,16,19,3,True,T3,0,0,0,True,エメラルドリング,euc_jp
4851380,147470004,0,.rodata,16,19,3,True,T3,0,0,0,True,エメラルドの指輪,euc_jp
4851400,147470024,0,.rodata,16,19,3,True,T3,0,0,0,True,フェアリィリング,euc_jp
4851420,147470044,0,.rodata,18,19,1,True,T3,0,0,0,True,妖精の力が宿る指輪,euc_jp
4851440,147470064,0,.rodata,14,15,1,True,T3,0,0,0,True,ミスティマーク,euc_jp
4851456,147470080,0,.rodata,26,27,1,True,T3,0,0,0,True,呪文が書かれたタトゥシール,euc_jp
4851484,147470108,0,.rodata,16,19,3,True,T3,0,0,0,True,ミスティシンボル,euc_jp
4851504,147470128,0,.rodata,18,19,1,True,T3,0,0,0,True,呪文が書かれた石版,euc_jp
4851524,147470148,0,.rodata,14,15,1,True,T3,0,0,0,True,マジックミスト,euc_jp
4851540,147470164,0,.rodata,24,27,3,True,T3,0,0,0,True,魔法は一切関係無い煙幕弾,euc_jp
4851568,147470192,0,.rodata,12,15,3,True,T3,0,0,0,True,モスアゲート,euc_jp
4851584,147470208,0,.rodata,16,19,3,True,T3,0,0,0,True,聖水で磨かれた石,euc_jp
4851604,147470228,0,.rodata,14,15,1,True,T3,0,0,0,True,サードオニキス,euc_jp
4851620,147470244,0,.rodata,16,19,3,True,T3,0,0,0,True,法儀礼を受けた石,euc_jp
4851640,147470264,0,.rodata,16,19,3,True,T3,0,0,0,True,ブラックオニキス,euc_jp
4851660,147470284,0,.rodata,20,23,3,True,T3,0,0,0,True,大僧侶が削り出した石,euc_jp
4851684,147470308,0,.rodata,20,23,3,True,T3,0,0,0,True,ブルームーンストーン,euc_jp
4851708,147470332,0,.rodata,18,19,1,True,T3,0,0,0,True,魔力を帯びた月の石,euc_jp
4851728,147470352,0,.rodata,22,23,1,True,T3,0,0,0,True,ホワイトムーンストーン,euc_jp
4851752,147470376,0,.rodata,22,23,1,True,T3,0,0,0,True,職人が磨き上げた月の石,euc_jp
4851776,147470400,0,.rodata,16,19,3,True,T3,0,0,0,True,ムーンクリスタル,euc_jp
4851796,147470420,0,.rodata,24,27,3,True,T3,0,0,0,True,悪魔が魔力を注いだ月の石,euc_jp
4851824,147470448,0,.rodata,12,15,3,True,T3,0,0,0,True,ヒールリング,euc_jp
4851840,147470464,0,.rodata,22,23,1,True,T3,0,0,0,True,闘志を体力に変える指輪,euc_jp
4851864,147470488,0,.rodata,14,15,1,True,T3,0,0,0,True,ヒールバングル,euc_jp
4851880,147470504,0,.rodata,26,27,1,True,T3,0,0,0,True,闘志を体力に変えるバングル,euc_jp
4851908,147470532,0,.rodata,14,15,1,True,T3,0,0,0,True,メンタルリング,euc_jp
4851924,147470548,0,.rodata,16,19,3,True,T3,0,0,0,True,闘志を高める指輪,euc_jp
4851944,147470568,0,.rodata,16,19,3,True,T3,0,0,0,True,メンタルバングル,euc_jp
4851964,147470588,0,.rodata,20,23,3,True,T3,0,0,0,True,闘志を高めるバングル,euc_jp
4853488,147472112,0,.rodata,16,19,3,True,T3,0,0,0,True,ソーサラーリング,euc_jp
4853508,147472132,0,.rodata,32,35,3,True,T3,0,0,0,True,ソーサラーリング。まだ効力は無い,euc_jp
4853544,147472168,0,.rodata,20,23,3,True,T3,0,0,0,True,ソーサラーリングLV１,euc_jp
4853568,147472192,0,.rodata,26,27,1,True,T3,0,0,0,True,ソーサラーリングレベルワン,euc_jp
4853596,147472220,0,.rodata,36,39,3,True,T3,0,0,0,True,ソーサラーリング。行ける場所が広がる,euc_jp
4853636,147472260,0,.rodata,20,23,3,True,T3,0,0,0,True,ソーサラーリングLV２,euc_jp
4853660,147472284,0,.rodata,26,27,1,True,T3,0,0,0,True,ソーサラーリングレベルツー,euc_jp
4853688,147472312,0,.rodata,42,43,1,True,T3,0,0,0,True,ソーサラーリング。敵を足止めする事も出来る,euc_jp
4853732,147472356,0,.rodata,20,23,3,True,T3,0,0,0,True,ソーサラーリングLV３,euc_jp
4853756,147472380,0,.rodata,28,31,3,True,T3,0,0,0,True,ソーサラーリングレベルスリー,euc_jp
4853788,147472412,0,.rodata,44,47,3,True,T3,0,0,0,True,ソーサラーリング。これで全ての場所に進入可能,euc_jp
4853836,147472460,0,.rodata,12,15,3,True,T3,0,0,0,True,無垢なスコア,euc_jp
4853852,147472476,0,.rodata,12,15,3,True,T3,0,0,0,True,ムクナスコア,euc_jp
4853868,147472492,0,.rodata,55,55,0,True,T3,0,0,0,True,クレアの所で「…have a good rest time」を聴ける様になる,euc_jp
4853924,147472548,0,.rodata,12,15,3,True,T3,0,0,0,True,伝説のスコア,euc_jp
4853940,147472564,0,.rodata,16,19,3,True,T3,0,0,0,True,デンセツノスコア,euc_jp
4853960,147472584,0,.rodata,54,55,1,True,T3,0,0,0,True,クレアの所で「待ち合わせは噴水広場で」を聴ける様になる,euc_jp
4854016,147472640,0,.rodata,8,11,3,True,T3,0,0,0,True,永遠の鍵,euc_jp
4854028,147472652,0,.rodata,14,15,1,True,T3,0,0,0,True,エイエンノカギ,euc_jp
4854044,147472668,0,.rodata,46,47,1,True,T3,0,0,0,True,DLクエスト「負けられない戦い」を起動する為の鍵,euc_jp
4854092,147472716,0,.rodata,8,11,3,True,T3,0,0,0,True,調和の鍵,euc_jp
4854104,147472728,0,.rodata,14,15,1,True,T3,0,0,0,True,チョウワノカギ,euc_jp
4854120,147472744,0,.rodata,50,51,1,True,T3,0,0,0,True,DLクエスト「超えなければならぬ壁」を起動する為の鍵,euc_jp
4854172,147472796,0,.rodata,8,11,3,True,T3,0,0,0,True,運命の鍵,euc_jp
4854184,147472808,0,.rodata,14,15,1,True,T3,0,0,0,True,ウンメイノカギ,euc_jp
4854200,147472824,0,.rodata,48,51,3,True,T3,0,0,0,True,DLクエスト「閉じた心、続く未来」を起動する為の鍵,euc_jp
4854252,147472876,0,.rodata,8,11,3,True,T3,0,0,0,True,伝説の鍵,euc_jp
4854264,147472888,0,.rodata,14,15,1,True,T3,0,0,0,True,デンセツノカギ,euc_jp
4854280,147472904,0,.rodata,48,51,3,True,T3,0,0,0,True,DLクエスト「最高の一品を求めて」を起動する為の鍵,euc_jp
4854332,147472956,0,.rodata,18,19,1,True,T3,0,0,0,True,永遠の鍵（開錠済）,euc_jp
4854352,147472976,0,.rodata,32,35,3,True,T3,0,0,0,True,エイエンノカギ（カイジョウズミ）,euc_jp
4854388,147473012,0,.rodata,42,43,1,True,T3,0,0,0,True,DLクエスト「負けられない戦い」を起動した鍵,euc_jp
4854432,147473056,0,.rodata,18,19,1,True,T3,0,0,0,True,調和の鍵（開錠済）,euc_jp
4854452,147473076,0,.rodata,32,35,3,True,T3,0,0,0,True,チョウワノカギ（カイジョウズミ）,euc_jp
4854488,147473112,0,.rodata,46,47,1,True,T3,0,0,0,True,DLクエスト「超えなければならぬ壁」を起動した鍵,euc_jp
4854536,147473160,0,.rodata,18,19,1,True,T3,0,0,0,True,運命の鍵（開錠済）,euc_jp
4854556,147473180,0,.rodata,32,35,3,True,T3,0,0,0,True,ウンメイノカギ（カイジョウズミ）,euc_jp
4854592,147473216,0,.rodata,44,47,3,True,T3,0,0,0,True,DLクエスト「閉じた心、続く未来」を起動した鍵,euc_jp
4854640,147473264,0,.rodata,18,19,1,True,T3,0,0,0,True,伝説の鍵（開錠済）,euc_jp
4854660,147473284,0,.rodata,32,35,3,True,T3,0,0,0,True,デンセツノカギ（カイジョウズミ）,euc_jp
4854696,147473320,0,.rodata,44,47,3,True,T3,0,0,0,True,DLクエスト「最高の一品を求めて」を起動した鍵,euc_jp
4854744,147473368,0,.rodata,8,11,3,True,T3,0,0,0,True,黄金の鎚,euc_jp
4854756,147473380,0,.rodata,14,15,1,True,T3,0,0,0,True,オウゴンノツチ,euc_jp
4854772,147473396,0,.rodata,40,43,3,True,T3,0,0,0,True,鍛冶屋ランクを上げる為の、魔法のアイテム,euc_jp
4854816,147473440,0,.rodata,14,15,1,True,T3,0,0,0,True,灼熱のコークス,euc_jp
4854832,147473456,0,.rodata,20,23,3,True,T3,0,0,0,True,シャクネツノコークス,euc_jp
4854856,147473480,0,.rodata,12,15,3,True,T3,0,0,0,True,疾風のフイゴ,euc_jp
4854872,147473496,0,.rodata,16,19,3,True,T3,0,0,0,True,シップウのフイゴ,euc_jp
4854892,147473516,0,.rodata,10,11,1,True,T3,0,0,0,True,純潔の装束,euc_jp
4854904,147473528,0,.rodata,22,23,1,True,T3,0,0,0,True,ジュンケツノショウゾク,euc_jp
4854928,147473552,0,.rodata,14,15,1,True,T3,0,0,0,True,タイムカプセル,euc_jp
4854944,147473568,0,.rodata,30,31,1,True,T3,0,0,0,True,アーチェのヒミツのお宝…らしい,euc_jp
4854976,147473600,0,.rodata,22,23,1,True,T3,0,0,0,True,パイナップルご飯レシピ,euc_jp
4855000,147473624,0,.rodata,24,27,3,True,T3,0,0,0,True,パイナップルゴハンレシピ,euc_jp
4855028,147473652,0,.rodata,48,51,3,True,T3,0,0,0,True,コーダが熱望している「パイナップルご飯」のレシピ,euc_jp
4855080,147473704,0,.rodata,20,23,3,True,T3,0,0,0,True,マーボーカレーレシピ,euc_jp
4855104,147473728,0,.rodata,46,47,1,True,T3,0,0,0,True,コーダが熱望している「マーボーカレー」のレシピ,euc_jp
4855152,147473776,0,.rodata,18,19,1,True,T3,0,0,0,True,マーボーパイレシピ,euc_jp
4855172,147473796,0,.rodata,44,47,3,True,T3,0,0,0,True,コーダが熱望している「マーボーパイ」のレシピ,euc_jp
4855220,147473844,0,.rodata,16,19,3,True,T3,0,0,0,True,お好み焼きレシピ,euc_jp
4855240,147473864,0,.rodata,18,19,1,True,T3,0,0,0,True,オコノミヤキレシピ,euc_jp
4855260,147473884,0,.rodata,42,43,1,True,T3,0,0,0,True,コーダが熱望している「お好み焼き」のレシピ,euc_jp
4855304,147473928,0,.rodata,12,15,3,True,T3,0,0,0,True,おでんレシピ,euc_jp
4855320,147473944,0,.rodata,12,15,3,True,T3,0,0,0,True,オデンレシピ,euc_jp
4855336,147473960,0,.rodata,38,39,1,True,T3,0,0,0,True,コーダが熱望している「おでん」のレシピ,euc_jp
4855376,147474000,0,.rodata,22,23,1,True,T3,0,0,0,True,チーズフォンデュレシピ,euc_jp
4855400,147474024,0,.rodata,48,51,3,True,T3,0,0,0,True,コーダが熱望している「チーズフォンデュ」のレシピ,euc_jp
4855452,147474076,0,.rodata,18,19,1,True,T3,0,0,0,True,紅茶クッキーレシピ,euc_jp
4855472,147474096,0,.rodata,22,23,1,True,T3,0,0,0,True,コウチャクッキーレシピ,euc_jp
4855496,147474120,0,.rodata,44,47,3,True,T3,0,0,0,True,コーダが熱望している「紅茶クッキー」のレシピ,euc_jp
4855544,147474168,0,.rodata,22,23,1,True,T3,0,0,0,True,通称おいしおいしレシピ,euc_jp
4855568,147474192,0,.rodata,28,31,3,True,T3,0,0,0,True,ツウショウオイシオイシレシピ,euc_jp
4855600,147474224,0,.rodata,48,51,3,True,T3,0,0,0,True,コーダが熱望している「通称おいしおいし」のレシピ,euc_jp
4855652,147474276,0,.rodata,20,23,3,True,T3,0,0,0,True,山海珍味スープレシピ,euc_jp
4855676,147474300,0,.rodata,26,27,1,True,T3,0,0,0,True,サンカイチンミスープレシピ,euc_jp
4855704,147474328,0,.rodata,46,47,1,True,T3,0,0,0,True,コーダが熱望している「山海珍味スープ」のレシピ,euc_jp
4855752,147474376,0,.rodata,22,23,1,True,T3,0,0,0,True,薬膳チャンプルーレシピ,euc_jp
4855776,147474400,0,.rodata,26,27,1,True,T3,0,0,0,True,ヤクゼンチャンプルーレシピ,euc_jp
4855804,147474428,0,.rodata,48,51,3,True,T3,0,0,0,True,コーダが熱望している「薬膳チャンプルー」のレシピ,euc_jp
4855856,147474480,0,.rodata,22,23,1,True,T3,0,0,0,True,まンカんぜんセきレシピ,euc_jp
4855880,147474504,0,.rodata,22,23,1,True,T3,0,0,0,True,マンカンゼンセキレシピ,euc_jp
4855904,147474528,0,.rodata,48,51,3,True,T3,0,0,0,True,コーダが熱望している「まンカんぜんセき」のレシピ,euc_jp
4855956,147474580,0,.rodata,12,15,3,True,T3,0,0,0,True,真っ赤なバラ,euc_jp
4855972,147474596,0,.rodata,12,15,3,True,T3,0,0,0,True,マッカナバラ,euc_jp
4855988,147474612,0,.rodata,48,51,3,True,T3,0,0,0,True,男女の雰囲気を情熱的に盛り上げたり上げなかったり,euc_jp
4856040,147474664,0,.rodata,10,11,1,True,T3,0,0,0,True,破れた手紙,euc_jp
4856052,147474676,0,.rodata,14,15,1,True,T3,0,0,0,True,ヤブレタテガミ,euc_jp
4856068,147474692,0,.rodata,52,55,3,True,T3,0,0,0,True,執拗に破かれた手紙。字は読めないが、怨念が読み取れる,euc_jp
4856124,147474748,0,.rodata,10,11,1,True,T3,0,0,0,True,キャンドル,euc_jp
4856136,147474760,0,.rodata,40,43,3,True,T3,0,0,0,True,つまりはロウソク。何に使うかはその人次第,euc_jp
4856180,147474804,0,.rodata,14,15,1,True,T3,0,0,0,True,荷造り用ロープ,euc_jp
4856196,147474820,0,.rodata,18,19,1,True,T3,0,0,0,True,ニヅクリヨウロープ,euc_jp
4856216,147474840,0,.rodata,56,59,3,True,T3,0,0,0,True,荷物を縛るロープだが、趣味で縛られる人の間でも評判が良い,euc_jp
4856276,147474900,0,.rodata,14,15,1,True,T3,0,0,0,True,ビハクにゅう液,euc_jp
4856292,147474916,0,.rodata,16,19,3,True,T3,0,0,0,True,ビハクニュウエキ,euc_jp
4856312,147474936,0,.rodata,60,63,3,True,T3,0,0,0,True,肌年齢を赤ん坊の少し前まで戻す事が可能。消滅する危険性もある,euc_jp
4856376,147475000,0,.rodata,14,15,1,True,T3,0,0,0,True,ルシアの髪飾り,euc_jp
4856392,147475016,0,.rodata,18,19,1,True,T3,0,0,0,True,ルシアノカミカザリ,euc_jp
4856412,147475036,0,.rodata,56,59,3,True,T3,0,0,0,True,薄幸の少女が愛用した一品。まだ存命なので、呪いとかは無い,euc_jp
4856472,147475096,0,.rodata,10,11,1,True,T3,0,0,0,True,はなメガネ,euc_jp
4856484,147475108,0,.rodata,10,11,1,True,T3,0,0,0,True,ハナメガネ,euc_jp
4856496,147475120,0,.rodata,58,59,1,True,T3,0,0,0,True,パーティーグッズだが、これで笑いを取るのは至難の業とされる,euc_jp
4856556,147475180,0,.rodata,14,15,1,True,T3,0,0,0,True,セクシーな下着,euc_jp
4856572,147475196,0,.rodata,16,19,3,True,T3,0,0,0,True,セクシーナシタギ,euc_jp
4856592,147475216,0,.rodata,58,59,1,True,T3,0,0,0,True,かつて天地魔界を滅亡の危機に追い込んだ悪魔が封印されている,euc_jp
4856664,147475288,0,.rodata,18,19,1,True,T3,0,0,0,True,ドウソウカイメイボ,euc_jp
4856684,147475308,0,.rodata,58,59,1,True,T3,0,0,0,True,書き込みスペースが真っ白で、見るとアンニュイな気持ちになる,euc_jp
4856744,147475368,0,.rodata,10,11,1,True,T3,0,0,0,True,借金の証文,euc_jp
4856756,147475380,0,.rodata,22,23,1,True,T3,0,0,0,True,シャッキンノショウブン,euc_jp
4856780,147475404,0,.rodata,54,55,1,True,T3,0,0,0,True,銭を生む紙。ある意味で一番恐ろしいモンスターだと言える,euc_jp
4856836,147475460,0,.rodata,12,15,3,True,T3,0,0,0,True,照明用オイル,euc_jp
4856852,147475476,0,.rodata,20,23,3,True,T3,0,0,0,True,ショウメイヨウオイル,euc_jp
4856876,147475500,0,.rodata,62,63,1,True,T3,0,0,0,True,暗がりを照らすのに使う。オイルだからと変な事に使ってはいけない,euc_jp
4856940,147475564,0,.rodata,8,11,3,True,T3,0,0,0,True,ブドウ酒,euc_jp
4856952,147475576,0,.rodata,10,11,1,True,T3,0,0,0,True,ブドウシュ,euc_jp
4856964,147475588,0,.rodata,56,59,3,True,T3,0,0,0,True,芳醇なブドウを贅沢に使用した一品。ブドウ好きなら昇天もの,euc_jp
4857024,147475648,0,.rodata,12,15,3,True,T3,0,0,0,True,ハーブティー,euc_jp
4857040,147475664,0,.rodata,62,63,1,True,T3,0,0,0,True,自分らしく一日を終えたい時に、眠りを誘う薬として飲む女性が多い,euc_jp
4857104,147475728,0,.rodata,12,15,3,True,T3,0,0,0,True,柱時計のネジ,euc_jp
4857120,147475744,0,.rodata,18,19,1,True,T3,0,0,0,True,ハシラドケイのネジ,euc_jp
4857140,147475764,0,.rodata,48,51,3,True,T3,0,0,0,True,おじいさんが怒って破壊してしまった古時計のパーツ,euc_jp
4857192,147475816,0,.rodata,16,19,3,True,T3,0,0,0,True,オタオタ潤滑粘液,euc_jp
4857212,147475836,0,.rodata,26,27,1,True,T3,0,0,0,True,オタオタジュンカツネンエキ,euc_jp
4857240,147475864,0,.rodata,60,63,3,True,T3,0,0,0,True,オタオタから抽出した潤滑粘液。医療、美容、工業と用途は無限大,euc_jp
4857304,147475928,0,.rodata,12,15,3,True,T3,0,0,0,True,ちょうしんき,euc_jp
4857320,147475944,0,.rodata,12,15,3,True,T3,0,0,0,True,チョウシンキ,euc_jp
4857336,147475960,0,.rodata,62,63,1,True,T3,0,0,0,True,医者が鼓動を聞くのに使う道具。向けられると服を脱ぐ決まりがある,euc_jp
4857400,147476024,0,.rodata,12,15,3,True,T3,0,0,0,True,不思議な円筒,euc_jp
4857416,147476040,0,.rodata,16,19,3,True,T3,0,0,0,True,フシギナエントウ,euc_jp
4857436,147476060,0,.rodata,58,59,1,True,T3,0,0,0,True,何に使うのかわからない円筒。望遠鏡代わりにすると死ぬらしい,euc_jp
4857496,147476120,0,.rodata,10,11,1,True,T3,0,0,0,True,化粧ポーチ,euc_jp
4857508,147476132,0,.rodata,14,15,1,True,T3,0,0,0,True,ケショウポーチ,euc_jp
4857524,147476148,0,.rodata,54,55,1,True,T3,0,0,0,True,大人になると中身が充実していき、次第に面倒になってくる,euc_jp
4857580,147476204,0,.rodata,10,11,1,True,T3,0,0,0,True,立派な角笛,euc_jp
4857592,147476216,0,.rodata,16,19,3,True,T3,0,0,0,True,リッパナツノブエ,euc_jp
4857612,147476236,0,.rodata,64,67,3,True,T3,0,0,0,True,吹くと衝撃波で半径１００メートル以内の窓ガラスを全部割ってしまう,euc_jp
4857680,147476304,0,.rodata,10,11,1,True,T3,0,0,0,True,チェスの駒,euc_jp
4857692,147476316,0,.rodata,12,15,3,True,T3,0,0,0,True,チェスノコマ,euc_jp
4857708,147476332,0,.rodata,58,59,1,True,T3,0,0,0,True,「盤はこの地上全て！」とスケールが無駄に大きい注意書き付き,euc_jp
4857780,147476404,0,.rodata,16,19,3,True,T3,0,0,0,True,カイチュウドケイ,euc_jp
4857800,147476424,0,.rodata,60,63,3,True,T3,0,0,0,True,良い感じの懐中時計だが、針が驚くべきスピードで進む。害は無い,euc_jp
4857864,147476488,0,.rodata,12,15,3,True,T3,0,0,0,True,アイスピック,euc_jp
4857880,147476504,0,.rodata,54,55,1,True,T3,0,0,0,True,氷を砕くのに使う道具。ベッド付近に置いてあったら要注意,euc_jp
4857936,147476560,0,.rodata,12,15,3,True,T3,0,0,0,True,エプロン天使,euc_jp
4857952,147476576,0,.rodata,14,15,1,True,T3,0,0,0,True,エプロンテンシ,euc_jp
4857968,147476592,0,.rodata,50,51,1,True,T3,0,0,0,True,神の力で飛び散る水や跳ねる油から人を守る。着脱可能,euc_jp
4858032,147476656,0,.rodata,20,23,3,True,T3,0,0,0,True,アンシソウガンキョウ,euc_jp
4858056,147476680,0,.rodata,58,59,1,True,T3,0,0,0,True,深夜でも真昼の様に見る事が出来る。変な事に使ってはいけない,euc_jp
4858116,147476740,0,.rodata,12,15,3,True,T3,0,0,0,True,釘とかなづち,euc_jp
4858132,147476756,0,.rodata,14,15,1,True,T3,0,0,0,True,クギトカナヅチ,euc_jp
4858148,147476772,0,.rodata,46,47,1,True,T3,0,0,0,True,驚くべき事に、ベニヤ板などを打ち付ける事が可能,euc_jp
4858196,147476820,0,.rodata,14,15,1,True,T3,0,0,0,True,仔猫のイラスト,euc_jp
4858212,147476836,0,.rodata,16,19,3,True,T3,0,0,0,True,コネコノイラスト,euc_jp
4858232,147476856,0,.rodata,54,55,1,True,T3,0,0,0,True,可愛らしい仔猫の絵。戦争を無くすヒントが込められている,euc_jp
4858288,147476912,0,.rodata,14,15,1,True,T3,0,0,0,True,錆びた婚約指輪,euc_jp
4858304,147476928,0,.rodata,20,23,3,True,T3,0,0,0,True,サビタコンヤクユビワ,euc_jp
4858328,147476952,0,.rodata,50,51,1,True,T3,0,0,0,True,不幸な事故に遭った女性の一品。現在は新調したらしい,euc_jp
4858380,147477004,0,.rodata,12,15,3,True,T3,0,0,0,True,買い物のメモ,euc_jp
4858396,147477020,0,.rodata,14,15,1,True,T3,0,0,0,True,カイモノノメモ,euc_jp
4858412,147477036,0,.rodata,48,51,3,True,T3,0,0,0,True,買い物を効率よく進める為に、人類が生み出した発明,euc_jp
4858476,147477100,0,.rodata,18,19,1,True,T3,0,0,0,True,ジンセイシナンショ,euc_jp
4858496,147477120,0,.rodata,48,51,3,True,T3,0,0,0,True,後書きによれば決定版らしいが、今夏続刊発売が決定,euc_jp
4858548,147477172,0,.rodata,10,11,1,True,T3,0,0,0,True,虎模様の旗,euc_jp
4858560,147477184,0,.rodata,16,19,3,True,T3,0,0,0,True,トラモヨウノハタ,euc_jp
4858580,147477204,0,.rodata,46,47,1,True,T3,0,0,0,True,虎の模様が刻まれた旗。獣王の気高さが感じられる,euc_jp
4858640,147477264,0,.rodata,16,19,3,True,T3,0,0,0,True,トウチュウカソウ,euc_jp
4858660,147477284,0,.rodata,56,59,3,True,T3,0,0,0,True,空前絶後の栄養価で、一週間は瞬きが出来ないほど目が覚める,euc_jp
4858720,147477344,0,.rodata,14,15,1,True,T3,0,0,0,True,陶磁器の洗面器,euc_jp
4858736,147477360,0,.rodata,20,23,3,True,T3,0,0,0,True,トウジキノセンメンキ,euc_jp
4858760,147477384,0,.rodata,48,51,3,True,T3,0,0,0,True,非常に壊れやすく、体重をかけると木っ端微塵になる,euc_jp
4858812,147477436,0,.rodata,14,15,1,True,T3,0,0,0,True,犯罪者の手配書,euc_jp
4858828,147477452,0,.rodata,24,27,3,True,T3,0,0,0,True,ハンザイシャノテハイショ,euc_jp
4858856,147477480,0,.rodata,54,55,1,True,T3,0,0,0,True,必要以上に不気味に見えるイメージ・スケッチが載っている,euc_jp
4858912,147477536,0,.rodata,12,15,3,True,T3,0,0,0,True,朝顔の植木鉢,euc_jp
4858928,147477552,0,.rodata,20,23,3,True,T3,0,0,0,True,アサガオノウエキバチ,euc_jp
4858952,147477576,0,.rodata,46,47,1,True,T3,0,0,0,True,夏休みの思い出と引き換えに、凶器として使用可能,euc_jp
4859000,147477624,0,.rodata,14,15,1,True,T3,0,0,0,True,イモリの黒焼き,euc_jp
4859016,147477640,0,.rodata,16,19,3,True,T3,0,0,0,True,イモリノクロヤキ,euc_jp
4859036,147477660,0,.rodata,36,39,3,True,T3,0,0,0,True,真っ黒コゲになったイモリ。用途は不明,euc_jp
4859076,147477700,0,.rodata,14,15,1,True,T3,0,0,0,True,絶品イタリアン,euc_jp
4859092,147477716,0,.rodata,18,19,1,True,T3,0,0,0,True,ゼッピンイタリアン,euc_jp
4859112,147477736,0,.rodata,52,55,3,True,T3,0,0,0,True,最高級のんまぁ〜い料理。一口食べれば号泣する美味しさ,euc_jp
4859168,147477792,0,.rodata,14,15,1,True,T3,0,0,0,True,湯けむり温泉卵,euc_jp
4859184,147477808,0,.rodata,22,23,1,True,T3,0,0,0,True,ユケムリオンセンタマゴ,euc_jp
4859208,147477832,0,.rodata,54,55,1,True,T3,0,0,0,True,職人が活火山の中で命がけで作る温泉卵。それなりに美味い,euc_jp
4859264,147477888,0,.rodata,14,15,1,True,T3,0,0,0,True,恥ずかしい写真,euc_jp
4859280,147477904,0,.rodata,18,19,1,True,T3,0,0,0,True,ハズカシイシャシン,euc_jp
4859300,147477924,0,.rodata,56,59,3,True,T3,0,0,0,True,あまりにも恥ずかしい写真。見ず知らずの他人すら赤面させる,euc_jp
4859360,147477984,0,.rodata,12,15,3,True,T3,0,0,0,True,消したい過去,euc_jp
4859376,147478000,0,.rodata,12,15,3,True,T3,0,0,0,True,ケシタイカコ,euc_jp
4859392,147478016,0,.rodata,54,55,1,True,T3,0,0,0,True,絶対に逃げ切れない恐怖の一品。不意に襲ってくるので注意,euc_jp
4859448,147478072,0,.rodata,10,11,1,True,T3,0,0,0,True,平凡な幸せ,euc_jp
4859460,147478084,0,.rodata,18,19,1,True,T3,0,0,0,True,ヘイボンナシアワセ,euc_jp
4859480,147478104,0,.rodata,56,59,3,True,T3,0,0,0,True,何でもないような事が幸せだったと、失ってから気が付くもの,euc_jp
4859540,147478164,0,.rodata,10,11,1,True,T3,0,0,0,True,禍々しい鏡,euc_jp
4859552,147478176,0,.rodata,18,19,1,True,T3,0,0,0,True,マガマガシイカガミ,euc_jp
4859572,147478196,0,.rodata,54,55,1,True,T3,0,0,0,True,鏡面に前の持ち主が引っかいてつけた眼の模様がついている,euc_jp
4859628,147478252,0,.rodata,14,15,1,True,T3,0,0,0,True,泥まみれの人形,euc_jp
4859644,147478268,0,.rodata,22,23,1,True,T3,0,0,0,True,ドロマミレノニンギョウ,euc_jp
4859668,147478292,0,.rodata,54,55,1,True,T3,0,0,0,True,樹海で発見された焼け焦げた人形。目玉が刳り貫かれている,euc_jp
4859724,147478348,0,.rodata,14,15,1,True,T3,0,0,0,True,顔の無い肖像画,euc_jp
4859740,147478364,0,.rodata,22,23,1,True,T3,0,0,0,True,カオノナイショウゾウガ,euc_jp
4859764,147478388,0,.rodata,60,63,3,True,T3,0,0,0,True,子どもの肖像画。顔の部分は塗り潰されているが、眼だけ確認可能,euc_jp
4859828,147478452,0,.rodata,14,15,1,True,T3,0,0,0,True,奇妙な合わせ鏡,euc_jp
4859844,147478468,0,.rodata,22,23,1,True,T3,0,0,0,True,キミョウナアワセカガミ,euc_jp
4859868,147478492,0,.rodata,56,59,3,True,T3,0,0,0,True,無数の眼の装飾が施され、肝心の鏡面は黒く塗り潰されている,euc_jp
4859928,147478552,0,.rodata,14,15,1,True,T3,0,0,0,True,狂った方位磁針,euc_jp
4859944,147478568,0,.rodata,20,23,3,True,T3,0,0,0,True,クルッタホウイジシン,euc_jp
4859968,147478592,0,.rodata,54,55,1,True,T3,0,0,0,True,眼球の形をした球体の方位磁石。針が常に回転を続けている,euc_jp
4860024,147478648,0,.rodata,10,11,1,True,T3,0,0,0,True,征服者の証,euc_jp
4860036,147478660,0,.rodata,20,23,3,True,T3,0,0,0,True,セイフクシャノアカシ,euc_jp
4860060,147478684,0,.rodata,50,51,1,True,T3,0,0,0,True,封印された地を征服した者のみが手にする事が出来る証,euc_jp
4860112,147478736,0,.rodata,8,11,3,True,T3,0,0,0,True,覇者の証,euc_jp
4860124,147478748,0,.rodata,14,15,1,True,T3,0,0,0,True,ハジャノアカシ,euc_jp
4860140,147478764,0,.rodata,40,43,3,True,T3,0,0,0,True,伝説の勇者が愛用していたと言われる両手剣,euc_jp
4860184,147478808,0,.rodata,10,11,1,True,T3,0,0,0,True,過去の石版,euc_jp
4860196,147478820,0,.rodata,14,15,1,True,T3,0,0,0,True,カコノセキバン,euc_jp
4860212,147478836,0,.rodata,56,59,3,True,T3,0,0,0,True,数列が刻まれた石版。世界の「過去」が全て暗号化されている,euc_jp
4860272,147478896,0,.rodata,12,15,3,True,T3,0,0,0,True,アルカナキー,euc_jp
4860288,147478912,0,.rodata,54,55,1,True,T3,0,0,0,True,封印された地の扉を開く鍵。所々欠けているので使用不可能,euc_jp
4860344,147478968,0,.rodata,14,15,1,True,T3,0,0,0,True,エレウシスの鍵,euc_jp
4860360,147478984,0,.rodata,16,19,3,True,T3,0,0,0,True,エレウシスノカギ,euc_jp
4860380,147479004,0,.rodata,62,63,1,True,T3,0,0,0,True,異世界とコンタクトを取る為に使う鍵。今は魔力を失っているようだ,euc_jp
4860444,147479068,0,.rodata,8,11,3,True,T3,0,0,0,True,戦士の証,euc_jp
4860456,147479080,0,.rodata,14,15,1,True,T3,0,0,0,True,センシノアカシ,euc_jp
4860472,147479096,0,.rodata,52,55,3,True,T3,0,0,0,True,ロックスの所で、レディアント装備を受け取る事が出来る,euc_jp
4860528,147479152,0,.rodata,8,11,3,True,T3,0,0,0,True,剣士の証,euc_jp
4860540,147479164,0,.rodata,14,15,1,True,T3,0,0,0,True,ケンシノアカシ,euc_jp
4860556,147479180,0,.rodata,10,11,1,True,T3,0,0,0,True,格闘家の証,euc_jp
4860568,147479192,0,.rodata,18,19,1,True,T3,0,0,0,True,カクトウカノアカシ,euc_jp
4860588,147479212,0,.rodata,8,11,3,True,T3,0,0,0,True,狩人の証,euc_jp
4860600,147479224,0,.rodata,16,19,3,True,T3,0,0,0,True,カリウドノアカシ,euc_jp
4860620,147479244,0,.rodata,8,11,3,True,T3,0,0,0,True,盗賊の証,euc_jp
4860632,147479256,0,.rodata,16,19,3,True,T3,0,0,0,True,トウゾクノアカシ,euc_jp
4860652,147479276,0,.rodata,10,11,1,True,T3,0,0,0,True,魔術師の証,euc_jp
4860664,147479288,0,.rodata,18,19,1,True,T3,0,0,0,True,マジュツシノアカシ,euc_jp
4860684,147479308,0,.rodata,8,11,3,True,T3,0,0,0,True,僧侶の証,euc_jp
4860696,147479320,0,.rodata,16,19,3,True,T3,0,0,0,True,ソウリョノアカシ,euc_jp
4860716,147479340,0,.rodata,10,11,1,True,T3,0,0,0,True,大剣士の証,euc_jp
4860728,147479352,0,.rodata,18,19,1,True,T3,0,0,0,True,ダイケンシノアカシ,euc_jp
4860748,147479372,0,.rodata,10,11,1,True,T3,0,0,0,True,双剣士の証,euc_jp
4860760,147479384,0,.rodata,18,19,1,True,T3,0,0,0,True,ソウケンシノアカシ,euc_jp
4860780,147479404,0,.rodata,12,15,3,True,T3,0,0,0,True,ガンマンの証,euc_jp
4860796,147479420,0,.rodata,16,19,3,True,T3,0,0,0,True,ガンマンノアカシ,euc_jp
4860816,147479440,0,.rodata,10,11,1,True,T3,0,0,0,True,モンクの証,euc_jp
4860828,147479452,0,.rodata,14,15,1,True,T3,0,0,0,True,モンクノアカシ,euc_jp
4860844,147479468,0,.rodata,14,15,1,True,T3,0,0,0,True,ビショップの証,euc_jp
4860860,147479484,0,.rodata,18,19,1,True,T3,0,0,0,True,ビショップノアカシ,euc_jp
4860880,147479504,0,.rodata,12,15,3,True,T3,0,0,0,True,魔法剣士の証,euc_jp
4860896,147479520,0,.rodata,20,23,3,True,T3,0,0,0,True,マホウケンシノアカシ,euc_jp
4860920,147479544,0,.rodata,8,11,3,True,T3,0,0,0,True,忍者の証,euc_jp
4860932,147479556,0,.rodata,16,19,3,True,T3,0,0,0,True,ニンジャノアカシ,euc_jp
4860952,147479576,0,.rodata,8,11,3,True,T3,0,0,0,True,海賊の証,euc_jp
4860964,147479588,0,.rodata,16,19,3,True,T3,0,0,0,True,カイゾクノアカシ,euc_jp
4860984,147479608,0,.rodata,10,11,1,True,T3,0,0,0,True,聖騎士の証,euc_jp
4860996,147479620,0,.rodata,16,19,3,True,T3,0,0,0,True,セイキシノアカシ,euc_jp
4861016,147479640,0,.rodata,8,11,3,True,T3,0,0,0,True,黒オーブ,euc_jp
4861028,147479652,0,.rodata,10,11,1,True,T3,0,0,0,True,クロオーブ,euc_jp
4861040,147479664,0,.rodata,54,55,1,True,T3,0,0,0,True,なぜか以前からバンエルティア号の部屋に置いてあった宝玉,euc_jp
4861096,147479720,0,.rodata,8,11,3,True,T3,0,0,0,True,白オーブ,euc_jp
4861108,147479732,0,.rodata,10,11,1,True,T3,0,0,0,True,シロオーブ,euc_jp
4861120,147479744,0,.rodata,42,43,1,True,T3,0,0,0,True,ルバーブ連山の緑宝箱から手に入れた白い宝玉,euc_jp
4861164,147479788,0,.rodata,8,11,3,True,T3,0,0,0,True,赤オーブ,euc_jp
4861176,147479800,0,.rodata,10,11,1,True,T3,0,0,0,True,アカオーブ,euc_jp
4861188,147479812,0,.rodata,46,47,1,True,T3,0,0,0,True,アルマナック遺跡の緑宝箱から手に入れた赤い宝玉,euc_jp
4861236,147479860,0,.rodata,8,11,3,True,T3,0,0,0,True,青オーブ,euc_jp
4861248,147479872,0,.rodata,10,11,1,True,T3,0,0,0,True,アオオーブ,euc_jp
4861260,147479884,0,.rodata,42,43,1,True,T3,0,0,0,True,シフノ湧泉洞の緑宝箱から手に入れた青い宝玉,euc_jp
4861304,147479928,0,.rodata,8,11,3,True,T3,0,0,0,True,緑オーブ,euc_jp
4861316,147479940,0,.rodata,12,15,3,True,T3,0,0,0,True,ミドリオーブ,euc_jp
4861332,147479956,0,.rodata,46,47,1,True,T3,0,0,0,True,聖地ラングリースの緑宝箱から手に入れた緑の宝玉,euc_jp
4866368,147484992,0,.rodata,4,7,3,True,T3,0,0,0,True,無し,euc_jp
4866376,147485000,0,.rodata,8,11,3,True,T3,0,0,0,True,ダミー１,euc_jp
4866388,147485012,0,.rodata,6,7,1,True,T3,0,0,0,True,ダミー,euc_jp
4866396,147485020,0,.rodata,8,11,3,True,T3,0,0,0,True,ダミー２,euc_jp
4866408,147485032,0,.rodata,8,11,3,True,T3,0,0,0,True,ダミー３,euc_jp
4866420,147485044,0,.rodata,8,11,3,True,T3,0,0,0,True,ダミー４,euc_jp
4866432,147485056,0,.rodata,8,11,3,True,T3,0,0,0,True,ダミー５,euc_jp
4866444,147485068,0,.rodata,8,11,3,True,T3,0,0,0,True,ダミー６,euc_jp
4866456,147485080,0,.rodata,8,11,3,True,T3,0,0,0,True,ダミー７,euc_jp
4866468,147485092,0,.rodata,8,11,3,True,T3,0,0,0,True,ダミー８,euc_jp
4866480,147485104,0,.rodata,8,11,3,True,T3,0,0,0,True,ダミー９,euc_jp
4866492,147485116,0,.rodata,10,11,1,True,T3,0,0,0,True,ダミー１０,euc_jp
4866504,147485128,0,.rodata,10,11,1,True,T3,0,0,0,True,ダミー１１,euc_jp
4866516,147485140,0,.rodata,10,11,1,True,T3,0,0,0,True,ダミー１２,euc_jp
4866528,147485152,0,.rodata,10,11,1,True,T3,0,0,0,True,ダミー１３,euc_jp
4866540,147485164,0,.rodata,10,11,1,True,T3,0,0,0,True,ダミー１４,euc_jp
4866552,147485176,0,.rodata,10,11,1,True,T3,0,0,0,True,ダミー１５,euc_jp
4866564,147485188,0,.rodata,10,11,1,True,T3,0,0,0,True,ダミー１６,euc_jp
4866576,147485200,0,.rodata,10,11,1,True,T3,0,0,0,True,ダミー１７,euc_jp
4866588,147485212,0,.rodata,10,11,1,True,T3,0,0,0,True,ダミー１８,euc_jp
4866600,147485224,0,.rodata,16,19,3,True,T3,0,0,0,True,ファーストエイド,euc_jp
4866620,147485244,0,.rodata,40,43,3,True,T3,0,0,0,True,対象となる味方一人のＨＰを少し回復する術,euc_jp
4866664,147485288,0,.rodata,6,7,1,True,T3,0,0,0,True,ナース,euc_jp
4866672,147485296,0,.rodata,32,35,3,True,T3,0,0,0,True,味方全員のＨＰを中程度回復する術,euc_jp
4866708,147485332,0,.rodata,18,19,1,True,T3,0,0,0,True,ハートレスサークル,euc_jp
4866728,147485352,0,.rodata,48,51,3,True,T3,0,0,0,True,味方全員のＨＰを中程度回復する術（戦闘中は範囲）,euc_jp
4866780,147485404,0,.rodata,14,15,1,True,T3,0,0,0,True,リザレクション,euc_jp
4866796,147485420,0,.rodata,48,51,3,True,T3,0,0,0,True,味方全員のＨＰを大幅に回復する術（戦闘中は範囲）,euc_jp
4866848,147485472,0,.rodata,12,15,3,True,T3,0,0,0,True,レイズデッド,euc_jp
4866864,147485488,0,.rodata,44,47,3,True,T3,0,0,0,True,対象となる味方一人を戦闘不能から復活させる術,euc_jp
4866912,147485536,0,.rodata,8,11,3,True,T3,0,0,0,True,リカバー,euc_jp
4866924,147485548,0,.rodata,42,43,1,True,T3,0,0,0,True,対象となる味方一人の状態異常を回復させる術,euc_jp
4866968,147485592,0,.rodata,14,15,1,True,T3,0,0,0,True,リキュペレート,euc_jp
4866984,147485608,0,.rodata,40,43,3,True,T3,0,0,0,True,範囲内にいる味方の状態異常を回復させる術,euc_jp
4867028,147485652,0,.rodata,10,11,1,True,T3,0,0,0,True,ディスペル,euc_jp
4867040,147485664,0,.rodata,30,31,1,True,T3,0,0,0,True,味方一人の状態変化を打ち消す術,euc_jp
4867072,147485696,0,.rodata,20,23,3,True,T3,0,0,0,True,エスプレイドイレイズ,euc_jp
4867096,147485720,0,.rodata,30,31,1,True,T3,0,0,0,True,味方全員の状態変化を打ち消す術,euc_jp
4867128,147485752,0,.rodata,8,11,3,True,T3,0,0,0,True,バリアー,euc_jp
4867140,147485764,0,.rodata,38,39,1,True,T3,0,0,0,True,味方一人の防御力を一定時間上昇させる術,euc_jp
4867180,147485804,0,.rodata,18,19,1,True,T3,0,0,0,True,フィールドバリアー,euc_jp
4867200,147485824,0,.rodata,38,39,1,True,T3,0,0,0,True,味方全員の防御力を一定時間上昇させる術,euc_jp
4867240,147485864,0,.rodata,8,11,3,True,T3,0,0,0,True,チャージ,euc_jp
4867252,147485876,0,.rodata,34,35,1,True,T3,0,0,0,True,味方一人に自分のＴＰを分け与える術,euc_jp
4867288,147485912,0,.rodata,8,11,3,True,T3,0,0,0,True,フォトン,euc_jp
4867300,147485924,0,.rodata,26,27,1,True,T3,0,0,0,True,収束する光で敵を攻撃する術,euc_jp
4867328,147485952,0,.rodata,4,7,3,True,T3,0,0,0,True,レイ,euc_jp
4867336,147485960,0,.rodata,40,43,3,True,T3,0,0,0,True,対象となる敵の周囲に無数の光線を発する術,euc_jp
4867380,147486004,0,.rodata,20,23,3,True,T3,0,0,0,True,セイクリッドシャイン,euc_jp
4867412,147486036,0,.rodata,12,15,3,True,T3,0,0,0,True,アクアエッジ,euc_jp
4867428,147486052,0,.rodata,40,43,3,True,T3,0,0,0,True,対象となる敵に向かって水の塊を撃ち出す術,euc_jp
4867472,147486096,0,.rodata,10,11,1,True,T3,0,0,0,True,スプレッド,euc_jp
4867484,147486108,0,.rodata,42,43,1,True,T3,0,0,0,True,水流の力を圧縮させ、上空に向けて撃ち出す術,euc_jp
4867528,147486152,0,.rodata,16,19,3,True,T3,0,0,0,True,タイダルウェイブ,euc_jp
4867548,147486172,0,.rodata,20,23,3,True,T3,0,0,0,True,大洪水を発生させる術,euc_jp
4867572,147486196,0,.rodata,14,15,1,True,T3,0,0,0,True,ファイアボール,euc_jp
4867588,147486212,0,.rodata,38,39,1,True,T3,0,0,0,True,対象となる敵に向かって火炎弾を発する術,euc_jp
4867628,147486252,0,.rodata,12,15,3,True,T3,0,0,0,True,イラプション,euc_jp
4867644,147486268,0,.rodata,40,43,3,True,T3,0,0,0,True,対象となる敵の周囲に溶岩流を出現させる術,euc_jp
4867688,147486312,0,.rodata,14,15,1,True,T3,0,0,0,True,エクスプロード,euc_jp
4867704,147486328,0,.rodata,38,39,1,True,T3,0,0,0,True,上空から火球を落として大爆発を起こす術,euc_jp
4867744,147486368,0,.rodata,16,19,3,True,T3,0,0,0,True,ウィンドカッター,euc_jp
4867764,147486388,0,.rodata,40,43,3,True,T3,0,0,0,True,対象となる敵の周囲に風の刃を発生させる術,euc_jp
4867808,147486432,0,.rodata,12,15,3,True,T3,0,0,0,True,エアスラスト,euc_jp
4867824,147486448,0,.rodata,46,47,1,True,T3,0,0,0,True,敵の周囲に風の刃を発生させ触れる者を切り刻む術,euc_jp
4867872,147486496,0,.rodata,10,11,1,True,T3,0,0,0,True,サイクロン,euc_jp
4867884,147486508,0,.rodata,38,39,1,True,T3,0,0,0,True,対象となる敵の周囲に竜巻を発生させる術,euc_jp
4867924,147486548,0,.rodata,16,19,3,True,T3,0,0,0,True,ストーンブラスト,euc_jp
4867944,147486568,0,.rodata,46,47,1,True,T3,0,0,0,True,対象となる敵の周囲から石つぶてを湧き出させる術,euc_jp
4867992,147486616,0,.rodata,14,15,1,True,T3,0,0,0,True,ロックブレイク,euc_jp
4868008,147486632,0,.rodata,44,47,3,True,T3,0,0,0,True,対象となる敵の地面から鋭利な岩を出現させる術,euc_jp
4868056,147486680,0,.rodata,18,19,1,True,T3,0,0,0,True,グランドダッシャー,euc_jp
4868076,147486700,0,.rodata,36,39,3,True,T3,0,0,0,True,大地の破壊のエネルギーを呼び起こす術,euc_jp
4868116,147486740,0,.rodata,12,15,3,True,T3,0,0,0,True,ライトニング,euc_jp
4868132,147486756,0,.rodata,42,43,1,True,T3,0,0,0,True,対象となる敵の上空から小さな落雷を発する術,euc_jp
4868176,147486800,0,.rodata,16,19,3,True,T3,0,0,0,True,サンダーブレード,euc_jp
4868196,147486820,0,.rodata,42,43,1,True,T3,0,0,0,True,電撃の剣を地面に突き刺し稲妻を発生させる術,euc_jp
4868240,147486864,0,.rodata,20,23,3,True,T3,0,0,0,True,インディグネイション,euc_jp
4868264,147486888,0,.rodata,36,39,3,True,T3,0,0,0,True,対象となる敵の周囲に神の雷を落とす術,euc_jp
4868304,147486928,0,.rodata,10,11,1,True,T3,0,0,0,True,アイシクル,euc_jp
4868316,147486940,0,.rodata,48,51,3,True,T3,0,0,0,True,対象となる敵の地面から鋭利な氷の塊を発生させる術,euc_jp
4868368,147486992,0,.rodata,16,19,3,True,T3,0,0,0,True,アイストーネード,euc_jp
4868388,147487012,0,.rodata,40,43,3,True,T3,0,0,0,True,対象となる敵の周囲に氷の嵐を発生させる術,euc_jp
4868432,147487056,0,.rodata,16,19,3,True,T3,0,0,0,True,レイジングミスト,euc_jp
4868452,147487076,0,.rodata,34,35,1,True,T3,0,0,0,True,敵の周囲に熱霧を作りだし攻撃する術,euc_jp
4868488,147487112,0,.rodata,16,19,3,True,T3,0,0,0,True,メテオスウォーム,euc_jp
4868508,147487132,0,.rodata,34,35,1,True,T3,0,0,0,True,何処より飛来する流星を呼び寄せる術,euc_jp
4868544,147487168,0,.rodata,32,35,3,True,T3,0,0,0,True,インディグネイト・ジャッジメント,euc_jp
4868580,147487204,0,.rodata,14,15,1,True,T3,0,0,0,True,アイスニードル,euc_jp
4868596,147487220,0,.rodata,36,39,3,True,T3,0,0,0,True,対象となる敵に向かって氷弾を発する術,euc_jp
4868636,147487260,0,.rodata,8,11,3,True,T3,0,0,0,True,ストーム,euc_jp
4868648,147487272,0,.rodata,36,39,3,True,T3,0,0,0,True,対象の敵に向かって突風を巻き起こす術,euc_jp
4868688,147487312,0,.rodata,8,11,3,True,T3,0,0,0,True,グレイブ,euc_jp
4868700,147487324,0,.rodata,46,47,1,True,T3,0,0,0,True,対象となる敵の足元から岩の塊を複数出現させる術,euc_jp
4868748,147487372,0,.rodata,16,19,3,True,T3,0,0,0,True,トラクタービーム,euc_jp
4868768,147487392,0,.rodata,46,47,1,True,T3,0,0,0,True,対象の足元に重力場を発生させ天高く跳ね上げる術,euc_jp
4868816,147487440,0,.rodata,16,19,3,True,T3,0,0,0,True,ファイアストーム,euc_jp
4868836,147487460,0,.rodata,34,35,1,True,T3,0,0,0,True,対象の敵に向かって火炎風を起こす術,euc_jp
4868872,147487496,0,.rodata,16,19,3,True,T3,0,0,0,True,ロックマウンテン,euc_jp
4868892,147487516,0,.rodata,32,35,3,True,T3,0,0,0,True,上空から無数の落石を発生させる術,euc_jp
4868928,147487552,0,.rodata,18,19,1,True,T3,0,0,0,True,メイルシュトローム,euc_jp
4868948,147487572,0,.rodata,46,47,1,True,T3,0,0,0,True,対象となる敵の周辺から大量の水流を出現させる術,euc_jp
4868996,147487620,0,.rodata,12,15,3,True,T3,0,0,0,True,ゴッドブレス,euc_jp
4869012,147487636,0,.rodata,42,43,1,True,T3,0,0,0,True,天空に魔法陣を紡ぎ強大な風の力を呼び込む術,euc_jp
4869056,147487680,0,.rodata,14,15,1,True,T3,0,0,0,True,ブラックホール,euc_jp
4869072,147487696,0,.rodata,50,51,1,True,T3,0,0,0,True,目標の敵付近に亜空間を発生させ大ダメージを与える術,euc_jp
4869124,147487748,0,.rodata,10,11,1,True,T3,0,0,0,True,ビッグバン,euc_jp
4869136,147487760,0,.rodata,42,43,1,True,T3,0,0,0,True,全ての敵を一瞬で葬り去るほどの威力を持つ術,euc_jp
4869180,147487804,0,.rodata,16,19,3,True,T3,0,0,0,True,ヒールストリーム,euc_jp
4869200,147487824,0,.rodata,47,47,0,True,T3,0,0,0,True,味方全員のＨＰを中程度回復する術(戦闘中は範囲）,euc_jp
4869248,147487872,0,.rodata,14,15,1,True,T3,0,0,0,True,ヒールウィンド,euc_jp
4869264,147487888,0,.rodata,46,47,1,True,T3,0,0,0,True,味方全員のＨＰを少し回復する術（戦闘中は範囲）,euc_jp
4869312,147487936,0,.rodata,14,15,1,True,T3,0,0,0,True,ジャッジメント,euc_jp
4869328,147487952,0,.rodata,40,43,3,True,T3,0,0,0,True,裁きの光によって対象の敵周辺を攻撃する術,euc_jp
4869372,147487996,0,.rodata,6,7,1,True,T3,0,0,0,True,ヒール,euc_jp
4869380,147488004,0,.rodata,44,47,3,True,T3,0,0,0,True,対象となる味方一人のＨＰを中程度回復させる術,euc_jp
4869428,147488052,0,.rodata,12,15,3,True,T3,0,0,0,True,シャープネス,euc_jp
4869444,147488068,0,.rodata,38,39,1,True,T3,0,0,0,True,味方一人の攻撃力を一定時間上昇させる術,euc_jp
4869484,147488108,0,.rodata,14,15,1,True,T3,0,0,0,True,アシッドレイン,euc_jp
4869500,147488124,0,.rodata,38,39,1,True,T3,0,0,0,True,敵に与えられる物理ダメージが増加する術,euc_jp
4869540,147488164,0,.rodata,14,15,1,True,T3,0,0,0,True,ディープミスト,euc_jp
4869556,147488180,0,.rodata,44,47,3,True,T3,0,0,0,True,対象の敵からのクリティカルが発生しなくなる術,euc_jp
4869604,147488228,0,.rodata,6,7,1,True,T3,0,0,0,True,キュア,euc_jp
4869612,147488236,0,.rodata,42,43,1,True,T3,0,0,0,True,対象となる味方一人のＨＰを大幅に回復する術,euc_jp
4869656,147488280,0,.rodata,10,11,1,True,T3,0,0,0,True,ブリザード,euc_jp
4869668,147488292,0,.rodata,22,23,1,True,T3,0,0,0,True,氷の吹雪を発生させる術,euc_jp
4869692,147488316,0,.rodata,8,11,3,True,T3,0,0,0,True,ピコハン,euc_jp
4869704,147488328,0,.rodata,38,39,1,True,T3,0,0,0,True,敵の上空にピコハンを発生させ攻撃する術,euc_jp
4869744,147488368,0,.rodata,16,19,3,True,T3,0,0,0,True,エナジーブラスト,euc_jp
4869764,147488388,0,.rodata,46,47,1,True,T3,0,0,0,True,対象となる敵の位置に小規模な爆発を発生させる術,euc_jp
4869812,147488436,0,.rodata,16,19,3,True,T3,0,0,0,True,ピコピコハンマー,euc_jp
4869832,147488456,0,.rodata,36,39,3,True,T3,0,0,0,True,ハンマーを敵の頭上に大量に降らせる術,euc_jp
4869872,147488496,0,.rodata,20,23,3,True,T3,0,0,0,True,インスペクトマジック,euc_jp
4869896,147488520,0,.rodata,32,35,3,True,T3,0,0,0,True,対象となる敵の能力値を把握する術,euc_jp
4869932,147488556,0,.rodata,20,23,3,True,T3,0,0,0,True,アグリゲットシャープ,euc_jp
4869956,147488580,0,.rodata,38,39,1,True,T3,0,0,0,True,味方全員の攻撃力を一定時間上昇させる術,euc_jp
4869996,147488620,0,.rodata,14,15,1,True,T3,0,0,0,True,ホーリーランス,euc_jp
4870012,147488636,0,.rodata,30,31,1,True,T3,0,0,0,True,対象となる敵を聖なる槍で貫く術,euc_jp
4870044,147488668,0,.rodata,16,19,3,True,T3,0,0,0,True,エアプレッシャー,euc_jp
4870064,147488688,0,.rodata,50,51,1,True,T3,0,0,0,True,重力場を発生させて押しつぶし大地もろとも破砕する術,euc_jp
4870116,147488740,0,.rodata,16,19,3,True,T3,0,0,0,True,バーンストライク,euc_jp
4870136,147488760,0,.rodata,42,43,1,True,T3,0,0,0,True,地面で強力な爆発を起こす火炎弾を降らせる術,euc_jp
4870180,147488804,0,.rodata,14,15,1,True,T3,0,0,0,True,アクアスパイク,euc_jp
4870196,147488820,0,.rodata,34,35,1,True,T3,0,0,0,True,高速回転させ圧縮した水を発射する術,euc_jp
4870232,147488856,0,.rodata,18,19,1,True,T3,0,0,0,True,ウィンドスラッシュ,euc_jp
4870252,147488876,0,.rodata,44,47,3,True,T3,0,0,0,True,相手との距離に関係なく真空の刃を発生させる術,euc_jp
4870300,147488924,0,.rodata,18,19,1,True,T3,0,0,0,True,インブレイスエンド,euc_jp
4870320,147488944,0,.rodata,40,43,3,True,T3,0,0,0,True,氷の棺に敵を閉じ込め、「終焉」を与える術,euc_jp
4870364,147488988,0,.rodata,20,23,3,True,T3,0,0,0,True,ライフディスチャージ,euc_jp
4870388,147489012,0,.rodata,14,15,1,True,T3,0,0,0,True,デモンズランス,euc_jp
4870404,147489028,0,.rodata,28,31,3,True,T3,0,0,0,True,対象となる敵を闇の槍で貫く術,euc_jp
4870436,147489060,0,.rodata,16,19,3,True,T3,0,0,0,True,メディテーション,euc_jp
4870456,147489080,0,.rodata,42,43,1,True,T3,0,0,0,True,味方一人の状態異常とＨＰを中程度回復する術,euc_jp
4870500,147489124,0,.rodata,18,19,1,True,T3,0,0,0,True,スペル・エンハンス,euc_jp
4870520,147489144,0,.rodata,46,47,1,True,T3,0,0,0,True,対象となる味方一人の固有詠唱時間を短縮させる術,euc_jp
4870568,147489192,0,.rodata,16,19,3,True,T3,0,0,0,True,エクレールラルム,euc_jp
4870588,147489212,0,.rodata,22,23,1,True,T3,0,0,0,True,十字の印を焼き付ける術,euc_jp
4870612,147489236,0,.rodata,10,11,1,True,T3,0,0,0,True,ナイトメア,euc_jp
4870624,147489248,0,.rodata,50,51,1,True,T3,0,0,0,True,対象となる敵の足元に無数の闇属性の泡を発生させる術,euc_jp
4870676,147489300,0,.rodata,14,15,1,True,T3,0,0,0,True,ホーリーソング,euc_jp
4870692,147489316,0,.rodata,50,51,1,True,T3,0,0,0,True,味方全員の能力を上昇させ、かつＨＰを少量回復する術,euc_jp
4870744,147489368,0,.rodata,14,15,1,True,T3,0,0,0,True,グランドクロス,euc_jp
4870760,147489384,0,.rodata,30,31,1,True,T3,0,0,0,True,悪しき者を滅ぼす光で攻撃する術,euc_jp
4870792,147489416,0,.rodata,20,23,3,True,T3,0,0,0,True,イノセント・シャイン,euc_jp
4870816,147489440,0,.rodata,16,19,3,True,T3,0,0,0,True,フレイムバースト,euc_jp
4870836,147489460,0,.rodata,46,47,1,True,T3,0,0,0,True,対象となる敵の位置に小規模な炎の爆発を起こす術,euc_jp
4870884,147489508,0,.rodata,14,15,1,True,T3,0,0,0,True,タービュランス,euc_jp
4870900,147489524,0,.rodata,36,39,3,True,T3,0,0,0,True,突風を起こし、敵を巻き上げ攻撃する術,euc_jp
4870940,147489564,0,.rodata,16,19,3,True,T3,0,0,0,True,ネガティブゲイト,euc_jp
4870960,147489584,0,.rodata,38,39,1,True,T3,0,0,0,True,敵の動きを封じ込める魔空間を引き出す術,euc_jp
4871000,147489624,0,.rodata,18,19,1,True,T3,0,0,0,True,エンシェントノヴァ,euc_jp
4871020,147489644,0,.rodata,40,43,3,True,T3,0,0,0,True,古代より伝えられし浄化の炎を呼び起こす術,euc_jp
4871064,147489688,0,.rodata,26,27,1,True,T3,0,0,0,True,ディバイン・ジャッジメント,euc_jp
4871092,147489716,0,.rodata,16,19,3,True,T3,0,0,0,True,ストーンウォール,euc_jp
4871112,147489736,0,.rodata,28,31,3,True,T3,0,0,0,True,敵の頭上から石の槍を落とす術,euc_jp
4871144,147489768,0,.rodata,14,15,1,True,T3,0,0,0,True,シャドウエッジ,euc_jp
4871160,147489784,0,.rodata,34,35,1,True,T3,0,0,0,True,地面から発生した闇の刃が敵を貫く術,euc_jp
4871196,147489820,0,.rodata,10,11,1,True,T3,0,0,0,True,デルタレイ,euc_jp
4871208,147489832,0,.rodata,28,31,3,True,T3,0,0,0,True,三つの光弾を同時に撃ち出す術,euc_jp
4871240,147489864,0,.rodata,8,11,3,True,T3,0,0,0,True,コチハン,euc_jp
4871252,147489876,0,.rodata,34,35,1,True,T3,0,0,0,True,コチコチするハンマーを敵に落とす術,euc_jp
4871288,147489912,0,.rodata,16,19,3,True,T3,0,0,0,True,フレイムドライブ,euc_jp
4871308,147489932,0,.rodata,24,27,3,True,T3,0,0,0,True,複数の火球弾が敵を狙う術,euc_jp
4871336,147489960,0,.rodata,12,15,3,True,T3,0,0,0,True,スプラッシュ,euc_jp
4871352,147489976,0,.rodata,32,35,3,True,T3,0,0,0,True,連続的に水流を地面に叩き付ける術,euc_jp
4871388,147490012,0,.rodata,16,19,3,True,T3,0,0,0,True,スラストファング,euc_jp
4871408,147490032,0,.rodata,30,31,1,True,T3,0,0,0,True,無数の真空の刃で敵を切り裂く術,euc_jp
4871440,147490064,0,.rodata,16,19,3,True,T3,0,0,0,True,アイシクルレイン,euc_jp
4871460,147490084,0,.rodata,40,43,3,True,T3,0,0,0,True,対象の敵の上空から無数の氷撃を繰り出す術,euc_jp
4871504,147490128,0,.rodata,14,15,1,True,T3,0,0,0,True,セイントバブル,euc_jp
4871520,147490144,0,.rodata,44,47,3,True,T3,0,0,0,True,対象となる敵の地面から無数の泡を出現させる術,euc_jp
4871568,147490192,0,.rodata,14,15,1,True,T3,0,0,0,True,アブソリュート,euc_jp
4871584,147490208,0,.rodata,36,39,3,True,T3,0,0,0,True,対象となる敵を氷塊で覆い炸裂させる術,euc_jp
4871624,147490248,0,.rodata,18,19,1,True,T3,0,0,0,True,フリジットコフィン,euc_jp
4871644,147490268,0,.rodata,46,47,1,True,T3,0,0,0,True,大地に眠る凍気を解放し、巨大な氷矢で攻撃する術,euc_jp
4871692,147490316,0,.rodata,20,23,3,True,T3,0,0,0,True,ミスティック・ケージ,euc_jp
4871716,147490340,0,.rodata,18,19,1,True,T3,0,0,0,True,ディバインセイバー,euc_jp
4871736,147490360,0,.rodata,28,31,3,True,T3,0,0,0,True,神聖なる裁きの雷を撃ち放つ術,euc_jp
4871768,147490392,0,.rodata,16,19,3,True,T3,0,0,0,True,フレアトルネード,euc_jp
4871788,147490412,0,.rodata,28,31,3,True,T3,0,0,0,True,地面から火炎流を噴出させる術,euc_jp
4871820,147490444,0,.rodata,16,19,3,True,T3,0,0,0,True,ミラクルハンマー,euc_jp
4871840,147490464,0,.rodata,46,47,1,True,T3,0,0,0,True,対象の上空に豪華なハンマーを作り出し攻撃する術,euc_jp
4871888,147490512,0,.rodata,14,15,1,True,T3,0,0,0,True,スパークウェブ,euc_jp
4871904,147490528,0,.rodata,40,43,3,True,T3,0,0,0,True,敵の頭上に巨大な雷球を発生させ攻撃する術,euc_jp
4871948,147490572,0,.rodata,18,19,1,True,T3,0,0,0,True,ヴォルテックヒート,euc_jp
4871968,147490592,0,.rodata,36,39,3,True,T3,0,0,0,True,熱風を起こして敵を大きく吹き飛ばす術,euc_jp
4872008,147490632,0,.rodata,20,23,3,True,T3,0,0,0,True,エンジェル・フェザー,euc_jp
4872032,147490656,0,.rodata,28,31,3,True,T3,0,0,0,True,光輪を出現させ敵を攻撃する術,euc_jp
4872088,147490712,0,.rodata,40,43,3,True,T3,0,0,0,True,対象となる味方一人の毒異常を回復させる術,euc_jp
4872132,147490756,0,.rodata,22,23,1,True,T3,0,0,0,True,ホーリージャッジメント,euc_jp
4872156,147490780,0,.rodata,8,11,3,True,T3,0,0,0,True,レジスト,euc_jp
4872168,147490792,0,.rodata,46,47,1,True,T3,0,0,0,True,一定時間、味方単体の状態異常、状態変化を防ぐ術,euc_jp
4872216,147490840,0,.rodata,14,15,1,True,T3,0,0,0,True,アンチマジック,euc_jp
4872232,147490856,0,.rodata,46,47,1,True,T3,0,0,0,True,一定時間、味方単体の魔法ダメージを軽減させる術,euc_jp
4872280,147490904,0,.rodata,14,15,1,True,T3,0,0,0,True,フレイムランス,euc_jp
4872296,147490920,0,.rodata,38,39,1,True,T3,0,0,0,True,天空より複数の炎の槍が対象を突き刺す術,euc_jp
4872336,147490960,0,.rodata,20,23,3,True,T3,0,0,0,True,シューティングスター,euc_jp
4872360,147490984,0,.rodata,34,35,1,True,T3,0,0,0,True,広範囲に流星を呼び出し、攻撃する術,euc_jp
4872396,147491020,0,.rodata,14,15,1,True,T3,0,0,0,True,ホーリーブレス,euc_jp
4872412,147491036,0,.rodata,32,35,3,True,T3,0,0,0,True,受けたダメージを徐々に回復する術,euc_jp
4872448,147491072,0,.rodata,16,19,3,True,T3,0,0,0,True,ストーンザッパー,euc_jp
4872468,147491092,0,.rodata,36,39,3,True,T3,0,0,0,True,複数の石片を弧を描いて敵にぶつける術,euc_jp
4872508,147491132,0,.rodata,18,19,1,True,T3,0,0,0,True,フィアフルストーム,euc_jp
4872528,147491152,0,.rodata,30,31,1,True,T3,0,0,0,True,壊滅的な威力の嵐を巻き起こす術,euc_jp
4872560,147491184,0,.rodata,18,19,1,True,T3,0,0,0,True,グランヴァニッシュ,euc_jp
4872580,147491204,0,.rodata,36,39,3,True,T3,0,0,0,True,大地の力を圧縮し、そして解放させる術,euc_jp
4872620,147491244,0,.rodata,16,19,3,True,T3,0,0,0,True,ブラッディクロス,euc_jp
4872640,147491264,0,.rodata,38,39,1,True,T3,0,0,0,True,闇の刃から生じる呪いの波動を撃ち出す術,euc_jp
4872680,147491304,0,.rodata,14,15,1,True,T3,0,0,0,True,フレアショット,euc_jp
4872696,147491320,0,.rodata,40,43,3,True,T3,0,0,0,True,小さな火球を撃ち出し、爆発させる火系の術,euc_jp
4872740,147491364,0,.rodata,14,15,1,True,T3,0,0,0,True,ウィンドエッジ,euc_jp
4872756,147491380,0,.rodata,32,35,3,True,T3,0,0,0,True,真空の刃を続けて生み出す風系の術,euc_jp
4872792,147491416,0,.rodata,14,15,1,True,T3,0,0,0,True,アーチシェイド,euc_jp
4872808,147491432,0,.rodata,32,35,3,True,T3,0,0,0,True,歪の力が両側から引き裂く闇系の術,euc_jp
4872844,147491468,0,.rodata,16,19,3,True,T3,0,0,0,True,ガスティーネイル,euc_jp
4872864,147491488,0,.rodata,36,39,3,True,T3,0,0,0,True,巨大な真空の爪で敵を切り裂く風系の術,euc_jp
4872904,147491528,0,.rodata,16,19,3,True,T3,0,0,0,True,エイミングヒート,euc_jp
4872924,147491548,0,.rodata,36,39,3,True,T3,0,0,0,True,灼熱弾を乱れ撃ちして敵を狙う火系の術,euc_jp
4872964,147491588,0,.rodata,16,19,3,True,T3,0,0,0,True,ゲイルスラッシュ,euc_jp
4872984,147491608,0,.rodata,22,23,1,True,T3,0,0,0,True,突風が敵を襲う風系の術,euc_jp
4873008,147491632,0,.rodata,18,19,1,True,T3,0,0,0,True,ブレイジングハーツ,euc_jp
4873028,147491652,0,.rodata,44,47,3,True,T3,0,0,0,True,灼熱弾が意思を持つが如く敵に炸裂する火系の術,euc_jp
4873076,147491700,0,.rodata,18,19,1,True,T3,0,0,0,True,ディザスターロアー,euc_jp
4873096,147491720,0,.rodata,32,35,3,True,T3,0,0,0,True,絶望の咆哮が敵を引き裂く闇系の術,euc_jp
4873132,147491756,0,.rodata,14,15,1,True,T3,0,0,0,True,ウインドアロー,euc_jp
4873148,147491772,0,.rodata,32,35,3,True,T3,0,0,0,True,術者の頭上から風の矢を生み出す術,euc_jp
4873184,147491808,0,.rodata,16,19,3,True,T3,0,0,0,True,ストリームアロー,euc_jp
4873204,147491828,0,.rodata,40,43,3,True,T3,0,0,0,True,対象を狙う風の矢が、敵を複数回攻撃する術,euc_jp
4873248,147491872,0,.rodata,18,19,1,True,T3,0,0,0,True,プリズムフラッシャ,euc_jp
4873268,147491892,0,.rodata,36,39,3,True,T3,0,0,0,True,光の洗礼を受けた七色の剣が降り注ぐ術,euc_jp
4873308,147491932,0,.rodata,18,19,1,True,T3,0,0,0,True,エクセキューション,euc_jp
4873328,147491952,0,.rodata,28,31,3,True,T3,0,0,0,True,漆黒の闇の淵へ引きずり込む術,euc_jp
4873360,147491984,0,.rodata,18,19,1,True,T3,0,0,0,True,トリニティスパーク,euc_jp
4873380,147492004,0,.rodata,26,27,1,True,T3,0,0,0,True,稲妻を前方の敵に撃ち放つ術,euc_jp
4873408,147492032,0,.rodata,16,19,3,True,T3,0,0,0,True,クラッシュガスト,euc_jp
4873428,147492052,0,.rodata,44,47,3,True,T3,0,0,0,True,対象の敵に向かって暗雲を纏った暴風を起こす術,euc_jp
4873476,147492100,0,.rodata,16,19,3,True,T3,0,0,0,True,イービルスフィア,euc_jp
4873496,147492120,0,.rodata,36,39,3,True,T3,0,0,0,True,敵を魔空間で包み、生命力をそぎ取る術,euc_jp
4873536,147492160,0,.rodata,18,19,1,True,T3,0,0,0,True,シャイニングスピア,euc_jp
4873556,147492180,0,.rodata,36,39,3,True,T3,0,0,0,True,光の洗礼を受けた無数の剣が降り注ぐ術,euc_jp
4873596,147492220,0,.rodata,12,15,3,True,T3,0,0,0,True,アクアリムス,euc_jp
4873612,147492236,0,.rodata,28,31,3,True,T3,0,0,0,True,プリンセス・オブ・マーメイド,euc_jp
4873644,147492268,0,.rodata,12,15,3,True,T3,0,0,0,True,Ｄ・レーベン,euc_jp
4873660,147492284,0,.rodata,50,51,1,True,T3,0,0,0,True,範囲内の敵のＨＰを吸収して自分のＨＰを回復させる術,euc_jp
4873712,147492336,0,.rodata,14,15,1,True,T3,0,0,0,True,Ｒ・エリキシル,euc_jp
4873728,147492352,0,.rodata,36,39,3,True,T3,0,0,0,True,範囲内の戦闘不能な味方を復活させる術,euc_jp
4873768,147492392,0,.rodata,20,23,3,True,T3,0,0,0,True,レデュース・レーゲン,euc_jp
4873792,147492416,0,.rodata,40,43,3,True,T3,0,0,0,True,一定時間、敵の物理攻撃を少し減少させる術,euc_jp
4873836,147492460,0,.rodata,16,19,3,True,T3,0,0,0,True,アーツ・レーゲン,euc_jp
4873856,147492480,0,.rodata,30,31,1,True,T3,0,0,0,True,リミッツゲージを少し増加する術,euc_jp
4873888,147492512,0,.rodata,18,19,1,True,T3,0,0,0,True,シェイブ・レーゲン,euc_jp
4873908,147492532,0,.rodata,40,43,3,True,T3,0,0,0,True,一定時間、敵の物理防御を少し低下させる術,euc_jp
4873952,147492576,0,.rodata,18,19,1,True,T3,0,0,0,True,ブレイク・レーゲン,euc_jp
4873972,147492596,0,.rodata,42,43,1,True,T3,0,0,0,True,一定時間、敵のガードをブレイクし易くなる術,euc_jp
4874016,147492640,0,.rodata,20,23,3,True,T3,0,0,0,True,ガンビット・レーゲン,euc_jp
4874040,147492664,0,.rodata,38,39,1,True,T3,0,0,0,True,一定時間、敵の術防御を少し低下させる術,euc_jp
4874080,147492704,0,.rodata,18,19,1,True,T3,0,0,0,True,ブラスト・レーゲン,euc_jp
4874100,147492724,0,.rodata,38,39,1,True,T3,0,0,0,True,一定時間、敵の術攻撃を少し低下させる術,euc_jp
4874140,147492764,0,.rodata,16,19,3,True,T3,0,0,0,True,ヒール・レーゲン,euc_jp
4874160,147492784,0,.rodata,28,31,3,True,T3,0,0,0,True,味方全員のＨＰを中回復する術,euc_jp
4874192,147492816,0,.rodata,16,19,3,True,T3,0,0,0,True,パワー・クラフト,euc_jp
4874212,147492836,0,.rodata,50,51,1,True,T3,0,0,0,True,一定時間、味方の物理攻撃上昇、状態異常を回復する術,euc_jp
4874264,147492888,0,.rodata,18,19,1,True,T3,0,0,0,True,マインド・ガイスト,euc_jp
4874284,147492908,0,.rodata,48,51,3,True,T3,0,0,0,True,一定時間、味方の術攻撃上昇、状態変化を回復する術,euc_jp
4874336,147492960,0,.rodata,18,19,1,True,T3,0,0,0,True,ガード・ヴァッサー,euc_jp
4874356,147492980,0,.rodata,50,51,1,True,T3,0,0,0,True,一定時間、味方の物理防御上昇、状態変化を回復する術,euc_jp
4874408,147493032,0,.rodata,16,19,3,True,T3,0,0,0,True,レジスト・ヴィレ,euc_jp
4874428,147493052,0,.rodata,48,51,3,True,T3,0,0,0,True,一定時間、味方の術防御上昇、状態変化を回復する術,euc_jp
4874480,147493104,0,.rodata,16,19,3,True,T3,0,0,0,True,ライフ・マテリア,euc_jp
4874500,147493124,0,.rodata,44,47,3,True,T3,0,0,0,True,味方のＨＰを徐々に回復、状態異常を回復する術,euc_jp
4874548,147493172,0,.rodata,18,19,1,True,T3,0,0,0,True,チャージ・ヴィント,euc_jp
4874568,147493192,0,.rodata,50,51,1,True,T3,0,0,0,True,範囲内の味方のＴＰを微回復後、状態異常を回復する術,euc_jp
4874620,147493244,0,.rodata,12,15,3,True,T3,0,0,0,True,テトラスペル,euc_jp
4874636,147493260,0,.rodata,4,7,3,True,T3,0,0,0,True,未定,euc_jp
4874644,147493268,0,.rodata,16,19,3,True,T3,0,0,0,True,フリーズランサー,euc_jp
4874664,147493288,0,.rodata,22,23,1,True,T3,0,0,0,True,多数の氷槍を撃ち出す術,euc_jp
4874688,147493312,0,.rodata,22,23,1,True,T3,0,0,0,True,アンチェインド・ノート,euc_jp
4874724,147493348,0,.rodata,38,39,1,True,T3,0,0,0,True,対象となる味方一人のＨＰを中回復する術,euc_jp
4874772,147493396,0,.rodata,30,31,1,True,T3,0,0,0,True,斬撃を飛ばして敵を攻撃する特技,euc_jp
4874820,147493444,0,.rodata,38,39,1,True,T3,0,0,0,True,斬撃による衝撃波を２連続で繰り出す秘技,euc_jp
4874872,147493496,0,.rodata,36,39,3,True,T3,0,0,0,True,斬撃による衝撃波を連続で繰り出す奥義,euc_jp
4874924,147493548,0,.rodata,32,35,3,True,T3,0,0,0,True,敵を斬り上げた後、追撃を行う特技,euc_jp
4874972,147493596,0,.rodata,34,35,1,True,T3,0,0,0,True,斬り上げの後、敵への連撃を行う秘技,euc_jp
4875016,147493640,0,.rodata,34,35,1,True,T3,0,0,0,True,前進しながら鋭い突きを繰り出す特技,euc_jp
4875060,147493684,0,.rodata,44,47,3,True,T3,0,0,0,True,強力な突きにより生じた風圧で敵を攻撃する秘技,euc_jp
4875116,147493740,0,.rodata,24,27,3,True,T3,0,0,0,True,連続で突きを繰り出す特技,euc_jp
4875152,147493776,0,.rodata,40,43,3,True,T3,0,0,0,True,無数の突きを繰り出した後に追撃を行う秘技,euc_jp
4875208,147493832,0,.rodata,46,47,1,True,T3,0,0,0,True,無数の突きを繰り出し空中で追い打ちをかける奥義,euc_jp
4875264,147493888,0,.rodata,26,27,1,True,T3,0,0,0,True,回転斬りで敵を攻撃する特技,euc_jp
4875304,147493928,0,.rodata,40,43,3,True,T3,0,0,0,True,敵を浮かせた状態で高速回転斬りを行う秘技,euc_jp
4875360,147493984,0,.rodata,32,35,3,True,T3,0,0,0,True,闘気を敵に叩き付け吹き飛ばす秘技,euc_jp
4875408,147494032,0,.rodata,46,47,1,True,T3,0,0,0,True,敵を回転斬りにより巻き込み闘気を叩き付ける奥義,euc_jp
4875468,147494092,0,.rodata,48,51,3,True,T3,0,0,0,True,空中に飛び上がり、急降下によって敵を攻撃する奥義,euc_jp
4875532,147494156,0,.rodata,30,31,1,True,T3,0,0,0,True,魔神剣と瞬迅剣を組合わせた奥義,euc_jp
4875576,147494200,0,.rodata,32,35,3,True,T3,0,0,0,True,魔神剣と虎牙破斬を組合わせた奥義,euc_jp
4875624,147494248,0,.rodata,30,31,1,True,T3,0,0,0,True,回転斬り後、突きを繰り出す奥義,euc_jp
4875668,147494292,0,.rodata,32,35,3,True,T3,0,0,0,True,裂空斬と獅子戦吼を組合わせた奥義,euc_jp
4875716,147494340,0,.rodata,32,35,3,True,T3,0,0,0,True,散沙雨と虎牙破斬を組合わせた奥義,euc_jp
4875764,147494388,0,.rodata,38,39,1,True,T3,0,0,0,True,連続突きの後、止めに獅子戦吼を放つ奥義,euc_jp
4875816,147494440,0,.rodata,30,31,1,True,T3,0,0,0,True,散沙雨と裂空斬を組合わせた奥義,euc_jp
4875872,147494496,0,.rodata,26,27,1,True,T3,0,0,0,True,連続して回転蹴りを行う特技,euc_jp
4875912,147494536,0,.rodata,38,39,1,True,T3,0,0,0,True,炎をまとった回転蹴りを連続して行う秘技,euc_jp
4875968,147494592,0,.rodata,48,51,3,True,T3,0,0,0,True,回転斬りによって竜巻を生じさせつつ斬り上げる秘技,euc_jp
4876032,147494656,0,.rodata,36,39,3,True,T3,0,0,0,True,敵に踏み込みながら連撃を繰り出す奥義,euc_jp
4876084,147494708,0,.rodata,48,51,3,True,T3,0,0,0,True,剣圧で敵を浮かせ、その後止めの一撃を繰り出す秘技,euc_jp
4876144,147494768,0,.rodata,40,43,3,True,T3,0,0,0,True,炎を纏った闘気を敵にぶつけて攻撃する奥義,euc_jp
4876200,147494824,0,.rodata,46,47,1,True,T3,0,0,0,True,炎の闘気を纏い鳳凰の如く、急降下攻撃をする奥義,euc_jp
4876260,147494884,0,.rodata,36,39,3,True,T3,0,0,0,True,炎を纏った空中回転蹴りを繰り出す秘技,euc_jp
4876312,147494936,0,.rodata,32,35,3,True,T3,0,0,0,True,熱波の回転斬りに敵を巻き込む奥義,euc_jp
4876360,147494984,0,.rodata,42,43,1,True,T3,0,0,0,True,炎の力を一気に解放しながら敵を薙ぎ払う秘技,euc_jp
4876416,147495040,0,.rodata,36,39,3,True,T3,0,0,0,True,爆炎の気を放出、周囲を焼き尽くす奥義,euc_jp
4876468,147495092,0,.rodata,18,19,1,True,T3,0,0,0,True,業火を操る乱舞奥義,euc_jp
4876508,147495132,0,.rodata,40,43,3,True,T3,0,0,0,True,爆発力を込めた剣を振るい爆風を起こす特技,euc_jp
4876560,147495184,0,.rodata,34,35,1,True,T3,0,0,0,True,上空まで発生する炎撃を繰り出す秘技,euc_jp
4876604,147495228,0,.rodata,28,31,3,True,T3,0,0,0,True,斬撃と生じる真空波を放つ特技,euc_jp
4876648,147495272,0,.rodata,30,31,1,True,T3,0,0,0,True,高速突きが光となり敵を貫く奥義,euc_jp
4876692,147495316,0,.rodata,34,35,1,True,T3,0,0,0,True,炎の力を巻き込み一気に放出する奥義,euc_jp
4876736,147495360,0,.rodata,34,35,1,True,T3,0,0,0,True,強力な突きにより敵を吹き飛ばす秘技,euc_jp
4876784,147495408,0,.rodata,30,31,1,True,T3,0,0,0,True,散沙雨と魔神剣を組合わせた奥義,euc_jp
4876828,147495452,0,.rodata,38,39,1,True,T3,0,0,0,True,猛虎の如く、空中での連撃を繰り出す奥義,euc_jp
4876880,147495504,0,.rodata,34,35,1,True,T3,0,0,0,True,閃空裂破の後、敵への連撃を行う奥義,euc_jp
4876928,147495552,0,.rodata,28,31,3,True,T3,0,0,0,True,閃空裂破の後、追撃を行う奥義,euc_jp
4876980,147495604,0,.rodata,30,31,1,True,T3,0,0,0,True,拳撃を飛ばして敵を攻撃する特技,euc_jp
4877020,147495644,0,.rodata,50,51,1,True,T3,0,0,0,True,斬り下ろしから斬り上げへと繋げる二段斬りを行う特技,euc_jp
4877080,147495704,0,.rodata,46,47,1,True,T3,0,0,0,True,掌底を叩き込み、気を爆発させ敵を吹き飛ばす特技,euc_jp
4877136,147495760,0,.rodata,48,51,3,True,T3,0,0,0,True,鋭い突きを繰り出し、その後拳で敵を突き上げる特技,euc_jp
4877196,147495820,0,.rodata,30,31,1,True,T3,0,0,0,True,一定時間攻撃力を上昇させる特技,euc_jp
4877236,147495860,0,.rodata,42,43,1,True,T3,0,0,0,True,勢いを付けて武器を振り回し敵を攻撃する特技,euc_jp
4877292,147495916,0,.rodata,50,51,1,True,T3,0,0,0,True,連続で武器を振り回し、その勢いで敵を吹き飛ばす秘技,euc_jp
4877352,147495976,0,.rodata,26,27,1,True,T3,0,0,0,True,上空から蹴りをあびせる特技,euc_jp
4877392,147496016,0,.rodata,28,31,3,True,T3,0,0,0,True,崩襲脚後、斬り上げを行う秘技,euc_jp
4877436,147496060,0,.rodata,30,31,1,True,T3,0,0,0,True,崩襲脚と穿衝破を組合わせた奥義,euc_jp
4877480,147496104,0,.rodata,30,31,1,True,T3,0,0,0,True,崩襲脚と烈破掌を組合わせた奥義,euc_jp
4877524,147496148,0,.rodata,30,31,1,True,T3,0,0,0,True,穿衝破と烈破掌を組合わせた奥義,euc_jp
4877568,147496192,0,.rodata,30,31,1,True,T3,0,0,0,True,双牙斬と崩襲脚を組合わせた奥義,euc_jp
4877612,147496236,0,.rodata,30,31,1,True,T3,0,0,0,True,双牙斬と穿衝破を組合わせた奥義,euc_jp
4877656,147496280,0,.rodata,30,31,1,True,T3,0,0,0,True,双牙斬と烈破掌を組合わせた奥義,euc_jp
4877700,147496324,0,.rodata,40,43,3,True,T3,0,0,0,True,武器を振り回し闘気と共に敵を薙ぎ払う奥義,euc_jp
4877764,147496388,0,.rodata,36,39,3,True,T3,0,0,0,True,前進と共に拳による一閃を繰り出す特技,euc_jp
4877812,147496436,0,.rodata,42,43,1,True,T3,0,0,0,True,渾身の突きを繰り出し、敵をダウンさせる特技,euc_jp
4877864,147496488,0,.rodata,32,35,3,True,T3,0,0,0,True,拳で敵を打ち上げ、追撃を行う特技,euc_jp
4877908,147496532,0,.rodata,36,39,3,True,T3,0,0,0,True,上空からの攻撃後、敵から離脱する特技,euc_jp
4877956,147496580,0,.rodata,30,31,1,True,T3,0,0,0,True,素早い六連続攻撃を繰り出す特技,euc_jp
4878000,147496624,0,.rodata,30,31,1,True,T3,0,0,0,True,後ろ回し蹴りで敵を絡め取る特技,euc_jp
4878040,147496664,0,.rodata,36,39,3,True,T3,0,0,0,True,懐に踏み込み、敵を強く打ち上げる特技,euc_jp
4878088,147496712,0,.rodata,40,43,3,True,T3,0,0,0,True,一瞬で間合いを詰め、連続攻撃を加える秘技,euc_jp
4878140,147496764,0,.rodata,46,47,1,True,T3,0,0,0,True,連続蹴りの最後に敵を吹き飛ばしダウンさせる奥義,euc_jp
4878200,147496824,0,.rodata,44,47,3,True,T3,0,0,0,True,ダウン状態の敵を投げ、軽ダメージを与える秘技,euc_jp
4878260,147496884,0,.rodata,44,47,3,True,T3,0,0,0,True,ダウン状態の敵を投げ、中ダメージを与える秘技,euc_jp
4878320,147496944,0,.rodata,44,47,3,True,T3,0,0,0,True,ダウン状態の敵を投げ、大ダメージを与える秘技,euc_jp
4878380,147497004,0,.rodata,30,31,1,True,T3,0,0,0,True,魔神拳と幻竜拳を組合わせた奥義,euc_jp
4878420,147497044,0,.rodata,50,51,1,True,T3,0,0,0,True,重い突きで敵の動きを止め、渾身の力で打ち上げる秘技,euc_jp
4878484,147497108,0,.rodata,34,35,1,True,T3,0,0,0,True,幻竜拳の後に連続回転蹴りを行う奥義,euc_jp
4878532,147497156,0,.rodata,34,35,1,True,T3,0,0,0,True,連牙弾の後に連続回転蹴りを行う奥義,euc_jp
4878584,147497208,0,.rodata,32,35,3,True,T3,0,0,0,True,輪舞旋風と噴竜撃を組合わせた奥義,euc_jp
4878636,147497260,0,.rodata,30,31,1,True,T3,0,0,0,True,敵を貫く巨大な衝撃波を放つ奥義,euc_jp
4878680,147497304,0,.rodata,48,51,3,True,T3,0,0,0,True,瞬時に間合いを詰めて殴り続け、敵を打ち上げる奥義,euc_jp
4878744,147497368,0,.rodata,32,35,3,True,T3,0,0,0,True,輪舞旋風と爆牙弾を組合わせた奥義,euc_jp
4878792,147497416,0,.rodata,50,51,1,True,T3,0,0,0,True,敵を突き上げ、炎を纏い急降下攻撃後ダウンさせる奥義,euc_jp
4878856,147497480,0,.rodata,28,31,3,True,T3,0,0,0,True,大きな衝撃波を発生させる秘技,euc_jp
4878900,147497524,0,.rodata,44,47,3,True,T3,0,0,0,True,敵を打ち上げ、鋭い突きで追い打ちを掛ける奥義,euc_jp
4878956,147497580,0,.rodata,32,35,3,True,T3,0,0,0,True,剣で突いた相手に雷撃を与える秘技,euc_jp
4879004,147497628,0,.rodata,38,39,1,True,T3,0,0,0,True,突きの後、雷撃と風圧での追撃を行う奥義,euc_jp
4879056,147497680,0,.rodata,32,35,3,True,T3,0,0,0,True,魔神剣と閃空裂破を組合わせた奥義,euc_jp
4879104,147497728,0,.rodata,38,39,1,True,T3,0,0,0,True,周囲から立ち昇る光弾で敵を攻撃する奥義,euc_jp
4879144,147497768,0,.rodata,12,15,3,True,T3,0,0,0,True,サーチガルド,euc_jp
4879160,147497784,0,.rodata,38,39,1,True,T3,0,0,0,True,何かしらの手段でガルドをゲットする特技,euc_jp
4879200,147497824,0,.rodata,12,15,3,True,T3,0,0,0,True,スナイプエア,euc_jp
4879216,147497840,0,.rodata,38,39,1,True,T3,0,0,0,True,斬り上げた敵を空中からすかさず貫く特技,euc_jp
4879256,147497880,0,.rodata,12,15,3,True,T3,0,0,0,True,スナイプロア,euc_jp
4879272,147497896,0,.rodata,50,51,1,True,T3,0,0,0,True,高速移動と共に敵を貫き返りの空中斬りに巻き込む奥義,euc_jp
4879324,147497948,0,.rodata,16,19,3,True,T3,0,0,0,True,ローバーアイテム,euc_jp
4879344,147497968,0,.rodata,40,43,3,True,T3,0,0,0,True,一定確率で、敵からアイテムを頂戴する特技,euc_jp
4879388,147498012,0,.rodata,16,19,3,True,T3,0,0,0,True,ブラッディローズ,euc_jp
4879408,147498032,0,.rodata,34,35,1,True,T3,0,0,0,True,高速の斬撃が血の様な薔薇を描く奥義,euc_jp
4879452,147498076,0,.rodata,38,39,1,True,T3,0,0,0,True,槍を横に凪いだ衝撃で真空波を起こす特技,euc_jp
4879500,147498124,0,.rodata,32,35,3,True,T3,0,0,0,True,最大限のリーチで槍を突き出す特技,euc_jp
4879544,147498168,0,.rodata,34,35,1,True,T3,0,0,0,True,鋼を具現化させて攻撃を繰り出す特技,euc_jp
4879588,147498212,0,.rodata,42,43,1,True,T3,0,0,0,True,槍を左右に振り払いながらながら突進する特技,euc_jp
4879640,147498264,0,.rodata,34,35,1,True,T3,0,0,0,True,槍で敵を打ち上げ、雷撃を加える特技,euc_jp
4879684,147498308,0,.rodata,50,51,1,True,T3,0,0,0,True,敵を跳ね上げ、空中で追い打ちをかけて叩き落とす特技,euc_jp
4879748,147498372,0,.rodata,38,39,1,True,T3,0,0,0,True,疾風を纏った回転突きで敵を突き抜く奥義,euc_jp
4879800,147498424,0,.rodata,42,43,1,True,T3,0,0,0,True,地面に槍を突き立てた衝撃で旋風が渦巻く奥義,euc_jp
4879856,147498480,0,.rodata,46,47,1,True,T3,0,0,0,True,２連続の斬撃の後、斜め斬りの真空波を加える奥義,euc_jp
4879916,147498540,0,.rodata,44,47,3,True,T3,0,0,0,True,滅翔槍の後、地面から竜巻を起こし追撃する奥義,euc_jp
4879976,147498600,0,.rodata,38,39,1,True,T3,0,0,0,True,轟破槍から追撃で前後に衝撃波を放つ奥義,euc_jp
4880028,147498652,0,.rodata,44,47,3,True,T3,0,0,0,True,敵を振り払いながら、奥の敵に突きを加える奥義,euc_jp
4880088,147498712,0,.rodata,48,51,3,True,T3,0,0,0,True,天高く浮かし、すかさず槍で突き更に叩き落とす奥義,euc_jp
4880152,147498776,0,.rodata,50,51,1,True,T3,0,0,0,True,雷撃と共に打ち上げた後、鉱石を跳ね上げ追撃する奥義,euc_jp
4880216,147498840,0,.rodata,28,31,3,True,T3,0,0,0,True,鋼を具現化して敵を浮かす奥義,euc_jp
4880260,147498884,0,.rodata,46,47,1,True,T3,0,0,0,True,不意打ち後、鉱石を跳ね上げて敵を吹き飛ばす奥義,euc_jp
4880316,147498940,0,.rodata,22,23,1,True,T3,0,0,0,True,炎を纏った矢を放つ特技,euc_jp
4880348,147498972,0,.rodata,24,27,3,True,T3,0,0,0,True,冷気を纏った矢を放つ特技,euc_jp
4880384,147499008,0,.rodata,32,35,3,True,T3,0,0,0,True,着弾と同時に落雷を発生させる特技,euc_jp
4880428,147499052,0,.rodata,46,47,1,True,T3,0,0,0,True,地面に着弾した矢の衝撃で岩の塊を発生させる特技,euc_jp
4880484,147499108,0,.rodata,36,39,3,True,T3,0,0,0,True,天に向かって八発の矢を同時に放つ奥義,euc_jp
4880532,147499156,0,.rodata,38,39,1,True,T3,0,0,0,True,獲物をねらう鷲の軌道を描く矢を放つ特技,euc_jp
4880580,147499204,0,.rodata,32,35,3,True,T3,0,0,0,True,熟練の手さばきで矢を連射する特技,euc_jp
4880624,147499248,0,.rodata,28,31,3,True,T3,0,0,0,True,渾身の力を込めた矢を放つ奥義,euc_jp
4880664,147499288,0,.rodata,50,51,1,True,T3,0,0,0,True,直進する一発の矢と誘導する四発の矢を同時に放つ奥義,euc_jp
4880728,147499352,0,.rodata,34,35,1,True,T3,0,0,0,True,斬り上げ後、落雷をお見舞いする秘技,euc_jp
4880764,147499388,0,.rodata,22,23,1,True,T3,0,0,0,True,シャイニング・バインド,euc_jp
4880788,147499412,0,.rodata,16,19,3,True,T3,0,0,0,True,スラッシュレイン,euc_jp
4880808,147499432,0,.rodata,26,27,1,True,T3,0,0,0,True,空中から水流を放出する秘技,euc_jp
4880836,147499460,0,.rodata,16,19,3,True,T3,0,0,0,True,サーペントエッジ,euc_jp
4880856,147499480,0,.rodata,48,51,3,True,T3,0,0,0,True,遠距離から水蛇の様に絡む連撃で敵を引き寄せる秘技,euc_jp
4880908,147499532,0,.rodata,16,19,3,True,T3,0,0,0,True,インスペクトアイ,euc_jp
4880928,147499552,0,.rodata,34,35,1,True,T3,0,0,0,True,対象となる敵の能力値を把握する特技,euc_jp
4880972,147499596,0,.rodata,20,23,3,True,T3,0,0,0,True,爆発する矢を放つ特技,euc_jp
4881004,147499628,0,.rodata,48,51,3,True,T3,0,0,0,True,天に向かって五発の冷気を纏った矢を同時に放つ奥義,euc_jp
4881064,147499688,0,.rodata,34,35,1,True,T3,0,0,0,True,空中から高速の矢で敵を狙い撃つ奥義,euc_jp
4881108,147499732,0,.rodata,42,43,1,True,T3,0,0,0,True,攻撃中の敵に対して絶大な追尾性能を持つ奥義,euc_jp
4881160,147499784,0,.rodata,40,43,3,True,T3,0,0,0,True,数多の敵を貫通する炎の閃光を生み出す奥義,euc_jp
4881216,147499840,0,.rodata,50,51,1,True,T3,0,0,0,True,宙からあびせ蹴りの後、周囲に溶岩を湧き立たせる秘技,euc_jp
4881280,147499904,0,.rodata,42,43,1,True,T3,0,0,0,True,突きの後、大地を揺るがす拳で突き上げる秘技,euc_jp
4881336,147499960,0,.rodata,40,43,3,True,T3,0,0,0,True,炎を纏った拳で敵を払い斬撃をあびせる奥義,euc_jp
4881392,147500016,0,.rodata,44,47,3,True,T3,0,0,0,True,素早い突進から連続で敵を斬り上げ攻撃する奥義,euc_jp
4881452,147500076,0,.rodata,42,43,1,True,T3,0,0,0,True,大地に衝撃を与え数多の岩片を吹き飛ばす奥義,euc_jp
4881508,147500132,0,.rodata,50,51,1,True,T3,0,0,0,True,神速の突きにより突風が巻き起こり敵を吹き飛ばす奥義,euc_jp
4881560,147500184,0,.rodata,22,23,1,True,T3,0,0,0,True,レイディアント・ハウル,euc_jp
4881592,147500216,0,.rodata,26,27,1,True,T3,0,0,0,True,月を描くが如く敵を斬る特技,euc_jp
4881632,147500256,0,.rodata,32,35,3,True,T3,0,0,0,True,武器の軌跡により二度月を描く秘技,euc_jp
4881668,147500292,0,.rodata,10,11,1,True,T3,0,0,0,True,ボムスロー,euc_jp
4881680,147500304,0,.rodata,42,43,1,True,T3,0,0,0,True,炸裂する液体を仕込んだビンを投げ付ける特技,euc_jp
4881724,147500348,0,.rodata,10,11,1,True,T3,0,0,0,True,ボムレイン,euc_jp
4881736,147500360,0,.rodata,30,31,1,True,T3,0,0,0,True,有象無象にビンを投げ付ける奥義,euc_jp
4881776,147500400,0,.rodata,34,35,1,True,T3,0,0,0,True,移動と共に渾身の突きを繰り出す特技,euc_jp
4881820,147500444,0,.rodata,34,35,1,True,T3,0,0,0,True,素早い武器捌きで連続斬りを行う特技,euc_jp
4881864,147500488,0,.rodata,46,47,1,True,T3,0,0,0,True,空中に飛び上がり急降下によって敵を攻撃する特技,euc_jp
4881920,147500544,0,.rodata,30,31,1,True,T3,0,0,0,True,空に向かって敵を斬り上げる特技,euc_jp
4881964,147500588,0,.rodata,34,35,1,True,T3,0,0,0,True,牙突衝後、素早い斬撃を繰り出す秘技,euc_jp
4882012,147500636,0,.rodata,40,43,3,True,T3,0,0,0,True,斬撃で打ち上げた後に三連撃を繰り出す秘技,euc_jp
4882068,147500692,0,.rodata,42,43,1,True,T3,0,0,0,True,牙突衝の後、空中で素早い斬撃を繰り出す秘技,euc_jp
4882124,147500748,0,.rodata,42,43,1,True,T3,0,0,0,True,飛翔刃の後、空中で素早い斬撃を繰り出す秘技,euc_jp
4882180,147500804,0,.rodata,50,51,1,True,T3,0,0,0,True,間合い詰め時にボムスロー、その後突きを繰り出す秘技,euc_jp
4882244,147500868,0,.rodata,30,31,1,True,T3,0,0,0,True,牙突衝と牙連刃を組合わせた奥義,euc_jp
4882288,147500912,0,.rodata,30,31,1,True,T3,0,0,0,True,牙連刃と飛翔刃を組合わせた奥義,euc_jp
4882332,147500956,0,.rodata,32,35,3,True,T3,0,0,0,True,牙突連撃と空襲刃を組合わせた奥義,euc_jp
4882380,147501004,0,.rodata,50,51,1,True,T3,0,0,0,True,踏み込み斬りを繰り出し、斬撃の衝撃波で追撃する奥義,euc_jp
4882444,147501068,0,.rodata,50,51,1,True,T3,0,0,0,True,爆突襲撃後、敵の足下に五つのお土産を置いていく奥義,euc_jp
4882508,147501132,0,.rodata,40,43,3,True,T3,0,0,0,True,強烈な下からの突き上げで、敵を浮かす秘技,euc_jp
4882564,147501188,0,.rodata,16,19,3,True,T3,0,0,0,True,デッドスパイラル,euc_jp
4882584,147501208,0,.rodata,44,47,3,True,T3,0,0,0,True,ハンマーを敵にぶつけ、高確率で気絶させる特技,euc_jp
4882632,147501256,0,.rodata,18,19,1,True,T3,0,0,0,True,ノクターナルライト,euc_jp
4882652,147501276,0,.rodata,34,35,1,True,T3,0,0,0,True,前方に向かって短剣を投げ付ける秘技,euc_jp
4882688,147501312,0,.rodata,18,19,1,True,T3,0,0,0,True,セヴァードフェイト,euc_jp
4882708,147501332,0,.rodata,50,51,1,True,T3,0,0,0,True,上空から眼下に短剣を投げ付け衝撃で敵を攻撃する秘技,euc_jp
4882760,147501384,0,.rodata,16,19,3,True,T3,0,0,0,True,バニシングソロゥ,euc_jp
4882780,147501404,0,.rodata,28,31,3,True,T3,0,0,0,True,譜力を敵にぶつけ攻撃する秘技,euc_jp
4882820,147501444,0,.rodata,18,19,1,True,T3,0,0,0,True,クナイを投げる特技,euc_jp
4882848,147501472,0,.rodata,24,27,3,True,T3,0,0,0,True,突進して三連撃を行う特技,euc_jp
4882884,147501508,0,.rodata,38,39,1,True,T3,0,0,0,True,地面から衝撃波を繰り出し、攻撃する特技,euc_jp
4882932,147501556,0,.rodata,44,47,3,True,T3,0,0,0,True,左右の斬撃後、後ろ回し蹴りをお見舞いする特技,euc_jp
4882988,147501612,0,.rodata,34,35,1,True,T3,0,0,0,True,炎を宿した剣で十文字に斬り裂く特技,euc_jp
4883032,147501656,0,.rodata,46,47,1,True,T3,0,0,0,True,地面に剣を突き刺し、衝撃で岩の槍を召喚する特技,euc_jp
4883092,147501716,0,.rodata,48,51,3,True,T3,0,0,0,True,左右の斬撃後、地面を叩き衝撃波で追い打ちする秘技,euc_jp
4883152,147501776,0,.rodata,44,47,3,True,T3,0,0,0,True,瞬時に間合いを詰めながら、一閃を繰り出す秘技,euc_jp
4883212,147501836,0,.rodata,46,47,1,True,T3,0,0,0,True,後方に飛びつつ、前方にクナイを投げ攻撃する秘技,euc_jp
4883268,147501892,0,.rodata,50,51,1,True,T3,0,0,0,True,溜めた気合いを相手に放出することでダウンさせる特技,euc_jp
4883320,147501944,0,.rodata,10,11,1,True,T3,0,0,0,True,飯綱落とし,euc_jp
4883332,147501956,0,.rodata,42,43,1,True,T3,0,0,0,True,敵の頭上に瞬間移動し、不意の攻撃を行う特技,euc_jp
4883388,147502012,0,.rodata,28,31,3,True,T3,0,0,0,True,炎を纏った連続蹴りを行う秘技,euc_jp
4883432,147502056,0,.rodata,26,27,1,True,T3,0,0,0,True,風の力で相手を封殺する秘技,euc_jp
4883460,147502084,0,.rodata,10,11,1,True,T3,0,0,0,True,火車落とし,euc_jp
4883472,147502096,0,.rodata,46,47,1,True,T3,0,0,0,True,敵の頭上に瞬間移動し、炎を宿した斬撃を行う秘技,euc_jp
4883532,147502156,0,.rodata,36,39,3,True,T3,0,0,0,True,風刃縛封と火車落としを組合わせた奥義,euc_jp
4883584,147502208,0,.rodata,46,47,1,True,T3,0,0,0,True,間合いを詰めつつ鬼炎斬と鬼炎連脚を繰り出す奥義,euc_jp
4883644,147502268,0,.rodata,30,31,1,True,T3,0,0,0,True,影走斬と滅掌破を組合わせた奥義,euc_jp
4883688,147502312,0,.rodata,38,39,1,True,T3,0,0,0,True,閃走牙・刹月華・滅掌破を組合わせた奥義,euc_jp
4883740,147502364,0,.rodata,42,43,1,True,T3,0,0,0,True,一定時間、攻撃に対して仰け反らなくなる特技,euc_jp
4883804,147502428,0,.rodata,44,47,3,True,T3,0,0,0,True,ダッシュ突きから跳ね上げる様に斬り抜ける秘技,euc_jp
4883860,147502484,0,.rodata,36,39,3,True,T3,0,0,0,True,闇の力を集中させ、前方に突き出す奥義,euc_jp
4883912,147502536,0,.rodata,28,31,3,True,T3,0,0,0,True,空中で連続斬りを繰り出す特技,euc_jp
4883952,147502576,0,.rodata,30,31,1,True,T3,0,0,0,True,空中から真空波の一閃を薙ぐ特技,euc_jp
4883996,147502620,0,.rodata,46,47,1,True,T3,0,0,0,True,臥竜閃後、更に空中で二撃の真空波を繰り出す奥義,euc_jp
4884052,147502676,0,.rodata,26,27,1,True,T3,0,0,0,True,相手を瞬時に斬り抜ける特技,euc_jp
4884088,147502712,0,.rodata,36,39,3,True,T3,0,0,0,True,斬撃の真空波が三日月の軌道を描く特技,euc_jp
4884140,147502764,0,.rodata,46,47,1,True,T3,0,0,0,True,斬り上げた剣を斬り下ろし三日月の軌道を描く秘技,euc_jp
4884200,147502824,0,.rodata,44,47,3,True,T3,0,0,0,True,常人の目には見切れぬ高速移動を伴った斬撃奥義,euc_jp
4884272,147502896,0,.rodata,42,43,1,True,T3,0,0,0,True,剣圧で敵を浮かせその後、上空で薙ぎ払う奥義,euc_jp
4884328,147502952,0,.rodata,30,31,1,True,T3,0,0,0,True,魔神剣と散沙雨を組合わせた奥義,euc_jp
4884372,147502996,0,.rodata,46,47,1,True,T3,0,0,0,True,敵の背後に回る特性を持つ二連突きを繰り出す奥義,euc_jp
4884432,147503056,0,.rodata,30,31,1,True,T3,0,0,0,True,秋沙雨と裂空斬を組合わせた奥義,euc_jp
4884480,147503104,0,.rodata,28,31,3,True,T3,0,0,0,True,小規模な竜巻を発生させる特技,euc_jp
4884520,147503144,0,.rodata,28,31,3,True,T3,0,0,0,True,圧縮した水流弾を撃ち放つ特技,euc_jp
4884560,147503184,0,.rodata,40,43,3,True,T3,0,0,0,True,跳躍後、打ち下ろしの精霊弾を発射する特技,euc_jp
4884612,147503236,0,.rodata,50,51,1,True,T3,0,0,0,True,敵を吹き飛ばす障壁を展開しつつ味方を微回復する特技,euc_jp
4884672,147503296,0,.rodata,34,35,1,True,T3,0,0,0,True,熟練の手さばきで矢を三連射する特技,euc_jp
4884708,147503332,0,.rodata,24,27,3,True,T3,0,0,0,True,瞬速の突きを繰り出す特技,euc_jp
4884748,147503372,0,.rodata,38,39,1,True,T3,0,0,0,True,敵を打ち上げ、突きによって追撃する奥義,euc_jp
4884800,147503424,0,.rodata,48,51,3,True,T3,0,0,0,True,地面に槍を突き刺し突風を発生させ敵を攻撃する奥義,euc_jp
4884864,147503488,0,.rodata,48,51,3,True,T3,0,0,0,True,地面に槍を突き刺し水柱を発生させ敵を攻撃する奥義,euc_jp
4884928,147503552,0,.rodata,50,51,1,True,T3,0,0,0,True,敵を打ち上げ、爆炎を纏った突きによって追撃する奥義,euc_jp
4884992,147503616,0,.rodata,40,43,3,True,T3,0,0,0,True,前方に生み出した水晶ごと敵を突き崩す奥義,euc_jp
4885048,147503672,0,.rodata,42,43,1,True,T3,0,0,0,True,槍で敵を打ち上げ、巨大な雷を発生させる奥義,euc_jp
4885104,147503728,0,.rodata,34,35,1,True,T3,0,0,0,True,真空破を巻き起こし敵を薙ぎ倒す奥義,euc_jp
4885152,147503776,0,.rodata,38,39,1,True,T3,0,0,0,True,巨大な鎌鼬を起こし、敵を斬り付ける奥義,euc_jp
4885204,147503828,0,.rodata,36,39,3,True,T3,0,0,0,True,無数の剣撃で巨大な水晶を突き崩す奥義,euc_jp
4885256,147503880,0,.rodata,48,51,3,True,T3,0,0,0,True,衝撃波が十字を描き斬撃と衝撃波で敵を攻撃する奥義,euc_jp
4885320,147503944,0,.rodata,30,31,1,True,T3,0,0,0,True,魔神剣と弧月閃を組合わせた奥義,euc_jp
4885364,147503988,0,.rodata,32,35,3,True,T3,0,0,0,True,魔神剣と真空破斬を組合わせた奥義,euc_jp
4885412,147504036,0,.rodata,32,35,3,True,T3,0,0,0,True,弧月閃と真空破斬を組合わせた奥義,euc_jp
4885460,147504084,0,.rodata,50,51,1,True,T3,0,0,0,True,斬り上げと斬り下ろしの二段斬りから真空破を出す奥義,euc_jp
4885524,147504148,0,.rodata,38,39,1,True,T3,0,0,0,True,鳳凰のオーラを纏って上空へ攻撃する奥義,euc_jp
4885576,147504200,0,.rodata,46,47,1,True,T3,0,0,0,True,冷気を纏った衝撃波が十字を描き敵を攻撃する奥義,euc_jp
4885636,147504260,0,.rodata,54,55,1,True,T3,0,0,0,True,弧月閃から斬り上げと斬り下ろしの二段斬りを繰り出す奥義,euc_jp
4885704,147504328,0,.rodata,36,39,3,True,T3,0,0,0,True,獅子の気を放出後、雷撃を繰り出す奥義,euc_jp
4885752,147504376,0,.rodata,36,39,3,True,T3,0,0,0,True,斬り裂いた敵を更に拳で突き上げる特技,euc_jp
4885800,147504424,0,.rodata,42,43,1,True,T3,0,0,0,True,大地に衝撃を与え多数の岩片を吹き飛ばす特技,euc_jp
4885856,147504480,0,.rodata,42,43,1,True,T3,0,0,0,True,武器の軌跡で月を描き敵を連続で攻撃する奥義,euc_jp
4885912,147504536,0,.rodata,54,55,1,True,T3,0,0,0,True,武器で地面ごと連続で斬りつけ多数の岩片を吹き飛ばす奥義,euc_jp
4885980,147504604,0,.rodata,32,35,3,True,T3,0,0,0,True,爆砕斬と翔月双閃を組合わせた奥義,euc_jp
4886028,147504652,0,.rodata,32,35,3,True,T3,0,0,0,True,炎をまとった裂空斬を繰り出す秘技,euc_jp
4886064,147504688,0,.rodata,6,7,1,True,T3,0,0,0,True,集気法,euc_jp
4886072,147504696,0,.rodata,44,47,3,True,T3,0,0,0,True,大気中の気を体内に取り込み体力を回復する特技,euc_jp
4886132,147504756,0,.rodata,46,47,1,True,T3,0,0,0,True,凍気を纏った掌底を叩き込み、敵を吹き飛ばす奥義,euc_jp
4886192,147504816,0,.rodata,50,51,1,True,T3,0,0,0,True,敵を回転の衝撃で斬り上げ、閃光の突きで攻撃する奥義,euc_jp
4886252,147504876,0,.rodata,48,51,3,True,T3,0,0,0,True,力を込めた拳を突き出し、捕らえた敵を爆砕する奥義,euc_jp
4886312,147504936,0,.rodata,34,35,1,True,T3,0,0,0,True,斬撃で強力な衝撃波を発生させる奥義,euc_jp
4886356,147504980,0,.rodata,26,27,1,True,T3,0,0,0,True,天空から射撃を繰り出す奥義,euc_jp
4886392,147505016,0,.rodata,36,39,3,True,T3,0,0,0,True,敵の頭上に降り注ぐ大量の矢を放つ奥義,euc_jp
4886440,147505064,0,.rodata,30,31,1,True,T3,0,0,0,True,素早い連続射撃で敵を浮かす秘技,euc_jp
4886480,147505104,0,.rodata,40,43,3,True,T3,0,0,0,True,敵の頭上に飛び乗り階段状に踏み付ける特技,euc_jp
4886532,147505156,0,.rodata,38,39,1,True,T3,0,0,0,True,後方に瞬間移動して、攻撃を回避する特技,euc_jp
4886580,147505204,0,.rodata,38,39,1,True,T3,0,0,0,True,残像を残して消え、不意打ちを加える秘技,euc_jp
4886620,147505244,0,.rodata,14,15,1,True,T3,0,0,0,True,ワイルドギース,euc_jp
4886644,147505268,0,.rodata,32,35,3,True,T3,0,0,0,True,敵の頭上から真空波で切り刻む奥義,euc_jp
4886692,147505316,0,.rodata,46,47,1,True,T3,0,0,0,True,振り下ろし振り上げの衝撃で岩片を吹き飛ばす秘技,euc_jp
4886740,147505364,0,.rodata,46,47,1,True,T3,0,0,0,True,武器を連続で振り回し多数の岩片を吹き飛ばす奥義,euc_jp
4886808,147505432,0,.rodata,48,51,3,True,T3,0,0,0,True,勢いを付けて武器を連続で振り回し敵を攻撃する秘技,euc_jp
4886872,147505496,0,.rodata,40,43,3,True,T3,0,0,0,True,四連続の回転斬りで周囲の敵を攻撃する奥義,euc_jp
4886924,147505548,0,.rodata,40,43,3,True,T3,0,0,0,True,空中から勢いを付けて武器を叩き付ける特技,euc_jp
4886980,147505604,0,.rodata,40,43,3,True,T3,0,0,0,True,空中からの武器の連撃で敵を吹き飛ばす秘技,euc_jp
4887036,147505660,0,.rodata,48,51,3,True,T3,0,0,0,True,空中から勢いを付けて武器を叩き付ける風属性の秘技,euc_jp
4887112,147505736,0,.rodata,30,31,1,True,T3,0,0,0,True,爆砕斬と崩襲撃を組合わせた奥義,euc_jp
4887156,147505780,0,.rodata,50,51,1,True,T3,0,0,0,True,勢いを付けて武器を振り回し敵を攻撃する風属性の秘技,euc_jp
4887216,147505840,0,.rodata,20,23,3,True,T3,0,0,0,True,ポイゾニックヴォイド,euc_jp
4887240,147505864,0,.rodata,22,23,1,True,T3,0,0,0,True,ジェノサイドブレイバー,euc_jp
4887264,147505888,0,.rodata,12,15,3,True,T3,0,0,0,True,漢の振り上げ,euc_jp
4887280,147505904,0,.rodata,14,15,1,True,T3,0,0,0,True,イビルチャージ,euc_jp
4887296,147505920,0,.rodata,10,11,1,True,T3,0,0,0,True,トランプル,euc_jp
4887308,147505932,0,.rodata,22,23,1,True,T3,0,0,0,True,ワールドデストロイヤー,euc_jp
4887332,147505956,0,.rodata,58,59,1,True,T3,0,0,0,True,ア　イ　テ　ム　な　ぞ　使　っ　て　ん　じ　ゃ　ね　ぇ　！,euc_jp
4887400,147506024,0,.rodata,34,35,1,True,T3,0,0,0,True,拳圧で敵を打ち上げる気合の拳な特技,euc_jp
4887444,147506068,0,.rodata,42,43,1,True,T3,0,0,0,True,勢いを付けて両手を振り回し敵を攻撃する特技,euc_jp
4887496,147506120,0,.rodata,26,27,1,True,T3,0,0,0,True,流れる様な連打を加える特技,euc_jp
4887536,147506160,0,.rodata,34,35,1,True,T3,0,0,0,True,空中から地上へ急降下攻撃を行う特技,euc_jp
4887584,147506208,0,.rodata,50,51,1,True,T3,0,0,0,True,ジャンプした後、空中から地面に衝撃波を繰り出す奥義,euc_jp
4887648,147506272,0,.rodata,36,39,3,True,T3,0,0,0,True,回転体当たりで所構わず吹き飛ばす奥義,euc_jp
4887700,147506324,0,.rodata,30,31,1,True,T3,0,0,0,True,双旋牙と流影打を組合わせた奥義,euc_jp
4887744,147506368,0,.rodata,30,31,1,True,T3,0,0,0,True,臥龍撃と流影打を組合わせた奥義,euc_jp
4887776,147506400,0,.rodata,14,15,1,True,T3,0,0,0,True,マイトチャージ,euc_jp
4887816,147506440,0,.rodata,30,31,1,True,T3,0,0,0,True,双旋牙と臥龍撃を組合わせた奥義,euc_jp
4887860,147506484,0,.rodata,36,39,3,True,T3,0,0,0,True,蒼破刃の後に追加で斬撃を繰り出す秘技,euc_jp
4887912,147506536,0,.rodata,28,31,3,True,T3,0,0,0,True,散葉塵の後に敵を薙ぎ払う秘技,euc_jp
4887956,147506580,0,.rodata,46,47,1,True,T3,0,0,0,True,空翔斬の後に、上空に対して衝撃波を繰り出す秘技,euc_jp
4888016,147506640,0,.rodata,46,47,1,True,T3,0,0,0,True,爆炎剣の後に、炎の力を込めた斬撃を繰り出す秘技,euc_jp
4888076,147506700,0,.rodata,48,51,3,True,T3,0,0,0,True,閃光衝の後に、斬り上げ突きで追い打ちを掛ける秘技,euc_jp
4888140,147506764,0,.rodata,48,51,3,True,T3,0,0,0,True,連続攻撃で空中に打ち上げ、真空の刃で叩き落す奥義,euc_jp
4888216,147506840,0,.rodata,36,39,3,True,T3,0,0,0,True,対空攻撃から連続攻撃へと繰り出す奥義,euc_jp
4888264,147506888,0,.rodata,48,51,3,True,T3,0,0,0,True,舞う木の葉を斬り刻むほどの高速の剣を繰り出す特技,euc_jp
4888324,147506948,0,.rodata,44,47,3,True,T3,0,0,0,True,瞬時に空中へ移動、そこから剣を振り下ろす特技,euc_jp
4888380,147507004,0,.rodata,48,51,3,True,T3,0,0,0,True,高速の斬撃による真空波が渦を巻き、閃光となる特技,euc_jp
4888440,147507064,0,.rodata,26,27,1,True,T3,0,0,0,True,圧縮した冷気で斬り込む特技,euc_jp
4888476,147507100,0,.rodata,42,43,1,True,T3,0,0,0,True,間合いを詰めた後に高速の三連突きを行う特技,euc_jp
4888528,147507152,0,.rodata,22,23,1,True,T3,0,0,0,True,交差斬りを繰り出す特技,euc_jp
4888560,147507184,0,.rodata,36,39,3,True,T3,0,0,0,True,冷気を纏いながら上空に斬り上げる特技,euc_jp
4888608,147507232,0,.rodata,34,35,1,True,T3,0,0,0,True,一歩下がってから前方をなぎ払う特技,euc_jp
4888656,147507280,0,.rodata,32,35,3,True,T3,0,0,0,True,連続突きから冷気の斬撃に繋ぐ奥義,euc_jp
4888704,147507328,0,.rodata,37,39,2,True,T3,0,0,0,True,冷気を纏った斬撃がVの字に拡散する奥義,euc_jp
4888756,147507380,0,.rodata,40,43,3,True,T3,0,0,0,True,斬り上げの衝撃で無数の氷柱を生み出す奥義,euc_jp
4888812,147507436,0,.rodata,40,43,3,True,T3,0,0,0,True,交差斬りから渾身の突きで間合いを離す奥義,euc_jp
4888868,147507492,0,.rodata,44,47,3,True,T3,0,0,0,True,連続突き攻撃から斬り上げ、空中で追撃する奥義,euc_jp
4888928,147507552,0,.rodata,26,27,1,True,T3,0,0,0,True,神速の八連撃を繰り出す奥義,euc_jp
4888968,147507592,0,.rodata,30,31,1,True,T3,0,0,0,True,二連続の回転斬りを繰り出す奥義,euc_jp
4889012,147507636,0,.rodata,40,43,3,True,T3,0,0,0,True,間合いを取って真空交差斬りを繰り出す奥義,euc_jp
4889068,147507692,0,.rodata,36,39,3,True,T3,0,0,0,True,極限まで高めた冷気で敵を斬り刻む奥義,euc_jp
4889120,147507744,0,.rodata,34,35,1,True,T3,0,0,0,True,敵を斬り抜ける高速剣を繰り出す奥義,euc_jp
4889164,147507788,0,.rodata,42,43,1,True,T3,0,0,0,True,突きと共に敵の背後に回り込んで攻撃する特技,euc_jp
4889220,147507844,0,.rodata,40,43,3,True,T3,0,0,0,True,敵を斬り上げ、高速移動で斬撃を重ねる奥義,euc_jp
4889276,147507900,0,.rodata,24,27,3,True,T3,0,0,0,True,九連続突きで敵を貫く奥義,euc_jp
4889316,147507940,0,.rodata,36,39,3,True,T3,0,0,0,True,冷気を纏った強力な斬撃を繰り出す奥義,euc_jp
4889364,147507988,0,.rodata,36,39,3,True,T3,0,0,0,True,突き刺した剣を軸に連続蹴りを放つ特技,euc_jp
4889412,147508036,0,.rodata,40,43,3,True,T3,0,0,0,True,敵の懐に素早く潜り、力強く斬り上げる特技,euc_jp
4889464,147508088,0,.rodata,40,43,3,True,T3,0,0,0,True,敵の懐に素早く潜り、豪快に吹き飛ばす秘技,euc_jp
4889516,147508140,0,.rodata,34,35,1,True,T3,0,0,0,True,回転しながら舞う様に斬り付ける特技,euc_jp
4889560,147508184,0,.rodata,30,31,1,True,T3,0,0,0,True,敵を串刺しにして引き寄せる特技,euc_jp
4889608,147508232,0,.rodata,50,51,1,True,T3,0,0,0,True,敵の懐に入り、強烈な斬撃を繰り出しダウンさせる奥義,euc_jp
4889672,147508296,0,.rodata,30,31,1,True,T3,0,0,0,True,散沙雨と幻晶剣を組合わせた奥義,euc_jp
4889716,147508340,0,.rodata,28,31,3,True,T3,0,0,0,True,迅雨と空裂斬を組合わせた奥義,euc_jp
4889756,147508380,0,.rodata,30,31,1,True,T3,0,0,0,True,散沙雨と秋沙雨を組合わせた奥義,euc_jp
4889800,147508424,0,.rodata,32,35,3,True,T3,0,0,0,True,虎牙破斬と空裂斬を組合わせた奥義,euc_jp
4889844,147508468,0,.rodata,36,39,3,True,T3,0,0,0,True,素早く移動しながら突きを繰り出す特技,euc_jp
4889892,147508516,0,.rodata,36,39,3,True,T3,0,0,0,True,素早い突きで近づき、連続攻撃する秘技,euc_jp
4889960,147508584,0,.rodata,28,31,3,True,T3,0,0,0,True,昇舞と神風閃を組合わせた奥義,euc_jp
4890004,147508628,0,.rodata,26,27,1,True,T3,0,0,0,True,弧月閃を連続で繰り出す秘技,euc_jp
4890044,147508668,0,.rodata,34,35,1,True,T3,0,0,0,True,裂空斬から弧月閃へと連続で繋ぐ奥義,euc_jp
4890092,147508716,0,.rodata,46,47,1,True,T3,0,0,0,True,斬り下ろしから打ち上げ、回転斬りで追撃する奥義,euc_jp
4890152,147508776,0,.rodata,42,43,1,True,T3,0,0,0,True,炎の闘気を纏った剣で周囲の敵を焼き払う奥義,euc_jp
4890208,147508832,0,.rodata,38,39,1,True,T3,0,0,0,True,炎の力を一気に解放しつつ斬り上げる奥義,euc_jp
4890280,147508904,0,.rodata,50,51,1,True,T3,0,0,0,True,時空剣技の一つ、空間を歪ませて敵を一刀両断する秘技,euc_jp
4890344,147508968,0,.rodata,44,47,3,True,T3,0,0,0,True,時空剣技の一つ、強烈な闘気で敵を斬り刻む奥義,euc_jp
4890404,147509028,0,.rodata,34,35,1,True,T3,0,0,0,True,次元斬と虚空蒼破斬を組合わせた奥義,euc_jp
4890452,147509076,0,.rodata,48,51,3,True,T3,0,0,0,True,時空剣技の一つ、敵の前方へ瞬間移動し攻撃する奥義,euc_jp
4890516,147509140,0,.rodata,38,39,1,True,T3,0,0,0,True,空間翔転移と虚空蒼破斬を組合わせた奥義,euc_jp
4890568,147509192,0,.rodata,34,35,1,True,T3,0,0,0,True,襲爪雷斬と閃空裂破を組合わせた奥義,euc_jp
4890616,147509240,0,.rodata,34,35,1,True,T3,0,0,0,True,鳳凰天駆と飛燕連脚を組合わせた奥義,euc_jp
4890652,147509276,0,.rodata,12,15,3,True,T3,0,0,0,True,レイトラスト,euc_jp
4890668,147509292,0,.rodata,36,39,3,True,T3,0,0,0,True,威力の高いチャクラムを投げ付ける特技,euc_jp
4890708,147509332,0,.rodata,12,15,3,True,T3,0,0,0,True,レイシレーゼ,euc_jp
4890724,147509348,0,.rodata,40,43,3,True,T3,0,0,0,True,威力の高いチャクラムを二回投げ付ける秘技,euc_jp
4890768,147509392,0,.rodata,16,19,3,True,T3,0,0,0,True,リミュエレイヤー,euc_jp
4890788,147509412,0,.rodata,38,39,1,True,T3,0,0,0,True,前方へ複数のチャクラムを投げ付ける奥義,euc_jp
4890828,147509452,0,.rodata,12,15,3,True,T3,0,0,0,True,ブランディス,euc_jp
4890844,147509468,0,.rodata,46,47,1,True,T3,0,0,0,True,回転しながらチャクラムで周囲の敵を攻撃する秘技,euc_jp
4890892,147509516,0,.rodata,16,19,3,True,T3,0,0,0,True,レンジウィングル,euc_jp
4890912,147509536,0,.rodata,50,51,1,True,T3,0,0,0,True,連続回転しながらチャクラムで周囲の敵を攻撃する奥義,euc_jp
4890964,147509588,0,.rodata,10,11,1,True,T3,0,0,0,True,ピコレイン,euc_jp
4890976,147509600,0,.rodata,30,31,1,True,T3,0,0,0,True,ハンマーを雨の様に降らせる奥義,euc_jp
4891008,147509632,0,.rodata,14,15,1,True,T3,0,0,0,True,グランシャリオ,euc_jp
4891024,147509648,0,.rodata,46,47,1,True,T3,0,0,0,True,チャクラムを交差する様に投げ、落雷を起こす奥義,euc_jp
4891072,147509696,0,.rodata,8,11,3,True,T3,0,0,0,True,ポイハン,euc_jp
4891084,147509708,0,.rodata,46,47,1,True,T3,0,0,0,True,ポイポイされると毒気付いてしまうこともある特技,euc_jp
4891132,147509756,0,.rodata,18,19,1,True,T3,0,0,0,True,アイテムスティール,euc_jp
4891152,147509776,0,.rodata,20,23,3,True,T3,0,0,0,True,スターダスト・クロス,euc_jp
4891176,147509800,0,.rodata,28,31,3,True,T3,0,0,0,True,頭上に複数の星を降らせる奥義,euc_jp
4891208,147509832,0,.rodata,30,31,1,True,T3,0,0,0,True,ハンマーを大量に放り投げる秘技,euc_jp
4891240,147509864,0,.rodata,44,47,3,True,T3,0,0,0,True,コチコチされると固まってしまうこともある奥義,euc_jp
4891296,147509920,0,.rodata,28,31,3,True,T3,0,0,0,True,敵からアイテムを頂戴する特技,euc_jp
4891328,147509952,0,.rodata,32,35,3,True,T3,0,0,0,True,炎を纏ったクナイを投げ付ける特技,euc_jp
4891372,147509996,0,.rodata,32,35,3,True,T3,0,0,0,True,投げ付けたクナイに雷を落とす特技,euc_jp
4891416,147510040,0,.rodata,32,35,3,True,T3,0,0,0,True,真空破を起こして敵を切り刻む秘技,euc_jp
4891460,147510084,0,.rodata,26,27,1,True,T3,0,0,0,True,連続攻撃で敵を斬り刻む奥義,euc_jp
4891496,147510120,0,.rodata,14,15,1,True,T3,0,0,0,True,ツインバレット,euc_jp
4891512,147510136,0,.rodata,36,39,3,True,T3,0,0,0,True,バックステップから連続射撃を行う特技,euc_jp
4891552,147510176,0,.rodata,14,15,1,True,T3,0,0,0,True,タイドバレット,euc_jp
4891568,147510192,0,.rodata,34,35,1,True,T3,0,0,0,True,敵足元への射撃と洪水攻撃を行う特技,euc_jp
4891604,147510228,0,.rodata,16,19,3,True,T3,0,0,0,True,フリーズバレット,euc_jp
4891624,147510248,0,.rodata,40,43,3,True,T3,0,0,0,True,周囲を攻撃し着弾点から氷柱が発生する秘技,euc_jp
4891668,147510292,0,.rodata,16,19,3,True,T3,0,0,0,True,アサルトバレット,euc_jp
4891688,147510312,0,.rodata,42,43,1,True,T3,0,0,0,True,敵の懐に攻撃しながら踏み込み、連射する秘技,euc_jp
4891732,147510356,0,.rodata,14,15,1,True,T3,0,0,0,True,アクアレイザー,euc_jp
4891748,147510372,0,.rodata,38,39,1,True,T3,0,0,0,True,銃を交差して水属性の弾丸を撃ち出す奥義,euc_jp
4891788,147510412,0,.rodata,16,19,3,True,T3,0,0,0,True,アクアスパイラル,euc_jp
4891808,147510432,0,.rodata,28,31,3,True,T3,0,0,0,True,水属性の大型弾を撃ち出す奥義,euc_jp
4891840,147510464,0,.rodata,24,27,3,True,T3,0,0,0,True,多数の氷槍を敵に放つ奥義,euc_jp
4891868,147510492,0,.rodata,16,19,3,True,T3,0,0,0,True,チャージバレット,euc_jp
4891888,147510512,0,.rodata,46,47,1,True,T3,0,0,0,True,敵の懐に攻撃しながら踏み込み、一発撃ちこむ特技,euc_jp
4891936,147510560,0,.rodata,16,19,3,True,T3,0,0,0,True,エリアルレイザー,euc_jp
4891956,147510580,0,.rodata,30,31,1,True,T3,0,0,0,True,キックで浮かせ銃で追撃する特技,euc_jp
4891988,147510612,0,.rodata,18,19,1,True,T3,0,0,0,True,アストラルレイザー,euc_jp
4892008,147510632,0,.rodata,44,47,3,True,T3,0,0,0,True,キックから水属性の弾丸で追撃し吹き飛ばす奥義,euc_jp
4892056,147510680,0,.rodata,14,15,1,True,T3,0,0,0,True,アクロバレット,euc_jp
4892072,147510696,0,.rodata,30,31,1,True,T3,0,0,0,True,ジャンプして周囲を攻撃する特技,euc_jp
4892104,147510728,0,.rodata,16,19,3,True,T3,0,0,0,True,セッシブバレット,euc_jp
4892124,147510748,0,.rodata,44,47,3,True,T3,0,0,0,True,バックステップから圧倒的な連続射撃を行う秘技,euc_jp
4892172,147510796,0,.rodata,28,31,3,True,T3,0,0,0,True,ルインド・ベイン・ウィッシュ,euc_jp
4892212,147510836,0,.rodata,28,31,3,True,T3,0,0,0,True,気を込めた掌底を叩き込む特技,euc_jp
4892252,147510876,0,.rodata,30,31,1,True,T3,0,0,0,True,素早く三連続攻撃を打ち込む特技,euc_jp
4892296,147510920,0,.rodata,36,39,3,True,T3,0,0,0,True,空中から地上への急降下攻撃を行う秘技,euc_jp
4892348,147510972,0,.rodata,30,31,1,True,T3,0,0,0,True,飛び込みから三散華に繋げる奥義,euc_jp
4892392,147511016,0,.rodata,48,51,3,True,T3,0,0,0,True,連続空中回転蹴りから追いうちの連撃を繰り出す奥義,euc_jp
4892456,147511080,0,.rodata,38,39,1,True,T3,0,0,0,True,高まった気を高速かつ連続で叩き込む奥義,euc_jp
4892508,147511132,0,.rodata,48,51,3,True,T3,0,0,0,True,流星の如く空中から地上の敵へ急降下攻撃をする奥義,euc_jp
4892572,147511196,0,.rodata,24,27,3,True,T3,0,0,0,True,神速の連続攻撃を行う奥義,euc_jp
4892612,147511236,0,.rodata,36,39,3,True,T3,0,0,0,True,弧月斬で斬り上げ、獅子戦吼を放つ秘技,euc_jp
4892664,147511288,0,.rodata,52,55,3,True,T3,0,0,0,True,無数の突きから斬り上げ、烈空斬と魔神剣で追撃する奥義,euc_jp
4892732,147511356,0,.rodata,48,51,3,True,T3,0,0,0,True,天地猛爪撃で吹き飛ばした後、魔神剣で追撃する奥義,euc_jp
4892792,147511416,0,.rodata,40,43,3,True,T3,0,0,0,True,斬り払いから斬り上げの連続攻撃を行う特技,euc_jp
4892848,147511472,0,.rodata,48,51,3,True,T3,0,0,0,True,弧月斬で斬り上げ、浮いた敵を烈空斬で追撃する秘技,euc_jp
4892900,147511524,0,.rodata,14,15,1,True,T3,0,0,0,True,ビーストブロウ,euc_jp
4892940,147511564,0,.rodata,46,47,1,True,T3,0,0,0,True,突進後、敵を打ち上げ、連続で斬撃を繰り出す奥義,euc_jp
4893000,147511624,0,.rodata,50,51,1,True,T3,0,0,0,True,炎を纏う拳で殴った後、周囲に溶岩を湧き立たせる奥義,euc_jp
4893052,147511676,0,.rodata,18,19,1,True,T3,0,0,0,True,ファルコンフレッジ,euc_jp
4893072,147511696,0,.rodata,28,31,3,True,T3,0,0,0,True,天かける膝蹴りを繰り出す特技,euc_jp
4893104,147511728,0,.rodata,16,19,3,True,T3,0,0,0,True,グレイトアッパー,euc_jp
4893124,147511748,0,.rodata,38,39,1,True,T3,0,0,0,True,左右のアッパーで敵を空へ吹っ飛ばす秘技,euc_jp
4893164,147511788,0,.rodata,16,19,3,True,T3,0,0,0,True,ロンブショルダー,euc_jp
4893184,147511808,0,.rodata,46,47,1,True,T3,0,0,0,True,ショルダータックル・アッパーで敵を浮かせる特技,euc_jp
4893232,147511856,0,.rodata,12,15,3,True,T3,0,0,0,True,イカスヒップ,euc_jp
4893248,147511872,0,.rodata,40,43,3,True,T3,0,0,0,True,イカスヒップによる降下爆撃を繰り出す秘技,euc_jp
4893292,147511916,0,.rodata,16,19,3,True,T3,0,0,0,True,ヘルズハリケーン,euc_jp
4893312,147511936,0,.rodata,38,39,1,True,T3,0,0,0,True,体に似合わぬ高速ラッシュを叩き込む奥義,euc_jp
4893352,147511976,0,.rodata,16,19,3,True,T3,0,0,0,True,リザレクトキアイ,euc_jp
4893372,147511996,0,.rodata,46,47,1,True,T3,0,0,0,True,超気合を叩き込み戦闘不能な誰かを復活させる特技,euc_jp
4893420,147512044,0,.rodata,12,15,3,True,T3,0,0,0,True,メッサスロウ,euc_jp
4893436,147512060,0,.rodata,42,43,1,True,T3,0,0,0,True,つかんでぶんなげるシンプルイズベストな奥義,euc_jp
4893480,147512104,0,.rodata,12,15,3,True,T3,0,0,0,True,メタルボディ,euc_jp
4893496,147512120,0,.rodata,34,35,1,True,T3,0,0,0,True,敵からの攻撃に仰け反らなくなる特技,euc_jp
4893532,147512156,0,.rodata,14,15,1,True,T3,0,0,0,True,ハートブレイク,euc_jp
4893548,147512172,0,.rodata,42,43,1,True,T3,0,0,0,True,超遠心力（怪）から究極パンチを繰り出す特技,euc_jp
4893592,147512216,0,.rodata,14,15,1,True,T3,0,0,0,True,ボルトスラスト,euc_jp
4893608,147512232,0,.rodata,50,51,1,True,T3,0,0,0,True,衝撃波を起こし、浮かせた敵にストレートを見舞う奥義,euc_jp
4893660,147512284,0,.rodata,14,15,1,True,T3,0,0,0,True,マッスルヒート,euc_jp
4893676,147512300,0,.rodata,32,35,3,True,T3,0,0,0,True,自分自身の攻撃力を増大させる奥義,euc_jp
4893712,147512336,0,.rodata,14,15,1,True,T3,0,0,0,True,ヘビィボンバー,euc_jp
4893728,147512352,0,.rodata,50,51,1,True,T3,0,0,0,True,気を練り上げまくり、洒落にならない位膨張させる奥義,euc_jp
4893780,147512404,0,.rodata,16,19,3,True,T3,0,0,0,True,クラッシュアース,euc_jp
4893800,147512424,0,.rodata,40,43,3,True,T3,0,0,0,True,ナイスボディプレスで大地をかっさばく奥義,euc_jp
4893844,147512468,0,.rodata,16,19,3,True,T3,0,0,0,True,トレビアンヒップ,euc_jp
4893864,147512488,0,.rodata,16,19,3,True,T3,0,0,0,True,エターナルスロー,euc_jp
4893884,147512508,0,.rodata,14,15,1,True,T3,0,0,0,True,パラライボール,euc_jp
4893900,147512524,0,.rodata,36,39,3,True,T3,0,0,0,True,てまひまかけてまひるのまひさまな秘技,euc_jp
4893952,147512576,0,.rodata,44,47,3,True,T3,0,0,0,True,振り下ろした剣から攻撃力の高い斬撃を放つ特技,euc_jp
4894012,147512636,0,.rodata,40,43,3,True,T3,0,0,0,True,正面に半円を描く様に斬撃を生じさせる秘技,euc_jp
4894064,147512688,0,.rodata,50,51,1,True,T3,0,0,0,True,斬撃による真空波を大量に繰り出し、敵を斬り刻む奥義,euc_jp
4894128,147512752,0,.rodata,46,47,1,True,T3,0,0,0,True,衝撃波を伴った斬りで浮かした敵を、叩き斬る奥義,euc_jp
4894188,147512812,0,.rodata,48,51,3,True,T3,0,0,0,True,振り下ろしから敵を引き込み、突進で追い詰める奥義,euc_jp
4894284,147512908,0,.rodata,32,35,3,True,T3,0,0,0,True,旋桜花と獅子戦吼を組合わせた奥義,euc_jp
4894332,147512956,0,.rodata,30,31,1,True,T3,0,0,0,True,旋桜花と爆砕斬を組合わせた奥義,euc_jp
4894364,147512988,0,.rodata,14,15,1,True,T3,0,0,0,True,ターンオーバー,euc_jp
4894380,147513004,0,.rodata,48,51,3,True,T3,0,0,0,True,空中から襲い掛かるフライパンの恐怖を繰り出す特技,euc_jp
4894432,147513056,0,.rodata,14,15,1,True,T3,0,0,0,True,リリスラッシュ,euc_jp
4894448,147513072,0,.rodata,34,35,1,True,T3,0,0,0,True,流れる様な四連続攻撃を繰り出す特技,euc_jp
4894484,147513108,0,.rodata,12,15,3,True,T3,0,0,0,True,キックラック,euc_jp
4894500,147513124,0,.rodata,18,19,1,True,T3,0,0,0,True,石を適当に蹴る特技,euc_jp
4894520,147513144,0,.rodata,12,15,3,True,T3,0,0,0,True,死者の目覚め,euc_jp
4894536,147513160,0,.rodata,42,43,1,True,T3,0,0,0,True,フライパンを打ち鳴らして音波攻撃を行う秘技,euc_jp
4894580,147513204,0,.rodata,12,15,3,True,T3,0,0,0,True,まんぼう戦吼,euc_jp
4894596,147513220,0,.rodata,42,43,1,True,T3,0,0,0,True,まんぼうの取り扱いの答えをはじき出した奥義,euc_jp
4894640,147513264,0,.rodata,16,19,3,True,T3,0,0,0,True,フラッシュバック,euc_jp
4894660,147513284,0,.rodata,50,51,1,True,T3,0,0,0,True,閃光と共に近所の奥様に公開不能なアレコレをする奥義,euc_jp
4894712,147513336,0,.rodata,18,19,1,True,T3,0,0,0,True,まんぼうストライド,euc_jp
4894732,147513356,0,.rodata,38,39,1,True,T3,0,0,0,True,おともだちのまんぼうと共に攻撃する奥義,euc_jp
4894772,147513396,0,.rodata,14,15,1,True,T3,0,0,0,True,アクアスマイト,euc_jp
4894788,147513412,0,.rodata,32,35,3,True,T3,0,0,0,True,猛暑の水うちを思い出しそうな秘技,euc_jp
4894824,147513448,0,.rodata,14,15,1,True,T3,0,0,0,True,ステイクフレア,euc_jp
4894840,147513464,0,.rodata,40,43,3,True,T3,0,0,0,True,ジューシーな火属性対空攻撃を繰り出す秘技,euc_jp
4894884,147513508,0,.rodata,16,19,3,True,T3,0,0,0,True,レインボーアーチ,euc_jp
4894904,147513528,0,.rodata,38,39,1,True,T3,0,0,0,True,水をまいたら虹が出来ちゃいましたな奥義,euc_jp
4894944,147513568,0,.rodata,14,15,1,True,T3,0,0,0,True,サンダーソード,euc_jp
4894968,147513592,0,.rodata,34,35,1,True,T3,0,0,0,True,突きによる風圧の飛び道具を放つ特技,euc_jp
4895012,147513636,0,.rodata,42,43,1,True,T3,0,0,0,True,弓矢の幻惑から俊速の斬りぬけを繰り出す特技,euc_jp
4895076,147513700,0,.rodata,34,35,1,True,T3,0,0,0,True,抜刀による剣撃で敵を高く浮かす秘技,euc_jp
4895120,147513744,0,.rodata,38,39,1,True,T3,0,0,0,True,敵を瞬時に駆ける対空斬撃を繰り出す特技,euc_jp
4895168,147513792,0,.rodata,30,31,1,True,T3,0,0,0,True,気合を込めた矢の一撃を放つ特技,euc_jp
4895208,147513832,0,.rodata,38,39,1,True,T3,0,0,0,True,超高速弾道により衝撃波を発生させる特技,euc_jp
4895260,147513884,0,.rodata,42,43,1,True,T3,0,0,0,True,上昇回転蹴りから、落雷の様に蹴り付ける秘技,euc_jp
4895316,147513940,0,.rodata,32,35,3,True,T3,0,0,0,True,連牙弾と獅子戦吼を組合わせた奥義,euc_jp
4895372,147513996,0,.rodata,30,31,1,True,T3,0,0,0,True,電撃の力を利用して敵を討つ特技,euc_jp
4895412,147514036,0,.rodata,30,31,1,True,T3,0,0,0,True,自称華麗なる連続攻撃を行う特技,euc_jp
4895452,147514076,0,.rodata,28,31,3,True,T3,0,0,0,True,影に閃く神速の投剣を放つ特技,euc_jp
4895492,147514116,0,.rodata,26,27,1,True,T3,0,0,0,True,魂に通ずる「影」を貫く特技,euc_jp
4895520,147514144,0,.rodata,14,15,1,True,T3,0,0,0,True,ファングエッジ,euc_jp
4895536,147514160,0,.rodata,14,15,1,True,T3,0,0,0,True,ウイングエッジ,euc_jp
4895552,147514176,0,.rodata,18,19,1,True,T3,0,0,0,True,バイティングエッジ,euc_jp
4895572,147514196,0,.rodata,14,15,1,True,T3,0,0,0,True,ピアシスレイジ,euc_jp
4895588,147514212,0,.rodata,48,51,3,True,T3,0,0,0,True,ファングエッジの後、蹴りあげと斬撃を繰り出す秘技,euc_jp
4895640,147514264,0,.rodata,14,15,1,True,T3,0,0,0,True,ウイングレイジ,euc_jp
4895656,147514280,0,.rodata,50,51,1,True,T3,0,0,0,True,ウイングエッジの後、空中で素早い斬撃を繰り出す秘技,euc_jp
4895708,147514332,0,.rodata,16,19,3,True,T3,0,0,0,True,バタフライレイジ,euc_jp
4895728,147514352,0,.rodata,14,15,1,True,T3,0,0,0,True,シャークレイブ,euc_jp
4895744,147514368,0,.rodata,50,51,1,True,T3,0,0,0,True,バイティングエッジとウイングエッジを組合わせた奥義,euc_jp
4895796,147514420,0,.rodata,16,19,3,True,T3,0,0,0,True,スティングレイブ,euc_jp
4895816,147514440,0,.rodata,50,51,1,True,T3,0,0,0,True,ファングエッジとバイティングエッジを組合わせた奥義,euc_jp
4895868,147514492,0,.rodata,16,19,3,True,T3,0,0,0,True,サーペントレイブ,euc_jp
4895888,147514512,0,.rodata,38,39,1,True,T3,0,0,0,True,天高く回転しながら敵めがけ特攻する奥義,euc_jp
4895928,147514552,0,.rodata,16,19,3,True,T3,0,0,0,True,チャージファング,euc_jp
4895948,147514572,0,.rodata,48,51,3,True,T3,0,0,0,True,ファングエッジとチャージバレットを組合わせた奥義,euc_jp
4896000,147514624,0,.rodata,16,19,3,True,T3,0,0,0,True,フェイクバレット,euc_jp
4896020,147514644,0,.rodata,42,43,1,True,T3,0,0,0,True,ピコハンで敵の気をそらしながら銃撃する奥義,euc_jp
4896064,147514688,0,.rodata,14,15,1,True,T3,0,0,0,True,アクアバレット,euc_jp
4896080,147514704,0,.rodata,38,39,1,True,T3,0,0,0,True,敵の足元を射撃して水柱を発生させる秘技,euc_jp
4896120,147514744,0,.rodata,14,15,1,True,T3,0,0,0,True,レイザーバイト,euc_jp
4896136,147514760,0,.rodata,50,51,1,True,T3,0,0,0,True,バイティングエッジとエリアルレイザーを組合せた奥義,euc_jp
4896188,147514812,0,.rodata,24,27,3,True,T3,0,0,0,True,バレット　オブ　フォース,euc_jp
4896216,147514840,0,.rodata,18,19,1,True,T3,0,0,0,True,アイシクルフォール,euc_jp
4896236,147514860,0,.rodata,26,27,1,True,T3,0,0,0,True,上空から氷槍を降らせる秘技,euc_jp
4896276,147514900,0,.rodata,24,27,3,True,T3,0,0,0,True,素早く敵の背後に回る特技,euc_jp
4896316,147514940,0,.rodata,44,47,3,True,T3,0,0,0,True,豪快な震脚から気のこもった崩拳を繰り出す秘技,euc_jp
4896376,147515000,0,.rodata,26,27,1,True,T3,0,0,0,True,怒涛の十連撃を繰り出す奥義,euc_jp
4896416,147515040,0,.rodata,14,15,1,True,T3,0,0,0,True,ダオスコレダー,euc_jp
4896432,147515056,0,.rodata,14,15,1,True,T3,0,0,0,True,ダオスレーザー,euc_jp
4896448,147515072,0,.rodata,14,15,1,True,T3,0,0,0,True,テトラアサルト,euc_jp
4896464,147515088,0,.rodata,16,19,3,True,T3,0,0,0,True,ミリオンアサルト,euc_jp
4896484,147515108,0,.rodata,22,23,1,True,T3,0,0,0,True,スーパーダオスレーザー,euc_jp
4896516,147515140,0,.rodata,28,31,3,True,T3,0,0,0,True,鋭い突きから拳を叩き込む特技,euc_jp
4896556,147515180,0,.rodata,32,35,3,True,T3,0,0,0,True,回転させた武器で敵を斬り裂く特技,euc_jp
4896600,147515224,0,.rodata,40,43,3,True,T3,0,0,0,True,瞬時に敵を斬り裂き、後ろから斬り払う特技,euc_jp
4896660,147515284,0,.rodata,40,43,3,True,T3,0,0,0,True,拳の三連撃の後、懐に潜り鋭く突き刺す秘技,euc_jp
4896704,147515328,0,.rodata,30,31,1,True,T3,0,0,0,True,疾風の衝撃波を二連続で放つ秘技,euc_jp
4896748,147515372,0,.rodata,44,47,3,True,T3,0,0,0,True,回転させた武器で敵を斬り上げ、打ち下ろす秘技,euc_jp
4896808,147515432,0,.rodata,44,47,3,True,T3,0,0,0,True,狼の形をした闘気を敵に叩き付け吹き飛ばす秘技,euc_jp
4896868,147515492,0,.rodata,30,31,1,True,T3,0,0,0,True,蒼破刃と牙狼撃を組合わせた奥義,euc_jp
4896912,147515536,0,.rodata,44,47,3,True,T3,0,0,0,True,三連撃の後、回転させた武器で敵を斬り裂く奥義,euc_jp
4896972,147515596,0,.rodata,50,51,1,True,T3,0,0,0,True,敵を浮かせた後、空中で回し蹴りと斬撃を叩き込む奥義,euc_jp
4897036,147515660,0,.rodata,32,35,3,True,T3,0,0,0,True,噛烈襲と戦迅狼破を組合わせた奥義,euc_jp
4897080,147515704,0,.rodata,44,47,3,True,T3,0,0,0,True,高速の剣戟を重ね、絶風の衝撃波を生み出す奥義,euc_jp
4897136,147515760,0,.rodata,48,51,3,True,T3,0,0,0,True,噛みつくが如く何度も拳を叩きこみ敵を粉砕する奥義,euc_jp
4897200,147515824,0,.rodata,16,19,3,True,T3,0,0,0,True,スターストローク,euc_jp
4897220,147515844,0,.rodata,16,19,3,True,T3,0,0,0,True,ピアズクラスター,euc_jp
4897240,147515864,0,.rodata,46,47,1,True,T3,0,0,0,True,敵を連続突きで斬り刻んだ後、盾で弾き飛ばす特技,euc_jp
4897288,147515912,0,.rodata,14,15,1,True,T3,0,0,0,True,レイスティング,euc_jp
4897304,147515928,0,.rodata,48,51,3,True,T3,0,0,0,True,敵を盾の一撃で打ち上げ鋭い突きで追い討ちする奥義,euc_jp
4897356,147515980,0,.rodata,16,19,3,True,T3,0,0,0,True,ディバイドエッジ,euc_jp
4897376,147516000,0,.rodata,50,51,1,True,T3,0,0,0,True,距離をとった後、突進しながら突きで敵を攻撃する特技,euc_jp
4897428,147516052,0,.rodata,14,15,1,True,T3,0,0,0,True,エアディバイド,euc_jp
4897444,147516068,0,.rodata,50,51,1,True,T3,0,0,0,True,突進での突きの後、急角度で上空に突きを繰り出す秘技,euc_jp
4897496,147516120,0,.rodata,14,15,1,True,T3,0,0,0,True,マーシーワルツ,euc_jp
4897512,147516136,0,.rodata,36,39,3,True,T3,0,0,0,True,ワルツを舞う様に敵を連続攻撃する特技,euc_jp
4897552,147516176,0,.rodata,20,23,3,True,T3,0,0,0,True,セイクリッドブレイム,euc_jp
4897576,147516200,0,.rodata,12,15,3,True,T3,0,0,0,True,フィリアボム,euc_jp
4897592,147516216,0,.rodata,38,39,1,True,T3,0,0,0,True,炸裂する液体を仕込んだビンを投げる特技,euc_jp
4897632,147516256,0,.rodata,10,11,1,True,T3,0,0,0,True,ツインボム,euc_jp
4897644,147516268,0,.rodata,32,35,3,True,T3,0,0,0,True,炸裂するビンを続けて投げ込む秘技,euc_jp
4897688,147516312,0,.rodata,38,39,1,True,T3,0,0,0,True,対空能力を持った二連斬りを繰り出す特技,euc_jp
4897736,147516360,0,.rodata,32,35,3,True,T3,0,0,0,True,双剣を交互に繰り出す四連撃の特技,euc_jp
4897784,147516408,0,.rodata,42,43,1,True,T3,0,0,0,True,敵を浮かせて攻撃し、さらに追撃を加える秘技,euc_jp
4897840,147516464,0,.rodata,44,47,3,True,T3,0,0,0,True,双剣で四連撃し、敵を浮かせて追い打ちする秘技,euc_jp
4897900,147516524,0,.rodata,46,47,1,True,T3,0,0,0,True,目前の敵をすり抜けながら斬り、再び追撃する秘技,euc_jp
4897960,147516584,0,.rodata,34,35,1,True,T3,0,0,0,True,斬り上げた敵を神速突きで捕える奥義,euc_jp
4898008,147516632,0,.rodata,46,47,1,True,T3,0,0,0,True,双剣にて敵を斬りつけ、その衝撃波で攻撃する奥義,euc_jp
4898076,147516700,0,.rodata,48,51,3,True,T3,0,0,0,True,一定の確率で短時間敵の防御力を下げる札を貼る特技,euc_jp
4898140,147516764,0,.rodata,50,51,1,True,T3,0,0,0,True,一定の確率で短時間敵の防御力を下げる札を飛ばす秘技,euc_jp
4898200,147516824,0,.rodata,48,51,3,True,T3,0,0,0,True,一定の確率で短時間敵の攻撃力を下げる札を貼る特技,euc_jp
4898260,147516884,0,.rodata,46,47,1,True,T3,0,0,0,True,一定の確率で短時間敵の敏捷を下げる札を貼る特技,euc_jp
4898316,147516940,0,.rodata,36,39,3,True,T3,0,0,0,True,貼り付けた札の力で敵を吹き飛ばす奥義,euc_jp
4898368,147516992,0,.rodata,50,51,1,True,T3,0,0,0,True,一定の確率で短時間敵の攻撃力を下げる札を飛ばす秘技,euc_jp
4898428,147517052,0,.rodata,22,23,1,True,T3,0,0,0,True,敵の体力を奪い取る秘技,euc_jp
4898464,147517088,0,.rodata,48,51,3,True,T3,0,0,0,True,一定の確率で短時間敵の敏捷を下げる札を飛ばす秘技,euc_jp
4898524,147517148,0,.rodata,24,27,3,True,T3,0,0,0,True,敵の精神力を奪い取る秘技,euc_jp
4898560,147517184,0,.rodata,40,43,3,True,T3,0,0,0,True,戦闘中、戦闘不能の味方一人を復活させる術,euc_jp
4898616,147517240,0,.rodata,48,51,3,True,T3,0,0,0,True,一定時間、対象敵１体の仰け反り時間を増加する奥義,euc_jp
4898680,147517304,0,.rodata,38,39,1,True,T3,0,0,0,True,敵の周囲に風圧を発生させ吹き飛ばす奥義,euc_jp
4898720,147517344,0,.rodata,12,15,3,True,T3,0,0,0,True,降霊召符・心,euc_jp
4898736,147517360,0,.rodata,14,15,1,True,T3,0,0,0,True,ヴォルトアロー,euc_jp
4898752,147517376,0,.rodata,14,15,1,True,T3,0,0,0,True,プリズムソード,euc_jp
4898768,147517392,0,.rodata,44,47,3,True,T3,0,0,0,True,光の洗礼を受けた剣が降り注ぎ、敵を攻撃する術,euc_jp
4898816,147517440,0,.rodata,14,15,1,True,T3,0,0,0,True,アウトバースト,euc_jp
4898832,147517456,0,.rodata,12,15,3,True,T3,0,0,0,True,ディースネル,euc_jp
4898848,147517472,0,.rodata,20,23,3,True,T3,0,0,0,True,ユグドラシルレーザー,euc_jp
4898872,147517496,0,.rodata,14,15,1,True,T3,0,0,0,True,アンチシールド,euc_jp
4898888,147517512,0,.rodata,36,39,3,True,T3,0,0,0,True,敵１体の防御力を一定時間低下させる術,euc_jp
4898928,147517552,0,.rodata,8,11,3,True,T3,0,0,0,True,シールド,euc_jp
4898940,147517564,0,.rodata,10,11,1,True,T3,0,0,0,True,シェルター,euc_jp
4898952,147517576,0,.rodata,16,19,3,True,T3,0,0,0,True,アンチシェルター,euc_jp
4898972,147517596,0,.rodata,38,39,1,True,T3,0,0,0,True,敵すべての防御力を一定時間低下させる術,euc_jp
4899012,147517636,0,.rodata,10,11,1,True,T3,0,0,0,True,ジ・エンド,euc_jp
4899024,147517648,0,.rodata,14,15,1,True,T3,0,0,0,True,タイムストップ,euc_jp
4899048,147517672,0,.rodata,28,31,3,True,T3,0,0,0,True,剣から光を放ち、敵を貫く特技,euc_jp
4899088,147517712,0,.rodata,38,39,1,True,T3,0,0,0,True,剣を振りかざし、敵を空へ舞い上げる特技,euc_jp
4899140,147517764,0,.rodata,46,47,1,True,T3,0,0,0,True,地面に剣を突き刺し、周囲に氷の槍を呼び出す奥義,euc_jp
4899188,147517812,0,.rodata,18,19,1,True,T3,0,0,0,True,イグニートプリズン,euc_jp
4899208,147517832,0,.rodata,38,39,1,True,T3,0,0,0,True,標的を陣内に捕え、四つの炎の柱を放つ術,euc_jp
4899248,147517872,0,.rodata,16,19,3,True,T3,0,0,0,True,クラスターレイド,euc_jp
4899268,147517892,0,.rodata,40,43,3,True,T3,0,0,0,True,大地に眠る鉱石を呼び出し、敵を貫かせる術,euc_jp
4899312,147517936,0,.rodata,20,23,3,True,T3,0,0,0,True,クリムゾンライオット,euc_jp
4899336,147517960,0,.rodata,32,35,3,True,T3,0,0,0,True,敵を荒れ狂う炎で包み焼き尽くす術,euc_jp
4899384,147518008,0,.rodata,14,15,1,True,T3,0,0,0,True,アイスウォール,euc_jp
4899400,147518024,0,.rodata,32,35,3,True,T3,0,0,0,True,敵の足元から氷の塊を発生させる術,euc_jp
4899436,147518060,0,.rodata,10,11,1,True,T3,0,0,0,True,チアリング,euc_jp
4899448,147518072,0,.rodata,8,11,3,True,T3,0,0,0,True,海の癒し,euc_jp
4899460,147518084,0,.rodata,20,23,3,True,T3,0,0,0,True,ブラッディハウリング,euc_jp
4899484,147518108,0,.rodata,48,51,3,True,T3,0,0,0,True,呪いの力を出現させ、触れた敵にダメージを与える術,euc_jp
4899536,147518160,0,.rodata,8,11,3,True,T3,0,0,0,True,シャドウ,euc_jp
4899556,147518180,0,.rodata,33,35,2,True,T3,0,0,0,True,漢の拳を交えたニ連攻撃を行う特技 ,euc_jp
4899600,147518224,0,.rodata,45,47,2,True,T3,0,0,0,True,修行の成果で雷を呼び起こし、力を解放する特技 ,euc_jp
4899656,147518280,0,.rodata,30,31,1,True,T3,0,0,0,True,貫いた敵を豪腕で振り上げる特技,euc_jp
4899696,147518320,0,.rodata,30,31,1,True,T3,0,0,0,True,空中から冷気の槍で敵を貫く特技,euc_jp
4899740,147518364,0,.rodata,30,31,1,True,T3,0,0,0,True,双打鐘の後、蹴り上げを行う秘技,euc_jp
4899784,147518408,0,.rodata,42,43,1,True,T3,0,0,0,True,雷を呼んで敵を打ち、さらに雷で追撃する秘技,euc_jp
4899828,147518452,0,.rodata,8,11,3,True,T3,0,0,0,True,放墜砲鎚,euc_jp
4899840,147518464,0,.rodata,40,43,3,True,T3,0,0,0,True,敵を前方へ放りながら、衝撃波を飛ばす秘技,euc_jp
4899896,147518520,0,.rodata,48,51,3,True,T3,0,0,0,True,空中から冷気の槍で敵を貫き、着地後さらに突く秘技,euc_jp
4899948,147518572,0,.rodata,10,11,1,True,T3,0,0,0,True,戦吼爆ッ破,euc_jp
4899960,147518584,0,.rodata,39,39,0,True,T3,0,0,0,True,あふれる気合を露骨に叩き付ける爆烈奥義 ,euc_jp
4900012,147518636,0,.rodata,47,47,0,True,T3,0,0,0,True,神の住まう天空から割砕するは人。すなわち俺奥義 ,euc_jp
4900060,147518684,0,.rodata,20,23,3,True,T3,0,0,0,True,ファイナルプレイヤー,euc_jp
4900092,147518716,0,.rodata,30,31,1,True,T3,0,0,0,True,空中回転二連蹴りを繰り出す特技,euc_jp
4900132,147518756,0,.rodata,22,23,1,True,T3,0,0,0,True,拳の連撃を叩き込む特技,euc_jp
4900164,147518788,0,.rodata,20,23,3,True,T3,0,0,0,True,強烈に吹き飛ばす特技,euc_jp
4900196,147518820,0,.rodata,30,31,1,True,T3,0,0,0,True,回転蹴りで、敵を蹴り飛ばす特技,euc_jp
4900228,147518852,0,.rodata,6,7,1,True,T3,0,0,0,True,樹砲閃,euc_jp
4900236,147518860,0,.rodata,36,39,3,True,T3,0,0,0,True,射撃した矢を、地を這わせ敵を狙う特技,euc_jp
4900284,147518908,0,.rodata,50,51,1,True,T3,0,0,0,True,敵の上空に射撃した矢を炸裂させて真下の敵を狙う特技,euc_jp
4900348,147518972,0,.rodata,36,39,3,True,T3,0,0,0,True,連続回し蹴りから轟裂破を繰り出す奥義,euc_jp
4900400,147519024,0,.rodata,38,39,1,True,T3,0,0,0,True,蹴りと拳を交えた連続攻撃を繰り出す奥義,euc_jp
4900452,147519076,0,.rodata,40,43,3,True,T3,0,0,0,True,気合の蹴り上げから貫通ショットを放つ奥義,euc_jp
4900508,147519132,0,.rodata,40,43,3,True,T3,0,0,0,True,気功弾を放ち間合いの離れた敵も狙える奥義,euc_jp
4900564,147519188,0,.rodata,28,31,3,True,T3,0,0,0,True,樹砲閃の三連射を繰り出す奥義,euc_jp
4900608,147519232,0,.rodata,42,43,1,True,T3,0,0,0,True,間合いを詰め、水流と共に拳を突き上げる奥義,euc_jp
4900664,147519288,0,.rodata,42,43,1,True,T3,0,0,0,True,強烈な踵落としで敵を地面に釘付けにする奥義,euc_jp
4900732,147519356,0,.rodata,38,39,1,True,T3,0,0,0,True,果てしなく蹴り上げ豪快に叩き落とす奥義,euc_jp
4900784,147519408,0,.rodata,44,47,3,True,T3,0,0,0,True,気を溜めて多段ヒットする気功弾を生み出す奥義,euc_jp
4900844,147519468,0,.rodata,46,47,1,True,T3,0,0,0,True,懐に潜り込み水圧射撃を放ち、間合いを開ける奥義,euc_jp
4900904,147519528,0,.rodata,42,43,1,True,T3,0,0,0,True,アッパーと謎の三角蹴りで敵を吹き飛ばす奥義,euc_jp
4900960,147519584,0,.rodata,48,51,3,True,T3,0,0,0,True,足を使った往復ビンタをかまし、敵を吹き飛ばす奥義,euc_jp
4901024,147519648,0,.rodata,28,31,3,True,T3,0,0,0,True,斜め上に向けての拡散連射奥義,euc_jp
4901064,147519688,0,.rodata,38,39,1,True,T3,0,0,0,True,敵に当たると爆発するクナイを投げる特技,euc_jp
4901108,147519732,0,.rodata,28,31,3,True,T3,0,0,0,True,地面から爆炎を呼び寄せる特技,euc_jp
4901148,147519772,0,.rodata,32,35,3,True,T3,0,0,0,True,地面から樹形の氷を呼び寄せる特技,euc_jp
4901192,147519816,0,.rodata,26,27,1,True,T3,0,0,0,True,無音で駆け抜け攻撃する特技,euc_jp
4901228,147519852,0,.rodata,32,35,3,True,T3,0,0,0,True,地面を鋭利に隆起させ敵を貫く特技,euc_jp
4901264,147519888,0,.rodata,26,27,1,True,T3,0,0,0,True,地面から雷を呼び寄せる特技,euc_jp
4901300,147519924,0,.rodata,36,39,3,True,T3,0,0,0,True,かまいたちを呼び寄せ敵を切り刻む特技,euc_jp
4901340,147519964,0,.rodata,34,35,1,True,T3,0,0,0,True,敵の頭上に飛び乗り、踏み付ける特技,euc_jp
4901384,147520008,0,.rodata,38,39,1,True,T3,0,0,0,True,地面に手をつき、連続回転蹴りを放つ特技,euc_jp
4901432,147520056,0,.rodata,40,43,3,True,T3,0,0,0,True,地面から樹形の巨大な氷塊を呼び寄せる奥義,euc_jp
4901484,147520108,0,.rodata,44,47,3,True,T3,0,0,0,True,闇走破の後、地面から炎を呼び出し攻撃する奥義,euc_jp
4901540,147520164,0,.rodata,32,35,3,True,T3,0,0,0,True,地面を鋭利に隆起させ敵を貫く奥義,euc_jp
4901588,147520212,0,.rodata,44,47,3,True,T3,0,0,0,True,闇走破の後、地面から雷を呼び出し攻撃する奥義,euc_jp
4901648,147520272,0,.rodata,38,39,1,True,T3,0,0,0,True,連続回転蹴りを放ち、クナイを投げる奥義,euc_jp
4901688,147520312,0,.rodata,10,11,1,True,T3,0,0,0,True,焔大蛇の印,euc_jp
4901712,147520336,0,.rodata,42,43,1,True,T3,0,0,0,True,クナイを投げ、地面から爆炎を呼び寄せる奥義,euc_jp
4901764,147520388,0,.rodata,38,39,1,True,T3,0,0,0,True,空中から爆発するクナイを投げ付ける特技,euc_jp
4901812,147520436,0,.rodata,32,35,3,True,T3,0,0,0,True,敵の足元に滑り込み蹴り上げる特技,euc_jp
4901860,147520484,0,.rodata,44,47,3,True,T3,0,0,0,True,敵を蹴り上げ、さらにかまいたちで切り裂く奥義,euc_jp
4901908,147520532,0,.rodata,6,7,1,True,T3,0,0,0,True,影縫い,euc_jp
4901916,147520540,0,.rodata,50,51,1,True,T3,0,0,0,True,敵の影を地面に縫い付け仰け反り時間を増加させる特技,euc_jp
4901968,147520592,0,.rodata,10,11,1,True,T3,0,0,0,True,ブーイング,euc_jp
4901980,147520604,0,.rodata,36,39,3,True,T3,0,0,0,True,敵１体の攻撃力を一定時間低下させる術,euc_jp
4902020,147520644,0,.rodata,10,11,1,True,T3,0,0,0,True,サイレンス,euc_jp
4902032,147520656,0,.rodata,28,31,3,True,T3,0,0,0,True,敵１体の術を一定時間封じる術,euc_jp
4902064,147520688,0,.rodata,16,19,3,True,T3,0,0,0,True,ブーイングダンス,euc_jp
4902084,147520708,0,.rodata,38,39,1,True,T3,0,0,0,True,敵すべての攻撃力を一定時間低下させる術,euc_jp
4902124,147520748,0,.rodata,10,11,1,True,T3,0,0,0,True,チアダンス,euc_jp
4902136,147520760,0,.rodata,20,23,3,True,T3,0,0,0,True,オリジネイトブレイズ,euc_jp
4902172,147520796,0,.rodata,24,27,3,True,T3,0,0,0,True,武器で敵を打ち上げる特技,euc_jp
4902212,147520836,0,.rodata,30,31,1,True,T3,0,0,0,True,敵の足元を払う様に攻撃する特技,euc_jp
4902244,147520868,0,.rodata,18,19,1,True,T3,0,0,0,True,∠＝（ｘ，ｙ，ｚ）,euc_jp
4902264,147520888,0,.rodata,42,43,1,True,T3,0,0,0,True,開いた本から飛び出る猛獣の爪で攻撃する特技,euc_jp
4902328,147520952,0,.rodata,24,27,3,True,T3,0,0,0,True,本の角で敵を打ち抜く奥義,euc_jp
4902364,147520988,0,.rodata,50,51,1,True,T3,0,0,0,True,開いた本から無数のページが飛び出し敵を斬り裂く奥義,euc_jp
4902436,147521060,0,.rodata,50,51,1,True,T3,0,0,0,True,武器で敵を捕え、魔力で爆発させて敵を吹き飛ばす奥義,euc_jp
4902488,147521112,0,.rodata,26,27,1,True,T3,0,0,0,True,エンシェントカタストロフィ,euc_jp
4902536,147521160,0,.rodata,28,31,3,True,T3,0,0,0,True,魔方陣で敵を捕え攻撃する特技,euc_jp
4902576,147521200,0,.rodata,42,43,1,True,T3,0,0,0,True,跳躍から垂直に落下し、相手を踏み付ける特技,euc_jp
4902628,147521252,0,.rodata,44,47,3,True,T3,0,0,0,True,敵の懐に潜り込み、蹴り上げながら回転する特技,euc_jp
4902684,147521308,0,.rodata,38,39,1,True,T3,0,0,0,True,回し蹴りから飛び上がり、蹴り降ろす特技,euc_jp
4902732,147521356,0,.rodata,46,47,1,True,T3,0,0,0,True,敵を巻き込み回転しながら上昇し、蹴り落とす特技,euc_jp
4902788,147521412,0,.rodata,42,43,1,True,T3,0,0,0,True,高速で間合いを詰めた後、鋭い突きを放つ特技,euc_jp
4902844,147521468,0,.rodata,46,47,1,True,T3,0,0,0,True,跳躍から垂直に落下し、着地の衝撃で攻撃する秘技,euc_jp
4902904,147521528,0,.rodata,48,51,3,True,T3,0,0,0,True,剣戟と旋風で斬り裂き、さらに旋風を叩き付ける秘技,euc_jp
4902968,147521592,0,.rodata,50,51,1,True,T3,0,0,0,True,神速の斬り上げから蹴り上げる事で敵を天に飛ばす奥義,euc_jp
4903032,147521656,0,.rodata,40,43,3,True,T3,0,0,0,True,振り上げる武器の斬撃で敵を斬り上げる秘技,euc_jp
4903088,147521712,0,.rodata,32,35,3,True,T3,0,0,0,True,飛燕月華と崩蹴月を組合わせた奥義,euc_jp
4903136,147521760,0,.rodata,46,47,1,True,T3,0,0,0,True,武器の石突で敵の急所を打ち抜きダウンさせる秘技,euc_jp
4903208,147521832,0,.rodata,36,39,3,True,T3,0,0,0,True,飛び上がり加速を付けた蹴りを放つ奥義,euc_jp
4903260,147521884,0,.rodata,30,31,1,True,T3,0,0,0,True,跳躍から加速した蹴りを放つ奥義,euc_jp
4903304,147521928,0,.rodata,46,47,1,True,T3,0,0,0,True,敵を宙に打ち上げ追撃を入れ、地面に叩き落す奥義,euc_jp
4903360,147521984,0,.rodata,48,51,3,True,T3,0,0,0,True,跳躍から空中で軌道を変え、敵に膝から落下する特技,euc_jp
4903424,147522048,0,.rodata,42,43,1,True,T3,0,0,0,True,落雷の様に、瞬時に敵に斬撃を打ち下ろす秘技,euc_jp
4903476,147522100,0,.rodata,22,23,1,True,T3,0,0,0,True,前方に光の矢を放つ特技,euc_jp
4903500,147522124,0,.rodata,8,11,3,True,T3,0,0,0,True,愛の快針,euc_jp
4903512,147522136,0,.rodata,44,47,3,True,T3,0,0,0,True,放たれた矢がＨＰの低い味方を追いかけ癒す特技,euc_jp
4903560,147522184,0,.rodata,8,11,3,True,T3,0,0,0,True,黒の追跡,euc_jp
4903572,147522196,0,.rodata,34,35,1,True,T3,0,0,0,True,放った矢が低速で敵を追い続ける特技,euc_jp
4903608,147522232,0,.rodata,6,7,1,True,T3,0,0,0,True,蛍なり,euc_jp
4903616,147522240,0,.rodata,50,51,1,True,T3,0,0,0,True,跳躍して矢を放ち、敵がその位置に来ると爆発する特技,euc_jp
4903668,147522292,0,.rodata,10,11,1,True,T3,0,0,0,True,舞うが如く,euc_jp
4903680,147522304,0,.rodata,32,35,3,True,T3,0,0,0,True,二刀を振り回し、敵を斬り裂く奥義,euc_jp
4903716,147522340,0,.rodata,8,11,3,True,T3,0,0,0,True,天の嘆き,euc_jp
4903728,147522352,0,.rodata,36,39,3,True,T3,0,0,0,True,天高く放った矢が、周囲に降り注ぐ奥義,euc_jp
4903768,147522392,0,.rodata,6,7,1,True,T3,0,0,0,True,流れ星,euc_jp
4903776,147522400,0,.rodata,26,27,1,True,T3,0,0,0,True,徐々に加速する矢を放つ奥義,euc_jp
4903804,147522428,0,.rodata,10,11,1,True,T3,0,0,0,True,罪と罰・罪,euc_jp
4903816,147522440,0,.rodata,28,31,3,True,T3,0,0,0,True,敵に複数の矢を一気に放つ奥義,euc_jp
4903848,147522472,0,.rodata,10,11,1,True,T3,0,0,0,True,罪と罰・罰,euc_jp
4903860,147522484,0,.rodata,44,47,3,True,T3,0,0,0,True,滑らかに武器を振りかざし、敵を斬り付ける秘技,euc_jp
4903908,147522532,0,.rodata,8,11,3,True,T3,0,0,0,True,風の哮り,euc_jp
4903920,147522544,0,.rodata,24,27,3,True,T3,0,0,0,True,敵を貫通する矢を放つ奥義,euc_jp
4903948,147522572,0,.rodata,10,11,1,True,T3,0,0,0,True,散るように,euc_jp
4903960,147522584,0,.rodata,36,39,3,True,T3,0,0,0,True,空中から放った矢で衝撃波を起こす特技,euc_jp
4904000,147522624,0,.rodata,14,15,1,True,T3,0,0,0,True,ブラストハート,euc_jp
4904024,147522648,0,.rodata,38,39,1,True,T3,0,0,0,True,小太刀で斬り上げた敵を矢で追撃する特技,euc_jp
4904064,147522688,0,.rodata,8,11,3,True,T3,0,0,0,True,天涙の雨,euc_jp
4904076,147522700,0,.rodata,48,51,3,True,T3,0,0,0,True,小太刀で斬り上げた敵を空中で何度も斬り付ける秘技,euc_jp
4904128,147522752,0,.rodata,8,11,3,True,T3,0,0,0,True,天涙の雲,euc_jp
4904140,147522764,0,.rodata,50,51,1,True,T3,0,0,0,True,小太刀で斬り上げた敵に弓で止めの一撃を打ち込む秘技,euc_jp
4904192,147522816,0,.rodata,14,15,1,True,T3,0,0,0,True,尚、散るように,euc_jp
4904208,147522832,0,.rodata,48,51,3,True,T3,0,0,0,True,空中からの一撃で砕いた地面の破片で敵を射抜く秘技,euc_jp
4904260,147522884,0,.rodata,10,11,1,True,T3,0,0,0,True,飛ぶように,euc_jp
4904272,147522896,0,.rodata,48,51,3,True,T3,0,0,0,True,敵を蹴り上げつつ後ろへ飛び、急降下で追撃する奥義,euc_jp
4904324,147522948,0,.rodata,8,11,3,True,T3,0,0,0,True,風の猛り,euc_jp
4904336,147522960,0,.rodata,22,23,1,True,T3,0,0,0,True,弓で敵を斬りつける秘技,euc_jp
4904368,147522992,0,.rodata,36,39,3,True,T3,0,0,0,True,ジャンプから大きく蹴りを繰り出す特技,euc_jp
4904416,147523040,0,.rodata,50,51,1,True,T3,0,0,0,True,敵を高く斬り上げあびせ蹴りを行いつつ斬りつける秘技,euc_jp
4904476,147523100,0,.rodata,38,39,1,True,T3,0,0,0,True,斬り上げから舞う様に突きを繰り出す特技,euc_jp
4904524,147523148,0,.rodata,38,39,1,True,T3,0,0,0,True,素早い連撃を繰り出し、敵を斬り裂く特技,euc_jp
4904572,147523196,0,.rodata,34,35,1,True,T3,0,0,0,True,空中に舞い上がり、衝撃波を放つ秘技,euc_jp
4904620,147523244,0,.rodata,38,39,1,True,T3,0,0,0,True,虎乱蹴の後、斬り下ろしで追撃を行う奥義,euc_jp
4904672,147523296,0,.rodata,44,47,3,True,T3,0,0,0,True,連続斬り後、雷を纏った斬撃で敵を薙ぎ払う奥義,euc_jp
4904732,147523356,0,.rodata,46,47,1,True,T3,0,0,0,True,敵を打ち上げ回転斬りで上昇後、衝撃波を放つ奥義,euc_jp
4904792,147523416,0,.rodata,46,47,1,True,T3,0,0,0,True,斬撃と共に敵背後に回り、さらに連撃を決める奥義,euc_jp
4904852,147523476,0,.rodata,50,51,1,True,T3,0,0,0,True,斬りつけから突く連携の後、炸裂する蹴りを見舞う奥義,euc_jp
4904916,147523540,0,.rodata,38,39,1,True,T3,0,0,0,True,連撃の後、大地を斬り割く斬撃を放つ奥義,euc_jp
4904976,147523600,0,.rodata,50,51,1,True,T3,0,0,0,True,天を舞う様に敵を斬り裂きながら、大きく移動する特技,euc_jp
4905040,147523664,0,.rodata,42,43,1,True,T3,0,0,0,True,突きからの鋭い２連続の剣撃で衝撃を放つ奥義,euc_jp
4905096,147523720,0,.rodata,42,43,1,True,T3,0,0,0,True,敵を空中に斬り上げ、回転斬りを繰り出す奥義,euc_jp
4905152,147523776,0,.rodata,44,47,3,True,T3,0,0,0,True,敵を舞い上げるように斬り裂き、蹴り落とす奥義,euc_jp
4905208,147523832,0,.rodata,32,35,3,True,T3,0,0,0,True,舞い飛ぶが如く敵に斬りかかる特技,euc_jp
4905252,147523876,0,.rodata,50,51,1,True,T3,0,0,0,True,ツバメが舞うが如く敵を斬り最後に敵を蹴り上げる特技,euc_jp
4905316,147523940,0,.rodata,44,47,3,True,T3,0,0,0,True,一旦後ろに下がり、回転しながら連撃を放つ奥義,euc_jp
4905376,147524000,0,.rodata,40,43,3,True,T3,0,0,0,True,流れる様に斬撃と蹴りの連撃を繰り出す奥義,euc_jp
4905432,147524056,0,.rodata,40,43,3,True,T3,0,0,0,True,連撃を放ち、手に溜めた気を叩き付ける奥義,euc_jp
4905484,147524108,0,.rodata,40,43,3,True,T3,0,0,0,True,己の精神を研ぎ澄まし、敏捷値を高める特技,euc_jp
4905540,147524164,0,.rodata,44,47,3,True,T3,0,0,0,True,上段の回し蹴りで打ち上げ、踵落としを放つ奥義,euc_jp
4905596,147524220,0,.rodata,40,43,3,True,T3,0,0,0,True,打ち上げた敵に溜め込んだ気弾を当てる特技,euc_jp
4905640,147524264,0,.rodata,22,23,1,True,T3,0,0,0,True,レイディアント・ロアー,euc_jp
4905676,147524300,0,.rodata,48,51,3,True,T3,0,0,0,True,武器を交差させて斬り、真空の刃が追い討ちする特技,euc_jp
4905740,147524364,0,.rodata,46,47,1,True,T3,0,0,0,True,斧による気合を込めた攻撃で相手を吹っ飛ばす特技,euc_jp
4905800,147524424,0,.rodata,50,51,1,True,T3,0,0,0,True,斧を使った回転斬りからその勢いで剣を斬り付ける特技,euc_jp
4905864,147524488,0,.rodata,40,43,3,True,T3,0,0,0,True,剣と斧で二回斬り上げた後、斬り下ろす特技,euc_jp
4905920,147524544,0,.rodata,48,51,3,True,T3,0,0,0,True,氷柱での攻撃後一時的にステータスがアップする特技,euc_jp
4905984,147524608,0,.rodata,50,51,1,True,T3,0,0,0,True,足元を払い斬りし、斬り上げた敵に爆風で追い打つ奥義,euc_jp
4906048,147524672,0,.rodata,50,51,1,True,T3,0,0,0,True,斧で叩き剣で突き、さらに武器を交差して斬り払う奥義,euc_jp
4906112,147524736,0,.rodata,36,39,3,True,T3,0,0,0,True,剣と斧を使った素早いニ連撃を行う奥義,euc_jp
4906164,147524788,0,.rodata,34,35,1,True,T3,0,0,0,True,水の力で相手に向かって突進する奥義,euc_jp
4906212,147524836,0,.rodata,48,51,3,True,T3,0,0,0,True,水の流れの如く連続で斬り、衝撃波で止めを刺す奥義,euc_jp
4906264,147524888,0,.rodata,24,27,3,True,T3,0,0,0,True,タワーリングインフェルノ,euc_jp
4906300,147524924,0,.rodata,36,39,3,True,T3,0,0,0,True,三連突きから盾で敵への追撃を行う特技,euc_jp
4906348,147524972,0,.rodata,40,43,3,True,T3,0,0,0,True,強烈なジャンプ斬りから衝撃波を起こす特技,euc_jp
4906404,147525028,0,.rodata,46,47,1,True,T3,0,0,0,True,敵を斬り上げながら三連続の回転斬りを見舞う秘技,euc_jp
4906464,147525088,0,.rodata,48,51,3,True,T3,0,0,0,True,高速の三連撃からさらに止めの獅子戦吼へと繋ぐ奥義,euc_jp
4906524,147525148,0,.rodata,48,51,3,True,T3,0,0,0,True,怒り狂う獣の様に斬・打・斬の三連撃を繰り出す特技,euc_jp
4906584,147525208,0,.rodata,26,27,1,True,T3,0,0,0,True,剣先から光の念弾を放つ特技,euc_jp
4906624,147525248,0,.rodata,30,31,1,True,T3,0,0,0,True,悪を斬り裂く脅威の三連撃の奥義,euc_jp
4906664,147525288,0,.rodata,46,47,1,True,T3,0,0,0,True,光の思念を呼び起こし、周囲に衝撃波を起こす特技,euc_jp
4906724,147525348,0,.rodata,38,39,1,True,T3,0,0,0,True,比類なき超神速の連続斬りを繰り出す奥義,euc_jp
4906788,147525412,0,.rodata,50,51,1,True,T3,0,0,0,True,上空へ斬り上げた敵を強烈な一閃で天に縛り付ける奥義,euc_jp
4906840,147525464,0,.rodata,6,7,1,True,T3,0,0,0,True,海連刃,euc_jp
4906848,147525472,0,.rodata,44,47,3,True,T3,0,0,0,True,素早い斬り上げと共に真空波で敵を斬り刻む特技,euc_jp
4906904,147525528,0,.rodata,46,47,1,True,T3,0,0,0,True,盾によるボディーブローで内部に衝撃を与える特技,euc_jp
4906964,147525588,0,.rodata,48,51,3,True,T3,0,0,0,True,武器にエネルギーを溜め、敵を貫きつつ斬り刻む秘技,euc_jp
4907028,147525652,0,.rodata,28,31,3,True,T3,0,0,0,True,光の剣影を三連続で飛ばす秘技,euc_jp
4907072,147525696,0,.rodata,46,47,1,True,T3,0,0,0,True,武器に込めた光の念の長大な刃で敵を刺し貫く奥義,euc_jp
4907128,147525752,0,.rodata,30,31,1,True,T3,0,0,0,True,兄に教えてもらった思い出の特技,euc_jp
4907172,147525796,0,.rodata,34,35,1,True,T3,0,0,0,True,闘う巫女が放つ華麗なる五連撃の奥義,euc_jp
4907216,147525840,0,.rodata,32,35,3,True,T3,0,0,0,True,空中で繰り出す高速三連蹴りの特技,euc_jp
4907260,147525884,0,.rodata,38,39,1,True,T3,0,0,0,True,火の念を込めた武器による連続打撃の特技,euc_jp
4907308,147525932,0,.rodata,42,43,1,True,T3,0,0,0,True,火の念を込めた一撃で周囲の敵を攻撃する秘技,euc_jp
4907364,147525988,0,.rodata,50,51,1,True,T3,0,0,0,True,舞い上がりながら六連発の空中回転蹴りを打ち込む奥義,euc_jp
4907428,147526052,0,.rodata,38,39,1,True,T3,0,0,0,True,炎の念を円輪として上空から撃ちだす秘技,euc_jp
4907480,147526104,0,.rodata,38,39,1,True,T3,0,0,0,True,猛る炎が龍と化し、己を包み敵を討つ奥義,euc_jp
4907528,147526152,0,.rodata,28,31,3,True,T3,0,0,0,True,三発の矢を高速で撃ち出す特技,euc_jp
4907568,147526192,0,.rodata,40,43,3,True,T3,0,0,0,True,相手を弾き飛ばす効果がある、前蹴りの特技,euc_jp
4907620,147526244,0,.rodata,38,39,1,True,T3,0,0,0,True,両手から計六発の矢を高速で撃ち出す特技,euc_jp
4907668,147526292,0,.rodata,44,47,3,True,T3,0,0,0,True,大量の思念を練り上げ敵を貫通する矢を放つ特技,euc_jp
4907724,147526348,0,.rodata,44,47,3,True,T3,0,0,0,True,着弾地点に旋風を起こし敵を空へ巻き上げる奥義,euc_jp
4907780,147526404,0,.rodata,48,51,3,True,T3,0,0,0,True,嵐の念を練り上げ、巨大な風の塊として撃ち出す特技,euc_jp
4907840,147526464,0,.rodata,30,31,1,True,T3,0,0,0,True,広範囲に風矢の雨を降らせる奥義,euc_jp
4907880,147526504,0,.rodata,50,51,1,True,T3,0,0,0,True,敵の上空で弾けて降り注ぐ、特殊な散弾を撃ち出す特技,euc_jp
4907940,147526564,0,.rodata,48,51,3,True,T3,0,0,0,True,天に向かい、神をも射貫く強力な一撃を繰り出す奥義,euc_jp
4908016,147526640,0,.rodata,32,35,3,True,T3,0,0,0,True,聖なる雷を生み出して斬り払う特技,euc_jp
4908060,147526684,0,.rodata,36,39,3,True,T3,0,0,0,True,地面をえぐる横薙ぎの衝撃波を放つ特技,euc_jp
4908108,147526732,0,.rodata,35,35,0,True,T3,0,0,0,True,冷気をまとったX字斬りを繰り出す特技,euc_jp
4908152,147526776,0,.rodata,30,31,1,True,T3,0,0,0,True,打撃と衝撃の連撃を繰り出す秘技,euc_jp
4908196,147526820,0,.rodata,40,43,3,True,T3,0,0,0,True,猛虎を屠る獅子の咆哮で敵を吹き飛ばす秘技,euc_jp
4908248,147526872,0,.rodata,36,39,3,True,T3,0,0,0,True,満月の様な弧を描いて敵を葬る瞬撃秘技,euc_jp
4908296,147526920,0,.rodata,42,43,1,True,T3,0,0,0,True,剣を突き立て、衝撃波を前方へ弾けさせる秘技,euc_jp
4908348,147526972,0,.rodata,44,47,3,True,T3,0,0,0,True,飛び上がって、雷をまとった剣を突き立てる秘技,euc_jp
4908408,147527032,0,.rodata,40,43,3,True,T3,0,0,0,True,何者をも貫く瞬速の踏み込みを繰り出す秘技,euc_jp
4908460,147527084,0,.rodata,44,47,3,True,T3,0,0,0,True,間合いが開いた敵も逃さない、神速の居合い奥義,euc_jp
4908520,147527144,0,.rodata,48,51,3,True,T3,0,0,0,True,敵の背後へ抜けると同時に居合い斬りを繰り出す奥義,euc_jp
4908584,147527208,0,.rodata,40,43,3,True,T3,0,0,0,True,敵に踏み込みながら連続蹴りを繰り出す奥義,euc_jp
4908636,147527260,0,.rodata,36,39,3,True,T3,0,0,0,True,真空波を伴う広範囲多段居合い斬り奥義,euc_jp
4908684,147527308,0,.rodata,52,55,3,True,T3,0,0,0,True,斬り上げた敵を空中で斬り刻み上空から下へ突き刺す奥義,euc_jp
4908752,147527376,0,.rodata,40,43,3,True,T3,0,0,0,True,貫いた敵に対し、容赦ない追撃を加える奥義,euc_jp
4908808,147527432,0,.rodata,50,51,1,True,T3,0,0,0,True,剣による連撃で敵を斬り上げ、帯刀状態へ移行する奥義,euc_jp
4908872,147527496,0,.rodata,36,39,3,True,T3,0,0,0,True,前方へ向けて、巨大な灼熱波を放つ奥義,euc_jp
4908932,147527556,0,.rodata,34,35,1,True,T3,0,0,0,True,二連の空中回転蹴りで敵を浮かす特技,euc_jp
4908976,147527600,0,.rodata,48,51,3,True,T3,0,0,0,True,鋭い踏み込みで間合いを詰めつつ攻撃を繰り出す特技,euc_jp
4909040,147527664,0,.rodata,46,47,1,True,T3,0,0,0,True,光子を振りぬいて光の壁を作り、敵を圧倒する秘技,euc_jp
4909088,147527712,0,.rodata,16,19,3,True,T3,0,0,0,True,アストラルベルト,euc_jp
4909108,147527732,0,.rodata,44,47,3,True,T3,0,0,0,True,光子を剣に変え、居合い抜きの様に振りぬく秘技,euc_jp
4909156,147527780,0,.rodata,12,15,3,True,T3,0,0,0,True,シェルスロー,euc_jp
4909172,147527796,0,.rodata,32,35,3,True,T3,0,0,0,True,光子を投剣の様に放射状に放つ秘技,euc_jp
4909208,147527832,0,.rodata,14,15,1,True,T3,0,0,0,True,マークリバース,euc_jp
4909224,147527848,0,.rodata,32,35,3,True,T3,0,0,0,True,光子をブーメランの様に投げる特技,euc_jp
4909260,147527884,0,.rodata,14,15,1,True,T3,0,0,0,True,リペラチャージ,euc_jp
4909276,147527900,0,.rodata,36,39,3,True,T3,0,0,0,True,敵の物理攻撃を防ぎ、反撃を加える特技,euc_jp
4909324,147527948,0,.rodata,38,39,1,True,T3,0,0,0,True,空中から斜め下に光子レーザーを放つ奥義,euc_jp
4909364,147527988,0,.rodata,8,11,3,True,T3,0,0,0,True,錬気轟縮,euc_jp
4909376,147528000,0,.rodata,42,43,1,True,T3,0,0,0,True,気の塊を生み出して連続ダメージを与える奥義,euc_jp
4909432,147528056,0,.rodata,48,51,3,True,T3,0,0,0,True,空中から蹴りを見舞い、そこから連続攻撃に繋ぐ奥義,euc_jp
4909496,147528120,0,.rodata,42,43,1,True,T3,0,0,0,True,光の翼を生み出して、空中の敵を追撃する奥義,euc_jp
4909540,147528164,0,.rodata,10,11,1,True,T3,0,0,0,True,ユベルティ,euc_jp
4909552,147528176,0,.rodata,46,47,1,True,T3,0,0,0,True,両足を両剣の様に回転させ、連続攻撃を与える秘技,euc_jp
4909600,147528224,0,.rodata,16,19,3,True,T3,0,0,0,True,スカラーガンナー,euc_jp
4909620,147528244,0,.rodata,34,35,1,True,T3,0,0,0,True,光子を凝縮し、遠距離砲撃を行う奥義,euc_jp
4909656,147528280,0,.rodata,12,15,3,True,T3,0,0,0,True,レイズソウル,euc_jp
4909672,147528296,0,.rodata,46,47,1,True,T3,0,0,0,True,対象となる戦闘不能者を復活させる術（HP小回復）,euc_jp
4909720,147528344,0,.rodata,20,23,3,True,T3,0,0,0,True,クリティカルブレード,euc_jp
4909752,147528376,0,.rodata,46,47,1,True,T3,0,0,0,True,蛇の意志を宿した短剣を投げ、敵を引き寄せる特技,euc_jp
4909808,147528432,0,.rodata,44,47,3,True,T3,0,0,0,True,水の祝福をかけた短剣を三連続で投げ付ける秘技,euc_jp
4909864,147528488,0,.rodata,34,35,1,True,T3,0,0,0,True,聖なる刃で踏み込み、一気に突く秘技,euc_jp
4909908,147528532,0,.rodata,46,47,1,True,T3,0,0,0,True,雷の力を込めた短剣を放射状に放ち落雷させる秘技,euc_jp
4909964,147528588,0,.rodata,40,43,3,True,T3,0,0,0,True,祝福をかけた短剣を縦に五本投げ付ける奥義,euc_jp
4910016,147528640,0,.rodata,48,51,3,True,T3,0,0,0,True,意志を持つ無機物をあるべき姿に戻す無限の短剣奥義,euc_jp
4910076,147528700,0,.rodata,40,43,3,True,T3,0,0,0,True,凍てつかせる短剣を敵の周囲に降らせる奥義,euc_jp
4910120,147528744,0,.rodata,16,19,3,True,T3,0,0,0,True,ピクシーサークル,euc_jp
4910140,147528764,0,.rodata,32,35,3,True,T3,0,0,0,True,範囲内の対象のＨＰを小回復する術,euc_jp
4910176,147528800,0,.rodata,18,19,1,True,T3,0,0,0,True,フェアリーサークル,euc_jp
4910196,147528820,0,.rodata,36,39,3,True,T3,0,0,0,True,範囲内の対象のＨＰを大幅に回復する術,euc_jp
4910236,147528860,0,.rodata,10,11,1,True,T3,0,0,0,True,リリジャス,euc_jp
4910248,147528872,0,.rodata,20,23,3,True,T3,0,0,0,True,小範囲に雷を落とす術,euc_jp
4910272,147528896,0,.rodata,16,19,3,True,T3,0,0,0,True,フラッシュティア,euc_jp
4910292,147528916,0,.rodata,38,39,1,True,T3,0,0,0,True,不浄なる心に聖なる刻印を刻み浄化する術,euc_jp
4910332,147528956,0,.rodata,22,23,1,True,T3,0,0,0,True,ライトニングブラスター,euc_jp
4910356,147528980,0,.rodata,26,27,1,True,T3,0,0,0,True,放射状に清めの雷撃を放つ術,euc_jp
4910384,147529008,0,.rodata,18,19,1,True,T3,0,0,0,True,イノセントガーデン,euc_jp
4910404,147529028,0,.rodata,14,15,1,True,T3,0,0,0,True,ラズベリーグミ,euc_jp
4910420,147529044,0,.rodata,22,23,1,True,T3,0,0,0,True,シュタイフェ・ブリーゼ,euc_jp
4910444,147529068,0,.rodata,16,19,3,True,T3,0,0,0,True,マーシレスハント,euc_jp
4910464,147529088,0,.rodata,18,19,1,True,T3,0,0,0,True,連続射撃を行う特技,euc_jp
4910484,147529108,0,.rodata,16,19,3,True,T3,0,0,0,True,ショットブラスト,euc_jp
4910504,147529128,0,.rodata,34,35,1,True,T3,0,0,0,True,射撃命中時に石つぶてで攻撃する秘技,euc_jp
4910540,147529164,0,.rodata,16,19,3,True,T3,0,0,0,True,スナイプフォース,euc_jp
4910560,147529184,0,.rodata,32,35,3,True,T3,0,0,0,True,射撃命中時に闇の力で攻撃する秘技,euc_jp
4910596,147529220,0,.rodata,16,19,3,True,T3,0,0,0,True,ブルータルハント,euc_jp
4910616,147529240,0,.rodata,18,19,1,True,T3,0,0,0,True,連続射撃を行う秘技,euc_jp
4910636,147529260,0,.rodata,16,19,3,True,T3,0,0,0,True,ショットグレイブ,euc_jp
4910656,147529280,0,.rodata,32,35,3,True,T3,0,0,0,True,射撃命中時に鋭い岩で攻撃する奥義,euc_jp
4910692,147529316,0,.rodata,14,15,1,True,T3,0,0,0,True,スナイプゲイト,euc_jp
4910708,147529332,0,.rodata,38,39,1,True,T3,0,0,0,True,射撃命中時にネガティブゲイト発生の奥義,euc_jp
4910748,147529372,0,.rodata,16,19,3,True,T3,0,0,0,True,レイジングハント,euc_jp
4910768,147529392,0,.rodata,18,19,1,True,T3,0,0,0,True,連続射撃を行う奥義,euc_jp
4910788,147529412,0,.rodata,38,39,1,True,T3,0,0,0,True,命中と共に大地を割く衝撃波を起こす奥義,euc_jp
4910828,147529452,0,.rodata,22,23,1,True,T3,0,0,0,True,エンドレス・トラジディ,euc_jp
4910852,147529476,0,.rodata,14,15,1,True,T3,0,0,0,True,ダークフォース,euc_jp
4910868,147529492,0,.rodata,22,23,1,True,T3,0,0,0,True,闇の力で敵を攻撃する術,euc_jp
4910900,147529524,0,.rodata,34,35,1,True,T3,0,0,0,True,武器を振りぬいて光弾を撃ち出す特技,euc_jp
4910948,147529572,0,.rodata,30,31,1,True,T3,0,0,0,True,牙連刃と光波刃を組合わせた奥義,euc_jp
4910992,147529616,0,.rodata,6,7,1,True,T3,0,0,0,True,絢パン,euc_jp
4911000,147529624,0,.rodata,8,11,3,True,T3,0,0,0,True,幻晶パン,euc_jp
4911012,147529636,0,.rodata,6,7,1,True,T3,0,0,0,True,昇パン,euc_jp
4911020,147529644,0,.rodata,8,11,3,True,T3,0,0,0,True,パン破斬,euc_jp
4911032,147529656,0,.rodata,8,11,3,True,T3,0,0,0,True,魔神パン,euc_jp
4911044,147529668,0,.rodata,8,11,3,True,T3,0,0,0,True,パン沙雨,euc_jp
4911056,147529680,0,.rodata,16,19,3,True,T3,0,0,0,True,魔神パン・絢パン,euc_jp
4911076,147529700,0,.rodata,12,15,3,True,T3,0,0,0,True,昇パン神風閃,euc_jp
4911092,147529716,0,.rodata,14,15,1,True,T3,0,0,0,True,ピアシスライン,euc_jp
4911108,147529732,0,.rodata,26,27,1,True,T3,0,0,0,True,標的を貫通する矢を放つ特技,euc_jp
4911136,147529760,0,.rodata,16,19,3,True,T3,0,0,0,True,シュトルムエッジ,euc_jp
4911156,147529780,0,.rodata,38,39,1,True,T3,0,0,0,True,瞬く間に数本の矢を放ち敵を攻撃する特技,euc_jp
4911196,147529820,0,.rodata,48,51,3,True,T3,0,0,0,True,弓攻撃で敵を浮かせ、追い討ちをかける近距離用特技,euc_jp
4911248,147529872,0,.rodata,18,19,1,True,T3,0,0,0,True,ヴォルテックライン,euc_jp
4911268,147529892,0,.rodata,28,31,3,True,T3,0,0,0,True,雷撃を帯びた矢で敵を貫く秘技,euc_jp
4911300,147529924,0,.rodata,14,15,1,True,T3,0,0,0,True,ブラストエッジ,euc_jp
4911316,147529940,0,.rodata,30,31,1,True,T3,0,0,0,True,炎の力で焼き尽くす矢を放つ秘技,euc_jp
4911348,147529972,0,.rodata,20,23,3,True,T3,0,0,0,True,ストローククエイカー,euc_jp
4911372,147529996,0,.rodata,48,51,3,True,T3,0,0,0,True,ジャンプして撃ち放った矢の衝撃で敵を攻撃する奥義,euc_jp
4911424,147530048,0,.rodata,16,19,3,True,T3,0,0,0,True,エンブレスブルー,euc_jp
4911444,147530068,0,.rodata,44,47,3,True,T3,0,0,0,True,天に放った矢が無数の氷の刃となり降り注ぐ奥義,euc_jp
4911492,147530116,0,.rodata,50,51,1,True,T3,0,0,0,True,ジャンプし、上空から地上に向けて複数の矢を放つ秘技,euc_jp
4911544,147530168,0,.rodata,16,19,3,True,T3,0,0,0,True,エンブレススター,euc_jp
4911564,147530188,0,.rodata,24,27,3,True,T3,0,0,0,True,幾つもの矢を降らせる秘技,euc_jp
4911592,147530216,0,.rodata,16,19,3,True,T3,0,0,0,True,ブレイブフィード,euc_jp
4911612,147530236,0,.rodata,50,51,1,True,T3,0,0,0,True,扇状に矢を撃ち出した後、前方に矢を集中して射る奥義,euc_jp
4911664,147530288,0,.rodata,18,19,1,True,T3,0,0,0,True,アストラル・レイン,euc_jp
4911692,147530316,0,.rodata,46,47,1,True,T3,0,0,0,True,火薬矢で、命中した敵に連続ダメージを与える特技,euc_jp
4911748,147530372,0,.rodata,48,51,3,True,T3,0,0,0,True,ジャンプ後、風属性を持つ矢を滑空する様に放つ奥義,euc_jp
4911808,147530432,0,.rodata,32,35,3,True,T3,0,0,0,True,着弾と同時に落雷を発生させる秘技,euc_jp
4911856,147530480,0,.rodata,36,39,3,True,T3,0,0,0,True,敵を追尾する貫通エネルギーを放つ奥義,euc_jp
4911904,147530528,0,.rodata,30,31,1,True,T3,0,0,0,True,広範囲をカバーする同時射撃奥義,euc_jp
4911936,147530560,0,.rodata,12,15,3,True,T3,0,0,0,True,アースバイト,euc_jp
4911952,147530576,0,.rodata,12,15,3,True,T3,0,0,0,True,ヘルブレイズ,euc_jp
4911968,147530592,0,.rodata,18,19,1,True,T3,0,0,0,True,ネガティブバースト,euc_jp
4911988,147530612,0,.rodata,16,19,3,True,T3,0,0,0,True,ファントムペイン,euc_jp
4912008,147530632,0,.rodata,16,19,3,True,T3,0,0,0,True,ヘルバイトクロー,euc_jp
4912092,147530716,0,.rodata,24,27,3,True,T3,0,0,0,True,相棒のモノはオイラのモノ,euc_jp
4912132,147530756,0,.rodata,20,23,3,True,T3,0,0,0,True,セルシウスキャリバー,euc_jp
4912156,147530780,0,.rodata,4,7,3,True,T3,0,0,0,True,レム,euc_jp
4912188,147530812,0,.rodata,20,23,3,True,T3,0,0,0,True,インフェルノドライブ,euc_jp
4912236,147530860,0,.rodata,50,51,1,True,T3,0,0,0,True,雷撃で浮かせ巨大な鋼を具現化させて敵へと落とす奥義,euc_jp
4912296,147530920,0,.rodata,44,47,3,True,T3,0,0,0,True,三連蹴りの後、剣を振りかぶって斬り付ける特技,euc_jp
4912356,147530980,0,.rodata,32,35,3,True,T3,0,0,0,True,空蓮華と虎牙破斬を組合わせた奥義,euc_jp
4912392,147531016,0,.rodata,14,15,1,True,T3,0,0,0,True,ヒートバレット,euc_jp
4912408,147531032,0,.rodata,36,39,3,True,T3,0,0,0,True,前方を振り払う様に銃弾を浴びせる特技,euc_jp
4912448,147531072,0,.rodata,14,15,1,True,T3,0,0,0,True,エアロバレット,euc_jp
4912464,147531088,0,.rodata,42,43,1,True,T3,0,0,0,True,後方へジャンプしながら斜め下の敵を撃つ特技,euc_jp
4912508,147531132,0,.rodata,16,19,3,True,T3,0,0,0,True,ブレイズバレット,euc_jp
4912528,147531152,0,.rodata,40,43,3,True,T3,0,0,0,True,振り払う様に左右往復で銃弾を浴びせる秘技,euc_jp
4912572,147531196,0,.rodata,16,19,3,True,T3,0,0,0,True,シャインバレット,euc_jp
4912592,147531216,0,.rodata,38,39,1,True,T3,0,0,0,True,地面に発光弾を撃ち、敵をひるませる秘技,euc_jp
4912632,147531256,0,.rodata,20,23,3,True,T3,0,0,0,True,シャイニングレイザー,euc_jp
4912656,147531280,0,.rodata,36,39,3,True,T3,0,0,0,True,交差させた銃口から光弾を撃ち出す秘技,euc_jp
4912696,147531320,0,.rodata,18,19,1,True,T3,0,0,0,True,ガトリングバレット,euc_jp
4912716,147531340,0,.rodata,46,47,1,True,T3,0,0,0,True,宙に舞い、回転しながら十二発の弾を撃ち込む秘技,euc_jp
4912764,147531388,0,.rodata,22,23,1,True,T3,0,0,0,True,スライディングバレット,euc_jp
4912788,147531412,0,.rodata,46,47,1,True,T3,0,0,0,True,スライディングで滑り込みながら、射撃を行う奥義,euc_jp
4912836,147531460,0,.rodata,22,23,1,True,T3,0,0,0,True,エクスプロードバレット,euc_jp
4912860,147531484,0,.rodata,30,31,1,True,T3,0,0,0,True,広範囲に爆発する銃弾を撃つ奥義,euc_jp
4912892,147531516,0,.rodata,10,11,1,True,T3,0,0,0,True,Ｘバスター,euc_jp
4912904,147531528,0,.rodata,18,19,1,True,T3,0,0,0,True,バーニングアサルト,euc_jp
4912924,147531548,0,.rodata,44,47,3,True,T3,0,0,0,True,近距離で爆発するチャージバレットで攻める奥義,euc_jp
4912972,147531596,0,.rodata,18,19,1,True,T3,0,0,0,True,ライジングレイザー,euc_jp
4912992,147531616,0,.rodata,44,47,3,True,T3,0,0,0,True,ジャンプ後、斜め下の敵に向けて光弾を撃つ奥義,euc_jp
4913048,147531672,0,.rodata,42,43,1,True,T3,0,0,0,True,入魂の一撃を打ち込み、敵をダウンさせる秘技,euc_jp
4913108,147531732,0,.rodata,36,39,3,True,T3,0,0,0,True,拳撃を連続して飛ばし敵を攻撃する秘技,euc_jp
4913156,147531780,0,.rodata,30,31,1,True,T3,0,0,0,True,下段払いから回し蹴りへ続く特技,euc_jp
4913192,147531816,0,.rodata,44,47,3,True,T3,0,0,0,True,自らの闘気を爆発させ周囲の敵を吹き飛ばす奥義,euc_jp
4913252,147531876,0,.rodata,38,39,1,True,T3,0,0,0,True,対象となる味方一人のＨＰを大回復する術,euc_jp
4913324,147531948,0,.rodata,16,19,3,True,T3,0,0,0,True,コレールの熱視線,euc_jp
4913344,147531968,0,.rodata,18,19,1,True,T3,0,0,0,True,湾曲したデジャヴュ,euc_jp
4913364,147531988,0,.rodata,14,15,1,True,T3,0,0,0,True,死線上のミゼル,euc_jp
4913380,147532004,0,.rodata,16,19,3,True,T3,0,0,0,True,暴虐なるエンヴィ,euc_jp
4913400,147532024,0,.rodata,12,15,3,True,T3,0,0,0,True,石化のマリス,euc_jp
4913416,147532040,0,.rodata,8,11,3,True,T3,0,0,0,True,世界の掟,euc_jp
4913428,147532052,0,.rodata,18,19,1,True,T3,0,0,0,True,螺旋するメジャビュ,euc_jp
4913448,147532072,0,.rodata,18,19,1,True,T3,0,0,0,True,追従するランキュヌ,euc_jp
4913468,147532092,0,.rodata,18,19,1,True,T3,0,0,0,True,束縛のソリチュード,euc_jp
4913488,147532112,0,.rodata,14,15,1,True,T3,0,0,0,True,渇望のイデアル,euc_jp
4913504,147532128,0,.rodata,14,15,1,True,T3,0,0,0,True,再誕のピティエ,euc_jp
4913520,147532144,0,.rodata,16,19,3,True,T3,0,0,0,True,突き上げるエーヌ,euc_jp
4913540,147532164,0,.rodata,16,19,3,True,T3,0,0,0,True,世界創造のメルト,euc_jp
4913560,147532184,0,.rodata,42,43,1,True,T3,0,0,0,True,連続して回転蹴りを行い、剣で止めを刺す特技,euc_jp
4913604,147532228,0,.rodata,36,39,3,True,T3,0,0,0,True,銃剣で突進後、石つぶてで攻撃する奥義,euc_jp
4913644,147532268,0,.rodata,16,19,3,True,T3,0,0,0,True,アイストルネード,euc_jp
4913664,147532288,0,.rodata,20,23,3,True,T3,0,0,0,True,氷の嵐を発生させる術,euc_jp
4913688,147532312,0,.rodata,20,23,3,True,T3,0,0,0,True,イルミネイトレイザー,euc_jp
4913712,147532336,0,.rodata,34,35,1,True,T3,0,0,0,True,蹴りで打ち上げ、光弾で追撃する奥義,euc_jp
4913748,147532372,0,.rodata,48,51,3,True,T3,0,0,0,True,空中に飛び上がり、急降下によって敵を攻撃する特技,euc_jp
4913800,147532424,0,.rodata,34,35,1,True,T3,0,0,0,True,真空破を巻き起こし敵を薙ぎ倒す特技,euc_jp
4913836,147532460,0,.rodata,34,35,1,True,T3,0,0,0,True,真空破を巻き起こし敵を薙ぎ倒す秘技,euc_jp
4943392,147562016,0,.rodata,10,11,1,True,T3,0,0,0,True,称号未設定,euc_jp
4943404,147562028,0,.rodata,4,7,3,True,T3,0,0,0,True,なし,euc_jp
4943412,147562036,0,.rodata,16,19,3,True,T3,0,0,0,True,テレジアの救世主,euc_jp
4943432,147562056,0,.rodata,30,31,1,True,T3,0,0,0,True,異世界テレジアを救った者の称号,euc_jp
4943464,147562088,0,.rodata,43,43,0,True,T3,0,0,0,True,レディアント マイソロジーをプレイしている証,euc_jp
4943548,147562172,0,.rodata,16,19,3,True,T3,0,0,0,True,グラニデの救世主,euc_jp
4943568,147562192,0,.rodata,30,31,1,True,T3,0,0,0,True,異世界グラニデを救った者の称号,euc_jp
4943600,147562224,0,.rodata,44,47,3,True,T3,0,0,0,True,レディアント マイソロジー2をプレイしている証,euc_jp
4943692,147562316,0,.rodata,28,31,3,True,T3,0,0,0,True,この世界の掟に反する者の称号,euc_jp
4943724,147562348,0,.rodata,30,31,1,True,T3,0,0,0,True,データ改ざんを行った不名誉な証,euc_jp
4943756,147562380,0,.rodata,12,15,3,True,T3,0,0,0,True,称号効果なし,euc_jp
4943772,147562396,0,.rodata,12,15,3,True,T3,0,0,0,True,罪なる救世主,euc_jp
4943788,147562412,0,.rodata,28,31,3,True,T3,0,0,0,True,ウィダーシンに勝った者の称号,euc_jp
4943820,147562444,0,.rodata,26,27,1,True,T3,0,0,0,True,闘技場でウィダーシンを撃破,euc_jp
4943888,147562512,0,.rodata,12,15,3,True,T3,0,0,0,True,悲しき負の王,euc_jp
4943904,147562528,0,.rodata,22,23,1,True,T3,0,0,0,True,ゲーデに勝った者の称号,euc_jp
4943928,147562552,0,.rodata,20,23,3,True,T3,0,0,0,True,闘技場でゲーデを撃破,euc_jp
4943996,147562620,0,.rodata,16,19,3,True,T3,0,0,0,True,降りてきた冒険者,euc_jp
4944016,147562640,0,.rodata,16,19,3,True,T3,0,0,0,True,冒険初心者の称号,euc_jp
4944048,147562672,0,.rodata,10,11,1,True,T3,0,0,0,True,戦いの火蓋,euc_jp
4944060,147562684,0,.rodata,26,27,1,True,T3,0,0,0,True,戦いの勝利を知った者の称号,euc_jp
4944088,147562712,0,.rodata,24,27,3,True,T3,0,0,0,True,はじめての戦闘に勝利した,euc_jp
4944136,147562760,0,.rodata,18,19,1,True,T3,0,0,0,True,アドリビトムの一員,euc_jp
4944156,147562780,0,.rodata,34,35,1,True,T3,0,0,0,True,アドリビトムの正式なメンバーの称号,euc_jp
4944192,147562816,0,.rodata,28,31,3,True,T3,0,0,0,True,アドリビトムでの仕事を覚えた,euc_jp
4944224,147562848,0,.rodata,24,27,3,True,T3,0,0,0,True,クエスト報酬の獲得確率＋,euc_jp
4944252,147562876,0,.rodata,14,15,1,True,T3,0,0,0,True,サレのライバル,euc_jp
4944268,147562892,0,.rodata,30,31,1,True,T3,0,0,0,True,サレにライバル視された者の称号,euc_jp
4944300,147562924,0,.rodata,14,15,1,True,T3,0,0,0,True,サレを撃退した,euc_jp
4944336,147562960,0,.rodata,14,15,1,True,T3,0,0,0,True,ジョアンの恩人,euc_jp
4944352,147562976,0,.rodata,30,31,1,True,T3,0,0,0,True,ジョアンの恩人になった者の称号,euc_jp
4944384,147563008,0,.rodata,30,31,1,True,T3,0,0,0,True,ジョアンの病気を治してあげた？,euc_jp
4944416,147563040,0,.rodata,22,23,1,True,T3,0,0,0,True,敵撃破時にＨＰ２％回復,euc_jp
4944440,147563064,0,.rodata,20,23,3,True,T3,0,0,0,True,救世主に楯突くモノ？,euc_jp
4944464,147563088,0,.rodata,34,35,1,True,T3,0,0,0,True,暁の従者から敵と認定された者の称号,euc_jp
4944500,147563124,0,.rodata,32,35,3,True,T3,0,0,0,True,ディセンダーにとって邪魔な存在？,euc_jp
4944536,147563160,0,.rodata,24,27,3,True,T3,0,0,0,True,敵からのターゲット頻度＋,euc_jp
4944564,147563188,0,.rodata,20,23,3,True,T3,0,0,0,True,本物のディセンダー！,euc_jp
4944588,147563212,0,.rodata,24,27,3,True,T3,0,0,0,True,自由の灯火となる者の称号,euc_jp
4944616,147563240,0,.rodata,28,31,3,True,T3,0,0,0,True,精霊、セルシウスのお墨付き！,euc_jp
4944648,147563272,0,.rodata,24,27,3,True,T3,0,0,0,True,敵からのターゲット頻度−,euc_jp
4944676,147563300,0,.rodata,20,23,3,True,T3,0,0,0,True,バルバトスのライバル,euc_jp
4944700,147563324,0,.rodata,36,39,3,True,T3,0,0,0,True,バルバトスにライバル視された者の称号,euc_jp
4944740,147563364,0,.rodata,28,31,3,True,T3,0,0,0,True,バルバトスに因縁を付けられた,euc_jp
4944772,147563396,0,.rodata,38,39,1,True,T3,0,0,0,True,モンスターシンボルに、襲われやすくなる,euc_jp
4944812,147563436,0,.rodata,8,11,3,True,T3,0,0,0,True,化石泥棒,euc_jp
4944824,147563448,0,.rodata,30,31,1,True,T3,0,0,0,True,世界文化遺産で盗掘した者の称号,euc_jp
4944856,147563480,0,.rodata,24,27,3,True,T3,0,0,0,True,これでルーティの仲間入り,euc_jp
4944884,147563508,0,.rodata,24,27,3,True,T3,0,0,0,True,敵からのアイテム獲得＋２,euc_jp
4944912,147563536,0,.rodata,12,15,3,True,T3,0,0,0,True,サレバトラー,euc_jp
4944928,147563552,0,.rodata,28,31,3,True,T3,0,0,0,True,サレに深手を負わせた者の称号,euc_jp
4944960,147563584,0,.rodata,22,23,1,True,T3,0,0,0,True,サレをコテンパンにした,euc_jp
4945000,147563624,0,.rodata,16,19,3,True,T3,0,0,0,True,創世の時を見た者,euc_jp
4945020,147563644,0,.rodata,26,27,1,True,T3,0,0,0,True,創世の時を垣間見た者の称号,euc_jp
4945048,147563672,0,.rodata,36,39,3,True,T3,0,0,0,True,根源の世界樹の声を聞き、始まりを知る,euc_jp
4945088,147563712,0,.rodata,26,27,1,True,T3,0,0,0,True,獲得グレードポイント＋４％,euc_jp
4945128,147563752,0,.rodata,32,35,3,True,T3,0,0,0,True,新たなる創造を心に決めた者の称号,euc_jp
4945164,147563788,0,.rodata,36,39,3,True,T3,0,0,0,True,世界を救うため、最後の戦いを決意する,euc_jp
4945204,147563828,0,.rodata,16,19,3,True,T3,0,0,0,True,仰け反り耐性＋１,euc_jp
4945224,147563848,0,.rodata,18,19,1,True,T3,0,0,0,True,ルミナシアの救世主,euc_jp
4945244,147563868,0,.rodata,30,31,1,True,T3,0,0,0,True,ルミナシアを新生させた者の称号,euc_jp
4945276,147563900,0,.rodata,22,23,1,True,T3,0,0,0,True,ゲームをクリアをした証,euc_jp
4945320,147563944,0,.rodata,18,19,1,True,T3,0,0,0,True,カノンノコレクター,euc_jp
4945340,147563964,0,.rodata,34,35,1,True,T3,0,0,0,True,三人のカノンノとの絆を持つ者の称号,euc_jp
4945376,147564000,0,.rodata,24,27,3,True,T3,0,0,0,True,カノンノを三人揃えた！？,euc_jp
4945404,147564028,0,.rodata,46,47,1,True,T3,0,0,0,True,スキルスロット増＋２　敵からのアイテム獲得＋２,euc_jp
4945452,147564076,0,.rodata,14,15,1,True,T3,0,0,0,True,クラスマスター,euc_jp
4945468,147564092,0,.rodata,30,31,1,True,T3,0,0,0,True,ひとつのクラスを極めた者の称号,euc_jp
4945500,147564124,0,.rodata,35,35,0,True,T3,0,0,0,True,いずれかの職業のレベルが250となった,euc_jp
4945592,147564216,0,.rodata,20,23,3,True,T3,0,0,0,True,オールクラスマスター,euc_jp
4945616,147564240,0,.rodata,28,31,3,True,T3,0,0,0,True,全てのクラスを極めた者の称号,euc_jp
4945648,147564272,0,.rodata,31,31,0,True,T3,0,0,0,True,全ての職業のレベルが250になった,euc_jp
4945736,147564360,0,.rodata,18,19,1,True,T3,0,0,0,True,トレジャーハンター,euc_jp
4945756,147564380,0,.rodata,34,35,1,True,T3,0,0,0,True,世の全ての緑宝箱の中を見た者の称号,euc_jp
4945792,147564416,0,.rodata,20,23,3,True,T3,0,0,0,True,全ての緑宝箱を開けた,euc_jp
4945816,147564440,0,.rodata,50,51,1,True,T3,0,0,0,True,採取効果＋２　採掘効果＋２　宝箱ドロップ効果＋１０,euc_jp
4945868,147564492,0,.rodata,18,19,1,True,T3,0,0,0,True,レコードコレクター,euc_jp
4945888,147564512,0,.rodata,22,23,1,True,T3,0,0,0,True,音楽に精通する者の称号,euc_jp
4945912,147564536,0,.rodata,20,23,3,True,T3,0,0,0,True,全ての楽曲を入手した,euc_jp
4945936,147564560,0,.rodata,36,39,3,True,T3,0,0,0,True,逃走時間−３０％　バックアタック防止,euc_jp
4945976,147564600,0,.rodata,14,15,1,True,T3,0,0,0,True,モンスター助手,euc_jp
4945992,147564616,0,.rodata,22,23,1,True,T3,0,0,0,True,魔物を調査する者の称号,euc_jp
4946016,147564640,0,.rodata,26,27,1,True,T3,0,0,0,True,全てのモンスターを調査した,euc_jp
4946044,147564668,0,.rodata,54,55,1,True,T3,0,0,0,True,モンスターシンボル速度＋　出現頻度＋　襲われやすくなる,euc_jp
4946100,147564724,0,.rodata,14,15,1,True,T3,0,0,0,True,モンスター博士,euc_jp
4946116,147564740,0,.rodata,26,27,1,True,T3,0,0,0,True,魔物を知り尽くした者の称号,euc_jp
4946144,147564768,0,.rodata,34,35,1,True,T3,0,0,0,True,モンスター図鑑の90％以上が判明した,euc_jp
4946180,147564804,0,.rodata,54,55,1,True,T3,0,0,0,True,モンスターシンボル速度−　出現頻度−　襲われにくくなる,euc_jp
4946236,147564860,0,.rodata,10,11,1,True,T3,0,0,0,True,装備マニア,euc_jp
4946248,147564872,0,.rodata,28,31,3,True,T3,0,0,0,True,装備品を知り尽くした者の称号,euc_jp
4946280,147564904,0,.rodata,28,31,3,True,T3,0,0,0,True,装備図鑑の90％以上が判明した,euc_jp
4946312,147564936,0,.rodata,16,19,3,True,T3,0,0,0,True,レア獲得増＋２０,euc_jp
4946332,147564956,0,.rodata,14,15,1,True,T3,0,0,0,True,クエストの達人,euc_jp
4946348,147564972,0,.rodata,32,35,3,True,T3,0,0,0,True,クエストを数多く達成した者の称号,euc_jp
4946384,147565008,0,.rodata,33,35,2,True,T3,0,0,0,True,クエスト達成数の累計が200を超えた,euc_jp
4946420,147565044,0,.rodata,26,27,1,True,T3,0,0,0,True,クエスト報酬の獲得確率＋＋,euc_jp
4946448,147565072,0,.rodata,12,15,3,True,T3,0,0,0,True,ストライダー,euc_jp
4946464,147565088,0,.rodata,20,23,3,True,T3,0,0,0,True,敵を瞬殺する者の称号,euc_jp
4946488,147565112,0,.rodata,19,19,0,True,T3,0,0,0,True,5秒以内に戦闘に勝利,euc_jp
4946528,147565152,0,.rodata,12,15,3,True,T3,0,0,0,True,コンボ初級者,euc_jp
4946544,147565168,0,.rodata,18,19,1,True,T3,0,0,0,True,コンボ初級者の称号,euc_jp
4946564,147565188,0,.rodata,26,27,1,True,T3,0,0,0,True,30コンボ以上のコンボを達成,euc_jp
4946592,147565216,0,.rodata,14,15,1,True,T3,0,0,0,True,ガード強化＋４,euc_jp
4946608,147565232,0,.rodata,12,15,3,True,T3,0,0,0,True,コンボ中級者,euc_jp
4946624,147565248,0,.rodata,18,19,1,True,T3,0,0,0,True,コンボ中級者の称号,euc_jp
4946644,147565268,0,.rodata,27,27,0,True,T3,0,0,0,True,100コンボ以上のコンボを達成,euc_jp
4946672,147565296,0,.rodata,32,35,3,True,T3,0,0,0,True,基礎敏捷値＋４０　ガード強化＋２,euc_jp
4946708,147565332,0,.rodata,14,15,1,True,T3,0,0,0,True,コンボマスター,euc_jp
4946724,147565348,0,.rodata,22,23,1,True,T3,0,0,0,True,コンボを極めた者の称号,euc_jp
4946748,147565372,0,.rodata,15,15,0,True,T3,0,0,0,True,999コンボを達成,euc_jp
4946764,147565388,0,.rodata,34,35,1,True,T3,0,0,0,True,最大ＨＰ−４０％　仰け反り耐性＋２,euc_jp
4946800,147565424,0,.rodata,14,15,1,True,T3,0,0,0,True,アーツマスター,euc_jp
4946816,147565440,0,.rodata,28,31,3,True,T3,0,0,0,True,技を鬼の様に使用した者の称号,euc_jp
4946848,147565472,0,.rodata,29,31,2,True,T3,0,0,0,True,特定の技の使用回数が999を突破,euc_jp
4946928,147565552,0,.rodata,14,15,1,True,T3,0,0,0,True,スペルマスター,euc_jp
4946944,147565568,0,.rodata,28,31,3,True,T3,0,0,0,True,術を鬼の様に使用した者の称号,euc_jp
4946976,147565600,0,.rodata,29,31,2,True,T3,0,0,0,True,特定の術の使用回数が999を突破,euc_jp
4947056,147565680,0,.rodata,16,19,3,True,T3,0,0,0,True,ピコハンマスター,euc_jp
4947076,147565700,0,.rodata,34,35,1,True,T3,0,0,0,True,ピコハンを鬼の様に使用した者の称号,euc_jp
4947112,147565736,0,.rodata,37,39,2,True,T3,0,0,0,True,僧侶でピコハンの使用回数が999回を突破,euc_jp
4947152,147565776,0,.rodata,36,39,3,True,T3,0,0,0,True,敵撃破時にＨＰ３％回復　ＴＰ３％回復,euc_jp
4947192,147565816,0,.rodata,22,23,1,True,T3,0,0,0,True,ハンドレッドスレイヤー,euc_jp
4947216,147565840,0,.rodata,28,31,3,True,T3,0,0,0,True,魔物１００体斬り達成者の称号,euc_jp
4947248,147565872,0,.rodata,29,31,2,True,T3,0,0,0,True,モンスター総討伐数が100を突破,euc_jp
4947280,147565904,0,.rodata,20,23,3,True,T3,0,0,0,True,サウザンドスレイヤー,euc_jp
4947304,147565928,0,.rodata,30,31,1,True,T3,0,0,0,True,魔物１０００体斬り達成者の称号,euc_jp
4947336,147565960,0,.rodata,30,31,1,True,T3,0,0,0,True,モンスター総討伐数が1000を突破,euc_jp
4947368,147565992,0,.rodata,46,47,1,True,T3,0,0,0,True,敵からのターゲット頻度＋　基礎術防御力＋２０％,euc_jp
4947416,147566040,0,.rodata,18,19,1,True,T3,0,0,0,True,ミリオンスレイヤー,euc_jp
4947436,147566060,0,.rodata,32,35,3,True,T3,0,0,0,True,魔物１００００体斬り達成者の称号,euc_jp
4947472,147566096,0,.rodata,31,31,0,True,T3,0,0,0,True,モンスター総討伐数が10000を突破,euc_jp
4947504,147566128,0,.rodata,44,47,3,True,T3,0,0,0,True,敵からのターゲット頻度＋＋　仰け反り耐性＋２,euc_jp
4947564,147566188,0,.rodata,24,27,3,True,T3,0,0,0,True,泥棒に手を染めた者の称号,euc_jp
4947592,147566216,0,.rodata,32,35,3,True,T3,0,0,0,True,ローバーアイテムに初めて成功した,euc_jp
4947628,147566252,0,.rodata,6,7,1,True,T3,0,0,0,True,大泥棒,euc_jp
4947636,147566260,0,.rodata,18,19,1,True,T3,0,0,0,True,一人前の泥棒の称号,euc_jp
4947656,147566280,0,.rodata,31,31,0,True,T3,0,0,0,True,ローバーアイテムを100回成功した,euc_jp
4947688,147566312,0,.rodata,26,27,1,True,T3,0,0,0,True,敵からのアイテム獲得＋１０,euc_jp
4947716,147566340,0,.rodata,12,15,3,True,T3,0,0,0,True,天下の大泥棒,euc_jp
4947732,147566356,0,.rodata,30,31,1,True,T3,0,0,0,True,盗めぬ物は無いとされる者の称号,euc_jp
4947764,147566388,0,.rodata,31,31,0,True,T3,0,0,0,True,ローバーアイテムを300回成功した,euc_jp
4947796,147566420,0,.rodata,52,55,3,True,T3,0,0,0,True,敵からのアイテム獲得＋１０　敵からのターゲット頻度−,euc_jp
4947852,147566476,0,.rodata,16,19,3,True,T3,0,0,0,True,ダンジョン探検家,euc_jp
4947872,147566496,0,.rodata,24,27,3,True,T3,0,0,0,True,世界の秘境を巡る者の称号,euc_jp
4947900,147566524,0,.rodata,30,31,1,True,T3,0,0,0,True,ダンジョン踏破率が30％を越えた,euc_jp
4947960,147566584,0,.rodata,16,19,3,True,T3,0,0,0,True,ダンジョン冒険者,euc_jp
4947980,147566604,0,.rodata,28,31,3,True,T3,0,0,0,True,世界の秘境を冒険する者の称号,euc_jp
4948012,147566636,0,.rodata,30,31,1,True,T3,0,0,0,True,ダンジョン踏破率が60％を越えた,euc_jp
4948044,147566668,0,.rodata,44,47,3,True,T3,0,0,0,True,バックアタック防止　モンスターシンボル速度−,euc_jp
4948100,147566724,0,.rodata,32,35,3,True,T3,0,0,0,True,世界の秘境を知り尽くした者の称号,euc_jp
4948136,147566760,0,.rodata,30,31,1,True,T3,0,0,0,True,ダンジョン踏破率が90％を越えた,euc_jp
4948168,147566792,0,.rodata,38,39,1,True,T3,0,0,0,True,レア獲得増＋５　宝箱ドロップ効果＋１０,euc_jp
4948208,147566832,0,.rodata,16,19,3,True,T3,0,0,0,True,オタオタハンター,euc_jp
4948228,147566852,0,.rodata,26,27,1,True,T3,0,0,0,True,オタオタをいじめる者の称号,euc_jp
4948256,147566880,0,.rodata,26,27,1,True,T3,0,0,0,True,オタオタの討伐数が10を突破,euc_jp
4948284,147566908,0,.rodata,14,15,1,True,T3,0,0,0,True,弱きをくじく者,euc_jp
4948300,147566924,0,.rodata,28,31,3,True,T3,0,0,0,True,オタオタに恐れられる者の称号,euc_jp
4948332,147566956,0,.rodata,27,27,0,True,T3,0,0,0,True,オタオタの討伐数が100を突破,euc_jp
4948360,147566984,0,.rodata,26,27,1,True,T3,0,0,0,True,敵からのターゲット頻度＋＋,euc_jp
4948388,147567012,0,.rodata,14,15,1,True,T3,0,0,0,True,みんなと仲良し,euc_jp
4948404,147567028,0,.rodata,30,31,1,True,T3,0,0,0,True,仲間達との戦歴を歩んだ者の称号,euc_jp
4948436,147567060,0,.rodata,40,43,3,True,T3,0,0,0,True,全てのＴＯキャラの戦闘回数が50回を越えた,euc_jp
4948480,147567104,0,.rodata,42,43,1,True,T3,0,0,0,True,敵からのターゲット頻度−　最大ＴＰ−２０％,euc_jp
4948524,147567148,0,.rodata,8,11,3,True,T3,0,0,0,True,永遠の絆,euc_jp
4948536,147567160,0,.rodata,32,35,3,True,T3,0,0,0,True,かけがえのない戦友を得た者の称号,euc_jp
4948572,147567196,0,.rodata,42,43,1,True,T3,0,0,0,True,特定のＴＯキャラの戦闘回数が1000回を越えた,euc_jp
4948616,147567240,0,.rodata,45,47,2,True,T3,0,0,0,True,敵からのターゲット頻度− −　最大ＨＰ−２０％,euc_jp
4948664,147567288,0,.rodata,8,11,3,True,T3,0,0,0,True,大金持ち,euc_jp
4948676,147567300,0,.rodata,32,35,3,True,T3,0,0,0,True,お金に不自由がなさそうな者の称号,euc_jp
4948712,147567336,0,.rodata,25,27,2,True,T3,0,0,0,True,所持金が100万ガルドを突破,euc_jp
4948740,147567364,0,.rodata,18,19,1,True,T3,0,0,0,True,獲得ガルド＋２０％,euc_jp
4948768,147567392,0,.rodata,36,39,3,True,T3,0,0,0,True,使い切れぬほどの富を手にした者の称号,euc_jp
4948808,147567432,0,.rodata,26,27,1,True,T3,0,0,0,True,所持金が1000万ガルドを突破,euc_jp
4948836,147567460,0,.rodata,18,19,1,True,T3,0,0,0,True,獲得ガルド＋６０％,euc_jp
4948856,147567480,0,.rodata,8,11,3,True,T3,0,0,0,True,グミ好き,euc_jp
4948868,147567492,0,.rodata,30,31,1,True,T3,0,0,0,True,グミのレシピに精通する者の称号,euc_jp
4948900,147567524,0,.rodata,22,23,1,True,T3,0,0,0,True,全てのグミレシピを入手,euc_jp
4948924,147567548,0,.rodata,38,39,1,True,T3,0,0,0,True,最大ＨＰ＋４％　敵撃破時にＨＰ２％回復,euc_jp
4948964,147567588,0,.rodata,10,11,1,True,T3,0,0,0,True,ボトル好き,euc_jp
4948976,147567600,0,.rodata,32,35,3,True,T3,0,0,0,True,ボトルのレシピに精通する者の称号,euc_jp
4949012,147567636,0,.rodata,24,27,3,True,T3,0,0,0,True,全てのボトルレシピを入手,euc_jp
4949040,147567664,0,.rodata,38,39,1,True,T3,0,0,0,True,最大ＴＰ＋４％　敵撃破時にＴＰ２％回復,euc_jp
4949080,147567704,0,.rodata,8,11,3,True,T3,0,0,0,True,料理好き,euc_jp
4949092,147567716,0,.rodata,30,31,1,True,T3,0,0,0,True,料理のレシピに精通する者の称号,euc_jp
4949124,147567748,0,.rodata,22,23,1,True,T3,0,0,0,True,全ての料理レシピを入手,euc_jp
4949148,147567772,0,.rodata,40,43,3,True,T3,0,0,0,True,ＴＰ消費量−６％　敵撃破時にＴＰ２％回復,euc_jp
4949192,147567816,0,.rodata,10,11,1,True,T3,0,0,0,True,食の探求者,euc_jp
4949204,147567828,0,.rodata,28,31,3,True,T3,0,0,0,True,あらゆる料理に挑んだ者の称号,euc_jp
4949236,147567860,0,.rodata,18,19,1,True,T3,0,0,0,True,全ての料理を行った,euc_jp
4949256,147567880,0,.rodata,46,47,1,True,T3,0,0,0,True,リザルトＴＰ回復＋６％　敵撃破時にＨＰ２％回復,euc_jp
4949316,147567940,0,.rodata,26,27,1,True,T3,0,0,0,True,強化素材に精通した者の称号,euc_jp
4949344,147567968,0,.rodata,26,27,1,True,T3,0,0,0,True,全ての強化素材を試してみた,euc_jp
4949372,147567996,0,.rodata,48,51,3,True,T3,0,0,0,True,敵からのアイテム獲得＋２　宝箱ドロップ効果＋１０,euc_jp
4949436,147568060,0,.rodata,22,23,1,True,T3,0,0,0,True,採取に熟知した者の称号,euc_jp
4949460,147568084,0,.rodata,17,19,2,True,T3,0,0,0,True,採取を300回行った,euc_jp
4949508,147568132,0,.rodata,22,23,1,True,T3,0,0,0,True,採掘に熟知した者の称号,euc_jp
4949532,147568156,0,.rodata,17,19,2,True,T3,0,0,0,True,採掘を300回行った,euc_jp
4949568,147568192,0,.rodata,16,19,3,True,T3,0,0,0,True,鍛冶屋の常連さん,euc_jp
4949588,147568212,0,.rodata,32,35,3,True,T3,0,0,0,True,鍛冶屋の馴染み客に与えられる称号,euc_jp
4949624,147568248,0,.rodata,21,23,2,True,T3,0,0,0,True,鍛冶屋を100回利用した,euc_jp
4949648,147568272,0,.rodata,38,39,1,True,T3,0,0,0,True,レア獲得増＋５　スキルスロット増＋１０,euc_jp
4949688,147568312,0,.rodata,12,15,3,True,T3,0,0,0,True,おしゃれさん,euc_jp
4949704,147568328,0,.rodata,22,23,1,True,T3,0,0,0,True,整形を追求する者の称号,euc_jp
4949728,147568352,0,.rodata,28,31,3,True,T3,0,0,0,True,キャラリメイクを10回利用した,euc_jp
4949760,147568384,0,.rodata,46,47,1,True,T3,0,0,0,True,バックアタック防止　モンスターシンボル速度＋＋,euc_jp
4949816,147568440,0,.rodata,34,35,1,True,T3,0,0,0,True,自分の生きる道を探し求める者の称号,euc_jp
4949852,147568476,0,.rodata,12,15,3,True,T3,0,0,0,True,転職を行った,euc_jp
4949876,147568500,0,.rodata,30,31,1,True,T3,0,0,0,True,あらゆる職への道を得た者の称号,euc_jp
4949908,147568532,0,.rodata,28,31,3,True,T3,0,0,0,True,全ての職業に転職可能となった,euc_jp
4949940,147568564,0,.rodata,44,47,3,True,T3,0,0,0,True,モンスターシンボルに、非常に襲われやすくなる,euc_jp
4949988,147568612,0,.rodata,12,15,3,True,T3,0,0,0,True,孤独な冒険者,euc_jp
4950004,147568628,0,.rodata,28,31,3,True,T3,0,0,0,True,己の力のみで戦う者が持つ称号,euc_jp
4950036,147568660,0,.rodata,39,39,0,True,T3,0,0,0,True,プレイヤーキャラのみで戦闘を100回行った,euc_jp
4950076,147568700,0,.rodata,44,47,3,True,T3,0,0,0,True,スキルスロット増＋２　宝箱ドロップ効果＋１０,euc_jp
4950124,147568748,0,.rodata,6,7,1,True,T3,0,0,0,True,好敵手,euc_jp
4950132,147568756,0,.rodata,30,31,1,True,T3,0,0,0,True,よきマッチメイトを得た者の称号,euc_jp
4950164,147568788,0,.rodata,42,43,1,True,T3,0,0,0,True,テイルズキャラとの対決クエストをクリアした,euc_jp
4950208,147568832,0,.rodata,40,43,3,True,T3,0,0,0,True,獲得ガルド＋５％　宝箱ドロップ効果＋１０,euc_jp
4950252,147568876,0,.rodata,14,15,1,True,T3,0,0,0,True,がっかり冒険者,euc_jp
4950268,147568892,0,.rodata,32,35,3,True,T3,0,0,0,True,敗北数が多い者が得る不名誉な称号,euc_jp
4950304,147568928,0,.rodata,22,23,1,True,T3,0,0,0,True,全滅回数が10回となった,euc_jp
4950328,147568952,0,.rodata,28,31,3,True,T3,0,0,0,True,モンスターシンボル出現頻度＋,euc_jp
4950360,147568984,0,.rodata,14,15,1,True,T3,0,0,0,True,へっぽこ冒険者,euc_jp
4950376,147569000,0,.rodata,32,35,3,True,T3,0,0,0,True,中途半端な仕事をする者が得る称号,euc_jp
4950412,147569036,0,.rodata,22,23,1,True,T3,0,0,0,True,クエストの破棄を行った,euc_jp
4950436,147569060,0,.rodata,12,15,3,True,T3,0,0,0,True,チキン冒険者,euc_jp
4950452,147569076,0,.rodata,28,31,3,True,T3,0,0,0,True,敵前逃亡を重ねた者が得る称号,euc_jp
4950484,147569108,0,.rodata,20,23,3,True,T3,0,0,0,True,逃走回数が10回を突破,euc_jp
4950528,147569152,0,.rodata,12,15,3,True,T3,0,0,0,True,カエル冒険者,euc_jp
4950544,147569168,0,.rodata,26,27,1,True,T3,0,0,0,True,寄り道をしない者が得る称号,euc_jp
4950572,147569196,0,.rodata,20,23,3,True,T3,0,0,0,True,パッと戻るを50回使用,euc_jp
4950596,147569220,0,.rodata,26,27,1,True,T3,0,0,0,True,モンスターシンボル速度＋＋,euc_jp
4950624,147569248,0,.rodata,10,11,1,True,T3,0,0,0,True,備えの達人,euc_jp
4950636,147569260,0,.rodata,28,31,3,True,T3,0,0,0,True,勉強熱心な者に与えられる称号,euc_jp
4950668,147569292,0,.rodata,18,19,1,True,T3,0,0,0,True,ガイドブックを読破,euc_jp
4950688,147569312,0,.rodata,10,11,1,True,T3,0,0,0,True,輝ける光器,euc_jp
4950700,147569324,0,.rodata,34,35,1,True,T3,0,0,0,True,レディアントを手にした者が得る称号,euc_jp
4950736,147569360,0,.rodata,26,27,1,True,T3,0,0,0,True,レディアント装備を入手した,euc_jp
4950764,147569388,0,.rodata,12,15,3,True,T3,0,0,0,True,マスター戦士,euc_jp
4950780,147569404,0,.rodata,24,27,3,True,T3,0,0,0,True,戦士の光器を得た者の称号,euc_jp
4950808,147569432,0,.rodata,26,27,1,True,T3,0,0,0,True,戦士レディアントを入手した,euc_jp
4950880,147569504,0,.rodata,12,15,3,True,T3,0,0,0,True,マスター剣士,euc_jp
4950896,147569520,0,.rodata,24,27,3,True,T3,0,0,0,True,剣士の光器を得た者の称号,euc_jp
4950924,147569548,0,.rodata,26,27,1,True,T3,0,0,0,True,剣士レディアントを入手した,euc_jp
4951000,147569624,0,.rodata,14,15,1,True,T3,0,0,0,True,マスター大剣士,euc_jp
4951016,147569640,0,.rodata,26,27,1,True,T3,0,0,0,True,大剣士の光器を得た者の称号,euc_jp
4951044,147569668,0,.rodata,28,31,3,True,T3,0,0,0,True,大剣士レディアントを入手した,euc_jp
4951136,147569760,0,.rodata,14,15,1,True,T3,0,0,0,True,マスター聖騎士,euc_jp
4951152,147569776,0,.rodata,26,27,1,True,T3,0,0,0,True,聖騎士の光器を得た者の称号,euc_jp
4951180,147569804,0,.rodata,28,31,3,True,T3,0,0,0,True,聖騎士レディアントを入手した,euc_jp
4951212,147569836,0,.rodata,48,51,3,True,T3,0,0,0,True,基礎物理防御力＋２０％　敵からのターゲット頻度＋,euc_jp
4951264,147569888,0,.rodata,14,15,1,True,T3,0,0,0,True,マスター格闘家,euc_jp
4951280,147569904,0,.rodata,26,27,1,True,T3,0,0,0,True,格闘家の光器を得た者の称号,euc_jp
4951308,147569932,0,.rodata,28,31,3,True,T3,0,0,0,True,格闘家レディアントを入手した,euc_jp
4951340,147569964,0,.rodata,24,27,3,True,T3,0,0,0,True,リザルトＴＰ回復＋２０％,euc_jp
4951368,147569992,0,.rodata,12,15,3,True,T3,0,0,0,True,マスター僧侶,euc_jp
4951384,147570008,0,.rodata,24,27,3,True,T3,0,0,0,True,僧侶の光器を得た者の称号,euc_jp
4951412,147570036,0,.rodata,26,27,1,True,T3,0,0,0,True,僧侶レディアントを入手した,euc_jp
4951480,147570104,0,.rodata,14,15,1,True,T3,0,0,0,True,マスターモンク,euc_jp
4951496,147570120,0,.rodata,26,27,1,True,T3,0,0,0,True,モンクの光器を得た者の称号,euc_jp
4951524,147570148,0,.rodata,28,31,3,True,T3,0,0,0,True,モンクレディアントを入手した,euc_jp
4951556,147570180,0,.rodata,38,39,1,True,T3,0,0,0,True,基礎物理防御力＋２０％　ガード強化＋４,euc_jp
4951596,147570220,0,.rodata,12,15,3,True,T3,0,0,0,True,マスター海賊,euc_jp
4951612,147570236,0,.rodata,24,27,3,True,T3,0,0,0,True,海賊の光器を得た者の称号,euc_jp
4951640,147570264,0,.rodata,26,27,1,True,T3,0,0,0,True,海賊レディアントを入手した,euc_jp
4951668,147570292,0,.rodata,48,51,3,True,T3,0,0,0,True,リザルトＴＰ回復＋１０％　敵撃破時にＴＰ３％回復,euc_jp
4951720,147570344,0,.rodata,12,15,3,True,T3,0,0,0,True,マスター盗賊,euc_jp
4951736,147570360,0,.rodata,24,27,3,True,T3,0,0,0,True,盗賊の光器を得た者の称号,euc_jp
4951764,147570388,0,.rodata,26,27,1,True,T3,0,0,0,True,盗賊レディアントを入手した,euc_jp
4951836,147570460,0,.rodata,12,15,3,True,T3,0,0,0,True,マスター狩人,euc_jp
4951852,147570476,0,.rodata,24,27,3,True,T3,0,0,0,True,狩人の光器を得た者の称号,euc_jp
4951880,147570504,0,.rodata,26,27,1,True,T3,0,0,0,True,狩人レディアントを入手した,euc_jp
4951908,147570532,0,.rodata,44,47,3,True,T3,0,0,0,True,基礎敏捷値＋２００　敵からのターゲット頻度−,euc_jp
4951956,147570580,0,.rodata,14,15,1,True,T3,0,0,0,True,マスター魔術師,euc_jp
4951972,147570596,0,.rodata,26,27,1,True,T3,0,0,0,True,魔術師の光器を得た者の称号,euc_jp
4952000,147570624,0,.rodata,28,31,3,True,T3,0,0,0,True,魔術師レディアントを入手した,euc_jp
4952080,147570704,0,.rodata,18,19,1,True,T3,0,0,0,True,マスタービショップ,euc_jp
4952100,147570724,0,.rodata,30,31,1,True,T3,0,0,0,True,ビショップの光器を得た者の称号,euc_jp
4952132,147570756,0,.rodata,32,35,3,True,T3,0,0,0,True,ビショップレディアントを入手した,euc_jp
4952208,147570832,0,.rodata,12,15,3,True,T3,0,0,0,True,マスター忍者,euc_jp
4952224,147570848,0,.rodata,24,27,3,True,T3,0,0,0,True,忍者の光器を得た者の称号,euc_jp
4952252,147570876,0,.rodata,26,27,1,True,T3,0,0,0,True,忍者レディアントを入手した,euc_jp
4952280,147570904,0,.rodata,51,51,0,True,T3,0,0,0,True,基礎物理防御力−４０％　敵からのターゲット頻度− −,euc_jp
4952332,147570956,0,.rodata,16,19,3,True,T3,0,0,0,True,マスターガンマン,euc_jp
4952352,147570976,0,.rodata,28,31,3,True,T3,0,0,0,True,ガンマンの光器を得た者の称号,euc_jp
4952384,147571008,0,.rodata,30,31,1,True,T3,0,0,0,True,ガンマンレディアントを入手した,euc_jp
4952416,147571040,0,.rodata,49,51,2,True,T3,0,0,0,True,基礎術防御力−４０％　敵からのターゲット頻度− −,euc_jp
4952468,147571092,0,.rodata,16,19,3,True,T3,0,0,0,True,マスター魔法剣士,euc_jp
4952488,147571112,0,.rodata,28,31,3,True,T3,0,0,0,True,魔法剣士の光器を得た者の称号,euc_jp
4952520,147571144,0,.rodata,30,31,1,True,T3,0,0,0,True,魔法剣士レディアントを入手した,euc_jp
4952592,147571216,0,.rodata,14,15,1,True,T3,0,0,0,True,マスター双剣士,euc_jp
4952608,147571232,0,.rodata,26,27,1,True,T3,0,0,0,True,双剣士の光器を得た者の称号,euc_jp
4952636,147571260,0,.rodata,28,31,3,True,T3,0,0,0,True,双剣士レディアントを入手した,euc_jp
4952668,147571292,0,.rodata,34,35,1,True,T3,0,0,0,True,最大ＨＰ−２０％　仰け反り耐性＋１,euc_jp
4952704,147571328,0,.rodata,14,15,1,True,T3,0,0,0,True,ルミナシア分隊,euc_jp
4952720,147571344,0,.rodata,32,35,3,True,T3,0,0,0,True,知名度レベル１のギルドが得る称号,euc_jp
4952756,147571380,0,.rodata,38,39,1,True,T3,0,0,0,True,全メンバーの合計レベルが３００を超えた,euc_jp
4952812,147571436,0,.rodata,14,15,1,True,T3,0,0,0,True,ルミナシア小隊,euc_jp
4952828,147571452,0,.rodata,32,35,3,True,T3,0,0,0,True,知名度レベル２のギルドが得る称号,euc_jp
4952864,147571488,0,.rodata,38,39,1,True,T3,0,0,0,True,全メンバーの合計レベルが４５０を超えた,euc_jp
4952920,147571544,0,.rodata,14,15,1,True,T3,0,0,0,True,ルミナシア中隊,euc_jp
4952936,147571560,0,.rodata,32,35,3,True,T3,0,0,0,True,知名度レベル３のギルドが得る称号,euc_jp
4952972,147571596,0,.rodata,38,39,1,True,T3,0,0,0,True,全メンバーの合計レベルが７００を超えた,euc_jp
4953032,147571656,0,.rodata,14,15,1,True,T3,0,0,0,True,ルミナシア大隊,euc_jp
4953048,147571672,0,.rodata,32,35,3,True,T3,0,0,0,True,知名度レベル４のギルドが得る称号,euc_jp
4953084,147571708,0,.rodata,40,43,3,True,T3,0,0,0,True,全メンバーの合計レベルが１０００を超えた,euc_jp
4953172,147571796,0,.rodata,14,15,1,True,T3,0,0,0,True,ルミナシア連隊,euc_jp
4953188,147571812,0,.rodata,32,35,3,True,T3,0,0,0,True,知名度レベル５のギルドが得る称号,euc_jp
4953224,147571848,0,.rodata,40,43,3,True,T3,0,0,0,True,全メンバーの合計レベルが１４００を超えた,euc_jp
4953312,147571936,0,.rodata,14,15,1,True,T3,0,0,0,True,ルミナシア旅団,euc_jp
4953328,147571952,0,.rodata,32,35,3,True,T3,0,0,0,True,知名度レベル６のギルドが得る称号,euc_jp
4953364,147571988,0,.rodata,40,43,3,True,T3,0,0,0,True,全メンバーの合計レベルが２０００を超えた,euc_jp
4953456,147572080,0,.rodata,14,15,1,True,T3,0,0,0,True,ルミナシア師団,euc_jp
4953472,147572096,0,.rodata,32,35,3,True,T3,0,0,0,True,知名度レベル７のギルドが得る称号,euc_jp
4953508,147572132,0,.rodata,40,43,3,True,T3,0,0,0,True,全メンバーの合計レベルが３０００を超えた,euc_jp
4953600,147572224,0,.rodata,14,15,1,True,T3,0,0,0,True,ルミナシア軍団,euc_jp
4953616,147572240,0,.rodata,32,35,3,True,T3,0,0,0,True,知名度レベル８のギルドが得る称号,euc_jp
4953652,147572276,0,.rodata,40,43,3,True,T3,0,0,0,True,全メンバーの合計レベルが４５００を超えた,euc_jp
4953752,147572376,0,.rodata,12,15,3,True,T3,0,0,0,True,ルミナシア軍,euc_jp
4953768,147572392,0,.rodata,32,35,3,True,T3,0,0,0,True,知名度レベル９のギルドが得る称号,euc_jp
4953804,147572428,0,.rodata,40,43,3,True,T3,0,0,0,True,全メンバーの合計レベルが７０００を超えた,euc_jp
4953908,147572532,0,.rodata,16,19,3,True,T3,0,0,0,True,ルミナシア方面軍,euc_jp
4953928,147572552,0,.rodata,34,35,1,True,T3,0,0,0,True,知名度レベル１０のギルドが得る称号,euc_jp
4953964,147572588,0,.rodata,42,43,1,True,T3,0,0,0,True,全メンバーの合計レベルが１００００を超えた,euc_jp
4954068,147572692,0,.rodata,14,15,1,True,T3,0,0,0,True,ルミナシア総軍,euc_jp
4954084,147572708,0,.rodata,38,39,1,True,T3,0,0,0,True,もはや向かう所敵なしのギルドが得る称号,euc_jp
4954124,147572748,0,.rodata,42,43,1,True,T3,0,0,0,True,全メンバーの合計レベルが１４０００を超えた,euc_jp
4954236,147572860,0,.rodata,32,35,3,True,T3,0,0,0,True,闘技場デビューを果たした者の称号,euc_jp
4954272,147572896,0,.rodata,28,31,3,True,T3,0,0,0,True,闘技場ミッションに初勝利した,euc_jp
4954304,147572928,0,.rodata,16,19,3,True,T3,0,0,0,True,獲得ガルド＋４％,euc_jp
4954324,147572948,0,.rodata,14,15,1,True,T3,0,0,0,True,ホワイトデビル,euc_jp
4954340,147572964,0,.rodata,32,35,3,True,T3,0,0,0,True,闘技場の支配人に勝利した者の称号,euc_jp
4954376,147573000,0,.rodata,26,27,1,True,T3,0,0,0,True,闘技場の白き悪魔に勝利した,euc_jp
4954404,147573028,0,.rodata,12,15,3,True,T3,0,0,0,True,チャンピオン,euc_jp
4954420,147573044,0,.rodata,22,23,1,True,T3,0,0,0,True,闘技場の覇者のみの称号,euc_jp
4954444,147573068,0,.rodata,36,39,3,True,T3,0,0,0,True,闘技場の全てのミッションをクリアした,euc_jp
4954484,147573108,0,.rodata,54,55,1,True,T3,0,0,0,True,基礎物理防御力＆基礎術防御力−４０％　仰け反り耐性＋２,euc_jp
4954552,147573176,0,.rodata,24,27,3,True,T3,0,0,0,True,ダオスに勝利した者の称号,euc_jp
4954580,147573204,0,.rodata,28,31,3,True,T3,0,0,0,True,追憶の坑道で、ダオスを倒した,euc_jp
4954668,147573292,0,.rodata,12,15,3,True,T3,0,0,0,True,バルバトラー,euc_jp
4954684,147573308,0,.rodata,34,35,1,True,T3,0,0,0,True,バルバトスと正面勝負をした者の称号,euc_jp
4954720,147573344,0,.rodata,36,39,3,True,T3,0,0,0,True,アイテムを使わずにバルバトスを倒した,euc_jp
4954816,147573440,0,.rodata,12,15,3,True,T3,0,0,0,True,世界樹の覇者,euc_jp
4954832,147573456,0,.rodata,26,27,1,True,T3,0,0,0,True,世界の頂点に座する者の称号,euc_jp
4954860,147573484,0,.rodata,34,35,1,True,T3,0,0,0,True,追憶の坑道で、ユグドラシルを倒した,euc_jp
4954896,147573520,0,.rodata,44,47,3,True,T3,0,0,0,True,レア獲得増＋２０　敵からのアイテム獲得＋１０,euc_jp
4954944,147573568,0,.rodata,14,15,1,True,T3,0,0,0,True,ひよっこ冒険者,euc_jp
4954960,147573584,0,.rodata,26,27,1,True,T3,0,0,0,True,駆け出しの冒険者が得る称号,euc_jp
4954988,147573612,0,.rodata,30,31,1,True,T3,0,0,0,True,プレイ時間が１０時間を突破した,euc_jp
4955040,147573664,0,.rodata,14,15,1,True,T3,0,0,0,True,ベテラン冒険者,euc_jp
4955056,147573680,0,.rodata,28,31,3,True,T3,0,0,0,True,経験を積んだ冒険者が得る称号,euc_jp
4955088,147573712,0,.rodata,32,35,3,True,T3,0,0,0,True,プレイ時間が１００時間を突破した,euc_jp
4955144,147573768,0,.rodata,18,19,1,True,T3,0,0,0,True,限界を超えた冒険者,euc_jp
4955164,147573788,0,.rodata,34,35,1,True,T3,0,0,0,True,冒険者として生きていく者が得る称号,euc_jp
4955200,147573824,0,.rodata,32,35,3,True,T3,0,0,0,True,プレイ時間が２００時間を突破した,euc_jp
4955256,147573880,0,.rodata,20,23,3,True,T3,0,0,0,True,マスターマイソロジー,euc_jp
4955280,147573904,0,.rodata,24,27,3,True,T3,0,0,0,True,全ての称号を得た者の称号,euc_jp
4955308,147573932,0,.rodata,20,23,3,True,T3,0,0,0,True,全ての称号を獲得した,euc_jp
4967056,147585680,0,.rodata,12,15,3,True,T3,0,0,0,True,ロングソード,euc_jp
4967072,147585696,0,.rodata,16,19,3,True,T3,0,0,0,True,剣身の長い片手剣,euc_jp
4967092,147585716,0,.rodata,8,11,3,True,T3,0,0,0,True,シミター,euc_jp
4967104,147585728,0,.rodata,20,23,3,True,T3,0,0,0,True,しなやかに湾曲した剣,euc_jp
4967128,147585752,0,.rodata,8,11,3,True,T3,0,0,0,True,レイピア,euc_jp
4967140,147585764,0,.rodata,48,51,3,True,T3,0,0,0,True,細身の長剣。使いこなすにはある程度の技量を要する,euc_jp
4967192,147585816,0,.rodata,12,15,3,True,T3,0,0,0,True,バトルソード,euc_jp
4967208,147585832,0,.rodata,24,27,3,True,T3,0,0,0,True,戦闘用に処理が施された剣,euc_jp
4967236,147585860,0,.rodata,14,15,1,True,T3,0,0,0,True,ブロンズソード,euc_jp
4967252,147585876,0,.rodata,16,19,3,True,T3,0,0,0,True,青銅で作られた剣,euc_jp
4967272,147585896,0,.rodata,14,15,1,True,T3,0,0,0,True,ビームサーベル,euc_jp
4967288,147585912,0,.rodata,30,31,1,True,T3,0,0,0,True,ピンク色の光を発する不思議な剣,euc_jp
4967320,147585944,0,.rodata,16,19,3,True,T3,0,0,0,True,バスタードソード,euc_jp
4967340,147585964,0,.rodata,42,43,1,True,T3,0,0,0,True,片手でも両手でも持つ事が出来る通称片手半剣,euc_jp
4967392,147586016,0,.rodata,14,15,1,True,T3,0,0,0,True,ワンキョクトウ,euc_jp
4967408,147586032,0,.rodata,26,27,1,True,T3,0,0,0,True,刀身が多少湾曲した片刃の剣,euc_jp
4967436,147586060,0,.rodata,16,19,3,True,T3,0,0,0,True,アイアンサーベル,euc_jp
4967456,147586080,0,.rodata,20,23,3,True,T3,0,0,0,True,鉄で作られたサーベル,euc_jp
4967480,147586104,0,.rodata,18,19,1,True,T3,0,0,0,True,スモールファルクス,euc_jp
4967500,147586124,0,.rodata,20,23,3,True,T3,0,0,0,True,鎌状の刀身を持った剣,euc_jp
4967524,147586148,0,.rodata,18,19,1,True,T3,0,0,0,True,ファイターサーベル,euc_jp
4967544,147586168,0,.rodata,24,27,3,True,T3,0,0,0,True,戦士が好んで使うサーベル,euc_jp
4967572,147586196,0,.rodata,8,11,3,True,T3,0,0,0,True,ハルパー,euc_jp
4967584,147586208,0,.rodata,18,19,1,True,T3,0,0,0,True,鎌剣といわれる古刀,euc_jp
4967604,147586228,0,.rodata,6,7,1,True,T3,0,0,0,True,エタム,euc_jp
4967612,147586236,0,.rodata,30,31,1,True,T3,0,0,0,True,少数民族の間で儀礼に使われる刀,euc_jp
4967644,147586268,0,.rodata,14,15,1,True,T3,0,0,0,True,ウィンドソード,euc_jp
4967660,147586284,0,.rodata,22,23,1,True,T3,0,0,0,True,風の様に敵を切り裂く剣,euc_jp
4967684,147586308,0,.rodata,12,15,3,True,T3,0,0,0,True,シザーソード,euc_jp
4967700,147586324,0,.rodata,26,27,1,True,T3,0,0,0,True,二つの刀身を持った鋏状の剣,euc_jp
4967728,147586352,0,.rodata,12,15,3,True,T3,0,0,0,True,スティンガー,euc_jp
4967744,147586368,0,.rodata,20,23,3,True,T3,0,0,0,True,針状の刀身を持った剣,euc_jp
4967768,147586392,0,.rodata,16,19,3,True,T3,0,0,0,True,アトア・マタルア,euc_jp
4967788,147586412,0,.rodata,40,43,3,True,T3,0,0,0,True,冥界の入口にいる神マタルアの名を冠する剣,euc_jp
4967832,147586456,0,.rodata,14,15,1,True,T3,0,0,0,True,サークルソード,euc_jp
4967848,147586472,0,.rodata,20,23,3,True,T3,0,0,0,True,円状の刀身を持った剣,euc_jp
4967872,147586496,0,.rodata,18,19,1,True,T3,0,0,0,True,ハンティングソード,euc_jp
4967892,147586516,0,.rodata,32,35,3,True,T3,0,0,0,True,狩りに愛用される突きに特化した剣,euc_jp
4967928,147586552,0,.rodata,16,19,3,True,T3,0,0,0,True,サーペントソード,euc_jp
4967948,147586572,0,.rodata,34,35,1,True,T3,0,0,0,True,海の怪物サーペントの名を冠する名刀,euc_jp
4967984,147586608,0,.rodata,16,19,3,True,T3,0,0,0,True,ボーンピアッサー,euc_jp
4968004,147586628,0,.rodata,26,27,1,True,T3,0,0,0,True,魔物の硬い骨から作られた剣,euc_jp
4968032,147586656,0,.rodata,16,19,3,True,T3,0,0,0,True,ニンブルレイピア,euc_jp
4968052,147586676,0,.rodata,36,39,3,True,T3,0,0,0,True,素早い攻撃に向いた構造を持つレイピア,euc_jp
4968092,147586716,0,.rodata,12,15,3,True,T3,0,0,0,True,ルーンソード,euc_jp
4968108,147586732,0,.rodata,22,23,1,True,T3,0,0,0,True,神秘文様を刻んだ片手剣,euc_jp
4968132,147586756,0,.rodata,8,11,3,True,T3,0,0,0,True,サーベル,euc_jp
4968144,147586768,0,.rodata,20,23,3,True,T3,0,0,0,True,シミターを改良した剣,euc_jp
4968168,147586792,0,.rodata,14,15,1,True,T3,0,0,0,True,ルーンレイピア,euc_jp
4968184,147586808,0,.rodata,24,27,3,True,T3,0,0,0,True,神秘文様を刻んだレイピア,euc_jp
4968212,147586836,0,.rodata,12,15,3,True,T3,0,0,0,True,ウォーソード,euc_jp
4968228,147586852,0,.rodata,26,27,1,True,T3,0,0,0,True,戦時中に兵士に支給された剣,euc_jp
4968256,147586880,0,.rodata,14,15,1,True,T3,0,0,0,True,シルバーソード,euc_jp
4968272,147586896,0,.rodata,14,15,1,True,T3,0,0,0,True,銀で作られた剣,euc_jp
4968288,147586912,0,.rodata,8,11,3,True,T3,0,0,0,True,未来忍者,euc_jp
4968300,147586924,0,.rodata,14,15,1,True,T3,0,0,0,True,ミライニンジャ,euc_jp
4968316,147586940,0,.rodata,26,27,1,True,T3,0,0,0,True,青色の光を発する不思議な剣,euc_jp
4968344,147586968,0,.rodata,10,11,1,True,T3,0,0,0,True,クレイモア,euc_jp
4968356,147586980,0,.rodata,28,31,3,True,T3,0,0,0,True,バスタードソードを改良した剣,euc_jp
4968388,147587012,0,.rodata,10,11,1,True,T3,0,0,0,True,ショーテル,euc_jp
4968400,147587024,0,.rodata,18,19,1,True,T3,0,0,0,True,湾曲刀を改良した剣,euc_jp
4968420,147587044,0,.rodata,16,19,3,True,T3,0,0,0,True,シルバーサーベル,euc_jp
4968440,147587064,0,.rodata,20,23,3,True,T3,0,0,2,False,銀で作られたサーベル,euc_jp
4968464,147587088,0,.rodata,16,19,3,True,T3,0,0,0,True,スモールシックル,euc_jp
4968484,147587108,0,.rodata,30,31,1,True,T3,0,0,0,True,スモールファルクスを改良した剣,euc_jp
4968516,147587140,0,.rodata,20,23,3,True,T3,0,0,0,True,ウォーリアーサーベル,euc_jp
4968540,147587164,0,.rodata,30,31,1,True,T3,0,0,0,True,歴戦の戦士が好んで使うサーベル,euc_jp
4968572,147587196,0,.rodata,14,15,1,True,T3,0,0,0,True,ウィッチキラー,euc_jp
4968588,147587212,0,.rodata,22,23,1,True,T3,0,0,0,True,魔女殺しといわれる古刀,euc_jp
4968612,147587236,0,.rodata,8,11,3,True,T3,0,0,0,True,エペタム,euc_jp
4968624,147587248,0,.rodata,42,43,1,True,T3,0,0,0,True,少数民族の間で恐れられる人喰いと呼ばれる刀,euc_jp
4968668,147587292,0,.rodata,14,15,1,True,T3,0,0,0,True,ストームソード,euc_jp
4968684,147587308,0,.rodata,24,27,3,True,T3,0,0,0,True,暴風の様に敵を切り裂く剣,euc_jp
4968712,147587336,0,.rodata,18,19,1,True,T3,0,0,0,True,バイオレントシザー,euc_jp
4968732,147587356,0,.rodata,24,27,3,True,T3,0,0,0,True,シザーソードを改良した剣,euc_jp
4968760,147587384,0,.rodata,14,15,1,True,T3,0,0,0,True,ビーストホーン,euc_jp
4968776,147587400,0,.rodata,22,23,1,True,T3,0,0,0,True,魔物の角から作られた剣,euc_jp
4968800,147587424,0,.rodata,16,19,3,True,T3,0,0,0,True,アトア・マングス,euc_jp
4968820,147587444,0,.rodata,40,43,3,True,T3,0,0,0,True,冥界の中心にいる神マングスの名を冠する剣,euc_jp
4968864,147587488,0,.rodata,16,19,3,True,T3,0,0,0,True,エンジェルソード,euc_jp
4968884,147587508,0,.rodata,22,23,1,True,T3,0,0,0,True,天使が使ったとされる剣,euc_jp
4968908,147587532,0,.rodata,16,19,3,True,T3,0,0,0,True,ボアスピアソード,euc_jp
4968928,147587552,0,.rodata,36,39,3,True,T3,0,0,0,True,猪を一撃で倒すという突きに特化した剣,euc_jp
4968968,147587592,0,.rodata,14,15,1,True,T3,0,0,0,True,スキュラソード,euc_jp
4968984,147587608,0,.rodata,32,35,3,True,T3,0,0,0,True,海の怪物スキュラの名を冠する名刀,euc_jp
4969020,147587644,0,.rodata,16,19,3,True,T3,0,0,0,True,スカルピアッサー,euc_jp
4969040,147587664,0,.rodata,30,31,1,True,T3,0,0,0,True,ドクロがあしらわれた不気味な剣,euc_jp
4969072,147587696,0,.rodata,16,19,3,True,T3,0,0,0,True,ワジールレイピア,euc_jp
4969092,147587716,0,.rodata,28,31,3,True,T3,0,0,0,True,ニンブルレイピアを強化した剣,euc_jp
4969124,147587748,0,.rodata,14,15,1,True,T3,0,0,0,True,ホーリーソード,euc_jp
4969140,147587764,0,.rodata,24,27,3,True,T3,0,0,0,True,聖なる祝福を受けた片手剣,euc_jp
4969168,147587792,0,.rodata,8,11,3,True,T3,0,0,0,True,カトラス,euc_jp
4969180,147587804,0,.rodata,20,23,3,True,T3,0,0,0,True,サーベルを改良した剣,euc_jp
4969204,147587828,0,.rodata,16,19,3,True,T3,0,0,0,True,ホーリーレイピア,euc_jp
4969224,147587848,0,.rodata,26,27,1,True,T3,0,0,0,True,聖なる祝福を受けたレイピア,euc_jp
4969252,147587876,0,.rodata,14,15,1,True,T3,0,0,0,True,デュエルソード,euc_jp
4969268,147587892,0,.rodata,34,35,1,True,T3,0,0,0,True,イニシエの王国で英雄に贈られた名剣,euc_jp
4969304,147587928,0,.rodata,14,15,1,True,T3,0,0,0,True,プラチナソード,euc_jp
4969320,147587944,0,.rodata,14,15,1,True,T3,0,0,0,True,プラチナ製の剣,euc_jp
4969336,147587960,0,.rodata,16,19,3,True,T3,0,0,0,True,レーザーブレード,euc_jp
4969356,147587980,0,.rodata,26,27,1,True,T3,0,0,0,True,緑色の光を発する不思議な剣,euc_jp
4969384,147588008,0,.rodata,14,15,1,True,T3,0,0,0,True,グレートソード,euc_jp
4969400,147588024,0,.rodata,22,23,1,True,T3,0,0,0,True,クレイモアを改良した剣,euc_jp
4969424,147588048,0,.rodata,16,19,3,True,T3,0,0,0,True,ルーンショーテル,euc_jp
4969444,147588068,0,.rodata,26,27,1,True,T3,0,0,0,True,神秘文様を刻んだショーテル,euc_jp
4969472,147588096,0,.rodata,16,19,3,True,T3,0,0,0,True,ミスリルサーベル,euc_jp
4969492,147588116,0,.rodata,20,23,3,True,T3,0,0,0,True,ミスリル製のサーベル,euc_jp
4969516,147588140,0,.rodata,18,19,1,True,T3,0,0,0,True,スモールデスサイズ,euc_jp
4969536,147588160,0,.rodata,28,31,3,True,T3,0,0,0,True,スモールシックルを改良した剣,euc_jp
4969568,147588192,0,.rodata,14,15,1,True,T3,0,0,0,True,ナイトサーベル,euc_jp
4969584,147588208,0,.rodata,24,27,3,True,T3,0,0,0,True,騎士が好んで使うサーベル,euc_jp
4969612,147588236,0,.rodata,16,19,3,True,T3,0,0,0,True,メデューサキラー,euc_jp
4969632,147588256,0,.rodata,28,31,3,True,T3,0,0,0,True,メデューサ殺しといわれる古刀,euc_jp
4969664,147588288,0,.rodata,12,15,3,True,T3,0,0,0,True,クトネシリカ,euc_jp
4969680,147588304,0,.rodata,32,35,3,True,T3,0,0,0,True,少数民族の間で伝わる神獣が宿る刀,euc_jp
4969716,147588340,0,.rodata,18,19,1,True,T3,0,0,0,True,ヴォルテックソード,euc_jp
4969736,147588360,0,.rodata,30,31,1,True,T3,0,0,0,True,雷を伴う嵐の様に敵を切り裂く剣,euc_jp
4969768,147588392,0,.rodata,18,19,1,True,T3,0,0,0,True,エクセレントシザー,euc_jp
4969788,147588412,0,.rodata,30,31,1,True,T3,0,0,0,True,バイオレントシザーを改良した剣,euc_jp
4969820,147588444,0,.rodata,16,19,3,True,T3,0,0,0,True,ユニコーンホーン,euc_jp
4969840,147588464,0,.rodata,36,39,3,True,T3,0,0,0,True,伝説の聖獣の角から作られたとされる剣,euc_jp
4969880,147588504,0,.rodata,16,19,3,True,T3,0,0,0,True,アトア・マタタシ,euc_jp
4969900,147588524,0,.rodata,40,43,3,True,T3,0,0,0,True,冥界の最奥にいる神マタタシの名を冠する剣,euc_jp
4969944,147588568,0,.rodata,14,15,1,True,T3,0,0,0,True,エンディミオン,euc_jp
4969960,147588584,0,.rodata,38,39,1,True,T3,0,0,0,True,斬られた者は永遠の眠りにつくとされる剣,euc_jp
4970000,147588624,0,.rodata,18,19,1,True,T3,0,0,0,True,メイルピアスソード,euc_jp
4970020,147588644,0,.rodata,40,43,3,True,T3,0,0,0,True,頑丈な鎧をも貫くとされる突きに特化した剣,euc_jp
4970064,147588688,0,.rodata,12,15,3,True,T3,0,0,0,True,ヒドラソード,euc_jp
4970080,147588704,0,.rodata,26,27,1,True,T3,0,0,0,True,伝説の魔獣の名を冠する名刀,euc_jp
4970108,147588732,0,.rodata,14,15,1,True,T3,0,0,0,True,デスピアッサー,euc_jp
4970124,147588748,0,.rodata,34,35,1,True,T3,0,0,0,True,死を呼ぶとされる死神の名を冠する剣,euc_jp
4970160,147588784,0,.rodata,22,23,1,True,T3,0,0,0,True,ホーリージャッジメント,euc_jp
4970184,147588808,0,.rodata,24,27,3,True,T3,0,0,0,True,天からの裁きの名を持つ剣,euc_jp
4970212,147588836,0,.rodata,10,11,1,True,T3,0,0,0,True,剣士の長剣,euc_jp
4970224,147588848,0,.rodata,18,19,1,True,T3,0,0,0,True,ケンシノチョウケン,euc_jp
4970244,147588868,0,.rodata,38,39,1,True,T3,0,0,0,True,ディセンダーと認められた剣士専用の長剣,euc_jp
4970284,147588908,0,.rodata,14,15,1,True,T3,0,0,0,True,魔法剣士の長剣,euc_jp
4970300,147588924,0,.rodata,24,27,3,True,T3,0,0,0,True,マホウケンシノチョウケン,euc_jp
4970328,147588952,0,.rodata,42,43,1,True,T3,0,0,0,True,ディセンダーと認められた魔法剣士専用の長剣,euc_jp
4970372,147588996,0,.rodata,6,7,1,True,T3,0,0,0,True,忍の刀,euc_jp
4970380,147589004,0,.rodata,14,15,1,True,T3,0,0,0,True,シノビノカタナ,euc_jp
4970396,147589020,0,.rodata,36,39,3,True,T3,0,0,0,True,ディセンダーと認められた忍者専用の刀,euc_jp
4970444,147589068,0,.rodata,14,15,1,True,T3,0,0,0,True,セイリュウトウ,euc_jp
4970460,147589084,0,.rodata,44,47,3,True,T3,0,0,0,True,ディセンダーと認められた双剣士専用の刀の一つ,euc_jp
4970516,147589140,0,.rodata,10,11,1,True,T3,0,0,0,True,スザクトウ,euc_jp
4970528,147589152,0,.rodata,10,11,1,True,T3,0,0,0,True,騎士の長剣,euc_jp
4970540,147589164,0,.rodata,16,19,3,True,T3,0,0,0,True,キシノチョウケン,euc_jp
4970560,147589184,0,.rodata,40,43,3,True,T3,0,0,0,True,ディセンダーの為に作られた剣士専用の長剣,euc_jp
4970604,147589228,0,.rodata,14,15,1,True,T3,0,0,0,True,魔法騎士の長剣,euc_jp
4970620,147589244,0,.rodata,22,23,1,True,T3,0,0,0,True,マホウキシノチョウケン,euc_jp
4970644,147589268,0,.rodata,44,47,3,True,T3,0,0,0,True,ディセンダーの為に作られた魔法剣士専用の長剣,euc_jp
4970692,147589316,0,.rodata,8,11,3,True,T3,0,0,0,True,頭領の刀,euc_jp
4970704,147589328,0,.rodata,18,19,1,True,T3,0,0,0,True,トウリョウノカタナ,euc_jp
4970724,147589348,0,.rodata,38,39,1,True,T3,0,0,0,True,ディセンダーの為に作られた忍者専用の刀,euc_jp
4970772,147589396,0,.rodata,12,15,3,True,T3,0,0,0,True,ビャッコトウ,euc_jp
4970788,147589412,0,.rodata,40,43,3,True,T3,0,0,0,True,ディセンダーの為に作られた双剣士専用の刀,euc_jp
4970840,147589464,0,.rodata,10,11,1,True,T3,0,0,0,True,ゲンブトウ,euc_jp
4970852,147589476,0,.rodata,14,15,1,True,T3,0,0,0,True,エクスカリバー,euc_jp
4970868,147589492,0,.rodata,44,47,3,True,T3,0,0,0,True,イシュタル伝説に名を残す勇者ギルガメシュの剣,euc_jp
4970916,147589540,0,.rodata,12,15,3,True,T3,0,0,0,True,フラガラッハ,euc_jp
4970932,147589556,0,.rodata,40,43,3,True,T3,0,0,0,True,この刃に付けられた傷は治らないと伝わる剣,euc_jp
4970976,147589600,0,.rodata,10,11,1,True,T3,0,0,0,True,バルムンク,euc_jp
4970988,147589612,0,.rodata,28,31,3,True,T3,0,0,0,True,伝説の英雄ジークフリートの剣,euc_jp
4971032,147589656,0,.rodata,22,23,1,True,T3,0,0,0,True,アマノムラクモノツルギ,euc_jp
4971056,147589680,0,.rodata,26,27,1,True,T3,0,0,0,True,東方に伝えられる伝説の宝剣,euc_jp
4971084,147589708,0,.rodata,14,15,1,True,T3,0,0,0,True,フランベルジュ,euc_jp
4971100,147589724,0,.rodata,46,47,1,True,T3,0,0,0,True,ＴＯＳに登場したロイドが本作で装備している武器,euc_jp
4971148,147589772,0,.rodata,16,19,3,True,T3,0,0,0,True,ヴォーパルソード,euc_jp
4971168,147589792,0,.rodata,18,19,1,True,T3,0,0,0,True,エターナルソードＳ,euc_jp
4971188,147589812,0,.rodata,20,23,3,True,T3,0,0,0,True,エターナルソードエス,euc_jp
4971212,147589836,0,.rodata,46,47,1,True,T3,0,0,0,True,ＴＯＳに登場したロイドが秘奥義中に使用する武器,euc_jp
4971260,147589884,0,.rodata,10,11,1,True,T3,0,0,0,True,フライパン,euc_jp
4971272,147589896,0,.rodata,30,31,1,True,T3,0,0,0,True,調理器具。これで叩かれると痛い,euc_jp
4971304,147589928,0,.rodata,10,11,1,True,T3,0,0,0,True,おたま・剣,euc_jp
4971316,147589940,0,.rodata,10,11,1,True,T3,0,0,0,True,オタマケン,euc_jp
4971328,147589952,0,.rodata,40,43,3,True,T3,0,0,0,True,調理器具だが、武器として使用する事もある,euc_jp
4971376,147590000,0,.rodata,4,7,3,True,T3,0,0,0,True,ホネ,euc_jp
4971384,147590008,0,.rodata,24,27,3,True,T3,0,0,0,True,何かの骨。馬の骨ではない,euc_jp
4971412,147590036,0,.rodata,8,11,3,True,T3,0,0,0,True,ハリセン,euc_jp
4971424,147590048,0,.rodata,26,27,1,True,T3,0,0,0,True,ツッコミ専用。ボケ役は誰？,euc_jp
4971452,147590076,0,.rodata,6,7,1,True,T3,0,0,0,True,長ネギ,euc_jp
4971460,147590084,0,.rodata,8,11,3,True,T3,0,0,0,True,ナガネギ,euc_jp
4971472,147590096,0,.rodata,14,15,1,True,T3,0,0,0,True,お鍋のお供に…,euc_jp
4971488,147590112,0,.rodata,6,7,1,True,T3,0,0,0,True,カツオ,euc_jp
4971496,147590120,0,.rodata,12,15,3,True,T3,0,0,0,True,冷凍のカツオ,euc_jp
4971512,147590136,0,.rodata,6,7,1,True,T3,0,0,0,True,だんご,euc_jp
4971520,147590144,0,.rodata,6,7,1,True,T3,0,0,0,True,ダンゴ,euc_jp
4971528,147590152,0,.rodata,20,23,3,True,T3,0,0,0,True,もうおなか一杯です…,euc_jp
4971552,147590176,0,.rodata,8,11,3,True,T3,0,0,0,True,折れた剣,euc_jp
4971564,147590188,0,.rodata,10,11,1,True,T3,0,0,0,True,オレタケン,euc_jp
4971576,147590200,0,.rodata,28,31,3,True,T3,0,0,0,True,イニシエの名刀のなれの果て…,euc_jp
4971608,147590232,0,.rodata,14,15,1,True,T3,0,0,0,True,ソウルエッジ雄,euc_jp
4971624,147590248,0,.rodata,16,19,3,True,T3,0,0,0,True,ソウルエッジオス,euc_jp
4971644,147590268,0,.rodata,32,35,3,True,T3,0,0,0,True,伝説の魔剣。その名はソウルエッジ,euc_jp
4971680,147590304,0,.rodata,14,15,1,True,T3,0,0,0,True,ソウルエッジ雌,euc_jp
4971696,147590320,0,.rodata,16,19,3,True,T3,0,0,0,True,ソウルエッジメス,euc_jp
4971716,147590340,0,.rodata,16,19,3,True,T3,0,0,0,True,ソウルキャリバー,euc_jp
4971736,147590360,0,.rodata,36,39,3,True,T3,0,0,0,True,伝説の聖剣。その名はソウルキャリバー,euc_jp
4971776,147590400,0,.rodata,16,19,3,True,T3,0,0,0,True,宝刀ガルディオス,euc_jp
4971796,147590420,0,.rodata,20,23,3,True,T3,0,0,0,True,ホウトウガルディオス,euc_jp
4971820,147590444,0,.rodata,44,47,3,True,T3,0,0,0,True,ＴＯＡに登場したガイが本作で装備している武器,euc_jp
4971868,147590492,0,.rodata,10,11,1,True,T3,0,0,0,True,ソルバルウ,euc_jp
4971880,147590504,0,.rodata,42,43,1,True,T3,0,0,0,True,装備してもザッパー、ブラスターは撃てません,euc_jp
4971924,147590548,0,.rodata,20,23,3,True,T3,0,0,0,True,ローレライ教団詠師剣,euc_jp
4971948,147590572,0,.rodata,30,31,1,True,T3,0,0,0,True,ローレライキョウダンエイシケン,euc_jp
4971980,147590604,0,.rodata,48,51,3,True,T3,0,0,0,True,ＴＯＡに登場したアッシュが本作で装備している武器,euc_jp
4972032,147590656,0,.rodata,18,19,1,True,T3,0,0,0,True,フォニックブレード,euc_jp
4972052,147590676,0,.rodata,46,47,1,True,T3,0,0,0,True,ＴＯＡに登場したルークが本作で装備している武器,euc_jp
4972100,147590724,0,.rodata,12,15,3,True,T3,0,0,0,True,イクティノス,euc_jp
4972116,147590740,0,.rodata,50,51,1,True,T3,0,0,0,True,ＴＯＤに登場したウッドロウが本作で装備している武器,euc_jp
4972168,147590792,0,.rodata,12,15,3,True,T3,0,0,0,True,シャルティエ,euc_jp
4972184,147590808,0,.rodata,46,47,1,True,T3,0,0,0,True,ＴＯＤに登場したリオンが本作で装備している武器,euc_jp
4972232,147590856,0,.rodata,10,11,1,True,T3,0,0,0,True,ディムロス,euc_jp
4972244,147590868,0,.rodata,46,47,1,True,T3,0,0,0,True,ＴＯＤに登場したスタンが本作で装備している武器,euc_jp
4972292,147590916,0,.rodata,18,19,1,True,T3,0,0,0,True,ストームブリンガー,euc_jp
4972312,147590936,0,.rodata,48,51,3,True,T3,0,0,0,True,ＴＯＤ２に登場したカイルが本作で装備している武器,euc_jp
4972364,147590988,0,.rodata,16,19,3,True,T3,0,0,0,True,ラストフェンサー,euc_jp
4972384,147591008,0,.rodata,46,47,1,True,T3,0,0,0,True,ＴＯＥに登場したリッドが本作で装備している武器,euc_jp
4972432,147591056,0,.rodata,14,15,1,True,T3,0,0,0,True,アカバネソード,euc_jp
4972448,147591072,0,.rodata,48,51,3,True,T3,0,0,0,True,ＴＯＩに登場したスパーダが本作で装備している武器,euc_jp
4972500,147591124,0,.rodata,18,19,1,True,T3,0,0,0,True,エターナルソードＰ,euc_jp
4972520,147591144,0,.rodata,20,23,3,True,T3,0,0,0,True,エターナルソードピー,euc_jp
4972544,147591168,0,.rodata,46,47,1,True,T3,0,0,0,True,ＴＯＰに登場したクレスが本作で装備している武器,euc_jp
4972604,147591228,0,.rodata,16,19,3,True,T3,0,0,0,True,ニントウチザクラ,euc_jp
4972624,147591248,0,.rodata,44,47,3,True,T3,0,0,0,True,ＴＯＰに登場したすずが本作で装備している武器,euc_jp
4972672,147591296,0,.rodata,14,15,1,True,T3,0,0,0,True,エーテルソード,euc_jp
4972688,147591312,0,.rodata,46,47,1,True,T3,0,0,0,True,ＴＯＳに登場したゼロスが本作で装備している武器,euc_jp
4972736,147591360,0,.rodata,14,15,1,True,T3,0,0,0,True,ビーストソウル,euc_jp
4972752,147591376,0,.rodata,48,51,3,True,T3,0,0,0,True,ＴＯＴに登場したカイウスが本作で装備している武器,euc_jp
4972804,147591428,0,.rodata,10,11,1,True,T3,0,0,0,True,ニバンボシ,euc_jp
4972816,147591440,0,.rodata,46,47,1,True,T3,0,0,0,True,ＴＯＶに登場したユーリが本作で装備している武器,euc_jp
4972864,147591488,0,.rodata,16,19,3,True,T3,0,0,0,True,ストームシュテル,euc_jp
4972884,147591508,0,.rodata,44,47,3,True,T3,0,0,0,True,ＴＯＲに登場したサレが本作で装備している武器,euc_jp
4972932,147591556,0,.rodata,20,23,3,True,T3,0,0,0,True,ホワイトナイトソード,euc_jp
4972956,147591580,0,.rodata,46,47,1,True,T3,0,0,0,True,ＴＯＶに登場したフレンが本作で装備している武器,euc_jp
4973004,147591628,0,.rodata,10,11,1,True,T3,0,0,0,True,アステリア,euc_jp
4973016,147591640,0,.rodata,46,47,1,True,T3,0,0,0,True,ＴＯＨに登場したシングが本作で装備している武器,euc_jp
4973072,147591696,0,.rodata,10,11,1,True,T3,0,0,0,True,キョウゲツ,euc_jp
4973084,147591708,0,.rodata,50,51,1,True,T3,0,0,0,True,ＴＯＳＲに登場したリヒターが本作で装備している武器,euc_jp
4973136,147591760,0,.rodata,12,15,3,True,T3,0,0,0,True,カラドボルグ,euc_jp
4973152,147591776,0,.rodata,52,55,3,True,T3,0,0,0,True,ＴＯＤ２に登場したジューダスが本作で装備している武器,euc_jp
4973208,147591832,0,.rodata,14,15,1,True,T3,0,0,0,True,ロングソードSR,euc_jp
4973224,147591848,0,.rodata,22,23,1,True,T3,0,0,0,True,ロングソードエスアール,euc_jp
4973248,147591872,0,.rodata,48,51,3,True,T3,0,0,0,True,ＴＯＳＲに登場したエミルが本作で装備している武器,euc_jp
4973300,147591924,0,.rodata,16,19,3,True,T3,0,0,0,True,トライアルソード,euc_jp
4973320,147591944,0,.rodata,50,51,1,True,T3,0,0,0,True,模擬戦闘用の武器を実戦でも通用する様に改造したもの,euc_jp
4973372,147591996,0,.rodata,18,19,1,True,T3,0,0,0,True,エターナルソードＸ,euc_jp
4973392,147592016,0,.rodata,24,27,3,True,T3,0,0,0,True,エターナルソードエックス,euc_jp
4973420,147592044,0,.rodata,52,55,3,True,T3,0,0,0,True,なりきりダンジョンＸ特典。本作でクレスが装備する武器,euc_jp
4978748,147597372,0,.rodata,16,19,3,True,T3,0,0,0,True,プロテクトソード,euc_jp
4978768,147597392,0,.rodata,34,35,1,True,T3,0,0,0,True,攻防一体をテーマに開発された両手剣,euc_jp
4978804,147597428,0,.rodata,16,19,3,True,T3,0,0,0,True,ブロードブレード,euc_jp
4978824,147597448,0,.rodata,12,15,3,True,T3,0,0,0,True,幅広の両手剣,euc_jp
4978840,147597464,0,.rodata,16,19,3,True,T3,0,0,0,True,ストーンブレード,euc_jp
4978860,147597484,0,.rodata,34,35,1,True,T3,0,0,0,True,硬い岩石を削り出して作られた両手剣,euc_jp
4978896,147597520,0,.rodata,12,15,3,True,T3,0,0,0,True,ラージソード,euc_jp
4978912,147597536,0,.rodata,22,23,1,True,T3,0,0,0,True,長い刀身を持った両手剣,euc_jp
4978936,147597560,0,.rodata,14,15,1,True,T3,0,0,0,True,ブリーズソード,euc_jp
4978952,147597576,0,.rodata,26,27,1,True,T3,0,0,0,True,風を起こすといわれる両手剣,euc_jp
4978980,147597604,0,.rodata,18,19,1,True,T3,0,0,0,True,トゥーハンドソード,euc_jp
4979000,147597624,0,.rodata,28,31,3,True,T3,0,0,0,True,片手で扱う事は出来ない両手剣,euc_jp
4979032,147597656,0,.rodata,14,15,1,True,T3,0,0,0,True,ワルーンソード,euc_jp
4979048,147597672,0,.rodata,44,47,3,True,T3,0,0,0,True,斬撃よりも刀身の重さによる打撃に優れた両手剣,euc_jp
4979096,147597720,0,.rodata,14,15,1,True,T3,0,0,0,True,バトルブレード,euc_jp
4979112,147597736,0,.rodata,28,31,3,True,T3,0,0,0,True,戦闘用に処理が施された両手剣,euc_jp
4979144,147597768,0,.rodata,12,15,3,True,T3,0,0,0,True,グリムソード,euc_jp
4979160,147597784,0,.rodata,30,31,1,True,T3,0,0,0,True,昔話に登場した剣を模した両手剣,euc_jp
4979192,147597816,0,.rodata,16,19,3,True,T3,0,0,0,True,ミスリルブレード,euc_jp
4979212,147597836,0,.rodata,18,19,1,True,T3,0,0,0,True,ミスリル製の両手剣,euc_jp
4979232,147597856,0,.rodata,12,15,3,True,T3,0,0,0,True,ヒートソード,euc_jp
4979248,147597872,0,.rodata,28,31,3,True,T3,0,0,0,True,燃える様な刀身を持った両手剣,euc_jp
4979280,147597904,0,.rodata,14,15,1,True,T3,0,0,0,True,ルーンブレード,euc_jp
4979296,147597920,0,.rodata,22,23,1,True,T3,0,0,0,True,神秘文様を刻んだ両手剣,euc_jp
4979320,147597944,0,.rodata,14,15,1,True,T3,0,0,0,True,グローブソード,euc_jp
4979336,147597960,0,.rodata,34,35,1,True,T3,0,0,0,True,惑星の様な柄から名付けられた両手剣,euc_jp
4979372,147597996,0,.rodata,14,15,1,True,T3,0,0,0,True,ディフェンダー,euc_jp
4979388,147598012,0,.rodata,28,31,3,True,T3,0,0,0,True,自分と味方を勝利に導く両手剣,euc_jp
4979420,147598044,0,.rodata,18,19,1,True,T3,0,0,0,True,ブロードブレード改,euc_jp
4979440,147598064,0,.rodata,20,23,3,True,T3,0,0,0,True,ブロードブレードカイ,euc_jp
4979464,147598088,0,.rodata,32,35,3,True,T3,0,0,0,True,ブロードブレードを改良した両手剣,euc_jp
4979500,147598124,0,.rodata,14,15,1,True,T3,0,0,0,True,ノームブレード,euc_jp
4979516,147598140,0,.rodata,36,39,3,True,T3,0,0,0,True,土の精霊の加護を受けるとされる両手剣,euc_jp
4979556,147598180,0,.rodata,14,15,1,True,T3,0,0,0,True,ヒュージソード,euc_jp
4979572,147598196,0,.rodata,28,31,3,True,T3,0,0,0,True,ラージソードを改良した両手剣,euc_jp
4979604,147598228,0,.rodata,12,15,3,True,T3,0,0,0,True,ガストソード,euc_jp
4979620,147598244,0,.rodata,28,31,3,True,T3,0,0,0,True,疾風を起こすといわれる両手剣,euc_jp
4979652,147598276,0,.rodata,10,11,1,True,T3,0,0,0,True,ロンパイア,euc_jp
4979664,147598288,0,.rodata,30,31,1,True,T3,0,0,0,True,すさまじい切断力を持った両手剣,euc_jp
4979696,147598320,0,.rodata,16,19,3,True,T3,0,0,0,True,ダマスクスソード,euc_jp
4979716,147598340,0,.rodata,36,39,3,True,T3,0,0,0,True,硬い鉱石によって鍛え上げられた両手剣,euc_jp
4979756,147598380,0,.rodata,16,19,3,True,T3,0,0,0,True,デュエルブレード,euc_jp
4979776,147598400,0,.rodata,36,39,3,True,T3,0,0,0,True,イニシエの王国で英雄に贈られた両手剣,euc_jp
4979816,147598440,0,.rodata,12,15,3,True,T3,0,0,0,True,アリスソード,euc_jp
4979832,147598456,0,.rodata,34,35,1,True,T3,0,0,0,True,おとぎ話に登場した剣を模した両手剣,euc_jp
4979868,147598492,0,.rodata,16,19,3,True,T3,0,0,0,True,プラチナブレード,euc_jp
4979888,147598512,0,.rodata,18,19,1,True,T3,0,0,0,True,プラチナ製の両手剣,euc_jp
4979908,147598532,0,.rodata,14,15,1,True,T3,0,0,0,True,フレイムソード,euc_jp
4979924,147598548,0,.rodata,30,31,1,True,T3,0,0,0,True,爆炎の如き破壊力を秘める両手剣,euc_jp
4979956,147598580,0,.rodata,14,15,1,True,T3,0,0,0,True,スペルブレード,euc_jp
4979972,147598596,0,.rodata,34,35,1,True,T3,0,0,0,True,魔力により切れ味が強化された両手剣,euc_jp
4980008,147598632,0,.rodata,16,19,3,True,T3,0,0,0,True,グラビティソード,euc_jp
4980028,147598652,0,.rodata,40,43,3,True,T3,0,0,0,True,その一撃の重さから重力の名を冠する両手剣,euc_jp
4980072,147598696,0,.rodata,12,15,3,True,T3,0,0,0,True,ガーディアン,euc_jp
4980088,147598712,0,.rodata,24,27,3,True,T3,0,0,0,True,守護者の名を冠する両手剣,euc_jp
4980116,147598740,0,.rodata,18,19,1,True,T3,0,0,0,True,ブロードブレード極,euc_jp
4980136,147598760,0,.rodata,22,23,1,True,T3,0,0,0,True,ブロードブレードキョク,euc_jp
4980160,147598784,0,.rodata,34,35,1,True,T3,0,0,0,True,ブロードブレード改を改良した両手剣,euc_jp
4980196,147598820,0,.rodata,14,15,1,True,T3,0,0,0,True,アースブレード,euc_jp
4980212,147598836,0,.rodata,30,31,1,True,T3,0,0,0,True,大地を断つとすらいわれる両手剣,euc_jp
4980244,147598868,0,.rodata,18,19,1,True,T3,0,0,0,True,ジャイアントソード,euc_jp
4980264,147598888,0,.rodata,30,31,1,True,T3,0,0,0,True,ヒュージソードを改良した両手剣,euc_jp
4980296,147598920,0,.rodata,16,19,3,True,T3,0,0,0,True,ボルテックソード,euc_jp
4980316,147598940,0,.rodata,28,31,3,True,T3,0,0,0,True,烈風を起こすといわれる両手剣,euc_jp
4980348,147598972,0,.rodata,10,11,1,True,T3,0,0,0,True,エスパドン,euc_jp
4980360,147598984,0,.rodata,32,35,3,True,T3,0,0,0,True,伝説の騎士が使ったとされる両手剣,euc_jp
4980396,147599020,0,.rodata,12,15,3,True,T3,0,0,0,True,イヤーソード,euc_jp
4980412,147599036,0,.rodata,36,39,3,True,T3,0,0,0,True,すさまじい破壊力を持った伝説の両手剣,euc_jp
4980452,147599076,0,.rodata,14,15,1,True,T3,0,0,0,True,ウォーブレード,euc_jp
4980468,147599092,0,.rodata,30,31,1,True,T3,0,0,0,True,戦時中に兵士に支給された両手剣,euc_jp
4980500,147599124,0,.rodata,16,19,3,True,T3,0,0,0,True,フェアリーソード,euc_jp
4980520,147599144,0,.rodata,32,35,3,True,T3,0,0,0,True,英雄譚に登場した剣を模した両手剣,euc_jp
4980556,147599180,0,.rodata,14,15,1,True,T3,0,0,0,True,ダイヤブレード,euc_jp
4980572,147599196,0,.rodata,16,19,3,True,T3,0,0,0,True,ダイヤ製の両手剣,euc_jp
4980592,147599216,0,.rodata,14,15,1,True,T3,0,0,0,True,ブレイズソード,euc_jp
4980608,147599232,0,.rodata,42,43,1,True,T3,0,0,0,True,豪爆の炎の如き破壊力から名付けられた両手剣,euc_jp
4980652,147599276,0,.rodata,20,23,3,True,T3,0,0,0,True,エンシェントブレード,euc_jp
4980676,147599300,0,.rodata,34,35,1,True,T3,0,0,0,True,古代より伝わる技法で作られた両手剣,euc_jp
4980712,147599336,0,.rodata,16,19,3,True,T3,0,0,0,True,プラネットソード,euc_jp
4980732,147599356,0,.rodata,22,23,1,True,T3,0,0,0,True,惑星の名を冠する両手剣,euc_jp
4980756,147599380,0,.rodata,16,19,3,True,T3,0,0,0,True,ツヴァイハンダー,euc_jp
4980776,147599400,0,.rodata,42,43,1,True,T3,0,0,0,True,ディセンダーと認められた大剣士専用の両手剣,euc_jp
4980820,147599444,0,.rodata,12,15,3,True,T3,0,0,0,True,従士隊の大剣,euc_jp
4980836,147599460,0,.rodata,22,23,1,True,T3,0,0,0,True,ジュウシタイノダイケン,euc_jp
4980860,147599484,0,.rodata,42,43,1,True,T3,0,0,0,True,ディセンダーと認められた聖騎士専用の両手剣,euc_jp
4980904,147599528,0,.rodata,20,23,3,True,T3,0,0,0,True,エグゼキューショナー,euc_jp
4980928,147599552,0,.rodata,44,47,3,True,T3,0,0,0,True,ディセンダーの為に作られた大剣士専用の両手剣,euc_jp
4980976,147599600,0,.rodata,10,11,1,True,T3,0,0,0,True,剣聖の大剣,euc_jp
4980988,147599612,0,.rodata,18,19,1,True,T3,0,0,0,True,ケンセイノダイケン,euc_jp
4981008,147599632,0,.rodata,44,47,3,True,T3,0,0,0,True,ディセンダーの為に作られた聖騎士専用の両手剣,euc_jp
4981056,147599680,0,.rodata,12,15,3,True,T3,0,0,0,True,キャリバーン,euc_jp
4981072,147599696,0,.rodata,36,39,3,True,T3,0,0,0,True,王たる資格を持つ者だけが扱える両手剣,euc_jp
4981112,147599736,0,.rodata,16,19,3,True,T3,0,0,0,True,ダーインスレイヴ,euc_jp
4981132,147599756,0,.rodata,50,51,1,True,T3,0,0,0,True,ひとたび剣を抜けば、必ず相手を死に至らしめる両手剣,euc_jp
4981184,147599808,0,.rodata,14,15,1,True,T3,0,0,0,True,レーヴァテイン,euc_jp
4981200,147599824,0,.rodata,44,47,3,True,T3,0,0,0,True,斬られた者は死の扉の前に立つといわれる両手剣,euc_jp
4981248,147599872,0,.rodata,6,7,1,True,T3,0,0,0,True,グラム,euc_jp
4981256,147599880,0,.rodata,34,35,1,True,T3,0,0,0,True,魔神を倒す為に鍛えたと伝わる両手剣,euc_jp
4981292,147599916,0,.rodata,18,19,1,True,T3,0,0,0,True,ソウルエッジ・大剣,euc_jp
4981312,147599936,0,.rodata,20,23,3,True,T3,0,0,0,True,ソウルエッジダイケン,euc_jp
4981336,147599960,0,.rodata,22,23,1,True,T3,0,0,0,True,ソウルキャリバー・大剣,euc_jp
4981360,147599984,0,.rodata,24,27,3,True,T3,0,0,0,True,ソウルキャリバーダイケン,euc_jp
4981388,147600012,0,.rodata,14,15,1,True,T3,0,0,0,True,セブンスサマー,euc_jp
4981404,147600028,0,.rodata,54,55,1,True,T3,0,0,0,True,ＴＯＷＲＭ２に登場したカノンノが本作で装備している武器,euc_jp
4981460,147600084,0,.rodata,10,11,1,True,T3,0,0,0,True,クレメンテ,euc_jp
4981472,147600096,0,.rodata,48,51,3,True,T3,0,0,0,True,ＴＯＤに登場したフィリアが本作で装備している武器,euc_jp
4981524,147600148,0,.rodata,18,19,1,True,T3,0,0,0,True,ファルステヴェルン,euc_jp
4981544,147600168,0,.rodata,48,51,3,True,T3,0,0,0,True,ＴＯＲに登場したヴェイグが本作で装備している武器,euc_jp
4981616,147600240,0,.rodata,32,35,3,True,T3,0,0,0,True,シンタクエイシヨウショウタイケン,euc_jp
4981652,147600276,0,.rodata,46,47,1,True,T3,0,0,0,True,ＴＯＡに登場したヴァンが本作で装備している武器,euc_jp
4981700,147600324,0,.rodata,14,15,1,True,T3,0,0,0,True,オータムリリィ,euc_jp
4981716,147600340,0,.rodata,44,47,3,True,T3,0,0,0,True,ロックスが鍛え上げて、カノンノに与えた両手剣,euc_jp
4981764,147600388,0,.rodata,18,19,1,True,T3,0,0,0,True,トライアルブレード,euc_jp
4984324,147602948,0,.rodata,6,7,1,True,T3,0,0,0,True,ナイフ,euc_jp
4984332,147602956,0,.rodata,22,23,1,True,T3,0,0,0,True,日用品的に扱われる短剣,euc_jp
4984356,147602980,0,.rodata,6,7,1,True,T3,0,0,0,True,ダガー,euc_jp
4984364,147602988,0,.rodata,46,47,1,True,T3,0,0,0,True,刺すだけではなく、投げる事も出来たとされる短剣,euc_jp
4984412,147603036,0,.rodata,14,15,1,True,T3,0,0,0,True,マン・ゴーシュ,euc_jp
4984428,147603052,0,.rodata,36,39,3,True,T3,0,0,0,True,相手の攻撃を受け流す仕組みがある短剣,euc_jp
4984468,147603092,0,.rodata,16,19,3,True,T3,0,0,0,True,マスケットナイフ,euc_jp
4984488,147603112,0,.rodata,18,19,1,True,T3,0,0,0,True,歩兵が携帯した短剣,euc_jp
4984508,147603132,0,.rodata,14,15,1,True,T3,0,0,0,True,ストーンエッジ,euc_jp
4984524,147603148,0,.rodata,34,35,1,True,T3,0,0,0,True,鉱物の精霊の加護を得るとされる短剣,euc_jp
4984560,147603184,0,.rodata,6,7,1,True,T3,0,0,0,True,ダーク,euc_jp
4984568,147603192,0,.rodata,46,47,1,True,T3,0,0,0,True,日常でも使われていた短剣。武器としても使用可能,euc_jp
4984616,147603240,0,.rodata,12,15,3,True,T3,0,0,0,True,ヒートダガー,euc_jp
4984632,147603256,0,.rodata,34,35,1,True,T3,0,0,0,True,炎の様な赤い刀身を持った鋭利な短剣,euc_jp
4984668,147603292,0,.rodata,14,15,1,True,T3,0,0,0,True,ブロンズナイフ,euc_jp
4984684,147603308,0,.rodata,24,27,3,True,T3,0,0,0,True,青銅によって作られた短剣,euc_jp
4984712,147603336,0,.rodata,6,7,1,True,T3,0,0,0,True,クリス,euc_jp
4984720,147603344,0,.rodata,24,27,3,True,T3,0,0,0,True,美しい装飾が施された短剣,euc_jp
4984748,147603372,0,.rodata,12,15,3,True,T3,0,0,0,True,クールエッジ,euc_jp
4984764,147603388,0,.rodata,44,47,3,True,T3,0,0,0,True,青い刀身から冷たいイメージをかもしだした短剣,euc_jp
4984812,147603436,0,.rodata,14,15,1,True,T3,0,0,0,True,デュエルナイフ,euc_jp
4984828,147603452,0,.rodata,34,35,1,True,T3,0,0,0,True,イニシエの王国で英雄に贈られた短剣,euc_jp
4984864,147603488,0,.rodata,12,15,3,True,T3,0,0,0,True,グラディウス,euc_jp
4984880,147603504,0,.rodata,28,31,3,True,T3,0,0,0,True,短剣の部類では長めで実戦向き,euc_jp
4984912,147603536,0,.rodata,12,15,3,True,T3,0,0,0,True,スティレット,euc_jp
4984928,147603552,0,.rodata,40,43,3,True,T3,0,0,0,True,切るよりも刺す事を目的とされた錐状の短剣,euc_jp
4984972,147603596,0,.rodata,14,15,1,True,T3,0,0,0,True,チンクエディア,euc_jp
4984988,147603612,0,.rodata,14,15,1,True,T3,0,0,0,True,身幅が広い短剣,euc_jp
4985012,147603636,0,.rodata,8,11,3,True,T3,0,0,0,True,アワユキ,euc_jp
4985024,147603648,0,.rodata,30,31,1,True,T3,0,0,0,True,淡い雪を思わせる刃紋を持つ短刀,euc_jp
4985056,147603680,0,.rodata,12,15,3,True,T3,0,0,0,True,ツインエッジ,euc_jp
4985072,147603696,0,.rodata,38,39,1,True,T3,0,0,0,True,二本の刀身を持つ事で戦闘力を増した短剣,euc_jp
4985112,147603736,0,.rodata,12,15,3,True,T3,0,0,0,True,バトルナイフ,euc_jp
4985128,147603752,0,.rodata,28,31,3,True,T3,0,0,0,True,ナイフを戦闘用に改良した短剣,euc_jp
4985160,147603784,0,.rodata,12,15,3,True,T3,0,0,0,True,ルーンダガー,euc_jp
4985176,147603800,0,.rodata,22,23,1,True,T3,0,0,0,True,神秘文様を刻んだダガー,euc_jp
4985200,147603824,0,.rodata,16,19,3,True,T3,0,0,0,True,マン・ゴーシュ改,euc_jp
4985220,147603844,0,.rodata,18,19,1,True,T3,0,0,0,True,マン・ゴーシュカイ,euc_jp
4985240,147603864,0,.rodata,28,31,3,True,T3,0,0,0,True,マン・ゴーシュを改良した短剣,euc_jp
4985272,147603896,0,.rodata,14,15,1,True,T3,0,0,0,True,ガンナーナイフ,euc_jp
4985288,147603912,0,.rodata,18,19,1,True,T3,0,0,0,True,銃士が携帯した短剣,euc_jp
4985308,147603932,0,.rodata,12,15,3,True,T3,0,0,0,True,アースエッジ,euc_jp
4985324,147603948,0,.rodata,28,31,3,True,T3,0,0,0,True,大地の加護を得るとされる短剣,euc_jp
4985356,147603980,0,.rodata,12,15,3,True,T3,0,0,0,True,ルーンダーク,euc_jp
4985372,147603996,0,.rodata,22,23,1,True,T3,0,0,0,True,神秘文様を刻んだダーク,euc_jp
4985396,147604020,0,.rodata,14,15,1,True,T3,0,0,0,True,フレイムダガー,euc_jp
4985412,147604036,0,.rodata,26,27,1,True,T3,0,0,0,True,炎の加護を得るとされる短剣,euc_jp
4985440,147604064,0,.rodata,14,15,1,True,T3,0,0,0,True,シルバーナイフ,euc_jp
4985456,147604080,0,.rodata,34,35,1,True,T3,0,0,0,True,魔よけの効果を持つとされる銀の短剣,euc_jp
4985492,147604116,0,.rodata,12,15,3,True,T3,0,0,0,True,ボーンクリス,euc_jp
4985508,147604132,0,.rodata,26,27,1,True,T3,0,0,0,True,柄に骨の模様を施したクリス,euc_jp
4985536,147604160,0,.rodata,12,15,3,True,T3,0,0,0,True,アイスエッジ,euc_jp
4985552,147604176,0,.rodata,26,27,1,True,T3,0,0,0,True,氷の様な冷たさを持った短剣,euc_jp
4985580,147604204,0,.rodata,16,19,3,True,T3,0,0,0,True,ソルジャーナイフ,euc_jp
4985600,147604224,0,.rodata,28,31,3,True,T3,0,0,0,True,デュエルナイフを改良した短剣,euc_jp
4985632,147604256,0,.rodata,14,15,1,True,T3,0,0,0,True,グラディウス改,euc_jp
4985648,147604272,0,.rodata,16,19,3,True,T3,0,0,0,True,グラディウスカイ,euc_jp
4985668,147604292,0,.rodata,26,27,1,True,T3,0,0,0,True,グラディウスを改良した短剣,euc_jp
4985696,147604320,0,.rodata,16,19,3,True,T3,0,0,0,True,タイガーファング,euc_jp
4985716,147604340,0,.rodata,30,31,1,True,T3,0,0,0,True,虎の牙の意を持つ、突き用の短剣,euc_jp
4985748,147604372,0,.rodata,14,15,1,True,T3,0,0,0,True,パワースパイク,euc_jp
4985764,147604388,0,.rodata,28,31,3,True,T3,0,0,0,True,力を入れやすい構造を持つ短剣,euc_jp
4985796,147604420,0,.rodata,4,7,3,True,T3,0,0,0,True,覆水,euc_jp
4985804,147604428,0,.rodata,8,11,3,True,T3,0,0,0,True,フクスイ,euc_jp
4985816,147604440,0,.rodata,34,35,1,True,T3,0,0,0,True,こぼれる水を思わせる刃紋を持つ短刀,euc_jp
4985852,147604476,0,.rodata,14,15,1,True,T3,0,0,0,True,デュアルエッジ,euc_jp
4985868,147604492,0,.rodata,26,27,1,True,T3,0,0,0,True,ツインエッジを改良した短剣,euc_jp
4985896,147604520,0,.rodata,12,15,3,True,T3,0,0,0,True,ウォーナイフ,euc_jp
4985912,147604536,0,.rodata,26,27,1,True,T3,0,0,0,True,バトルナイフを改良した短剣,euc_jp
4985940,147604564,0,.rodata,14,15,1,True,T3,0,0,0,True,ホーリーダガー,euc_jp
4985956,147604580,0,.rodata,24,27,3,True,T3,0,0,0,True,聖なる祝福を受けたダガー,euc_jp
4985984,147604608,0,.rodata,16,19,3,True,T3,0,0,0,True,マン・ゴーシュ極,euc_jp
4986004,147604628,0,.rodata,20,23,3,True,T3,0,0,0,True,マン・ゴーシュキョク,euc_jp
4986028,147604652,0,.rodata,30,31,1,True,T3,0,0,0,True,マン・ゴーシュ改を改良した短剣,euc_jp
4986060,147604684,0,.rodata,14,15,1,True,T3,0,0,0,True,ハンターナイフ,euc_jp
4986076,147604700,0,.rodata,22,23,1,True,T3,0,0,0,True,ハンターが携帯した短剣,euc_jp
4986100,147604724,0,.rodata,14,15,1,True,T3,0,0,0,True,アトラスエッジ,euc_jp
4986116,147604740,0,.rodata,40,43,3,True,T3,0,0,0,True,大地、星そのものの加護を得るとされる短剣,euc_jp
4986160,147604784,0,.rodata,14,15,1,True,T3,0,0,0,True,ホーリーダーク,euc_jp
4986176,147604800,0,.rodata,24,27,3,True,T3,0,0,0,True,聖なる祝福を受けたダーク,euc_jp
4986204,147604828,0,.rodata,14,15,1,True,T3,0,0,0,True,ブレイズダガー,euc_jp
4986220,147604844,0,.rodata,34,35,1,True,T3,0,0,0,True,切り口が焼ける様な痛みを与える短剣,euc_jp
4986256,147604880,0,.rodata,14,15,1,True,T3,0,0,0,True,プラチナナイフ,euc_jp
4986272,147604896,0,.rodata,16,19,3,True,T3,0,0,0,True,プラチナ製の短剣,euc_jp
4986292,147604916,0,.rodata,14,15,1,True,T3,0,0,0,True,ゴーストクリス,euc_jp
4986308,147604932,0,.rodata,28,31,3,True,T3,0,0,0,True,柄に幽霊の模様を施したクリス,euc_jp
4986340,147604964,0,.rodata,16,19,3,True,T3,0,0,0,True,ブリザードエッジ,euc_jp
4986360,147604984,0,.rodata,28,31,3,True,T3,0,0,0,True,凍てつく用な風格を感じる短剣,euc_jp
4986392,147605016,0,.rodata,16,19,3,True,T3,0,0,0,True,マシナリーナイフ,euc_jp
4986412,147605036,0,.rodata,30,31,1,True,T3,0,0,0,True,ソルジャーナイフを改良した短剣,euc_jp
4986444,147605068,0,.rodata,14,15,1,True,T3,0,0,0,True,グラディウス極,euc_jp
4986460,147605084,0,.rodata,18,19,1,True,T3,0,0,0,True,グラディウスキョク,euc_jp
4986480,147605104,0,.rodata,28,31,3,True,T3,0,0,0,True,グラディウス改を改良した短剣,euc_jp
4986512,147605136,0,.rodata,16,19,3,True,T3,0,0,0,True,ドラゴンファング,euc_jp
4986532,147605156,0,.rodata,30,31,1,True,T3,0,0,0,True,龍の牙の意を持つ、突き用の短剣,euc_jp
4986564,147605188,0,.rodata,14,15,1,True,T3,0,0,0,True,ボーンスパイク,euc_jp
4986580,147605204,0,.rodata,28,31,3,True,T3,0,0,0,True,打撃で骨を砕く構造を持つ短剣,euc_jp
4986620,147605244,0,.rodata,8,11,3,True,T3,0,0,0,True,ニョスイ,euc_jp
4986632,147605256,0,.rodata,38,39,1,True,T3,0,0,0,True,自在に流れる水を思わせる刃紋を持つ短刀,euc_jp
4986672,147605296,0,.rodata,14,15,1,True,T3,0,0,0,True,ツヴァイエッジ,euc_jp
4986688,147605312,0,.rodata,28,31,3,True,T3,0,0,0,True,デュアルエッジを改良した短剣,euc_jp
4986720,147605344,0,.rodata,12,15,3,True,T3,0,0,0,True,盗賊のダガー,euc_jp
4986736,147605360,0,.rodata,16,19,3,True,T3,0,0,0,True,トウゾクノダガー,euc_jp
4986756,147605380,0,.rodata,38,39,1,True,T3,0,0,0,True,ディセンダーと認められた盗賊専用の短剣,euc_jp
4986796,147605420,0,.rodata,10,11,1,True,T3,0,0,0,True,海賊の短剣,euc_jp
4986808,147605432,0,.rodata,18,19,1,True,T3,0,0,0,True,カイゾクノタンケン,euc_jp
4986828,147605452,0,.rodata,38,39,1,True,T3,0,0,0,True,ディセンダーと認められた海賊専用の短剣,euc_jp
4986868,147605492,0,.rodata,12,15,3,True,T3,0,0,0,True,義賊のダガー,euc_jp
4986884,147605508,0,.rodata,14,15,1,True,T3,0,0,0,True,ギゾクノダガー,euc_jp
4986900,147605524,0,.rodata,40,43,3,True,T3,0,0,0,True,ディセンダーの為に作られた盗賊専用の短剣,euc_jp
4986944,147605568,0,.rodata,18,19,1,True,T3,0,0,0,True,ヴァイキングダガー,euc_jp
4986964,147605588,0,.rodata,40,43,3,True,T3,0,0,0,True,ディセンダーの為に作られた海賊専用の短剣,euc_jp
4987016,147605640,0,.rodata,8,11,3,True,T3,0,0,0,True,ツボキリ,euc_jp
4987028,147605652,0,.rodata,32,35,3,True,T3,0,0,0,True,東方で皇太子が受け継ぐという脇差,euc_jp
4987076,147605700,0,.rodata,14,15,1,True,T3,0,0,0,True,イズシコガタナ,euc_jp
4987092,147605716,0,.rodata,22,23,1,True,T3,0,0,0,True,東方で神宝と伝わる脇差,euc_jp
4987128,147605752,0,.rodata,14,15,1,True,T3,0,0,0,True,アメノオハバリ,euc_jp
4987144,147605768,0,.rodata,24,27,3,True,T3,0,0,0,True,東方で神の名を冠する脇差,euc_jp
4987180,147605804,0,.rodata,6,7,1,True,T3,0,0,0,True,チドリ,euc_jp
4987188,147605812,0,.rodata,28,31,3,True,T3,0,0,0,True,東方で雷を斬ったと伝わる脇差,euc_jp
4987220,147605844,0,.rodata,6,7,1,True,T3,0,0,0,True,うちわ,euc_jp
4987228,147605852,0,.rodata,6,7,1,True,T3,0,0,0,True,ウチワ,euc_jp
4987236,147605860,0,.rodata,36,39,3,True,T3,0,0,0,True,和田どん、和田かつをあしらったうちわ,euc_jp
4987276,147605900,0,.rodata,12,15,3,True,T3,0,0,0,True,フランスパン,euc_jp
4987292,147605916,0,.rodata,22,23,1,True,T3,0,0,0,True,外皮が硬く香ばしいパン,euc_jp
4987316,147605940,0,.rodata,6,7,1,True,T3,0,0,0,True,サンマ,euc_jp
4987324,147605948,0,.rodata,20,23,3,True,T3,0,0,0,True,秋の味覚。冷凍サンマ,euc_jp
4987348,147605972,0,.rodata,10,11,1,True,T3,0,0,0,True,アトワイト,euc_jp
4987360,147605984,0,.rodata,48,51,3,True,T3,0,0,0,True,ＴＯＤに登場したルーティが本作で装備している武器,euc_jp
4987420,147606044,0,.rodata,10,11,1,True,T3,0,0,0,True,メッキマル,euc_jp
4987432,147606056,0,.rodata,48,51,3,True,T3,0,0,0,True,タキ愛用の短剣（出典：ソウルキャリバーシリーズ）,euc_jp
4987484,147606108,0,.rodata,16,19,3,True,T3,0,0,0,True,メイルブレイカー,euc_jp
4987504,147606128,0,.rodata,16,19,3,True,T3,0,0,0,True,トライアルナイフ,euc_jp
4990416,147609040,0,.rodata,6,7,1,True,T3,0,0,0,True,アクス,euc_jp
4990424,147609048,0,.rodata,22,23,1,True,T3,0,0,0,True,主に伐採に使用される斧,euc_jp
4990448,147609072,0,.rodata,8,11,3,True,T3,0,0,0,True,ハンマー,euc_jp
4990460,147609084,0,.rodata,30,31,1,True,T3,0,0,0,True,杭打ちなどの工事に使用される槌,euc_jp
4990492,147609116,0,.rodata,14,15,1,True,T3,0,0,0,True,ノッカーアクス,euc_jp
4990508,147609132,0,.rodata,36,39,3,True,T3,0,0,0,True,妖精ノッカーが製法を伝えたとされる斧,euc_jp
4990548,147609172,0,.rodata,12,15,3,True,T3,0,0,0,True,フランシスカ,euc_jp
4990564,147609188,0,.rodata,32,35,3,True,T3,0,0,0,True,その昔は投擲用として用いられた斧,euc_jp
4990600,147609224,0,.rodata,10,11,1,True,T3,0,0,0,True,アルゲース,euc_jp
4990612,147609236,0,.rodata,44,47,3,True,T3,0,0,0,True,単眼巨人三兄弟の三男アルゲースの名を冠する斧,euc_jp
4990660,147609284,0,.rodata,16,19,3,True,T3,0,0,0,True,カラリワリアクス,euc_jp
4990680,147609304,0,.rodata,48,51,3,True,T3,0,0,0,True,ある部族の神カラリワリに選ばれた戦士が手にする斧,euc_jp
4990732,147609356,0,.rodata,14,15,1,True,T3,0,0,0,True,ニードルアクス,euc_jp
4990748,147609372,0,.rodata,22,23,1,True,T3,0,0,0,True,スパイク状の刃を持つ斧,euc_jp
4990772,147609396,0,.rodata,12,15,3,True,T3,0,0,0,True,ビークアクス,euc_jp
4990788,147609412,0,.rodata,38,39,1,True,T3,0,0,0,True,アックスビークを彷彿とさせる刃を持つ斧,euc_jp
4990828,147609452,0,.rodata,14,15,1,True,T3,0,0,0,True,グレートアクス,euc_jp
4990844,147609468,0,.rodata,32,35,3,True,T3,0,0,0,True,大柄な斧。生半可な力では使えない,euc_jp
4990880,147609504,0,.rodata,12,15,3,True,T3,0,0,0,True,タマスアクス,euc_jp
4990896,147609520,0,.rodata,28,31,3,True,T3,0,0,0,True,万物の闇い質を知る者が扱う斧,euc_jp
4990928,147609552,0,.rodata,14,15,1,True,T3,0,0,0,True,デュエルピック,euc_jp
4990944,147609568,0,.rodata,36,39,3,True,T3,0,0,0,True,イニシエの王国で英雄に贈られたピック,euc_jp
4990984,147609608,0,.rodata,16,19,3,True,T3,0,0,0,True,ニードルハンマー,euc_jp
4991004,147609628,0,.rodata,22,23,1,True,T3,0,0,0,True,トゲが付いた鉄球状の槌,euc_jp
4991028,147609652,0,.rodata,18,19,1,True,T3,0,0,0,True,ツインエッジアクス,euc_jp
4991048,147609672,0,.rodata,22,23,1,True,T3,0,0,0,True,大小二つの刃を持った斧,euc_jp
4991072,147609696,0,.rodata,16,19,3,True,T3,0,0,0,True,ゴブリンハンマー,euc_jp
4991092,147609716,0,.rodata,28,31,3,True,T3,0,0,0,True,鬼の顔があしらわれたハンマー,euc_jp
4991124,147609748,0,.rodata,12,15,3,True,T3,0,0,0,True,バトルアクス,euc_jp
4991140,147609764,0,.rodata,24,27,3,True,T3,0,0,0,True,戦闘用に処理が施された斧,euc_jp
4991168,147609792,0,.rodata,14,15,1,True,T3,0,0,0,True,バトルハンマー,euc_jp
4991184,147609808,0,.rodata,24,27,3,True,T3,0,0,0,True,戦闘用に処理が施された槌,euc_jp
4991212,147609836,0,.rodata,14,15,1,True,T3,0,0,0,True,コボルトアクス,euc_jp
4991228,147609852,0,.rodata,36,39,3,True,T3,0,0,0,True,妖精コボルトが製法を伝えたとされる斧,euc_jp
4991268,147609892,0,.rodata,14,15,1,True,T3,0,0,0,True,フランシスカ改,euc_jp
4991284,147609908,0,.rodata,16,19,3,True,T3,0,0,0,True,フランシスカカイ,euc_jp
4991304,147609928,0,.rodata,24,27,3,True,T3,0,0,0,True,フランシスカを改良した斧,euc_jp
4991332,147609956,0,.rodata,12,15,3,True,T3,0,0,0,True,ステロペース,euc_jp
4991348,147609972,0,.rodata,46,47,1,True,T3,0,0,0,True,単眼巨人三兄弟の次男ステロペースの名を冠する斧,euc_jp
4991396,147610020,0,.rodata,14,15,1,True,T3,0,0,0,True,シャクラアクス,euc_jp
4991412,147610036,0,.rodata,46,47,1,True,T3,0,0,0,True,ある部族の神シャクラに選ばれた戦士が手にする斧,euc_jp
4991460,147610084,0,.rodata,16,19,3,True,T3,0,0,0,True,ニードルアクス改,euc_jp
4991480,147610104,0,.rodata,18,19,1,True,T3,0,0,0,True,ニードルアクスカイ,euc_jp
4991500,147610124,0,.rodata,26,27,1,True,T3,0,0,0,True,ニードルアクスを改良した斧,euc_jp
4991528,147610152,0,.rodata,14,15,1,True,T3,0,0,0,True,ビークアクス改,euc_jp
4991544,147610168,0,.rodata,16,19,3,True,T3,0,0,0,True,ビークアクスカイ,euc_jp
4991564,147610188,0,.rodata,24,27,3,True,T3,0,0,0,True,ビークアクスを改良した斧,euc_jp
4991592,147610216,0,.rodata,18,19,1,True,T3,0,0,0,True,ジャイアントアクス,euc_jp
4991612,147610236,0,.rodata,38,39,1,True,T3,0,0,0,True,とても大柄な斧。生半可な力では使えない,euc_jp
4991652,147610276,0,.rodata,14,15,1,True,T3,0,0,0,True,ラジャスアクス,euc_jp
4991668,147610292,0,.rodata,30,31,1,True,T3,0,0,0,True,万物の激しい質を知る者が扱う斧,euc_jp
4991700,147610324,0,.rodata,12,15,3,True,T3,0,0,0,True,バトルピック,euc_jp
4991716,147610340,0,.rodata,30,31,1,True,T3,0,0,0,True,戦闘向きに処理が施されたピック,euc_jp
4991748,147610372,0,.rodata,18,19,1,True,T3,0,0,0,True,ニードルハンマー改,euc_jp
4991768,147610392,0,.rodata,20,23,3,True,T3,0,0,0,True,ニードルハンマーカイ,euc_jp
4991792,147610416,0,.rodata,28,31,3,True,T3,0,0,0,True,ニードルハンマーを改良した槌,euc_jp
4991824,147610448,0,.rodata,20,23,3,True,T3,0,0,0,True,デュアルエッジアクス,euc_jp
4991848,147610472,0,.rodata,28,31,3,True,T3,0,0,0,True,切れ味を増した大小二枚刃の斧,euc_jp
4991880,147610504,0,.rodata,20,23,3,True,T3,0,0,0,True,オーキッシュハンマー,euc_jp
4991904,147610528,0,.rodata,40,43,3,True,T3,0,0,0,True,魔物をも畏怖させる大鬼の面を持つハンマー,euc_jp
4991948,147610572,0,.rodata,12,15,3,True,T3,0,0,0,True,ウォーアクス,euc_jp
4991964,147610588,0,.rodata,26,27,1,True,T3,0,0,0,True,戦時中に兵士に支給された斧,euc_jp
4991992,147610616,0,.rodata,14,15,1,True,T3,0,0,0,True,ウォーハンマー,euc_jp
4992008,147610632,0,.rodata,26,27,1,True,T3,0,0,0,True,戦時中に兵士に支給された槌,euc_jp
4992036,147610660,0,.rodata,14,15,1,True,T3,0,0,0,True,ブキオドアクス,euc_jp
4992052,147610676,0,.rodata,36,39,3,True,T3,0,0,0,True,妖精ブキオドが製法を伝えたとされる斧,euc_jp
4992092,147610716,0,.rodata,14,15,1,True,T3,0,0,0,True,フランシスカ極,euc_jp
4992108,147610732,0,.rodata,18,19,1,True,T3,0,0,0,True,フランシスカキョク,euc_jp
4992128,147610752,0,.rodata,26,27,1,True,T3,0,0,0,True,フランシスカ改を改良した斧,euc_jp
4992156,147610780,0,.rodata,12,15,3,True,T3,0,0,0,True,ブロンテース,euc_jp
4992172,147610796,0,.rodata,46,47,1,True,T3,0,0,0,True,単眼巨人三兄弟の長男ブロンテースの名を冠する斧,euc_jp
4992220,147610844,0,.rodata,20,23,3,True,T3,0,0,0,True,ティラワハットアクス,euc_jp
4992244,147610868,0,.rodata,52,55,3,True,T3,0,0,0,True,ある部族の神ティラワハットに選ばれた戦士が手にする斧,euc_jp
4992300,147610924,0,.rodata,16,19,3,True,T3,0,0,0,True,ニードルアクス極,euc_jp
4992320,147610944,0,.rodata,20,23,3,True,T3,0,0,0,True,ニードルアクスキョク,euc_jp
4992344,147610968,0,.rodata,28,31,3,True,T3,0,0,0,True,ニードルアクス改を改良した斧,euc_jp
4992376,147611000,0,.rodata,14,15,1,True,T3,0,0,0,True,ビークアクス極,euc_jp
4992392,147611016,0,.rodata,18,19,1,True,T3,0,0,0,True,ビークアクスキョク,euc_jp
4992412,147611036,0,.rodata,26,27,1,True,T3,0,0,0,True,ビークアクス改を改良した斧,euc_jp
4992440,147611064,0,.rodata,18,19,1,True,T3,0,0,0,True,エンシェントアクス,euc_jp
4992460,147611084,0,.rodata,12,15,3,True,T3,0,0,0,True,古代様式の斧,euc_jp
4992476,147611100,0,.rodata,16,19,3,True,T3,0,0,0,True,サットヴァアクス,euc_jp
4992496,147611120,0,.rodata,30,31,1,True,T3,0,0,0,True,万物の純粋な質を知る者が扱う斧,euc_jp
4992528,147611152,0,.rodata,12,15,3,True,T3,0,0,0,True,ウォーピック,euc_jp
4992544,147611168,0,.rodata,34,35,1,True,T3,0,0,0,True,城攻めの兵隊に支給されていたピック,euc_jp
4992580,147611204,0,.rodata,18,19,1,True,T3,0,0,0,True,ニードルハンマー極,euc_jp
4992600,147611224,0,.rodata,22,23,1,True,T3,0,0,0,True,ニードルハンマーキョク,euc_jp
4992624,147611248,0,.rodata,30,31,1,True,T3,0,0,0,True,ニードルハンマー改を改良した槌,euc_jp
4992656,147611280,0,.rodata,12,15,3,True,T3,0,0,0,True,ラビリントス,euc_jp
4992672,147611296,0,.rodata,24,27,3,True,T3,0,0,0,True,伝説の名斧の名を冠する斧,euc_jp
4992700,147611324,0,.rodata,14,15,1,True,T3,0,0,0,True,オーガハンマー,euc_jp
4992716,147611340,0,.rodata,46,47,1,True,T3,0,0,0,True,見た者は逃げ出したくなる形相の面を持つハンマー,euc_jp
4992764,147611388,0,.rodata,8,11,3,True,T3,0,0,0,True,戦士の斧,euc_jp
4992776,147611400,0,.rodata,12,15,3,True,T3,0,0,0,True,センシノオノ,euc_jp
4992792,147611416,0,.rodata,36,39,3,True,T3,0,0,0,True,ディセンダーと認められた戦士専用の斧,euc_jp
4992832,147611456,0,.rodata,8,11,3,True,T3,0,0,0,True,闘士の斧,euc_jp
4992844,147611468,0,.rodata,12,15,3,True,T3,0,0,0,True,トウシノオノ,euc_jp
4992860,147611484,0,.rodata,38,39,1,True,T3,0,0,0,True,ディセンダーの為に作られた戦士専用の斧,euc_jp
4992900,147611524,0,.rodata,16,19,3,True,T3,0,0,0,True,バハムートティア,euc_jp
4992920,147611544,0,.rodata,32,35,3,True,T3,0,0,0,True,伝説の竜をも引き裂く力を秘めた斧,euc_jp
4992956,147611580,0,.rodata,10,11,1,True,T3,0,0,0,True,ディアブロ,euc_jp
4992968,147611592,0,.rodata,32,35,3,True,T3,0,0,0,True,その昔、伝説の悪魔が使っていた斧,euc_jp
4993004,147611628,0,.rodata,10,11,1,True,T3,0,0,0,True,ミョルニル,euc_jp
4993016,147611640,0,.rodata,58,59,1,True,T3,0,0,0,True,雷神トールが愛用していた「打ち砕くもの」という意味を持つ鎚,euc_jp
4993076,147611700,0,.rodata,12,15,3,True,T3,0,0,0,True,ミノタウロス,euc_jp
4993092,147611716,0,.rodata,38,39,1,True,T3,0,0,0,True,迷宮に潜む獣人が使用していたとされる斧,euc_jp
4993132,147611756,0,.rodata,16,19,3,True,T3,0,0,0,True,ピコピコハンマー,euc_jp
4993152,147611776,0,.rodata,26,27,1,True,T3,0,0,0,True,これを振っても技は出ません,euc_jp
4993180,147611804,0,.rodata,8,11,3,True,T3,0,0,0,True,鬼の金棒,euc_jp
4993192,147611816,0,.rodata,14,15,1,True,T3,0,0,0,True,オニノカナボウ,euc_jp
4993208,147611832,0,.rodata,32,35,3,True,T3,0,0,0,True,節分のマト役を演じる事が出来ます,euc_jp
4993244,147611868,0,.rodata,18,19,1,True,T3,0,0,0,True,ガイアクリーヴァー,euc_jp
4993264,147611888,0,.rodata,48,51,3,True,T3,0,0,0,True,ＴＯＳに登場したプレセアが本作で装備している武器,euc_jp
4993316,147611940,0,.rodata,22,23,1,True,T3,0,0,0,True,ディアボリックファング,euc_jp
4993340,147611964,0,.rodata,60,63,3,True,T3,0,0,0,True,ＴＯＤ、ＴＯＤ２に登場したバルバトスが本作で装備している武器,euc_jp
4993404,147612028,0,.rodata,16,19,3,True,T3,0,0,0,True,モフモフハンマー,euc_jp
4993424,147612048,0,.rodata,46,47,1,True,T3,0,0,0,True,ＴＯＬに登場したウィルが本作で装備している武器,euc_jp
4993480,147612104,0,.rodata,8,11,3,True,T3,0,0,0,True,ラクヨウ,euc_jp
4993492,147612116,0,.rodata,16,19,3,True,T3,0,0,0,True,トライアルアクス,euc_jp
4996052,147614676,0,.rodata,8,11,3,True,T3,0,0,0,True,スタッフ,euc_jp
4996064,147614688,0,.rodata,22,23,1,True,T3,0,0,0,True,両手で持つ様に出来た杖,euc_jp
4996088,147614712,0,.rodata,20,23,3,True,T3,0,0,0,True,スターライトスタッフ,euc_jp
4996112,147614736,0,.rodata,28,31,3,True,T3,0,0,0,True,星の女神の使いが宿るスタッフ,euc_jp
4996144,147614768,0,.rodata,8,11,3,True,T3,0,0,0,True,セプター,euc_jp
4996156,147614780,0,.rodata,16,19,3,True,T3,0,0,0,True,儀礼用のセプター,euc_jp
4996176,147614800,0,.rodata,16,19,3,True,T3,0,0,0,True,アイアンセプター,euc_jp
4996196,147614820,0,.rodata,10,11,1,True,T3,0,0,0,True,鉄製の王笏,euc_jp
4996208,147614832,0,.rodata,6,7,1,True,T3,0,0,0,True,ワンド,euc_jp
4996216,147614840,0,.rodata,16,19,3,True,T3,0,0,0,True,魔力を宿らせた棒,euc_jp
4996236,147614860,0,.rodata,16,19,3,True,T3,0,0,0,True,シャーマンワンド,euc_jp
4996256,147614880,0,.rodata,10,11,1,True,T3,0,0,0,True,呪術用の棒,euc_jp
4996268,147614892,0,.rodata,6,7,1,True,T3,0,0,0,True,ロッド,euc_jp
4996276,147614900,0,.rodata,16,19,3,True,T3,0,0,0,True,魔力を宿らせた杖,euc_jp
4996296,147614920,0,.rodata,14,15,1,True,T3,0,0,0,True,セイントロッド,euc_jp
4996312,147614936,0,.rodata,30,31,1,True,T3,0,0,0,True,聖者が使っていたとされるロッド,euc_jp
4996352,147614976,0,.rodata,16,19,3,True,T3,0,0,0,True,リョウテツジョウ,euc_jp
4996372,147614996,0,.rodata,30,31,1,True,T3,0,0,0,True,杖の両端に鉄製の装飾をつけた杖,euc_jp
4996404,147615028,0,.rodata,16,19,3,True,T3,0,0,0,True,スローネセプター,euc_jp
4996424,147615048,0,.rodata,38,39,1,True,T3,0,0,0,True,座天使スローネが持つといわれるセプター,euc_jp
4996464,147615088,0,.rodata,6,7,1,True,T3,0,0,0,True,メイス,euc_jp
4996472,147615096,0,.rodata,38,39,1,True,T3,0,0,0,True,先端に付けられた重りで攻撃力を高めた杖,euc_jp
4996512,147615136,0,.rodata,12,15,3,True,T3,0,0,0,True,修行僧の錫杖,euc_jp
4996528,147615152,0,.rodata,28,31,3,True,T3,0,0,0,True,シュギョウソウノシャクジョウ,euc_jp
4996560,147615184,0,.rodata,20,23,3,True,T3,0,0,0,True,修行僧が愛用する錫杖,euc_jp
4996584,147615208,0,.rodata,12,15,3,True,T3,0,0,0,True,グールワンド,euc_jp
4996600,147615224,0,.rodata,32,35,3,True,T3,0,0,0,True,屍肉を糧に育った木で作ったワンド,euc_jp
4996636,147615260,0,.rodata,16,19,3,True,T3,0,0,0,True,アイアンスタッフ,euc_jp
4996656,147615280,0,.rodata,14,15,1,True,T3,0,0,0,True,鉄製のスタッフ,euc_jp
4996672,147615296,0,.rodata,14,15,1,True,T3,0,0,0,True,キュートロッド,euc_jp
4996688,147615312,0,.rodata,16,19,3,True,T3,0,0,0,True,気分はマジカル☆,euc_jp
4996708,147615332,0,.rodata,14,15,1,True,T3,0,0,0,True,シルバーロッド,euc_jp
4996724,147615348,0,.rodata,12,15,3,True,T3,0,0,0,True,銀製のロッド,euc_jp
4996740,147615364,0,.rodata,20,23,3,True,T3,0,0,0,True,パワーストーンロッド,euc_jp
4996764,147615388,0,.rodata,40,43,3,True,T3,0,0,0,True,運気を上げるとされる宝石があしらわれた杖,euc_jp
4996808,147615432,0,.rodata,14,15,1,True,T3,0,0,0,True,フォースロッド,euc_jp
4996824,147615448,0,.rodata,40,43,3,True,T3,0,0,0,True,魔力を秘めるとされる宝石があしらわれた杖,euc_jp
4996868,147615492,0,.rodata,14,15,1,True,T3,0,0,0,True,サークルロッド,euc_jp
4996884,147615508,0,.rodata,32,35,3,True,T3,0,0,0,True,惑星を彷彿とさせる飾りのついた杖,euc_jp
4996920,147615544,0,.rodata,14,15,1,True,T3,0,0,0,True,バトルスタッフ,euc_jp
4996936,147615560,0,.rodata,24,27,3,True,T3,0,0,0,True,戦闘用に処理が施された杖,euc_jp
4996964,147615588,0,.rodata,18,19,1,True,T3,0,0,0,True,ルナライトスタッフ,euc_jp
4996984,147615608,0,.rodata,28,31,3,True,T3,0,0,0,True,月の女神の使いが宿るスタッフ,euc_jp
4997016,147615640,0,.rodata,14,15,1,True,T3,0,0,0,True,バトルセプター,euc_jp
4997032,147615656,0,.rodata,30,31,1,True,T3,0,0,0,True,戦闘用に処理が施されたセプター,euc_jp
4997064,147615688,0,.rodata,16,19,3,True,T3,0,0,0,True,シルバーセプター,euc_jp
4997084,147615708,0,.rodata,14,15,1,True,T3,0,0,0,True,銀製のセプター,euc_jp
4997100,147615724,0,.rodata,14,15,1,True,T3,0,0,0,True,マジックワンド,euc_jp
4997116,147615740,0,.rodata,22,23,1,True,T3,0,0,0,True,魔力を吹き込んだワンド,euc_jp
4997140,147615764,0,.rodata,12,15,3,True,T3,0,0,0,True,ロードワンド,euc_jp
4997156,147615780,0,.rodata,20,23,3,True,T3,0,0,0,True,権力者が使っていた棒,euc_jp
4997180,147615804,0,.rodata,14,15,1,True,T3,0,0,0,True,アイアンロッド,euc_jp
4997196,147615820,0,.rodata,12,15,3,True,T3,0,0,0,True,鉄製のロッド,euc_jp
4997212,147615836,0,.rodata,14,15,1,True,T3,0,0,0,True,ホーリーロッド,euc_jp
4997228,147615852,0,.rodata,16,19,3,True,T3,0,0,0,True,聖別されたロッド,euc_jp
4997248,147615872,0,.rodata,18,19,1,True,T3,0,0,0,True,シンメトリーロッド,euc_jp
4997268,147615892,0,.rodata,24,27,3,True,T3,0,0,0,True,シンメトリカルな形状の杖,euc_jp
4997296,147615920,0,.rodata,14,15,1,True,T3,0,0,0,True,ケルブセプター,euc_jp
4997312,147615936,0,.rodata,36,39,3,True,T3,0,0,0,True,智天使ケルブが持つといわれるセプター,euc_jp
4997352,147615976,0,.rodata,12,15,3,True,T3,0,0,0,True,ヘビーメイス,euc_jp
4997368,147615992,0,.rodata,30,31,1,True,T3,0,0,0,True,重い一撃を放つ事が出来るメイス,euc_jp
4997400,147616024,0,.rodata,10,11,1,True,T3,0,0,0,True,僧侶の錫杖,euc_jp
4997412,147616036,0,.rodata,22,23,1,True,T3,0,0,0,True,ソウリョノシャクジョウ,euc_jp
4997436,147616060,0,.rodata,18,19,1,True,T3,0,0,0,True,僧侶が愛用する錫杖,euc_jp
4997456,147616080,0,.rodata,16,19,3,True,T3,0,0,0,True,ファントムワンド,euc_jp
4997476,147616100,0,.rodata,30,31,1,True,T3,0,0,0,True,遭難した船の残骸で作ったワンド,euc_jp
4997508,147616132,0,.rodata,16,19,3,True,T3,0,0,0,True,シルバースタッフ,euc_jp
4997528,147616152,0,.rodata,14,15,1,True,T3,0,0,0,True,銀製のスタッフ,euc_jp
4997544,147616168,0,.rodata,12,15,3,True,T3,0,0,0,True,スターロッド,euc_jp
4997560,147616184,0,.rodata,26,27,1,True,T3,0,0,0,True,星のあしらわれたかわいい杖,euc_jp
4997588,147616212,0,.rodata,14,15,1,True,T3,0,0,0,True,ミスリルロッド,euc_jp
4997604,147616228,0,.rodata,18,19,1,True,T3,0,0,0,True,ミスリル製のロッド,euc_jp
4997624,147616248,0,.rodata,18,19,1,True,T3,0,0,0,True,パワーオーブロッド,euc_jp
4997644,147616268,0,.rodata,40,43,3,True,T3,0,0,0,True,運気を上げるとされるオーブをあしらった杖,euc_jp
4997688,147616312,0,.rodata,12,15,3,True,T3,0,0,0,True,ジェムロッド,euc_jp
4997704,147616328,0,.rodata,30,31,1,True,T3,0,0,0,True,魔力を秘めた宝石をあしらった杖,euc_jp
4997736,147616360,0,.rodata,16,19,3,True,T3,0,0,0,True,サークルロッド改,euc_jp
4997756,147616380,0,.rodata,18,19,1,True,T3,0,0,0,True,サークルロッドカイ,euc_jp
4997776,147616400,0,.rodata,28,31,3,True,T3,0,0,0,True,より強化されたサークルロッド,euc_jp
4997808,147616432,0,.rodata,14,15,1,True,T3,0,0,0,True,ウォースタッフ,euc_jp
4997824,147616448,0,.rodata,26,27,1,True,T3,0,0,0,True,戦時中に兵士に支給された杖,euc_jp
4997852,147616476,0,.rodata,18,19,1,True,T3,0,0,0,True,ソルライトスタッフ,euc_jp
4997872,147616496,0,.rodata,30,31,1,True,T3,0,0,0,True,太陽の女神の使いが宿るスタッフ,euc_jp
4997904,147616528,0,.rodata,14,15,1,True,T3,0,0,0,True,ウォーセプター,euc_jp
4997920,147616544,0,.rodata,32,35,3,True,T3,0,0,0,True,戦時中に兵士に支給されたセプター,euc_jp
4997956,147616580,0,.rodata,16,19,3,True,T3,0,0,0,True,ミスリルセプター,euc_jp
4997976,147616600,0,.rodata,20,23,3,True,T3,0,0,0,True,ミスリル製のセプター,euc_jp
4998000,147616624,0,.rodata,18,19,1,True,T3,0,0,0,True,ミスティックワンド,euc_jp
4998020,147616644,0,.rodata,26,27,1,True,T3,0,0,0,True,神秘的な雰囲気を持つワンド,euc_jp
4998048,147616672,0,.rodata,14,15,1,True,T3,0,0,0,True,グレイブワンド,euc_jp
4998064,147616688,0,.rodata,28,31,3,True,T3,0,0,0,True,死者の怨念が込められたワンド,euc_jp
4998096,147616720,0,.rodata,16,19,3,True,T3,0,0,0,True,ワーロックロッド,euc_jp
4998116,147616740,0,.rodata,20,23,3,True,T3,0,0,0,True,魔法を使う者のロッド,euc_jp
4998140,147616764,0,.rodata,10,11,1,True,T3,0,0,0,True,ＲＣロッド,euc_jp
4998152,147616776,0,.rodata,22,23,1,True,T3,0,0,0,True,レッドクリスタルロッド,euc_jp
4998176,147616800,0,.rodata,34,35,1,True,T3,0,0,0,True,イシュタル伝説に登場するＲＣロッド,euc_jp
4998212,147616836,0,.rodata,14,15,1,True,T3,0,0,0,True,ジェミニロッド,euc_jp
4998228,147616852,0,.rodata,46,47,1,True,T3,0,0,0,True,両先に同じ先端を持つ事から双子と名付けられた杖,euc_jp
4998276,147616900,0,.rodata,14,15,1,True,T3,0,0,0,True,セラフセプター,euc_jp
4998292,147616916,0,.rodata,36,39,3,True,T3,0,0,0,True,熾天使セラフが持つといわれるセプター,euc_jp
4998332,147616956,0,.rodata,14,15,1,True,T3,0,0,0,True,グランドメイス,euc_jp
4998348,147616972,0,.rodata,28,31,3,True,T3,0,0,0,True,すさまじい破壊力を持つメイス,euc_jp
4998380,147617004,0,.rodata,10,11,1,True,T3,0,0,0,True,高僧の錫杖,euc_jp
4998392,147617016,0,.rodata,22,23,1,True,T3,0,0,0,True,コウソウノシャクジョウ,euc_jp
4998416,147617040,0,.rodata,18,19,1,True,T3,0,0,0,True,高僧が愛用する錫杖,euc_jp
4998436,147617060,0,.rodata,14,15,1,True,T3,0,0,0,True,ゴーストワンド,euc_jp
4998452,147617076,0,.rodata,34,35,1,True,T3,0,0,0,True,霊力あらたかな木から作られたワンド,euc_jp
4998488,147617112,0,.rodata,16,19,3,True,T3,0,0,0,True,ミスリルスタッフ,euc_jp
4998508,147617132,0,.rodata,20,23,3,True,T3,0,0,0,True,ミスリル製のスタッフ,euc_jp
4998532,147617156,0,.rodata,20,23,3,True,T3,0,0,0,True,シューティングスター,euc_jp
4998556,147617180,0,.rodata,32,35,3,True,T3,0,0,0,True,流星の如き一撃を放つ事の出来る杖,euc_jp
4998592,147617216,0,.rodata,10,11,1,True,T3,0,0,0,True,ＢＣロッド,euc_jp
4998604,147617228,0,.rodata,22,23,1,True,T3,0,0,0,True,ブルークリスタルロッド,euc_jp
4998628,147617252,0,.rodata,34,35,1,True,T3,0,0,0,True,イシュタル伝説に登場するＢＣロッド,euc_jp
4998664,147617288,0,.rodata,20,23,3,True,T3,0,0,0,True,マジックオーブロッド,euc_jp
4998688,147617312,0,.rodata,28,31,3,True,T3,0,0,0,True,使用者を加護する力を秘めた杖,euc_jp
4998720,147617344,0,.rodata,12,15,3,True,T3,0,0,0,True,ルビーロッド,euc_jp
4998736,147617360,0,.rodata,30,31,1,True,T3,0,0,0,True,使うほどに魔力を増すとされる杖,euc_jp
4998768,147617392,0,.rodata,10,11,1,True,T3,0,0,0,True,プラネテス,euc_jp
4998780,147617404,0,.rodata,18,19,1,True,T3,0,0,0,True,惑星の名を冠する杖,euc_jp
4998800,147617424,0,.rodata,10,11,1,True,T3,0,0,0,True,魔術師の杖,euc_jp
4998812,147617436,0,.rodata,16,19,3,True,T3,0,0,0,True,マジュツシノツエ,euc_jp
4998832,147617456,0,.rodata,42,43,1,True,T3,0,0,0,True,ディセンダーと認められた魔術師専用のロッド,euc_jp
4998876,147617500,0,.rodata,10,11,1,True,T3,0,0,0,True,修道師の杖,euc_jp
4998888,147617512,0,.rodata,18,19,1,True,T3,0,0,0,True,シュウドウシノツエ,euc_jp
4998908,147617532,0,.rodata,42,43,1,True,T3,0,0,0,True,ディセンダーと認められた僧侶専用のスタッフ,euc_jp
4998952,147617576,0,.rodata,10,11,1,True,T3,0,0,0,True,司教の王笏,euc_jp
4998964,147617588,0,.rodata,20,23,3,True,T3,0,0,0,True,シキョウノオウシャク,euc_jp
4998988,147617612,0,.rodata,46,47,1,True,T3,0,0,0,True,ディセンダーと認められたビショップ専用のロッド,euc_jp
4999036,147617660,0,.rodata,10,11,1,True,T3,0,0,0,True,魔導師の杖,euc_jp
4999048,147617672,0,.rodata,14,15,1,True,T3,0,0,0,True,マドウシノツエ,euc_jp
4999064,147617688,0,.rodata,44,47,3,True,T3,0,0,0,True,ディセンダーの為に作られた魔術師専用のロッド,euc_jp
4999112,147617736,0,.rodata,8,11,3,True,T3,0,0,0,True,司祭の杖,euc_jp
4999124,147617748,0,.rodata,12,15,3,True,T3,0,0,0,True,シサイノツエ,euc_jp
4999140,147617764,0,.rodata,44,47,3,True,T3,0,0,0,True,ディセンダーの為に作られた僧侶専用のスタッフ,euc_jp
4999188,147617812,0,.rodata,10,11,1,True,T3,0,0,0,True,教皇の王笏,euc_jp
4999200,147617824,0,.rodata,22,23,1,True,T3,0,0,0,True,キョウコウノオウシャク,euc_jp
4999224,147617848,0,.rodata,48,51,3,True,T3,0,0,0,True,ディセンダーの為に作られたビショップ専用のロッド,euc_jp
4999276,147617900,0,.rodata,14,15,1,True,T3,0,0,0,True,ゲイルスタッフ,euc_jp
4999292,147617916,0,.rodata,24,27,3,True,T3,0,0,0,True,先端に宝玉を飾り付けた杖,euc_jp
4999320,147617944,0,.rodata,10,11,1,True,T3,0,0,0,True,ウロボロス,euc_jp
4999332,147617956,0,.rodata,22,23,1,True,T3,0,0,0,True,自らを飲み込む大蛇の杖,euc_jp
4999356,147617980,0,.rodata,18,19,1,True,T3,0,0,0,True,ハヌマーンシャフト,euc_jp
4999376,147618000,0,.rodata,28,31,3,True,T3,0,0,0,True,獣神ハヌマーンの名を冠する棒,euc_jp
4999408,147618032,0,.rodata,14,15,1,True,T3,0,0,0,True,ケリュケイオン,euc_jp
4999424,147618048,0,.rodata,34,35,1,True,T3,0,0,0,True,その昔、伝令使が持っていたという杖,euc_jp
4999460,147618084,0,.rodata,12,15,3,True,T3,0,0,0,True,デッキブラシ,euc_jp
4999476,147618100,0,.rodata,16,19,3,True,T3,0,0,0,True,清掃にも使える杖,euc_jp
4999496,147618120,0,.rodata,16,19,3,True,T3,0,0,0,True,フォニックメイス,euc_jp
4999516,147618140,0,.rodata,46,47,1,True,T3,0,0,0,True,ＴＯＡに登場したティアが本作で装備している武器,euc_jp
4999564,147618188,0,.rodata,16,19,3,True,T3,0,0,0,True,フォニックロッド,euc_jp
4999584,147618208,0,.rodata,46,47,1,True,T3,0,0,0,True,ＴＯＡに登場したアニスが本作で装備している武器,euc_jp
4999632,147618256,0,.rodata,16,19,3,True,T3,0,0,0,True,リリックセプター,euc_jp
4999652,147618276,0,.rodata,48,51,3,True,T3,0,0,0,True,ＴＯＤ２に登場したリアラが本作で装備している武器,euc_jp
4999704,147618328,0,.rodata,16,19,3,True,T3,0,0,0,True,天才ハロルドの杖,euc_jp
4999724,147618348,0,.rodata,22,23,1,True,T3,0,0,0,True,テンサイハロルドノツエ,euc_jp
4999748,147618372,0,.rodata,50,51,1,True,T3,0,0,0,True,ＴＯＤ２に登場したハロルドが本作で装備している武器,euc_jp
4999800,147618424,0,.rodata,12,15,3,True,T3,0,0,0,True,ルビーワンド,euc_jp
4999816,147618440,0,.rodata,46,47,1,True,T3,0,0,0,True,ＴＯＥに登場したキールが本作で装備している武器,euc_jp
4999864,147618488,0,.rodata,8,11,3,True,T3,0,0,0,True,慈愛の杖,euc_jp
4999876,147618500,0,.rodata,12,15,3,True,T3,0,0,0,True,ジアイノツエ,euc_jp
4999892,147618516,0,.rodata,46,47,1,True,T3,0,0,0,True,ＴＯＰに登場したミントが本作で装備している武器,euc_jp
4999940,147618564,0,.rodata,12,15,3,True,T3,0,0,0,True,ベルナテッタ,euc_jp
4999956,147618580,0,.rodata,46,47,1,True,T3,0,0,0,True,ＴＯＲに登場したアニーが本作で装備している武器,euc_jp
5000004,147618628,0,.rodata,14,15,1,True,T3,0,0,0,True,ジアースロッド,euc_jp
5000020,147618644,0,.rodata,48,51,3,True,T3,0,0,0,True,ＴＯＳに登場したリフィルが本作で装備している武器,euc_jp
5000072,147618696,0,.rodata,18,19,1,True,T3,0,0,0,True,フラワーオブライフ,euc_jp
5000092,147618716,0,.rodata,46,47,1,True,T3,0,0,0,True,ＴＯＴに登場したルビアが本作で装備している武器,euc_jp
5000140,147618764,0,.rodata,14,15,1,True,T3,0,0,0,True,クィーンロッド,euc_jp
5000156,147618780,0,.rodata,48,51,3,True,T3,0,0,0,True,ＴＯＶに登場したエステルが本作で装備している武器,euc_jp
5000208,147618832,0,.rodata,16,19,3,True,T3,0,0,0,True,トライアルロッド,euc_jp
5000228,147618852,0,.rodata,10,11,1,True,T3,0,0,0,True,慈愛の杖Ｘ,euc_jp
5000240,147618864,0,.rodata,20,23,3,True,T3,0,0,0,True,ジアイノツエエックス,euc_jp
5000264,147618888,0,.rodata,52,55,3,True,T3,0,0,0,True,なりきりダンジョンＸ特典。本作でミントが装備する武器,euc_jp
5003960,147622584,0,.rodata,14,15,1,True,T3,0,0,0,True,レザーアームズ,euc_jp
5003976,147622600,0,.rodata,30,31,1,True,T3,0,0,0,True,拳の保護が出来る革製のアームズ,euc_jp
5004008,147622632,0,.rodata,14,15,1,True,T3,0,0,0,True,パワーアームズ,euc_jp
5004024,147622648,0,.rodata,34,35,1,True,T3,0,0,0,True,装備すれば、力がみなぎる？アームズ,euc_jp
5004060,147622684,0,.rodata,18,19,1,True,T3,0,0,0,True,スタデッドアームズ,euc_jp
5004080,147622704,0,.rodata,48,51,3,True,T3,0,0,0,True,レザーアームズに鋲を打ち付け、攻撃力を上げたもの,euc_jp
5004132,147622756,0,.rodata,16,19,3,True,T3,0,0,0,True,ニードルアームズ,euc_jp
5004152,147622776,0,.rodata,18,19,1,True,T3,0,0,0,True,トゲ付きのアームズ,euc_jp
5004172,147622796,0,.rodata,16,19,3,True,T3,0,0,0,True,シンプルアームズ,euc_jp
5004192,147622816,0,.rodata,36,39,3,True,T3,0,0,0,True,シンプルな風貌から愛用されるアームズ,euc_jp
5004232,147622856,0,.rodata,14,15,1,True,T3,0,0,0,True,バトルアームズ,euc_jp
5004248,147622872,0,.rodata,28,31,3,True,T3,0,0,0,True,戦闘向けに開発されたアームズ,euc_jp
5004280,147622904,0,.rodata,16,19,3,True,T3,0,0,0,True,アイアンアームズ,euc_jp
5004300,147622924,0,.rodata,22,23,1,True,T3,0,0,0,True,鉄板で作られたアームズ,euc_jp
5004324,147622948,0,.rodata,16,19,3,True,T3,0,0,0,True,チェインアームズ,euc_jp
5004344,147622968,0,.rodata,24,27,3,True,T3,0,0,0,True,鎖を編み込まれたアームズ,euc_jp
5004372,147622996,0,.rodata,16,19,3,True,T3,0,0,0,True,シルバーアームズ,euc_jp
5004392,147623016,0,.rodata,14,15,1,True,T3,0,0,0,True,銀製のアームズ,euc_jp
5004408,147623032,0,.rodata,14,15,1,True,T3,0,0,0,True,イーグルクロー,euc_jp
5004424,147623048,0,.rodata,26,27,1,True,T3,0,0,0,True,鷲の爪を彷彿とさせるクロー,euc_jp
5004452,147623076,0,.rodata,16,19,3,True,T3,0,0,0,True,ゴールドアームズ,euc_jp
5004472,147623096,0,.rodata,14,15,1,True,T3,0,0,0,True,金製のアームズ,euc_jp
5004496,147623120,0,.rodata,14,15,1,True,T3,0,0,0,True,ダイテッキュウ,euc_jp
5004512,147623136,0,.rodata,20,23,3,True,T3,0,0,0,True,見た目通りのアームズ,euc_jp
5004536,147623160,0,.rodata,16,19,3,True,T3,0,0,0,True,ミスリルアームズ,euc_jp
5004556,147623180,0,.rodata,22,23,1,True,T3,0,0,0,True,ミスリル銀製のアームズ,euc_jp
5004580,147623204,0,.rodata,12,15,3,True,T3,0,0,0,True,ベアアームズ,euc_jp
5004596,147623220,0,.rodata,26,27,1,True,T3,0,0,0,True,熊の手を想像させるアームズ,euc_jp
5004624,147623248,0,.rodata,18,19,1,True,T3,0,0,0,True,クリスタルアームズ,euc_jp
5004644,147623268,0,.rodata,40,43,3,True,T3,0,0,0,True,クリスタルを削り出して製造されたアームズ,euc_jp
5004688,147623312,0,.rodata,14,15,1,True,T3,0,0,0,True,ダイヤアームズ,euc_jp
5004704,147623328,0,.rodata,30,31,1,True,T3,0,0,0,True,ダイヤモンドで作られたアームズ,euc_jp
5004736,147623360,0,.rodata,8,11,3,True,T3,0,0,0,True,シンカー,euc_jp
5004748,147623372,0,.rodata,34,35,1,True,T3,0,0,0,True,採掘機ばりの破壊力を持ったアームズ,euc_jp
5004784,147623408,0,.rodata,16,19,3,True,T3,0,0,0,True,スパイクアームズ,euc_jp
5004804,147623428,0,.rodata,26,27,1,True,T3,0,0,0,True,スパイクの追加された大鉄球,euc_jp
5004832,147623456,0,.rodata,18,19,1,True,T3,0,0,0,True,サードエッジクロー,euc_jp
5004852,147623476,0,.rodata,32,35,3,True,T3,0,0,0,True,三つの刃の取り付けられたアームズ,euc_jp
5004888,147623512,0,.rodata,16,19,3,True,T3,0,0,0,True,ビーストアームズ,euc_jp
5004908,147623532,0,.rodata,28,31,3,True,T3,0,0,0,True,獣の顔があしらわれたアームズ,euc_jp
5004940,147623564,0,.rodata,14,15,1,True,T3,0,0,0,True,レザーナックル,euc_jp
5004956,147623580,0,.rodata,30,31,1,True,T3,0,0,0,True,拳の保護が出来る革製のナックル,euc_jp
5004988,147623612,0,.rodata,14,15,1,True,T3,0,0,0,True,パワーナックル,euc_jp
5005004,147623628,0,.rodata,32,35,3,True,T3,0,0,0,True,力を込めやすい構造を持つナックル,euc_jp
5005040,147623664,0,.rodata,18,19,1,True,T3,0,0,0,True,スタデッドナックル,euc_jp
5005060,147623684,0,.rodata,48,51,3,True,T3,0,0,0,True,レザーナックルに鋲を打ち付け、攻撃力を上げたもの,euc_jp
5005112,147623736,0,.rodata,16,19,3,True,T3,0,0,0,True,ニードルナックル,euc_jp
5005132,147623756,0,.rodata,18,19,1,True,T3,0,0,0,True,トゲ付きのナックル,euc_jp
5005152,147623776,0,.rodata,18,19,1,True,T3,0,0,0,True,シンプルアームズ改,euc_jp
5005172,147623796,0,.rodata,20,23,3,True,T3,0,0,0,True,シンプルアームズカイ,euc_jp
5005196,147623820,0,.rodata,38,39,1,True,T3,0,0,0,True,より軽く、強度を増したシンプルアームズ,euc_jp
5005236,147623860,0,.rodata,16,19,3,True,T3,0,0,0,True,デュエルアームズ,euc_jp
5005256,147623880,0,.rodata,32,35,3,True,T3,0,0,0,True,決闘用に作られたとされるアームズ,euc_jp
5005292,147623916,0,.rodata,16,19,3,True,T3,0,0,0,True,アイアンナックル,euc_jp
5005312,147623936,0,.rodata,22,23,1,True,T3,0,0,0,True,鉄板で作られたナックル,euc_jp
5005336,147623960,0,.rodata,16,19,3,True,T3,0,0,0,True,チェインナックル,euc_jp
5005356,147623980,0,.rodata,24,27,3,True,T3,0,0,0,True,鎖を編み込まれたナックル,euc_jp
5005384,147624008,0,.rodata,16,19,3,True,T3,0,0,0,True,シルバーナックル,euc_jp
5005404,147624028,0,.rodata,14,15,1,True,T3,0,0,0,True,銀製のナックル,euc_jp
5005420,147624044,0,.rodata,14,15,1,True,T3,0,0,0,True,ガルーダクロー,euc_jp
5005436,147624060,0,.rodata,32,35,3,True,T3,0,0,0,True,ガルーダの爪を彷彿とさせるクロー,euc_jp
5005472,147624096,0,.rodata,16,19,3,True,T3,0,0,0,True,ゴールドナックル,euc_jp
5005492,147624116,0,.rodata,14,15,1,True,T3,0,0,0,True,金製のナックル,euc_jp
5005516,147624140,0,.rodata,14,15,1,True,T3,0,0,0,True,コウテッキュウ,euc_jp
5005532,147624156,0,.rodata,30,31,1,True,T3,0,0,0,True,鋼鉄で作られた鉄球状の格闘武器,euc_jp
5005564,147624188,0,.rodata,16,19,3,True,T3,0,0,0,True,ミスリルナックル,euc_jp
5005584,147624208,0,.rodata,22,23,1,True,T3,0,0,0,True,ミスリル銀製のナックル,euc_jp
5005608,147624232,0,.rodata,12,15,3,True,T3,0,0,0,True,ベアナックル,euc_jp
5005624,147624248,0,.rodata,26,27,1,True,T3,0,0,0,True,熊の手を想像させるナックル,euc_jp
5005652,147624276,0,.rodata,18,19,1,True,T3,0,0,0,True,クリスタルナックル,euc_jp
5005672,147624296,0,.rodata,40,43,3,True,T3,0,0,0,True,クリスタルを削り出して製造されたナックル,euc_jp
5005716,147624340,0,.rodata,14,15,1,True,T3,0,0,0,True,ダイヤナックル,euc_jp
5005732,147624356,0,.rodata,30,31,1,True,T3,0,0,0,True,ダイヤモンドで作られたナックル,euc_jp
5005764,147624388,0,.rodata,14,15,1,True,T3,0,0,0,True,バトルシンカー,euc_jp
5005780,147624404,0,.rodata,26,27,1,True,T3,0,0,0,True,戦闘用に改良されたシンカー,euc_jp
5005808,147624432,0,.rodata,18,19,1,True,T3,0,0,0,True,クラッシュアームズ,euc_jp
5005828,147624452,0,.rodata,40,43,3,True,T3,0,0,0,True,破壊する事だけを目的に作られた禁断の武器,euc_jp
5005872,147624496,0,.rodata,20,23,3,True,T3,0,0,0,True,トリプルエッジクロー,euc_jp
5005896,147624520,0,.rodata,38,39,1,True,T3,0,0,0,True,より鋭利な刃物を取り付けられたアームズ,euc_jp
5005936,147624560,0,.rodata,16,19,3,True,T3,0,0,0,True,ライオンアームズ,euc_jp
5005956,147624580,0,.rodata,40,43,3,True,T3,0,0,0,True,百獣の王ライオンの名を付けられたアームズ,euc_jp
5006000,147624624,0,.rodata,12,15,3,True,T3,0,0,0,True,レザーシェル,euc_jp
5006016,147624640,0,.rodata,28,31,3,True,T3,0,0,0,True,拳の保護が出来る革製のシェル,euc_jp
5006048,147624672,0,.rodata,12,15,3,True,T3,0,0,0,True,パワーシェル,euc_jp
5006064,147624688,0,.rodata,30,31,1,True,T3,0,0,0,True,力を込めやすい構造を持つシェル,euc_jp
5006096,147624720,0,.rodata,16,19,3,True,T3,0,0,0,True,スタデッドシェル,euc_jp
5006116,147624740,0,.rodata,46,47,1,True,T3,0,0,0,True,レザーシェルに鋲を打ち付け、攻撃力を上げたもの,euc_jp
5006164,147624788,0,.rodata,14,15,1,True,T3,0,0,0,True,ニードルシェル,euc_jp
5006180,147624804,0,.rodata,16,19,3,True,T3,0,0,0,True,トゲ付きのシェル,euc_jp
5006200,147624824,0,.rodata,20,23,3,True,T3,0,0,0,True,ベネフィットアームズ,euc_jp
5006224,147624848,0,.rodata,38,39,1,True,T3,0,0,0,True,使用者に合わせ調整された究極のアームズ,euc_jp
5006264,147624888,0,.rodata,14,15,1,True,T3,0,0,0,True,ウォーアームズ,euc_jp
5006280,147624904,0,.rodata,32,35,3,True,T3,0,0,0,True,戦時中に使われたとされるアームズ,euc_jp
5006316,147624940,0,.rodata,14,15,1,True,T3,0,0,0,True,アイアンシェル,euc_jp
5006332,147624956,0,.rodata,20,23,3,True,T3,0,0,0,True,鉄板で作られたシェル,euc_jp
5006356,147624980,0,.rodata,14,15,1,True,T3,0,0,0,True,チェインシェル,euc_jp
5006372,147624996,0,.rodata,22,23,1,True,T3,0,0,0,True,鎖を編み込まれたシェル,euc_jp
5006396,147625020,0,.rodata,14,15,1,True,T3,0,0,0,True,シルバーシェル,euc_jp
5006412,147625036,0,.rodata,12,15,3,True,T3,0,0,0,True,銀製のシェル,euc_jp
5006428,147625052,0,.rodata,16,19,3,True,T3,0,0,0,True,グリフォンクロー,euc_jp
5006448,147625072,0,.rodata,34,35,1,True,T3,0,0,0,True,グリフォンの爪を彷彿とさせるクロー,euc_jp
5006484,147625108,0,.rodata,14,15,1,True,T3,0,0,0,True,ゴールドシェル,euc_jp
5006500,147625124,0,.rodata,12,15,3,True,T3,0,0,0,True,金製のシェル,euc_jp
5006516,147625140,0,.rodata,10,11,1,True,T3,0,0,0,True,破壊の鉄球,euc_jp
5006528,147625152,0,.rodata,18,19,1,True,T3,0,0,0,True,ハカイノテッキュウ,euc_jp
5006548,147625172,0,.rodata,22,23,1,True,T3,0,0,0,True,その拳は全てを破砕する,euc_jp
5006572,147625196,0,.rodata,14,15,1,True,T3,0,0,0,True,ミスリルシェル,euc_jp
5006588,147625212,0,.rodata,20,23,3,True,T3,0,0,0,True,ミスリル銀製のシェル,euc_jp
5006612,147625236,0,.rodata,10,11,1,True,T3,0,0,0,True,ベアシェル,euc_jp
5006624,147625248,0,.rodata,24,27,3,True,T3,0,0,0,True,熊の手を想像させるシェル,euc_jp
5006652,147625276,0,.rodata,16,19,3,True,T3,0,0,0,True,クリスタルシェル,euc_jp
5006672,147625296,0,.rodata,38,39,1,True,T3,0,0,0,True,クリスタルを削り出して製造されたシェル,euc_jp
5006712,147625336,0,.rodata,12,15,3,True,T3,0,0,0,True,ダイヤシェル,euc_jp
5006728,147625352,0,.rodata,28,31,3,True,T3,0,0,0,True,ダイヤモンドで作られたシェル,euc_jp
5006760,147625384,0,.rodata,16,19,3,True,T3,0,0,0,True,デュエルシンカー,euc_jp
5006780,147625404,0,.rodata,26,27,1,True,T3,0,0,0,True,決闘用に改良されたシンカー,euc_jp
5006808,147625432,0,.rodata,16,19,3,True,T3,0,0,0,True,ジャンクアームズ,euc_jp
5006828,147625452,0,.rodata,38,39,1,True,T3,0,0,0,True,その威力の前に残るものはジャンクのみ…,euc_jp
5006868,147625492,0,.rodata,18,19,1,True,T3,0,0,0,True,トライエッジクロー,euc_jp
5006888,147625512,0,.rodata,50,51,1,True,T3,0,0,0,True,「斬」「打」「砕」三つの効果を追求した究極のクロー,euc_jp
5006940,147625564,0,.rodata,8,11,3,True,T3,0,0,0,True,獅子の王,euc_jp
5006952,147625576,0,.rodata,10,11,1,True,T3,0,0,0,True,シシノオウ,euc_jp
5006964,147625588,0,.rodata,32,35,3,True,T3,0,0,0,True,真の獣の王。それがこの武器の名前,euc_jp
5007000,147625624,0,.rodata,10,11,1,True,T3,0,0,0,True,拳闘士の拳,euc_jp
5007012,147625636,0,.rodata,18,19,1,True,T3,0,0,0,True,ケントウシノコブシ,euc_jp
5007032,147625656,0,.rodata,44,47,3,True,T3,0,0,0,True,ディセンダーと認められた格闘家専用のナックル,euc_jp
5007080,147625704,0,.rodata,10,11,1,True,T3,0,0,0,True,准拳士の拳,euc_jp
5007092,147625716,0,.rodata,20,23,3,True,T3,0,0,0,True,ジュンケンシノコブシ,euc_jp
5007116,147625740,0,.rodata,44,47,3,True,T3,0,0,0,True,ディセンダーと認められたモンク専用のナックル,euc_jp
5007164,147625788,0,.rodata,10,11,1,True,T3,0,0,0,True,小覇王の拳,euc_jp
5007176,147625800,0,.rodata,20,23,3,True,T3,0,0,0,True,ショウハオウノコブシ,euc_jp
5007200,147625824,0,.rodata,46,47,1,True,T3,0,0,0,True,ディセンダーの為に作られた格闘家専用のナックル,euc_jp
5007248,147625872,0,.rodata,10,11,1,True,T3,0,0,0,True,大範士の拳,euc_jp
5007260,147625884,0,.rodata,18,19,1,True,T3,0,0,0,True,ダイハンシノコブシ,euc_jp
5007280,147625904,0,.rodata,46,47,1,True,T3,0,0,0,True,ディセンダーの為に作られたモンク専用のナックル,euc_jp
5007328,147625952,0,.rodata,8,11,3,True,T3,0,0,0,True,ヴェノム,euc_jp
5007340,147625964,0,.rodata,24,27,3,True,T3,0,0,0,True,大蛇の毒牙を使用した武具,euc_jp
5007368,147625992,0,.rodata,14,15,1,True,T3,0,0,0,True,ウィズティース,euc_jp
5007384,147626008,0,.rodata,34,35,1,True,T3,0,0,0,True,巨大な岩をも砕く力を秘めたナックル,euc_jp
5007420,147626044,0,.rodata,14,15,1,True,T3,0,0,0,True,ゴッドウェポン,euc_jp
5007436,147626060,0,.rodata,24,27,3,True,T3,0,0,0,True,神の拳を得られるナックル,euc_jp
5007464,147626088,0,.rodata,14,15,1,True,T3,0,0,0,True,ヘブンズクロー,euc_jp
5007480,147626104,0,.rodata,32,35,3,True,T3,0,0,0,True,殴られた者を天国へ誘い込むクロー,euc_jp
5007516,147626140,0,.rodata,18,19,1,True,T3,0,0,0,True,ボクシンググラブＡ,euc_jp
5007536,147626160,0,.rodata,42,43,1,True,T3,0,0,0,True,伝説のチャンプ「チョッチュ・ネイ」のグラブ,euc_jp
5007580,147626204,0,.rodata,18,19,1,True,T3,0,0,0,True,ボクシンググラブＢ,euc_jp
5007600,147626224,0,.rodata,18,19,1,True,T3,0,0,0,True,ボクシンググラブＣ,euc_jp
5007620,147626244,0,.rodata,18,19,1,True,T3,0,0,0,True,ボクシンググラブＤ,euc_jp
5007640,147626264,0,.rodata,18,19,1,True,T3,0,0,0,True,ボクシンググラブＥ,euc_jp
5007660,147626284,0,.rodata,16,19,3,True,T3,0,0,0,True,ねこにんミトンＡ,euc_jp
5007680,147626304,0,.rodata,16,19,3,True,T3,0,0,0,True,ネコニンミトンＡ,euc_jp
5007700,147626324,0,.rodata,32,35,3,True,T3,0,0,0,True,とても肉球が愛らしい（？）ミトン,euc_jp
5007736,147626360,0,.rodata,16,19,3,True,T3,0,0,0,True,ねこにんミトンＢ,euc_jp
5007756,147626380,0,.rodata,16,19,3,True,T3,0,0,0,True,ネコニンミトンＢ,euc_jp
5007776,147626400,0,.rodata,16,19,3,True,T3,0,0,0,True,ねこにんミトンＣ,euc_jp
5007796,147626420,0,.rodata,16,19,3,True,T3,0,0,0,True,ネコニンミトンＣ,euc_jp
5007816,147626440,0,.rodata,16,19,3,True,T3,0,0,0,True,ねこにんミトンＤ,euc_jp
5007836,147626460,0,.rodata,16,19,3,True,T3,0,0,0,True,ネコニンミトンＤ,euc_jp
5007856,147626480,0,.rodata,16,19,3,True,T3,0,0,0,True,ねこにんミトンＥ,euc_jp
5007876,147626500,0,.rodata,16,19,3,True,T3,0,0,0,True,ネコニンミトンＥ,euc_jp
5007896,147626520,0,.rodata,8,11,3,True,T3,0,0,0,True,カニ爪Ａ,euc_jp
5007908,147626532,0,.rodata,10,11,1,True,T3,0,0,0,True,カニツメＡ,euc_jp
5007920,147626544,0,.rodata,16,19,3,True,T3,0,0,0,True,カニさんの贈り物,euc_jp
5007940,147626564,0,.rodata,8,11,3,True,T3,0,0,0,True,カニ爪Ｂ,euc_jp
5007952,147626576,0,.rodata,10,11,1,True,T3,0,0,0,True,カニツメＢ,euc_jp
5007964,147626588,0,.rodata,8,11,3,True,T3,0,0,0,True,カニ爪Ｃ,euc_jp
5007976,147626600,0,.rodata,10,11,1,True,T3,0,0,0,True,カニツメＣ,euc_jp
5007988,147626612,0,.rodata,8,11,3,True,T3,0,0,0,True,カニ爪Ｄ,euc_jp
5008000,147626624,0,.rodata,10,11,1,True,T3,0,0,0,True,カニツメＤ,euc_jp
5008012,147626636,0,.rodata,8,11,3,True,T3,0,0,0,True,カニ爪Ｅ,euc_jp
5008024,147626648,0,.rodata,10,11,1,True,T3,0,0,0,True,カニツメＥ,euc_jp
5008036,147626660,0,.rodata,14,15,1,True,T3,0,0,0,True,トゲグローブＡ,euc_jp
5008052,147626676,0,.rodata,34,35,1,True,T3,0,0,0,True,とある地域の競技に使われたグローブ,euc_jp
5008088,147626712,0,.rodata,14,15,1,True,T3,0,0,0,True,トゲグローブＢ,euc_jp
5008104,147626728,0,.rodata,14,15,1,True,T3,0,0,0,True,トゲグローブＣ,euc_jp
5008120,147626744,0,.rodata,14,15,1,True,T3,0,0,0,True,トゲグローブＤ,euc_jp
5008136,147626760,0,.rodata,14,15,1,True,T3,0,0,0,True,トゲグローブＥ,euc_jp
5008152,147626776,0,.rodata,18,19,1,True,T3,0,0,0,True,トライアルアームズ,euc_jp
5012208,147630832,0,.rodata,12,15,3,True,T3,0,0,0,True,スモールボウ,euc_jp
5012224,147630848,0,.rodata,28,31,3,True,T3,0,0,0,True,使いやすさを重視した小型の弓,euc_jp
5012256,147630880,0,.rodata,10,11,1,True,T3,0,0,0,True,セルフボウ,euc_jp
5012268,147630892,0,.rodata,24,27,3,True,T3,0,0,0,True,単一の素材から作られた弓,euc_jp
5012296,147630920,0,.rodata,4,7,3,True,T3,0,0,0,True,ボウ,euc_jp
5012304,147630928,0,.rodata,22,23,1,True,T3,0,0,0,True,初心者が扱う汎用的な弓,euc_jp
5012328,147630952,0,.rodata,16,19,3,True,T3,0,0,0,True,コンポジットボウ,euc_jp
5012348,147630972,0,.rodata,24,27,3,True,T3,0,0,0,True,複数の素材から作られた弓,euc_jp
5012376,147631000,0,.rodata,12,15,3,True,T3,0,0,0,True,ラピッドボウ,euc_jp
5012392,147631016,0,.rodata,24,27,3,True,T3,0,0,0,True,連射しやすい構造を持つ弓,euc_jp
5012420,147631044,0,.rodata,10,11,1,True,T3,0,0,0,True,スプレッド,euc_jp
5012432,147631056,0,.rodata,22,23,1,True,T3,0,0,0,True,まき散らすの意を持つ弓,euc_jp
5012456,147631080,0,.rodata,12,15,3,True,T3,0,0,0,True,アイアンボウ,euc_jp
5012480,147631104,0,.rodata,10,11,1,True,T3,0,0,0,True,バトルボウ,euc_jp
5012492,147631116,0,.rodata,38,39,1,True,T3,0,0,0,True,金属で補強され、より実戦向きになった弓,euc_jp
5012532,147631156,0,.rodata,16,19,3,True,T3,0,0,0,True,ライトニングボウ,euc_jp
5012552,147631176,0,.rodata,30,31,1,True,T3,0,0,0,True,雷の如く高速で矢を撃ち出せる弓,euc_jp
5012584,147631208,0,.rodata,12,15,3,True,T3,0,0,0,True,ゴシックボウ,euc_jp
5012600,147631224,0,.rodata,16,19,3,True,T3,0,0,0,True,装飾が施された弓,euc_jp
5012620,147631244,0,.rodata,10,11,1,True,T3,0,0,0,True,ガードボウ,euc_jp
5012632,147631256,0,.rodata,30,31,1,True,T3,0,0,0,True,シールドがあしらわれた頑丈な弓,euc_jp
5012664,147631288,0,.rodata,14,15,1,True,T3,0,0,0,True,クレインクィン,euc_jp
5012680,147631304,0,.rodata,22,23,1,True,T3,0,0,0,True,大変優れた構造を持つ弓,euc_jp
5012704,147631328,0,.rodata,10,11,1,True,T3,0,0,0,True,シージボウ,euc_jp
5012716,147631340,0,.rodata,28,31,3,True,T3,0,0,0,True,城攻めの時に使用されていた弓,euc_jp
5012748,147631372,0,.rodata,10,11,1,True,T3,0,0,0,True,メタルボウ,euc_jp
5012760,147631384,0,.rodata,26,27,1,True,T3,0,0,0,True,しなやかな金属で作られた弓,euc_jp
5012788,147631412,0,.rodata,12,15,3,True,T3,0,0,0,True,エルヴンボウ,euc_jp
5012804,147631428,0,.rodata,34,35,1,True,T3,0,0,0,True,弓使いに長けた一族に伝わる伝説の弓,euc_jp
5012840,147631464,0,.rodata,10,11,1,True,T3,0,0,0,True,グリムボウ,euc_jp
5012852,147631476,0,.rodata,40,43,3,True,T3,0,0,0,True,この弓で撃たれた者は、残酷な結末を迎える,euc_jp
5012896,147631520,0,.rodata,10,11,1,True,T3,0,0,0,True,シェルボウ,euc_jp
5012908,147631532,0,.rodata,22,23,1,True,T3,0,0,0,True,魔物の甲殻で作られた弓,euc_jp
5012932,147631556,0,.rodata,16,19,3,True,T3,0,0,0,True,キューピッドボウ,euc_jp
5012952,147631576,0,.rodata,18,19,1,True,T3,0,0,0,True,天使の弓を模した弓,euc_jp
5012972,147631596,0,.rodata,14,15,1,True,T3,0,0,0,True,コンパクトボウ,euc_jp
5012988,147631612,0,.rodata,34,35,1,True,T3,0,0,0,True,さらなる軽量化で使いやすくなった弓,euc_jp
5013024,147631648,0,.rodata,12,15,3,True,T3,0,0,0,True,マイティボウ,euc_jp
5013040,147631664,0,.rodata,22,23,1,True,T3,0,0,0,True,威力を高めたセルフボウ,euc_jp
5013064,147631688,0,.rodata,12,15,3,True,T3,0,0,0,True,ショートボウ,euc_jp
5013080,147631704,0,.rodata,22,23,1,True,T3,0,0,0,True,中級者が使う汎用的な弓,euc_jp
5013104,147631728,0,.rodata,12,15,3,True,T3,0,0,0,True,シルバーボウ,euc_jp
5013120,147631744,0,.rodata,32,35,3,True,T3,0,0,0,True,銀装飾がなされたコンポジットボウ,euc_jp
5013156,147631780,0,.rodata,10,11,1,True,T3,0,0,0,True,マシンガン,euc_jp
5013168,147631792,0,.rodata,28,31,3,True,T3,0,0,0,True,より連射しやすい構造を持つ弓,euc_jp
5013200,147631824,0,.rodata,16,19,3,True,T3,0,0,0,True,ボーンスプレッド,euc_jp
5013220,147631844,0,.rodata,32,35,3,True,T3,0,0,0,True,当たった者は骨をまき散らす意の弓,euc_jp
5013256,147631880,0,.rodata,12,15,3,True,T3,0,0,0,True,ゴールドボウ,euc_jp
5013272,147631896,0,.rodata,28,31,3,True,T3,0,0,0,True,金細工が施されている豪華な弓,euc_jp
5013304,147631928,0,.rodata,10,11,1,True,T3,0,0,0,True,ウォーボウ,euc_jp
5013328,147631952,0,.rodata,12,15,3,True,T3,0,0,0,True,サンダーボウ,euc_jp
5013344,147631968,0,.rodata,24,27,3,True,T3,0,0,0,True,雷撃の如き一閃を放つ名弓,euc_jp
5013372,147631996,0,.rodata,12,15,3,True,T3,0,0,0,True,ドラゴンボウ,euc_jp
5013388,147632012,0,.rodata,20,23,3,True,T3,0,0,0,True,龍の装飾が施された弓,euc_jp
5013412,147632036,0,.rodata,12,15,3,True,T3,0,0,0,True,シールドボウ,euc_jp
5013428,147632052,0,.rodata,18,19,1,True,T3,0,0,0,True,攻防一体となった弓,euc_jp
5013448,147632072,0,.rodata,16,19,3,True,T3,0,0,0,True,クルセイダーボウ,euc_jp
5013468,147632092,0,.rodata,18,19,1,True,T3,0,0,0,True,信心深い者が持つ弓,euc_jp
5013488,147632112,0,.rodata,16,19,3,True,T3,0,0,0,True,ロングシージボウ,euc_jp
5013508,147632132,0,.rodata,26,27,1,True,T3,0,0,0,True,遠距離からの狙撃が可能な弓,euc_jp
5013536,147632160,0,.rodata,14,15,1,True,T3,0,0,0,True,ハイメタルボウ,euc_jp
5013552,147632176,0,.rodata,30,31,1,True,T3,0,0,0,True,希少価値の高い金属で作られた弓,euc_jp
5013584,147632208,0,.rodata,12,15,3,True,T3,0,0,0,True,ブレードボウ,euc_jp
5013600,147632224,0,.rodata,20,23,3,True,T3,0,0,0,True,矢に細工がしてある弓,euc_jp
5013624,147632248,0,.rodata,10,11,1,True,T3,0,0,0,True,ルーンボウ,euc_jp
5013636,147632260,0,.rodata,18,19,1,True,T3,0,0,0,True,魔法文様を施した弓,euc_jp
5013656,147632280,0,.rodata,18,19,1,True,T3,0,0,0,True,ビーストシェルボウ,euc_jp
5013676,147632300,0,.rodata,30,31,1,True,T3,0,0,0,True,より強い魔物の甲殻で作られた弓,euc_jp
5013708,147632332,0,.rodata,14,15,1,True,T3,0,0,0,True,エンジェルボウ,euc_jp
5013724,147632348,0,.rodata,24,27,3,True,T3,0,0,0,True,天使が罰を下すとされる弓,euc_jp
5013752,147632376,0,.rodata,10,11,1,True,T3,0,0,0,True,ライトボウ,euc_jp
5013764,147632388,0,.rodata,26,27,1,True,T3,0,0,0,True,軽量化に軽量化を重ねた名弓,euc_jp
5013792,147632416,0,.rodata,14,15,1,True,T3,0,0,0,True,スナイパーボウ,euc_jp
5013808,147632432,0,.rodata,30,31,1,True,T3,0,0,0,True,更に命中精度を上げたセルフボウ,euc_jp
5013840,147632464,0,.rodata,10,11,1,True,T3,0,0,0,True,ロングボウ,euc_jp
5013852,147632476,0,.rodata,14,15,1,True,T3,0,0,0,True,上級者が使う弓,euc_jp
5013868,147632492,0,.rodata,12,15,3,True,T3,0,0,0,True,ミスリルボウ,euc_jp
5013884,147632508,0,.rodata,36,39,3,True,T3,0,0,0,True,ミスリル銀を使用したコンポジットボウ,euc_jp
5013924,147632548,0,.rodata,8,11,3,True,T3,0,0,0,True,バルカン,euc_jp
5013936,147632560,0,.rodata,34,35,1,True,T3,0,0,0,True,まるで矢をばらまく様に撃てるかも…,euc_jp
5013972,147632596,0,.rodata,18,19,1,True,T3,0,0,0,True,ゴーストスプレッド,euc_jp
5013992,147632616,0,.rodata,32,35,3,True,T3,0,0,0,True,撃たれた者は魂までをもまき散らす,euc_jp
5014028,147632652,0,.rodata,10,11,1,True,T3,0,0,0,True,ダイヤボウ,euc_jp
5014040,147632664,0,.rodata,44,47,3,True,T3,0,0,0,True,ダイヤモンド細工が施されているかなり豪華な弓,euc_jp
5014088,147632712,0,.rodata,16,19,3,True,T3,0,0,0,True,ロングウォーボウ,euc_jp
5014108,147632732,0,.rodata,22,23,1,True,T3,0,0,0,True,長距離射撃用の強力な弓,euc_jp
5014132,147632756,0,.rodata,12,15,3,True,T3,0,0,0,True,メイデンボウ,euc_jp
5014148,147632772,0,.rodata,20,23,3,True,T3,0,0,0,True,乙女の名を冠する名弓,euc_jp
5014172,147632796,0,.rodata,12,15,3,True,T3,0,0,0,True,ハイドラボウ,euc_jp
5014188,147632812,0,.rodata,32,35,3,True,T3,0,0,0,True,九の頭を持つ蛇の装飾が施された弓,euc_jp
5014224,147632848,0,.rodata,14,15,1,True,T3,0,0,0,True,プロテクトボウ,euc_jp
5014240,147632864,0,.rodata,20,23,3,True,T3,0,0,0,True,攻防を兼ね備えた名弓,euc_jp
5014264,147632888,0,.rodata,16,19,3,True,T3,0,0,0,True,ベルセルクアロー,euc_jp
5014284,147632908,0,.rodata,36,39,3,True,T3,0,0,0,True,狂戦士の弓。とても強力な一撃を放てる,euc_jp
5014324,147632948,0,.rodata,16,19,3,True,T3,0,0,0,True,ソウルスティール,euc_jp
5014344,147632968,0,.rodata,44,47,3,True,T3,0,0,0,True,射抜いた相手の魂までも貫くとされる強力な魔弓,euc_jp
5014392,147633016,0,.rodata,14,15,1,True,T3,0,0,0,True,レアメタルボウ,euc_jp
5014408,147633032,0,.rodata,24,27,3,True,T3,0,0,0,True,希少な金属で作られた名弓,euc_jp
5014436,147633060,0,.rodata,10,11,1,True,T3,0,0,0,True,エッジボウ,euc_jp
5014448,147633072,0,.rodata,32,35,3,True,T3,0,0,0,True,矢に傷口が広がる細工がしてある弓,euc_jp
5014484,147633108,0,.rodata,16,19,3,True,T3,0,0,0,True,エンシェントボウ,euc_jp
5014504,147633128,0,.rodata,12,15,3,True,T3,0,0,0,True,古代様式の弓,euc_jp
5014520,147633144,0,.rodata,18,19,1,True,T3,0,0,0,True,ドラゴンシェルボウ,euc_jp
5014540,147633164,0,.rodata,24,27,3,True,T3,0,0,0,True,竜の甲殻から作られた名弓,euc_jp
5014568,147633192,0,.rodata,10,11,1,True,T3,0,0,0,True,ゴッドボウ,euc_jp
5014580,147633204,0,.rodata,34,35,1,True,T3,0,0,0,True,大神が使ったとされる弓を模した名弓,euc_jp
5014616,147633240,0,.rodata,8,11,3,True,T3,0,0,0,True,狩人の弓,euc_jp
5014628,147633252,0,.rodata,16,19,3,True,T3,0,0,0,True,カリュウドノユミ,euc_jp
5014648,147633272,0,.rodata,36,39,3,True,T3,0,0,0,True,ディセンダーと認められた狩人専用の弓,euc_jp
5014688,147633312,0,.rodata,10,11,1,True,T3,0,0,0,True,名射手の弓,euc_jp
5014700,147633324,0,.rodata,14,15,1,True,T3,0,0,0,True,メイイテノユミ,euc_jp
5014716,147633340,0,.rodata,38,39,1,True,T3,0,0,0,True,ディセンダーの為に作られた狩人専用の弓,euc_jp
5014756,147633380,0,.rodata,8,11,3,True,T3,0,0,0,True,破魔の弓,euc_jp
5014768,147633392,0,.rodata,10,11,1,True,T3,0,0,0,True,ハマノユミ,euc_jp
5014780,147633404,0,.rodata,44,47,3,True,T3,0,0,0,True,東方の英雄が魔獸退治に使ったとされる退魔の弓,euc_jp
5014828,147633452,0,.rodata,16,19,3,True,T3,0,0,0,True,ウィンドフォース,euc_jp
5014848,147633472,0,.rodata,24,27,3,True,T3,0,0,0,True,神風の異名を持つ伝説の弓,euc_jp
5014876,147633500,0,.rodata,14,15,1,True,T3,0,0,0,True,アルテミスの弓,euc_jp
5014892,147633516,0,.rodata,16,19,3,True,T3,0,0,0,True,アルテミスノユミ,euc_jp
5014912,147633536,0,.rodata,36,39,3,True,T3,0,0,0,True,アルテミス神が使ったとされる伝説の弓,euc_jp
5014964,147633588,0,.rodata,14,15,1,True,T3,0,0,0,True,アマノカコユミ,euc_jp
5014980,147633604,0,.rodata,36,39,3,True,T3,0,0,0,True,矢を放てば、天まで届くといわれる神器,euc_jp
5015020,147633644,0,.rodata,10,11,1,True,T3,0,0,0,True,セラフボウ,euc_jp
5015032,147633656,0,.rodata,26,27,1,True,T3,0,0,0,True,天使の羽を纏う事の出来る弓,euc_jp
5015060,147633684,0,.rodata,10,11,1,True,T3,0,0,0,True,デビルボウ,euc_jp
5015072,147633696,0,.rodata,26,27,1,True,T3,0,0,0,True,悪魔の羽を纏う事の出来る弓,euc_jp
5015100,147633724,0,.rodata,16,19,3,True,T3,0,0,0,True,エデンズファイア,euc_jp
5015120,147633744,0,.rodata,50,51,1,True,T3,0,0,0,True,ＴＯＤ２に登場したナナリーが本作で装備している武器,euc_jp
5015172,147633796,0,.rodata,22,23,1,True,T3,0,0,0,True,プライマルエルヴンボウ,euc_jp
5015196,147633820,0,.rodata,50,51,1,True,T3,0,0,0,True,ＴＯＰに登場したチェスターが本作で装備している武器,euc_jp
5015248,147633872,0,.rodata,18,19,1,True,T3,0,0,0,True,ヴァリアブルエッジ,euc_jp
5015268,147633892,0,.rodata,48,51,3,True,T3,0,0,0,True,ＴＯＶに登場したレイヴンが本作で装備している武器,euc_jp
5015320,147633944,0,.rodata,20,23,3,True,T3,0,0,0,True,セレスティアルスター,euc_jp
5015344,147633968,0,.rodata,48,51,3,True,T3,0,0,0,True,ＴＯＡに登場したナタリアが本作で装備している武器,euc_jp
5015396,147634020,0,.rodata,14,15,1,True,T3,0,0,0,True,ウッドアローＤ,euc_jp
5015412,147634036,0,.rodata,50,51,1,True,T3,0,0,0,True,ＴＯＤに登場したチェルシーが本作で装備している武器,euc_jp
5015464,147634088,0,.rodata,14,15,1,True,T3,0,0,0,True,トライアルボウ,euc_jp
5018592,147637216,0,.rodata,14,15,1,True,T3,0,0,0,True,リボルバーＳＡ,euc_jp
5018608,147637232,0,.rodata,28,31,3,True,T3,0,0,0,True,リボルバーシングルアクション,euc_jp
5018640,147637264,0,.rodata,12,15,3,True,T3,0,0,0,True,数世代前の銃,euc_jp
5018656,147637280,0,.rodata,16,19,3,True,T3,0,0,0,True,オートマカスタム,euc_jp
5018676,147637300,0,.rodata,24,27,3,True,T3,0,0,0,True,市販されている自動式拳銃,euc_jp
5018704,147637328,0,.rodata,16,19,3,True,T3,0,0,0,True,テキサスブレイズ,euc_jp
5018724,147637348,0,.rodata,30,31,1,True,T3,0,0,0,True,開拓者がもっぱら愛用している銃,euc_jp
5018756,147637380,0,.rodata,16,19,3,True,T3,0,0,0,True,スタンダードマグ,euc_jp
5018776,147637400,0,.rodata,28,31,3,True,T3,0,0,0,True,マグナム弾を使うリボルバー銃,euc_jp
5018808,147637432,0,.rodata,14,15,1,True,T3,0,0,0,True,ボルテックマグ,euc_jp
5018824,147637448,0,.rodata,36,39,3,True,T3,0,0,0,True,雷球を思わせる弾丸を撃ち出す閃光の銃,euc_jp
5018864,147637488,0,.rodata,10,11,1,True,T3,0,0,0,True,オートマグ,euc_jp
5018876,147637500,0,.rodata,26,27,1,True,T3,0,0,0,True,マグナム弾を使う自動式拳銃,euc_jp
5018904,147637528,0,.rodata,14,15,1,True,T3,0,0,0,True,ブリザードマグ,euc_jp
5018920,147637544,0,.rodata,38,39,1,True,T3,0,0,0,True,魂をも凍らせる冷たき弾丸を撃ち出す拳銃,euc_jp
5018960,147637584,0,.rodata,12,15,3,True,T3,0,0,0,True,バイパーマグ,euc_jp
5018976,147637600,0,.rodata,32,35,3,True,T3,0,0,0,True,大口径のマグナム弾を使用する拳銃,euc_jp
5019012,147637636,0,.rodata,12,15,3,True,T3,0,0,0,True,ファストマグ,euc_jp
5019028,147637652,0,.rodata,36,39,3,True,T3,0,0,0,True,良質故に射撃衝動を抑えるのが大変な銃,euc_jp
5019068,147637692,0,.rodata,14,15,1,True,T3,0,0,0,True,クイックワーカ,euc_jp
5019084,147637708,0,.rodata,44,47,3,True,T3,0,0,0,True,素早く射撃体勢に移れるスマートなデザインの銃,euc_jp
5019132,147637756,0,.rodata,16,19,3,True,T3,0,0,0,True,ピットスイーパー,euc_jp
5019152,147637776,0,.rodata,36,39,3,True,T3,0,0,0,True,あまり良い目的には使われない不遇の銃,euc_jp
5019192,147637816,0,.rodata,16,19,3,True,T3,0,0,0,True,デザートベリアル,euc_jp
5019212,147637836,0,.rodata,34,35,1,True,T3,0,0,0,True,環境の悪さを苦にしないといわれる銃,euc_jp
5019248,147637872,0,.rodata,14,15,1,True,T3,0,0,0,True,レンドバスター,euc_jp
5019264,147637888,0,.rodata,30,31,1,True,T3,0,0,0,True,悪の加担者をすべて抹殺する恐銃,euc_jp
5019296,147637920,0,.rodata,14,15,1,True,T3,0,0,0,True,ピースキーパー,euc_jp
5019312,147637936,0,.rodata,28,31,3,True,T3,0,0,0,True,紛争解決の調停者が所有する銃,euc_jp
5019344,147637968,0,.rodata,16,19,3,True,T3,0,0,0,True,ビリーズレガシー,euc_jp
5019364,147637988,0,.rodata,34,35,1,True,T3,0,0,0,True,伝説のガンマンの遺産と称される魔銃,euc_jp
5019400,147638024,0,.rodata,14,15,1,True,T3,0,0,0,True,リボルバーＤＡ,euc_jp
5019416,147638040,0,.rodata,26,27,1,True,T3,0,0,0,True,リボルバーダブルアクション,euc_jp
5019444,147638068,0,.rodata,30,31,1,True,T3,0,0,0,True,強力かつ扱いやすいリボルバー銃,euc_jp
5019476,147638100,0,.rodata,16,19,3,True,T3,0,0,0,True,オートマハイパー,euc_jp
5019496,147638120,0,.rodata,24,27,3,True,T3,0,0,0,True,オートマカスタムの強化版,euc_jp
5019524,147638148,0,.rodata,16,19,3,True,T3,0,0,0,True,アンクルテキサス,euc_jp
5019544,147638168,0,.rodata,34,35,1,True,T3,0,0,0,True,歴代の開拓者から受け継がれてきた銃,euc_jp
5019580,147638204,0,.rodata,20,23,3,True,T3,0,0,0,True,スタンダードマグ３２,euc_jp
5019604,147638228,0,.rodata,28,31,3,True,T3,0,0,0,True,スタンダードマグサンジュウニ,euc_jp
5019636,147638260,0,.rodata,24,27,3,True,T3,0,0,0,True,スタンダードマグの強化版,euc_jp
5019664,147638288,0,.rodata,18,19,1,True,T3,0,0,0,True,グリズリーマグナム,euc_jp
5019684,147638308,0,.rodata,28,31,3,True,T3,0,0,0,True,灰色熊を思わせる強大な威力！,euc_jp
5019716,147638340,0,.rodata,14,15,1,True,T3,0,0,0,True,ライトトリガー,euc_jp
5019732,147638356,0,.rodata,24,27,3,True,T3,0,0,0,True,引き金の張力が７０ｇの銃,euc_jp
5019760,147638384,0,.rodata,10,11,1,True,T3,0,0,0,True,ヴァイパー,euc_jp
5019772,147638396,0,.rodata,18,19,1,True,T3,0,0,0,True,毒蛇の名を冠する銃,euc_jp
5019792,147638416,0,.rodata,12,15,3,True,T3,0,0,0,True,パニッシャー,euc_jp
5019808,147638432,0,.rodata,20,23,3,True,T3,0,0,0,True,神罰代行者の聖なる銃,euc_jp
5019832,147638456,0,.rodata,14,15,1,True,T3,0,0,0,True,レッドイーグル,euc_jp
5019848,147638472,0,.rodata,50,51,1,True,T3,0,0,0,True,その弾速は狩りをするイーグルに例えられる恐るべき銃,euc_jp
5019900,147638524,0,.rodata,20,23,3,True,T3,0,0,0,True,トラディショナルガン,euc_jp
5019924,147638548,0,.rodata,28,31,3,True,T3,0,0,0,True,伝統ある匠によって作られた銃,euc_jp
5019956,147638580,0,.rodata,14,15,1,True,T3,0,0,0,True,ヘビーリコイル,euc_jp
5019972,147638596,0,.rodata,32,35,3,True,T3,0,0,0,True,反動を強く感じるがそれなりの威力,euc_jp
5020008,147638632,0,.rodata,10,11,1,True,T3,0,0,0,True,トルーパー,euc_jp
5020032,147638656,0,.rodata,16,19,3,True,T3,0,0,0,True,ブラックイーグル,euc_jp
5020052,147638676,0,.rodata,30,31,1,True,T3,0,0,0,True,レッドイーグルよりも大口径の銃,euc_jp
5020084,147638708,0,.rodata,16,19,3,True,T3,0,0,0,True,レイジングドッグ,euc_jp
5020104,147638728,0,.rodata,18,19,1,True,T3,0,0,0,True,闘犬の如くタフな銃,euc_jp
5020124,147638748,0,.rodata,8,11,3,True,T3,0,0,0,True,戦士の銃,euc_jp
5020136,147638760,0,.rodata,14,15,1,True,T3,0,0,0,True,センシノジュウ,euc_jp
5020152,147638776,0,.rodata,32,35,3,True,T3,0,0,0,True,勇気と正しき心の象徴と称される銃,euc_jp
5020188,147638812,0,.rodata,14,15,1,True,T3,0,0,0,True,リボルバーＴＡ,euc_jp
5020204,147638828,0,.rodata,28,31,3,True,T3,0,0,0,True,リボルバートリプルアクション,euc_jp
5020236,147638860,0,.rodata,32,35,3,True,T3,0,0,0,True,全ての面で高レベルの性能を持つ銃,euc_jp
5020272,147638896,0,.rodata,16,19,3,True,T3,0,0,0,True,ショートリコイル,euc_jp
5020292,147638916,0,.rodata,36,39,3,True,T3,0,0,0,True,威力と使いやすさのバランスを取った銃,euc_jp
5020332,147638956,0,.rodata,16,19,3,True,T3,0,0,0,True,テキサスサンダー,euc_jp
5020352,147638976,0,.rodata,40,43,3,True,T3,0,0,0,True,荒野に轟く雷と例えられる開拓者魂が宿る銃,euc_jp
5020396,147639020,0,.rodata,8,11,3,True,T3,0,0,0,True,カスール,euc_jp
5020408,147639032,0,.rodata,26,27,1,True,T3,0,0,0,True,カスール弾を撃てる汎用拳銃,euc_jp
5020436,147639060,0,.rodata,16,19,3,True,T3,0,0,0,True,ピットヴァイパー,euc_jp
5020456,147639080,0,.rodata,20,23,3,True,T3,0,0,0,True,マムシの名を冠する銃,euc_jp
5020496,147639120,0,.rodata,30,31,1,True,T3,0,0,0,True,キョウワグンセイシキケンジュウ,euc_jp
5020528,147639152,0,.rodata,26,27,1,True,T3,0,0,0,True,軍が正式採用した優秀な拳銃,euc_jp
5020556,147639180,0,.rodata,12,15,3,True,T3,0,0,0,True,ベビーホーク,euc_jp
5020572,147639196,0,.rodata,18,19,1,True,T3,0,0,0,True,小型の使いやすい銃,euc_jp
5020592,147639216,0,.rodata,16,19,3,True,T3,0,0,0,True,ドレッドトリガー,euc_jp
5020612,147639236,0,.rodata,20,23,3,True,T3,0,0,0,True,標的を恐怖に陥れる銃,euc_jp
5020636,147639260,0,.rodata,20,23,3,True,T3,0,0,0,True,インソレントバスター,euc_jp
5020660,147639284,0,.rodata,18,19,1,True,T3,0,0,0,True,無礼者を排除する銃,euc_jp
5020692,147639316,0,.rodata,26,27,1,True,T3,0,0,0,True,ヒャッパツヒャクチュウマル,euc_jp
5020720,147639344,0,.rodata,32,35,3,True,T3,0,0,0,True,狙いのつけやすさはピカイチの拳銃,euc_jp
5020756,147639380,0,.rodata,14,15,1,True,T3,0,0,0,True,マシンピストル,euc_jp
5020772,147639396,0,.rodata,32,35,3,True,T3,0,0,0,True,連射力と威力のバランスを取った銃,euc_jp
5020808,147639432,0,.rodata,18,19,1,True,T3,0,0,0,True,グリズリーカスタム,euc_jp
5020828,147639452,0,.rodata,24,27,3,True,T3,0,0,0,True,灰色熊をも倒せる威力の銃,euc_jp
5020856,147639480,0,.rodata,14,15,1,True,T3,0,0,0,True,トルーパーＳＰ,euc_jp
5020872,147639496,0,.rodata,20,23,3,True,T3,0,0,0,True,トルーパースペシャル,euc_jp
5020896,147639520,0,.rodata,22,23,1,True,T3,0,0,0,True,トルーパーの強化版拳銃,euc_jp
5020920,147639544,0,.rodata,14,15,1,True,T3,0,0,0,True,デザートホーク,euc_jp
5020936,147639560,0,.rodata,28,31,3,True,T3,0,0,0,True,ベビーホークよりも大口径の銃,euc_jp
5020980,147639604,0,.rodata,18,19,1,True,T3,0,0,0,True,タイセンシャジュウ,euc_jp
5021000,147639624,0,.rodata,28,31,3,True,T3,0,0,0,True,どんな重装甲をも貫く軍用の銃,euc_jp
5021032,147639656,0,.rodata,10,11,1,True,T3,0,0,0,True,海賊の拳銃,euc_jp
5021044,147639668,0,.rodata,20,23,3,True,T3,0,0,0,True,カイゾクノケンジュウ,euc_jp
5021068,147639692,0,.rodata,36,39,3,True,T3,0,0,0,True,ディセンダーと認められた海賊専用の銃,euc_jp
5021108,147639732,0,.rodata,12,15,3,True,T3,0,0,0,True,聖銃士の拳銃,euc_jp
5021124,147639748,0,.rodata,24,27,3,True,T3,0,0,0,True,セイジュウシノケンジュウ,euc_jp
5021152,147639776,0,.rodata,42,43,1,True,T3,0,0,0,True,ディセンダーと認められたガンマン専用の聖銃,euc_jp
5021196,147639820,0,.rodata,12,15,3,True,T3,0,0,0,True,魔銃士の拳銃,euc_jp
5021212,147639836,0,.rodata,22,23,1,True,T3,0,0,0,True,マジュウシノケンジュウ,euc_jp
5021236,147639860,0,.rodata,42,43,1,True,T3,0,0,0,True,ディセンダーと認められたガンマン専用の魔銃,euc_jp
5021280,147639904,0,.rodata,16,19,3,True,T3,0,0,0,True,ヴァイキングガン,euc_jp
5021300,147639924,0,.rodata,38,39,1,True,T3,0,0,0,True,ディセンダーの為に作られた海賊専用の銃,euc_jp
5021340,147639964,0,.rodata,18,19,1,True,T3,0,0,0,True,エンジェルショット,euc_jp
5021360,147639984,0,.rodata,44,47,3,True,T3,0,0,0,True,ディセンダーの為に作られたガンマン専用の聖銃,euc_jp
5021408,147640032,0,.rodata,14,15,1,True,T3,0,0,0,True,デビルショット,euc_jp
5021424,147640048,0,.rodata,44,47,3,True,T3,0,0,0,True,ディセンダーの為に作られたガンマン専用の魔銃,euc_jp
5021472,147640096,0,.rodata,22,23,1,True,T3,0,0,0,True,フラッシュインザダーク,euc_jp
5021496,147640120,0,.rodata,32,35,3,True,T3,0,0,0,True,一瞬の光陰と共に標的を仕留める銃,euc_jp
5021532,147640156,0,.rodata,20,23,3,True,T3,0,0,0,True,サティスファクション,euc_jp
5021556,147640180,0,.rodata,32,35,3,True,T3,0,0,0,True,決して満たされぬ暗い衝動を伴う銃,euc_jp
5021592,147640216,0,.rodata,10,11,1,True,T3,0,0,0,True,デスゲイズ,euc_jp
5021604,147640228,0,.rodata,20,23,3,True,T3,0,0,0,True,死を呼び込む禍の秘銃,euc_jp
5021636,147640260,0,.rodata,14,15,1,True,T3,0,0,0,True,オウゴンジュウ,euc_jp
5021652,147640276,0,.rodata,26,27,1,True,T3,0,0,0,True,金色に輝く気品に満ちた宝銃,euc_jp
5021680,147640304,0,.rodata,14,15,1,True,T3,0,0,0,True,トライアルガン,euc_jp
5024356,147642980,0,.rodata,8,11,3,True,T3,0,0,0,True,スピアー,euc_jp
5024368,147642992,0,.rodata,36,39,3,True,T3,0,0,0,True,ごく普通に手に入る槍（ＴＯ専用武器）,euc_jp
5024408,147643032,0,.rodata,8,11,3,True,T3,0,0,0,True,フォーク,euc_jp
5024420,147643044,0,.rodata,44,47,3,True,T3,0,0,0,True,研ぎ澄まされた美しいフォーク（ＴＯ専用武器）,euc_jp
5024468,147643092,0,.rodata,12,15,3,True,T3,0,0,0,True,ウォーパイク,euc_jp
5024484,147643108,0,.rodata,34,35,1,True,T3,0,0,0,True,高威力の戦争用長槍（ＴＯ専用武器）,euc_jp
5024520,147643144,0,.rodata,10,11,1,True,T3,0,0,0,True,ハルバード,euc_jp
5024532,147643156,0,.rodata,42,43,1,True,T3,0,0,0,True,斧と槍の特性をあわせもつ槍（ＴＯ専用武器）,euc_jp
5024576,147643200,0,.rodata,12,15,3,True,T3,0,0,0,True,ブレディット,euc_jp
5024592,147643216,0,.rodata,42,43,1,True,T3,0,0,0,True,３０ｃｍ以上の穂身をもつ槍（ＴＯ専用武器）,euc_jp
5024636,147643260,0,.rodata,20,23,3,True,T3,0,0,0,True,ライトニングフューリ,euc_jp
5024660,147643284,0,.rodata,44,47,3,True,T3,0,0,0,True,狂暴なるイナズマの名をもつ槍（ＴＯ専用武器）,euc_jp
5024708,147643332,0,.rodata,18,19,1,True,T3,0,0,0,True,シルバーハルバード,euc_jp
5024728,147643352,0,.rodata,32,35,3,True,T3,0,0,0,True,銀製のハルバード（ＴＯ専用武器）,euc_jp
5024764,147643388,0,.rodata,18,19,1,True,T3,0,0,0,True,ブランディストック,euc_jp
5024784,147643408,0,.rodata,28,31,3,True,T3,0,0,0,True,三叉槍の一種（ＴＯ専用武器）,euc_jp
5024816,147643440,0,.rodata,16,19,3,True,T3,0,0,0,True,ドラグナーランス,euc_jp
5024864,147643488,0,.rodata,18,19,1,True,T3,0,0,0,True,シルバーリュッセル,euc_jp
5024884,147643508,0,.rodata,32,35,3,True,T3,0,0,0,True,銀製のリュッセル（ＴＯ専用武器）,euc_jp
5024920,147643544,0,.rodata,16,19,3,True,T3,0,0,0,True,シルバーギサルメ,euc_jp
5024940,147643564,0,.rodata,30,31,1,True,T3,0,0,0,True,銀製のギサルメ（ＴＯ専用武器）,euc_jp
5024972,147643596,0,.rodata,16,19,3,True,T3,0,0,0,True,インペールパイク,euc_jp
5024992,147643616,0,.rodata,48,51,3,True,T3,0,0,0,True,思わず敵を串刺しにしてしまう長槍（ＴＯ専用武器）,euc_jp
5025044,147643668,0,.rodata,14,15,1,True,T3,0,0,0,True,ミスリルランス,euc_jp
5025060,147643684,0,.rodata,36,39,3,True,T3,0,0,0,True,ミスリル銀を用いた槍（ＴＯ専用武器）,euc_jp
5025100,147643724,0,.rodata,18,19,1,True,T3,0,0,0,True,ゴールドハルバード,euc_jp
5025120,147643744,0,.rodata,32,35,3,True,T3,0,0,0,True,金製のハルバード（ＴＯ専用武器）,euc_jp
5025156,147643780,0,.rodata,16,19,3,True,T3,0,0,0,True,ドラグナーパイク,euc_jp
5025216,147643840,0,.rodata,8,11,3,True,T3,0,0,0,True,シュソウ,euc_jp
5025228,147643852,0,.rodata,48,51,3,True,T3,0,0,0,True,東方で最も勇気ある武人が持った槍（ＴＯ専用武器）,euc_jp
5025280,147643904,0,.rodata,16,19,3,True,T3,0,0,0,True,ゴールドギサルメ,euc_jp
5025300,147643924,0,.rodata,30,31,1,True,T3,0,0,0,True,金製のギサルメ（ＴＯ専用武器）,euc_jp
5025332,147643956,0,.rodata,16,19,3,True,T3,0,0,0,True,フォルティスピア,euc_jp
5025352,147643976,0,.rodata,40,43,3,True,T3,0,0,0,True,海を割る程の力を秘めた槍（ＴＯ専用武器）,euc_jp
5026292,147644916,0,.rodata,18,19,1,True,T3,0,0,0,True,無効値（トンファ）,euc_jp
5026312,147644936,0,.rodata,16,19,3,True,T3,0,0,0,True,ウッドトンファー,euc_jp
5026332,147644956,0,.rodata,40,43,3,True,T3,0,0,0,True,木製のトンファー。護身用（ＴＯ専用武器）,euc_jp
5026376,147645000,0,.rodata,18,19,1,True,T3,0,0,0,True,アイアントンファー,euc_jp
5026396,147645020,0,.rodata,40,43,3,True,T3,0,0,0,True,鉄で強化されたトンファー（ＴＯ専用武器）,euc_jp
5026440,147645064,0,.rodata,20,23,3,True,T3,0,0,0,True,フォルティトンファー,euc_jp
5026464,147645088,0,.rodata,50,51,1,True,T3,0,0,0,True,心の持ちようでは最強？のトンファー（ＴＯ専用武器）,euc_jp
5026516,147645140,0,.rodata,18,19,1,True,T3,0,0,0,True,スチールトンファー,euc_jp
5026536,147645160,0,.rodata,34,35,1,True,T3,0,0,0,True,鋼鉄製のトンファー（ＴＯ専用武器）,euc_jp
5026572,147645196,0,.rodata,18,19,1,True,T3,0,0,0,True,シルバートンファー,euc_jp
5026592,147645216,0,.rodata,38,39,1,True,T3,0,0,0,True,シルバー製のトンファー（ＴＯ専用武器）,euc_jp
5026632,147645256,0,.rodata,18,19,1,True,T3,0,0,0,True,プラチナトンファー,euc_jp
5026652,147645276,0,.rodata,38,39,1,True,T3,0,0,0,True,プラチナ製のトンファー（ＴＯ専用武器）,euc_jp
5026692,147645316,0,.rodata,12,15,3,True,T3,0,0,0,True,エトゥーリア,euc_jp
5026708,147645332,0,.rodata,38,39,1,True,T3,0,0,0,True,斧刃が付いたトンファー（ＴＯ専用武器）,euc_jp
5026748,147645372,0,.rodata,16,19,3,True,T3,0,0,0,True,モルゲンシュテル,euc_jp
5026768,147645392,0,.rodata,44,47,3,True,T3,0,0,0,True,モーニングスター風トンファー（ＴＯ専用武器）,euc_jp
5026816,147645440,0,.rodata,12,15,3,True,T3,0,0,0,True,バファーダム,euc_jp
5026832,147645456,0,.rodata,48,51,3,True,T3,0,0,0,True,不思議な力を発し続けるトンファー（ＴＯ専用武器）,euc_jp
5026884,147645508,0,.rodata,8,11,3,True,T3,0,0,0,True,ジャグナ,euc_jp
5026896,147645520,0,.rodata,44,47,3,True,T3,0,0,0,True,先端に鉄球の付いたトンファー（ＴＯ専用武器）,euc_jp
5026944,147645568,0,.rodata,12,15,3,True,T3,0,0,0,True,チェイロバー,euc_jp
5026960,147645584,0,.rodata,40,43,3,True,T3,0,0,0,True,ブレード付きのトンファー（ＴＯ専用武器）,euc_jp
5027004,147645628,0,.rodata,18,19,1,True,T3,0,0,0,True,ミスリルトンファー,euc_jp
5027024,147645648,0,.rodata,38,39,1,True,T3,0,0,0,True,ミスリル製のトンファー（ＴＯ専用武器）,euc_jp
5027076,147645700,0,.rodata,18,19,1,True,T3,0,0,0,True,テッキュウセンコン,euc_jp
5027096,147645720,0,.rodata,30,31,1,True,T3,0,0,0,True,鉄球付きの旋棍（ＴＯ専用武器）,euc_jp
5027140,147645764,0,.rodata,18,19,1,True,T3,0,0,0,True,ヤイバツキセンコン,euc_jp
5027160,147645784,0,.rodata,30,31,1,True,T3,0,0,0,True,刃が付いた旋棍（ＴＯ専用武器）,euc_jp
5027204,147645828,0,.rodata,16,19,3,True,T3,0,0,0,True,レイジュセンコン,euc_jp
5027224,147645848,0,.rodata,50,51,1,True,T3,0,0,0,True,霊験あらたかな御神木で作られた旋棍（ＴＯ専用武器）,euc_jp
5027288,147645912,0,.rodata,14,15,1,True,T3,0,0,0,True,ユウシセンコン,euc_jp
5027304,147645928,0,.rodata,36,39,3,True,T3,0,0,0,True,有刺鉄線を巻いた旋棍（ＴＯ専用武器）,euc_jp
5027344,147645968,0,.rodata,12,15,3,True,T3,0,0,0,True,魅栖璃瑠旋棍,euc_jp
5027360,147645984,0,.rodata,16,19,3,True,T3,0,0,0,True,ミスリルセンコン,euc_jp
5027380,147646004,0,.rodata,34,35,1,True,T3,0,0,0,True,ミスリル銀製の旋棍（ＴＯ専用武器）,euc_jp
5027428,147646052,0,.rodata,16,19,3,True,T3,0,0,0,True,コンドウセンコン,euc_jp
5027448,147646072,0,.rodata,28,31,3,True,T3,0,0,0,True,素晴しい旋棍（ＴＯ専用武器）,euc_jp
5027480,147646104,0,.rodata,18,19,1,True,T3,0,0,0,True,最大値（トンファ）,euc_jp
5028396,147647020,0,.rodata,10,11,1,True,T3,0,0,0,True,チャクラム,euc_jp
5028408,147647032,0,.rodata,44,47,3,True,T3,0,0,0,True,投擲後、手元に戻ってくる戦輪（ＴＯ専用武器）,euc_jp
5028456,147647080,0,.rodata,16,19,3,True,T3,0,0,0,True,リングスライサー,euc_jp
5028476,147647100,0,.rodata,46,47,1,True,T3,0,0,0,True,戦闘用に作られたリング状の武器（ＴＯ専用武器）,euc_jp
5028524,147647148,0,.rodata,6,7,1,True,T3,0,0,0,True,パイ皿,euc_jp
5028532,147647156,0,.rodata,8,11,3,True,T3,0,0,0,True,パイザラ,euc_jp
5028544,147647168,0,.rodata,36,39,3,True,T3,0,0,0,True,パーティに使える戦輪（ＴＯ専用武器）,euc_jp
5028584,147647208,0,.rodata,14,15,1,True,T3,0,0,0,True,ミスリルリング,euc_jp
5028600,147647224,0,.rodata,40,43,3,True,T3,0,0,0,True,ミスリル銀を用いたリング（ＴＯ専用武器）,euc_jp
5028644,147647268,0,.rodata,16,19,3,True,T3,0,0,0,True,リングオブムーン,euc_jp
5028664,147647288,0,.rodata,26,27,1,True,T3,0,0,0,True,月のリング（ＴＯ専用武器）,euc_jp
5028692,147647316,0,.rodata,18,19,1,True,T3,0,0,0,True,エンジェルハイロウ,euc_jp
5028712,147647336,0,.rodata,24,27,3,True,T3,0,0,0,True,天使の輪（ＴＯ専用武器）,euc_jp
5028740,147647364,0,.rodata,12,15,3,True,T3,0,0,0,True,バトルリング,euc_jp
5028756,147647380,0,.rodata,48,51,3,True,T3,0,0,0,True,打撃と投擲のバランスを取った戦輪（ＴＯ専用武器）,euc_jp
5028808,147647432,0,.rodata,16,19,3,True,T3,0,0,0,True,クロームホイール,euc_jp
5028828,147647452,0,.rodata,40,43,3,True,T3,0,0,0,True,クローム化されたホイール（ＴＯ専用武器）,euc_jp
5028872,147647496,0,.rodata,18,19,1,True,T3,0,0,0,True,スターダストリング,euc_jp
5028892,147647516,0,.rodata,28,31,3,True,T3,0,0,0,True,星屑のリング（ＴＯ専用武器）,euc_jp
5028924,147647548,0,.rodata,14,15,1,True,T3,0,0,0,True,プラチナリング,euc_jp
5028940,147647564,0,.rodata,38,39,1,True,T3,0,0,0,True,プラチナを用いたリング（ＴＯ専用武器）,euc_jp
5028980,147647604,0,.rodata,12,15,3,True,T3,0,0,0,True,マイトリング,euc_jp
5028996,147647620,0,.rodata,40,43,3,True,T3,0,0,0,True,力みなぎる感じがする戦輪（ＴＯ専用武器）,euc_jp
5029040,147647664,0,.rodata,14,15,1,True,T3,0,0,0,True,リングオブサン,euc_jp
5029056,147647680,0,.rodata,28,31,3,True,T3,0,0,0,True,太陽のリング（ＴＯ専用武器）,euc_jp
5029088,147647712,0,.rodata,12,15,3,True,T3,0,0,0,True,ウォーリング,euc_jp
5029104,147647728,0,.rodata,36,39,3,True,T3,0,0,0,True,古の戦士が使った戦輪（ＴＯ専用武器）,euc_jp
5029144,147647768,0,.rodata,18,19,1,True,T3,0,0,0,True,スパイクディッシュ,euc_jp
5029164,147647788,0,.rodata,42,43,1,True,T3,0,0,0,True,縁に長い棘が付いている戦輪（ＴＯ専用武器）,euc_jp
5029208,147647832,0,.rodata,16,19,3,True,T3,0,0,0,True,エターナルリング,euc_jp
5029228,147647852,0,.rodata,38,39,1,True,T3,0,0,0,True,永遠の名を冠したリング（ＴＯ専用武器）,euc_jp
5029268,147647892,0,.rodata,14,15,1,True,T3,0,0,0,True,ルーンディスク,euc_jp
5029284,147647908,0,.rodata,44,47,3,True,T3,0,0,0,True,古代の投擲競技に使われた円盤（ＴＯ専用武器）,euc_jp
5029332,147647956,0,.rodata,16,19,3,True,T3,0,0,0,True,ゴールドソーサー,euc_jp
5029352,147647976,0,.rodata,36,39,3,True,T3,0,0,0,True,金細工が施された戦輪（ＴＯ専用武器）,euc_jp
5029392,147648016,0,.rodata,12,15,3,True,T3,0,0,0,True,ブルーリング,euc_jp
5029408,147648032,0,.rodata,44,47,3,True,T3,0,0,0,True,強い魔法効果が付与された戦輪（ＴＯ専用武器）,euc_jp
5030352,147648976,0,.rodata,18,19,1,True,T3,0,0,0,True,無効値（ハンマー）,euc_jp
5030372,147648996,0,.rodata,12,15,3,True,T3,0,0,0,True,ウッドモール,euc_jp
5030388,147649012,0,.rodata,28,31,3,True,T3,0,0,0,True,木製のモール（ＴＯ専用武器）,euc_jp
5030420,147649044,0,.rodata,14,15,1,True,T3,0,0,0,True,ウォーハンマー,euc_jp
5030436,147649060,0,.rodata,32,35,3,True,T3,0,0,0,True,戦闘用のハンマー（ＴＯ専用武器）,euc_jp
5030472,147649096,0,.rodata,8,11,3,True,T3,0,0,0,True,ピコハン,euc_jp
5030484,147649108,0,.rodata,52,55,3,True,T3,0,0,0,True,ピコピコと音がなる子ども用のおもちゃ（ＴＯ専用武器）,euc_jp
5030540,147649164,0,.rodata,16,19,3,True,T3,0,0,0,True,アイアンハンマー,euc_jp
5030560,147649184,0,.rodata,30,31,1,True,T3,0,0,0,True,鉄製のハンマー（ＴＯ専用武器）,euc_jp
5030592,147649216,0,.rodata,22,23,1,True,T3,0,0,0,True,グルグルドリルハンマー,euc_jp
5030616,147649240,0,.rodata,46,47,1,True,T3,0,0,0,True,渦巻くドリルを装着したハンマー（ＴＯ専用武器）,euc_jp
5030664,147649288,0,.rodata,20,23,3,True,T3,0,0,0,True,ガーディアンスタンプ,euc_jp
5030688,147649312,0,.rodata,46,47,1,True,T3,0,0,0,True,巨人が使用したという重ハンマー（ＴＯ専用武器）,euc_jp
5030736,147649360,0,.rodata,14,15,1,True,T3,0,0,0,True,ウッドモール改,euc_jp
5030752,147649376,0,.rodata,16,19,3,True,T3,0,0,0,True,ウッドモールカイ,euc_jp
5030772,147649396,0,.rodata,48,51,3,True,T3,0,0,0,True,実戦向けに改良されたウッドモール（ＴＯ専用武器）,euc_jp
5030824,147649448,0,.rodata,18,19,1,True,T3,0,0,0,True,アイアンハンマー改,euc_jp
5030844,147649468,0,.rodata,20,23,3,True,T3,0,0,0,True,アイアンハンマーカイ,euc_jp
5030868,147649492,0,.rodata,52,55,3,True,T3,0,0,0,True,実戦向けに改良されたアイアンハンマー（ＴＯ専用武器）,euc_jp
5030924,147649548,0,.rodata,16,19,3,True,T3,0,0,0,True,デッドリーホーン,euc_jp
5030944,147649568,0,.rodata,48,51,3,True,T3,0,0,0,True,致命的な一打を放つ危険なハンマー（ＴＯ専用武器）,euc_jp
5030996,147649620,0,.rodata,16,19,3,True,T3,0,0,0,True,パイルドライバー,euc_jp
5031016,147649640,0,.rodata,54,55,1,True,T3,0,0,0,True,破壊力と扱いやすさを兼ね揃えたハンマー（ＴＯ専用武器）,euc_jp
5031072,147649696,0,.rodata,16,19,3,True,T3,0,0,0,True,ミスリルハンマー,euc_jp
5031092,147649716,0,.rodata,54,55,1,True,T3,0,0,0,True,ミスリル製のハンマーで見た目程重くない（ＴＯ専用武器）,euc_jp
5031148,147649772,0,.rodata,14,15,1,True,T3,0,0,0,True,トールハンマー,euc_jp
5031164,147649788,0,.rodata,44,47,3,True,T3,0,0,0,True,巨神が愛用した超重量ハンマー（ＴＯ専用武器）,euc_jp
5031212,147649836,0,.rodata,12,15,3,True,T3,0,0,0,True,ヘヴィモール,euc_jp
5031228,147649852,0,.rodata,44,47,3,True,T3,0,0,0,True,防具ごと敵を押し潰す重モール（ＴＯ専用武器）,euc_jp
5031276,147649900,0,.rodata,22,23,1,True,T3,0,0,0,True,バリバリドリルハンマー,euc_jp
5031300,147649924,0,.rodata,52,55,3,True,T3,0,0,0,True,超高速回転ドリルが装着されたハンマー（ＴＯ専用武器）,euc_jp
5031356,147649980,0,.rodata,16,19,3,True,T3,0,0,0,True,トールハンマー改,euc_jp
5031376,147650000,0,.rodata,18,19,1,True,T3,0,0,0,True,トールハンマーカイ,euc_jp
5031396,147650020,0,.rodata,50,51,1,True,T3,0,0,0,True,実戦向けに改良されたトールハンマー（ＴＯ専用武器）,euc_jp
5031448,147650072,0,.rodata,12,15,3,True,T3,0,0,0,True,エクスプレス,euc_jp
5031464,147650088,0,.rodata,38,39,1,True,T3,0,0,0,True,万物を叩き潰すハンマー（ＴＯ専用武器）,euc_jp
5031504,147650128,0,.rodata,18,19,1,True,T3,0,0,0,True,ゴールデンハンマー,euc_jp
5031524,147650148,0,.rodata,46,47,1,True,T3,0,0,0,True,金色に輝く愛と勇気の重ハンマー（ＴＯ専用武器）,euc_jp
5031572,147650196,0,.rodata,18,19,1,True,T3,0,0,0,True,７６５ｋｇハンマー,euc_jp
5031592,147650216,0,.rodata,24,27,3,True,T3,0,0,0,True,ナムコキログラムハンマー,euc_jp
5031620,147650244,0,.rodata,58,59,1,True,T3,0,0,0,True,「夢」「遊び」「感動」が詰まった重ハンマー（ＴＯ専用武器）,euc_jp
5031680,147650304,0,.rodata,18,19,1,True,T3,0,0,0,True,最大値（ハンマー）,euc_jp
5032580,147651204,0,.rodata,18,19,1,True,T3,0,0,0,True,無効値（ライフル）,euc_jp
5032600,147651224,0,.rodata,8,11,3,True,T3,0,0,0,True,ライフル,euc_jp
5032612,147651236,0,.rodata,32,35,3,True,T3,0,0,0,True,市販品のライフル（ＴＯ専用武器）,euc_jp
5032648,147651272,0,.rodata,16,19,3,True,T3,0,0,0,True,ハンターライフル,euc_jp
5032668,147651292,0,.rodata,32,35,3,True,T3,0,0,0,True,狩猟用のライフル（ＴＯ専用武器）,euc_jp
5032704,147651328,0,.rodata,16,19,3,True,T3,0,0,0,True,ポーチャーバレル,euc_jp
5032724,147651348,0,.rodata,42,43,1,True,T3,0,0,0,True,密猟者より押収したライフル（ＴＯ専用武器）,euc_jp
5032768,147651392,0,.rodata,16,19,3,True,T3,0,0,0,True,ビッグマーシャル,euc_jp
5032788,147651412,0,.rodata,48,51,3,True,T3,0,0,0,True,保安官が標準装備しているライフル（ＴＯ専用武器）,euc_jp
5032840,147651464,0,.rodata,16,19,3,True,T3,0,0,0,True,スマートハンター,euc_jp
5032860,147651484,0,.rodata,30,31,1,True,T3,0,0,0,True,強化された猟銃（ＴＯ専用武器）,euc_jp
5032892,147651516,0,.rodata,16,19,3,True,T3,0,0,0,True,ブラッドカービン,euc_jp
5032912,147651536,0,.rodata,40,43,3,True,T3,0,0,0,True,血に染まりし闇のライフル（ＴＯ専用武器）,euc_jp
5032956,147651580,0,.rodata,10,11,1,True,T3,0,0,0,True,ガーランド,euc_jp
5032968,147651592,0,.rodata,40,43,3,True,T3,0,0,0,True,量産タイプの軍用ライフル（ＴＯ専用武器）,euc_jp
5033012,147651636,0,.rodata,16,19,3,True,T3,0,0,0,True,アサルトライフル,euc_jp
5033032,147651656,0,.rodata,32,35,3,True,T3,0,0,0,True,軍の主力ライフル（ＴＯ専用武器）,euc_jp
5033068,147651692,0,.rodata,14,15,1,True,T3,0,0,0,True,銃士のライフル,euc_jp
5033084,147651708,0,.rodata,18,19,1,True,T3,0,0,0,True,ジュウシノライフル,euc_jp
5033104,147651728,0,.rodata,50,51,1,True,T3,0,0,0,True,エリート層の兵士が所有するライフル（ＴＯ専用武器）,euc_jp
5033156,147651780,0,.rodata,16,19,3,True,T3,0,0,0,True,コマンダーバレル,euc_jp
5033176,147651800,0,.rodata,40,43,3,True,T3,0,0,0,True,前線指揮官専用のライフル（ＴＯ専用武器）,euc_jp
5033220,147651844,0,.rodata,16,19,3,True,T3,0,0,0,True,マスターライフル,euc_jp
5033240,147651864,0,.rodata,36,39,3,True,T3,0,0,0,True,狙撃に最適のライフル（ＴＯ専用武器）,euc_jp
5033280,147651904,0,.rodata,16,19,3,True,T3,0,0,0,True,フレイムガンナー,euc_jp
5033300,147651924,0,.rodata,44,47,3,True,T3,0,0,0,True,火の精を撃ち出す炎のライフル（ＴＯ専用武器）,euc_jp
5033348,147651972,0,.rodata,12,15,3,True,T3,0,0,0,True,反逆者の遺志,euc_jp
5033364,147651988,0,.rodata,20,23,3,True,T3,0,0,0,True,ハンギャクシャノイシ,euc_jp
5033388,147652012,0,.rodata,48,51,3,True,T3,0,0,0,True,反乱首謀者の傍らに在ったライフル（ＴＯ専用武器）,euc_jp
5033440,147652064,0,.rodata,14,15,1,True,T3,0,0,0,True,ヘルスナイパー,euc_jp
5033456,147652080,0,.rodata,44,47,3,True,T3,0,0,0,True,狙った獲物は逃がさない狙撃銃（ＴＯ専用武器）,euc_jp
5033504,147652128,0,.rodata,16,19,3,True,T3,0,0,0,True,レッドレクイエム,euc_jp
5033524,147652148,0,.rodata,66,67,1,True,T3,0,0,0,True,その銃声は狙われた者への鎮魂歌と恐れられるライフル（ＴＯ専用武器）,euc_jp
5033592,147652216,0,.rodata,12,15,3,True,T3,0,0,0,True,ＡＰライフル,euc_jp
5033608,147652232,0,.rodata,26,27,1,True,T3,0,0,0,True,アーマーピアシングライフル,euc_jp
5033636,147652260,0,.rodata,48,51,3,True,T3,0,0,0,True,強烈な貫徹力を持つ対戦車ライフル（ＴＯ専用武器）,euc_jp
5033688,147652312,0,.rodata,16,19,3,True,T3,0,0,0,True,エレメントバレル,euc_jp
5033708,147652332,0,.rodata,50,51,1,True,T3,0,0,0,True,全精霊の加護を受けた奇跡のライフル（ＴＯ専用武器）,euc_jp
5033760,147652384,0,.rodata,16,19,3,True,T3,0,0,0,True,フリーズカービン,euc_jp
5033780,147652404,0,.rodata,46,47,1,True,T3,0,0,0,True,超高速の氷槍を撃ち出すライフル（ＴＯ専用武器）,euc_jp
5033828,147652452,0,.rodata,18,19,1,True,T3,0,0,0,True,最大値（ライフル）,euc_jp
5034728,147653352,0,.rodata,16,19,3,True,T3,0,0,0,True,無効値（バトン）,euc_jp
5034748,147653372,0,.rodata,10,11,1,True,T3,0,0,0,True,エルロンド,euc_jp
5034760,147653384,0,.rodata,44,47,3,True,T3,0,0,0,True,ダンスに用いる基本的なバトン（ＴＯ専用武器）,euc_jp
5034808,147653432,0,.rodata,6,7,1,True,T3,0,0,0,True,ルンバ,euc_jp
5034816,147653440,0,.rodata,40,43,3,True,T3,0,0,0,True,軽快な踊りに最適のバトン（ＴＯ専用武器）,euc_jp
5034860,147653484,0,.rodata,10,11,1,True,T3,0,0,0,True,オールダー,euc_jp
5034872,147653496,0,.rodata,30,31,1,True,T3,0,0,0,True,競技用のバトン（ＴＯ専用武器）,euc_jp
5034904,147653528,0,.rodata,10,11,1,True,T3,0,0,0,True,オリーブル,euc_jp
5034916,147653540,0,.rodata,44,47,3,True,T3,0,0,0,True,材質にこだわった良質のバトン（ＴＯ専用武器）,euc_jp
5034964,147653588,0,.rodata,6,7,1,True,T3,0,0,0,True,サルサ,euc_jp
5034972,147653596,0,.rodata,56,59,3,True,T3,0,0,0,True,リズムを取る拍子木としても使われるバトン（ＴＯ専用武器）,euc_jp
5035032,147653656,0,.rodata,10,11,1,True,T3,0,0,0,True,ピスティス,euc_jp
5035044,147653668,0,.rodata,50,51,1,True,T3,0,0,0,True,硬質のボールとチップが付いたバトン（ＴＯ専用武器）,euc_jp
5035096,147653720,0,.rodata,8,11,3,True,T3,0,0,0,True,メリアー,euc_jp
5035108,147653732,0,.rodata,54,55,1,True,T3,0,0,0,True,シャフトを強化し折れにくくなったバトン（ＴＯ専用武器）,euc_jp
5035164,147653788,0,.rodata,6,7,1,True,T3,0,0,0,True,タンゴ,euc_jp
5035172,147653796,0,.rodata,56,59,3,True,T3,0,0,0,True,高度な振り回しを目指して強化されたバトン（ＴＯ専用武器）,euc_jp
5035232,147653856,0,.rodata,12,15,3,True,T3,0,0,0,True,トゥリステス,euc_jp
5035248,147653872,0,.rodata,54,55,1,True,T3,0,0,0,True,なぜか護身用武器として用いられるバトン（ＴＯ専用武器）,euc_jp
5035304,147653928,0,.rodata,6,7,1,True,T3,0,0,0,True,ジャズ,euc_jp
5035312,147653936,0,.rodata,60,63,3,True,T3,0,0,0,True,ボールとチップの硬度が大幅に強化されたバトン（ＴＯ専用武器）,euc_jp
5035376,147654000,0,.rodata,10,11,1,True,T3,0,0,0,True,クラージュ,euc_jp
5035388,147654012,0,.rodata,66,67,1,True,T3,0,0,0,True,シャフトを太くし、より実戦的な強化がなされたバトン（ＴＯ専用武器）,euc_jp
5035456,147654080,0,.rodata,10,11,1,True,T3,0,0,0,True,バチャータ,euc_jp
5035468,147654092,0,.rodata,52,55,3,True,T3,0,0,0,True,重い一打を放つ為に重量を増したバトン（ＴＯ専用武器）,euc_jp
5035524,147654148,0,.rodata,8,11,3,True,T3,0,0,0,True,メーニス,euc_jp
5035536,147654160,0,.rodata,34,35,1,True,T3,0,0,0,True,近接戦闘用のバトン（ＴＯ専用武器）,euc_jp
5035572,147654196,0,.rodata,8,11,3,True,T3,0,0,0,True,ヴァルス,euc_jp
5035584,147654208,0,.rodata,58,59,1,True,T3,0,0,0,True,踊りでも戦闘でも優れた性能を発揮するバトン（ＴＯ専用武器）,euc_jp
5035644,147654268,0,.rodata,10,11,1,True,T3,0,0,0,True,アグラード,euc_jp
5035656,147654280,0,.rodata,56,59,3,True,T3,0,0,0,True,伝説のバトントワラーが特訓に使ったバトン（ＴＯ専用武器）,euc_jp
5035716,147654340,0,.rodata,4,7,3,True,T3,0,0,0,True,バレ,euc_jp
5035724,147654348,0,.rodata,62,63,1,True,T3,0,0,0,True,一流のバトントワラーが一度は手にする高級バトン（ＴＯ専用武器）,euc_jp
5035788,147654412,0,.rodata,8,11,3,True,T3,0,0,0,True,ピリアー,euc_jp
5035800,147654424,0,.rodata,54,55,1,True,T3,0,0,0,True,戦闘用として完成された品質を誇るバトン（ＴＯ専用武器）,euc_jp
5035856,147654480,0,.rodata,10,11,1,True,T3,0,0,0,True,イーレクス,euc_jp
5035868,147654492,0,.rodata,58,59,1,True,T3,0,0,0,True,伝説のバトントワラーが競技に使用したバトン（ＴＯ専用武器）,euc_jp
5035928,147654552,0,.rodata,16,19,3,True,T3,0,0,0,True,最大値（バトン）,euc_jp
5036828,147655452,0,.rodata,18,19,1,True,T3,0,0,0,True,無効値（ボウガン）,euc_jp
5036848,147655472,0,.rodata,12,15,3,True,T3,0,0,0,True,ゲイルアーク,euc_jp
5036864,147655488,0,.rodata,32,35,3,True,T3,0,0,0,True,市販品のボウガン（ＴＯ専用武器）,euc_jp
5036900,147655524,0,.rodata,10,11,1,True,T3,0,0,0,True,インバット,euc_jp
5036912,147655536,0,.rodata,32,35,3,True,T3,0,0,0,True,狩猟用のボウガン（ＴＯ専用武器）,euc_jp
5036948,147655572,0,.rodata,10,11,1,True,T3,0,0,0,True,シャックス,euc_jp
5036960,147655584,0,.rodata,54,55,1,True,T3,0,0,0,True,弦の改良で威力と射程が上がったボウガン（ＴＯ専用武器）,euc_jp
5037016,147655640,0,.rodata,12,15,3,True,T3,0,0,0,True,シュヴァルベ,euc_jp
5037032,147655656,0,.rodata,32,35,3,True,T3,0,0,0,True,護身用のボウガン（ＴＯ専用武器）,euc_jp
5037068,147655692,0,.rodata,10,11,1,True,T3,0,0,0,True,マルファス,euc_jp
5037080,147655704,0,.rodata,52,55,3,True,T3,0,0,0,True,簡易構造でメンテナンスが楽なボウガン（ＴＯ専用武器）,euc_jp
5037136,147655760,0,.rodata,10,11,1,True,T3,0,0,0,True,パシアノス,euc_jp
5037148,147655772,0,.rodata,50,51,1,True,T3,0,0,0,True,矢の装填に時間がかからないボウガン（ＴＯ専用武器）,euc_jp
5037200,147655824,0,.rodata,10,11,1,True,T3,0,0,0,True,コルニクス,euc_jp
5037212,147655836,0,.rodata,46,47,1,True,T3,0,0,0,True,命中精度が高い狙撃用のボウガン（ＴＯ専用武器）,euc_jp
5037260,147655884,0,.rodata,8,11,3,True,T3,0,0,0,True,クレイン,euc_jp
5037272,147655896,0,.rodata,50,51,1,True,T3,0,0,0,True,軍でも用いられている良質なボウガン（ＴＯ専用武器）,euc_jp
5037324,147655948,0,.rodata,6,7,1,True,T3,0,0,0,True,ガルダ,euc_jp
5037332,147655956,0,.rodata,46,47,1,True,T3,0,0,0,True,魔獣を狩る為に作られたボウガン（ＴＯ専用武器）,euc_jp
5037380,147656004,0,.rodata,12,15,3,True,T3,0,0,0,True,オルテュクス,euc_jp
5037396,147656020,0,.rodata,54,55,1,True,T3,0,0,0,True,軽量でありながら高い性能を誇るボウガン（ＴＯ専用武器）,euc_jp
5037452,147656076,0,.rodata,10,11,1,True,T3,0,0,0,True,アウストル,euc_jp
5037464,147656088,0,.rodata,46,47,1,True,T3,0,0,0,True,特殊な矢を使う高威力のボウガン（ＴＯ専用武器）,euc_jp
5037512,147656136,0,.rodata,10,11,1,True,T3,0,0,0,True,シームルグ,euc_jp
5037524,147656148,0,.rodata,58,59,1,True,T3,0,0,0,True,限られた者しか入手出来ない特注品のボウガン（ＴＯ専用武器）,euc_jp
5037584,147656208,0,.rodata,10,11,1,True,T3,0,0,0,True,ミストラル,euc_jp
5037596,147656220,0,.rodata,56,59,3,True,T3,0,0,0,True,悪天候でも安定した性能を発揮するボウガン（ＴＯ専用武器）,euc_jp
5037656,147656280,0,.rodata,10,11,1,True,T3,0,0,0,True,アムルゼス,euc_jp
5037668,147656292,0,.rodata,56,59,3,True,T3,0,0,0,True,量産品から稀に出てくる超高品質のボウガン（ＴＯ専用武器）,euc_jp
5037728,147656352,0,.rodata,12,15,3,True,T3,0,0,0,True,ヴィゾフニル,euc_jp
5037744,147656368,0,.rodata,60,63,3,True,T3,0,0,0,True,聖なる力で如何なるものも射程に捉えるボウガン（ＴＯ専用武器）,euc_jp
5037808,147656432,0,.rodata,10,11,1,True,T3,0,0,0,True,ペレグリノ,euc_jp
5037820,147656444,0,.rodata,50,51,1,True,T3,0,0,0,True,必ず急所に当たると噂されるボウガン（ＴＯ専用武器）,euc_jp
5037872,147656496,0,.rodata,12,15,3,True,T3,0,0,0,True,フレズベルグ,euc_jp
5037888,147656512,0,.rodata,50,51,1,True,T3,0,0,0,True,魔の力を借りて威力を上げたボウガン（ＴＯ専用武器）,euc_jp
5037940,147656564,0,.rodata,12,15,3,True,T3,0,0,0,True,アレクトリス,euc_jp
5037956,147656580,0,.rodata,46,47,1,True,T3,0,0,0,True,竜の鱗をも貫く伝説級のボウガン（ＴＯ専用武器）,euc_jp
5038004,147656628,0,.rodata,18,19,1,True,T3,0,0,0,True,最大値（ボウガン）,euc_jp
5038904,147657528,0,.rodata,16,23,7,True,T3,0,0,0,True,無効値（バッグ）,euc_jp
5038928,147657552,0,.rodata,14,15,1,True,T3,0,0,0,True,チャットバッグ,euc_jp
5038944,147657568,0,.rodata,40,43,3,True,T3,0,0,0,True,これで気分はキャプテン！（ＴＯ専用武器）,euc_jp
5038988,147657612,0,.rodata,12,15,3,True,T3,0,0,0,True,トートバッグ,euc_jp
5039004,147657628,0,.rodata,32,35,3,True,T3,0,0,0,True,大型の角型バッグ（ＴＯ専用武器）,euc_jp
5039040,147657664,0,.rodata,10,11,1,True,T3,0,0,0,True,エコバッグ,euc_jp
5039052,147657676,0,.rodata,44,47,3,True,T3,0,0,0,True,環境にやさしい買い物用バッグ（ＴＯ専用武器）,euc_jp
5039100,147657724,0,.rodata,12,15,3,True,T3,0,0,0,True,ビッグバッグ,euc_jp
5039116,147657740,0,.rodata,48,51,3,True,T3,0,0,0,True,トートバッグより更に大型のバッグ（ＴＯ専用武器）,euc_jp
5039168,147657792,0,.rodata,12,15,3,True,T3,0,0,0,True,ラックバッグ,euc_jp
5039184,147657808,0,.rodata,30,31,1,True,T3,0,0,0,True,福袋？なバッグ（ＴＯ専用武器）,euc_jp
5039216,147657840,0,.rodata,14,15,1,True,T3,0,0,0,True,ワンダーバッグ,euc_jp
5039232,147657856,0,.rodata,50,51,1,True,T3,0,0,0,True,旅行かばん。お土産満載でとても重い（ＴＯ専用武器）,euc_jp
5039284,147657908,0,.rodata,16,19,3,True,T3,0,0,0,True,キャプテンバッグ,euc_jp
5039304,147657928,0,.rodata,46,47,1,True,T3,0,0,0,True,船長だけが所有を許されるバッグ（ＴＯ専用武器）,euc_jp
5039352,147657976,0,.rodata,12,15,3,True,T3,0,0,0,True,ハンドバッグ,euc_jp
5039368,147657992,0,.rodata,42,43,1,True,T3,0,0,0,True,見かけよりも重いバッグです（ＴＯ専用武器）,euc_jp
5039412,147658036,0,.rodata,12,15,3,True,T3,0,0,0,True,ゴルフバッグ,euc_jp
5039428,147658052,0,.rodata,44,47,3,True,T3,0,0,0,True,ゴルフボールなどが入ってます（ＴＯ専用武器）,euc_jp
5039476,147658100,0,.rodata,12,15,3,True,T3,0,0,0,True,ラージバッグ,euc_jp
5039492,147658116,0,.rodata,38,39,1,True,T3,0,0,0,True,とても大きいバッグです（ＴＯ専用武器）,euc_jp
5039532,147658156,0,.rodata,10,11,1,True,T3,0,0,0,True,本革バッグ,euc_jp
5039544,147658168,0,.rodata,14,15,1,True,T3,0,0,0,True,ホンカワバッグ,euc_jp
5039560,147658184,0,.rodata,44,47,3,True,T3,0,0,0,True,革製の上品でおしゃれなバッグ（ＴＯ専用武器）,euc_jp
5039608,147658232,0,.rodata,16,19,3,True,T3,0,0,0,True,ガーメントバッグ,euc_jp
5039628,147658252,0,.rodata,44,47,3,True,T3,0,0,0,True,衣服などを入れる事が出来ます（ＴＯ専用武器）,euc_jp
5039676,147658300,0,.rodata,18,19,1,True,T3,0,0,0,True,プレジデントバッグ,euc_jp
5039696,147658320,0,.rodata,38,39,1,True,T3,0,0,0,True,社長気分になれるバッグ（ＴＯ専用武器）,euc_jp
5039736,147658360,0,.rodata,14,15,1,True,T3,0,0,0,True,ブランドバッグ,euc_jp
5039752,147658376,0,.rodata,38,39,1,True,T3,0,0,0,True,中身はとても軽いバッグ（ＴＯ専用武器）,euc_jp
5039792,147658416,0,.rodata,14,15,1,True,T3,0,0,0,True,ヒュージバッグ,euc_jp
5039808,147658432,0,.rodata,32,35,3,True,T3,0,0,0,True,とても…重いです（ＴＯ専用武器）,euc_jp
5039844,147658468,0,.rodata,14,15,1,True,T3,0,0,0,True,スポーツバッグ,euc_jp
5039860,147658484,0,.rodata,46,47,1,True,T3,0,0,0,True,ボウリングの球などが入ってます（ＴＯ専用武器）,euc_jp
5039908,147658532,0,.rodata,18,19,1,True,T3,0,0,0,True,ジュラルミンバッグ,euc_jp
5039928,147658552,0,.rodata,44,47,3,True,T3,0,0,0,True,現金輸送などによく使われます（ＴＯ専用武器）,euc_jp
5039976,147658600,0,.rodata,16,19,3,True,T3,0,0,0,True,ローヤーズバッグ,euc_jp
5039996,147658620,0,.rodata,40,43,3,True,T3,0,0,0,True,多分書類は入っていません（ＴＯ専用武器）,euc_jp
5040040,147658664,0,.rodata,16,19,3,True,T3,0,0,0,True,最大値（バッグ）,euc_jp
5040956,147659580,0,.rodata,14,15,1,True,T3,0,0,0,True,イージープレイ,euc_jp
5040972,147659596,0,.rodata,30,31,1,True,T3,0,0,0,True,木製のケンダマ（ＴＯ専用武器）,euc_jp
5041004,147659628,0,.rodata,14,15,1,True,T3,0,0,0,True,デュエルプレイ,euc_jp
5041020,147659644,0,.rodata,48,51,3,True,T3,0,0,0,True,おもちゃでも本気で殴れるケンダマ（ＴＯ専用武器）,euc_jp
5041072,147659696,0,.rodata,16,19,3,True,T3,0,0,0,True,サンダードリフト,euc_jp
5041092,147659716,0,.rodata,46,47,1,True,T3,0,0,0,True,イナズマの様なスーパーケンダマ（ＴＯ専用武器）,euc_jp
5041140,147659764,0,.rodata,14,15,1,True,T3,0,0,0,True,ナイチンゲール,euc_jp
5041156,147659780,0,.rodata,38,39,1,True,T3,0,0,0,True,初心者用本格的ケンダマ（ＴＯ専用武器）,euc_jp
5041196,147659820,0,.rodata,14,15,1,True,T3,0,0,0,True,ハミングバード,euc_jp
5041212,147659836,0,.rodata,30,31,1,True,T3,0,0,0,True,小型のケンダマ（ＴＯ専用武器）,euc_jp
5041244,147659868,0,.rodata,6,7,1,True,T3,0,0,0,True,ハヤテ,euc_jp
5041252,147659876,0,.rodata,38,39,1,True,T3,0,0,0,True,中級者用本格的ケンダマ（ＴＯ専用武器）,euc_jp
5041292,147659916,0,.rodata,12,15,3,True,T3,0,0,0,True,ウォープレイ,euc_jp
5041308,147659932,0,.rodata,30,31,1,True,T3,0,0,0,True,戦闘用ケンダマ（ＴＯ専用武器）,euc_jp
5041340,147659964,0,.rodata,14,15,1,True,T3,0,0,0,True,トリックプレイ,euc_jp
5041356,147659980,0,.rodata,44,47,3,True,T3,0,0,0,True,奇抜な技を披露できるケンダマ（ＴＯ専用武器）,euc_jp
5041404,147660028,0,.rodata,16,19,3,True,T3,0,0,0,True,シャドウダンサー,euc_jp
5041424,147660048,0,.rodata,46,47,1,True,T3,0,0,0,True,影で踊る地道なプレイ用ケンダマ（ＴＯ専用武器）,euc_jp
5041472,147660096,0,.rodata,10,11,1,True,T3,0,0,0,True,ファルコン,euc_jp
5041484,147660108,0,.rodata,34,35,1,True,T3,0,0,0,True,少し大型のケンダマ（ＴＯ専用武器）,euc_jp
5041520,147660144,0,.rodata,18,19,1,True,T3,0,0,0,True,ファンタゴズマリア,euc_jp
5041540,147660164,0,.rodata,44,47,3,True,T3,0,0,0,True,イリュージョニスト用ケンダマ（ＴＯ専用武器）,euc_jp
5041588,147660212,0,.rodata,20,23,3,True,T3,0,0,0,True,アラウンドザワールド,euc_jp
5041612,147660236,0,.rodata,30,31,1,True,T3,0,0,0,True,気分は世界一周（ＴＯ専用武器）,euc_jp
5041644,147660268,0,.rodata,12,15,3,True,T3,0,0,0,True,エアプレーン,euc_jp
5041660,147660284,0,.rodata,36,39,3,True,T3,0,0,0,True,飛行機の様に軽やか！（ＴＯ専用武器）,euc_jp
5041700,147660324,0,.rodata,10,11,1,True,T3,0,0,0,True,シュライン,euc_jp
5041712,147660336,0,.rodata,38,39,1,True,T3,0,0,0,True,上級者用本格的ケンダマ（ＴＯ専用武器）,euc_jp
5041752,147660376,0,.rodata,14,15,1,True,T3,0,0,0,True,ライジングサン,euc_jp
5041768,147660392,0,.rodata,46,47,1,True,T3,0,0,0,True,伝統ある儀式に使われたケンダマ（ＴＯ専用武器）,euc_jp
5041816,147660440,0,.rodata,14,15,1,True,T3,0,0,0,True,ノーザンライト,euc_jp
5041832,147660456,0,.rodata,46,47,1,True,T3,0,0,0,True,振るとオーロラが見えるケンダマ（ＴＯ専用武器）,euc_jp
5041880,147660504,0,.rodata,16,19,3,True,T3,0,0,0,True,ヘヴンリープレイ,euc_jp
5041900,147660524,0,.rodata,26,27,1,True,T3,0,0,0,True,まさに神業（ＴＯ専用武器）,euc_jp
5041928,147660552,0,.rodata,18,19,1,True,T3,0,0,0,True,ギャラクシープレイ,euc_jp
5041948,147660572,0,.rodata,30,31,1,True,T3,0,0,0,True,気分は銀河一周（ＴＯ専用武器）,euc_jp
5042896,147661520,0,.rodata,8,11,3,True,T3,0,0,0,True,ブルーム,euc_jp
5042908,147661532,0,.rodata,40,43,3,True,T3,0,0,0,True,通称ホウキ。空を飛べます（ＴＯ専用武器）,euc_jp
5042952,147661576,0,.rodata,16,19,3,True,T3,0,0,0,True,ミスティブルーム,euc_jp
5042972,147661596,0,.rodata,44,47,3,True,T3,0,0,0,True,ミステリアスな雰囲気のホウキ（ＴＯ専用武器）,euc_jp
5043020,147661644,0,.rodata,16,19,3,True,T3,0,0,0,True,マジカルブルーム,euc_jp
5043040,147661664,0,.rodata,40,43,3,True,T3,0,0,0,True,魔法効果を付与したホウキ（ＴＯ専用武器）,euc_jp
5043084,147661708,0,.rodata,16,19,3,True,T3,0,0,0,True,シルフィブルーム,euc_jp
5043104,147661728,0,.rodata,38,39,1,True,T3,0,0,0,True,妖精の力を秘めたホウキ（ＴＯ専用武器）,euc_jp
5043144,147661768,0,.rodata,16,19,3,True,T3,0,0,0,True,ワンダーブルーム,euc_jp
5043164,147661788,0,.rodata,42,43,1,True,T3,0,0,0,True,そのホウキは世界を掃除する（ＴＯ専用武器）,euc_jp
5043208,147661832,0,.rodata,14,15,1,True,T3,0,0,0,True,スターブルーム,euc_jp
5043224,147661848,0,.rodata,28,31,3,True,T3,0,0,0,True,星降るホウキ（ＴＯ専用武器）,euc_jp
5043256,147661880,0,.rodata,6,7,1,True,T3,0,0,0,True,モップ,euc_jp
5043264,147661888,0,.rodata,44,47,3,True,T3,0,0,0,True,雑巾付き清掃具。空も飛べます（ＴＯ専用武器）,euc_jp
5043312,147661936,0,.rodata,12,15,3,True,T3,0,0,0,True,マイトモップ,euc_jp
5043328,147661952,0,.rodata,38,39,1,True,T3,0,0,0,True,力強く清掃出来るモップ（ＴＯ専用武器）,euc_jp
5043368,147661992,0,.rodata,14,15,1,True,T3,0,0,0,True,シルバーモップ,euc_jp
5043384,147662008,0,.rodata,32,35,3,True,T3,0,0,0,True,柄が銀製のモップ（ＴＯ専用武器）,euc_jp
5043420,147662044,0,.rodata,14,15,1,True,T3,0,0,0,True,ゴールドモップ,euc_jp
5043436,147662060,0,.rodata,32,35,3,True,T3,0,0,0,True,柄が金製のモップ（ＴＯ専用武器）,euc_jp
5043472,147662096,0,.rodata,14,15,1,True,T3,0,0,0,True,ハイパーモップ,euc_jp
5043488,147662112,0,.rodata,46,47,1,True,T3,0,0,0,True,そのモップはチリ一つ残しません（ＴＯ専用武器）,euc_jp
5043536,147662160,0,.rodata,18,19,1,True,T3,0,0,0,True,スターダストモップ,euc_jp
5043556,147662180,0,.rodata,40,43,3,True,T3,0,0,0,True,宇宙も掃除出来る？モップ（ＴＯ専用武器）,euc_jp
5043600,147662224,0,.rodata,6,7,1,True,T3,0,0,0,True,ブラシ,euc_jp
5043608,147662232,0,.rodata,46,47,1,True,T3,0,0,0,True,磨き掃除用清掃具。空も飛べます（ＴＯ専用武器）,euc_jp
5043656,147662280,0,.rodata,16,19,3,True,T3,0,0,0,True,ギャロップブラシ,euc_jp
5043676,147662300,0,.rodata,48,51,3,True,T3,0,0,0,True,子馬さんの毛を使った優しいブラシ（ＴＯ専用武器）,euc_jp
5043728,147662352,0,.rodata,18,19,1,True,T3,0,0,0,True,エクセレントブラシ,euc_jp
5043748,147662372,0,.rodata,30,31,1,True,T3,0,0,0,True,素晴しいブラシ（ＴＯ専用武器）,euc_jp
5043780,147662404,0,.rodata,18,19,1,True,T3,0,0,0,True,シャイニングブラシ,euc_jp
5043800,147662424,0,.rodata,48,51,3,True,T3,0,0,0,True,このブラシで磨けばピカピカです！（ＴＯ専用武器）,euc_jp
5043852,147662476,0,.rodata,16,19,3,True,T3,0,0,0,True,ゴールデンブラシ,euc_jp
5043872,147662496,0,.rodata,32,35,3,True,T3,0,0,0,True,柄が金製のブラシ（ＴＯ専用武器）,euc_jp
5043908,147662532,0,.rodata,18,19,1,True,T3,0,0,0,True,スターダストブラシ,euc_jp
5043928,147662552,0,.rodata,44,47,3,True,T3,0,0,0,True,宇宙の星々すら磨ける？ブラシ（ＴＯ専用武器）,euc_jp
5044876,147663500,0,.rodata,16,19,3,True,T3,0,0,0,True,無効値（おたま）,euc_jp
5044896,147663520,0,.rodata,10,11,1,True,T3,0,0,0,True,鉄のおたま,euc_jp
5044908,147663532,0,.rodata,12,15,3,True,T3,0,0,0,True,テツノオタマ,euc_jp
5044924,147663548,0,.rodata,42,43,1,True,T3,0,0,0,True,鉄製のおたま。スタンダード（ＴＯ専用武器）,euc_jp
5044968,147663592,0,.rodata,10,11,1,True,T3,0,0,0,True,銅のおたま,euc_jp
5044980,147663604,0,.rodata,12,15,3,True,T3,0,0,0,True,ドウノオタマ,euc_jp
5044996,147663620,0,.rodata,38,39,1,True,T3,0,0,0,True,銅製のおたま。少し豪華（ＴＯ専用武器）,euc_jp
5045036,147663660,0,.rodata,10,11,1,True,T3,0,0,0,True,銀のおたま,euc_jp
5045048,147663672,0,.rodata,12,15,3,True,T3,0,0,0,True,ギンノオタマ,euc_jp
5045064,147663688,0,.rodata,42,43,1,True,T3,0,0,0,True,銀製のおたま。魔を払います（ＴＯ専用武器）,euc_jp
5045108,147663732,0,.rodata,10,11,1,True,T3,0,0,0,True,金のおたま,euc_jp
5045120,147663744,0,.rodata,12,15,3,True,T3,0,0,0,True,キンノオタマ,euc_jp
5045136,147663760,0,.rodata,40,43,3,True,T3,0,0,0,True,金製のおたま。とても豪華（ＴＯ専用武器）,euc_jp
5045180,147663804,0,.rodata,16,19,3,True,T3,0,0,0,True,ステンレスおたま,euc_jp
5045200,147663824,0,.rodata,16,19,3,True,T3,0,0,0,True,ステンレスオタマ,euc_jp
5045220,147663844,0,.rodata,40,43,3,True,T3,0,0,0,True,丈夫で錆びない主婦の味方（ＴＯ専用武器）,euc_jp
5045264,147663888,0,.rodata,22,23,1,True,T3,0,0,0,True,ファナスティックおたま,euc_jp
5045288,147663912,0,.rodata,22,23,1,True,T3,0,0,0,True,ファナスティックオタマ,euc_jp
5045312,147663936,0,.rodata,42,43,1,True,T3,0,0,0,True,血沸き肉踊るすてきなおたま（ＴＯ専用武器）,euc_jp
5045356,147663980,0,.rodata,16,19,3,True,T3,0,0,0,True,グリーンレードル,euc_jp
5045376,147664000,0,.rodata,36,39,3,True,T3,0,0,0,True,緑の柄の付いたおたま（ＴＯ専用武器）,euc_jp
5045416,147664040,0,.rodata,14,15,1,True,T3,0,0,0,True,レッドレードル,euc_jp
5045432,147664056,0,.rodata,36,39,3,True,T3,0,0,0,True,赤い柄の付いたおたま（ＴＯ専用武器）,euc_jp
5045472,147664096,0,.rodata,14,15,1,True,T3,0,0,0,True,ブルーレードル,euc_jp
5045488,147664112,0,.rodata,36,39,3,True,T3,0,0,0,True,青い柄の付いたおたま（ＴＯ専用武器）,euc_jp
5045528,147664152,0,.rodata,14,15,1,True,T3,0,0,0,True,業務用レードル,euc_jp
5045544,147664168,0,.rodata,20,23,3,True,T3,0,0,0,True,ギョウムヨウレードル,euc_jp
5045568,147664192,0,.rodata,46,47,1,True,T3,0,0,0,True,一流料理人のおたまといえばコレ（ＴＯ専用武器）,euc_jp
5045616,147664240,0,.rodata,16,19,3,True,T3,0,0,0,True,マジカルレードル,euc_jp
5045636,147664260,0,.rodata,38,39,1,True,T3,0,0,0,True,魔法効果の付いたおたま（ＴＯ専用武器）,euc_jp
5045676,147664300,0,.rodata,18,19,1,True,T3,0,0,0,True,マーベラスレードル,euc_jp
5045696,147664320,0,.rodata,50,51,1,True,T3,0,0,0,True,驚異的な美味しさを引き出せるかも？（ＴＯ専用武器）,euc_jp
5045748,147664372,0,.rodata,16,19,3,True,T3,0,0,0,True,シルバースプーン,euc_jp
5045768,147664392,0,.rodata,38,39,1,True,T3,0,0,0,True,銀製のスプーン。贈答用（ＴＯ専用武器）,euc_jp
5045808,147664432,0,.rodata,16,19,3,True,T3,0,0,0,True,ゴールドスプーン,euc_jp
5045828,147664452,0,.rodata,44,47,3,True,T3,0,0,0,True,金製のスプーン。熱伝導率抜群（ＴＯ専用武器）,euc_jp
5045876,147664500,0,.rodata,16,19,3,True,T3,0,0,0,True,プラチナスプーン,euc_jp
5045896,147664520,0,.rodata,44,47,3,True,T3,0,0,0,True,白金製のスプーン。喜ばれます（ＴＯ専用武器）,euc_jp
5045944,147664568,0,.rodata,12,15,3,True,T3,0,0,0,True,ラブスプーン,euc_jp
5045960,147664584,0,.rodata,54,55,1,True,T3,0,0,0,True,料理に愛情を注ぐなら是非このスプーンで（ＴＯ専用武器）,euc_jp
5046016,147664640,0,.rodata,20,23,3,True,T3,0,0,0,True,エンシェントスプーン,euc_jp
5046040,147664664,0,.rodata,28,31,3,True,T3,0,0,0,True,古のスプーン（ＴＯ専用武器）,euc_jp
5046072,147664696,0,.rodata,14,15,1,True,T3,0,0,0,True,アークスプーン,euc_jp
5046088,147664712,0,.rodata,30,31,1,True,T3,0,0,0,True,儀式用スプーン（ＴＯ専用武器）,euc_jp
5046120,147664744,0,.rodata,16,19,3,True,T3,0,0,0,True,最大値（おたま）,euc_jp
5047036,147665660,0,.rodata,10,11,1,True,T3,0,0,0,True,ホイッスル,euc_jp
5047048,147665672,0,.rodata,44,47,3,True,T3,0,0,0,True,合図や指示に使われる簡易な笛（ＴＯ専用武器）,euc_jp
5047096,147665720,0,.rodata,10,11,1,True,T3,0,0,0,True,リコーダー,euc_jp
5047108,147665732,0,.rodata,30,31,1,True,T3,0,0,0,True,初心者用の縦笛（ＴＯ専用武器）,euc_jp
5047140,147665764,0,.rodata,8,11,3,True,T3,0,0,0,True,ホラガイ,euc_jp
5047152,147665776,0,.rodata,52,55,3,True,T3,0,0,0,True,戦の合図や号令に使われた貝で出来た笛（ＴＯ専用武器）,euc_jp
5047208,147665832,0,.rodata,4,7,3,True,T3,0,0,0,True,犬笛,euc_jp
5047216,147665840,0,.rodata,8,11,3,True,T3,0,0,0,True,イヌブエ,euc_jp
5047228,147665852,0,.rodata,46,47,1,True,T3,0,0,0,True,犬に命令を与える時に使用する笛（ＴＯ専用武器）,euc_jp
5047276,147665900,0,.rodata,6,7,1,True,T3,0,0,0,True,ラッパ,euc_jp
5047284,147665908,0,.rodata,40,43,3,True,T3,0,0,0,True,筒の先が広がった金管楽器（ＴＯ専用武器）,euc_jp
5047336,147665960,0,.rodata,10,11,1,True,T3,0,0,0,True,シャクハチ,euc_jp
5047348,147665972,0,.rodata,46,47,1,True,T3,0,0,0,True,東方より伝わった竹製の木管楽器（ＴＯ専用武器）,euc_jp
5047396,147666020,0,.rodata,8,11,3,True,T3,0,0,0,True,フルート,euc_jp
5047408,147666032,0,.rodata,44,47,3,True,T3,0,0,0,True,高い音域を出す事に秀でた横笛（ＴＯ専用武器）,euc_jp
5047456,147666080,0,.rodata,18,19,1,True,T3,0,0,0,True,ピヨピヨホイッスル,euc_jp
5047476,147666100,0,.rodata,58,59,1,True,T3,0,0,0,True,お子様に大人気のピヨピヨを模したホイッスル（ＴＯ専用武器）,euc_jp
5047536,147666160,0,.rodata,18,19,1,True,T3,0,0,0,True,体育教師ホイッスル,euc_jp
5047556,147666180,0,.rodata,26,27,1,True,T3,0,0,0,True,タイイクキョウシホイッスル,euc_jp
5047584,147666208,0,.rodata,48,51,3,True,T3,0,0,0,True,熱血教師向けの汗と涙のホイッスル（ＴＯ専用武器）,euc_jp
5047636,147666260,0,.rodata,14,15,1,True,T3,0,0,0,True,シングンラッパ,euc_jp
5047652,147666276,0,.rodata,46,47,1,True,T3,0,0,0,True,進軍の合図に使われる軍用ラッパ（ＴＯ専用武器）,euc_jp
5047700,147666324,0,.rodata,12,15,3,True,T3,0,0,0,True,ウグイスブエ,euc_jp
5047716,147666340,0,.rodata,48,51,3,True,T3,0,0,0,True,ウグイスの鳴き声を模した小さな笛（ＴＯ専用武器）,euc_jp
5047768,147666392,0,.rodata,16,19,3,True,T3,0,0,0,True,プリティホラガイ,euc_jp
5047788,147666412,0,.rodata,36,39,3,True,T3,0,0,0,True,とても可愛いホラガイ（ＴＯ専用武器）,euc_jp
5047828,147666452,0,.rodata,16,19,3,True,T3,0,0,0,True,サンバホイッスル,euc_jp
5047848,147666472,0,.rodata,62,63,1,True,T3,0,0,0,True,思わずリズムを取りたくなる軽快な音のホイッスル（ＴＯ専用武器）,euc_jp
5047912,147666536,0,.rodata,18,19,1,True,T3,0,0,0,True,メモリーホイッスル,euc_jp
5047932,147666556,0,.rodata,54,55,1,True,T3,0,0,0,True,幼いころの思い出が込められたホイッスル（ＴＯ専用武器）,euc_jp
5047988,147666612,0,.rodata,20,23,3,True,T3,0,0,0,True,トゥインクルフルート,euc_jp
5048012,147666636,0,.rodata,38,39,1,True,T3,0,0,0,True,その音色は瞬く星の如く（ＴＯ専用武器）,euc_jp
5048052,147666676,0,.rodata,14,15,1,True,T3,0,0,0,True,トツゲキラッパ,euc_jp
5048068,147666692,0,.rodata,46,47,1,True,T3,0,0,0,True,突撃の合図に使われる軍用ラッパ（ＴＯ専用武器）,euc_jp
5048116,147666740,0,.rodata,8,11,3,True,T3,0,0,0,True,青葉の笛,euc_jp
5048128,147666752,0,.rodata,12,15,3,True,T3,0,0,0,True,アオバノフエ,euc_jp
5048144,147666768,0,.rodata,44,47,3,True,T3,0,0,0,True,東方より伝わりし落人伝説の笛（ＴＯ専用武器）,euc_jp
5048192,147666816,0,.rodata,18,19,1,True,T3,0,0,0,True,エターニアメロディ,euc_jp
5048212,147666836,0,.rodata,44,47,3,True,T3,0,0,0,True,永遠に変わる事のない真実の音（ＴＯ専用武器）,euc_jp
5049180,147667804,0,.rodata,6,7,1,True,T3,0,0,0,True,シキフ,euc_jp
5049188,147667812,0,.rodata,48,51,3,True,T3,0,0,0,True,儀式や呪術に用いられる基本的な符（ＴＯ専用武器）,euc_jp
5049248,147667872,0,.rodata,14,15,1,True,T3,0,0,0,True,オオイリブクロ,euc_jp
5049264,147667888,0,.rodata,30,31,1,True,T3,0,0,0,True,大盛況の縁起物（ＴＯ専用武器）,euc_jp
5049304,147667928,0,.rodata,10,11,1,True,T3,0,0,0,True,スイチョウ,euc_jp
5049316,147667940,0,.rodata,38,39,1,True,T3,0,0,0,True,水精の力が込められた符（ＴＯ専用武器）,euc_jp
5049364,147667988,0,.rodata,6,7,1,True,T3,0,0,0,True,モグラ,euc_jp
5049372,147667996,0,.rodata,38,39,1,True,T3,0,0,0,True,地精の力が込められた符（ＴＯ専用武器）,euc_jp
5049420,147668044,0,.rodata,6,7,1,True,T3,0,0,0,True,ラセツ,euc_jp
5049428,147668052,0,.rodata,38,39,1,True,T3,0,0,0,True,闘神の力が込められた符（ＴＯ専用武器）,euc_jp
5049476,147668100,0,.rodata,6,7,1,True,T3,0,0,0,True,ヒグマ,euc_jp
5049484,147668108,0,.rodata,38,39,1,True,T3,0,0,0,True,火精の力が込められた符（ＴＯ専用武器）,euc_jp
5049532,147668156,0,.rodata,8,11,3,True,T3,0,0,0,True,コンゴウ,euc_jp
5049544,147668168,0,.rodata,34,35,1,True,T3,0,0,0,True,法力が込められた符（ＴＯ専用武器）,euc_jp
5049588,147668212,0,.rodata,10,11,1,True,T3,0,0,0,True,フウビョウ,euc_jp
5049600,147668224,0,.rodata,48,51,3,True,T3,0,0,0,True,風精を従え使役出来るといわれる符（ＴＯ専用武器）,euc_jp
5049660,147668284,0,.rodata,10,11,1,True,T3,0,0,0,True,ヒョウロウ,euc_jp
5049672,147668296,0,.rodata,48,51,3,True,T3,0,0,0,True,氷精を従え使役出来るといわれる符（ＴＯ専用武器）,euc_jp
5049732,147668356,0,.rodata,6,7,1,True,T3,0,0,0,True,ライソ,euc_jp
5049740,147668364,0,.rodata,48,51,3,True,T3,0,0,0,True,雷精を従え使役出来るといわれる符（ＴＯ専用武器）,euc_jp
5049800,147668424,0,.rodata,6,7,1,True,T3,0,0,0,True,フドウ,euc_jp
5049808,147668432,0,.rodata,42,43,1,True,T3,0,0,0,True,絶大な法力が封じられた戦符（ＴＯ専用武器）,euc_jp
5049860,147668484,0,.rodata,8,11,3,True,T3,0,0,0,True,フウジン,euc_jp
5049872,147668496,0,.rodata,38,39,1,True,T3,0,0,0,True,風神の力が込められた符（ＴＯ専用武器）,euc_jp
5049920,147668544,0,.rodata,6,7,1,True,T3,0,0,0,True,ヤシャ,euc_jp
5049928,147668552,0,.rodata,38,39,1,True,T3,0,0,0,True,鬼神の力が込められた符（ＴＯ専用武器）,euc_jp
5049976,147668600,0,.rodata,8,11,3,True,T3,0,0,0,True,ライジン,euc_jp
5049988,147668612,0,.rodata,38,39,1,True,T3,0,0,0,True,雷神の力が込められた符（ＴＯ専用武器）,euc_jp
5050036,147668660,0,.rodata,8,11,3,True,T3,0,0,0,True,ホウオウ,euc_jp
5050048,147668672,0,.rodata,56,59,3,True,T3,0,0,0,True,神鳥を封じ、その力を行使出来るという霊符（ＴＯ専用武器）,euc_jp
5050108,147668732,0,.rodata,6,7,1,True,T3,0,0,0,True,阿修羅,euc_jp
5050116,147668740,0,.rodata,8,11,3,True,T3,0,0,0,True,アシュラ,euc_jp
5050128,147668752,0,.rodata,46,47,1,True,T3,0,0,0,True,邪神の力を行使出来るという魔符（ＴＯ専用武器）,euc_jp
5050184,147668808,0,.rodata,6,7,1,True,T3,0,0,0,True,カムイ,euc_jp
5050192,147668816,0,.rodata,44,47,3,True,T3,0,0,0,True,様々な神霊の加護を受けた神符（ＴＯ専用武器）,euc_jp
5050248,147668872,0,.rodata,10,11,1,True,T3,0,0,0,True,アマテラス,euc_jp
5050260,147668884,0,.rodata,38,39,1,True,T3,0,0,0,True,日の女神より賜った聖符（ＴＯ専用武器）,euc_jp
5051196,147669820,0,.rodata,18,19,1,True,T3,0,0,0,True,無効値（ストロー）,euc_jp
5051216,147669840,0,.rodata,8,11,3,True,T3,0,0,0,True,ストロー,euc_jp
5051228,147669852,0,.rodata,38,39,1,True,T3,0,0,0,True,丈夫に作られたストロー（ＴＯ専用武器）,euc_jp
5051268,147669892,0,.rodata,16,19,3,True,T3,0,0,0,True,アイアンストロー,euc_jp
5051288,147669912,0,.rodata,44,47,3,True,T3,0,0,0,True,薄い鉄板を筒状にしたストロー（ＴＯ専用武器）,euc_jp
5051336,147669960,0,.rodata,16,19,3,True,T3,0,0,0,True,フレイムストロー,euc_jp
5051356,147669980,0,.rodata,38,39,1,True,T3,0,0,0,True,炎を吹きかけるストロー（ＴＯ専用武器）,euc_jp
5051396,147670020,0,.rodata,18,19,1,True,T3,0,0,0,True,ウォーターストロー,euc_jp
5051416,147670040,0,.rodata,54,55,1,True,T3,0,0,0,True,ウォータージェットを吹きかけるストロー（ＴＯ専用武器）,euc_jp
5051472,147670096,0,.rodata,16,19,3,True,T3,0,0,0,True,ブロンズストロー,euc_jp
5051492,147670116,0,.rodata,36,39,3,True,T3,0,0,0,True,ブロンズ製のストロー（ＴＯ専用武器）,euc_jp
5051532,147670156,0,.rodata,16,19,3,True,T3,0,0,0,True,グレイブストロー,euc_jp
5051552,147670176,0,.rodata,48,51,3,True,T3,0,0,0,True,小ぶりな岩石を吹きかけるストロー（ＴＯ専用武器）,euc_jp
5051604,147670228,0,.rodata,16,19,3,True,T3,0,0,0,True,シルバーストロー,euc_jp
5051624,147670248,0,.rodata,38,39,1,True,T3,0,0,0,True,銀製の折れないストロー（ＴＯ専用武器）,euc_jp
5051664,147670288,0,.rodata,16,19,3,True,T3,0,0,0,True,ウィンドストロー,euc_jp
5051684,147670308,0,.rodata,46,47,1,True,T3,0,0,0,True,カマイタチを発生させるストロー（ＴＯ専用武器）,euc_jp
5051732,147670356,0,.rodata,16,19,3,True,T3,0,0,0,True,ポイズンストロー,euc_jp
5051752,147670376,0,.rodata,44,47,3,True,T3,0,0,0,True,毒を吹きかける危険なストロー（ＴＯ専用武器）,euc_jp
5051800,147670424,0,.rodata,8,11,3,True,T3,0,0,0,True,ピヨロー,euc_jp
5051812,147670436,0,.rodata,56,59,3,True,T3,0,0,0,True,お子様に大人気のピヨピヨを模したストロー（ＴＯ専用武器）,euc_jp
5051872,147670496,0,.rodata,12,15,3,True,T3,0,0,0,True,ラブストロー,euc_jp
5051888,147670512,0,.rodata,52,55,3,True,T3,0,0,0,True,ハート型とリボンがラブリーなストロー（ＴＯ専用武器）,euc_jp
5051944,147670568,0,.rodata,18,19,1,True,T3,0,0,0,True,ストライクストロー,euc_jp
5051964,147670588,0,.rodata,44,47,3,True,T3,0,0,0,True,狙った獲物は逃さないストロー（ＴＯ専用武器）,euc_jp
5052012,147670636,0,.rodata,16,19,3,True,T3,0,0,0,True,ゴールドストロー,euc_jp
5052032,147670656,0,.rodata,44,47,3,True,T3,0,0,0,True,黄金で作られた至高のストロー（ＴＯ専用武器）,euc_jp
5052080,147670704,0,.rodata,16,19,3,True,T3,0,0,0,True,マーブルストロー,euc_jp
5052100,147670724,0,.rodata,44,47,3,True,T3,0,0,0,True,しましま模様が可愛いストロー（ＴＯ専用武器）,euc_jp
5052148,147670772,0,.rodata,16,19,3,True,T3,0,0,0,True,ラブラブストロー,euc_jp
5052168,147670792,0,.rodata,58,59,1,True,T3,0,0,0,True,ハートを幾つもあしらった溢れる愛のストロー（ＴＯ専用武器）,euc_jp
5052228,147670852,0,.rodata,16,19,3,True,T3,0,0,0,True,ミスリルストロー,euc_jp
5052248,147670872,0,.rodata,48,51,3,True,T3,0,0,0,True,ミスリル製の絶対折れないストロー（ＴＯ専用武器）,euc_jp
5052300,147670924,0,.rodata,16,19,3,True,T3,0,0,0,True,スコープストロー,euc_jp
5052320,147670944,0,.rodata,40,43,3,True,T3,0,0,0,True,スコープの付いたストロー（ＴＯ専用武器）,euc_jp
5052364,147670988,0,.rodata,16,19,3,True,T3,0,0,0,True,プラチナストロー,euc_jp
5052384,147671008,0,.rodata,38,39,1,True,T3,0,0,0,True,白金製の超高級ストロー（ＴＯ専用武器）,euc_jp
5052424,147671048,0,.rodata,18,19,1,True,T3,0,0,0,True,最大値（ストロー）,euc_jp
5053324,147671948,0,.rodata,14,15,1,True,T3,0,0,0,True,無効値（ペン）,euc_jp
5053340,147671964,0,.rodata,6,7,1,True,T3,0,0,0,True,羽ペン,euc_jp
5053348,147671972,0,.rodata,8,11,3,True,T3,0,0,0,True,ハネペン,euc_jp
5053360,147671984,0,.rodata,36,39,3,True,T3,0,0,0,True,鳥の羽を使った筆記具（ＴＯ専用武器）,euc_jp
5053400,147672024,0,.rodata,8,11,3,True,T3,0,0,0,True,矯正ペン,euc_jp
5053412,147672036,0,.rodata,14,15,1,True,T3,0,0,0,True,キョウセイペン,euc_jp
5053428,147672052,0,.rodata,56,59,3,True,T3,0,0,0,True,僅かなミスも見逃さない編集者御用達のペン（ＴＯ専用武器）,euc_jp
5053488,147672112,0,.rodata,6,7,1,True,T3,0,0,0,True,赤ペン,euc_jp
5053496,147672120,0,.rodata,8,11,3,True,T3,0,0,0,True,アカペン,euc_jp
5053508,147672132,0,.rodata,28,31,3,True,T3,0,0,0,True,採点用のペン（ＴＯ専用武器）,euc_jp
5053540,147672164,0,.rodata,8,11,3,True,T3,0,0,0,True,ロウセキ,euc_jp
5053552,147672176,0,.rodata,44,47,3,True,T3,0,0,0,True,子どもがラクガキに使う筆記具（ＴＯ専用武器）,euc_jp
5053608,147672232,0,.rodata,12,15,3,True,T3,0,0,0,True,マンネンヒツ,euc_jp
5053624,147672248,0,.rodata,54,55,1,True,T3,0,0,0,True,グリップにインクが溜められた便利なペン（ＴＯ専用武器）,euc_jp
5053680,147672304,0,.rodata,16,19,3,True,T3,0,0,0,True,ハイグレードペン,euc_jp
5053700,147672324,0,.rodata,42,43,1,True,T3,0,0,0,True,使いやすさを追求した筆記具（ＴＯ専用武器）,euc_jp
5053752,147672376,0,.rodata,8,11,3,True,T3,0,0,0,True,モウヒツ,euc_jp
5053764,147672388,0,.rodata,52,55,3,True,T3,0,0,0,True,動物の毛を束ね、墨を使って字を書く筆（ＴＯ専用武器）,euc_jp
5053820,147672444,0,.rodata,14,15,1,True,T3,0,0,0,True,マッピングペン,euc_jp
5053836,147672460,0,.rodata,48,51,3,True,T3,0,0,0,True,均一の線が引ける地図作成用のペン（ＴＯ専用武器）,euc_jp
5053888,147672512,0,.rodata,6,7,1,True,T3,0,0,0,True,Ｇペン,euc_jp
5053896,147672520,0,.rodata,8,11,3,True,T3,0,0,0,True,ジーペン,euc_jp
5053908,147672532,0,.rodata,48,51,3,True,T3,0,0,0,True,強弱の付いた線が引ける器用なペン（ＴＯ専用武器）,euc_jp
5053960,147672584,0,.rodata,10,11,1,True,T3,0,0,0,True,戦闘用ペン,euc_jp
5053972,147672596,0,.rodata,16,19,3,True,T3,0,0,0,True,セントウヨウペン,euc_jp
5053992,147672616,0,.rodata,40,43,3,True,T3,0,0,0,True,硬くて鋭いペン先の筆記具（ＴＯ専用武器）,euc_jp
5054044,147672668,0,.rodata,12,15,3,True,T3,0,0,0,True,オクネンヒツ,euc_jp
5054060,147672684,0,.rodata,44,47,3,True,T3,0,0,0,True,永久に使用可能といわれるペン（ＴＯ専用武器）,euc_jp
5054108,147672732,0,.rodata,8,11,3,True,T3,0,0,0,True,文豪の筆,euc_jp
5054120,147672744,0,.rodata,14,15,1,True,T3,0,0,0,True,ブンゴウノフデ,euc_jp
5054136,147672760,0,.rodata,44,47,3,True,T3,0,0,0,True,多くの傑作を生み出してきた筆（ＴＯ専用武器）,euc_jp
5054184,147672808,0,.rodata,12,15,3,True,T3,0,0,0,True,調印式のペン,euc_jp
5054200,147672824,0,.rodata,20,23,3,True,T3,0,0,0,True,チョウインシキノペン,euc_jp
5054224,147672848,0,.rodata,50,51,1,True,T3,0,0,0,True,国家間取り決めの時に用いられるペン（ＴＯ専用武器）,euc_jp
5054276,147672900,0,.rodata,12,15,3,True,T3,0,0,0,True,コウボウの筆,euc_jp
5054292,147672916,0,.rodata,14,15,1,True,T3,0,0,0,True,コウボウノフデ,euc_jp
5054308,147672932,0,.rodata,48,51,3,True,T3,0,0,0,True,たまに字を間違える高貴なる筆記具（ＴＯ専用武器）,euc_jp
5054360,147672984,0,.rodata,12,15,3,True,T3,0,0,0,True,マジックペン,euc_jp
5054376,147673000,0,.rodata,42,43,1,True,T3,0,0,0,True,魔力で字を書く不思議なペン（ＴＯ専用武器）,euc_jp
5054420,147673044,0,.rodata,10,11,1,True,T3,0,0,0,True,断筆のペン,euc_jp
5054432,147673056,0,.rodata,14,15,1,True,T3,0,0,0,True,ダンピツノペン,euc_jp
5054448,147673072,0,.rodata,50,51,1,True,T3,0,0,0,True,断筆した作家が使っていた非業のペン（ＴＯ専用武器）,euc_jp
5054500,147673124,0,.rodata,16,19,3,True,T3,0,0,0,True,剣よりも強いペン,euc_jp
5054520,147673144,0,.rodata,20,23,3,True,T3,0,0,0,True,ケンヨリモツヨイペン,euc_jp
5054544,147673168,0,.rodata,38,39,1,True,T3,0,0,0,True,剣の一撃よりペンの一檄（ＴＯ専用武器）,euc_jp
5054584,147673208,0,.rodata,12,15,3,True,T3,0,0,0,True,天使の羽ペン,euc_jp
5054600,147673224,0,.rodata,16,19,3,True,T3,0,0,0,True,テンシノハネペン,euc_jp
5054620,147673244,0,.rodata,48,51,3,True,T3,0,0,0,True,神託を記録する為に用いられるペン（ＴＯ専用武器）,euc_jp
5054672,147673296,0,.rodata,14,15,1,True,T3,0,0,0,True,最大値（ペン）,euc_jp
5055584,147674208,0,.rodata,8,11,3,True,T3,0,0,0,True,サッシュ,euc_jp
5055596,147674220,0,.rodata,60,63,3,True,T3,0,0,0,True,マナ伝導率の高い繊維で編まれた伸縮自在の腰布（ＴＯ専用武器）,euc_jp
5055660,147674284,0,.rodata,8,11,3,True,T3,0,0,0,True,皮のムチ,euc_jp
5055672,147674296,0,.rodata,10,11,1,True,T3,0,0,0,True,カワノムチ,euc_jp
5055684,147674308,0,.rodata,58,59,1,True,T3,0,0,0,True,荒っぽい調教や拷問用と考えられがちな一本鞭（ＴＯ専用武器）,euc_jp
5055744,147674368,0,.rodata,6,7,1,True,T3,0,0,0,True,巻き尺,euc_jp
5055752,147674376,0,.rodata,10,11,1,True,T3,0,0,0,True,マキジャク,euc_jp
5055764,147674388,0,.rodata,56,59,3,True,T3,0,0,0,True,色々と気になるサイズをチェック出来る道具（ＴＯ専用武器）,euc_jp
5055824,147674448,0,.rodata,18,19,1,True,T3,0,0,0,True,キングサイズベルト,euc_jp
5055844,147674468,0,.rodata,50,51,1,True,T3,0,0,0,True,ちょっと考えられないサイズのベルト（ＴＯ専用武器）,euc_jp
5055896,147674520,0,.rodata,16,19,3,True,T3,0,0,0,True,エンドレスハート,euc_jp
5055916,147674540,0,.rodata,52,55,3,True,T3,0,0,0,True,ハート形の花びらをモチーフにした反物（ＴＯ専用武器）,euc_jp
5055972,147674596,0,.rodata,20,23,3,True,T3,0,0,0,True,パーフェクトグリーン,euc_jp
5055996,147674620,0,.rodata,54,55,1,True,T3,0,0,0,True,決して色あせる事の無い完全な緑色の染物（ＴＯ専用武器）,euc_jp
5056052,147674676,0,.rodata,14,15,1,True,T3,0,0,0,True,リベットベルト,euc_jp
5056068,147674692,0,.rodata,52,55,3,True,T3,0,0,0,True,帯にリベットが埋め込まれているベルト（ＴＯ専用武器）,euc_jp
5056124,147674748,0,.rodata,14,15,1,True,T3,0,0,0,True,カクゴノキロク,euc_jp
5056140,147674764,0,.rodata,48,51,3,True,T3,0,0,0,True,決死の想いが込められた血判の巻物（ＴＯ専用武器）,euc_jp
5056192,147674816,0,.rodata,18,19,1,True,T3,0,0,0,True,グローイングリボン,euc_jp
5056212,147674836,0,.rodata,54,55,1,True,T3,0,0,0,True,液体状のマナ伝導体をしみこませたリボン（ＴＯ専用武器）,euc_jp
5056268,147674892,0,.rodata,18,19,1,True,T3,0,0,0,True,グリムカーディアン,euc_jp
5056288,147674912,0,.rodata,50,51,1,True,T3,0,0,0,True,古代神殿の銅像から作られた特殊な鎖（ＴＯ専用武器）,euc_jp
5056340,147674964,0,.rodata,14,15,1,True,T3,0,0,0,True,エヴァーブルー,euc_jp
5056356,147674980,0,.rodata,46,47,1,True,T3,0,0,0,True,海洋民族が使った幸運を呼ぶ染物（ＴＯ専用武器）,euc_jp
5056404,147675028,0,.rodata,16,19,3,True,T3,0,0,0,True,ティンクルスター,euc_jp
5056424,147675048,0,.rodata,54,55,1,True,T3,0,0,0,True,伝説の魔術師が着用していたマントの一部（ＴＯ専用武器）,euc_jp
5056480,147675104,0,.rodata,12,15,3,True,T3,0,0,0,True,サイケデリカ,euc_jp
5056496,147675120,0,.rodata,48,51,3,True,T3,0,0,0,True,幻惑効果の高い模様が描かれた長帯（ＴＯ専用武器）,euc_jp
5056548,147675172,0,.rodata,16,19,3,True,T3,0,0,0,True,デスコントラスト,euc_jp
5056568,147675192,0,.rodata,50,51,1,True,T3,0,0,0,True,何かを封印した痕跡のある絵画の一片（ＴＯ専用武器）,euc_jp
5056620,147675244,0,.rodata,8,11,3,True,T3,0,0,0,True,アヌビス,euc_jp
5056632,147675256,0,.rodata,32,35,3,True,T3,0,0,0,True,呪いの絵画の一片（ＴＯ専用武器）,euc_jp
5056668,147675292,0,.rodata,14,15,1,True,T3,0,0,0,True,ミルキーウェイ,euc_jp
5056684,147675308,0,.rodata,54,55,1,True,T3,0,0,0,True,金糸を使い満天の星空を描いた美しい織物（ＴＯ専用武器）,euc_jp
5056740,147675364,0,.rodata,10,11,1,True,T3,0,0,0,True,アスピオン,euc_jp
5056752,147675376,0,.rodata,52,55,3,True,T3,0,0,0,True,マナ加工の帯を適当な長さに切った武器（ＴＯ専用武器）,euc_jp
5056808,147675432,0,.rodata,20,23,3,True,T3,0,0,0,True,セイクリッドチェーン,euc_jp
5056832,147675456,0,.rodata,42,43,1,True,T3,0,0,0,True,なぞの金属で作られている鎖（ＴＯ専用武器）,euc_jp
5073052,147691676,0,.rodata,4,7,3,True,T3,0,0,0,True,ナシ,euc_jp
5101252,147719876,0,.rodata,18,19,1,True,T3,0,0,0,True,キャラリメイク機能,euc_jp
5101272,147719896,0,.rodata,40,47,7,True,T3,0,0,0,True,医務室に、キャラリメイク機能を追加します,euc_jp
5101320,147719944,0,.rodata,14,15,1,True,T3,0,0,0,True,戦闘ボイス追加,euc_jp
5101336,147719960,0,.rodata,38,39,1,True,T3,0,0,0,True,戦闘ボイスのバリエーションを増やします,euc_jp
5101388,147720012,0,.rodata,30,31,1,True,T3,0,0,0,True,倉庫の収納スペースを増やします,euc_jp
5101420,147720044,0,.rodata,16,19,3,True,T3,0,0,0,True,スキットプレイヤ,euc_jp
5101440,147720064,0,.rodata,36,39,3,True,T3,0,0,0,True,ニアタにスキットを再生してもらえます,euc_jp
5101480,147720104,0,.rodata,14,15,1,True,T3,0,0,0,True,難易度：ハード,euc_jp
5101496,147720120,0,.rodata,44,47,3,True,T3,0,0,0,True,オプションの戦闘難易度に、ハードを追加します,euc_jp
5101544,147720168,0,.rodata,50,51,1,True,T3,0,0,0,True,より強力な装備や装備スキルを入手することができます,euc_jp
5101596,147720220,0,.rodata,14,15,1,True,T3,0,0,0,True,難易度：マニア,euc_jp
5101612,147720236,0,.rodata,44,47,3,True,T3,0,0,0,True,オプションの戦闘難易度に、マニアを追加します,euc_jp
5101660,147720284,0,.rodata,58,59,1,True,T3,0,0,0,True,クエストの報酬候補も、最高ランクの報酬がエントリーされます,euc_jp
5101720,147720344,0,.rodata,30,31,1,True,T3,0,0,0,True,サウンドセレクト：最終戦闘曲１,euc_jp
5101752,147720376,0,.rodata,56,59,3,True,T3,0,0,0,True,オプションのサウンドセレクトに、最終戦闘曲１を追加します,euc_jp
5101812,147720436,0,.rodata,30,31,1,True,T3,0,0,0,True,サウンドセレクト：最終戦闘曲２,euc_jp
5101844,147720468,0,.rodata,56,59,3,True,T3,0,0,0,True,オプションのサウンドセレクトに、最終戦闘曲２を追加します,euc_jp
5101904,147720528,0,.rodata,20,23,3,True,T3,0,0,0,True,所持アイテム数増加１,euc_jp
5101928,147720552,0,.rodata,38,39,1,True,T3,0,0,0,True,アイテムの所持上限を、30個に増やします,euc_jp
5101968,147720592,0,.rodata,20,23,3,True,T3,0,0,0,True,所持アイテム数増加２,euc_jp
5101992,147720616,0,.rodata,38,39,1,True,T3,0,0,0,True,アイテムの所持上限を、99個に増やします,euc_jp
5102032,147720656,0,.rodata,22,23,1,True,T3,0,0,0,True,達成済みクエストリスト,euc_jp
5102056,147720680,0,.rodata,60,63,3,True,T3,0,0,0,True,ギルドに達成済みのクエストを自由に選べるリストが追加されます,euc_jp
5102120,147720744,0,.rodata,26,27,1,True,T3,0,0,0,True,最近達成したクエストリスト,euc_jp
5102148,147720772,0,.rodata,68,71,3,True,T3,0,0,0,True,ギルドに最近達成したクエストからクエストを選べるリストが追加されます,euc_jp
5102220,147720844,0,.rodata,20,23,3,True,T3,0,0,0,True,ミニマップ情報プラス,euc_jp
5102244,147720868,0,.rodata,30,31,1,True,T3,0,0,0,True,ミニマップの表示情報が増えます,euc_jp
5102276,147720900,0,.rodata,10,11,1,True,T3,0,0,0,True,カルマの鐘,euc_jp
5102288,147720912,0,.rodata,48,51,3,True,T3,0,0,0,True,時空を越えて響く鐘。持ち主を時の彼方へ飛ばします,euc_jp
5102340,147720964,0,.rodata,10,11,1,True,T2,0,1,0,True,仮アイテム,euc_jp
5102352,147720976,0,.rodata,22,23,1,True,T2,0,1,0,True,存在しないアイテムです,euc_jp
5102376,147721000,0,.rodata,2,3,1,True,T2,0,1,0,True,ア,euc_jp
5110172,147728796,0,.rodata,12,15,3,True,T2,0,1,0,True,%sのレシピ%s,euc_jp
5110188,147728812,0,.rodata,10,12,2,True,T2,0,1,0,True,%dガルド%s,euc_jp
5129776,147748400,0,.rodata,10,23,13,True,T2,0,1,0,True,キャンセル,euc_jp
5130016,147748640,0,.rodata,8,23,15,True,T3,0,0,0,True,てすてす,euc_jp
5143040,147761664,0,.rodata,22,23,1,True,T2,0,1,0,True,スキットが存在しません,euc_jp
5143064,147761688,0,.rodata,24,27,3,True,T2,0,1,0,True,イベントが存在しません。,euc_jp
5170796,147789420,0,.rodata,10,11,1,True,T2,0,1,0,True,称号未対応,euc_jp
5184176,147802800,0,.rodata,4,7,3,True,T3,0,0,0,True,はい,euc_jp
5184184,147802808,0,.rodata,6,7,1,True,T3,0,0,0,True,いいえ,euc_jp
5184192,147802816,0,.rodata,32,35,3,True,T3,0,0,0,True,データを保存せずに終了しますか？,euc_jp
5184460,147803084,0,.rodata,40,43,3,True,T3,0,0,0,True,このままゲームを始めてもよろしいですか？,euc_jp
5184796,147803420,0,.rodata,14,15,1,True,T3,0,0,0,True,ファイルの削除,euc_jp
5184812,147803436,0,.rodata,8,11,3,True,T3,0,0,0,True,削除する,euc_jp
5184824,147803448,0,.rodata,10,11,1,True,T3,0,0,0,True,削除しない,euc_jp
5185132,147803756,0,.rodata,36,39,3,True,T3,0,0,0,True,セーブデータを読み込みませんでした。,euc_jp
5185444,147804068,0,.rodata,18,19,1,True,T3,0,0,0,True,ミッションタイトル,euc_jp
5185464,147804088,0,.rodata,8,11,3,True,T3,0,0,0,True,ボーナス,euc_jp
5185484,147804108,0,.rodata,10,11,1,True,T3,0,0,0,True,ターゲット,euc_jp
5185496,147804120,0,.rodata,24,27,3,True,T3,0,0,0,True,定員をオーバーしています,euc_jp
5185524,147804148,0,.rodata,44,47,3,True,T3,0,0,0,True,パーティメンバーにターゲットが含まれています,euc_jp
5185572,147804196,0,.rodata,22,23,1,True,T3,0,0,0,True,ミッションタイトル  %s,euc_jp
5185596,147804220,0,.rodata,18,19,1,True,T3,0,0,0,True,ミッションボーナス,euc_jp
5185616,147804240,0,.rodata,18,19,1,True,T3,0,0,0,True,ミッションレコード,euc_jp
5185652,147804276,0,.rodata,18,19,1,True,T3,0,0,0,True,最大ヒットダメージ,euc_jp
5185672,147804296,0,.rodata,14,15,1,True,T3,0,0,0,True,最速クリア時間,euc_jp
5185688,147804312,0,.rodata,16,19,3,True,T3,0,0,0,True,最大獲得グレード,euc_jp
5185708,147804332,0,.rodata,26,27,1,True,T3,0,0,0,True,特定アイテム名がありません,euc_jp
5185752,147804376,0,.rodata,30,31,1,True,T3,0,0,0,True,ミッションボーナスがありません,euc_jp
5185784,147804408,0,.rodata,10,11,1,True,T3,0,0,0,True,ミッション,euc_jp
5185796,147804420,0,.rodata,12,15,3,True,T3,0,0,0,True,パーティ編成,euc_jp
5185812,147804436,0,.rodata,12,15,3,True,T3,0,0,0,True,パーティ解散,euc_jp
5185828,147804452,0,.rodata,20,23,3,True,T3,0,0,0,True,スペシャルミッション,euc_jp
5185852,147804476,0,.rodata,14,15,1,True,T3,0,0,0,True,ミッション開始,euc_jp
5185868,147804492,0,.rodata,17,19,2,True,T3,0,0,0,True,戦闘BGMを変更する,euc_jp
5185888,147804512,0,.rodata,22,23,1,True,T3,0,0,0,True,ミッションを開始します,euc_jp
5185912,147804536,0,.rodata,42,43,1,True,T3,0,0,0,True,ミッションで使用する戦闘ＢＧＭを変更します,euc_jp
5185956,147804580,0,.rodata,36,39,3,True,T3,0,0,0,True,まだ変更可能な戦闘ＢＧＭがありません,euc_jp
5185996,147804620,0,.rodata,14,15,1,True,T3,0,0,0,True,デフォルト演奏,euc_jp
5186012,147804636,0,.rodata,12,15,3,True,T3,0,0,0,True,ランダム演奏,euc_jp
5186028,147804652,0,.rodata,20,23,3,True,T3,0,0,0,True,全戦闘曲から選択する,euc_jp
5186052,147804676,0,.rodata,22,23,1,True,T3,0,0,0,True,通常戦闘曲から選択する,euc_jp
5186076,147804700,0,.rodata,22,23,1,True,T3,0,0,0,True,ボス戦闘曲から選択する,euc_jp
5186100,147804724,0,.rodata,18,19,1,True,T3,0,0,0,True,シリーズで絞り込む,euc_jp
5186120,147804744,0,.rodata,22,23,1,True,T3,0,0,0,True,アーティストで絞り込む,euc_jp
5186144,147804768,0,.rodata,38,39,1,True,T3,0,0,0,True,曲の指定は行わず、標準の曲を演奏します,euc_jp
5186184,147804808,0,.rodata,36,39,3,True,T3,0,0,0,True,選択可能な曲からランダムで演奏します,euc_jp
5186224,147804848,0,.rodata,32,35,3,True,T3,0,0,0,True,全ての選択可能な曲から選択します,euc_jp
5186260,147804884,0,.rodata,28,31,3,True,T3,0,0,0,True,通常戦闘曲の中から選択します,euc_jp
5186292,147804916,0,.rodata,28,31,3,True,T3,0,0,0,True,ボス戦闘曲の中から選択します,euc_jp
5186324,147804948,0,.rodata,28,31,3,True,T3,0,0,0,True,シリーズ別に曲を絞り込みます,euc_jp
5186356,147804980,0,.rodata,32,35,3,True,T3,0,0,0,True,アーティスト別に曲を絞り込みます,euc_jp
5186392,147805016,0,.rodata,26,27,1,True,T3,0,0,0,True,テイルズ オブ ファンタジア,euc_jp
5186420,147805044,0,.rodata,26,27,1,True,T3,0,0,0,True,テイルズ オブ デスティニー,euc_jp
5186448,147805072,0,.rodata,24,27,3,True,T3,0,0,0,True,テイルズ オブ エターニア,euc_jp
5186476,147805100,0,.rodata,23,23,0,True,T3,0,0,0,True,テイルズ オブ ジ アビス,euc_jp
5186500,147805124,0,.rodata,28,31,3,True,T3,0,0,0,True,テイルズ オブ デスティニー２,euc_jp
5186532,147805156,0,.rodata,26,27,1,True,T3,0,0,0,True,テイルズ オブ シンフォニア,euc_jp
5186560,147805184,0,.rodata,22,23,1,True,T3,0,0,0,True,テイルズ オブ リバース,euc_jp
5186584,147805208,0,.rodata,28,31,3,True,T3,0,0,0,True,テイルズ オブ レジェンディア,euc_jp
5186616,147805240,0,.rodata,27,27,0,True,T3,0,0,0,True,テイルズ オブ ザ テンペスト,euc_jp
5186644,147805268,0,.rodata,24,27,3,True,T3,0,0,0,True,テイルズ オブ イノセンス,euc_jp
5186672,147805296,0,.rodata,26,27,1,True,T3,0,0,0,True,テイルズ オブ ヴェスペリア,euc_jp
5186700,147805324,0,.rodata,28,31,3,True,T3,0,0,0,True,ＴＯＳ　−ラタトスクの騎士−,euc_jp
5186732,147805356,0,.rodata,20,23,3,True,T3,0,0,0,True,テイルズ オブ ハーツ,euc_jp
5186756,147805380,0,.rodata,24,27,3,True,T3,0,0,0,True,テイルズ オブ グレイセス,euc_jp
5186784,147805408,0,.rodata,25,27,2,True,T3,0,0,0,True,レディアント マイソロジー,euc_jp
5186812,147805436,0,.rodata,27,27,0,True,T3,0,0,0,True,レディアント マイソロジー２,euc_jp
5186840,147805464,0,.rodata,27,27,0,True,T3,0,0,0,True,レディアント マイソロジー３,euc_jp
5186868,147805492,0,.rodata,52,55,3,True,T3,0,0,0,True,テイルズ オブ ファンタジアの戦闘曲の中から選択します,euc_jp
5186924,147805548,0,.rodata,52,55,3,True,T3,0,0,0,True,テイルズ オブ デスティニーの戦闘曲の中から選択します,euc_jp
5186980,147805604,0,.rodata,50,51,1,True,T3,0,0,0,True,テイルズ オブ エターニアの戦闘曲の中から選択します,euc_jp
5187032,147805656,0,.rodata,49,51,2,True,T3,0,0,0,True,テイルズ オブ ジ アビスの戦闘曲の中から選択します,euc_jp
5187084,147805708,0,.rodata,54,55,1,True,T3,0,0,0,True,テイルズ オブ デスティニー２の戦闘曲の中から選択します,euc_jp
5187140,147805764,0,.rodata,52,55,3,True,T3,0,0,0,True,テイルズ オブ シンフォニアの戦闘曲の中から選択します,euc_jp
5187196,147805820,0,.rodata,48,51,3,True,T3,0,0,0,True,テイルズ オブ リバースの戦闘曲の中から選択します,euc_jp
5187248,147805872,0,.rodata,54,55,1,True,T3,0,0,0,True,テイルズ オブ レジェンディアの戦闘曲の中から選択します,euc_jp
5187304,147805928,0,.rodata,53,55,2,True,T3,0,0,0,True,テイルズ オブ ザ テンペストの戦闘曲の中から選択します,euc_jp
5187360,147805984,0,.rodata,50,51,1,True,T3,0,0,0,True,テイルズ オブ イノセンスの戦闘曲の中から選択します,euc_jp
5187412,147806036,0,.rodata,52,55,3,True,T3,0,0,0,True,テイルズ オブ ヴェスペリアの戦闘曲の中から選択します,euc_jp
5187468,147806092,0,.rodata,54,55,1,True,T3,0,0,0,True,ＴＯＳ　−ラタトスクの騎士−の戦闘曲の中から選択します,euc_jp
5187524,147806148,0,.rodata,46,47,1,True,T3,0,0,0,True,テイルズ オブ ハーツの戦闘曲の中から選択します,euc_jp
5187572,147806196,0,.rodata,50,51,1,True,T3,0,0,0,True,テイルズ オブ グレイセスの戦闘曲の中から選択します,euc_jp
5187624,147806248,0,.rodata,51,51,0,True,T3,0,0,0,True,レディアント マイソロジーの戦闘曲の中から選択します,euc_jp
5187676,147806300,0,.rodata,53,55,2,True,T3,0,0,0,True,レディアント マイソロジー２の戦闘曲の中から選択します,euc_jp
5187732,147806356,0,.rodata,53,55,2,True,T3,0,0,0,True,レディアント マイソロジー３の戦闘曲の中から選択します,euc_jp
5187816,147806440,0,.rodata,49,51,2,True,T3,0,0,0,True,桜庭 統氏が作曲／編曲した戦闘曲の中から選択します,euc_jp
5187868,147806492,0,.rodata,51,51,0,True,T3,0,0,0,True,中村 和宏氏が作曲／編曲した戦闘曲の中から選択します,euc_jp
5187920,147806544,0,.rodata,49,51,2,True,T3,0,0,0,True,椎名 豪氏が作曲／編曲した戦闘曲の中から選択します,euc_jp
5187972,147806596,0,.rodata,52,55,3,True,T3,0,0,0,True,ミッションを追加する為のパスワードを入力してください,euc_jp
5188028,147806652,0,.rodata,26,27,1,True,T3,0,0,0,True,パスワードの入力を終了する,euc_jp
5188056,147806680,0,.rodata,26,27,1,True,T3,0,0,0,True,パスワードの入力を継続する,euc_jp
5188084,147806708,0,.rodata,32,35,3,True,T3,0,0,0,True,ミッション「%s」が追加されました,euc_jp
5188120,147806744,0,.rodata,28,31,3,True,T3,0,0,0,True,パスワードが正しくありません,euc_jp
5188152,147806776,0,.rodata,40,43,3,True,T3,0,0,0,True,既に追加されたミッションのパスワードです,euc_jp
5188196,147806820,0,.rodata,28,31,3,True,T3,0,0,0,True,今回の戦闘結果を記録しました,euc_jp
5188228,147806852,0,.rodata,24,27,3,True,T3,0,0,0,True,ミッションに勝利しました,euc_jp
5188256,147806880,0,.rodata,24,27,3,True,T3,0,0,0,True,ミッションに敗北しました,euc_jp
5188284,147806908,0,.rodata,22,23,1,True,T3,0,0,0,True,%sの記録を更新しました,euc_jp
5188308,147806932,0,.rodata,16,19,3,True,T3,0,0,0,True,%sを獲得しました,euc_jp
5188380,147807004,0,.rodata,22,23,1,True,T3,0,0,0,True,%sの称号を獲得しました,euc_jp
5188404,147807028,0,.rodata,18,19,1,True,T3,0,0,0,True,%sを手に入れました,euc_jp
5188424,147807048,0,.rodata,8,11,3,True,T3,0,0,0,True,再戦する,euc_jp
5188436,147807060,0,.rodata,16,19,3,True,T3,0,0,0,True,再戦せずに抜ける,euc_jp
5188464,147807088,0,.rodata,4,7,3,True,T3,0,0,0,True,戻る,euc_jp
5188480,147807104,0,.rodata,10,11,1,True,T3,0,0,0,True,ページ送り,euc_jp
5188500,147807124,0,.rodata,14,15,1,True,T3,0,0,0,True,ヒットダメージ,euc_jp
5188516,147807140,0,.rodata,22,23,1,True,T3,0,0,0,True,キャラを選択して下さい,euc_jp
5188540,147807164,0,.rodata,14,15,1,True,T3,0,0,0,True,アイテムの選択,euc_jp
5188556,147807180,0,.rodata,10,11,1,True,T3,0,0,0,True,術技の設定,euc_jp
5188568,147807192,0,.rodata,10,11,1,True,T3,0,0,0,True,作戦の設定,euc_jp
5188596,147807220,0,.rodata,14,15,1,True,T3,0,0,0,True,ターゲット選択,euc_jp
5188612,147807236,0,.rodata,36,39,3,True,T3,0,0,0,True,術技の設定、及び術技の使用を行います,euc_jp
5188652,147807276,0,.rodata,38,39,1,True,T3,0,0,0,True,連携奥義で使用する術技の設定を行います,euc_jp
5188692,147807316,0,.rodata,38,39,1,True,T3,0,0,0,True,基本行動、及び優先行動の設定を行います,euc_jp
5188732,147807356,0,.rodata,30,31,1,True,T3,0,0,0,True,武器、防具などの変更を行います,euc_jp
5188764,147807388,0,.rodata,24,27,3,True,T3,0,0,0,True,アイテムの使用を行います,euc_jp
5188792,147807416,0,.rodata,24,27,3,True,T3,0,0,0,True,戦闘からの逃走を行います,euc_jp
5188820,147807444,0,.rodata,26,27,1,True,T3,0,0,0,True,戦闘からの逃走を解除します,euc_jp
5188848,147807472,0,.rodata,30,31,1,True,T3,0,0,0,True,行動中に装備の変更は出来ません,euc_jp
5188940,147807564,0,.rodata,10,11,1,True,T3,0,0,0,True,デフォルト,euc_jp
5188952,147807576,0,.rodata,12,15,3,True,T3,0,0,0,True,一気にいくぞ,euc_jp
5188968,147807592,0,.rodata,12,15,3,True,T3,0,0,0,True,温存して戦え,euc_jp
5188984,147807608,0,.rodata,10,11,1,True,T3,0,0,0,True,今は耐えろ,euc_jp
5189016,147807640,0,.rodata,14,15,1,True,T3,0,0,0,True,ボーナス経験値,euc_jp
5189032,147807656,0,.rodata,12,15,3,True,T3,0,0,0,True,最大ヒット数,euc_jp
5189048,147807672,0,.rodata,10,11,1,True,T3,0,0,0,True,獲得ガルド,euc_jp
5189072,147807696,0,.rodata,8,11,3,True,T3,0,0,0,True,グレード,euc_jp
5189124,147807748,0,.rodata,28,31,3,True,T3,0,0,0,True,装備品は、これ以上持てません,euc_jp
5189156,147807780,0,.rodata,36,39,3,True,T3,0,0,0,True,拾ったアイテムは、これ以上持てません,euc_jp
5189196,147807820,0,.rodata,14,15,1,True,T3,0,0,0,True,%sを習得した！,euc_jp
5189212,147807836,0,.rodata,22,23,1,True,T3,0,0,0,True,秘奥義：%sを習得した！,euc_jp
5189236,147807860,0,.rodata,22,23,1,True,T3,0,0,0,True,%sはレベルが上がった！,euc_jp
5189260,147807884,0,.rodata,10,11,1,True,T3,0,0,0,True,を拾った！,euc_jp
5189272,147807896,0,.rodata,28,31,3,True,T3,0,0,0,True,%sに転職出来るようになった！,euc_jp
5189304,147807928,0,.rodata,12,15,3,True,T3,0,0,0,True,逃げ切った！,euc_jp
5189320,147807944,0,.rodata,12,15,3,True,T3,0,0,0,True,%sを覚えた！,euc_jp
5189336,147807960,0,.rodata,18,19,1,True,T3,0,0,0,True,%dガルド見つけた！,euc_jp
5189356,147807980,0,.rodata,12,15,3,True,T3,0,0,0,True,%sを盗んだ！,euc_jp
5189372,147807996,0,.rodata,20,23,3,True,T3,0,0,0,True,%dガルド手に入れた！,euc_jp
5189396,147808020,0,.rodata,18,19,1,True,T3,0,0,0,True,%dガルド落とした！,euc_jp
5189416,147808040,0,.rodata,22,23,1,True,T3,0,0,0,True,何も手に入らなかった！,euc_jp
5189440,147808064,0,.rodata,22,23,1,True,T2,0,1,0,True,敵からバックアタック！,euc_jp
5189464,147808088,0,.rodata,22,23,1,True,T3,0,0,0,True,%d人の挑戦者が現れた！,euc_jp
5189684,147808308,0,.rodata,6,7,1,True,T3,0,0,0,True,肌の色,euc_jp
5189692,147808316,0,.rodata,10,11,1,True,T3,0,0,0,True,勝利ポーズ,euc_jp
5189704,147808328,0,.rodata,12,15,3,True,T3,0,0,0,True,ボイスタイプ,euc_jp
5189720,147808344,0,.rodata,14,15,1,True,T3,0,0,0,True,ランダムで選ぶ,euc_jp
5189744,147808368,0,.rodata,30,31,1,True,T3,0,0,0,True,キャラクターの名前を設定します,euc_jp
5189776,147808400,0,.rodata,30,31,1,True,T3,0,0,0,True,キャラクターの性別を設定します,euc_jp
5189808,147808432,0,.rodata,30,31,1,True,T3,0,0,0,True,ゲーム開始時の職業を設定します,euc_jp
5189840,147808464,0,.rodata,36,39,3,True,T3,0,0,0,True,キャラクターの身長・体型を設定します,euc_jp
5189880,147808504,0,.rodata,28,31,3,True,T3,0,0,0,True,キャラクターの髪を設定します,euc_jp
5189912,147808536,0,.rodata,32,35,3,True,T3,0,0,0,True,キャラクターの目と口を設定します,euc_jp
5189948,147808572,0,.rodata,32,35,3,True,T3,0,0,0,True,キャラクターの肌の色を設定します,euc_jp
5189984,147808608,0,.rodata,30,31,1,True,T3,0,0,0,True,戦闘勝利時のポーズを設定します,euc_jp
5190016,147808640,0,.rodata,26,27,1,True,T3,0,0,0,True,戦闘時のボイスを設定します,euc_jp
5190044,147808668,0,.rodata,34,35,1,True,T3,0,0,0,True,ランダムでキャラクターを作成します,euc_jp
5190080,147808704,0,.rodata,40,43,3,True,T3,0,0,0,True,キャラクターを決定し、ゲームを開始します,euc_jp
5190124,147808748,0,.rodata,24,27,3,True,T3,0,0,0,True,キャラクターを決定します,euc_jp
5190152,147808776,0,.rodata,22,23,1,True,T3,0,0,0,True,タイトルへ戻りますか？,euc_jp
5190228,147808852,0,.rodata,30,31,1,True,T3,0,0,0,True,キャラクター名を入力して下さい,euc_jp
5190260,147808884,0,.rodata,24,27,3,True,T3,0,0,0,True,名前が設定されていません,euc_jp
5190288,147808912,0,.rodata,10,11,1,True,T3,0,0,0,True,プレイヤー,euc_jp
5190384,147809008,0,.rodata,10,11,1,True,T3,0,0,0,True,ビショップ,euc_jp
5190412,147809036,0,.rodata,6,7,1,True,T3,0,0,0,True,モンク,euc_jp
5190420,147809044,0,.rodata,4,7,3,True,T3,0,0,0,True,海賊,euc_jp
5190436,147809060,0,.rodata,8,11,3,True,T3,0,0,0,True,ガンマン,euc_jp
5190540,147809164,0,.rodata,36,39,3,True,T3,0,0,0,True,剣技と攻撃術の両方を駆使出来る万能職,euc_jp
5190744,147809368,0,.rodata,40,43,3,True,T3,0,0,0,True,忍術と呼ばれる特殊な体術を得意とする職業,euc_jp
5190900,147809524,0,.rodata,38,39,1,True,T3,0,0,0,True,攻撃術と回復術の両方を得意とする万能職,euc_jp
5190940,147809564,0,.rodata,38,39,1,True,T3,0,0,0,True,左右に持つ二本の剣を駆使する亜流の剣士,euc_jp
5190980,147809604,0,.rodata,40,43,3,True,T3,0,0,0,True,身の丈程の大剣を駆使するパワーファイター,euc_jp
5191024,147809648,0,.rodata,38,39,1,True,T3,0,0,0,True,気の力による回復の技を兼ね備えた格闘職,euc_jp
5191064,147809688,0,.rodata,46,47,1,True,T3,0,0,0,True,銃による遠隔攻撃と短剣による近接攻撃を併せ持つ,euc_jp
5191112,147809736,0,.rodata,42,43,1,True,T3,0,0,0,True,大剣による攻撃力と補助術を兼ね備えた万能職,euc_jp
5191224,147809848,0,.rodata,16,19,3,True,T3,0,0,0,True,身長を設定します,euc_jp
5191244,147809868,0,.rodata,16,19,3,True,T3,0,0,0,True,体型を設定します,euc_jp
5191276,147809900,0,.rodata,10,11,1,True,T3,0,0,0,True,オプション,euc_jp
5191296,147809920,0,.rodata,30,31,1,True,T3,0,0,0,True,キャラクターの髪型を設定します,euc_jp
5191328,147809952,0,.rodata,40,43,3,True,T3,0,0,0,True,キャラクターの髪にオプションを設定します,euc_jp
5191372,147809996,0,.rodata,30,31,1,True,T3,0,0,0,True,キャラクターの髪色を設定します,euc_jp
5191404,147810028,0,.rodata,12,15,3,True,T3,0,0,0,True,髪パターン１,euc_jp
5191420,147810044,0,.rodata,12,15,3,True,T3,0,0,0,True,髪パターン２,euc_jp
5191436,147810060,0,.rodata,12,15,3,True,T3,0,0,0,True,髪パターン３,euc_jp
5191452,147810076,0,.rodata,12,15,3,True,T3,0,0,0,True,髪パターン４,euc_jp
5191468,147810092,0,.rodata,12,15,3,True,T3,0,0,0,True,髪パターン５,euc_jp
5191484,147810108,0,.rodata,12,15,3,True,T3,0,0,0,True,髪パターン６,euc_jp
5191500,147810124,0,.rodata,12,15,3,True,T3,0,0,0,True,髪パターン７,euc_jp
5191516,147810140,0,.rodata,12,15,3,True,T3,0,0,0,True,髪パターン８,euc_jp
5191532,147810156,0,.rodata,12,15,3,True,T3,0,0,0,True,髪パターン９,euc_jp
5191548,147810172,0,.rodata,14,15,1,True,T3,0,0,0,True,髪パターン１０,euc_jp
5191564,147810188,0,.rodata,14,15,1,True,T3,0,0,0,True,髪パターン１１,euc_jp
5191580,147810204,0,.rodata,14,15,1,True,T3,0,0,0,True,髪パターン１２,euc_jp
5191596,147810220,0,.rodata,14,15,1,True,T3,0,0,0,True,髪パターン１３,euc_jp
5191612,147810236,0,.rodata,14,15,1,True,T3,0,0,0,True,髪パターン１４,euc_jp
5191628,147810252,0,.rodata,14,15,1,True,T3,0,0,0,True,髪パターン１５,euc_jp
5191644,147810268,0,.rodata,14,15,1,True,T3,0,0,0,True,髪パターン１６,euc_jp
5191660,147810284,0,.rodata,14,15,1,True,T3,0,0,0,True,髪パターン１７,euc_jp
5191676,147810300,0,.rodata,14,15,1,True,T3,0,0,0,True,髪パターン１８,euc_jp
5191692,147810316,0,.rodata,14,15,1,True,T3,0,0,0,True,髪パターン１９,euc_jp
5191708,147810332,0,.rodata,14,15,1,True,T3,0,0,0,True,髪パターン２０,euc_jp
5191724,147810348,0,.rodata,14,15,1,True,T3,0,0,0,True,ノーオプション,euc_jp
5191740,147810364,0,.rodata,12,15,3,True,T3,0,0,0,True,オプション１,euc_jp
5191756,147810380,0,.rodata,12,15,3,True,T3,0,0,0,True,オプション２,euc_jp
5191772,147810396,0,.rodata,12,15,3,True,T3,0,0,0,True,オプション３,euc_jp
5191788,147810412,0,.rodata,12,15,3,True,T3,0,0,0,True,オプション４,euc_jp
5191804,147810428,0,.rodata,12,15,3,True,T3,0,0,0,True,オプション５,euc_jp
5191820,147810444,0,.rodata,12,15,3,True,T3,0,0,0,True,オプション６,euc_jp
5191836,147810460,0,.rodata,12,15,3,True,T3,0,0,0,True,オプション７,euc_jp
5191852,147810476,0,.rodata,12,15,3,True,T3,0,0,0,True,オプション８,euc_jp
5191868,147810492,0,.rodata,12,15,3,True,T3,0,0,0,True,オプション９,euc_jp
5191884,147810508,0,.rodata,14,15,1,True,T3,0,0,0,True,オプション１０,euc_jp
5191900,147810524,0,.rodata,14,15,1,True,T3,0,0,0,True,オプション１１,euc_jp
5191916,147810540,0,.rodata,14,15,1,True,T3,0,0,0,True,オプション１２,euc_jp
5191932,147810556,0,.rodata,14,15,1,True,T3,0,0,0,True,オプション１３,euc_jp
5191948,147810572,0,.rodata,14,15,1,True,T3,0,0,0,True,オプション１４,euc_jp
5191964,147810588,0,.rodata,14,15,1,True,T3,0,0,0,True,オプション１５,euc_jp
5191980,147810604,0,.rodata,10,11,1,True,T3,0,0,0,True,目のタイプ,euc_jp
5191992,147810616,0,.rodata,8,11,3,True,T3,0,0,0,True,両目の色,euc_jp
5192004,147810628,0,.rodata,8,11,3,True,T3,0,0,0,True,右目の色,euc_jp
5192016,147810640,0,.rodata,8,11,3,True,T3,0,0,0,True,左目の色,euc_jp
5192028,147810652,0,.rodata,10,11,1,True,T3,0,0,0,True,口のタイプ,euc_jp
5192040,147810664,0,.rodata,36,39,3,True,T3,0,0,0,True,キャラクターの目のタイプを設定します,euc_jp
5192080,147810704,0,.rodata,20,23,3,True,T3,0,0,0,True,両目の色を設定します,euc_jp
5192104,147810728,0,.rodata,20,23,3,True,T3,0,0,0,True,右目の色を設定します,euc_jp
5192128,147810752,0,.rodata,20,23,3,True,T3,0,0,0,True,左目の色を設定します,euc_jp
5192152,147810776,0,.rodata,36,39,3,True,T3,0,0,0,True,キャラクターの口のタイプを設定します,euc_jp
5192192,147810816,0,.rodata,12,15,3,True,T3,0,0,0,True,目パターン１,euc_jp
5192208,147810832,0,.rodata,12,15,3,True,T3,0,0,0,True,目パターン２,euc_jp
5192224,147810848,0,.rodata,12,15,3,True,T3,0,0,0,True,目パターン３,euc_jp
5192240,147810864,0,.rodata,12,15,3,True,T3,0,0,0,True,目パターン４,euc_jp
5192256,147810880,0,.rodata,12,15,3,True,T3,0,0,0,True,目パターン５,euc_jp
5192272,147810896,0,.rodata,12,15,3,True,T3,0,0,0,True,目パターン６,euc_jp
5192288,147810912,0,.rodata,12,15,3,True,T3,0,0,0,True,目パターン７,euc_jp
5192304,147810928,0,.rodata,12,15,3,True,T3,0,0,0,True,目パターン８,euc_jp
5192320,147810944,0,.rodata,12,15,3,True,T3,0,0,0,True,目パターン９,euc_jp
5192336,147810960,0,.rodata,14,15,1,True,T3,0,0,0,True,目パターン１０,euc_jp
5192352,147810976,0,.rodata,14,15,1,True,T3,0,0,0,True,目パターン１１,euc_jp
5192368,147810992,0,.rodata,14,15,1,True,T3,0,0,0,True,目パターン１２,euc_jp
5192384,147811008,0,.rodata,14,15,1,True,T3,0,0,0,True,目パターン１３,euc_jp
5192400,147811024,0,.rodata,14,15,1,True,T3,0,0,0,True,目パターン１４,euc_jp
5192416,147811040,0,.rodata,14,15,1,True,T3,0,0,0,True,目パターン１５,euc_jp
5192432,147811056,0,.rodata,14,15,1,True,T3,0,0,0,True,目パターン１６,euc_jp
5192448,147811072,0,.rodata,14,15,1,True,T3,0,0,0,True,目パターン１７,euc_jp
5192464,147811088,0,.rodata,14,15,1,True,T3,0,0,0,True,目パターン１８,euc_jp
5192480,147811104,0,.rodata,14,15,1,True,T3,0,0,0,True,目パターン１９,euc_jp
5192496,147811120,0,.rodata,14,15,1,True,T3,0,0,0,True,目パターン２０,euc_jp
5192512,147811136,0,.rodata,14,15,1,True,T3,0,0,0,True,目パターン２１,euc_jp
5192528,147811152,0,.rodata,14,15,1,True,T3,0,0,0,True,目パターン２２,euc_jp
5192544,147811168,0,.rodata,14,15,1,True,T3,0,0,0,True,目パターン２３,euc_jp
5192560,147811184,0,.rodata,14,15,1,True,T3,0,0,0,True,目パターン２４,euc_jp
5192576,147811200,0,.rodata,14,15,1,True,T3,0,0,0,True,目パターン２５,euc_jp
5192592,147811216,0,.rodata,14,15,1,True,T3,0,0,0,True,目パターン２６,euc_jp
5192608,147811232,0,.rodata,14,15,1,True,T3,0,0,0,True,目パターン２７,euc_jp
5192624,147811248,0,.rodata,14,15,1,True,T3,0,0,0,True,目パターン２８,euc_jp
5192640,147811264,0,.rodata,14,15,1,True,T3,0,0,0,True,目パターン２９,euc_jp
5192656,147811280,0,.rodata,14,15,1,True,T3,0,0,0,True,目パターン３０,euc_jp
5192672,147811296,0,.rodata,12,15,3,True,T3,0,0,0,True,口パターン１,euc_jp
5192688,147811312,0,.rodata,12,15,3,True,T3,0,0,0,True,口パターン２,euc_jp
5192704,147811328,0,.rodata,12,15,3,True,T3,0,0,0,True,口パターン３,euc_jp
5192720,147811344,0,.rodata,12,15,3,True,T3,0,0,0,True,口パターン４,euc_jp
5192736,147811360,0,.rodata,12,15,3,True,T3,0,0,0,True,口パターン５,euc_jp
5192752,147811376,0,.rodata,12,15,3,True,T3,0,0,0,True,口パターン６,euc_jp
5192768,147811392,0,.rodata,12,15,3,True,T3,0,0,0,True,口パターン７,euc_jp
5192784,147811408,0,.rodata,12,15,3,True,T3,0,0,0,True,口パターン８,euc_jp
5192800,147811424,0,.rodata,12,15,3,True,T3,0,0,0,True,口パターン９,euc_jp
5192816,147811440,0,.rodata,14,15,1,True,T3,0,0,0,True,口パターン１０,euc_jp
5192832,147811456,0,.rodata,14,15,1,True,T3,0,0,0,True,口パターン１１,euc_jp
5192848,147811472,0,.rodata,14,15,1,True,T3,0,0,0,True,口パターン１２,euc_jp
5192864,147811488,0,.rodata,14,15,1,True,T3,0,0,0,True,口パターン１３,euc_jp
5192880,147811504,0,.rodata,14,15,1,True,T3,0,0,0,True,口パターン１４,euc_jp
5192896,147811520,0,.rodata,14,15,1,True,T3,0,0,0,True,口パターン１５,euc_jp
5192912,147811536,0,.rodata,14,15,1,True,T3,0,0,0,True,口パターン１６,euc_jp
5192928,147811552,0,.rodata,14,15,1,True,T3,0,0,0,True,口パターン１７,euc_jp
5192944,147811568,0,.rodata,14,15,1,True,T3,0,0,0,True,口パターン１８,euc_jp
5192960,147811584,0,.rodata,14,15,1,True,T3,0,0,0,True,口パターン１９,euc_jp
5192976,147811600,0,.rodata,14,15,1,True,T3,0,0,0,True,口パターン２０,euc_jp
5192992,147811616,0,.rodata,10,11,1,True,T3,0,0,0,True,パターン１,euc_jp
5193004,147811628,0,.rodata,10,11,1,True,T3,0,0,0,True,パターン２,euc_jp
5193016,147811640,0,.rodata,10,11,1,True,T3,0,0,0,True,パターン３,euc_jp
5193028,147811652,0,.rodata,10,11,1,True,T3,0,0,0,True,パターン４,euc_jp
5193040,147811664,0,.rodata,10,11,1,True,T3,0,0,0,True,パターン５,euc_jp
5193052,147811676,0,.rodata,10,11,1,True,T3,0,0,0,True,パターン６,euc_jp
5193064,147811688,0,.rodata,16,19,3,True,T3,0,0,0,True,ボイスパターン１,euc_jp
5193084,147811708,0,.rodata,16,19,3,True,T3,0,0,0,True,ボイスパターン２,euc_jp
5193104,147811728,0,.rodata,16,19,3,True,T3,0,0,0,True,ボイスパターン３,euc_jp
5193124,147811748,0,.rodata,16,19,3,True,T3,0,0,0,True,ボイスパターン４,euc_jp
5193144,147811768,0,.rodata,16,19,3,True,T3,0,0,0,True,ボイスパターン５,euc_jp
5193164,147811788,0,.rodata,16,19,3,True,T3,0,0,0,True,ボイスパターン６,euc_jp
5193184,147811808,0,.rodata,16,19,3,True,T3,0,0,0,True,ボイスパターン７,euc_jp
5193204,147811828,0,.rodata,16,19,3,True,T3,0,0,0,True,ボイスパターン８,euc_jp
5193224,147811848,0,.rodata,16,19,3,True,T3,0,0,0,True,ボイスパターン９,euc_jp
5193244,147811868,0,.rodata,18,19,1,True,T3,0,0,0,True,ボイスパターン１０,euc_jp
5193264,147811888,0,.rodata,18,19,1,True,T3,0,0,0,True,ボイスパターン１１,euc_jp
5193284,147811908,0,.rodata,18,19,1,True,T3,0,0,0,True,ボイスパターン１２,euc_jp
5193304,147811928,0,.rodata,18,19,1,True,T3,0,0,0,True,ボイスパターン１３,euc_jp
5193324,147811948,0,.rodata,18,19,1,True,T3,0,0,0,True,ボイスパターン１４,euc_jp
5193344,147811968,0,.rodata,18,19,1,True,T3,0,0,0,True,ボイスパターン１５,euc_jp
5193364,147811988,0,.rodata,18,19,1,True,T3,0,0,0,True,ボイスパターン１６,euc_jp
5193384,147812008,0,.rodata,18,19,1,True,T3,0,0,0,True,ボイスパターン１７,euc_jp
5193404,147812028,0,.rodata,18,19,1,True,T3,0,0,0,True,ボイスパターン１８,euc_jp
5193424,147812048,0,.rodata,18,19,1,True,T3,0,0,0,True,ボイスパターン１９,euc_jp
5193444,147812068,0,.rodata,18,19,1,True,T3,0,0,0,True,ボイスパターン２０,euc_jp
5193464,147812088,0,.rodata,24,27,3,True,T3,0,0,0,True,ランダムで作成しますか？,euc_jp
5193492,147812116,0,.rodata,32,35,3,True,T3,0,0,0,True,このキャラクターに決定しますか？,euc_jp
5193856,147812480,0,.rodata,20,23,3,True,T3,0,0,0,True,セーブを行いますか？,euc_jp
5194000,147812624,0,.rodata,28,31,3,True,T3,0,0,0,True,このままプレイを続けますか？,euc_jp
5194120,147812744,0,.rodata,6,7,1,True,T3,0,0,0,True,レベル,euc_jp
5194228,147812852,0,.rodata,10,11,1,True,T3,0,0,0,True,要求レベル,euc_jp
5194292,147812916,0,.rodata,22,23,1,True,T3,0,0,0,True,装備が可能となるレベル,euc_jp
5194552,147813176,0,.rodata,26,27,1,True,T3,0,0,0,True,強化・合成を行える残り回数,euc_jp
5194712,147813336,0,.rodata,12,15,3,True,T3,0,0,0,True,を手に入れた,euc_jp
5194728,147813352,0,.rodata,18,19,1,True,T3,0,0,0,True,%sを%d個手に入れた,euc_jp
5194796,147813420,0,.rodata,16,19,3,True,T3,0,0,0,True,アイテムが一杯で,euc_jp
5194816,147813440,0,.rodata,30,31,1,True,T3,0,0,0,True,%sを手に入れる事が出来なかった,euc_jp
5194892,147813516,0,.rodata,20,23,3,True,T3,0,0,0,True,何も手に入らなかった,euc_jp
5194916,147813540,0,.rodata,16,19,3,True,T3,0,0,0,True,　ワールドマップ,euc_jp
5194960,147813584,0,.rodata,11,11,0,True,T3,0,0,0,True,　1F ホール,euc_jp
5194988,147813612,0,.rodata,10,11,1,True,T3,0,0,0,True,　B2F 船倉,euc_jp
5195228,147813852,0,.rodata,26,27,1,True,T3,0,0,0,True,データインストールを行なう,euc_jp
5195356,147813980,0,.rodata,12,15,3,True,T3,0,0,0,True,データの削除,euc_jp
5195372,147813996,0,.rodata,46,47,1,True,T3,0,0,0,True,記録メディアに保存されているデータを削除します,euc_jp
5195468,147814092,0,.rodata,4,7,3,True,T3,0,0,0,True,はい,euc_jp
5195476,147814100,0,.rodata,6,7,1,True,T3,0,0,0,True,いいえ,euc_jp
5195492,147814116,0,.rodata,38,39,1,True,T3,0,0,0,True,強力な武器で攻撃を行う近接戦向けの職業,euc_jp
5195532,147814156,0,.rodata,20,23,3,True,T3,0,0,0,True,多彩な剣技を持つ職業,euc_jp
5195556,147814180,0,.rodata,36,39,3,True,T3,0,0,0,True,剣技と攻撃術の両方を駆使出来る万能職,euc_jp
5195596,147814220,0,.rodata,38,39,1,True,T3,0,0,0,True,拳による肉弾戦を得意とする格闘系の職業,euc_jp
5195672,147814296,0,.rodata,42,43,1,True,T3,0,0,0,True,短剣による素早い攻撃と盗みを得意とする職業,euc_jp
5195716,147814340,0,.rodata,40,43,3,True,T3,0,0,0,True,忍術と呼ばれる特殊な体術を得意とする職業,euc_jp
5195760,147814384,0,.rodata,32,35,3,True,T3,0,0,0,True,攻撃に特化した術を得意とする職業,euc_jp
5195796,147814420,0,.rodata,32,35,3,True,T3,0,0,0,True,回復、補助系の術を得意とする職業,euc_jp
5195832,147814456,0,.rodata,38,39,1,True,T3,0,0,0,True,攻撃術と回復術の両方を得意とする万能職,euc_jp
5195872,147814496,0,.rodata,38,39,1,True,T3,0,0,0,True,左右に持つ二本の剣を駆使する亜流の剣士,euc_jp
5195912,147814536,0,.rodata,40,43,3,True,T3,0,0,0,True,身の丈程の大剣を駆使するパワーファイター,euc_jp
5195956,147814580,0,.rodata,38,39,1,True,T3,0,0,0,True,気の力による回復の技を兼ね備えた格闘職,euc_jp
5195996,147814620,0,.rodata,46,47,1,True,T3,0,0,0,True,銃による遠隔攻撃と短剣による近接攻撃を併せ持つ,euc_jp
5196044,147814668,0,.rodata,42,43,1,True,T3,0,0,0,True,大剣による攻撃力と補助術を兼ね備えた万能職,euc_jp
5196088,147814712,0,.rodata,36,39,3,True,T3,0,0,0,True,二丁の拳銃で高速な攻撃を繰り出す職業,euc_jp
5196128,147814752,0,.rodata,30,31,1,True,T3,0,0,0,True,転職を行う職業を選択して下さい,euc_jp
5196160,147814784,0,.rodata,26,27,1,True,T3,0,0,0,True,転職条件を満たしていません,euc_jp
5196188,147814812,0,.rodata,12,15,3,True,T3,0,0,0,True,職業レベル：,euc_jp
5196204,147814828,0,.rodata,38,39,1,True,T3,0,0,0,True,現在の職業です。他の職業を選んで下さい,euc_jp
5196244,147814868,0,.rodata,48,51,3,True,T3,0,0,0,True,クエストを受けている状態で転職する事は出来ません,euc_jp
5196296,147814920,0,.rodata,50,51,1,True,T3,0,0,0,True,装備アイテムが一杯なので、装備を外す事が出来ません,euc_jp
5196424,147815048,0,.rodata,16,19,3,True,T3,0,0,0,True,%sに転職しました,euc_jp
5196444,147815068,0,.rodata,20,23,3,True,T3,0,0,0,True,転職できませんでした,euc_jp
5196468,147815092,0,.rodata,22,23,1,True,T3,0,0,0,True,これ以上所持出来ません,euc_jp
5196492,147815116,0,.rodata,16,19,3,True,T3,0,0,0,True,素材が足りません,euc_jp
5196512,147815136,0,.rodata,40,43,3,True,T3,0,0,0,True,料理はダンジョン内でしか効果がありません,euc_jp
5196556,147815180,0,.rodata,32,35,3,True,T3,0,0,0,True,既にその料理効果が発生しています,euc_jp
5196664,147815288,0,.rodata,16,19,3,True,T3,0,0,0,True,%sを作りますか？,euc_jp
5196724,147815348,0,.rodata,20,23,3,True,T3,0,0,0,True,%sを%d個作成しました,euc_jp
5196748,147815372,0,.rodata,16,19,3,True,T3,0,0,0,True,何個作りますか？,euc_jp
5196768,147815392,0,.rodata,26,27,1,True,T3,0,0,0,True,データロード中・・・・・・,euc_jp
5196796,147815420,0,.rodata,46,47,1,True,T3,0,0,0,True,入れ替え、または外すメンバーを選択してください,euc_jp
5196844,147815468,0,.rodata,44,47,3,True,T3,0,0,0,True,パーティに加えたいメンバーを選択してください,euc_jp
5196892,147815516,0,.rodata,24,27,3,True,T3,0,0,0,True,%sと%sを入れ替えますか？,euc_jp
5196920,147815544,0,.rodata,30,31,1,True,T3,0,0,0,True,%sをパーティに参加させますか？,euc_jp
5196952,147815576,0,.rodata,24,27,3,True,T3,0,0,0,True,パーティを解散しますか？,euc_jp
5197036,147815660,0,.rodata,22,23,1,True,T3,0,0,0,True,パーティを解散しました,euc_jp
5197060,147815684,0,.rodata,26,27,1,True,T3,0,0,0,True,%sがパーティから抜けました,euc_jp
5197148,147815772,0,.rodata,28,31,3,True,T3,0,0,0,True,依頼の人数制限を超えています,euc_jp
5197228,147815852,0,.rodata,28,31,3,True,T3,0,0,0,True,%sをパーティから外しますか？,euc_jp
5197260,147815884,0,.rodata,26,27,1,True,T3,0,0,0,True,%sの装備を全て外しますか？,euc_jp
5197288,147815912,0,.rodata,24,27,3,True,T3,0,0,0,True,%sの装備を全て外しました,euc_jp
5197428,147816052,0,.rodata,42,43,1,True,T3,0,0,0,True,%sは治療中のため、パーティに参加できません,euc_jp
5197488,147816112,0,.rodata,6,7,1,True,T3,0,0,0,True,レベル,euc_jp
5197508,147816132,0,.rodata,16,19,3,True,T3,0,0,0,True,イベントプレイヤ,euc_jp
5197528,147816152,0,.rodata,16,19,3,True,T3,0,0,0,True,スキットプレイヤ,euc_jp
5197548,147816172,0,.rodata,16,19,3,True,T3,0,0,0,True,イベントリプレイ,euc_jp
5197568,147816192,0,.rodata,16,19,3,True,T3,0,0,0,True,全リストから選ぶ,euc_jp
5197588,147816212,0,.rodata,16,19,3,True,T3,0,0,0,True,登場人物から選ぶ,euc_jp
5197608,147816232,0,.rodata,18,19,1,True,T3,0,0,0,True,ストーリーイベント,euc_jp
5197628,147816252,0,.rodata,16,19,3,True,T3,0,0,0,True,その他のイベント,euc_jp
5197756,147816380,0,.rodata,8,11,3,True,T3,0,0,0,True,メイン１,euc_jp
5197768,147816392,0,.rodata,8,11,3,True,T3,0,0,0,True,メイン２,euc_jp
5197780,147816404,0,.rodata,8,11,3,True,T3,0,0,0,True,メイン３,euc_jp
5197792,147816416,0,.rodata,8,11,3,True,T3,0,0,0,True,メイン４,euc_jp
5197804,147816428,0,.rodata,10,11,1,True,T3,0,0,0,True,クエスト１,euc_jp
5197816,147816440,0,.rodata,10,11,1,True,T3,0,0,0,True,クエスト２,euc_jp
5197828,147816452,0,.rodata,10,11,1,True,T3,0,0,0,True,クエスト３,euc_jp
5197840,147816464,0,.rodata,10,11,1,True,T3,0,0,0,True,クエスト４,euc_jp
5197852,147816476,0,.rodata,6,7,1,True,T3,0,0,0,True,その他,euc_jp
5197860,147816484,0,.rodata,18,19,1,True,T3,0,0,0,True,オープニング〜８章,euc_jp
5197892,147816516,0,.rodata,20,23,3,True,T3,0,0,0,True,１７章〜エンディング,euc_jp
5197964,147816588,0,.rodata,20,23,3,True,T3,0,0,0,True,２５章〜エンディング,euc_jp
5198116,147816740,0,.rodata,28,31,3,True,T3,0,0,0,True,テイルズ　オブ　ファンタジア,euc_jp
5198148,147816772,0,.rodata,28,31,3,True,T3,0,0,0,True,テイルズ　オブ　デスティニー,euc_jp
5198180,147816804,0,.rodata,26,27,1,True,T3,0,0,0,True,テイルズ　オブ　エターニア,euc_jp
5198208,147816832,0,.rodata,30,31,1,True,T3,0,0,0,True,テイルズ　オブ　デスティニー２,euc_jp
5198240,147816864,0,.rodata,28,31,3,True,T3,0,0,0,True,テイルズ　オブ　シンフォニア,euc_jp
5198272,147816896,0,.rodata,24,27,3,True,T3,0,0,0,True,テイルズ　オブ　リバース,euc_jp
5198300,147816924,0,.rodata,30,31,1,True,T3,0,0,0,True,テイルズ　オブ　レジェンディア,euc_jp
5198332,147816956,0,.rodata,26,27,1,True,T3,0,0,0,True,テイルズ　オブ　ジ　アビス,euc_jp
5198360,147816984,0,.rodata,30,31,1,True,T3,0,0,0,True,テイルズ　オブ　ザ　テンペスト,euc_jp
5198392,147817016,0,.rodata,26,27,1,True,T3,0,0,0,True,テイルズ　オブ　イノセンス,euc_jp
5198420,147817044,0,.rodata,28,31,3,True,T3,0,0,0,True,テイルズ　オブ　ヴェスペリア,euc_jp
5198452,147817076,0,.rodata,28,31,3,True,T3,0,0,0,True,ＴＯＳ　−ラタトスクの騎士−,euc_jp
5198484,147817108,0,.rodata,22,23,1,True,T3,0,0,0,True,テイルズ　オブ　ハーツ,euc_jp
5198508,147817132,0,.rodata,26,27,1,True,T3,0,0,0,True,テイルズ　オブ　グレイセス,euc_jp
5198536,147817160,0,.rodata,26,27,1,True,T3,0,0,0,True,レディアント　マイソロジー,euc_jp
5198564,147817188,0,.rodata,18,19,1,True,T3,0,0,0,True,傭兵、%sの過去実績,euc_jp
5198664,147817288,0,.rodata,14,15,1,True,T3,0,0,0,True,次のレベルまで,euc_jp
5198716,147817340,0,.rodata,6,7,1,True,T3,0,0,0,True,オート,euc_jp
5198724,147817348,0,.rodata,10,11,1,True,T3,0,0,0,True,セミオート,euc_jp
5198736,147817360,0,.rodata,10,11,1,True,T3,0,0,0,True,マニュアル,euc_jp
5198748,147817372,0,.rodata,10,11,1,True,T3,0,0,0,True,スロット１,euc_jp
5198760,147817384,0,.rodata,10,11,1,True,T3,0,0,0,True,スロット２,euc_jp
5198772,147817396,0,.rodata,10,11,1,True,T3,0,0,0,True,スロット３,euc_jp
5198800,147817424,0,.rodata,6,7,1,True,T3,0,0,0,True,すべて,euc_jp
5198816,147817440,0,.rodata,14,15,1,True,T3,0,0,0,True,レベルが高い順,euc_jp
5198832,147817456,0,.rodata,16,19,3,True,T3,0,0,0,True,戦闘回数の多い順,euc_jp
5198864,147817488,0,.rodata,44,47,3,True,T3,0,0,0,True,レベル差が大きいため、誘うことが出来ません。,euc_jp
5198920,147817544,0,.rodata,34,35,1,True,T3,0,0,0,True,セーブを行わずにゲームを終了すると,euc_jp
5198956,147817580,0,.rodata,30,31,1,True,T3,0,0,0,True,現在のゲーム進行は失われますが,euc_jp
5198988,147817612,0,.rodata,16,19,3,True,T3,0,0,0,True,よろしいですか？,euc_jp
5199008,147817632,0,.rodata,26,27,1,True,T3,0,0,0,True,ここではセーブできません。,euc_jp
5199084,147817708,0,.rodata,6,7,1,True,T3,0,0,0,True,ランク,euc_jp
5199092,147817716,0,.rodata,10,11,1,True,T3,0,0,0,True,あらすじ%d,euc_jp
5199140,147817764,0,.rodata,16,19,3,True,T3,0,0,0,True,現在の料理効果：,euc_jp
5199160,147817784,0,.rodata,4,7,3,True,T3,0,0,0,True,なし,euc_jp
5199168,147817792,0,.rodata,9,11,2,True,T3,0,0,0,True,■ レシピ,euc_jp
5199192,147817816,0,.rodata,10,11,1,True,T3,0,0,0,True,キャンセル,euc_jp
5199204,147817828,0,.rodata,12,15,3,True,T3,0,0,0,True,合成しました,euc_jp
5199220,147817844,0,.rodata,12,15,3,True,T3,0,0,0,True,強化しました,euc_jp
5199260,147817884,0,.rodata,6,7,1,True,T3,0,0,0,True,ベース,euc_jp
5199268,147817892,0,.rodata,6,7,1,True,T3,0,0,0,True,▲素材,euc_jp
5199276,147817900,0,.rodata,12,15,3,True,T3,0,0,0,True,鍛冶屋ランク,euc_jp
5199320,147817944,0,.rodata,46,47,1,True,T3,0,0,0,True,装備する事が出来ません。レベルがあと%d必要です,euc_jp
5199420,147818044,0,.rodata,20,23,3,True,T3,0,0,0,True,物理パラメーター重視,euc_jp
5199444,147818068,0,.rodata,18,19,1,True,T3,0,0,0,True,術パラメーター重視,euc_jp
5199464,147818088,0,.rodata,14,15,1,True,T3,0,0,0,True,装備を全て外す,euc_jp
5199480,147818104,0,.rodata,10,11,1,True,T3,0,0,0,True,キャンセル,euc_jp
5199504,147818128,0,.rodata,4,7,3,True,T3,0,0,0,True,無し,euc_jp
5199512,147818136,0,.rodata,24,27,3,True,T3,0,0,0,True,装備スキルを合成させる、,euc_jp
5199540,147818164,0,.rodata,32,39,7,True,T3,0,0,0,True,ベースとなる装備品を選んで下さい,euc_jp
5199580,147818204,0,.rodata,20,23,3,True,T3,0,0,0,True,ベースに合成したい、,euc_jp
5199604,147818228,0,.rodata,30,31,1,True,T3,0,0,0,True,素材となる装備品を選んで下さい,euc_jp
5199636,147818260,0,.rodata,40,43,3,True,T3,0,0,0,True,※素材となる装備品は、合成後消滅します！,euc_jp
5199680,147818304,0,.rodata,32,35,3,True,T3,0,0,0,True,素材となる装備品から、合成したい,euc_jp
5199716,147818340,0,.rodata,24,27,3,True,T3,0,0,0,True,装備スキルを選んで下さい,euc_jp
5199744,147818368,0,.rodata,22,23,1,True,T3,0,0,0,True,合成したい装備スキルを,euc_jp
5199768,147818392,0,.rodata,32,35,3,True,T3,0,0,0,True,セットするスロットを選んで下さい,euc_jp
5199820,147818444,0,.rodata,38,39,1,True,T3,0,0,0,True,ベースと素材で同じものは選択出来ません,euc_jp
5199860,147818484,0,.rodata,34,35,1,True,T3,0,0,0,True,残強化回数が０の為、選択出来ません,euc_jp
5199896,147818520,0,.rodata,46,47,1,True,T3,0,0,0,True,この装備品には、スキルのスロットが存在しません,euc_jp
5200024,147818648,0,.rodata,50,51,1,True,T3,0,0,0,True,この装備品には、合成可能な装備スキルが存在しません,euc_jp
5200076,147818700,0,.rodata,32,35,3,True,T3,0,0,0,True,レディアント装備は選択できません,euc_jp
5200112,147818736,0,.rodata,42,43,1,True,T3,0,0,0,True,防具は同じカテゴリ同士でしか合成出来ません,euc_jp
5200156,147818780,0,.rodata,38,39,1,True,T3,0,0,0,True,ベースに同じ装備スキルが存在しています,euc_jp
5200196,147818820,0,.rodata,44,47,3,True,T3,0,0,0,True,ベースの同じ装備スキルより効果が劣っています,euc_jp
5200244,147818868,0,.rodata,38,39,1,True,T3,0,0,0,True,ベースの装備スキルが変更されていません,euc_jp
5200404,147819028,0,.rodata,44,47,3,True,T3,0,0,0,True,ベースのスロット選択中は、合成確定出来ません,euc_jp
5200452,147819076,0,.rodata,22,23,1,True,T3,0,0,0,True,所持金が不足しています,euc_jp
5200476,147819100,0,.rodata,28,31,3,True,T3,0,0,0,True,合成結果は右のようになります,euc_jp
5200508,147819132,0,.rodata,22,23,1,True,T3,0,0,0,True,合成に必要なガルドは、,euc_jp
5200532,147819156,0,.rodata,12,15,3,True,T3,0,0,0,True,%sガルドです,euc_jp
5200548,147819172,0,.rodata,32,35,3,True,T3,0,0,0,True,※合成すると、素材として使用した,euc_jp
5200584,147819208,0,.rodata,22,23,1,True,T3,0,0,0,True,は消滅してしまいます！,euc_jp
5200608,147819232,0,.rodata,14,15,1,True,T3,0,0,0,True,合成しますか？,euc_jp
5200624,147819248,0,.rodata,36,39,3,True,T3,0,0,0,True,現在の鍛冶屋ランクでは使用出来ません,euc_jp
5200720,147819344,0,.rodata,24,27,3,True,T3,0,0,0,True,強化したい装備品(ベース),euc_jp
5200748,147819372,0,.rodata,14,15,1,True,T3,0,0,0,True,を選んで下さい,euc_jp
5200764,147819388,0,.rodata,22,23,1,True,T3,0,0,0,True,ベースの強化に使用する,euc_jp
5200788,147819412,0,.rodata,30,31,1,True,T3,0,0,0,True,強化素材アイテムを選んで下さい,euc_jp
5200836,147819460,0,.rodata,34,35,1,True,T3,0,0,0,True,強化素材アイテムを所持していません,euc_jp
5200872,147819496,0,.rodata,10,11,1,True,T3,0,0,0,True,を使用して,euc_jp
5200884,147819508,0,.rodata,12,15,3,True,T3,0,0,0,True,を強化します,euc_jp
5200900,147819524,0,.rodata,22,23,1,True,T3,0,0,0,True,強化に必要なガルドは、,euc_jp
5200924,147819548,0,.rodata,14,15,1,True,T3,0,0,0,True,強化しますか？,euc_jp
5200940,147819564,0,.rodata,10,11,1,True,T3,0,0,0,True,要求レベル,euc_jp
5201016,147819640,0,.rodata,20,23,3,True,T3,0,0,0,True,装備可能キャラクター,euc_jp
5201240,147819864,0,.rodata,4,7,3,True,T3,0,0,0,True,戻る,euc_jp
5201248,147819872,0,.rodata,10,11,1,True,T3,0,0,0,True,ページ送り,euc_jp
5201276,147819900,0,.rodata,8,11,3,True,T3,0,0,0,True,並べ替え,euc_jp
5201288,147819912,0,.rodata,10,11,1,True,T3,0,0,0,True,キャンセル,euc_jp
5201300,147819924,0,.rodata,10,11,1,True,T3,0,0,0,True,ステータス,euc_jp
5201312,147819936,0,.rodata,10,11,1,True,T3,0,0,0,True,スキル確認,euc_jp
5201324,147819948,0,.rodata,14,15,1,True,T3,0,0,0,True,装備スキル確認,euc_jp
5201340,147819964,0,.rodata,10,11,1,True,T3,0,0,0,True,スクロール,euc_jp
5201428,147820052,0,.rodata,10,11,1,True,T3,0,0,0,True,モデル確認,euc_jp
5201440,147820064,0,.rodata,10,11,1,True,T3,0,0,0,True,プレビュー,euc_jp
5201504,147820128,0,.rodata,4,7,3,True,T3,0,0,0,True,外す,euc_jp
5201520,147820144,0,.rodata,18,19,1,True,T3,0,0,0,True,術・技スロット選択,euc_jp
5201552,147820176,0,.rodata,4,7,3,True,T3,0,0,0,True,使う,euc_jp
5201596,147820220,0,.rodata,10,11,1,True,T3,0,0,0,True,リスト切替,euc_jp
5201608,147820232,0,.rodata,8,11,3,True,T3,0,0,0,True,入れ替え,euc_jp
5201620,147820244,0,.rodata,16,19,3,True,T3,0,0,0,True,装備の変更・確認,euc_jp
5201684,147820308,0,.rodata,12,15,3,True,T3,0,0,0,True,アイテム選択,euc_jp
5201700,147820324,0,.rodata,8,11,3,True,T3,0,0,0,True,引き取る,euc_jp
5201712,147820336,0,.rodata,8,11,3,True,T3,0,0,0,True,アイテム,euc_jp
5201736,147820360,0,.rodata,6,7,1,True,T3,0,0,0,True,預ける,euc_jp
5201744,147820368,0,.rodata,8,11,3,True,T3,0,0,0,True,取り出す,euc_jp
5201756,147820380,0,.rodata,8,11,3,True,T3,0,0,0,True,展開する,euc_jp
5201768,147820392,0,.rodata,14,15,1,True,T3,0,0,0,True,モデル左右回転,euc_jp
5201848,147820472,0,.rodata,10,11,1,True,T3,0,0,0,True,%sを使った,euc_jp
5201860,147820484,0,.rodata,18,19,1,True,T3,0,0,0,True,ここでは使えません,euc_jp
5201880,147820504,0,.rodata,4,7,3,True,T3,0,0,0,True,使う,euc_jp
5201888,147820512,0,.rodata,10,11,1,True,T3,0,0,0,True,スキル確認,euc_jp
5201912,147820536,0,.rodata,4,7,3,True,T3,0,0,0,True,外す,euc_jp
5201920,147820544,0,.rodata,6,7,1,True,T3,0,0,0,True,捨てる,euc_jp
5201928,147820552,0,.rodata,10,11,1,True,T3,0,0,0,True,キャンセル,euc_jp
5201940,147820564,0,.rodata,20,23,3,True,T3,0,0,0,True,の装備を外しますか？,euc_jp
5202016,147820640,0,.rodata,14,15,1,True,T3,0,0,0,True,を捨てますか？,euc_jp
5202032,147820656,0,.rodata,16,19,3,True,T3,0,0,0,True,何個捨てますか？,euc_jp
5202068,147820692,0,.rodata,10,11,1,True,T3,0,0,0,True,ページ切替,euc_jp
5202080,147820704,0,.rodata,10,11,1,True,T3,0,0,0,True,素材ランク,euc_jp
5202124,147820748,0,.rodata,10,11,1,True,T3,0,0,0,True,要求レベル,euc_jp
5202176,147820800,0,.rodata,14,15,1,True,T3,0,0,0,True,パーティ全員の,euc_jp
5202340,147820964,0,.rodata,10,11,1,True,T3,0,0,0,True,カテゴリ：,euc_jp
5202408,147821032,0,.rodata,12,15,3,True,T3,0,0,0,True,交換アイテム,euc_jp
5202564,147821188,0,.rodata,16,19,3,True,T3,0,0,0,True,武器：トンファー,euc_jp
5202596,147821220,0,.rodata,14,15,1,True,T3,0,0,0,True,武器：ハンマー,euc_jp
5202612,147821236,0,.rodata,14,15,1,True,T3,0,0,0,True,武器：ライフル,euc_jp
5202628,147821252,0,.rodata,12,15,3,True,T3,0,0,0,True,武器：バトン,euc_jp
5202644,147821268,0,.rodata,14,15,1,True,T3,0,0,0,True,武器：ボウガン,euc_jp
5202660,147821284,0,.rodata,12,15,3,True,T3,0,0,0,True,武器：バッグ,euc_jp
5202704,147821328,0,.rodata,12,15,3,True,T3,0,0,0,True,武器：おたま,euc_jp
5202744,147821368,0,.rodata,14,15,1,True,T3,0,0,0,True,武器：ストロー,euc_jp
5202760,147821384,0,.rodata,10,11,1,True,T3,0,0,0,True,武器：ペン,euc_jp
5202988,147821612,0,.rodata,10,11,1,True,T3,0,0,0,True,トンファー,euc_jp
5203008,147821632,0,.rodata,8,11,3,True,T3,0,0,0,True,ハンマー,euc_jp
5203020,147821644,0,.rodata,8,11,3,True,T3,0,0,0,True,ライフル,euc_jp
5203032,147821656,0,.rodata,6,7,1,True,T3,0,0,0,True,バトン,euc_jp
5203040,147821664,0,.rodata,8,11,3,True,T3,0,0,0,True,ボウガン,euc_jp
5203052,147821676,0,.rodata,6,7,1,True,T3,0,0,0,True,バッグ,euc_jp
5203076,147821700,0,.rodata,6,7,1,True,T3,0,0,0,True,おたま,euc_jp
5203092,147821716,0,.rodata,8,11,3,True,T3,0,0,0,True,ストロー,euc_jp
5203104,147821728,0,.rodata,4,7,3,True,T3,0,0,0,True,ペン,euc_jp
5203144,147821768,0,.rodata,6,7,1,True,T3,0,0,0,True,ローブ,euc_jp
5203188,147821812,0,.rodata,6,7,1,True,T3,0,0,0,True,レシピ,euc_jp
5203204,147821828,0,.rodata,10,11,1,True,T3,0,0,0,True,石版の欠片,euc_jp
5203224,147821848,0,.rodata,12,15,3,True,T3,0,0,0,True,要求レベル順,euc_jp
5203288,147821912,0,.rodata,8,11,3,True,T3,0,0,0,True,レア度順,euc_jp
5203324,147821948,0,.rodata,8,11,3,True,T3,0,0,0,True,スキル別,euc_jp
5203440,147822064,0,.rodata,12,15,3,True,T3,0,0,0,True,モンスター名,euc_jp
5203476,147822100,0,.rodata,10,11,1,True,T3,0,0,0,True,レベル昇順,euc_jp
5203488,147822112,0,.rodata,10,11,1,True,T3,0,0,0,True,レベル降順,euc_jp
5203524,147822148,0,.rodata,10,11,1,True,T3,0,0,0,True,主な生息地,euc_jp
5203536,147822160,0,.rodata,6,7,1,True,T3,0,0,0,True,レベル,euc_jp
5203644,147822268,0,.rodata,6,7,1,True,T3,0,0,0,True,ガルド,euc_jp
5203652,147822276,0,.rodata,18,19,1,True,T3,0,0,0,True,持っているアイテム,euc_jp
5203672,147822296,0,.rodata,14,15,1,True,T3,0,0,0,True,盗めるアイテム,euc_jp
5203688,147822312,0,.rodata,14,15,1,True,T3,0,0,0,True,無効なアイテム,euc_jp
5203808,147822432,0,.rodata,6,7,1,True,T3,0,0,0,True,ローブ,euc_jp
5203876,147822500,0,.rodata,21,23,2,True,T3,0,0,0,True,方向キー　　:位置変更,euc_jp
5203900,147822524,0,.rodata,25,27,2,True,T3,0,0,0,True,○＋上下キー:描画高さ変更,euc_jp
5203928,147822552,0,.rodata,21,23,2,True,T3,0,0,0,True,□＋方向キー:角度変更,euc_jp
5203952,147822576,0,.rodata,25,27,2,True,T3,0,0,0,True,△＋上下キー:スケール変更,euc_jp
5203980,147822604,0,.rodata,6,7,1,True,T3,0,0,0,True,討伐数,euc_jp
5204032,147822656,0,.rodata,28,31,3,True,T3,0,0,0,True,武器の収集状態を確認出来ます,euc_jp
5204064,147822688,0,.rodata,28,31,3,True,T3,0,0,0,True,防具の収集状態を確認出来ます,euc_jp
5204208,147822832,0,.rodata,8,11,3,True,T3,0,0,0,True,　ローブ,euc_jp
5204284,147822908,0,.rodata,30,31,1,True,T3,0,0,0,True,片手剣の収集状態を確認出来ます,euc_jp
5204316,147822940,0,.rodata,30,31,1,True,T3,0,0,0,True,両手剣の収集状態を確認出来ます,euc_jp
5204348,147822972,0,.rodata,28,31,3,True,T3,0,0,0,True,短剣の収集状態を確認出来ます,euc_jp
5204380,147823004,0,.rodata,26,27,1,True,T3,0,0,0,True,斧の収集状態を確認出来ます,euc_jp
5204408,147823032,0,.rodata,26,27,1,True,T3,0,0,0,True,杖の収集状態を確認出来ます,euc_jp
5204436,147823060,0,.rodata,26,27,1,True,T3,0,0,0,True,拳の収集状態を確認出来ます,euc_jp
5204464,147823088,0,.rodata,26,27,1,True,T3,0,0,0,True,弓の収集状態を確認出来ます,euc_jp
5204492,147823116,0,.rodata,28,31,3,True,T3,0,0,0,True,拳銃の収集状態を確認出来ます,euc_jp
5204524,147823148,0,.rodata,32,35,3,True,T3,0,0,0,True,特殊武器の収集状態を確認出来ます,euc_jp
5204560,147823184,0,.rodata,32,35,3,True,T3,0,0,0,True,雑貨武器の収集状態を確認出来ます,euc_jp
5204596,147823220,0,.rodata,26,27,1,True,T3,0,0,0,True,鎧の収集状態を確認出来ます,euc_jp
5204624,147823248,0,.rodata,26,27,1,True,T3,0,0,0,True,服の収集状態を確認出来ます,euc_jp
5204652,147823276,0,.rodata,30,31,1,True,T3,0,0,0,True,ローブの収集状態を確認出来ます,euc_jp
5204684,147823308,0,.rodata,26,27,1,True,T3,0,0,0,True,兜の収集状態を確認出来ます,euc_jp
5204712,147823336,0,.rodata,28,31,3,True,T3,0,0,0,True,帽子の収集状態を確認出来ます,euc_jp
5204744,147823368,0,.rodata,30,31,1,True,T3,0,0,0,True,顔装備の収集状態を確認出来ます,euc_jp
5204776,147823400,0,.rodata,28,31,3,True,T3,0,0,0,True,篭手の収集状態を確認出来ます,euc_jp
5204808,147823432,0,.rodata,28,31,3,True,T3,0,0,0,True,腕輪の収集状態を確認出来ます,euc_jp
5204840,147823464,0,.rodata,30,31,1,True,T3,0,0,0,True,足装備の収集状態を確認出来ます,euc_jp
5204872,147823496,0,.rodata,26,27,1,True,T3,0,0,0,True,盾の収集状態を確認出来ます,euc_jp
5204900,147823524,0,.rodata,16,19,3,True,T3,0,0,0,True,未入手の装備です,euc_jp
5204920,147823544,0,.rodata,10,11,1,True,T3,0,0,0,True,要求レベル,euc_jp
5204968,147823592,0,.rodata,5,7,2,True,T3,0,0,0,True,全て ,euc_jp
5204976,147823600,0,.rodata,26,27,1,True,T3,0,0,0,True,テイルズ オブ ファンタジア,euc_jp
5205004,147823628,0,.rodata,26,27,1,True,T3,0,0,0,True,テイルズ オブ デスティニー,euc_jp
5205032,147823656,0,.rodata,24,27,3,True,T3,0,0,0,True,テイルズ オブ エターニア,euc_jp
5205060,147823684,0,.rodata,28,31,3,True,T3,0,0,0,True,テイルズ オブ デスティニー２,euc_jp
5205092,147823716,0,.rodata,26,27,1,True,T3,0,0,0,True,テイルズ オブ シンフォニア,euc_jp
5205120,147823744,0,.rodata,22,23,1,True,T3,0,0,0,True,テイルズ オブ リバース,euc_jp
5205144,147823768,0,.rodata,28,31,3,True,T3,0,0,0,True,テイルズ オブ レジェンディア,euc_jp
5205176,147823800,0,.rodata,23,23,0,True,T3,0,0,0,True,テイルズ オブ ジ アビス,euc_jp
5205200,147823824,0,.rodata,27,27,0,True,T3,0,0,0,True,テイルズ オブ ザ テンペスト,euc_jp
5205228,147823852,0,.rodata,24,27,3,True,T3,0,0,0,True,テイルズ オブ イノセンス,euc_jp
5205256,147823880,0,.rodata,26,27,1,True,T3,0,0,0,True,テイルズ オブ ヴェスペリア,euc_jp
5205284,147823908,0,.rodata,27,27,0,True,T3,0,0,0,True,ＴＯＳ −ラタトスクの騎士−,euc_jp
5205312,147823936,0,.rodata,20,23,3,True,T3,0,0,0,True,テイルズ オブ ハーツ,euc_jp
5205336,147823960,0,.rodata,24,27,3,True,T3,0,0,0,True,テイルズ オブ グレイセス,euc_jp
5205364,147823988,0,.rodata,32,35,3,True,T3,0,0,0,True,ＴＯＷ レディアント マイソロジー,euc_jp
5205400,147824024,0,.rodata,34,35,1,True,T3,0,0,0,True,ＴＯＷ レディアント マイソロジー２,euc_jp
5205436,147824060,0,.rodata,34,35,1,True,T3,0,0,0,True,ＴＯＷ レディアント マイソロジー３,euc_jp
5205492,147824116,0,.rodata,8,11,3,True,T3,0,0,0,True,総討伐数,euc_jp
5205588,147824212,0,.rodata,8,11,3,True,T3,0,0,0,True,ノーマル,euc_jp
5205600,147824224,0,.rodata,6,7,1,True,T3,0,0,0,True,ハード,euc_jp
5205608,147824232,0,.rodata,6,7,1,True,T3,0,0,0,True,マニア,euc_jp
5205628,147824252,0,.rodata,10,11,1,True,T3,0,0,0,True,反映しない,euc_jp
5205640,147824264,0,.rodata,8,11,3,True,T3,0,0,0,True,反映する,euc_jp
5205652,147824276,0,.rodata,10,11,1,True,T3,0,0,0,True,再設定する,euc_jp
5205664,147824288,0,.rodata,16,19,3,True,T3,0,0,0,True,デフォルトに戻す,euc_jp
5205684,147824308,0,.rodata,18,19,1,True,T3,0,0,0,True,メッセージスピード,euc_jp
5205716,147824340,0,.rodata,14,15,1,True,T3,0,0,0,True,サウンドテスト,euc_jp
5205732,147824356,0,.rodata,16,19,3,True,T3,0,0,0,True,サウンドセレクト,euc_jp
5205752,147824376,0,.rodata,16,19,3,True,T3,0,0,0,True,ＢＧＭボリューム,euc_jp
5205772,147824396,0,.rodata,14,15,1,True,T3,0,0,0,True,ＳＥボリューム,euc_jp
5205788,147824412,0,.rodata,20,23,3,True,T3,0,0,0,True,戦闘ボイスボリューム,euc_jp
5205812,147824436,0,.rodata,24,27,3,True,T3,0,0,0,True,イベントボイスボリューム,euc_jp
5205840,147824464,0,.rodata,20,23,3,True,T3,0,0,0,True,戦闘エンカウント確認,euc_jp
5205864,147824488,0,.rodata,18,19,1,True,T3,0,0,0,True,データインストール,euc_jp
5205884,147824508,0,.rodata,20,23,3,True,T3,0,0,0,True,プレイヤーネーム設定,euc_jp
5205908,147824532,0,.rodata,4,7,3,True,T3,0,0,0,True,遅い,euc_jp
5205924,147824548,0,.rodata,4,7,3,True,T3,0,0,0,True,速い,euc_jp
5205940,147824564,0,.rodata,16,19,3,True,T3,0,0,0,True,バンエルティア号,euc_jp
5205972,147824596,0,.rodata,16,19,3,True,T3,0,0,0,True,ストーリー戦闘曲,euc_jp
5205992,147824616,0,.rodata,10,11,1,True,T3,0,0,0,True,ボス戦闘曲,euc_jp
5206036,147824660,0,.rodata,14,15,1,True,T3,0,0,0,True,デフォルト演奏,euc_jp
5206052,147824676,0,.rodata,12,15,3,True,T3,0,0,0,True,ランダム演奏,euc_jp
5206084,147824708,0,.rodata,24,27,3,True,T3,0,0,0,True,開放されていない項目です,euc_jp
5206112,147824736,0,.rodata,30,31,1,True,T3,0,0,0,True,ゆっくりメッセージを表示します,euc_jp
5206144,147824768,0,.rodata,34,35,1,True,T3,0,0,0,True,通常の速度でメッセージを表示します,euc_jp
5206180,147824804,0,.rodata,26,27,1,True,T3,0,0,0,True,速くメッセージを表示します,euc_jp
5206208,147824832,0,.rodata,28,31,3,True,T3,0,0,0,True,一括でメッセージを表示します,euc_jp
5206240,147824864,0,.rodata,20,23,3,True,T3,0,0,0,True,通常の戦闘難易度です,euc_jp
5206264,147824888,0,.rodata,26,27,1,True,T3,0,0,0,True,戦闘難易度をハードにします,euc_jp
5206292,147824916,0,.rodata,26,27,1,True,T3,0,0,0,True,戦闘難易度をマニアにします,euc_jp
5206320,147824944,0,.rodata,26,27,1,True,T3,0,0,0,True,戦闘時に流す曲を変更します,euc_jp
5206348,147824972,0,.rodata,42,43,1,True,T3,0,0,0,True,バンエルティア号の船内で流す曲を変更します,euc_jp
5206392,147825016,0,.rodata,30,31,1,True,T3,0,0,0,True,通常戦闘時に流す曲を変更します,euc_jp
5206480,147825104,0,.rodata,30,31,1,True,T3,0,0,0,True,ボス戦闘時に流す曲を変更します,euc_jp
5206512,147825136,0,.rodata,30,31,1,True,T3,0,0,0,True,最終戦闘時に流す曲を変更します,euc_jp
5206544,147825168,0,.rodata,34,35,1,True,T3,0,0,0,True,ゲーム中のＢＧＭの音量を調節します,euc_jp
5206580,147825204,0,.rodata,32,35,3,True,T3,0,0,0,True,ゲーム中のＳＥの音量を調節します,euc_jp
5206616,147825240,0,.rodata,32,35,3,True,T3,0,0,0,True,戦闘中のボイスの音量を調節します,euc_jp
5206652,147825276,0,.rodata,36,39,3,True,T3,0,0,0,True,イベント中のボイスの音量を調節します,euc_jp
5206692,147825316,0,.rodata,36,39,3,True,T3,0,0,0,True,エンカウント時にカメラ演出を行います,euc_jp
5206732,147825356,0,.rodata,38,39,1,True,T3,0,0,0,True,エンカウント時にカメラ演出を行いません,euc_jp
5206772,147825396,0,.rodata,38,39,1,True,T3,0,0,0,True,データインストールのデータを使用します,euc_jp
5206812,147825436,0,.rodata,40,43,3,True,T3,0,0,0,True,データインストールのデータを使用しません,euc_jp
5206856,147825480,0,.rodata,32,35,3,True,T3,0,0,0,True,プレイヤーネームの変更を行います,euc_jp
5206892,147825516,0,.rodata,30,31,1,True,T3,0,0,0,True,プレイヤー名を入力してください,euc_jp
5206932,147825556,0,.rodata,24,27,3,True,T3,0,0,0,True,未設定の項目があります。,euc_jp
5206972,147825596,0,.rodata,32,35,3,True,T3,0,0,0,True,ゆっくりメッセージを表示します。,euc_jp
5207008,147825632,0,.rodata,36,39,3,True,T3,0,0,0,True,通常の速度でメッセージを表示します。,euc_jp
5207048,147825672,0,.rodata,28,31,3,True,T3,0,0,0,True,速くメッセージを表示します。,euc_jp
5207080,147825704,0,.rodata,30,31,1,True,T3,0,0,0,True,一括でメッセージを表示します。,euc_jp
5207112,147825736,0,.rodata,18,19,1,True,T3,0,0,0,True,通常の難易度です。,euc_jp
5207132,147825756,0,.rodata,52,55,3,True,T3,0,0,0,True,戦闘時の難易度及びアイテムの取得率に変化があります。,euc_jp
5207188,147825812,0,.rodata,28,31,3,True,T3,0,0,0,True,戦闘時に流す曲を変更します。,euc_jp
5207220,147825844,0,.rodata,32,35,3,True,T3,0,0,0,True,通常戦闘時に流す曲を変更します。,euc_jp
5207312,147825936,0,.rodata,32,35,3,True,T3,0,0,0,True,ボス戦闘時に流す曲を変更します。,euc_jp
5207348,147825972,0,.rodata,32,35,3,True,T3,0,0,0,True,最終戦闘時に流す曲を変更します。,euc_jp
5207384,147826008,0,.rodata,42,43,1,True,T3,0,0,0,True,戦闘時にキャラクターのボイスを再生します。,euc_jp
5207428,147826052,0,.rodata,44,47,3,True,T3,0,0,0,True,戦闘時にキャラクターのボイスを再生しません。,euc_jp
5207576,147826200,0,.rodata,38,39,1,True,T3,0,0,0,True,エンカウント時にカメラ演出を行います。,euc_jp
5207616,147826240,0,.rodata,40,43,3,True,T3,0,0,0,True,エンカウント時にカメラ演出を行いません。,euc_jp
5207852,147826476,0,.rodata,34,35,1,True,T3,0,0,0,True,プレイヤーネームの変更を行います。,euc_jp
5207888,147826512,0,.rodata,24,27,3,True,T3,0,0,0,True,名前が設定されていません,euc_jp
5207924,147826548,0,.rodata,6,7,1,True,T3,0,0,0,True,レベル,euc_jp
5207956,147826580,0,.rodata,14,15,1,True,T3,0,0,0,True,次のレベルまで,euc_jp
5208136,147826760,0,.rodata,10,11,1,True,T3,0,0,0,True,ガード破壊,euc_jp
5208148,147826772,0,.rodata,18,19,1,True,T3,0,0,0,True,ガード破壊、武器１,euc_jp
5208168,147826792,0,.rodata,18,19,1,True,T3,0,0,0,True,ガード破壊、武器２,euc_jp
5208188,147826812,0,.rodata,16,19,3,True,T3,0,0,0,True,仰け反り耐性破壊,euc_jp
5208208,147826832,0,.rodata,24,27,3,True,T3,0,0,0,True,仰け反り耐性破壊、武器１,euc_jp
5208236,147826860,0,.rodata,24,27,3,True,T3,0,0,0,True,仰け反り耐性破壊、武器２,euc_jp
5208264,147826888,0,.rodata,10,11,1,True,T3,0,0,0,True,ガード強化,euc_jp
5208276,147826900,0,.rodata,12,15,3,True,T3,0,0,0,True,仰け反り耐性,euc_jp
5208304,147826928,0,.rodata,18,19,1,True,T3,0,0,0,True,リザルトＴＰ回復量,euc_jp
5208424,147827048,0,.rodata,20,23,3,True,T3,0,0,0,True,クリティカルダメージ,euc_jp
5208448,147827072,0,.rodata,28,31,3,True,T3,0,0,0,True,クリティカルダメージ、武器１,euc_jp
5208480,147827104,0,.rodata,28,31,3,True,T3,0,0,0,True,クリティカルダメージ、武器２,euc_jp
5208512,147827136,0,.rodata,16,19,3,True,T3,0,0,0,True,リミッツ上昇効果,euc_jp
5208532,147827156,0,.rodata,24,27,3,True,T3,0,0,0,True,リミッツ上昇効果、武器１,euc_jp
5208560,147827184,0,.rodata,24,27,3,True,T3,0,0,0,True,リミッツ上昇効果、武器２,euc_jp
5208588,147827212,0,.rodata,10,11,1,True,T3,0,0,0,True,獲得ガルド,euc_jp
5208612,147827236,0,.rodata,20,23,3,True,T3,0,0,0,True,獲得グレードポイント,euc_jp
5208636,147827260,0,.rodata,12,15,3,True,T3,0,0,0,True,アイテム獲得,euc_jp
5208652,147827276,0,.rodata,8,11,3,True,T3,0,0,0,True,レア獲得,euc_jp
5208664,147827288,0,.rodata,16,19,3,True,T3,0,0,0,True,スキルスロット増,euc_jp
5208716,147827340,0,.rodata,16,19,3,True,T3,0,0,0,True,宝箱ドロップ効果,euc_jp
5208736,147827360,0,.rodata,8,11,3,True,T3,0,0,0,True,毒を防止,euc_jp
5208748,147827372,0,.rodata,10,11,1,True,T3,0,0,0,True,衰弱を防止,euc_jp
5208760,147827384,0,.rodata,10,11,1,True,T3,0,0,0,True,気絶を防止,euc_jp
5208772,147827396,0,.rodata,14,15,1,True,T3,0,0,0,True,術技封印を防止,euc_jp
5208788,147827412,0,.rodata,10,11,1,True,T3,0,0,0,True,麻痺を防止,euc_jp
5208800,147827424,0,.rodata,10,11,1,True,T3,0,0,0,True,石化を防止,euc_jp
5208900,147827524,0,.rodata,18,19,1,True,T3,0,0,0,True,敵撃破時にＨＰ回復,euc_jp
5208920,147827544,0,.rodata,18,19,1,True,T3,0,0,0,True,敵撃破時にＴＰ回復,euc_jp
5208940,147827564,0,.rodata,22,23,1,True,T3,0,0,0,True,敵からのターゲット頻度,euc_jp
5209016,147827640,0,.rodata,14,15,1,True,T3,0,0,0,True,武器を購入する,euc_jp
5209032,147827656,0,.rodata,26,27,1,True,T3,0,0,0,True,カテゴリから武器を購入する,euc_jp
5209060,147827684,0,.rodata,14,15,1,True,T3,0,0,0,True,防具を購入する,euc_jp
5209076,147827700,0,.rodata,26,27,1,True,T3,0,0,0,True,カテゴリから防具を購入する,euc_jp
5209104,147827728,0,.rodata,14,15,1,True,T3,0,0,0,True,道具を購入する,euc_jp
5209120,147827744,0,.rodata,16,19,3,True,T3,0,0,0,True,装飾品を購入する,euc_jp
5209140,147827764,0,.rodata,18,19,1,True,T3,0,0,0,True,生産素材を購入する,euc_jp
5209160,147827784,0,.rodata,14,15,1,True,T3,0,0,0,True,武器を合成する,euc_jp
5209176,147827800,0,.rodata,14,15,1,True,T3,0,0,0,True,武器を強化する,euc_jp
5209192,147827816,0,.rodata,14,15,1,True,T3,0,0,0,True,防具を合成する,euc_jp
5209208,147827832,0,.rodata,14,15,1,True,T3,0,0,0,True,防具を強化する,euc_jp
5209224,147827848,0,.rodata,8,11,3,True,T3,0,0,0,True,売却する,euc_jp
5209236,147827860,0,.rodata,8,11,3,True,T3,0,0,0,True,交換する,euc_jp
5209248,147827872,0,.rodata,20,23,3,True,T3,0,0,0,True,カテゴリから交換する,euc_jp
5209320,147827944,0,.rodata,14,15,1,True,T3,0,0,0,True,購入しますか？,euc_jp
5209392,147828016,0,.rodata,62,63,1,True,T3,0,0,0,True,レディアント装備とユニーク装備が含まれています。売却しますか？,euc_jp
5209456,147828080,0,.rodata,48,51,3,True,T3,0,0,0,True,レディアント装備が含まれています。売却しますか？,euc_jp
5209508,147828132,0,.rodata,44,47,3,True,T3,0,0,0,True,ユニーク装備が含まれています。売却しますか？,euc_jp
5209556,147828180,0,.rodata,14,15,1,True,T3,0,0,0,True,売却しますか？,euc_jp
5209620,147828244,0,.rodata,20,23,3,True,T3,0,0,0,True,所有グレードポイント,euc_jp
5209644,147828268,0,.rodata,14,15,1,True,T3,0,0,0,True,交換しますか？,euc_jp
5209660,147828284,0,.rodata,44,47,3,True,T3,0,0,0,True,グレードポイントが足りない為、交換出来ません,euc_jp
5209708,147828332,0,.rodata,38,39,1,True,T3,0,0,0,True,「%s」が交換されるまで、交換出来ません,euc_jp
5209748,147828372,0,.rodata,12,15,3,True,T3,0,0,0,True,武器%dの場合,euc_jp
5209792,147828416,0,.rodata,20,23,3,True,T3,0,0,0,True,装備可能キャラクター,euc_jp
5209816,147828440,0,.rodata,12,15,3,True,T3,0,0,0,True,攻撃力の変化,euc_jp
5209832,147828456,0,.rodata,14,15,1,True,T3,0,0,0,True,術攻撃力の変化,euc_jp
5209848,147828472,0,.rodata,10,11,1,True,T3,0,0,0,True,敏捷の変化,euc_jp
5209860,147828484,0,.rodata,12,15,3,True,T3,0,0,0,True,防御力の変化,euc_jp
5209876,147828500,0,.rodata,14,15,1,True,T3,0,0,0,True,術防御力の変化,euc_jp
5209892,147828516,0,.rodata,26,27,1,True,T3,0,0,0,True,装備条件を満たしていません,euc_jp
5209920,147828544,0,.rodata,36,39,3,True,T3,0,0,0,True,レベルが足りないので、試着できません,euc_jp
5209960,147828584,0,.rodata,42,43,1,True,T3,0,0,0,True,装備可能な職業ではないので、試着できません,euc_jp
5210004,147828628,0,.rodata,43,43,0,True,T3,0,0,0,True,テイルズ オブ専用装備なので、試着できません,euc_jp
5210048,147828672,0,.rodata,14,15,1,True,T3,0,0,0,True,装備しますか？,euc_jp
5210064,147828688,0,.rodata,34,35,1,True,T3,0,0,0,True,装備品をこれ以上持つ事は出来ません,euc_jp
5210124,147828748,0,.rodata,26,27,1,True,T3,0,0,0,True,このアイテムを手にすると、,euc_jp
5210152,147828776,0,.rodata,50,51,1,True,T3,0,0,0,True,一部のアイテムを除いて、レベルや装備は今のままに、,euc_jp
5210204,147828828,0,.rodata,50,51,1,True,T3,0,0,0,True,あなたはこの物語を初めからやり直すことが出来ます。,euc_jp
5210256,147828880,0,.rodata,26,31,5,True,T3,0,0,0,True,心の準備はよろしいですか？,euc_jp
5210288,147828912,0,.rodata,12,15,3,True,T3,0,0,0,True,装備を預ける,euc_jp
5210304,147828928,0,.rodata,14,15,1,True,T3,0,0,0,True,装備を取り出す,euc_jp
5210320,147828944,0,.rodata,18,19,1,True,T3,0,0,0,True,アイテムを引き取る,euc_jp
5210340,147828964,0,.rodata,8,11,3,True,T3,0,0,0,True,売却する,euc_jp
5210352,147828976,0,.rodata,12,15,3,True,T3,0,0,0,True,を預けました,euc_jp
5210368,147828992,0,.rodata,16,19,3,True,T3,0,0,0,True,を取り出しました,euc_jp
5210388,147829012,0,.rodata,40,43,3,True,T3,0,0,0,True,が装備中です。装備を預けられませんでした,euc_jp
5210432,147829056,0,.rodata,42,43,1,True,T3,0,0,0,True,倉庫が一杯です。装備を預けられませんでした,euc_jp
5210476,147829100,0,.rodata,44,47,3,True,T3,0,0,0,True,所持品が一杯です。装備を取り出せませんでした,euc_jp
5210548,147829172,0,.rodata,10,11,1,True,T3,0,0,0,True,作戦の設定,euc_jp
5210560,147829184,0,.rodata,56,59,3,True,T3,0,0,0,True,作戦（基本行動と優先行動）を設定するメンバーを選択します,euc_jp
5211116,147829740,0,.rodata,6,7,1,True,T3,0,0,0,True,その他,euc_jp
5211124,147829748,0,.rodata,8,11,3,True,T3,0,0,0,True,ひよっこ,euc_jp
5211152,147829776,0,.rodata,8,11,3,True,T3,0,0,0,True,ベテラン,euc_jp
5211164,147829788,0,.rodata,42,43,1,True,T3,0,0,0,True,優先行動（%s編）が使えるようになりました！,euc_jp
5211208,147829832,0,.rodata,20,23,3,True,T3,0,0,0,True,敵と対面した時の隊列,euc_jp
5211264,147829888,0,.rodata,12,15,3,True,T3,0,0,0,True,ＨＰ回復優先,euc_jp
5211280,147829904,0,.rodata,12,15,3,True,T3,0,0,0,True,ＴＰ回復優先,euc_jp
5211296,147829920,0,.rodata,12,15,3,True,T3,0,0,0,True,状態回復優先,euc_jp
5211312,147829936,0,.rodata,4,7,3,True,T3,0,0,0,True,外す,euc_jp
5211344,147829968,0,.rodata,22,23,1,True,T3,0,0,0,True,現在セットしている称号,euc_jp
5211428,147830052,0,.rodata,24,27,3,True,T3,0,0,0,True,称号「%s」を手に入れた！,euc_jp
5211456,147830080,0,.rodata,18,19,1,True,T3,0,0,0,True,「%s」を入手した！,euc_jp
5211644,147830268,0,.rodata,16,19,3,True,T3,0,0,0,True,オタオタの逆襲２,euc_jp
5211680,147830304,0,.rodata,8,11,3,True,T3,0,0,0,True,アイテム,euc_jp
5211704,147830328,0,.rodata,10,11,1,True,T3,0,0,0,True,ステータス,euc_jp
5211724,147830348,0,.rodata,10,11,1,True,T3,0,0,0,True,ライブラリ,euc_jp
5211736,147830360,0,.rodata,8,11,3,True,T3,0,0,0,True,システム,euc_jp
5211756,147830380,0,.rodata,4,7,3,True,T3,0,0,0,True,グミ,euc_jp
5211764,147830388,0,.rodata,6,7,1,True,T3,0,0,0,True,ボトル,euc_jp
5211772,147830396,0,.rodata,8,11,3,True,T3,0,0,0,True,クエスト,euc_jp
5211820,147830444,0,.rodata,14,15,1,True,T3,0,0,0,True,モンスター図鑑,euc_jp
5211836,147830460,0,.rodata,8,11,3,True,T3,0,0,0,True,あらすじ,euc_jp
5211848,147830472,0,.rodata,12,15,3,True,T3,0,0,0,True,ガイドブック,euc_jp
5211864,147830488,0,.rodata,6,7,1,True,T3,0,0,0,True,セーブ,euc_jp
5211872,147830496,0,.rodata,6,7,1,True,T3,0,0,0,True,ロード,euc_jp
5211880,147830504,0,.rodata,10,11,1,True,T3,0,0,0,True,データ削除,euc_jp
5211892,147830516,0,.rodata,10,11,1,True,T3,0,0,0,True,オプション,euc_jp
5211904,147830528,0,.rodata,14,15,1,True,T3,0,0,0,True,タイトルに戻る,euc_jp
5211928,147830552,0,.rodata,16,19,3,True,T3,0,0,0,True,グレードポイント,euc_jp
5211960,147830584,0,.rodata,18,19,1,True,T3,0,0,0,True,術・技の設定・確認,euc_jp
5211980,147830604,0,.rodata,16,19,3,True,T3,0,0,0,True,装備の変更・確認,euc_jp
5212000,147830624,0,.rodata,20,23,3,True,T3,0,0,0,True,アイテムの使用・確認,euc_jp
5212024,147830648,0,.rodata,22,23,1,True,T3,0,0,0,True,作戦・隊列の設定・確認,euc_jp
5212048,147830672,0,.rodata,22,23,1,True,T3,0,0,0,True,キャラクターの詳細情報,euc_jp
5212072,147830696,0,.rodata,24,27,3,True,T3,0,0,0,True,料理、グミ、ボトルの生産,euc_jp
5212100,147830724,0,.rodata,32,35,3,True,T3,0,0,0,True,クエスト情報及び様々な情報を確認,euc_jp
5212136,147830760,0,.rodata,18,19,1,True,T3,0,0,0,True,データや環境の設定,euc_jp
5212156,147830780,0,.rodata,32,35,3,True,T3,0,0,0,True,食材を消費して料理し、食事を行う,euc_jp
5212192,147830816,0,.rodata,30,31,1,True,T3,0,0,0,True,グミ素材を消費して、グミを作る,euc_jp
5212224,147830848,0,.rodata,34,35,1,True,T3,0,0,0,True,ボトル素材を消費して、ボトルを作る,euc_jp
5212260,147830884,0,.rodata,18,19,1,True,T3,0,0,0,True,クエスト情報を確認,euc_jp
5212280,147830904,0,.rodata,14,15,1,True,T3,0,0,0,True,獲得称号を確認,euc_jp
5212296,147830920,0,.rodata,22,23,1,True,T3,0,0,0,True,装備アイテム情報を確認,euc_jp
5212320,147830944,0,.rodata,22,23,1,True,T3,0,0,0,True,キャラクター情報を確認,euc_jp
5212344,147830968,0,.rodata,20,23,3,True,T3,0,0,0,True,モンスター情報を確認,euc_jp
5212368,147830992,0,.rodata,14,15,1,True,T3,0,0,0,True,あらすじを確認,euc_jp
5212384,147831008,0,.rodata,18,19,1,True,T3,0,0,0,True,ガイドブックを確認,euc_jp
5212404,147831028,0,.rodata,16,19,3,True,T3,0,0,0,True,セーブを行います,euc_jp
5212424,147831048,0,.rodata,16,19,3,True,T3,0,0,0,True,ロードを行います,euc_jp
5212444,147831068,0,.rodata,20,23,3,True,T3,0,0,0,True,データ削除を行います,euc_jp
5212468,147831092,0,.rodata,16,19,3,True,T3,0,0,0,True,設定を変更します,euc_jp
5212488,147831112,0,.rodata,34,35,1,True,T3,0,0,0,True,ゲームを終了してタイトルへ戻ります,euc_jp
5212524,147831148,0,.rodata,16,19,3,True,T3,0,0,0,True,ネットワーク接続,euc_jp
5212544,147831168,0,.rodata,60,63,3,True,T3,0,0,0,True,インフラストラクチャーモードにて、連動サイトに接続を行います,euc_jp
5212608,147831232,0,.rodata,12,15,3,True,T3,0,0,0,True,エクスポート,euc_jp
5212624,147831248,0,.rodata,40,43,3,True,T3,0,0,0,True,サイトへアップロードするデータを作ります,euc_jp
5212668,147831292,0,.rodata,10,11,1,True,T3,0,0,0,True,インポート,euc_jp
5212764,147831388,0,.rodata,12,15,3,True,T3,0,0,0,True,データの削除,euc_jp
5212780,147831404,0,.rodata,46,47,1,True,T3,0,0,0,True,記録メディアに保存されているデータを削除します,euc_jp
5213076,147831700,0,.rodata,28,31,3,True,T3,0,0,0,True,傭兵データをエクスポートする,euc_jp
5213108,147831732,0,.rodata,46,47,1,True,T3,0,0,0,True,サイトへアップロードする傭兵データを作成します,euc_jp
5213156,147831780,0,.rodata,28,31,3,True,T3,0,0,0,True,認証データをエクスポートする,euc_jp
5213256,147831880,0,.rodata,20,23,3,True,T3,0,0,0,True,傭兵データインポート,euc_jp
5213336,147831960,0,.rodata,24,27,3,True,T3,0,0,0,True,アイテムデータインポート,euc_jp
5213364,147831988,0,.rodata,38,39,1,True,T3,0,0,0,True,アイテムデータをインポートしています…,euc_jp
5213464,147832088,0,.rodata,30,31,1,True,T3,0,0,0,True,前作セーブデータ特典インポート,euc_jp
5213636,147832260,0,.rodata,45,47,2,True,T3,0,0,0,True,なりきりダンジョンXセーブデータ特典インポート,euc_jp
5213908,147832532,0,.rodata,22,23,1,True,T3,0,0,0,True,認証データを作成します,euc_jp
5213932,147832556,0,.rodata,22,23,1,True,T3,0,0,0,True,接続処理を中断しました,euc_jp
5213956,147832580,0,.rodata,22,23,1,True,T3,0,0,0,True,傭兵データを作成します,euc_jp
5214044,147832668,0,.rodata,36,39,3,True,T3,0,0,0,True,すでにある認証データを使用しますか？,euc_jp
5214084,147832708,0,.rodata,32,35,3,True,T3,0,0,0,True,認証データが作成出来ませんでした,euc_jp
5214120,147832744,0,.rodata,20,23,3,True,T3,0,0,0,True,接続を中断しますか？,euc_jp
5214144,147832768,0,.rodata,32,35,3,True,T3,0,0,0,True,認証データを読み込めませんでした,euc_jp
5214288,147832912,0,.rodata,34,35,1,True,T3,0,0,0,True,セーブデータを読み込めませんでした,euc_jp
5214484,147833108,0,.rodata,18,19,1,True,T3,0,0,0,True,作成に失敗しました,euc_jp
5214504,147833128,0,.rodata,42,43,1,True,T3,0,0,0,True,傭兵データのエクスポートを行いませんでした,euc_jp
5214548,147833172,0,.rodata,32,35,3,True,T3,0,0,0,True,傭兵データをエクスポートしました,euc_jp
5214584,147833208,0,.rodata,30,31,1,True,T3,0,0,0,True,傭兵データを作成しませんでした,euc_jp
5214672,147833296,0,.rodata,38,39,1,True,T3,0,0,0,True,傭兵データのエクスポートに失敗しました,euc_jp
5215020,147833644,0,.rodata,36,39,3,True,T3,0,0,0,True,前作のセーブデータがありませんでした,euc_jp
5215740,147834364,0,.rodata,26,27,1,True,T3,0,0,0,True,セーブデータを更新しました,euc_jp
5215768,147834392,0,.rodata,46,47,1,True,T3,0,0,0,True,装備品の特典アイテムは倉庫から受け取り可能です,euc_jp
5215816,147834440,0,.rodata,46,47,1,True,T3,0,0,0,True,ＤＬクエストキーはロックスから受け取り可能です,euc_jp
5215864,147834488,0,.rodata,46,47,1,True,T3,0,0,0,True,ＤＬクエストキーはロックスから受け取り済みです,euc_jp
5215980,147834604,0,.rodata,24,27,3,True,T3,0,0,0,True,インポートを中断しました,euc_jp
5216268,147834892,0,.rodata,38,39,1,True,T3,0,0,0,True,アイテムデータの読み込みに失敗しました,euc_jp
5216308,147834932,0,.rodata,30,31,1,True,T3,0,0,0,True,アイテムデータが破損しています,euc_jp
5216404,147835028,0,.rodata,36,39,3,True,T3,0,0,0,True,このデータは既にインポート済みです。,euc_jp
5216504,147835128,0,.rodata,26,27,1,True,T3,0,0,0,True,傭兵データを読み込みました,euc_jp
5216652,147835276,0,.rodata,34,35,1,True,T3,0,0,0,True,傭兵データの読み込みに失敗しました,euc_jp
5216688,147835312,0,.rodata,26,27,1,True,T3,0,0,0,True,傭兵データが破損しています,euc_jp
5216832,147835456,0,.rodata,32,35,3,True,T3,0,0,0,True,データのインポートに失敗しました,euc_jp
5216868,147835492,0,.rodata,24,27,3,True,T3,0,0,0,True,認証データを読み込みます,euc_jp
5216896,147835520,0,.rodata,26,27,1,True,T3,0,0,0,True,認証データが破損しています,euc_jp
5216924,147835548,0,.rodata,26,27,1,True,T3,0,0,0,True,認証データを読み込みました,euc_jp
5216952,147835576,0,.rodata,34,35,1,True,T3,0,0,0,True,すでに認証データが作成されています,euc_jp
5217172,147835796,0,.rodata,26,27,1,True,T3,0,0,0,True,インポートを中断しますか？,euc_jp
5217200,147835824,0,.rodata,32,35,3,True,T3,0,0,0,True,データを保存せずに終了しますか？,euc_jp
5217236,147835860,0,.rodata,16,19,3,True,T3,0,0,0,True,上書きしますか？,euc_jp
5217684,147836308,0,.rodata,14,15,1,True,T3,0,0,0,True,作成しますか？,euc_jp
5217700,147836324,0,.rodata,30,31,1,True,T3,0,0,0,True,フォルダを作成出来ませんでした,euc_jp
5217732,147836356,0,.rodata,22,23,1,True,T3,0,0,0,True,フォルダを作成しました,euc_jp
5217836,147836460,0,.rodata,18,19,1,True,T3,0,0,0,True,連動サイト用データ,euc_jp
5217940,147836564,0,.rodata,10,11,1,True,T3,0,0,0,True,認証データ,euc_jp
5217952,147836576,0,.rodata,30,31,1,True,T3,0,0,0,True,連動サイト用インポートフォルダ,euc_jp
5218184,147836808,0,.rodata,16,19,3,True,T3,0,0,0,True,アルマナック遺跡,euc_jp
5218204,147836828,0,.rodata,14,15,1,True,T3,0,0,0,True,霊峰アブソール,euc_jp
5218220,147836844,0,.rodata,14,15,1,True,T3,0,0,0,True,ヴェラトローパ,euc_jp
5218236,147836860,0,.rodata,14,15,1,True,T3,0,0,0,True,ブラウニー坑道,euc_jp
5218252,147836876,0,.rodata,12,15,3,True,T3,0,0,0,True,カダイフ砂漠,euc_jp
5218268,147836892,0,.rodata,14,15,1,True,T3,0,0,0,True,オルタータ火山,euc_jp
5218284,147836908,0,.rodata,16,19,3,True,T3,0,0,0,True,聖地ラングリース,euc_jp
5218304,147836928,0,.rodata,18,19,1,True,T3,0,0,0,True,エラン・ヴィタール,euc_jp
5218324,147836948,0,.rodata,12,15,3,True,T3,0,0,0,True,ルバーブ連山,euc_jp
5218340,147836964,0,.rodata,12,15,3,True,T3,0,0,0,True,シフノ湧泉洞,euc_jp
5218356,147836980,0,.rodata,18,19,1,True,T3,0,0,0,True,コンフェイト大森林,euc_jp
5218376,147837000,0,.rodata,12,15,3,True,T3,0,0,0,True,ボルテックス,euc_jp
5218392,147837016,0,.rodata,10,11,1,True,T3,0,0,0,True,ルミナシア,euc_jp
5218404,147837028,0,.rodata,10,11,1,True,T3,0,0,0,True,ジルディア,euc_jp
5218416,147837040,0,.rodata,6,7,1,True,T3,0,0,0,True,パスカ,euc_jp
5218424,147837048,0,.rodata,8,11,3,True,T3,0,0,0,True,グラニデ,euc_jp
5218436,147837060,0,.rodata,8,11,3,True,T3,0,0,0,True,ペカン村,euc_jp
5218448,147837072,0,.rodata,10,11,1,True,T3,0,0,0,True,ヘーゼル村,euc_jp
5218460,147837084,0,.rodata,12,15,3,True,T3,0,0,0,True,ウリズン帝国,euc_jp
5218484,147837108,0,.rodata,12,15,3,True,T3,0,0,0,True,ガルバンゾ国,euc_jp
5218500,147837124,0,.rodata,10,11,1,True,T3,0,0,0,True,ガルバンゾ,euc_jp
5218512,147837136,0,.rodata,10,11,1,True,T3,0,0,0,True,モラード村,euc_jp
5218524,147837148,0,.rodata,10,11,1,True,T3,0,0,0,True,ミブナの里,euc_jp
5218536,147837160,0,.rodata,6,7,1,True,T3,0,0,0,True,ミブナ,euc_jp
5218544,147837168,0,.rodata,8,11,3,True,T3,0,0,0,True,ライマ国,euc_jp
5218556,147837180,0,.rodata,6,7,1,True,T3,0,0,0,True,ライマ,euc_jp
5218572,147837196,0,.rodata,16,19,3,True,T3,0,0,0,True,オルタ・ビレッジ,euc_jp
5218592,147837216,0,.rodata,12,15,3,True,T3,0,0,0,True,コクヨウ玉虫,euc_jp
5218608,147837232,0,.rodata,8,11,3,True,T3,0,0,0,True,暁の従者,euc_jp
5218620,147837244,0,.rodata,8,11,3,True,T3,0,0,0,True,光気丹術,euc_jp
5218632,147837256,0,.rodata,10,11,1,True,T3,0,0,0,True,光気丹術経,euc_jp
5218644,147837268,0,.rodata,16,19,3,True,T3,0,0,0,True,ソウルアルケミー,euc_jp
5218664,147837288,0,.rodata,10,11,1,True,T3,0,0,0,True,ドクメント,euc_jp
5218676,147837300,0,.rodata,8,11,3,True,T3,0,0,0,True,ヒトの祖,euc_jp
5218708,147837332,0,.rodata,16,19,3,True,T3,0,0,0,True,ツリガネトンボ草,euc_jp
5218728,147837352,0,.rodata,14,15,1,True,T3,0,0,0,True,ウズマキフスベ,euc_jp
5218744,147837368,0,.rodata,16,19,3,True,T3,0,0,0,True,コピーズ・ロッド,euc_jp
5218764,147837388,0,.rodata,12,15,3,True,T3,0,0,0,True,オイルツリー,euc_jp
5218780,147837404,0,.rodata,12,15,3,True,T3,0,0,0,True,ユルングの樹,euc_jp
5218804,147837428,0,.rodata,8,11,3,True,T3,0,0,0,True,ギベオン,euc_jp
5218816,147837440,0,.rodata,16,19,3,True,T3,0,0,0,True,トランスクリプタ,euc_jp
5218892,147837516,0,.rodata,32,35,3,True,T3,0,0,0,True,データを保存せずに終了しますか？,euc_jp
5219012,147837636,0,.rodata,12,15,3,True,T3,0,0,0,True,ゲームクリア,euc_jp
5219028,147837652,0,.rodata,16,19,3,True,T3,0,0,0,True,バンエルティア号,euc_jp
5219048,147837672,0,.rodata,14,15,1,True,T3,0,0,0,True,ワールドマップ,euc_jp
5219124,147837748,0,.rodata,6,7,1,True,T3,0,0,0,True,ホール,euc_jp
5219140,147837764,0,.rodata,4,7,3,True,T3,0,0,0,True,船室,euc_jp
5219188,147837812,0,.rodata,8,11,3,True,T3,0,0,0,True,ショップ,euc_jp
5219372,147837996,0,.rodata,4,7,3,True,T3,0,0,0,True,船倉,euc_jp
5219476,147838100,0,.rodata,12,15,3,True,T3,0,0,0,True,艦内見取り図,euc_jp
5219492,147838116,0,.rodata,14,15,1,True,T3,0,0,0,True,フロア切り替え,euc_jp
5219508,147838132,0,.rodata,12,15,3,True,T3,0,0,0,True,部屋切り替え,euc_jp
5219524,147838148,0,.rodata,4,7,3,True,T3,0,0,0,True,戻る,euc_jp
5219532,147838156,0,.rodata,12,15,3,True,T3,0,0,0,True,新規クエスト,euc_jp
5219548,147838172,0,.rodata,8,11,3,True,T3,0,0,0,True,クエスト,euc_jp
5219568,147838192,0,.rodata,14,15,1,True,T3,0,0,0,True,メインイベント,euc_jp
5219584,147838208,0,.rodata,12,15,3,True,T3,0,0,0,True,サブイベント,euc_jp
5219600,147838224,0,.rodata,14,15,1,True,T3,0,0,0,True,デフォルト演奏,euc_jp
5219616,147838240,0,.rodata,12,15,3,True,T3,0,0,0,True,ランダム演奏,euc_jp
5219632,147838256,0,.rodata,20,23,3,True,T3,0,0,0,True,全戦闘曲から選択する,euc_jp
5219656,147838280,0,.rodata,22,23,1,True,T3,0,0,0,True,通常戦闘曲から選択する,euc_jp
5219680,147838304,0,.rodata,22,23,1,True,T3,0,0,0,True,ボス戦闘曲から選択する,euc_jp
5219704,147838328,0,.rodata,18,19,1,True,T3,0,0,0,True,シリーズで絞り込む,euc_jp
5219724,147838348,0,.rodata,22,23,1,True,T3,0,0,0,True,アーティストで絞り込む,euc_jp
5219748,147838372,0,.rodata,20,23,3,True,T3,0,0,0,True,全船内曲から選択する,euc_jp
5219772,147838396,0,.rodata,26,27,1,True,T3,0,0,0,True,テイルズ オブ ファンタジア,euc_jp
5219800,147838424,0,.rodata,26,27,1,True,T3,0,0,0,True,テイルズ オブ デスティニー,euc_jp
5219828,147838452,0,.rodata,24,27,3,True,T3,0,0,0,True,テイルズ オブ エターニア,euc_jp
5219856,147838480,0,.rodata,23,23,0,True,T3,0,0,0,True,テイルズ オブ ジ アビス,euc_jp
5219880,147838504,0,.rodata,28,31,3,True,T3,0,0,0,True,テイルズ オブ デスティニー２,euc_jp
5219912,147838536,0,.rodata,26,27,1,True,T3,0,0,0,True,テイルズ オブ シンフォニア,euc_jp
5219940,147838564,0,.rodata,22,23,1,True,T3,0,0,0,True,テイルズ オブ リバース,euc_jp
5219964,147838588,0,.rodata,28,31,3,True,T3,0,0,0,True,テイルズ オブ レジェンディア,euc_jp
5219996,147838620,0,.rodata,27,27,0,True,T3,0,0,0,True,テイルズ オブ ザ テンペスト,euc_jp
5220024,147838648,0,.rodata,24,27,3,True,T3,0,0,0,True,テイルズ オブ イノセンス,euc_jp
5220052,147838676,0,.rodata,26,27,1,True,T3,0,0,0,True,テイルズ オブ ヴェスペリア,euc_jp
5220080,147838704,0,.rodata,28,31,3,True,T3,0,0,0,True,ＴＯＳ　−ラタトスクの騎士−,euc_jp
5220112,147838736,0,.rodata,20,23,3,True,T3,0,0,0,True,テイルズ オブ ハーツ,euc_jp
5220136,147838760,0,.rodata,24,27,3,True,T3,0,0,0,True,テイルズ オブ グレイセス,euc_jp
5220164,147838788,0,.rodata,25,27,2,True,T3,0,0,0,True,レディアント マイソロジー,euc_jp
5220192,147838816,0,.rodata,27,27,0,True,T3,0,0,0,True,レディアント マイソロジー２,euc_jp
5220220,147838844,0,.rodata,27,27,0,True,T3,0,0,0,True,レディアント マイソロジー３,euc_jp
5220276,147838900,0,.rodata,38,39,1,True,T3,0,0,0,True,曲の指定は行わず、標準の曲を演奏します,euc_jp
5220316,147838940,0,.rodata,36,39,3,True,T3,0,0,0,True,選択可能な曲からランダムで演奏します,euc_jp
5220356,147838980,0,.rodata,32,35,3,True,T3,0,0,0,True,全ての選択可能な曲から選択します,euc_jp
5220392,147839016,0,.rodata,28,31,3,True,T3,0,0,0,True,通常戦闘曲の中から選択します,euc_jp
5220424,147839048,0,.rodata,28,31,3,True,T3,0,0,0,True,ボス戦闘曲の中から選択します,euc_jp
5220456,147839080,0,.rodata,28,31,3,True,T3,0,0,0,True,シリーズ別に曲を絞り込みます,euc_jp
5220488,147839112,0,.rodata,32,35,3,True,T3,0,0,0,True,アーティスト別に曲を絞り込みます,euc_jp
5220524,147839148,0,.rodata,52,55,3,True,T3,0,0,0,True,テイルズ オブ ファンタジアの戦闘曲の中から選択します,euc_jp
5220580,147839204,0,.rodata,52,55,3,True,T3,0,0,0,True,テイルズ オブ デスティニーの戦闘曲の中から選択します,euc_jp
5220636,147839260,0,.rodata,50,51,1,True,T3,0,0,0,True,テイルズ オブ エターニアの戦闘曲の中から選択します,euc_jp
5220688,147839312,0,.rodata,49,51,2,True,T3,0,0,0,True,テイルズ オブ ジ アビスの戦闘曲の中から選択します,euc_jp
5220740,147839364,0,.rodata,54,55,1,True,T3,0,0,0,True,テイルズ オブ デスティニー２の戦闘曲の中から選択します,euc_jp
5220796,147839420,0,.rodata,52,55,3,True,T3,0,0,0,True,テイルズ オブ シンフォニアの戦闘曲の中から選択します,euc_jp
5220852,147839476,0,.rodata,48,51,3,True,T3,0,0,0,True,テイルズ オブ リバースの戦闘曲の中から選択します,euc_jp
5220904,147839528,0,.rodata,54,55,1,True,T3,0,0,0,True,テイルズ オブ レジェンディアの戦闘曲の中から選択します,euc_jp
5220960,147839584,0,.rodata,53,55,2,True,T3,0,0,0,True,テイルズ オブ ザ テンペストの戦闘曲の中から選択します,euc_jp
5221016,147839640,0,.rodata,50,51,1,True,T3,0,0,0,True,テイルズ オブ イノセンスの戦闘曲の中から選択します,euc_jp
5221068,147839692,0,.rodata,52,55,3,True,T3,0,0,0,True,テイルズ オブ ヴェスペリアの戦闘曲の中から選択します,euc_jp
5221124,147839748,0,.rodata,54,55,1,True,T3,0,0,0,True,ＴＯＳ　−ラタトスクの騎士−の戦闘曲の中から選択します,euc_jp
5221180,147839804,0,.rodata,46,47,1,True,T3,0,0,0,True,テイルズ オブ ハーツの戦闘曲の中から選択します,euc_jp
5221228,147839852,0,.rodata,50,51,1,True,T3,0,0,0,True,テイルズ オブ グレイセスの戦闘曲の中から選択します,euc_jp
5221280,147839904,0,.rodata,51,51,0,True,T3,0,0,0,True,レディアント マイソロジーの戦闘曲の中から選択します,euc_jp
5221332,147839956,0,.rodata,53,55,2,True,T3,0,0,0,True,レディアント マイソロジー２の戦闘曲の中から選択します,euc_jp
5221388,147840012,0,.rodata,53,55,2,True,T3,0,0,0,True,レディアント マイソロジー３の戦闘曲の中から選択します,euc_jp
5221444,147840068,0,.rodata,49,51,2,True,T3,0,0,0,True,桜庭 統氏が作曲／編曲した戦闘曲の中から選択します,euc_jp
5221496,147840120,0,.rodata,51,51,0,True,T3,0,0,0,True,中村 和宏氏が作曲／編曲した戦闘曲の中から選択します,euc_jp
5221548,147840172,0,.rodata,49,51,2,True,T3,0,0,0,True,椎名 豪氏が作曲／編曲した戦闘曲の中から選択します,euc_jp
5221600,147840224,0,.rodata,42,43,1,True,T3,0,0,0,True,データインストールのデータを使用しますか？,euc_jp
5221644,147840268,0,.rodata,12,15,3,True,T3,0,0,0,True,ルバーブ連山,euc_jp
5221660,147840284,0,.rodata,18,19,1,True,T3,0,0,0,True,コンフェイト大森林,euc_jp
5221680,147840304,0,.rodata,14,15,1,True,T3,0,0,0,True,ブラウニー坑道,euc_jp
5221696,147840320,0,.rodata,14,15,1,True,T3,0,0,0,True,オルタータ火山,euc_jp
5221712,147840336,0,.rodata,12,15,3,True,T3,0,0,0,True,カダイフ砂漠,euc_jp
5221728,147840352,0,.rodata,16,19,3,True,T3,0,0,0,True,アルマナック遺跡,euc_jp
5221748,147840372,0,.rodata,14,15,1,True,T3,0,0,0,True,霊峰アブソール,euc_jp
5221764,147840388,0,.rodata,14,15,1,True,T3,0,0,0,True,ヴェラトローパ,euc_jp
5221780,147840404,0,.rodata,12,15,3,True,T3,0,0,0,True,シフノ湧泉洞,euc_jp
5221796,147840420,0,.rodata,16,19,3,True,T3,0,0,0,True,聖地ラングリース,euc_jp
5221816,147840440,0,.rodata,18,19,1,True,T3,0,0,0,True,エラン・ヴィタール,euc_jp
5221836,147840460,0,.rodata,10,11,1,True,T3,0,0,0,True,追憶の坑道,euc_jp
5221856,147840480,0,.rodata,18,19,1,True,T3,0,0,0,True,バンエルティア号へ,euc_jp
5222076,147840700,0,.rodata,32,35,3,True,T3,0,0,0,True,料理「%s」の効果が無くなりました,euc_jp
5222112,147840736,0,.rodata,30,31,1,True,T3,0,0,0,True,バンエルティア号へ戻りますか？,euc_jp
5222144,147840768,0,.rodata,36,39,3,True,T3,0,0,0,True,目的地ではありませんが、入りますか？,euc_jp
5222200,147840824,0,.rodata,36,39,3,True,T3,0,0,0,True,移動したいダンジョンを選んでください,euc_jp
5222240,147840864,0,.rodata,4,7,3,True,T3,0,0,0,True,入る,euc_jp
5222276,147840900,0,.rodata,14,15,1,True,T3,0,0,0,True,ショートカット,euc_jp
5222292,147840916,0,.rodata,10,11,1,True,T3,0,0,0,True,ページ送り,euc_jp
5222320,147840944,0,.rodata,12,17,5,True,T3,0,0,0,True,船内階層移動,euc_jp
5222436,147841060,0,.rodata,6,7,1,True,T2,0,1,0,True,フリオ,euc_jp
5222444,147841068,0,.rodata,6,7,1,True,T2,0,1,0,True,キャロ,euc_jp
5223180,147841804,0,.rodata,6,7,1,True,T3,0,0,0,True,クレス,euc_jp
5223188,147841812,0,.rodata,6,7,1,True,T3,0,0,0,True,ミント,euc_jp
5223196,147841820,0,.rodata,10,11,1,True,T3,0,0,0,True,チェスター,euc_jp
5223208,147841832,0,.rodata,8,11,3,True,T3,0,0,0,True,アーチェ,euc_jp
5223220,147841844,0,.rodata,4,7,3,True,T3,0,0,0,True,すず,euc_jp
5223228,147841852,0,.rodata,6,7,1,True,T3,0,0,0,True,スタン,euc_jp
5223236,147841860,0,.rodata,8,11,3,True,T3,0,0,0,True,ルーティ,euc_jp
5223248,147841872,0,.rodata,8,11,3,True,T3,0,0,0,True,フィリア,euc_jp
5223260,147841884,0,.rodata,6,7,1,True,T3,0,0,0,True,リオン,euc_jp
5223268,147841892,0,.rodata,10,11,1,True,T3,0,0,0,True,ウッドロウ,euc_jp
5223280,147841904,0,.rodata,10,11,1,True,T3,0,0,0,True,チェルシー,euc_jp
5223292,147841916,0,.rodata,10,11,1,True,T3,0,0,0,True,コングマン,euc_jp
5223304,147841928,0,.rodata,6,7,1,True,T3,0,0,0,True,リリス,euc_jp
5223312,147841936,0,.rodata,6,7,1,True,T3,0,0,0,True,カイル,euc_jp
5223320,147841944,0,.rodata,6,7,1,True,T3,0,0,0,True,リアラ,euc_jp
5223328,147841952,0,.rodata,4,7,3,True,T3,0,0,0,True,ロニ,euc_jp
5223336,147841960,0,.rodata,10,11,1,True,T3,0,0,0,True,ジューダス,euc_jp
5223348,147841972,0,.rodata,8,11,3,True,T3,0,0,0,True,ナナリー,euc_jp
5223360,147841984,0,.rodata,8,11,3,True,T3,0,0,0,True,ハロルド,euc_jp
5223372,147841996,0,.rodata,6,7,1,True,T3,0,0,0,True,リッド,euc_jp
5223380,147842004,0,.rodata,6,7,1,True,T3,0,0,0,True,ファラ,euc_jp
5223388,147842012,0,.rodata,6,7,1,True,T3,0,0,0,True,キール,euc_jp
5223396,147842020,0,.rodata,8,11,3,True,T3,0,0,0,True,メルディ,euc_jp
5223408,147842032,0,.rodata,8,11,3,True,T3,0,0,0,True,チャット,euc_jp
5223420,147842044,0,.rodata,10,11,1,True,T3,0,0,0,True,セルシウス,euc_jp
5223432,147842056,0,.rodata,6,7,1,True,T3,0,0,0,True,ロイド,euc_jp
5223440,147842064,0,.rodata,8,11,3,True,T3,0,0,0,True,コレット,euc_jp
5223452,147842076,0,.rodata,10,11,1,True,T3,0,0,0,True,ジーニアス,euc_jp
5223464,147842088,0,.rodata,8,11,3,True,T3,0,0,0,True,リフィル,euc_jp
5223476,147842100,0,.rodata,8,11,3,True,T3,0,0,0,True,クラトス,euc_jp
5223488,147842112,0,.rodata,6,7,1,True,T3,0,0,0,True,しいな,euc_jp
5223496,147842120,0,.rodata,6,7,1,True,T3,0,0,0,True,ゼロス,euc_jp
5223504,147842128,0,.rodata,8,11,3,True,T3,0,0,0,True,プレセア,euc_jp
5223516,147842140,0,.rodata,6,7,1,True,T3,0,0,0,True,エミル,euc_jp
5223524,147842148,0,.rodata,6,7,1,True,T3,0,0,0,True,マルタ,euc_jp
5223532,147842156,0,.rodata,8,11,3,True,T3,0,0,0,True,リヒター,euc_jp
5223544,147842168,0,.rodata,8,11,3,True,T3,0,0,0,True,ヴェイグ,euc_jp
5223556,147842180,0,.rodata,6,7,1,True,T3,0,0,0,True,クレア,euc_jp
5223564,147842188,0,.rodata,10,11,1,True,T3,0,0,0,True,ユージーン,euc_jp
5223576,147842200,0,.rodata,4,7,3,True,T3,0,0,0,True,マオ,euc_jp
5223584,147842208,0,.rodata,10,11,1,True,T3,0,0,0,True,ティトレイ,euc_jp
5223596,147842220,0,.rodata,6,7,1,True,T3,0,0,0,True,アニー,euc_jp
5223604,147842228,0,.rodata,6,7,1,True,T3,0,0,0,True,セネル,euc_jp
5223612,147842236,0,.rodata,10,11,1,True,T3,0,0,0,True,シャーリィ,euc_jp
5223624,147842248,0,.rodata,6,7,1,True,T3,0,0,0,True,ウィル,euc_jp
5223632,147842256,0,.rodata,6,7,1,True,T3,0,0,0,True,クロエ,euc_jp
5223640,147842264,0,.rodata,6,7,1,True,T3,0,0,0,True,ノーマ,euc_jp
5223648,147842272,0,.rodata,6,7,1,True,T3,0,0,0,True,ジェイ,euc_jp
5223656,147842280,0,.rodata,6,7,1,True,T3,0,0,0,True,ルーク,euc_jp
5223664,147842288,0,.rodata,6,7,1,True,T3,0,0,0,True,ティア,euc_jp
5223672,147842296,0,.rodata,4,7,3,True,T3,0,0,0,True,ガイ,euc_jp
5223680,147842304,0,.rodata,8,11,3,True,T3,0,0,0,True,ジェイド,euc_jp
5223692,147842316,0,.rodata,6,7,1,True,T3,0,0,0,True,アニス,euc_jp
5223700,147842324,0,.rodata,8,11,3,True,T3,0,0,0,True,ナタリア,euc_jp
5223712,147842336,0,.rodata,8,11,3,True,T3,0,0,0,True,アッシュ,euc_jp
5223724,147842348,0,.rodata,6,7,1,True,T3,0,0,0,True,ヴァン,euc_jp
5223732,147842356,0,.rodata,8,11,3,True,T3,0,0,0,True,カイウス,euc_jp
5223744,147842368,0,.rodata,6,7,1,True,T3,0,0,0,True,ルビア,euc_jp
5223752,147842376,0,.rodata,4,7,3,True,T3,0,0,0,True,ルカ,euc_jp
5223760,147842384,0,.rodata,6,7,1,True,T3,0,0,0,True,イリア,euc_jp
5223768,147842392,0,.rodata,8,11,3,True,T3,0,0,0,True,スパーダ,euc_jp
5223780,147842404,0,.rodata,8,11,3,True,T3,0,0,0,True,アンジュ,euc_jp
5223792,147842416,0,.rodata,8,11,3,True,T3,0,0,0,True,リカルド,euc_jp
5223804,147842428,0,.rodata,6,7,1,True,T3,0,0,0,True,ユーリ,euc_jp
5223812,147842436,0,.rodata,8,11,3,True,T3,0,0,0,True,エステル,euc_jp
5223824,147842448,0,.rodata,10,11,1,True,T3,0,0,0,True,ジュディス,euc_jp
5223836,147842460,0,.rodata,4,7,3,True,T3,0,0,0,True,リタ,euc_jp
5223844,147842468,0,.rodata,8,11,3,True,T3,0,0,0,True,レイヴン,euc_jp
5223856,147842480,0,.rodata,6,7,1,True,T3,0,0,0,True,フレン,euc_jp
5223864,147842488,0,.rodata,6,7,1,True,T3,0,0,0,True,シング,euc_jp
5223872,147842496,0,.rodata,6,7,1,True,T3,0,0,0,True,コハク,euc_jp
5223880,147842504,0,.rodata,6,7,1,True,T3,0,0,0,True,ヒスイ,euc_jp
5223888,147842512,0,.rodata,8,11,3,True,T3,0,0,0,True,アスベル,euc_jp
5223900,147842524,0,.rodata,6,7,1,True,T3,0,0,0,True,ソフィ,euc_jp
5223908,147842532,0,.rodata,8,11,3,True,T3,0,0,0,True,シェリア,euc_jp
5223920,147842544,0,.rodata,6,7,1,True,T3,0,0,0,True,ダオス,euc_jp
5223928,147842552,0,.rodata,10,11,1,True,T3,0,0,0,True,バルバトス,euc_jp
5223940,147842564,0,.rodata,12,15,3,True,T3,0,0,0,True,ユグドラシル,euc_jp
5223956,147842580,0,.rodata,4,7,3,True,T3,0,0,0,True,サレ,euc_jp
5223964,147842588,0,.rodata,6,7,1,True,T3,0,0,0,True,ミミー,euc_jp
5223972,147842596,0,.rodata,10,11,1,True,T3,0,0,0,True,クィッキー,euc_jp
5223984,147842608,0,.rodata,8,11,3,True,T3,0,0,0,True,キュッポ,euc_jp
5223996,147842620,0,.rodata,6,7,1,True,T3,0,0,0,True,ピッポ,euc_jp
5224004,147842628,0,.rodata,6,7,1,True,T3,0,0,0,True,ポッポ,euc_jp
5224012,147842636,0,.rodata,6,7,1,True,T3,0,0,0,True,コーダ,euc_jp
5224020,147842644,0,.rodata,8,11,3,True,T3,0,0,0,True,カノンノ,euc_jp
5224032,147842656,0,.rodata,20,23,3,True,T3,0,0,0,True,オリジナル・カノンノ,euc_jp
5224056,147842680,0,.rodata,16,19,3,True,T3,0,0,0,True,パスカ・カノンノ,euc_jp
5224076,147842700,0,.rodata,20,23,3,True,T3,0,0,0,True,カノンノ・イアハート,euc_jp
5224100,147842724,0,.rodata,8,11,3,True,T3,0,0,0,True,ロックス,euc_jp
5224112,147842736,0,.rodata,6,7,1,True,T3,0,0,0,True,ニアタ,euc_jp
5224120,147842744,0,.rodata,12,15,3,True,T3,0,0,0,True,ウィダーシン,euc_jp
5224136,147842760,0,.rodata,6,7,1,True,T3,0,0,0,True,ゲーデ,euc_jp
5224144,147842768,0,.rodata,6,7,1,True,T3,0,0,0,True,モルモ,euc_jp
5224152,147842776,0,.rodata,8,11,3,True,T3,0,0,0,True,ラザリス,euc_jp
5224164,147842788,0,.rodata,10,11,1,True,T3,0,0,0,True,ラザリス２,euc_jp
5224176,147842800,0,.rodata,6,7,1,True,T3,0,0,0,True,アーダ,euc_jp
5224184,147842808,0,.rodata,10,11,1,True,T3,0,0,0,True,リザーブ１,euc_jp
5224196,147842820,0,.rodata,10,11,1,True,T3,0,0,0,True,リザーブ２,euc_jp
5224208,147842832,0,.rodata,10,11,1,True,T3,0,0,0,True,リザーブ３,euc_jp
5224220,147842844,0,.rodata,8,11,3,True,T3,0,0,0,True,ジョアン,euc_jp
5224232,147842856,0,.rodata,6,7,1,True,T3,0,0,0,True,ミゲル,euc_jp
5224240,147842864,0,.rodata,6,7,1,True,T3,0,0,0,True,トマス,euc_jp
5224264,147842888,0,.rodata,16,19,3,True,T3,0,0,0,True,暁の従者・信者１,euc_jp
5224284,147842908,0,.rodata,16,19,3,True,T3,0,0,0,True,暁の従者・信者２,euc_jp
5224304,147842928,0,.rodata,16,19,3,True,T3,0,0,0,True,暁の従者・信者３,euc_jp
5224324,147842948,0,.rodata,16,19,3,True,T3,0,0,0,True,暁の従者・信者４,euc_jp
5229432,147848056,0,.rodata,18,19,1,True,T3,0,0,0,True,アンジュの元へ急げ,euc_jp
5229452,147848076,0,.rodata,18,19,1,True,T3,0,0,0,True,クエストを受けよう,euc_jp
5229472,147848096,0,.rodata,16,19,3,True,T3,0,0,0,True,初めてのお買い物,euc_jp
5229492,147848116,0,.rodata,14,15,1,True,T3,0,0,0,True,いざ、目的地へ,euc_jp
5229508,147848132,0,.rodata,18,19,1,True,T3,0,0,0,True,パッと戻る　は便利,euc_jp
5229528,147848152,0,.rodata,20,23,3,True,T3,0,0,0,True,さあ、移動メニューよ,euc_jp
5229552,147848176,0,.rodata,16,19,3,True,T3,0,0,0,True,ちょっと待って！,euc_jp
5229572,147848196,0,.rodata,14,15,1,True,T3,0,0,0,True,こういう時は？,euc_jp
5229588,147848212,0,.rodata,12,15,3,True,T3,0,0,0,True,剣の手合わせ,euc_jp
5229604,147848228,0,.rodata,6,7,1,True,T3,0,0,0,True,暑い！,euc_jp
5229612,147848236,0,.rodata,18,19,1,True,T3,0,0,0,True,再利用はいいこと？,euc_jp
5229632,147848256,0,.rodata,14,15,1,True,T3,0,0,0,True,仲間が増えた！,euc_jp
5229648,147848272,0,.rodata,10,11,1,True,T3,0,0,0,True,生粋の悪人,euc_jp
5229660,147848284,0,.rodata,10,11,1,True,T3,0,0,0,True,共通の弱点,euc_jp
5229684,147848308,0,.rodata,12,15,3,True,T3,0,0,0,True,良い声ですね,euc_jp
5229700,147848324,0,.rodata,22,23,1,True,T3,0,0,0,True,ミントに相談してみよう,euc_jp
5229724,147848348,0,.rodata,30,31,1,True,T3,0,0,0,True,ミントに相談してみよう・その２,euc_jp
5229756,147848380,0,.rodata,12,15,3,True,T3,0,0,0,True,気になる相手,euc_jp
5229788,147848412,0,.rodata,10,11,1,True,T3,0,0,0,True,あつく語る,euc_jp
5229800,147848424,0,.rodata,24,27,3,True,T3,0,0,0,True,彼女は××料理人・その２,euc_jp
5229828,147848452,0,.rodata,20,23,3,True,T3,0,0,0,True,すごいよリフィル先生,euc_jp
5229852,147848476,0,.rodata,18,19,1,True,T3,0,0,0,True,きれいな花には……,euc_jp
5229872,147848496,0,.rodata,28,31,3,True,T3,0,0,0,True,教えて、恋の話・チェスター編,euc_jp
5229904,147848528,0,.rodata,26,27,1,True,T3,0,0,0,True,心理テスト！・チェスター編,euc_jp
5229932,147848556,0,.rodata,10,11,1,True,T3,0,0,0,True,すぺしゃる,euc_jp
5229944,147848568,0,.rodata,14,15,1,True,T3,0,0,0,True,お前が言うな！,euc_jp
5229960,147848584,0,.rodata,16,19,3,True,T3,0,0,0,True,邪魔じゃないの？,euc_jp
5229980,147848604,0,.rodata,14,15,1,True,T3,0,0,0,True,元気出さなきゃ,euc_jp
5229996,147848620,0,.rodata,16,19,3,True,T3,0,0,0,True,アーチェのホウキ,euc_jp
5230016,147848640,0,.rodata,10,11,1,True,T3,0,0,0,True,一人ぼっち,euc_jp
5230028,147848652,0,.rodata,24,27,3,True,T3,0,0,0,True,彼女は××料理人・その３,euc_jp
5230056,147848680,0,.rodata,18,19,1,True,T3,0,0,0,True,アーチェのイタズラ,euc_jp
5230076,147848700,0,.rodata,24,27,3,True,T3,0,0,0,True,出会いの奇跡、代償の宿業,euc_jp
5230104,147848728,0,.rodata,24,27,3,True,T3,0,0,0,True,心理テスト！・アーチェ編,euc_jp
5230132,147848756,0,.rodata,8,11,3,True,T3,0,0,0,True,忍びの道,euc_jp
5230144,147848768,0,.rodata,10,11,1,True,T3,0,0,0,True,忍者の適正,euc_jp
5230156,147848780,0,.rodata,10,11,1,True,T3,0,0,0,True,新しい世界,euc_jp
5230168,147848792,0,.rodata,12,15,3,True,T3,0,0,0,True,すずしいな〜,euc_jp
5230184,147848808,0,.rodata,12,15,3,True,T3,0,0,0,True,物知りなすず,euc_jp
5230200,147848824,0,.rodata,16,19,3,True,T3,0,0,0,True,そんなのズルい！,euc_jp
5230220,147848844,0,.rodata,18,19,1,True,T3,0,0,0,True,辛いものは苦手です,euc_jp
5230240,147848864,0,.rodata,16,19,3,True,T3,0,0,0,True,もう一人の忍者？,euc_jp
5230260,147848884,0,.rodata,8,11,3,True,T3,0,0,0,True,二人の夢,euc_jp
5230272,147848896,0,.rodata,18,19,1,True,T3,0,0,0,True,そばにいるだけで…,euc_jp
5230292,147848916,0,.rodata,12,15,3,True,T3,0,0,0,True,残金０ガルド,euc_jp
5230308,147848932,0,.rodata,14,15,1,True,T3,0,0,0,True,逃げるのも……,euc_jp
5230324,147848948,0,.rodata,14,15,1,True,T3,0,0,0,True,スタンの特技？,euc_jp
5230340,147848964,0,.rodata,12,15,3,True,T3,0,0,0,True,気が合うんだ,euc_jp
5230368,147848992,0,.rodata,22,23,1,True,T3,0,0,0,True,そうだ、あそこへ行こう,euc_jp
5230392,147849016,0,.rodata,18,19,1,True,T3,0,0,0,True,ホントのところは？,euc_jp
5230412,147849036,0,.rodata,24,27,3,True,T3,0,0,0,True,「今」の先の未来のために,euc_jp
5230440,147849064,0,.rodata,14,15,1,True,T3,0,0,0,True,最近どうなの？,euc_jp
5230456,147849080,0,.rodata,10,11,1,True,T3,0,0,0,True,お金持ち！,euc_jp
5230468,147849092,0,.rodata,12,15,3,True,T3,0,0,0,True,５０万ガルド,euc_jp
5230484,147849108,0,.rodata,12,15,3,True,T3,0,0,0,True,男は美女好き,euc_jp
5230500,147849124,0,.rodata,20,23,3,True,T3,0,0,0,True,どうしてわからない？,euc_jp
5230524,147849148,0,.rodata,22,23,1,True,T3,0,0,0,True,特別メニューを考えよう,euc_jp
5230548,147849172,0,.rodata,16,19,3,True,T3,0,0,0,True,聖職者の恋愛事情,euc_jp
5230568,147849192,0,.rodata,18,19,1,True,T3,0,0,0,True,神官様の特殊な事情,euc_jp
5230588,147849212,0,.rodata,32,35,3,True,T3,0,0,6,False,目指せ、豪華献立への道！・その２,euc_jp
5230624,147849248,0,.rodata,12,15,3,True,T3,0,0,1,False,ロニの悩み事,euc_jp
5230640,147849264,0,.rodata,14,15,1,True,T2,0,4,0,True,フィリアの目力,euc_jp
5230656,147849280,0,.rodata,16,19,3,True,T3,0,0,0,True,フィリアのメガネ,euc_jp
5230676,147849300,0,.rodata,18,19,1,True,T3,0,0,1,False,ジューダスの直感？,euc_jp
5230708,147849332,0,.rodata,12,15,3,True,T3,0,0,0,True,リオンに質問,euc_jp
5230724,147849348,0,.rodata,14,15,1,True,T3,0,0,0,True,もしかして……,euc_jp
5230740,147849364,0,.rodata,14,15,1,True,T3,0,0,0,True,一緒にやろうよ,euc_jp
5230756,147849380,0,.rodata,16,19,3,True,T3,0,0,0,True,その紅茶の効用は,euc_jp
5230776,147849400,0,.rodata,12,15,3,True,T3,0,0,0,True,春みたいです,euc_jp
5230792,147849416,0,.rodata,14,15,1,True,T3,0,0,0,True,究極の戦術理論,euc_jp
5230808,147849432,0,.rodata,22,23,1,True,T3,0,0,0,True,究極の戦術理論・その２,euc_jp
5230832,147849456,0,.rodata,12,15,3,True,T3,0,0,0,True,皆で行こうよ,euc_jp
5230848,147849472,0,.rodata,10,11,1,True,T3,0,0,0,True,薔薇の剣士,euc_jp
5230860,147849484,0,.rodata,14,15,1,True,T3,0,0,0,True,まさかの再会？,euc_jp
5230892,147849516,0,.rodata,14,15,1,True,T3,0,0,0,True,広い、この世界,euc_jp
5230908,147849532,0,.rodata,22,23,1,True,T3,0,0,0,True,気楽に呼んでくれたまえ,euc_jp
5230932,147849556,0,.rodata,10,11,1,True,T3,0,0,0,True,賢王の貫禄,euc_jp
5230944,147849568,0,.rodata,18,19,1,True,T3,0,0,0,True,王位を継ぐという事,euc_jp
5230964,147849588,0,.rodata,8,11,3,True,T3,0,0,0,True,皆でご飯,euc_jp
5230976,147849600,0,.rodata,18,19,1,True,T3,0,0,0,True,本当に、気のせい？,euc_jp
5230996,147849620,0,.rodata,10,11,1,True,T3,0,0,0,True,大人なのに,euc_jp
5231008,147849632,0,.rodata,26,27,1,True,T3,0,0,0,True,心理テスト！・チェルシー編,euc_jp
5231036,147849660,0,.rodata,12,15,3,True,T3,0,0,0,True,聞いてみる？,euc_jp
5231052,147849676,0,.rodata,12,15,3,True,T3,0,0,0,True,天使コレット,euc_jp
5231068,147849692,0,.rodata,18,19,1,True,T3,0,0,0,True,チェルシーの色眼鏡,euc_jp
5231088,147849712,0,.rodata,14,15,1,True,T3,0,0,0,True,仲の良い二人？,euc_jp
5231104,147849728,0,.rodata,20,23,3,True,T3,0,0,0,True,そんなに変わりません,euc_jp
5231128,147849752,0,.rodata,10,11,1,True,T3,0,0,0,True,特別に伝授,euc_jp
5231140,147849764,0,.rodata,8,11,3,True,T3,0,0,0,True,出所は？,euc_jp
5231152,147849776,0,.rodata,16,19,3,True,T3,0,0,0,True,それくらい楽しみ,euc_jp
5231172,147849796,0,.rodata,16,19,3,True,T3,0,0,0,True,強いぞコングマン,euc_jp
5231192,147849816,0,.rodata,10,11,1,True,T3,0,0,0,True,俺様の天使,euc_jp
5231204,147849828,0,.rodata,20,23,3,True,T3,0,0,0,True,どうして、その髪型？,euc_jp
5231228,147849852,0,.rodata,20,23,3,True,T3,0,0,0,True,その格好、どうなの？,euc_jp
5231252,147849876,0,.rodata,12,15,3,True,T3,0,0,0,True,そういう体質,euc_jp
5231268,147849892,0,.rodata,16,19,3,True,T3,0,0,0,True,さすが、ロックス,euc_jp
5231288,147849912,0,.rodata,12,15,3,True,T3,0,0,0,True,最強お玉列伝,euc_jp
5231304,147849928,0,.rodata,20,23,3,True,T3,0,0,0,True,最強お玉列伝・その２,euc_jp
5231328,147849952,0,.rodata,20,23,3,True,T3,0,0,0,True,最強お玉列伝・その３,euc_jp
5231352,147849976,0,.rodata,10,11,1,True,T3,0,0,0,True,兄のために,euc_jp
5231364,147849988,0,.rodata,10,11,1,True,T3,0,0,0,True,初顔合わせ,euc_jp
5231376,147850000,0,.rodata,16,19,3,True,T3,0,0,0,True,皆の元気の拠り所,euc_jp
5231396,147850020,0,.rodata,8,11,3,True,T3,0,0,0,True,妹の苦労,euc_jp
5231408,147850032,0,.rodata,8,11,3,True,T3,0,0,0,True,同じ思考,euc_jp
5231420,147850044,0,.rodata,16,19,3,True,T3,0,0,0,True,彼女は××料理人,euc_jp
5231440,147850064,0,.rodata,22,23,1,True,T3,0,0,0,True,心理テスト！・カイル編,euc_jp
5231464,147850088,0,.rodata,10,11,1,True,T3,0,0,0,True,がびょ〜ん,euc_jp
5231476,147850100,0,.rodata,18,19,1,True,T3,0,0,0,True,ラザリスは悪い奴？,euc_jp
5231496,147850120,0,.rodata,12,15,3,True,T3,0,0,0,True,カイルの兄弟,euc_jp
5231512,147850136,0,.rodata,24,27,3,True,T3,0,0,0,True,アスベルの父さん・その２,euc_jp
5231540,147850164,0,.rodata,24,27,3,True,T3,0,0,0,True,アスベルの父さん・その３,euc_jp
5231568,147850192,0,.rodata,14,15,1,True,T3,0,0,0,True,「デュナミス」,euc_jp
5231584,147850208,0,.rodata,12,15,3,True,T3,0,0,0,True,みんなの幸せ,euc_jp
5231600,147850224,0,.rodata,22,23,1,True,T3,0,0,0,True,心理テスト！・リアラ編,euc_jp
5231624,147850248,0,.rodata,14,15,1,True,T3,0,0,0,True,めらんこりっく,euc_jp
5231640,147850264,0,.rodata,12,15,3,True,T3,0,0,0,True,アニスとお金,euc_jp
5231656,147850280,0,.rodata,20,23,3,True,T3,0,0,0,True,ふわふわしていて……,euc_jp
5231680,147850304,0,.rodata,20,23,3,True,T3,0,0,0,True,誰のお手柄？（欠番）,euc_jp
5231704,147850328,0,.rodata,12,15,3,True,T3,0,0,0,True,誰のお手柄？,euc_jp
5231720,147850344,0,.rodata,10,11,1,True,T3,0,0,0,True,見知らぬ声,euc_jp
5231732,147850356,0,.rodata,10,11,1,True,T3,0,0,0,True,衝撃の事実,euc_jp
5231744,147850368,0,.rodata,18,19,1,True,T3,0,0,0,True,衝撃の事実・その後,euc_jp
5231776,147850400,0,.rodata,18,19,1,True,T3,0,0,0,True,似てるけど……違う,euc_jp
5231796,147850420,0,.rodata,12,15,3,True,T3,0,0,0,True,呼び方の意味,euc_jp
5231812,147850436,0,.rodata,10,11,1,True,T3,0,0,0,True,噂の真相？,euc_jp
5231824,147850448,0,.rodata,10,11,1,True,T3,0,0,0,True,悩めるロニ,euc_jp
5231836,147850460,0,.rodata,20,23,3,True,T3,0,0,0,True,「リオン・マグナス」,euc_jp
5231860,147850484,0,.rodata,12,15,3,True,T3,0,0,0,True,納得できない,euc_jp
5231876,147850500,0,.rodata,18,19,1,True,T3,0,0,0,True,ジューダスの気苦労,euc_jp
5231896,147850520,0,.rodata,12,15,3,True,T3,0,0,0,True,余計に暑そう,euc_jp
5231912,147850536,0,.rodata,16,19,3,True,T3,0,0,0,True,二人揃うと……？,euc_jp
5231932,147850556,0,.rodata,8,11,3,True,T3,0,0,0,True,腕を磨く,euc_jp
5231944,147850568,0,.rodata,14,15,1,True,T3,0,0,0,True,カイルの気遣い,euc_jp
5231960,147850584,0,.rodata,20,23,3,True,T3,0,0,0,True,見覚えのある、後ろ姿,euc_jp
5231984,147850608,0,.rodata,24,27,3,True,T3,0,0,0,True,あの頃のこと、覚えてる？,euc_jp
5232012,147850636,0,.rodata,12,15,3,True,T3,0,0,0,True,家族みたいだ,euc_jp
5232028,147850652,0,.rodata,20,23,3,True,T3,0,0,0,True,家族みたいだ・その２,euc_jp
5232052,147850676,0,.rodata,18,19,1,True,T3,0,0,0,True,ナナリーは料理上手,euc_jp
5232072,147850696,0,.rodata,10,11,1,True,T3,0,0,0,True,思わぬ被害,euc_jp
5232084,147850708,0,.rodata,16,19,3,True,T3,0,0,0,True,おかしなナナリー,euc_jp
5232104,147850728,0,.rodata,20,23,3,True,T3,0,0,0,True,しっかり者のナナリー,euc_jp
5232128,147850752,0,.rodata,14,15,1,True,T3,0,0,0,True,ナナリーの家族,euc_jp
5232144,147850768,0,.rodata,22,23,1,True,T3,0,0,0,True,お互い様なんじゃない？,euc_jp
5232168,147850792,0,.rodata,20,23,3,True,T3,0,0,0,True,ヒトを元気にする方法,euc_jp
5232192,147850816,0,.rodata,10,11,1,True,T3,0,0,0,True,大切な勉強,euc_jp
5232204,147850828,0,.rodata,20,23,3,True,T3,0,0,0,True,ハロルド博士の新発明,euc_jp
5232228,147850852,0,.rodata,14,15,1,True,T3,0,0,0,True,ハロルドの性分,euc_jp
5232244,147850868,0,.rodata,14,15,1,True,T3,0,0,0,True,世界樹のこころ,euc_jp
5232260,147850884,0,.rodata,22,23,1,True,T3,0,0,0,True,ヒミツの薬の効能は……,euc_jp
5232284,147850908,0,.rodata,16,19,3,True,T3,0,0,0,True,還ってきたエミル,euc_jp
5232304,147850928,0,.rodata,16,19,3,True,T3,0,0,0,True,場所をわきまえて,euc_jp
5232324,147850948,0,.rodata,22,23,1,True,T3,0,0,0,True,究極の戦術理論・その５,euc_jp
5232348,147850972,0,.rodata,16,19,3,True,T3,0,0,0,True,とばっちりリッド,euc_jp
5232368,147850992,0,.rodata,14,15,1,True,T3,0,0,0,True,マオの怖〜い話,euc_jp
5232384,147851008,0,.rodata,20,23,3,True,T3,0,0,0,True,それっておいしいの？,euc_jp
5232408,147851032,0,.rodata,20,23,3,True,T3,0,0,0,True,デカオタが生まれた日,euc_jp
5232432,147851056,0,.rodata,12,15,3,True,T3,0,0,0,True,子どもと大人,euc_jp
5232448,147851072,0,.rodata,14,15,1,True,T3,0,0,0,True,授業は真面目に,euc_jp
5232464,147851088,0,.rodata,10,11,1,True,T3,0,0,0,True,同業者たち,euc_jp
5232476,147851100,0,.rodata,18,19,1,True,T3,0,0,0,True,剣と資質と、信条と,euc_jp
5232496,147851120,0,.rodata,20,23,3,True,T3,0,0,0,True,昨日の夜、お風呂場で,euc_jp
5232520,147851144,0,.rodata,10,11,1,True,T3,0,0,0,True,喧嘩はダメ,euc_jp
5232532,147851156,0,.rodata,16,19,3,True,T3,0,0,0,True,ファラはすごいね,euc_jp
5232552,147851176,0,.rodata,16,19,3,True,T3,0,0,0,True,死を覚悟するとき,euc_jp
5232572,147851196,0,.rodata,24,27,3,True,T3,0,0,0,True,そういう事情があるんです,euc_jp
5232600,147851224,0,.rodata,16,19,3,True,T3,0,0,0,True,ファラの自信作！,euc_jp
5232632,147851256,0,.rodata,20,23,3,True,T3,0,0,0,True,キールの青空補習教室,euc_jp
5232656,147851280,0,.rodata,28,31,3,True,T3,0,0,0,True,キールの青空補習教室・その２,euc_jp
5232688,147851312,0,.rodata,14,15,1,True,T3,0,0,0,True,疲れているんだ,euc_jp
5232704,147851328,0,.rodata,14,15,1,True,T3,0,0,0,True,苦労してるんだ,euc_jp
5232720,147851344,0,.rodata,20,23,3,True,T3,0,0,0,True,食べ物は大事にしよう,euc_jp
5232744,147851368,0,.rodata,20,23,3,True,T3,0,0,0,True,世界樹が事知りたいよ,euc_jp
5232768,147851392,0,.rodata,20,23,3,True,T3,0,0,0,True,キールに足りないもの,euc_jp
5232792,147851416,0,.rodata,12,15,3,True,T3,0,0,0,True,不可視の真実,euc_jp
5232808,147851432,0,.rodata,12,15,3,True,T3,0,0,0,True,メルディの家,euc_jp
5232824,147851448,0,.rodata,18,19,1,True,T3,0,0,0,True,ティトレイ兄ちゃん,euc_jp
5232844,147851468,0,.rodata,14,15,1,True,T3,0,0,0,True,すずの怖〜い話,euc_jp
5232860,147851484,0,.rodata,8,11,3,True,T3,0,0,0,True,罰ゲーム,euc_jp
5232872,147851496,0,.rodata,24,27,3,True,T3,0,0,0,True,心理テスト！・メルディ編,euc_jp
5232900,147851524,0,.rodata,22,23,1,True,T3,0,0,0,True,心理テスト！・キール編,euc_jp
5232924,147851548,0,.rodata,20,23,3,True,T3,0,0,0,True,変わらずに、残るもの,euc_jp
5232948,147851572,0,.rodata,20,23,3,True,T3,0,0,0,True,ポッポ、通訳を頑張る,euc_jp
5232972,147851596,0,.rodata,18,19,1,True,T3,0,0,0,True,アニマルタイフーン,euc_jp
5232992,147851616,0,.rodata,22,23,1,True,T3,0,0,0,True,ボクのバンエルティア号,euc_jp
5233016,147851640,0,.rodata,18,19,1,True,T3,0,0,0,True,またこのパターン？,euc_jp
5233036,147851660,0,.rodata,10,11,1,True,T3,0,0,0,True,非常だから,euc_jp
5233048,147851672,0,.rodata,22,23,1,True,T3,0,0,0,True,仲間が増えた！・その２,euc_jp
5233072,147851696,0,.rodata,18,19,1,True,T3,0,0,0,True,誰が一番、えらい？,euc_jp
5233092,147851716,0,.rodata,24,27,3,True,T3,0,0,0,True,そこまで、嫌いなんです！,euc_jp
5233120,147851744,0,.rodata,20,23,3,True,T3,0,0,0,True,わかっているけど……,euc_jp
5233144,147851768,0,.rodata,28,31,3,True,T3,0,0,0,True,わかっているけど……・その２,euc_jp
5233176,147851800,0,.rodata,28,31,3,True,T3,0,0,0,True,わかっているけど……・その３,euc_jp
5233208,147851832,0,.rodata,10,11,1,True,T3,0,0,0,True,我慢の限界,euc_jp
5233220,147851844,0,.rodata,6,7,1,True,T3,0,0,0,True,氷の女,euc_jp
5233228,147851852,0,.rodata,8,11,3,True,T3,0,0,0,True,氷の男女,euc_jp
5233240,147851864,0,.rodata,18,19,1,True,T3,0,0,0,True,だから忠告したのに,euc_jp
5233260,147851884,0,.rodata,10,11,1,True,T3,0,0,0,True,精霊の感傷,euc_jp
5233272,147851896,0,.rodata,20,23,3,True,T3,0,0,0,True,まんざらでもない…？,euc_jp
5233296,147851920,0,.rodata,10,11,1,True,T3,0,0,0,True,美しき友愛,euc_jp
5233308,147851932,0,.rodata,20,23,3,True,T3,0,0,0,True,剣の手合わせ・その２,euc_jp
5233344,147851968,0,.rodata,16,19,3,True,T3,0,0,0,True,ロイド、興奮する,euc_jp
5233364,147851988,0,.rodata,12,15,3,True,T3,0,0,0,True,よろしく頼む,euc_jp
5233380,147852004,0,.rodata,22,23,1,True,T3,0,0,0,True,究極の戦術理論・その４,euc_jp
5233404,147852028,0,.rodata,12,15,3,True,T3,0,0,0,True,どっちなの？,euc_jp
5233420,147852044,0,.rodata,16,19,3,True,T3,0,0,0,True,カノンノは特別？,euc_jp
5233440,147852064,0,.rodata,18,19,1,True,T3,0,0,0,True,クラトスの真意は？,euc_jp
5233460,147852084,0,.rodata,30,31,1,True,T3,0,0,0,True,シャボン娘に聞いてみた・その２,euc_jp
5233492,147852116,0,.rodata,30,31,1,True,T3,0,0,0,True,シャボン娘に聞いてみた・その３,euc_jp
5233524,147852148,0,.rodata,12,15,3,True,T3,0,0,0,True,便利な羽です,euc_jp
5233540,147852164,0,.rodata,14,15,1,True,T3,0,0,0,True,お手伝いするね,euc_jp
5233556,147852180,0,.rodata,20,23,3,True,T3,0,0,0,True,天使の宿業を背負う者,euc_jp
5233580,147852204,0,.rodata,6,7,1,True,T3,0,0,0,True,片思い,euc_jp
5233588,147852212,0,.rodata,10,11,1,True,T3,0,0,0,True,よろしくね,euc_jp
5233600,147852224,0,.rodata,14,15,1,True,T3,0,0,0,True,幽霊を見たぞ！,euc_jp
5233616,147852240,0,.rodata,12,15,3,True,T3,0,0,0,True,ずっと一緒に,euc_jp
5233632,147852256,0,.rodata,16,19,3,True,T3,0,0,0,True,ジーニアスの心配,euc_jp
5233652,147852276,0,.rodata,12,15,3,True,T3,0,0,0,True,「リカンツ」,euc_jp
5233668,147852292,0,.rodata,22,23,1,True,T3,0,0,0,True,何も知らなくて、ごめん,euc_jp
5233692,147852316,0,.rodata,18,19,1,True,T3,0,0,0,True,言葉に込めた気持ち,euc_jp
5233712,147852336,0,.rodata,26,27,1,True,T3,0,0,0,True,それが子どもだっていうんだ,euc_jp
5233740,147852364,0,.rodata,18,19,1,True,T3,0,0,0,True,わかってもらえた？,euc_jp
5233760,147852384,0,.rodata,14,15,1,True,T3,0,0,0,True,誰でもやるよね,euc_jp
5233776,147852400,0,.rodata,22,23,1,True,T3,0,0,0,True,誰でもやるよね・その２,euc_jp
5233800,147852424,0,.rodata,10,11,1,True,T3,0,0,0,True,永遠の時間,euc_jp
5233812,147852436,0,.rodata,26,27,1,True,T3,0,0,0,True,再利用はいいこと？・その２,euc_jp
5233840,147852464,0,.rodata,16,19,3,True,T3,0,0,0,True,教師に必要な資質,euc_jp
5233860,147852484,0,.rodata,14,15,1,True,T3,0,0,0,True,教えてクラトス,euc_jp
5233876,147852500,0,.rodata,10,11,1,True,T3,0,0,0,True,話を聞いて,euc_jp
5233888,147852512,0,.rodata,14,15,1,True,T3,0,0,0,True,クラトスの願い,euc_jp
5233916,147852540,0,.rodata,6,7,1,True,T3,0,0,0,True,我が道,euc_jp
5233924,147852548,0,.rodata,24,27,3,True,T3,0,0,0,True,おめでとう、１０００体！,euc_jp
5233952,147852576,0,.rodata,24,27,3,True,T3,0,0,0,True,「不安」が引き寄せるもの,euc_jp
5233980,147852604,0,.rodata,16,19,3,True,T3,0,0,0,True,善悪を定めるもの,euc_jp
5234000,147852624,0,.rodata,10,11,1,True,T3,0,0,0,True,戦士の倦怠,euc_jp
5234012,147852636,0,.rodata,10,11,1,True,T3,0,0,0,True,扉の仕掛け,euc_jp
5234024,147852648,0,.rodata,10,11,1,True,T3,0,0,0,True,宝物の日々,euc_jp
5234036,147852660,0,.rodata,16,19,3,True,T3,0,0,0,True,カイルにそっくり,euc_jp
5234056,147852680,0,.rodata,14,15,1,True,T3,0,0,0,True,思えば随分……,euc_jp
5234072,147852696,0,.rodata,22,23,1,True,T3,0,0,0,True,メロンな悩み事（欠番）,euc_jp
5234096,147852720,0,.rodata,14,15,1,True,T3,0,0,0,True,メロンな悩み事,euc_jp
5234112,147852736,0,.rodata,10,11,1,True,T3,0,0,0,True,同じにおい,euc_jp
5234124,147852748,0,.rodata,22,23,1,True,T3,0,0,0,True,会いたかったよハニー∀,euc_jp
5234148,147852772,0,.rodata,8,11,3,True,T3,0,0,0,True,セクハラ,euc_jp
5234160,147852784,0,.rodata,8,11,3,True,T3,0,0,0,True,やきもち,euc_jp
5234172,147852796,0,.rodata,20,23,3,True,T3,0,0,0,True,おかしいでしょーが！,euc_jp
5234196,147852820,0,.rodata,12,15,3,True,T3,0,0,0,True,あの子にお熱,euc_jp
5234212,147852836,0,.rodata,12,15,3,True,T3,0,0,0,True,忍者の生き方,euc_jp
5234228,147852852,0,.rodata,24,27,3,True,T3,0,0,0,True,これぞ男の、ロマンだ！！,euc_jp
5234256,147852880,0,.rodata,12,15,3,True,T3,0,0,0,True,密着してます,euc_jp
5234272,147852896,0,.rodata,10,11,1,True,T3,0,0,0,True,静かですね,euc_jp
5234284,147852908,0,.rodata,24,27,3,True,T3,0,0,0,True,「肉球友の会」会長、出陣,euc_jp
5234312,147852936,0,.rodata,16,19,3,True,T3,0,0,0,True,静かなる掃除当番,euc_jp
5234332,147852956,0,.rodata,10,11,1,True,T3,0,0,0,True,お守りの力,euc_jp
5234344,147852968,0,.rodata,18,19,1,True,T3,0,0,0,True,お守り、持ってる？,euc_jp
5234364,147852988,0,.rodata,18,19,1,True,T3,0,0,0,True,防犯意識を高めよう,euc_jp
5234384,147853008,0,.rodata,16,19,3,True,T3,0,0,0,True,おばさんっぽい？,euc_jp
5234404,147853028,0,.rodata,24,27,3,True,T3,0,0,0,True,いつでも来て欲しいキュ！,euc_jp
5234432,147853056,0,.rodata,8,11,3,True,T3,0,0,0,True,羨ましい,euc_jp
5234444,147853068,0,.rodata,26,27,1,True,T3,0,0,0,True,犯罪者ロイド・アーヴィング,euc_jp
5234472,147853096,0,.rodata,16,19,3,True,T3,0,0,0,True,羨ましい・その２,euc_jp
5234492,147853116,0,.rodata,14,15,1,True,T3,0,0,0,True,雪の日のお約束,euc_jp
5234508,147853132,0,.rodata,8,11,3,True,T3,0,0,0,True,間が悪い,euc_jp
5234520,147853144,0,.rodata,12,15,3,True,T3,0,0,0,True,襲い来る悪夢,euc_jp
5234536,147853160,0,.rodata,20,23,3,True,T3,0,0,0,True,襲い来る悪夢・その２,euc_jp
5234560,147853184,0,.rodata,16,19,3,True,T3,0,0,0,True,信頼を得るために,euc_jp
5234580,147853204,0,.rodata,16,19,3,True,T3,0,0,0,True,おかしなエミル？,euc_jp
5234600,147853224,0,.rodata,10,11,1,True,T3,0,0,0,True,横暴エミル,euc_jp
5234612,147853236,0,.rodata,12,15,3,True,T3,0,0,0,True,調子狂うなぁ,euc_jp
5234628,147853252,0,.rodata,10,11,1,True,T3,0,0,0,True,複雑な関係,euc_jp
5234640,147853264,0,.rodata,20,23,3,True,T3,0,0,0,True,ああっ、メガネ様っ！,euc_jp
5234664,147853288,0,.rodata,18,19,1,True,T3,0,0,0,True,ほんとはキミと……,euc_jp
5234684,147853308,0,.rodata,18,19,1,True,T3,0,0,0,True,愛、届いていますか,euc_jp
5234704,147853328,0,.rodata,12,15,3,True,T3,0,0,0,True,ヒミツの特訓,euc_jp
5234720,147853344,0,.rodata,14,15,1,True,T3,0,0,0,True,ヒミツのお願い,euc_jp
5234736,147853360,0,.rodata,6,7,1,True,T3,0,0,0,True,痛っ！,euc_jp
5234744,147853368,0,.rodata,26,27,1,True,T3,0,0,0,True,大切なものを失ったかも……,euc_jp
5234772,147853396,0,.rodata,26,27,1,True,T3,0,0,0,True,初めまして！　……なのに？,euc_jp
5234800,147853424,0,.rodata,14,15,1,True,T3,0,0,0,True,違いの分かる男,euc_jp
5234816,147853440,0,.rodata,12,15,3,True,T3,0,0,0,True,一緒にパイを,euc_jp
5234848,147853472,0,.rodata,14,15,1,True,T3,0,0,0,True,デリケートな男,euc_jp
5234864,147853488,0,.rodata,8,11,3,True,T3,0,0,0,True,世の真理,euc_jp
5234876,147853500,0,.rodata,18,19,1,True,T3,0,0,0,True,リヒターの生い立ち,euc_jp
5234896,147853520,0,.rodata,12,15,3,True,T3,0,0,0,True,想像できない,euc_jp
5234912,147853536,0,.rodata,14,15,1,True,T3,0,0,0,True,マーボーの受難,euc_jp
5234928,147853552,0,.rodata,14,15,1,True,T3,0,0,0,True,違うということ,euc_jp
5234944,147853568,0,.rodata,16,19,3,True,T3,0,0,0,True,ヴェイグのお守り,euc_jp
5234964,147853588,0,.rodata,12,15,3,True,T3,0,0,0,True,隅に置けない,euc_jp
5234980,147853604,0,.rodata,18,19,1,True,T3,0,0,0,True,大剣使いである葛藤,euc_jp
5235000,147853624,0,.rodata,22,23,1,True,T3,0,0,0,True,これくらい、何でもない,euc_jp
5235024,147853648,0,.rodata,14,15,1,True,T3,0,0,0,True,熱心なロックス,euc_jp
5235040,147853664,0,.rodata,14,15,1,True,T3,0,0,0,True,ヴェイグの仲間,euc_jp
5235056,147853680,0,.rodata,22,23,1,True,T3,0,0,0,True,仲間が増えた！・その３,euc_jp
5235080,147853704,0,.rodata,22,23,1,True,T3,0,0,0,True,戦うことはできなくても,euc_jp
5235104,147853728,0,.rodata,12,15,3,True,T3,0,0,0,True,歴戦の猛者達,euc_jp
5235120,147853744,0,.rodata,20,23,3,True,T3,0,0,0,True,しょっぱいのと甘いの,euc_jp
5235144,147853768,0,.rodata,12,15,3,True,T3,0,0,0,True,よく見る二人,euc_jp
5235160,147853784,0,.rodata,24,27,3,True,T3,0,0,0,True,教えて、恋の話・クレア編,euc_jp
5235188,147853812,0,.rodata,10,11,1,True,T3,0,0,0,True,涙を拭いて,euc_jp
5235200,147853824,0,.rodata,16,19,3,True,T3,0,0,0,True,異端視される種族,euc_jp
5235220,147853844,0,.rodata,24,27,3,True,T3,0,0,0,True,目指せ、豪華献立への道！,euc_jp
5235248,147853872,0,.rodata,10,11,1,True,T3,0,0,0,True,クレアの道,euc_jp
5235260,147853884,0,.rodata,10,11,1,True,T3,0,0,0,True,便利なモノ,euc_jp
5235272,147853896,0,.rodata,16,19,3,True,T3,0,0,0,True,ユージーン先生！,euc_jp
5235292,147853916,0,.rodata,22,23,1,True,T3,0,0,0,True,その組み合わせって……,euc_jp
5235316,147853940,0,.rodata,12,15,3,True,T3,0,0,0,True,認め合う二人,euc_jp
5235332,147853956,0,.rodata,22,23,1,True,T3,0,0,0,True,ユージーンの身だしなみ,euc_jp
5235356,147853980,0,.rodata,16,19,3,True,T3,0,0,0,True,その独創性ゆえに,euc_jp
5235376,147854000,0,.rodata,10,11,1,True,T3,0,0,0,True,新しい教師,euc_jp
5235388,147854012,0,.rodata,8,11,3,True,T3,0,0,0,True,お互い様,euc_jp
5235400,147854024,0,.rodata,26,27,1,True,T3,0,0,0,True,心理テスト！・ユージーン編,euc_jp
5235428,147854052,0,.rodata,22,23,1,True,T3,0,0,0,True,アドリビトムの歌だヨ！,euc_jp
5235452,147854076,0,.rodata,16,19,3,True,T3,0,0,0,True,マオのラブソング,euc_jp
5235472,147854096,0,.rodata,32,35,3,True,T3,0,0,0,True,大事なものと、大事にしたい気持ち,euc_jp
5235508,147854132,0,.rodata,24,27,3,True,T3,0,0,0,True,思い出さなきゃ……ダメ？,euc_jp
5235536,147854160,0,.rodata,12,15,3,True,T3,0,0,0,True,ボク達の両親,euc_jp
5235552,147854176,0,.rodata,14,15,1,True,T3,0,0,0,True,マオのお父さん,euc_jp
5235568,147854192,0,.rodata,22,23,1,True,T3,0,0,0,True,すごいよユージーンさん,euc_jp
5235592,147854216,0,.rodata,18,19,1,True,T3,0,0,0,True,好みの女性のタイプ,euc_jp
5235612,147854236,0,.rodata,18,19,1,True,T3,0,0,0,True,念のために教えるヨ,euc_jp
5235632,147854256,0,.rodata,16,19,3,True,T3,0,0,0,True,暑いのへっちゃら,euc_jp
5235652,147854276,0,.rodata,14,15,1,True,T3,0,0,0,True,騙されやすい？,euc_jp
5235668,147854292,0,.rodata,16,19,3,True,T3,0,0,0,True,分かり合うために,euc_jp
5235688,147854312,0,.rodata,12,15,3,True,T3,0,0,0,True,悲しみの理由,euc_jp
5235704,147854328,0,.rodata,16,19,3,True,T3,0,0,0,True,美女談議・その２,euc_jp
5235724,147854348,0,.rodata,20,23,3,True,T3,0,0,1,False,育ちの良いティトレイ,euc_jp
5235748,147854372,0,.rodata,30,31,1,True,T3,0,0,0,True,バンエルティア号は、星いくつ？,euc_jp
5235780,147854404,0,.rodata,10,11,1,True,T3,0,0,0,True,不思議な力,euc_jp
5235792,147854416,0,.rodata,16,19,3,True,T3,0,0,0,True,エコロジストな男,euc_jp
5235812,147854436,0,.rodata,12,15,3,True,T3,0,0,0,True,気の合う仲間,euc_jp
5235828,147854452,0,.rodata,22,23,1,True,T3,0,0,0,True,ティトレイの素朴な疑問,euc_jp
5235864,147854488,0,.rodata,14,15,1,True,T3,0,0,0,True,勉強会をしよう,euc_jp
5235880,147854504,0,.rodata,16,19,3,True,T3,0,0,0,True,アニーの気がかり,euc_jp
5235900,147854524,0,.rodata,16,19,3,True,T3,0,0,0,True,アニーのタロット,euc_jp
5235920,147854544,0,.rodata,12,15,3,True,T3,0,0,0,True,思い出の言葉,euc_jp
5235936,147854560,0,.rodata,16,19,3,True,T3,0,0,0,True,医者を目指す理由,euc_jp
5235956,147854580,0,.rodata,12,15,3,True,T3,0,0,0,True,ヒミツの日記,euc_jp
5235972,147854596,0,.rodata,24,27,3,True,T3,0,0,0,True,油断も隙もないったら……,euc_jp
5236000,147854624,0,.rodata,24,27,3,True,T3,0,0,0,True,絶対、参加しませんから！,euc_jp
5236028,147854652,0,.rodata,14,15,1,True,T3,0,0,0,True,日記の中の呟き,euc_jp
5236044,147854668,0,.rodata,20,23,3,True,T3,0,0,0,True,武器について思うこと,euc_jp
5236068,147854692,0,.rodata,10,11,1,True,T3,0,0,0,True,ティアの歌,euc_jp
5236080,147854704,0,.rodata,14,15,1,True,T3,0,0,0,True,素直じゃないね,euc_jp
5236120,147854744,0,.rodata,14,15,1,True,T3,0,0,0,True,セネルの模様？,euc_jp
5236136,147854760,0,.rodata,10,11,1,True,T3,0,0,0,True,セネル捕獲,euc_jp
5236148,147854772,0,.rodata,14,15,1,True,T3,0,0,0,True,セネルにお願い,euc_jp
5236164,147854788,0,.rodata,14,15,1,True,T3,0,0,0,True,無理しないでね,euc_jp
5236180,147854804,0,.rodata,14,15,1,True,T3,0,0,0,True,どこから年配？,euc_jp
5236196,147854820,0,.rodata,18,19,1,True,T3,0,0,0,True,うっかり見ちゃった,euc_jp
5236216,147854840,0,.rodata,10,11,1,True,T3,0,0,0,True,セネル失踪,euc_jp
5236228,147854852,0,.rodata,14,15,1,True,T3,0,0,0,True,ロックスの好み,euc_jp
5236244,147854868,0,.rodata,22,23,1,True,T3,0,0,0,True,ロックスの好み・その２,euc_jp
5236268,147854892,0,.rodata,14,15,1,True,T3,0,0,0,True,泳ぎ上手の事情,euc_jp
5236284,147854908,0,.rodata,12,15,3,True,T3,0,0,1,False,これからは…,euc_jp
5236300,147854924,0,.rodata,28,31,3,True,T3,0,0,0,True,だって、もったいないんだもん,euc_jp
5236332,147854956,0,.rodata,16,19,3,True,T3,0,0,0,True,行き過ぎた好奇心,euc_jp
5236352,147854976,0,.rodata,20,23,3,True,T3,0,0,0,True,すごいぞ、８００体！,euc_jp
5236376,147855000,0,.rodata,20,23,3,True,T3,0,0,0,True,アレにかかったのかも,euc_jp
5236400,147855024,0,.rodata,10,11,1,True,T3,0,0,0,True,他人の評価,euc_jp
5236412,147855036,0,.rodata,20,23,3,True,T3,0,0,0,True,ジェイってどんな人？,euc_jp
5236436,147855060,0,.rodata,18,19,1,True,T3,0,0,0,True,教えるのって難しい,euc_jp
5236456,147855080,0,.rodata,10,11,1,True,T3,0,0,0,True,流行のアレ,euc_jp
5236468,147855092,0,.rodata,18,19,1,True,T3,0,0,0,True,怖くない怖くない…,euc_jp
5236488,147855112,0,.rodata,18,19,1,True,T3,0,0,0,True,すぺしゃる・その２,euc_jp
5236508,147855132,0,.rodata,12,15,3,True,T3,0,0,0,True,騎士の武勇伝,euc_jp
5236524,147855148,0,.rodata,10,11,1,True,T3,0,0,0,True,様々な解釈,euc_jp
5236536,147855160,0,.rodata,14,15,1,True,T3,0,0,0,True,女性騎士クロエ,euc_jp
5236552,147855176,0,.rodata,10,11,1,True,T3,0,0,0,True,剣の太刀筋,euc_jp
5236564,147855188,0,.rodata,24,27,3,True,T3,0,0,0,True,教えて、恋の話・クロエ編,euc_jp
5236592,147855216,0,.rodata,12,15,3,True,T3,0,0,0,True,恥じらう乙女,euc_jp
5236608,147855232,0,.rodata,18,19,1,True,T3,0,0,0,True,そうだ、海へ行こう,euc_jp
5236628,147855252,0,.rodata,8,11,3,True,T3,0,0,0,True,騎士の鑑,euc_jp
5236640,147855264,0,.rodata,10,11,1,True,T3,0,0,0,True,それ禁止！,euc_jp
5236652,147855276,0,.rodata,14,15,1,True,T3,0,0,0,True,お久しぶりです,euc_jp
5236668,147855292,0,.rodata,14,15,1,True,T3,0,0,0,True,大人気ロックス,euc_jp
5236684,147855308,0,.rodata,12,15,3,True,T3,0,0,0,True,どのへんが？,euc_jp
5236700,147855324,0,.rodata,14,15,1,True,T3,0,0,0,True,重ねて見ちゃう,euc_jp
5236716,147855340,0,.rodata,22,23,1,True,T3,0,0,0,True,シャボン娘に聞いてみた,euc_jp
5236740,147855364,0,.rodata,16,19,3,True,T3,0,0,0,True,どこが似ている？,euc_jp
5236760,147855384,0,.rodata,12,15,3,True,T3,0,0,0,True,只者ではない,euc_jp
5236776,147855400,0,.rodata,12,15,3,True,T3,0,0,0,True,子どもが多い,euc_jp
5236792,147855416,0,.rodata,14,15,1,True,T3,0,0,0,True,あってるキュ？,euc_jp
5236808,147855432,0,.rodata,12,15,3,True,T3,0,0,0,True,小さい、仲間,euc_jp
5236824,147855448,0,.rodata,18,19,1,True,T3,0,0,0,True,もう一つの「忍び」,euc_jp
5236844,147855468,0,.rodata,10,11,1,True,T3,0,0,0,True,思い出の鈴,euc_jp
5236856,147855480,0,.rodata,10,11,1,True,T3,0,0,0,True,美白の秘訣,euc_jp
5236868,147855492,0,.rodata,18,19,1,True,T3,0,0,0,True,美白の秘訣・その２,euc_jp
5236888,147855512,0,.rodata,14,15,1,True,T3,0,0,0,True,その喋り方……,euc_jp
5236904,147855528,0,.rodata,14,15,1,True,T3,0,0,0,True,勝利のダンス！,euc_jp
5236920,147855544,0,.rodata,12,15,3,True,T3,0,0,0,True,ルークの日課,euc_jp
5236936,147855560,0,.rodata,16,19,3,True,T3,0,0,0,True,モヤモヤすること,euc_jp
5236956,147855580,0,.rodata,12,15,3,True,T3,0,0,0,True,意外な一面？,euc_jp
5236972,147855596,0,.rodata,12,15,3,True,T3,0,0,0,True,ルークの日記,euc_jp
5236988,147855612,0,.rodata,14,15,1,True,T3,0,0,0,True,ルークとの再会,euc_jp
5237004,147855628,0,.rodata,16,19,3,True,T3,0,0,0,True,食べられない！？,euc_jp
5237024,147855648,0,.rodata,18,19,1,True,T3,0,0,0,True,執事ロックスの苦悩,euc_jp
5237044,147855668,0,.rodata,28,31,3,True,T3,0,0,0,True,（欠番）判別不可能？・その２,euc_jp
5237076,147855700,0,.rodata,18,19,1,True,T3,0,0,0,True,カノンノが羨ましい,euc_jp
5237096,147855720,0,.rodata,20,23,3,True,T3,0,0,0,True,下から見たきょうだい,euc_jp
5237120,147855744,0,.rodata,20,23,3,True,T3,0,0,0,True,「ファブレ」・その２,euc_jp
5237156,147855780,0,.rodata,24,27,3,True,T3,0,0,0,True,俺の幼馴染みを紹介します,euc_jp
5237184,147855808,0,.rodata,10,11,1,True,T3,0,0,0,True,使用人の絆,euc_jp
5237196,147855820,0,.rodata,16,19,3,True,T3,0,0,0,True,お互い、大変だな,euc_jp
5237216,147855840,0,.rodata,12,15,3,True,T3,0,0,0,True,機械大好き！,euc_jp
5237232,147855856,0,.rodata,12,15,3,True,T3,0,0,0,True,ピンチ到来！,euc_jp
5237248,147855872,0,.rodata,18,19,1,True,T3,0,0,0,True,使用人の絆・その２,euc_jp
5237268,147855892,0,.rodata,18,19,1,True,T3,0,0,0,True,使用人の絆・その３,euc_jp
5237288,147855912,0,.rodata,18,19,1,True,T3,0,0,0,True,すぺしゃる・その３,euc_jp
5237308,147855932,0,.rodata,14,15,1,True,T3,0,0,0,True,男は黙って……,euc_jp
5237324,147855948,0,.rodata,12,15,3,True,T3,0,0,0,True,ばんばんばん,euc_jp
5237340,147855964,0,.rodata,8,11,3,True,T3,0,0,0,True,暁の従者,euc_jp
5237352,147855976,0,.rodata,16,19,3,True,T3,0,0,0,True,本質を見据える者,euc_jp
5237372,147855996,0,.rodata,28,31,3,True,T3,0,0,0,True,言うべきか、言わざるべきか？,euc_jp
5237404,147856028,0,.rodata,12,15,3,True,T3,0,0,0,True,陰険ジェイド,euc_jp
5237420,147856044,0,.rodata,10,11,1,True,T3,0,0,0,True,お掃除仲間,euc_jp
5237432,147856056,0,.rodata,18,19,1,True,T3,0,0,0,True,お掃除仲間・その２,euc_jp
5237452,147856076,0,.rodata,18,19,1,True,T3,0,0,0,True,お掃除仲間・その３,euc_jp
5237472,147856096,0,.rodata,10,11,1,True,T3,0,0,0,True,真剣な悩み,euc_jp
5237484,147856108,0,.rodata,18,19,1,True,T3,0,0,0,True,ろうにゃくなんにょ,euc_jp
5237504,147856128,0,.rodata,12,15,3,True,T3,0,0,0,True,どっちでも…,euc_jp
5237520,147856144,0,.rodata,18,19,1,True,T3,0,0,0,True,結局、どっちなの？,euc_jp
5237540,147856164,0,.rodata,14,15,1,True,T3,0,0,0,True,ただならぬ執事,euc_jp
5237556,147856180,0,.rodata,16,19,3,True,T3,0,0,0,True,愛しのウッドロウ,euc_jp
5237576,147856200,0,.rodata,24,27,3,True,T3,0,0,0,True,愛しのウッドロウ・その２,euc_jp
5237604,147856228,0,.rodata,12,15,3,True,T3,0,0,0,True,愛しのゼロス,euc_jp
5237620,147856244,0,.rodata,16,19,3,True,T3,0,0,0,True,ナタリアの悩み事,euc_jp
5237640,147856264,0,.rodata,28,31,3,True,T3,0,0,0,True,新しい生活、消えないしがらみ,euc_jp
5237672,147856296,0,.rodata,10,11,1,True,T3,0,0,0,True,美しい景色,euc_jp
5237684,147856308,0,.rodata,16,19,3,True,T3,0,0,0,True,噛みあって、る？,euc_jp
5237704,147856328,0,.rodata,16,19,3,True,T3,0,0,0,True,聖なる夜を祝おう,euc_jp
5237724,147856348,0,.rodata,16,19,3,True,T3,0,0,0,True,ナタリアとの再会,euc_jp
5237756,147856380,0,.rodata,14,15,1,True,T3,0,0,0,True,アッシュの事情,euc_jp
5237772,147856396,0,.rodata,16,19,3,True,T3,0,0,0,True,拳で語り合う二人,euc_jp
5237792,147856416,0,.rodata,12,15,3,True,T3,0,0,0,True,「ファブレ」,euc_jp
5237808,147856432,0,.rodata,16,19,3,True,T3,0,0,0,True,あなたって不思議,euc_jp
5237828,147856452,0,.rodata,16,19,3,True,T3,0,0,0,True,アッシュとの再会,euc_jp
5237848,147856472,0,.rodata,12,15,3,True,T3,0,0,0,True,変わらない君,euc_jp
5237864,147856488,0,.rodata,14,15,1,True,T3,0,0,0,True,怒りのアッシュ,euc_jp
5237880,147856504,0,.rodata,8,11,3,True,T3,0,0,0,True,困った兄,euc_jp
5237892,147856516,0,.rodata,10,11,1,True,T3,0,0,0,True,ばんばん∀,euc_jp
5237904,147856528,0,.rodata,14,15,1,True,T3,0,0,0,True,定められた未来,euc_jp
5237920,147856544,0,.rodata,10,11,1,True,T3,0,0,0,True,哀愁と達観,euc_jp
5237932,147856556,0,.rodata,18,19,1,True,T3,0,0,0,True,ソレの使い方って？,euc_jp
5237960,147856584,0,.rodata,12,15,3,True,T3,0,0,0,True,懐かしい遊び,euc_jp
5237976,147856600,0,.rodata,10,11,1,True,T3,0,0,0,True,得難き、今,euc_jp
5237988,147856612,0,.rodata,20,23,3,True,T3,0,0,0,True,懐かしい遊び・その２,euc_jp
5238012,147856636,0,.rodata,12,15,3,True,T3,0,0,0,True,一緒に作ろう,euc_jp
5238028,147856652,0,.rodata,18,19,1,True,T3,0,0,0,True,どこにやったかな？,euc_jp
5238048,147856672,0,.rodata,22,23,1,True,T3,0,0,0,True,雪の日のお約束・その２,euc_jp
5238072,147856696,0,.rodata,12,15,3,True,T3,0,0,0,True,余裕あるなぁ,euc_jp
5238088,147856712,0,.rodata,16,19,3,True,T3,0,0,0,True,カイウスの夜事情,euc_jp
5238108,147856732,0,.rodata,14,15,1,True,T3,0,0,0,True,霊峰ってなに？,euc_jp
5238124,147856748,0,.rodata,12,15,3,True,T3,0,0,0,True,真夜中の異変,euc_jp
5238140,147856764,0,.rodata,16,19,3,True,T3,0,0,0,True,ノリが良すぎる？,euc_jp
5238160,147856784,0,.rodata,12,15,3,True,T3,0,0,0,True,ルームメイト,euc_jp
5238176,147856800,0,.rodata,18,19,1,True,T3,0,0,0,True,どうしてギルドに？,euc_jp
5238196,147856820,0,.rodata,22,23,1,True,T3,0,0,0,True,感謝の気持ちを忘れずに,euc_jp
5238220,147856844,0,.rodata,12,15,3,True,T3,0,0,0,True,今だけだから,euc_jp
5238236,147856860,0,.rodata,12,15,3,True,T3,0,0,0,True,二人の共通点,euc_jp
5238252,147856876,0,.rodata,10,11,1,True,T3,0,0,0,True,筋肉で勝負,euc_jp
5238264,147856888,0,.rodata,12,15,3,True,T3,0,0,0,True,ホームシック,euc_jp
5238280,147856904,0,.rodata,12,15,3,True,T3,0,0,0,True,空気を読んで,euc_jp
5238296,147856920,0,.rodata,8,11,3,True,T3,0,0,0,True,将来の夢,euc_jp
5238308,147856932,0,.rodata,12,15,3,True,T3,0,0,0,True,肩が凝ったら,euc_jp
5238324,147856948,0,.rodata,16,19,3,True,T3,0,0,0,True,すごいよルカさん,euc_jp
5238344,147856968,0,.rodata,18,19,1,True,T3,0,0,0,True,気付けた、大事な事,euc_jp
5238364,147856988,0,.rodata,12,15,3,True,T3,0,0,0,True,口の悪い人々,euc_jp
5238380,147857004,0,.rodata,20,23,3,True,T3,0,0,0,True,めがねめがね・その２,euc_jp
5238404,147857028,0,.rodata,14,15,1,True,T3,0,0,0,True,暑い！・その２,euc_jp
5238420,147857044,0,.rodata,14,15,1,True,T3,0,0,0,True,ぬかりなき戦略,euc_jp
5238436,147857060,0,.rodata,10,11,1,True,T3,0,0,0,True,今後に期待,euc_jp
5238448,147857072,0,.rodata,18,19,1,True,T3,0,0,0,True,済んだことでしょ！,euc_jp
5238468,147857092,0,.rodata,20,23,3,True,T3,0,0,0,True,だって退屈なんだもん,euc_jp
5238492,147857116,0,.rodata,12,15,3,True,T3,0,0,0,True,じゃんけん！,euc_jp
5238508,147857132,0,.rodata,18,19,1,True,T3,0,0,0,True,二刀っていいよな！,euc_jp
5238528,147857152,0,.rodata,14,15,1,True,T3,0,0,0,True,スパーダの事情,euc_jp
5238544,147857168,0,.rodata,10,11,1,True,T3,0,0,0,True,優しいひと,euc_jp
5238556,147857180,0,.rodata,18,19,1,True,T3,0,0,0,True,優しいひと・その２,euc_jp
5238576,147857200,0,.rodata,12,15,3,True,T3,0,0,0,True,マメさの理由,euc_jp
5238592,147857216,0,.rodata,12,15,3,True,T3,0,0,0,True,ヒトの進化種,euc_jp
5238608,147857232,0,.rodata,18,19,1,True,T3,0,0,0,True,スパーダ、危機一髪,euc_jp
5238628,147857252,0,.rodata,22,23,1,True,T3,0,0,0,True,究極の戦術理論・その３,euc_jp
5238652,147857276,0,.rodata,14,15,1,True,T3,0,0,0,True,アンジュの憂い,euc_jp
5238668,147857292,0,.rodata,18,19,1,True,T3,0,0,0,True,分かり合えない二人,euc_jp
5238688,147857312,0,.rodata,14,15,1,True,T3,0,0,0,True,油断ならぬ人物,euc_jp
5238704,147857328,0,.rodata,20,23,3,True,T3,0,0,0,True,違う世界の同じ自分へ,euc_jp
5238828,147857452,0,.rodata,28,31,3,True,T3,0,0,0,True,元気になるのを、待ってるから,euc_jp
5238860,147857484,0,.rodata,22,23,1,True,T3,0,0,0,True,違いの分かる男・その２,euc_jp
5238884,147857508,0,.rodata,8,11,3,True,T3,0,0,0,True,損な仕事,euc_jp
5238896,147857520,0,.rodata,12,15,3,True,T3,0,0,0,True,武者震いだ！,euc_jp
5238912,147857536,0,.rodata,14,15,1,True,T3,0,0,0,True,本日は晴天なり,euc_jp
5238928,147857552,0,.rodata,18,19,1,True,T3,0,0,0,True,こんな留守番は嫌だ,euc_jp
5238948,147857572,0,.rodata,20,23,3,True,T3,0,0,0,True,触れられたくない過去,euc_jp
5238972,147857596,0,.rodata,22,23,1,True,T3,0,0,0,True,子どもは、子どもらしく,euc_jp
5238996,147857620,0,.rodata,10,11,1,True,T3,0,0,0,True,戦いの意味,euc_jp
5239008,147857632,0,.rodata,14,15,1,True,T3,0,0,0,True,食べたいんだヨ,euc_jp
5239024,147857648,0,.rodata,16,19,3,True,T3,0,0,0,True,短くする・その３,euc_jp
5239044,147857668,0,.rodata,26,27,1,True,T3,0,0,0,True,クィッキーと仲良し・その３,euc_jp
5239072,147857696,0,.rodata,8,11,3,True,T3,0,0,0,True,言葉の力,euc_jp
5239084,147857708,0,.rodata,16,19,3,True,T3,0,0,0,True,大罪人ユーリ！？,euc_jp
5239104,147857728,0,.rodata,16,19,3,True,T3,0,0,0,True,なんか、ずるいぞ,euc_jp
5239124,147857748,0,.rodata,18,19,1,True,T3,0,0,0,True,黒髪、甘党の剣士達,euc_jp
5239144,147857768,0,.rodata,18,19,1,True,T3,0,0,0,True,かわいげがない人々,euc_jp
5239164,147857788,0,.rodata,16,19,3,True,T3,0,0,0,True,それも食べるの？,euc_jp
5239184,147857808,0,.rodata,24,27,3,True,T3,0,0,0,True,それも食べるの？・その２,euc_jp
5239212,147857836,0,.rodata,10,11,1,True,T3,0,0,0,True,衣装を交換,euc_jp
5239224,147857848,0,.rodata,8,11,3,True,T3,0,0,0,True,短くする,euc_jp
5239236,147857860,0,.rodata,18,19,1,True,T3,0,0,0,True,クィッキーと仲良し,euc_jp
5239256,147857880,0,.rodata,26,27,1,True,T3,0,0,0,True,クィッキーと仲良し・その２,euc_jp
5239284,147857908,0,.rodata,16,19,3,True,T3,0,0,0,True,エステルとの再会,euc_jp
5239304,147857928,0,.rodata,12,15,3,True,T3,0,0,0,True,視線をそらす,euc_jp
5239320,147857944,0,.rodata,14,15,1,True,T3,0,0,0,True,志は高いけれど,euc_jp
5239336,147857960,0,.rodata,10,11,1,True,T3,0,0,0,True,似た者同士,euc_jp
5239348,147857972,0,.rodata,16,19,3,True,T3,0,0,0,True,もっと呼びやすく,euc_jp
5239368,147857992,0,.rodata,26,27,1,True,T3,0,0,0,True,心理テスト！・ジュディス編,euc_jp
5239396,147858020,0,.rodata,26,27,1,True,T3,0,0,0,True,再利用はいいこと？・その３,euc_jp
5239424,147858048,0,.rodata,14,15,1,True,T3,0,0,0,True,珍しくて、つい,euc_jp
5239440,147858064,0,.rodata,14,15,1,True,T3,0,0,0,True,憧れる……けど,euc_jp
5239456,147858080,0,.rodata,16,19,3,True,T3,0,0,0,True,短くする・その２,euc_jp
5239476,147858100,0,.rodata,12,15,3,True,T3,0,0,0,True,めがねめがね,euc_jp
5239492,147858116,0,.rodata,12,15,3,True,T3,0,0,0,True,仲良くお勉強,euc_jp
5239508,147858132,0,.rodata,20,23,3,True,T3,0,0,0,True,新メンバーは騎士隊長,euc_jp
5239532,147858156,0,.rodata,10,11,1,True,T3,0,0,0,True,本が欲しい,euc_jp
5239544,147858168,0,.rodata,20,23,3,True,T3,0,0,0,True,本が欲しいんだってば,euc_jp
5239568,147858192,0,.rodata,20,23,3,True,T3,0,0,0,True,カタブツで、甘ちゃん,euc_jp
5239592,147858216,0,.rodata,14,15,1,True,T3,0,0,0,True,ここだけの本心,euc_jp
5239608,147858232,0,.rodata,10,11,1,True,T3,0,0,0,True,無言の訴え,euc_jp
5239620,147858244,0,.rodata,14,15,1,True,T3,0,0,0,True,レイヴンの憂鬱,euc_jp
5239636,147858260,0,.rodata,18,19,1,True,T3,0,0,0,True,そっちはどうなの？,euc_jp
5239656,147858280,0,.rodata,18,19,1,True,T3,0,0,0,True,ここでする話なの？,euc_jp
5239676,147858300,0,.rodata,16,19,3,True,T3,0,0,0,True,ニヒルなアッシュ,euc_jp
5239696,147858320,0,.rodata,14,15,1,True,T3,0,0,0,True,気を遣ってる？,euc_jp
5239712,147858336,0,.rodata,14,15,1,True,T3,0,0,0,True,似てないでしょ,euc_jp
5239728,147858352,0,.rodata,12,15,3,True,T3,0,0,0,True,おっさん炸裂,euc_jp
5239744,147858368,0,.rodata,14,15,1,True,T3,0,0,0,True,素敵でしょ！？,euc_jp
5239760,147858384,0,.rodata,22,23,1,True,T3,0,0,0,True,どうやって切り抜ける？,euc_jp
5239784,147858408,0,.rodata,18,19,1,True,T3,0,0,0,True,天気晴朗なれど……,euc_jp
5239804,147858428,0,.rodata,14,15,1,True,T3,0,0,0,True,どうしよ……？,euc_jp
5239820,147858444,0,.rodata,24,27,3,True,T3,0,0,0,True,聖なる夜を祝おう・その２,euc_jp
5239848,147858472,0,.rodata,22,23,1,True,T3,0,0,0,True,心理テスト！・フレン編,euc_jp
5239872,147858496,0,.rodata,16,19,3,True,T3,0,0,0,True,船内の治安を守れ,euc_jp
5239892,147858516,0,.rodata,18,19,1,True,T3,0,0,0,True,事実と真実の狭間で,euc_jp
5239912,147858536,0,.rodata,12,15,3,True,T3,0,0,0,True,フレンの奮闘,euc_jp
5239928,147858552,0,.rodata,10,11,1,True,T3,0,0,0,True,命令の真意,euc_jp
5239940,147858564,0,.rodata,18,19,1,True,T3,0,0,0,True,散歩してるだけです,euc_jp
5239960,147858584,0,.rodata,18,19,1,True,T3,0,0,0,True,大盛り上がりのワケ,euc_jp
5239980,147858604,0,.rodata,24,27,3,True,T3,0,0,0,True,ヘーゼル村ってどんな村？,euc_jp
5240008,147858632,0,.rodata,16,19,3,True,T3,0,0,0,True,友愛の試練、再び,euc_jp
5240028,147858652,0,.rodata,12,15,3,True,T3,0,0,0,True,天然ですから,euc_jp
5240044,147858668,0,.rodata,20,23,3,True,T3,0,0,0,True,モロキュウとモロモロ,euc_jp
5240068,147858692,0,.rodata,18,19,1,True,T3,0,0,0,True,まずは、１００体！,euc_jp
5240088,147858712,0,.rodata,28,31,3,True,T3,0,0,0,True,「ほすぴたりてぃ」って何だ？,euc_jp
5240120,147858744,0,.rodata,10,11,1,True,T3,0,0,0,True,美脚の秘訣,euc_jp
5240132,147858756,0,.rodata,10,11,1,True,T3,0,0,0,True,至上の美味,euc_jp
5240144,147858768,0,.rodata,12,15,3,True,T3,0,0,0,True,友達は大切に,euc_jp
5240160,147858784,0,.rodata,10,11,1,True,T3,0,0,0,True,通なコハク,euc_jp
5240172,147858796,0,.rodata,14,15,1,True,T3,0,0,0,True,言葉って面白い,euc_jp
5240188,147858812,0,.rodata,20,23,3,True,T3,0,0,0,True,やったね、３００体！,euc_jp
5240212,147858836,0,.rodata,32,35,3,True,T3,0,0,0,True,目指せ、豪華献立への道！・その３,euc_jp
5240248,147858872,0,.rodata,14,15,1,True,T3,0,0,0,True,アニーの手当て,euc_jp
5240264,147858888,0,.rodata,10,11,1,True,T3,0,0,0,True,恐るべき菌,euc_jp
5240276,147858900,0,.rodata,14,15,1,True,T3,0,0,0,True,きょうだい自慢,euc_jp
5240292,147858916,0,.rodata,24,27,3,True,T3,0,0,0,True,伝説の魔王、見つけました,euc_jp
5240320,147858944,0,.rodata,14,15,1,True,T3,0,0,0,True,知らないコトバ,euc_jp
5240336,147858960,0,.rodata,10,11,1,True,T3,0,0,0,True,大口開けて,euc_jp
5240348,147858972,0,.rodata,12,15,3,True,T3,0,0,0,True,想像してみて,euc_jp
5240364,147858988,0,.rodata,20,23,3,True,T3,0,0,0,True,上から見たきょうだい,euc_jp
5240388,147859012,0,.rodata,10,11,1,True,T3,0,0,0,True,どう思う？,euc_jp
5240400,147859024,0,.rodata,10,11,1,True,T3,0,0,0,True,若気の至り,euc_jp
5240412,147859036,0,.rodata,12,15,3,True,T3,0,0,0,True,答えを探して,euc_jp
5240428,147859052,0,.rodata,24,27,3,True,T3,0,0,0,True,彼女は××料理人・その４,euc_jp
5240456,147859080,0,.rodata,14,15,1,True,T3,0,0,0,True,彼も××料理人,euc_jp
5240472,147859096,0,.rodata,10,11,1,True,T3,0,0,0,True,迷いと答え,euc_jp
5240484,147859108,0,.rodata,16,19,3,True,T3,0,0,0,True,きょうだいのこと,euc_jp
5240504,147859128,0,.rodata,20,23,3,True,T3,0,0,0,True,尊敬です、フレン隊長,euc_jp
5240528,147859152,0,.rodata,16,19,3,True,T3,0,0,0,True,アスベルの父さん,euc_jp
5240548,147859172,0,.rodata,20,23,3,True,T3,0,0,0,True,オショウガツを祝おう,euc_jp
5240572,147859196,0,.rodata,22,23,1,True,T3,0,0,0,True,ソフィってやっぱり……,euc_jp
5240596,147859220,0,.rodata,12,15,3,True,T3,0,0,0,True,世界樹の思い,euc_jp
5240612,147859236,0,.rodata,24,27,3,True,T3,0,0,0,True,それも食べるの？・その３,euc_jp
5240640,147859264,0,.rodata,14,15,1,True,T3,0,0,0,True,カニタマ記念日,euc_jp
5240656,147859280,0,.rodata,6,7,1,True,T3,0,0,0,True,女の勘,euc_jp
5240676,147859300,0,.rodata,22,23,1,True,T3,0,0,0,True,教えて、恋の話・ロニ編,euc_jp
5240700,147859324,0,.rodata,24,27,3,True,T3,0,0,0,True,教えて、恋の話・キール編,euc_jp
5240728,147859352,0,.rodata,12,15,3,True,T3,0,0,0,True,相性が悪い？,euc_jp
5240744,147859368,0,.rodata,16,19,3,True,T3,0,0,0,True,キレイにしようね,euc_jp
5240764,147859388,0,.rodata,16,19,3,True,T3,0,0,0,True,シェリアって……,euc_jp
5240784,147859408,0,.rodata,12,15,3,True,T3,0,0,0,True,クロエの魅力,euc_jp
5240800,147859424,0,.rodata,10,11,1,True,T3,0,0,0,True,複雑な思い,euc_jp
5240812,147859436,0,.rodata,6,7,1,True,T3,0,0,0,True,昔の話,euc_jp
5240820,147859444,0,.rodata,10,11,1,True,T3,0,0,0,True,光気丹術経,euc_jp
5240844,147859468,0,.rodata,20,23,3,True,T3,0,0,0,True,ドクメントでわかる事,euc_jp
5240868,147859492,0,.rodata,16,19,3,True,T3,0,0,0,True,オルタ・ビレッジ,euc_jp
5240888,147859512,0,.rodata,14,15,1,True,T3,0,0,0,True,ロックス仕込み,euc_jp
5240912,147859536,0,.rodata,12,15,3,True,T3,0,0,0,True,もう一つの姿,euc_jp
5240928,147859552,0,.rodata,14,15,1,True,T3,0,0,0,True,軍人がニガテ？,euc_jp
5240944,147859568,0,.rodata,10,11,1,True,T3,0,0,0,True,かしましい,euc_jp
5240956,147859580,0,.rodata,10,11,1,True,T3,0,0,0,True,そっち専門,euc_jp
5240968,147859592,0,.rodata,12,15,3,True,T3,0,0,0,True,これからの旅,euc_jp
5240984,147859608,0,.rodata,12,15,3,True,T3,0,0,0,True,あなたを描く,euc_jp
5241000,147859624,0,.rodata,18,19,1,True,T3,0,0,0,True,いつも、どこにでも,euc_jp
5241020,147859644,0,.rodata,12,15,3,True,T3,0,0,0,True,新しい命の声,euc_jp
5241044,147859668,0,.rodata,12,15,3,True,T3,0,0,0,True,異世界の風景,euc_jp
5241060,147859684,0,.rodata,10,11,1,True,T3,0,0,0,True,ヒーロー？,euc_jp
5241072,147859696,0,.rodata,12,15,3,True,T3,0,0,0,True,ニアタの身体,euc_jp
5241088,147859712,0,.rodata,12,15,3,True,T3,0,0,0,True,不思議な液体,euc_jp
5241104,147859728,0,.rodata,16,19,3,True,T3,0,0,0,True,ディセンダー自慢,euc_jp
5241124,147859748,0,.rodata,18,19,1,True,T3,0,0,0,True,前作との違いは！？,euc_jp
5241144,147859768,0,.rodata,26,27,1,True,T3,0,0,0,True,ダンジョンもパワーアップ！,euc_jp
5241172,147859796,0,.rodata,30,31,1,True,T3,0,0,0,True,キャラメイクはどうだったかな？,euc_jp
5241204,147859828,0,.rodata,18,19,1,True,T3,0,0,0,True,本作品の戦闘は！？,euc_jp
5245576,147864200,0,.rodata,26,27,1,True,T2,0,1,0,True,イベントスキップしますか？,euc_jp
5245604,147864228,0,.rodata,6,7,1,True,T2,0,1,0,True,いいえ,euc_jp
5245612,147864236,0,.rodata,4,7,3,True,T2,0,1,0,True,はい,euc_jp
5245620,147864244,0,.rodata,10,11,1,True,T3,0,0,0,True,ルミナシア,euc_jp
5245632,147864256,0,.rodata,10,11,1,True,T3,0,0,0,True,ジルディア,euc_jp
5245644,147864268,0,.rodata,8,11,3,True,T3,0,0,0,True,ペカン村,euc_jp
5245656,147864280,0,.rodata,12,15,3,True,T3,0,0,0,True,ルバーブ連山,euc_jp
5245672,147864296,0,.rodata,10,11,1,True,T3,0,0,0,True,ヘーゼル村,euc_jp
5245684,147864308,0,.rodata,12,15,3,True,T3,0,0,0,True,ウリズン帝国,euc_jp
5245708,147864332,0,.rodata,18,19,1,True,T3,0,0,0,True,コンフェイト大森林,euc_jp
5245728,147864352,0,.rodata,12,15,3,True,T3,0,0,0,True,ガルバンゾ国,euc_jp
5245744,147864368,0,.rodata,10,11,1,True,T3,0,0,0,True,ガルバンゾ,euc_jp
5245756,147864380,0,.rodata,14,15,1,True,T3,0,0,0,True,オルタータ火山,euc_jp
5245772,147864396,0,.rodata,10,11,1,True,T3,0,0,0,True,モラード村,euc_jp
5245784,147864408,0,.rodata,14,15,1,True,T3,0,0,0,True,ブラウニー坑道,euc_jp
5245800,147864424,0,.rodata,12,15,3,True,T3,0,0,0,True,カダイフ砂漠,euc_jp
5245816,147864440,0,.rodata,10,11,1,True,T3,0,0,0,True,ミブナの里,euc_jp
5245828,147864452,0,.rodata,6,7,1,True,T3,0,0,0,True,ミブナ,euc_jp
5245836,147864460,0,.rodata,8,11,3,True,T3,0,0,0,True,ライマ国,euc_jp
5245848,147864472,0,.rodata,6,7,1,True,T3,0,0,0,True,ライマ,euc_jp
5245856,147864480,0,.rodata,16,19,3,True,T3,0,0,0,True,アルマナック遺跡,euc_jp
5245876,147864500,0,.rodata,14,15,1,True,T3,0,0,0,True,霊峰アブソール,euc_jp
5245892,147864516,0,.rodata,14,15,1,True,T3,0,0,0,True,ヴェラトローパ,euc_jp
5245908,147864532,0,.rodata,6,7,1,True,T3,0,0,0,True,パスカ,euc_jp
5245916,147864540,0,.rodata,8,11,3,True,T3,0,0,0,True,グラニデ,euc_jp
5245928,147864552,0,.rodata,12,15,3,True,T3,0,0,0,True,シフノ湧泉洞,euc_jp
5245944,147864568,0,.rodata,12,15,3,True,T3,0,0,0,True,ボルテックス,euc_jp
5245960,147864584,0,.rodata,16,19,3,True,T3,0,0,0,True,聖地ラングリース,euc_jp
5245980,147864604,0,.rodata,18,19,1,True,T3,0,0,0,True,エラン・ヴィタール,euc_jp
5246040,147864664,0,.rodata,4,7,3,True,T3,0,0,0,True,▲▲,euc_jp
5252520,147871144,0,.rodata,34,35,1,True,T3,0,0,0,True,現在受けているクエストはありません,euc_jp
5252556,147871180,0,.rodata,32,35,3,True,T3,0,0,0,True,%sのモンスターを%d匹退治せよ！！,euc_jp
5252592,147871216,0,.rodata,20,23,3,True,T3,0,0,0,True,%sを%d匹退治せよ！！,euc_jp
5252616,147871240,0,.rodata,22,23,1,True,T3,0,0,0,True,%sを%d個ゲットしろ！！,euc_jp
5252640,147871264,0,.rodata,38,39,1,True,T3,0,0,0,True,青い宝箱から、目的の品をゲットしろ！！,euc_jp
5252680,147871304,0,.rodata,24,27,3,True,T3,0,0,0,True,%sと対決して勝利せよ！！,euc_jp
5252708,147871332,0,.rodata,16,19,3,True,T3,0,0,0,True,%sを退治せよ！！,euc_jp
5252728,147871352,0,.rodata,4,7,3,True,T3,0,0,0,True,なし,euc_jp
5252736,147871360,0,.rodata,18,19,1,True,T3,0,0,0,True,緑道　３を目指せ！,euc_jp
5252756,147871380,0,.rodata,32,35,3,True,T3,0,0,0,True,ハナアブラダケを10個ゲットしろ！,euc_jp
5252792,147871416,0,.rodata,28,31,3,True,T3,0,0,0,True,４層　最深ポイントを目指せ！,euc_jp
5252824,147871448,0,.rodata,24,27,3,True,T3,0,0,0,True,クレスの仲間を探し出せ！,euc_jp
5252852,147871476,0,.rodata,22,23,1,True,T3,0,0,0,True,ウッドロウを探し出せ！,euc_jp
5252876,147871500,0,.rodata,20,23,3,True,T3,0,0,0,True,少年剣士を探し出せ！,euc_jp
5252900,147871524,0,.rodata,24,27,3,True,T3,0,0,0,True,弓使いの少女を探し出せ！,euc_jp
5252928,147871552,0,.rodata,30,31,1,True,T3,0,0,0,True,ギルドに招いた教師を探し出せ！,euc_jp
5252960,147871584,0,.rodata,24,27,3,True,T3,0,0,0,True,ロイドの仲間を探し出せ！,euc_jp
5252988,147871612,0,.rodata,28,31,3,True,T3,0,0,0,True,ジーニアスの友達を探し出せ！,euc_jp
5253020,147871644,0,.rodata,28,31,3,True,T3,0,0,0,True,ユージーンの仲間を探し出せ！,euc_jp
5253052,147871676,0,.rodata,26,27,1,True,T3,0,0,0,True,この土地に潜む悪漢を追え！,euc_jp
5253080,147871704,0,.rodata,18,19,1,True,T3,0,0,0,True,ノーマを探し出せ！,euc_jp
5253100,147871724,0,.rodata,18,19,1,True,T3,0,0,0,True,ジェイを探し出せ！,euc_jp
5253120,147871744,0,.rodata,24,27,3,True,T3,0,0,0,True,ルークの仲間を探し出せ！,euc_jp
5253148,147871772,0,.rodata,26,27,1,True,T3,0,0,0,True,ジェイドの部下を探し出せ！,euc_jp
5253176,147871800,0,.rodata,20,23,3,True,T3,0,0,0,True,リカルドを探し出せ！,euc_jp
5253200,147871824,0,.rodata,18,19,1,True,T3,0,0,0,True,フレンを探し出せ！,euc_jp
5253220,147871844,0,.rodata,26,27,1,True,T3,0,0,0,True,誘拐犯と被害者を探し出せ！,euc_jp
5253248,147871872,0,.rodata,26,27,1,True,T3,0,0,0,True,アスベルの仲間を探し出せ！,euc_jp
5253276,147871900,0,.rodata,28,31,3,True,T3,0,0,0,True,ワンダーパン職人を探し出せ！,euc_jp
5253308,147871932,0,.rodata,18,19,1,True,T3,0,0,0,True,ミミーを探し出せ！,euc_jp
5253328,147871952,0,.rodata,18,19,1,True,T3,0,0,0,True,ポッポを探し出せ！,euc_jp
5253348,147871972,0,.rodata,16,19,3,True,T3,0,0,0,True,%sを発見しました,euc_jp
5253368,147871992,0,.rodata,16,19,3,True,T3,0,0,0,True,%sに勝利しました,euc_jp
5253388,147872012,0,.rodata,16,19,3,True,T3,0,0,0,True,%sに敗北しました,euc_jp
5253408,147872032,0,.rodata,22,23,1,True,T3,0,0,0,True,クエストを達成しました,euc_jp
5253432,147872056,0,.rodata,14,15,1,True,T3,0,0,0,True,あと、%d匹です,euc_jp
5253448,147872072,0,.rodata,24,27,3,True,T3,0,0,0,True,指定の退治数に達しました,euc_jp
5253476,147872100,0,.rodata,38,39,1,True,T3,0,0,0,True,指定アイテムの獲得が要求数に達しました,euc_jp
5253516,147872140,0,.rodata,32,35,3,True,T3,0,0,0,True,既にアイテムを持っているようです,euc_jp
5253552,147872176,0,.rodata,38,39,1,True,T3,0,0,0,True,指定された貴重品を全て見つけ出しました,euc_jp
5253592,147872216,0,.rodata,22,23,1,True,T3,0,0,0,True,クエストが完了しました,euc_jp
5253616,147872240,0,.rodata,20,23,3,True,T3,0,0,0,True,%sを%d個入手しました,euc_jp
5253640,147872264,0,.rodata,16,19,3,True,T3,0,0,0,True,%dガルド得ました,euc_jp
5253660,147872284,0,.rodata,30,31,1,True,T3,0,0,0,True,バンエルティア号に戻りますか？,euc_jp
5253692,147872316,0,.rodata,28,31,3,True,T3,0,0,0,True,%sを%d個入手出来ませんでした,euc_jp
5253724,147872348,0,.rodata,22,23,1,True,T3,0,0,0,True,アイテムを渡しますか？,euc_jp
5253748,147872372,0,.rodata,24,27,3,True,T3,0,0,0,True,アイテムを納品しています,euc_jp
5253776,147872400,0,.rodata,18,19,1,True,T3,0,0,0,True,%sを%d個渡しました,euc_jp
5253796,147872420,0,.rodata,24,27,3,True,T3,0,0,0,True,クエストを破棄しますか？,euc_jp
5253824,147872448,0,.rodata,22,23,1,True,T3,0,0,0,True,クエストを破棄しました,euc_jp
5253848,147872472,0,.rodata,26,27,1,True,T3,0,0,0,True,このクエストを受けますか？,euc_jp
5253876,147872500,0,.rodata,16,19,3,True,T3,0,0,0,True,%sを入手しました,euc_jp
5253896,147872520,0,.rodata,46,47,1,True,T3,0,0,0,True,パッと戻れるのは、クエストを達成した後だけです,euc_jp
5253944,147872568,0,.rodata,22,23,1,True,T3,0,0,0,True,%sの討伐に成功しました,euc_jp
5253968,147872592,0,.rodata,38,39,1,True,T3,0,0,0,True,ターゲットをパーティから外してください,euc_jp
5254008,147872632,0,.rodata,40,43,3,True,T3,0,0,0,True,パーティの人数がメンバー数を超えています,euc_jp
5254052,147872676,0,.rodata,48,51,3,True,T3,0,0,0,True,このクエストを受けるにはあと%d人の空きが必要です,euc_jp
5254104,147872728,0,.rodata,44,47,3,True,T3,0,0,0,True,パーティを解散してこのクエストを受けますか？,euc_jp
5254152,147872776,0,.rodata,22,23,1,True,T3,0,0,0,True,パーティを解散しました,euc_jp
5254176,147872800,0,.rodata,26,27,1,True,T3,0,0,0,True,%sがパーティから抜けました,euc_jp
5254204,147872828,0,.rodata,26,27,1,True,T3,0,0,0,True,%sがパーティに加わりました,euc_jp
5254232,147872856,0,.rodata,16,19,3,True,T3,0,0,0,True,%sを破棄しました,euc_jp
5254252,147872876,0,.rodata,36,39,3,True,T3,0,0,0,True,パーティ編成に制限があるクエストです,euc_jp
5254292,147872916,0,.rodata,46,47,1,True,T3,0,0,0,True,パーティ人数は%d人以内で編成する必要があります,euc_jp
5254340,147872964,0,.rodata,30,31,1,True,T3,0,0,0,True,メンバーに%sが指定されています,euc_jp
5254372,147872996,0,.rodata,14,15,1,True,T3,0,0,0,True,パーティ解散中,euc_jp
5254388,147873012,0,.rodata,14,15,1,True,T3,0,0,0,True,パーティ編成中,euc_jp
5254404,147873028,0,.rodata,22,23,1,True,T3,0,0,0,True,現在のメンバーは%sです,euc_jp
5254428,147873052,0,.rodata,46,47,1,True,T3,0,0,0,True,パーティを再編成してこのクエストを受けますか？,euc_jp
5255012,147873636,0,.rodata,16,19,3,True,T3,0,0,0,True,クエストを受ける,euc_jp
5255032,147873656,0,.rodata,12,15,3,True,T3,0,0,0,True,パーティ編成,euc_jp
5255048,147873672,0,.rodata,12,15,3,True,T3,0,0,0,True,パーティ解散,euc_jp
5255064,147873688,0,.rodata,8,11,3,True,T3,0,0,0,True,転職する,euc_jp
5255076,147873700,0,.rodata,14,15,1,True,T3,0,0,0,True,全員の装備変更,euc_jp
5255092,147873716,0,.rodata,18,19,1,True,T3,0,0,0,True,クエストを破棄する,euc_jp
5255112,147873736,0,.rodata,16,23,7,True,T3,0,0,0,True,クエスト達成報告,euc_jp
5255444,147874068,0,.rodata,4,7,3,True,T3,0,0,0,True,戻る,euc_jp
5255696,147874320,0,.rodata,6,7,1,True,T3,0,0,0,True,クレス,euc_jp
5255704,147874328,0,.rodata,6,7,1,True,T3,0,0,0,True,ミント,euc_jp
5255712,147874336,0,.rodata,10,11,1,True,T3,0,0,0,True,チェスター,euc_jp
5255724,147874348,0,.rodata,8,11,3,True,T3,0,0,0,True,アーチェ,euc_jp
5255736,147874360,0,.rodata,4,7,3,True,T3,0,0,0,True,すず,euc_jp
5255744,147874368,0,.rodata,6,7,1,True,T3,0,0,0,True,スタン,euc_jp
5255752,147874376,0,.rodata,8,11,3,True,T3,0,0,0,True,ルーティ,euc_jp
5255764,147874388,0,.rodata,8,11,3,True,T3,0,0,0,True,フィリア,euc_jp
5255776,147874400,0,.rodata,6,7,1,True,T3,0,0,0,True,リオン,euc_jp
5255784,147874408,0,.rodata,10,11,1,True,T3,0,0,0,True,ウッドロウ,euc_jp
5255796,147874420,0,.rodata,10,11,1,True,T3,0,0,0,True,チェルシー,euc_jp
5255808,147874432,0,.rodata,10,11,1,True,T3,0,0,0,True,コングマン,euc_jp
5255820,147874444,0,.rodata,6,7,1,True,T3,0,0,0,True,リリス,euc_jp
5255828,147874452,0,.rodata,6,7,1,True,T3,0,0,0,True,リッド,euc_jp
5255836,147874460,0,.rodata,6,7,1,True,T3,0,0,0,True,ファラ,euc_jp
5255844,147874468,0,.rodata,6,7,1,True,T3,0,0,0,True,キール,euc_jp
5255852,147874476,0,.rodata,8,11,3,True,T3,0,0,0,True,メルディ,euc_jp
5255864,147874488,0,.rodata,8,11,3,True,T3,0,0,0,True,チャット,euc_jp
5255876,147874500,0,.rodata,10,11,1,True,T3,0,0,0,True,セルシウス,euc_jp
5255888,147874512,0,.rodata,6,7,1,True,T3,0,0,0,True,カイル,euc_jp
5255896,147874520,0,.rodata,6,7,1,True,T3,0,0,0,True,リアラ,euc_jp
5255904,147874528,0,.rodata,4,7,3,True,T3,0,0,0,True,ロニ,euc_jp
5255912,147874536,0,.rodata,10,11,1,True,T3,0,0,0,True,ジューダス,euc_jp
5255924,147874548,0,.rodata,8,11,3,True,T3,0,0,0,True,ナナリー,euc_jp
5255936,147874560,0,.rodata,8,11,3,True,T3,0,0,0,True,ハロルド,euc_jp
5255948,147874572,0,.rodata,6,7,1,True,T3,0,0,0,True,ロイド,euc_jp
5255956,147874580,0,.rodata,8,11,3,True,T3,0,0,0,True,コレット,euc_jp
5255968,147874592,0,.rodata,10,11,1,True,T3,0,0,0,True,ジーニアス,euc_jp
5255980,147874604,0,.rodata,8,11,3,True,T3,0,0,0,True,リフィル,euc_jp
5255992,147874616,0,.rodata,8,11,3,True,T3,0,0,0,True,クラトス,euc_jp
5256004,147874628,0,.rodata,6,7,1,True,T3,0,0,0,True,しいな,euc_jp
5256012,147874636,0,.rodata,6,7,1,True,T3,0,0,0,True,ゼロス,euc_jp
5256020,147874644,0,.rodata,8,11,3,True,T3,0,0,0,True,プレセア,euc_jp
5256032,147874656,0,.rodata,8,11,3,True,T3,0,0,0,True,ヴェイグ,euc_jp
5256044,147874668,0,.rodata,6,7,1,True,T3,0,0,0,True,クレア,euc_jp
5256052,147874676,0,.rodata,10,11,1,True,T3,0,0,0,True,ユージーン,euc_jp
5256064,147874688,0,.rodata,4,7,3,True,T3,0,0,0,True,マオ,euc_jp
5256072,147874696,0,.rodata,10,11,1,True,T3,0,0,0,True,ティトレイ,euc_jp
5256084,147874708,0,.rodata,6,7,1,True,T3,0,0,0,True,アニー,euc_jp
5256092,147874716,0,.rodata,6,7,1,True,T3,0,0,0,True,セネル,euc_jp
5256100,147874724,0,.rodata,10,11,1,True,T3,0,0,0,True,シャーリィ,euc_jp
5256112,147874736,0,.rodata,6,7,1,True,T3,0,0,0,True,ウィル,euc_jp
5256120,147874744,0,.rodata,6,7,1,True,T3,0,0,0,True,クロエ,euc_jp
5256128,147874752,0,.rodata,6,7,1,True,T3,0,0,0,True,ノーマ,euc_jp
5256136,147874760,0,.rodata,6,7,1,True,T3,0,0,0,True,ジェイ,euc_jp
5256144,147874768,0,.rodata,6,7,1,True,T3,0,0,0,True,ルーク,euc_jp
5256152,147874776,0,.rodata,6,7,1,True,T3,0,0,0,True,ティア,euc_jp
5256160,147874784,0,.rodata,4,7,3,True,T3,0,0,0,True,ガイ,euc_jp
5256168,147874792,0,.rodata,8,11,3,True,T3,0,0,0,True,ジェイド,euc_jp
5256180,147874804,0,.rodata,6,7,1,True,T3,0,0,0,True,アニス,euc_jp
5256188,147874812,0,.rodata,8,11,3,True,T3,0,0,0,True,ナタリア,euc_jp
5256200,147874824,0,.rodata,8,11,3,True,T3,0,0,0,True,アッシュ,euc_jp
5256212,147874836,0,.rodata,6,7,1,True,T3,0,0,0,True,ヴァン,euc_jp
5256220,147874844,0,.rodata,8,11,3,True,T3,0,0,0,True,カイウス,euc_jp
5256232,147874856,0,.rodata,6,7,1,True,T3,0,0,0,True,ルビア,euc_jp
5256240,147874864,0,.rodata,4,7,3,True,T3,0,0,0,True,ルカ,euc_jp
5256248,147874872,0,.rodata,6,7,1,True,T3,0,0,0,True,イリア,euc_jp
5256256,147874880,0,.rodata,8,11,3,True,T3,0,0,0,True,スパーダ,euc_jp
5256268,147874892,0,.rodata,8,11,3,True,T3,0,0,0,True,アンジュ,euc_jp
5256280,147874904,0,.rodata,8,11,3,True,T3,0,0,0,True,リカルド,euc_jp
5256292,147874916,0,.rodata,6,7,1,True,T3,0,0,0,True,ユーリ,euc_jp
5256300,147874924,0,.rodata,8,11,3,True,T3,0,0,0,True,エステル,euc_jp
5256312,147874936,0,.rodata,10,11,1,True,T3,0,0,0,True,ジュディス,euc_jp
5256324,147874948,0,.rodata,4,7,3,True,T3,0,0,0,True,リタ,euc_jp
5256332,147874956,0,.rodata,8,11,3,True,T3,0,0,0,True,レイヴン,euc_jp
5256344,147874968,0,.rodata,6,7,1,True,T3,0,0,0,True,フレン,euc_jp
5256352,147874976,0,.rodata,6,7,1,True,T3,0,0,0,True,エミル,euc_jp
5256360,147874984,0,.rodata,6,7,1,True,T3,0,0,0,True,マルタ,euc_jp
5256368,147874992,0,.rodata,8,11,3,True,T3,0,0,0,True,リヒター,euc_jp
5256380,147875004,0,.rodata,6,7,1,True,T3,0,0,0,True,シング,euc_jp
5256388,147875012,0,.rodata,6,7,1,True,T3,0,0,0,True,コハク,euc_jp
5256396,147875020,0,.rodata,6,7,1,True,T3,0,0,0,True,ヒスイ,euc_jp
5256404,147875028,0,.rodata,8,11,3,True,T3,0,0,0,True,アスベル,euc_jp
5256416,147875040,0,.rodata,6,7,1,True,T3,0,0,0,True,ソフィ,euc_jp
5256424,147875048,0,.rodata,8,11,3,True,T3,0,0,0,True,シェリア,euc_jp
5256436,147875060,0,.rodata,8,11,3,True,T3,0,0,0,True,カノンノ,euc_jp
5256448,147875072,0,.rodata,20,23,3,True,T3,0,0,0,True,オリジナル・カノンノ,euc_jp
5256472,147875096,0,.rodata,16,19,3,True,T3,0,0,0,True,パスカ・カノンノ,euc_jp
5256492,147875116,0,.rodata,20,23,3,True,T3,0,0,0,True,カノンノ・イアハート,euc_jp
5256516,147875140,0,.rodata,6,7,1,True,T3,0,0,0,True,ダオス,euc_jp
5256524,147875148,0,.rodata,10,11,1,True,T3,0,0,0,True,バルバトス,euc_jp
5256536,147875160,0,.rodata,12,15,3,True,T3,0,0,0,True,ユグドラシル,euc_jp
5256552,147875176,0,.rodata,4,7,3,True,T3,0,0,0,True,サレ,euc_jp
5256560,147875184,0,.rodata,6,7,1,True,T3,0,0,0,True,ミミー,euc_jp
5256568,147875192,0,.rodata,10,11,1,True,T3,0,0,0,True,クィッキー,euc_jp
5256580,147875204,0,.rodata,8,11,3,True,T3,0,0,0,True,キュッポ,euc_jp
5256592,147875216,0,.rodata,6,7,1,True,T3,0,0,0,True,ピッポ,euc_jp
5256600,147875224,0,.rodata,6,7,1,True,T3,0,0,0,True,ポッポ,euc_jp
5256608,147875232,0,.rodata,6,7,1,True,T3,0,0,0,True,コーダ,euc_jp
5256616,147875240,0,.rodata,6,7,1,True,T3,0,0,0,True,アーダ,euc_jp
5256624,147875248,0,.rodata,8,11,3,True,T3,0,0,0,True,パニール,euc_jp
5256636,147875260,0,.rodata,6,7,1,True,T3,0,0,0,True,ニアタ,euc_jp
5256644,147875268,0,.rodata,12,15,3,True,T3,0,0,0,True,ウィダーシン,euc_jp
5256660,147875284,0,.rodata,6,7,1,True,T3,0,0,0,True,ゲーデ,euc_jp
5256668,147875292,0,.rodata,6,7,1,True,T3,0,0,0,True,モルモ,euc_jp
5256676,147875300,0,.rodata,8,11,3,True,T3,0,0,0,True,ラザリス,euc_jp
5256688,147875312,0,.rodata,8,11,3,True,T3,0,0,0,True,ジョアン,euc_jp
5256700,147875324,0,.rodata,10,11,1,True,T3,0,0,0,True,村長トマス,euc_jp
5256712,147875336,0,.rodata,12,15,3,True,T3,0,0,0,True,男の子ジャン,euc_jp
5256728,147875352,0,.rodata,12,15,3,True,T3,0,0,0,True,女の子ルシア,euc_jp
5256744,147875368,0,.rodata,12,15,3,True,T3,0,0,0,True,行商人ガメル,euc_jp
5256760,147875384,0,.rodata,14,15,1,True,T3,0,0,0,True,夢見る少女リナ,euc_jp
5256776,147875400,0,.rodata,18,19,1,True,T3,0,0,0,True,新米狩人ジェロニモ,euc_jp
5256796,147875420,0,.rodata,18,19,1,True,T3,0,0,0,True,地方領主レイモンド,euc_jp
5256816,147875440,0,.rodata,20,23,3,True,T3,0,0,0,True,雑貨屋店主フンダクル,euc_jp
5256840,147875464,0,.rodata,16,19,3,True,T3,0,0,0,True,細工職人ディアナ,euc_jp
5256860,147875484,0,.rodata,14,15,1,True,T3,0,0,0,True,収集家ヘラルド,euc_jp
5256876,147875500,0,.rodata,14,15,1,True,T3,0,0,0,True,占い婆アイーダ,euc_jp
5256892,147875516,0,.rodata,18,19,1,True,T3,0,0,0,True,鍛冶職人アレックス,euc_jp
5256912,147875536,0,.rodata,18,19,1,True,T3,0,0,0,True,上級研究員ニコラス,euc_jp
5256932,147875556,0,.rodata,18,19,1,True,T3,0,0,0,True,警備隊隊長ダニエル,euc_jp
5256952,147875576,0,.rodata,12,15,3,True,T3,0,0,0,True,採鉱員ラモン,euc_jp
5256968,147875592,0,.rodata,18,19,1,True,T3,0,0,0,True,青年実業家エゴイツ,euc_jp
5256988,147875612,0,.rodata,12,15,3,True,T3,0,0,0,True,大地主マウイ,euc_jp
5257004,147875628,0,.rodata,20,23,3,True,T3,0,0,0,True,セレブ夫人シルヴィア,euc_jp
5257028,147875652,0,.rodata,16,19,3,True,T3,0,0,0,True,美食家カロリーナ,euc_jp
5257048,147875672,0,.rodata,12,15,3,True,T3,0,0,0,True,薬剤師ジェマ,euc_jp
5257064,147875688,0,.rodata,12,15,3,True,T3,0,0,0,True,整体師テレサ,euc_jp
5288968,147907592,0,.rodata,8,11,3,True,T3,0,0,0,True,重要任務,euc_jp
5288980,147907604,0,.rodata,12,15,3,True,T3,0,0,0,True,退治クエスト,euc_jp
5288996,147907620,0,.rodata,12,15,3,True,T3,0,0,0,True,納品クエスト,euc_jp
5289012,147907636,0,.rodata,20,23,3,True,T3,0,0,0,True,アンジュにおまかせ！,euc_jp
5289036,147907660,0,.rodata,16,19,3,True,T3,0,0,0,True,達成済みクエスト,euc_jp
5289056,147907680,0,.rodata,20,23,3,True,T3,0,0,0,True,最近達成したクエスト,euc_jp
5289080,147907704,0,.rodata,4,7,3,True,T3,0,0,0,True,戻る,euc_jp
5289088,147907712,0,.rodata,20,23,3,True,T3,0,0,0,True,クエストカテゴリ選択,euc_jp
5289136,147907760,0,.rodata,34,35,1,True,T3,0,0,0,True,現在受けているクエストはありません,euc_jp
5289196,147907820,0,.rodata,10,11,1,True,T3,0,0,0,True,ターゲット,euc_jp
5289216,147907840,0,.rodata,10,11,1,True,T3,0,0,0,True,メンバー数,euc_jp
5289240,147907864,0,.rodata,8,11,3,True,T3,0,0,0,True,メリット,euc_jp
5289312,147907936,0,.rodata,4,7,3,True,T3,0,0,0,True,なし,euc_jp
5289320,147907944,0,.rodata,12,15,3,True,T3,0,0,0,True,対決クエスト,euc_jp
5289336,147907960,0,.rodata,10,11,1,True,T3,0,0,0,True,重要任務！,euc_jp
5289348,147907972,0,.rodata,12,15,3,True,T3,0,0,0,True,特殊クエスト,euc_jp
5289364,147907988,0,.rodata,12,15,3,True,T3,0,0,0,True,決闘クエスト,euc_jp
5289388,147908012,0,.rodata,8,11,3,True,T3,0,0,0,True,%dガルド,euc_jp
5289424,147908048,0,.rodata,6,7,1,True,T3,0,0,0,True,%sさん,euc_jp
5289432,147908056,0,.rodata,22,23,1,True,T3,0,0,0,True,メリットは付与しません,euc_jp
5289488,147908112,0,.rodata,13,15,2,True,T3,0,0,0,True,レア獲得増＋5,euc_jp
5289516,147908140,0,.rodata,19,19,0,True,T3,0,0,0,True,宝箱ドロップ効果＋1,euc_jp
5289568,147908192,0,.rodata,14,15,1,True,T3,0,0,0,True,レア獲得増＋10,euc_jp
5289596,147908220,0,.rodata,19,19,0,True,T3,0,0,0,True,宝箱ドロップ効果＋2,euc_jp
5289648,147908272,0,.rodata,14,15,1,True,T3,0,0,0,True,レア獲得増＋20,euc_jp
5289676,147908300,0,.rodata,19,19,0,True,T3,0,0,0,True,宝箱ドロップ効果＋3,euc_jp
5289728,147908352,0,.rodata,14,15,1,True,T3,0,0,0,True,レア獲得増＋30,euc_jp
5289756,147908380,0,.rodata,19,19,0,True,T3,0,0,0,True,宝箱ドロップ効果＋5,euc_jp
5289812,147908436,0,.rodata,14,15,1,True,T3,0,0,0,True,レア獲得増＋40,euc_jp
5289844,147908468,0,.rodata,20,23,3,True,T3,0,0,0,True,宝箱ドロップ効果＋10,euc_jp
5289948,147908572,0,.rodata,6,7,1,True,T3,0,0,0,True,ローブ,euc_jp
5290004,147908628,0,.rodata,12,15,3,True,T3,0,0,0,True,場所別で選択,euc_jp
5290020,147908644,0,.rodata,12,15,3,True,T3,0,0,0,True,目的別で選択,euc_jp
5290036,147908660,0,.rodata,14,15,1,True,T3,0,0,0,True,依頼人別で選択,euc_jp
5290052,147908676,0,.rodata,14,15,1,True,T3,0,0,0,True,難易度別で選択,euc_jp
5290068,147908692,0,.rodata,12,15,3,True,T3,0,0,0,True,ルバーブ連山,euc_jp
5290084,147908708,0,.rodata,18,19,1,True,T3,0,0,0,True,コンフェイト大森林,euc_jp
5290104,147908728,0,.rodata,14,15,1,True,T3,0,0,0,True,ブラウニー坑道,euc_jp
5290120,147908744,0,.rodata,14,15,1,True,T3,0,0,0,True,オルタータ火山,euc_jp
5290136,147908760,0,.rodata,12,15,3,True,T3,0,0,0,True,カダイフ砂漠,euc_jp
5290152,147908776,0,.rodata,16,19,3,True,T3,0,0,0,True,アルマナック遺跡,euc_jp
5290172,147908796,0,.rodata,14,15,1,True,T3,0,0,0,True,霊峰アブソール,euc_jp
5290188,147908812,0,.rodata,14,15,1,True,T3,0,0,0,True,ヴェラトローパ,euc_jp
5290204,147908828,0,.rodata,12,15,3,True,T3,0,0,0,True,シフノ湧泉洞,euc_jp
5290220,147908844,0,.rodata,16,19,3,True,T3,0,0,0,True,聖地ラングリース,euc_jp
5290240,147908864,0,.rodata,18,19,1,True,T3,0,0,0,True,エラン・ヴィタール,euc_jp
5290260,147908884,0,.rodata,10,11,1,True,T3,0,0,0,True,追憶の坑道,euc_jp
5290272,147908896,0,.rodata,12,15,3,True,T3,0,0,0,True,納品物で選択,euc_jp
5290288,147908912,0,.rodata,21,23,2,True,T3,0,0,0,True,退治モンスターで選択1,euc_jp
5290312,147908936,0,.rodata,21,23,2,True,T3,0,0,0,True,退治モンスターで選択2,euc_jp
5290336,147908960,0,.rodata,10,11,1,True,T3,0,0,0,True,採掘で選択,euc_jp
5290348,147908972,0,.rodata,10,11,1,True,T3,0,0,0,True,採取で選択,euc_jp
5290360,147908984,0,.rodata,14,15,1,True,T3,0,0,0,True,ドロップで選択,euc_jp
5290376,147909000,0,.rodata,13,15,2,True,T3,0,0,0,True,青宝箱で選択1,euc_jp
5290392,147909016,0,.rodata,13,15,2,True,T3,0,0,0,True,青宝箱で選択2,euc_jp
5290408,147909032,0,.rodata,8,11,3,True,T3,0,0,0,True,男で選択,euc_jp
5290420,147909044,0,.rodata,8,11,3,True,T3,0,0,0,True,女で選択,euc_jp
5290432,147909056,0,.rodata,12,15,3,True,T3,0,0,0,True,男の子ジャン,euc_jp
5290448,147909072,0,.rodata,12,15,3,True,T3,0,0,0,True,行商人ガメル,euc_jp
5290464,147909088,0,.rodata,18,19,1,True,T3,0,0,0,True,新米狩人ジェロニモ,euc_jp
5290484,147909108,0,.rodata,18,19,1,True,T3,0,0,0,True,地方領主レイモンド,euc_jp
5290504,147909128,0,.rodata,20,23,3,True,T3,0,0,0,True,雑貨屋店主フンダクル,euc_jp
5290528,147909152,0,.rodata,14,15,1,True,T3,0,0,0,True,収集家ヘラルド,euc_jp
5290544,147909168,0,.rodata,18,19,1,True,T3,0,0,0,True,鍛冶職人アレックス,euc_jp
5290564,147909188,0,.rodata,18,19,1,True,T3,0,0,0,True,上級研究員ニコラス,euc_jp
5290584,147909208,0,.rodata,18,19,1,True,T3,0,0,0,True,警備隊隊長ダニエル,euc_jp
5290604,147909228,0,.rodata,12,15,3,True,T3,0,0,0,True,採鉱員ラモン,euc_jp
5290620,147909244,0,.rodata,18,19,1,True,T3,0,0,0,True,青年実業家エゴイツ,euc_jp
5290640,147909264,0,.rodata,12,15,3,True,T3,0,0,0,True,大地主マウイ,euc_jp
5290656,147909280,0,.rodata,12,15,3,True,T3,0,0,0,True,女の子ルシア,euc_jp
5290672,147909296,0,.rodata,14,15,1,True,T3,0,0,0,True,夢見る少女リナ,euc_jp
5290688,147909312,0,.rodata,16,19,3,True,T3,0,0,0,True,細工職人ディアナ,euc_jp
5290708,147909332,0,.rodata,14,15,1,True,T3,0,0,0,True,占い婆アイーダ,euc_jp
5290724,147909348,0,.rodata,20,23,3,True,T3,0,0,0,True,セレブ夫人シルヴィア,euc_jp
5290748,147909372,0,.rodata,16,19,3,True,T3,0,0,0,True,美食家カロリーナ,euc_jp
5290768,147909392,0,.rodata,12,15,3,True,T3,0,0,0,True,薬剤師ジェマ,euc_jp
5290784,147909408,0,.rodata,12,15,3,True,T3,0,0,0,True,整体師テレサ,euc_jp
5290800,147909424,0,.rodata,12,15,3,True,T3,0,0,0,True,★一つで選択,euc_jp
5290816,147909440,0,.rodata,12,15,3,True,T3,0,0,0,True,★二つで選択,euc_jp
5290832,147909456,0,.rodata,12,15,3,True,T3,0,0,0,True,★三つで選択,euc_jp
5290848,147909472,0,.rodata,12,15,3,True,T3,0,0,0,True,★四つで選択,euc_jp
5290864,147909488,0,.rodata,13,15,2,True,T3,0,0,0,True,★五つで選択1,euc_jp
5290880,147909504,0,.rodata,13,15,2,True,T3,0,0,0,True,★五つで選択2,euc_jp
5290896,147909520,0,.rodata,12,15,3,True,T3,0,0,0,True,間引きで選択,euc_jp
5290912,147909536,0,.rodata,8,11,3,True,T3,0,0,0,True,ゲコゲコ,euc_jp
5290924,147909548,0,.rodata,6,7,1,True,T3,0,0,0,True,ウルフ,euc_jp
5290932,147909556,0,.rodata,12,15,3,True,T3,0,0,0,True,サイノッサス,euc_jp
5290948,147909572,0,.rodata,10,11,1,True,T3,0,0,0,True,ガーゴイル,euc_jp
5290960,147909584,0,.rodata,8,11,3,True,T3,0,0,0,True,ガルーダ,euc_jp
5290972,147909596,0,.rodata,12,15,3,True,T3,0,0,0,True,デカウオント,euc_jp
5290988,147909612,0,.rodata,12,15,3,True,T3,0,0,0,True,チュンチュン,euc_jp
5291004,147909628,0,.rodata,10,11,1,True,T3,0,0,0,True,バシリスク,euc_jp
5291016,147909640,0,.rodata,8,11,3,True,T3,0,0,0,True,オタオタ,euc_jp
5291028,147909652,0,.rodata,8,11,3,True,T3,0,0,0,True,ミミック,euc_jp
5291040,147909664,0,.rodata,12,15,3,True,T3,0,0,0,True,アイスバット,euc_jp
5291056,147909680,0,.rodata,12,15,3,True,T3,0,0,0,True,アイスウルフ,euc_jp
5291072,147909696,0,.rodata,12,15,3,True,T3,0,0,0,True,ドウラクラブ,euc_jp
5291088,147909712,0,.rodata,12,15,3,True,T3,0,0,0,True,デカラビアス,euc_jp
5291104,147909728,0,.rodata,18,19,1,True,T3,0,0,0,True,メデューサローパー,euc_jp
5291124,147909748,0,.rodata,18,19,1,True,T3,0,0,0,True,ジルディシュバリエ,euc_jp
5291144,147909768,0,.rodata,10,11,1,True,T3,0,0,0,True,ブラッサム,euc_jp
5291156,147909780,0,.rodata,12,15,3,True,T3,0,0,0,True,ロックワーム,euc_jp
5291172,147909796,0,.rodata,12,15,3,True,T3,0,0,0,True,ミニデカパン,euc_jp
5291188,147909812,0,.rodata,10,11,1,True,T3,0,0,0,True,デカコパン,euc_jp
5291200,147909824,0,.rodata,18,19,1,True,T3,0,0,0,True,ネガティブプラント,euc_jp
5291220,147909844,0,.rodata,16,19,3,True,T3,0,0,0,True,ウォーターバット,euc_jp
5291240,147909864,0,.rodata,14,15,1,True,T3,0,0,0,True,グロスベルヴァ,euc_jp
5291256,147909880,0,.rodata,6,7,1,True,T3,0,0,0,True,バット,euc_jp
5291264,147909888,0,.rodata,10,11,1,True,T3,0,0,0,True,スケルトン,euc_jp
5291276,147909900,0,.rodata,14,15,1,True,T3,0,0,0,True,ストーンゴレム,euc_jp
5291292,147909916,0,.rodata,8,11,3,True,T3,0,0,0,True,オタレド,euc_jp
5291304,147909928,0,.rodata,8,11,3,True,T3,0,0,0,True,ヒラリス,euc_jp
5291332,147909956,0,.rodata,12,15,3,True,T3,0,0,0,True,モルダバイト,euc_jp
5291348,147909972,0,.rodata,12,15,3,True,T3,0,0,0,True,ヒヒイロカネ,euc_jp
5291376,147910000,0,.rodata,8,11,3,True,T3,0,0,0,True,アップル,euc_jp
5291392,147910016,0,.rodata,8,11,3,True,T3,0,0,0,True,こくもつ,euc_jp
5291404,147910028,0,.rodata,6,7,1,True,T3,0,0,0,True,たまご,euc_jp
5291412,147910036,0,.rodata,6,7,1,True,T3,0,0,0,True,レモン,euc_jp
5291420,147910044,0,.rodata,8,11,3,True,T3,0,0,0,True,スパイス,euc_jp
5291432,147910056,0,.rodata,8,11,3,True,T3,0,0,0,True,聖なる実,euc_jp
5291448,147910072,0,.rodata,12,15,3,True,T3,0,0,0,True,レアスパイス,euc_jp
5291464,147910088,0,.rodata,12,15,3,True,T3,0,0,0,True,エンゼルヘア,euc_jp
5291480,147910104,0,.rodata,12,15,3,True,T3,0,0,0,True,貧弱なウロコ,euc_jp
5291496,147910120,0,.rodata,14,15,1,True,T3,0,0,0,True,抜け落ちた羽根,euc_jp
5291512,147910136,0,.rodata,10,11,1,True,T3,0,0,0,True,乾いた触手,euc_jp
5291524,147910148,0,.rodata,12,15,3,True,T3,0,0,0,True,長いクチバシ,euc_jp
5291540,147910164,0,.rodata,12,15,3,True,T3,0,0,0,True,スカスカの骨,euc_jp
5291556,147910180,0,.rodata,8,11,3,True,T3,0,0,0,True,長い羽根,euc_jp
5291568,147910192,0,.rodata,10,11,1,True,T3,0,0,0,True,鉤のある針,euc_jp
5291580,147910204,0,.rodata,12,15,3,True,T3,0,0,0,True,堅守のウロコ,euc_jp
5291596,147910220,0,.rodata,14,15,1,True,T3,0,0,0,True,なめらかな表皮,euc_jp
5291612,147910236,0,.rodata,12,15,3,True,T3,0,0,0,True,異常発達の骨,euc_jp
5291628,147910252,0,.rodata,12,15,3,True,T3,0,0,0,True,生暖かい触手,euc_jp
5291644,147910268,0,.rodata,16,19,3,True,T3,0,0,0,True,いかついクチバシ,euc_jp
5291664,147910288,0,.rodata,8,11,3,True,T3,0,0,0,True,滑る触手,euc_jp
5291676,147910300,0,.rodata,10,11,1,True,T3,0,0,0,True,遺恨放つ骨,euc_jp
5291688,147910312,0,.rodata,8,11,3,True,T3,0,0,0,True,覇王の牙,euc_jp
5291700,147910324,0,.rodata,10,11,1,True,T3,0,0,0,True,幻視のヒゲ,euc_jp
5291712,147910336,0,.rodata,12,15,3,True,T3,0,0,0,True,虹彩放つ羽根,euc_jp
5291728,147910352,0,.rodata,12,15,3,True,T3,0,0,0,True,全てを貫く針,euc_jp
5292368,147910992,0,.rodata,16,19,3,True,T3,0,0,0,True,＜ダンジョン名＞,euc_jp
5292388,147911012,0,.rodata,14,15,1,True,T3,0,0,0,True,＜アイテム名＞,euc_jp
5292420,147911044,0,.rodata,16,19,3,True,T3,0,0,0,True,＜モンスター名＞,euc_jp
5292472,147911096,0,.rodata,10,11,1,True,T3,0,0,0,True,＜エリア＞,euc_jp
5292544,147911168,0,.rodata,12,15,3,True,T3,0,0,0,True,[指定色戻し],euc_jp
5316708,147935332,0,.rodata,28,31,3,True,T3,0,0,0,True,エキシビションバトル（１人）,euc_jp
5316740,147935364,0,.rodata,52,55,3,True,T3,0,0,0,True,キミをご指名に挑戦者が来てるよ！　相手してみるかい？,euc_jp
5316796,147935420,0,.rodata,28,31,3,True,T3,0,0,0,True,エキシビションバトル（２人）,euc_jp
5316828,147935452,0,.rodata,58,59,1,True,T3,0,0,0,True,キミをご指名に二人の挑戦者が来てるよ！　相手してみるかい？,euc_jp
5316888,147935512,0,.rodata,28,31,3,True,T3,0,0,0,True,エキシビションバトル（３人）,euc_jp
5316920,147935544,0,.rodata,58,59,1,True,T3,0,0,0,True,キミをご指名に三人の挑戦者が来てるよ！　相手してみるかい？,euc_jp
5316980,147935604,0,.rodata,28,31,3,True,T3,0,0,0,True,エキシビションバトル（４人）,euc_jp
5317012,147935636,0,.rodata,58,59,1,True,T3,0,0,0,True,キミをご指名に四人の挑戦者が来てるよ！　相手してみるかい？,euc_jp
5317072,147935696,0,.rodata,14,15,1,True,T3,0,0,0,True,歴戦の英雄たち,euc_jp
5317088,147935712,0,.rodata,71,71,0,True,T3,0,0,0,True,かつて英雄とも言われたこの二人！#そんな彼らに挑む命知らずはいないかい？,euc_jp
5317160,147935784,0,.rodata,16,19,3,True,T3,0,0,0,True,真実と偽りの仮面,euc_jp
5317180,147935804,0,.rodata,75,75,0,True,T3,0,0,0,True,仲は悪そうだけど剣の腕は息ぴったり！#どこか似た者同士の二人に挑むのは誰だ！,euc_jp
5317256,147935880,0,.rodata,18,19,1,True,T3,0,0,0,True,己の正義と騎士道と,euc_jp
5317276,147935900,0,.rodata,89,91,2,True,T3,0,0,0,True,元騎士とホンモノの現役騎士が相手だよ！#さー、観客も楽しみにしてるよ。挑戦者はいないかな？,euc_jp
5317368,147935992,0,.rodata,12,15,3,True,T3,0,0,0,True,生まれし意味,euc_jp
5317384,147936008,0,.rodata,77,79,2,True,T3,0,0,0,True,何とッ！　とうとうこの闘技場にも王族が！#この二人に勝てる屈強な挑戦者は誰！？,euc_jp
5317464,147936088,0,.rodata,12,15,3,True,T3,0,0,0,True,世界樹の防人,euc_jp
5317480,147936104,0,.rodata,99,99,0,True,T3,0,0,0,True,世界樹の防人を謳うこの二人。今まで挑んだ者は皆倒れる運命に！#この運命を打ち破る新たな挑戦者は誰だ！,euc_jp
5317580,147936204,0,.rodata,10,11,1,True,T3,0,0,0,True,桜花絢爛！,euc_jp
5317592,147936216,0,.rodata,87,87,0,True,T3,0,0,0,True,可愛いながらも豪快な剣技をごろうじろ！#挑戦者殺到の人気試合だよ！　申し込みはお早めに！,euc_jp
5317680,147936304,0,.rodata,30,31,1,True,T3,0,0,0,True,アイテムなぞ…僕も持ってるよ！,euc_jp
5317712,147936336,0,.rodata,107,107,0,True,T3,0,0,0,True,メチャクチャな奴らが強い挑戦者を相手に暴れたいらしいんだ！#手に負えないから、誰か大人しくさせてくれよ〜！！,euc_jp
5317820,147936444,0,.rodata,28,31,3,True,T3,0,0,0,True,２０１０！ヒーローズベスト３,euc_jp
5317852,147936476,0,.rodata,75,75,0,True,T3,0,0,0,True,我が闘技場で人気のヒーロー達が相手だよ！#勝てばキミも人気者になれるかも！？,euc_jp
5317928,147936552,0,.rodata,28,31,3,True,T3,0,0,0,True,２０１０！ヒロインズベスト３,euc_jp
5317960,147936584,0,.rodata,77,79,2,True,T3,0,0,0,True,我が闘技場で人気のビューティ達が相手だよ！#勝てばキミも人気者になれるかも！？,euc_jp
5318040,147936664,0,.rodata,20,23,3,True,T3,0,0,0,True,異世界のディセンダー,euc_jp
5318064,147936688,0,.rodata,81,83,2,True,T3,0,0,0,True,異世界からの参加者だよ！#見た事もない技で観客を沸かせるスゴイ奴さ！　挑んでみる？,euc_jp
5318148,147936772,0,.rodata,8,11,3,True,T3,0,0,0,True,穢れの王,euc_jp
5318160,147936784,0,.rodata,87,87,0,True,T3,0,0,0,True,異世界からの参加者だよ！#姿はおっかないけど、構って欲しいシャイな彼さ！　誰が挑むかな？,euc_jp
5318264,147936888,0,.rodata,69,71,2,True,T3,0,0,0,True,エターナルソードを手に、時空剣士が参戦だ！#さあ、挑戦するのは誰かい？,euc_jp
5318336,147936960,0,.rodata,8,11,3,True,T3,0,0,0,True,爆炎の剣,euc_jp
5318348,147936972,0,.rodata,66,67,1,True,T3,0,0,0,True,己の剣を相棒として扱う熱い男が参戦だ！#HOTなバトルで魅せてくれよ！,euc_jp
5318416,147937040,0,.rodata,12,15,3,True,T3,0,0,0,True,極光秘めし者,euc_jp
5318432,147937056,0,.rodata,69,71,2,True,T3,0,0,0,True,内なる輝き、極光を秘めし者リッドが参戦だ！#この眩しさにキミは勝てる？,euc_jp
5318516,147937140,0,.rodata,87,87,0,True,T3,0,0,0,True,英雄志願の少年が、更なる高みを目指して参戦だーい！#彼を成長させてくれる挑戦者は誰だッ？,euc_jp
5318604,147937228,0,.rodata,16,19,3,True,T3,0,0,0,True,双剣＝２倍強し！,euc_jp
5318624,147937248,0,.rodata,81,83,2,True,T3,0,0,0,True,二刀流の強さを世に知らしめる為に参戦だ！#その剣技を前に、挑戦者はどう出るのか！？,euc_jp
5318708,147937332,0,.rodata,8,11,3,True,T3,0,0,0,True,冷たき炎,euc_jp
5318720,147937344,0,.rodata,103,103,0,True,T3,0,0,0,True,氷の様にクールな男さ！　だけどもハートは誰よりもヒート！#さあ、彼をもっと熱くさせる挑戦者はいないかい？,euc_jp
5318824,147937448,0,.rodata,10,11,1,True,T3,0,0,0,True,輝ける滄我,euc_jp
5318836,147937460,0,.rodata,81,83,2,True,T3,0,0,0,True,輝くその手で繰り出されるは拳の舞踏！#めくるめく技に相手はたちまちノックアウトさ！,euc_jp
5318920,147937544,0,.rodata,12,15,3,True,T3,0,0,0,True,秘められし力,euc_jp
5318936,147937560,0,.rodata,97,99,2,True,T3,0,0,0,True,世間知らずなこの彼は、あのアルバート流の使い手さ！#勝てばこの闘技場でも名を馳せられちゃうかもね！,euc_jp
5319036,147937660,0,.rodata,10,11,1,True,T3,0,0,0,True,野生の魂！,euc_jp
5319048,147937672,0,.rodata,83,83,0,True,T3,0,0,0,True,その身体に流れるは、レイモーンの民の野生の血！#さーぁ、誰が彼をてなづけられるかな？,euc_jp
5319132,147937756,0,.rodata,14,15,1,True,T3,0,0,0,True,優しき炎の戦士,euc_jp
5319148,147937772,0,.rodata,99,99,0,True,T3,0,0,0,True,ナヨっとしてるけど、大剣を持てばその強さは鬼神の如し！#豪快なその闘いっぷりに、君は圧倒されるハズ！,euc_jp
5319248,147937872,0,.rodata,12,15,3,True,T3,0,0,0,True,もう一人の僕,euc_jp
5319264,147937888,0,.rodata,83,83,0,True,T3,0,0,0,True,戦いに赴く時は別の顔！　彼の本当の姿はどっちなの！？#それを暴く挑戦者は一体誰だ！？,euc_jp
5319348,147937972,0,.rodata,14,15,1,True,T3,0,0,0,True,貫ぬかれし正義,euc_jp
5319364,147937988,0,.rodata,95,95,0,True,T3,0,0,0,True,お尋ね者の彼だけど…信じ突き進むは己の正義の道！#さあ、彼の正義とやらにぶつかってみる奴は誰だ！,euc_jp
5319460,147938084,0,.rodata,12,15,3,True,T3,0,0,0,True,心優しき剣士,euc_jp
5319476,147938100,0,.rodata,75,75,0,True,T3,0,0,0,True,好奇心が彼のパワーの源さ！#ガンドコ突き進む彼の好奇心を満たす相手は誰かな？,euc_jp
5319552,147938176,0,.rodata,10,11,1,True,T3,0,0,0,True,騎士の本願,euc_jp
5319564,147938188,0,.rodata,71,71,0,True,T3,0,0,0,True,大切なものを守る為、彼は今日も剣を取る！#現役騎士の彼に挑む者は誰だい？,euc_jp
5319636,147938260,0,.rodata,14,15,1,True,T3,0,0,0,True,未来を描く少女,euc_jp
5319652,147938276,0,.rodata,84,87,3,True,T3,0,0,0,True,あの娘は大剣使いのWAR　HEAD！！#彼女のラヴ・ビートを闘技場に響かせてくれるのは誰！？,euc_jp
5319740,147938364,0,.rodata,14,15,1,True,T3,0,0,0,True,華麗なる挑戦者,euc_jp
5319756,147938380,0,.rodata,79,79,0,True,T3,0,0,0,True,お玉とまんぼうを手に、キッチンという戦場からやって来た！#エプロン姿で登場だい！,euc_jp
5319848,147938472,0,.rodata,77,79,2,True,T3,0,0,0,True,我が闘技場で不動のチャンピオンさ！#彼のチャンピオンベルトを剥ぎ取るのは誰！？,euc_jp
5319928,147938552,0,.rodata,20,23,3,True,T3,0,0,0,True,〜戦狂〜死闘するもの,euc_jp
5319952,147938576,0,.rodata,73,75,2,True,T3,0,0,0,True,彼の通った後は骸しか残らない！#奴の強大な破壊力には誰もかなわないのか！？,euc_jp
5320028,147938652,0,.rodata,14,15,1,True,T3,0,0,0,True,ホワイトデビル,euc_jp
5320044,147938668,0,.rodata,91,91,0,True,T3,0,0,0,True,チュンチュンよりも速く、キラービーの如く刺す！#闘技場のオーナー・モルモ様がお相手だーい！！,euc_jp
5320136,147938760,0,.rodata,23,23,0,True,T3,0,0,0,True,もう一人のディセンダー ,euc_jp
5320160,147938784,0,.rodata,89,91,2,True,T3,0,0,0,True,小春日和な笑顔とは裏腹に、繰り出す技は花吹雪！#異世界のディセンダーの力に挑むのは誰だ！！,euc_jp
5320252,147938876,0,.rodata,18,19,1,True,T3,0,0,0,True,たたかえ！パン職人,euc_jp
5320272,147938896,0,.rodata,105,107,2,True,T3,0,0,0,True,「ワンダーパン職人流パン術免許皆伝」の称号を持つ#あの娘が参戦だい！！　彼女のパン沙雨を食らってみるかい？,euc_jp
5320380,147939004,0,.rodata,10,11,1,True,T3,0,0,0,True,伝説の末裔,euc_jp
5320392,147939016,0,.rodata,54,55,1,True,T3,0,0,0,True,まさに王道、まさに正統派のヒーロー＆ヒロインが参戦だ！,euc_jp
5320448,147939072,0,.rodata,10,11,1,True,T3,0,0,0,True,運命の戦士,euc_jp
5320460,147939084,0,.rodata,40,43,3,True,T3,0,0,0,True,不思議な剣を携えた、運命の二人が参戦だ！,euc_jp
5320504,147939128,0,.rodata,10,11,1,True,T3,0,0,0,True,永遠の望郷,euc_jp
5320516,147939140,0,.rodata,48,51,3,True,T3,0,0,0,True,戦闘のリズムもぴったり！　幼馴染の二人が参戦だ！,euc_jp
5320568,147939192,0,.rodata,18,19,1,True,T3,0,0,0,True,女神に選ばれし英雄,euc_jp
5320588,147939212,0,.rodata,36,39,3,True,T3,0,0,0,True,異世界からの英雄志願がペアで参戦だ！,euc_jp
5320628,147939252,0,.rodata,14,15,1,True,T3,0,0,0,True,世界再生の旅人,euc_jp
5320644,147939268,0,.rodata,44,47,3,True,T3,0,0,0,True,二刀流の剣士と天使の不思議なペアが参戦だ！！,euc_jp
5320700,147939324,0,.rodata,40,43,3,True,T3,0,0,0,True,氷と雨を操る二人が闘技場にやって来たよ！,euc_jp
5320744,147939368,0,.rodata,10,11,1,True,T3,0,0,0,True,猛りの滄我,euc_jp
5320756,147939380,0,.rodata,46,47,1,True,T3,0,0,0,True,今日は兄妹で腕試し！　風変わりなペアが参戦だ！,euc_jp
5320804,147939428,0,.rodata,12,15,3,True,T3,0,0,0,True,共鳴する二人,euc_jp
5320820,147939444,0,.rodata,60,63,3,True,T3,0,0,0,True,わがままお坊ちゃまとストイックなビューティがペアで参戦だよ！,euc_jp
5320884,147939508,0,.rodata,12,15,3,True,T3,0,0,0,True,美女と野獣？,euc_jp
5320900,147939524,0,.rodata,58,59,1,True,T3,0,0,0,True,いつもはケンカが絶えない二人だけど、今日は協力して参戦さ！,euc_jp
5320960,147939584,0,.rodata,16,19,3,True,T3,0,0,0,True,受け継がれし前世,euc_jp
5320980,147939604,0,.rodata,61,63,2,True,T3,0,0,0,True,イジりイジられ夫婦漫才は最早お家芸！#今日は真剣勝負で参戦だ！,euc_jp
5321044,147939668,0,.rodata,16,19,3,True,T3,0,0,0,True,ラタトスクの騎士,euc_jp
5321064,147939688,0,.rodata,54,55,1,True,T3,0,0,0,True,今日のデートは闘技場？　カップル（？）で参戦だってさ！,euc_jp
5321120,147939744,0,.rodata,12,15,3,True,T3,0,0,0,True,正義を信じて,euc_jp
5321136,147939760,0,.rodata,67,67,0,True,T3,0,0,0,True,二人の絆は正義の為に！#正義の道を踏みしめて、二人が闘技場に参戦だ！,euc_jp
5321204,147939828,0,.rodata,10,11,1,True,T3,0,0,0,True,ふれあう心,euc_jp
5321216,147939840,0,.rodata,38,39,1,True,T3,0,0,0,True,ピュアなハートの二人が腕試しに参戦だ！,euc_jp
5321256,147939880,0,.rodata,12,15,3,True,T3,0,0,0,True,守りたいもの,euc_jp
5321272,147939896,0,.rodata,69,71,2,True,T3,0,0,0,True,守りたいものを守る為に…。#その願いを胸に、強さを求める二人が参戦だ！,euc_jp
5321344,147939968,0,.rodata,22,23,1,True,T3,0,0,0,True,友としてライバルとして,euc_jp
5321368,147939992,0,.rodata,56,59,3,True,T3,0,0,0,True,親友であり、ライバルでもあるベストマッチな二人が参戦だ！,euc_jp
5321428,147940052,0,.rodata,14,15,1,True,T3,0,0,0,True,貫け！百年の恋,euc_jp
5321444,147940068,0,.rodata,60,63,3,True,T3,0,0,0,True,犬猿の仲のこの二人！　ホントは気になる関係の二人が参戦だい！,euc_jp
5321508,147940132,0,.rodata,18,19,1,True,T3,0,0,0,True,チームファンタジア,euc_jp
5321528,147940152,0,.rodata,58,59,1,True,T3,0,0,0,True,チームワークはバッチリさ！　いつも一緒のこの四人が参戦だ！,euc_jp
5321588,147940212,0,.rodata,12,15,3,True,T3,0,0,0,True,相容れぬ２人,euc_jp
5321604,147940228,0,.rodata,50,51,1,True,T3,0,0,0,True,性格も闘い方も真逆の二人がコンビを組んで参戦だい！,euc_jp
5321656,147940280,0,.rodata,12,15,3,True,T3,0,0,0,True,切ない片思い,euc_jp
5321672,147940296,0,.rodata,50,51,1,True,T3,0,0,0,True,せめて闘う時だけは！　切ない関係の二人が参戦だよ！,euc_jp
5321724,147940348,0,.rodata,14,15,1,True,T3,0,0,0,True,切ない片思い２,euc_jp
5321740,147940364,0,.rodata,79,79,0,True,T3,0,0,0,True,切ない恋に顔で笑って背中で泣いて！#漢コングマンのいいとこ見せたい晴れ舞台だよ！,euc_jp
5321832,147940456,0,.rodata,44,47,3,True,T3,0,0,0,True,同じ弓の師のもとで修行したこの二人が参戦だ！,euc_jp
5321880,147940504,0,.rodata,18,19,1,True,T3,0,0,0,True,チームデスティニー,euc_jp
5321900,147940524,0,.rodata,40,43,3,True,T3,0,0,0,True,運命に導かれ、出会ったこの四人が参戦だ！,euc_jp
5321944,147940568,0,.rodata,12,15,3,True,T3,0,0,0,True,光と闇の極光,euc_jp
5321960,147940584,0,.rodata,40,43,3,True,T3,0,0,0,True,光と闇、二つの力が揃って闘技場に参戦だ！,euc_jp
5322004,147940628,0,.rodata,8,11,3,True,T3,0,0,0,True,望郷の友,euc_jp
5322016,147940640,0,.rodata,40,43,3,True,T3,0,0,0,True,幼い頃からいつも一緒のこの三人が参戦だ！,euc_jp
5322060,147940684,0,.rodata,12,15,3,True,T3,0,0,0,True,船長と子分達,euc_jp
5322076,147940700,0,.rodata,52,55,3,True,T3,0,0,0,True,あのバンエルティア号の船長が子分を引き連れて参戦だ！,euc_jp
5322132,147940756,0,.rodata,16,19,3,True,T3,0,0,0,True,チームエターニア,euc_jp
5322152,147940776,0,.rodata,50,51,1,True,T3,0,0,0,True,いつもにぎやかのんびり四人が今日は本気で参戦だい！,euc_jp
5322212,147940836,0,.rodata,40,43,3,True,T3,0,0,0,True,人情厚い、技も熱い義兄弟の二人が参戦だ！,euc_jp
5322256,147940880,0,.rodata,18,19,1,True,T3,0,0,0,True,愛のコブラツイスト,euc_jp
5322276,147940900,0,.rodata,57,59,2,True,T3,0,0,0,True,今日だけは彼女の関節技から逃れて！#剛力な二人が参戦だよ！,euc_jp
5322336,147940960,0,.rodata,20,23,3,True,T3,0,0,0,True,チームデスティニー２,euc_jp
5322360,147940984,0,.rodata,40,43,3,True,T3,0,0,0,True,異世界からやって来たこの四人が参戦だよ！,euc_jp
5322420,147941044,0,.rodata,34,35,1,True,T3,0,0,0,True,まるで親子の様なこの二人が参戦だ！,euc_jp
5322456,147941080,0,.rodata,12,15,3,True,T3,0,0,0,True,世界樹の神子,euc_jp
5322472,147941096,0,.rodata,40,43,3,True,T3,0,0,0,True,マナの加護を強く受けた謎の二人が参戦だ！,euc_jp
5322516,147941140,0,.rodata,14,15,1,True,T3,0,0,0,True,もう一つの世界,euc_jp
5322532,147941156,0,.rodata,46,47,1,True,T3,0,0,0,True,戦い方も性格もまるで違う個性的な三人が参戦だ！,euc_jp
5322580,147941204,0,.rodata,20,23,3,True,T3,0,0,0,True,もっと地獄な課外授業,euc_jp
5322604,147941228,0,.rodata,48,51,3,True,T3,0,0,0,True,こんなのアリ？　教師と生徒で闘技場に参戦だって！,euc_jp
5322656,147941280,0,.rodata,18,19,1,True,T3,0,0,0,True,チームシンフォニア,euc_jp
5322676,147941300,0,.rodata,42,43,1,True,T3,0,0,0,True,響きあうチームワークを見せる四人が参戦だ！,euc_jp
5322720,147941344,0,.rodata,16,19,3,True,T3,0,0,0,True,熱血！友情コンビ,euc_jp
5322740,147941364,0,.rodata,42,43,1,True,T3,0,0,0,True,拳で語り合う友情パワーでこの二人が参戦だ！,euc_jp
5322784,147941408,0,.rodata,10,11,1,True,T3,0,0,0,True,悲しき運命,euc_jp
5322796,147941420,0,.rodata,30,31,1,True,T3,0,0,0,True,雨と鋼の力で挑む二人が参戦だ！,euc_jp
5322828,147941452,0,.rodata,14,15,1,True,T3,0,0,0,True,チームリバース,euc_jp
5322844,147941468,0,.rodata,50,51,1,True,T3,0,0,0,True,遠くヘーゼル村から不思議な力を秘めた四人が参戦だ！,euc_jp
5322896,147941520,0,.rodata,12,15,3,True,T3,0,0,0,True,物語の始まり,euc_jp
5322912,147941536,0,.rodata,54,55,1,True,T3,0,0,0,True,元は保安官っぽい（？）キャリアを持つ二人が参戦だって！,euc_jp
5322968,147941592,0,.rodata,18,19,1,True,T3,0,0,0,True,光の龍と不可視の焔,euc_jp
5322988,147941612,0,.rodata,36,39,3,True,T3,0,0,0,True,格闘家と忍者のダブルパンチで参戦だ！,euc_jp
5323028,147941652,0,.rodata,12,15,3,True,T3,0,0,0,True,セネセネと私,euc_jp
5323044,147941668,0,.rodata,40,43,3,True,T3,0,0,0,True,ある意味、静と動の妙なコンビが参戦だよ！,euc_jp
5323088,147941712,0,.rodata,14,15,1,True,T3,0,0,0,True,石の姫＆水の姫,euc_jp
5323104,147941728,0,.rodata,50,51,1,True,T3,0,0,0,True,かたや泳ぎが得意でかたやカナヅチの二人が参戦だよ！,euc_jp
5323156,147941780,0,.rodata,26,27,1,True,T3,0,0,0,True,ヒーロー＆ダブル・ヒロイン,euc_jp
5323184,147941808,0,.rodata,46,47,1,True,T3,0,0,0,True,格闘家セネル・クーリッジが両手に花で参戦だよ！,euc_jp
5323232,147941856,0,.rodata,20,23,3,True,T3,0,0,0,True,チームレジェンディア,euc_jp
5323256,147941880,0,.rodata,42,43,1,True,T3,0,0,0,True,彼らの絆は伝説級！　今日は四人で参戦だい！,euc_jp
5323300,147941924,0,.rodata,14,15,1,True,T3,0,0,0,True,鮮血と儚き想い,euc_jp
5323316,147941940,0,.rodata,44,47,3,True,T3,0,0,0,True,理想を目指して歩み行く、高貴な二人が参戦だ！,euc_jp
5323384,147942008,0,.rodata,46,47,1,True,T3,0,0,0,True,王族のルークが、今日は用心棒を連れて参戦だよ！,euc_jp
5323432,147942056,0,.rodata,10,11,1,True,T3,0,0,0,True,師と弟子と,euc_jp
5323444,147942068,0,.rodata,38,39,1,True,T3,0,0,0,True,アルバート流の使い手が師弟で参戦だよ！,euc_jp
5323484,147942108,0,.rodata,12,15,3,True,T3,0,0,0,True,相容れぬ血縁,euc_jp
5323500,147942124,0,.rodata,54,55,1,True,T3,0,0,0,True,兄と妹で立ちはだかるぞ！　ミステリアスな兄妹が参戦だ！,euc_jp
5323556,147942180,0,.rodata,12,15,3,True,T3,0,0,0,True,チームアビス,euc_jp
5323572,147942196,0,.rodata,46,47,1,True,T3,0,0,0,True,ライマ国の王族が、用心棒を連れて参戦だってさ！,euc_jp
5323620,147942244,0,.rodata,12,15,3,True,T3,0,0,0,True,魔王とその剣,euc_jp
5323636,147942260,0,.rodata,36,39,3,True,T3,0,0,0,True,優等生と不良の異色コンビが参戦だよ！,euc_jp
5323676,147942300,0,.rodata,22,23,1,True,T3,0,0,0,True,傭兵とそのクライアント,euc_jp
5323700,147942324,0,.rodata,36,39,3,True,T3,0,0,0,True,聖職者と傭兵の異色コンビが参戦だよ！,euc_jp
5323740,147942364,0,.rodata,16,19,3,True,T3,0,0,0,True,チームイノセンス,euc_jp
5323760,147942384,0,.rodata,48,51,3,True,T3,0,0,0,True,アドリビトムのリーダーがメンバーを連れて参戦だ！,euc_jp
5323812,147942436,0,.rodata,20,23,3,True,T3,0,0,0,True,その剣、秘めたる想い,euc_jp
5323836,147942460,0,.rodata,36,39,3,True,T3,0,0,0,True,不思議な業を背負った二人が参戦だよ！,euc_jp
5323876,147942500,0,.rodata,16,19,3,True,T3,0,0,0,True,チームラタトスク,euc_jp
5323896,147942520,0,.rodata,56,59,3,True,T3,0,0,0,True,不協和音な感じだけど、なぜか響き合うこの三人が参戦だよ！,euc_jp
5323956,147942580,0,.rodata,10,11,1,True,T3,0,0,0,True,剣と魔導と,euc_jp
5323968,147942592,0,.rodata,52,55,3,True,T3,0,0,0,True,口は悪いが、チームワークは肌が合うこの二人が参戦だ！,euc_jp
5324024,147942648,0,.rodata,12,15,3,True,T3,0,0,0,True,正義で貫け！,euc_jp
5324040,147942664,0,.rodata,42,43,1,True,T3,0,0,0,True,余裕のオトナな雰囲気でこの二人が参戦だよ！,euc_jp
5324084,147942708,0,.rodata,18,19,1,True,T3,0,0,0,True,プリンセス・ガード,euc_jp
5324104,147942728,0,.rodata,40,43,3,True,T3,0,0,0,True,ガルバンゾ国のお姫様とその護衛が参戦だ！,euc_jp
5324148,147942772,0,.rodata,12,15,3,True,T3,0,0,0,True,愛してるぜ！,euc_jp
5324164,147942788,0,.rodata,40,43,3,True,T3,0,0,0,True,何だか雰囲気に押された妙な四人が参戦だ！,euc_jp
5324208,147942832,0,.rodata,18,19,1,True,T3,0,0,0,True,チームヴェスペリア,euc_jp
5324228,147942852,0,.rodata,44,47,3,True,T3,0,0,0,True,信じた正義を熱く鋭く貫く四人が参戦だーい！　,euc_jp
5324292,147942916,0,.rodata,58,59,1,True,T3,0,0,0,True,妹大事さに無理やり乱入、美しきかな…な、兄妹二人が参戦だ！,euc_jp
5324352,147942976,0,.rodata,12,15,3,True,T3,0,0,0,True,チームハーツ,euc_jp
5324368,147942992,0,.rodata,30,31,1,True,T3,0,0,0,True,繋がる心を持ちし三人が参戦だ！,euc_jp
5324400,147943024,0,.rodata,8,11,3,True,T3,0,0,0,True,幼馴染み,euc_jp
5324412,147943036,0,.rodata,63,63,0,True,T3,0,0,0,True,かつては幼馴染だったこの二人、#今はちょっと違う雰囲気で参戦さ！,euc_jp
5324476,147943100,0,.rodata,16,19,3,True,T3,0,0,0,True,チームグレイセス,euc_jp
5324496,147943120,0,.rodata,50,51,1,True,T3,0,0,0,True,守る強さの答えを見つける為に、この三人が参戦だい！,euc_jp
5324548,147943172,0,.rodata,6,7,1,True,T3,0,0,0,True,妹よ！,euc_jp
5324556,147943180,0,.rodata,58,59,1,True,T3,0,0,0,True,妹自慢を語らせたらもう止まらない！　そんな二人が参戦だよ！,euc_jp
5324624,147943248,0,.rodata,44,47,3,True,T3,0,0,0,True,名うての傭兵がタッグを組んで闘技場に参戦だ！,euc_jp
5324672,147943296,0,.rodata,12,15,3,True,T3,0,0,0,True,まるで親子？,euc_jp
5324688,147943312,0,.rodata,69,71,2,True,T3,0,0,0,True,兄弟？　いやひょっとして親子？#見た目も腕も息の合った二人が参戦だよ！,euc_jp
5324760,147943384,0,.rodata,16,19,3,True,T3,0,0,0,True,パン＆ＰＡＮＧ！,euc_jp
5324780,147943404,0,.rodata,73,75,2,True,T3,0,0,0,True,香ばしいパンとマーボカレーの匂いを引っ下げて！#オイシイ二人の参戦だーい！,euc_jp
5324880,147943504,0,.rodata,81,83,2,True,T3,0,0,0,True,プリティなバトルに翻弄されちゃうかも？#ちょっと変り種の武器を扱う二人が参戦だよ！,euc_jp
5324964,147943588,0,.rodata,20,23,3,True,T3,0,0,0,True,汝、怒らせるべからず,euc_jp
5324988,147943612,0,.rodata,58,59,1,True,T3,0,0,0,True,頼りなさそうだけれど、武器を持ったら大変身の二人が参戦だ！,euc_jp
5325060,147943684,0,.rodata,58,59,1,True,T3,0,0,0,True,お互い道は違うとも、弱きを助ける思いは同じの二人が参戦だ！,euc_jp
5325120,147943744,0,.rodata,12,15,3,True,T3,0,0,0,True,桜舞い散る拳,euc_jp
5325136,147943760,0,.rodata,52,55,3,True,T3,0,0,0,True,華奢な体でゴーゴーパンチ！　武闘派ガールズの参戦だ！,euc_jp
5325192,147943816,0,.rodata,20,23,3,True,T3,0,0,0,True,はぐれ騎士〜激闘編〜,euc_jp
5325216,147943840,0,.rodata,62,63,1,True,T3,0,0,0,True,たとえ騎士の道を行かずとも！　騎士の心を秘めた二人が参戦だよ！,euc_jp
5325280,147943904,0,.rodata,8,11,3,True,T3,0,0,0,True,忍ぶもの,euc_jp
5325292,147943916,0,.rodata,40,43,3,True,T3,0,0,0,True,闘技場初だよ！！　忍び三人衆が参戦だ！！,euc_jp
5325336,147943960,0,.rodata,22,23,1,True,T3,0,0,0,True,ネオジェネレーションズ,euc_jp
5325360,147943984,0,.rodata,58,59,1,True,T3,0,0,0,True,略してネオジェネ！　アドリビトムから三人組チームが参戦だ！,euc_jp
5325420,147944044,0,.rodata,24,27,3,True,T3,0,0,0,True,ポケットジェネレーション,euc_jp
5325448,147944072,0,.rodata,58,59,1,True,T3,0,0,0,True,略してポケジェネ！　アドリビトムから三人組チームが参戦だ！,euc_jp
5325508,147944132,0,.rodata,14,15,1,True,T3,0,0,0,True,ロイヤルチーム,euc_jp
5325524,147944148,0,.rodata,40,43,3,True,T3,0,0,0,True,眩しいロイヤルセレブリティ三人が参戦だ！,euc_jp
5325568,147944192,0,.rodata,10,11,1,True,T3,0,0,0,True,謎多き３人,euc_jp
5325580,147944204,0,.rodata,36,39,3,True,T3,0,0,0,True,謎多きミステリアス三人衆が参戦だよ！,euc_jp
5325620,147944244,0,.rodata,18,19,1,True,T3,0,0,0,True,熱血兄バカ３人衆！,euc_jp
5325640,147944264,0,.rodata,59,59,0,True,T3,0,0,0,True,今日もお兄ちゃんは戦うぞ！#熱血兄ちゃんの三人が参戦だい！　,euc_jp
5325700,147944324,0,.rodata,10,11,1,True,T3,0,0,0,True,貫かれし槍,euc_jp
5325712,147944336,0,.rodata,50,51,1,True,T3,0,0,0,True,時には豪快に、時には鋭く、槍使い三人衆が参戦だよ！,euc_jp
5325764,147944388,0,.rodata,10,11,1,True,T3,0,0,0,True,最強の妹達,euc_jp
5325776,147944400,0,.rodata,52,55,3,True,T3,0,0,0,True,お兄ちゃんには負けないよ！　最強シスターズが参戦だ！,euc_jp
5325832,147944456,0,.rodata,16,19,3,True,T3,0,0,0,True,人ならざりしもの,euc_jp
5325852,147944476,0,.rodata,54,55,1,True,T3,0,0,0,True,どこか不思議？　エキゾチックな雰囲気の三人が参戦だよ！,euc_jp
5325908,147944532,0,.rodata,10,11,1,True,T3,0,0,0,True,狂った科学,euc_jp
5325920,147944544,0,.rodata,89,91,2,True,T3,0,0,0,True,科学者の戦いの場は学会だけじゃあないんだぞ！！#研究の成果を挑戦者で実験しに三人が参戦だ！,euc_jp
5326028,147944652,0,.rodata,38,39,1,True,T3,0,0,0,True,お金大好き三人衆がマネー求めて参戦だ！,euc_jp
5326068,147944692,0,.rodata,10,11,1,True,T3,0,0,0,True,聖者の行進,euc_jp
5326080,147944704,0,.rodata,60,63,3,True,T3,0,0,0,True,神は彼女達に味方するか！？　聖職者三人組による伝道のバトル！,euc_jp
5326144,147944768,0,.rodata,14,15,1,True,T3,0,0,0,True,静寂なる戦士達,euc_jp
5326160,147944784,0,.rodata,66,67,1,True,T3,0,0,0,True,真の強さは沈黙の中に！　ただ目の前の戦いに身を投じる三人が参戦だ！,euc_jp
5326240,147944864,0,.rodata,56,59,3,True,T3,0,0,0,True,悪を砕き、弱きを助ける！　騎士道精神を胸に三人が参戦だ！,euc_jp
5326300,147944924,0,.rodata,10,11,1,True,T3,0,0,0,True,可憐なる拳,euc_jp
5326312,147944936,0,.rodata,67,67,0,True,T3,0,0,0,True,息つく暇もない程に！　繰り出す拳は千紫万紅！#格闘娘四人衆が参戦だ！,euc_jp
5326392,147945016,0,.rodata,58,59,1,True,T3,0,0,0,True,脅威のヒーロー四人組！　この難攻不落チームに挑むのは誰だ！,euc_jp
5326452,147945076,0,.rodata,24,27,3,True,T3,0,0,0,True,セカンドジェネレーション,euc_jp
5326480,147945104,0,.rodata,58,59,1,True,T3,0,0,0,True,略してセカジェネ！　アドリビトムから四人組チームが参戦だ！,euc_jp
5326540,147945164,0,.rodata,20,23,3,True,T3,0,0,0,True,歴代スケベ大王決定戦,euc_jp
5326564,147945188,0,.rodata,62,63,1,True,T3,0,0,0,True,歴代スケベ大王が勢ぞろい！　勝てばキミもスケベ大王の仲間入り？,euc_jp
5326628,147945252,0,.rodata,10,11,1,True,T3,0,0,0,True,伝説の戦士,euc_jp
5326640,147945264,0,.rodata,65,67,2,True,T3,0,0,0,True,Ｒウォーリアとのバトルを闘技場で再現！#これに挑む命知らずは誰！？,euc_jp
5326708,147945332,0,.rodata,10,11,1,True,T3,0,0,0,True,伝説の剣士,euc_jp
5326720,147945344,0,.rodata,65,67,2,True,T3,0,0,0,True,Ｒフェンサーとのバトルを闘技場で再現！#これに挑む命知らずは誰！？,euc_jp
5326788,147945412,0,.rodata,12,15,3,True,T3,0,0,0,True,伝説の格闘家,euc_jp
5326804,147945428,0,.rodata,67,67,0,True,T3,0,0,0,True,Ｒグラップラーとのバトルを闘技場で再現！#これに挑む命知らずは誰！？,euc_jp
5326872,147945496,0,.rodata,10,11,1,True,T3,0,0,0,True,伝説の狩人,euc_jp
5326884,147945508,0,.rodata,65,67,2,True,T3,0,0,0,True,Ｒアーチャーとのバトルを闘技場で再現！#これに挑む命知らずは誰！？,euc_jp
5326952,147945576,0,.rodata,10,11,1,True,T3,0,0,0,True,伝説の盗賊,euc_jp
5326964,147945588,0,.rodata,61,63,2,True,T3,0,0,0,True,Ｒシーフとのバトルを闘技場で再現！#これに挑む命知らずは誰！？,euc_jp
5327028,147945652,0,.rodata,12,15,3,True,T3,0,0,0,True,伝説の魔術師,euc_jp
5327044,147945668,0,.rodata,65,67,2,True,T3,0,0,0,True,Ｒウィザードとのバトルを闘技場で再現！#これに挑む命知らずは誰！？,euc_jp
5327112,147945736,0,.rodata,10,11,1,True,T3,0,0,0,True,伝説の僧侶,euc_jp
5327124,147945748,0,.rodata,63,63,0,True,T3,0,0,0,True,Ｒヒーラーとのバトルを闘技場で再現！#これに挑む命知らずは誰！？,euc_jp
5327188,147945812,0,.rodata,12,15,3,True,T3,0,0,0,True,伝説の双剣士,euc_jp
5327204,147945828,0,.rodata,73,75,2,True,T3,0,0,0,True,Ｒデュアルフェンサーとのバトルを闘技場で再現！#これに挑む命知らずは誰！？,euc_jp
5327280,147945904,0,.rodata,12,15,3,True,T3,0,0,0,True,伝説の大剣士,euc_jp
5327296,147945920,0,.rodata,71,71,0,True,T3,0,0,0,True,Ｒラージフェンサーとのバトルを闘技場で再現！#これに挑む命知らずは誰！？,euc_jp
5327368,147945992,0,.rodata,12,15,3,True,T3,0,0,0,True,伝説のモンク,euc_jp
5327384,147946008,0,.rodata,61,63,2,True,T3,0,0,0,True,Ｒモンクとのバトルを闘技場で再現！#これに挑む命知らずは誰！？,euc_jp
5327448,147946072,0,.rodata,10,11,1,True,T3,0,0,0,True,伝説の海賊,euc_jp
5327460,147946084,0,.rodata,65,67,2,True,T3,0,0,0,True,Ｒパイレーツとのバトルを闘技場で再現！#これに挑む命知らずは誰！？,euc_jp
5327528,147946152,0,.rodata,16,19,3,True,T3,0,0,0,True,伝説のビショップ,euc_jp
5327548,147946172,0,.rodata,65,67,2,True,T3,0,0,0,True,Ｒビショップとのバトルを闘技場で再現！#これに挑む命知らずは誰！？,euc_jp
5327616,147946240,0,.rodata,14,15,1,True,T3,0,0,0,True,伝説の魔法剣士,euc_jp
5327632,147946256,0,.rodata,73,75,2,True,T3,0,0,0,True,Ｒマジックフェンサーとのバトルを闘技場で再現！#これに挑む命知らずは誰！？,euc_jp
5327708,147946332,0,.rodata,10,11,1,True,T3,0,0,0,True,伝説の忍者,euc_jp
5327720,147946344,0,.rodata,63,63,0,True,T3,0,0,0,True,Ｒニンジャとのバトルを闘技場で再現！#これに挑む命知らずは誰！？,euc_jp
5327784,147946408,0,.rodata,12,15,3,True,T3,0,0,0,True,伝説の聖騎士,euc_jp
5327800,147946424,0,.rodata,65,67,2,True,T3,0,0,0,True,Ｒパラディンとのバトルを闘技場で再現！#これに挑む命知らずは誰！？,euc_jp
5327868,147946492,0,.rodata,14,15,1,True,T3,0,0,0,True,伝説のガンマン,euc_jp
5327884,147946508,0,.rodata,63,63,0,True,T3,0,0,0,True,Ｒガンマンとのバトルを闘技場で再現！#これに挑む命知らずは誰！？,euc_jp
5327948,147946572,0,.rodata,12,15,3,True,T3,0,0,0,True,ＶＳオタオタ,euc_jp
5327964,147946588,0,.rodata,57,59,2,True,T3,0,0,0,True,初心者向けのオタオタとのバトルだよ！#腕慣らしにどうだい？,euc_jp
5328024,147946648,0,.rodata,18,19,1,True,T3,0,0,0,True,ＶＳアックスビーク,euc_jp
5328044,147946668,0,.rodata,63,63,0,True,T3,0,0,0,True,初心者向けのアックスビークとのバトルだよ！#腕慣らしにどうだい？,euc_jp
5328108,147946732,0,.rodata,14,15,1,True,T3,0,0,0,True,ＶＳキラービー,euc_jp
5328124,147946748,0,.rodata,59,59,0,True,T3,0,0,0,True,初心者向けのキラービーとのバトルだよ！#腕慣らしにどうだい？,euc_jp
5328184,147946808,0,.rodata,8,11,3,True,T3,0,0,0,True,光の使者,euc_jp
5328196,147946820,0,.rodata,63,63,0,True,T3,0,0,0,True,本日用意したのはあのユニセロス！#その輝く角を掴む勝者は誰だ！？,euc_jp
5328260,147946884,0,.rodata,16,19,3,True,T3,0,0,0,True,古き刻よりの守人,euc_jp
5328280,147946904,0,.rodata,71,71,0,True,T3,0,0,0,True,本日用意したのはあのテンプルガード！#無慈悲な攻撃を打ち破るのは誰だ！？,euc_jp
5328352,147946976,0,.rodata,8,11,3,True,T3,0,0,0,True,轟く海嘯,euc_jp
5328364,147946988,0,.rodata,75,75,0,True,T3,0,0,0,True,本日用意したのはあのリヴァイアサン！#状態異常が効かない奴に挑むのは誰だ！？,euc_jp
5328452,147947076,0,.rodata,83,83,0,True,T3,0,0,0,True,本日用意したのはあのエンシェントライガ！#気高き光の獣を手なづけられる者はいるかい？,euc_jp
5328536,147947160,0,.rodata,16,19,3,True,T3,0,0,0,True,闇からの羽ばたき,euc_jp
5328556,147947180,0,.rodata,77,79,2,True,T3,0,0,0,True,本日用意したのはあのグロスベルヴァ！#奴の吐く炎から逃れられる者はいるのか！？,euc_jp
5328636,147947260,0,.rodata,14,15,1,True,T3,0,0,0,True,オタオタの逆襲,euc_jp
5328652,147947276,0,.rodata,81,83,2,True,T3,0,0,0,True,オイラのペット、巨大オタオタと勝負してみてくれよ！#油断してると潰されちゃうぞ！！,euc_jp
5328736,147947360,0,.rodata,16,19,3,True,T3,0,0,0,True,トリオ　ザ　パン,euc_jp
5328756,147947380,0,.rodata,87,87,0,True,T3,0,0,0,True,今日は友達を連れてきたパン！　覚悟するパン！#…と、あのミミー・ブレッドが今日も参上だ！,euc_jp
5328844,147947468,0,.rodata,16,19,3,True,T3,0,0,0,True,魚フェスティバル,euc_jp
5328864,147947488,0,.rodata,67,67,0,True,T3,0,0,0,True,今日は観客に魚料理を売って一儲け！#キミの腕で三枚におろしてくれよ！,euc_jp
5328932,147947556,0,.rodata,14,15,1,True,T3,0,0,0,True,カニカーニバル,euc_jp
5328948,147947572,0,.rodata,99,99,0,True,T3,0,0,0,True,今日の闘技場のもう一つのイベントはカニ祭り！#ハラペコの観客が待ってるから、急いで料理しておくれよ！,euc_jp
5329048,147947672,0,.rodata,14,15,1,True,T3,0,0,0,True,巨大化した植物,euc_jp
5329064,147947688,0,.rodata,91,91,0,True,T3,0,0,0,True,巨大化したプチプリが届いたんだ！#観客を楽しませるいい目玉だろ？　さあ、挑戦者はいないかい？,euc_jp
5329156,147947780,0,.rodata,14,15,1,True,T3,0,0,0,True,オタオタの系譜,euc_jp
5329172,147947796,0,.rodata,59,59,0,True,T3,0,0,0,True,世界中のオタオタを集めたこの試合、#誰が挑戦してくれるかな？,euc_jp
5329232,147947856,0,.rodata,14,15,1,True,T3,0,0,0,True,ゲコゲコの系譜,euc_jp
5329248,147947872,0,.rodata,58,59,1,True,T3,0,0,0,True,世界中のゲコゲコを集めたこの試合、誰が挑戦してくれるかな？,euc_jp
5329308,147947932,0,.rodata,18,19,1,True,T3,0,0,0,True,チュンチュンの系譜,euc_jp
5329328,147947952,0,.rodata,63,63,0,True,T3,0,0,0,True,世界中のチュンチュンを集めたこの試合、#誰が挑戦してくれるかな？,euc_jp
5329392,147948016,0,.rodata,14,15,1,True,T3,0,0,0,True,バットの系譜１,euc_jp
5329408,147948032,0,.rodata,57,59,2,True,T3,0,0,0,True,世界中のバットを集めたこの試合、#誰が挑戦してくれるかな？,euc_jp
5329468,147948092,0,.rodata,14,15,1,True,T3,0,0,0,True,バットの系譜２,euc_jp
5329484,147948108,0,.rodata,83,83,0,True,T3,0,0,0,True,世界中のバットを集めたこの試合、好評につき第２弾だよ！#さあ！　誰が挑戦するんだい？,euc_jp
5329568,147948192,0,.rodata,16,19,3,True,T3,0,0,0,True,リザードの系譜１,euc_jp
5329588,147948212,0,.rodata,59,59,0,True,T3,0,0,0,True,世界中のリザードを集めたこの試合、#誰が挑戦してくれるかな？,euc_jp
5329648,147948272,0,.rodata,16,19,3,True,T3,0,0,0,True,リザードの系譜２,euc_jp
5329668,147948292,0,.rodata,85,87,2,True,T3,0,0,0,True,世界中のリザードを集めたこの試合、好評につき第２弾だよ！#さあ！　誰が挑戦するんだい？,euc_jp
5329756,147948380,0,.rodata,10,11,1,True,T3,0,0,0,True,悪魔の植物,euc_jp
5329768,147948392,0,.rodata,75,75,0,True,T3,0,0,0,True,世界中の怪奇植物を集めたこの試合、#カワイイからって油断すると痛い目あうよ！,euc_jp
5329856,147948480,0,.rodata,93,95,2,True,T3,0,0,0,True,オイラの衛兵、ゴレム達に勝てる者はいるかい？#ま、そんな奴いるかわかんないけど…相手してみる？,euc_jp
5329952,147948576,0,.rodata,14,15,1,True,T3,0,0,0,True,とらわれの精霊,euc_jp
5329968,147948592,0,.rodata,57,59,2,True,T3,0,0,0,True,オイラが捕まえた精霊を相手に、#いっちょ暴れてみないかい？,euc_jp
5330028,147948652,0,.rodata,14,15,1,True,T3,0,0,0,True,使役される精霊,euc_jp
5330044,147948668,0,.rodata,65,67,2,True,T3,0,0,0,True,オイラが使役する精霊に勝ってみな！#ウフフ、キミに勝てるかなぁ〜？,euc_jp
5346836,147965460,0,.rodata,14,15,1,True,T3,0,0,0,True,アイテム獲得増,euc_jp
5346852,147965476,0,.rodata,12,15,3,True,T3,0,0,0,True,獲得ガルド増,euc_jp
5346868,147965492,0,.rodata,14,15,1,True,T3,0,0,0,True,獲得グレード増,euc_jp
5346884,147965508,0,.rodata,16,19,3,True,T3,0,0,0,True,特定アイテム取得,euc_jp
5346912,147965536,0,.rodata,4,7,3,True,T3,0,0,0,True,無し,euc_jp
5346920,147965544,0,.rodata,30,31,1,True,T3,0,0,0,True,ドロップアイテムを入手しやすい,euc_jp
5346952,147965576,0,.rodata,22,23,1,True,T3,0,0,0,True,獲得するガルドが増える,euc_jp
5346976,147965600,0,.rodata,24,27,3,True,T3,0,0,0,True,獲得するグレードが増える,euc_jp
5347004,147965628,0,.rodata,24,27,3,True,T3,0,0,0,True,特定のアイテムを取得する,euc_jp
5347284,147965908,0,.rodata,20,23,3,True,T3,0,0,0,True,バトル・アーティスト,euc_jp
5347308,147965932,0,.rodata,12,15,3,True,T3,0,0,0,True,勝利を求めて,euc_jp
5347536,147966160,0,.rodata,10,11,1,True,T3,0,0,0,True,戦いの火蓋,euc_jp
5347548,147966172,0,.rodata,18,19,1,True,T3,0,0,0,True,剣を以って切り拓け,euc_jp
5347588,147966212,0,.rodata,18,19,1,True,T3,0,0,0,True,剣を以って打ち砕け,euc_jp
5347620,147966244,0,.rodata,10,11,1,True,T3,0,0,0,True,猛りの滄我,euc_jp
5347784,147966408,0,.rodata,12,15,3,True,T3,0,0,0,True,火花散らして,euc_jp
5347800,147966424,0,.rodata,18,19,1,True,T3,0,0,0,True,闘志もっと燃やして,euc_jp
5347832,147966456,0,.rodata,16,19,3,True,T3,0,0,0,True,立ちはだかる強敵,euc_jp
5347852,147966476,0,.rodata,16,19,3,True,T3,0,0,0,True,神秘の武具ソーマ,euc_jp
5347872,147966496,0,.rodata,20,23,3,True,T3,0,0,0,True,発動、ソーマリンク!!,euc_jp
5347896,147966520,0,.rodata,16,19,3,True,T3,0,0,0,True,たゆまぬスピリア,euc_jp
5347916,147966540,0,.rodata,18,19,1,True,T3,0,0,0,True,抜刀！研ぎ澄ませ！,euc_jp
5347936,147966560,0,.rodata,8,11,3,True,T3,0,0,0,True,焦燥の剣,euc_jp
5347948,147966572,0,.rodata,18,19,1,True,T3,0,0,0,True,決戦！奮い立たせて,euc_jp
5348128,147966752,0,.rodata,63,63,0,True,T3,0,0,0,True,テイルズ オブ ジ アビス#終盤戦闘 監修：ナムコ・テイルズスタジオ,euc_jp
5348192,147966816,0,.rodata,63,63,0,True,T3,0,0,0,True,テイルズ オブ ジ アビス#通常戦闘 監修：ナムコ・テイルズスタジオ,euc_jp
5348256,147966880,0,.rodata,63,63,0,True,T3,0,0,0,True,テイルズ オブ ジ アビス#中盤戦闘 監修：ナムコ・テイルズスタジオ,euc_jp
5348320,147966944,0,.rodata,66,67,1,True,T3,0,0,0,True,テイルズ オブ デスティニー#通常戦闘 監修：ナムコ・テイルズスタジオ,euc_jp
5348388,147967012,0,.rodata,66,67,1,True,T3,0,0,0,True,テイルズ オブ デスティニー#リオン戦 監修：ナムコ・テイルズスタジオ,euc_jp
5348456,147967080,0,.rodata,41,43,2,True,T3,0,0,0,True,テイルズ オブ デスティニー２#バルバトス戦,euc_jp
5348500,147967124,0,.rodata,37,39,2,True,T3,0,0,0,True,テイルズ オブ デスティニー２#中ボス戦,euc_jp
5348540,147967164,0,.rodata,37,39,2,True,T3,0,0,0,True,テイルズ オブ デスティニー２#通常戦闘,euc_jp
5348580,147967204,0,.rodata,37,39,2,True,T3,0,0,0,True,テイルズ オブ デスティニー２#過去戦闘,euc_jp
5348620,147967244,0,.rodata,47,47,0,True,T3,0,0,0,True,テイルズ オブ デスティニー２#フォルトゥナ戦序盤,euc_jp
5348668,147967292,0,.rodata,44,47,3,True,T3,0,0,0,True,テイルズ オブ エターニア#TOP通常戦闘アレンジ,euc_jp
5348716,147967340,0,.rodata,45,47,2,True,T3,0,0,0,True,テイルズ オブ エターニア#セレスティア通常戦闘,euc_jp
5348764,147967388,0,.rodata,65,67,2,True,T3,0,0,0,True,テイルズ オブ ジ アビス#闘技場戦闘 監修：ナムコ・テイルズスタジオ,euc_jp
5348832,147967456,0,.rodata,45,47,2,True,T3,0,0,0,True,テイルズ オブ エターニア#インフェリア通常戦闘,euc_jp
5348880,147967504,0,.rodata,44,47,3,True,T3,0,0,0,True,テイルズ オブ エターニア#TOPダオス戦アレンジ,euc_jp
5348928,147967552,0,.rodata,50,51,1,True,T3,0,0,0,True,テイルズ オブ レジェンディア#通常戦闘 編曲：椎名豪,euc_jp
5348980,147967604,0,.rodata,50,51,1,True,T3,0,0,0,True,テイルズ オブ レジェンディア#中ボス戦 編曲：椎名豪,euc_jp
5349032,147967656,0,.rodata,33,35,2,True,T3,0,0,0,True,テイルズ オブ ファンタジア#精霊戦,euc_jp
5349068,147967692,0,.rodata,35,35,0,True,T3,0,0,0,True,テイルズ オブ ファンタジア#中ボス戦,euc_jp
5349104,147967728,0,.rodata,35,35,0,True,T3,0,0,0,True,テイルズ オブ ファンタジア#通常戦闘,euc_jp
5349140,147967764,0,.rodata,37,39,2,True,T3,0,0,0,True,テイルズ オブ リバース#第１部通常戦闘,euc_jp
5349180,147967804,0,.rodata,37,39,2,True,T3,0,0,0,True,テイルズ オブ リバース#第２部通常戦闘,euc_jp
5349220,147967844,0,.rodata,43,43,0,True,T3,0,0,0,True,テイルズ オブ リバース#ユリスの領域通常戦闘,euc_jp
5349264,147967888,0,.rodata,33,35,2,True,T3,0,0,0,True,テイルズ オブ シンフォニア#天使戦,euc_jp
5349300,147967924,0,.rodata,37,39,2,True,T3,0,0,0,True,テイルズ オブ シンフォニア#対人ボス戦,euc_jp
5349340,147967964,0,.rodata,49,51,2,True,T3,0,0,0,True,テイルズ オブ シンフォニア#シルヴァラント通常戦闘,euc_jp
5349392,147968016,0,.rodata,43,43,0,True,T3,0,0,0,True,テイルズ オブ シンフォニア#テセアラ通常戦闘,euc_jp
5349436,147968060,0,.rodata,38,39,1,True,T3,0,0,0,True,テイルズ オブ シンフォニア#クラトス戦 ,euc_jp
5349476,147968100,0,.rodata,67,67,0,True,T3,0,0,0,True,テイルズ オブ ザ テンペスト#通常戦闘 編曲：ナムコ・テイルズスタジオ,euc_jp
5349544,147968168,0,.rodata,66,67,1,True,T3,0,0,0,True,テイルズ オブ ヴェスペリア#通常戦闘 監修：ナムコ・テイルズスタジオ,euc_jp
5349612,147968236,0,.rodata,48,51,3,True,T3,0,0,0,True,テイルズ オブ イノセンス#通常戦闘 編曲：中村和宏,euc_jp
5349664,147968288,0,.rodata,72,75,3,True,T3,0,0,0,True,テイルズ オブ デスティニー２#最終現代戦闘 編曲：ナムコ・テイルズスタジオ,euc_jp
5349740,147968364,0,.rodata,46,47,1,True,T3,0,0,0,True,テイルズ オブ イノセンス#ボス戦 編曲：中村和宏,euc_jp
5349788,147968412,0,.rodata,29,31,2,True,T3,0,0,0,True,テイルズ オブ リバース#聖獣戦,euc_jp
5349820,147968444,0,.rodata,62,63,1,True,T3,0,0,0,True,テイルズ オブ レジェンディア#メインシナリオボス戦 作曲：椎名豪,euc_jp
5349884,147968508,0,.rodata,72,75,3,True,T3,0,0,0,True,テイルズ オブ シンフォニア#ユグドラシル戦 編曲：ナムコ・テイルズスタジオ,euc_jp
5349960,147968584,0,.rodata,60,63,3,True,T3,0,0,0,True,テイルズ オブ リバース#四星戦 編曲：ナムコ・テイルズスタジオ,euc_jp
5350024,147968648,0,.rodata,63,63,0,True,T3,0,0,0,True,テイルズ オブ ジ アビス#ヴァン戦 監修：ナムコ・テイルズスタジオ,euc_jp
5350088,147968712,0,.rodata,85,87,2,True,T3,0,0,0,True,テイルズ オブ シンフォニア -ラタトスクの騎士-#通常戦闘 監修：ナムコ・テイルズスタジオ,euc_jp
5350176,147968800,0,.rodata,85,87,2,True,T3,0,0,0,True,テイルズ オブ シンフォニア -ラタトスクの騎士-#最終戦闘 監修：ナムコ・テイルズスタジオ,euc_jp
5350264,147968888,0,.rodata,87,87,0,True,T3,0,0,0,True,テイルズ オブ シンフォニア -ラタトスクの騎士-#リヒター戦 監修：ナムコ・テイルズスタジオ,euc_jp
5350352,147968976,0,.rodata,66,67,1,True,T3,0,0,0,True,テイルズ オブ ヴェスペリア#フレン戦 監修：ナムコ・テイルズスタジオ,euc_jp
5350420,147969044,0,.rodata,66,67,1,True,T3,0,0,0,True,テイルズ オブ ヴェスペリア#中盤戦闘 監修：ナムコ・テイルズスタジオ,euc_jp
5350488,147969112,0,.rodata,66,67,1,True,T3,0,0,0,True,テイルズ オブ ヴェスペリア#終盤戦闘 監修：ナムコ・テイルズスタジオ,euc_jp
5350556,147969180,0,.rodata,78,79,1,True,T3,0,0,0,True,テイルズ オブ ヴェスペリア#ギガントモンスター戦 監修：ナムコ・テイルズスタジオ,euc_jp
5350636,147969260,0,.rodata,60,63,3,True,T3,0,0,0,True,テイルズ オブ ハーツ#通常戦闘 編曲：ナムコ・テイルズスタジオ,euc_jp
5350700,147969324,0,.rodata,64,67,3,True,T3,0,0,0,True,テイルズ オブ ハーツ#中盤通常戦闘 編曲：ナムコ・テイルズスタジオ,euc_jp
5350768,147969392,0,.rodata,64,67,3,True,T3,0,0,0,True,テイルズ オブ ハーツ#終盤通常戦闘 編曲：ナムコ・テイルズスタジオ,euc_jp
5350836,147969460,0,.rodata,74,75,1,True,T3,0,0,0,True,テイルズ オブ グレイセス#ウィンドル国内戦闘 監修：ナムコ・テイルズスタジオ,euc_jp
5350912,147969536,0,.rodata,76,79,3,True,T3,0,0,0,True,テイルズ オブ グレイセス#ラストダンジョン戦闘 監修：ナムコ・テイルズスタジオ,euc_jp
5350992,147969616,0,.rodata,64,67,3,True,T3,0,0,0,True,テイルズ オブ グレイセス#中ボス戦 監修：ナムコ・テイルズスタジオ,euc_jp
5351060,147969684,0,.rodata,66,67,1,True,T3,0,0,0,True,レディアント マイソロジー２＆３ #レディアント戦 作曲／編曲：桜庭統,euc_jp
5351128,147969752,0,.rodata,51,51,0,True,T3,0,0,0,True,レディアント マイソロジー２#ゲーデ戦 編曲：中村和宏,euc_jp
5351180,147969804,0,.rodata,40,43,3,True,T3,0,0,0,True,レディアント マイソロジー#ウィダーシン戦,euc_jp
5351224,147969848,0,.rodata,36,39,3,True,T3,0,0,0,True,レディアント マイソロジー#カノンノ戦,euc_jp
5351264,147969888,0,.rodata,55,55,0,True,T3,0,0,0,True,レディアント マイソロジー３#通常戦闘 作曲／編曲：桜庭統,euc_jp
5351320,147969944,0,.rodata,61,63,2,True,T3,0,0,0,True,レディアント マイソロジー３#ストーリー戦闘 作曲／編曲：桜庭統,euc_jp
5351384,147970008,0,.rodata,55,55,0,True,T3,0,0,0,True,レディアント マイソロジー３#中ボス戦 作曲／編曲：桜庭統,euc_jp
5351440,147970064,0,.rodata,57,59,2,True,T3,0,0,0,True,レディアント マイソロジー３#ラザリス戦 作曲／編曲：桜庭統,euc_jp
5351500,147970124,0,.rodata,63,63,0,True,T3,0,0,0,True,レディアント マイソロジー３#カオスラザリス戦 作曲／編曲：桜庭統,euc_jp
5356448,147975072,0,.rodata,26,27,1,True,T2,0,1,0,True,レディアント マイソロジー3,euc_jp
5359752,147978376,0,.rodata,20,63,43,True,T2,0,3,0,True,キャラクターデザイン,euc_jp
5359820,147978444,0,.rodata,16,63,47,True,T3,0,0,0,True,　いのまたむつみ,euc_jp
5360364,147978988,0,.rodata,8,63,55,True,T3,0,0,0,True,キャスト,euc_jp
5360432,147979056,0,.rodata,18,63,45,True,T3,0,0,0,True,クレス・アルベイン,euc_jp
5360568,147979192,0,.rodata,18,63,45,True,T3,0,0,0,True,ミント・アドネード,euc_jp
5360704,147979328,0,.rodata,24,63,39,True,T3,0,0,0,True,チェスター・バークライト,euc_jp
5360840,147979464,0,.rodata,18,63,45,True,T3,0,0,0,True,アーチェ・クライン,euc_jp
5360908,147979532,0,.rodata,14,63,49,True,T3,0,0,0,True,　かない　みか,euc_jp
5360976,147979600,0,.rodata,8,63,55,True,T3,0,0,0,True,藤林すず,euc_jp
5361112,147979736,0,.rodata,6,63,57,True,T3,0,0,0,True,ダオス,euc_jp
5361248,147979872,0,.rodata,16,63,47,True,T3,0,0,0,True,スタン・エルロン,euc_jp
5361384,147980008,0,.rodata,20,63,43,True,T3,0,0,0,True,ルーティ・カトレット,euc_jp
5361520,147980144,0,.rodata,16,63,47,True,T3,0,0,0,True,リオン・マグナス,euc_jp
5361656,147980280,0,.rodata,18,63,45,True,T3,0,0,3,False,フィリア・フィリス,euc_jp
5361792,147980416,0,.rodata,22,63,41,True,T3,0,0,0,True,ウッドロウ・ケルヴィン,euc_jp
5361928,147980552,0,.rodata,18,63,45,True,T3,0,0,0,True,チェルシー・トーン,euc_jp
5362064,147980688,0,.rodata,20,63,43,True,T3,0,0,0,True,マイティ・コングマン,euc_jp
5362200,147980824,0,.rodata,16,63,47,True,T3,0,0,0,True,リリス・エルロン,euc_jp
5362336,147980960,0,.rodata,18,63,45,True,T3,0,0,0,True,リッド・ハーシェル,euc_jp
5362472,147981096,0,.rodata,20,63,43,True,T3,0,0,0,True,ファラ・エルステッド,euc_jp
5362608,147981232,0,.rodata,18,63,45,True,T3,0,0,0,True,キール・ツァイベル,euc_jp
5362744,147981368,0,.rodata,8,63,55,True,T3,0,0,0,True,メルディ,euc_jp
5362880,147981504,0,.rodata,8,63,55,True,T3,0,0,0,True,チャット,euc_jp
5363016,147981640,0,.rodata,10,63,53,True,T3,0,0,0,True,セルシウス,euc_jp
5363152,147981776,0,.rodata,10,63,53,True,T3,0,0,0,True,クィッキー,euc_jp
5363220,147981844,0,.rodata,12,63,51,True,T3,0,0,0,True,　住友　優子,euc_jp
5363288,147981912,0,.rodata,18,63,45,True,T3,0,0,0,True,カイル・デュナミス,euc_jp
5363424,147982048,0,.rodata,6,63,57,True,T3,0,0,0,True,リアラ,euc_jp
5363560,147982184,0,.rodata,16,63,47,True,T3,0,0,0,True,ロニ・デュナミス,euc_jp
5363696,147982320,0,.rodata,10,63,53,True,T3,0,0,0,True,ジューダス,euc_jp
5363832,147982456,0,.rodata,18,63,45,True,T3,0,0,0,True,ナナリー・フレッチ,euc_jp
5363900,147982524,0,.rodata,14,63,49,True,T3,0,0,0,True,　かかず　ゆみ,euc_jp
5363968,147982592,0,.rodata,22,63,41,True,T3,0,0,0,True,ハロルド・ベルセリオス,euc_jp
5364104,147982728,0,.rodata,22,63,41,True,T3,0,0,0,True,バルバトス・ゲーティア,euc_jp
5364240,147982864,0,.rodata,20,63,43,True,T3,0,0,0,True,ロイド・アーヴィング,euc_jp
5364376,147983000,0,.rodata,20,63,43,True,T3,0,0,0,True,コレット・ブルーネル,euc_jp
5364512,147983136,0,.rodata,18,63,45,True,T3,0,0,0,True,ジーニアス・セイジ,euc_jp
5364648,147983272,0,.rodata,16,63,47,True,T3,0,0,0,True,リフィル・セイジ,euc_jp
5364784,147983408,0,.rodata,20,63,43,True,T3,0,0,0,True,クラトス・アウリオン,euc_jp
5364920,147983544,0,.rodata,10,63,53,True,T3,0,0,0,True,藤林しいな,euc_jp
5365056,147983680,0,.rodata,18,63,45,True,T3,0,0,0,True,ゼロス・ワイルダー,euc_jp
5365192,147983816,0,.rodata,24,63,39,True,T3,0,0,0,True,プレセア・コンバティール,euc_jp
5365328,147983952,0,.rodata,12,63,51,True,T3,0,0,0,True,ユグドラシル,euc_jp
5365464,147984088,0,.rodata,22,63,41,True,T3,0,0,0,True,ヴェイグ・リュングベル,euc_jp
5365532,147984156,0,.rodata,12,63,51,True,T3,0,0,0,True,　檜山　修之,euc_jp
5365600,147984224,0,.rodata,16,63,47,True,T3,0,0,0,True,クレア・ベネット,euc_jp
5365668,147984292,0,.rodata,12,63,51,True,T3,0,0,0,True,　安田　未央,euc_jp
5365736,147984360,0,.rodata,4,63,59,True,T3,0,0,0,True,マオ,euc_jp
5365872,147984496,0,.rodata,20,63,43,True,T3,0,0,0,True,ユージーン・ガラルド,euc_jp
5366008,147984632,0,.rodata,14,63,49,True,T3,0,0,0,True,アニー・バース,euc_jp
5366144,147984768,0,.rodata,18,63,45,True,T3,0,0,0,True,ティトレイ・クロウ,euc_jp
5366280,147984904,0,.rodata,4,63,59,True,T3,0,0,0,True,サレ,euc_jp
5366416,147985040,0,.rodata,18,63,45,True,T3,0,0,0,True,セネル・クーリッジ,euc_jp
5366552,147985176,0,.rodata,22,63,41,True,T3,0,0,0,True,シャーリィ・フェンネス,euc_jp
5366688,147985312,0,.rodata,18,63,45,True,T3,0,0,0,True,ウィル・レイナード,euc_jp
5366824,147985448,0,.rodata,18,63,45,True,T3,0,0,0,True,クロエ・ヴァレンス,euc_jp
5366960,147985584,0,.rodata,18,63,45,True,T3,0,0,0,True,ノーマ・ビアッティ,euc_jp
5367028,147985652,0,.rodata,14,63,49,True,T3,0,0,0,True,　水橋　かおり,euc_jp
5367096,147985720,0,.rodata,6,63,57,True,T3,0,0,0,True,ジェイ,euc_jp
5367232,147985856,0,.rodata,8,63,55,True,T3,0,0,0,True,キュッポ,euc_jp
5367368,147985992,0,.rodata,6,63,57,True,T3,0,0,0,True,ピッポ,euc_jp
5367436,147986060,0,.rodata,12,63,51,True,T3,0,0,0,True,　中山　さら,euc_jp
5367504,147986128,0,.rodata,6,63,57,True,T3,0,0,0,True,ポッポ,euc_jp
5367640,147986264,0,.rodata,16,63,47,True,T3,0,0,0,True,ミミー・ブレッド,euc_jp
5367776,147986400,0,.rodata,24,63,39,True,T3,0,0,0,True,ルーク・フォン・ファブレ,euc_jp
5367912,147986536,0,.rodata,16,63,47,True,T3,0,0,0,True,ティア・グランツ,euc_jp
5367980,147986604,0,.rodata,8,63,55,True,T3,0,0,0,True,　ゆかな,euc_jp
5368048,147986672,0,.rodata,20,63,43,True,T3,0,0,0,True,ジェイド・カーティス,euc_jp
5368184,147986808,0,.rodata,16,63,47,True,T3,0,0,0,True,アニス・タトリン,euc_jp
5368252,147986876,0,.rodata,14,63,49,True,T3,0,0,0,True,　桃井　はるこ,euc_jp
5368320,147986944,0,.rodata,12,63,51,True,T3,0,0,0,True,ガイ・セシル,euc_jp
5368456,147987080,0,.rodata,42,63,21,True,T3,0,0,0,True,ナタリア・ルツ・キムラスカ・ランバルディア,euc_jp
5368592,147987216,0,.rodata,16,63,47,True,T3,0,0,0,True,ヴァン・グランツ,euc_jp
5368728,147987352,0,.rodata,8,63,55,True,T3,0,0,0,True,アッシュ,euc_jp
5368864,147987488,0,.rodata,20,63,43,True,T3,0,0,0,True,カイウス・クオールズ,euc_jp
5369000,147987624,0,.rodata,20,63,43,True,T3,0,0,0,True,ルビア・ナトウィック,euc_jp
5369136,147987760,0,.rodata,12,63,51,True,T3,0,0,0,True,ルカ・ミルダ,euc_jp
5369272,147987896,0,.rodata,16,63,47,True,T3,0,0,0,True,イリア・アニーミ,euc_jp
5369340,147987964,0,.rodata,12,63,51,True,T3,0,0,0,True,　笹本　優子,euc_jp
5369408,147988032,0,.rodata,22,63,41,True,T3,0,0,0,True,スパーダ・ベルフォルマ,euc_jp
5369476,147988100,0,.rodata,16,63,47,True,T3,0,0,0,True,　うえだ　ゆうじ,euc_jp
5369544,147988168,0,.rodata,20,63,43,True,T3,0,0,0,True,リカルド・ソルダート,euc_jp
5369680,147988304,0,.rodata,18,63,45,True,T3,0,0,0,True,アンジュ・セレーナ,euc_jp
5369816,147988440,0,.rodata,13,63,50,True,T3,0,0,0,True,コーダ/アーダ,euc_jp
5369884,147988508,0,.rodata,14,63,49,True,T3,0,0,0,True,　小桜　エツ子,euc_jp
5369952,147988576,0,.rodata,20,63,43,True,T3,0,0,0,True,エミル・キャスタニエ,euc_jp
5370088,147988712,0,.rodata,18,63,45,True,T3,0,0,0,True,マルタ・ルアルディ,euc_jp
5370224,147988848,0,.rodata,20,63,43,True,T3,0,0,0,True,リヒター・アーベント,euc_jp
5370360,147988984,0,.rodata,18,63,45,True,T3,0,0,0,True,ユーリ・ローウェル,euc_jp
5370428,147989052,0,.rodata,12,63,51,True,T3,0,0,0,True,　鳥海　浩輔,euc_jp
5370496,147989120,0,.rodata,36,63,27,True,T3,0,0,0,True,エステリーゼ・シデス・ヒュラッセイン,euc_jp
5370632,147989256,0,.rodata,16,63,47,True,T3,0,0,0,True,フレン・シーフォ,euc_jp
5370768,147989392,0,.rodata,16,63,47,True,T3,0,0,0,True,リタ・モルディオ,euc_jp
5370904,147989528,0,.rodata,8,63,55,True,T3,0,0,0,True,レイヴン,euc_jp
5371040,147989664,0,.rodata,10,63,53,True,T3,0,0,0,True,ジュディス,euc_jp
5371176,147989800,0,.rodata,20,63,43,True,T3,0,0,0,True,シング・メテオライト,euc_jp
5371312,147989936,0,.rodata,14,63,49,True,T3,0,0,0,True,コハク・ハーツ,euc_jp
5371380,147990004,0,.rodata,14,63,49,True,T3,0,0,0,True,　井上　麻里奈,euc_jp
5371448,147990072,0,.rodata,14,63,49,True,T3,0,0,0,True,ヒスイ・ハーツ,euc_jp
5371584,147990208,0,.rodata,16,63,47,True,T3,0,0,0,True,アスベル・ラント,euc_jp
5371720,147990344,0,.rodata,6,63,57,True,T3,0,0,0,True,ソフィ,euc_jp
5371856,147990480,0,.rodata,18,63,45,True,T3,0,0,0,True,シェリア・バーンズ,euc_jp
5372060,147990684,0,.rodata,22,63,41,True,T3,0,0,0,True,カノンノ・グラスバレー,euc_jp
5372196,147990820,0,.rodata,8,63,55,True,T3,0,0,0,True,ロックス,euc_jp
5372332,147990956,0,.rodata,6,63,57,True,T3,0,0,0,True,ニアタ,euc_jp
5372468,147991092,0,.rodata,20,63,43,True,T3,0,0,0,True,オリジナル・カノンノ,euc_jp
5372604,147991228,0,.rodata,8,63,55,True,T3,0,0,0,True,ラザリス,euc_jp
5372808,147991432,0,.rodata,16,63,47,True,T3,0,0,0,True,パスカ・カノンノ,euc_jp
5372944,147991568,0,.rodata,20,63,43,True,T3,0,0,0,True,カノンノ・イアハート,euc_jp
5373012,147991636,0,.rodata,14,63,49,True,T3,0,0,0,True,　伊藤　かな恵,euc_jp
5373080,147991704,0,.rodata,6,63,57,True,T3,0,0,0,True,モルモ,euc_jp
5373216,147991840,0,.rodata,6,63,57,True,T3,0,0,0,True,ゲーデ,euc_jp
5373352,147991976,0,.rodata,12,63,51,True,T3,0,0,0,True,ウィダーシン,euc_jp
5373488,147992112,0,.rodata,8,63,55,True,T3,0,0,0,True,ジョアン,euc_jp
5373556,147992180,0,.rodata,12,63,51,True,T3,0,0,0,True,　織田　優成,euc_jp
5373624,147992248,0,.rodata,6,63,57,True,T3,0,0,0,True,トマス,euc_jp
5373760,147992384,0,.rodata,6,63,57,True,T3,0,0,0,True,ミゲル,euc_jp
5373964,147992588,0,.rodata,16,63,47,True,T3,0,0,0,True,ヒーローズボイス,euc_jp
5374508,147993132,0,.rodata,10,67,57,True,T3,0,0,0,True,斉藤　佑圭,euc_jp
5374576,147993200,0,.rodata,16,63,47,True,T3,0,0,0,True,　藤本　たかひろ,euc_jp
5375596,147994220,0,.rodata,28,63,35,True,T3,0,0,0,True,キャスティングマネージメント,euc_jp
5375664,147994288,0,.rodata,28,63,35,True,T3,0,0,0,True,　株式会社青二プロダクション,euc_jp
5375868,147994492,0,.rodata,12,63,51,True,T3,0,0,0,True,収録スタジオ,euc_jp
5375936,147994560,0,.rodata,20,63,43,True,T3,0,0,0,True,　株式会社音響ハウス,euc_jp
5376004,147994628,0,.rodata,18,63,45,True,T3,0,0,0,True,　株式会社タバック,euc_jp
5376140,147994764,0,.rodata,18,63,45,True,T3,0,0,0,True,サウンドエンジニア,euc_jp
5376208,147994832,0,.rodata,26,63,37,True,T3,0,0,0,True,　太田　友基（音響ハウス）,euc_jp
5376276,147994900,0,.rodata,24,63,39,True,T3,0,0,0,True,　高村政貴（音響ハウス）,euc_jp
5376344,147994968,0,.rodata,26,63,37,True,T3,0,0,0,True,　萩谷　仁美（音響ハウス）,euc_jp
5376412,147995036,0,.rodata,28,63,35,True,T3,0,0,0,True,　二ノ宮規寛　（音響ハウス）,euc_jp
5376480,147995104,0,.rodata,26,63,37,True,T3,0,0,0,True,　阿部　知佳子（タバック）,euc_jp
5376548,147995172,0,.rodata,22,63,41,True,T3,0,0,0,True,　藤村　聡（タバック）,euc_jp
5376616,147995240,0,.rodata,24,63,39,True,T3,0,0,0,True,　澤村　裕樹（タバック）,euc_jp
5376820,147995444,0,.rodata,22,63,41,True,T3,0,0,0,True,　株式会社スワラ・プロ,euc_jp
5377092,147995716,0,.rodata,22,63,41,True,T3,0,0,0,True,　有限会社エックスワン,euc_jp
5377432,147996056,0,.rodata,24,63,39,True,T3,0,0,0,True,ミュージックコンポーザー,euc_jp
5377976,147996600,0,.rodata,20,63,43,True,T3,0,0,0,True,プロモーションビデオ,euc_jp
5378044,147996668,0,.rodata,22,63,41,True,T3,0,0,0,True,　有限会社エックスワン,euc_jp
5378384,147997008,0,.rodata,22,63,41,True,T3,0,0,0,True,アニメーションムービー,euc_jp
5378520,147997144,0,.rodata,14,63,49,True,T3,0,0,0,True,プロデューサー,euc_jp
5378724,147997348,0,.rodata,14,63,49,True,T3,0,0,0,True,監督・絵コンテ,euc_jp
5378928,147997552,0,.rodata,30,63,33,True,T3,0,0,0,True,作画監督・キャラクターデザイン,euc_jp
5379200,147997824,0,.rodata,12,63,51,True,T3,0,0,0,True,　海谷　敏久,euc_jp
5379336,147997960,0,.rodata,16,63,47,True,T3,0,0,0,True,オープニング原画,euc_jp
5379540,147998164,0,.rodata,12,63,51,True,T3,0,0,0,True,　海谷　敏久,euc_jp
5380016,147998640,0,.rodata,12,63,51,True,T3,0,0,0,True,イベント原画,euc_jp
5380696,147999320,0,.rodata,32,63,31,True,T3,0,0,0,True,フェイスチャット・カットイン原画,euc_jp
5380832,147999456,0,.rodata,12,63,51,True,T3,0,0,0,True,　海谷　敏久,euc_jp
5381852,148000476,0,.rodata,14,63,49,True,T3,0,0,0,True,　沼田　くみ子,euc_jp
5381988,148000612,0,.rodata,14,63,49,True,T3,0,0,0,True,　杉田　まるみ,euc_jp
5382668,148001292,0,.rodata,12,63,51,True,T3,0,0,0,True,　伊藤　世菜,euc_jp
5382940,148001564,0,.rodata,12,63,51,True,T3,0,0,0,True,　森　かや乃,euc_jp
5383280,148001904,0,.rodata,19,63,44,True,T3,0,0,0,True,　OH!プロダクション,euc_jp
5383348,148001972,0,.rodata,14,63,49,True,T3,0,0,0,True,　ウォンバット,euc_jp
5383756,148002380,0,.rodata,22,63,41,True,T3,0,0,0,True,　いわき万里子(ＰＡＣ),euc_jp
5383824,148002448,0,.rodata,28,63,35,True,T3,0,0,0,True,　川嶋優嘉（アトリエブーカ）,euc_jp
5383892,148002516,0,.rodata,32,63,31,True,T3,0,0,0,True,　柴田正人（手塚プロダクション）,euc_jp
5384232,148002856,0,.rodata,8,63,55,True,T3,0,0,0,True,セル検査,euc_jp
5384436,148003060,0,.rodata,6,63,57,True,T3,0,0,0,True,仕上げ,euc_jp
5384504,148003128,0,.rodata,18,63,45,True,T3,0,0,0,True,　スタジオ・ロード,euc_jp
5384708,148003332,0,.rodata,14,63,49,True,T3,0,0,0,True,　瀬尾　あすか,euc_jp
5384844,148003468,0,.rodata,14,63,49,True,T3,0,0,0,True,　谷口　ゆり子,euc_jp
5384912,148003536,0,.rodata,12,63,51,True,T3,0,0,0,True,　横井　未加,euc_jp
5385048,148003672,0,.rodata,14,63,49,True,T3,0,0,0,True,　吉岡　あかね,euc_jp
5385388,148004012,0,.rodata,12,63,51,True,T3,0,0,0,True,　瀬尾　祐太,euc_jp
5386340,148004964,0,.rodata,18,63,45,True,T3,0,0,0,True,　旭プロダクション,euc_jp
5387292,148005916,0,.rodata,14,63,49,True,T3,0,0,0,True,　ソニーＰＣＬ,euc_jp
5387428,148006052,0,.rodata,26,63,37,True,T3,0,0,0,True,モニターキャリブレーション,euc_jp
5387632,148006256,0,.rodata,22,63,41,True,T3,0,0,0,True,システムソリューション,euc_jp
5388176,148006800,0,.rodata,14,63,49,True,T3,0,0,0,True,　須之内　佑典,euc_jp
5388312,148006936,0,.rodata,18,63,45,True,T3,0,0,0,True,アニメーション制作,euc_jp
5388788,148007412,0,.rodata,26,63,37,True,T3,0,0,0,True,テーマソング　アーティスト,euc_jp
5389060,148007684,0,.rodata,24,63,39,True,T3,0,0,0,True,オープニングテーマソング,euc_jp
5389604,148008228,0,.rodata,24,63,39,True,T3,0,0,0,True,エンディングテーマソング,euc_jp
5389740,148008364,0,.rodata,10,63,53,True,T3,0,0,0,True,「流れ星」,euc_jp
5390148,148008772,0,.rodata,24,63,39,True,T3,0,0,0,True,サウンド　プロデューサー,euc_jp
5390352,148008976,0,.rodata,26,63,37,True,T3,0,0,0,True,アーティスト・マネジメント,euc_jp
5390556,148009180,0,.rodata,40,63,23,True,T3,0,0,0,True,アーティスト　ストラテジックマネージャー,euc_jp
5390964,148009588,0,.rodata,22,63,41,True,T3,0,0,0,True,セールス　プロモーター,euc_jp
5391168,148009792,0,.rodata,20,63,43,True,T3,0,0,0,True,タイアップデザイナー,euc_jp
5391984,148010608,0,.rodata,28,63,35,True,T3,0,0,0,True,アルファ・システム　スタッフ,euc_jp
5392528,148011152,0,.rodata,16,63,47,True,T3,0,0,0,True,バトルパート監修,euc_jp
5392800,148011424,0,.rodata,14,63,49,True,T3,0,0,0,True,バトル仕様設計,euc_jp
5393072,148011696,0,.rodata,22,63,41,True,T3,0,0,0,True,リードバトルプログラム,euc_jp
5393276,148011900,0,.rodata,16,63,47,True,T3,0,0,0,True,バトルプログラム,euc_jp
5393616,148012240,0,.rodata,16,63,47,True,T3,0,0,0,True,秘奥義プログラム,euc_jp
5393888,148012512,0,.rodata,16,63,47,True,T3,0,0,0,True,バトルモーション,euc_jp
5394636,148013260,0,.rodata,16,63,47,True,T3,0,0,0,True,バトルエフェクト,euc_jp
5395044,148013668,0,.rodata,12,63,51,True,T3,0,0,0,True,イベント演出,euc_jp
5395316,148013940,0,.rodata,8,63,55,True,T3,0,0,0,True,シナリオ,euc_jp
5395520,148014144,0,.rodata,16,63,47,True,T3,0,0,0,True,イベントシステム,euc_jp
5395792,148014416,0,.rodata,12,63,51,True,T3,0,0,0,True,イベント制作,euc_jp
5396132,148014756,0,.rodata,18,63,45,True,T3,0,0,0,True,イベントモーション,euc_jp
5396472,148015096,0,.rodata,18,63,45,True,T3,0,0,0,True,イベントカットイン,euc_jp
5396676,148015300,0,.rodata,18,63,45,True,T3,0,0,0,True,イベントエフェクト,euc_jp
5397084,148015708,0,.rodata,16,63,47,True,T3,0,0,0,True,マップパート監修,euc_jp
5397356,148015980,0,.rodata,14,63,49,True,T3,0,0,0,True,マップ仕様設計,euc_jp
5397560,148016184,0,.rodata,14,63,49,True,T3,0,0,0,True,マップシステム,euc_jp
5398036,148016660,0,.rodata,22,63,41,True,T3,0,0,0,True,ワールドマップデザイン,euc_jp
5398104,148016728,0,.rodata,24,63,39,True,T3,0,0,0,True,マップビジュアルデザイン,euc_jp
5398308,148016932,0,.rodata,16,63,47,True,T3,0,0,0,True,マップモデリング,euc_jp
5398716,148017340,0,.rodata,14,63,49,True,T3,0,0,0,True,　前原　しおり,euc_jp
5398852,148017476,0,.rodata,16,63,47,True,T3,0,0,0,True,マップエフェクト,euc_jp
5399124,148017748,0,.rodata,14,63,49,True,T3,0,0,0,True,　前原　しおり,euc_jp
5399396,148018020,0,.rodata,18,63,45,True,T3,0,0,0,True,クエストパート監修,euc_jp
5399464,148018088,0,.rodata,14,63,49,True,T3,0,0,0,True,　櫻井　たけし,euc_jp
5399668,148018292,0,.rodata,27,63,36,True,T3,0,0,0,True,クエスト仕様設計/プログラム,euc_jp
5399872,148018496,0,.rodata,22,63,41,True,T3,0,0,0,True,クエスト依頼人デザイン,euc_jp
5400212,148018836,0,.rodata,28,63,35,True,T3,0,0,0,True,ゲームマスタリングパート監修,euc_jp
5400280,148018904,0,.rodata,14,63,49,True,T3,0,0,0,True,　櫻井　たけし,euc_jp
5400484,148019108,0,.rodata,26,63,37,True,T3,0,0,0,True,ゲームマスタリング仕様設計,euc_jp
5400688,148019312,0,.rodata,28,63,35,True,T3,0,0,0,True,ゲームマスタリングプログラム,euc_jp
5401368,148019992,0,.rodata,18,63,45,True,T3,0,0,0,True,システムプログラム,euc_jp
5401640,148020264,0,.rodata,24,63,39,True,T3,0,0,0,True,インターフェイスデザイン,euc_jp
5401844,148020468,0,.rodata,24,63,39,True,T3,0,0,0,True,タイトル画面背景デザイン,euc_jp
5402048,148020672,0,.rodata,26,63,37,True,T3,0,0,0,True,タイトル画面背景エフェクト,euc_jp
5402252,148020876,0,.rodata,36,63,27,True,T3,0,0,0,True,ステータス画面キャラクターモーション,euc_jp
5402592,148021216,0,.rodata,18,63,45,True,T3,0,0,0,True,デザインパート監修,euc_jp
5402864,148021488,0,.rodata,20,63,43,True,T3,0,0,0,True,キャラクターデザイン,euc_jp
5402932,148021556,0,.rodata,12,63,51,True,T3,0,0,0,True,　原野　ケイ,euc_jp
5403136,148021760,0,.rodata,20,63,43,True,T3,0,0,0,True,コスチュームデザイン,euc_jp
5403204,148021828,0,.rodata,12,63,51,True,T3,0,0,0,True,　原野　ケイ,euc_jp
5403272,148021896,0,.rodata,12,63,51,True,T3,0,0,0,True,　園田　未来,euc_jp
5403476,148022100,0,.rodata,16,63,47,True,T3,0,0,0,True,プロップデザイン,euc_jp
5403680,148022304,0,.rodata,22,63,41,True,T3,0,0,0,True,キャラクターモデリング,euc_jp
5403748,148022372,0,.rodata,22,63,41,True,T3,0,0,0,True,コスチュームモデリング,euc_jp
5404292,148022916,0,.rodata,18,63,45,True,T3,0,0,0,True,プロップモデリング,euc_jp
5404632,148023256,0,.rodata,14,63,49,True,T3,0,0,0,True,　前原　しおり,euc_jp
5404904,148023528,0,.rodata,24,63,39,True,T3,0,0,0,True,ミュージックコンポーザー,euc_jp
5404972,148023596,0,.rodata,18,63,45,True,T3,0,0,0,True,サウンドエフェクト,euc_jp
5405652,148024276,0,.rodata,12,63,51,True,T3,0,0,0,True,テストプレイ,euc_jp
5405788,148024412,0,.rodata,12,63,51,True,T3,0,0,0,True,　原野　ケイ,euc_jp
5406128,148024752,0,.rodata,18,63,45,True,T3,0,0,0,True,スペシャルサンクス,euc_jp
5406604,148025228,0,.rodata,24,63,39,True,T3,0,0,0,True,テクニカルディレクション,euc_jp
5406808,148025432,0,.rodata,26,63,37,True,T3,0,0,0,True,プランニングディレクション,euc_jp
5406876,148025500,0,.rodata,14,63,49,True,T3,0,0,0,True,　櫻井　たけし,euc_jp
5407012,148025636,0,.rodata,22,63,41,True,T3,0,0,0,True,デザインディレクション,euc_jp
5407352,148025976,0,.rodata,18,63,45,True,T3,0,0,0,True,制作ディレクション,euc_jp
5407624,148026248,0,.rodata,16,63,47,True,T3,0,0,0,True,スーパーバイザー,euc_jp
5407896,148026520,0,.rodata,14,63,49,True,T3,0,0,0,True,プロデューサー,euc_jp
5408236,148026860,0,.rodata,32,63,31,True,T3,0,0,0,True,株式会社ナムコ・テイルズスタジオ,euc_jp
5408304,148026928,0,.rodata,12,63,51,True,T3,0,0,0,True,製作スタッフ,euc_jp
5408440,148027064,0,.rodata,14,63,49,True,T3,0,0,0,True,ディレクション,euc_jp
5408644,148027268,0,.rodata,8,63,55,True,T3,0,0,0,True,シナリオ,euc_jp
5408712,148027336,0,.rodata,12,63,51,True,T3,0,0,0,True,　堀　いつみ,euc_jp
5408848,148027472,0,.rodata,26,63,37,True,T3,0,0,0,True,3Dグラフィックマネジメント,euc_jp
5409052,148027676,0,.rodata,14,63,49,True,T3,0,0,0,True,3Dグラフィック,euc_jp
5409120,148027744,0,.rodata,10,63,53,True,T3,0,0,0,True,　乾　訓明,euc_jp
5409256,148027880,0,.rodata,20,63,43,True,T3,0,0,0,True,サウンドマネジメント,euc_jp
5409324,148027948,0,.rodata,12,63,51,True,T3,0,0,0,True,　池上　修司,euc_jp
5409460,148028084,0,.rodata,18,63,45,True,T3,0,0,0,True,スペシャルサンクス,euc_jp
5409868,148028492,0,.rodata,10,67,57,True,T3,0,0,0,True,鈴木　佑梨,euc_jp
5410208,148028832,0,.rodata,30,63,33,True,T3,0,0,0,True,株式会社バンダイナムコゲームス,euc_jp
5410276,148028900,0,.rodata,12,63,51,True,T3,0,0,0,True,製作スタッフ,euc_jp
5410412,148029036,0,.rodata,20,63,43,True,T3,0,0,0,True,サービスディレクター,euc_jp
5410616,148029240,0,.rodata,24,63,39,True,T3,0,0,0,True,アシスタントディレクター,euc_jp
5410888,148029512,0,.rodata,26,63,37,True,T3,0,0,0,True,コントラクトマネージメント,euc_jp
5411092,148029716,0,.rodata,20,63,43,True,T3,0,0,0,True,2Dデザイナーサポート,euc_jp
5411296,148029920,0,.rodata,24,63,39,True,T3,0,0,0,True,モーションデータサポート,euc_jp
5411500,148030124,0,.rodata,16,63,47,True,T3,0,0,0,True,音声収録サポート,euc_jp
5411840,148030464,0,.rodata,14,63,49,True,T3,0,0,0,True,連動サイト制作,euc_jp
5412520,148031144,0,.rodata,22,63,41,True,T3,0,0,0,True,テイルズ オブ モバイル,euc_jp
5412860,148031484,0,.rodata,21,63,42,True,T3,0,0,0,True,バンダイナムコ フェス,euc_jp
5413132,148031756,0,.rodata,26,63,37,True,T3,0,0,0,True,連動サイトスーパーバイザー,euc_jp
5413472,148032096,0,.rodata,20,63,43,True,T3,0,0,0,True,グラフィックデザイン,euc_jp
5413540,148032164,0,.rodata,14,63,49,True,T3,0,0,0,True,　水谷　麻里子,euc_jp
5413676,148032300,0,.rodata,20,63,43,True,T3,0,0,0,True,クオリティー管理統括,euc_jp
5414560,148033184,0,.rodata,24,63,39,True,T3,0,0,0,True,営業統括プロモーション部,euc_jp
5415240,148033864,0,.rodata,12,131,119,True,T3,0,0,0,True,北山　めぐみ,euc_jp
5415376,148034000,0,.rodata,22,63,41,True,T3,0,0,0,True,プロダクトマネジメント,euc_jp
5415716,148034340,0,.rodata,18,63,45,True,T3,0,0,0,True,スペシャルサンクス,euc_jp
5416260,148034884,0,.rodata,12,67,55,True,T3,0,0,0,True,猪ノ木　麻奈,euc_jp
5416532,148035156,0,.rodata,28,63,35,True,T3,0,0,0,True,「テイルズ　オブ」シリーズを,euc_jp
5416600,148035224,0,.rodata,28,63,35,True,T3,0,0,0,True,支えてきて下さった全ての方々,euc_jp
5416872,148035496,0,.rodata,26,63,37,True,T3,0,0,0,True,　ポールトゥウィン株式会社,euc_jp
5416940,148035564,0,.rodata,20,63,43,True,T3,0,0,0,True,　株式会社フェニシス,euc_jp
5417008,148035632,0,.rodata,24,63,39,True,T3,0,0,0,True,　株式会社セブンスコード,euc_jp
5417212,148035836,0,.rodata,12,63,51,True,T3,0,0,0,True,ディレクター,euc_jp
5417484,148036108,0,.rodata,14,63,49,True,T3,0,0,0,True,プロデューサー,euc_jp
5417756,148036380,0,.rodata,30,63,33,True,T3,0,0,0,True,ゼネラルプロダクトマネージャー,euc_jp
5418028,148036652,0,.rodata,28,63,35,True,T3,0,0,0,True,エグゼクティブプロデューサー,euc_jp
5419048,148037672,0,.rodata,30,63,33,True,T3,0,0,0,True,株式会社バンダイナムコゲームス,euc_jp
5445360,148063984,0,.rodata,16,55,39,True,T2,0,1,0,True,新規セーブデータ,euc_jp
5460952,148079576,0,.rodata,20,23,3,True,T3,0,0,0,True,vdパワーコールバック,euc_jp
5482801,148101425,0,.rodata,11,12,1,True,T3,0,0,0,True,aab83f70a5ec363baab83f,hex
5694768,148313392,0,.data,4,11,7,True,T3,0,0,0,True, だA,euc_jp
5698264,148316888,0,.data,4,11,7,True,T3,0,0,0,True,pだB,euc_jp
5701532,148320156,0,.data,4,11,7,True,T3,0,0,0,True,*むA,euc_jp
5723876,148342500,0,.data,4,11,7,True,T3,0,0,0,True,ｰ･ﾀF,shift_jis
5725624,148344248,0,.data,4,11,7,True,T3,0,0,0,True,`ダE,euc_jp
