id,arquivo,offset,bytes_max,original,traducao,bytes_usados,control_codes,status,nota
v1424_NewQuestFlowCommonMessage.txz:0,v1424_NewQuestFlowCommonMessage.txz,108,76,この依頼を受けてくれるのね。\nそれじゃあ、速やかに仕事に\n取り掛かってね！\n,,0,\n|\n|\n,pendente,id_jogo=58
v1424_NewQuestFlowCommonMessage.txz:1,v1424_NewQuestFlowCommonMessage.txz,184,58,それ、\n納品を頼んでたものだよね。\n渡してくれるのかな？\n,,0,\n|\n|\n,pendente,id_jogo=58
v1424_NewQuestFlowCommonMessage.txz:2,v1424_NewQuestFlowCommonMessage.txz,242,44,お疲れさま。\nこれで、この仕事は終わりね\n\n,,0,\n|\n|\n,pendente,id_jogo=58
v1424_NewQuestFlowCommonMessage.txz:3,v1424_NewQuestFlowCommonMessage.txz,286,88,報酬を渡したいんだけど、\nアイテムがいっぱいみたいね。\n整理をして、また来てちょうだい\n,,0,\n|\n|\n,pendente,id_jogo=58
v1424_NewQuestFlowCommonMessage.txz:4,v1424_NewQuestFlowCommonMessage.txz,374,94,あなたが今受けている依頼の報告は、\n＜依頼者＞にお願いね。\nだって、わたしの管轄外なんだもん\n,,0,\n|\n|\n,pendente,id_jogo=58
v1424_NewQuestFlowCommonMessage.txz:5,v1424_NewQuestFlowCommonMessage.txz,468,88,わたしからの依頼、破棄しちゃうの？\nせっかく、報酬弾んであげようと\n思ってたのになぁ〜\n,,0,\n|\n|\n,pendente,id_jogo=58
v1424_NewQuestFlowCommonMessage.txz:6,v1424_NewQuestFlowCommonMessage.txz,556,92,うーん…。\nまあ、＜依頼者＞にはそう伝えるけど。\n次からなるべく、依頼は終わらせてあげてね\n,,0,\n|\n|\n,pendente,id_jogo=58
v1424_NewQuestFlowCommonMessage.txz:7,v1424_NewQuestFlowCommonMessage.txz,648,78,今あなたに振れる仕事は、\nこれだけあるよ。\nさあ、どれを受けてくれるのかな？\n,,0,\n|\n|\n,pendente,id_jogo=58
v1424_NewQuestFlowCommonMessage.txz:8,v1424_NewQuestFlowCommonMessage.txz,726,98,＜アイテム名＞は頼んでいたけども、\n数が足りないよ？\nちゃんと頼んでいた分持ってきてくれるかな？\n,,0,\n|\n|\n,pendente,id_jogo=58
v1424_NewQuestFlowCommonMessage.txz:9,v1424_NewQuestFlowCommonMessage.txz,824,72,その＜アイテム名＞、\n納品を頼んでたものだよね。\n渡してくれるのかな？\n,,0,\n|\n|\n,pendente,id_jogo=58
v1424_NewQuestFlowCommonMessage.txz:10,v1424_NewQuestFlowCommonMessage.txz,896,84,もう＜アイテム名＞を\n持ってるみたいね？\nじゃあ、それを渡してくれたら依頼完了だよ\n,,0,\n|\n|\n,pendente,id_jogo=58
v1424_NewQuestFlowCommonMessage.txz:11,v1424_NewQuestFlowCommonMessage.txz,980,102,この数じゃあ、みんなをもてなせねえだろ？\n＜数＞個は必要なんだよなあ。\nもちっと集めてもらわねぇと…\n,,0,\n|\n|\n,pendente,id_jogo=37
v1424_NewQuestFlowCommonMessage.txz:12,v1424_NewQuestFlowCommonMessage.txz,1082,900,この依頼は大事なものなんだから、\n破棄しちゃダメよ？\nちゃーんと責任持ってね！\nしたいな。（仮）\n\n\n早くクエスト達成したいな。（仮）\n\n\n早くクエスト達成したいな。（仮）\n\n\n早くクエスト達成したいな。（仮）\n\n\n早くクエスト達成したいな。（仮）\n\n\n早くクエスト達成したいな。（仮）\n\n\n早くクエスト達成したいな。（仮）\n\n\n早くクエスト達成したいな。（仮）\n\n\n早くクエスト達成したいな。（仮）\n\n\n早くクエスト達成したいな。（仮）\n\n\n早くクエスト達成したいな。（仮）\n\n\n早くクエスト達成したいな。（仮）\n\n\n早くクエスト達成したいな。（仮）\n\n\n早くクエスト達成したいな。（仮）\n\n\n早くクエスト達成したいな。（仮）\n\n\n早くクエスト達成したいな。（仮）\n\n\n早くクエスト達成したいな。（仮）\n\n\n早くクエスト達成したいな。（仮）\n\n\n早くクエスト達成したいな。（仮）\n\n\n早くクエスト達成したいな。（仮）\n\n\n早くクエスト達成したいな。（仮）\n\n\n早くクエスト達成したいな。（仮）\n\n\n,,0,\n|\n|\n|\n|\n|\n|\n|\n|\n|\n|\n|\n|\n|\n|\n|\n|\n|\n|\n|\n|\n|\n|\n|\n|\n|\n|\n|\n|\n|\n|\n|\n|\n|\n|\n|\n|\n|\n|\n|\n|\n|\n|\n|\n|\n|\n|\n|\n|\n|\n|\n|\n|\n|\n|\n|\n|\n|\n|\n|\n|\n|\n|\n|\n|\n|\n|\n|\n|\n,pendente,id_jogo=58
v1424_NewQuestFlowMessage1.txz:0,v1424_NewQuestFlowMessage1.txz,348,38,ありがとう。\nじゃあ、お願いするよ\n\n,,0,\n|\n|\n,pendente,id_jogo=0
v1424_NewQuestFlowMessage1.txz:1,v1424_NewQuestFlowMessage1.txz,386,50,おっと、そう来なくっちゃな！\nじゃあ、頼んだぜ\n\n,,0,\n|\n|\n,pendente,id_jogo=2
v1424_NewQuestFlowMessage1.txz:2,v1424_NewQuestFlowMessage1.txz,436,56,ありがとうございます。\nでは、後はあなたに一任します\n\n,,0,\n|\n|\n,pendente,id_jogo=4
v1424_NewQuestFlowMessage1.txz:3,v1424_NewQuestFlowMessage1.txz,492,50,ありがとう。\n君が受けてくれるのなら、安心だな\n\n,,0,\n|\n|\n,pendente,id_jogo=5
v1424_NewQuestFlowMessage1.txz:4,v1424_NewQuestFlowMessage1.txz,542,66,サンキュー♪\n心配しないで。\n報酬は、ちゃーんと出してあげるわよ\n,,0,\n|\n|\n,pendente,id_jogo=6
v1424_NewQuestFlowMessage1.txz:5,v1424_NewQuestFlowMessage1.txz,608,52,感謝するよ。\n君になら、安心して仕事を任せられる\n\n,,0,\n|\n|\n,pendente,id_jogo=9
v1424_NewQuestFlowMessage1.txz:6,v1424_NewQuestFlowMessage1.txz,660,72,おう、やってくれるんだな！？\nよぉっし、じゃあその腕見せてもらうぜ！\n\n,,0,\n|\n|\n,pendente,id_jogo=11
v1424_NewQuestFlowMessage1.txz:7,v1424_NewQuestFlowMessage1.txz,732,76,お、受けてくれるんだな？\nへへ、やっぱお前に頼まなきゃ\n始まんねーもんな！\n,,0,\n|\n|\n,pendente,id_jogo=13
v1424_NewQuestFlowMessage1.txz:8,v1424_NewQuestFlowMessage1.txz,808,50,わあ、ありがとう！\nじゃあ、期待してるからね！\n\n,,0,\n|\n|\n,pendente,id_jogo=14
v1424_NewQuestFlowMessage1.txz:9,v1424_NewQuestFlowMessage1.txz,858,36,では、確かにお願いしましたよ！\n\n\n,,0,\n|\n|\n,pendente,id_jogo=17
v1424_NewQuestFlowMessage1.txz:10,v1424_NewQuestFlowMessage1.txz,894,44,ありがとう。\nじゃあ、お互い頑張ろうね！\n\n,,0,\n|\n|\n,pendente,id_jogo=19
v1424_NewQuestFlowMessage1.txz:11,v1424_NewQuestFlowMessage1.txz,938,32,そうか。\nお前が受ける、か…\n\n,,0,\n|\n|\n,pendente,id_jogo=22
v1424_NewQuestFlowMessage1.txz:12,v1424_NewQuestFlowMessage1.txz,970,58,ありがとう。\nこれは、あんたに受けてもらいたかったんだ\n\n,,0,\n|\n|\n,pendente,id_jogo=23
v1424_NewQuestFlowMessage1.txz:13,v1424_NewQuestFlowMessage1.txz,1028,82,あら、この依頼を受けるなんて\n見る目あるじゃない？\nじゃあ、早速行ってもらうわよ\n,,0,\n|\n|\n,pendente,id_jogo=24
v1424_NewQuestFlowMessage1.txz:14,v1424_NewQuestFlowMessage1.txz,1110,46,すまないな、こんな事頼んでさ。\n恩に着るよ\n\n,,0,\n|\n|\n,pendente,id_jogo=25
v1424_NewQuestFlowMessage1.txz:15,v1424_NewQuestFlowMessage1.txz,1156,64,やったぁ！\nじゃあ、頼んだよ。\n途中で止めるのはナシだからね！\n,,0,\n|\n|\n,pendente,id_jogo=27
v1424_NewQuestFlowMessage1.txz:16,v1424_NewQuestFlowMessage1.txz,1220,64,頼みを聞いてくれるのね。\nありがとう。\nそれじゃあ、頼んだわね\n,,0,\n|\n|\n,pendente,id_jogo=28
v1424_NewQuestFlowMessage1.txz:17,v1424_NewQuestFlowMessage1.txz,1284,32,これを受けるか。\nすまんな…\n\n,,0,\n|\n|\n,pendente,id_jogo=29
v1424_NewQuestFlowMessage1.txz:18,v1424_NewQuestFlowMessage1.txz,1316,66,ああ、ありがとう。\nあんたが受けてくれるのなら、\n本当に心強いよ\n,,0,\n|\n|\n,pendente,id_jogo=30
v1424_NewQuestFlowMessage1.txz:19,v1424_NewQuestFlowMessage1.txz,1382,34,受けてくれるか。\nよろしく頼む\n\n,,0,\n|\n|\n,pendente,id_jogo=33
v1424_NewQuestFlowMessage1.txz:20,v1424_NewQuestFlowMessage1.txz,1416,84,頼みを聞いてくれるか。\nお前の力なら問題ない。\nこちらとしても大船に乗ったつもりだ\n,,0,\n|\n|\n,pendente,id_jogo=35
v1424_NewQuestFlowMessage1.txz:21,v1424_NewQuestFlowMessage1.txz,1500,60,すまないな。\nけど、受けた以上は最期まで\nやり切ってくれよ\n,,0,\n|\n|\n,pendente,id_jogo=37
v1424_NewQuestFlowMessage1.txz:22,v1424_NewQuestFlowMessage1.txz,1560,60,すまないな。\nけど、受けた以上は最後まで\nやり切ってくれよ\n,,0,\n|\n|\n,pendente,id_jogo=39
v1424_NewQuestFlowMessage1.txz:23,v1424_NewQuestFlowMessage1.txz,1620,56,感謝する。\nでは、お互いに\nいい成果にしようじゃないか\n,,0,\n|\n|\n,pendente,id_jogo=41
v1424_NewQuestFlowMessage1.txz:24,v1424_NewQuestFlowMessage1.txz,1676,56,お、受けてくれるんだな！\nんじゃ、ちゃちゃっと頼むぜ\n\n,,0,\n|\n|\n,pendente,id_jogo=45
v1424_NewQuestFlowMessage1.txz:25,v1424_NewQuestFlowMessage1.txz,1732,56,それは助かります。\nでは、あなたも準備はぬかりなく…\n\n,,0,\n|\n|\n,pendente,id_jogo=48
v1424_NewQuestFlowMessage1.txz:26,v1424_NewQuestFlowMessage1.txz,1788,34,まあ…。\n御厚意、感謝しますわ\n\n,,0,\n|\n|\n,pendente,id_jogo=50
v1424_NewQuestFlowMessage1.txz:27,v1424_NewQuestFlowMessage1.txz,1822,60,受けてくれるか。\nこれは、おまえにしか頼めない事だからな\n\n,,0,\n|\n|\n,pendente,id_jogo=52
v1424_NewQuestFlowMessage1.txz:28,v1424_NewQuestFlowMessage1.txz,1882,32,へへっ。\nじゃあ、頼んだぜ！\n\n,,0,\n|\n|\n,pendente,id_jogo=53
v1424_NewQuestFlowMessage1.txz:29,v1424_NewQuestFlowMessage1.txz,1914,66,ありがとう！\n君以外の人になんて、\nとても頼む勇気なかったから…\n,,0,\n|\n|\n,pendente,id_jogo=55
v1424_NewQuestFlowMessage1.txz:30,v1424_NewQuestFlowMessage1.txz,1980,46,ヘッ、当然だよなぁ。\nダチの頼みだからよ！\n\n,,0,\n|\n|\n,pendente,id_jogo=57
v1424_NewQuestFlowMessage1.txz:31,v1424_NewQuestFlowMessage1.txz,2026,76,この依頼を受けてくれるのね。\nそれじゃあ、速やかに仕事に\n取り掛かってね！\n,,0,\n|\n|\n,pendente,id_jogo=58
v1424_NewQuestFlowMessage1.txz:32,v1424_NewQuestFlowMessage1.txz,2102,40,では、報酬分の働きを期待しているぞ\n\n\n,,0,\n|\n|\n,pendente,id_jogo=59
v1424_NewQuestFlowMessage1.txz:33,v1424_NewQuestFlowMessage1.txz,2142,52,じゃ、頑張ってくれよ。\n報酬も用意してあるからな\n\n,,0,\n|\n|\n,pendente,id_jogo=60
v1424_NewQuestFlowMessage1.txz:34,v1424_NewQuestFlowMessage1.txz,2194,58,ありがとうございます！\nやっぱり、○○は\n頼りになります\n,,0,\n|\n|\n,pendente,id_jogo=61
v1424_NewQuestFlowMessage1.txz:35,v1424_NewQuestFlowMessage1.txz,2252,86,う…、受けてくれるの！？\n…ううん、嫌じゃないよ！！\nちょっと…、びっくりしただけ…\n,,0,\n|\n|\n,pendente,id_jogo=66
v1424_NewQuestFlowMessage1.txz:36,v1424_NewQuestFlowMessage1.txz,2338,52,そうか。\nでは、早く行け。\n時間を無駄にしたくない\n,,0,\n|\n|\n,pendente,id_jogo=68
v1424_NewQuestFlowMessage1.txz:37,v1424_NewQuestFlowMessage1.txz,2390,64,ホント！？\nうわあ、助かったよ。\n依頼を聞いてくれてありがとう\n,,0,\n|\n|\n,pendente,id_jogo=69
v1424_NewQuestFlowMessage1.txz:38,v1424_NewQuestFlowMessage1.txz,2454,40,すまない。\n仕事とはいえ、恩に着るよ\n\n,,0,\n|\n|\n,pendente,id_jogo=72
v1424_NewQuestFlowMessage1.txz:39,v1424_NewQuestFlowMessage1.txz,2494,48,あ、…うんっ！\nありがとう。\n私も頑張るよ！！\n,,0,\n|\n|\n,pendente,id_jogo=75
v1424_NewQuestFlowMessage1.txz:40,v1424_NewQuestFlowMessage1.txz,2542,30,受けてくれるか、しかし！\n\n\n,,0,\n|\n|\n,pendente,id_jogo=88
v1424_NewQuestFlowMessage1.txz:41,v1424_NewQuestFlowMessage1.txz,2572,32,嬉しいキュ！\n助かったキュ〜\n\n,,0,\n|\n|\n,pendente,id_jogo=85
v1424_NewQuestFlowMessage1.txz:42,v1424_NewQuestFlowMessage1.txz,2604,42,○○の協力に\n感謝するキュ〜〜〜！！\n\n\n,,0,\n|\n|\n|\n,pendente,id_jogo=87
v1424_NewQuestFlowMessage2.txz:0,v1424_NewQuestFlowMessage2.txz,348,56,そうか。\nでも、依頼は君が受けられる時で\n構わないから\n,,0,\n|\n|\n,pendente,id_jogo=0
v1424_NewQuestFlowMessage2.txz:1,v1424_NewQuestFlowMessage2.txz,404,62,まあ、しょうがねえよな。\n手助けしてくれる奴を気長に待つさ\n\n,,0,\n|\n|\n,pendente,id_jogo=2
v1424_NewQuestFlowMessage2.txz:2,v1424_NewQuestFlowMessage2.txz,466,48,いえ、受けられないのであれば\n仕方ありません\n\n,,0,\n|\n|\n,pendente,id_jogo=4
v1424_NewQuestFlowMessage2.txz:3,v1424_NewQuestFlowMessage2.txz,514,56,また、依頼を見に来てくれよ。\n気が乗ったら受けてくれ\n\n,,0,\n|\n|\n,pendente,id_jogo=5
v1424_NewQuestFlowMessage2.txz:4,v1424_NewQuestFlowMessage2.txz,570,66,ま、ダメなら今回は仕方ないわね。\nそのうち受けてくれたらいいわ\n\n,,0,\n|\n|\n,pendente,id_jogo=6
v1424_NewQuestFlowMessage2.txz:5,v1424_NewQuestFlowMessage2.txz,636,60,なあに、気にしないでくれ。\n受けたくなった時で構わないさ\n\n,,0,\n|\n|\n,pendente,id_jogo=9
v1424_NewQuestFlowMessage2.txz:6,v1424_NewQuestFlowMessage2.txz,696,70,おうおう、\n俺様の依頼は受けられねえってのか！？\nチンケな野郎だぜ！\n,,0,\n|\n|\n,pendente,id_jogo=11
v1424_NewQuestFlowMessage2.txz:7,v1424_NewQuestFlowMessage2.txz,766,84,今は受けられないか。\nうーん、ちょっと期待してたんだけどな。\nま、しょうがねえよな\n,,0,\n|\n|\n,pendente,id_jogo=13
v1424_NewQuestFlowMessage2.txz:8,v1424_NewQuestFlowMessage2.txz,850,86,うん、わかった。\nそんなに急いでるわけじゃないから、\n今度受けに来てくれたらいいかな\n,,0,\n|\n|\n,pendente,id_jogo=14
v1424_NewQuestFlowMessage2.txz:9,v1424_NewQuestFlowMessage2.txz,936,70,あまり気乗りしませんか？\nまあ、受けたいと思ったら\nまた来てください\n,,0,\n|\n|\n,pendente,id_jogo=17
v1424_NewQuestFlowMessage2.txz:10,v1424_NewQuestFlowMessage2.txz,1006,58,えっ…、そうなの？\n依頼を聞いてくれると思ったのになぁ\n\n,,0,\n|\n|\n,pendente,id_jogo=19
v1424_NewQuestFlowMessage2.txz:11,v1424_NewQuestFlowMessage2.txz,1064,56,この依頼は、お前に受けて欲しいんだがな。\nまあいい…\n\n,,0,\n|\n|\n,pendente,id_jogo=22
v1424_NewQuestFlowMessage2.txz:12,v1424_NewQuestFlowMessage2.txz,1120,62,まあ、受けられないならいいよ。\n興味がわいたら、来ておくれ\n\n,,0,\n|\n|\n,pendente,id_jogo=23
v1424_NewQuestFlowMessage2.txz:13,v1424_NewQuestFlowMessage2.txz,1182,48,う〜ん、私からの依頼は\n琴線に触れなかった？\n\n,,0,\n|\n|\n,pendente,id_jogo=24
v1424_NewQuestFlowMessage2.txz:14,v1424_NewQuestFlowMessage2.txz,1230,60,今は受けられないか…。\n出来れば、力を借りたいんだけどな\n\n,,0,\n|\n|\n,pendente,id_jogo=25
v1424_NewQuestFlowMessage2.txz:15,v1424_NewQuestFlowMessage2.txz,1290,48,そ、そう？\n受けてくれたら助かったんだけど…\n\n,,0,\n|\n|\n,pendente,id_jogo=27
v1424_NewQuestFlowMessage2.txz:16,v1424_NewQuestFlowMessage2.txz,1338,60,いえ、よくてよ。\nあなたは自分に合った仕事をすればいいわ\n\n,,0,\n|\n|\n,pendente,id_jogo=28
v1424_NewQuestFlowMessage2.txz:17,v1424_NewQuestFlowMessage2.txz,1398,52,そうか。\nならば、今回はいい。\nいずれ受けてもらう\n,,0,\n|\n|\n,pendente,id_jogo=29
v1424_NewQuestFlowMessage2.txz:18,v1424_NewQuestFlowMessage2.txz,1450,68,そうかい、残念だね。\nでも、無理を言うわけにも行かないからねえ…\n\n,,0,\n|\n|\n,pendente,id_jogo=30
v1424_NewQuestFlowMessage2.txz:19,v1424_NewQuestFlowMessage2.txz,1518,64,あくまで依頼だ、強制じゃない。\nやらないのなら、それでもいい\n\n,,0,\n|\n|\n,pendente,id_jogo=33
v1424_NewQuestFlowMessage2.txz:20,v1424_NewQuestFlowMessage2.txz,1582,64,それでいい。\n無理に何でも引き受けるのは\nいい事ではないからな\n,,0,\n|\n|\n,pendente,id_jogo=35
v1424_NewQuestFlowMessage2.txz:21,v1424_NewQuestFlowMessage2.txz,1646,54,そっか〜…。\nあんまりこの依頼にはピンと来ないか…\n\n,,0,\n|\n|\n,pendente,id_jogo=37
v1424_NewQuestFlowMessage2.txz:22,v1424_NewQuestFlowMessage2.txz,1700,50,そうか。\nお前なら受けてくれると思ったんだが…\n\n,,0,\n|\n|\n,pendente,id_jogo=39
v1424_NewQuestFlowMessage2.txz:23,v1424_NewQuestFlowMessage2.txz,1750,64,そうか。\nでは、気長に待とう。\nいずれ誰かが受けてくれるだろう\n,,0,\n|\n|\n,pendente,id_jogo=41
v1424_NewQuestFlowMessage2.txz:24,v1424_NewQuestFlowMessage2.txz,1814,78,あ？　テメェ、何しに来たんだよ！\n俺の依頼を受けに来たんじゃねーのかよ！！\n\n,,0,\n|\n|\n,pendente,id_jogo=45
v1424_NewQuestFlowMessage2.txz:25,v1424_NewQuestFlowMessage2.txz,1892,92,まあ、そんなに面白い依頼でもありませんし。\nいいですよ、他に受けてくれる者を\n待ちますから\n,,0,\n|\n|\n,pendente,id_jogo=48
v1424_NewQuestFlowMessage2.txz:26,v1424_NewQuestFlowMessage2.txz,1984,52,そうですか。\nこの依頼とは縁がなかったのですわね\n\n,,0,\n|\n|\n,pendente,id_jogo=50
v1424_NewQuestFlowMessage2.txz:27,v1424_NewQuestFlowMessage2.txz,2036,56,では、仕方がない。\nその力を借りられたらと思ったが…\n\n,,0,\n|\n|\n,pendente,id_jogo=52
v1424_NewQuestFlowMessage2.txz:28,v1424_NewQuestFlowMessage2.txz,2092,78,そっか、じゃあしょうがないな。\nそのうち依頼を聞いてくれたら\n助かるんだけど\n,,0,\n|\n|\n,pendente,id_jogo=53
v1424_NewQuestFlowMessage2.txz:29,v1424_NewQuestFlowMessage2.txz,2170,42,そっか、僕の依頼なんて\n興味ないよね…\n\n,,0,\n|\n|\n,pendente,id_jogo=55
v1424_NewQuestFlowMessage2.txz:30,v1424_NewQuestFlowMessage2.txz,2212,42,チェッ、冷やかしかよ。\nつまんねぇの！\n\n,,0,\n|\n|\n,pendente,id_jogo=57
v1424_NewQuestFlowMessage2.txz:31,v1424_NewQuestFlowMessage2.txz,2254,50,ダメなの？　ケチー…。\nいいもん、他に頼むから\n\n,,0,\n|\n|\n,pendente,id_jogo=58
v1424_NewQuestFlowMessage2.txz:32,v1424_NewQuestFlowMessage2.txz,2304,56,そうか、ならばいい。\n仕事を見極めるのも大事だからな\n\n,,0,\n|\n|\n,pendente,id_jogo=59
v1424_NewQuestFlowMessage2.txz:33,v1424_NewQuestFlowMessage2.txz,2360,32,ああ、だったら他を当たるさ\n\n\n,,0,\n|\n|\n,pendente,id_jogo=60
v1424_NewQuestFlowMessage2.txz:34,v1424_NewQuestFlowMessage2.txz,2392,28,そうですか。\n残念です…\n\n,,0,\n|\n|\n,pendente,id_jogo=61
v1424_NewQuestFlowMessage2.txz:35,v1424_NewQuestFlowMessage2.txz,2420,58,そ、そうだよね…。\nこんな頼みは聞いてもらえないよね…\n\n,,0,\n|\n|\n,pendente,id_jogo=66
v1424_NewQuestFlowMessage2.txz:36,v1424_NewQuestFlowMessage2.txz,2478,58,だったらいい。\n俺も遊び半分で受けて欲しくはないからな\n\n,,0,\n|\n|\n,pendente,id_jogo=68
v1424_NewQuestFlowMessage2.txz:37,v1424_NewQuestFlowMessage2.txz,2536,46,困ったな。\n誰か力になってくれないかなあ…\n\n,,0,\n|\n|\n,pendente,id_jogo=69
v1424_NewQuestFlowMessage2.txz:38,v1424_NewQuestFlowMessage2.txz,2582,46,わかった。\nならば、受けてくれるまで待とう\n\n,,0,\n|\n|\n,pendente,id_jogo=72
v1424_NewQuestFlowMessage2.txz:39,v1424_NewQuestFlowMessage2.txz,2628,58,じゃあ、また今度ね。\nううん、いいの。\n気にしないでね！\n,,0,\n|\n|\n,pendente,id_jogo=75
v1424_NewQuestFlowMessage2.txz:40,v1424_NewQuestFlowMessage2.txz,2686,56,ヒドイ奴だな、しかし。\nしかし、いずれ受けてもらうぞ\n\n,,0,\n|\n|\n,pendente,id_jogo=88
v1424_NewQuestFlowMessage2.txz:41,v1424_NewQuestFlowMessage2.txz,2742,58,それはしょうがないキュ…。\nまたよろしくお願いするキュ\n\n,,0,\n|\n|\n,pendente,id_jogo=85
v1424_NewQuestFlowMessage2.txz:42,v1424_NewQuestFlowMessage2.txz,2800,54,残念だキュ…。\nまた今度にでもお願いするキュ…\n\n\n\n,,0,\n|\n|\n|\n|\n,pendente,id_jogo=87
v1424_NewQuestFlowMessage3.txz:0,v1424_NewQuestFlowMessage3.txz,348,50,そうか。\nじゃあ、君の都合が付く時にまた頼むよ\n\n,,0,\n|\n|\n,pendente,id_jogo=0
v1424_NewQuestFlowMessage3.txz:1,v1424_NewQuestFlowMessage3.txz,398,90,なるべくなら、\nお前に受けて欲しかったんだがな。\nじゃあ、そのうちオレの依頼も受けてくれ\n,,0,\n|\n|\n,pendente,id_jogo=2
v1424_NewQuestFlowMessage3.txz:2,v1424_NewQuestFlowMessage3.txz,488,48,そうですか。\nでは、機会があればお願いします\n\n,,0,\n|\n|\n,pendente,id_jogo=4
v1424_NewQuestFlowMessage3.txz:3,v1424_NewQuestFlowMessage3.txz,536,62,そっか。\nまあ、仕方ないか。\nじゃあ、今度また頼む事にするよ\n,,0,\n|\n|\n,pendente,id_jogo=5
v1424_NewQuestFlowMessage3.txz:4,v1424_NewQuestFlowMessage3.txz,598,98,うーん、受けてくれると思ったんだけど。\nま、今回は諦めるわ。\nその代わり、次の機会にでもお願いね\n,,0,\n|\n|\n,pendente,id_jogo=6
v1424_NewQuestFlowMessage3.txz:5,v1424_NewQuestFlowMessage3.txz,696,76,まあ、君にも都合というものがあるからな。\n残念だが、また今度にでも頼むよ\n\n,,0,\n|\n|\n,pendente,id_jogo=9
v1424_NewQuestFlowMessage3.txz:6,v1424_NewQuestFlowMessage3.txz,772,64,俺様の依頼が受けられねえだと？\nだったらとっとと消えやがれ！\n\n,,0,\n|\n|\n,pendente,id_jogo=11
v1424_NewQuestFlowMessage3.txz:7,v1424_NewQuestFlowMessage3.txz,836,64,まあ、いいさ。\nどうしてもってワケでもねぇし。\nまた今度頼むぜ\n,,0,\n|\n|\n,pendente,id_jogo=13
v1424_NewQuestFlowMessage3.txz:8,v1424_NewQuestFlowMessage3.txz,900,54,うーん、残念だなぁ。\nじゃあ、暇な時にまた受けてね\n\n,,0,\n|\n|\n,pendente,id_jogo=14
v1424_NewQuestFlowMessage3.txz:9,v1424_NewQuestFlowMessage3.txz,954,54,そうですか…。\nでは、またの機会にでもお願いします\n\n,,0,\n|\n|\n,pendente,id_jogo=17
v1424_NewQuestFlowMessage3.txz:10,v1424_NewQuestFlowMessage3.txz,1008,88,えっ…、受けてくれると思ったのに。\nしょうがないや。\nじゃあ、今度付き合ってくれよな！\n,,0,\n|\n|\n,pendente,id_jogo=19
v1424_NewQuestFlowMessage3.txz:11,v1424_NewQuestFlowMessage3.txz,1096,58,しょうがない奴だな…。\nまあいい。\nまた機会はあるだろう\n,,0,\n|\n|\n,pendente,id_jogo=22
v1424_NewQuestFlowMessage3.txz:12,v1424_NewQuestFlowMessage3.txz,1154,82,そうかい、残念だね。\nまあ、他にやる事があるんだろ？\nだったら、そっちを優先しな\n,,0,\n|\n|\n,pendente,id_jogo=23
v1424_NewQuestFlowMessage3.txz:13,v1424_NewQuestFlowMessage3.txz,1236,76,ま、いいわ。\n無理強いしてもしょうがないし。\nまた受けに来てくれればいいわ\n,,0,\n|\n|\n,pendente,id_jogo=24
v1424_NewQuestFlowMessage3.txz:14,v1424_NewQuestFlowMessage3.txz,1312,84,そうか、今は無理なんだな。\nそれでも○○の力を借りたいから、\nまた受けに来てくれよ\n,,0,\n|\n|\n,pendente,id_jogo=25
v1424_NewQuestFlowMessage3.txz:15,v1424_NewQuestFlowMessage3.txz,1396,50,ええ、せっかく受けてくれたのに…。\nひどいや…\n\n,,0,\n|\n|\n,pendente,id_jogo=27
v1424_NewQuestFlowMessage3.txz:16,v1424_NewQuestFlowMessage3.txz,1446,64,どうしてもと言うのなら、仕方ないわ。\nそれじゃ、またの機会に\n\n,,0,\n|\n|\n,pendente,id_jogo=28
v1424_NewQuestFlowMessage3.txz:17,v1424_NewQuestFlowMessage3.txz,1510,60,この依頼を破棄するか。\n仕方ない。\n別の機会に頼むとしよう\n,,0,\n|\n|\n,pendente,id_jogo=29
v1424_NewQuestFlowMessage3.txz:18,v1424_NewQuestFlowMessage3.txz,1570,82,はぁ…、やっぱり駄目かい。\nしょうがないね…。\nじゃあ、今度にでも受けておくれよ\n,,0,\n|\n|\n,pendente,id_jogo=30
v1424_NewQuestFlowMessage3.txz:19,v1424_NewQuestFlowMessage3.txz,1652,58,そうか…。\n気が変わって、また受けてくれれば\nそれでいい\n,,0,\n|\n|\n,pendente,id_jogo=33
v1424_NewQuestFlowMessage3.txz:20,v1424_NewQuestFlowMessage3.txz,1710,88,…まいったな。\nしかし、受けられないと言うなら仕方ない。\nでは、機会があったらまた頼む\n,,0,\n|\n|\n,pendente,id_jogo=35
v1424_NewQuestFlowMessage3.txz:21,v1424_NewQuestFlowMessage3.txz,1798,106,おいおい、一旦受けといてそりゃないぜ。\nまあ、他に用があるならしょうがねえな…。\nまた、受けに来てくれよ\n,,0,\n|\n|\n,pendente,id_jogo=37
v1424_NewQuestFlowMessage3.txz:22,v1424_NewQuestFlowMessage3.txz,1904,68,今回は力になれないってのか？\nしょうがないな。\nさて、どうするか…\n,,0,\n|\n|\n,pendente,id_jogo=39
v1424_NewQuestFlowMessage3.txz:23,v1424_NewQuestFlowMessage3.txz,1972,66,…そうか、残念だ。\nしかし、途中で依頼を破棄するのは感心せんな\n\n,,0,\n|\n|\n,pendente,id_jogo=41
v1424_NewQuestFlowMessage3.txz:24,v1424_NewQuestFlowMessage3.txz,2038,64,馬鹿言ってんじゃねえよ！\nだったら最初から受けるなっつーの！\n\n,,0,\n|\n|\n,pendente,id_jogo=45
v1424_NewQuestFlowMessage3.txz:25,v1424_NewQuestFlowMessage3.txz,2102,92,おやおや、私の依頼は重要ではないと。\n残念ですねえ…。\nもっといい仕事でも入ったのですか？\n,,0,\n|\n|\n,pendente,id_jogo=48
v1424_NewQuestFlowMessage3.txz:26,v1424_NewQuestFlowMessage3.txz,2194,72,そうですか…、仕方ありませんわ。\nでは、別の機会に受けてくださいませ\n\n,,0,\n|\n|\n,pendente,id_jogo=50
v1424_NewQuestFlowMessage3.txz:27,v1424_NewQuestFlowMessage3.txz,2266,68,そうか。\nその力を借りたかったのだが…。\nでは、またの機会にしよう\n,,0,\n|\n|\n,pendente,id_jogo=52
v1424_NewQuestFlowMessage3.txz:28,v1424_NewQuestFlowMessage3.txz,2334,68,何だよ、期待してたのに。\n仕方ないな、自分で何とかやってみるさ…\n\n,,0,\n|\n|\n,pendente,id_jogo=53
v1424_NewQuestFlowMessage3.txz:29,v1424_NewQuestFlowMessage3.txz,2402,58,ええ、破棄するの？\nひどいなぁ、もう…。\n信頼してたのに\n,,0,\n|\n|\n,pendente,id_jogo=55
v1424_NewQuestFlowMessage3.txz:30,v1424_NewQuestFlowMessage3.txz,2460,80,ああ、やっぱ止めるだぁ？\nテメェ、スジ通せよな…。\n今度埋め合わせしてもらうぜ\n,,0,\n|\n|\n,pendente,id_jogo=57
v1424_NewQuestFlowMessage3.txz:31,v1424_NewQuestFlowMessage3.txz,2540,76,依頼を破棄しちゃうの？\nせっかく、報酬弾んであげようと\n思ってたのになぁ〜\n,,0,\n|\n|\n,pendente,id_jogo=58
v1424_NewQuestFlowMessage3.txz:32,v1424_NewQuestFlowMessage3.txz,2616,44,構わんさ。\nこっちも報酬代が浮いたからな\n\n,,0,\n|\n|\n,pendente,id_jogo=59
v1424_NewQuestFlowMessage3.txz:33,v1424_NewQuestFlowMessage3.txz,2660,44,しょうがねえな。\nじゃあ、今度また頼むわ\n\n,,0,\n|\n|\n,pendente,id_jogo=60
v1424_NewQuestFlowMessage3.txz:34,v1424_NewQuestFlowMessage3.txz,2704,58,ひどいです…。\nもっと責任を持って依頼を受けてください\n\n,,0,\n|\n|\n,pendente,id_jogo=61
v1424_NewQuestFlowMessage3.txz:35,v1424_NewQuestFlowMessage3.txz,2762,60,えぇぇ…、そんな……。\nせっかく勇気を出して頼んだのに…\n\n,,0,\n|\n|\n,pendente,id_jogo=66
v1424_NewQuestFlowMessage3.txz:36,v1424_NewQuestFlowMessage3.txz,2822,42,そうか…。\nだったら、おまえに用はない\n\n,,0,\n|\n|\n,pendente,id_jogo=68
v1424_NewQuestFlowMessage3.txz:37,v1424_NewQuestFlowMessage3.txz,2864,82,そっか、残念だなあ。\nでも、また受けに来てくれよ。\nオレ、いつでも待ってるから！\n,,0,\n|\n|\n,pendente,id_jogo=69
v1424_NewQuestFlowMessage3.txz:38,v1424_NewQuestFlowMessage3.txz,2946,66,そうか、○○なら\nやり遂げてくれると思ったんだが。\n仕方ないな…\n,,0,\n|\n|\n,pendente,id_jogo=72
v1424_NewQuestFlowMessage3.txz:39,v1424_NewQuestFlowMessage3.txz,3012,86,ううん、気にしてないよ。\nあなたは、あなたがしたい事をすればいいよ。\nじゃ、またね！\n,,0,\n|\n|\n,pendente,id_jogo=75
v1424_NewQuestFlowMessage3.txz:40,v1424_NewQuestFlowMessage3.txz,3098,68,無責任な奴だな、しかし。\n食い物の恨みは恐ろしいんだぞ、しかし！\n\n,,0,\n|\n|\n,pendente,id_jogo=88
v1424_NewQuestFlowMessage3.txz:41,v1424_NewQuestFlowMessage3.txz,3166,60,しょうがないキュ…。\nそれじゃあ、他を当たってみるキュ。\n\n,,0,\n|\n|\n,pendente,id_jogo=85
v1424_NewQuestFlowMessage3.txz:42,v1424_NewQuestFlowMessage3.txz,3226,102,キュ〜…、武器強化への道が遠のいたキュ。\nでも、また今度受けに来てくれたら\n嬉しいキュ！\nしいキュ！\n,,0,\n|\n|\n|\n,pendente,id_jogo=87
v1424_NewQuestFlowMessage4.txz:0,v1424_NewQuestFlowMessage4.txz,348,44,それじゃ、この依頼のお礼を渡さないとね\n\n\n,,0,\n|\n|\n,pendente,id_jogo=0
v1424_NewQuestFlowMessage4.txz:1,v1424_NewQuestFlowMessage4.txz,392,46,おっと、忘れないうちに報酬を渡さないとな\n\n\n,,0,\n|\n|\n,pendente,id_jogo=2
v1424_NewQuestFlowMessage4.txz:2,v1424_NewQuestFlowMessage4.txz,438,48,では、今回の報酬を渡さなくてはいけませんね\n\n\n,,0,\n|\n|\n,pendente,id_jogo=4
v1424_NewQuestFlowMessage4.txz:3,v1424_NewQuestFlowMessage4.txz,486,44,今日は、ありがとう。\n報酬を渡さないとね\n\n,,0,\n|\n|\n,pendente,id_jogo=5
v1424_NewQuestFlowMessage4.txz:4,v1424_NewQuestFlowMessage4.txz,530,34,さてと、報酬を渡さないとね！\n\n\n,,0,\n|\n|\n,pendente,id_jogo=6
v1424_NewQuestFlowMessage4.txz:5,v1424_NewQuestFlowMessage4.txz,564,48,さて、君には今回の礼をしなくては\nならないな\n\n,,0,\n|\n|\n,pendente,id_jogo=9
v1424_NewQuestFlowMessage4.txz:6,v1424_NewQuestFlowMessage4.txz,612,60,おう、今日は楽しかったぜ。\n俺様からの報酬を受け取りな！\n\n,,0,\n|\n|\n,pendente,id_jogo=11
v1424_NewQuestFlowMessage4.txz:7,v1424_NewQuestFlowMessage4.txz,672,56,ああ、依頼を済ませてもらったから\n報酬を渡さないとな\n\n,,0,\n|\n|\n,pendente,id_jogo=13
v1424_NewQuestFlowMessage4.txz:8,v1424_NewQuestFlowMessage4.txz,728,46,えっと。\nじゃあ、報酬を渡さなくっちゃね！\n\n,,0,\n|\n|\n,pendente,id_jogo=14
v1424_NewQuestFlowMessage4.txz:9,v1424_NewQuestFlowMessage4.txz,774,76,今日はありがとうございました。\nでは、ボクからの報酬を受け取ってください\n\n,,0,\n|\n|\n,pendente,id_jogo=17
v1424_NewQuestFlowMessage4.txz:10,v1424_NewQuestFlowMessage4.txz,850,32,そうだ、報酬を渡さないとね\n\n\n,,0,\n|\n|\n,pendente,id_jogo=19
v1424_NewQuestFlowMessage4.txz:11,v1424_NewQuestFlowMessage4.txz,882,42,付き合わせてすまなかった。\n礼を渡そう\n\n,,0,\n|\n|\n,pendente,id_jogo=22
v1424_NewQuestFlowMessage4.txz:12,v1424_NewQuestFlowMessage4.txz,924,60,付き合ってくれて感謝するよ。\nじゃあ、報酬を渡さないとね\n\n,,0,\n|\n|\n,pendente,id_jogo=23
v1424_NewQuestFlowMessage4.txz:13,v1424_NewQuestFlowMessage4.txz,984,66,ああ、そうそう。\n手を貸してくれたんだから\n報酬を渡さないとね♪\n,,0,\n|\n|\n,pendente,id_jogo=24
v1424_NewQuestFlowMessage4.txz:14,v1424_NewQuestFlowMessage4.txz,1050,54,今日はサンキュな。\nじゃあ、報酬を受け取ってくれよ\n\n,,0,\n|\n|\n,pendente,id_jogo=25
v1424_NewQuestFlowMessage4.txz:15,v1424_NewQuestFlowMessage4.txz,1104,80,えっと、今日は付き合ってくれて\n助かったよ。\nそれじゃ、ボクからの報酬を渡すね\n,,0,\n|\n|\n,pendente,id_jogo=27
v1424_NewQuestFlowMessage4.txz:16,v1424_NewQuestFlowMessage4.txz,1184,78,今日はありがとう。\nこれからも頼りにしていてよ？\nそれじゃあ、報酬を渡すわね\n,,0,\n|\n|\n,pendente,id_jogo=28
v1424_NewQuestFlowMessage4.txz:17,v1424_NewQuestFlowMessage4.txz,1262,46,世話になったな。\n受け取れ。\n今日の報酬だ…\n,,0,\n|\n|\n,pendente,id_jogo=29
v1424_NewQuestFlowMessage4.txz:18,v1424_NewQuestFlowMessage4.txz,1308,76,力になってくれてありがとう。\nええっと、今日の報酬を\n渡さないといけないね\n,,0,\n|\n|\n,pendente,id_jogo=30
v1424_NewQuestFlowMessage4.txz:19,v1424_NewQuestFlowMessage4.txz,1384,76,いつも、力を借りてばかりだな。\nすまない。\nオレからの報酬を受け取ってくれ\n,,0,\n|\n|\n,pendente,id_jogo=33
v1424_NewQuestFlowMessage4.txz:20,v1424_NewQuestFlowMessage4.txz,1460,42,いつもすまんな。\nでは、俺からの報酬だ\n\n,,0,\n|\n|\n,pendente,id_jogo=35
v1424_NewQuestFlowMessage4.txz:21,v1424_NewQuestFlowMessage4.txz,1502,64,今日はいい汗かいたぜ。\nおっと、いけねえ。\n報酬を渡さないとな\n,,0,\n|\n|\n,pendente,id_jogo=37
v1424_NewQuestFlowMessage4.txz:22,v1424_NewQuestFlowMessage4.txz,1566,70,今日はお前も疲れただろ？\nそれと、これは俺からだ。\n取っておいてくれ\n,,0,\n|\n|\n,pendente,id_jogo=39
v1424_NewQuestFlowMessage4.txz:23,v1424_NewQuestFlowMessage4.txz,1636,72,君もいい仕事をしてくれるな。\nでは、オレからのお礼だ。\n受け取ってくれ\n,,0,\n|\n|\n,pendente,id_jogo=41
v1424_NewQuestFlowMessage4.txz:24,v1424_NewQuestFlowMessage4.txz,1708,68,ま、一応頼みは聞いてもらったわけだしな。\n報酬くらい、取っとけよ\n\n,,0,\n|\n|\n,pendente,id_jogo=45
v1424_NewQuestFlowMessage4.txz:25,v1424_NewQuestFlowMessage4.txz,1776,46,ああ、依頼の報酬です。\n受け取ってください\n\n,,0,\n|\n|\n,pendente,id_jogo=48
v1424_NewQuestFlowMessage4.txz:26,v1424_NewQuestFlowMessage4.txz,1822,56,あなたには礼を。\nどうぞ。\n依頼の報酬を差し上げますわ\n,,0,\n|\n|\n,pendente,id_jogo=50
v1424_NewQuestFlowMessage4.txz:27,v1424_NewQuestFlowMessage4.txz,1878,42,さあ、受け取ってくれ。\n私からの報酬だ\n\n,,0,\n|\n|\n,pendente,id_jogo=52
v1424_NewQuestFlowMessage4.txz:28,v1424_NewQuestFlowMessage4.txz,1920,52,ありがとう。\nええと、依頼の報酬を渡さないとな！\n\n,,0,\n|\n|\n,pendente,id_jogo=53
v1424_NewQuestFlowMessage4.txz:29,v1424_NewQuestFlowMessage4.txz,1972,64,ごめんね、依頼を受けてくれて。\nえっと…、報酬を渡さないと…\n\n,,0,\n|\n|\n,pendente,id_jogo=55
v1424_NewQuestFlowMessage4.txz:30,v1424_NewQuestFlowMessage4.txz,2036,34,おい。\n依頼の礼だ、取っとけよ\n\n,,0,\n|\n|\n,pendente,id_jogo=57
v1424_NewQuestFlowMessage4.txz:31,v1424_NewQuestFlowMessage4.txz,2070,44,お疲れさま。\nこれで、この仕事は終わりね\n\n,,0,\n|\n|\n,pendente,id_jogo=58
v1424_NewQuestFlowMessage4.txz:32,v1424_NewQuestFlowMessage4.txz,2114,48,報酬だ。\n依頼分の働きは見せてもらったからな\n\n,,0,\n|\n|\n,pendente,id_jogo=59
v1424_NewQuestFlowMessage4.txz:33,v1424_NewQuestFlowMessage4.txz,2162,48,ああ、報酬を渡さないとな。\nほら、受け取んな\n\n,,0,\n|\n|\n,pendente,id_jogo=60
v1424_NewQuestFlowMessage4.txz:34,v1424_NewQuestFlowMessage4.txz,2210,62,どうも、ありがとうございます。\n報酬、受け取ってくれます？\n\n,,0,\n|\n|\n,pendente,id_jogo=61
v1424_NewQuestFlowMessage4.txz:35,v1424_NewQuestFlowMessage4.txz,2272,52,えっと…、ありがとう…。\nお礼、渡さなくっちゃね\n\n,,0,\n|\n|\n,pendente,id_jogo=66
v1424_NewQuestFlowMessage4.txz:36,v1424_NewQuestFlowMessage4.txz,2324,30,依頼の礼だ。\n早く受け取れ\n\n,,0,\n|\n|\n,pendente,id_jogo=68
v1424_NewQuestFlowMessage4.txz:37,v1424_NewQuestFlowMessage4.txz,2354,58,頼みを聞いてくれてありがとう。\nじゃあ、お礼を渡すよ！\n\n,,0,\n|\n|\n,pendente,id_jogo=69
v1424_NewQuestFlowMessage4.txz:38,v1424_NewQuestFlowMessage4.txz,2412,72,今回の依頼は、○○にしか\n頼めなかったよ。\nさあ、報酬を受け取ってくれ\n,,0,\n|\n|\n,pendente,id_jogo=72
v1424_NewQuestFlowMessage4.txz:39,v1424_NewQuestFlowMessage4.txz,2484,88,あなたと過ごせて楽しかった。\nこれ、私からのお礼なんだけど…、\n受け取ってくれるかな？\n,,0,\n|\n|\n,pendente,id_jogo=75
v1424_NewQuestFlowMessage4.txz:40,v1424_NewQuestFlowMessage4.txz,2572,54,報酬だぞ、しかし。\nありがたく受け取っておくんだな\n\n,,0,\n|\n|\n,pendente,id_jogo=88
v1424_NewQuestFlowMessage4.txz:41,v1424_NewQuestFlowMessage4.txz,2626,82,依頼を聞いてくれてありがとうキュ！\nキュッポからの報酬を\n受け取って欲しいキュ！\n,,0,\n|\n|\n,pendente,id_jogo=85
v1424_NewQuestFlowMessage4.txz:42,v1424_NewQuestFlowMessage4.txz,2708,54,これはポッポからのお礼だキュ！\n○○にあげるキュ！\n\n,,0,\n|\n|\n,pendente,id_jogo=87
v1424_NewQuestFlowMessage5.txz:0,v1424_NewQuestFlowMessage5.txz,348,64,おや？\n荷物がいっぱいみたいだね。\n整理してまた来てくれるかな\n,,0,\n|\n|\n,pendente,id_jogo=0
v1424_NewQuestFlowMessage5.txz:1,v1424_NewQuestFlowMessage5.txz,412,86,…っと、荷物がいっぱいみたいだな。\nちょっと整理してきな。\n報酬を渡すのはそれからだ\n,,0,\n|\n|\n,pendente,id_jogo=2
v1424_NewQuestFlowMessage5.txz:2,v1424_NewQuestFlowMessage5.txz,498,102,あなたの荷物がいっぱいの様ですね。\nそれでは、荷物の整理をお願いします。\n報酬はその後に渡しましょう\n,,0,\n|\n|\n,pendente,id_jogo=4
v1424_NewQuestFlowMessage5.txz:3,v1424_NewQuestFlowMessage5.txz,600,64,うん？\n荷物がいっぱいだね。\nじゃあ、整理してからまたおいでよ\n,,0,\n|\n|\n,pendente,id_jogo=5
v1424_NewQuestFlowMessage5.txz:4,v1424_NewQuestFlowMessage5.txz,664,102,あらら、こんな時に荷物がいっぱいなの？\n報酬を渡したいんだけど、\nちょっと整理してくれなきゃ無理だわ\n,,0,\n|\n|\n,pendente,id_jogo=6
v1424_NewQuestFlowMessage5.txz:5,v1424_NewQuestFlowMessage5.txz,766,96,いや、荷物がいっぱいの様だね。\nふむ、これでは渡せないな。\nでは、整理をしてまた来てくれないか\n,,0,\n|\n|\n,pendente,id_jogo=9
v1424_NewQuestFlowMessage5.txz:6,v1424_NewQuestFlowMessage5.txz,862,68,何でぇ、荷物がいっぱいってのか？\nじゃあ、整理してからまた来な！\n\n,,0,\n|\n|\n,pendente,id_jogo=11
v1424_NewQuestFlowMessage5.txz:7,v1424_NewQuestFlowMessage5.txz,930,84,おいおい、荷物がいっぱいじゃねえか。\nまいったな。\nじゃあ、整理してからまた来いよ\n,,0,\n|\n|\n,pendente,id_jogo=13
v1424_NewQuestFlowMessage5.txz:8,v1424_NewQuestFlowMessage5.txz,1014,82,あ、待って。\nあなたの荷物を整理しなきゃ。\nそんなにいっぱいだと報酬を渡せないよ\n,,0,\n|\n|\n,pendente,id_jogo=14
v1424_NewQuestFlowMessage5.txz:9,v1424_NewQuestFlowMessage5.txz,1096,88,おや？　荷物がいっぱいなんですか？\nそれでは報酬を渡せませんよ。\n整理してきてください\n,,0,\n|\n|\n,pendente,id_jogo=17
v1424_NewQuestFlowMessage5.txz:10,v1424_NewQuestFlowMessage5.txz,1184,98,えっ？　受け取れない？\nああ、荷物がいっぱいなんだね。\nそれじゃ、整理してから受け取りに来てよ！\n,,0,\n|\n|\n,pendente,id_jogo=19
v1424_NewQuestFlowMessage5.txz:11,v1424_NewQuestFlowMessage5.txz,1282,72,何だ、荷物に空きが無いのか。\n全く…、その荷物を整理して\nもう一度来い\n,,0,\n|\n|\n,pendente,id_jogo=22
v1424_NewQuestFlowMessage5.txz:12,v1424_NewQuestFlowMessage5.txz,1354,92,さあ、受け取っておくれ…って。\n荷物がいっぱいじゃないか。\nじゃあ、整理してからまた来なよ\n,,0,\n|\n|\n,pendente,id_jogo=23
v1424_NewQuestFlowMessage5.txz:13,v1424_NewQuestFlowMessage5.txz,1446,88,荷物がいっぱい？\nそんなの、整理してくりゃいいでしょ。\nほら、とっとと整理しておいで！\n,,0,\n|\n|\n,pendente,id_jogo=24
v1424_NewQuestFlowMessage5.txz:14,v1424_NewQuestFlowMessage5.txz,1534,82,ん、待てよ？\n荷物がいっぱいじゃねえか。\n整理してからじゃないと報酬は渡せないな\n,,0,\n|\n|\n,pendente,id_jogo=25
v1424_NewQuestFlowMessage5.txz:15,v1424_NewQuestFlowMessage5.txz,1616,86,ええ、荷物がいっぱいだって？\nしょうがないなぁ。\nそれじゃ、荷物を整理してまた来てよ\n,,0,\n|\n|\n,pendente,id_jogo=27
v1424_NewQuestFlowMessage5.txz:16,v1424_NewQuestFlowMessage5.txz,1702,84,あら、荷物がいっぱいなのね。\nじゃあ、整理してまた来なさい。\nその時に報酬を渡すわ\n,,0,\n|\n|\n,pendente,id_jogo=28
v1424_NewQuestFlowMessage5.txz:17,v1424_NewQuestFlowMessage5.txz,1786,76,そうか、荷物がいっぱいか。\nでは、整理をして、\n改めて受け取りに来るがいい\n,,0,\n|\n|\n,pendente,id_jogo=29
v1424_NewQuestFlowMessage5.txz:18,v1424_NewQuestFlowMessage5.txz,1862,80,ああ、今は荷物がいっぱいなんだね。\nじゃあ、荷物に空きが出来たら\n報酬を渡すよ\n,,0,\n|\n|\n,pendente,id_jogo=30
v1424_NewQuestFlowMessage5.txz:19,v1424_NewQuestFlowMessage5.txz,1942,76,荷物がいっぱいなのか？\nだったら、空きが出来たら\n報酬を受け取りに来てくれ\n,,0,\n|\n|\n,pendente,id_jogo=33
v1424_NewQuestFlowMessage5.txz:20,v1424_NewQuestFlowMessage5.txz,2018,92,ふむ、荷物がいっぱいなのか。\nでは、またの機会にするか。\nまずは、荷物を整理するとよかろう\n,,0,\n|\n|\n,pendente,id_jogo=35
v1424_NewQuestFlowMessage5.txz:21,v1424_NewQuestFlowMessage5.txz,2110,100,何だよ、荷物がいっぱいで受け取れないってか？\nしょうがない奴だな。\nんじゃ、整理してからまた来いよ\n,,0,\n|\n|\n,pendente,id_jogo=37
v1424_NewQuestFlowMessage5.txz:22,v1424_NewQuestFlowMessage5.txz,2210,94,荷物がいっぱい、か…。\nそれじゃ、少し整理してきてくれ。\n今のままじゃ、報酬を渡せないからな\n,,0,\n|\n|\n,pendente,id_jogo=39
v1424_NewQuestFlowMessage5.txz:23,v1424_NewQuestFlowMessage5.txz,2304,92,ん？　そうか、荷物がいっぱいか。\nでは、整理出来たら来てくれ。\nそれから報酬を渡すとしよう\n,,0,\n|\n|\n,pendente,id_jogo=41
v1424_NewQuestFlowMessage5.txz:24,v1424_NewQuestFlowMessage5.txz,2396,116,ああ？　荷物が多過ぎて受け取れねぇだと？\nとっとと整理して来いっつうの！！\nこっちゃ、報酬を用意してやってんだぞ！\n,,0,\n|\n|\n,pendente,id_jogo=45
v1424_NewQuestFlowMessage5.txz:25,v1424_NewQuestFlowMessage5.txz,2512,70,荷物がいっぱいなんですね。\nでは、整理をしてから、また来てください\n\n,,0,\n|\n|\n,pendente,id_jogo=48
v1424_NewQuestFlowMessage5.txz:26,v1424_NewQuestFlowMessage5.txz,2582,100,今は荷物が多くて受け取れないんですね。\nでは、整理をしてから受け取りなさい。\nお待ちしておりますわ\n,,0,\n|\n|\n,pendente,id_jogo=50
v1424_NewQuestFlowMessage5.txz:27,v1424_NewQuestFlowMessage5.txz,2682,82,…む、そうか。\n荷物がいっぱいでは受け取れんな。\nでは、整理してからまた来てくれ\n,,0,\n|\n|\n,pendente,id_jogo=52
v1424_NewQuestFlowMessage5.txz:28,v1424_NewQuestFlowMessage5.txz,2764,106,ああ、手荷物がいっぱいなんだな。\nじゃあ、整理してくるといい。\n受け取れるようになったら、また来てくれよ\n,,0,\n|\n|\n,pendente,id_jogo=53
v1424_NewQuestFlowMessage5.txz:29,v1424_NewQuestFlowMessage5.txz,2870,100,どうしたの？　荷物がいっぱいなの？\nじゃあ…、荷物を整理しておいでよ。\nそしたら、報酬を渡せるから\n,,0,\n|\n|\n,pendente,id_jogo=55
v1424_NewQuestFlowMessage5.txz:30,v1424_NewQuestFlowMessage5.txz,2970,94,はあ？　受け取れねえって…。\nああ、荷物がいっぱいなのかよ。\nしょうがねえなあ、整理してきな\n,,0,\n|\n|\n,pendente,id_jogo=57
v1424_NewQuestFlowMessage5.txz:31,v1424_NewQuestFlowMessage5.txz,3064,88,報酬を渡したいんだけど、\nアイテムがいっぱいみたいね。\n整理をして、また来てちょうだい\n,,0,\n|\n|\n,pendente,id_jogo=58
v1424_NewQuestFlowMessage5.txz:32,v1424_NewQuestFlowMessage5.txz,3152,68,受け取れないだと？\n報酬に預かる時は、荷物を空けておけ。\nいいな…\n,,0,\n|\n|\n,pendente,id_jogo=59
v1424_NewQuestFlowMessage5.txz:33,v1424_NewQuestFlowMessage5.txz,3220,78,何だ、荷物がいっぱいなのか。\nじゃあ、整理してきな。\nそれまで報酬はお預けだ\n,,0,\n|\n|\n,pendente,id_jogo=60
v1424_NewQuestFlowMessage5.txz:34,v1424_NewQuestFlowMessage5.txz,3298,88,えっ…、荷物がいっぱいなんですか？\n困りましたね。\nそれじゃ、整理してきてもらえます？\n,,0,\n|\n|\n,pendente,id_jogo=61
v1424_NewQuestFlowMessage5.txz:35,v1424_NewQuestFlowMessage5.txz,3386,84,あ、あの…、荷物がいっぱいなの？\nじゃあ、…荷物を整理してくれたら、\n報酬を渡すよ\n,,0,\n|\n|\n,pendente,id_jogo=66
v1424_NewQuestFlowMessage5.txz:36,v1424_NewQuestFlowMessage5.txz,3470,88,受け取れない？\n普段から荷物の整理ぐらいしておくんだな。\n整理が付いたら受け取りに来い\n,,0,\n|\n|\n,pendente,id_jogo=68
v1424_NewQuestFlowMessage5.txz:37,v1424_NewQuestFlowMessage5.txz,3558,88,あっ、そっか！\n荷物がいっぱいだから受け取れないんだね。\nじゃあ、一度整理しておいでよ\n,,0,\n|\n|\n,pendente,id_jogo=69
v1424_NewQuestFlowMessage5.txz:38,v1424_NewQuestFlowMessage5.txz,3646,86,ああ、荷物がいっぱいなんだな。\n報酬は持っておくよ。\n荷物を整理したら、また来てくれ\n,,0,\n|\n|\n,pendente,id_jogo=72
v1424_NewQuestFlowMessage5.txz:39,v1424_NewQuestFlowMessage5.txz,3732,96,あ…、荷物がいっぱいなんだね。\nじゃあ、お礼は預かっておくよ。\n荷物を整理したら、また来てね！\n,,0,\n|\n|\n,pendente,id_jogo=75
v1424_NewQuestFlowMessage5.txz:40,v1424_NewQuestFlowMessage5.txz,3828,70,しかし、荷物がいっぱいか。\nじゃあ、荷物を整理して、また来るんだな\n\n,,0,\n|\n|\n,pendente,id_jogo=88
v1424_NewQuestFlowMessage5.txz:41,v1424_NewQuestFlowMessage5.txz,3898,78,キュ〜？\n荷物がいっぱいの様だキュ。\n整理して、また受け取りに来て欲しいキュ\n,,0,\n|\n|\n,pendente,id_jogo=85
v1424_NewQuestFlowMessage5.txz:42,v1424_NewQuestFlowMessage5.txz,3976,106,キュ〜…、お礼を渡したいけど\n荷物がいっぱいで渡せないキュ…。\n荷物を整理して、またここへ来て欲しいキュ\n,,0,\n|\n|\n,pendente,id_jogo=87
v1424_NewQuestFlowMessage6.txz:0,v1424_NewQuestFlowMessage6.txz,348,64,早く目的地へ急ごう。\n今回の目的は何としても達成させたいんだ\n\n,,0,\n|\n|\n,pendente,id_jogo=0
v1424_NewQuestFlowMessage6.txz:1,v1424_NewQuestFlowMessage6.txz,412,84,さあ、早く依頼を達成させてくれよ。\nこうしている間にまたクレスに\n追い越されちまう\n,,0,\n|\n|\n,pendente,id_jogo=2
v1424_NewQuestFlowMessage6.txz:2,v1424_NewQuestFlowMessage6.txz,496,110,早く一人前の忍者にならなくては…。\nどうかオルタータ火山でのフィアブロンク退治に\nあなたの力を貸してください\n,,0,\n|\n|\n,pendente,id_jogo=4
v1424_NewQuestFlowMessage6.txz:3,v1424_NewQuestFlowMessage6.txz,606,60,えーっと、俺からの依頼には\nまだ取り掛かれないのかなぁ？\n\n,,0,\n|\n|\n,pendente,id_jogo=5
v1424_NewQuestFlowMessage6.txz:4,v1424_NewQuestFlowMessage6.txz,666,90,ちょっと、あたしの依頼を受けたんでしょ？\nだったら、さっさと取り掛かってくれないかしら\n\n,,0,\n|\n|\n,pendente,id_jogo=6
v1424_NewQuestFlowMessage6.txz:5,v1424_NewQuestFlowMessage6.txz,756,92,すまないね、この様な事を頼んでしまって。\nしかし、なるべく急いでもらえると\n助かるのだが…\n,,0,\n|\n|\n,pendente,id_jogo=9
v1424_NewQuestFlowMessage6.txz:6,v1424_NewQuestFlowMessage6.txz,848,86,おうおう、一度俺様の依頼を引き受けたのなら\n最後まできっちりやってもらわねぇとな！\n\n,,0,\n|\n|\n,pendente,id_jogo=11
v1424_NewQuestFlowMessage6.txz:7,v1424_NewQuestFlowMessage6.txz,934,38,早くクエスト達成したいな。（仮）\n\n\n,,0,\n|\n|\n,pendente,id_jogo=13
v1424_NewQuestFlowMessage6.txz:8,v1424_NewQuestFlowMessage6.txz,972,86,さあ、コンフェイト大森林へ行こう！\nキールとの勝負、負けるわけには\nいかないもんね！\n,,0,\n|\n|\n,pendente,id_jogo=14
v1424_NewQuestFlowMessage6.txz:9,v1424_NewQuestFlowMessage6.txz,1058,38,早くクエスト達成したいな。（仮）\n\n\n,,0,\n|\n|\n,pendente,id_jogo=17
v1424_NewQuestFlowMessage6.txz:10,v1424_NewQuestFlowMessage6.txz,1096,70,今度こそバルバトスと決着を付けるんだ。\n急ごう！　霊峰アブソールへ\n\n,,0,\n|\n|\n,pendente,id_jogo=19
v1424_NewQuestFlowMessage6.txz:11,v1424_NewQuestFlowMessage6.txz,1166,82,何をのんびりとしている。行くぞ。\nそれともお前に手を借りたのが\n間違いだったか？\n,,0,\n|\n|\n,pendente,id_jogo=22
v1424_NewQuestFlowMessage6.txz:12,v1424_NewQuestFlowMessage6.txz,1248,38,早くクエスト達成したいな。（仮）\n\n\n,,0,\n|\n|\n,pendente,id_jogo=23
v1424_NewQuestFlowMessage6.txz:13,v1424_NewQuestFlowMessage6.txz,1286,88,さーあ、カニを求めて\nシフノ湧泉洞へ行くわよ！！\nあ、今更抜けるってのはナシだからね☆\n,,0,\n|\n|\n,pendente,id_jogo=24
v1424_NewQuestFlowMessage6.txz:14,v1424_NewQuestFlowMessage6.txz,1374,68,ユグドラシルを止めないと…。\n頼む、ヴェラトローパへ急いでくれ！\n\n,,0,\n|\n|\n,pendente,id_jogo=25
v1424_NewQuestFlowMessage6.txz:15,v1424_NewQuestFlowMessage6.txz,1442,114,ねぇってば、コンフェイト大森林に早く\n行かないと約束の時間が過ぎちゃうよ！！\nああ、もう待たせちゃっているかも…\n,,0,\n|\n|\n,pendente,id_jogo=27
v1424_NewQuestFlowMessage6.txz:16,v1424_NewQuestFlowMessage6.txz,1556,38,早くクエスト達成したいな。（仮）\n\n\n,,0,\n|\n|\n,pendente,id_jogo=28
v1424_NewQuestFlowMessage6.txz:17,v1424_NewQuestFlowMessage6.txz,1594,80,目的地は聖地ラングリースだ。\nなに、お前となら用はすぐに済む。\n早く船を出るぞ\n,,0,\n|\n|\n,pendente,id_jogo=29
v1424_NewQuestFlowMessage6.txz:18,v1424_NewQuestFlowMessage6.txz,1674,96,すまないね、こんな依頼を頼んじまってさ。\nでも、あんたの事、頼りにしてるんだ。\n目的地へ急ごう\n,,0,\n|\n|\n,pendente,id_jogo=30
v1424_NewQuestFlowMessage6.txz:19,v1424_NewQuestFlowMessage6.txz,1770,6,\n\n\n,,0,\n|\n|\n,pendente,id_jogo=33
v1424_NewQuestFlowMessage6.txz:20,v1424_NewQuestFlowMessage6.txz,1776,98,迎えに行く「家族」はまだ子どもなんでな。\n早く行って合流したい。\nお前の準備が済み次第船を出よう\n,,0,\n|\n|\n,pendente,id_jogo=35
v1424_NewQuestFlowMessage6.txz:21,v1424_NewQuestFlowMessage6.txz,1874,90,早くコンフェイト大森林へ行こうぜ。\nナタリアにもみんなにも最高の一品を\n用意するからさ！\n,,0,\n|\n|\n,pendente,id_jogo=37
v1424_NewQuestFlowMessage6.txz:22,v1424_NewQuestFlowMessage6.txz,1964,38,早くクエスト達成したいな。（仮）\n\n\n,,0,\n|\n|\n,pendente,id_jogo=39
v1424_NewQuestFlowMessage6.txz:23,v1424_NewQuestFlowMessage6.txz,2002,38,早くクエスト達成したいな。（仮）\n\n\n,,0,\n|\n|\n,pendente,id_jogo=41
v1424_NewQuestFlowMessage6.txz:24,v1424_NewQuestFlowMessage6.txz,2040,96,バカ、急げっつーの！\nじゃねえと、うるせー奴らにバレちまうだろ？\n早くカダイフ砂漠まで行くぞ！\n,,0,\n|\n|\n,pendente,id_jogo=45
v1424_NewQuestFlowMessage6.txz:25,v1424_NewQuestFlowMessage6.txz,2136,94,霊峰アブソールは、今日当たり吹雪くんじゃ\nないですか？\n私の部下も無事でいればいいんですがね\n,,0,\n|\n|\n,pendente,id_jogo=48
v1424_NewQuestFlowMessage6.txz:26,v1424_NewQuestFlowMessage6.txz,2230,38,早くクエスト達成したいな。（仮）\n\n\n,,0,\n|\n|\n,pendente,id_jogo=50
v1424_NewQuestFlowMessage6.txz:27,v1424_NewQuestFlowMessage6.txz,2268,102,この依頼はルークとアッシュの将来の為に、だ。\nすまないが、今回この依頼には最後まで\n付き合って欲しい\n,,0,\n|\n|\n,pendente,id_jogo=52
v1424_NewQuestFlowMessage6.txz:28,v1424_NewQuestFlowMessage6.txz,2370,38,早くクエスト達成したいな。（仮）\n\n\n,,0,\n|\n|\n,pendente,id_jogo=53
v1424_NewQuestFlowMessage6.txz:29,v1424_NewQuestFlowMessage6.txz,2408,38,早くクエスト達成したいな。（仮）\n\n\n,,0,\n|\n|\n,pendente,id_jogo=55
v1424_NewQuestFlowMessage6.txz:30,v1424_NewQuestFlowMessage6.txz,2446,106,あ？　まさかオレの依頼を断るってか？\nそんなわけねーよなあ。\nダチの頼みは最後まで付う合うもんだよなあ？\n,,0,\n|\n|\n,pendente,id_jogo=57
v1424_NewQuestFlowMessage6.txz:31,v1424_NewQuestFlowMessage6.txz,2552,80,この依頼は大事なものなんだから、\n破棄しちゃダメよ？\nちゃーんと責任持ってね！\n,,0,\n|\n|\n,pendente,id_jogo=58
v1424_NewQuestFlowMessage6.txz:32,v1424_NewQuestFlowMessage6.txz,2632,38,早くクエスト達成したいな。（仮）\n\n\n,,0,\n|\n|\n,pendente,id_jogo=59
v1424_NewQuestFlowMessage6.txz:33,v1424_NewQuestFlowMessage6.txz,2670,44,面倒くさい依頼だろうが、\n早いとこ頼むぜ\n\n,,0,\n|\n|\n,pendente,id_jogo=60
v1424_NewQuestFlowMessage6.txz:34,v1424_NewQuestFlowMessage6.txz,2714,38,早くクエスト達成したいな。（仮）\n\n\n,,0,\n|\n|\n,pendente,id_jogo=61
v1424_NewQuestFlowMessage6.txz:35,v1424_NewQuestFlowMessage6.txz,2752,38,早くクエスト達成したいな。（仮）\n\n\n,,0,\n|\n|\n,pendente,id_jogo=66
v1424_NewQuestFlowMessage6.txz:36,v1424_NewQuestFlowMessage6.txz,2790,94,エミルのフォローはお前が適任だ。\n他には頼めない。\n早く、オルタータ火山へ向かってもらおうか\n,,0,\n|\n|\n,pendente,id_jogo=68
v1424_NewQuestFlowMessage6.txz:37,v1424_NewQuestFlowMessage6.txz,2884,100,依頼を受けてくれてありがとう。\nこっちは準備出来てるよ！\n早く、「おとぎ話の魔物」を探しに行こう！\n,,0,\n|\n|\n,pendente,id_jogo=69
v1424_NewQuestFlowMessage6.txz:38,v1424_NewQuestFlowMessage6.txz,2984,60,目的地はルバーブ連山だ。\nソフィの笑顔を守る為に…頼む！\n\n,,0,\n|\n|\n,pendente,id_jogo=72
v1424_NewQuestFlowMessage6.txz:39,v1424_NewQuestFlowMessage6.txz,3044,38,早くクエスト達成したいな。（仮）\n\n\n,,0,\n|\n|\n,pendente,id_jogo=75
v1424_NewQuestFlowMessage6.txz:40,v1424_NewQuestFlowMessage6.txz,3082,78,コーダの願い、早く叶えて欲しいのだ、しかし！\nレシピが欲しいぞ、しかし！！\n\n,,0,\n|\n|\n,pendente,id_jogo=88
v1424_NewQuestFlowMessage6.txz:41,v1424_NewQuestFlowMessage6.txz,3160,54,ポッポが心配だキュ！\n早く探しに行って欲しいキュ！\n\n,,0,\n|\n|\n,pendente,id_jogo=85
v1424_NewQuestFlowMessage6.txz:42,v1424_NewQuestFlowMessage6.txz,3214,78,○○、お願いだキュ！\nポッポからの頼み、早く聞いてもらえると\n助かるキュ！\n\n,,0,\n|\n|\n|\n,pendente,id_jogo=87
v1424_NewQuestMessage.txz:0,v1424_NewQuestMessage.txz,1988,240,私の故郷のヘーゼル村の皆は、\n帝国に強制的に労働を強いられ\n食料も薬品も作り出す事が出来ません。\nヘーゼル村の者とは[指定色１]コンフェイト大森林[指定色戻し]で\n落ち合う事になっています。\nどうかヴェイグに同行して、村へ物資を\n届けて下さい\n,,0,\n|\n|\n|[指定色１]|[指定色戻し]|\n|\n|\n|\n,pendente,id_jogo=1
v1424_NewQuestMessage.txz:1,v1424_NewQuestMessage.txz,2228,174,[指定色１]コンフェイト大森林[指定色戻し]にある、\nガルバンゾ国が行った星晶採掘の跡地を\n調査したいんです。\n分析をしてくれるフィリアと私の護衛を\nどなたかにお願いします\n\n\n,,0,[指定色１]|[指定色戻し]|\n|\n|\n|\n|\n|\n|\n,pendente,id_jogo=2
v1424_NewQuestMessage.txz:2,v1424_NewQuestMessage.txz,2402,202,目的地は[指定色１]オルタータ火山[指定色戻し]。\nそこに、つい最近星晶採掘が終了した場所があるの。\nそこで、何か異常がないかを調査してきて\nちょうだい。\nなおこの仕事の同行者は、ウィルさんとルビアよ\n\n\n,,0,[指定色１]|[指定色戻し]|\n|\n|\n|\n|\n|\n|\n,pendente,id_jogo=3
v1424_NewQuestMessage.txz:3,v1424_NewQuestMessage.txz,2604,300,モラード村のジョアンさんを\n[指定色１]ブラウニー坑道[指定色戻し]の奥へ連れて行ってちょうだい。\n何でもそこに、病気を治す存在がいるという話なの。\nその存在に会いに行きたいという話なんだけど、\nとりあえず頼みを聞いてあげて。\nこの仕事の同行者は、ファラとマルタ。\n誰かジョアンさんの護衛をお願いします\n,,0,\n|[指定色１]|[指定色戻し]|\n|\n|\n|\n|\n|\n,pendente,id_jogo=4
v1424_NewQuestMessage.txz:4,v1424_NewQuestMessage.txz,2904,278,モラード村の村長、トマスさんの依頼で、\n[指定色１]カダイフ砂漠[指定色戻し]の[指定色１]オアシス[指定色戻し]へ魔物を捨ててきて\n欲しいの。\nトマスさんから魔物が入ったケージを渡されるから\nオアシスまで、運んでちょうだい。\nこの仕事は、クレス君とイリアが同行する事に\nなっています\n,,0,\n|[指定色１]|[指定色戻し]|[指定色１]|[指定色戻し]|\n|\n|\n|\n|\n|\n,pendente,id_jogo=5
v1424_NewQuestMessage.txz:5,v1424_NewQuestMessage.txz,3182,176,精霊と交流があるミブナの里へは\n[指定色１]ブラウニー坑道[指定色戻し]を通る必要がある。\n私が案内をつとめよう。\nハロルドも同行に加えるが、\n他に行く意志がある者を募集する\n\n\n,,0,\n|[指定色１]|[指定色戻し]|\n|\n|\n|\n|\n|\n,pendente,id_jogo=6
v1424_NewQuestMessage.txz:6,v1424_NewQuestMessage.txz,3358,218,「願いを叶える」と噂される存在が、\n[指定色１]ルバーブ連山[指定色戻し]にいるらしいの。\n出来る限りその存在に接触して、調査をしてちょうだい。\n方法、手段は問いません。\nこの仕事はティトレイ君とメルディが同行します\n\n\n,,0,\n|[指定色１]|[指定色戻し]|\n|\n|\n|\n|\n|\n,pendente,id_jogo=7
v1424_NewQuestMessage.txz:7,v1424_NewQuestMessage.txz,3576,232,緊急かつ重要な仕事よ！\n[指定色１]アルマナック遺跡[指定色戻し]にある「暁の従者」の拠点へ\n行って欲しいの。\nあの光の存在もきっといるはず。\n絶対に「暁の従者」から引き離すのよ！\nなお、この仕事は、わたしとジェイドさんが同行します\n\n,,0,\n|[指定色１]|[指定色戻し]|\n|\n|\n|\n|\n|\n,pendente,id_jogo=8
v1424_NewQuestMessage.txz:8,v1424_NewQuestMessage.txz,3808,192,[指定色１]霊峰アブソール[指定色戻し]にいる精霊に会って、\nラザリスや世界の始まりの事を聞いてきて\n欲しいの。\nエミル君とカイウス君に同行を\n頼んでいるから、誰か一緒に\n行ってくれないかな？\n\n,,0,[指定色１]|[指定色戻し]|\n|\n|\n|\n|\n|\n|\n,pendente,id_jogo=9
v1424_NewQuestMessage.txz:9,v1424_NewQuestMessage.txz,4000,304,ヘーゼル村の者達を、新天地へ移動させる為に\n[指定色１]カダイフ砂漠[指定色戻し]を越えなくてはならない。\nそこで、村人が魔物に襲われる事無く、無事に\n砂漠を越えられるよう、魔物を討伐してもらいたい。\nなお、この依頼には\nすずとユーリが力を貸してくれるそうだ。\nどうか、誰か引き受けてはもらえないだろうか…\n,,0,\n|[指定色１]|[指定色戻し]|\n|\n|\n|\n|\n|\n,pendente,id_jogo=10
v1424_NewQuestMessage.txz:10,v1424_NewQuestMessage.txz,4304,210,ラザリスの事をもっと知る為に、\n創世の時についての調査をしてきてもらいたいの。\n同行者には、キールとジュディスをつけるわ。\nこの依頼を受けて[指定色１]ヴェラトローパ[指定色戻し]へ\n行ってくれる人を募集中よ\n\n\n,,0,\n|\n|\n|[指定色１]|[指定色戻し]|\n|\n|\n|\n,pendente,id_jogo=11
v1424_NewQuestMessage.txz:11,v1424_NewQuestMessage.txz,4514,164,目的地は[指定色１]ブラウニー坑道[指定色戻し]。\n塩水晶を採取してきてもらいたいの。\n同行者は、しいなとカイル。\n星晶の代用となる素材なんだから\n急ぎで頼むわね\n\n\n,,0,[指定色１]|[指定色戻し]|\n|\n|\n|\n|\n|\n|\n,pendente,id_jogo=12
v1424_NewQuestMessage.txz:12,v1424_NewQuestMessage.txz,4678,234,ラザリスが出現させた、あのキバらしきものの\n調査をする必要があります。\nあのキバは[指定色１]オルタータ火山[指定色戻し]より\n出現しています。\n誰か、現地へ赴きこの調査を引き受けて下さい。\n同行は、ロイドとジューダスに頼んであります\n\n,,0,\n|\n|[指定色１]|[指定色戻し]|\n|\n|\n|\n|\n,pendente,id_jogo=13
v1424_NewQuestMessage.txz:13,v1424_NewQuestMessage.txz,4912,238,[指定色１]アルマナック遺跡[指定色戻し]へ行き、ツリガネトンボ草の\n化石を取って来てもらいたい。\n化石とはいえ、ドクメントがわずかにでも\n採取出来ればしめたものだ。\n同行はルーティとルカに頼んでいる。\nどうか、引き受けてくれないだろうか\n\n,,0,[指定色１]|[指定色戻し]|\n|\n|\n|\n|\n|\n|\n,pendente,id_jogo=14
v1424_NewQuestMessage.txz:14,v1424_NewQuestMessage.txz,5150,192,お願い、私を[指定色１]ヴェラトローパ[指定色戻し]へ連れて行って\n欲しいの。\n私、ニアタに会って色んな事を聞きたい…。\nアーチェも力を貸してくれたから、\n私をニアタの所へ連れて行って…！！\n\n\n,,0,[指定色１]|[指定色戻し]|\n|\n|\n|\n|\n|\n|\n,pendente,id_jogo=15
v1424_NewQuestMessage.txz:15,v1424_NewQuestMessage.txz,5342,222,ツリガネトンボ草の進化種のドクメントを\n集めたい。\nまずは[指定色１]霊峰アブソール[指定色戻し]にある「オイルツリー」の\nドクメントを採取してきて欲しい。\nなお、今回はヴェイグとスパーダが同行して\n力になってくれるそうだ\n\n,,0,\n|\n|[指定色１]|[指定色戻し]|\n|\n|\n|\n|\n,pendente,id_jogo=16
v1424_NewQuestMessage.txz:16,v1424_NewQuestMessage.txz,5564,206,[指定色１]シフノ湧泉洞[指定色戻し]にある「ユルングの樹」の\nドクメントを採取してきて欲しいの。\n同行するのは、アッシュ君とナタリア。\nツリガネトンボ草の進化種を集める為に、\n誰か力を貸してちょうだい！\n\n\n,,0,[指定色１]|[指定色戻し]|\n|\n|\n|\n|\n|\n|\n,pendente,id_jogo=17
v1424_NewQuestMessage.txz:17,v1424_NewQuestMessage.txz,5770,194,[指定色１]カダイフ砂漠[指定色戻し]に生えているという「風来草」の\nドクメントを採取してきて欲しいの。\n同行者は、スタン君とロニさん。\nハードな仕事になるけれど、誰か力を貸して\nちょうだい！\n\n\n,,0,[指定色１]|[指定色戻し]|\n|\n|\n|\n|\n|\n|\n,pendente,id_jogo=18
v1424_NewQuestMessage.txz:18,v1424_NewQuestMessage.txz,5964,252,この依頼は、是非ディセンダーに受けて欲しい。\n[指定色１]聖地ラングリース[指定色戻し]のボルテックスへ\nカノンノを同行者に加えて向かってくれ。\nボルテックスで一時無防備な状態になる為、\n護衛をヴァンに頼んである。\nでは、ディセンダーの決断を待っている\n\n,,0,\n|[指定色１]|[指定色戻し]|\n|\n|\n|\n|\n|\n,pendente,id_jogo=19
v1424_NewQuestMessage.txz:19,v1424_NewQuestMessage.txz,6216,220,[指定色１]ルバーブ連山[指定色戻し]の山頂にある隕石から「ギベオン」を\n採取してきて欲しいのよね。\nディセンダーの浄化能力を、他人に転写する為に\n必要な触媒なの。\n同行者は、レイヴンとアスベルね。\nんじゃ、ヨロシク〜♪\n\n,,0,[指定色１]|[指定色戻し]|\n|\n|\n|\n|\n|\n|\n,pendente,id_jogo=20
v1424_NewQuestMessage.txz:20,v1424_NewQuestMessage.txz,6436,202,カノンノにディセンダーの能力が転写されて\nいるかどうか、試してきてもらいたいの。\n場所は[指定色１]シフノ湧泉洞[指定色戻し]。\n同行者はカノンノとシャーリィよ。\nじゃ、時間もないし早く済ませてきてね\n\n\n,,0,\n|\n|[指定色１]|[指定色戻し]|\n|\n|\n|\n|\n,pendente,id_jogo=21
v1424_NewQuestMessage.txz:21,v1424_NewQuestMessage.txz,6638,248,至急、[指定色１]コンフェイト大森林[指定色戻し]に行き、\nケイブレックスのドクメントを\n採取してきて欲しい。\nもしかするとウズマキフスベのドクメントが\n手に入るかもしれない。\n同行者は、セネルとティアに頼んである。\nこの重要な仕事を引き受けてくれ！\n,,0,[指定色１]|[指定色戻し]|\n|\n|\n|\n|\n|\n|\n,pendente,id_jogo=22
v1424_NewQuestMessage.txz:22,v1424_NewQuestMessage.txz,6886,224,[指定色１]聖地ラングリース[指定色戻し]のボルテックスに\n向かってちょうだい。\nこれで、いよいよラザリスの世界を\n封印出来るのよ。\n同行者は、リタとカノンノ。\nこのルミナシアを救う為の大仕事を\n引き受けてくれる人を募集します\n,,0,[指定色１]|[指定色戻し]|\n|\n|\n|\n|\n|\n|\n,pendente,id_jogo=23
v1424_NewQuestMessage.txz:23,v1424_NewQuestMessage.txz,7110,172,あなたが果たす目的は一つ。\n[指定色１]エラン・ヴィタール[指定色戻し]へ進入し、\nルミナシアを守る事。\n同行者は、自由に決めなさい。\nきっと、皆があなたの力になるはずよ\n\n\n,,0,\n|[指定色１]|[指定色戻し]|\n|\n|\n|\n|\n|\n,pendente,id_jogo=24
v1424_NewQuestMessage.txz:24,v1424_NewQuestMessage.txz,7282,274,アーチェさんが持って来てくれた\n「ソーサラーリング」に、自然界の息吹を\n注入する必要があります。\nそうしなければ、このリングは何の効力もありません。\n同行者はユージーンさんとチャットさんに\nお願いしてあります。\nなお、目的地は[指定色１]オルタータ火山[指定色戻し]になります\n,,0,\n|\n|\n|\n|\n|\n|[指定色１]|[指定色戻し]|\n,pendente,id_jogo=25
v1424_NewQuestMessage.txz:25,v1424_NewQuestMessage.txz,7556,264,ソーサラーリングの効力をさらに上げる為に、\n新しいリングスポットへ行って欲しいの。\n場所は、[指定色１]カダイフ砂漠[指定色戻し]の後生の門の\n先にある[指定色１]赤のオアシス[指定色戻し]。\n同行者は、コレットとコハクよ。\nじゃ、この話に乗ってくれるのを待ってるね！\n\n,,0,\n|\n|[指定色１]|[指定色戻し]|\n|[指定色１]|[指定色戻し]|\n|\n|\n|\n,pendente,id_jogo=26
v1424_NewQuestMessage.txz:26,v1424_NewQuestMessage.txz,7820,226,私と一緒に[指定色１]ルバーブ連山[指定色戻し]へ行って、\n黒い玉がはまる穴を探して欲しいの。\nそして、次に「白い三兄弟」を探すのを\n手伝ってくれるかな？\nそれじゃ、都合が付く時があったら、\nこの依頼を受けてね。\n待ってるよ！！\n,,0,[指定色１]|[指定色戻し]|\n|\n|\n|\n|\n|\n|\n,pendente,id_jogo=27
v1424_NewQuestMessage.txz:27,v1424_NewQuestMessage.txz,8046,214,あなたが持つ三つの玉を、[指定色１]霊峰アブソール[指定色戻し]に\n収めに行って欲しいの。\nその後に、ニアタが言う例の場所まで進んだら、\nそこに何があるかを確認してきてちょうだい。\n同行はイアハートが希望してるよ\n\n\n,,0,[指定色１]|[指定色戻し]|\n|\n|\n|\n|\n|\n|\n,pendente,id_jogo=28
v1424_NewQuestMessage.txz:28,v1424_NewQuestMessage.txz,8260,236,これは、入隊試験用クエストよ。\n[指定色１]コンフェイト大森林[指定色戻し]で、\n[指定色１]プチプリ[指定色戻し]を[指定色３]１０[指定色戻し]匹倒して下さい。\nこれで、「退治のやり方」を\n学んでもらいます。\nパーティはカノンノと二人でね！\n\n,,0,\n|[指定色１]|[指定色戻し]|\n|[指定色１]|[指定色戻し]|[指定色３]|[指定色戻し]|\n|\n|\n|\n|\n,pendente,id_jogo=29
v1424_NewQuestMessage.txz:29,v1424_NewQuestMessage.txz,8496,210,これは、入隊試験用クエストよ。\n[指定色１]ブラウニー坑道[指定色戻し]の奥にある採掘場所から\n[指定色１]銅[指定色戻し]を[指定色３]３[指定色戻し]つ、採掘してきてもらいます。\nパーティはカノンノと二人でね！\n\n\n\n,,0,\n|[指定色１]|[指定色戻し]|\n|[指定色１]|[指定色戻し]|[指定色３]|[指定色戻し]|\n|\n|\n|\n|\n,pendente,id_jogo=30
v1424_NewQuestMessage.txz:30,v1424_NewQuestMessage.txz,8706,254,これは、入隊試験用クエストよ。\n[指定色１]ルバーブ連山[指定色戻し]の[指定色１]ルバーブ峠[指定色戻し]にいる\n[指定色１]ガルーダ[指定色戻し]をカノンノと二人で\n倒してきてもらいます。\n見事、このクエストを果たせたら\nあなたもアドリビトムの立派な一員よ！\n\n,,0,\n|[指定色１]|[指定色戻し]|[指定色１]|[指定色戻し]|\n|[指定色１]|[指定色戻し]|\n|\n|\n|\n|\n,pendente,id_jogo=31
v1424_NewQuestMessage.txz:31,v1424_NewQuestMessage.txz,8960,244,＜モンスター名＞狩りを頼まれたんだけど、\nほら、あいつらって可愛いだろ？\n触れ合おうとしたんだけど、\nいきなりボコボコにされちまった。\n俺は入院するから、代わりに狩りを頼む！\n＜ダンジョン名＞で＜数＞体だ。\n野生って強いよな。　勉強になったぜ\n,,0,\n|\n|\n|\n|\n|\n|\n,pendente,id_jogo=101
v1424_NewQuestMessage.txz:32,v1424_NewQuestMessage.txz,9204,280,＜ダンジョン名＞で＜モンスター名＞がうるさいんだ。\nみんな寝不足でおかしくなっちゃって、\n家から飛び出てゲコゲコ歌っているんだ。\n遂にみんなの語尾にゲコって付く様に…。\nそのうち僕もゲコ…。　イヤだゲコ！　\n＜モンスター名＞を＜数＞体やっつけるゲコ！\n僕は人間でありたいゲコ！　\n,,0,\n|\n|\n|\n|\n|\n|\n,pendente,id_jogo=102
v1424_NewQuestMessage.txz:33,v1424_NewQuestMessage.txz,9484,272,＜ダンジョン名＞に＜モンスター名＞が現れた。\n仲間達が襲われて、俺もこの有様だ。\n仲間達も、あの日から変っちまった。\n今じゃ毎日家で爪を噛んで過ごしてる。\n今、この瞬間も爪を噛んでいるんだ！\n＜モンスター名＞を＜数＞体退治してくれ！\nもう噛む爪も残ってない！　お願いだ！\n,,0,\n|\n|\n|\n|\n|\n|\n,pendente,id_jogo=103
v1424_NewQuestMessage.txz:34,v1424_NewQuestMessage.txz,9756,276,＜ダンジョン名＞にある僕の倉庫の件。\nまあ何故に火山に倉庫を作ったのかは、\n色々と大人の事情があるんだけどさ。\nその倉庫を＜モンスター名＞が襲っているんだ。\nこれ以上被害を出すのは避けたいから、\n＜モンスター名＞を＜数＞体退治してくれない？\nうーん、君らには簡単過ぎるかな？\n,,0,\n|\n|\n|\n|\n|\n|\n,pendente,id_jogo=104
v1424_NewQuestMessage.txz:35,v1424_NewQuestMessage.txz,10032,264,＜ダンジョン名＞で＜モンスター名＞を見たんだ。\nでも村の人が信じないんだ！　誰も！\nみんなが僕をウソツキって言ってる…。\nボクハウソツキ…、違う！　\n僕はウソツキなんかじゃないぞ！\n証拠に火山の＜モンスター名＞を＜数＞体倒して！\nムズカしいと思うけど、頑張って！\n,,0,\n|\n|\n|\n|\n|\n|\n,pendente,id_jogo=105
v1424_NewQuestMessage.txz:36,v1424_NewQuestMessage.txz,10296,224,仲間が魔物に襲われてんねん。\n普段から世話になってるから、\n何とか助けてやりたいんや。\n君らで＜ダンジョン名＞にいる＜モンスター名＞を\n＜数＞体倒してあげたって。\nよろしゅう頼むわ。\nせや、仲介料は２割引やと言っといてや〜\n,,0,\n|\n|\n|\n|\n|\n|\n,pendente,id_jogo=106
v1424_NewQuestMessage.txz:37,v1424_NewQuestMessage.txz,10520,240,そろそろ桜の季節じゃが、\n縁起物の＜モンスター名＞がまだ現れん！\n＜モンスター名＞を倒さんと、\nワシの土地に春が来ない…、ガッデム！\n＜ダンジョン名＞で＜モンスター名＞、\n＜数＞体を見つけ出して倒せ！\n何としても見つけるんじゃ！ガッデム！\n,,0,\n|\n|\n|\n|\n|\n|\n,pendente,id_jogo=107
v1424_NewQuestMessage.txz:38,v1424_NewQuestMessage.txz,10760,264,私の考えた魔物占いによれば、\n今日は、私の運命を変える日…。\n＜ダンジョン名＞の＜モンスター名＞退治、\nそれが運命を変える為の必須条件…。\n＜モンスター名＞＜数＞体の討伐…。　お願いね。\nこの条件を満たしたら、運命は動く…。\n次の世界にメシアとして転生するのよ…\n,,0,\n|\n|\n|\n|\n|\n|\n,pendente,id_jogo=108
v1424_NewQuestMessage.txz:39,v1424_NewQuestMessage.txz,11024,288,＜モンスター名＞の退治を任されたんだけど、\n焦って銃口を自分に向けちゃってさ…、\n悶絶してたらボコボコにされちまった。\n冷静さって大事だよな。　勉強になったぜ。\nで、＜ダンジョン名＞で＜モンスター名＞＜数＞体、\n俺は今から入院だから、代わりにお願い！\nそうそう、石化対策しないと危ないよ\n,,0,\n|\n|\n|\n|\n|\n|\n,pendente,id_jogo=109
v1424_NewQuestMessage.txz:40,v1424_NewQuestMessage.txz,11312,234,＜ダンジョン名＞の雷鳥がやべーんだヨ。\n天敵の＜モンスター名＞が増え過ぎててさ、\nマジで絶滅するかも…。\n＜モンスター名＞を減らしてくんねーか？\nいなくなってもアレだからヨ、\n＜数＞体くらいでいいからさ。\nつーわけで、ヨロシク頼むワ\n,,0,\n|\n|\n|\n|\n|\n|\n,pendente,id_jogo=110
v1424_NewQuestMessage.txz:41,v1424_NewQuestMessage.txz,11546,264,＜ダンジョン名＞が大変なんです！\n＜モンスター名＞が大量発生しています！\nこのままでは生態系が壊れて…、ああ！\n島の木々が枯れ、世界は混沌の渦へ…。\nこれはもう世界の存亡を懸けた戦いです！\nとりあえず数を減らさなければ！\n＜モンスター名＞を＜数＞体倒して下さい！\n,,0,\n|\n|\n|\n|\n|\n|\n,pendente,id_jogo=111
v1424_NewQuestMessage.txz:42,v1424_NewQuestMessage.txz,11810,248,仕事場に＜モンスター名＞が現れたんだ！\nあいつら俺の仲間達を襲いやがった！\n仲間達はその時の恐怖から、\nあれ以来、机の下に隠れたままだ…。\nもう一ヶ月になる。働き者だったのに…。\n頼む！＜ダンジョン名＞の＜モンスター名＞、\n＜数＞体を倒してくれ！\n,,0,\n|\n|\n|\n|\n|\n|\n,pendente,id_jogo=112
v1424_NewQuestMessage.txz:43,v1424_NewQuestMessage.txz,12058,248,魔物の大量発生だ！\nどうも＜モンスター名＞が原因らしい。\n珍しい種類なので探すのが難しいと思うが、\n＜ダンジョン名＞の何処かにいる筈だ。\n探し出して＜数＞体しとめてくれ。\n私で何とかしたいが、腰骨を骨折してな。\n実力を発揮出来ないのだ。　頼んだぞ\n,,0,\n|\n|\n|\n|\n|\n|\n,pendente,id_jogo=113
v1424_NewQuestMessage.txz:44,v1424_NewQuestMessage.txz,12306,256,儲け話を持って来たでぇ！\n＜ダンジョン名＞におる＜モンスター名＞、\nこれを＜数＞体片付けるっちゅう仕事や！\nそら危険はあるでぇ…、そやけどなぁ…、\nノーリスクの商いなんてあらへん！\n誰も背負わんリスクを背負うからこそ、\n人が持てん銭を持てるんでッせぇー！\n,,0,\n|\n|\n|\n|\n|\n|\n,pendente,id_jogo=114
v1424_NewQuestMessage.txz:45,v1424_NewQuestMessage.txz,12562,260,＜ダンジョン名＞に＜モンスター名＞が現れた。\n何処からか迷い込んだのだろうが、\n他所の魔物がいるのはまずいから、\n君達に討伐をお願いしたい。\n＜数＞体いるらしい。よろしく頼む。\n何処にいるかわからんので、探してくれ。\n迷い込んだだけなので、不憫な気もするがな\n,,0,\n|\n|\n|\n|\n|\n|\n,pendente,id_jogo=115
v1424_NewQuestMessage.txz:46,v1424_NewQuestMessage.txz,12822,230,ワシの土地に＜モンスター名＞が出おった！\n奴らは不作を呼ぶというが、\nまあ迷信はどうでもいい。　\nガッデム野郎がワシに挑戦するとは…！\n＜ダンジョン名＞にいる＜数＞体、\nこのガッデム野郎どもを、…消せ！\n粉微塵にしてやるんじゃ！\n,,0,\n|\n|\n|\n|\n|\n|\n,pendente,id_jogo=116
v1424_NewQuestMessage.txz:47,v1424_NewQuestMessage.txz,13052,252,＜モンスター名＞が大量発生しとる。\nこれはまたとないチャンスじゃ。\n殻が綺麗じゃから、人気も高い。\nただ、捕り過ぎてもヒンシュクを買うから、\n＜数＞体程でいいんじゃ。\nそして人数は二人。　そういう決まりじゃ。\n場所は＜ダンジョン名＞じゃ。　よろしくな\n,,0,\n|\n|\n|\n|\n|\n|\n,pendente,id_jogo=117
v1424_NewQuestMessage.txz:48,v1424_NewQuestMessage.txz,13304,236,凶暴化した＜モンスター名＞が暴れている！\n我々は奴らの寝床を叩こうと思う。\n＜ダンジョン名＞で＜数＞体を殲滅して欲しい。\n本来ならば私一人で解決すべきだが、\nアクシデントで両膝を骨折してな。\n何かミスがあったら大変だ。\nよろしく頼んだ\n,,0,\n|\n|\n|\n|\n|\n|\n,pendente,id_jogo=118
v1424_NewQuestMessage.txz:49,v1424_NewQuestMessage.txz,13540,260,＜ダンジョン名＞に＜モンスター名＞が出よった。\nワシに挑戦するとはいい度胸じゃよ。\nぬしらにはこのガッデムな＜モンスター名＞、\n＜数＞体を片付けてもらいたい。\n確実に１体残らず倒すんじゃ！\n闇の大地主マウイ様伝説は絶対じゃ！\nガッデム野郎の末路は…　グハハ！\n,,0,\n|\n|\n|\n|\n|\n|\n,pendente,id_jogo=119
v1424_NewQuestMessage.txz:50,v1424_NewQuestMessage.txz,13800,236,＜モンスター名＞の大量発生です！\nこれは生態系への影響が…！\nそうなったらどうなることか！\n色々あって世界も温暖化、\n世界滅亡！これは世界を救う戦いです！\n＜ダンジョン名＞で＜数＞体退治して下さい！\n大勢で行くと危険なので、お一人で！\n,,0,\n|\n|\n|\n|\n|\n|\n,pendente,id_jogo=120
v1424_NewQuestMessage.txz:51,v1424_NewQuestMessage.txz,14036,256,あの野郎！＜ダンジョン名＞にいやがった！\nあ、いや、ごめんあそばせ、\nついつい慌てちゃって、オホホ。\n探し物のヒントを見つけたんですが、\n＜モンスター名＞が…。\n何とか＜数＞体程退治して頂けませんか？　\nこのままだと歴史が…、オホホ、何でもございませんわ\n,,0,\n|\n|\n|\n|\n|\n|\n,pendente,id_jogo=121
v1424_NewQuestMessage.txz:52,v1424_NewQuestMessage.txz,14292,254,明日＜ダンジョン名＞を通るんやけど、\nあそこは魔物が出んねん。\n毎年やけど、今年は特にえげつない。\nで、それを片付けてもらいたいんや。\nまー、＜数＞体くらいでええねん。　\n種類も何でもええから、よろしゅうに。　\nで、報酬なんやけど、割引ってありまんの？\n,,0,\n|\n|\n|\n|\n|\n|\n,pendente,id_jogo=122
v1424_NewQuestMessage.txz:53,v1424_NewQuestMessage.txz,14546,230,＜ダンジョン名＞に魔物が現れた。\nとにかく数が多い。手に負えん。\n私自身も肋骨を骨折した。\nそこで、君らの手を借りたい。\n魔物を＜数＞体程倒してくれ。\n奴らが君達に注意を取られている隙に、\n我々が背後を突く作戦だ。　よろしく頼む\n,,0,\n|\n|\n|\n|\n|\n|\n,pendente,id_jogo=123
v1424_NewQuestMessage.txz:54,v1424_NewQuestMessage.txz,14776,262,依頼で＜ダンジョン名＞に行ったのだけど、\n思っていたより暗くてさ。　\nコケてたらボコボコにされちゃった。\n事前準備って必要だよな。　勉強になったよ。\nで、俺は今から入院するから、\n＜ダンジョン名＞の魔物を＜数＞体、\n俺の代わりによろしく！　種類は何でもいいよ！\n,,0,\n|\n|\n|\n|\n|\n|\n,pendente,id_jogo=124
v1424_NewQuestMessage.txz:55,v1424_NewQuestMessage.txz,15038,234,明日は＜ダンジョン名＞でピクニック…。\n初めてのデートで…現地集合…。\nでも、条件があるの…。\n現地の魔物を種類を問わずに＜数＞体倒せ…、\nそれが条件なの。　私には無理…。　\nだから、貴方達にお願いするわ。\nそれが彼の出現条件なの…\n,,0,\n|\n|\n|\n|\n|\n|\n,pendente,id_jogo=125
v1424_NewQuestMessage.txz:56,v1424_NewQuestMessage.txz,15272,274,＜ダンジョン名＞の魔物が元気なんだ。\n直接の被害はないんだけど、社員達がさ…。\n悪いけど魔物を退治してくれない？\n大騒ぎになると、また怖がりそうだから、\n＜数＞体くらいで引き上げていいよ。\n種類は何でもいいからさ、よろしくお願いね。　\nちょっと大変だけど、君らなら出来るよ\n,,0,\n|\n|\n|\n|\n|\n|\n,pendente,id_jogo=126
v1424_NewQuestMessage.txz:57,v1424_NewQuestMessage.txz,15546,244,＜ダンジョン名＞に魔物が出現した。\n警備隊も苦戦を強いられている。\n私も恥骨を骨折してしまったよ。\n内部にも＜数＞体程逃げ込んだらしい。\n我々だけでは人手が足りん。\nそこで、君らに加勢をお願いしたい。\nとにかく現地の魔物を＜数＞体倒してくれ！\n,,0,\n|\n|\n|\n|\n|\n|\n,pendente,id_jogo=127
v1424_NewQuestMessage.txz:58,v1424_NewQuestMessage.txz,15790,260,仕事場に魔物が出やがった。\nそれもヤバイ奴らばっかりだ。\n仕事が出来なくなって、もう１週間だ。\nショックのせいか、仲間は空を見てばかりだ。\nみんなドンドン星座に詳しくなる。\n＜ダンジョン名＞の奴らをやっつけてくれ！\n＜数＞体はいたから、それくらい倒してくれ！\n,,0,\n|\n|\n|\n|\n|\n|\n,pendente,id_jogo=128
v1424_NewQuestMessage.txz:59,v1424_NewQuestMessage.txz,16050,200,＜ダンジョン名＞が襲われとる！\nガッデムな事に魔物じゃ！\nワシの土地をガッデム野郎が！\n＜数＞体程のモンスター…、\n無作法なガッデム野郎め！\nガッデム野郎に礼儀を教えてやれ！\n授業料は奴らの命じゃ！\n,,0,\n|\n|\n|\n|\n|\n|\n,pendente,id_jogo=129
v1424_NewQuestMessage.txz:60,v1424_NewQuestMessage.txz,16250,322,＜ダンジョン名＞の奥で妙な足跡が…。\n魔物とも違うし、人とも違う…。\nもしや原始人…！　教科書と違うじゃんッ！\n皆さんには魔物の間引きを依頼しますが、\nついでに[指定色１]イエティ[指定色戻し]も探して下さい。　\nま、[指定色１]イエティ[指定色戻し]は「ついで」で構いませんので、\n現地の魔物を＜数＞体間引いたら、任務完了です\n,,0,\n|\n|\n|\n|[指定色１]|[指定色戻し]|\n|[指定色１]|[指定色戻し]|\n|\n,pendente,id_jogo=130
v1424_NewQuestMessage.txz:61,v1424_NewQuestMessage.txz,16572,246,大変や！　どエライ儲け話やでぇ！\n＜ダンジョン名＞は知っとるな？\nあそこ、綺麗な湧き水が湧いてますねん。\n銭が湧いて来てる様なもんですわ。　\nせやけど、魔物が＜数＞体、\n居座ってますねん！　これを片付けてや！\n銭を垂れ流しには出来まへんでぇー！\n,,0,\n|\n|\n|\n|\n|\n|\n,pendente,id_jogo=131
v1424_NewQuestMessage.txz:62,v1424_NewQuestMessage.txz,16818,294,あのバカ息子！　まさか親に爆弾を投げるとは！\nもうメンドーだから、普通に喋るぞ！\nワシはある事故で未来から来たんじゃ！\n未来で起こる事を喋って、占い師をやっとったが、\nバカ息子が歴史を変えると家を飛び出しおった！\nあのバカは手懐けた魔物＜数＞体と、\n＜ダンジョン名＞に向かったはず！　加勢を！\n,,0,\n|\n|\n|\n|\n|\n|\n,pendente,id_jogo=132
v1424_NewQuestMessage.txz:63,v1424_NewQuestMessage.txz,17112,242,あの＜モンスター名＞は、災厄の種…。\n私が不幸なのも、世界が不幸なのも…。\n取り除かないと、私は彼とも会えない…。\n消して、すぐにアイツを消して…。\n＜ダンジョン名＞の＜目標地点＞にいるわ。\nアイツを倒して、私を彼と出会わせて…。\n…早く！\n,,0,\n|\n|\n|\n|\n|\n|\n,pendente,id_jogo=133
v1424_NewQuestMessage.txz:64,v1424_NewQuestMessage.txz,17354,310,母国が消滅！　元気出せ！　ワタシ！　そんなわけで、\n今日のメニューは心もホッコリ暖まる湯豆腐よ！\n湯豆腐の隠し味と言えば＜モンスター名＞！\nこれは、まあ無くなった母国では定番だったのよね…。\nいけない、涙はお料理を哀しくしちゃうわ！\n美味しい湯豆腐を作る為にも、\n＜ダンジョン名＞の＜目標地点＞で調達してね！\n,,0,\n|\n|\n|\n|\n|\n|\n,pendente,id_jogo=134
v1424_NewQuestMessage.txz:65,v1424_NewQuestMessage.txz,17664,258,仕事場に＜モンスター名＞が出た！\n仲間や俺じゃどうにもならん！\nこのままじゃ鉱山も、村も閉鎖…！\n村はドンドン廃れて、娯楽は筋トレだけ…。\n家に帰ると子ども達がベンチプレスを…。\nもう筋トレは嫌だ！好きだが嫌だ！\n＜ダンジョン名＞の＜目標地点＞にいる筈だ！\n,,0,\n|\n|\n|\n|\n|\n|\n,pendente,id_jogo=135
v1424_NewQuestMessage.txz:66,v1424_NewQuestMessage.txz,17922,264,大型の…、と言うよりも小型の…？\n＜モンスター名＞、突然変異的な種類です。\nこいつが＜ダンジョン名＞の＜目標地点＞に出現！\nこのままでは生態系が…、ああ！\n生態系崩壊は遂には文明崩壊に…！\n文明崩壊を放ってはおけません！\n＜ダンジョン名＞の＜目標地点＞で討伐を！\n,,0,\n|\n|\n|\n|\n|\n|\n,pendente,id_jogo=136
v1424_NewQuestMessage.txz:67,v1424_NewQuestMessage.txz,18186,282,今日のディナーはスッキリと春雨！\n別れた彼氏の事もスッキリ忘れちゃおう！\n春雨には隠し味の＜モンスター名＞、\nこれ食べてた頃は、生活とか大変だったけど、\nアイツと同じ未来を見てたなァ…って、…ふぅ。\n美味しい春雨の為に、＜ダンジョン名＞の\n＜目標地点＞で＜モンスター名＞を倒してね\n,,0,\n|\n|\n|\n|\n|\n|\n,pendente,id_jogo=137
v1424_NewQuestMessage.txz:68,v1424_NewQuestMessage.txz,18468,256,あの＜ダンジョン名＞の＜目標地点＞…。\n彼と新世界に行く方法が、あるの…。\nでも…、なんで邪魔をするの？　\n＜目標地点＞には＜モンスター名＞がいるわ…。\nあの＜モンスター名＞をヤって！　早く！\n早くしないと、二度と会えないのよ！\n貴方は、邪魔しないよね？\n,,0,\n|\n|\n|\n|\n|\n|\n,pendente,id_jogo=138
v1424_NewQuestMessage.txz:69,v1424_NewQuestMessage.txz,18724,260,今まで見たことがない種類だ…？\nとりあえず、＜モンスター名＞と呼びます。\nこいつが＜ダンジョン名＞にッ！\n退治しなければ、山の生態系が破綻し、\n遂には世界が消滅するでしょう！\n奴は＜ダンジョン名＞の＜目標地点＞にいます！\nお願いします！　世界を救って下さい！\n,,0,\n|\n|\n|\n|\n|\n|\n,pendente,id_jogo=139
v1424_NewQuestMessage.txz:70,v1424_NewQuestMessage.txz,18984,248,＜ダンジョン名＞は我々の聖地であり、\n＜目標地点＞は特に有名じゃが、\n最近＜モンスター名＞が住み着き…。\n屈強なマニアが討伐を試みたんじゃが、\n兜の重さで首を骨折してしもうた。\nこうなったら君達にすがるしかない！\n＜目標地点＞で奴を退治してくれ！\n,,0,\n|\n|\n|\n|\n|\n|\n,pendente,id_jogo=140
v1424_NewQuestMessage.txz:71,v1424_NewQuestMessage.txz,19232,256,私の領土に＜モンスター名＞が現れた。\n多くの冒険者が奴の犠牲になった。\nその中には私が送り出した冒険者達、\nそして私の息子もいた。\n頼む、息子達の魂の為に、＜ダンジョン名＞の、\n＜目標地点＞にいる奴を倒してくれ！\nこれは復讐だ。　巻き込んで申し訳なく思う\n,,0,\n|\n|\n|\n|\n|\n|\n,pendente,id_jogo=141
v1424_NewQuestMessage.txz:72,v1424_NewQuestMessage.txz,19488,210,＜モンスター名＞が出現した！\n我々警備隊では手も足も出ない。\n私もこの通り、全身複雑骨折だ。\n思う様に動けん。\nすまんが、君達の力を借りたい。\n＜ダンジョン名＞の＜目標地点＞だ！\n君達ならば、奴を倒せる筈だ！\n,,0,\n|\n|\n|\n|\n|\n|\n,pendente,id_jogo=142
v1424_NewQuestMessage.txz:73,v1424_NewQuestMessage.txz,19698,276,すまん！本当にすまん！　　間に合わなかった…。\nそれどころか、時空を歪めるのに失敗して、\n＜ダンジョン名＞の＜目標地点＞に、\n＜モンスター名＞を出現させてしまった…。\nバカ息子はワシが救い出したが、\nあの怪物はどうにもならん…！\n母としての願いだ！　アナタの力を貸してくれ！\n,,0,\n|\n|\n|\n|\n|\n|\n,pendente,id_jogo=143
v1424_NewQuestMessage.txz:74,v1424_NewQuestMessage.txz,19974,284,年をとると、壊れやすい物の美が見えるよ。　　\n＜ダンジョン名＞の＜モンスター名＞が稀に持つ、\n＜アイテム名＞は、その弱さゆえに美しい。\n最近はそういう物ばかり集めてしまう。\n若い君達にはわからんじゃろう。\nいや、わからなくていいんじゃよ。\nでは＜アイテム名＞を＜数＞つ、よろしく頼む\n,,0,\n|\n|\n|\n|\n|\n|\n,pendente,id_jogo=144
v1424_NewQuestMessage.txz:75,v1424_NewQuestMessage.txz,20258,288,…コ、恋占いで見たんだけよヨ、　\n＜アイテム名＞を持っとくと、いいって…。\nいや、何だそりゃって話なんだけど、\nその…わたしってガサツだし、コ、恋なんて、\n似合わねぇけど、や、やっぱさ…。\n＜アイテム名＞を＜数＞つ、お願い…します。　\n＜ダンジョン名＞の＜モンスター名＞が落とすらしいヨ\n,,0,\n|\n|\n|\n|\n|\n|\n,pendente,id_jogo=145
v1424_NewQuestMessage.txz:76,v1424_NewQuestMessage.txz,20546,250,家を竜巻に持っていかれたこんな夜は、\nスッキリ＆サッパリなお粥に決まり！\n美味しいお粥の隠し味は＜アイテム名＞、\n＜ダンジョン名＞の＜モンスター名＞、\nあいつらが持っているとか聞くわねぇ。\n炊き出しに使うから＜数＞つくらい必要よ！\nよろしくお願いね\n,,0,\n|\n|\n|\n|\n|\n|\n,pendente,id_jogo=146
v1424_NewQuestMessage.txz:77,v1424_NewQuestMessage.txz,20796,252,薬を作るのに＜アイテム名＞が要るわ。\nそうね…、一種の栄養剤ってトコかしら？\nもちろん変な事には使わないわ。\n＜ダンジョン名＞の＜モンスター名＞、\nあれを倒すと落とすって聞くわね。\nとりあえず＜数＞つ用意して。\nそれ以上だと…壊れちゃうかも？　ウフフ\n,,0,\n|\n|\n|\n|\n|\n|\n,pendente,id_jogo=147
v1424_NewQuestMessage.txz:78,v1424_NewQuestMessage.txz,21048,274,大宇宙予言術…知ってますよね？　\n＜アイテム名＞を使う古代人の魔術…。\n自己流のモンスター占いだけじゃ…、\n不完全なのかも…試してみたいわ…。\n愛しいあの方が向こうから出てこないの…。\n＜ダンジョン名＞の＜モンスター名＞がたまに持つ、\n＜アイテム名＞を＜数＞個、お願いね…\n,,0,\n|\n|\n|\n|\n|\n|\n,pendente,id_jogo=148
v1424_NewQuestMessage.txz:79,v1424_NewQuestMessage.txz,21322,268,＜アイテム名＞を使った飾りを作ろうと思ってヨ。\n子どもって派手なの好きじゃん。　\nアイツ、まだ全然子どもだから、\nそういうの、好きそうだしよ…。\nで、＜ダンジョン名＞つートコの、\n＜モンスター名＞がよく落とすらしいんだわ。\nとりあえず＜数＞枚くらい？　よろしく頼むワ\n,,0,\n|\n|\n|\n|\n|\n|\n,pendente,id_jogo=149
v1424_NewQuestMessage.txz:80,v1424_NewQuestMessage.txz,21590,274,整体って、道具の消耗が激しいんです。\n＜アイテム名＞が使えなくなっちゃって…。\n常連のお姉様…ヒャッ、違ッ、\nオ、お客様の為に、早く入手しないと…。\n＜ダンジョン名＞の＜モンスター名＞、\nそんな名前のモンスターが持っているそうです。\nお金が無いので、＜数＞ほどお願いします\n,,0,\n|\n|\n|\n|\n|\n|\n,pendente,id_jogo=150
v1424_NewQuestMessage.txz:81,v1424_NewQuestMessage.txz,21864,256,近頃ブームは＜アイテム名＞！\nブームの時は売りまくるのが鉄則や！\n原材料はようわからんが、\n＜ダンジョン名＞の＜モンスター名＞、\nあれを倒すと手に入りやすいとも聞くでぇ！\nとりあえず＜数＞枚や、頼むでぇ！\nブームは銭の神輿じゃ！　担ぐで！　ワッショイ！　\n,,0,\n|\n|\n|\n|\n|\n|\n,pendente,id_jogo=151
v1424_NewQuestMessage.txz:82,v1424_NewQuestMessage.txz,22120,264,店の売れ行きが今一つ伸びん。\n娘が言うには、「でざいん」が悪いらしい。\n頑丈さなら何処にも負けんのだが…。\nとりあえず、少し艶を出そうと思ってな。\n＜ダンジョン名＞の＜モンスター名＞が持つらしい、\n＜アイテム名＞を＜数＞枚調達してくれ。\n娘に言われては敵わんわい\n,,0,\n|\n|\n|\n|\n|\n|\n,pendente,id_jogo=152
v1424_NewQuestMessage.txz:83,v1424_NewQuestMessage.txz,22384,282,お香を焚く事になったので、\n＜アイテム名＞を混ぜようと思います。\nその香りを嗅ぐと、心も身体も落ち着き、\nやがて快感が…ハッ！　な、何でもないです！\n＜ダンジョン名＞の＜モンスター名＞が\nよく落とすとか、前にお姉様に…、いえ、もとい、\nお客様に聞きました。　＜数＞つ、お願いします\n,,0,\n|\n|\n|\n|\n|\n|\n,pendente,id_jogo=153
v1424_NewQuestMessage.txz:84,v1424_NewQuestMessage.txz,22666,224,特殊な細工をすることになってヨ。\n＜アイテム名＞ってのが要るんだヨ。\n＜モンスター名＞がよく落とすんだけど、\nこれが＜ダンジョン名＞にいるんだヨ。\nちょっとメンドイだろうけど、\n＜アイテム名＞を＜数＞つ頼むワ。\nヨロシクな\n,,0,\n|\n|\n|\n|\n|\n|\n,pendente,id_jogo=154
v1424_NewQuestMessage.txz:85,v1424_NewQuestMessage.txz,22890,258,ガッデム！　魔物どもめ！　　\nモンスター如きを恐れるものか！\nここは魔物が恐れるアレ、\n＜アイテム名＞を＜数＞つ出しておけば…。\n＜ダンジョン名＞の＜モンスター名＞が落とすというが、\n奴らから直接もいでも構わん！\nもぎ続けろ！　もがれる為に奴らは生まれた！\n,,0,\n|\n|\n|\n|\n|\n|\n,pendente,id_jogo=155
v1424_NewQuestMessage.txz:86,v1424_NewQuestMessage.txz,23148,260,＜アイテム名＞を調達してきて欲しいの。\n＜ダンジョン名＞にいる＜モンスター名＞、\nこいつがよく落とすと聞くわ。\nま、入手経路はそちらでご自由にどうぞ。\nこっちは、とにかく届けばいいの。　\n数？　そうね…とりあえず＜数＞つでお願い。\nとりあえずは…ね。　ウフフ\n,,0,\n|\n|\n|\n|\n|\n|\n,pendente,id_jogo=156
v1424_NewQuestMessage.txz:87,v1424_NewQuestMessage.txz,23408,288,まさか真面目そうなお隣さんが…はい！\nそんな裏を垣間見ちゃった夜は、スッキリざるソバよ！\nざるソバの薬味に＜アイテム名＞は必須！\n夫婦生活にもアクセント、言わば薬味は必須！\n＜ダンジョン名＞の＜モンスター名＞、\nあいつらがよく持っているって言うわよ。\n＜数＞つほど、よろしくお願いします\n,,0,\n|\n|\n|\n|\n|\n|\n,pendente,id_jogo=157
v1424_NewQuestMessage.txz:88,v1424_NewQuestMessage.txz,23696,276,マニアなら憧れの一品が一つはある。\nワシの場合は＜アイテム名＞がそれじゃ。\n遂に在り処がわかったんじゃ。\n＜ダンジョン名＞の＜モンスター名＞が落とすらしい。\n長年夢見た一品じゃ…、少々欲張って＜数＞つ、\n＜数＞つ程手に入れてもらいたい。\nそうそう、他のマニアには秘密じゃぞ？\n,,0,\n|\n|\n|\n|\n|\n|\n,pendente,id_jogo=158
v1424_NewQuestMessage.txz:89,v1424_NewQuestMessage.txz,23972,290,今、作ってるのは、ちょっと気合を入れててヨ。\nいや、いつも気合は入れんだけど…。\nアァー！　そうだよ！　プレゼントだよ！\n＜アイテム名＞ってのが＜数＞つ必要でヨ、\nあんまり詳しくは知らねぇけど、\n＜ダンジョン名＞の＜モンスター名＞が持ってる…、\n…って話は聞くぜ。　よろしく頼むワ…マジで\n,,0,\n|\n|\n|\n|\n|\n|\n,pendente,id_jogo=159
v1424_NewQuestMessage.txz:90,v1424_NewQuestMessage.txz,24262,278,恋人に媚薬を使うのってよくないかしら？\nでも試してみたいとは思わない？\n媚薬を作るには＜アイテム名＞が必要よ。\n＜ダンジョン名＞の＜モンスター名＞から盗みなさい。\nとりあえず＜数＞つ手に入れてもらえる？\n楽しみだわ。　大人しいコだから、\n案外、ちょうどよくなったりして…ウフフ\n,,0,\n|\n|\n|\n|\n|\n|\n,pendente,id_jogo=160
v1424_NewQuestMessage.txz:91,v1424_NewQuestMessage.txz,24540,316,占い師のアイーダと申します。　オホホ。\n探し物をしておりますのよ？　オホホ。\nそれを見つける為の占いに、＜モンスター名＞が持つ\n＜アイテム名＞が＜数＞本必要なのですよ。\n＜ダンジョン名＞にあるらしいのですが、見つからず…。\nアレがあればバカ息子を誘き出して…、\n何でもありませんわ、オホホッホ、ホッホ、ゲホゲッホ！\n,,0,\n|\n|\n|\n|\n|\n|\n,pendente,id_jogo=161
v1424_NewQuestMessage.txz:92,v1424_NewQuestMessage.txz,24856,228,わたし、＜アイテム名＞がだーいすき！\nすきなものはすきなんだもん！\n＜アイテム名＞がいーっぱい欲しいの！\nだから＜アイテム名＞を＜数＞個下さい！\n＜ダンジョン名＞で手に入るってウワサだよ。\n「ぎるど」のみんな、\nがんばって〜！\n,,0,\n|\n|\n|\n|\n|\n|\n,pendente,id_jogo=162
v1424_NewQuestMessage.txz:93,v1424_NewQuestMessage.txz,25084,268,ええ儲け話を持って来たでぇ。\n知り合いが＜アイテム名＞を扱ってんねんけど、\n在庫を切らして困っとるらしいんや。\n＜ダンジョン名＞の宝箱に入っているらしいから、\n＜数＞枚程頼んまっせ。\nメチャメチャな値段で仲介を頼まれたんやけど、\n一体何に使うんやろな？　わからんわぁ\n,,0,\n|\n|\n|\n|\n|\n|\n,pendente,id_jogo=163
v1424_NewQuestMessage.txz:94,v1424_NewQuestMessage.txz,25352,240,大きな商売が出来そうなんや！\n＜アイテム名＞を＜数＞、集めてくれへん？\nすぐ手に入らへんのやったら、\n＜ダンジョン名＞で採取出来るらしいで。\n商売はタイミングが大事や！　急いだって！\nあ、でも早く片付けても代金は同じ…、\n…、で、ええな？\n,,0,\n|\n|\n|\n|\n|\n|\n,pendente,id_jogo=164
v1424_NewQuestMessage.txz:95,v1424_NewQuestMessage.txz,25592,234,ワシとしたことが、＜アイテム名＞を切らすとは！\n基本中の基本じゃないか！　\n娘の誕生日会があったからとは言え、\nワシのバカモン！\n大至急＜アイテム名＞を＜数＞用意してくれ！\n手持ちが無いなら、\n＜ダンジョン名＞で採掘出来ると聞くぞ！\n,,0,\n|\n|\n|\n|\n|\n|\n,pendente,id_jogo=165
v1424_NewQuestMessage.txz:96,v1424_NewQuestMessage.txz,25826,268,＜アイテム名＞が必要なのに…、\n全部破損してしまうとは！　考えられへん！\nしかも、自分がやってしもうたとは…！\n＜ダンジョン名＞で採取出来るいうから、\n＜数＞個程取ってきてくれへんか？\nこのままやと銭が逃げ出してしまうねん！\n銭が無いっちゅうのは首が無いのと一緒や！\n,,0,\n|\n|\n|\n|\n|\n|\n,pendente,id_jogo=166
v1424_NewQuestMessage.txz:97,v1424_NewQuestMessage.txz,26094,292,＜アイテム名＞って素敵じゃない？\nそう思うでしょ？　\n素敵な＜アイテム名＞でお手洗いを作ろうと思って…、\nえ？　「いい趣味してる」？　ありがとう。\n＜アイテム名＞は＜ダンジョン名＞で手に入ると聞くわ。\nお手洗いを全部＜アイテム名＞にするから、\n＜数＞くらいは必要ねぇ。　では、お願いしますわ\n,,0,\n|\n|\n|\n|\n|\n|\n,pendente,id_jogo=167
v1424_NewQuestMessage.txz:98,v1424_NewQuestMessage.txz,26386,260,＜アイテム名＞の注文が大量に入ったぞ！\nこの仕事が無事に片付けば、\n娘に楽させてやれるかもしれねぇ。\nなのに…＜アイテム名＞が、足りねぇんじゃぁぁ！\nすぐに＜アイテム名＞を＜数＞調達してくれ！\n＜ダンジョン名＞で採掘出来るというから、\n早く！　急ぐんじゃぁ！\n,,0,\n|\n|\n|\n|\n|\n|\n,pendente,id_jogo=168
v1424_NewQuestMessage.txz:99,v1424_NewQuestMessage.txz,26646,214,＜アイテム名＞、…幻の一品じゃな。\nこの品を＜数＞、用意して欲しい。\n＜ダンジョン名＞で採掘出来るというが、\nそれ以上の事はわからん。\nワシのマニア人生を懸けてでも、\nどうしてもアレが必要なんじゃ…！\n頼んだぞ！\n,,0,\n|\n|\n|\n|\n|\n|\n,pendente,id_jogo=169
v1424_NewQuestMessage.txz:100,v1424_NewQuestMessage.txz,26860,268,真のセレブは健康にも気を使うの。\nおわかり？　高級品に夢中なだけじゃ、\n二流のセレブよ。　…って雑誌にあったわ。\n美容と健康の為に＜アイテム名＞が欲しいわ。\n＜アイテム名＞を＜数＞用意して頂けるかしら？\n＜ダンジョン名＞で手に入るらしいから、\nよろしくお願いするわね\n,,0,\n|\n|\n|\n|\n|\n|\n,pendente,id_jogo=170
v1424_NewQuestMessage.txz:101,v1424_NewQuestMessage.txz,27128,266,今、一番勢いがある市場に参入するんだ。\n僕らも国際的に展開する為に、\nもう少し、会社を大きくしようと思ってね。\nで、その元手が必要だから、\n＜アイテム名＞を＜数＞用意してもらえる？\n＜ダンジョン名＞で手に入るらしいよ。\n君達にとっても、プラスになる話だと思うけど？\n,,0,\n|\n|\n|\n|\n|\n|\n,pendente,id_jogo=171
v1424_NewQuestMessage.txz:102,v1424_NewQuestMessage.txz,27394,244,私の領土内で、ブリリアントディザスターという、\n奇妙な酒が出回っておる。\n人体への影響もよくわかっていない。\nそこで、実際に作ってみる事にした。\n原料である＜アイテム名＞の採取を依頼したい。\n＜ダンジョン名＞に行き、\n＜数＞程採取してきてくれ\n,,0,\n|\n|\n|\n|\n|\n|\n,pendente,id_jogo=172
v1424_NewQuestMessage.txz:103,v1424_NewQuestMessage.txz,27638,234,純金のちゃぶ台に合わせて、\n純金の座布団を作ったのだけど、\n痛くて座れないのよね…。\n新しく＜アイテム名＞の座布団を作ろうと思うの。\n＜ダンジョン名＞の宝箱から手に入るらしいから、\n＜アイテム名＞を＜数＞入手してもらえる？\nお願いね\n,,0,\n|\n|\n|\n|\n|\n|\n,pendente,id_jogo=173
v1424_NewQuestMessage.txz:104,v1424_NewQuestMessage.txz,27872,216,＜ダンジョン名＞で手に入るという、\n極上の一品、＜アイテム名＞…。\n何とか＜数＞くらい入手出来ないかな？\nもし入手出来るなら…、\n僕は何でもするよ。\nいや、何でも出来るよ。\n手に入るなら業界の王になっている筈だから\n,,0,\n|\n|\n|\n|\n|\n|\n,pendente,id_jogo=174
v1424_NewQuestMessage.txz:105,v1424_NewQuestMessage.txz,28088,220,こいつは…、ひょっとして、\n俺の最高の仕事になるかもな…。\n＜アイテム名＞を＜数＞用意してくれ。\nどうしても必要なんだ。\n＜ダンジョン名＞で手に入る筈だ。\n俺の最高の仕事を…、\n娘と、…天国にいる妻に見せてやりたいんだ\n,,0,\n|\n|\n|\n|\n|\n|\n,pendente,id_jogo=175
v1424_NewQuestMessage.txz:106,v1424_NewQuestMessage.txz,28308,248,領民の為なら何でも耐えるが、\nあの際どい儀式は苦手だな。\nその際どい儀式で使うので、\n＜ダンジョン名＞の宝箱から入手出来るという、\n＜アイテム名＞を＜数＞用意してくれ。\nしかし、あんな際どい動きを繰り返す祭りとは…、\n先祖は何を考えていたのだ…？\n,,0,\n|\n|\n|\n|\n|\n|\n,pendente,id_jogo=176
v1424_NewQuestMessage.txz:107,v1424_NewQuestMessage.txz,28556,268,すまん！　バカ息子を逃がしちまった！\nアイツが次に行く場所はわかっとる！\n＜ダンジョン名＞だ！　\n時間移動にはアレが必須じゃからの…。\n奴より早く、＜アイテム名＞を＜数＞手に入れる！\n奴がやろうとしている事は決して許されん！\n死人を蘇らすなど、絶対にあってはならん！\n,,0,\n|\n|\n|\n|\n|\n|\n,pendente,id_jogo=177
v1424_NewQuestMessage.txz:108,v1424_NewQuestMessage.txz,28824,236,みんなでピクニックに行ったら、\n＜青宝箱＞を落としちゃったの…。\nアレをリュックから出したのは、\n＜ダンジョン名＞の[指定色１]平地林部[指定色戻し]辺りだったから、\nきっとそこにあるはずよ。\nお願い！アレを取り返して！\n怒られちゃうの！\n,,0,\n|\n|\n|[指定色１]|[指定色戻し]|\n|\n|\n|\n,pendente,id_jogo=178
v1424_NewQuestMessage.txz:109,v1424_NewQuestMessage.txz,29060,244,ヤバイ積荷を失くしてしもうてん。\nこの間の取引の帰り道やから…\n＜ダンジョン名＞の[指定色１]高原ルート[指定色戻し]の辺りの筈や！\nで、実はその積荷ってのが\n＜青宝箱＞なんや。\n放ってると法的に気まずいから、\nチャッチャと回収してもらえます？　\n,,0,\n|\n|[指定色１]|[指定色戻し]|\n|\n|\n|\n|\n,pendente,id_jogo=179
v1424_NewQuestMessage.txz:110,v1424_NewQuestMessage.txz,29304,218,＜ダンジョン名＞に探検に行ったんだ。\nでも、魔物が急に出て来て、\nビックリして逃げ出したら、\n＜青宝箱＞と＜青宝箱＞を…、\n失くしちゃったんだ…。\n絶対に見つけないとマズイから、\n＜ダンジョン名＞の全域を探してみて！\n,,0,\n|\n|\n|\n|\n|\n|\n,pendente,id_jogo=180
v1424_NewQuestMessage.txz:111,v1424_NewQuestMessage.txz,29522,248,＜ダンジョン名＞の[指定色１]上層部[指定色戻し]周辺に、\n多くのセレブが憧れる宝があるわ。\n＜青宝箱＞と＜青宝箱＞、\nセレブ達は憧れ、時に家を潰す事も…。\n魔性の宝、ってトコかしら？\n是非とも屋敷の中央に飾りたいわ。\n何とかして手に入れてちょうだい\n,,0,[指定色１]|[指定色戻し]|\n|\n|\n|\n|\n|\n|\n,pendente,id_jogo=181
v1424_NewQuestMessage.txz:112,v1424_NewQuestMessage.txz,29770,268,裏の取引でしくじるなんて、\nボクもまだまだ未熟だな。\n＜ダンジョン名＞の[指定色１]１層[指定色戻し]と[指定色１]２層[指定色戻し]の辺り、\nそこに隠した品物を回収してくれ。\n＜青宝箱＞と＜青宝箱＞だ。　\n何故そんな物を取引するのかって？\n世の中には色んな商売があるんだよ\n,,0,\n|\n|[指定色１]|[指定色戻し]|[指定色１]|[指定色戻し]|\n|\n|\n|\n|\n,pendente,id_jogo=182
v1424_NewQuestMessage.txz:113,v1424_NewQuestMessage.txz,30038,280,宝探しを依頼されたから、\n気合を入れて半裸で抜き身の刀を持ってたら、\n現地入りする前に警備隊に逮捕されちまった。\n服って大事だな！　勉強になったよ！\n俺は服役するから、＜ダンジョン名＞に行って、\n＜青宝箱＞を見つけてきてくれ！\n[指定色１]中央オアシス方面[指定色戻し]にある筈だ！\n,,0,\n|\n|\n|\n|\n|\n|[指定色１]|[指定色戻し]|\n,pendente,id_jogo=183
v1424_NewQuestMessage.txz:114,v1424_NewQuestMessage.txz,30318,232,＜ダンジョン名＞の[指定色１]頂上ルート[指定色戻し]で、\n友達と宝探しごっこをしたんだ。\nそしたら、隠した場所が…。\n本当に見つかんなくなっちゃって…。\n＜青宝箱＞と＜青宝箱＞、\n＜青宝箱＞なんだけど…。\nお願い！　何とか見つけて！\n,,0,[指定色１]|[指定色戻し]|\n|\n|\n|\n|\n|\n|\n,pendente,id_jogo=184
v1424_NewQuestMessage.txz:115,v1424_NewQuestMessage.txz,30550,264,＜ダンジョン名＞に宝物があるんや。\nホンマや！　裏は取ってんねん。\nま、万人が頭を垂れる物やなくて、\n一部の人にとっての宝、なんやけどな。\n[指定色１]西ルート[指定色戻し]の何処かにある＜青宝箱＞、\n回収してきてくれへん？\nようわからんけど、好きな人がおんねんなぁ\n,,0,\n|\n|\n|\n|[指定色１]|[指定色戻し]|\n|\n|\n,pendente,id_jogo=185
v1424_NewQuestMessage.txz:116,v1424_NewQuestMessage.txz,30814,246,家から宝の地図が出て来たの。\n＜ダンジョン名＞の[指定色１]山頂ルート[指定色戻し]の何処かに、\n＜青宝箱＞…と、＜青宝箱＞、\n…っていうのがあるみたいなの！\n何なのかよくわかんないけど、\n古い地図だし、きっと宝物よ！\nお願い！　宝物を持ってきて！\n,,0,\n|[指定色１]|[指定色戻し]|\n|\n|\n|\n|\n|\n,pendente,id_jogo=186
v1424_NewQuestMessage.txz:117,v1424_NewQuestMessage.txz,31060,258,＜青宝箱＞と＜青宝箱＞、\nそして＜青宝箱＞…と。\n…これだけ必要なんです。\n私が調べたところでは、\n＜ダンジョン名＞の[指定色１]帰らずの荒野方面[指定色戻し]の何処か、\nそこで見つかると思いますから、お願いします。\nお姉様、いえ、お客様が欲しがっているんです\n,,0,\n|\n|\n|\n|[指定色１]|[指定色戻し]|\n|\n|\n,pendente,id_jogo=187
v1424_NewQuestMessage.txz:118,v1424_NewQuestMessage.txz,31318,244,＜青宝箱＞は手に入る？\n＜ダンジョン名＞の[指定色１]７層[指定色戻し]か[指定色１]８層[指定色戻し]辺りにある筈よ。\n何とかして入手してちょうだい。\n出来るかしら？\nウフフ、あのコったら、\n変な物ばっかり欲しがるのよ。\nま、そういうトコも可愛いわ\n,,0,\n|[指定色１]|[指定色戻し]|[指定色１]|[指定色戻し]|\n|\n|\n|\n|\n|\n,pendente,id_jogo=188
v1424_NewQuestMessage.txz:119,v1424_NewQuestMessage.txz,31562,256,＜ダンジョン名＞に行ってもらえる？\n＜青宝箱＞と＜青宝箱＞、\nこの二つを見つけてきて欲しいの。\n[指定色１]山麓ルート[指定色戻し]の辺りにある筈よ。\nちょっと特殊な薬を作るから、\nそれで必要なの。　お願いね。\nあのコったら、まだちょっと堅いのよね。　ウフフ\n,,0,\n|\n|\n|[指定色１]|[指定色戻し]|\n|\n|\n|\n,pendente,id_jogo=189
v1424_NewQuestMessage.txz:120,v1424_NewQuestMessage.txz,31818,258,＜ダンジョン名＞で忘年会をやったらよ、\n[指定色１]汽水域[指定色戻し]辺りで魔物に襲われて、\n余興で使う道具を落としちまった。\n＜青宝箱＞と＜青宝箱＞、\nそして＜青宝箱＞だ。\n仲間達は余興に命を懸けたから、\n凹んで服を着る気力も無くしちまったんだ。　頼むぜ！\n,,0,\n|[指定色１]|[指定色戻し]|\n|\n|\n|\n|\n|\n,pendente,id_jogo=190
v1424_NewQuestMessage.txz:121,v1424_NewQuestMessage.txz,32076,182,＜ダンジョン名＞に行ったら、\n＜青宝箱＞を忘れちゃった。\nきっと[指定色１]ボルテックス・トップ方面[指定色戻し]にあるはずよ。\n絶対見つけてね！\n約束だよ！\nゆーびきりげーんまん！\n\n,,0,\n|\n|[指定色１]|[指定色戻し]|\n|\n|\n|\n|\n,pendente,id_jogo=191
v1424_NewQuestMessage.txz:122,v1424_NewQuestMessage.txz,32258,232,＜ダンジョン名＞の[指定色１]中層域[指定色戻し]の辺り、\nあそこに特別な材料があるんだ。\nワシが取りに行きたいとこだが、\n娘をゴハンに連れて行く事になっての、\n代わりに取って来てくれぃ。\n＜青宝箱＞と＜青宝箱＞じゃ、\nよろしく頼むぞ\n,,0,[指定色１]|[指定色戻し]|\n|\n|\n|\n|\n|\n|\n,pendente,id_jogo=192
v1424_NewQuestMessage.txz:123,v1424_NewQuestMessage.txz,32490,218,＜ダンジョン名＞の[指定色１]樹海部[指定色戻し]の何処かで、\nちょっと危険なんですけど、\n荷物の回収をお願いします。\n＜青宝箱＞と＜青宝箱＞、\n＜青宝箱＞です。\nその…、お姉様が昔…、\nそういうのが好きだったらしくて…\n,,0,[指定色１]|[指定色戻し]|\n|\n|\n|\n|\n|\n|\n,pendente,id_jogo=193
v1424_NewQuestMessage.txz:124,v1424_NewQuestMessage.txz,32708,292,友達が＜青宝箱＞を賊に奪われてしもうた！\n＜ダンジョン名＞の[指定色１]下層部[指定色戻し]辺りや！\n品物はあの何処かに隠されとる筈や！\n重要な品物やから、回収したってくれ！\nこのままやと友達の会社は破産してまう！\n友達はもうヤケになってしもうて、\n社内で焚き火を囲んで大合唱や！　助けてくれ！\n,,0,\n|[指定色１]|[指定色戻し]|\n|\n|\n|\n|\n|\n,pendente,id_jogo=194
v1424_NewQuestMessage.txz:125,v1424_NewQuestMessage.txz,33000,232,私の領地には宝が隠されているらしい。\n＜ダンジョン名＞の[指定色１]東ルート[指定色戻し]、\nあの何処かに隠されている様だ。\n＜青宝箱＞と＜青宝箱＞、\nそれを探して欲しい。\n昔の人間にとっての宝だから、\n価値観が違うのは仕方がないが…\n,,0,\n|[指定色１]|[指定色戻し]|\n|\n|\n|\n|\n|\n,pendente,id_jogo=195
v1424_NewQuestMessage.txz:126,v1424_NewQuestMessage.txz,33232,240,度胸試しをすることになって、\n＜ダンジョン名＞の全域を探して、\n＜青宝箱＞と＜青宝箱＞、\nそして＜青宝箱＞、\nこの三つを探さなきゃいけないんだ。\nプロの冒険者でも厳しいのに、僕に出来るわけない！\n強がらなきゃよかった…、お願い！　助けて！\n,,0,\n|\n|\n|\n|\n|\n|\n,pendente,id_jogo=196
v1424_NewQuestMessage.txz:127,v1424_NewQuestMessage.txz,33472,276,邪神復活セットを盗まれちゃったわ…。\n天地魔界のバランスを崩すセットなのよね。\nしょうがないでしょ！　セレブなんだから！\n危険な宝くらい所持してなきゃダメなのよ！\n＜青宝箱＞と＜青宝箱＞、\n＜青宝箱＞になるわ。\n＜ダンジョン名＞の[指定色１]ルバーブ山頂[指定色戻し]の辺りよ！\n,,0,\n|\n|\n|\n|\n|\n|[指定色１]|[指定色戻し]|\n,pendente,id_jogo=197
v1424_NewQuestMessage.txz:128,v1424_NewQuestMessage.txz,33748,420,遂に息子を追い詰めたぞ！　＜ダンジョン名＞の\n[指定色１]スペクトルΓ−特異点西[指定色戻し]か[指定色１]スペクトルΓ−特異点東[指定色戻し]、\nまたは[指定色１]スペクトルΒ−中央[指定色戻し]に＜青宝箱＞を探しに現れる！\n何としても、アイツより早くアレを奪還しなければ！\nアイツは、時空を歪めて、ある女性を救う気なんじゃ。\n事故死したワシの義娘、つまりアイツの妻をな…。\n辛気臭くなったな！　とにかく、息子を止めに行かねば！\n,,0,\n|[指定色１]|[指定色戻し]|[指定色１]|[指定色戻し]|\n|[指定色１]|[指定色戻し]|\n|\n|\n|\n|\n,pendente,id_jogo=198
v1424_NewQuestMessage.txz:129,v1424_NewQuestMessage.txz,34168,204,自分がどれだけ強くなっているかを、\n知りたいんだ。\nちょっと無茶な頼みかもしれないけど、\n勝負をして、実力を測らせてもらえないかな。\n＜ダンジョン名＞の＜目標地点＞で\n腕試しをしてくれる人を募集するよ\n\n,,0,\n|\n|\n|\n|\n|\n|\n,pendente,id_jogo=201
v1424_NewQuestMessage.txz:130,v1424_NewQuestMessage.txz,34372,234,まあ、平たく言えばオレと勝負をして欲しいんだ。\nそうすりゃ、今の自分の能力がどれくらいか\nわかるからな。\n勝負をする上で、遠慮は要らないぜ。\n勝負の場所は、＜ダンジョン名＞の\n＜目標地点＞でどうだ？\nじゃあ、興味がある奴は待ってるぜ\n,,0,\n|\n|\n|\n|\n|\n|\n,pendente,id_jogo=202
v1424_NewQuestMessage.txz:131,v1424_NewQuestMessage.txz,34606,206,○○に折り入って頼みがある。\n俺と手合いをして欲しい。\n○○の、大事なものを守る力を\n見せて欲しいんだ。\n場所は＜ダンジョン名＞の\n＜目標地点＞でどうだろう。\nじゃあ、頼みを承諾してくれるのを待っているぞ\n,,0,\n|\n|\n|\n|\n|\n|\n,pendente,id_jogo=203
v1424_NewQuestMessage.txz:132,v1424_NewQuestMessage.txz,34812,182,自分の実力で、不足しているものが\n何なのかを知りたい。\nオレの力を見極めてくれる奴と勝負が出来れば\nいいが…。\n場所は＜ダンジョン名＞の＜目標地点＞。\n誰か受けてくれないだろうか\n\n,,0,\n|\n|\n|\n|\n|\n|\n,pendente,id_jogo=204
v1424_NewQuestMessage.txz:133,v1424_NewQuestMessage.txz,34994,176,日頃の訓練の成果を知りたくて、\n腕試しがしてみたいんだ。\n誰か、この僕と勝負をしてくれないかな？\n勝負する場所は、＜ダンジョン名＞の\n＜目標地点＞。\nそれじゃ、待ってるよ！\n\n,,0,\n|\n|\n|\n|\n|\n|\n,pendente,id_jogo=205
v1424_NewQuestMessage.txz:134,v1424_NewQuestMessage.txz,35170,226,オレ、英雄を目指してるんだ！\nんで、その為には誰にも負けないくらい\n強くならなきゃって思うんだけど、\nとりあえず今どのくらい強いか、腕試しを\nしたいんだ。\n場所は＜ダンジョン名＞の＜目標地点＞。\n誰か勝負を引き受けて下さい！\n,,0,\n|\n|\n|\n|\n|\n|\n,pendente,id_jogo=206
v1424_NewQuestMessage.txz:135,v1424_NewQuestMessage.txz,35396,204,アドリビトムで一杯戦闘経験も積んだし、\nここら辺で自分の実力を試してみたい。\nそれで、オレと勝負をしてくれる奴を\n探してるんだ。\n誰か＜ダンジョン名＞の＜目標地点＞で、\n腕試しの勝負をしてくれないか？\n\n,,0,\n|\n|\n|\n|\n|\n|\n,pendente,id_jogo=207
v1424_NewQuestMessage.txz:136,v1424_NewQuestMessage.txz,35600,244,自分の腕を試したいんだ。\nでも…、他の人にこんな事頼めなくて…。\n○○なら、頼みを聞いてくれるかなって\n思ってるんだけど…。\n無理じゃなかったら…、＜ダンジョン名＞の\n＜目標地点＞で、勝負してくれないかな。\nその…、無理だったら仕方ないけど…\n,,0,\n|\n|\n|\n|\n|\n|\n,pendente,id_jogo=208
v1424_NewQuestMessage.txz:137,v1424_NewQuestMessage.txz,35844,190,俺と腕試しをしないか？\nたまにはメンバー同士で、腕を競い合うってのも\nいいと思うんだ。\n場所は＜ダンジョン名＞の＜目標地点＞が\nいいかな？\nじゃ、受けてみたくなったら\n声をかけてくれよな！\n,,0,\n|\n|\n|\n|\n|\n|\n,pendente,id_jogo=209
v1424_NewQuestMessage.txz:138,v1424_NewQuestMessage.txz,36034,218,俺と本気の勝負をして欲しい。\nどんな手を使っても構わない。\nむしろ自分の実力を知る為には、\nそうしてくれた方が都合がいい。\n＜ダンジョン名＞の＜目標地点＞なら、\n邪魔されずに戦えるだろう。\n受けたい奴は声を掛けてくれ\n,,0,\n|\n|\n|\n|\n|\n|\n,pendente,id_jogo=210
v1424_NewQuestMessage.txz:139,v1424_NewQuestMessage.txz,36252,252,僕、ちゃんと強くなれてるのか自信が無くて…。\n誰かと勝負をしてみるのもいいかなと思うけど、\nイリアやスパーダは容赦しないと思うし…。\n○○だったら、腕試しを頼めるかな？\n出来れば、＜ダンジョン名＞の\n＜目標地点＞とかで\n僕と勝負をして欲しいんだけど…\n,,0,\n|\n|\n|\n|\n|\n|\n,pendente,id_jogo=211
v1424_NewQuestMessage.txz:140,v1424_NewQuestMessage.txz,36504,192,たまにはギルドの奴と手合いをしてみろって\nヴァン師匠が言うから、ちょっくら勝負を\nしてみたいんだよ。\n勝負の場所は、\n＜ダンジョン名＞の＜目標地点＞。\nま、俺が勝つに決まってるんだけどな！\n\n,,0,\n|\n|\n|\n|\n|\n|\n,pendente,id_jogo=212
v1424_NewQuestMessage.txz:141,v1424_NewQuestMessage.txz,36696,160,○○と勝負がしてみたいんだが…。\nま、腕試しって奴だな。\nもし、その気があったら\n＜ダンジョン名＞の＜目標地点＞で\n勝負してくれ。\nじゃ、いい返事待ってるぜ\n\n,,0,\n|\n|\n|\n|\n|\n|\n,pendente,id_jogo=213
v1424_NewQuestMessage.txz:142,v1424_NewQuestMessage.txz,36856,206,オレ、○○と勝負したいんだ！\nだって、○○は強くて、カッコいいし、\nオレの憧れなんだ。\nもし、よかったら＜ダンジョン名＞の\n＜目標地点＞で勝負してくれないか？\nもしオッケーだったら、この依頼を受けてよ！\n\n,,0,\n|\n|\n|\n|\n|\n|\n,pendente,id_jogo=214
v1424_NewQuestMessage.txz:143,v1424_NewQuestMessage.txz,37062,256,あのね、○○にお願いがあるんだ。\n私と模擬戦をして欲しいの。\n思いっきり自分の力を出して、勝負したいけど\nこんな事はきっとあなたにしか頼めないもの。\n＜ダンジョン名＞の＜目標地点＞でどうかな？\nここなら二人っきりで出来るよ。\nじゃあ、…返事を待ってるね！\n,,0,\n|\n|\n|\n|\n|\n|\n,pendente,id_jogo=215
v1424_NewQuestMessage.txz:144,v1424_NewQuestMessage.txz,37318,234,ギルドの一員として、普段から訓練をする\n必要があると思うんだ。\nそこで、僕とチェスターと一緒に\n＜ダンジョン名＞で魔物を狩って\n訓練をしてくれる人を募集するよ。\n相手をする魔物は＜数＞体だ。\nそれじゃあ、興味があったら声を掛けてくれ\n,,0,\n|\n|\n|\n|\n|\n|\n,pendente,id_jogo=216
v1424_NewQuestMessage.txz:145,v1424_NewQuestMessage.txz,37552,234,自己鍛錬もギルドの務めと、ミントさんと\nアーチェさんと私で魔物を＜数＞体討って\n訓練を行う事にしました。\nせっかくですので、参加したい方をもう一人\n募集します。\n訓練は＜ダンジョン名＞にて行いますが、\n興味のある方は声を掛けて下さい\n,,0,\n|\n|\n|\n|\n|\n|\n,pendente,id_jogo=217
v1424_NewQuestMessage.txz:146,v1424_NewQuestMessage.txz,37786,256,船にいるばかりじゃ身体もなまってしまうから、\n俺とリオンで訓練をする事にしたんだ。\n＜ダンジョン名＞で魔物を＜数＞体狩れば、\nいい訓練になると思う。\nチームワークも訓練の一つと考えて、\n参加してくれる人を募集するよ。\n興味があったら、この依頼を受けてくれ\n,,0,\n|\n|\n|\n|\n|\n|\n,pendente,id_jogo=218
v1424_NewQuestMessage.txz:147,v1424_NewQuestMessage.txz,38042,236,最近、お腹周りが気になってきたのよね。\nで、ここは進んで訓練でもすべきかなと\n私とチェルシーとリリスとで＜ダンジョン名＞に\n魔物を退治しに行こうと思ってるの。\n一応目標は＜数＞体にしてるけど、\nもう一人くらい手伝ってくれないかしら…\n\n,,0,\n|\n|\n|\n|\n|\n|\n,pendente,id_jogo=219
v1424_NewQuestMessage.txz:148,v1424_NewQuestMessage.txz,38278,192,フィリア君と＜ダンジョン名＞で\n魔物を狩って訓練をしようと考えて\nいるのだが…。\n目標としている＜数＞体は、二人では無理がある。\nそこで、あと一名程この訓練に協力して\nもらえないだろうか？\n\n,,0,\n|\n|\n|\n|\n|\n|\n,pendente,id_jogo=220
v1424_NewQuestMessage.txz:149,v1424_NewQuestMessage.txz,38470,152,どうでえ、おめえ、ここらでいっちょ\n俺様と修行にでもいかねえか？\n＜ダンジョン名＞で魔物を＜数＞体\n倒すんだよ。\nじゃあ、腹が決まったら声掛けな！\n\n\n,,0,\n|\n|\n|\n|\n|\n|\n,pendente,id_jogo=221
v1424_NewQuestMessage.txz:150,v1424_NewQuestMessage.txz,38622,214,戦闘の効率を図って、わたしとリッドとキールで\n修行をしようって話なんだけど、今回は\n四人パーティでやってみたいの。\n＜ダンジョン名＞で魔物＜数＞体を\n倒す修行になるんだけど、あと一人\n誰か参加してくれないかなぁ\n\n,,0,\n|\n|\n|\n|\n|\n|\n,pendente,id_jogo=222
v1424_NewQuestMessage.txz:151,v1424_NewQuestMessage.txz,38836,240,バンエルティア号の船長として、ふさわしく\nある為に、船員を連れて修行をしようと\n思ったんです。\n＜ダンジョン名＞にて魔物を＜数＞体、\nボクとメルディさんとセルシウスさんで\n狩る予定ですが、この厳しい修行に参加する\n勇敢な船員はいませんか？\n,,0,\n|\n|\n|\n|\n|\n|\n,pendente,id_jogo=223
v1424_NewQuestMessage.txz:152,v1424_NewQuestMessage.txz,39076,210,もっと剣が上達する様に、ジューダスに\n修行を指導してって頼んだんだ。\nそしたら、＜ダンジョン名＞で\n魔物を＜数＞体倒して修行をするから、\nもう一人加えろってジューダスが言うんだ。\n誰か、一緒に修行をしない？\n\n,,0,\n|\n|\n|\n|\n|\n|\n,pendente,id_jogo=224
v1424_NewQuestMessage.txz:153,v1424_NewQuestMessage.txz,39286,212,あたしとリアラとハロルドで魔物狩りをして\n腕磨きをするんだけど、ちょっと不安でね。\nもう一人参加者が欲しいんだ。\n魔物は＜数＞体倒す事にしてるけど、\n＜ダンジョン名＞で一緒に腕を\n磨きたい人は名乗り出ておくれ\n\n,,0,\n|\n|\n|\n|\n|\n|\n,pendente,id_jogo=225
v1424_NewQuestMessage.txz:154,v1424_NewQuestMessage.txz,39498,230,コレットが訓練をしたいらしいんだ。\nそれで＜ダンジョン名＞で\n魔物を＜数＞体くらい倒しに行こうと思うんだけど\n二人だけだと危険かもしれないし、\nもう一人一緒に行って欲しいんだ。\nそんなわけで、一緒に訓練したい奴は\n俺に言ってくれ\n,,0,\n|\n|\n|\n|\n|\n|\n,pendente,id_jogo=226
v1424_NewQuestMessage.txz:155,v1424_NewQuestMessage.txz,39728,242,ジーニアスにもっと戦い方の訓練をさせたいの\nだけれど、私一人では心もとなくて。\n誰かあと一人、私とジーニアスについて、\n＜ダンジョン名＞へ行ってくれない\nかしら？\n予定では魔物を＜数＞体狩るつもりよ。\nもちろん、それなりの礼はさせてもらうわ\n,,0,\n|\n|\n|\n|\n|\n|\n,pendente,id_jogo=227
v1424_NewQuestMessage.txz:156,v1424_NewQuestMessage.txz,39970,270,ゼロスの奴、ギルドに来たはいいんだけど、\nちっとも働こうとしないしさ、いっちょ\nここらで連れ出して修行させようと思うんだ。\n＜ダンジョン名＞で、魔物を＜数＞体程\n狩ればいい修行になりそうだけど、\n万が一危険な事もあるかもしれないから\nもう一人誰か参加してくれないかい？\n,,0,\n|\n|\n|\n|\n|\n|\n,pendente,id_jogo=228
v1424_NewQuestMessage.txz:157,v1424_NewQuestMessage.txz,40240,200,プレセアに修行を申し込まれた。\nそこで、＜ダンジョン名＞で魔物を＜数＞体\n狩って修行としたい。\nしかし、連携を学んでもらう為に、もう一人\n同行者が欲しい。\nプレセアの為に、誰か同行してはくれないか\n\n,,0,\n|\n|\n|\n|\n|\n|\n,pendente,id_jogo=229
v1424_NewQuestMessage.txz:158,v1424_NewQuestMessage.txz,40440,190,＜ダンジョン名＞で修行がしたい。\n魔物を＜数＞体狩りたいが、オレとティトレイ\nだけでは、やはり達成出来そうにない。\n誰か、この修行に参加して、共に＜数＞体\n魔物を倒してくれないだろうか\n\n\n,,0,\n|\n|\n|\n|\n|\n|\n,pendente,id_jogo=230
v1424_NewQuestMessage.txz:159,v1424_NewQuestMessage.txz,40630,232,マオとアニーの戦闘能力を鍛える必要がある。\nそこで、○○の力を借りたい。\n我々三人と共に＜ダンジョン名＞に行き、\n魔物を＜数＞体狩ってみようと思うのだが、\nこの修行の手伝いをしてくれないだろうか？\nでは、受けたい時は申し出てくれ\n\n,,0,\n|\n|\n|\n|\n|\n|\n,pendente,id_jogo=231
v1424_NewQuestMessage.txz:160,v1424_NewQuestMessage.txz,40862,198,皆で戦闘力を鍛えようと、訓練をしに\n＜ダンジョン名＞へ行くんだが\n○○も一緒にどうだ？\n今のところは、俺とクロエとシャーリィで\n今回は魔物を＜数＞体狩る予定だ。\nじゃあ、参加したい時は言ってくれ\n\n,,0,\n|\n|\n|\n|\n|\n|\n,pendente,id_jogo=232
v1424_NewQuestMessage.txz:161,v1424_NewQuestMessage.txz,41060,220,ギルドの一員として、オレ達も自主的に\n訓練をせねばならん。\nそこで、＜ダンジョン名＞にて魔物を\n＜数＞体狩ろうと思う。\nオレとノーマ、それにジェイで行うが、\nもう一人募集したい。\n誰か、共に訓練を行いたい者はいないか？\n,,0,\n|\n|\n|\n|\n|\n|\n,pendente,id_jogo=233
v1424_NewQuestMessage.txz:162,v1424_NewQuestMessage.txz,41280,184,ティアやヴァン師匠が自主的に修行を\nしろって言うから、＜ダンジョン名＞で\n魔物を＜数＞体狩る事にした。\nんで、俺とティアとヴァン師匠の他に\nもう一人欲しいんだけど、誰か行かねぇ？\n\n\n,,0,\n|\n|\n|\n|\n|\n|\n,pendente,id_jogo=234
v1424_NewQuestMessage.txz:163,v1424_NewQuestMessage.txz,41464,224,部下のアニスに、もっと戦闘経験を\n積ませたいので、魔物を狩って訓練したいの\nですが、誰か同行してくれませんか？\n行き先は＜ダンジョン名＞で、\n魔物を狩るのは＜数＞体を想定しています。\nでは、お暇であれば参加してみて下さい\n\n,,0,\n|\n|\n|\n|\n|\n|\n,pendente,id_jogo=235
v1424_NewQuestMessage.txz:164,v1424_NewQuestMessage.txz,41688,246,ガイとアッシュと\n＜ダンジョン名＞へ魔物を＜数＞体倒す訓練に\n行こうと思うのですが、アッシュは\n○○の戦い方に興味がある様子なので\nよかったらこの訓練に同行しませんか？\nアッシュもきっと喜びますわよ。\nささやかですが、お礼もご用意しておりますわ\n,,0,\n|\n|\n|\n|\n|\n|\n,pendente,id_jogo=236
v1424_NewQuestMessage.txz:165,v1424_NewQuestMessage.txz,41934,224,ルビアが強くなりたいから修行しようって\nうるさいんだ。\nしかも、変に意気込んで魔物を＜数＞体\n狩るとか言うしさ。\nとりあえず＜ダンジョン名＞でやろうとは\n思ってるけど二人で＜数＞体は無理だし…。\n誰か手伝ってくれないかな…\n,,0,\n|\n|\n|\n|\n|\n|\n,pendente,id_jogo=237
v1424_NewQuestMessage.txz:166,v1424_NewQuestMessage.txz,42158,236,アンジュがたまには訓練に行きなさいって\n言うんだ。\nイリアとスパーダは乗り気みたいで、\n＜ダンジョン名＞で魔物を\n＜数＞体も狩るって話になっちゃって…。\nそんな数三人で相手するなんて無謀だと思うし\n誰かもう一人加わってくれないかなぁ？\n,,0,\n|\n|\n|\n|\n|\n|\n,pendente,id_jogo=238
v1424_NewQuestMessage.txz:167,v1424_NewQuestMessage.txz,42394,186,やれやれ、セレーナが体力を付けたいと\n＜ダンジョン名＞へ訓練に行きたいそうだ。\n俺はセレーナの護衛として同行するが、\n訓練の為に魔物＜数＞体を狩るセレーナの\n手伝いをしてやってくれ\n\n\n,,0,\n|\n|\n|\n|\n|\n|\n,pendente,id_jogo=239
v1424_NewQuestMessage.txz:168,v1424_NewQuestMessage.txz,42580,172,仕事の合間にいっちょ修行でもと思ってな。\nこれから＜ダンジョン名＞で魔物を\n狩りに行く予定なんだ。\n今回は＜数＞体を予定している。\nこの修行に、付き合う奴はいねえか？\n\n\n,,0,\n|\n|\n|\n|\n|\n|\n,pendente,id_jogo=240
v1424_NewQuestMessage.txz:169,v1424_NewQuestMessage.txz,42752,212,私と、ジュディスとリタで修行に行くんです。\nでも、せっかく四人までパーティが\n組めるんですから、もう一人どなたか\n入ってくれたら嬉しいです。\n＜ダンジョン名＞で魔物を＜数＞体\n狩るんですが、誰か行きませんか？\n\n,,0,\n|\n|\n|\n|\n|\n|\n,pendente,id_jogo=241
v1424_NewQuestMessage.txz:170,v1424_NewQuestMessage.txz,42964,208,ギルドのメンバーとして、\n連携の取れる戦い方を学ばなければならない。\nエミルとマルタの修行の為に\n＜ダンジョン名＞で魔物を＜数＞体討つが、\nあと一名、今回の修行の為に必要だ。\n誰か、参加する者はいないか？\n\n,,0,\n|\n|\n|\n|\n|\n|\n,pendente,id_jogo=242
v1424_NewQuestMessage.txz:171,v1424_NewQuestMessage.txz,43172,204,コハクとヒスイと＜ダンジョン名＞へ\n修行に行く事にしたんだ。\nでも、オレは○○にも来て欲しい。\n○○の戦い方を見て勉強したいし！\n今回は魔物を＜数＞体狩るんだけど、\nよかったら一緒に来てくれないかな？\n\n,,0,\n|\n|\n|\n|\n|\n|\n,pendente,id_jogo=243
v1424_NewQuestMessage.txz:172,v1424_NewQuestMessage.txz,43376,208,ここでは皆、魔物を狩って修行するそうだな。\n俺も＜ダンジョン名＞で魔物を狩って\n修行をしたい。\n誰か、同行してアドリビトム流の修行を\n教えてくれないだろうか。\n今回、魔物を狩る目標数は＜数＞体と考えている\n\n,,0,\n|\n|\n|\n|\n|\n|\n,pendente,id_jogo=244
v1424_NewQuestMessage.txz:173,v1424_NewQuestMessage.txz,43584,172,ねえ、○○、\n一緒に修行とかって…どうかな？\n＜ダンジョン名＞で魔物を＜数＞体\n狩ろうと思ってるんだけど、\n二人で行けたら嬉しいな。\nもし、行ってもいい時は声を掛けてね\n\n,,0,\n|\n|\n|\n|\n|\n|\n,pendente,id_jogo=245
v1424_NewQuestMessage.txz:174,v1424_NewQuestMessage.txz,43756,282,ジュディスから依頼を預かってます。\nあのレディアントの在り処を突き止めたそうよ。\n場所は＜ダンジョン名＞、[指定色１]創世伝えし者の間[指定色戻し]。\nディセンダーの為に創られた伝説の武具、\n私も興味があるから、手に入れて来てね。\nそうそう、ジュディスを同行者に加える事を\n忘れずに！\n,,0,\n|\n|[指定色１]|[指定色戻し]|\n|\n|\n|\n|\n,pendente,id_jogo=246
v1424_NewQuestMessage.txz:175,v1424_NewQuestMessage.txz,44038,242,ジュディスが、レディアントのいる場所を\n突き止めたそうよ。\n場所は＜ダンジョン名＞、＜目標地点＞。\n向こうは[指定色３]２[指定色戻し]体で待ち構えているけど、\nわたしが許可する同行者は一名までね。\nもし受けるのなら、この条件を守ってもらうよ\n\n,,0,\n|\n|\n|[指定色３]|[指定色戻し]|\n|\n|\n|\n,pendente,id_jogo=247
v1424_NewQuestMessage.txz:176,v1424_NewQuestMessage.txz,44280,242,ジュディスが、レディアントのいる場所を\n突き止めたそうよ。\n場所は＜ダンジョン名＞の＜目標地点＞。\n向こうは[指定色３]２[指定色戻し]体で待ち構えているけど、\nわたしが許可する同行者は一名までね。\nもし受けるのなら、この条件を守ってもらうよ\n\n,,0,\n|\n|\n|[指定色３]|[指定色戻し]|\n|\n|\n|\n,pendente,id_jogo=248
v1424_NewQuestMessage.txz:177,v1424_NewQuestMessage.txz,44522,242,ジュディスが、レディアントのいる場所を\n突き止めたそうよ。\n場所は＜ダンジョン名＞の＜目標地点＞。\n向こうは[指定色３]２[指定色戻し]体で待ち構えているけど、\nわたしが許可する同行者は一名までね。\nもし受けるのなら、この条件を守ってもらうよ\n\n,,0,\n|\n|\n|[指定色３]|[指定色戻し]|\n|\n|\n|\n,pendente,id_jogo=249
v1424_NewQuestMessage.txz:178,v1424_NewQuestMessage.txz,44764,242,ジュディスが、レディアントのいる場所を\n突き止めたそうよ。\n場所は＜ダンジョン名＞の＜目標地点＞。\n向こうは[指定色３]２[指定色戻し]体で待ち構えているけど、\nわたしが許可する同行者は一名までね。\nもし受けるのなら、この条件を守ってもらうよ\n\n,,0,\n|\n|\n|[指定色３]|[指定色戻し]|\n|\n|\n|\n,pendente,id_jogo=250
v1424_NewQuestMessage.txz:179,v1424_NewQuestMessage.txz,45006,242,ジュディスが、レディアントのいる場所を\n突き止めたそうよ。\n場所は＜ダンジョン名＞、＜目標地点＞。\n向こうは[指定色３]２[指定色戻し]体で待ち構えているけど、\nわたしが許可する同行者は一名までね。\nもし受けるのなら、この条件を守ってもらうよ\n\n,,0,\n|\n|\n|[指定色３]|[指定色戻し]|\n|\n|\n|\n,pendente,id_jogo=251
v1424_NewQuestMessage.txz:180,v1424_NewQuestMessage.txz,45248,242,ジュディスが、レディアントのいる場所を\n突き止めたそうよ。\n場所は＜ダンジョン名＞、＜目標地点＞。\n向こうは[指定色３]２[指定色戻し]体で待ち構えているけど、\nわたしが許可する同行者は一名までね。\nもし受けるのなら、この条件を守ってもらうよ\n\n,,0,\n|\n|\n|[指定色３]|[指定色戻し]|\n|\n|\n|\n,pendente,id_jogo=252
v1424_NewQuestMessage.txz:181,v1424_NewQuestMessage.txz,45490,242,ジュディスが、レディアントのいる場所を\n突き止めたそうよ。\n場所は＜ダンジョン名＞、＜目標地点＞。\n向こうは[指定色３]２[指定色戻し]体で待ち構えているけど、\nわたしが許可する同行者は一名までね。\nもし受けるのなら、この条件を守ってもらうよ\n\n,,0,\n|\n|\n|[指定色３]|[指定色戻し]|\n|\n|\n|\n,pendente,id_jogo=253
v1424_NewQuestMessage.txz:182,v1424_NewQuestMessage.txz,45732,242,ジュディスが、レディアントのいる場所を\n突き止めたそうよ。\n場所は＜ダンジョン名＞、＜目標地点＞。\n向こうは[指定色３]２[指定色戻し]体で待ち構えているけど、\nわたしが許可する同行者は一名までね。\nもし受けるのなら、この条件を守ってもらうよ\n\n,,0,\n|\n|\n|[指定色３]|[指定色戻し]|\n|\n|\n|\n,pendente,id_jogo=254
v1424_NewQuestMessage.txz:183,v1424_NewQuestMessage.txz,45974,242,ジュディスが、レディアントのいる場所を\n突き止めたそうよ。\n場所は＜ダンジョン名＞、＜目標地点＞。\n向こうは[指定色３]２[指定色戻し]体で待ち構えているけど、\nわたしが許可する同行者は一名までね。\nもし受けるのなら、この条件を守ってもらうよ\n\n,,0,\n|\n|\n|[指定色３]|[指定色戻し]|\n|\n|\n|\n,pendente,id_jogo=255
v1424_NewQuestMessage.txz:184,v1424_NewQuestMessage.txz,46216,242,ジュディスが、レディアントのいる場所を\n突き止めたそうよ。\n場所は＜ダンジョン名＞、＜目標地点＞。\n向こうは[指定色３]２[指定色戻し]体で待ち構えているけど、\nわたしが許可する同行者は一名までね。\nもし受けるのなら、この条件を守ってもらうよ\n\n,,0,\n|\n|\n|[指定色３]|[指定色戻し]|\n|\n|\n|\n,pendente,id_jogo=256
v1424_NewQuestMessage.txz:185,v1424_NewQuestMessage.txz,46458,242,ジュディスが、レディアントのいる場所を\n突き止めたそうよ。\n場所は＜ダンジョン名＞、＜目標地点＞。\n向こうは[指定色３]２[指定色戻し]体で待ち構えているけど、\nわたしが許可する同行者は一名までね。\nもし受けるのなら、この条件を守ってもらうよ\n\n,,0,\n|\n|\n|[指定色３]|[指定色戻し]|\n|\n|\n|\n,pendente,id_jogo=257
v1424_NewQuestMessage.txz:186,v1424_NewQuestMessage.txz,46700,242,ジュディスが、レディアントのいる場所を\n突き止めたそうよ。\n場所は＜ダンジョン名＞、＜目標地点＞。\n向こうは[指定色３]２[指定色戻し]体で待ち構えているけど、\nわたしが許可する同行者は一名までね。\nもし受けるのなら、この条件を守ってもらうよ\n\n,,0,\n|\n|\n|[指定色３]|[指定色戻し]|\n|\n|\n|\n,pendente,id_jogo=258
v1424_NewQuestMessage.txz:187,v1424_NewQuestMessage.txz,46942,242,ジュディスが、レディアントのいる場所を\n突き止めたそうよ。\n場所は＜ダンジョン名＞、＜目標地点＞。\n向こうは[指定色３]２[指定色戻し]体で待ち構えているけど、\nわたしが許可する同行者は一名までね。\nもし受けるのなら、この条件を守ってもらうよ\n\n,,0,\n|\n|\n|[指定色３]|[指定色戻し]|\n|\n|\n|\n,pendente,id_jogo=259
v1424_NewQuestMessage.txz:188,v1424_NewQuestMessage.txz,47184,242,ジュディスが、レディアントのいる場所を\n突き止めたそうよ。\n場所は＜ダンジョン名＞、＜目標地点＞。\n向こうは[指定色３]２[指定色戻し]体で待ち構えているけど、\nわたしが許可する同行者は一名までね。\nもし受けるのなら、この条件を守ってもらうよ\n\n,,0,\n|\n|\n|[指定色３]|[指定色戻し]|\n|\n|\n|\n,pendente,id_jogo=260
v1424_NewQuestMessage.txz:189,v1424_NewQuestMessage.txz,47426,242,ジュディスが、レディアントのいる場所を\n突き止めたそうよ。\n場所は＜ダンジョン名＞、＜目標地点＞。\n向こうは[指定色３]２[指定色戻し]体で待ち構えているけど、\nわたしが許可する同行者は一名までね。\nもし受けるのなら、この条件を守ってもらうよ\n\n,,0,\n|\n|\n|[指定色３]|[指定色戻し]|\n|\n|\n|\n,pendente,id_jogo=261
v1424_NewQuestMessage.txz:190,v1424_NewQuestMessage.txz,47668,242,ジュディスが、レディアントのいる場所を\n突き止めたそうよ。\n場所は＜ダンジョン名＞、＜目標地点＞。\n向こうは[指定色３]２[指定色戻し]体で待ち構えているけど、\nわたしが許可する同行者は一名までね。\nもし受けるのなら、この条件を守ってもらうよ\n\n,,0,\n|\n|\n|[指定色３]|[指定色戻し]|\n|\n|\n|\n,pendente,id_jogo=262
v1424_NewQuestMessage.txz:191,v1424_NewQuestMessage.txz,47910,266,[指定色１]カダイフ砂漠[指定色戻し]で、特訓をしようと思うんだ。\nクレスやミント達には内緒でな。\nつっても、楽な特訓に意味はねえし\n単身乗り込むってのも危険過ぎる。\nで、お前に同行を頼みたいんだが……。\n悪いが、魔物を＜数＞体倒すのに\nちょっと付き合ってくれないか？\n,,0,[指定色１]|[指定色戻し]|\n|\n|\n|\n|\n|\n|\n,pendente,id_jogo=301
v1424_NewQuestMessage.txz:192,v1424_NewQuestMessage.txz,48176,244,カニ食べたくない？　食べたいわよね？？\n食堂のメニューも悪くないんだけど\nたまには、ぱ〜〜っと、豪勢なモノが\n食べたいのよねえ。\nというわけで、[指定色１]シフノ湧泉洞[指定色戻し]に\n＜モンスター名＞を\n＜数＞体獲りに行くから、付き合いなさい∀\n,,0,\n|\n|\n|\n|[指定色１]|[指定色戻し]|\n|\n|\n,pendente,id_jogo=302
v1424_NewQuestMessage.txz:193,v1424_NewQuestMessage.txz,48420,166,とうとうこの日が来たな。\n[指定色１]コンフェイト大森林[指定色戻し]の[指定色１]樹海部３[指定色戻し]で\nフレンの奴が待ってんだと。\nさっさと行って終わらせようぜ\n\n\n\n,,0,\n|[指定色１]|[指定色戻し]|[指定色１]|[指定色戻し]|\n|\n|\n|\n|\n|\n,pendente,id_jogo=303
v1424_NewQuestMessage.txz:194,v1424_NewQuestMessage.txz,48586,238,ロイドに剣術の指南をしようと思う。\n……あいつには、口で説明するより\nその方が早いと思うのでな。\nついては、目的地までの\n案内役を一人募りたい。\n[指定色１]聖地ラングリース[指定色戻し]の[指定色１]ボルテックス・トップ[指定色戻し]で待つ\n\n,,0,\n|\n|\n|\n|\n|[指定色１]|[指定色戻し]|[指定色１]|[指定色戻し]|\n|\n,pendente,id_jogo=304
v1424_NewQuestMessage.txz:195,v1424_NewQuestMessage.txz,48824,262,リオンの奴に話をつけに行く。\nついては、お前に同行を頼みたい。\n……理由は聞くな。答えるのが面倒だ。\nあいつは最近、[指定色１]ルバーブ連山[指定色戻し]の[指定色１]ルバーブ峠[指定色戻し]に\n一人で行くことがあるらしい。\nその時をねらう。準備が出来たら声をかけろ\n\n,,0,\n|\n|\n|[指定色１]|[指定色戻し]|[指定色１]|[指定色戻し]|\n|\n|\n|\n,pendente,id_jogo=305
v1424_NewQuestMessage.txz:196,v1424_NewQuestMessage.txz,49086,252,魔王と呼ばれる男、ダオスが[指定色１]ブラウニー坑道[指定色戻し]の\n[指定色１]立て坑　１０層地点[指定色戻し]で目撃されたらしい。\n僕やミント、チェスターの故郷を襲ったこの男を\n見つけ出し、戦いを挑み決着を付けたい。\nどうか、協力してくれないだろうか\n\n\n,,0,[指定色１]|[指定色戻し]|\n|[指定色１]|[指定色戻し]|\n|\n|\n|\n|\n|\n,pendente,id_jogo=306
v1424_NewQuestMessage.txz:197,v1424_NewQuestMessage.txz,49338,304,バルバトスがまた現れたらしいんだ。\n放っておいたら、今度も君やスタンさん達、\n無関係な人達の事を襲うかもしれない……。\n今度こそ、オレ達の手で決着をつけなくちゃ！\n噂では、[指定色１]霊峰アブソール[指定色戻し]の[指定色１]リングスポット[指定色戻し]に\n姿を潜めているみたいだ。\n早く真相を確かめに行こう！\n,,0,\n|\n|\n|\n|[指定色１]|[指定色戻し]|[指定色１]|[指定色戻し]|\n|\n|\n,pendente,id_jogo=307
v1424_NewQuestMessage.txz:198,v1424_NewQuestMessage.txz,49642,308,以前、コレットの様な羽を持つ種族「天使」を\n集める目的で、故郷の村を襲ったユグドラシル\nという男がいたんだ。\n前に戦って倒したはずなのに、クラトスが\n[指定色１]ヴェラトローパ[指定色戻し]の[指定色１]創世伝えし者の間[指定色戻し]で\nユグドラシルを見たらしい。今度こそ決着をつけたい。\nどうか、力を貸してくれ！\n,,0,\n|\n|\n|\n|[指定色１]|[指定色戻し]|[指定色１]|[指定色戻し]|\n|\n|\n,pendente,id_jogo=308
v1424_NewQuestMessage.txz:199,v1424_NewQuestMessage.txz,49950,288,やぁ、ヴェイグ。\n……そして○○。\nまさか、僕の事を忘れてはいないだろうね？\nあれから毎日、キミ達の事を考えていたよ。\nどうやって、なぶり殺してやろうかとね……。\n[指定色１]シフノ湧泉洞[指定色戻し]の[指定色１]青き眠りの地[指定色戻し]で待っているよ。\n必ず来るんだ……わかっているよね？\n,,0,\n|\n|\n|\n|\n|[指定色１]|[指定色戻し]|[指定色１]|[指定色戻し]|\n|\n,pendente,id_jogo=309
v1424_NewQuestMessage.txz:200,v1424_NewQuestMessage.txz,50238,303,ルークとアッシュの事で相談をしたい。\n今後に関わる大切な話をしたいのだが、\nここでは人も多く、何かと不都合がある。\n[指定色１]霊峰アブソール[指定色戻し]の[指定色１]アブソール 山頂[指定色戻し]まで\n二人を連れて来てはもらえぬだろうか。\nその時こそ、これまで秘めてきた真実を\n二人に語ろうと思うのだが……\n,,0,\n|\n|\n|[指定色１]|[指定色戻し]|[指定色１]|[指定色戻し]|\n|\n|\n|\n,pendente,id_jogo=310
v1424_NewQuestMessage.txz:201,v1424_NewQuestMessage.txz,50541,186,リッド、私、あなたの三人で\nキール達と狩りの勝負に行くよ！\n場所は[指定色１]コンフェイト大森林[指定色戻し]。\n先に＜数＞体、仕留めた方が勝ちだよ。\n一緒に頑張ろ！　イケるイケる！！\n\n\n,,0,\n|\n|[指定色１]|[指定色戻し]|\n|\n|\n|\n|\n,pendente,id_jogo=311
v1424_NewQuestMessage.txz:202,v1424_NewQuestMessage.txz,50727,272,おとぎ話に出てくる魔物が、\n[指定色１]コンフェイト大森林[指定色戻し]の[指定色１]樹海部３[指定色戻し]にいるらしい。\nどんな奴かはわからないけど\nオレ達の知ってる「おとぎ話の魔物」なら\n放っておいたら、大変な事になる。\n誰か、探索を手伝ってくれる人を\n探してるんだけど……\n,,0,\n|[指定色１]|[指定色戻し]|[指定色１]|[指定色戻し]|\n|\n|\n|\n|\n|\n,pendente,id_jogo=312
v1424_NewQuestMessage.txz:203,v1424_NewQuestMessage.txz,50999,308,何も言わずに、ちっと話を聞いてくれ。\nルカとイリアを、でっちあげの理由で\n[指定色１]コンフェイト大森林[指定色戻し]の[指定色１]樹海部３[指定色戻し]まで\n連れ出して、置き去りにしてェんだ。\nつまり、二人きりにさせようって計画。\n詳しい事は口頭で説明すっから、省くぜ。\n頼む。こんな事頼めんの、お前しかいねェ！\n,,0,\n|\n|[指定色１]|[指定色戻し]|[指定色１]|[指定色戻し]|\n|\n|\n|\n|\n,pendente,id_jogo=313
v1424_NewQuestMessage.txz:204,v1424_NewQuestMessage.txz,51307,254,最高の料理を食わせてやるから、\n材料調達に協力しねえか？\nメンバーは……っと、おれも知らねえんだ。\nとにかく、[指定色１]コンフェイト大森林[指定色戻し]で\n＜アイテム名＞を＜数＞個集めりゃ問題ねえ。\nどうだ？　お前が手伝ってくれると\n色々助かるんだが……\n,,0,\n|\n|\n|[指定色１]|[指定色戻し]|\n|\n|\n|\n,pendente,id_jogo=314
v1424_NewQuestMessage.txz:205,v1424_NewQuestMessage.txz,51561,274,エミル……と言ったか。\nどうも、あいつの戦い方は不安定過ぎる。\n……一度、基礎から戦術を見直すべきだ。\n[指定色１]オルタータ火山[指定色戻し]でモンスターを\n＜数＞体、仕留める鍛錬をさせようと思うが\nお前に、あいつのフォローを頼めないか？\n……俺一人では、手に余るかもしれん\n,,0,\n|\n|\n|[指定色１]|[指定色戻し]|\n|\n|\n|\n,pendente,id_jogo=315
v1424_NewQuestMessage.txz:206,v1424_NewQuestMessage.txz,51835,238,ぱんぱかぱ〜ん！\nお宝捜索隊、ついに結成っ！！\nあたしとルーとアン姉さんとで\n[指定色１]ブラウニー坑道[指定色戻し]へばびゅんと行くよっ。\n＜目標地点＞に、お宝があるって地図を\n発見しちゃったんだもんね〜♪\n求む！　凄腕ボディガードっ！！\n,,0,\n|\n|\n|[指定色１]|[指定色戻し]|\n|\n|\n|\n,pendente,id_jogo=316
v1424_NewQuestMessage.txz:207,v1424_NewQuestMessage.txz,52073,294,忍者ならば、どうしても受けねばならない\n厳しい試練があります。\n[指定色１]オルタータ火山[指定色戻し]の＜目標地点＞にいる\n[指定色１]フィアブロンク[指定色戻し]を倒す、というものです。\nただ、そこまで辿り着くのにも、相当の\n修練が必要で……その……あなたが\n同行してくれると、心強いのですが……\n,,0,\n|\n|[指定色１]|[指定色戻し]|\n|[指定色１]|[指定色戻し]|\n|\n|\n|\n,pendente,id_jogo=317
v1424_NewQuestMessage.txz:208,v1424_NewQuestMessage.txz,52367,252,昔、あたしの相棒だった\n人工精霊のコリンにもう一度会う為に、\n必要なドクメントがあるんだ。\nコリンが生まれた[指定色１]ブラウニー坑道[指定色戻し]なら、\nそのドクメントが手に入れられると思う。\nどうか、一緒に行ってドクメントを\n探す手助けをしておくれよ\n,,0,\n|\n|\n|[指定色１]|[指定色戻し]|\n|\n|\n|\n,pendente,id_jogo=318
v1424_NewQuestMessage.txz:209,v1424_NewQuestMessage.txz,52619,276,ソフィが大切にしている花の群生地が\n魔物達に荒らされているらしい。\nこのままでは、花が絶滅してしまう……。\n目的地は[指定色１]ルバーブ連山[指定色戻し]、[指定色１]キアノランティス[指定色戻し]を\n＜数＞体倒す為に、同行者を募りたい。\nソフィの笑顔と、花を、守りたいんだ。\n頼む\n,,0,\n|\n|\n|[指定色１]|[指定色戻し]|[指定色１]|[指定色戻し]|\n|\n|\n|\n,pendente,id_jogo=319
v1424_NewQuestMessage.txz:210,v1424_NewQuestMessage.txz,52895,264,実は、僕達の仲間が\nここへ向かっているんだけど\n到着予定日を過ぎても、連絡がないんだ。\n最後に連絡のあった[指定色１]コンフェイト大森林[指定色戻し]まで\n一緒に探しに行ってもらえないだろうか。\n何かの事件や、事故に巻き込まれていたり\nしていなければいいんだけど……\n,,0,\n|\n|\n|[指定色１]|[指定色戻し]|\n|\n|\n|\n,pendente,id_jogo=320
v1424_NewQuestMessage.txz:211,v1424_NewQuestMessage.txz,53159,268,今度の依頼は、さる国の王子様の護衛よ。\n見聞を広める旅をしているそうなんだけど\n旅の間の安否が気遣われて、わたし達に\n国から正式の依頼が来たってわけ。\n依頼主によると、王子は今、\n[指定色１]オルタータ火山[指定色戻し]にいるそうよ。\n至急、お迎えに行ってくれないかしら\n,,0,\n|\n|\n|\n|\n|[指定色１]|[指定色戻し]|\n|\n,pendente,id_jogo=321
v1424_NewQuestMessage.txz:212,v1424_NewQuestMessage.txz,53427,242,ぜひ、君やアンジュ君に\n引き合わせたいと思っている人物がいる。\n我が国の客員剣士で、剣の腕は申し分ない。\n彼なら、素晴らしい働きをしてくれるだろう。\nよければ、[指定色１]アルマナック遺跡[指定色戻し]まで\n迎えに行ってはもらえないだろうか？\n\n,,0,\n|\n|\n|\n|[指定色１]|[指定色戻し]|\n|\n|\n,pendente,id_jogo=322
v1424_NewQuestMessage.txz:213,v1424_NewQuestMessage.txz,53669,230,急な話だが、人捜しを手伝って欲しい。\n私の恩師の、大切なお孫さんなのだ。\n手紙を読む限りでは、どうやら私の後を追って\n一人で旅に出た様なのだが……。\n頼む。[指定色１]霊峰アブソール[指定色戻し]まで\n同行してはもらえないだろうか\n\n,,0,\n|\n|\n|\n|[指定色１]|[指定色戻し]|\n|\n|\n,pendente,id_jogo=323
v1424_NewQuestMessage.txz:214,v1424_NewQuestMessage.txz,53899,264,このギルドにも、教師を必要としている\n若い子達がいるのね。……という訳で\n急な話だけれど、正式に\n先生をお迎えする事にしました。\nロイド君達の話では、とても優秀な方の\n様なのだけど……。[指定色１]アルマナック遺跡[指定色戻し]まで\nお迎えに行ってもらえないかしら？\n,,0,\n|\n|\n|\n|\n|[指定色１]|[指定色戻し]|\n|\n,pendente,id_jogo=324
v1424_NewQuestMessage.txz:215,v1424_NewQuestMessage.txz,54163,280,[指定色１]ルバーブ連山[指定色戻し]まで、ある馬鹿を\n迎えに行く手伝いを頼みたいんだ。\nロイドを追って、ここを目指してたら\n途中で迷子になっちまったとかで……。\nにしても、「迎えには、とびきりの美女を」\nとか、ふざけた手紙寄越してくれるよ……。\nったく、どうしてくれようかねえ……\n,,0,[指定色１]|[指定色戻し]|\n|\n|\n|\n|\n|\n|\n,pendente,id_jogo=325
v1424_NewQuestMessage.txz:216,v1424_NewQuestMessage.txz,54443,242,ボクの……その、友達なんだけど\n[指定色１]コンフェイト大森林[指定色戻し]まで、一緒に\n迎えに行って欲しいんだ。\n彼女は、とっても力持ちで\n重たい斧だって、軽々と扱えちゃう。\nきっとここでも、ボク達の力に\nなってくれるはずだよ。……だめかな？\n,,0,\n|[指定色１]|[指定色戻し]|\n|\n|\n|\n|\n|\n,pendente,id_jogo=326
v1424_NewQuestMessage.txz:217,v1424_NewQuestMessage.txz,54685,214,このギルドに、新たに迎えたい仲間がいる。\nまだ幼いが、秘めたる資質はかなりのものだ。\nついては、[指定色１]オルタータ火山[指定色戻し]の\n[指定色１]交差回廊　下部[指定色戻し]まで\n道中の同行を頼みたいのだが……\n\n\n,,0,\n|\n|[指定色１]|[指定色戻し]|\n|[指定色１]|[指定色戻し]|\n|\n|\n|\n,pendente,id_jogo=327
v1424_NewQuestMessage.txz:218,v1424_NewQuestMessage.txz,54899,276,最近、[指定色１]霊峰アブソール[指定色戻し]で\n悪い人達が暴れているそうなの。\n今回は、彼らをこらしめて欲しいって依頼。\n向こうの手勢はあまり多くない様だから\nあなた一人に、個人的にお願いしたいな。\nそんなに難しい依頼じゃないと思うけど……\nどうかな？　引き受けてもらえない？\n,,0,[指定色１]|[指定色戻し]|\n|\n|\n|\n|\n|\n|\n,pendente,id_jogo=328
v1424_NewQuestMessage.txz:219,v1424_NewQuestMessage.txz,55175,256,は〜い、セネセネ〜〜〜！\nなんか、新しいギルドに\n拾ってもらったって聞いたけど、どゆ事？\n抜け駆けは許さないんだからね〜！\nつーことで、[指定色１]ブラウニー坑道[指定色戻し]で待ってるから\n迎えに来てね♪　絶対、来てよね♪♪\nお宝採掘して待ってるから〜〜！\n,,0,\n|\n|\n|\n|[指定色１]|[指定色戻し]|\n|\n|\n,pendente,id_jogo=329
v1424_NewQuestMessage.txz:220,v1424_NewQuestMessage.txz,55431,224,ポッポだキュ！\n突然だけど、お願いがあるキュ。\n[指定色１]ルバーブ連山[指定色戻し]で、モフモフ族の為に\n素材を集めてくれてる仲間を\n迎えに行って欲しいんだキュ！\nあそこは強い魔物が一杯で\n心配だキュ……だから、お願いだキュ\n,,0,\n|\n|[指定色１]|[指定色戻し]|\n|\n|\n|\n|\n,pendente,id_jogo=330
v1424_NewQuestMessage.txz:221,v1424_NewQuestMessage.txz,55655,260,ちょっと迎えに行きたい奴がいるんだよ。\n場所は、[指定色１]カダイフ砂漠[指定色戻し]の[指定色１]後生の門[指定色戻し]だ。\n知ってるだろ？\nっつーわけで、お前が案内役、兼、護衛な。\nこの俺の従者が出来るんだ。\nありがたく思えよな！\n準備が出来たら、すぐ出発するぞ\n,,0,\n|[指定色１]|[指定色戻し]|[指定色１]|[指定色戻し]|\n|\n|\n|\n|\n|\n,pendente,id_jogo=331
v1424_NewQuestMessage.txz:222,v1424_NewQuestMessage.txz,55915,282,私を追って、行方不明になった部下を\n捜索する手伝いを頼めませんか？\n場所は[指定色１]霊峰アブソール[指定色戻し]の[指定色１]山麓　中腹[指定色戻し]と\n大体見当がついています。\n放置しても問題ないとは思うのですが\nそれでは体裁もあまりよくないですし。\nどうです、ご助力いただけませんか\n,,0,\n|\n|[指定色１]|[指定色戻し]|[指定色１]|[指定色戻し]|\n|\n|\n|\n|\n,pendente,id_jogo=332
v1424_NewQuestMessage.txz:223,v1424_NewQuestMessage.txz,56197,240,リカルド・ソルダートという傭兵を探しに\n[指定色１]カダイフ砂漠[指定色戻し]まで行って欲しいの。\n彼の仕事が片付いてから、正式に来船する\n契約だったんだけど、一向に連絡が無くて。\n大丈夫だとは思うけれど、\n様子を見てきてもらえないかしら？\n\n,,0,\n|[指定色１]|[指定色戻し]|\n|\n|\n|\n|\n|\n,pendente,id_jogo=333
v1424_NewQuestMessage.txz:224,v1424_NewQuestMessage.txz,56437,294,ちょっと野暮用が出来ちまったんで\n[指定色１]コンフェイト大森林[指定色戻し]の[指定色１]ヘーゼル村管理地[指定色戻し]まで\nつきあってくれないか。エステル絡みで、\n直接会わなきゃならない奴がいてな。\n全く、あいつもご苦労な事だぜ……。\n都合がいい時で構わねえ、\n手を貸してもらえると助かるんだがな\n,,0,\n|[指定色１]|[指定色戻し]|[指定色１]|[指定色戻し]|\n|\n|\n|\n|\n|\n,pendente,id_jogo=334
v1424_NewQuestMessage.txz:225,v1424_NewQuestMessage.txz,56731,262,俺の大切な妹が、不逞の輩に\nどうやらさらわれちまったらしい！\nくそっ、ちょっと目を離した隙に……って\nボヤいてても仕方ねえ。俺も動いてみるが\nそっちも手を貸してくれねえか？\n[指定色１]カダイフ砂漠[指定色戻し]で妹を見かけたって話を\n聞いたんだが……頼んだぜ！！\n,,0,\n|\n|\n|\n|\n|[指定色１]|[指定色戻し]|\n|\n,pendente,id_jogo=335
v1424_NewQuestMessage.txz:226,v1424_NewQuestMessage.txz,56993,298,消息不明の知人を探して欲しいのです。\nアスベル・ラントというガルバンゾの騎士と\nソフィという少女です。ソフィは多分、\nアスベルと行動を共にしていると思います。\n連絡が取れない状態が続き、心配しています。\n私はこれから[指定色１]シフノ湧泉洞[指定色戻し]で二人を探します。\nどうか、ご協力お願いします\n,,0,\n|\n|\n|\n|\n|[指定色１]|[指定色戻し]|\n|\n,pendente,id_jogo=336
v1424_NewQuestMessage.txz:227,v1424_NewQuestMessage.txz,57291,260,お久しぶりだパン！　小生は謎の人物だパン！\nえっへんパン。参ったパン？\n謎が謎を呼び過ぎてあまり知られてないパン！\nだから、地位向上して、\n世間様に広めて欲しいパン！\n[指定色１]カダイフ砂漠[指定色戻し]で待ってるパン！\nレシピを貰いに、兄貴と来て欲しいパン！\n,,0,\n|\n|\n|\n|\n|[指定色１]|[指定色戻し]|\n|\n,pendente,id_jogo=337
v1424_NewQuestMessage.txz:228,v1424_NewQuestMessage.txz,57551,200,この前はお疲れ様だパン！\nまた、ワンダーパン職人の為に、\nお手伝いをお願いするパン！\n[指定色１]霊峰アブソール[指定色戻し]まで来るパン！\n新しいレシピを取りに来て、\n地位向上のお手伝いをするパン！\n\n,,0,\n|\n|\n|[指定色１]|[指定色戻し]|\n|\n|\n|\n,pendente,id_jogo=338
v1424_NewQuestMessage.txz:229,v1424_NewQuestMessage.txz,57751,200,まだまだ地位向上の\nお手伝いをお願いするパン！\n[指定色１]聖地ラングリース[指定色戻し]で、ひっそりと\n待ってるパン！　必ず来るパン！\n来るまでずっと待ってるパン！\nわかったら、早く来て欲しいパン！\n\n,,0,\n|\n|[指定色１]|[指定色戻し]|\n|\n|\n|\n|\n,pendente,id_jogo=339
v1424_NewQuestMessage.txz:230,v1424_NewQuestMessage.txz,57951,212,この前の事は忘れるパン！\nだから、レシピを取りに来るパン！\n[指定色１]ヴェラトローパ[指定色戻し]で、\n来るのを耳を長くして待ってるパン！\nプププ、パンギャグだパン！\nわかったか、パン！\nいいから、早く来るパン！\n,,0,\n|\n|[指定色１]|[指定色戻し]|\n|\n|\n|\n|\n,pendente,id_jogo=340
v1424_NewQuestMessage.txz:231,v1424_NewQuestMessage.txz,58163,288,ワンダーシェフの真似は、もう止めたパン！\n小生は小生のやり方で、\nパンの素晴らしさを伝えるパン！　ズバリ、\n武闘派料理人として、名声を轟かせるパン！\nその為に、兄貴に決闘を申し込むパン！\n[指定色１]ルバーブ連山[指定色戻し]で、待っているパン！\n怖いからって逃げるなパン！　絶対来るパン！\n,,0,\n|\n|\n|\n|\n|[指定色１]|[指定色戻し]|\n|\n,pendente,id_jogo=341
v1424_NewQuestMessage.txz:232,v1424_NewQuestMessage.txz,58451,202,大変だキュ！\n発明家のポッポが、素材を探しに\n行ったまま、帰ってこないキュ！\n心配だキュ！　心配だキュ〜〜〜〜！！！\n誰か、[指定色１]ルバーブ連山[指定色戻し]まで、\nポッポを探しに行って欲しいキュ！\n\n,,0,\n|\n|\n|\n|[指定色１]|[指定色戻し]|\n|\n|\n,pendente,id_jogo=342
v1424_NewQuestMessage.txz:233,v1424_NewQuestMessage.txz,58653,224,強化の為に必要な道具が欲しいキュ！\n誰か探して欲しいキュ！\nそれがあれば、さらに新しい強化が\n出来る様になるキュ！\n[指定色１]ブラウニー坑道[指定色戻し]の[指定色１]２層[指定色戻し]から\n＜青宝箱＞を持って来て欲しいキュ！\n\n,,0,\n|\n|\n|\n|[指定色１]|[指定色戻し]|[指定色１]|[指定色戻し]|\n|\n|\n,pendente,id_jogo=343
v1424_NewQuestMessage.txz:234,v1424_NewQuestMessage.txz,58877,226,強化の為に必要な道具が欲しいキュ！\n誰か探して欲しいキュ！\nそれがあれば、さらに新しい強化が\n出来る様になるキュ！\n[指定色１]オルタータ火山[指定色戻し]の[指定色１]上層部[指定色戻し]から\n＜青宝箱＞を持って来て欲しいキュ！\n\n,,0,\n|\n|\n|\n|[指定色１]|[指定色戻し]|[指定色１]|[指定色戻し]|\n|\n|\n,pendente,id_jogo=344
v1424_NewQuestMessage.txz:235,v1424_NewQuestMessage.txz,59103,278,強化の為に必要な道具が欲しいキュ！\n誰か探して欲しいキュ！\nそれがあれば、さらに新しい強化が\n出来る様になるキュ！\n[指定色１]ヴェラトローパ[指定色戻し]の[指定色１]エリア・チトリニ[指定色戻し]か\n[指定色１]エリア・ヤシャス[指定色戻し]から、＜青宝箱＞を\n持って来て欲しいキュ！\n,,0,\n|\n|\n|\n|[指定色１]|[指定色戻し]|[指定色１]|[指定色戻し]|\n|[指定色１]|[指定色戻し]|\n|\n,pendente,id_jogo=345
v1424_NewQuestMessage.txz:236,v1424_NewQuestMessage.txz,59381,246,強化の為に必要な道具が欲しいキュ！\n誰か探して欲しいキュ！\nそれがあれば、さらに新しい強化が\n出来る様になるキュ！\n[指定色１]聖地ラングリース[指定色戻し]の[指定色１]ボルテックス・トップ方面[指定色戻し]から\n＜青宝箱＞を持って来て欲しいキュ！\n\n,,0,\n|\n|\n|\n|[指定色１]|[指定色戻し]|[指定色１]|[指定色戻し]|\n|\n|\n,pendente,id_jogo=346
v1424_NewQuestMessage.txz:237,v1424_NewQuestMessage.txz,59627,250,コーダ、夢を見たんだな、しかし。\n＜青宝箱＞が[指定色１]ルバーブ連山[指定色戻し]の\n[指定色１]峠ルート[指定色戻し]か[指定色１]高原ルート[指定色戻し]に落ちていたのだ。\nんー、コーダは運命を感じるんだな、しかし。\nだから、探しに行ってきて欲しいぞ\n\n\n,,0,\n|[指定色１]|[指定色戻し]|\n|[指定色１]|[指定色戻し]|[指定色１]|[指定色戻し]|\n|\n|\n|\n|\n,pendente,id_jogo=347
v1424_NewQuestMessage.txz:238,v1424_NewQuestMessage.txz,59877,308,コーダ、夢を見たんだな、しかし。\n＜青宝箱＞が[指定色１]コンフェイト大森林[指定色戻し]の\n[指定色１]平地林部[指定色戻し]か[指定色１]ヘーゼル村管理地[指定色戻し]、\n[指定色１]ヘーゼル村星晶採掘地跡[指定色戻し]に落ちていたのだ。\nんー、コーダは運命を感じるんだな、しかし。\nだから、探しに行ってきて欲しいぞ\n\n,,0,\n|[指定色１]|[指定色戻し]|\n|[指定色１]|[指定色戻し]|[指定色１]|[指定色戻し]|\n|[指定色１]|[指定色戻し]|\n|\n|\n|\n,pendente,id_jogo=348
v1424_NewQuestMessage.txz:239,v1424_NewQuestMessage.txz,60185,241,コーダ、夢を見たんだな、しかし。\n＜青宝箱＞が[指定色１]ブラウニー坑道[指定色戻し]の\n[指定色１]1層[指定色戻し]か[指定色１]２層[指定色戻し]に落ちていたのだ。\nんー、コーダは運命を感じるんだな、しかし。\nだから、探しに行ってきて欲しいぞ\n\n\n,,0,\n|[指定色１]|[指定色戻し]|\n|[指定色１]|[指定色戻し]|[指定色１]|[指定色戻し]|\n|\n|\n|\n|\n,pendente,id_jogo=349
v1424_NewQuestMessage.txz:240,v1424_NewQuestMessage.txz,60426,216,コーダ、夢を見たんだな、しかし。\n＜青宝箱＞が[指定色１]オルタータ火山[指定色戻し]の\n[指定色１]上層部[指定色戻し]に落ちていたのだ。\nんー、コーダは運命を感じるんだな、しかし。\nだから、探しに行ってきて欲しいぞ\n\n\n,,0,\n|[指定色１]|[指定色戻し]|\n|[指定色１]|[指定色戻し]|\n|\n|\n|\n|\n,pendente,id_jogo=350
v1424_NewQuestMessage.txz:241,v1424_NewQuestMessage.txz,60642,224,コーダ、夢を見たんだな、しかし。\n＜青宝箱＞が[指定色１]カダイフ砂漠[指定色戻し]の\n[指定色１]中央オアシス方面[指定色戻し]に落ちていたのだ。\nんー、コーダは運命を感じるんだな、しかし。\nだから、探しに行ってきて欲しいぞ\n\n\n,,0,\n|[指定色１]|[指定色戻し]|\n|[指定色１]|[指定色戻し]|\n|\n|\n|\n|\n,pendente,id_jogo=351
v1424_NewQuestMessage.txz:242,v1424_NewQuestMessage.txz,60866,220,コーダ、夢を見たんだな、しかし。\n＜青宝箱＞が[指定色１]アルマナック遺跡[指定色戻し]の\n[指定色１]西ルート[指定色戻し]に落ちていたのだ。\nんー、コーダは運命を感じるんだな、しかし。\nだから、探しに行ってきて欲しいぞ\n\n\n,,0,\n|[指定色１]|[指定色戻し]|\n|[指定色１]|[指定色戻し]|\n|\n|\n|\n|\n,pendente,id_jogo=352
v1424_NewQuestMessage.txz:243,v1424_NewQuestMessage.txz,61086,220,コーダ、夢を見たんだな、しかし。\n＜青宝箱＞が[指定色１]霊峰アブソール[指定色戻し]の\n[指定色１]山頂ルート[指定色戻し]に落ちていたのだ。\nんー、コーダは運命を感じるんだな、しかし。\nだから、探しに行ってきて欲しいぞ\n\n\n,,0,\n|[指定色１]|[指定色戻し]|\n|[指定色１]|[指定色戻し]|\n|\n|\n|\n|\n,pendente,id_jogo=353
v1424_NewQuestMessage.txz:244,v1424_NewQuestMessage.txz,61306,186,コーダ、夢を見たんだな、しかし。\n＜青宝箱＞が\n[指定色１]ヴェラトローパ[指定色戻し]に落ちていたのだ。\nんー、コーダは運命を感じるんだな、しかし。\nだから、探しに行ってきて欲しいぞ\n\n\n,,0,\n|\n|[指定色１]|[指定色戻し]|\n|\n|\n|\n|\n,pendente,id_jogo=354
v1424_NewQuestMessage.txz:245,v1424_NewQuestMessage.txz,61492,244,コーダ、夢を見たんだな、しかし。\n＜青宝箱＞が[指定色１]シフノ湧泉洞[指定色戻し]の\n[指定色１]汽水域[指定色戻し]か[指定色１]中層域[指定色戻し]に落ちていたのだ。\nんー、コーダは運命を感じるんだな、しかし。\nだから、探しに行ってきて欲しいぞ\n\n\n,,0,\n|[指定色１]|[指定色戻し]|\n|[指定色１]|[指定色戻し]|[指定色１]|[指定色戻し]|\n|\n|\n|\n|\n,pendente,id_jogo=355
v1424_NewQuestMessage.txz:246,v1424_NewQuestMessage.txz,61736,296,コーダ、夢を見たんだな、しかし。\n＜青宝箱＞が[指定色１]聖地ラングリース[指定色戻し]の\n[指定色１]ボルテックス・トップ方面[指定色戻し]か、さらに奥の\n[指定色１]ボルテックス・ボトム方面[指定色戻し]に落ちていたのだ。\nんー、コーダは運命を感じるんだな、しかし。\nだから、探しに行ってきて欲しいぞ\n\n,,0,\n|[指定色１]|[指定色戻し]|\n|[指定色１]|[指定色戻し]|\n|[指定色１]|[指定色戻し]|\n|\n|\n|\n,pendente,id_jogo=356
v1424_NewQuestMessage.txz:247,v1424_NewQuestMessage.txz,62032,8243,コーダ、夢を見たんだな、しかし。\n＜青宝箱＞が[指定色１]エラン・ヴィタール[指定色戻し]の\n[指定色１]スペクトルΔ−西の虚[指定色戻し]に落ちていたのだ。\nんー、コーダは運命を感じるんだな、しかし。\nだから、探しに行ってきて欲しいぞ\n\n\nて欲しいぞ\n\n\n\n\n。\nんー、コーダは運命を感じるんだな、しかし。\nだから、探しに行ってきて欲しいぞ\n\n\nのだ。\nんー、コーダは運命を感じるんだな、しかし。\nだから、探しに行ってきて欲しいぞ\n\n\nコーダ、夢を見たんだな、しかし。\n＜青宝箱＞が[指定色１]エラン・ヴィタール[指定色戻し]の\n[指定色１]スペクトルΔ−西の虚[指定色戻し]に落ちていたのだ。\nんー、コーダは運命を感じるんだな、しかし。\nだから、探しに行ってきて欲しいぞ\n\n\n行ってきて欲しいぞ\n\n\n行ってきて欲しいぞ\n\n\nﾞらをこらしめて欲しいって依頼。\n向こうの手勢はあまり多くない様だから\nあなた一人に、個人的にお願いしたいな。\nそんなに難しい依頼じゃないと思うけど……\nどうかな？　引き受けてもらえない？\nは〜い、セネセネ〜〜〜！\nなんか、新しいギルドに\n拾ってもらったって聞いたけど、どゆ事？\n抜け駆けは許さないんだからね〜！\nつーことで、[指定色１]ブラウニー坑道[指定色戻し]で待ってるから\n迎えに来てね♪　絶対、来てよね♪♪\nお宝採掘して待ってるから〜〜！\nポッポだキュ！\n突然だけど、お願いがあるキュ。\n[指定色１]ルバーブ連山[指定色戻し]で、モフモフ族の為に\n素材を集めてくれてる仲間を\n迎えに行って欲しいんだキュ！\nあそこは強い魔物が一杯で\n心配だキュ……だから、お願いだキュ\nちょっと迎えに行きたい奴がいるんだよ。\n場所は、[指定色１]カダイフ砂漠[指定色戻し]の[指定色１]後生の門[指定色戻し]だ。\n知ってるだろ？\nっつーわけで、お前が案内役、兼、護衛な。\nこの俺の従者が出来るんだ。\nありがたく思えよな！\n準備が出来たら、すぐ出発するぞ\n私を追って、行方不明になった部下を\n捜索する手伝いを頼めませんか？\n場所は[指定色１]霊峰アブソール[指定色戻し]の[指定色１]山麓　中腹[指定色戻し]と\n大体見当がついています。\n放置しても問題ないとは思うのですが\nそれでは体裁もあまりよくないですし。\nどうです、ご助力いただけませんか\nリカルド・ソルダートという傭兵を探しに\n[指定色１]カダイフ砂漠[指定色戻し]まで行って欲しいの。\n彼の仕事が片付いてから、正式に来船する\n契約だったんだけど、一向に連絡が無くて。\n大丈夫だとは思うけれど、\n様子を見てきてもらえないかしら？\n\nちょっと野暮用が出来ちまったんで\n[指定色１]コンフェイト大森林[指定色戻し]の[指定色１]ヘーゼル村管理地[指定色戻し]まで\nつきあってくれないか。エステル絡みで、\n直接会わなきゃならない奴がいてな。\n全く、あいつもご苦労な事だぜ……。\n都合がいい時で構わねえ、\n手を貸してもらえると助かるんだがな\n俺の大切な妹が、不逞の輩に\nどうやらさらわれちまったらしい！\nくそっ、ちょっと目を離した隙に……って\nボヤいてても仕方ねえ。俺も動いてみるが\nそっちも手を貸してくれねえか？\n[指定色１]カダイフ砂漠[指定色戻し]で妹を見かけたって話を\n聞いたんだが……頼んだぜ！！\n消息不明の知人を探して欲しいのです。\nアスベル・ラントというガルバンゾの騎士と\nソフィという少女です。ソフィは多分、\nアスベルと行動を共にしていると思います。\n連絡が取れない状態が続き、心配しています。\n私はこれから[指定色１]シフノ湧泉洞[指定色戻し]で二人を探します。\nどうか、ご協力お願いします\nお久しぶりだパン！　小生は謎の人物だパン！\nえっへんパン。参ったパン？\n謎が謎を呼び過ぎてあまり知られてないパン！\nだから、地位向上して、\n世間様に広めて欲しいパン！\n[指定色１]カダイフ砂漠[指定色戻し]で待ってるパン！\nレシピを貰いに、兄貴と来て欲しいパン！\nこの前はお疲れ様だパン！\nまた、ワンダーパン職人の為に、\nお手伝いをお願いするパン！\n[指定色１]霊峰アブソール[指定色戻し]まで来るパン！\n新しいレシピを取りに来て、\n地位向上のお手伝いをするパン！\n\nまだまだ地位向上の\nお手伝いをお願いするパン！\n[指定色１]聖地ラングリース[指定色戻し]で、ひっそりと\n待ってるパン！　必ず来るパン！\n来るまでずっと待ってるパン！\nわかったら、早く来て欲しいパン！\n\nこの前の事は忘れるパン！\nだから、レシピを取りに来るパン！\n[指定色１]ヴェラトローパ[指定色戻し]で、\n来るのを耳を長くして待ってるパン！\nプププ、パンギャグだパン！\nわかったか、パン！\nいいから、早く来るパン！\nワンダーシェフの真似は、もう止めたパン！\n小生は小生のやり方で、\nパンの素晴らしさを伝えるパン！　ズバリ、\n武闘派料理人として、名声を轟かせるパン！\nその為に、兄貴に決闘を申し込むパン！\n[指定色１]ルバーブ連山[指定色戻し]で、待っているパン！\n怖いからって逃げるなパン！　絶対来るパン！\n大変だキュ！\n発明家のポッポが、素材を探しに\n行ったまま、帰ってこないキュ！\n心配だキュ！　心配だキュ〜〜〜〜！！！\n誰か、[指定色１]ルバーブ連山[指定色戻し]まで、\nポッポを探しに行って欲しいキュ！\n\n武器強化の為に必要な道具が欲しいキュ！\n誰か探して欲しいキュ！\nそれがあれば、さらに新しい強化が\n出来る様になるキュ！\n[指定色１]ブラウニー坑道[指定色戻し]の[指定色１]２層[指定色戻し]で\n[指定色１]＜青宝箱＞[指定色戻し]を持って来て欲しいキュ！\n\n武器強化の為に必要な道具が欲しいキュ！\n誰か探して欲しいキュ！\nそれがあれば、さらに新しい強化が\n出来る様になるキュ！\n[指定色１]オルタータ火山[指定色戻し]の[指定色１]上層部[指定色戻し]で\n[指定色１]＜青宝箱＞[指定色戻し]を持って来て欲しいキュ！\n\n武器強化の為に必要な道具が欲しいキュ！\n誰か探して欲しいキュ！\nそれがあれば、さらに新しい強化が\n出来る様になるキュ！\n[指定色１]ヴェラトローパ[指定色戻し]の[指定色１]奥エリア[指定色戻し]か、[指定色１]風の長廊[指定色戻し]で\n[指定色１]＜青宝箱＞[指定色戻し]を持って来て欲しいキュ！\n\n武器強化の為に必要な道具が欲しいキュ！\n誰か探して欲しいキュ！\nそれがあれば、さらに新しい強化が\n出来る様になるキュ！\n[指定色１]聖地ラングリース[指定色戻し]の[指定色１]浅瀬[指定色戻し]で\n[指定色１]＜青宝箱＞[指定色戻し]を持って来て欲しいキュ！\n\nコーダ、夢を見たんだな、しかし。\n[指定色１]＜青宝箱＞[指定色戻し]が[指定色１]ルバーブ連山[指定色戻し]の\n[指定色１]峠ルート[指定色戻し]か[指定色１]高原ルート[指定色戻し]に落ちていたのだ。\nんー、コーダは運命を感じるんだな、しかし。\nだから、探しに行ってきて欲しいぞ\n\n\nコーダ、夢を見たんだな、しかし。\n[指定色１]＜青宝箱＞[指定色戻し]が[指定色１]コンフェイト大森林[指定色戻し]の\n[指定色１]平地林部[指定色戻し]か[指定色１]ヘーゼル村管理地[指定色戻し]、\n[指定色１]ヘーゼル村星晶採掘地跡[指定色戻し]に落ちていたのだ。\nんー、コーダは運命を感じるんだな、しかし。\nだから、探しに行ってきて欲しいぞ\n\nコーダ、夢を見たんだな、しかし。\n[指定色１]＜青宝箱＞[指定色戻し]が[指定色１]ブラウニー坑道[指定色戻し]の\n[指定色１]1層[指定色戻し]か[指定色１]２層[指定色戻し]に落ちていたのだ。\nんー、コーダは運命を感じるんだな、しかし。\nだから、探しに行ってきて欲しいぞ\n\n\nコーダ、夢を見たんだな、しかし。\n[指定色１]＜青宝箱＞[指定色戻し]が[指定色１]オルタータ火山[指定色戻し]の\n[指定色１]上層部[指定色戻し]に落ちていたのだ。\nんー、コーダは運命を感じるんだな、しかし。\nだから、探しに行ってきて欲しいぞ\n\n\nコーダ、夢を見たんだな、しかし。\n[指定色１]＜青宝箱＞[指定色戻し]が[指定色１]カダイフ砂漠[指定色戻し]の\n[指定色１]中央オアシス方面[指定色戻し]に落ちていたのだ。\nんー、コーダは運命を感じるんだな、しかし。\nだから、探しに行ってきて欲しいぞ\n\n\nコーダ、夢を見たんだな、しかし。\n[指定色１]＜青宝箱＞[指定色戻し]が[指定色１]アルマナック遺跡[指定色戻し]の\n[指定色１]西ルート[指定色戻し]に落ちていたのだ。\nんー、コーダは運命を感じるんだな、しかし。\nだから、探しに行ってきて欲しいぞ\n\n\nコーダ、夢を見たんだな、しかし。\n[指定色１]＜青宝箱＞[指定色戻し]が[指定色１]霊峰アブソール[指定色戻し]の\n[指定色１]山頂ルート[指定色戻し]に落ちていたのだ。\nんー、コーダは運命を感じるんだな、しかし。\nだから、探しに行ってきて欲しいぞ\n\n\nコーダ、夢を見たんだな、しかし。\n[指定色１]＜青宝箱＞[指定色戻し]が\n[指定色１]ヴェラトローパ[指定色戻し]に落ちていたのだ。\nんー、コーダは運命を感じるんだな、しかし。\nだから、探しに行ってきて欲しいぞ\n\n\nコーダ、夢を見たんだな、しかし。\n[指定色１]＜青宝箱＞[指定色戻し]が[指定色１]シフノ湧泉洞[指定色戻し]の\n[指定色１]汽水域[指定色戻し]か[指定色１]中層域[指定色戻し]に落ちていたのだ。\nんー、コーダは運命を感じるんだな、しかし。\nだから、探しに行ってきて欲しいぞ\n\n\nコーダ、夢を見たんだな、しかし。\n[指定色１]＜青宝箱＞[指定色戻し]が[指定色１]聖地ラングリース[指定色戻し]の\n[指定色１]浅瀬[指定色戻し]か[指定色１]奥地[指定色戻し]に落ちていたのだ。\nんー、コーダは運命を感じるんだな、しかし。\nだから、探しに行ってきて欲しいぞ\n\n\nコーダ、夢を見たんだな、しかし。\n[指定色１]＜青宝箱＞[指定色戻し]が[指定色１]エラン・ヴィタール[指定色戻し]の\n[指定色１]スペクトルΔ−西の虚[指定色戻し]に落ちていたのだ。\nんー、コーダは運命を感じるんだな、しかし。\nだから、探しに行ってきて欲しいぞ\n\n\nn,,0,\n|[指定色１]|[指定色戻し]|\n|[指定色１]|[指定色戻し]|\n|\n|\n|\n|\n|\n|\n|\n|\n|\n|\n|\n|\n|\n|\n|\n|\n|\n|\n|\n|\n|[指定色１]|[指定色戻し]|\n|[指定色１]|[指定色戻し]|\n|\n|\n|\n|\n|\n|\n|\n|\n|\n|\n|\n|\n|\n|\n|\n|\n|\n|\n|\n|[指定色１]|[指定色戻し]|\n|\n|\n|\n|\n|[指定色１]|[指定色戻し]|\n|\n|\n|\n|\n|\n|[指定色１]|[指定色戻し]|[指定色１]|[指定色戻し]|\n|\n|\n|\n|\n|\n|\n|\n|[指定色１]|[指定色戻し]|[指定色１]|[指定色戻し]|\n|\n|\n|\n|\n|\n|[指定色１]|[指定色戻し]|\n|\n|\n|\n|\n|\n|\n|[指定色１]|[指定色戻し]|[指定色１]|[指定色戻し]|\n|\n|\n|\n|\n|\n|\n|\n|\n|\n|\n|[指定色１]|[指定色戻し]|\n|\n|\n|\n|\n|\n|\n|[指定色１]|[指定色戻し]|\n|\n|\n|\n|\n|\n|\n|[指定色１]|[指定色戻し]|\n|\n|\n|\n|\n|[指定色１]|[指定色戻し]|\n|\n|\n|\n|\n|\n|[指定色１]|[指定色戻し]|\n|\n|\n|\n|\n|\n|\n|[指定色１]|[指定色戻し]|\n|\n|\n|\n|\n|\n|\n|\n|\n|\n|[指定色１]|[指定色戻し]|\n|\n|\n|\n|\n|\n|[指定色１]|[指定色戻し]|\n|\n|\n|\n|\n|\n|\n|[指定色１]|[指定色戻し]|[指定色１]|[指定色戻し]|\n|[指定色１]|[指定色戻し]|\n|\n|\n|\n|\n|\n|[指定色１]|[指定色戻し]|[指定色１]|[指定色戻し]|\n|[指定色１]|[指定色戻し]|\n|\n|\n|\n|\n|\n|[指定色１]|[指定色戻し]|[指定色１]|[指定色戻し]|[指定色１]|[指定色戻し]|\n|[指定色１]|[指定色戻し]|\n|\n|\n|\n|\n|\n|[指定色１]|[指定色戻し]|[指定色１]|[指定色戻し]|\n|[指定色１]|[指定色戻し]|\n|\n|\n|[指定色１]|[指定色戻し]|[指定色１]|[指定色戻し]|\n|[指定色１]|[指定色戻し]|[指定色１]|[指定色戻し]|\n|\n|\n|\n|\n|\n|[指定色１]|[指定色戻し]|[指定色１]|[指定色戻し]|\n|[指定色１]|[指定色戻し]|[指定色１]|[指定色戻し]|\n|[指定色１]|[指定色戻し]|\n|\n|\n|\n|\n|[指定色１]|[指定色戻し]|[指定色１]|[指定色戻し]|\n|[指定色１]|[指定色戻し]|[指定色１]|[指定色戻し]|\n|\n|\n|\n|\n|\n|[指定色１]|[指定色戻し]|[指定色１]|[指定色戻し]|\n|[指定色１]|[指定色戻し]|\n|\n|\n|\n|\n|\n|[指定色１]|[指定色戻し]|[指定色１]|[指定色戻し]|\n|[指定色１]|[指定色戻し]|\n|\n|\n|\n|\n|\n|[指定色１]|[指定色戻し]|[指定色１]|[指定色戻し]|\n|[指定色１]|[指定色戻し]|\n|\n|\n|\n|\n|\n|[指定色１]|[指定色戻し]|[指定色１]|[指定色戻し]|\n|[指定色１]|[指定色戻し]|\n|\n|\n|\n|\n|\n|[指定色１]|[指定色戻し]|\n|[指定色１]|[指定色戻し]|\n|\n|\n|\n|\n|\n|[指定色１]|[指定色戻し]|[指定色１]|[指定色戻し]|\n|[指定色１]|[指定色戻し]|[指定色１]|[指定色戻し]|\n|\n|\n|\n|\n|\n|[指定色１]|[指定色戻し]|[指定色１]|[指定色戻し]|\n|[指定色１]|[指定色戻し]|[指定色１]|[指定色戻し]|\n|\n|\n|\n|\n|\n|[指定色１]|[指定色戻し]|[指定色１]|[指定色戻し]|\n|[指定色１]|[指定色戻し]|\n|\n|\n|\n|\n,pendente,id_jogo=357
v1424_NewQuestTitle.txz:0,v1424_NewQuestTitle.txz,1988,24,ヘーゼル村の者との接触\n,,0,\n,pendente,id_jogo=1
v1424_NewQuestTitle.txz:1,v1424_NewQuestTitle.txz,2012,22,星晶採掘跡地への調査\n,,0,\n,pendente,id_jogo=2
v1424_NewQuestTitle.txz:2,v1424_NewQuestTitle.txz,2034,24,続・星晶採掘跡地の調査\n,,0,\n,pendente,id_jogo=3
v1424_NewQuestTitle.txz:3,v1424_NewQuestTitle.txz,2058,22,病を治す不思議な存在\n,,0,\n,pendente,id_jogo=4
v1424_NewQuestTitle.txz:4,v1424_NewQuestTitle.txz,2080,12,魔物の搬送\n,,0,\n,pendente,id_jogo=5
v1424_NewQuestTitle.txz:5,v1424_NewQuestTitle.txz,2092,20,ミブナの里へ向かえ\n,,0,\n,pendente,id_jogo=6
v1424_NewQuestTitle.txz:6,v1424_NewQuestTitle.txz,2112,18,願いを叶える存在\n,,0,\n,pendente,id_jogo=7
v1424_NewQuestTitle.txz:7,v1424_NewQuestTitle.txz,2130,16,暁の従者、潜む\n,,0,\n,pendente,id_jogo=8
v1424_NewQuestTitle.txz:8,v1424_NewQuestTitle.txz,2146,16,雪山の中の精霊\n,,0,\n,pendente,id_jogo=9
v1424_NewQuestTitle.txz:9,v1424_NewQuestTitle.txz,2162,22,ヘーゼル村の民を救え\n,,0,\n,pendente,id_jogo=10
v1424_NewQuestTitle.txz:10,v1424_NewQuestTitle.txz,2184,20,創世の時を知るモノ\n,,0,\n,pendente,id_jogo=11
v1424_NewQuestTitle.txz:11,v1424_NewQuestTitle.txz,2204,10,空色の石\n,,0,\n,pendente,id_jogo=12
v1424_NewQuestTitle.txz:12,v1424_NewQuestTitle.txz,2214,20,世界に向けられた牙\n,,0,\n,pendente,id_jogo=13
v1424_NewQuestTitle.txz:13,v1424_NewQuestTitle.txz,2234,14,化石の思い出\n,,0,\n,pendente,id_jogo=14
v1424_NewQuestTitle.txz:14,v1424_NewQuestTitle.txz,2248,16,ニアタとの再会\n,,0,\n,pendente,id_jogo=15
v1424_NewQuestTitle.txz:15,v1424_NewQuestTitle.txz,2264,18,雪山に継がれた命\n,,0,\n,pendente,id_jogo=16
v1424_NewQuestTitle.txz:16,v1424_NewQuestTitle.txz,2282,18,水の上をすべる花\n,,0,\n,pendente,id_jogo=17
v1424_NewQuestTitle.txz:17,v1424_NewQuestTitle.txz,2300,10,砂漠の命\n,,0,\n,pendente,id_jogo=18
v1424_NewQuestTitle.txz:18,v1424_NewQuestTitle.txz,2310,22,記憶の底　始まりの時\n,,0,\n,pendente,id_jogo=19
v1424_NewQuestTitle.txz:19,v1424_NewQuestTitle.txz,2332,16,宙からの贈り物\n,,0,\n,pendente,id_jogo=20
v1424_NewQuestTitle.txz:20,v1424_NewQuestTitle.txz,2348,12,希望の灯火\n,,0,\n,pendente,id_jogo=21
v1424_NewQuestTitle.txz:21,v1424_NewQuestTitle.txz,2360,18,命の欠片を集めて\n,,0,\n,pendente,id_jogo=22
v1424_NewQuestTitle.txz:22,v1424_NewQuestTitle.txz,2378,20,封印次元を展開せよ\n,,0,\n,pendente,id_jogo=23
v1424_NewQuestTitle.txz:23,v1424_NewQuestTitle.txz,2398,18,生命の躍動の中へ\n,,0,\n,pendente,id_jogo=24
v1424_NewQuestTitle.txz:24,v1424_NewQuestTitle.txz,2416,20,ソーサラーリング１\n,,0,\n,pendente,id_jogo=25
v1424_NewQuestTitle.txz:25,v1424_NewQuestTitle.txz,2436,20,ソーサラーリング２\n,,0,\n,pendente,id_jogo=26
v1424_NewQuestTitle.txz:26,v1424_NewQuestTitle.txz,2456,14,黒宝玉の帰還\n,,0,\n,pendente,id_jogo=27
v1424_NewQuestTitle.txz:27,v1424_NewQuestTitle.txz,2470,20,霊峰に隠された秘密\n,,0,\n,pendente,id_jogo=28
v1424_NewQuestTitle.txz:28,v1424_NewQuestTitle.txz,2490,14,退治のやり方\n,,0,\n,pendente,id_jogo=29
v1424_NewQuestTitle.txz:29,v1424_NewQuestTitle.txz,2504,14,採掘のやり方\n,,0,\n,pendente,id_jogo=30
v1424_NewQuestTitle.txz:30,v1424_NewQuestTitle.txz,2518,10,入隊試験\n,,0,\n,pendente,id_jogo=31
v1424_NewQuestTitle.txz:31,v1424_NewQuestTitle.txz,2528,14,新人への洗礼\n,,0,\n,pendente,id_jogo=101
v1424_NewQuestTitle.txz:32,v1424_NewQuestTitle.txz,2542,18,カエルになる一族\n,,0,\n,pendente,id_jogo=102
v1424_NewQuestTitle.txz:33,v1424_NewQuestTitle.txz,2560,14,コウモリの山\n,,0,\n,pendente,id_jogo=103
v1424_NewQuestTitle.txz:34,v1424_NewQuestTitle.txz,2574,8,銭聖戦\n,,0,\n,pendente,id_jogo=104
v1424_NewQuestTitle.txz:35,v1424_NewQuestTitle.txz,2582,16,ウルフよさらば\n,,0,\n,pendente,id_jogo=105
v1424_NewQuestTitle.txz:36,v1424_NewQuestTitle.txz,2598,18,有料ボランティア\n,,0,\n,pendente,id_jogo=106
v1424_NewQuestTitle.txz:37,v1424_NewQuestTitle.txz,2616,14,ヤツを探せ！\n,,0,\n,pendente,id_jogo=107
v1424_NewQuestTitle.txz:38,v1424_NewQuestTitle.txz,2630,12,救世主伝説\n,,0,\n,pendente,id_jogo=108
v1424_NewQuestTitle.txz:39,v1424_NewQuestTitle.txz,2642,16,新人らしいミス\n,,0,\n,pendente,id_jogo=109
v1424_NewQuestTitle.txz:40,v1424_NewQuestTitle.txz,2658,14,雷鳥よ永遠に\n,,0,\n,pendente,id_jogo=110
v1424_NewQuestTitle.txz:41,v1424_NewQuestTitle.txz,2672,10,世界滅亡\n,,0,\n,pendente,id_jogo=111
v1424_NewQuestTitle.txz:42,v1424_NewQuestTitle.txz,2682,10,鉱員と骨\n,,0,\n,pendente,id_jogo=112
v1424_NewQuestTitle.txz:43,v1424_NewQuestTitle.txz,2692,12,沈黙の発生\n,,0,\n,pendente,id_jogo=113
v1424_NewQuestTitle.txz:44,v1424_NewQuestTitle.txz,2704,12,鮮度が大事\n,,0,\n,pendente,id_jogo=114
v1424_NewQuestTitle.txz:45,v1424_NewQuestTitle.txz,2716,6,孤独\n,,0,\n,pendente,id_jogo=115
v1424_NewQuestTitle.txz:46,v1424_NewQuestTitle.txz,2722,16,侵入者に制裁を\n,,0,\n,pendente,id_jogo=116
v1424_NewQuestTitle.txz:47,v1424_NewQuestTitle.txz,2738,18,轟け！マニア魂！\n,,0,\n,pendente,id_jogo=117
v1424_NewQuestTitle.txz:48,v1424_NewQuestTitle.txz,2756,16,沈黙のコウモリ\n,,0,\n,pendente,id_jogo=118
v1424_NewQuestTitle.txz:49,v1424_NewQuestTitle.txz,2772,12,害虫を駆除\n,,0,\n,pendente,id_jogo=119
v1424_NewQuestTitle.txz:50,v1424_NewQuestTitle.txz,2784,12,世界の黄昏\n,,0,\n,pendente,id_jogo=120
v1424_NewQuestTitle.txz:51,v1424_NewQuestTitle.txz,2796,16,天空のお婆さん\n,,0,\n,pendente,id_jogo=121
v1424_NewQuestTitle.txz:52,v1424_NewQuestTitle.txz,2812,18,食糧倉庫を守れ！\n,,0,\n,pendente,id_jogo=122
v1424_NewQuestTitle.txz:53,v1424_NewQuestTitle.txz,2830,12,沈黙の軍団\n,,0,\n,pendente,id_jogo=123
v1424_NewQuestTitle.txz:54,v1424_NewQuestTitle.txz,2842,12,新人の躓き\n,,0,\n,pendente,id_jogo=124
v1424_NewQuestTitle.txz:55,v1424_NewQuestTitle.txz,2854,16,一人ピクニック\n,,0,\n,pendente,id_jogo=125
v1424_NewQuestTitle.txz:56,v1424_NewQuestTitle.txz,2870,14,銭が弾ける日\n,,0,\n,pendente,id_jogo=126
v1424_NewQuestTitle.txz:57,v1424_NewQuestTitle.txz,2884,12,沈黙の集団\n,,0,\n,pendente,id_jogo=127
v1424_NewQuestTitle.txz:58,v1424_NewQuestTitle.txz,2896,22,鉱員はどっちに出てる\n,,0,\n,pendente,id_jogo=128
v1424_NewQuestTitle.txz:59,v1424_NewQuestTitle.txz,2918,12,礼儀を刻め\n,,0,\n,pendente,id_jogo=129
v1424_NewQuestTitle.txz:60,v1424_NewQuestTitle.txz,2930,16,雪男は獣人か？\n,,0,\n,pendente,id_jogo=130
v1424_NewQuestTitle.txz:61,v1424_NewQuestTitle.txz,2946,24,モンスター＆ウォーター\n,,0,\n,pendente,id_jogo=131
v1424_NewQuestTitle.txz:62,v1424_NewQuestTitle.txz,2970,14,激突お婆さん\n,,0,\n,pendente,id_jogo=132
v1424_NewQuestTitle.txz:63,v1424_NewQuestTitle.txz,2984,16,彼と出会う為に\n,,0,\n,pendente,id_jogo=133
v1424_NewQuestTitle.txz:64,v1424_NewQuestTitle.txz,3000,20,湯豆腐を求めた叫び\n,,0,\n,pendente,id_jogo=134
v1424_NewQuestTitle.txz:65,v1424_NewQuestTitle.txz,3020,14,マッスル鉱員\n,,0,\n,pendente,id_jogo=135
v1424_NewQuestTitle.txz:66,v1424_NewQuestTitle.txz,3034,10,文明崩壊\n,,0,\n,pendente,id_jogo=136
v1424_NewQuestTitle.txz:67,v1424_NewQuestTitle.txz,3044,12,春雨の歯車\n,,0,\n,pendente,id_jogo=137
v1424_NewQuestTitle.txz:68,v1424_NewQuestTitle.txz,3056,14,再会に向けて\n,,0,\n,pendente,id_jogo=138
v1424_NewQuestTitle.txz:69,v1424_NewQuestTitle.txz,3070,10,世界消滅\n,,0,\n,pendente,id_jogo=139
v1424_NewQuestTitle.txz:70,v1424_NewQuestTitle.txz,3080,20,燃えよ！マニア魂！\n,,0,\n,pendente,id_jogo=140
v1424_NewQuestTitle.txz:71,v1424_NewQuestTitle.txz,3100,6,復仇\n,,0,\n,pendente,id_jogo=141
v1424_NewQuestTitle.txz:72,v1424_NewQuestTitle.txz,3106,12,沈黙の怪物\n,,0,\n,pendente,id_jogo=142
v1424_NewQuestTitle.txz:73,v1424_NewQuestTitle.txz,3118,16,最後のお婆さん\n,,0,\n,pendente,id_jogo=143
v1424_NewQuestTitle.txz:74,v1424_NewQuestTitle.txz,3134,18,悟れ！マニア魂！\n,,0,\n,pendente,id_jogo=144
v1424_NewQuestTitle.txz:75,v1424_NewQuestTitle.txz,3152,18,愛羅武勇、ＯＫ？\n,,0,\n,pendente,id_jogo=145
v1424_NewQuestTitle.txz:76,v1424_NewQuestTitle.txz,3170,12,お粥の神様\n,,0,\n,pendente,id_jogo=146
v1424_NewQuestTitle.txz:77,v1424_NewQuestTitle.txz,3182,12,夜の栄養剤\n,,0,\n,pendente,id_jogo=147
v1424_NewQuestTitle.txz:78,v1424_NewQuestTitle.txz,3194,18,未来を予想する図\n,,0,\n,pendente,id_jogo=148
v1424_NewQuestTitle.txz:79,v1424_NewQuestTitle.txz,3212,14,時間よ止まれ\n,,0,\n,pendente,id_jogo=149
v1424_NewQuestTitle.txz:80,v1424_NewQuestTitle.txz,3226,12,夜の肩コリ\n,,0,\n,pendente,id_jogo=150
v1424_NewQuestTitle.txz:81,v1424_NewQuestTitle.txz,3238,18,仕入れは計画的に\n,,0,\n,pendente,id_jogo=151
v1424_NewQuestTitle.txz:82,v1424_NewQuestTitle.txz,3256,20,鍛冶職人のソネット\n,,0,\n,pendente,id_jogo=152
v1424_NewQuestTitle.txz:83,v1424_NewQuestTitle.txz,3276,10,夜のお香\n,,0,\n,pendente,id_jogo=153
v1424_NewQuestTitle.txz:84,v1424_NewQuestTitle.txz,3286,8,触手者\n,,0,\n,pendente,id_jogo=154
v1424_NewQuestTitle.txz:85,v1424_NewQuestTitle.txz,3294,14,もぎ続けろ！\n,,0,\n,pendente,id_jogo=155
v1424_NewQuestTitle.txz:86,v1424_NewQuestTitle.txz,3308,10,夜の触手\n,,0,\n,pendente,id_jogo=156
v1424_NewQuestTitle.txz:87,v1424_NewQuestTitle.txz,3318,22,ざるソバ・コンバット\n,,0,\n,pendente,id_jogo=157
v1424_NewQuestTitle.txz:88,v1424_NewQuestTitle.txz,3340,20,駆けろ！マニア魂！\n,,0,\n,pendente,id_jogo=158
v1424_NewQuestTitle.txz:89,v1424_NewQuestTitle.txz,3360,16,コバルトのヒゲ\n,,0,\n,pendente,id_jogo=159
v1424_NewQuestTitle.txz:90,v1424_NewQuestTitle.txz,3376,12,夜の惚れ薬\n,,0,\n,pendente,id_jogo=160
v1424_NewQuestTitle.txz:91,v1424_NewQuestTitle.txz,3388,14,謎のお婆さん\n,,0,\n,pendente,id_jogo=161
v1424_NewQuestTitle.txz:92,v1424_NewQuestTitle.txz,3402,14,少女とリンゴ\n,,0,\n,pendente,id_jogo=162
v1424_NewQuestTitle.txz:93,v1424_NewQuestTitle.txz,3416,12,怪しい商売\n,,0,\n,pendente,id_jogo=163
v1424_NewQuestTitle.txz:94,v1424_NewQuestTitle.txz,3428,12,銭の咲く畑\n,,0,\n,pendente,id_jogo=164
v1424_NewQuestTitle.txz:95,v1424_NewQuestTitle.txz,3440,14,たいせつな銅\n,,0,\n,pendente,id_jogo=165
v1424_NewQuestTitle.txz:96,v1424_NewQuestTitle.txz,3454,16,自宅爆破五秒前\n,,0,\n,pendente,id_jogo=166
v1424_NewQuestTitle.txz:97,v1424_NewQuestTitle.txz,3470,12,セレブ伝説\n,,0,\n,pendente,id_jogo=167
v1424_NewQuestTitle.txz:98,v1424_NewQuestTitle.txz,3482,20,親父の一番長い一日\n,,0,\n,pendente,id_jogo=168
v1424_NewQuestTitle.txz:99,v1424_NewQuestTitle.txz,3502,18,輝け！マニア魂！\n,,0,\n,pendente,id_jogo=169
v1424_NewQuestTitle.txz:100,v1424_NewQuestTitle.txz,3520,16,セレブ大運動会\n,,0,\n,pendente,id_jogo=170
v1424_NewQuestTitle.txz:101,v1424_NewQuestTitle.txz,3536,10,銭がゆく\n,,0,\n,pendente,id_jogo=171
v1424_NewQuestTitle.txz:102,v1424_NewQuestTitle.txz,3546,6,果実\n,,0,\n,pendente,id_jogo=172
v1424_NewQuestTitle.txz:103,v1424_NewQuestTitle.txz,3552,20,セレブは傷つかない\n,,0,\n,pendente,id_jogo=173
v1424_NewQuestTitle.txz:104,v1424_NewQuestTitle.txz,3572,10,銭への道\n,,0,\n,pendente,id_jogo=174
v1424_NewQuestTitle.txz:105,v1424_NewQuestTitle.txz,3582,10,職人宣言\n,,0,\n,pendente,id_jogo=175
v1424_NewQuestTitle.txz:106,v1424_NewQuestTitle.txz,3592,6,限界\n,,0,\n,pendente,id_jogo=176
v1424_NewQuestTitle.txz:107,v1424_NewQuestTitle.txz,3598,18,お婆さん電光石火\n,,0,\n,pendente,id_jogo=177
v1424_NewQuestTitle.txz:108,v1424_NewQuestTitle.txz,3616,12,少女と宝物\n,,0,\n,pendente,id_jogo=178
v1424_NewQuestTitle.txz:109,v1424_NewQuestTitle.txz,3628,12,ヤバイ積荷\n,,0,\n,pendente,id_jogo=179
v1424_NewQuestTitle.txz:110,v1424_NewQuestTitle.txz,3640,16,落し物を探して\n,,0,\n,pendente,id_jogo=180
v1424_NewQuestTitle.txz:111,v1424_NewQuestTitle.txz,3656,22,セレブ・ファンタジー\n,,0,\n,pendente,id_jogo=181
v1424_NewQuestTitle.txz:112,v1424_NewQuestTitle.txz,3678,10,銭の帝王\n,,0,\n,pendente,id_jogo=182
v1424_NewQuestTitle.txz:113,v1424_NewQuestTitle.txz,3688,14,新人の勇み足\n,,0,\n,pendente,id_jogo=183
v1424_NewQuestTitle.txz:114,v1424_NewQuestTitle.txz,3702,16,落し物を探せ！\n,,0,\n,pendente,id_jogo=184
v1424_NewQuestTitle.txz:115,v1424_NewQuestTitle.txz,3718,10,一攫千金\n,,0,\n,pendente,id_jogo=185
v1424_NewQuestTitle.txz:116,v1424_NewQuestTitle.txz,3728,12,少女と地図\n,,0,\n,pendente,id_jogo=186
v1424_NewQuestTitle.txz:117,v1424_NewQuestTitle.txz,3740,10,夜の宝物\n,,0,\n,pendente,id_jogo=187
v1424_NewQuestTitle.txz:118,v1424_NewQuestTitle.txz,3750,10,夜の宝箱\n,,0,\n,pendente,id_jogo=188
v1424_NewQuestTitle.txz:119,v1424_NewQuestTitle.txz,3760,10,夜の霊峰\n,,0,\n,pendente,id_jogo=189
v1424_NewQuestTitle.txz:120,v1424_NewQuestTitle.txz,3770,16,鉱員大パニック\n,,0,\n,pendente,id_jogo=190
v1424_NewQuestTitle.txz:121,v1424_NewQuestTitle.txz,3786,12,少女と聖地\n,,0,\n,pendente,id_jogo=191
v1424_NewQuestTitle.txz:122,v1424_NewQuestTitle.txz,3798,10,職人の詩\n,,0,\n,pendente,id_jogo=192
v1424_NewQuestTitle.txz:123,v1424_NewQuestTitle.txz,3808,12,夜の大森林\n,,0,\n,pendente,id_jogo=193
v1424_NewQuestTitle.txz:124,v1424_NewQuestTitle.txz,3820,16,金の切れ目が…\n,,0,\n,pendente,id_jogo=194
v1424_NewQuestTitle.txz:125,v1424_NewQuestTitle.txz,3836,6,時代\n,,0,\n,pendente,id_jogo=195
v1424_NewQuestTitle.txz:126,v1424_NewQuestTitle.txz,3842,16,禁じられた冒険\n,,0,\n,pendente,id_jogo=196
v1424_NewQuestTitle.txz:127,v1424_NewQuestTitle.txz,3858,24,セレブ転生デビルマダム\n,,0,\n,pendente,id_jogo=197
v1424_NewQuestTitle.txz:128,v1424_NewQuestTitle.txz,3882,20,時をかけるお婆さん\n,,0,\n,pendente,id_jogo=198
v1424_NewQuestTitle.txz:129,v1424_NewQuestTitle.txz,3902,18,スタンとの腕試し\n,,0,\n,pendente,id_jogo=201
v1424_NewQuestTitle.txz:130,v1424_NewQuestTitle.txz,3920,18,リッドとの腕試し\n,,0,\n,pendente,id_jogo=202
v1424_NewQuestTitle.txz:131,v1424_NewQuestTitle.txz,3938,20,アスベルとの腕試し\n,,0,\n,pendente,id_jogo=203
v1424_NewQuestTitle.txz:132,v1424_NewQuestTitle.txz,3958,20,ヴェイグとの腕試し\n,,0,\n,pendente,id_jogo=204
v1424_NewQuestTitle.txz:133,v1424_NewQuestTitle.txz,3978,18,クレスとの腕試し\n,,0,\n,pendente,id_jogo=205
v1424_NewQuestTitle.txz:134,v1424_NewQuestTitle.txz,3996,18,カイルとの腕試し\n,,0,\n,pendente,id_jogo=206
v1424_NewQuestTitle.txz:135,v1424_NewQuestTitle.txz,4014,20,カイウスとの腕試し\n,,0,\n,pendente,id_jogo=207
v1424_NewQuestTitle.txz:136,v1424_NewQuestTitle.txz,4034,18,エミルとの腕試し\n,,0,\n,pendente,id_jogo=208
v1424_NewQuestTitle.txz:137,v1424_NewQuestTitle.txz,4052,18,ロイドとの腕試し\n,,0,\n,pendente,id_jogo=209
v1424_NewQuestTitle.txz:138,v1424_NewQuestTitle.txz,4070,18,セネルとの腕試し\n,,0,\n,pendente,id_jogo=210
v1424_NewQuestTitle.txz:139,v1424_NewQuestTitle.txz,4088,16,ルカとの腕試し\n,,0,\n,pendente,id_jogo=211
v1424_NewQuestTitle.txz:140,v1424_NewQuestTitle.txz,4104,18,ルークとの腕試し\n,,0,\n,pendente,id_jogo=212
v1424_NewQuestTitle.txz:141,v1424_NewQuestTitle.txz,4122,18,ユーリとの腕試し\n,,0,\n,pendente,id_jogo=213
v1424_NewQuestTitle.txz:142,v1424_NewQuestTitle.txz,4140,18,シングとの腕試し\n,,0,\n,pendente,id_jogo=214
v1424_NewQuestTitle.txz:143,v1424_NewQuestTitle.txz,4158,20,カノンノとの腕試し\n,,0,\n,pendente,id_jogo=215
v1424_NewQuestTitle.txz:144,v1424_NewQuestTitle.txz,4178,16,クレス達と修行\n,,0,\n,pendente,id_jogo=216
v1424_NewQuestTitle.txz:145,v1424_NewQuestTitle.txz,4194,14,すず達と修行\n,,0,\n,pendente,id_jogo=217
v1424_NewQuestTitle.txz:146,v1424_NewQuestTitle.txz,4208,16,スタン達と修行\n,,0,\n,pendente,id_jogo=218
v1424_NewQuestTitle.txz:147,v1424_NewQuestTitle.txz,4224,18,ルーティ達と修行\n,,0,\n,pendente,id_jogo=219
v1424_NewQuestTitle.txz:148,v1424_NewQuestTitle.txz,4242,20,ウッドロウ達と修行\n,,0,\n,pendente,id_jogo=220
v1424_NewQuestTitle.txz:149,v1424_NewQuestTitle.txz,4262,18,コングマンと修行\n,,0,\n,pendente,id_jogo=221
v1424_NewQuestTitle.txz:150,v1424_NewQuestTitle.txz,4280,16,ファラ達と修行\n,,0,\n,pendente,id_jogo=222
v1424_NewQuestTitle.txz:151,v1424_NewQuestTitle.txz,4296,18,チャット達と修行\n,,0,\n,pendente,id_jogo=223
v1424_NewQuestTitle.txz:152,v1424_NewQuestTitle.txz,4314,16,カイル達と修行\n,,0,\n,pendente,id_jogo=224
v1424_NewQuestTitle.txz:153,v1424_NewQuestTitle.txz,4330,18,ナナリー達と修行\n,,0,\n,pendente,id_jogo=225
v1424_NewQuestTitle.txz:154,v1424_NewQuestTitle.txz,4348,16,ロイド達と修行\n,,0,\n,pendente,id_jogo=226
v1424_NewQuestTitle.txz:155,v1424_NewQuestTitle.txz,4364,18,リフィル達と修行\n,,0,\n,pendente,id_jogo=227
v1424_NewQuestTitle.txz:156,v1424_NewQuestTitle.txz,4382,16,しいな達と修行\n,,0,\n,pendente,id_jogo=228
v1424_NewQuestTitle.txz:157,v1424_NewQuestTitle.txz,4398,18,クラトス達と修行\n,,0,\n,pendente,id_jogo=229
v1424_NewQuestTitle.txz:158,v1424_NewQuestTitle.txz,4416,18,ヴェイグ達と修行\n,,0,\n,pendente,id_jogo=230
v1424_NewQuestTitle.txz:159,v1424_NewQuestTitle.txz,4434,20,ユージーン達と修行\n,,0,\n,pendente,id_jogo=231
v1424_NewQuestTitle.txz:160,v1424_NewQuestTitle.txz,4454,16,セネル達と修行\n,,0,\n,pendente,id_jogo=232
v1424_NewQuestTitle.txz:161,v1424_NewQuestTitle.txz,4470,16,ウィル達と修行\n,,0,\n,pendente,id_jogo=233
v1424_NewQuestTitle.txz:162,v1424_NewQuestTitle.txz,4486,16,ルーク達と修行\n,,0,\n,pendente,id_jogo=234
v1424_NewQuestTitle.txz:163,v1424_NewQuestTitle.txz,4502,18,ジェイド達と修行\n,,0,\n,pendente,id_jogo=235
v1424_NewQuestTitle.txz:164,v1424_NewQuestTitle.txz,4520,18,ナタリア達と修行\n,,0,\n,pendente,id_jogo=236
v1424_NewQuestTitle.txz:165,v1424_NewQuestTitle.txz,4538,18,カイウス達と修行\n,,0,\n,pendente,id_jogo=237
v1424_NewQuestTitle.txz:166,v1424_NewQuestTitle.txz,4556,14,ルカ達と修行\n,,0,\n,pendente,id_jogo=238
v1424_NewQuestTitle.txz:167,v1424_NewQuestTitle.txz,4570,18,リカルド達と修行\n,,0,\n,pendente,id_jogo=239
v1424_NewQuestTitle.txz:168,v1424_NewQuestTitle.txz,4588,16,ユーリ達と修行\n,,0,\n,pendente,id_jogo=240
v1424_NewQuestTitle.txz:169,v1424_NewQuestTitle.txz,4604,18,エステル達と修行\n,,0,\n,pendente,id_jogo=241
v1424_NewQuestTitle.txz:170,v1424_NewQuestTitle.txz,4622,18,リヒター達と修行\n,,0,\n,pendente,id_jogo=242
v1424_NewQuestTitle.txz:171,v1424_NewQuestTitle.txz,4640,16,シング達と修行\n,,0,\n,pendente,id_jogo=243
v1424_NewQuestTitle.txz:172,v1424_NewQuestTitle.txz,4656,18,アスベル達と修行\n,,0,\n,pendente,id_jogo=244
v1424_NewQuestTitle.txz:173,v1424_NewQuestTitle.txz,4674,16,カノンノと修行\n,,0,\n,pendente,id_jogo=245
v1424_NewQuestTitle.txz:174,v1424_NewQuestTitle.txz,4690,22,レディアントに会いに\n,,0,\n,pendente,id_jogo=246
v1424_NewQuestTitle.txz:175,v1424_NewQuestTitle.txz,4712,12,伝説の武具\n,,0,\n,pendente,id_jogo=247
v1424_NewQuestTitle.txz:176,v1424_NewQuestTitle.txz,4724,12,伝説の武具\n,,0,\n,pendente,id_jogo=248
v1424_NewQuestTitle.txz:177,v1424_NewQuestTitle.txz,4736,12,伝説の武具\n,,0,\n,pendente,id_jogo=249
v1424_NewQuestTitle.txz:178,v1424_NewQuestTitle.txz,4748,12,伝説の武具\n,,0,\n,pendente,id_jogo=250
v1424_NewQuestTitle.txz:179,v1424_NewQuestTitle.txz,4760,12,伝説の武具\n,,0,\n,pendente,id_jogo=251
v1424_NewQuestTitle.txz:180,v1424_NewQuestTitle.txz,4772,12,伝説の武具\n,,0,\n,pendente,id_jogo=252
v1424_NewQuestTitle.txz:181,v1424_NewQuestTitle.txz,4784,12,伝説の武具\n,,0,\n,pendente,id_jogo=253
v1424_NewQuestTitle.txz:182,v1424_NewQuestTitle.txz,4796,12,伝説の武具\n,,0,\n,pendente,id_jogo=254
v1424_NewQuestTitle.txz:183,v1424_NewQuestTitle.txz,4808,12,伝説の武具\n,,0,\n,pendente,id_jogo=255
v1424_NewQuestTitle.txz:184,v1424_NewQuestTitle.txz,4820,12,伝説の武具\n,,0,\n,pendente,id_jogo=256
v1424_NewQuestTitle.txz:185,v1424_NewQuestTitle.txz,4832,12,伝説の武具\n,,0,\n,pendente,id_jogo=257
v1424_NewQuestTitle.txz:186,v1424_NewQuestTitle.txz,4844,12,伝説の武具\n,,0,\n,pendente,id_jogo=258
v1424_NewQuestTitle.txz:187,v1424_NewQuestTitle.txz,4856,12,伝説の武具\n,,0,\n,pendente,id_jogo=259
v1424_NewQuestTitle.txz:188,v1424_NewQuestTitle.txz,4868,12,伝説の武具\n,,0,\n,pendente,id_jogo=260
v1424_NewQuestTitle.txz:189,v1424_NewQuestTitle.txz,4880,12,伝説の武具\n,,0,\n,pendente,id_jogo=261
v1424_NewQuestTitle.txz:190,v1424_NewQuestTitle.txz,4892,12,伝説の武具\n,,0,\n,pendente,id_jogo=262
v1424_NewQuestTitle.txz:191,v1424_NewQuestTitle.txz,4904,24,友としてライバルとして\n,,0,\n,pendente,id_jogo=301
v1424_NewQuestTitle.txz:192,v1424_NewQuestTitle.txz,4928,18,カニカニパニック\n,,0,\n,pendente,id_jogo=302
v1424_NewQuestTitle.txz:193,v1424_NewQuestTitle.txz,4946,12,互いの正義\n,,0,\n,pendente,id_jogo=303
v1424_NewQuestTitle.txz:194,v1424_NewQuestTitle.txz,4958,22,超えなければならぬ壁\n,,0,\n,pendente,id_jogo=304
v1424_NewQuestTitle.txz:195,v1424_NewQuestTitle.txz,4980,20,閉じた心、続く未来\n,,0,\n,pendente,id_jogo=305
v1424_NewQuestTitle.txz:196,v1424_NewQuestTitle.txz,5000,12,伝説の戦い\n,,0,\n,pendente,id_jogo=306
v1424_NewQuestTitle.txz:197,v1424_NewQuestTitle.txz,5012,12,運命の対決\n,,0,\n,pendente,id_jogo=307
v1424_NewQuestTitle.txz:198,v1424_NewQuestTitle.txz,5024,12,天使の暗舞\n,,0,\n,pendente,id_jogo=308
v1424_NewQuestTitle.txz:199,v1424_NewQuestTitle.txz,5036,12,最後の決戦\n,,0,\n,pendente,id_jogo=309
v1424_NewQuestTitle.txz:200,v1424_NewQuestTitle.txz,5048,10,二人の王\n,,0,\n,pendente,id_jogo=310
v1424_NewQuestTitle.txz:201,v1424_NewQuestTitle.txz,5058,18,負けられない戦い\n,,0,\n,pendente,id_jogo=311
v1424_NewQuestTitle.txz:202,v1424_NewQuestTitle.txz,5076,22,本当は怖〜いおとぎ話\n,,0,\n,pendente,id_jogo=312
v1424_NewQuestTitle.txz:203,v1424_NewQuestTitle.txz,5098,16,じれったい二人\n,,0,\n,pendente,id_jogo=313
v1424_NewQuestTitle.txz:204,v1424_NewQuestTitle.txz,5114,20,最高の一品を求めて\n,,0,\n,pendente,id_jogo=314
v1424_NewQuestTitle.txz:205,v1424_NewQuestTitle.txz,5134,20,リヒターの戦闘指南\n,,0,\n,pendente,id_jogo=315
v1424_NewQuestTitle.txz:206,v1424_NewQuestTitle.txz,5154,12,報酬の価値\n,,0,\n,pendente,id_jogo=316
v1424_NewQuestTitle.txz:207,v1424_NewQuestTitle.txz,5166,16,超えるべき試練\n,,0,\n,pendente,id_jogo=317
v1424_NewQuestTitle.txz:208,v1424_NewQuestTitle.txz,5182,14,我が心の精霊\n,,0,\n,pendente,id_jogo=318
v1424_NewQuestTitle.txz:209,v1424_NewQuestTitle.txz,5196,20,思い出の花を守れ！\n,,0,\n,pendente,id_jogo=319
v1424_NewQuestTitle.txz:210,v1424_NewQuestTitle.txz,5216,14,やさしい兄貴\n,,0,\n,pendente,id_jogo=320
v1424_NewQuestTitle.txz:211,v1424_NewQuestTitle.txz,5230,12,賢王の遊説\n,,0,\n,pendente,id_jogo=321
v1424_NewQuestTitle.txz:212,v1424_NewQuestTitle.txz,5242,16,孤高の少年剣士\n,,0,\n,pendente,id_jogo=322
v1424_NewQuestTitle.txz:213,v1424_NewQuestTitle.txz,5258,16,愛に生きる少女\n,,0,\n,pendente,id_jogo=323
v1424_NewQuestTitle.txz:214,v1424_NewQuestTitle.txz,5274,16,ギルドに教師を\n,,0,\n,pendente,id_jogo=324
v1424_NewQuestTitle.txz:215,v1424_NewQuestTitle.txz,5290,16,愛の使者、襲来\n,,0,\n,pendente,id_jogo=325
v1424_NewQuestTitle.txz:216,v1424_NewQuestTitle.txz,5306,14,キミと一緒に\n,,0,\n,pendente,id_jogo=326
v1424_NewQuestTitle.txz:217,v1424_NewQuestTitle.txz,5320,22,ちちんぷいぷいの魔法\n,,0,\n,pendente,id_jogo=327
v1424_NewQuestTitle.txz:218,v1424_NewQuestTitle.txz,5342,20,不埒な悪漢を倒せ！\n,,0,\n,pendente,id_jogo=328
v1424_NewQuestTitle.txz:219,v1424_NewQuestTitle.txz,5362,16,お騒がせ夢盗人\n,,0,\n,pendente,id_jogo=329
v1424_NewQuestTitle.txz:220,v1424_NewQuestTitle.txz,5378,18,モフモフもふもふ\n,,0,\n,pendente,id_jogo=330
v1424_NewQuestTitle.txz:221,v1424_NewQuestTitle.txz,5396,16,ルーク様ご一行\n,,0,\n,pendente,id_jogo=331
v1424_NewQuestTitle.txz:222,v1424_NewQuestTitle.txz,5412,14,お金大好き∀\n,,0,\n,pendente,id_jogo=332
v1424_NewQuestTitle.txz:223,v1424_NewQuestTitle.txz,5426,18,行方知れずの傭兵\n,,0,\n,pendente,id_jogo=333
v1424_NewQuestTitle.txz:224,v1424_NewQuestTitle.txz,5444,18,高潔なる騎士隊長\n,,0,\n,pendente,id_jogo=334
v1424_NewQuestTitle.txz:225,v1424_NewQuestTitle.txz,5462,12,謎の捜索願\n,,0,\n,pendente,id_jogo=335
v1424_NewQuestTitle.txz:226,v1424_NewQuestTitle.txz,5474,16,幼馴染み捜索願\n,,0,\n,pendente,id_jogo=336
v1424_NewQuestTitle.txz:227,v1424_NewQuestTitle.txz,5490,24,登場！ワンダーパン職人\n,,0,\n,pendente,id_jogo=337
v1424_NewQuestTitle.txz:228,v1424_NewQuestTitle.txz,5514,16,流浪のパン職人\n,,0,\n,pendente,id_jogo=338
v1424_NewQuestTitle.txz:229,v1424_NewQuestTitle.txz,5530,20,さすらいのパン職人\n,,0,\n,pendente,id_jogo=339
v1424_NewQuestTitle.txz:230,v1424_NewQuestTitle.txz,5550,16,黄昏のパン職人\n,,0,\n,pendente,id_jogo=340
v1424_NewQuestTitle.txz:231,v1424_NewQuestTitle.txz,5566,16,伝説のパン職人\n,,0,\n,pendente,id_jogo=341
v1424_NewQuestTitle.txz:232,v1424_NewQuestTitle.txz,5582,26,ポッポを探してくれキュ！\n,,0,\n,pendente,id_jogo=342
v1424_NewQuestTitle.txz:233,v1424_NewQuestTitle.txz,5608,18,黄金の鎚を探せ！\n,,0,\n,pendente,id_jogo=343
v1424_NewQuestTitle.txz:234,v1424_NewQuestTitle.txz,5626,24,灼熱のコークスを探せ！\n,,0,\n,pendente,id_jogo=344
v1424_NewQuestTitle.txz:235,v1424_NewQuestTitle.txz,5650,22,疾風のフイゴを探せ！\n,,0,\n,pendente,id_jogo=345
v1424_NewQuestTitle.txz:236,v1424_NewQuestTitle.txz,5672,20,純潔の装束を探せ！\n,,0,\n,pendente,id_jogo=346
v1424_NewQuestTitle.txz:237,v1424_NewQuestTitle.txz,5692,18,コーダのレシピ１\n,,0,\n,pendente,id_jogo=347
v1424_NewQuestTitle.txz:238,v1424_NewQuestTitle.txz,5710,18,コーダのレシピ２\n,,0,\n,pendente,id_jogo=348
v1424_NewQuestTitle.txz:239,v1424_NewQuestTitle.txz,5728,18,コーダのレシピ３\n,,0,\n,pendente,id_jogo=349
v1424_NewQuestTitle.txz:240,v1424_NewQuestTitle.txz,5746,18,コーダのレシピ４\n,,0,\n,pendente,id_jogo=350
v1424_NewQuestTitle.txz:241,v1424_NewQuestTitle.txz,5764,18,コーダのレシピ５\n,,0,\n,pendente,id_jogo=351
v1424_NewQuestTitle.txz:242,v1424_NewQuestTitle.txz,5782,18,コーダのレシピ６\n,,0,\n,pendente,id_jogo=352
v1424_NewQuestTitle.txz:243,v1424_NewQuestTitle.txz,5800,18,コーダのレシピ７\n,,0,\n,pendente,id_jogo=353
v1424_NewQuestTitle.txz:244,v1424_NewQuestTitle.txz,5818,18,コーダのレシピ８\n,,0,\n,pendente,id_jogo=354
v1424_NewQuestTitle.txz:245,v1424_NewQuestTitle.txz,5836,18,コーダのレシピ９\n,,0,\n,pendente,id_jogo=355
v1424_NewQuestTitle.txz:246,v1424_NewQuestTitle.txz,5854,20,コーダのレシピ１０\n,,0,\n,pendente,id_jogo=356
v1424_NewQuestTitle.txz:247,v1424_NewQuestTitle.txz,5874,1781,コーダのレシピ１１\n\nのレシピ１１\n職人\n流浪のパン職人\nさすらいのパン職人\n黄昏のパン職人\n伝説のパン職人\nポッポを探してくれキュ！\n黄金の鎚を探せ！\n灼熱のコークスを探せ！\n疾風のフイゴを探せ！\n純潔の装束を探せ！\nコーダのレシピ１\nコーダのレシピ２\nコーダのレシピ３\nコーダのレシピ４\nコーダのレシピ５\nコーダのレシピ６\nコーダのレシピ７\nコーダのレシピ８\nコーダのレシピ９\nコーダのレシピ１０\nコーダのレシピ１１\n~と一緒に\nちちんぷいぷいの魔法\n不埒な悪漢を倒せ！\nお騒がせトレジャーハンター\nモフモフもふもふ\nルーク様ご一行\nお金大好き∀\n行方知れずの傭兵\n高潔なる騎士団長\n謎の捜索願い\n幼馴染み捜索願\n登場！ワンダーパン職人\n流浪のパン職人\nさすらいのパン職人\n黄昏のパン職人\n伝説のパン職人\nポッポを探してくれキュ！\n黄金の鎚を探せ！\n灼熱のコークスを探せ！\n疾風のフイゴを探せ！\n純潔の装束を探せ！\nコーダのレシピクエスト１\nコーダのレシピクエスト２\nコーダのレシピクエスト３\nコーダのレシピクエスト４\nコーダのレシピクエスト５\nコーダのレシピクエスト６\nコーダのレシピクエスト７\nコーダのレシピクエスト８\nコーダのレシピクエスト９\nコーダのレシピクエスト１０\nコーダのレシピクエスト１１\nんぷいぷいの魔法\n不埒な悪漢を倒せ！\nお騒がせトレジャーハンター\nモフモフもふもふ\nルーク様ご一行\nお金大好き∀\n行方知れずの傭兵\n高潔なる騎士団長\n謎の捜索願い\n幼馴染み捜索願\n登場！ワンダーパン職人\n流浪のパン職人\nさすらいのパン職人\n黄昏のパン職人\n伝説のパン職人\nポッポを探してくれキュ！\n黄金の鎚を探せ！\n灼熱のコークスを探せ！\n疾風のフイゴを探せ！\n純潔の装束を探せ！\nコーダのレシピクエスト１\nコーダのレシピクエスト２\nコーダのレシピクエスト３\nコーダのレシピクエスト４\nコーダのレシピクエスト５\nコーダのレシピクエスト６\nコーダのレシピクエスト７\nコーダのレシピクエスト８\nコーダのレシピクエスト９\nコーダのレシピクエスト１０\nコーダのレシピクエスト１１\n,,0,\n|\n|\n|\n|\n|\n|\n|\n|\n|\n|\n|\n|\n|\n|\n|\n|\n|\n|\n|\n|\n|\n|\n|\n|\n|\n|\n|\n|\n|\n|\n|\n|\n|\n|\n|\n|\n|\n|\n|\n|\n|\n|\n|\n|\n|\n|\n|\n|\n|\n|\n|\n|\n|\n|\n|\n|\n|\n|\n|\n|\n|\n|\n|\n|\n|\n|\n|\n|\n|\n|\n|\n|\n|\n|\n|\n|\n|\n|\n|\n|\n|\n|\n|\n|\n|\n|\n,pendente,id_jogo=357
