id,arquivo,offset,bytes_max,original,traducao,bytes_usados,control_codes,status,nota
v2070_oldata.bin:titulo:0,v2070_oldata.bin,0,14,アドリビトムへ,,0,,pendente,"episodio 0, sem limite de bytes"
v2070_oldata.bin:titulo:1,v2070_oldata.bin,1,14,予言された存在,,0,,pendente,"episodio 1, sem limite de bytes"
v2070_oldata.bin:titulo:2,v2070_oldata.bin,2,10,サレに挑む,,0,,pendente,"episodio 2, sem limite de bytes"
v2070_oldata.bin:titulo:3,v2070_oldata.bin,3,10,王女の決起,,0,,pendente,"episodio 3, sem limite de bytes"
v2070_oldata.bin:titulo:4,v2070_oldata.bin,4,18,奇妙な現象を追って,,0,,pendente,"episodio 4, sem limite de bytes"
v2070_oldata.bin:titulo:5,v2070_oldata.bin,5,14,奇妙な現象の噂,,0,,pendente,"episodio 5, sem limite de bytes"
v2070_oldata.bin:titulo:6,v2070_oldata.bin,6,6,赤い煙,,0,,pendente,"episodio 6, sem limite de bytes"
v2070_oldata.bin:titulo:7,v2070_oldata.bin,7,12,コクヨウ玉虫,,0,,pendente,"episodio 7, sem limite de bytes"
v2070_oldata.bin:titulo:8,v2070_oldata.bin,8,14,ジョアンの護衛,,0,,pendente,"episodio 8, sem limite de bytes"
v2070_oldata.bin:titulo:9,v2070_oldata.bin,9,12,赤い煙の変化,,0,,pendente,"episodio 9, sem limite de bytes"
v2070_oldata.bin:titulo:10,v2070_oldata.bin,10,10,奇妙な依頼,,0,,pendente,"episodio 10, sem limite de bytes"
v2070_oldata.bin:titulo:11,v2070_oldata.bin,11,10,現象の原因,,0,,pendente,"episodio 11, sem limite de bytes"
v2070_oldata.bin:titulo:12,v2070_oldata.bin,12,12,自然界の息吹,,0,,pendente,"episodio 12, sem limite de bytes"
v2070_oldata.bin:titulo:13,v2070_oldata.bin,13,12,ミブナの里へ,,0,,pendente,"episodio 13, sem limite de bytes"
v2070_oldata.bin:titulo:14,v2070_oldata.bin,14,16,ソウルアルケミー,,0,,pendente,"episodio 14, sem limite de bytes"
v2070_oldata.bin:titulo:15,v2070_oldata.bin,15,16,願いを叶える存在,,0,,pendente,"episodio 15, sem limite de bytes"
v2070_oldata.bin:titulo:16,v2070_oldata.bin,16,12,しいなの仮説,,0,,pendente,"episodio 16, sem limite de bytes"
v2070_oldata.bin:titulo:17,v2070_oldata.bin,17,8,ラザリス,,0,,pendente,"episodio 17, sem limite de bytes"
v2070_oldata.bin:titulo:18,v2070_oldata.bin,18,18,ロックスとカノンノ,,0,,pendente,"episodio 18, sem limite de bytes"
v2070_oldata.bin:titulo:19,v2070_oldata.bin,19,14,ディセンダー？,,0,,pendente,"episodio 19, sem limite de bytes"
v2070_oldata.bin:titulo:20,v2070_oldata.bin,20,8,ヒトの祖,,0,,pendente,"episodio 20, sem limite de bytes"
v2070_oldata.bin:titulo:21,v2070_oldata.bin,21,16,ヘーゼル村の移民,,0,,pendente,"episodio 21, sem limite de bytes"
v2070_oldata.bin:titulo:22,v2070_oldata.bin,22,20,ヴェラトローパ、現る,,0,,pendente,"episodio 22, sem limite de bytes"
v2070_oldata.bin:titulo:23,v2070_oldata.bin,23,16,創世を見届けし者,,0,,pendente,"episodio 23, sem limite de bytes"
v2070_oldata.bin:titulo:24,v2070_oldata.bin,24,8,蝕むキバ,,0,,pendente,"episodio 24, sem limite de bytes"
v2070_oldata.bin:titulo:25,v2070_oldata.bin,25,10,バルバトス,,0,,pendente,"episodio 25, sem limite de bytes"
v2070_oldata.bin:titulo:26,v2070_oldata.bin,26,16,世界樹の思いは？,,0,,pendente,"episodio 26, sem limite de bytes"
v2070_oldata.bin:titulo:27,v2070_oldata.bin,27,10,進む、侵食,,0,,pendente,"episodio 27, sem limite de bytes"
v2070_oldata.bin:titulo:28,v2070_oldata.bin,28,22,オルタ・ビレッジの問題,,0,,pendente,"episodio 28, sem limite de bytes"
v2070_oldata.bin:titulo:29,v2070_oldata.bin,29,16,世界遺産を盗む？,,0,,pendente,"episodio 29, sem limite de bytes"
v2070_oldata.bin:titulo:30,v2070_oldata.bin,30,14,カノンノの望み,,0,,pendente,"episodio 30, sem limite de bytes"
v2070_oldata.bin:titulo:31,v2070_oldata.bin,31,12,ニアタ、復活,,0,,pendente,"episodio 31, sem limite de bytes"
v2070_oldata.bin:titulo:32,v2070_oldata.bin,32,22,バンエルティア号の秘密,,0,,pendente,"episodio 32, sem limite de bytes"
v2070_oldata.bin:titulo:33,v2070_oldata.bin,33,12,赤のオアシス,,0,,pendente,"episodio 33, sem limite de bytes"
v2070_oldata.bin:titulo:34,v2070_oldata.bin,34,10,新たな糸口,,0,,pendente,"episodio 34, sem limite de bytes"
v2070_oldata.bin:titulo:35,v2070_oldata.bin,35,14,進化種を求めて,,0,,pendente,"episodio 35, sem limite de bytes"
v2070_oldata.bin:titulo:36,v2070_oldata.bin,36,10,地道な努力,,0,,pendente,"episodio 36, sem limite de bytes"
v2070_oldata.bin:titulo:37,v2070_oldata.bin,37,12,ユルングの樹,,0,,pendente,"episodio 37, sem limite de bytes"
v2070_oldata.bin:titulo:38,v2070_oldata.bin,38,22,異世界のアドリビトム？,,0,,pendente,"episodio 38, sem limite de bytes"
v2070_oldata.bin:titulo:39,v2070_oldata.bin,39,14,ラザリスの憂い,,0,,pendente,"episodio 39, sem limite de bytes"
v2070_oldata.bin:titulo:40,v2070_oldata.bin,40,12,ニアタの疑問,,0,,pendente,"episodio 40, sem limite de bytes"
v2070_oldata.bin:titulo:41,v2070_oldata.bin,41,8,創世の時,,0,,pendente,"episodio 41, sem limite de bytes"
v2070_oldata.bin:titulo:42,v2070_oldata.bin,42,12,命をいただく,,0,,pendente,"episodio 42, sem limite de bytes"
v2070_oldata.bin:titulo:43,v2070_oldata.bin,43,14,宙からの贈り物,,0,,pendente,"episodio 43, sem limite de bytes"
v2070_oldata.bin:titulo:44,v2070_oldata.bin,44,11,結ばれる力 ,,0,,pendente,"episodio 44, sem limite de bytes"
v2070_oldata.bin:titulo:45,v2070_oldata.bin,45,22,暁の従者との意外な再会,,0,,pendente,"episodio 45, sem limite de bytes"
v2070_oldata.bin:titulo:46,v2070_oldata.bin,46,18,世界に灯る希望の光,,0,,pendente,"episodio 46, sem limite de bytes"
v2070_oldata.bin:titulo:47,v2070_oldata.bin,47,16,命の欠片を集めて,,0,,pendente,"episodio 47, sem limite de bytes"
v2070_oldata.bin:titulo:48,v2070_oldata.bin,48,12,星晶の代わり,,0,,pendente,"episodio 48, sem limite de bytes"
v2070_oldata.bin:titulo:49,v2070_oldata.bin,49,14,抗うジルディア,,0,,pendente,"episodio 49, sem limite de bytes"
v2070_oldata.bin:titulo:50,v2070_oldata.bin,50,10,最後の依頼,,0,,pendente,"episodio 50, sem limite de bytes"
v2070_oldata.bin:titulo:51,v2070_oldata.bin,51,10,生命の躍動,,0,,pendente,"episodio 51, sem limite de bytes"
v2070_oldata.bin:narracao:0,v2070_oldata.bin,0,46,世界樹の恩恵により発展してきた世界ルミナシア。,,0,,pendente,"narracao, sem limite de bytes"
v2070_oldata.bin:narracao:1,v2070_oldata.bin,1,42,この世界の屋根とも言うべきルバーブ連山で、,,0,,pendente,"narracao, sem limite de bytes"
v2070_oldata.bin:narracao:2,v2070_oldata.bin,2,18,○○は目を覚ます。,,0,,pendente,"narracao, sem limite de bytes"
v2070_oldata.bin:narracao:3,v2070_oldata.bin,3,36,傍らには、一人の見知らぬ少女がいた。,,0,,pendente,"narracao, sem limite de bytes"
v2070_oldata.bin:narracao:4,v2070_oldata.bin,4,44,カノンノと名乗るその少女は、空から降りて来た,,0,,pendente,"narracao, sem limite de bytes"
v2070_oldata.bin:narracao:5,v2070_oldata.bin,5,44,○○を見つけ、目を覚ますまで傍に居たという。,,0,,pendente,"narracao, sem limite de bytes"
v2070_oldata.bin:narracao:6,v2070_oldata.bin,6,46,これから希望する場所へ送るとカノンノは言うが、,,0,,pendente,"narracao, sem limite de bytes"
v2070_oldata.bin:narracao:7,v2070_oldata.bin,7,40,○○はどこへ行けばいいかわからなかった。,,0,,pendente,"narracao, sem limite de bytes"
v2070_oldata.bin:narracao:8,v2070_oldata.bin,8,36,名前以外、一切の記憶が無かったのだ。,,0,,pendente,"narracao, sem limite de bytes"
v2070_oldata.bin:narracao:9,v2070_oldata.bin,9,44,カノンノが山を下りて、「船」へ向かうと言う。,,0,,pendente,"narracao, sem limite de bytes"
v2070_oldata.bin:narracao:10,v2070_oldata.bin,10,40,今後の事は船に着いてから考えればいいと、,,0,,pendente,"narracao, sem limite de bytes"
v2070_oldata.bin:narracao:11,v2070_oldata.bin,11,34,カノンノは○○を連れて歩き出した。,,0,,pendente,"narracao, sem limite de bytes"
v2070_oldata.bin:narracao:12,v2070_oldata.bin,12,44,船―、それは天駆ける船「バンエルティア号」。,,0,,pendente,"narracao, sem limite de bytes"
v2070_oldata.bin:narracao:13,v2070_oldata.bin,13,40,自由の名を冠するギルド「アドリビトム」の,,0,,pendente,"narracao, sem limite de bytes"
v2070_oldata.bin:narracao:14,v2070_oldata.bin,14,36,拠点でもある。船に迎えられた○○は、,,0,,pendente,"narracao, sem limite de bytes"
v2070_oldata.bin:narracao:15,v2070_oldata.bin,15,44,ギルドのリーダーであるアンジュに事情を話し、,,0,,pendente,"narracao, sem limite de bytes"
v2070_oldata.bin:narracao:16,v2070_oldata.bin,16,48,記憶が戻るまでの間、アドリビトムのメンバーとして,,0,,pendente,"narracao, sem limite de bytes"
v2070_oldata.bin:narracao:17,v2070_oldata.bin,17,16,働く事になった。,,0,,pendente,"narracao, sem limite de bytes"
v2070_oldata.bin:narracao:18,v2070_oldata.bin,18,46,カノンノにギルドの仕事についてを習い、ようやく,,0,,pendente,"narracao, sem limite de bytes"
v2070_oldata.bin:narracao:19,v2070_oldata.bin,19,42,アドリビトムのメンバーと打ち解けてきた頃。,,0,,pendente,"narracao, sem limite de bytes"
v2070_oldata.bin:narracao:20,v2070_oldata.bin,20,28,○○は、不思議な話を聞いた。,,0,,pendente,"narracao, sem limite de bytes"
v2070_oldata.bin:narracao:21,v2070_oldata.bin,21,36,○○が来た日、世界樹が光を放つという,,0,,pendente,"narracao, sem limite de bytes"
v2070_oldata.bin:narracao:22,v2070_oldata.bin,22,32,奇妙な現象が確認されていたのだ。,,0,,pendente,"narracao, sem limite de bytes"
v2070_oldata.bin:narracao:23,v2070_oldata.bin,23,40,世界樹が光を発した日に空から降りてきた。,,0,,pendente,"narracao, sem limite de bytes"
v2070_oldata.bin:narracao:24,v2070_oldata.bin,24,50,それはまるで「ディセンダー」の様だとミントが話す。,,0,,pendente,"narracao, sem limite de bytes"
v2070_oldata.bin:narracao:25,v2070_oldata.bin,25,40,ディセンダーとは、世界に危機が訪れた時、,,0,,pendente,"narracao, sem limite de bytes"
v2070_oldata.bin:narracao:26,v2070_oldata.bin,26,40,世界樹が生み出す救世主の様な存在らしい。,,0,,pendente,"narracao, sem limite de bytes"
v2070_oldata.bin:narracao:27,v2070_oldata.bin,27,42,世界樹から生まれたばかりのディセンダーは、,,0,,pendente,"narracao, sem limite de bytes"
v2070_oldata.bin:narracao:28,v2070_oldata.bin,28,50,記憶が無く、世界の事も知らず、不可能も恐れも知らぬ,,0,,pendente,"narracao, sem limite de bytes"
v2070_oldata.bin:narracao:29,v2070_oldata.bin,29,20,無垢な存在だと言う。,,0,,pendente,"narracao, sem limite de bytes"
v2070_oldata.bin:narracao:30,v2070_oldata.bin,30,46,そして、人々の為に世界を学び、強くなり、世界を,,0,,pendente,"narracao, sem limite de bytes"
v2070_oldata.bin:narracao:31,v2070_oldata.bin,31,20,平和に導くのだとも。,,0,,pendente,"narracao, sem limite de bytes"
v2070_oldata.bin:narracao:32,v2070_oldata.bin,32,48,世界から危機が去った後、また世界樹へと還って行く,,0,,pendente,"narracao, sem limite de bytes"
v2070_oldata.bin:narracao:33,v2070_oldata.bin,33,48,その存在は、太古より出現を予言されているらしい。,,0,,pendente,"narracao, sem limite de bytes"
v2070_oldata.bin:narracao:34,v2070_oldata.bin,34,48,だが、人々の間では、この予言をまともに信じる者は,,0,,pendente,"narracao, sem limite de bytes"
v2070_oldata.bin:narracao:35,v2070_oldata.bin,35,50,おらず、昔の人の創作話として知られている様だった。,,0,,pendente,"narracao, sem limite de bytes"
v2070_oldata.bin:narracao:36,v2070_oldata.bin,36,48,そんな団欒の一方、クレアが深刻な表情でアンジュに,,0,,pendente,"narracao, sem limite de bytes"
v2070_oldata.bin:narracao:37,v2070_oldata.bin,37,18,依頼を届けていた。,,0,,pendente,"narracao, sem limite de bytes"
v2070_oldata.bin:narracao:38,v2070_oldata.bin,38,46,故郷のヘーゼル村へ、ヴェイグと共に物資を届けて,,0,,pendente,"narracao, sem limite de bytes"
v2070_oldata.bin:narracao:39,v2070_oldata.bin,39,14,欲しい、と…。,,0,,pendente,"narracao, sem limite de bytes"
v2070_oldata.bin:narracao:40,v2070_oldata.bin,40,42,○○は、クレアの依頼を受け、ヴェイグと共に,,0,,pendente,"narracao, sem limite de bytes"
v2070_oldata.bin:narracao:41,v2070_oldata.bin,41,30,コンフェイト大森林を目指した。,,0,,pendente,"narracao, sem limite de bytes"
v2070_oldata.bin:narracao:42,v2070_oldata.bin,42,44,ヴェイグやクレアの故郷であるヘーゼル村は今、,,0,,pendente,"narracao, sem limite de bytes"
v2070_oldata.bin:narracao:43,v2070_oldata.bin,43,50,ウリズン帝国により星晶の搾取と採掘の労働を強いられ,,0,,pendente,"narracao, sem limite de bytes"
v2070_oldata.bin:narracao:44,v2070_oldata.bin,44,42,ており、畑仕事や狩りも出来ない状態らしい。,,0,,pendente,"narracao, sem limite de bytes"
v2070_oldata.bin:narracao:45,v2070_oldata.bin,45,46,それで、コンフェイト大森林にてヘーゼル村の者と,,0,,pendente,"narracao, sem limite de bytes"
v2070_oldata.bin:narracao:46,v2070_oldata.bin,46,43,接触し、必要な物資を届ける必要があるのだ。 ,,0,,pendente,"narracao, sem limite de bytes"
v2070_oldata.bin:narracao:47,v2070_oldata.bin,47,30,しかし、○○達が向かった先に、,,0,,pendente,"narracao, sem limite de bytes"
v2070_oldata.bin:narracao:48,v2070_oldata.bin,48,34,ヘーゼル村からの使者はいなかった。,,0,,pendente,"narracao, sem limite de bytes"
v2070_oldata.bin:narracao:49,v2070_oldata.bin,49,44,約束の場にいたのはウリズン帝国の騎士、サレと,,0,,pendente,"narracao, sem limite de bytes"
v2070_oldata.bin:narracao:50,v2070_oldata.bin,50,34,ガルバンゾ国の王女エステルだった。,,0,,pendente,"narracao, sem limite de bytes"
v2070_oldata.bin:narracao:51,v2070_oldata.bin,51,44,サレは国との交渉の材料にする為に、エステルを,,0,,pendente,"narracao, sem limite de bytes"
v2070_oldata.bin:narracao:52,v2070_oldata.bin,52,30,捕らえようとしていたのである。,,0,,pendente,"narracao, sem limite de bytes"
v2070_oldata.bin:narracao:53,v2070_oldata.bin,53,38,○○やヴェイグは、エステルを助ける為に,,0,,pendente,"narracao, sem limite de bytes"
v2070_oldata.bin:narracao:54,v2070_oldata.bin,54,40,サレに挑み、無事にエステルを解放させる。,,0,,pendente,"narracao, sem limite de bytes"
v2070_oldata.bin:narracao:55,v2070_oldata.bin,55,44,本来の目的だった物資の輸送は出来なかったが、,,0,,pendente,"narracao, sem limite de bytes"
v2070_oldata.bin:narracao:56,v2070_oldata.bin,56,44,エステルとその護衛の為に雇われていたユーリ、,,0,,pendente,"narracao, sem limite de bytes"
v2070_oldata.bin:narracao:57,v2070_oldata.bin,57,38,リタを保護し、一旦船へと戻る事にした。,,0,,pendente,"narracao, sem limite de bytes"
v2070_oldata.bin:narracao:58,v2070_oldata.bin,58,48,なぜ、エステルは王族でありながら、ユーリやリタの,,0,,pendente,"narracao, sem limite de bytes"
v2070_oldata.bin:narracao:59,v2070_oldata.bin,59,40,様なギルドの人間を雇い、旅していたのか。,,0,,pendente,"narracao, sem limite de bytes"
v2070_oldata.bin:narracao:60,v2070_oldata.bin,60,46,アンジュが事情を尋ねると、エステルはある奇妙な,,0,,pendente,"narracao, sem limite de bytes"
v2070_oldata.bin:narracao:61,v2070_oldata.bin,61,24,現象を追う為だと答えた。,,0,,pendente,"narracao, sem limite de bytes"
v2070_oldata.bin:narracao:62,v2070_oldata.bin,62,50,コンフェイト大森林には、ガルバンゾ国の星晶採掘地が,,0,,pendente,"narracao, sem limite de bytes"
v2070_oldata.bin:narracao:63,v2070_oldata.bin,63,50,あり、その採掘地で今、生物に変化が見られるらしい。,,0,,pendente,"narracao, sem limite de bytes"
v2070_oldata.bin:narracao:64,v2070_oldata.bin,64,40,どの様な変化なのかはわからないが、原因は,,0,,pendente,"narracao, sem limite de bytes"
v2070_oldata.bin:narracao:65,v2070_oldata.bin,65,46,「土地にある星晶を取り過ぎたせいではないか」と,,0,,pendente,"narracao, sem limite de bytes"
v2070_oldata.bin:narracao:66,v2070_oldata.bin,66,20,目されていると言う。,,0,,pendente,"narracao, sem limite de bytes"
v2070_oldata.bin:narracao:67,v2070_oldata.bin,67,50,だが、国はそれに対して調査をする事は何も無かった。,,0,,pendente,"narracao, sem limite de bytes"
v2070_oldata.bin:narracao:68,v2070_oldata.bin,68,50,そして、エステル自身がしびれを切らし、自分で調査を,,0,,pendente,"narracao, sem limite de bytes"
v2070_oldata.bin:narracao:69,v2070_oldata.bin,69,46,しようとユーリに護衛を依頼し、国を出たという。,,0,,pendente,"narracao, sem limite de bytes"
v2070_oldata.bin:narracao:70,v2070_oldata.bin,70,46,コンフェイト大森林周辺は、様々な国が星晶採掘に,,0,,pendente,"narracao, sem limite de bytes"
v2070_oldata.bin:narracao:71,v2070_oldata.bin,71,50,関わり、サレの所属するウリズン帝国とガルバンゾ国も,,0,,pendente,"narracao, sem limite de bytes"
v2070_oldata.bin:narracao:72,v2070_oldata.bin,72,28,星晶を巡って緊張状態にある。,,0,,pendente,"narracao, sem limite de bytes"
v2070_oldata.bin:narracao:73,v2070_oldata.bin,73,44,エステルがサレに狙われたのは、その様な理由が,,0,,pendente,"narracao, sem limite de bytes"
v2070_oldata.bin:narracao:74,v2070_oldata.bin,74,18,あった為であった。,,0,,pendente,"narracao, sem limite de bytes"
v2070_oldata.bin:narracao:75,v2070_oldata.bin,75,44,休息を取った後、ユーリとリタがアドリビトムで,,0,,pendente,"narracao, sem limite de bytes"
v2070_oldata.bin:narracao:76,v2070_oldata.bin,76,20,働きたいと申し出た。,,0,,pendente,"narracao, sem limite de bytes"
v2070_oldata.bin:narracao:77,v2070_oldata.bin,77,48,何でも、ただエステルに雇われたはずが、王女誘拐の,,0,,pendente,"narracao, sem limite de bytes"
v2070_oldata.bin:narracao:78,v2070_oldata.bin,78,50,疑いをかけられ指名手配になり、ガルバンゾに戻る事が,,0,,pendente,"narracao, sem limite de bytes"
v2070_oldata.bin:narracao:79,v2070_oldata.bin,79,16,出来ないらしい。,,0,,pendente,"narracao, sem limite de bytes"
v2070_oldata.bin:narracao:80,v2070_oldata.bin,80,46,エステルもまた、採掘場に起こる異常現象の原因を,,0,,pendente,"narracao, sem limite de bytes"
v2070_oldata.bin:narracao:81,v2070_oldata.bin,81,46,確かめたいと、アドリビトムで働く事を申し出た。,,0,,pendente,"narracao, sem limite de bytes"
v2070_oldata.bin:narracao:82,v2070_oldata.bin,82,44,そして、エステルは早速、コンフェイト大森林で,,0,,pendente,"narracao, sem limite de bytes"
v2070_oldata.bin:narracao:83,v2070_oldata.bin,83,44,起こると言われる奇妙な現象の調査をアンジュに,,0,,pendente,"narracao, sem limite de bytes"
v2070_oldata.bin:narracao:84,v2070_oldata.bin,84,18,依頼したのだった。,,0,,pendente,"narracao, sem limite de bytes"
v2070_oldata.bin:narracao:85,v2070_oldata.bin,85,48,コンフェイト大森林で起きると言われる、奇妙な生物,,0,,pendente,"narracao, sem limite de bytes"
v2070_oldata.bin:narracao:86,v2070_oldata.bin,86,42,変化現象の調査には、○○が名乗りを上げた。,,0,,pendente,"narracao, sem limite de bytes"
v2070_oldata.bin:narracao:87,v2070_oldata.bin,87,42,依頼人であるエステル、そして護衛にリッド、,,0,,pendente,"narracao, sem limite de bytes"
v2070_oldata.bin:narracao:88,v2070_oldata.bin,88,48,分析調査を担当するフィリアを連れ、星晶採掘跡地を,,0,,pendente,"narracao, sem limite de bytes"
v2070_oldata.bin:narracao:89,v2070_oldata.bin,89,10,目指した。,,0,,pendente,"narracao, sem limite de bytes"
v2070_oldata.bin:narracao:90,v2070_oldata.bin,90,40,星晶は、生命の源であるマナを発している。,,0,,pendente,"narracao, sem limite de bytes"
v2070_oldata.bin:narracao:91,v2070_oldata.bin,91,48,その星晶が採掘される前は、森も生命に溢れていた。,,0,,pendente,"narracao, sem limite de bytes"
v2070_oldata.bin:narracao:92,v2070_oldata.bin,92,50,だが、今は魔物が増え、動物は減少傾向になっている。,,0,,pendente,"narracao, sem limite de bytes"
v2070_oldata.bin:narracao:93,v2070_oldata.bin,93,48,その上、星晶の採掘が原因で起こる生物変化現象…。,,0,,pendente,"narracao, sem limite de bytes"
v2070_oldata.bin:narracao:94,v2070_oldata.bin,94,46,エステルが耳にした話では、全く別の生物になって,,0,,pendente,"narracao, sem limite de bytes"
v2070_oldata.bin:narracao:95,v2070_oldata.bin,95,22,しまう程の変化らしい。,,0,,pendente,"narracao, sem limite de bytes"
v2070_oldata.bin:narracao:96,v2070_oldata.bin,96,46,この現象は、決まって採掘が終盤に近づいた頃から,,0,,pendente,"narracao, sem limite de bytes"
v2070_oldata.bin:narracao:97,v2070_oldata.bin,97,46,採掘し終えた期間に起こるらしく、この森以外にも,,0,,pendente,"narracao, sem limite de bytes"
v2070_oldata.bin:narracao:98,v2070_oldata.bin,98,30,三ヶ所も起こっている様だった。,,0,,pendente,"narracao, sem limite de bytes"
v2070_oldata.bin:narracao:99,v2070_oldata.bin,99,38,採掘跡地に着くと、そこには異様な光景が,,0,,pendente,"narracao, sem limite de bytes"
v2070_oldata.bin:narracao:100,v2070_oldata.bin,100,14,広がっていた。,,0,,pendente,"narracao, sem limite de bytes"
v2070_oldata.bin:narracao:101,v2070_oldata.bin,101,50,植物は無機物化し、地表の性質も有り様を変えていた。,,0,,pendente,"narracao, sem limite de bytes"
v2070_oldata.bin:narracao:102,v2070_oldata.bin,102,44,愕然としている一行の前に、二人の男が現れる。,,0,,pendente,"narracao, sem limite de bytes"
v2070_oldata.bin:narracao:103,v2070_oldata.bin,103,26,ユージーンとティトレイだ。,,0,,pendente,"narracao, sem limite de bytes"
v2070_oldata.bin:narracao:104,v2070_oldata.bin,104,46,何度か物資を届けた事があるリッドとフィリアは、,,0,,pendente,"narracao, sem limite de bytes"
v2070_oldata.bin:narracao:105,v2070_oldata.bin,105,28,彼らとは顔見知りの様だった。,,0,,pendente,"narracao, sem limite de bytes"
v2070_oldata.bin:narracao:106,v2070_oldata.bin,106,50,ユージーン達もこの奇妙な現象については関知している,,0,,pendente,"narracao, sem limite de bytes"
v2070_oldata.bin:narracao:107,v2070_oldata.bin,107,44,らしく、一行は船にユージーン達を招待してから,,0,,pendente,"narracao, sem limite de bytes"
v2070_oldata.bin:narracao:108,v2070_oldata.bin,108,26,ゆっくり話を聞く事にした。,,0,,pendente,"narracao, sem limite de bytes"
v2070_oldata.bin:narracao:109,v2070_oldata.bin,109,46,ユージーン達の話によると、やはりあの様な生物の,,0,,pendente,"narracao, sem limite de bytes"
v2070_oldata.bin:narracao:110,v2070_oldata.bin,110,42,変化は、星晶採掘が終盤に差し掛かった頃から,,0,,pendente,"narracao, sem limite de bytes"
v2070_oldata.bin:narracao:111,v2070_oldata.bin,111,16,始まったという。,,0,,pendente,"narracao, sem limite de bytes"
v2070_oldata.bin:narracao:112,v2070_oldata.bin,112,46,まず、星晶が土地から失われ、マナの恵みを失った,,0,,pendente,"narracao, sem limite de bytes"
v2070_oldata.bin:narracao:113,v2070_oldata.bin,113,48,土地が痩せ、畑からは作物が取れなくなっていった。,,0,,pendente,"narracao, sem limite de bytes"
v2070_oldata.bin:narracao:114,v2070_oldata.bin,114,48,その後、森の生物に奇妙な変化が現れたのだという。,,0,,pendente,"narracao, sem limite de bytes"
v2070_oldata.bin:narracao:115,v2070_oldata.bin,115,46,ほとんどの作物は、食するに適さず、動物を狩れば,,0,,pendente,"narracao, sem limite de bytes"
v2070_oldata.bin:narracao:116,v2070_oldata.bin,116,44,肉が無い。まともな食料を手に入れられた時は、,,0,,pendente,"narracao, sem limite de bytes"
v2070_oldata.bin:narracao:117,v2070_oldata.bin,117,26,奇跡とまで思える程である。,,0,,pendente,"narracao, sem limite de bytes"
v2070_oldata.bin:narracao:118,v2070_oldata.bin,118,50,元々星晶もなく、マナを生み出す世界樹の根もない土地,,0,,pendente,"narracao, sem limite de bytes"
v2070_oldata.bin:narracao:119,v2070_oldata.bin,119,50,というのはある。だが、その様な土地で、マナが少ない,,0,,pendente,"narracao, sem limite de bytes"
v2070_oldata.bin:narracao:120,v2070_oldata.bin,120,46,といった理由で生き物に変化が現れたという現象は,,0,,pendente,"narracao, sem limite de bytes"
v2070_oldata.bin:narracao:121,v2070_oldata.bin,121,22,起こった事は無いのだ。,,0,,pendente,"narracao, sem limite de bytes"
v2070_oldata.bin:narracao:122,v2070_oldata.bin,122,48,ひとまずアドリビトムでは、引き続き調査をしていく,,0,,pendente,"narracao, sem limite de bytes"
v2070_oldata.bin:narracao:123,v2070_oldata.bin,123,14,方針となった。,,0,,pendente,"narracao, sem limite de bytes"
v2070_oldata.bin:narracao:124,v2070_oldata.bin,124,50,そして、ユージーンとティトレイもまた、物資の少ない,,0,,pendente,"narracao, sem limite de bytes"
v2070_oldata.bin:narracao:125,v2070_oldata.bin,125,48,ヘーゼル村を効率よく助ける為に、アドリビトムへの,,0,,pendente,"narracao, sem limite de bytes"
v2070_oldata.bin:narracao:126,v2070_oldata.bin,126,22,所属を決めたのだった。,,0,,pendente,"narracao, sem limite de bytes"
v2070_oldata.bin:narracao:127,v2070_oldata.bin,127,50,一方、かつてアドリビトムのメンバーだった、キールと,,0,,pendente,"narracao, sem limite de bytes"
v2070_oldata.bin:narracao:128,v2070_oldata.bin,128,26,メルディが船にやって来た。,,0,,pendente,"narracao, sem limite de bytes"
v2070_oldata.bin:narracao:129,v2070_oldata.bin,129,50,二人は「持続可能な社会」を研究する為に大学で研究を,,0,,pendente,"narracao, sem limite de bytes"
v2070_oldata.bin:narracao:130,v2070_oldata.bin,130,48,していたが、星晶を巡る戦争で休校となったらしい。,,0,,pendente,"narracao, sem limite de bytes"
v2070_oldata.bin:narracao:131,v2070_oldata.bin,131,48,キールとメルディは仕方なく、アドリビトムで研究を,,0,,pendente,"narracao, sem limite de bytes"
v2070_oldata.bin:narracao:132,v2070_oldata.bin,132,22,続ける事になったのだ。,,0,,pendente,"narracao, sem limite de bytes"
v2070_oldata.bin:narracao:133,v2070_oldata.bin,133,46,キールが生物変化現象について、街で集めた情報に,,0,,pendente,"narracao, sem limite de bytes"
v2070_oldata.bin:narracao:134,v2070_oldata.bin,134,48,よると、生物に変化が現れた場所には、赤い煙の様な,,0,,pendente,"narracao, sem limite de bytes"
v2070_oldata.bin:narracao:135,v2070_oldata.bin,135,24,ものが現れていたらしい。,,0,,pendente,"narracao, sem limite de bytes"
v2070_oldata.bin:narracao:136,v2070_oldata.bin,136,46,ちょうど、数日前に採掘を終えたオルタータ火山が,,0,,pendente,"narracao, sem limite de bytes"
v2070_oldata.bin:narracao:137,v2070_oldata.bin,137,46,調査にうってつけだという情報を得て、アンジュは,,0,,pendente,"narracao, sem limite de bytes"
v2070_oldata.bin:narracao:138,v2070_oldata.bin,138,28,早速、調査の依頼を登録した。,,0,,pendente,"narracao, sem limite de bytes"
v2070_oldata.bin:narracao:139,v2070_oldata.bin,139,50,アンジュからの調査以来を受け、オルタータ火山にある,,0,,pendente,"narracao, sem limite de bytes"
v2070_oldata.bin:narracao:140,v2070_oldata.bin,140,50,今最も新しい星晶採掘跡地をウィルとルビアで目指す。,,0,,pendente,"narracao, sem limite de bytes"
v2070_oldata.bin:narracao:141,v2070_oldata.bin,141,44,星晶の採掘のせいか、この火山でもマナの恵みが,,0,,pendente,"narracao, sem limite de bytes"
v2070_oldata.bin:narracao:142,v2070_oldata.bin,142,44,無くなり、不安定な状態になっている様だった。,,0,,pendente,"narracao, sem limite de bytes"
v2070_oldata.bin:narracao:143,v2070_oldata.bin,143,46,星晶がエネルギーとして使用される様になるまで、,,0,,pendente,"narracao, sem limite de bytes"
v2070_oldata.bin:narracao:144,v2070_oldata.bin,144,44,人々は世界樹が生み出すマナだけで生きていた。,,0,,pendente,"narracao, sem limite de bytes"
v2070_oldata.bin:narracao:145,v2070_oldata.bin,145,46,昔の人は、マナを生み出してくれる世界樹に感謝を,,0,,pendente,"narracao, sem limite de bytes"
v2070_oldata.bin:narracao:146,v2070_oldata.bin,146,50,捧げていたが、今の文明は星晶を消費するだけである。,,0,,pendente,"narracao, sem limite de bytes"
v2070_oldata.bin:narracao:147,v2070_oldata.bin,147,48,ルビアが、星晶に頼らない世界になる様、切に願う。,,0,,pendente,"narracao, sem limite de bytes"
v2070_oldata.bin:narracao:148,v2070_oldata.bin,148,46,その為には、オルタ・ビレッジを実現させなければ,,0,,pendente,"narracao, sem limite de bytes"
v2070_oldata.bin:narracao:149,v2070_oldata.bin,149,10,ならない。,,0,,pendente,"narracao, sem limite de bytes"
v2070_oldata.bin:narracao:150,v2070_oldata.bin,150,50,キールらが研究している、人間が自然を壊さず調和し、,,0,,pendente,"narracao, sem limite de bytes"
v2070_oldata.bin:narracao:151,v2070_oldata.bin,151,40,人々が生活する為の衣食住が充分に行き渡る,,0,,pendente,"narracao, sem limite de bytes"
v2070_oldata.bin:narracao:152,v2070_oldata.bin,152,20,「持続可能な社会」。,,0,,pendente,"narracao, sem limite de bytes"
v2070_oldata.bin:narracao:153,v2070_oldata.bin,153,48,そして、その理念で運営する村、オルタ・ビレッジを,,0,,pendente,"narracao, sem limite de bytes"
v2070_oldata.bin:narracao:154,v2070_oldata.bin,154,38,作るのがアドリビトムの目的なのである。,,0,,pendente,"narracao, sem limite de bytes"
v2070_oldata.bin:narracao:155,v2070_oldata.bin,155,40,一行が採掘跡地へ着くと、おびただしい数の,,0,,pendente,"narracao, sem limite de bytes"
v2070_oldata.bin:narracao:156,v2070_oldata.bin,156,26,コクヨウ玉虫が死んでいた。,,0,,pendente,"narracao, sem limite de bytes"
v2070_oldata.bin:narracao:157,v2070_oldata.bin,157,50,貴重な種である生物の死にウィルが心を痛めていると、,,0,,pendente,"narracao, sem limite de bytes"
v2070_oldata.bin:narracao:158,v2070_oldata.bin,158,24,地表から赤い煙が現れた。,,0,,pendente,"narracao, sem limite de bytes"
v2070_oldata.bin:narracao:159,v2070_oldata.bin,159,50,赤い煙は、意志がある様に動き、一匹のコクヨウ玉虫に,,0,,pendente,"narracao, sem limite de bytes"
v2070_oldata.bin:narracao:160,v2070_oldata.bin,160,34,まとわり着き、やがて消えていった。,,0,,pendente,"narracao, sem limite de bytes"
v2070_oldata.bin:narracao:161,v2070_oldata.bin,161,48,単なる有害なガスなどでは無いと判断したウィルが、,,0,,pendente,"narracao, sem limite de bytes"
v2070_oldata.bin:narracao:162,v2070_oldata.bin,162,46,赤い煙がまとわりついたコクヨウ玉虫を手に取る。,,0,,pendente,"narracao, sem limite de bytes"
v2070_oldata.bin:narracao:163,v2070_oldata.bin,163,20,虫はまだ生きていた。,,0,,pendente,"narracao, sem limite de bytes"
v2070_oldata.bin:narracao:164,v2070_oldata.bin,164,36,赤い煙が生物変化の要因かもしれない。,,0,,pendente,"narracao, sem limite de bytes"
v2070_oldata.bin:narracao:165,v2070_oldata.bin,165,46,経過観察の為に、一行はこの虫を携えて帰還した。,,0,,pendente,"narracao, sem limite de bytes"
v2070_oldata.bin:narracao:166,v2070_oldata.bin,166,14,現れた赤い煙。,,0,,pendente,"narracao, sem limite de bytes"
v2070_oldata.bin:narracao:167,v2070_oldata.bin,167,48,ウィルが奇妙に思ったのは、赤い煙が「生きている」,,0,,pendente,"narracao, sem limite de bytes"
v2070_oldata.bin:narracao:168,v2070_oldata.bin,168,48,コクヨウ玉虫にしかまとわりつかなかった事だった。,,0,,pendente,"narracao, sem limite de bytes"
v2070_oldata.bin:narracao:169,v2070_oldata.bin,169,50,持ち帰ったコクヨウ玉虫を調べるも、取り立てて変化は,,0,,pendente,"narracao, sem limite de bytes"
v2070_oldata.bin:narracao:170,v2070_oldata.bin,170,50,見られず、経過を見る為にしばらく研究室にて飼育する,,0,,pendente,"narracao, sem limite de bytes"
v2070_oldata.bin:narracao:171,v2070_oldata.bin,171,12,事になった。,,0,,pendente,"narracao, sem limite de bytes"
v2070_oldata.bin:narracao:172,v2070_oldata.bin,172,30,それからしばらく経ったある時。,,0,,pendente,"narracao, sem limite de bytes"
v2070_oldata.bin:narracao:173,v2070_oldata.bin,173,50,モラード村から来た、ジョアンという男が依頼を届けに,,0,,pendente,"narracao, sem limite de bytes"
v2070_oldata.bin:narracao:174,v2070_oldata.bin,174,12,やって来る。,,0,,pendente,"narracao, sem limite de bytes"
v2070_oldata.bin:narracao:175,v2070_oldata.bin,175,48,ジョアンは、呼吸をするのも辛そうに咳を繰り返し、,,0,,pendente,"narracao, sem limite de bytes"
v2070_oldata.bin:narracao:176,v2070_oldata.bin,176,22,顔色もひどく悪かった。,,0,,pendente,"narracao, sem limite de bytes"
v2070_oldata.bin:narracao:177,v2070_oldata.bin,177,48,ジョアンの病気は薬では治らず、医者もさじを投げた,,0,,pendente,"narracao, sem limite de bytes"
v2070_oldata.bin:narracao:178,v2070_oldata.bin,178,34,いわゆる、不治の病という奴だった。,,0,,pendente,"narracao, sem limite de bytes"
v2070_oldata.bin:narracao:179,v2070_oldata.bin,179,48,そんなジョアンの依頼は、ブラウニー坑道の奥にいる,,0,,pendente,"narracao, sem limite de bytes"
v2070_oldata.bin:narracao:180,v2070_oldata.bin,180,50,「病気を治してくれる存在」の所まで護衛をして欲しい,,0,,pendente,"narracao, sem limite de bytes"
v2070_oldata.bin:narracao:181,v2070_oldata.bin,181,18,というものだった。,,0,,pendente,"narracao, sem limite de bytes"
v2070_oldata.bin:narracao:182,v2070_oldata.bin,182,48,奇妙な依頼にアンジュは少し戸惑ったが、ジョアンの,,0,,pendente,"narracao, sem limite de bytes"
v2070_oldata.bin:narracao:183,v2070_oldata.bin,183,46,苦しそうな様子から無碍に断る事が出来なかった。,,0,,pendente,"narracao, sem limite de bytes"
v2070_oldata.bin:narracao:184,v2070_oldata.bin,184,34,ジョアンの護衛には、○○が当たり、,,0,,pendente,"narracao, sem limite de bytes"
v2070_oldata.bin:narracao:185,v2070_oldata.bin,185,50,ファラとマルタを率いてブラウニー坑道へと向かった。,,0,,pendente,"narracao, sem limite de bytes"
v2070_oldata.bin:narracao:186,v2070_oldata.bin,186,34,病気を治す存在とは、どんなものか。,,0,,pendente,"narracao, sem limite de bytes"
v2070_oldata.bin:narracao:187,v2070_oldata.bin,187,50,聞けば、モラード村には、ジョアンと同じ病気になった,,0,,pendente,"narracao, sem limite de bytes"
v2070_oldata.bin:narracao:188,v2070_oldata.bin,188,32,「ミゲル」という男がいたという。,,0,,pendente,"narracao, sem limite de bytes"
v2070_oldata.bin:narracao:189,v2070_oldata.bin,189,50,ミゲルは、腕のいい医者に見てもらおうと、この坑道を,,0,,pendente,"narracao, sem limite de bytes"
v2070_oldata.bin:narracao:190,v2070_oldata.bin,190,50,通って大きな街を目指していたが、道中で発作が始まり,,0,,pendente,"narracao, sem limite de bytes"
v2070_oldata.bin:narracao:191,v2070_oldata.bin,191,20,死を覚悟したらしい。,,0,,pendente,"narracao, sem limite de bytes"
v2070_oldata.bin:narracao:192,v2070_oldata.bin,192,50,だが「もっと生きたい」とミゲルがそう強く願った時、,,0,,pendente,"narracao, sem limite de bytes"
v2070_oldata.bin:narracao:193,v2070_oldata.bin,193,38,どこからとも無く赤い煙が現れたという。,,0,,pendente,"narracao, sem limite de bytes"
v2070_oldata.bin:narracao:194,v2070_oldata.bin,194,50,赤い煙は、ミゲルを包みすぐに消えたらしいが、同時に,,0,,pendente,"narracao, sem limite de bytes"
v2070_oldata.bin:narracao:195,v2070_oldata.bin,195,32,彼の病気は治っていたというのだ。,,0,,pendente,"narracao, sem limite de bytes"
v2070_oldata.bin:narracao:196,v2070_oldata.bin,196,32,一行には、信じられない話だった。,,0,,pendente,"narracao, sem limite de bytes"
v2070_oldata.bin:narracao:197,v2070_oldata.bin,197,48,だが、○○達もまた、その事実を目にする事になる。,,0,,pendente,"narracao, sem limite de bytes"
v2070_oldata.bin:narracao:198,v2070_oldata.bin,198,32,ジョアンが赤い煙に接触したのだ。,,0,,pendente,"narracao, sem limite de bytes"
v2070_oldata.bin:narracao:199,v2070_oldata.bin,199,32,ジョアンの病気は瞬く間に快癒し、,,0,,pendente,"narracao, sem limite de bytes"
v2070_oldata.bin:narracao:200,v2070_oldata.bin,200,50,今までの弱っていた様子は嘘の様にはつらつとなった。,,0,,pendente,"narracao, sem limite de bytes"
v2070_oldata.bin:narracao:201,v2070_oldata.bin,201,38,○○達は、コクヨウ玉虫を包んだ赤い煙の,,0,,pendente,"narracao, sem limite de bytes"
v2070_oldata.bin:narracao:202,v2070_oldata.bin,202,40,事を思い出していた。不安が頭をもたげる。,,0,,pendente,"narracao, sem limite de bytes"
v2070_oldata.bin:narracao:203,v2070_oldata.bin,203,42,一行はすっきりしない気分で坑道を後にした。,,0,,pendente,"narracao, sem limite de bytes"
v2070_oldata.bin:narracao:204,v2070_oldata.bin,204,50,現時点では、赤い煙が生物変化の原因「かもしれない」,,0,,pendente,"narracao, sem limite de bytes"
v2070_oldata.bin:narracao:205,v2070_oldata.bin,205,18,というだけである。,,0,,pendente,"narracao, sem limite de bytes"
v2070_oldata.bin:narracao:206,v2070_oldata.bin,206,46,ただ、わかっているのは、赤い煙と生物変化という,,0,,pendente,"narracao, sem limite de bytes"
v2070_oldata.bin:narracao:207,v2070_oldata.bin,207,34,現象が「実在した」という事までだ。,,0,,pendente,"narracao, sem limite de bytes"
v2070_oldata.bin:narracao:208,v2070_oldata.bin,208,40,二つの現象の因果関係は、まだわからない。,,0,,pendente,"narracao, sem limite de bytes"
v2070_oldata.bin:narracao:209,v2070_oldata.bin,209,48,一方、アドリビトムには、「病気を治す存在」の元へ,,0,,pendente,"narracao, sem limite de bytes"
v2070_oldata.bin:narracao:210,v2070_oldata.bin,210,46,連れて行って欲しいと護衛の依頼が殺到していた。,,0,,pendente,"narracao, sem limite de bytes"
v2070_oldata.bin:narracao:211,v2070_oldata.bin,211,40,この存在の噂は、多くの所で広まっている。,,0,,pendente,"narracao, sem limite de bytes"
v2070_oldata.bin:narracao:212,v2070_oldata.bin,212,48,だが、赤い煙が危険なものかどうか不明である以上、,,0,,pendente,"narracao, sem limite de bytes"
v2070_oldata.bin:narracao:213,v2070_oldata.bin,213,34,安易に人々に接触はさせられないと、,,0,,pendente,"narracao, sem limite de bytes"
v2070_oldata.bin:narracao:214,v2070_oldata.bin,214,38,アンジュはこれらの依頼を断っていった。,,0,,pendente,"narracao, sem limite de bytes"
v2070_oldata.bin:narracao:215,v2070_oldata.bin,215,50,アンジュの呼びかけで、スパーダがギルドのメンバーに,,0,,pendente,"narracao, sem limite de bytes"
v2070_oldata.bin:narracao:216,v2070_oldata.bin,216,10,加わった。,,0,,pendente,"narracao, sem limite de bytes"
v2070_oldata.bin:narracao:217,v2070_oldata.bin,217,46,スパーダが船へ訪れる前に仕入れた情報によると、,,0,,pendente,"narracao, sem limite de bytes"
v2070_oldata.bin:narracao:218,v2070_oldata.bin,218,44,赤い煙は、割と大衆に知れ渡っている様だった。,,0,,pendente,"narracao, sem limite de bytes"
v2070_oldata.bin:narracao:219,v2070_oldata.bin,219,48,中でも気になった話が、「見る者によって、その煙の,,0,,pendente,"narracao, sem limite de bytes"
v2070_oldata.bin:narracao:220,v2070_oldata.bin,220,28,姿が違う」というものである。,,0,,pendente,"narracao, sem limite de bytes"
v2070_oldata.bin:narracao:221,v2070_oldata.bin,221,50,そもそも煙という不定形なものが、なぜ姿を持つのか。,,0,,pendente,"narracao, sem limite de bytes"
v2070_oldata.bin:narracao:222,v2070_oldata.bin,222,48,元々は煙として認識されていたが、今は、進化をする,,0,,pendente,"narracao, sem limite de bytes"
v2070_oldata.bin:narracao:223,v2070_oldata.bin,223,46,様に花や、虫、魚等の、色んな姿で現れるという。,,0,,pendente,"narracao, sem limite de bytes"
v2070_oldata.bin:narracao:224,v2070_oldata.bin,224,30,街の大衆にも変化は現れていた。,,0,,pendente,"narracao, sem limite de bytes"
v2070_oldata.bin:narracao:225,v2070_oldata.bin,225,48,その謎の存在に対する認識が、「病気を治す」から、,,0,,pendente,"narracao, sem limite de bytes"
v2070_oldata.bin:narracao:226,v2070_oldata.bin,226,40,いつの間にか「願いを叶える」というものに,,0,,pendente,"narracao, sem limite de bytes"
v2070_oldata.bin:narracao:227,v2070_oldata.bin,227,16,なっているのだ。,,0,,pendente,"narracao, sem limite de bytes"
v2070_oldata.bin:narracao:228,v2070_oldata.bin,228,50,アンジュはその話を聞いて、直感的にその存在が危険な,,0,,pendente,"narracao, sem limite de bytes"
v2070_oldata.bin:narracao:229,v2070_oldata.bin,229,22,ものである事を悟った。,,0,,pendente,"narracao, sem limite de bytes"
v2070_oldata.bin:narracao:230,v2070_oldata.bin,230,50,そして、もっと多くの人々がその存在を求めるだろうと,,0,,pendente,"narracao, sem limite de bytes"
v2070_oldata.bin:narracao:231,v2070_oldata.bin,231,12,いう事も…。,,0,,pendente,"narracao, sem limite de bytes"
v2070_oldata.bin:narracao:232,v2070_oldata.bin,232,48,一方、研究室で飼育していたコクヨウ玉虫にも変化が,,0,,pendente,"narracao, sem limite de bytes"
v2070_oldata.bin:narracao:233,v2070_oldata.bin,233,48,現れた。呼吸する為の気門は消え、目も、口も無い。,,0,,pendente,"narracao, sem limite de bytes"
v2070_oldata.bin:narracao:234,v2070_oldata.bin,234,48,それは、生物としてあるべきものが失せ、鉱物の様な,,0,,pendente,"narracao, sem limite de bytes"
v2070_oldata.bin:narracao:235,v2070_oldata.bin,235,42,姿へ変じていた。あの赤い煙のせいだろうか。,,0,,pendente,"narracao, sem limite de bytes"
v2070_oldata.bin:narracao:236,v2070_oldata.bin,236,46,その可能性は濃厚だが、ハロルドはもう一例くらい,,0,,pendente,"narracao, sem limite de bytes"
v2070_oldata.bin:narracao:237,v2070_oldata.bin,237,28,確認した方がいいと判断した。,,0,,pendente,"narracao, sem limite de bytes"
v2070_oldata.bin:narracao:238,v2070_oldata.bin,238,48,時を同じくして、ジョアンの故郷モラード村の村長、,,0,,pendente,"narracao, sem limite de bytes"
v2070_oldata.bin:narracao:239,v2070_oldata.bin,239,20,トマスが船に訪れた。,,0,,pendente,"narracao, sem limite de bytes"
v2070_oldata.bin:narracao:240,v2070_oldata.bin,240,30,彼はある依頼を届けに来たのだ。,,0,,pendente,"narracao, sem limite de bytes"
v2070_oldata.bin:narracao:241,v2070_oldata.bin,241,48,トマスの依頼は、カダイフ砂漠のオアシスに、魔物を,,0,,pendente,"narracao, sem limite de bytes"
v2070_oldata.bin:narracao:242,v2070_oldata.bin,242,40,捨てて来て欲しいという、妙なものだった。,,0,,pendente,"narracao, sem limite de bytes"
v2070_oldata.bin:narracao:243,v2070_oldata.bin,243,44,その魔物は村に入り込んだもので、既に捕らえて,,0,,pendente,"narracao, sem limite de bytes"
v2070_oldata.bin:narracao:244,v2070_oldata.bin,244,26,ケージに入れているらしい。,,0,,pendente,"narracao, sem limite de bytes"
v2070_oldata.bin:narracao:245,v2070_oldata.bin,245,46,だが、なぜわざわざ捨てる必要があるのだろうか。,,0,,pendente,"narracao, sem limite de bytes"
v2070_oldata.bin:narracao:246,v2070_oldata.bin,246,50,それに対してトマスはただ、「殺すまでは出来ない」と,,0,,pendente,"narracao, sem limite de bytes"
v2070_oldata.bin:narracao:247,v2070_oldata.bin,247,18,言うばかりだった。,,0,,pendente,"narracao, sem limite de bytes"
v2070_oldata.bin:narracao:248,v2070_oldata.bin,248,50,依頼には、ケージの中を覗かない、オアシスまで運ぶ、,,0,,pendente,"narracao, sem limite de bytes"
v2070_oldata.bin:narracao:249,v2070_oldata.bin,249,50,着いたら扉の錠を外し、立ち去るという契約があった。,,0,,pendente,"narracao, sem limite de bytes"
v2070_oldata.bin:narracao:250,v2070_oldata.bin,250,50,しかし、オアシスに到着すると意外な事実が発覚する。,,0,,pendente,"narracao, sem limite de bytes"
v2070_oldata.bin:narracao:251,v2070_oldata.bin,251,40,ケージの中にいたのは、魔物ではなく人間。,,0,,pendente,"narracao, sem limite de bytes"
v2070_oldata.bin:narracao:252,v2070_oldata.bin,252,44,以前、アドリビトムへ依頼をしてきたジョアン、,,0,,pendente,"narracao, sem limite de bytes"
v2070_oldata.bin:narracao:253,v2070_oldata.bin,253,48,そして同じく赤い煙に触れたミゲルという男だった。,,0,,pendente,"narracao, sem limite de bytes"
v2070_oldata.bin:narracao:254,v2070_oldata.bin,254,44,彼らの身体は、コクヨウ玉虫同様、異質な変化を,,0,,pendente,"narracao, sem limite de bytes"
v2070_oldata.bin:narracao:255,v2070_oldata.bin,255,12,遂げていた。,,0,,pendente,"narracao, sem limite de bytes"
v2070_oldata.bin:narracao:256,v2070_oldata.bin,256,42,二人の話によると、病から開放されてしばらく,,0,,pendente,"narracao, sem limite de bytes"
v2070_oldata.bin:narracao:257,v2070_oldata.bin,257,38,経った後、この様な変化が現れたという。,,0,,pendente,"narracao, sem limite de bytes"
v2070_oldata.bin:narracao:258,v2070_oldata.bin,258,48,そして、自我を失い、村を襲った為に、この様にして,,0,,pendente,"narracao, sem limite de bytes"
v2070_oldata.bin:narracao:259,v2070_oldata.bin,259,36,村から追い出されたのだろうと話した。,,0,,pendente,"narracao, sem limite de bytes"
v2070_oldata.bin:narracao:260,v2070_oldata.bin,260,46,異形の姿では故郷に戻れないと悲嘆に暮れる二人。,,0,,pendente,"narracao, sem limite de bytes"
v2070_oldata.bin:narracao:261,v2070_oldata.bin,261,38,ふと、○○がジョアン達に手をかざした。,,0,,pendente,"narracao, sem limite de bytes"
v2070_oldata.bin:narracao:262,v2070_oldata.bin,262,42,なぜ、そうしたのかは、○○にもわからない。,,0,,pendente,"narracao, sem limite de bytes"
v2070_oldata.bin:narracao:263,v2070_oldata.bin,263,40,しかし、○○のかざした手が虹色に輝く光を,,0,,pendente,"narracao, sem limite de bytes"
v2070_oldata.bin:narracao:264,v2070_oldata.bin,264,20,発し、二人を包んだ。,,0,,pendente,"narracao, sem limite de bytes"
v2070_oldata.bin:narracao:265,v2070_oldata.bin,265,46,光に包まれた二人はみるみる人間の姿を取り戻す。,,0,,pendente,"narracao, sem limite de bytes"
v2070_oldata.bin:narracao:266,v2070_oldata.bin,266,36,元の姿に戻った事を喜ぶ二人だったが、,,0,,pendente,"narracao, sem limite de bytes"
v2070_oldata.bin:narracao:267,v2070_oldata.bin,267,20,すぐに表情が曇った。,,0,,pendente,"narracao, sem limite de bytes"
v2070_oldata.bin:narracao:268,v2070_oldata.bin,268,48,またあんな姿になるのではと、村を追い出される事を,,0,,pendente,"narracao, sem limite de bytes"
v2070_oldata.bin:narracao:269,v2070_oldata.bin,269,18,予想していたのだ。,,0,,pendente,"narracao, sem limite de bytes"
v2070_oldata.bin:narracao:270,v2070_oldata.bin,270,42,ひとまず彼らの居場所を探す為、一行は船へと,,0,,pendente,"narracao, sem limite de bytes"
v2070_oldata.bin:narracao:271,v2070_oldata.bin,271,18,帰還する事にした。,,0,,pendente,"narracao, sem limite de bytes"
v2070_oldata.bin:narracao:272,v2070_oldata.bin,272,44,村に戻れないジョアン達は、アンジュの計らいで,,0,,pendente,"narracao, sem limite de bytes"
v2070_oldata.bin:narracao:273,v2070_oldata.bin,273,42,オルタ・ビレッジの建築に携わる事になった。,,0,,pendente,"narracao, sem limite de bytes"
v2070_oldata.bin:narracao:274,v2070_oldata.bin,274,48,そして、赤い煙を浴びたコクヨウ玉虫、ジョアン達に,,0,,pendente,"narracao, sem limite de bytes"
v2070_oldata.bin:narracao:275,v2070_oldata.bin,275,12,起きた変化。,,0,,pendente,"narracao, sem limite de bytes"
v2070_oldata.bin:narracao:276,v2070_oldata.bin,276,48,この二つから、赤い煙が「生物変化の原因」であると,,0,,pendente,"narracao, sem limite de bytes"
v2070_oldata.bin:narracao:277,v2070_oldata.bin,277,10,確定する。,,0,,pendente,"narracao, sem limite de bytes"
v2070_oldata.bin:narracao:278,v2070_oldata.bin,278,46,ただ、ヒトを治癒したり、生物変化を起こす過程に,,0,,pendente,"narracao, sem limite de bytes"
v2070_oldata.bin:narracao:279,v2070_oldata.bin,279,22,ついては不明のままだ。,,0,,pendente,"narracao, sem limite de bytes"
v2070_oldata.bin:narracao:280,v2070_oldata.bin,280,46,これ以上、赤い煙が人に接触しない様にしなくては,,0,,pendente,"narracao, sem limite de bytes"
v2070_oldata.bin:narracao:281,v2070_oldata.bin,281,48,ならないが、次はどこに現れるかは予測がつかない。,,0,,pendente,"narracao, sem limite de bytes"
v2070_oldata.bin:narracao:282,v2070_oldata.bin,282,50,だが、アンジュは、再び護衛の依頼が来る事を睨んで、,,0,,pendente,"narracao, sem limite de bytes"
v2070_oldata.bin:narracao:283,v2070_oldata.bin,283,34,赤い煙の出現の情報を待つ事にした。,,0,,pendente,"narracao, sem limite de bytes"
v2070_oldata.bin:narracao:284,v2070_oldata.bin,284,50,それからしばらくして、船に新しいメンバーが訪れる。,,0,,pendente,"narracao, sem limite de bytes"
v2070_oldata.bin:narracao:285,v2070_oldata.bin,285,36,ミントと旧知の仲であったアーチェだ。,,0,,pendente,"narracao, sem limite de bytes"
v2070_oldata.bin:narracao:286,v2070_oldata.bin,286,46,アーチェは、ソーサラーリングという指輪を持って,,0,,pendente,"narracao, sem limite de bytes"
v2070_oldata.bin:narracao:287,v2070_oldata.bin,287,50,来ていた。何でも、未踏の地への道を開く代物らしい。,,0,,pendente,"narracao, sem limite de bytes"
v2070_oldata.bin:narracao:288,v2070_oldata.bin,288,52,ミントはリングをアンジュに預け、一つの依頼を届けた。,,0,,pendente,"narracao, sem limite de bytes"
v2070_oldata.bin:narracao:289,v2070_oldata.bin,289,50,現時点で、ソーサラーリングは、何の効力も持たない。,,0,,pendente,"narracao, sem limite de bytes"
v2070_oldata.bin:narracao:290,v2070_oldata.bin,290,44,使える様にするには、自然界のエネルギーを注入,,0,,pendente,"narracao, sem limite de bytes"
v2070_oldata.bin:narracao:291,v2070_oldata.bin,291,24,しなければならないのだ。,,0,,pendente,"narracao, sem limite de bytes"
v2070_oldata.bin:narracao:292,v2070_oldata.bin,292,48,そのエネルギーを注入する場所を、リングスポットと,,0,,pendente,"narracao, sem limite de bytes"
v2070_oldata.bin:narracao:293,v2070_oldata.bin,293,38,言い、そこへは○○が向かう事になった。,,0,,pendente,"narracao, sem limite de bytes"
v2070_oldata.bin:narracao:294,v2070_oldata.bin,294,38,そして、○○はオルタータ火山の中にある,,0,,pendente,"narracao, sem limite de bytes"
v2070_oldata.bin:narracao:295,v2070_oldata.bin,295,48,リングスポットにて、リングに自然界のエネルギーを,,0,,pendente,"narracao, sem limite de bytes"
v2070_oldata.bin:narracao:296,v2070_oldata.bin,296,32,注入し、効力を与える事が出来た。,,0,,pendente,"narracao, sem limite de bytes"
v2070_oldata.bin:narracao:297,v2070_oldata.bin,297,40,ソーサラーリングは、まだ効力を上げる事が,,0,,pendente,"narracao, sem limite de bytes"
v2070_oldata.bin:narracao:298,v2070_oldata.bin,298,14,出来るという。,,0,,pendente,"narracao, sem limite de bytes"
v2070_oldata.bin:narracao:299,v2070_oldata.bin,299,36,新しいリングスポットが発見されれば、,,0,,pendente,"narracao, sem limite de bytes"
v2070_oldata.bin:narracao:300,v2070_oldata.bin,300,24,また教えてもらえる様だ。,,0,,pendente,"narracao, sem limite de bytes"
v2070_oldata.bin:narracao:301,v2070_oldata.bin,301,34,○○はアンジュよりリングを預かり、,,0,,pendente,"narracao, sem limite de bytes"
v2070_oldata.bin:narracao:302,v2070_oldata.bin,302,32,自由に使用する権限を与えられた。,,0,,pendente,"narracao, sem limite de bytes"
v2070_oldata.bin:narracao:303,v2070_oldata.bin,303,42,一方、赤い煙についての情報は依然つかめない,,0,,pendente,"narracao, sem limite de bytes"
v2070_oldata.bin:narracao:304,v2070_oldata.bin,304,12,ままだった。,,0,,pendente,"narracao, sem limite de bytes"
v2070_oldata.bin:narracao:305,v2070_oldata.bin,305,42,精霊なら、正体を知っていたりするだろうか、,,0,,pendente,"narracao, sem limite de bytes"
v2070_oldata.bin:narracao:306,v2070_oldata.bin,306,42,という声が上がると、クラトスが口を開いた。,,0,,pendente,"narracao, sem limite de bytes"
v2070_oldata.bin:narracao:307,v2070_oldata.bin,307,38,精霊と交流を持つ、ミブナの里という場所,,0,,pendente,"narracao, sem limite de bytes"
v2070_oldata.bin:narracao:308,v2070_oldata.bin,308,10,があると。,,0,,pendente,"narracao, sem limite de bytes"
v2070_oldata.bin:narracao:309,v2070_oldata.bin,309,46,そして、クラトスは、その里へ行く意志があるなら,,0,,pendente,"narracao, sem limite de bytes"
v2070_oldata.bin:narracao:310,v2070_oldata.bin,310,40,案内をしようと、依頼としてこれを届けた。,,0,,pendente,"narracao, sem limite de bytes"
v2070_oldata.bin:narracao:311,v2070_oldata.bin,311,40,精霊と関わりのある里が、本当にあるのか。,,0,,pendente,"narracao, sem limite de bytes"
v2070_oldata.bin:narracao:312,v2070_oldata.bin,312,46,しかし、赤い煙についての調査が進むのであれば、,,0,,pendente,"narracao, sem limite de bytes"
v2070_oldata.bin:narracao:313,v2070_oldata.bin,313,28,四の五の言ってはいられない。,,0,,pendente,"narracao, sem limite de bytes"
v2070_oldata.bin:narracao:314,v2070_oldata.bin,314,38,赤い煙について、何らかの知識を聞く為に,,0,,pendente,"narracao, sem limite de bytes"
v2070_oldata.bin:narracao:315,v2070_oldata.bin,315,40,○○は依頼を受け、ブラウニー坑道を通って,,0,,pendente,"narracao, sem limite de bytes"
v2070_oldata.bin:narracao:316,v2070_oldata.bin,316,20,ミブナの里へ向かう。,,0,,pendente,"narracao, sem limite de bytes"
v2070_oldata.bin:narracao:317,v2070_oldata.bin,317,40,道案内にクラトス、そしてハロルドを迎えて,,0,,pendente,"narracao, sem limite de bytes"
v2070_oldata.bin:narracao:318,v2070_oldata.bin,318,14,○○は進んだ。,,0,,pendente,"narracao, sem limite de bytes"
v2070_oldata.bin:narracao:319,v2070_oldata.bin,319,38,道中で、ハロルドが一枚のチラシを拾う。,,0,,pendente,"narracao, sem limite de bytes"
v2070_oldata.bin:narracao:320,v2070_oldata.bin,320,50,暁の従者―、ディセンダーの出現を待つ新興宗教の勧誘,,0,,pendente,"narracao, sem limite de bytes"
v2070_oldata.bin:narracao:321,v2070_oldata.bin,321,14,チラシだった。,,0,,pendente,"narracao, sem limite de bytes"
v2070_oldata.bin:narracao:322,v2070_oldata.bin,322,48,戦乱や格差社会にあえぐ世間では、今ディセンダーの,,0,,pendente,"narracao, sem limite de bytes"
v2070_oldata.bin:narracao:323,v2070_oldata.bin,323,34,出現を待つ宗教が次々に興っている。,,0,,pendente,"narracao, sem limite de bytes"
v2070_oldata.bin:narracao:324,v2070_oldata.bin,324,48,中でも暁の従者は、最も活動に力を注ぐ集団だった。,,0,,pendente,"narracao, sem limite de bytes"
v2070_oldata.bin:narracao:325,v2070_oldata.bin,325,30,多くの人々が救いを求めている。,,0,,pendente,"narracao, sem limite de bytes"
v2070_oldata.bin:narracao:326,v2070_oldata.bin,326,34,○○は、何か言い知れぬもどかしさを,,0,,pendente,"narracao, sem limite de bytes"
v2070_oldata.bin:narracao:327,v2070_oldata.bin,327,12,感じていた。,,0,,pendente,"narracao, sem limite de bytes"
v2070_oldata.bin:narracao:328,v2070_oldata.bin,328,34,そんな中、遠くで叫び声が聞こえる。,,0,,pendente,"narracao, sem limite de bytes"
v2070_oldata.bin:narracao:329,v2070_oldata.bin,329,34,声の元へ急ぐと、魔物が暴れていた。,,0,,pendente,"narracao, sem limite de bytes"
v2070_oldata.bin:narracao:330,v2070_oldata.bin,330,40,一行が倒すと、魔物は跡形も無く姿を消す。,,0,,pendente,"narracao, sem limite de bytes"
v2070_oldata.bin:narracao:331,v2070_oldata.bin,331,42,そして、入れ替わる様に一人の女性が現れた。,,0,,pendente,"narracao, sem limite de bytes"
v2070_oldata.bin:narracao:332,v2070_oldata.bin,332,46,彼女はしいな。クラトスとは顔見知りの様だった。,,0,,pendente,"narracao, sem limite de bytes"
v2070_oldata.bin:narracao:333,v2070_oldata.bin,333,42,魔物は、しいなが光気丹術という技術で作った,,0,,pendente,"narracao, sem limite de bytes"
v2070_oldata.bin:narracao:334,v2070_oldata.bin,334,22,人工精霊だったらしい。,,0,,pendente,"narracao, sem limite de bytes"
v2070_oldata.bin:narracao:335,v2070_oldata.bin,335,46,クラトスは、早速精霊に会いたいと交渉をするが、,,0,,pendente,"narracao, sem limite de bytes"
v2070_oldata.bin:narracao:336,v2070_oldata.bin,336,44,帝国が近辺の星晶を採掘し過ぎた為に、今はもう,,0,,pendente,"narracao, sem limite de bytes"
v2070_oldata.bin:narracao:337,v2070_oldata.bin,337,28,いなくなってしまったという。,,0,,pendente,"narracao, sem limite de bytes"
v2070_oldata.bin:narracao:338,v2070_oldata.bin,338,34,これ以上進んでも精霊には会えない。,,0,,pendente,"narracao, sem limite de bytes"
v2070_oldata.bin:narracao:339,v2070_oldata.bin,339,48,しかし、後でしいなが精霊がいる場所を記した文献を,,0,,pendente,"narracao, sem limite de bytes"
v2070_oldata.bin:narracao:340,v2070_oldata.bin,340,46,届けてくれると約束をしてくれ、一行は船へと帰還,,0,,pendente,"narracao, sem limite de bytes"
v2070_oldata.bin:narracao:341,v2070_oldata.bin,341,16,する事になった。,,0,,pendente,"narracao, sem limite de bytes"
v2070_oldata.bin:narracao:342,v2070_oldata.bin,342,36,まだ望みが絶たれたわけではないのだ。,,0,,pendente,"narracao, sem limite de bytes"
v2070_oldata.bin:narracao:343,v2070_oldata.bin,343,42,研究室の面々は、人工精霊や光気丹術の存在に,,0,,pendente,"narracao, sem limite de bytes"
v2070_oldata.bin:narracao:344,v2070_oldata.bin,344,12,心躍らせた。,,0,,pendente,"narracao, sem limite de bytes"
v2070_oldata.bin:narracao:345,v2070_oldata.bin,345,40,中でもリタは、光気丹術について食いつき、,,0,,pendente,"narracao, sem limite de bytes"
v2070_oldata.bin:narracao:346,v2070_oldata.bin,346,32,魔術の曙とでも言える太古の技術、,,0,,pendente,"narracao, sem limite de bytes"
v2070_oldata.bin:narracao:347,v2070_oldata.bin,347,36,ソウルアルケミーと同じかもしれないと,,0,,pendente,"narracao, sem limite de bytes"
v2070_oldata.bin:narracao:348,v2070_oldata.bin,348,20,ひどく興奮していた。,,0,,pendente,"narracao, sem limite de bytes"
v2070_oldata.bin:narracao:349,v2070_oldata.bin,349,46,やがて、しいながロイド達を率いて来船し、精霊に,,0,,pendente,"narracao, sem limite de bytes"
v2070_oldata.bin:narracao:350,v2070_oldata.bin,350,26,ついての文献が届けられた。,,0,,pendente,"narracao, sem limite de bytes"
v2070_oldata.bin:narracao:351,v2070_oldata.bin,351,50,しいなの来船に、早速リタが光気丹術について尋ねる。,,0,,pendente,"narracao, sem limite de bytes"
v2070_oldata.bin:narracao:352,v2070_oldata.bin,352,44,本来、ミブナの里から門外不出となっているが、,,0,,pendente,"narracao, sem limite de bytes"
v2070_oldata.bin:narracao:353,v2070_oldata.bin,353,48,生物変化の現象を解決する糸口になるかもしれないと,,0,,pendente,"narracao, sem limite de bytes"
v2070_oldata.bin:narracao:354,v2070_oldata.bin,354,44,説得すると、しいなは光気丹術経を差し出した。,,0,,pendente,"narracao, sem limite de bytes"
v2070_oldata.bin:narracao:355,v2070_oldata.bin,355,46,そして光気丹術を調べると、人工精霊の作り方等、,,0,,pendente,"narracao, sem limite de bytes"
v2070_oldata.bin:narracao:356,v2070_oldata.bin,356,50,リタが追い求めているソウルアルケミーの技術の一端で,,0,,pendente,"narracao, sem limite de bytes"
v2070_oldata.bin:narracao:357,v2070_oldata.bin,357,16,ある事がわかる。,,0,,pendente,"narracao, sem limite de bytes"
v2070_oldata.bin:narracao:358,v2070_oldata.bin,358,50,ソウルアルケミーは、物質の情報となるエネルギー体、,,0,,pendente,"narracao, sem limite de bytes"
v2070_oldata.bin:narracao:359,v2070_oldata.bin,359,48,ドクメントをいじったり、作り出したりする技術で、,,0,,pendente,"narracao, sem limite de bytes"
v2070_oldata.bin:narracao:360,v2070_oldata.bin,360,40,生物変化は、この仕組みで起こっているかも,,0,,pendente,"narracao, sem limite de bytes"
v2070_oldata.bin:narracao:361,v2070_oldata.bin,361,14,しれないのだ。,,0,,pendente,"narracao, sem limite de bytes"
v2070_oldata.bin:narracao:362,v2070_oldata.bin,362,36,しかし、この様な技術を易々と扱う事は,,0,,pendente,"narracao, sem limite de bytes"
v2070_oldata.bin:narracao:363,v2070_oldata.bin,363,38,常人にはとても不可能だともリタは言う。,,0,,pendente,"narracao, sem limite de bytes"
v2070_oldata.bin:narracao:364,v2070_oldata.bin,364,46,そんな中、「例の存在に会いたい」と護衛の依頼が,,0,,pendente,"narracao, sem limite de bytes"
v2070_oldata.bin:narracao:365,v2070_oldata.bin,365,22,アドリビトムに届いた。,,0,,pendente,"narracao, sem limite de bytes"
v2070_oldata.bin:narracao:366,v2070_oldata.bin,366,40,赤い煙…、願いを叶えるという存在である。,,0,,pendente,"narracao, sem limite de bytes"
v2070_oldata.bin:narracao:367,v2070_oldata.bin,367,44,依頼内容によれば、場所はルバーブ連山だった。,,0,,pendente,"narracao, sem limite de bytes"
v2070_oldata.bin:narracao:368,v2070_oldata.bin,368,42,アンジュはこの依頼を受けず、この情報を元に,,0,,pendente,"narracao, sem limite de bytes"
v2070_oldata.bin:narracao:369,v2070_oldata.bin,369,44,ルバーブ連山へとメンバーを派遣する事にした。,,0,,pendente,"narracao, sem limite de bytes"
v2070_oldata.bin:narracao:370,v2070_oldata.bin,370,46,これ以上、あの存在と人々を接触させない為に…。,,0,,pendente,"narracao, sem limite de bytes"
v2070_oldata.bin:narracao:371,v2070_oldata.bin,371,34,○○がティトレイとメルディを連れ、,,0,,pendente,"narracao, sem limite de bytes"
v2070_oldata.bin:narracao:372,v2070_oldata.bin,372,22,ルバーブ連山に向かう。,,0,,pendente,"narracao, sem limite de bytes"
v2070_oldata.bin:narracao:373,v2070_oldata.bin,373,44,途中、「願いを叶える存在」の元へ行こうとする,,0,,pendente,"narracao, sem limite de bytes"
v2070_oldata.bin:narracao:374,v2070_oldata.bin,374,36,民間人を追い返しながら、道を急いだ。,,0,,pendente,"narracao, sem limite de bytes"
v2070_oldata.bin:narracao:375,v2070_oldata.bin,375,50,やがて、ティトレイが視線の先に奇妙な「赤い人影」を,,0,,pendente,"narracao, sem limite de bytes"
v2070_oldata.bin:narracao:376,v2070_oldata.bin,376,36,発見する。赤い煙だったモノだろうか。,,0,,pendente,"narracao, sem limite de bytes"
v2070_oldata.bin:narracao:377,v2070_oldata.bin,377,30,これが願いを叶える存在なのか。,,0,,pendente,"narracao, sem limite de bytes"
v2070_oldata.bin:narracao:378,v2070_oldata.bin,378,48,ティトレイがその存在に問い詰めるが、赤い人影は、,,0,,pendente,"narracao, sem limite de bytes"
v2070_oldata.bin:narracao:379,v2070_oldata.bin,379,32,ただゆらゆらと○○達を見つめる。,,0,,pendente,"narracao, sem limite de bytes"
v2070_oldata.bin:narracao:380,v2070_oldata.bin,380,34,それは、本能か何かか、○○の存在を,,0,,pendente,"narracao, sem limite de bytes"
v2070_oldata.bin:narracao:381,v2070_oldata.bin,381,36,理解しようとする様にも見受けられた。,,0,,pendente,"narracao, sem limite de bytes"
v2070_oldata.bin:narracao:382,v2070_oldata.bin,382,34,だが、そんな中、暁の従者が現れる。,,0,,pendente,"narracao, sem limite de bytes"
v2070_oldata.bin:narracao:383,v2070_oldata.bin,383,44,彼らは、その存在を「ディセンダー様」と呼び、,,0,,pendente,"narracao, sem limite de bytes"
v2070_oldata.bin:narracao:384,v2070_oldata.bin,384,36,○○達を捲いて連れ去って行ったのだ。,,0,,pendente,"narracao, sem limite de bytes"
v2070_oldata.bin:narracao:385,v2070_oldata.bin,385,46,あの様な存在が、ディセンダーであるはずがない。,,0,,pendente,"narracao, sem limite de bytes"
v2070_oldata.bin:narracao:386,v2070_oldata.bin,386,44,もし、あのまま信仰の対象にされ、多くの人々が,,0,,pendente,"narracao, sem limite de bytes"
v2070_oldata.bin:narracao:387,v2070_oldata.bin,387,46,接触してしまえば大変な事になってしまうだろう。,,0,,pendente,"narracao, sem limite de bytes"
v2070_oldata.bin:narracao:388,v2070_oldata.bin,388,50,リタの研究で、コクヨウ玉虫のドクメントが侵食されて,,0,,pendente,"narracao, sem limite de bytes"
v2070_oldata.bin:narracao:389,v2070_oldata.bin,389,18,いる事がわかった。,,0,,pendente,"narracao, sem limite de bytes"
v2070_oldata.bin:narracao:390,v2070_oldata.bin,390,48,ドクメントが書き換えられ、全く違う生物、正しくは,,0,,pendente,"narracao, sem limite de bytes"
v2070_oldata.bin:narracao:391,v2070_oldata.bin,391,48,生物という仕組みから外れたものになっていたのだ。,,0,,pendente,"narracao, sem limite de bytes"
v2070_oldata.bin:narracao:392,v2070_oldata.bin,392,50,ドクメントもこの世界に存在しないものになっている。,,0,,pendente,"narracao, sem limite de bytes"
v2070_oldata.bin:narracao:393,v2070_oldata.bin,393,46,「赤い煙」が他の生物に接触する事で、その生物の,,0,,pendente,"narracao, sem limite de bytes"
v2070_oldata.bin:narracao:394,v2070_oldata.bin,394,22,ドクメントが変化する。,,0,,pendente,"narracao, sem limite de bytes"
v2070_oldata.bin:narracao:395,v2070_oldata.bin,395,30,そして、「赤い煙」自身の変容。,,0,,pendente,"narracao, sem limite de bytes"
v2070_oldata.bin:narracao:396,v2070_oldata.bin,396,40,この事から、しいなは一つの仮説を立てた。,,0,,pendente,"narracao, sem limite de bytes"
v2070_oldata.bin:narracao:397,v2070_oldata.bin,397,40,「願いを叶えて欲しい」という強い想いに、,,0,,pendente,"narracao, sem limite de bytes"
v2070_oldata.bin:narracao:398,v2070_oldata.bin,398,26,「赤い煙」は反応している。,,0,,pendente,"narracao, sem limite de bytes"
v2070_oldata.bin:narracao:399,v2070_oldata.bin,399,50,相手の「想い」に接触する時に、相手のドクメントから,,0,,pendente,"narracao, sem limite de bytes"
v2070_oldata.bin:narracao:400,v2070_oldata.bin,400,36,学習し、進化しているのではないかと。,,0,,pendente,"narracao, sem limite de bytes"
v2070_oldata.bin:narracao:401,v2070_oldata.bin,401,44,だが、最も不明な点は、その存在の目的だった。,,0,,pendente,"narracao, sem limite de bytes"
v2070_oldata.bin:narracao:402,v2070_oldata.bin,402,32,もやもやとした謎を抱えている間、,,0,,pendente,"narracao, sem limite de bytes"
v2070_oldata.bin:narracao:403,v2070_oldata.bin,403,28,船に新たなメンバーが増える。,,0,,pendente,"narracao, sem limite de bytes"
v2070_oldata.bin:narracao:404,v2070_oldata.bin,404,42,エステルを連れ戻しに来たアスベルとソフィ。,,0,,pendente,"narracao, sem limite de bytes"
v2070_oldata.bin:narracao:405,v2070_oldata.bin,405,46,国民の暴動により、避難して来た王族のナタリア、,,0,,pendente,"narracao, sem limite de bytes"
v2070_oldata.bin:narracao:406,v2070_oldata.bin,406,26,護衛のジェイドとティアだ。,,0,,pendente,"narracao, sem limite de bytes"
v2070_oldata.bin:narracao:407,v2070_oldata.bin,407,42,ナタリアの国、ライマ国の暴動は、暁の従者の,,0,,pendente,"narracao, sem limite de bytes"
v2070_oldata.bin:narracao:408,v2070_oldata.bin,408,28,導引によるものだったという。,,0,,pendente,"narracao, sem limite de bytes"
v2070_oldata.bin:narracao:409,v2070_oldata.bin,409,34,ライマ国は星晶の利権には恵まれず、,,0,,pendente,"narracao, sem limite de bytes"
v2070_oldata.bin:narracao:410,v2070_oldata.bin,410,32,国民に、苦しい思いをさせていた。,,0,,pendente,"narracao, sem limite de bytes"
v2070_oldata.bin:narracao:411,v2070_oldata.bin,411,46,そこに暁の従者が現れ、ディセンダーを担ぎ出し、,,0,,pendente,"narracao, sem limite de bytes"
v2070_oldata.bin:narracao:412,v2070_oldata.bin,412,48,救いの説法を持ち出した事で、国民の不満が爆発して,,0,,pendente,"narracao, sem limite de bytes"
v2070_oldata.bin:narracao:413,v2070_oldata.bin,413,14,しまったのだ。,,0,,pendente,"narracao, sem limite de bytes"
v2070_oldata.bin:narracao:414,v2070_oldata.bin,414,44,アンジュが暁の従者を追っている事を告げると、,,0,,pendente,"narracao, sem limite de bytes"
v2070_oldata.bin:narracao:415,v2070_oldata.bin,415,40,ジェイドは彼らの拠点がアルマナック遺跡に,,0,,pendente,"narracao, sem limite de bytes"
v2070_oldata.bin:narracao:416,v2070_oldata.bin,416,22,ある事を教えてくれた。,,0,,pendente,"narracao, sem limite de bytes"
v2070_oldata.bin:narracao:417,v2070_oldata.bin,417,40,あの得体の知れない赤く光る存在を、救世主,,0,,pendente,"narracao, sem limite de bytes"
v2070_oldata.bin:narracao:418,v2070_oldata.bin,418,38,「ディセンダー」として、奉る暁の従者。,,0,,pendente,"narracao, sem limite de bytes"
v2070_oldata.bin:narracao:419,v2070_oldata.bin,419,40,早く、彼らからあの存在を切り離さなければ,,0,,pendente,"narracao, sem limite de bytes"
v2070_oldata.bin:narracao:420,v2070_oldata.bin,420,24,大変な事になってしまう。,,0,,pendente,"narracao, sem limite de bytes"
v2070_oldata.bin:narracao:421,v2070_oldata.bin,421,34,○○は、アンジュとジェイドを率いて,,0,,pendente,"narracao, sem limite de bytes"
v2070_oldata.bin:narracao:422,v2070_oldata.bin,422,28,アルマナック遺跡へ向かった。,,0,,pendente,"narracao, sem limite de bytes"
v2070_oldata.bin:narracao:423,v2070_oldata.bin,423,44,道中で立ちはだかった暁の従者は、超常的な力を,,0,,pendente,"narracao, sem limite de bytes"
v2070_oldata.bin:narracao:424,v2070_oldata.bin,424,12,持っていた。,,0,,pendente,"narracao, sem limite de bytes"
v2070_oldata.bin:narracao:425,v2070_oldata.bin,425,42,それは、ディセンダーとされる、あの存在から,,0,,pendente,"narracao, sem limite de bytes"
v2070_oldata.bin:narracao:426,v2070_oldata.bin,426,22,授けられたものらしい。,,0,,pendente,"narracao, sem limite de bytes"
v2070_oldata.bin:narracao:427,v2070_oldata.bin,427,48,暁の従者は、自分達の救世主を守ろうと戦いを挑んで,,0,,pendente,"narracao, sem limite de bytes"
v2070_oldata.bin:narracao:428,v2070_oldata.bin,428,46,来たが、彼らの身体にも生物変化が起きてしまう。,,0,,pendente,"narracao, sem limite de bytes"
v2070_oldata.bin:narracao:429,v2070_oldata.bin,429,46,暁の従者は、己の異様な姿に慄き、「ラザリス」と,,0,,pendente,"narracao, sem limite de bytes"
v2070_oldata.bin:narracao:430,v2070_oldata.bin,430,26,名乗る存在に助けを求めた。,,0,,pendente,"narracao, sem limite de bytes"
v2070_oldata.bin:narracao:431,v2070_oldata.bin,431,40,ラザリス―、あの赤い煙だった存在なのか。,,0,,pendente,"narracao, sem limite de bytes"
v2070_oldata.bin:narracao:432,v2070_oldata.bin,432,40,しかし、暁の従者はすげなくあしらわれる。,,0,,pendente,"narracao, sem limite de bytes"
v2070_oldata.bin:narracao:433,v2070_oldata.bin,433,38,ラザリスは、自らを「ルミナシアの様に、,,0,,pendente,"narracao, sem limite de bytes"
v2070_oldata.bin:narracao:434,v2070_oldata.bin,434,38,誕生するはずだった世界」だと明かした。,,0,,pendente,"narracao, sem limite de bytes"
v2070_oldata.bin:narracao:435,v2070_oldata.bin,435,44,そして、ルミナシアの世界の在り方に、苛立ちを,,0,,pendente,"narracao, sem limite de bytes"
v2070_oldata.bin:narracao:436,v2070_oldata.bin,436,28,爆発させて一人去って行った。,,0,,pendente,"narracao, sem limite de bytes"
v2070_oldata.bin:narracao:437,v2070_oldata.bin,437,30,○○は、以前ジョアンにした様に,,0,,pendente,"narracao, sem limite de bytes"
v2070_oldata.bin:narracao:438,v2070_oldata.bin,438,26,暁の従者の姿を元へと戻す。,,0,,pendente,"narracao, sem limite de bytes"
v2070_oldata.bin:narracao:439,v2070_oldata.bin,439,40,姿を取り戻した暁の従者達もまた、救世主に,,0,,pendente,"narracao, sem limite de bytes"
v2070_oldata.bin:narracao:440,v2070_oldata.bin,440,38,見捨てられ、呆然となって去っていった。,,0,,pendente,"narracao, sem limite de bytes"
v2070_oldata.bin:narracao:441,v2070_oldata.bin,441,48,あの存在は、やはりディセンダーではなかったのだ。,,0,,pendente,"narracao, sem limite de bytes"
v2070_oldata.bin:narracao:442,v2070_oldata.bin,442,44,ジョアンや暁の従者を、異形の姿から元に戻した,,0,,pendente,"narracao, sem limite de bytes"
v2070_oldata.bin:narracao:443,v2070_oldata.bin,443,18,○○の不思議な力。,,0,,pendente,"narracao, sem limite de bytes"
v2070_oldata.bin:narracao:444,v2070_oldata.bin,444,42,研究室のメンバーから見れば、それはあたかも,,0,,pendente,"narracao, sem limite de bytes"
v2070_oldata.bin:narracao:445,v2070_oldata.bin,445,30,ソウルアルケミーの様だと言う。,,0,,pendente,"narracao, sem limite de bytes"
v2070_oldata.bin:narracao:446,v2070_oldata.bin,446,40,しかし、○○自身には何もわからなかった。,,0,,pendente,"narracao, sem limite de bytes"
v2070_oldata.bin:narracao:447,v2070_oldata.bin,447,32,今後の対策を練る間、○○は食堂で,,0,,pendente,"narracao, sem limite de bytes"
v2070_oldata.bin:narracao:448,v2070_oldata.bin,448,24,ひと時の団欒を過ごした。,,0,,pendente,"narracao, sem limite de bytes"
v2070_oldata.bin:narracao:449,v2070_oldata.bin,449,40,カノンノがまた絵を見に来て欲しいと誘う。,,0,,pendente,"narracao, sem limite de bytes"
v2070_oldata.bin:narracao:450,v2070_oldata.bin,450,32,絵を見てくれる○○を、カノンノは,,0,,pendente,"narracao, sem limite de bytes"
v2070_oldata.bin:narracao:451,v2070_oldata.bin,451,36,気に入っている様だとロックスが話す。,,0,,pendente,"narracao, sem limite de bytes"
v2070_oldata.bin:narracao:452,v2070_oldata.bin,452,50,そして、ロックスは過去に亡くなったカノンノの両親に,,0,,pendente,"narracao, sem limite de bytes"
v2070_oldata.bin:narracao:453,v2070_oldata.bin,453,48,仕えていた事、それからずっとカノンノを育てていた,,0,,pendente,"narracao, sem limite de bytes"
v2070_oldata.bin:narracao:454,v2070_oldata.bin,454,12,事を話した。,,0,,pendente,"narracao, sem limite de bytes"
v2070_oldata.bin:narracao:455,v2070_oldata.bin,455,44,一方、ラザリスは、ルミナシアの世界を傍観し、,,0,,pendente,"narracao, sem limite de bytes"
v2070_oldata.bin:narracao:456,v2070_oldata.bin,456,12,嘆いていた。,,0,,pendente,"narracao, sem limite de bytes"
v2070_oldata.bin:narracao:457,v2070_oldata.bin,457,50,自分が生みたくても、生めなかった世界を食いつぶし、,,0,,pendente,"narracao, sem limite de bytes"
v2070_oldata.bin:narracao:458,v2070_oldata.bin,458,32,際限なく欲しがってばかりの人々。,,0,,pendente,"narracao, sem limite de bytes"
v2070_oldata.bin:narracao:459,v2070_oldata.bin,459,50,自分が世界を作ったら、こんな世界にはしなかったと。,,0,,pendente,"narracao, sem limite de bytes"
v2070_oldata.bin:narracao:460,v2070_oldata.bin,460,44,程なくして、船にはナタリアと同じくライマ国の,,0,,pendente,"narracao, sem limite de bytes"
v2070_oldata.bin:narracao:461,v2070_oldata.bin,461,48,王族、ルークとアッシュ、そして二人の剣の師である,,0,,pendente,"narracao, sem limite de bytes"
v2070_oldata.bin:narracao:462,v2070_oldata.bin,462,20,ヴァンがやって来た。,,0,,pendente,"narracao, sem limite de bytes"
v2070_oldata.bin:narracao:463,v2070_oldata.bin,463,44,新しい仲間を迎えたそんな頃、精霊がいる土地へ,,0,,pendente,"narracao, sem limite de bytes"
v2070_oldata.bin:narracao:464,v2070_oldata.bin,464,36,船を着陸させる事が出来る様になった。,,0,,pendente,"narracao, sem limite de bytes"
v2070_oldata.bin:narracao:465,v2070_oldata.bin,465,30,次の目的地は、霊峰アブソール。,,0,,pendente,"narracao, sem limite de bytes"
v2070_oldata.bin:narracao:466,v2070_oldata.bin,466,32,いよいよ精霊に会いに行けるのだ。,,0,,pendente,"narracao, sem limite de bytes"
v2070_oldata.bin:narracao:467,v2070_oldata.bin,467,36,○○は、精霊に会って、ラザリスの事や,,0,,pendente,"narracao, sem limite de bytes"
v2070_oldata.bin:narracao:468,v2070_oldata.bin,468,40,世界の始まりの事を聞くという依頼を受け、,,0,,pendente,"narracao, sem limite de bytes"
v2070_oldata.bin:narracao:469,v2070_oldata.bin,469,50,エミルとカイウスを連れ、霊峰アブソールへ向かった。,,0,,pendente,"narracao, sem limite de bytes"
v2070_oldata.bin:narracao:470,v2070_oldata.bin,470,48,寒く、雪に脚を取られる苛酷な環境を進むと、一人の,,0,,pendente,"narracao, sem limite de bytes"
v2070_oldata.bin:narracao:471,v2070_oldata.bin,471,26,男、リヒターが佇んでいた。,,0,,pendente,"narracao, sem limite de bytes"
v2070_oldata.bin:narracao:472,v2070_oldata.bin,472,38,リヒターは、○○達が精霊を探していると,,0,,pendente,"narracao, sem limite de bytes"
v2070_oldata.bin:narracao:473,v2070_oldata.bin,473,34,知ると、剣を抜き戦いを挑んで来た。,,0,,pendente,"narracao, sem limite de bytes"
v2070_oldata.bin:narracao:474,v2070_oldata.bin,474,32,○○達は、リヒターの動きを封じ、,,0,,pendente,"narracao, sem limite de bytes"
v2070_oldata.bin:narracao:475,v2070_oldata.bin,475,34,精霊に会いたいという誠意を伝える。,,0,,pendente,"narracao, sem limite de bytes"
v2070_oldata.bin:narracao:476,v2070_oldata.bin,476,50,すると、どこからともなく氷の精霊セルシウスが現れ、,,0,,pendente,"narracao, sem limite de bytes"
v2070_oldata.bin:narracao:477,v2070_oldata.bin,477,32,○○を「ディセンダー」と呼んだ。,,0,,pendente,"narracao, sem limite de bytes"
v2070_oldata.bin:narracao:478,v2070_oldata.bin,478,36,カイウスとエミルが驚きの声を上げる。,,0,,pendente,"narracao, sem limite de bytes"
v2070_oldata.bin:narracao:479,v2070_oldata.bin,479,36,○○に記憶がなかったのは、予言通り、,,0,,pendente,"narracao, sem limite de bytes"
v2070_oldata.bin:narracao:480,v2070_oldata.bin,480,46,世界樹から生まれて何も知らないからだったのだ。,,0,,pendente,"narracao, sem limite de bytes"
v2070_oldata.bin:narracao:481,v2070_oldata.bin,481,46,精霊は、世界の始まり、創世の時については知らな,,0,,pendente,"narracao, sem limite de bytes"
v2070_oldata.bin:narracao:482,v2070_oldata.bin,482,50,かったが、星晶により封じられていた「大きな災厄」に,,0,,pendente,"narracao, sem limite de bytes"
v2070_oldata.bin:narracao:483,v2070_oldata.bin,483,20,ついて話してくれた。,,0,,pendente,"narracao, sem limite de bytes"
v2070_oldata.bin:narracao:484,v2070_oldata.bin,484,34,それは、ラザリスの事なのだろうか。,,0,,pendente,"narracao, sem limite de bytes"
v2070_oldata.bin:narracao:485,v2070_oldata.bin,485,38,リヒターとセルシウスは、ディセンダーに,,0,,pendente,"narracao, sem limite de bytes"
v2070_oldata.bin:narracao:486,v2070_oldata.bin,486,30,与して力を貸すと決め、○○達と,,0,,pendente,"narracao, sem limite de bytes"
v2070_oldata.bin:narracao:487,v2070_oldata.bin,487,12,山を降りた。,,0,,pendente,"narracao, sem limite de bytes"
v2070_oldata.bin:narracao:488,v2070_oldata.bin,488,38,帰還した後、○○がディセンダーであると,,0,,pendente,"narracao, sem limite de bytes"
v2070_oldata.bin:narracao:489,v2070_oldata.bin,489,44,いう話はすぐに広まり、皆、一様に驚いていた。,,0,,pendente,"narracao, sem limite de bytes"
v2070_oldata.bin:narracao:490,v2070_oldata.bin,490,28,そういえば、○○には一つだけ,,0,,pendente,"narracao, sem limite de bytes"
v2070_oldata.bin:narracao:491,v2070_oldata.bin,491,46,ヒトとは違う特異な能力があったとイリアが言う。,,0,,pendente,"narracao, sem limite de bytes"
v2070_oldata.bin:narracao:492,v2070_oldata.bin,492,46,生物変化で異形の姿になったものを、元に戻す力。,,0,,pendente,"narracao, sem limite de bytes"
v2070_oldata.bin:narracao:493,v2070_oldata.bin,493,44,それこそがディセンダーの能力だったのである。,,0,,pendente,"narracao, sem limite de bytes"
v2070_oldata.bin:narracao:494,v2070_oldata.bin,494,50,セルシウスら精霊は、創世の時については知らないが、,,0,,pendente,"narracao, sem limite de bytes"
v2070_oldata.bin:narracao:495,v2070_oldata.bin,495,46,この「世の創世に立ち会った者」がいたという事を,,0,,pendente,"narracao, sem limite de bytes"
v2070_oldata.bin:narracao:496,v2070_oldata.bin,496,12,知っていた。,,0,,pendente,"narracao, sem limite de bytes"
v2070_oldata.bin:narracao:497,v2070_oldata.bin,497,50,創世に立ち会ったのは、ヒトでも無く、精霊でも無い。,,0,,pendente,"narracao, sem limite de bytes"
v2070_oldata.bin:narracao:498,v2070_oldata.bin,498,50,そして、その存在から、創世の時についてを聞いたのが,,0,,pendente,"narracao, sem limite de bytes"
v2070_oldata.bin:narracao:499,v2070_oldata.bin,499,22,ヒトの祖なのだという。,,0,,pendente,"narracao, sem limite de bytes"
v2070_oldata.bin:narracao:500,v2070_oldata.bin,500,48,遥か太古、ヒトは、精霊に近い非物質の存在だった。,,0,,pendente,"narracao, sem limite de bytes"
v2070_oldata.bin:narracao:501,v2070_oldata.bin,501,48,そして、物質体を自らソウルアルケミーにて設計し、,,0,,pendente,"narracao, sem limite de bytes"
v2070_oldata.bin:narracao:502,v2070_oldata.bin,502,38,今あるヒトとして地上に増え栄えたのだ。,,0,,pendente,"narracao, sem limite de bytes"
v2070_oldata.bin:narracao:503,v2070_oldata.bin,503,32,その創世の時の事を知るヒトの祖は,,0,,pendente,"narracao, sem limite de bytes"
v2070_oldata.bin:narracao:504,v2070_oldata.bin,504,40,もう存在しないが、ヒトの祖が残した遺構、,,0,,pendente,"narracao, sem limite de bytes"
v2070_oldata.bin:narracao:505,v2070_oldata.bin,505,40,ヴェラトローパはまだ存在しているという。,,0,,pendente,"narracao, sem limite de bytes"
v2070_oldata.bin:narracao:506,v2070_oldata.bin,506,48,しかし、その遺構も非物質。雲を掴む様な話だった。,,0,,pendente,"narracao, sem limite de bytes"
v2070_oldata.bin:narracao:507,v2070_oldata.bin,507,40,何とか、その非物質状態を物質化させようと,,0,,pendente,"narracao, sem limite de bytes"
v2070_oldata.bin:narracao:508,v2070_oldata.bin,508,48,ハロルドが知恵を凝らしたが、異世界からカイル達を,,0,,pendente,"narracao, sem limite de bytes"
v2070_oldata.bin:narracao:509,v2070_oldata.bin,509,44,呼び込んでしまったりと船は珍事に見舞われた。,,0,,pendente,"narracao, sem limite de bytes"
v2070_oldata.bin:narracao:510,v2070_oldata.bin,510,48,そんな最中、ユージーンやヴェイグ達は深刻な表情で,,0,,pendente,"narracao, sem limite de bytes"
v2070_oldata.bin:narracao:511,v2070_oldata.bin,511,32,アンジュへある依頼を届けていた。,,0,,pendente,"narracao, sem limite de bytes"
v2070_oldata.bin:narracao:512,v2070_oldata.bin,512,40,ユージーン達の故郷、ヘーゼル村の働き手が,,0,,pendente,"narracao, sem limite de bytes"
v2070_oldata.bin:narracao:513,v2070_oldata.bin,513,28,帝国に連れて行かれたという。,,0,,pendente,"narracao, sem limite de bytes"
v2070_oldata.bin:narracao:514,v2070_oldata.bin,514,50,村近辺の星晶採掘の後、今度は遠くにある星晶採掘地へ,,0,,pendente,"narracao, sem limite de bytes"
v2070_oldata.bin:narracao:515,v2070_oldata.bin,515,40,連行され、強制労働を強いられていたのだ。,,0,,pendente,"narracao, sem limite de bytes"
v2070_oldata.bin:narracao:516,v2070_oldata.bin,516,48,この村人を解放しに、ユージーンとヴェイグが向かう,,0,,pendente,"narracao, sem limite de bytes"
v2070_oldata.bin:narracao:517,v2070_oldata.bin,517,50,一方、ヘーゼル村に残っている者も、土地のマナ不足で,,0,,pendente,"narracao, sem limite de bytes"
v2070_oldata.bin:narracao:518,v2070_oldata.bin,518,48,もう生活を続ける事は出来ず、アニーとティトレイが,,0,,pendente,"narracao, sem limite de bytes"
v2070_oldata.bin:narracao:519,v2070_oldata.bin,519,46,村人を建設中のオルタ・ビレッジへ移住させる為に,,0,,pendente,"narracao, sem limite de bytes"
v2070_oldata.bin:narracao:520,v2070_oldata.bin,520,14,船を出ていた。,,0,,pendente,"narracao, sem limite de bytes"
v2070_oldata.bin:narracao:521,v2070_oldata.bin,521,44,二手とも、オルタ・ビレッジへ移動する為には、,,0,,pendente,"narracao, sem limite de bytes"
v2070_oldata.bin:narracao:522,v2070_oldata.bin,522,36,カダイフ砂漠を越えなければならない。,,0,,pendente,"narracao, sem limite de bytes"
v2070_oldata.bin:narracao:523,v2070_oldata.bin,523,32,○○は、ヘーゼル村の者達が無事に,,0,,pendente,"narracao, sem limite de bytes"
v2070_oldata.bin:narracao:524,v2070_oldata.bin,524,36,砂漠を越えられるよう、周辺の魔物…、,,0,,pendente,"narracao, sem limite de bytes"
v2070_oldata.bin:narracao:525,v2070_oldata.bin,525,48,中でも凶悪な魔物であるティランピオンを探し出し、,,0,,pendente,"narracao, sem limite de bytes"
v2070_oldata.bin:narracao:526,v2070_oldata.bin,526,38,討伐するという仕事を受ける事になった。,,0,,pendente,"narracao, sem limite de bytes"
v2070_oldata.bin:narracao:527,v2070_oldata.bin,527,36,○○達の力で、ティランピオンの討伐は,,0,,pendente,"narracao, sem limite de bytes"
v2070_oldata.bin:narracao:528,v2070_oldata.bin,528,42,無事に達成され、ヘーゼル村の者達は新天地へ,,0,,pendente,"narracao, sem limite de bytes"
v2070_oldata.bin:narracao:529,v2070_oldata.bin,529,12,辿り着けた。,,0,,pendente,"narracao, sem limite de bytes"
v2070_oldata.bin:narracao:530,v2070_oldata.bin,530,42,だが、オルタ・ビレッジも動き出したばかり。,,0,,pendente,"narracao, sem limite de bytes"
v2070_oldata.bin:narracao:531,v2070_oldata.bin,531,28,まだまだ問題は山積みだった。,,0,,pendente,"narracao, sem limite de bytes"
v2070_oldata.bin:narracao:532,v2070_oldata.bin,532,50,ヴェラトローパを出現させる為には、ヴェラトローパの,,0,,pendente,"narracao, sem limite de bytes"
v2070_oldata.bin:narracao:533,v2070_oldata.bin,533,30,ドクメントが必要なのだという。,,0,,pendente,"narracao, sem limite de bytes"
v2070_oldata.bin:narracao:534,v2070_oldata.bin,534,42,このどうにもならない問題に、研究室の面々は,,0,,pendente,"narracao, sem limite de bytes"
v2070_oldata.bin:narracao:535,v2070_oldata.bin,535,16,頭を抱えていた。,,0,,pendente,"narracao, sem limite de bytes"
v2070_oldata.bin:narracao:536,v2070_oldata.bin,536,42,そんな中、カノンノがセルシウスにスケッチを,,0,,pendente,"narracao, sem limite de bytes"
v2070_oldata.bin:narracao:537,v2070_oldata.bin,537,12,見せていた。,,0,,pendente,"narracao, sem limite de bytes"
v2070_oldata.bin:narracao:538,v2070_oldata.bin,538,50,訪れた事の無い、だけども見えてしまうどこかの風景。,,0,,pendente,"narracao, sem limite de bytes"
v2070_oldata.bin:narracao:539,v2070_oldata.bin,539,48,精霊なら、何か知っている風景があるのではないかと,,0,,pendente,"narracao, sem limite de bytes"
v2070_oldata.bin:narracao:540,v2070_oldata.bin,540,12,思ったのだ。,,0,,pendente,"narracao, sem limite de bytes"
v2070_oldata.bin:narracao:541,v2070_oldata.bin,541,50,そして、たくさんの絵の中、一つだけセルシウスが知る,,0,,pendente,"narracao, sem limite de bytes"
v2070_oldata.bin:narracao:542,v2070_oldata.bin,542,32,風景があった。ヴェラトローパだ。,,0,,pendente,"narracao, sem limite de bytes"
v2070_oldata.bin:narracao:543,v2070_oldata.bin,543,40,なぜ、ヴェラトローパの風景を描いたのか。,,0,,pendente,"narracao, sem limite de bytes"
v2070_oldata.bin:narracao:544,v2070_oldata.bin,544,40,カノンノ自身にも、それはわからなかった。,,0,,pendente,"narracao, sem limite de bytes"
v2070_oldata.bin:narracao:545,v2070_oldata.bin,545,48,リタはカノンノのドクメントを見ると、通常ヒトには,,0,,pendente,"narracao, sem limite de bytes"
v2070_oldata.bin:narracao:546,v2070_oldata.bin,546,30,無い異質なドクメントがあった。,,0,,pendente,"narracao, sem limite de bytes"
v2070_oldata.bin:narracao:547,v2070_oldata.bin,547,44,そして、それにはヴェラトローパのドクメントが,,0,,pendente,"narracao, sem limite de bytes"
v2070_oldata.bin:narracao:548,v2070_oldata.bin,548,18,含まれていたのだ。,,0,,pendente,"narracao, sem limite de bytes"
v2070_oldata.bin:narracao:549,v2070_oldata.bin,549,46,ドクメントの展開は、肉体に大きな負担を与える。,,0,,pendente,"narracao, sem limite de bytes"
v2070_oldata.bin:narracao:550,v2070_oldata.bin,550,46,だが、危険を承知でカノンノはドクメントの展開を,,0,,pendente,"narracao, sem limite de bytes"
v2070_oldata.bin:narracao:551,v2070_oldata.bin,551,50,リタに頼み、中にあったヴェラトローパのドクメントは,,0,,pendente,"narracao, sem limite de bytes"
v2070_oldata.bin:narracao:552,v2070_oldata.bin,552,30,意外な形で入手する事になった。,,0,,pendente,"narracao, sem limite de bytes"
v2070_oldata.bin:narracao:553,v2070_oldata.bin,553,40,かくしてヴェラトローパの物質化は実現し、,,0,,pendente,"narracao, sem limite de bytes"
v2070_oldata.bin:narracao:554,v2070_oldata.bin,554,32,創世の時の謎への道が開いたのだ。,,0,,pendente,"narracao, sem limite de bytes"
v2070_oldata.bin:narracao:555,v2070_oldata.bin,555,38,ヴェラトローパに足を踏み入れる、○○、,,0,,pendente,"narracao, sem limite de bytes"
v2070_oldata.bin:narracao:556,v2070_oldata.bin,556,22,キール、ジュディス達。,,0,,pendente,"narracao, sem limite de bytes"
v2070_oldata.bin:narracao:557,v2070_oldata.bin,557,48,ラザリスの事を知る為に、創世の時についての調査を,,0,,pendente,"narracao, sem limite de bytes"
v2070_oldata.bin:narracao:558,v2070_oldata.bin,558,48,しなければならないが、ここでそれをどう調査すれば,,0,,pendente,"narracao, sem limite de bytes"
v2070_oldata.bin:narracao:559,v2070_oldata.bin,559,30,いいのかは全くの手探りである。,,0,,pendente,"narracao, sem limite de bytes"
v2070_oldata.bin:narracao:560,v2070_oldata.bin,560,44,その為、同行には、太古の文献に詳しいキール、,,0,,pendente,"narracao, sem limite de bytes"
v2070_oldata.bin:narracao:561,v2070_oldata.bin,561,42,物から情報を読み取る能力を持つジュディスが,,0,,pendente,"narracao, sem limite de bytes"
v2070_oldata.bin:narracao:562,v2070_oldata.bin,562,16,当てられていた。,,0,,pendente,"narracao, sem limite de bytes"
v2070_oldata.bin:narracao:563,v2070_oldata.bin,563,48,ヴェラトローパ内部にある、四つの壁画にあった情報,,0,,pendente,"narracao, sem limite de bytes"
v2070_oldata.bin:narracao:564,v2070_oldata.bin,564,44,から、ルミナシアの世界樹は、もう一つの世界を,,0,,pendente,"narracao, sem limite de bytes"
v2070_oldata.bin:narracao:565,v2070_oldata.bin,565,34,取り込んでいるという事が判明する。,,0,,pendente,"narracao, sem limite de bytes"
v2070_oldata.bin:narracao:566,v2070_oldata.bin,566,42,もう一つの世界、それこそがラザリスであり、,,0,,pendente,"narracao, sem limite de bytes"
v2070_oldata.bin:narracao:567,v2070_oldata.bin,567,46,セルシウスが言っていた「災厄」だったのである。,,0,,pendente,"narracao, sem limite de bytes"
v2070_oldata.bin:narracao:568,v2070_oldata.bin,568,38,どの様な災厄だったのか、ジュディスには,,0,,pendente,"narracao, sem limite de bytes"
v2070_oldata.bin:narracao:569,v2070_oldata.bin,569,46,「あまりにも理が違っていた」という情報までしか,,0,,pendente,"narracao, sem limite de bytes"
v2070_oldata.bin:narracao:570,v2070_oldata.bin,570,26,感知する事は出来なかった。,,0,,pendente,"narracao, sem limite de bytes"
v2070_oldata.bin:narracao:571,v2070_oldata.bin,571,36,そして、○○達は「創世を見届けし者」,,0,,pendente,"narracao, sem limite de bytes"
v2070_oldata.bin:narracao:572,v2070_oldata.bin,572,16,ニアタに出会う。,,0,,pendente,"narracao, sem limite de bytes"
v2070_oldata.bin:narracao:573,v2070_oldata.bin,573,48,だが、ニアタが世界樹、世界の誕生についてを話して,,0,,pendente,"narracao, sem limite de bytes"
v2070_oldata.bin:narracao:574,v2070_oldata.bin,574,48,くれている最中、ラザリスが現れ、ニアタを破壊して,,0,,pendente,"narracao, sem limite de bytes"
v2070_oldata.bin:narracao:575,v2070_oldata.bin,575,8,しまう。,,0,,pendente,"narracao, sem limite de bytes"
v2070_oldata.bin:narracao:576,v2070_oldata.bin,576,42,そして、ラザリスは天を突く程の巨大なキバを,,0,,pendente,"narracao, sem limite de bytes"
v2070_oldata.bin:narracao:577,v2070_oldata.bin,577,24,出現させ、去って行った。,,0,,pendente,"narracao, sem limite de bytes"
v2070_oldata.bin:narracao:578,v2070_oldata.bin,578,38,ラザリスの狙いは、この世界ルミナシア。,,0,,pendente,"narracao, sem limite de bytes"
v2070_oldata.bin:narracao:579,v2070_oldata.bin,579,48,生まれるはずだった自分の世界、ジルディアへ変える,,0,,pendente,"narracao, sem limite de bytes"
v2070_oldata.bin:narracao:580,v2070_oldata.bin,580,48,為に世界樹にある生命の場を奪おうとしているのだ。,,0,,pendente,"narracao, sem limite de bytes"
v2070_oldata.bin:narracao:581,v2070_oldata.bin,581,50,生命の場とは、マナを生み出す部分であり、全ての源、,,0,,pendente,"narracao, sem limite de bytes"
v2070_oldata.bin:narracao:582,v2070_oldata.bin,582,48,世界樹の心臓、世界そのもののドクメントでもある。,,0,,pendente,"narracao, sem limite de bytes"
v2070_oldata.bin:narracao:583,v2070_oldata.bin,583,50,それは世界樹自身か、その分身であるディセンダーしか,,0,,pendente,"narracao, sem limite de bytes"
v2070_oldata.bin:narracao:584,v2070_oldata.bin,584,16,扱えないらしい。,,0,,pendente,"narracao, sem limite de bytes"
v2070_oldata.bin:narracao:585,v2070_oldata.bin,585,36,だが、○○には、生命の場についてなど,,0,,pendente,"narracao, sem limite de bytes"
v2070_oldata.bin:narracao:586,v2070_oldata.bin,586,18,何も知らなかった。,,0,,pendente,"narracao, sem limite de bytes"
v2070_oldata.bin:narracao:587,v2070_oldata.bin,587,50,もし、世界が作り変えられれば、ラザリスの世界の理に,,0,,pendente,"narracao, sem limite de bytes"
v2070_oldata.bin:narracao:588,v2070_oldata.bin,588,40,適応出来ずに死ぬか、異質な生命へ変化して,,0,,pendente,"narracao, sem limite de bytes"
v2070_oldata.bin:narracao:589,v2070_oldata.bin,589,36,ラザリスの世界の住人になるしかない。,,0,,pendente,"narracao, sem limite de bytes"
v2070_oldata.bin:narracao:590,v2070_oldata.bin,590,48,ラザリスが手にしても、簡単に扱えるものではなく、,,0,,pendente,"narracao, sem limite de bytes"
v2070_oldata.bin:narracao:591,v2070_oldata.bin,591,40,最悪の場合、共に滅びる可能性もあるのだ。,,0,,pendente,"narracao, sem limite de bytes"
v2070_oldata.bin:narracao:592,v2070_oldata.bin,592,46,また、ラザリスが出現させたキバが、ルミナシアの,,0,,pendente,"narracao, sem limite de bytes"
v2070_oldata.bin:narracao:593,v2070_oldata.bin,593,48,ドクメントを侵食し、書き換えつつある事もわかる。,,0,,pendente,"narracao, sem limite de bytes"
v2070_oldata.bin:narracao:594,v2070_oldata.bin,594,44,他、ラザリス及び、彼女の世界ジルディアが封印,,0,,pendente,"narracao, sem limite de bytes"
v2070_oldata.bin:narracao:595,v2070_oldata.bin,595,46,されていた次元というものがあり、それは星晶にて,,0,,pendente,"narracao, sem limite de bytes"
v2070_oldata.bin:narracao:596,v2070_oldata.bin,596,32,作られたという事などが判明する。,,0,,pendente,"narracao, sem limite de bytes"
v2070_oldata.bin:narracao:597,v2070_oldata.bin,597,48,再びラザリスを封印するには、星晶が必要なのだが、,,0,,pendente,"narracao, sem limite de bytes"
v2070_oldata.bin:narracao:598,v2070_oldata.bin,598,42,その星晶は採掘され世界的に不足状況である。,,0,,pendente,"narracao, sem limite de bytes"
v2070_oldata.bin:narracao:599,v2070_oldata.bin,599,50,ただ、ニアタからの情報で、三つの素材のドクメントを,,0,,pendente,"narracao, sem limite de bytes"
v2070_oldata.bin:narracao:600,v2070_oldata.bin,600,48,ソウルアルケミーで構築し、星晶の代用となるものを,,0,,pendente,"narracao, sem limite de bytes"
v2070_oldata.bin:narracao:601,v2070_oldata.bin,601,44,作る事が出来るらしく、それにはまず、塩水晶を,,0,,pendente,"narracao, sem limite de bytes"
v2070_oldata.bin:narracao:602,v2070_oldata.bin,602,22,採取する必要があった。,,0,,pendente,"narracao, sem limite de bytes"
v2070_oldata.bin:narracao:603,v2070_oldata.bin,603,46,ラザリスを封印する為に必要な塩水晶、そして残り,,0,,pendente,"narracao, sem limite de bytes"
v2070_oldata.bin:narracao:604,v2070_oldata.bin,604,50,二つ、羽があって飛び回る実と全身から汗を流すパン。,,0,,pendente,"narracao, sem limite de bytes"
v2070_oldata.bin:narracao:605,v2070_oldata.bin,605,42,現状、正体のわかる塩水晶を採取しに○○は、,,0,,pendente,"narracao, sem limite de bytes"
v2070_oldata.bin:narracao:606,v2070_oldata.bin,606,26,ブラウニー坑道へ向かった。,,0,,pendente,"narracao, sem limite de bytes"
v2070_oldata.bin:narracao:607,v2070_oldata.bin,607,34,だが、○○達の前に一人の大男が立ち,,0,,pendente,"narracao, sem limite de bytes"
v2070_oldata.bin:narracao:608,v2070_oldata.bin,608,10,はだかる。,,0,,pendente,"narracao, sem limite de bytes"
v2070_oldata.bin:narracao:609,v2070_oldata.bin,609,48,それは、「強い者がいると聞けば、戦いを挑むという,,0,,pendente,"narracao, sem limite de bytes"
v2070_oldata.bin:narracao:610,v2070_oldata.bin,610,48,めちゃくちゃな奴」と聞いていたバルバトスだった。,,0,,pendente,"narracao, sem limite de bytes"
v2070_oldata.bin:narracao:611,v2070_oldata.bin,611,40,彼は、異世界からカイルと共にルミナシアに,,0,,pendente,"narracao, sem limite de bytes"
v2070_oldata.bin:narracao:612,v2070_oldata.bin,612,20,飛ばされていたのだ。,,0,,pendente,"narracao, sem limite de bytes"
v2070_oldata.bin:narracao:613,v2070_oldata.bin,613,40,○○としいなは、バルバトスを見定める為に,,0,,pendente,"narracao, sem limite de bytes"
v2070_oldata.bin:narracao:614,v2070_oldata.bin,614,44,警戒していたが、カイルは無謀にも突き進んだ。,,0,,pendente,"narracao, sem limite de bytes"
v2070_oldata.bin:narracao:615,v2070_oldata.bin,615,40,何とか○○の力で、バルバトスを退ける事が,,0,,pendente,"narracao, sem limite de bytes"
v2070_oldata.bin:narracao:616,v2070_oldata.bin,616,44,出来たが、無鉄砲なカイルはしいなに説教される,,0,,pendente,"narracao, sem limite de bytes"
v2070_oldata.bin:narracao:617,v2070_oldata.bin,617,14,羽目になった。,,0,,pendente,"narracao, sem limite de bytes"
v2070_oldata.bin:narracao:618,v2070_oldata.bin,618,36,そして、目的の塩水晶を無事に入手し、,,0,,pendente,"narracao, sem limite de bytes"
v2070_oldata.bin:narracao:619,v2070_oldata.bin,619,24,○○達は船へと帰還する。,,0,,pendente,"narracao, sem limite de bytes"
v2070_oldata.bin:narracao:620,v2070_oldata.bin,620,38,封印次元を作る為の残り二つが判明した。,,0,,pendente,"narracao, sem limite de bytes"
v2070_oldata.bin:narracao:621,v2070_oldata.bin,621,38,ツリガネトンボ草と、ウズマキフスベだ。,,0,,pendente,"narracao, sem limite de bytes"
v2070_oldata.bin:narracao:622,v2070_oldata.bin,622,40,二つともカノンノが描いた風景の中にあり、,,0,,pendente,"narracao, sem limite de bytes"
v2070_oldata.bin:narracao:623,v2070_oldata.bin,623,48,ジュディスがニアタからもたらされた情報と一致した,,0,,pendente,"narracao, sem limite de bytes"
v2070_oldata.bin:narracao:624,v2070_oldata.bin,624,18,事でわかったのだ。,,0,,pendente,"narracao, sem limite de bytes"
v2070_oldata.bin:narracao:625,v2070_oldata.bin,625,44,だが、それらはもう既に絶滅したものであった。,,0,,pendente,"narracao, sem limite de bytes"
v2070_oldata.bin:narracao:626,v2070_oldata.bin,626,48,なぜ、自分に知らない風景が見えてるのか、何の為に,,0,,pendente,"narracao, sem limite de bytes"
v2070_oldata.bin:narracao:627,v2070_oldata.bin,627,48,見えているのか、カノンノはひどく思い詰めていた。,,0,,pendente,"narracao, sem limite de bytes"
v2070_oldata.bin:narracao:628,v2070_oldata.bin,628,28,○○もまた、思い詰めていた。,,0,,pendente,"narracao, sem limite de bytes"
v2070_oldata.bin:narracao:629,v2070_oldata.bin,629,46,放っておけば朽ちるはずだった、ラザリスの世界、,,0,,pendente,"narracao, sem limite de bytes"
v2070_oldata.bin:narracao:630,v2070_oldata.bin,630,12,ジルディア。,,0,,pendente,"narracao, sem limite de bytes"
v2070_oldata.bin:narracao:631,v2070_oldata.bin,631,38,それをなぜ、世界樹が取り込んだのかと。,,0,,pendente,"narracao, sem limite de bytes"
v2070_oldata.bin:narracao:632,v2070_oldata.bin,632,46,ルミナシアにとって、災厄となるものを、世界樹は,,0,,pendente,"narracao, sem limite de bytes"
v2070_oldata.bin:narracao:633,v2070_oldata.bin,633,32,わざわざ取り込んで封印したのか。,,0,,pendente,"narracao, sem limite de bytes"
v2070_oldata.bin:narracao:634,v2070_oldata.bin,634,18,カノンノと○○は、,,0,,pendente,"narracao, sem limite de bytes"
v2070_oldata.bin:narracao:635,v2070_oldata.bin,635,28,世界樹の思いを知りたがった。,,0,,pendente,"narracao, sem limite de bytes"
v2070_oldata.bin:narracao:636,v2070_oldata.bin,636,50,一方、ジュディスやロックスから、カノンノにまつわる,,0,,pendente,"narracao, sem limite de bytes"
v2070_oldata.bin:narracao:637,v2070_oldata.bin,637,16,奇妙な話を聞く。,,0,,pendente,"narracao, sem limite de bytes"
v2070_oldata.bin:narracao:638,v2070_oldata.bin,638,38,カノンノだけに見える風景とドクメント。,,0,,pendente,"narracao, sem limite de bytes"
v2070_oldata.bin:narracao:639,v2070_oldata.bin,639,46,カノンノには、何か隠された秘密がある様だった。,,0,,pendente,"narracao, sem limite de bytes"
v2070_oldata.bin:narracao:640,v2070_oldata.bin,640,44,そんな中、ジェイドから「キバ」を調査してはと,,0,,pendente,"narracao, sem limite de bytes"
v2070_oldata.bin:narracao:641,v2070_oldata.bin,641,18,依頼が届けられた。,,0,,pendente,"narracao, sem limite de bytes"
v2070_oldata.bin:narracao:642,v2070_oldata.bin,642,42,ラザリスが出現させたキバの調査をする為に、,,0,,pendente,"narracao, sem limite de bytes"
v2070_oldata.bin:narracao:643,v2070_oldata.bin,643,40,コピーズ・ロッドという道具を使い、キバの,,0,,pendente,"narracao, sem limite de bytes"
v2070_oldata.bin:narracao:644,v2070_oldata.bin,644,32,ドクメントを採取する事になった。,,0,,pendente,"narracao, sem limite de bytes"
v2070_oldata.bin:narracao:645,v2070_oldata.bin,645,40,○○は、ジューダスとロイドを同行に迎え、,,0,,pendente,"narracao, sem limite de bytes"
v2070_oldata.bin:narracao:646,v2070_oldata.bin,646,44,キバが生えている、オルタータ火山へ向かった。,,0,,pendente,"narracao, sem limite de bytes"
v2070_oldata.bin:narracao:647,v2070_oldata.bin,647,48,だが、奥へ進むに連れて、魔物が何か異質な姿へ変化,,0,,pendente,"narracao, sem limite de bytes"
v2070_oldata.bin:narracao:648,v2070_oldata.bin,648,24,しているのが見て取れた。,,0,,pendente,"narracao, sem limite de bytes"
v2070_oldata.bin:narracao:649,v2070_oldata.bin,649,46,キバを通してラザリスの世界の情報、ドクメントが,,0,,pendente,"narracao, sem limite de bytes"
v2070_oldata.bin:narracao:650,v2070_oldata.bin,650,30,流れ込んでいるのかもしれない。,,0,,pendente,"narracao, sem limite de bytes"
v2070_oldata.bin:narracao:651,v2070_oldata.bin,651,48,やがてキバのある場へ行き着くと、皆がその不思議と,,0,,pendente,"narracao, sem limite de bytes"
v2070_oldata.bin:narracao:652,v2070_oldata.bin,652,22,美しい光景に息を飲む。,,0,,pendente,"narracao, sem limite de bytes"
v2070_oldata.bin:narracao:653,v2070_oldata.bin,653,36,キバのドクメントを採取した後、○○は,,0,,pendente,"narracao, sem limite de bytes"
v2070_oldata.bin:narracao:654,v2070_oldata.bin,654,46,自分の手を見つめ、その手から虹色の光を放った。,,0,,pendente,"narracao, sem limite de bytes"
v2070_oldata.bin:narracao:655,v2070_oldata.bin,655,40,キバから侵食されていた風景が、元に戻る。,,0,,pendente,"narracao, sem limite de bytes"
v2070_oldata.bin:narracao:656,v2070_oldata.bin,656,44,だが、キバだけはそのディセンダーの力をもって,,0,,pendente,"narracao, sem limite de bytes"
v2070_oldata.bin:narracao:657,v2070_oldata.bin,657,30,しても、消す事は出来なかった。,,0,,pendente,"narracao, sem limite de bytes"
v2070_oldata.bin:narracao:658,v2070_oldata.bin,658,48,移住したヘーゼル村の村人達や、ジョアンやミゲル、,,0,,pendente,"narracao, sem limite de bytes"
v2070_oldata.bin:narracao:659,v2070_oldata.bin,659,42,そして先住していた人々と共に動き始めていた,,0,,pendente,"narracao, sem limite de bytes"
v2070_oldata.bin:narracao:660,v2070_oldata.bin,660,50,オルタ・ビレッジから、アンジュに手紙が届いていた。,,0,,pendente,"narracao, sem limite de bytes"
v2070_oldata.bin:narracao:661,v2070_oldata.bin,661,38,だが、それは明るい知らせではなかった。,,0,,pendente,"narracao, sem limite de bytes"
v2070_oldata.bin:narracao:662,v2070_oldata.bin,662,48,色んな所から人々が集まっている為、文化や価値観の,,0,,pendente,"narracao, sem limite de bytes"
v2070_oldata.bin:narracao:663,v2070_oldata.bin,663,30,違いで衝突が起きているらしい。,,0,,pendente,"narracao, sem limite de bytes"
v2070_oldata.bin:narracao:664,v2070_oldata.bin,664,46,ロックスはこれに、肯定の力で導く方法を提案し、,,0,,pendente,"narracao, sem limite de bytes"
v2070_oldata.bin:narracao:665,v2070_oldata.bin,665,18,アンジュを支えた。,,0,,pendente,"narracao, sem limite de bytes"
v2070_oldata.bin:narracao:666,v2070_oldata.bin,666,40,一方、キバのドクメントの解析が終了する。,,0,,pendente,"narracao, sem limite de bytes"
v2070_oldata.bin:narracao:667,v2070_oldata.bin,667,40,それにより、キバはラザリスの世界の情報を,,0,,pendente,"narracao, sem limite de bytes"
v2070_oldata.bin:narracao:668,v2070_oldata.bin,668,44,ルミナシアに送り込むパイプであるとわかった。,,0,,pendente,"narracao, sem limite de bytes"
v2070_oldata.bin:narracao:669,v2070_oldata.bin,669,48,ニアタからもたらされた情報と、一致したのである。,,0,,pendente,"narracao, sem limite de bytes"
v2070_oldata.bin:narracao:670,v2070_oldata.bin,670,46,また、キバの周辺から、徐々に世界の侵食は進んで,,0,,pendente,"narracao, sem limite de bytes"
v2070_oldata.bin:narracao:671,v2070_oldata.bin,671,38,おり、侵食はキバがある限り続くらしい。,,0,,pendente,"narracao, sem limite de bytes"
v2070_oldata.bin:narracao:672,v2070_oldata.bin,672,36,○○が侵食を戻す能力を持っていても、,,0,,pendente,"narracao, sem limite de bytes"
v2070_oldata.bin:narracao:673,v2070_oldata.bin,673,12,限界がある。,,0,,pendente,"narracao, sem limite de bytes"
v2070_oldata.bin:narracao:674,v2070_oldata.bin,674,46,根本から解決するには、封印次元…星晶の代わりを,,0,,pendente,"narracao, sem limite de bytes"
v2070_oldata.bin:narracao:675,v2070_oldata.bin,675,32,早急に作り上げなければならない。,,0,,pendente,"narracao, sem limite de bytes"
v2070_oldata.bin:narracao:676,v2070_oldata.bin,676,22,必要なものはあと二つ。,,0,,pendente,"narracao, sem limite de bytes"
v2070_oldata.bin:narracao:677,v2070_oldata.bin,677,44,ひとまず、ウィルの提案で、ツリガネトンボ草の,,0,,pendente,"narracao, sem limite de bytes"
v2070_oldata.bin:narracao:678,v2070_oldata.bin,678,24,化石を入手する事にした。,,0,,pendente,"narracao, sem limite de bytes"
v2070_oldata.bin:narracao:679,v2070_oldata.bin,679,38,ツリガネトンボ草の化石を採取する為に、,,0,,pendente,"narracao, sem limite de bytes"
v2070_oldata.bin:narracao:680,v2070_oldata.bin,680,30,○○はアルマナックへ向かった。,,0,,pendente,"narracao, sem limite de bytes"
v2070_oldata.bin:narracao:681,v2070_oldata.bin,681,48,化石とはいえ、わずかにでもドクメントが採取出来る,,0,,pendente,"narracao, sem limite de bytes"
v2070_oldata.bin:narracao:682,v2070_oldata.bin,682,20,かもしれないからだ。,,0,,pendente,"narracao, sem limite de bytes"
v2070_oldata.bin:narracao:683,v2070_oldata.bin,683,40,化石は遺跡の中の世界遺産に指定されている,,0,,pendente,"narracao, sem limite de bytes"
v2070_oldata.bin:narracao:684,v2070_oldata.bin,684,26,「生命賛歌の間」にあった。,,0,,pendente,"narracao, sem limite de bytes"
v2070_oldata.bin:narracao:685,v2070_oldata.bin,685,40,しかし、ルカは世界遺産に手をつける事には,,0,,pendente,"narracao, sem limite de bytes"
v2070_oldata.bin:narracao:686,v2070_oldata.bin,686,28,どうにも気が重い様子だった。,,0,,pendente,"narracao, sem limite de bytes"
v2070_oldata.bin:narracao:687,v2070_oldata.bin,687,48,化石は早速、研究室へ届けられ、解析が始められる。,,0,,pendente,"narracao, sem limite de bytes"
v2070_oldata.bin:narracao:688,v2070_oldata.bin,688,48,オルタ・ビレッジで起こっていた住民同士の衝突は、,,0,,pendente,"narracao, sem limite de bytes"
v2070_oldata.bin:narracao:689,v2070_oldata.bin,689,40,ロックスの提案にて、新たな前進があった。,,0,,pendente,"narracao, sem limite de bytes"
v2070_oldata.bin:narracao:690,v2070_oldata.bin,690,32,喜びに沸く、アンジュとロックス。,,0,,pendente,"narracao, sem limite de bytes"
v2070_oldata.bin:narracao:691,v2070_oldata.bin,691,50,アドリビトムの悲願だった目標が達成されたのである。,,0,,pendente,"narracao, sem limite de bytes"
v2070_oldata.bin:narracao:692,v2070_oldata.bin,692,50,そして、エステルとナタリアもまたオルタ・ビレッジの,,0,,pendente,"narracao, sem limite de bytes"
v2070_oldata.bin:narracao:693,v2070_oldata.bin,693,48,実現を心から喜び、国同士でも人々がお互い認め合い,,0,,pendente,"narracao, sem limite de bytes"
v2070_oldata.bin:narracao:694,v2070_oldata.bin,694,36,結びついていく事が出来ると確信した。,,0,,pendente,"narracao, sem limite de bytes"
v2070_oldata.bin:narracao:695,v2070_oldata.bin,695,50,一方、カノンノは、自分に知らない風景が見える事や、,,0,,pendente,"narracao, sem limite de bytes"
v2070_oldata.bin:narracao:696,v2070_oldata.bin,696,46,無意識に知らない字を書く事について、その理由を,,0,,pendente,"narracao, sem limite de bytes"
v2070_oldata.bin:narracao:697,v2070_oldata.bin,697,18,知りたがっていた。,,0,,pendente,"narracao, sem limite de bytes"
v2070_oldata.bin:narracao:698,v2070_oldata.bin,698,48,ジュディスが、ニアタならわかっただろうかと言う。,,0,,pendente,"narracao, sem limite de bytes"
v2070_oldata.bin:narracao:699,v2070_oldata.bin,699,48,ルミナシアの創世を見届けた賢人、この世界の他にも,,0,,pendente,"narracao, sem limite de bytes"
v2070_oldata.bin:narracao:700,v2070_oldata.bin,700,24,様々な世界を見たニアタ。,,0,,pendente,"narracao, sem limite de bytes"
v2070_oldata.bin:narracao:701,v2070_oldata.bin,701,44,そのニアタに会いたいと、カノンノが強く願う。,,0,,pendente,"narracao, sem limite de bytes"
v2070_oldata.bin:narracao:702,v2070_oldata.bin,702,48,ニアタと話す事は出来ないかもしれないが、それでも,,0,,pendente,"narracao, sem limite de bytes"
v2070_oldata.bin:narracao:703,v2070_oldata.bin,703,46,カノンノはヴェラトローパへ行く事を強く望んだ。,,0,,pendente,"narracao, sem limite de bytes"
v2070_oldata.bin:narracao:704,v2070_oldata.bin,704,42,カノンノを連れ、再びヴェラトローパを訪れた,,0,,pendente,"narracao, sem limite de bytes"
v2070_oldata.bin:narracao:705,v2070_oldata.bin,705,6,○○。,,0,,pendente,"narracao, sem limite de bytes"
v2070_oldata.bin:narracao:706,v2070_oldata.bin,706,34,道中で、○○は、ジュディスの言葉を,,0,,pendente,"narracao, sem limite de bytes"
v2070_oldata.bin:narracao:707,v2070_oldata.bin,707,16,思い出していた。,,0,,pendente,"narracao, sem limite de bytes"
v2070_oldata.bin:narracao:708,v2070_oldata.bin,708,46,カノンノと、ニアタが仕えたディセンダーとの姿が,,0,,pendente,"narracao, sem limite de bytes"
v2070_oldata.bin:narracao:709,v2070_oldata.bin,709,34,似ている事や、同じ名前だった事だ。,,0,,pendente,"narracao, sem limite de bytes"
v2070_oldata.bin:narracao:710,v2070_oldata.bin,710,48,カノンノがニアタの元へ行き、その名を呼ぶと、破壊,,0,,pendente,"narracao, sem limite de bytes"
v2070_oldata.bin:narracao:711,v2070_oldata.bin,711,50,されていた身体は自己修復を始め、元の姿を取り戻す。,,0,,pendente,"narracao, sem limite de bytes"
v2070_oldata.bin:narracao:712,v2070_oldata.bin,712,50,そして、ニアタはカノンノとの再会を喜んだのだった。,,0,,pendente,"narracao, sem limite de bytes"
v2070_oldata.bin:narracao:713,v2070_oldata.bin,713,42,ただただ狼狽するばかりのカノンノに、○○が,,0,,pendente,"narracao, sem limite de bytes"
v2070_oldata.bin:narracao:714,v2070_oldata.bin,714,32,ジュディスから聞いた話を伝える。,,0,,pendente,"narracao, sem limite de bytes"
v2070_oldata.bin:narracao:715,v2070_oldata.bin,715,48,混乱はまだ取れない様だったが、カノンノはスケッチ,,0,,pendente,"narracao, sem limite de bytes"
v2070_oldata.bin:narracao:716,v2070_oldata.bin,716,32,ブックを取り出しニアタに見せた。,,0,,pendente,"narracao, sem limite de bytes"
v2070_oldata.bin:narracao:717,v2070_oldata.bin,717,46,すると、今まで描いていた風景は、かつてニアタが,,0,,pendente,"narracao, sem limite de bytes"
v2070_oldata.bin:narracao:718,v2070_oldata.bin,718,36,訪れた事のある風景だった事がわかる。,,0,,pendente,"narracao, sem limite de bytes"
v2070_oldata.bin:narracao:719,v2070_oldata.bin,719,48,これらの事から、カノンノには、かつてあった世界の,,0,,pendente,"narracao, sem limite de bytes"
v2070_oldata.bin:narracao:720,v2070_oldata.bin,720,36,因子があるのではとニアタは推測した。,,0,,pendente,"narracao, sem limite de bytes"
v2070_oldata.bin:narracao:721,v2070_oldata.bin,721,50,ニアタの話を聞いていると、近づいてくる声があった。,,0,,pendente,"narracao, sem limite de bytes"
v2070_oldata.bin:narracao:722,v2070_oldata.bin,722,24,声の主はロックスだった。,,0,,pendente,"narracao, sem limite de bytes"
v2070_oldata.bin:narracao:723,v2070_oldata.bin,723,44,船が高度を保てなくなり、降下し始めたらしい。,,0,,pendente,"narracao, sem limite de bytes"
v2070_oldata.bin:narracao:724,v2070_oldata.bin,724,40,○○達は、ヴェラトローパに残された状態に,,0,,pendente,"narracao, sem limite de bytes"
v2070_oldata.bin:narracao:725,v2070_oldata.bin,725,16,なったのである。,,0,,pendente,"narracao, sem limite de bytes"
v2070_oldata.bin:narracao:726,v2070_oldata.bin,726,40,しかし、ニアタが○○達を光で包んで飛び、,,0,,pendente,"narracao, sem limite de bytes"
v2070_oldata.bin:narracao:727,v2070_oldata.bin,727,50,無事にヴェラトローパから船へと帰還する事が叶った。,,0,,pendente,"narracao, sem limite de bytes"
v2070_oldata.bin:narracao:728,v2070_oldata.bin,728,42,船の不調は、ニアタのアドバイスにより調子を,,0,,pendente,"narracao, sem limite de bytes"
v2070_oldata.bin:narracao:729,v2070_oldata.bin,729,48,取り戻した。そして、何よりバンエルティア号という,,0,,pendente,"narracao, sem limite de bytes"
v2070_oldata.bin:narracao:730,v2070_oldata.bin,730,48,船が、星晶を使用した内燃機関ではなく、半永久機関,,0,,pendente,"narracao, sem limite de bytes"
v2070_oldata.bin:narracao:731,v2070_oldata.bin,731,30,だという事も大きな発見だった。,,0,,pendente,"narracao, sem limite de bytes"
v2070_oldata.bin:narracao:732,v2070_oldata.bin,732,48,この事は、星晶を採り尽くし、衰退に向かうしかない,,0,,pendente,"narracao, sem limite de bytes"
v2070_oldata.bin:narracao:733,v2070_oldata.bin,733,44,ルミナシアを救う光明となるかも知れないのだ。,,0,,pendente,"narracao, sem limite de bytes"
v2070_oldata.bin:narracao:734,v2070_oldata.bin,734,26,続いて、別の発見があった。,,0,,pendente,"narracao, sem limite de bytes"
v2070_oldata.bin:narracao:735,v2070_oldata.bin,735,42,新しいリングスポットの場所がわかったのだ。,,0,,pendente,"narracao, sem limite de bytes"
v2070_oldata.bin:narracao:736,v2070_oldata.bin,736,42,ソーサラーリングの効力をさらに上げる為に、,,0,,pendente,"narracao, sem limite de bytes"
v2070_oldata.bin:narracao:737,v2070_oldata.bin,737,32,○○は、カダイフ砂漠へ向かった。,,0,,pendente,"narracao, sem limite de bytes"
v2070_oldata.bin:narracao:738,v2070_oldata.bin,738,42,新しいリングスポットは、この砂漠の中にある,,0,,pendente,"narracao, sem limite de bytes"
v2070_oldata.bin:narracao:739,v2070_oldata.bin,739,18,「赤のオアシス」。,,0,,pendente,"narracao, sem limite de bytes"
v2070_oldata.bin:narracao:740,v2070_oldata.bin,740,44,鉄分の多く含まれた赤い水が湧き出す所らしい。,,0,,pendente,"narracao, sem limite de bytes"
v2070_oldata.bin:narracao:741,v2070_oldata.bin,741,38,そして、○○はリングスポットを発見し、,,0,,pendente,"narracao, sem limite de bytes"
v2070_oldata.bin:narracao:742,v2070_oldata.bin,742,44,ソーサラーリングの効力を上げ、船へと戻った。,,0,,pendente,"narracao, sem limite de bytes"
v2070_oldata.bin:narracao:743,v2070_oldata.bin,743,48,一方、ツリガネトンボ草の化石からドクメントを調査,,0,,pendente,"narracao, sem limite de bytes"
v2070_oldata.bin:narracao:744,v2070_oldata.bin,744,44,したが、ほぼ鉱物の状態の情報ばかりで、本来の,,0,,pendente,"narracao, sem limite de bytes"
v2070_oldata.bin:narracao:745,v2070_oldata.bin,745,34,情報はほぼわからない結果となった。,,0,,pendente,"narracao, sem limite de bytes"
v2070_oldata.bin:narracao:746,v2070_oldata.bin,746,44,リタが、進展しない状況をニアタに打ち明ける。,,0,,pendente,"narracao, sem limite de bytes"
v2070_oldata.bin:narracao:747,v2070_oldata.bin,747,44,すると、ニアタは、星晶が生まれた頃と、世界の,,0,,pendente,"narracao, sem limite de bytes"
v2070_oldata.bin:narracao:748,v2070_oldata.bin,748,48,環境が大きく変わった為、生物も進化や混種が進んで,,0,,pendente,"narracao, sem limite de bytes"
v2070_oldata.bin:narracao:749,v2070_oldata.bin,749,28,しまったのだろうと落胆した。,,0,,pendente,"narracao, sem limite de bytes"
v2070_oldata.bin:narracao:750,v2070_oldata.bin,750,38,しかし、ニアタの言葉にリタはひらめき、,,0,,pendente,"narracao, sem limite de bytes"
v2070_oldata.bin:narracao:751,v2070_oldata.bin,751,46,今後はツリガネトンボ草の進化種からドクメントを,,0,,pendente,"narracao, sem limite de bytes"
v2070_oldata.bin:narracao:752,v2070_oldata.bin,752,30,集めるという作戦が立てられた。,,0,,pendente,"narracao, sem limite de bytes"
v2070_oldata.bin:narracao:753,v2070_oldata.bin,753,42,今後、実に１４０属２０００種近くとされる、,,0,,pendente,"narracao, sem limite de bytes"
v2070_oldata.bin:narracao:754,v2070_oldata.bin,754,40,ツリガネトンボ草の進化種を集めていくが、,,0,,pendente,"narracao, sem limite de bytes"
v2070_oldata.bin:narracao:755,v2070_oldata.bin,755,48,比較的安全な場所のものは、メンバーの故郷の者達や,,0,,pendente,"narracao, sem limite de bytes"
v2070_oldata.bin:narracao:756,v2070_oldata.bin,756,36,各国のギルドに応援を頼む事になった。,,0,,pendente,"narracao, sem limite de bytes"
v2070_oldata.bin:narracao:757,v2070_oldata.bin,757,48,アドリビトムでは、アドリビトムでしか集められない,,0,,pendente,"narracao, sem limite de bytes"
v2070_oldata.bin:narracao:758,v2070_oldata.bin,758,24,ものを採取していくのだ。,,0,,pendente,"narracao, sem limite de bytes"
v2070_oldata.bin:narracao:759,v2070_oldata.bin,759,46,まずは、霊峰アブソールにあるオイルツリーをと、,,0,,pendente,"narracao, sem limite de bytes"
v2070_oldata.bin:narracao:760,v2070_oldata.bin,760,40,○○はヴェイグ、スパーダと共に船を出た。,,0,,pendente,"narracao, sem limite de bytes"
v2070_oldata.bin:narracao:761,v2070_oldata.bin,761,46,道中で、ヴェイグが風に乗って聞こえる声を拾う。,,0,,pendente,"narracao, sem limite de bytes"
v2070_oldata.bin:narracao:762,v2070_oldata.bin,762,28,それは、クレアの悲鳴だった。,,0,,pendente,"narracao, sem limite de bytes"
v2070_oldata.bin:narracao:763,v2070_oldata.bin,763,50,悲鳴が聞こえた先へ向かうと、そこにはクレアを捕えた,,0,,pendente,"narracao, sem limite de bytes"
v2070_oldata.bin:narracao:764,v2070_oldata.bin,764,12,サレがいた。,,0,,pendente,"narracao, sem limite de bytes"
v2070_oldata.bin:narracao:765,v2070_oldata.bin,765,46,アドリビトムに対し、宿怨を募らせていたサレは、,,0,,pendente,"narracao, sem limite de bytes"
v2070_oldata.bin:narracao:766,v2070_oldata.bin,766,50,クレアを人質に、ヴェイグを誘き寄せようとしていたの,,0,,pendente,"narracao, sem limite de bytes"
v2070_oldata.bin:narracao:767,v2070_oldata.bin,767,42,だが、偶然にもヴェイグの方から赴いたのだ。,,0,,pendente,"narracao, sem limite de bytes"
v2070_oldata.bin:narracao:768,v2070_oldata.bin,768,46,意気揚々と戦いを仕掛けたサレだったが、ついには,,0,,pendente,"narracao, sem limite de bytes"
v2070_oldata.bin:narracao:769,v2070_oldata.bin,769,32,○○達アドリビトムの力に屈した。,,0,,pendente,"narracao, sem limite de bytes"
v2070_oldata.bin:narracao:770,v2070_oldata.bin,770,46,そして、恨み言を呟くサレをよそ目に、ヴェイグは,,0,,pendente,"narracao, sem limite de bytes"
v2070_oldata.bin:narracao:771,v2070_oldata.bin,771,34,オイルツリーのドクメントを採取し、,,0,,pendente,"narracao, sem limite de bytes"
v2070_oldata.bin:narracao:772,v2070_oldata.bin,772,32,○○達はクレアを連れて帰還する。,,0,,pendente,"narracao, sem limite de bytes"
v2070_oldata.bin:narracao:773,v2070_oldata.bin,773,42,船では、ツリガネトンボ草の進化種が各地から,,0,,pendente,"narracao, sem limite de bytes"
v2070_oldata.bin:narracao:774,v2070_oldata.bin,774,16,集められていた。,,0,,pendente,"narracao, sem limite de bytes"
v2070_oldata.bin:narracao:775,v2070_oldata.bin,775,42,アドリビトムが次に採取すべきものは、資料が,,0,,pendente,"narracao, sem limite de bytes"
v2070_oldata.bin:narracao:776,v2070_oldata.bin,776,30,作成されているという話だった。,,0,,pendente,"narracao, sem limite de bytes"
v2070_oldata.bin:narracao:777,v2070_oldata.bin,777,40,次に、アドリビトムで採取すべき進化種は、,,0,,pendente,"narracao, sem limite de bytes"
v2070_oldata.bin:narracao:778,v2070_oldata.bin,778,30,「水の上をスイスイすべる花」。,,0,,pendente,"narracao, sem limite de bytes"
v2070_oldata.bin:narracao:779,v2070_oldata.bin,779,48,そして、ようやくそれについての資料が出来あがる。,,0,,pendente,"narracao, sem limite de bytes"
v2070_oldata.bin:narracao:780,v2070_oldata.bin,780,34,アンジュは早速、依頼として登録し、,,0,,pendente,"narracao, sem limite de bytes"
v2070_oldata.bin:narracao:781,v2070_oldata.bin,781,34,引き受けてくれるメンバーを待った。,,0,,pendente,"narracao, sem limite de bytes"
v2070_oldata.bin:narracao:782,v2070_oldata.bin,782,48,「水の上をスイスイすべる花」とは、シフノ湧泉洞に,,0,,pendente,"narracao, sem limite de bytes"
v2070_oldata.bin:narracao:783,v2070_oldata.bin,783,28,あるユルングの樹の事だった。,,0,,pendente,"narracao, sem limite de bytes"
v2070_oldata.bin:narracao:784,v2070_oldata.bin,784,38,○○は、このドクメントを採取する依頼を,,0,,pendente,"narracao, sem limite de bytes"
v2070_oldata.bin:narracao:785,v2070_oldata.bin,785,46,受け、ナタリアとアッシュを連れて現地へ向かう。,,0,,pendente,"narracao, sem limite de bytes"
v2070_oldata.bin:narracao:786,v2070_oldata.bin,786,50,他の種の生息域を奪わず、新天地に適応する為に自らの,,0,,pendente,"narracao, sem limite de bytes"
v2070_oldata.bin:narracao:787,v2070_oldata.bin,787,46,変化を選んだこの進化主のドクメントを採取する。,,0,,pendente,"narracao, sem limite de bytes"
v2070_oldata.bin:narracao:788,v2070_oldata.bin,788,38,この樹を見て、○○達は、ヒトも、そして,,0,,pendente,"narracao, sem limite de bytes"
v2070_oldata.bin:narracao:789,v2070_oldata.bin,789,46,国や世界も変化していく事が出来るのだと確信し、,,0,,pendente,"narracao, sem limite de bytes"
v2070_oldata.bin:narracao:790,v2070_oldata.bin,790,42,さらなる展望を抱きつつ帰還したのであった。,,0,,pendente,"narracao, sem limite de bytes"
v2070_oldata.bin:narracao:791,v2070_oldata.bin,791,44,船には、さらに各地から進化種が集まっていた。,,0,,pendente,"narracao, sem limite de bytes"
v2070_oldata.bin:narracao:792,v2070_oldata.bin,792,46,そして、アドリビトムでは、皆でドクメントの抽出,,0,,pendente,"narracao, sem limite de bytes"
v2070_oldata.bin:narracao:793,v2070_oldata.bin,793,18,作業を行っている。,,0,,pendente,"narracao, sem limite de bytes"
v2070_oldata.bin:narracao:794,v2070_oldata.bin,794,48,立ちはだかる問題を乗り越える為に、皆一丸となって,,0,,pendente,"narracao, sem limite de bytes"
v2070_oldata.bin:narracao:795,v2070_oldata.bin,795,46,取り組んでいる様を見て、アンジュはギルドを立ち,,0,,pendente,"narracao, sem limite de bytes"
v2070_oldata.bin:narracao:796,v2070_oldata.bin,796,40,上げた事を、心から良かったと思っていた。,,0,,pendente,"narracao, sem limite de bytes"
v2070_oldata.bin:narracao:797,v2070_oldata.bin,797,46,難題を前に、少しずつ前進していくアドリビトム。,,0,,pendente,"narracao, sem limite de bytes"
v2070_oldata.bin:narracao:798,v2070_oldata.bin,798,42,ニアタはその様子を見て、異世界グラニデにも,,0,,pendente,"narracao, sem limite de bytes"
v2070_oldata.bin:narracao:799,v2070_oldata.bin,799,36,アドリビトムがある事を教えてくれた。,,0,,pendente,"narracao, sem limite de bytes"
v2070_oldata.bin:narracao:800,v2070_oldata.bin,800,44,バンエルティア号も、アドリビトムのメンバーも,,0,,pendente,"narracao, sem limite de bytes"
v2070_oldata.bin:narracao:801,v2070_oldata.bin,801,36,異世界グラニデに存在しているという。,,0,,pendente,"narracao, sem limite de bytes"
v2070_oldata.bin:narracao:802,v2070_oldata.bin,802,48,カノンノはその話を聞きながら、世界が生まれていく,,0,,pendente,"narracao, sem limite de bytes"
v2070_oldata.bin:narracao:803,v2070_oldata.bin,803,44,事や、記憶が受け継がれていくのはなぜなのかと,,0,,pendente,"narracao, sem limite de bytes"
v2070_oldata.bin:narracao:804,v2070_oldata.bin,804,18,思いをめぐらせた。,,0,,pendente,"narracao, sem limite de bytes"
v2070_oldata.bin:narracao:805,v2070_oldata.bin,805,48,一方、各地の戦争が次々と終戦を迎えているらしい。,,0,,pendente,"narracao, sem limite de bytes"
v2070_oldata.bin:narracao:806,v2070_oldata.bin,806,46,ジルディアのキバの出現で、戦争どころではないと,,0,,pendente,"narracao, sem limite de bytes"
v2070_oldata.bin:narracao:807,v2070_oldata.bin,807,20,気付いたのだろうか。,,0,,pendente,"narracao, sem limite de bytes"
v2070_oldata.bin:narracao:808,v2070_oldata.bin,808,46,ナタリアは、この危機を迎える事によって、人々が,,0,,pendente,"narracao, sem limite de bytes"
v2070_oldata.bin:narracao:809,v2070_oldata.bin,809,48,国や種族を越えて手を取り合える事に気づけたのだと,,0,,pendente,"narracao, sem limite de bytes"
v2070_oldata.bin:narracao:810,v2070_oldata.bin,810,6,言う。,,0,,pendente,"narracao, sem limite de bytes"
v2070_oldata.bin:narracao:811,v2070_oldata.bin,811,46,そして、この気づき…意識があれば、国を越えて、,,0,,pendente,"narracao, sem limite de bytes"
v2070_oldata.bin:narracao:812,v2070_oldata.bin,812,36,世界を統合していけると確信していた。,,0,,pendente,"narracao, sem limite de bytes"
v2070_oldata.bin:narracao:813,v2070_oldata.bin,813,40,それは、全てのものを全ての人が分かち合う,,0,,pendente,"narracao, sem limite de bytes"
v2070_oldata.bin:narracao:814,v2070_oldata.bin,814,16,文明なのである。,,0,,pendente,"narracao, sem limite de bytes"
v2070_oldata.bin:narracao:815,v2070_oldata.bin,815,42,進化種の収集もいよいよ大詰めとなり、○○は,,0,,pendente,"narracao, sem limite de bytes"
v2070_oldata.bin:narracao:816,v2070_oldata.bin,816,46,スタンとロニを連れて、風来草のドクメントを採取,,0,,pendente,"narracao, sem limite de bytes"
v2070_oldata.bin:narracao:817,v2070_oldata.bin,817,32,する為にカダイフ砂漠へ向かった。,,0,,pendente,"narracao, sem limite de bytes"
v2070_oldata.bin:narracao:818,v2070_oldata.bin,818,46,砂漠の中の植生地に入ると、一行は目や喉に刺激を,,0,,pendente,"narracao, sem limite de bytes"
v2070_oldata.bin:narracao:819,v2070_oldata.bin,819,26,感じた。空気が異様なのだ。,,0,,pendente,"narracao, sem limite de bytes"
v2070_oldata.bin:narracao:820,v2070_oldata.bin,820,44,歩を進めると、そこにはラザリスの姿があった。,,0,,pendente,"narracao, sem limite de bytes"
v2070_oldata.bin:narracao:821,v2070_oldata.bin,821,48,自分の世界の生物が生きていける様に、ルミナシアの,,0,,pendente,"narracao, sem limite de bytes"
v2070_oldata.bin:narracao:822,v2070_oldata.bin,822,30,環境を侵食し、変えていたのだ。,,0,,pendente,"narracao, sem limite de bytes"
v2070_oldata.bin:narracao:823,v2070_oldata.bin,823,50,ラザリスを囲む生物には、元々ヒトだったものもいた。,,0,,pendente,"narracao, sem limite de bytes"
v2070_oldata.bin:narracao:824,v2070_oldata.bin,824,44,○○が元の姿に戻そうと近づいたが、その生物は,,0,,pendente,"narracao, sem limite de bytes"
v2070_oldata.bin:narracao:825,v2070_oldata.bin,825,38,隠れる様にラザリスの方へと後ずさった。,,0,,pendente,"narracao, sem limite de bytes"
v2070_oldata.bin:narracao:826,v2070_oldata.bin,826,32,元の姿に戻る事を拒んでいるのだ。,,0,,pendente,"narracao, sem limite de bytes"
v2070_oldata.bin:narracao:827,v2070_oldata.bin,827,46,そのヒトだった生物は、ルミナシアに失望し、自ら,,0,,pendente,"narracao, sem limite de bytes"
v2070_oldata.bin:narracao:828,v2070_oldata.bin,828,24,望んで変化していたのだ。,,0,,pendente,"narracao, sem limite de bytes"
v2070_oldata.bin:narracao:829,v2070_oldata.bin,829,48,皆でラザリスを説得するも、その声は空しく届かず、,,0,,pendente,"narracao, sem limite de bytes"
v2070_oldata.bin:narracao:830,v2070_oldata.bin,830,26,彼女は静かに去っていった。,,0,,pendente,"narracao, sem limite de bytes"
v2070_oldata.bin:narracao:831,v2070_oldata.bin,831,44,○○は、侵食された場を浄化した後、やるせなく,,0,,pendente,"narracao, sem limite de bytes"
v2070_oldata.bin:narracao:832,v2070_oldata.bin,832,12,うなだれた。,,0,,pendente,"narracao, sem limite de bytes"
v2070_oldata.bin:narracao:833,v2070_oldata.bin,833,50,風来草のドクメントを採取し、船に戻ると、あのキバが,,0,,pendente,"narracao, sem limite de bytes"
v2070_oldata.bin:narracao:834,v2070_oldata.bin,834,32,さらに二本現れた事を知らされる。,,0,,pendente,"narracao, sem limite de bytes"
v2070_oldata.bin:narracao:835,v2070_oldata.bin,835,48,急がなければ、侵食の速度はさらにスピードを上げる,,0,,pendente,"narracao, sem limite de bytes"
v2070_oldata.bin:narracao:836,v2070_oldata.bin,836,8,だろう。,,0,,pendente,"narracao, sem limite de bytes"
v2070_oldata.bin:narracao:837,v2070_oldata.bin,837,48,だが、今回の風来草でようやく、ツリガネトンボ草の,,0,,pendente,"narracao, sem limite de bytes"
v2070_oldata.bin:narracao:838,v2070_oldata.bin,838,30,ドクメントを構築出来るらしい。,,0,,pendente,"narracao, sem limite de bytes"
v2070_oldata.bin:narracao:839,v2070_oldata.bin,839,38,残りはウズマキフスベの採取だけである。,,0,,pendente,"narracao, sem limite de bytes"
v2070_oldata.bin:narracao:840,v2070_oldata.bin,840,46,運良く、絶滅を免れているものが、果たしてあるの,,0,,pendente,"narracao, sem limite de bytes"
v2070_oldata.bin:narracao:841,v2070_oldata.bin,841,12,だろうか…。,,0,,pendente,"narracao, sem limite de bytes"
v2070_oldata.bin:narracao:842,v2070_oldata.bin,842,50,この世界ルミナシアにあるもう一つの世界ジルディア。,,0,,pendente,"narracao, sem limite de bytes"
v2070_oldata.bin:narracao:843,v2070_oldata.bin,843,24,異なる世界の、異なる理。,,0,,pendente,"narracao, sem limite de bytes"
v2070_oldata.bin:narracao:844,v2070_oldata.bin,844,50,創世の時を見ていたニアタは、当時を振り返っていた。,,0,,pendente,"narracao, sem limite de bytes"
v2070_oldata.bin:narracao:845,v2070_oldata.bin,845,46,ジルディアを取り込んだ時の異変は凄まじく、形容,,0,,pendente,"narracao, sem limite de bytes"
v2070_oldata.bin:narracao:846,v2070_oldata.bin,846,24,し難きものだったという。,,0,,pendente,"narracao, sem limite de bytes"
v2070_oldata.bin:narracao:847,v2070_oldata.bin,847,48,封印出来ていなければ、世界としての存在はありえな,,0,,pendente,"narracao, sem limite de bytes"
v2070_oldata.bin:narracao:848,v2070_oldata.bin,848,12,かった程に。,,0,,pendente,"narracao, sem limite de bytes"
v2070_oldata.bin:narracao:849,v2070_oldata.bin,849,46,それ程の異変であるならば、封印が解けた時点で、,,0,,pendente,"narracao, sem limite de bytes"
v2070_oldata.bin:narracao:850,v2070_oldata.bin,850,42,当時の異変がそのまま起きていたはずなのだ。,,0,,pendente,"narracao, sem limite de bytes"
v2070_oldata.bin:narracao:851,v2070_oldata.bin,851,40,だが、現在そこまでの異変は起きていない。,,0,,pendente,"narracao, sem limite de bytes"
v2070_oldata.bin:narracao:852,v2070_oldata.bin,852,46,ルミナシアの世界樹が当時に比べ、安定を保つ様に,,0,,pendente,"narracao, sem limite de bytes"
v2070_oldata.bin:narracao:853,v2070_oldata.bin,853,28,なったのか、憶測は尽きない。,,0,,pendente,"narracao, sem limite de bytes"
v2070_oldata.bin:narracao:854,v2070_oldata.bin,854,48,異世界を取り込むなどという行動に出たその世界樹の,,0,,pendente,"narracao, sem limite de bytes"
v2070_oldata.bin:narracao:855,v2070_oldata.bin,855,34,真意を、○○達は知りたがっていた。,,0,,pendente,"narracao, sem limite de bytes"
v2070_oldata.bin:narracao:856,v2070_oldata.bin,856,48,一方、カノンノは、それとは知らずに「両親の絵」を,,0,,pendente,"narracao, sem limite de bytes"
v2070_oldata.bin:narracao:857,v2070_oldata.bin,857,38,描いていた事をロックスから聞かされる。,,0,,pendente,"narracao, sem limite de bytes"
v2070_oldata.bin:narracao:858,v2070_oldata.bin,858,46,そして、カノンノは自分の中にある「記憶」を知る,,0,,pendente,"narracao, sem limite de bytes"
v2070_oldata.bin:narracao:859,v2070_oldata.bin,859,36,為に危険なドクメントの展開を望んだ。,,0,,pendente,"narracao, sem limite de bytes"
v2070_oldata.bin:narracao:860,v2070_oldata.bin,860,36,だが、ドクメントの細かな展開は危険。,,0,,pendente,"narracao, sem limite de bytes"
v2070_oldata.bin:narracao:861,v2070_oldata.bin,861,34,誰もが反対する事は目に見えていた。,,0,,pendente,"narracao, sem limite de bytes"
v2070_oldata.bin:narracao:862,v2070_oldata.bin,862,42,しばらくニアタは考え、別の方法を思いつく。,,0,,pendente,"narracao, sem limite de bytes"
v2070_oldata.bin:narracao:863,v2070_oldata.bin,863,48,ドクメントを展開する以外に、過去や異世界の記憶に,,0,,pendente,"narracao, sem limite de bytes"
v2070_oldata.bin:narracao:864,v2070_oldata.bin,864,36,ついて知る手立てが一つだけあるのだ。,,0,,pendente,"narracao, sem limite de bytes"
v2070_oldata.bin:narracao:865,v2070_oldata.bin,865,50,この方法も危険であるが、リスクは幾分か減るという。,,0,,pendente,"narracao, sem limite de bytes"
v2070_oldata.bin:narracao:866,v2070_oldata.bin,866,48,その為には、ボルテックス…世界樹が生み出すマナの,,0,,pendente,"narracao, sem limite de bytes"
v2070_oldata.bin:narracao:867,v2070_oldata.bin,867,38,渦巻く場所へ行かなくてはならなかった。,,0,,pendente,"narracao, sem limite de bytes"
v2070_oldata.bin:narracao:868,v2070_oldata.bin,868,38,カノンノの能力が何かを知る為に、○○と,,0,,pendente,"narracao, sem limite de bytes"
v2070_oldata.bin:narracao:869,v2070_oldata.bin,869,38,カノンノは聖地ラングリースへ向かった。,,0,,pendente,"narracao, sem limite de bytes"
v2070_oldata.bin:narracao:870,v2070_oldata.bin,870,50,ラングリースの中にある、高濃度のマナが渦巻く場所、,,0,,pendente,"narracao, sem limite de bytes"
v2070_oldata.bin:narracao:871,v2070_oldata.bin,871,38,ボルテックスで、○○はカノンノの意識に,,0,,pendente,"narracao, sem limite de bytes"
v2070_oldata.bin:narracao:872,v2070_oldata.bin,872,12,ダイブする。,,0,,pendente,"narracao, sem limite de bytes"
v2070_oldata.bin:narracao:873,v2070_oldata.bin,873,46,そして、カノンノの意識の中にある、様々な世界の,,0,,pendente,"narracao, sem limite de bytes"
v2070_oldata.bin:narracao:874,v2070_oldata.bin,874,46,記憶の道を辿ると、果てにいたのは原初の世界樹と,,0,,pendente,"narracao, sem limite de bytes"
v2070_oldata.bin:narracao:875,v2070_oldata.bin,875,28,なった原初のカノンノだった。,,0,,pendente,"narracao, sem limite de bytes"
v2070_oldata.bin:narracao:876,v2070_oldata.bin,876,48,原初のカノンノの話から、ジルディアとルミナシアは,,0,,pendente,"narracao, sem limite de bytes"
v2070_oldata.bin:narracao:877,v2070_oldata.bin,877,50,理は違えど、根源を同じくした兄弟であった事を知る。,,0,,pendente,"narracao, sem limite de bytes"
v2070_oldata.bin:narracao:878,v2070_oldata.bin,878,48,世界樹による、ジルディアの封印も、共存出来るまで,,0,,pendente,"narracao, sem limite de bytes"
v2070_oldata.bin:narracao:879,v2070_oldata.bin,879,50,ルミナシアの理を変えていくと決めた、世界樹の意志に,,0,,pendente,"narracao, sem limite de bytes"
v2070_oldata.bin:narracao:880,v2070_oldata.bin,880,18,よるものであった。,,0,,pendente,"narracao, sem limite de bytes"
v2070_oldata.bin:narracao:881,v2070_oldata.bin,881,48,星晶は封印するものでもある一方、ジルディアの為の,,0,,pendente,"narracao, sem limite de bytes"
v2070_oldata.bin:narracao:882,v2070_oldata.bin,882,24,ゆりかごでもあったのだ。,,0,,pendente,"narracao, sem limite de bytes"
v2070_oldata.bin:narracao:883,v2070_oldata.bin,883,48,遠い未来の話になろうとも、助け合っていける様に。,,0,,pendente,"narracao, sem limite de bytes"
v2070_oldata.bin:narracao:884,v2070_oldata.bin,884,26,共に創造していく為にと…。,,0,,pendente,"narracao, sem limite de bytes"
v2070_oldata.bin:narracao:885,v2070_oldata.bin,885,48,だが、いずれにしろ今はラザリス…ジルディアを封印,,0,,pendente,"narracao, sem limite de bytes"
v2070_oldata.bin:narracao:886,v2070_oldata.bin,886,18,する必要があった。,,0,,pendente,"narracao, sem limite de bytes"
v2070_oldata.bin:narracao:887,v2070_oldata.bin,887,48,ルミナシアとジルディアの理にはまだ大きな隔たりが,,0,,pendente,"narracao, sem limite de bytes"
v2070_oldata.bin:narracao:888,v2070_oldata.bin,888,38,あり、一緒に生きていけないからである。,,0,,pendente,"narracao, sem limite de bytes"
v2070_oldata.bin:narracao:889,v2070_oldata.bin,889,48,高濃度のマナを浴びたせいか、カノンノは船に戻って,,0,,pendente,"narracao, sem limite de bytes"
v2070_oldata.bin:narracao:890,v2070_oldata.bin,890,38,からも、肉体と意識のズレを感じていた。,,0,,pendente,"narracao, sem limite de bytes"
v2070_oldata.bin:narracao:891,v2070_oldata.bin,891,40,そんな中、食事につこうとしたカノンノは、,,0,,pendente,"narracao, sem limite de bytes"
v2070_oldata.bin:narracao:892,v2070_oldata.bin,892,34,メンバー達の姿にドクメントを見る。,,0,,pendente,"narracao, sem limite de bytes"
v2070_oldata.bin:narracao:893,v2070_oldata.bin,893,48,ヒトだけではない、食べ物にもドクメントが見えた。,,0,,pendente,"narracao, sem limite de bytes"
v2070_oldata.bin:narracao:894,v2070_oldata.bin,894,42,その食べ物のドクメントは、食事をする者達の,,0,,pendente,"narracao, sem limite de bytes"
v2070_oldata.bin:narracao:895,v2070_oldata.bin,895,32,ドクメントに移り、同化していく。,,0,,pendente,"narracao, sem limite de bytes"
v2070_oldata.bin:narracao:896,v2070_oldata.bin,896,48,ドクメントは命、命をいただいて自分は生きている。,,0,,pendente,"narracao, sem limite de bytes"
v2070_oldata.bin:narracao:897,v2070_oldata.bin,897,44,それはカノンノにとって、大きな気づきだった。,,0,,pendente,"narracao, sem limite de bytes"
v2070_oldata.bin:narracao:898,v2070_oldata.bin,898,46,しばらくした後、ツリガネトンボ草のドクメントが,,0,,pendente,"narracao, sem limite de bytes"
v2070_oldata.bin:narracao:899,v2070_oldata.bin,899,38,組み上がる。だが、喜んでもいられない。,,0,,pendente,"narracao, sem limite de bytes"
v2070_oldata.bin:narracao:900,v2070_oldata.bin,900,46,キバの増殖で、世界の侵食が速くなっているのだ。,,0,,pendente,"narracao, sem limite de bytes"
v2070_oldata.bin:narracao:901,v2070_oldata.bin,901,46,各地では、大地を奪い合う為にまた争いが始まって,,0,,pendente,"narracao, sem limite de bytes"
v2070_oldata.bin:narracao:902,v2070_oldata.bin,902,46,いた。各地の一致団結も、侵食の恐怖を前に脆くも,,0,,pendente,"narracao, sem limite de bytes"
v2070_oldata.bin:narracao:903,v2070_oldata.bin,903,12,崩れていく。,,0,,pendente,"narracao, sem limite de bytes"
v2070_oldata.bin:narracao:904,v2070_oldata.bin,904,46,侵食の原因であるキバは、ディセンダーであっても,,0,,pendente,"narracao, sem limite de bytes"
v2070_oldata.bin:narracao:905,v2070_oldata.bin,905,38,消せない。だが、侵食は消す事が出来る。,,0,,pendente,"narracao, sem limite de bytes"
v2070_oldata.bin:narracao:906,v2070_oldata.bin,906,36,その力が皆にあれば、とソフィが呟く。,,0,,pendente,"narracao, sem limite de bytes"
v2070_oldata.bin:narracao:907,v2070_oldata.bin,907,46,すると、そのソフィの言葉をヒントに、ハロルドは,,0,,pendente,"narracao, sem limite de bytes"
v2070_oldata.bin:narracao:908,v2070_oldata.bin,908,48,能力…ドクメントの転写を可能にする為に動き出す。,,0,,pendente,"narracao, sem limite de bytes"
v2070_oldata.bin:narracao:909,v2070_oldata.bin,909,50,しかし、これによる事故は、肉体の形態崩壊か溶解など,,0,,pendente,"narracao, sem limite de bytes"
v2070_oldata.bin:narracao:910,v2070_oldata.bin,910,38,が予想される程の危険な賭けでもあった。,,0,,pendente,"narracao, sem limite de bytes"
v2070_oldata.bin:narracao:911,v2070_oldata.bin,911,26,この試みは機械で行われる。,,0,,pendente,"narracao, sem limite de bytes"
v2070_oldata.bin:narracao:912,v2070_oldata.bin,912,44,そして、その機械の回路に必要な鉱物ギベオンを,,0,,pendente,"narracao, sem limite de bytes"
v2070_oldata.bin:narracao:913,v2070_oldata.bin,913,26,採取しに行く必要があった。,,0,,pendente,"narracao, sem limite de bytes"
v2070_oldata.bin:narracao:914,v2070_oldata.bin,914,40,ギベオンとは、隕石に含まれる隕鉄である。,,0,,pendente,"narracao, sem limite de bytes"
v2070_oldata.bin:narracao:915,v2070_oldata.bin,915,48,ルバーブ連山山頂には、数年前に隕石が落下していた,,0,,pendente,"narracao, sem limite de bytes"
v2070_oldata.bin:narracao:916,v2070_oldata.bin,916,48,事もあり、そのギベオンが手に入るのではないかと、,,0,,pendente,"narracao, sem limite de bytes"
v2070_oldata.bin:narracao:917,v2070_oldata.bin,917,24,○○達は山頂を目指した。,,0,,pendente,"narracao, sem limite de bytes"
v2070_oldata.bin:narracao:918,v2070_oldata.bin,918,48,過酷な山道を登りきった先には、宙からの贈り物…、,,0,,pendente,"narracao, sem limite de bytes"
v2070_oldata.bin:narracao:919,v2070_oldata.bin,919,18,ギベオンがあった。,,0,,pendente,"narracao, sem limite de bytes"
v2070_oldata.bin:narracao:920,v2070_oldata.bin,920,32,早速、○○達はギベオンを採取し、,,0,,pendente,"narracao, sem limite de bytes"
v2070_oldata.bin:narracao:921,v2070_oldata.bin,921,32,その不思議な物質に思いを馳せた。,,0,,pendente,"narracao, sem limite de bytes"
v2070_oldata.bin:narracao:922,v2070_oldata.bin,922,48,このルミナシアに訪れた物質は、どこかの世界の一部,,0,,pendente,"narracao, sem limite de bytes"
v2070_oldata.bin:narracao:923,v2070_oldata.bin,923,20,だったかもしれない。,,0,,pendente,"narracao, sem limite de bytes"
v2070_oldata.bin:narracao:924,v2070_oldata.bin,924,48,宙を隔てても、世界を越えても、命は支えあっていく,,0,,pendente,"narracao, sem limite de bytes"
v2070_oldata.bin:narracao:925,v2070_oldata.bin,925,26,のだと、アスベルが気づく。,,0,,pendente,"narracao, sem limite de bytes"
v2070_oldata.bin:narracao:926,v2070_oldata.bin,926,36,それは、ラザリスとの共存を望む○○に,,0,,pendente,"narracao, sem limite de bytes"
v2070_oldata.bin:narracao:927,v2070_oldata.bin,927,26,とっても大きな希望だった。,,0,,pendente,"narracao, sem limite de bytes"
v2070_oldata.bin:narracao:928,v2070_oldata.bin,928,50,ディセンダーの能力、即ちドクメントを転写する実験の,,0,,pendente,"narracao, sem limite de bytes"
v2070_oldata.bin:narracao:929,v2070_oldata.bin,929,12,準備が整う。,,0,,pendente,"narracao, sem limite de bytes"
v2070_oldata.bin:narracao:930,v2070_oldata.bin,930,48,だが、実験の事故を恐れて被験者になろうとする者は,,0,,pendente,"narracao, sem limite de bytes"
v2070_oldata.bin:narracao:931,v2070_oldata.bin,931,12,いなかった。,,0,,pendente,"narracao, sem limite de bytes"
v2070_oldata.bin:narracao:932,v2070_oldata.bin,932,50,そんな中で、カノンノが被験者になる事を名乗り出る。,,0,,pendente,"narracao, sem limite de bytes"
v2070_oldata.bin:narracao:933,v2070_oldata.bin,933,50,失敗すれば、死ぬかもしれないというのに、カノンノは,,0,,pendente,"narracao, sem limite de bytes"
v2070_oldata.bin:narracao:934,v2070_oldata.bin,934,36,臆する事無く微笑んで、実験に挑んだ。,,0,,pendente,"narracao, sem limite de bytes"
v2070_oldata.bin:narracao:935,v2070_oldata.bin,935,32,実験が始まり、○○のドクメントが,,0,,pendente,"narracao, sem limite de bytes"
v2070_oldata.bin:narracao:936,v2070_oldata.bin,936,22,カノンノへ絡んでいく。,,0,,pendente,"narracao, sem limite de bytes"
v2070_oldata.bin:narracao:937,v2070_oldata.bin,937,50,カノンノの身悶する様子から、壮絶な苦しみである事が,,0,,pendente,"narracao, sem limite de bytes"
v2070_oldata.bin:narracao:938,v2070_oldata.bin,938,12,見て取れた。,,0,,pendente,"narracao, sem limite de bytes"
v2070_oldata.bin:narracao:939,v2070_oldata.bin,939,48,しかし、そんな状態であってもカノンノは微笑んで、,,0,,pendente,"narracao, sem limite de bytes"
v2070_oldata.bin:narracao:940,v2070_oldata.bin,940,36,○○のドクメントを一身に受けていた。,,0,,pendente,"narracao, sem limite de bytes"
v2070_oldata.bin:narracao:941,v2070_oldata.bin,941,16,実験は無事終了。,,0,,pendente,"narracao, sem limite de bytes"
v2070_oldata.bin:narracao:942,v2070_oldata.bin,942,42,後は、能力の転写が成功しているかを確認しに,,0,,pendente,"narracao, sem limite de bytes"
v2070_oldata.bin:narracao:943,v2070_oldata.bin,943,26,行かなければならなかった。,,0,,pendente,"narracao, sem limite de bytes"
v2070_oldata.bin:narracao:944,v2070_oldata.bin,944,46,カノンノにディセンダーの能力が転写しているかを,,0,,pendente,"narracao, sem limite de bytes"
v2070_oldata.bin:narracao:945,v2070_oldata.bin,945,46,確かめる為、新たなトゲが出現したシフノ湧泉洞へ,,0,,pendente,"narracao, sem limite de bytes"
v2070_oldata.bin:narracao:946,v2070_oldata.bin,946,8,向かう。,,0,,pendente,"narracao, sem limite de bytes"
v2070_oldata.bin:narracao:947,v2070_oldata.bin,947,50,ディセンダーの能力が転写されていれば、他の人々へも,,0,,pendente,"narracao, sem limite de bytes"
v2070_oldata.bin:narracao:948,v2070_oldata.bin,948,42,能力を転写をし、皆で侵食を食い止められる。,,0,,pendente,"narracao, sem limite de bytes"
v2070_oldata.bin:narracao:949,v2070_oldata.bin,949,48,今また世界中では、侵食されていない大地を獲得する,,0,,pendente,"narracao, sem limite de bytes"
v2070_oldata.bin:narracao:950,v2070_oldata.bin,950,38,為に領土を奪い合う戦争が始まっている。,,0,,pendente,"narracao, sem limite de bytes"
v2070_oldata.bin:narracao:951,v2070_oldata.bin,951,50,だが、皆がこの能力を持てば、世界中の皆の心は危機に,,0,,pendente,"narracao, sem limite de bytes"
v2070_oldata.bin:narracao:952,v2070_oldata.bin,952,38,立ち向かい、一つになれるかもしれない。,,0,,pendente,"narracao, sem limite de bytes"
v2070_oldata.bin:narracao:953,v2070_oldata.bin,953,50,一行がキバの元へ辿り着くと、想像以上の侵食が進んで,,0,,pendente,"narracao, sem limite de bytes"
v2070_oldata.bin:narracao:954,v2070_oldata.bin,954,48,いた。そして、侵食されて倒れ伏すヒトを発見する。,,0,,pendente,"narracao, sem limite de bytes"
v2070_oldata.bin:narracao:955,v2070_oldata.bin,955,50,カノンノは見事、浸食を受けたヒトとその場を元の姿に,,0,,pendente,"narracao, sem limite de bytes"
v2070_oldata.bin:narracao:956,v2070_oldata.bin,956,38,戻し、実験が成功している事を証明した。,,0,,pendente,"narracao, sem limite de bytes"
v2070_oldata.bin:narracao:957,v2070_oldata.bin,957,50,しかし、倒れていたその者達はかなり衰弱した様子で、,,0,,pendente,"narracao, sem limite de bytes"
v2070_oldata.bin:narracao:958,v2070_oldata.bin,958,22,気を失ったままだった。,,0,,pendente,"narracao, sem limite de bytes"
v2070_oldata.bin:narracao:959,v2070_oldata.bin,959,50,よく見ると、それらが着ていた衣装は、あの暁の従者の,,0,,pendente,"narracao, sem limite de bytes"
v2070_oldata.bin:narracao:960,v2070_oldata.bin,960,12,ものである。,,0,,pendente,"narracao, sem limite de bytes"
v2070_oldata.bin:narracao:961,v2070_oldata.bin,961,42,一行は暁の従者を担ぎ、船へと戻る事にした。,,0,,pendente,"narracao, sem limite de bytes"
v2070_oldata.bin:narracao:962,v2070_oldata.bin,962,40,程なく、暁の従者は医務室で目を覚ました。,,0,,pendente,"narracao, sem limite de bytes"
v2070_oldata.bin:narracao:963,v2070_oldata.bin,963,50,彼らはアドリビトムへの接触を目的にしていたという。,,0,,pendente,"narracao, sem limite de bytes"
v2070_oldata.bin:narracao:964,v2070_oldata.bin,964,46,どういう事情があっての事なのか、話を詳しく聞く,,0,,pendente,"narracao, sem limite de bytes"
v2070_oldata.bin:narracao:965,v2070_oldata.bin,965,38,為に、○○達は医務室を訪ねる事にした。,,0,,pendente,"narracao, sem limite de bytes"
v2070_oldata.bin:narracao:966,v2070_oldata.bin,966,40,暁の従者は、世界の危機に果敢に立ち向かう,,0,,pendente,"narracao, sem limite de bytes"
v2070_oldata.bin:narracao:967,v2070_oldata.bin,967,42,アドリビトムを見て、自分達も役に立ちたいと,,0,,pendente,"narracao, sem limite de bytes"
v2070_oldata.bin:narracao:968,v2070_oldata.bin,968,42,ウズマキフスベの手がかりを知らせに旅をして,,0,,pendente,"narracao, sem limite de bytes"
v2070_oldata.bin:narracao:969,v2070_oldata.bin,969,16,いたのだという。,,0,,pendente,"narracao, sem limite de bytes"
v2070_oldata.bin:narracao:970,v2070_oldata.bin,970,44,しかし、二本のキバが現れた際に、地盤の崩落で,,0,,pendente,"narracao, sem limite de bytes"
v2070_oldata.bin:narracao:971,v2070_oldata.bin,971,50,シフノ湧泉洞の、あの場に落ちてしまったらしいのだ。,,0,,pendente,"narracao, sem limite de bytes"
v2070_oldata.bin:narracao:972,v2070_oldata.bin,972,46,手がかりとは、ウズマキフスベがかつて生えていた,,0,,pendente,"narracao, sem limite de bytes"
v2070_oldata.bin:narracao:973,v2070_oldata.bin,973,14,切り株だった。,,0,,pendente,"narracao, sem limite de bytes"
v2070_oldata.bin:narracao:974,v2070_oldata.bin,974,46,現物は無いが、わずかにでもドクメントがあるかも,,0,,pendente,"narracao, sem limite de bytes"
v2070_oldata.bin:narracao:975,v2070_oldata.bin,975,40,しれない。それだけでも大きな収穫である。,,0,,pendente,"narracao, sem limite de bytes"
v2070_oldata.bin:narracao:976,v2070_oldata.bin,976,46,そして、リタが編み出した術式で、ディセンダーの,,0,,pendente,"narracao, sem limite de bytes"
v2070_oldata.bin:narracao:977,v2070_oldata.bin,977,46,能力をカノンノの手を通して暁の従者に転写した。,,0,,pendente,"narracao, sem limite de bytes"
v2070_oldata.bin:narracao:978,v2070_oldata.bin,978,48,これで、彼らが他人と触れ合うだけで、能力の転写が,,0,,pendente,"narracao, sem limite de bytes"
v2070_oldata.bin:narracao:979,v2070_oldata.bin,979,18,行われるのである。,,0,,pendente,"narracao, sem limite de bytes"
v2070_oldata.bin:narracao:980,v2070_oldata.bin,980,46,その後、切り株からウズマキフスベのドクメントの,,0,,pendente,"narracao, sem limite de bytes"
v2070_oldata.bin:narracao:981,v2070_oldata.bin,981,44,一部が手に入る。だが、このキノコは無性生殖で,,0,,pendente,"narracao, sem limite de bytes"
v2070_oldata.bin:narracao:982,v2070_oldata.bin,982,40,ドクメントを継承した種は存在しないのだ。,,0,,pendente,"narracao, sem limite de bytes"
v2070_oldata.bin:narracao:983,v2070_oldata.bin,983,38,ツリガネトンボ草の時の様には行かない。,,0,,pendente,"narracao, sem limite de bytes"
v2070_oldata.bin:narracao:984,v2070_oldata.bin,984,42,だが、ここでカノンノが「食べ物となった命が,,0,,pendente,"narracao, sem limite de bytes"
v2070_oldata.bin:narracao:985,v2070_oldata.bin,985,34,受け継がれていく」事を思い出した。,,0,,pendente,"narracao, sem limite de bytes"
v2070_oldata.bin:narracao:986,v2070_oldata.bin,986,48,カノンノの話を元に、ウズマキフスベが絶滅する辺り,,0,,pendente,"narracao, sem limite de bytes"
v2070_oldata.bin:narracao:987,v2070_oldata.bin,987,36,から生きている生物をウィルが調べる。,,0,,pendente,"narracao, sem limite de bytes"
v2070_oldata.bin:narracao:988,v2070_oldata.bin,988,50,すると、ケイブレックスという魔物がウズマキフスベを,,0,,pendente,"narracao, sem limite de bytes"
v2070_oldata.bin:narracao:989,v2070_oldata.bin,989,26,常食していた事が判明した。,,0,,pendente,"narracao, sem limite de bytes"
v2070_oldata.bin:narracao:990,v2070_oldata.bin,990,48,ケイブレックスから、ウズマキフスベのドクメントを,,0,,pendente,"narracao, sem limite de bytes"
v2070_oldata.bin:narracao:991,v2070_oldata.bin,991,28,入手出来るかもしれないのだ。,,0,,pendente,"narracao, sem limite de bytes"
v2070_oldata.bin:narracao:992,v2070_oldata.bin,992,48,ウズマキフスベを食べていたケイブレックスを追い、,,0,,pendente,"narracao, sem limite de bytes"
v2070_oldata.bin:narracao:993,v2070_oldata.bin,993,34,○○達はコンフェイト大森林を進む。,,0,,pendente,"narracao, sem limite de bytes"
v2070_oldata.bin:narracao:994,v2070_oldata.bin,994,46,果たして、ケイブレックスから、かつて食べていた,,0,,pendente,"narracao, sem limite de bytes"
v2070_oldata.bin:narracao:995,v2070_oldata.bin,995,34,もののドクメントなど手に入るのか？,,0,,pendente,"narracao, sem limite de bytes"
v2070_oldata.bin:narracao:996,v2070_oldata.bin,996,16,他に方法も無い。,,0,,pendente,"narracao, sem limite de bytes"
v2070_oldata.bin:narracao:997,v2070_oldata.bin,997,42,だが、○○達はケイブレックスの動きを封じ、,,0,,pendente,"narracao, sem limite de bytes"
v2070_oldata.bin:narracao:998,v2070_oldata.bin,998,26,見事ドクメントを入手する。,,0,,pendente,"narracao, sem limite de bytes"
v2070_oldata.bin:narracao:999,v2070_oldata.bin,999,50,これで、塩水晶、ツリガネトンボ草、ウズマキフスベの,,0,,pendente,"narracao, sem limite de bytes"
v2070_oldata.bin:narracao:1000,v2070_oldata.bin,1000,28,ドクメントが揃ったのである。,,0,,pendente,"narracao, sem limite de bytes"
v2070_oldata.bin:narracao:1001,v2070_oldata.bin,1001,46,さらにこれを組み合わせれば、ジルディア、そして,,0,,pendente,"narracao, sem limite de bytes"
v2070_oldata.bin:narracao:1002,v2070_oldata.bin,1002,38,ラザリスを封印する封印次元が作られる。,,0,,pendente,"narracao, sem limite de bytes"
v2070_oldata.bin:narracao:1003,v2070_oldata.bin,1003,50,一方、暁の従者の二人の働きで、侵食浄化はもとより、,,0,,pendente,"narracao, sem limite de bytes"
v2070_oldata.bin:narracao:1004,v2070_oldata.bin,1004,40,また世界中の人々が手を繋ぎ始めたという。,,0,,pendente,"narracao, sem limite de bytes"
v2070_oldata.bin:narracao:1005,v2070_oldata.bin,1005,48,一人のディセンダーから、希望の光は確実に世界中で,,0,,pendente,"narracao, sem limite de bytes"
v2070_oldata.bin:narracao:1006,v2070_oldata.bin,1006,22,灯っていっているのだ。,,0,,pendente,"narracao, sem limite de bytes"
v2070_oldata.bin:narracao:1007,v2070_oldata.bin,1007,42,星晶の代わりとして組み上げたドクメントは、,,0,,pendente,"narracao, sem limite de bytes"
v2070_oldata.bin:narracao:1008,v2070_oldata.bin,1008,36,マナの流れに乗せて世界樹へ送り込む。,,0,,pendente,"narracao, sem limite de bytes"
v2070_oldata.bin:narracao:1009,v2070_oldata.bin,1009,46,そうする事で、封印次元を形成出来るのだという。,,0,,pendente,"narracao, sem limite de bytes"
v2070_oldata.bin:narracao:1010,v2070_oldata.bin,1010,50,封印次元を作った後は、世界樹を媒体にラザリス及び、,,0,,pendente,"narracao, sem limite de bytes"
v2070_oldata.bin:narracao:1011,v2070_oldata.bin,1011,48,ジルディアの情報…ドクメントを送信させればいい。,,0,,pendente,"narracao, sem limite de bytes"
v2070_oldata.bin:narracao:1012,v2070_oldata.bin,1012,36,○○にはいまいちピンと来なかったが、,,0,,pendente,"narracao, sem limite de bytes"
v2070_oldata.bin:narracao:1013,v2070_oldata.bin,1013,50,ハロルドとリタが出した見解を信じて、準備が整うのを,,0,,pendente,"narracao, sem limite de bytes"
v2070_oldata.bin:narracao:1014,v2070_oldata.bin,1014,48,待つ事にした。いよいよ、ジルディアを封印出来る。,,0,,pendente,"narracao, sem limite de bytes"
v2070_oldata.bin:narracao:1015,v2070_oldata.bin,1015,42,そして、○○が世界樹へ還る日が近い事も…。,,0,,pendente,"narracao, sem limite de bytes"
v2070_oldata.bin:narracao:1016,v2070_oldata.bin,1016,48,聖地ラングリースにある、もう一つのボルテックス。,,0,,pendente,"narracao, sem limite de bytes"
v2070_oldata.bin:narracao:1017,v2070_oldata.bin,1017,50,そのボルテックスから、封印次元に必要なドクメントを,,0,,pendente,"narracao, sem limite de bytes"
v2070_oldata.bin:narracao:1018,v2070_oldata.bin,1018,38,世界樹に流す為、○○、リタ、カノンノは,,0,,pendente,"narracao, sem limite de bytes"
v2070_oldata.bin:narracao:1019,v2070_oldata.bin,1019,10,船を出た。,,0,,pendente,"narracao, sem limite de bytes"
v2070_oldata.bin:narracao:1020,v2070_oldata.bin,1020,38,○○との別れを予感していたカノンノが、,,0,,pendente,"narracao, sem limite de bytes"
v2070_oldata.bin:narracao:1021,v2070_oldata.bin,1021,48,恐る恐る尋ねる。これが終わったら、世界樹に帰って,,0,,pendente,"narracao, sem limite de bytes"
v2070_oldata.bin:narracao:1022,v2070_oldata.bin,1022,14,しまうのかと。,,0,,pendente,"narracao, sem limite de bytes"
v2070_oldata.bin:narracao:1023,v2070_oldata.bin,1023,34,だが、○○にはその意志は無かった。,,0,,pendente,"narracao, sem limite de bytes"
v2070_oldata.bin:narracao:1024,v2070_oldata.bin,1024,32,まだ、やるべき事は沢山あるのだ。,,0,,pendente,"narracao, sem limite de bytes"
v2070_oldata.bin:narracao:1025,v2070_oldata.bin,1025,44,ラザリスやジルディアを封印した後も、世界には,,0,,pendente,"narracao, sem limite de bytes"
v2070_oldata.bin:narracao:1026,v2070_oldata.bin,1026,28,助けを必要とする人達がいる。,,0,,pendente,"narracao, sem limite de bytes"
v2070_oldata.bin:narracao:1027,v2070_oldata.bin,1027,40,自分だけ、いなくなる訳にはいかないのだ。,,0,,pendente,"narracao, sem limite de bytes"
v2070_oldata.bin:narracao:1028,v2070_oldata.bin,1028,38,そして、いよいよ封印次元が展開された。,,0,,pendente,"narracao, sem limite de bytes"
v2070_oldata.bin:narracao:1029,v2070_oldata.bin,1029,46,三本のキバが粒子となり、封印次元に消えていく。,,0,,pendente,"narracao, sem limite de bytes"
v2070_oldata.bin:narracao:1030,v2070_oldata.bin,1030,48,しかし、喜びも束の間、封印次元はいともあっさりと,,0,,pendente,"narracao, sem limite de bytes"
v2070_oldata.bin:narracao:1031,v2070_oldata.bin,1031,42,破られ、新たに現れたキバが世界樹を貫いた。,,0,,pendente,"narracao, sem limite de bytes"
v2070_oldata.bin:narracao:1032,v2070_oldata.bin,1032,30,同じ痛みを受けた○○が倒れる。,,0,,pendente,"narracao, sem limite de bytes"
v2070_oldata.bin:narracao:1033,v2070_oldata.bin,1033,32,○○が気づいた時は船の上だった。,,0,,pendente,"narracao, sem limite de bytes"
v2070_oldata.bin:narracao:1034,v2070_oldata.bin,1034,48,侵食はさらに進み、世界樹の理が変わり始めている。,,0,,pendente,"narracao, sem limite de bytes"
v2070_oldata.bin:narracao:1035,v2070_oldata.bin,1035,12,時間が無い。,,0,,pendente,"narracao, sem limite de bytes"
v2070_oldata.bin:narracao:1036,v2070_oldata.bin,1036,50,すぐにでも世界樹の元へ行きたかったが、未知の空間と,,0,,pendente,"narracao, sem limite de bytes"
v2070_oldata.bin:narracao:1037,v2070_oldata.bin,1037,36,化した場へ踏み込む事は危険視された。,,0,,pendente,"narracao, sem limite de bytes"
v2070_oldata.bin:narracao:1038,v2070_oldata.bin,1038,48,ニアタの力で、それは解決出来るという事だったが、,,0,,pendente,"narracao, sem limite de bytes"
v2070_oldata.bin:narracao:1039,v2070_oldata.bin,1039,34,それにはまだ少し時間が必要だった。,,0,,pendente,"narracao, sem limite de bytes"
v2070_oldata.bin:narracao:1040,v2070_oldata.bin,1040,48,世界樹への侵食は進み、世界の理が変えられていく。,,0,,pendente,"narracao, sem limite de bytes"
v2070_oldata.bin:narracao:1041,v2070_oldata.bin,1041,50,だが、ようやくリタとニアタの力で、世界樹の中にある,,0,,pendente,"narracao, sem limite de bytes"
v2070_oldata.bin:narracao:1042,v2070_oldata.bin,1042,50,未知の空間…エラン・ヴィタールへ行ける様になった。,,0,,pendente,"narracao, sem limite de bytes"
v2070_oldata.bin:narracao:1043,v2070_oldata.bin,1043,40,果たして、あの空間へ行き何が出来るのか。,,0,,pendente,"narracao, sem limite de bytes"
v2070_oldata.bin:narracao:1044,v2070_oldata.bin,1044,38,ラザリスに会って、どうすればいいのか。,,0,,pendente,"narracao, sem limite de bytes"
v2070_oldata.bin:narracao:1045,v2070_oldata.bin,1045,22,皆は、様々と思い煩う。,,0,,pendente,"narracao, sem limite de bytes"
v2070_oldata.bin:narracao:1046,v2070_oldata.bin,1046,38,不可能も恐れも知らないディセンダーに、,,0,,pendente,"narracao, sem limite de bytes"
v2070_oldata.bin:narracao:1047,v2070_oldata.bin,1047,32,後はただ未来を託すしかなかった。,,0,,pendente,"narracao, sem limite de bytes"
v2070_oldata.bin:narracao:1048,v2070_oldata.bin,1048,46,そして、アンジュから一つの依頼が届けられる…。,,0,,pendente,"narracao, sem limite de bytes"
v2070_oldata.bin:narracao:1049,v2070_oldata.bin,1049,46,アンジュから受けた依頼は、エラン・ヴィタールへ,,0,,pendente,"narracao, sem limite de bytes"
v2070_oldata.bin:narracao:1050,v2070_oldata.bin,1050,34,進入し、ルミナシアを守る事だった。,,0,,pendente,"narracao, sem limite de bytes"
v2070_oldata.bin:narracao:1051,v2070_oldata.bin,1051,48,ラザリスは、ルミナシアの世界樹の中枢、生命の場の,,0,,pendente,"narracao, sem limite de bytes"
v2070_oldata.bin:narracao:1052,v2070_oldata.bin,1052,22,前で○○を待っていた。,,0,,pendente,"narracao, sem limite de bytes"
v2070_oldata.bin:narracao:1053,v2070_oldata.bin,1053,46,ラザリスは生命の場を奪い、ルミナシアの生命から,,0,,pendente,"narracao, sem limite de bytes"
v2070_oldata.bin:narracao:1054,v2070_oldata.bin,1054,28,「創造」を奪うつもりだった。,,0,,pendente,"narracao, sem limite de bytes"
v2070_oldata.bin:narracao:1055,v2070_oldata.bin,1055,46,「創造」は欲、罪であると頑なに信じるラザリス。,,0,,pendente,"narracao, sem limite de bytes"
v2070_oldata.bin:narracao:1056,v2070_oldata.bin,1056,36,○○の一緒に生きたいと言う声も空しく,,0,,pendente,"narracao, sem limite de bytes"
v2070_oldata.bin:narracao:1057,v2070_oldata.bin,1057,26,ラザリスは戦う事を選んだ。,,0,,pendente,"narracao, sem limite de bytes"
v2070_oldata.bin:narracao:1058,v2070_oldata.bin,1058,44,力を削られながらも、なお抗い続けるラザリス。,,0,,pendente,"narracao, sem limite de bytes"
v2070_oldata.bin:narracao:1059,v2070_oldata.bin,1059,50,その時、これから生まれようとするジルディアの生命の,,0,,pendente,"narracao, sem limite de bytes"
v2070_oldata.bin:narracao:1060,v2070_oldata.bin,1060,46,意志…ドクメントが、ラザリスを守ろうと現れた。,,0,,pendente,"narracao, sem limite de bytes"
v2070_oldata.bin:narracao:1061,v2070_oldata.bin,1061,46,ラザリスの為に戦おうとする、ジルディアの生命の,,0,,pendente,"narracao, sem limite de bytes"
v2070_oldata.bin:narracao:1062,v2070_oldata.bin,1062,40,意志。争う意志を持たせたくないラザリス。,,0,,pendente,"narracao, sem limite de bytes"
v2070_oldata.bin:narracao:1063,v2070_oldata.bin,1063,46,二つの意志が反発し合い、それは混沌へ向かう力と,,0,,pendente,"narracao, sem limite de bytes"
v2070_oldata.bin:narracao:1064,v2070_oldata.bin,1064,8,なった。,,0,,pendente,"narracao, sem limite de bytes"
v2070_oldata.bin:narracao:1065,v2070_oldata.bin,1065,40,○○は全ての思いを込めてラザリスへ挑む。,,0,,pendente,"narracao, sem limite de bytes"
v2070_oldata.bin:narracao:1066,v2070_oldata.bin,1066,26,二つの世界の未来を賭けて。,,0,,pendente,"narracao, sem limite de bytes"
v2070_oldata.bin:narracao:1067,v2070_oldata.bin,1067,48,やがてラザリスの力は尽き、その力は拡散し始める。,,0,,pendente,"narracao, sem limite de bytes"
v2070_oldata.bin:narracao:1068,v2070_oldata.bin,1068,36,ラザリスは己の負けを受け止めていた。,,0,,pendente,"narracao, sem limite de bytes"
v2070_oldata.bin:narracao:1069,v2070_oldata.bin,1069,46,そして、生まれ来るはずだったジルディアの生命を,,0,,pendente,"narracao, sem limite de bytes"
v2070_oldata.bin:narracao:1070,v2070_oldata.bin,1070,30,憂い、小さな光となっていった。,,0,,pendente,"narracao, sem limite de bytes"
v2070_oldata.bin:narracao:1071,v2070_oldata.bin,1071,38,○○が、残ったラザリスの光を受け止め、,,0,,pendente,"narracao, sem limite de bytes"
v2070_oldata.bin:narracao:1072,v2070_oldata.bin,1072,34,共に生命の場へと静かに進んでいく。,,0,,pendente,"narracao, sem limite de bytes"
v2070_oldata.bin:narracao:1073,v2070_oldata.bin,1073,30,新しい、未来を創造する為に―。,,0,,pendente,"narracao, sem limite de bytes"
v3082_CharGuideTextCName.bin:0,v3082_CharGuideTextCName.bin,0,18,クレス・アルベイン,,0,,pendente,sem limite de bytes
v3082_CharGuideTextCName.bin:1,v3082_CharGuideTextCName.bin,1,18,ミント・アドネード,,0,,pendente,sem limite de bytes
v3082_CharGuideTextCName.bin:2,v3082_CharGuideTextCName.bin,2,24,チェスター・バークライト,,0,,pendente,sem limite de bytes
v3082_CharGuideTextCName.bin:3,v3082_CharGuideTextCName.bin,3,18,アーチェ・クライン,,0,,pendente,sem limite de bytes
v3082_CharGuideTextCName.bin:4,v3082_CharGuideTextCName.bin,4,10,藤林　すず,,0,,pendente,sem limite de bytes
v3082_CharGuideTextCName.bin:5,v3082_CharGuideTextCName.bin,5,6,ダオス,,0,,pendente,sem limite de bytes
v3082_CharGuideTextCName.bin:6,v3082_CharGuideTextCName.bin,6,16,スタン・エルロン,,0,,pendente,sem limite de bytes
v3082_CharGuideTextCName.bin:7,v3082_CharGuideTextCName.bin,7,20,ルーティ・カトレット,,0,,pendente,sem limite de bytes
v3082_CharGuideTextCName.bin:8,v3082_CharGuideTextCName.bin,8,18,フィリア・フィリス,,0,,pendente,sem limite de bytes
v3082_CharGuideTextCName.bin:9,v3082_CharGuideTextCName.bin,9,16,リオン・マグナス,,0,,pendente,sem limite de bytes
v3082_CharGuideTextCName.bin:10,v3082_CharGuideTextCName.bin,10,22,ウッドロウ・ケルヴィン,,0,,pendente,sem limite de bytes
v3082_CharGuideTextCName.bin:11,v3082_CharGuideTextCName.bin,11,18,チェルシー・トーン,,0,,pendente,sem limite de bytes
v3082_CharGuideTextCName.bin:12,v3082_CharGuideTextCName.bin,12,20,マイティ・コングマン,,0,,pendente,sem limite de bytes
v3082_CharGuideTextCName.bin:13,v3082_CharGuideTextCName.bin,13,16,リリス・エルロン,,0,,pendente,sem limite de bytes
v3082_CharGuideTextCName.bin:14,v3082_CharGuideTextCName.bin,14,18,リッド・ハーシェル,,0,,pendente,sem limite de bytes
v3082_CharGuideTextCName.bin:15,v3082_CharGuideTextCName.bin,15,20,ファラ・エルステッド,,0,,pendente,sem limite de bytes
v3082_CharGuideTextCName.bin:16,v3082_CharGuideTextCName.bin,16,18,キール・ツァイベル,,0,,pendente,sem limite de bytes
v3082_CharGuideTextCName.bin:17,v3082_CharGuideTextCName.bin,17,8,メルディ,,0,,pendente,sem limite de bytes
v3082_CharGuideTextCName.bin:18,v3082_CharGuideTextCName.bin,18,8,チャット,,0,,pendente,sem limite de bytes
v3082_CharGuideTextCName.bin:19,v3082_CharGuideTextCName.bin,19,10,セルシウス,,0,,pendente,sem limite de bytes
v3082_CharGuideTextCName.bin:20,v3082_CharGuideTextCName.bin,20,10,クィッキー,,0,,pendente,sem limite de bytes
v3082_CharGuideTextCName.bin:21,v3082_CharGuideTextCName.bin,21,18,カイル・デュナミス,,0,,pendente,sem limite de bytes
v3082_CharGuideTextCName.bin:22,v3082_CharGuideTextCName.bin,22,6,リアラ,,0,,pendente,sem limite de bytes
v3082_CharGuideTextCName.bin:23,v3082_CharGuideTextCName.bin,23,16,ロニ・デュナミス,,0,,pendente,sem limite de bytes
v3082_CharGuideTextCName.bin:24,v3082_CharGuideTextCName.bin,24,10,ジューダス,,0,,pendente,sem limite de bytes
v3082_CharGuideTextCName.bin:25,v3082_CharGuideTextCName.bin,25,18,ナナリー・フレッチ,,0,,pendente,sem limite de bytes
v3082_CharGuideTextCName.bin:26,v3082_CharGuideTextCName.bin,26,22,ハロルド・ベルセリオス,,0,,pendente,sem limite de bytes
v3082_CharGuideTextCName.bin:27,v3082_CharGuideTextCName.bin,27,22,バルバトス・ゲーティア,,0,,pendente,sem limite de bytes
v3082_CharGuideTextCName.bin:28,v3082_CharGuideTextCName.bin,28,20,ロイド・アーヴィング,,0,,pendente,sem limite de bytes
v3082_CharGuideTextCName.bin:29,v3082_CharGuideTextCName.bin,29,20,コレット・ブルーネル,,0,,pendente,sem limite de bytes
v3082_CharGuideTextCName.bin:30,v3082_CharGuideTextCName.bin,30,18,ジーニアス・セイジ,,0,,pendente,sem limite de bytes
v3082_CharGuideTextCName.bin:31,v3082_CharGuideTextCName.bin,31,16,リフィル・セイジ,,0,,pendente,sem limite de bytes
v3082_CharGuideTextCName.bin:32,v3082_CharGuideTextCName.bin,32,20,クラトス・アウリオン,,0,,pendente,sem limite de bytes
v3082_CharGuideTextCName.bin:33,v3082_CharGuideTextCName.bin,33,12,藤林　しいな,,0,,pendente,sem limite de bytes
v3082_CharGuideTextCName.bin:34,v3082_CharGuideTextCName.bin,34,18,ゼロス・ワイルダー,,0,,pendente,sem limite de bytes
v3082_CharGuideTextCName.bin:35,v3082_CharGuideTextCName.bin,35,24,プレセア・コンバティール,,0,,pendente,sem limite de bytes
v3082_CharGuideTextCName.bin:36,v3082_CharGuideTextCName.bin,36,12,ユグドラシル,,0,,pendente,sem limite de bytes
v3082_CharGuideTextCName.bin:37,v3082_CharGuideTextCName.bin,37,22,ヴェイグ・リュングベル,,0,,pendente,sem limite de bytes
v3082_CharGuideTextCName.bin:38,v3082_CharGuideTextCName.bin,38,16,クレア・ベネット,,0,,pendente,sem limite de bytes
v3082_CharGuideTextCName.bin:39,v3082_CharGuideTextCName.bin,39,20,ユージーン・ガラルド,,0,,pendente,sem limite de bytes
v3082_CharGuideTextCName.bin:40,v3082_CharGuideTextCName.bin,40,4,マオ,,0,,pendente,sem limite de bytes
v3082_CharGuideTextCName.bin:41,v3082_CharGuideTextCName.bin,41,18,ティトレイ・クロウ,,0,,pendente,sem limite de bytes
v3082_CharGuideTextCName.bin:42,v3082_CharGuideTextCName.bin,42,14,アニー・バース,,0,,pendente,sem limite de bytes
v3082_CharGuideTextCName.bin:43,v3082_CharGuideTextCName.bin,43,4,サレ,,0,,pendente,sem limite de bytes
v3082_CharGuideTextCName.bin:44,v3082_CharGuideTextCName.bin,44,18,セネル・クーリッジ,,0,,pendente,sem limite de bytes
v3082_CharGuideTextCName.bin:45,v3082_CharGuideTextCName.bin,45,22,シャーリィ・フェンネス,,0,,pendente,sem limite de bytes
v3082_CharGuideTextCName.bin:46,v3082_CharGuideTextCName.bin,46,18,ウィル・レイナード,,0,,pendente,sem limite de bytes
v3082_CharGuideTextCName.bin:47,v3082_CharGuideTextCName.bin,47,18,クロエ・ヴァレンス,,0,,pendente,sem limite de bytes
v3082_CharGuideTextCName.bin:48,v3082_CharGuideTextCName.bin,48,18,ノーマ・ビアッティ,,0,,pendente,sem limite de bytes
v3082_CharGuideTextCName.bin:49,v3082_CharGuideTextCName.bin,49,6,ジェイ,,0,,pendente,sem limite de bytes
v3082_CharGuideTextCName.bin:50,v3082_CharGuideTextCName.bin,50,16,ミミー・ブレッド,,0,,pendente,sem limite de bytes
v3082_CharGuideTextCName.bin:51,v3082_CharGuideTextCName.bin,51,8,キュッポ,,0,,pendente,sem limite de bytes
v3082_CharGuideTextCName.bin:52,v3082_CharGuideTextCName.bin,52,6,ピッポ,,0,,pendente,sem limite de bytes
v3082_CharGuideTextCName.bin:53,v3082_CharGuideTextCName.bin,53,6,ポッポ,,0,,pendente,sem limite de bytes
v3082_CharGuideTextCName.bin:54,v3082_CharGuideTextCName.bin,54,24,ルーク・フォン・ファブレ,,0,,pendente,sem limite de bytes
v3082_CharGuideTextCName.bin:55,v3082_CharGuideTextCName.bin,55,16,ティア・グランツ,,0,,pendente,sem limite de bytes
v3082_CharGuideTextCName.bin:56,v3082_CharGuideTextCName.bin,56,12,ガイ・セシル,,0,,pendente,sem limite de bytes
v3082_CharGuideTextCName.bin:57,v3082_CharGuideTextCName.bin,57,20,ジェイド・カーティス,,0,,pendente,sem limite de bytes
v3082_CharGuideTextCName.bin:58,v3082_CharGuideTextCName.bin,58,16,アニス・タトリン,,0,,pendente,sem limite de bytes
v3082_CharGuideTextCName.bin:59,v3082_CharGuideTextCName.bin,59,42,ナタリア・ルツ・キムラスカ・ランバルディア,,0,,pendente,sem limite de bytes
v3082_CharGuideTextCName.bin:60,v3082_CharGuideTextCName.bin,60,8,アッシュ,,0,,pendente,sem limite de bytes
v3082_CharGuideTextCName.bin:61,v3082_CharGuideTextCName.bin,61,16,ヴァン・グランツ,,0,,pendente,sem limite de bytes
v3082_CharGuideTextCName.bin:62,v3082_CharGuideTextCName.bin,62,20,カイウス・クオールズ,,0,,pendente,sem limite de bytes
v3082_CharGuideTextCName.bin:63,v3082_CharGuideTextCName.bin,63,20,ルビア・ナトウィック,,0,,pendente,sem limite de bytes
v3082_CharGuideTextCName.bin:64,v3082_CharGuideTextCName.bin,64,12,ルカ・ミルダ,,0,,pendente,sem limite de bytes
v3082_CharGuideTextCName.bin:65,v3082_CharGuideTextCName.bin,65,16,イリア・アニーミ,,0,,pendente,sem limite de bytes
v3082_CharGuideTextCName.bin:66,v3082_CharGuideTextCName.bin,66,22,スパーダ・ベルフォルマ,,0,,pendente,sem limite de bytes
v3082_CharGuideTextCName.bin:67,v3082_CharGuideTextCName.bin,67,18,アンジュ・セレーナ,,0,,pendente,sem limite de bytes
v3082_CharGuideTextCName.bin:68,v3082_CharGuideTextCName.bin,68,20,リカルド・ソルダード,,0,,pendente,sem limite de bytes
v3082_CharGuideTextCName.bin:69,v3082_CharGuideTextCName.bin,69,6,コーダ,,0,,pendente,sem limite de bytes
v3082_CharGuideTextCName.bin:70,v3082_CharGuideTextCName.bin,70,18,ユーリ・ローウェル,,0,,pendente,sem limite de bytes
v3082_CharGuideTextCName.bin:71,v3082_CharGuideTextCName.bin,71,36,エステリーゼ・シデス・ヒュラッセイン,,0,,pendente,sem limite de bytes
v3082_CharGuideTextCName.bin:72,v3082_CharGuideTextCName.bin,72,10,ジュディス,,0,,pendente,sem limite de bytes
v3082_CharGuideTextCName.bin:73,v3082_CharGuideTextCName.bin,73,16,リタ・モルディオ,,0,,pendente,sem limite de bytes
v3082_CharGuideTextCName.bin:74,v3082_CharGuideTextCName.bin,74,8,レイヴン,,0,,pendente,sem limite de bytes
v3082_CharGuideTextCName.bin:75,v3082_CharGuideTextCName.bin,75,16,フレン・シーフォ,,0,,pendente,sem limite de bytes
v3082_CharGuideTextCName.bin:76,v3082_CharGuideTextCName.bin,76,20,エミル・キャスタニエ,,0,,pendente,sem limite de bytes
v3082_CharGuideTextCName.bin:77,v3082_CharGuideTextCName.bin,77,18,マルタ・ルアルディ,,0,,pendente,sem limite de bytes
v3082_CharGuideTextCName.bin:78,v3082_CharGuideTextCName.bin,78,20,リヒター・アーベント,,0,,pendente,sem limite de bytes
v3082_CharGuideTextCName.bin:79,v3082_CharGuideTextCName.bin,79,20,シング・メテオライト,,0,,pendente,sem limite de bytes
v3082_CharGuideTextCName.bin:80,v3082_CharGuideTextCName.bin,80,14,コハク・ハーツ,,0,,pendente,sem limite de bytes
v3082_CharGuideTextCName.bin:81,v3082_CharGuideTextCName.bin,81,14,ヒスイ・ハーツ,,0,,pendente,sem limite de bytes
v3082_CharGuideTextCName.bin:82,v3082_CharGuideTextCName.bin,82,16,アスベル・ラント,,0,,pendente,sem limite de bytes
v3082_CharGuideTextCName.bin:83,v3082_CharGuideTextCName.bin,83,6,ソフィ,,0,,pendente,sem limite de bytes
v3082_CharGuideTextCName.bin:84,v3082_CharGuideTextCName.bin,84,18,シェリア・バーンズ,,0,,pendente,sem limite de bytes
v3082_CharGuideTextCName.bin:85,v3082_CharGuideTextCName.bin,85,16,パスカ・カノンノ,,0,,pendente,sem limite de bytes
v3082_CharGuideTextCName.bin:86,v3082_CharGuideTextCName.bin,86,6,モルモ,,0,,pendente,sem limite de bytes
v3082_CharGuideTextCName.bin:87,v3082_CharGuideTextCName.bin,87,12,ウィダーシン,,0,,pendente,sem limite de bytes
v3082_CharGuideTextCName.bin:88,v3082_CharGuideTextCName.bin,88,20,カノンノ・イアハート,,0,,pendente,sem limite de bytes
v3082_CharGuideTextCName.bin:89,v3082_CharGuideTextCName.bin,89,6,ゲーデ,,0,,pendente,sem limite de bytes
v3082_CharGuideTextCName.bin:90,v3082_CharGuideTextCName.bin,90,22,カノンノ・グラスバレー,,0,,pendente,sem limite de bytes
v3082_CharGuideTextCName.bin:91,v3082_CharGuideTextCName.bin,91,18,ロックスプリングス,,0,,pendente,sem limite de bytes
v3082_CharGuideTextCName.bin:92,v3082_CharGuideTextCName.bin,92,14,ニアタ・モナド,,0,,pendente,sem limite de bytes
v3082_CharGuideTextCName.bin:93,v3082_CharGuideTextCName.bin,93,8,ラザリス,,0,,pendente,sem limite de bytes
v3082_CharGuideTextORG.bin:0,v3082_CharGuideTextORG.bin,0,147,"【オリジナルプロフィール】

アルべイン流剣術道場の一人息子。
無意味な争いを好まない心優しい青年。
両親の死の元凶となった、魔王ダオスに
立ち向かう。",,0,LF,pendente,sem limite de bytes
v3082_CharGuideTextORG.bin:1,v3082_CharGuideTextORG.bin,1,182,"【オリジナルプロフィール】

神に祈りを捧げる事で授かる、
癒しの力を使う法術師。
控えめでおとなしい性格であるが、
芯は強く、気丈な面も持ち合せている。
クレスの事をひそかに想っている。",,0,LF,pendente,sem limite de bytes
v3082_CharGuideTextORG.bin:2,v3082_CharGuideTextORG.bin,2,264,"【オリジナルプロフィール】

クレスの幼馴染であり、親友。
早くに両親を亡くし、ただ一人の家族である
妹のアミィを育てていたが、ダオスが
元凶となった事件でその妹すらも失う。
幼い頃から、大人と渡り合って妹を育てて
いた為か、どこか物事に対して斜に
構えるようになっている",,0,LF,pendente,sem limite de bytes
v3082_CharGuideTextORG.bin:3,v3082_CharGuideTextORG.bin,3,169,"【オリジナルプロフィール】

強力な魔術を使用し、ホウキに乗って
空を飛ぶ、ハーフエルフの少女。
マイペースであけすけな性格をしており、
いつもチェスターと口喧嘩をしている。",,0,LF,pendente,sem limite de bytes
v3082_CharGuideTextORG.bin:4,v3082_CharGuideTextORG.bin,4,261,"【オリジナルプロフィール】

世間一般では知られていない、
忍びの一族の少女。
１１歳という幼さでありながら、
忍術使いとして優れた才能を持ち、
将来の頭領と目されている。
任務に感情を持ち込んではならないという
忍びの掟に従い、常に冷静沈着で
感情を表に出す事が無い。",,0,LF,pendente,sem limite de bytes
v3082_CharGuideTextORG.bin:5,v3082_CharGuideTextORG.bin,5,139,"【オリジナルプロフィール】

異なる世界から、クレス達の世界へ
やって来た、魔王と称される男。
時間転移術を使い、自在に時を超える
事が出来る。",,0,LF,pendente,sem limite de bytes
v3082_CharGuideTextORG.bin:6,v3082_CharGuideTextORG.bin,6,243,"【オリジナルプロフィール】

純粋で、熱血漢の青年。
祖父の様な、王国の兵士になる為に
家出同然で旅に出る。
ディムロスという人格を持つ剣と出会い、
世界に影を落としていく陰謀に
立ち向かっていく。
恐ろしく寝起きが悪く、一度寝ると
ただでは起きない。",,0,LF,pendente,sem limite de bytes
v3082_CharGuideTextORG.bin:7,v3082_CharGuideTextORG.bin,7,203,"【オリジナルプロフィール】

高いエネルギーを有するレンズを
探し求める、レンズハンター。
アトワイトという人格を持つ剣を
所持している。
金にただならぬ執着を持っているが、
それは彼女が秘めている事情による。",,0,LF,pendente,sem limite de bytes
v3082_CharGuideTextORG.bin:8,v3082_CharGuideTextORG.bin,8,216,"【オリジナルプロフィール】

アタモニ神団という宗教の司祭であり、
学者という一面も持っている。
穏やかで生真面目な性格で、
責任感が強い。
クレメンテという人格を持つ剣を
所持している。
スタンに対して淡い恋心を覗かせる。",,0,LF,pendente,sem limite de bytes
v3082_CharGuideTextORG.bin:9,v3082_CharGuideTextORG.bin,9,293,"【オリジナルプロフィール】

１６歳にして、その天才的な剣の能力を見出され、
王国軍に客員剣士として迎え入れられた少年。
シャルティエという人格を持つ剣を
所持している。
他人と心を通わす事は無く、冷徹な
性格だが、その反面些細な言葉に
むきになって反応したり、甘いものが
好きなどの幼い一面も見せる。",,0,LF,pendente,sem limite de bytes
v3082_CharGuideTextORG.bin:10,v3082_CharGuideTextORG.bin,10,194,"【オリジナルプロフィール】

次期国王となる身分である。
イクティノスという人格を持つ剣を
所持しており、剣の他に、弓の腕も立つ。
冷静で他人を思いやる気持ちが強く、
故郷の民からとても慕われている。",,0,LF,pendente,sem limite de bytes
v3082_CharGuideTextORG.bin:11,v3082_CharGuideTextORG.bin,11,162,"【オリジナルプロフィール】

ウッドロウの弓の師匠の孫娘。
弓は３歳の時より修行を始めており、
その腕はかなりのもの。
ウッドロウに恋心を抱いている。
極度の方向音痴。",,0,LF,pendente,sem limite de bytes
v3082_CharGuideTextORG.bin:12,v3082_CharGuideTextORG.bin,12,234,"【オリジナルプロフィール】

闘技場のチャンピオンとして、
その名を轟かせる男。
フィリアに一目ぼれし、好意を寄せる。
粗暴な性格の一方で、街の守護者として
弱きを助ける一面もある。
自己鍛錬に余念が無く、
自分の力に絶大な自信を持っている。",,0,LF,pendente,sem limite de bytes
v3082_CharGuideTextORG.bin:13,v3082_CharGuideTextORG.bin,13,188,"【オリジナルプロフィール】

家事をテキパキとこなす、スタンの妹。
「死者の目覚め」という秘技で、
寝起きの悪い兄を一発で起こす。
スタンが故郷を飛び出した後、
祖父と共に兄の帰りを待っている。",,0,LF,pendente,sem limite de bytes
v3082_CharGuideTextORG.bin:14,v3082_CharGuideTextORG.bin,14,254,"【オリジナルプロフィール】

幼い頃に両親を亡くし、
一人で猟師として生計を立てていた青年。
ファラやキールとは幼馴染の関係。
のんびりとした代わり映えの無い生活を
好んでいたが、異世界からやって来た
メルディとの出会いにより、波乱の運命へと
巻き込まれていく。",,0,LF,pendente,sem limite de bytes
v3082_CharGuideTextORG.bin:15,v3082_CharGuideTextORG.bin,15,250,"【オリジナルプロフィール】

困っている人に、手を差し伸べずには
いられない性格で、とにかく人助けに
情熱を燃やす。
しかし、その行動が行き過ぎてしまい、
リッドとキールをいつも巻き込んでしまう。
この異常なまでの利他的な性格は、
彼女のある過去に起因する。",,0,LF,pendente,sem limite de bytes
v3082_CharGuideTextORG.bin:16,v3082_CharGuideTextORG.bin,16,199,"【オリジナルプロフィール】

リッドとファラの幼馴染。
わずか１３歳で大学に入るという
明晰な頭脳を持っているが、
運動神経は鈍い。
理論的で理屈が多く、融通のきかない
性格だが、ファラには頭が上がらない。",,0,LF,pendente,sem limite de bytes
v3082_CharGuideTextORG.bin:17,v3082_CharGuideTextORG.bin,17,202,"【オリジナルプロフィール】

独特な口調で喋る異世界から来た少女。
グランドフォールという世界崩壊を
止める為にリッドやファラに協力を請う。
いつも明るく、天真爛漫で、音楽が鳴ると
不思議なダンスを披露する。",,0,LF,pendente,sem limite de bytes
v3082_CharGuideTextORG.bin:18,v3082_CharGuideTextORG.bin,18,219,"【オリジナルプロフィール】

伝説の大海賊アイフリードの子孫であり、
アイフリードが所有していたバンエル
ティア号の継承者である。
機械は崇高である、と船の機関室で日々
メンテナンスを行っている。
毛がふさふさした動物が苦手。",,0,LF,pendente,sem limite de bytes
v3082_CharGuideTextORG.bin:19,v3082_CharGuideTextORG.bin,19,169,"【オリジナルプロフィール】

物質でもなく、精神でもなく、精霊の様な
「大晶霊」という存在で、その中でも
セルシウスは氷を司る。
性格はクールだが、人間を思う優しい面もある。",,0,LF,pendente,sem limite de bytes
v3082_CharGuideTextORG.bin:20,v3082_CharGuideTextORG.bin,20,135,"【オリジナルプロフィール】

メルディが飼っているペットで、
常に彼女と共にいる。
「クィッキー」と鳴く。
危険を予知する能力を持っている。",,0,LF,pendente,sem limite de bytes
v3082_CharGuideTextORG.bin:21,v3082_CharGuideTextORG.bin,21,295,"【オリジナルプロフィール】

スタンとルーティの息子で、ルーティが経営する
孤児院で、多くの孤児と共に育つ。
寝起きの悪さは父親譲り。
スタンの様な英雄になる事を目指している。
素直で前向きな性格だが、熱くなると周りが
見えなくなる。
英雄を探しているというリアラに出会い、
真の英雄になるべく旅に出る。",,0,LF,pendente,sem limite de bytes
v3082_CharGuideTextORG.bin:22,v3082_CharGuideTextORG.bin,22,228,"【オリジナルプロフィール】

古代の遺跡に眠る巨大なレンズから現れた
不思議な少女。
歴史を変えられる程の英雄を探している。
可憐な姿に似合わず、辛らつな言葉を
発する。
身に着けているレンズのペンダントで
不思議な力を使う事が出来る。",,0,LF,pendente,sem limite de bytes
v3082_CharGuideTextORG.bin:23,v3082_CharGuideTextORG.bin,23,243,"【オリジナルプロフィール】

ルーティの経営する孤児院にて育った青年で、
カイルにとってはよい兄貴分である。
女性を見かけては、声をかけまくる女好きだが、
いつもフラれている。
ハロルドからは実験体にされそうになり、
ナナリーからは尻にしかれている。",,0,LF,pendente,sem limite de bytes
v3082_CharGuideTextORG.bin:24,v3082_CharGuideTextORG.bin,24,186,"【オリジナルプロフィール】

仮面を着け、素顔を隠す男。
カイルに少なからず因縁があるのか、
危機に陥った時には助けてくれる。
皮肉屋で冷たい態度をとるが、
カイルの成長を導き、そして見守る。",,0,LF,pendente,sem limite de bytes
v3082_CharGuideTextORG.bin:25,v3082_CharGuideTextORG.bin,25,330,"【オリジナルプロフィール】

カイル達の住む世界の十年先の未来に生き、
時を跳んで来たカイル達と出会う。
人々がアタモニ神団という宗教により
一方的に与えられる幸福を享受する中、
彼女は苦しい道であっても、自分達の生きる力で
幸せを掴もうとする。
しかし、その選んだ道から病弱な弟を亡くし、
心に深い傷を負っている。
姉御肌で面倒見がいい。",,0,LF,pendente,sem limite de bytes
v3082_CharGuideTextORG.bin:26,v3082_CharGuideTextORG.bin,26,312,"【オリジナルプロフィール】

遥か太古に起きた天地戦争の時代に生きる、
自称天才科学者。
しかし、科学知識以外においては
常識を持ち合わせておらず、
人々からは変人とも称される。
面白いか、そうでないかを基準に
行動を決める節があり、それによって
決めた行動にはどんな苦労も厭わない。
他人をすぐに研究の実験体にしたがる。",,0,LF,pendente,sem limite de bytes
v3082_CharGuideTextORG.bin:27,v3082_CharGuideTextORG.bin,27,278,"【オリジナルプロフィール】

太古の天地戦争時代に生きた男。
残忍で、好戦的。
当時は軍に所属していたが、
味方を裏切り処刑された。
しかし、この時の憎悪が、とある存在の
目に留まり、再び現代に蘇る。
そして、世界を救ったスタン、ルーティ、
フィリア、ウッドロウら「四英雄」の
命を狙う。",,0,LF,pendente,sem limite de bytes
v3082_CharGuideTextORG.bin:28,v3082_CharGuideTextORG.bin,28,246,"【オリジナルプロフィール】

ドワーフの養父に育てられた少年。
正義感が強く、素直な性格をしている。
幼馴染のコレットが、衰退していく
世界を救う「世界再生の旅」に出る際に、
共に故郷を離れ旅立つ。
手先が器用で、細工が得意なのだが、
勉強は苦手である。",,0,LF,pendente,sem limite de bytes
v3082_CharGuideTextORG.bin:29,v3082_CharGuideTextORG.bin,29,286,"【オリジナルプロフィール】

衰退する世界を救う、神子としての
宿命を背負った少女。
優しく、穏やかな性格だが、
世界を救うという自負は強く、
決して弱音を吐く事はない。
ドジで、よくコケるが、それらの
ハプニングが幸運に繋がる事がある。
動物、とりわけ犬が好きであり、
犬を見ると名前を付ける。",,0,LF,pendente,sem limite de bytes
v3082_CharGuideTextORG.bin:30,v3082_CharGuideTextORG.bin,30,211,"【オリジナルプロフィール】

ロイドの幼馴染である、天才少年。
迫害の対象である、ハーフエルフという
種族であり、その事を世間から隠しながら
生きている。
その為、種族や年齢の違いから
差別をしないロイドを慕っている。",,0,LF,pendente,sem limite de bytes
v3082_CharGuideTextORG.bin:31,v3082_CharGuideTextORG.bin,31,185,"【オリジナルプロフィール】

ジーニアスの姉であり、
ロイドやコレット達に勉強を教える
教師でもある。
コレットの「世界再生の旅」に同行する。
遺跡マニアで、遺跡を目にすると
性格が豹変する。",,0,LF,pendente,sem limite de bytes
v3082_CharGuideTextORG.bin:32,v3082_CharGuideTextORG.bin,32,206,"【オリジナルプロフィール】

「世界再生の旅」の護衛として、
リフィルが雇った傭兵。
旅先で出会う事情に通じており、
ロイド達を導く。
剣の技も一流の腕を持つ。
冷静沈着であまり自分の事については
話そうとしない。",,0,LF,pendente,sem limite de bytes
v3082_CharGuideTextORG.bin:33,v3082_CharGuideTextORG.bin,33,221,"【オリジナルプロフィール】

世界再生の神子であるコレットを暗殺する為に
送り込まれた暗殺者だったが、ロイド達を
敵視するべき者ではないと理解し、共に
旅をする事になる。
忍びの護符による符術を使い、精霊を使役する
能力を持つ。",,0,LF,pendente,sem limite de bytes
v3082_CharGuideTextORG.bin:34,v3082_CharGuideTextORG.bin,34,168,"【オリジナルプロフィール】

ロイド達の世界とは異なる世界の
神子である。
女好きで、見境なく口説いて回る。
いつも軽口を叩いているが、
過去から引きずる心の闇を抱えている。",,0,LF,pendente,sem limite de bytes
v3082_CharGuideTextORG.bin:35,v3082_CharGuideTextORG.bin,35,181,"【オリジナルプロフィール】

人体実験により怪力を得たが、感情を
失ってしまった少女。
ロイド達の活躍により、
感情を失うという症状は止まり、
少しずつ表情を取り戻していく。
肉球が好き。",,0,LF,pendente,sem limite de bytes
v3082_CharGuideTextORG.bin:36,v3082_CharGuideTextORG.bin,36,176,"【オリジナルプロフィール】

全てが謎に包まれたまま、世界を支配している
存在。
天使の様な姿と、高い戦闘能力を持つ。
彼は、一つの願いを成就させる為に、
影から世界を動かしている。",,0,LF,pendente,sem limite de bytes
v3082_CharGuideTextORG.bin:37,v3082_CharGuideTextORG.bin,37,249,"【オリジナルプロフィール】

幼くして両親を亡くし、クレアの家に引き取られ
育てられた。
無口で表情を表に出さないので、暗い、もしくは
冷たいという印象を与えてしまう。
ある日突然、氷のフォルスの能力に覚醒し、
暴走したその力でクレアを氷漬けにしてしまう。",,0,LF,pendente,sem limite de bytes
v3082_CharGuideTextORG.bin:38,v3082_CharGuideTextORG.bin,38,216,"【オリジナルプロフィール】

ヴェイグとは、幼い頃から共に暮らしていた。
常に他人を思いやる、心優しい少女。
世の惨状を変えていく為に、どんな窮地に
陥っても、たった一人でも心折れる事無く
立ち向かう強い意志を持っている。",,0,LF,pendente,sem limite de bytes
v3082_CharGuideTextORG.bin:39,v3082_CharGuideTextORG.bin,39,266,"【オリジナルプロフィール】

ガジュマという、獣のような見た目の種族の男。
国王直属の特殊部隊「王の盾」の隊長を務めて
いた事がある。
武人と呼ぶにふさわしい、鍛え抜かれた肉体と
冷静な判断力を持つ。
身だしなみには気を遣っており、尻尾を覆う袋には
彼なりのこだわりがある。",,0,LF,pendente,sem limite de bytes
v3082_CharGuideTextORG.bin:40,v3082_CharGuideTextORG.bin,40,214,"【オリジナルプロフィール】

ユージーンに保護された、記憶喪失の少年。
記憶を取り戻す為、また混乱していく世界を
救う為にユージーンと旅をする。
楽天家でいつも明るく、ムードメーカーである。
いつも即興で作った歌を歌う。",,0,LF,pendente,sem limite de bytes
v3082_CharGuideTextORG.bin:41,v3082_CharGuideTextORG.bin,41,202,"【オリジナルプロフィール】

ヴェイグと同じく、フォルスという能力に
目覚めた青年。
暑苦しい程に熱血漢で、曲がった事は見逃せない。
仲間思いであり、なかなか胸の内を明かさない
ヴェイグにはやきもきしている。",,0,LF,pendente,sem limite de bytes
v3082_CharGuideTextORG.bin:42,v3082_CharGuideTextORG.bin,42,220,"【オリジナルプロフィール】

亡き父の様な、医者を目指す少女。
ガジュマという種族に嫌悪感を示し、
特にユージーンに対しては憎悪の念を抱く。
控えめな性格だが、芯は強く頑固な面もある。
恋愛小説を好み、日記をつける習慣がある。",,0,LF,pendente,sem limite de bytes
v3082_CharGuideTextORG.bin:43,v3082_CharGuideTextORG.bin,43,299,"【オリジナルプロフィール】

かつてはユージーンの部下だった。
子供の頃からフォルスの能力を発揮し、
嵐を自由に操る事が出来る。
冷酷かつ残忍な性格で、常に人を見下した
態度を取る。
幾度となくヴェイグ達と対立するが、
ヴェイグ達に敗北してからは、その心までも
踏みにじる為、執拗なまでにつけ狙う様になった。",,0,LF,pendente,sem limite de bytes
v3082_CharGuideTextORG.bin:44,v3082_CharGuideTextORG.bin,44,170,"【オリジナルプロフィール】

海の保全に努めるマリントルーパーという
職に就いていた。
普段は無愛想で、言葉も少ないが、
彼が妹とするシャーリィの前では、
優しい表情を見せる。",,0,LF,pendente,sem limite de bytes
v3082_CharGuideTextORG.bin:45,v3082_CharGuideTextORG.bin,45,254,"【オリジナルプロフィール】

セネルを兄と慕うが、血の繋がりはない。
水の民と呼ばれる種族で、水中で呼吸する事が
出来る。
しかし、彼女に限って海水は害となり、
潮風に当たるだけでも体調を崩してしまう。
重い運命を背負って生まれ、多くの者から
追われる身となる。",,0,LF,pendente,sem limite de bytes
v3082_CharGuideTextORG.bin:46,v3082_CharGuideTextORG.bin,46,233,"【オリジナルプロフィール】

保安官を務めているが本人は認めておらず、
博物学者を自称している。
冷静で統率力があり、騒がしい仲間達を
まとめ、時には諭す頼もしい性格だが、
珍しい生物には目がなく、博物学者の
血が騒ぐのか分析に夢中になる。",,0,LF,pendente,sem limite de bytes
v3082_CharGuideTextORG.bin:47,v3082_CharGuideTextORG.bin,47,181,"【オリジナルプロフィール】

代々騎士を輩出してきた名門ヴァレンス家の少女。
正義感が強く、自他共に厳しいが、
年相応の少女らしい一面を見せる事もある。
カナヅチで、浅い水場でも溺れる。",,0,LF,pendente,sem limite de bytes
v3082_CharGuideTextORG.bin:48,v3082_CharGuideTextORG.bin,48,264,"【オリジナルプロフィール】

自称、すご腕トレジャーハンターで
宝物を探し回るが、いつもドジを踏んでいる。
しかし、自前の明るさにより、
仲間内のムードメーカーとなっている。
あだ名を付けるのが好き。
エバーライトという、何でも願いをかなえる
石を探し求め、冒険していた。",,0,LF,pendente,sem limite de bytes
v3082_CharGuideTextORG.bin:49,v3082_CharGuideTextORG.bin,49,249,"【オリジナルプロフィール】

１６歳の少年ながら、有能な情報屋
「不可視のジェイ」としてその名を馳せる。
情報収集の能力もさる事ながら、分析能力にも優れ、
参謀的な役回りでも活躍する。
毒舌家で、非常にドライな性格だが、
モフモフ族には優しい一面を見せる。",,0,LF,pendente,sem limite de bytes
v3082_CharGuideTextORG.bin:50,v3082_CharGuideTextORG.bin,50,186,"【オリジナルプロフィール】

２８代目のワンダーパン職人で、
語尾に「パン」を付けて喋る。
威勢はいいが、何もない所で転んでは泣く
ドジな面もある。
神出鬼没で、色んなものに姿を変えて現れる。",,0,LF,pendente,sem limite de bytes
v3082_CharGuideTextORG.bin:51,v3082_CharGuideTextORG.bin,51,163,"【オリジナルプロフィール】

ラッコが進化したモフモフ族という種族。
ピッポ、ポッポとは兄弟で、三人の中では
長男になる。
勇猛果敢な格闘家で、セネル達をサポートする。",,0,LF,pendente,sem limite de bytes
v3082_CharGuideTextORG.bin:52,v3082_CharGuideTextORG.bin,52,141,"【オリジナルプロフィール】

キュッポ、ポッポとは兄弟で、三人の中では
次男になる。
詩人で、繊細な性格をしており、いつも
ハープを背負っている。",,0,LF,pendente,sem limite de bytes
v3082_CharGuideTextORG.bin:53,v3082_CharGuideTextORG.bin,53,186,"【オリジナルプロフィール】

キュッポ、ピッポとは兄弟で、三人の中では
三男になる。
発明家であり、マニアックな作品を開発している。
しかし、緻密な作業を行う傍ら、
性格はかなり大雑把である。",,0,LF,pendente,sem limite de bytes
v3082_CharGuideTextORG.bin:54,v3082_CharGuideTextORG.bin,54,294,"【オリジナルプロフィール】

王国の公爵家の一人息子。
子どもの頃、敵国によって誘拐された事があり、
そのショックで誘拐される以前の記憶を失っている。
また、そのような経緯から警護の為に
屋敷の中に閉じ込められて暮らしていた。
裕福な環境で不自由なく育った為に
世間知らずでわがままな性格となっている。",,0,LF,pendente,sem limite de bytes
v3082_CharGuideTextORG.bin:55,v3082_CharGuideTextORG.bin,55,233,"【オリジナルプロフィール】

預言を司るローレライ教団の教団兵
「神託の盾騎士団」の情報部に所属し、
兵士としての厳しい訓練を受けている。
その為、自制心が強く、冷徹な部分が目立つ。
しかしその一方で、かわいいものが好きという
一面もある。",,0,LF,pendente,sem limite de bytes
v3082_CharGuideTextORG.bin:56,v3082_CharGuideTextORG.bin,56,245,"【オリジナルプロフィール】

ルークの家に仕える奉公人で、ルークとは子守役と
なって以来の長い付き合いである。
屋敷から出られないルークにとっては、
兄の様な存在であり、親友でもある。
なぜか、女性を苦手とするが、女性が嫌いという
わけではないらしい。",,0,LF,pendente,sem limite de bytes
v3082_CharGuideTextORG.bin:57,v3082_CharGuideTextORG.bin,57,247,"【オリジナルプロフィール】

帝国軍の将校で、階級は大佐。
皇帝の懐刀として恐れられる。
軍人としての顔の一方で、様々な技術開発を
行う一面を持っており、かなりの博学である。
常に笑顔を浮かべ、何を考えているのか
わからないその顔で、よく他人をからかう。",,0,LF,pendente,sem limite de bytes
v3082_CharGuideTextORG.bin:58,v3082_CharGuideTextORG.bin,58,202,"【オリジナルプロフィール】

いつも背負っているぬいぐるみ「トクナガ」を
操り戦う人形士の少女。
ローレライ教団の最高指導者の守護役を務める。
貧乏を嫌い、玉の輿を目指す。
性格は大人びており、裏表が激しい。",,0,LF,pendente,sem limite de bytes
v3082_CharGuideTextORG.bin:59,v3082_CharGuideTextORG.bin,59,190,"【オリジナルプロフィール】

ルークの婚約者で、一国の王女。
性格は気高く、誇り高い。
常に国民の事を思い、自分で起こした
事業などで民を支える行動派。
何でも器用にこなせるが、料理だけは絶望的。",,0,LF,pendente,sem limite de bytes
v3082_CharGuideTextORG.bin:60,v3082_CharGuideTextORG.bin,60,208,"【オリジナルプロフィール】

ローレライ教団の教団兵「神託の盾騎士団」の一人。
ルークに対して、強い憎しみを抱く。
何者にも物怖じせず、独善的な性格で、
誰にでも厳しい態度を取るが、
ナタリアだけには優しく接する。",,0,LF,pendente,sem limite de bytes
v3082_CharGuideTextORG.bin:61,v3082_CharGuideTextORG.bin,61,228,"【オリジナルプロフィール】

ローレライ教団の教団兵「神託の盾騎士団」の
主席総長。
ティアの実兄で、ルークの幼い頃からの
剣術の師匠でもある。
普段、わがままなルークも、師匠として
大変信頼しており、ヴァンの言う事には
大人しく従う。",,0,LF,pendente,sem limite de bytes
v3082_CharGuideTextORG.bin:62,v3082_CharGuideTextORG.bin,62,155,"【オリジナルプロフィール】

獣人化する能力を持つ種族「リカンツ」と
ヒトのハーフの少年。
活発で明朗な性格だが、繊細な一面も持つ。
子ども扱いされる事を嫌う。",,0,LF,pendente,sem limite de bytes
v3082_CharGuideTextORG.bin:63,v3082_CharGuideTextORG.bin,63,186,"【オリジナルプロフィール】

カイウスの幼馴染。
勝気で、きつい言葉を使う。
カイウスに対しては、淡い恋心を抱いて
いるが、素直になれずきつい言葉を使い、
いつもそれがもとで喧嘩になっている。",,0,LF,pendente,sem limite de bytes
v3082_CharGuideTextORG.bin:64,v3082_CharGuideTextORG.bin,64,233,"【オリジナルプロフィール】

裕福な商家の一人息子。
ある日、「異能の力」に目覚め、
それがもとで故郷を離れる事になる。
学力は高いが、気が弱く、内向的な性格で、
いつもイリアやスパーダにいじられている。
将来は医者になりたいと思っている。",,0,LF,pendente,sem limite de bytes
v3082_CharGuideTextORG.bin:65,v3082_CharGuideTextORG.bin,65,288,"【オリジナルプロフィール】

「異能の力」を持つ事で、とある宗教組織に
追われる中、ルカと出会う。
貧しい開拓者の村で育ち、学校のない環境だった為、
将来は故郷に学校を建設し、そこの校長になりたいと
思っている。
大雑把な上に、ふてぶてしく短気な性格。
気の弱いルカをいつもいじって楽しんでいる。",,0,LF,pendente,sem limite de bytes
v3082_CharGuideTextORG.bin:66,v3082_CharGuideTextORG.bin,66,264,"【オリジナルプロフィール】

騎士を輩出する名家の末っ子。
家督や財産は兄達が継ぐ事が決まっている為、
放任されていた。
そのせいで、家に嫌気がさして家出する。
札付きの不良で、何者にも物怖じしない。
ルカやイリアと同じ「異能の力」を持ち、
ルカ達と共に旅をする事になる。",,0,LF,pendente,sem limite de bytes
v3082_CharGuideTextORG.bin:67,v3082_CharGuideTextORG.bin,67,342,"【オリジナルプロフィール】

教会にて「異能の力」を使い、
多くの人に治癒を施してきた。
その為に聖女と呼ばれる事もあったが、
ある時「異能の力」の暴走で教会を
破壊してしまう。
どこにでもいる優しいお姉さんと言う印象だが、
腹黒く、聖職者とは思えないほどの奔放さで、
説教を方便に自分の欲求を忠実に遂行する。
特に食べものに対しての欲望はすさまじい。",,0,LF,pendente,sem limite de bytes
v3082_CharGuideTextORG.bin:68,v3082_CharGuideTextORG.bin,68,143,"【オリジナルプロフィール】

アンジュに雇われた傭兵。
プロ意識が高く、報酬の分はしっかり働く。
ハードボイルドな雰囲気を持つが、
実は高所恐怖症。",,0,LF,pendente,sem limite de bytes
v3082_CharGuideTextORG.bin:69,v3082_CharGuideTextORG.bin,69,178,"【オリジナルプロフィール】

人語を解する謎の種族「ミュース族」。
世界中のうまいものを食べたいばかりに
イリアにくっ付いて旅をする。
言葉の端々に「しかし」が入る独特の
喋りをする。",,0,LF,pendente,sem limite de bytes
v3082_CharGuideTextORG.bin:70,v3082_CharGuideTextORG.bin,70,308,"【オリジナルプロフィール】

帝都の下町育ちの青年で、かつては
騎士団に所属していた。
しかし、民衆の声を聞くよりも国政の為にしか
動かない騎士団に辟易し、退団した。
そのせいもあって、貴族や役人を嫌う。
口は悪いが、情に厚く、
自分の信じる正義を貫く。
とある事件で投獄されるが、それをきっかけに
エステルと出会う。",,0,LF,pendente,sem limite de bytes
v3082_CharGuideTextORG.bin:71,v3082_CharGuideTextORG.bin,71,269,"【オリジナルプロフィール】

帝都の次期皇帝候補とされる皇女。
王室育ちの為に世間を知らない。
心優しく理知的な性格であるが、
天然で向こう見ずなところもある。
読書が好き。
ユーリと共に初めて帝都を飛び出し、
世界の様々な現実を知り、自分の出来る事、
成すべき事を探し始める。",,0,LF,pendente,sem limite de bytes
v3082_CharGuideTextORG.bin:72,v3082_CharGuideTextORG.bin,72,260,"【オリジナルプロフィール】

クリティア族という、少数民族の女性。
何気なくきつい一言を言ったり、
マイペースかつ、ミステリアスな行動で
周囲を困惑させる。
クリティア族は「ナギーグ」という
物から情報を読み取る能力があり、
ジュディスもまたその能力を使う事が出来る。",,0,LF,pendente,sem limite de bytes
v3082_CharGuideTextORG.bin:73,v3082_CharGuideTextORG.bin,73,296,"【オリジナルプロフィール】

人々の暮らしと切り離せない「魔導器」研究に
おいて天才と謳われる少女。
あまり他人と接するのが得意ではない為に、
他人に対して気を遣わず、また冷たい態度を取る。
非情に短気で、変人と称される事もあるが、
相手から踏み込まれると、どうすればいいか
わからずに動揺する面もある。",,0,LF,pendente,sem limite de bytes
v3082_CharGuideTextORG.bin:74,v3082_CharGuideTextORG.bin,74,190,"【オリジナルプロフィール】

胡散臭い風貌と雰囲気を持ち、
どんな場であっても飄々とやり過ごし、
ユーリ達を振り回す。
しかし、意味深な人生哲学を語り、
秘められた過去の一面を垣間見せる事もある。",,0,LF,pendente,sem limite de bytes
v3082_CharGuideTextORG.bin:75,v3082_CharGuideTextORG.bin,75,260,"【オリジナルプロフィール】

ユーリの幼馴染で親友。
ユーリと共に騎士団に入り、ユーリが脱退した
騎士団に残り続け、実績を上げていく。
真面目で責任感が強く、ユーリと同じく
民を守る思いは強い。
しかし、騎士団における法を守る立場と
現実の板ばさみになり度々思い悩む。",,0,LF,pendente,sem limite de bytes
v3082_CharGuideTextORG.bin:76,v3082_CharGuideTextORG.bin,76,330,"【オリジナルプロフィール】

臆病者で、受動的な少年。
非常に素直で、何でも信じてしまう面がある。
「血の粛清」と呼ばれる事件で、両親を失う。
臆病な自分を変えるきっかけとなった
リヒターに強く憧れる。
マルタを守る為に「ラタトスクの騎士」として
契約を交わす。
このラタトスクの力が表に出た時、
瞳の色は赤く、性格も乱暴で好戦的に変わる。",,0,LF,pendente,sem limite de bytes
v3082_CharGuideTextORG.bin:77,v3082_CharGuideTextORG.bin,77,262,"【オリジナルプロフィール】

とある組織に追われていたところをエミルに
助けられ、以来エミルと行動する様になる。
エミルの事が好きで、積極的にアピールする。
芯のある性格で、白黒はっきりしていないと
気がすまない。
勝気なところもあるが、基本は明るく活発な
少女である。",,0,LF,pendente,sem limite de bytes
v3082_CharGuideTextORG.bin:78,v3082_CharGuideTextORG.bin,78,221,"【オリジナルプロフィール】

ある目的の為に旅をしている青年。
無愛想で、口は非常に悪い。
いじめを受けていたエミルを助け、
エミルを変えるきっかけとなった。
エミルの受動的で臆病な面に苛立ちを
感じながらも、何かと世話を焼く。",,0,LF,pendente,sem limite de bytes
v3082_CharGuideTextORG.bin:79,v3082_CharGuideTextORG.bin,79,238,"【オリジナルプロフィール】

辺境の村に祖父と暮らしていた青年。
村人以外の人間とあまり接した事がなく、
経験の浅さからデリカシーに欠ける言動を
取る事が多い。
しかし、決してそこに悪意はなく、
間違いに気づけば反省出来る素直な心を
持っている。",,0,LF,pendente,sem limite de bytes
v3082_CharGuideTextORG.bin:80,v3082_CharGuideTextORG.bin,80,281,"【オリジナルプロフィール】

とある理由から故郷を離れ、旅をしている少女。
コハクの話に時折登場する「彼女」という存在が
旅に出た理由となっている。
華奢な姿とは裏腹に、蹴りなどの打撃技で戦い、
普段でもよく兄ヒスイを蹴り飛ばすなど脚癖が悪い。
「マイミソ」を持ち歩くほど、大のミソ好き。",,0,LF,pendente,sem limite de bytes
v3082_CharGuideTextORG.bin:81,v3082_CharGuideTextORG.bin,81,291,"【オリジナルプロフィール】

コハクの兄。
とにかく口が悪い上に、異様なまでの
妹思いで、コハクに近づく男には容赦なく
因縁を付ける。
だが、それも幼い頃に両親を亡くし、
妹を守らなければならないと思ったからである。
柄は悪いが、頑なな意志を持ち、非常に熱い性格。
カナヅチで船に乗る事も苦手である。",,0,LF,pendente,sem limite de bytes
v3082_CharGuideTextORG.bin:82,v3082_CharGuideTextORG.bin,82,254,"【オリジナルプロフィール】

領主の長男として生まれ、
将来の領主にふさわしい者となるべく
厳しく育てられた。
しかし一方で、騎士になりたいという
強い思いを抱き、騎士養成学校へ通う。
真面目で礼儀正しく、困った人がいると
放っておけない面倒見のいい性格である。",,0,LF,pendente,sem limite de bytes
v3082_CharGuideTextORG.bin:83,v3082_CharGuideTextORG.bin,83,296,"【オリジナルプロフィール】

アスベルが幼少時代に、出会った謎の少女。
花畑の中心で眠っていた。
記憶を失っており、自分の名前も覚えていない。
名はアスベルやシェリアが花の名にちなんで付けた。
感情表現が乏しいが、アスベルには懐いている。
必要以上に他人と関わろうとはしないが、
性格はとても純粋である。",,0,LF,pendente,sem limite de bytes
v3082_CharGuideTextORG.bin:84,v3082_CharGuideTextORG.bin,84,264,"【オリジナルプロフィール】

アスベルの幼馴染で、幼少の頃から
アスベルに恋心を抱いていた。
その幼少期は、すぐに発作が起こるほど体が
弱かったが、あるきっかけを境に健康体になり、
治癒術が使える様になった。
他人の恋愛話に強い関心を持ち、すぐにその話に
食い付いてくる。",,0,LF,pendente,sem limite de bytes
v3082_CharGuideTextORG.bin:85,v3082_CharGuideTextORG.bin,85,201,"【オリジナルプロフィール】

「レディアント マイソロジー」の舞台となる世界
「テレジア」にあるギルド、アドリビトムに
所属していた記憶喪失の少女。
その正体は、「パスカ」という異世界の
ディセンダーだった。",,0,LF,pendente,sem limite de bytes
v3082_CharGuideTextORG.bin:86,v3082_CharGuideTextORG.bin,86,227,"【オリジナルプロフィール】

異世界「ヤウン」のディセンダー。
ウィダーシン率いる「蝕むモノ」に
故郷を食い尽くされ、次の標的となった世界
「テレジア」のディセンダーと
「蝕むモノ」を倒そうと誓う。
熱い性格だが、やんちゃでお調子者。",,0,LF,pendente,sem limite de bytes
v3082_CharGuideTextORG.bin:87,v3082_CharGuideTextORG.bin,87,151,"【オリジナルプロフィール】

異世界「ギルガリム」のディセンダー。
とある目的の為に、様々な世界へ侵攻し、
その世界を「蝕むモノ」に食らい
尽くさせている。",,0,LF,pendente,sem limite de bytes
v3082_CharGuideTextORG.bin:88,v3082_CharGuideTextORG.bin,88,198,"【オリジナルプロフィール】

レディアント マイソロジー2の舞台世界
「グラニデ」という異世界の住人。
幼い頃から両親の顔を知らず、
また、その両親を捜して旅をする為に
ギルド、アドリビトムに所属していた。",,0,LF,pendente,sem limite de bytes
v3082_CharGuideTextORG.bin:89,v3082_CharGuideTextORG.bin,89,188,"【オリジナルプロフィール】

異世界「グラニデ」の世界樹に
溜め込まれていた、ヒトの負の想念が
具現化した存在。
負の想念を取り込み、自らも強大な存在に
なりながら、世界に負の想念を撒き散らす。",,0,LF,pendente,sem limite de bytes
v3082_CharGuideTextORG.bin:90,v3082_CharGuideTextORG.bin,90,112,"【オリジナルプロフィール】

レディアント マイソロジー3にて
初登場となる。
（詳細はマイソロジープロフィールにて）",,0,LF,pendente,sem limite de bytes
v3082_CharGuideTextORG.bin:91,v3082_CharGuideTextORG.bin,91,112,"【オリジナルプロフィール】

レディアント マイソロジー3にて
初登場となる。
（詳細はマイソロジープロフィールにて）",,0,LF,pendente,sem limite de bytes
v3082_CharGuideTextORG.bin:92,v3082_CharGuideTextORG.bin,92,292,"【オリジナルプロフィール】

「パスカ」という異世界のディセンダー、
パスカ・カノンノに仕えていた。
元々は十二人の人間だったが、
永久にディセンダーに仕えようと
肉体を捨て、十二人の精神をひとつの
機器の身体に移し、精神集合体と
なっている。
機器の身体の為、故郷が滅びた後も
悠久の時を生きている。",,0,LF,pendente,sem limite de bytes
v3082_CharGuideTextORG.bin:93,v3082_CharGuideTextORG.bin,93,112,"【オリジナルプロフィール】

レディアント マイソロジー3にて
初登場となる。
（詳細はマイソロジープロフィールにて）",,0,LF,pendente,sem limite de bytes
v3082_CharGuideTextTOW3.bin:0,v3082_CharGuideTextTOW3.bin,0,153,"【マイソロジープロフィール】

無意味な争いを好まない心優しい青年。
故郷でギルドを立ち上げたいと思い、
勉強の為にミントと共に
アドリビトムに参加している。",,0,LF,pendente,sem limite de bytes
v3082_CharGuideTextTOW3.bin:1,v3082_CharGuideTextTOW3.bin,1,176,"【マイソロジープロフィール】

アドリビトムのリーダーである
アンジュとは、元々、同じ教会で修行をした
旧知の仲。
ギルドの発足に手を貸して欲しいと
便りを受け、アドリビトムに参加。",,0,LF,pendente,sem limite de bytes
v3082_CharGuideTextTOW3.bin:2,v3082_CharGuideTextTOW3.bin,2,112,"【マイソロジープロフィール】

クレスの幼馴染であり、親友。
クレスとミントの呼びかけで、
アドリビトムへ参加する。",,0,LF,pendente,sem limite de bytes
v3082_CharGuideTextTOW3.bin:3,v3082_CharGuideTextTOW3.bin,3,120,"【マイソロジープロフィール】

「ソーサラーリング」を持って、
バンエルティア号へ乗船し、
そのままアドリビトムへ参加する。",,0,LF,pendente,sem limite de bytes
v3082_CharGuideTextTOW3.bin:4,v3082_CharGuideTextTOW3.bin,4,110,"【マイソロジープロフィール】

しいなと同じ、ミブナの里に
住んでいた忍び。
しいなと共にアドリビトムへ参加する。",,0,LF,pendente,sem limite de bytes
v3082_CharGuideTextTOW3.bin:5,v3082_CharGuideTextTOW3.bin,5,157,"【マイソロジープロフィール】

ユグドラシルやコレットと同じく、
「天使」という種族。
ディセンダーの予言を信じ、堕落し、
世界を食いつぶすヒトらを見下げている。",,0,LF,pendente,sem limite de bytes
v3082_CharGuideTextTOW3.bin:6,v3082_CharGuideTextTOW3.bin,6,120,"【マイソロジープロフィール】

親交のあるフィリアがギルドに入る事を聞き、
共感したルーティと共にアドリビトムへ
参加する。",,0,LF,pendente,sem limite de bytes
v3082_CharGuideTextTOW3.bin:7,v3082_CharGuideTextTOW3.bin,7,114,"【マイソロジープロフィール】

孤児院を建てる資金を稼ぐ為に、
スタンを強引に駆り出して
アドリビトムへ参加している。",,0,LF,pendente,sem limite de bytes
v3082_CharGuideTextTOW3.bin:8,v3082_CharGuideTextTOW3.bin,8,206,"【マイソロジープロフィール】

元々は、教会で神官を務めていた。
遠く離れた土地に住んでいたアンジュとは、
教会の活動を通じて以前から交流があった。
アドリビトムが結成された後に、
自分も参加したいとやって来た。",,0,LF,pendente,sem limite de bytes
v3082_CharGuideTextTOW3.bin:9,v3082_CharGuideTextTOW3.bin,9,140,"【マイソロジープロフィール】

ウッドロウの国に属する名うての剣士。
ウッドロウがアドリビトムで素晴らしい働きを
してくれるはずだと参加させた。",,0,LF,pendente,sem limite de bytes
v3082_CharGuideTextTOW3.bin:10,v3082_CharGuideTextTOW3.bin,10,106,"【マイソロジープロフィール】

とある国の王子。
王位を継ぐべく見聞の旅をする中で、
アドリビトムへ参加する。",,0,LF,pendente,sem limite de bytes
v3082_CharGuideTextTOW3.bin:11,v3082_CharGuideTextTOW3.bin,11,141,"【マイソロジープロフィール】

ウッドロウを追って、旅をする中
行方不明となる。
捜索に出向いたウッドロウに会い、
そのままアドリビトムに居付く。",,0,LF,pendente,sem limite de bytes
v3082_CharGuideTextTOW3.bin:12,v3082_CharGuideTextTOW3.bin,12,181,"【マイソロジープロフィール】

闘技場にてチャンピオンの座を
守り続けていたが、%sに破れ、
アドリビトムに参加する。
いずれは%sとの
勝負に勝ち、チャンピオンの座を取り戻す
つもりらしい。",,0,LF,pendente,sem limite de bytes
v3082_CharGuideTextTOW3.bin:13,v3082_CharGuideTextTOW3.bin,13,157,"【マイソロジープロフィール】

実家を放っぽり出してきた兄のスタンを
闘技場にて探していた。
不精な兄の為に、バンエルティア号へ
乗船し、アドリビトムに参加する。",,0,LF,pendente,sem limite de bytes
v3082_CharGuideTextTOW3.bin:14,v3082_CharGuideTextTOW3.bin,14,249,"【マイソロジープロフィール】

故郷で猟師を生業にしていたが、
領主国が強制的に単一作物を栽培させようと、
森を切り開いた為、猟場を失う。
折りしもギルドを立ち上げたアンジュに
付いていき、アドリビトムに参加していた。
アドリビトム発足当時からのメンバー。",,0,LF,pendente,sem limite de bytes
v3082_CharGuideTextTOW3.bin:15,v3082_CharGuideTextTOW3.bin,15,130,"【マイソロジープロフィール】

アドリビトム発足当時からのメンバー。
多くの人を助ける為に、というアンジュの
目的に共感し、参加した。",,0,LF,pendente,sem limite de bytes
v3082_CharGuideTextTOW3.bin:16,v3082_CharGuideTextTOW3.bin,16,302,"【マイソロジープロフィール】

元々アドリビトムのメンバーで、
アンジュ達アドリビトム初期メンバーとは
顔なじみ。
アドリビトムの目的でもある
「オルタ・ビレッジ」を実現させる研究の
為に一時アドリビトムを抜け、大学へと
通っていた。
しかし、戦争が始まりそうだと大学は
休校になり、アドリビトムへ戻る事になる。",,0,LF,pendente,sem limite de bytes
v3082_CharGuideTextTOW3.bin:17,v3082_CharGuideTextTOW3.bin,17,234,"【マイソロジープロフィール】

元々アドリビトムのメンバーで、
アンジュ達アドリビトム初期メンバーとは
顔なじみ。
キールと共に、一時アドリビトムを離れ、
大学に行っていた。
大学が休校になるのをきっかけに、
キールと共にアドリビトムへ戻る。",,0,LF,pendente,sem limite de bytes
v3082_CharGuideTextTOW3.bin:18,v3082_CharGuideTextTOW3.bin,18,287,"【マイソロジープロフィール】

アドリビトムの拠点となっている船、
バンエルティア号の所有者。
船は、曽祖父アイフリードの遺産で、
アンジュやリッドの手を借りて発見した。
その時の恩を利用され、アンジュに船を
提供させられている。
心中では海賊のつもりだが、
貧しいヒトの為に働く志は同じである。",,0,LF,pendente,sem limite de bytes
v3082_CharGuideTextTOW3.bin:19,v3082_CharGuideTextTOW3.bin,19,126,"【マイソロジープロフィール】

霊峰アブソールの地を守る精霊。
リヒターと契約し、共に霊峰アブソールの
地に眠る星晶を守っていた。",,0,LF,pendente,sem limite de bytes
v3082_CharGuideTextTOW3.bin:20,v3082_CharGuideTextTOW3.bin,20,101,"【マイソロジープロフィール】

メルディが飼っているペットで、
メルディと共にアドリビトムにやって来た。",,0,LF,pendente,sem limite de bytes
v3082_CharGuideTextTOW3.bin:21,v3082_CharGuideTextTOW3.bin,21,230,"【マイソロジープロフィール】

ハロルドの実験の手違いからやって来る
異世界の住人。
「とある男」に父親が命を狙われていると
ジューダスより知らされ、未然に防ごうと
旅に出ていた。
その「とある男」と戦闘中にルミナシアに
飛ばされている。",,0,LF,pendente,sem limite de bytes
v3082_CharGuideTextTOW3.bin:22,v3082_CharGuideTextTOW3.bin,22,120,"【マイソロジープロフィール】

カイルと共に、「とある男」と戦う中、
ハロルドの実験の手違いでルミナシアに
飛ばされてきた。",,0,LF,pendente,sem limite de bytes
v3082_CharGuideTextTOW3.bin:23,v3082_CharGuideTextTOW3.bin,23,153,"【マイソロジープロフィール】

カイルと共に、「とある男」と戦う中、
ハロルドの実験の手違いでルミナシアに
飛ばされてきた。
カイルと同じ孤児院で育っている。",,0,LF,pendente,sem limite de bytes
v3082_CharGuideTextTOW3.bin:24,v3082_CharGuideTextTOW3.bin,24,120,"【マイソロジープロフィール】

カイルと共に、「とある男」と戦う中、
ハロルドの実験の手違いでルミナシアに
飛ばされてきた。",,0,LF,pendente,sem limite de bytes
v3082_CharGuideTextTOW3.bin:25,v3082_CharGuideTextTOW3.bin,25,157,"【マイソロジープロフィール】

アドリビトムに移民を依頼した村の人間。
しかし、報酬を用意する事が出来ず、
アンジュに相談し、ギルドの一員として
働く事になった。",,0,LF,pendente,sem limite de bytes
v3082_CharGuideTextTOW3.bin:26,v3082_CharGuideTextTOW3.bin,26,170,"【マイソロジープロフィール】

アドリビトムに移民を依頼した村の人間。
ナナリーと共に、ギルドの一員として
働く事になった。
自称天才科学者で、アドリビトムの研究室を
陣取る。",,0,LF,pendente,sem limite de bytes
v3082_CharGuideTextTOW3.bin:27,v3082_CharGuideTextTOW3.bin,27,170,"【マイソロジープロフィール】

強い者がいると聞けば、
戦いを挑み、命を奪うという残忍な男。
カイルの世界の住人だが、
カイル達との戦闘中にルミナシアへ
一緒に飛ばされている。",,0,LF,pendente,sem limite de bytes
v3082_CharGuideTextTOW3.bin:28,v3082_CharGuideTextTOW3.bin,28,120,"【マイソロジープロフィール】

アドリビトムへ身を寄せようとやって来た
しいなに付いて乗船。
アドリビトムのメンバーとなる。",,0,LF,pendente,sem limite de bytes
v3082_CharGuideTextTOW3.bin:29,v3082_CharGuideTextTOW3.bin,29,157,"【マイソロジープロフィール】

しいなやロイドと共に、アドリビトムへ
参加する。
ルミナシアに住む種族の中でも数少ない
「天使」と呼ばれる種族で、羽を持っている。",,0,LF,pendente,sem limite de bytes
v3082_CharGuideTextTOW3.bin:30,v3082_CharGuideTextTOW3.bin,30,114,"【マイソロジープロフィール】

アドリビトムへ教師として招かれた
姉・リフィルに付いてやって来る
ハーフエルフの少年。",,0,LF,pendente,sem limite de bytes
v3082_CharGuideTextTOW3.bin:31,v3082_CharGuideTextTOW3.bin,31,135,"【マイソロジープロフィール】

アドリビトムへ教師として招かれ、
子ども達に勉強を教える。
遺跡マニアで、遺跡を目にすると
性格が豹変する。",,0,LF,pendente,sem limite de bytes
v3082_CharGuideTextTOW3.bin:32,v3082_CharGuideTextTOW3.bin,32,116,"【マイソロジープロフィール】

アンジュに雇われている傭兵。
アドリビトムが結成されて間もない頃に
スカウトされている。",,0,LF,pendente,sem limite de bytes
v3082_CharGuideTextTOW3.bin:33,v3082_CharGuideTextTOW3.bin,33,254,"【マイソロジープロフィール】

ミブナの里の忍び。
すずとは同じ姓だが、血は繋がっていない。
故郷で禁呪とされていた光気丹術を研究し、
人工精霊を作った事を里の頭領に知られて
しまい、一時里を出る様に諭される。
その後、ロイド達を伴ってアドリビトムへ
参加する。",,0,LF,pendente,sem limite de bytes
v3082_CharGuideTextTOW3.bin:34,v3082_CharGuideTextTOW3.bin,34,108,"【マイソロジープロフィール】

ロイド達と同じ村の出身。
ロイドの後を追い、アドリビトムを探して
旅をしていた。",,0,LF,pendente,sem limite de bytes
v3082_CharGuideTextTOW3.bin:35,v3082_CharGuideTextTOW3.bin,35,120,"【マイソロジープロフィール】

ロイド達と同じ村の出身。
プレセアに恋するジーニアスが船に招待し、
アドリビトムに参加する。",,0,LF,pendente,sem limite de bytes
v3082_CharGuideTextTOW3.bin:36,v3082_CharGuideTextTOW3.bin,36,304,"【マイソロジープロフィール】

ヒトの祖が地上に降りたその時代から
生きている。
コレット、クラトスと同じ「天使」という
種族。
クラトスも太古の昔から生きており、
ユグドラシルとは面識があった。
ディセンダーの予言を信じ、堕落し、世界を
食いつぶすヒトらを見下げ、「天使」以外の
種族を排除しようと画策している。",,0,LF,pendente,sem limite de bytes
v3082_CharGuideTextTOW3.bin:37,v3082_CharGuideTextTOW3.bin,37,323,"【マイソロジープロフィール】

ヘーゼル村出身。
村を支配し、クレアに手を上げた
「とある男」に激昂し、傷を負わせた。
その為、その「とある男」の恨みを買っている。
村の仲間から、クレアとアニーを託されて
村の外に逃がされ、アドリビトムへ身を隠す。
そこで物資を集めては、自給のままならない
ヘーゼル村へ帝国の目を避けて届けている。",,0,LF,pendente,sem limite de bytes
v3082_CharGuideTextTOW3.bin:38,v3082_CharGuideTextTOW3.bin,38,182,"【マイソロジープロフィール】

ヘーゼル村出身。
村を支配していた「とある男」の身の回りを
世話するよう強要されていたところを
ヴェイグに救われ、そのまま逃げて
アドリビトムへと落ち着く。",,0,LF,pendente,sem limite de bytes
v3082_CharGuideTextTOW3.bin:39,v3082_CharGuideTextTOW3.bin,39,256,"【マイソロジープロフィール】

ヘーゼル村出身。
アドリビトムの一員となったヴェイグが、
ヘーゼル村へ物資を持って来てくれる時の
パイプ役となっている。
ティトレイと共に、働き手を奪われた
女・子ども達を食べさせていく為に、
狩り・採取等をサレに隠れてやっていた。",,0,LF,pendente,sem limite de bytes
v3082_CharGuideTextTOW3.bin:40,v3082_CharGuideTextTOW3.bin,40,343,"【マイソロジープロフィール】

ヘーゼル村出身の記憶喪失の少年。
何故記憶が無いのかは不明。
ユージーンが保護していたが、
ユージーンがアドリビトムに入る時は、
ヘーゼル村に残していった。
これは、まだギルドの仕事は、
マオには早いと思っていた為である。
しかし、年少のメンバーもいる事から、
アドリビトムに呼んでもいいと判断し、
参加させる事となった。",,0,LF,pendente,sem limite de bytes
v3082_CharGuideTextTOW3.bin:41,v3082_CharGuideTextTOW3.bin,41,231,"【マイソロジープロフィール】

ヘーゼル村出身。
ユージーンと共に、働き手を奪われた
女・子ども達を食べさせていく為に、
狩り・採取等をサレに隠れてやっていた。
アドリビトムで故郷の者を助けていこうと
ユージーンとアドリビトムに参加する。",,0,LF,pendente,sem limite de bytes
v3082_CharGuideTextTOW3.bin:42,v3082_CharGuideTextTOW3.bin,42,195,"【マイソロジープロフィール】

ヘーゼル村出身。
ヴェイグと共に乗船している。
父の様な医者になる為に医学を
勉強しており、医務室を任されている。
しかし、外科処置など先進的な技術や知識は
まだ乏しい。",,0,LF,pendente,sem limite de bytes
v3082_CharGuideTextTOW3.bin:43,v3082_CharGuideTextTOW3.bin,43,223,"【マイソロジープロフィール】

ウリズン帝国の騎士。
星晶を得る為に、他国の領土を侵略し、
その土地の民に星晶の採掘を強制する。
ヘーゼル村に駐在していた際にヴェイグに
傷を負わされ、以後異様なまでに
ヴェイグを倒す事に執着する。",,0,LF,pendente,sem limite de bytes
v3082_CharGuideTextTOW3.bin:44,v3082_CharGuideTextTOW3.bin,44,212,"【マイソロジープロフィール】

星晶を巡る戦争で敗北した国の出身。
シャーリィ、ウィルと共に故郷の民を
効率よく助ける為にアドリビトムへ来た。
故郷のギルドにいた時は、ギルド専属の
マリントルーパーとして活動していた。",,0,LF,pendente,sem limite de bytes
v3082_CharGuideTextTOW3.bin:45,v3082_CharGuideTextTOW3.bin,45,188,"【マイソロジープロフィール】

星晶を巡る戦争で敗北した国の出身。
ウィル、セネルと共に故郷の民を
効率よく助ける為にアドリビトムへ来た。
セネルの事を「お兄ちゃん」と呼ぶが
血の繋がりは無い。",,0,LF,pendente,sem limite de bytes
v3082_CharGuideTextTOW3.bin:46,v3082_CharGuideTextTOW3.bin,46,217,"【マイソロジープロフィール】

星晶を巡る戦争で敗北した国の出身。
シャーリィ、セネルと共に故郷の民を
効率よく助ける為にアドリビトムへ来た。
アドリビトムを訪れる前も、故郷でギルドに
所属した経験がある。
本業は博物学者。",,0,LF,pendente,sem limite de bytes
v3082_CharGuideTextTOW3.bin:47,v3082_CharGuideTextTOW3.bin,47,246,"【マイソロジープロフィール】

星晶を巡る戦争で敗北した国の出身。
騎士として、戦争の前線に赴いていた。
しかし、やがて敗戦となり
戦地から故郷へ戻る所、アドリビトムと
合流する。
ギルドで働きたいと、クロエ自身の申し出に
より、アドリビトムに参加する。",,0,LF,pendente,sem limite de bytes
v3082_CharGuideTextTOW3.bin:48,v3082_CharGuideTextTOW3.bin,48,219,"【マイソロジープロフィール】

星晶を巡る戦争で敗北した国の出身。
故郷のギルドでトレジャーハンターとして
活躍していたが、戦争によってギルドが
解体する。
セネル達がアドリビトムに移った事を知り、
後を追って参加を希望した。",,0,LF,pendente,sem limite de bytes
v3082_CharGuideTextTOW3.bin:49,v3082_CharGuideTextTOW3.bin,49,187,"【マイソロジープロフィール】

星晶を巡る戦争で敗北した国の出身。
戦火に見舞われた故郷のモフモフ族の為に
奔走していたが、キュッポ達からの便りを
受け、アドリビトムに協力する為にやって来た。",,0,LF,pendente,sem limite de bytes
v3082_CharGuideTextTOW3.bin:50,v3082_CharGuideTextTOW3.bin,50,141,"【マイソロジープロフィール】

セネルとは何やら顔なじみの
ワンダーパン職人。
パンの素晴らしさを世に広める為、
パンのレシピを配っているらしい。",,0,LF,pendente,sem limite de bytes
v3082_CharGuideTextTOW3.bin:51,v3082_CharGuideTextTOW3.bin,51,79,"【マイソロジープロフィール】

モフモフ族。
バンエルティア号の中で武器屋を営む。",,0,LF,pendente,sem limite de bytes
v3082_CharGuideTextTOW3.bin:52,v3082_CharGuideTextTOW3.bin,52,79,"【マイソロジープロフィール】

モフモフ族。
バンエルティア号の中で防具屋を営む。",,0,LF,pendente,sem limite de bytes
v3082_CharGuideTextTOW3.bin:53,v3082_CharGuideTextTOW3.bin,53,79,"【マイソロジープロフィール】

モフモフ族。
バンエルティア号の中で鍛冶屋を営む。",,0,LF,pendente,sem limite de bytes
v3082_CharGuideTextTOW3.bin:54,v3082_CharGuideTextTOW3.bin,54,188,"【マイソロジープロフィール】

ライマ国の王位第一継承者。
ヴァン、アッシュ、ガイと王位を継ぐ為の
修行に出ていた。
先にアドリビトムに身を寄せたジェイドの
手引きでバンエルティア号へ乗船する。",,0,LF,pendente,sem limite de bytes
v3082_CharGuideTextTOW3.bin:55,v3082_CharGuideTextTOW3.bin,55,140,"【マイソロジープロフィール】

ライマ国の軍に属する、ジェイドの部下。
民衆のクーデターから、王女である
ナタリアを守る為に共に国外へ避難する。",,0,LF,pendente,sem limite de bytes
v3082_CharGuideTextTOW3.bin:56,v3082_CharGuideTextTOW3.bin,56,316,"【マイソロジープロフィール】

ルーク専属の従者。
ルークの世話をする為に、
ヴァンとの修行の旅に同行していたが、度々
故郷の状況を知る為にヴァン達と離れる事も
あった。
そして、ちょうどこの離れたタイミングで、
ヴァン達はバンエルティア号へ乗船。
ガイは、修行の場に残された伝言から、
ルークを追ってアドリビトムへ参加する。",,0,LF,pendente,sem limite de bytes
v3082_CharGuideTextTOW3.bin:57,v3082_CharGuideTextTOW3.bin,57,231,"【マイソロジープロフィール】

ライマ国国軍大佐。
民衆のクーデターから王女であるナタリアを
守る為に、共に付き従って国外へ避難。
そして、国に属さないギルド、アドリビトムを
避難先とするが、アンジュに丸め込まれ
ギルドのメンバーとなる。",,0,LF,pendente,sem limite de bytes
v3082_CharGuideTextTOW3.bin:58,v3082_CharGuideTextTOW3.bin,58,169,"【マイソロジープロフィール】

ライマ国の軍に属する、ジェイドの部下。
国外へ避難したジェイドと別行動を取り、
一時音信不通になっていたが、
ジェイドの捜索で無事に合流する。",,0,LF,pendente,sem limite de bytes
v3082_CharGuideTextTOW3.bin:59,v3082_CharGuideTextTOW3.bin,59,263,"【マイソロジープロフィール】

ライマ国の王女。
民衆のクーデターから逃れる為に、
ジェイドによって国外へ避難させられた。
国民の事を誰よりも考えており、
アドリビトムに参加し、自ら国や世界の為に
動こうとする。
ルークが婚約者となっているが、
アッシュの事を想っている。",,0,LF,pendente,sem limite de bytes
v3082_CharGuideTextTOW3.bin:60,v3082_CharGuideTextTOW3.bin,60,371,"【マイソロジープロフィール】

本名、アッシュ・フォン・ファブレ。
ルークと双子であり、ほんの数分の生まれの
違いで、ライマ国の王位第二継承者となる。
ナタリアに思いを寄せているが、
ルークがナタリアの婚約者となっている。
国民の事を考えない傲慢なルークが
王位第一継承者である事に不満を持ち、
またルークをひどく嫌っている。
ヴァン、ルーク、ガイと王位を継ぐ為の
修行に出ていた。",,0,LF,pendente,sem limite de bytes
v3082_CharGuideTextTOW3.bin:61,v3082_CharGuideTextTOW3.bin,61,257,"【マイソロジープロフィール】

ライマ国騎士団総長。
ルーク、アッシュに剣、そして世間を
教える為に二人を連れ、修行の旅に
出ている。
ライマ国にクーデターが起こった後、
先にアドリビトムに身を寄せたジェイドが
連絡をとった為、帰国せずバンエルティア号
へ乗船した。",,0,LF,pendente,sem limite de bytes
v3082_CharGuideTextTOW3.bin:62,v3082_CharGuideTextTOW3.bin,62,162,"【マイソロジープロフィール】

ルビアやアンジュがいた教会によく出入り
していた。
アンジュのギルド結成時、ルビアと共に
付いてきた。
いつもルビアとの喧嘩が絶えない。",,0,LF,pendente,sem limite de bytes
v3082_CharGuideTextTOW3.bin:63,v3082_CharGuideTextTOW3.bin,63,124,"【マイソロジープロフィール】

教会でアンジュの後輩だった。
アンジュがアドリビトムを結成した時、
そのまま付いてきて参加した。",,0,LF,pendente,sem limite de bytes
v3082_CharGuideTextTOW3.bin:64,v3082_CharGuideTextTOW3.bin,64,288,"【マイソロジープロフィール】

強制栽培制度を強いられた村に住んでいたが、
ルカの家は商家の為、農業に携わった事は無く、
裕福な家庭で育った。
しかし、ルカは余りそれを快く思っておらず、
また、家が医者になりたい自分の希望を
認めず、商家を継がせようとする為、
家出同然にアドリビトムへ参加した。",,0,LF,pendente,sem limite de bytes
v3082_CharGuideTextTOW3.bin:65,v3082_CharGuideTextTOW3.bin,65,299,"【マイソロジープロフィール】

ギルドを立ち上げたアンジュに賛同し、
アドリビトムへ参加している。
貧しく教育が無い故郷の村に、
学校を作る事を目標としている。
これは、教育を受け、色々と知っていれば、
村長である親も領主国の言われるがままに
強制栽培制度を受け入れはしなかっただろうと
思っている為である。",,0,LF,pendente,sem limite de bytes
v3082_CharGuideTextTOW3.bin:66,v3082_CharGuideTextTOW3.bin,66,191,"【マイソロジープロフィール】

名家のお坊ちゃまだが、リカルドに付いて
家出していた。
概ね家での立場はルカと同じで、親に不満が
あった為の家出である。
後にアンジュの誘いを受け、
アドリビトムへ。",,0,LF,pendente,sem limite de bytes
v3082_CharGuideTextTOW3.bin:67,v3082_CharGuideTextTOW3.bin,67,351,"【マイソロジープロフィール】

教会で聖職者として活動していた頃、
巡礼の旅で、世界各地の貧困層や星晶を巡る
国同士の争いで犠牲になる民間人の姿を目にし、
それらの人々を救っていく為に
ギルド「アドリビトム」を発足する。
土地、あるいは土地の恵みを奪われた民の為に
「オルタ・ビレッジ」を作る事を目標としている。
これに賛同したのが、初期メンバーの面々である。",,0,LF,pendente,sem limite de bytes
v3082_CharGuideTextTOW3.bin:68,v3082_CharGuideTextTOW3.bin,68,206,"【マイソロジープロフィール】

アンジュ、ルカ等と故郷は同じで、
お互い顔見知り。
傭兵なので、各地の戦場を巡って
稼いでいる。
報酬さえもらえばどこへでも行くので、
アンジュの要請を受けアドリビトムに
雇われる。",,0,LF,pendente,sem limite de bytes
v3082_CharGuideTextTOW3.bin:69,v3082_CharGuideTextTOW3.bin,69,108,"【マイソロジープロフィール】

ミュース族。
バンエルティア号の中で道具屋を営む。
美味しそうな料理に目がない。",,0,LF,pendente,sem limite de bytes
v3082_CharGuideTextTOW3.bin:70,v3082_CharGuideTextTOW3.bin,70,224,"【マイソロジープロフィール】

元はガルバンゾ国のギルドに
所属していた。
エステルより旅の護衛を依頼され、
これを引き受けたところ、
王女誘拐の罪状でお尋ねものになる。
しばらく故郷に戻れなくなった為、
アドリビトムに身を寄せる。",,0,LF,pendente,sem limite de bytes
v3082_CharGuideTextTOW3.bin:71,v3082_CharGuideTextTOW3.bin,71,299,"【マイソロジープロフィール】

ガルバンゾ国の王女。
星晶採掘地跡の異常現象を耳にし、
何も対策をとらない国にしびれを切らして
ユーリを雇って自ら調査の旅に出た。
その旅の中で、近く開戦相手国となる
ウリズン帝国のサレに見つかり、
誘拐されそうになったが、アドリビトムに
助けられ、ギルドに参加する事になる。",,0,LF,pendente,sem limite de bytes
v3082_CharGuideTextTOW3.bin:72,v3082_CharGuideTextTOW3.bin,72,270,"【マイソロジープロフィール】

クリティア族という、少数民族の女性。
ガルバンゾ国のギルドに所属していた。
ユーリが国を出た後、ギルドに国から
調査が入り、ユーリと王女の出国を手助け
したと目され、お尋ねものになる。
ユーリを追って、レイヴンと共に
アドリビトムへ姿をくらます。",,0,LF,pendente,sem limite de bytes
v3082_CharGuideTextTOW3.bin:73,v3082_CharGuideTextTOW3.bin,73,192,"【マイソロジープロフィール】

元はユーリと共に、ガルバンゾ国のギルドに
所属していた。
戦争が近く、国から兵器開発の協力要請が
あったが、加担するつもりは無く、
ユーリ、エステルに付いて国を出た。",,0,LF,pendente,sem limite de bytes
v3082_CharGuideTextTOW3.bin:74,v3082_CharGuideTextTOW3.bin,74,213,"【マイソロジープロフィール】

ガルバンゾ国のギルドに所属していた。
ユーリと王女の出国を手助けした疑惑で
お尋ねものになっている。
ジュディスと共にユーリを追って、
バンエルティア号へ乗船し、
アドリビトムに参加する。",,0,LF,pendente,sem limite de bytes
v3082_CharGuideTextTOW3.bin:75,v3082_CharGuideTextTOW3.bin,75,294,"【マイソロジープロフィール】

ガルバンゾ国の騎士団に所属する、
アスベルの上司。
部下のアスベルが騎士団を離れ、
アドリビトムに加入した事を手紙で知り、
自分が行かなくてはダメかと、
ユーリの元へ出向く。
しかし、エステルの説得にて、星晶採掘に
関する現象を独自に調査すべく、
アドリビトムに加入する。",,0,LF,pendente,sem limite de bytes
v3082_CharGuideTextTOW3.bin:76,v3082_CharGuideTextTOW3.bin,76,215,"【マイソロジープロフィール】

アンジュと同じ村の出身で、
アドリビトム発足当時からのメンバー。
普段は大人しい性格だが、戦闘時などに
乱暴な一面を見せる事がある。
しかし、それについての原因は本人にも
わかってはいない。",,0,LF,pendente,sem limite de bytes
v3082_CharGuideTextTOW3.bin:77,v3082_CharGuideTextTOW3.bin,77,145,"【マイソロジープロフィール】

アンジュと同じ村の出身で、
アドリビトム発足当時からのメンバー。
エミルの事が好きで、その事は周囲にも
公言している。",,0,LF,pendente,sem limite de bytes
v3082_CharGuideTextTOW3.bin:78,v3082_CharGuideTextTOW3.bin,78,180,"【マイソロジープロフィール】

精霊セルシウスと契約し、星晶豊かな
霊峰アブソールを一緒に守っている。
しかし、セルシウスにディセンダーと
行動する事を頼まれ、アドリビトムへ
参加する。",,0,LF,pendente,sem limite de bytes
v3082_CharGuideTextTOW3.bin:79,v3082_CharGuideTextTOW3.bin,79,178,"【マイソロジープロフィール】

雪国の貧しい村の出身。
村をアドリビトムに助けて貰っている
うちに自分も協力をしたいと願い出て
バンエルティア号へ乗船。
アドリビトムのメンバーとなる。",,0,LF,pendente,sem limite de bytes
v3082_CharGuideTextTOW3.bin:80,v3082_CharGuideTextTOW3.bin,80,116,"【マイソロジープロフィール】

雪国の貧しい村の出身。
シングと共にバンエルティア号へ乗船し、
アドリビトムに参加した。",,0,LF,pendente,sem limite de bytes
v3082_CharGuideTextTOW3.bin:81,v3082_CharGuideTextTOW3.bin,81,191,"【マイソロジープロフィール】

コハクの兄。
故郷を離れたコハクが心配で、
アドリビトムに捜索願いを出していた。
後にコハクやシングと再会するが、
二人の行動を監視する為に
アドリビトムに参加する。",,0,LF,pendente,sem limite de bytes
v3082_CharGuideTextTOW3.bin:82,v3082_CharGuideTextTOW3.bin,82,221,"【マイソロジープロフィール】

ガルバンゾ国の騎士団に所属。
フレンの部下にあたる。
フレンの指示で、エステルを捜索し、
ジュディスとレイヴンの後をつけて乗船した。
しかし、エステルに説得され、
そのままアドリビトムに参加する。",,0,LF,pendente,sem limite de bytes
v3082_CharGuideTextTOW3.bin:83,v3082_CharGuideTextTOW3.bin,83,199,"【マイソロジープロフィール】

アスベルと共に、バンエルティア号へ
乗船した。
アスベル自身話そうとしないが、
彼にとっては守るべき存在であるようだ。
アスベルと同じくガルバンゾ国の
騎士団に所属していた。",,0,LF,pendente,sem limite de bytes
v3082_CharGuideTextTOW3.bin:84,v3082_CharGuideTextTOW3.bin,84,186,"【マイソロジープロフィール】

アスベル達がアドリビトムに入った事を
知らず、行方不明の二人の捜索願を
アドリビトムに届ける。
アスベル達と合流した後に、自らの希望で
アドリビトムに参加する。",,0,LF,pendente,sem limite de bytes
v3082_CharGuideTextTOW3.bin:85,v3082_CharGuideTextTOW3.bin,85,204,"【マイソロジープロフィール】

異世界「パスカ」のディセンダー。
本来、故郷の「パスカ」は寿命を迎え
滅んでいるが、ハロルドの実験の手違いに
より、滅びを迎える前の時代から、
時を越えてルミナシアにやって来た。",,0,LF,pendente,sem limite de bytes
v3082_CharGuideTextTOW3.bin:86,v3082_CharGuideTextTOW3.bin,86,93,"【マイソロジープロフィール】

レディアント マイソロジーの
マスコットキャラ。
闘技場の支配人。",,0,LF,pendente,sem limite de bytes
v3082_CharGuideTextTOW3.bin:87,v3082_CharGuideTextTOW3.bin,87,98,"【マイソロジープロフィール】

レディアント マイソロジーのラスボス。
闘技場にて対戦する事が出来る。",,0,LF,pendente,sem limite de bytes
v3082_CharGuideTextTOW3.bin:88,v3082_CharGuideTextTOW3.bin,88,167,"【マイソロジープロフィール】

「グラニデ」という異世界の住人。
ニアタによる転送で、「グラニデ」で実用化されて
いる半永久機関の技術を伝える為に
ルミナシアにやって来た。",,0,LF,pendente,sem limite de bytes
v3082_CharGuideTextTOW3.bin:89,v3082_CharGuideTextTOW3.bin,89,99,"【マイソロジープロフィール】

レディアント マイソロジー2のラスボス。
闘技場にて対戦する事が出来る。",,0,LF,pendente,sem limite de bytes
v3082_CharGuideTextTOW3.bin:90,v3082_CharGuideTextTOW3.bin,90,362,"【マイソロジープロフィール】

生まれてすぐに両親と国を戦争で失っている。
その後、ロックスに連れられて故郷を離れ、
流れ着いた先がアンジュのいる村だった。
アンジュが所属する教会でロックスと共に
住み込みで働き、アドリビトムの発足に立ち会う。
そして、そのままギルドメンバーとして参加。
仕事中、ルバーブ連山で空から降りてきた
%sを保護し、バンエルティア号へ
案内した。",,0,LF,pendente,sem limite de bytes
v3082_CharGuideTextTOW3.bin:91,v3082_CharGuideTextTOW3.bin,91,377,"【マイソロジープロフィール】

バンエルティア号のコンシェルジュ。
過去にカノンノの両親に仕えていた事があり、
今はカノンノが主となっている。
アンジュが所属する教会で働きながら、
カノンノを育てた。
アドリビトムは、アンジュが立ち上げた事に
なっているが、実はロックスの提案がきっかけ。
発足までの雑務の内、九割はアンジュに
押しつけられ、処理していた。
ぽっちゃりタイプの女性が好み。",,0,LF,pendente,sem limite de bytes
v3082_CharGuideTextTOW3.bin:92,v3082_CharGuideTextTOW3.bin,92,237,"【マイソロジープロフィール】

「パスカ」という異世界のディセンダーに
仕えていた精神集合体。
世界樹の全てを知る為に、あらゆる世界を
旅しており、様々な知識を持っている。
世界に危機が訪れた時、そこに住む民に
力を貸すという誓いを立てている。",,0,LF,pendente,sem limite de bytes
v3082_CharGuideTextTOW3.bin:93,v3082_CharGuideTextTOW3.bin,93,323,"【マイソロジープロフィール】

星晶に封じられていた、「ジルディア」
という世界にして、その一部。
始めは赤い煙の様な希薄な存在だったが、
徐々にルミナシアの生物と接触して
ヒトの姿、知恵を持つに至った。
そして、ルミナシアの世界で繰り広げられる
人間の愚行に辟易し、ルミナシアを自分の世界
「ジルディア」へ塗り替える事を画策する。",,0,LF,pendente,sem limite de bytes
